platform,source_event_id,source_market_id,source_selection_id,player_name,team,sport,stat_type,prop_category,line,over_american_odds,under_american_odds,game_id,game_start_time,status,pulled_at
draftkings,34118061,357410553,0QA357410553#2301819648_13L88808Q1-1002379125Q20,Jonathan Taylor,,NFL,First TD Scorer,player_touchdown,,265,,34118061,2026-10-04T13:30:00.0000000Z,,2026-10-03T19:19:46.189157+00:00
draftkings,34118061,357410553,0QA357410553#2301818089_13L88808Q1512820147Q20,Jacory Croskey-Merritt,,NFL,First TD Scorer,player_touchdown,,650,,34118061,2026-10-04T13:30:00.0000000Z,,2026-10-03T19:19:46.189157+00:00
draftkings,34118061,357410553,0QA357410553#2301819752_13L88808Q1-712226102Q20,Tyler Warren,,NFL,First TD Scorer,player_touchdown,,850,,34118061,2026-10-04T13:30:00.0000000Z,,2026-10-03T19:19:46.189157+00:00
draftkings,34118061,357410553,0QA357410553#2301819915_13L88808Q1-654674812Q20,Josh Downs,,NFL,First TD Scorer,player_touchdown,,850,,34118061,2026-10-04T13:30:00.0000000Z,,2026-10-03T19:19:46.189157+00:00
draftkings,34118061,357410553,0QA357410553#2301818297_13L88808Q11470152022Q20,Stefon Diggs,,NFL,First TD Scorer,player_touchdown,,1200,,34118061,2026-10-04T13:30:00.0000000Z,,2026-10-03T19:19:46.189157+00:00
draftkings,34118061,357410553,0QA357410553#2301819980_13L88808Q1-728613763Q20,Daniel Jones,,NFL,First TD Scorer,player_touchdown,,1800,,34118061,2026-10-04T13:30:00.0000000Z,,2026-10-03T19:19:46.189157+00:00
draftkings,34118061,357410553,0QA357410553#2301818238_13L88808Q1-1363691422Q20,Marcus Mariota,,NFL,First TD Scorer,player_touchdown,,2000,,34118061,2026-10-04T13:30:00.0000000Z,,2026-10-03T19:19:46.189157+00:00
draftkings,34118061,357410553,0QA357410553#2301818588_13L88808Q1-152748776Q20,Chigoziem Okonkwo,,NFL,First TD Scorer,player_touchdown,,2000,,34118061,2026-10-04T13:30:00.0000000Z,,2026-10-03T19:19:46.189157+00:00
draftkings,34118061,357410553,0QA357410553#2301820288_13L88808Q1220234579Q20,Laquon Treadwell,,NFL,First TD Scorer,player_touchdown,,2000,,34118061,2026-10-04T13:30:00.0000000Z,,2026-10-03T19:19:46.189157+00:00
draftkings,34118061,357410553,0QA357410553#2301818935_13L88808Q1-611879696Q20,Kaytron Allen,,NFL,First TD Scorer,player_touchdown,,2200,,34118061,2026-10-04T13:30:00.0000000Z,,2026-10-03T19:19:46.189157+00:00
draftkings,34118061,357410553,0QA357410553#2301818814_13L88808Q11085016895Q20,Antonio Williams,,NFL,First TD Scorer,player_touchdown,,2500,,34118061,2026-10-04T13:30:00.0000000Z,,2026-10-03T19:19:46.189157+00:00
draftkings,34118061,357410553,0QA357410553#2301820492_14L88808Q1-461256075Q20,,IND Colts D/ST,NFL,First TD Scorer,player_touchdown,,2500,,34118061,2026-10-04T13:30:00.0000000Z,,2026-10-03T19:19:46.189157+00:00
draftkings,34118061,357410553,0QA357410553#2301820417_13L88808Q1-897915462Q20,,WAS Commanders D/ST,NFL,First TD Scorer,player_touchdown,,3000,,34118061,2026-10-04T13:30:00.0000000Z,,2026-10-03T19:19:46.189157+00:00
draftkings,34118061,357410553,0QA357410553#2301869414_13L88808Q1829774643Q20,Darius Slayton,,NFL,First TD Scorer,player_touchdown,,3000,,34118061,2026-10-04T13:30:00.0000000Z,,2026-10-03T19:19:46.189157+00:00
draftkings,34118061,357410553,0QA357410553#2301818484_13L88808Q1-396398328Q20,Treylon Burks,,NFL,First TD Scorer,player_touchdown,,3500,,34118061,2026-10-04T13:30:00.0000000Z,,2026-10-03T19:19:46.189157+00:00
draftkings,34118061,357410553,0QA357410553#2301818964_13L88808Q11029672891Q20,Dyami Brown,,NFL,First TD Scorer,player_touchdown,,3500,,34118061,2026-10-04T13:30:00.0000000Z,,2026-10-03T19:19:46.189157+00:00
draftkings,34118061,357410553,0QA357410553#2301820140_13L88808Q1-532464011Q20,Seth McGowan,,NFL,First TD Scorer,player_touchdown,,4000,,34118061,2026-10-04T13:30:00.0000000Z,,2026-10-03T19:19:46.189157+00:00
draftkings,34118061,357410553,0QA357410553#2301820052_13L88808Q11132118027Q20,Mo Alie-Cox,,NFL,First TD Scorer,player_touchdown,,4500,,34118061,2026-10-04T13:30:00.0000000Z,,2026-10-03T19:19:46.189157+00:00
draftkings,34118061,357410553,0QA357410553#2306051332_13L88808Q11241317614Q20,Austin Ekeler,,NFL,First TD Scorer,player_touchdown,,4500,,34118061,2026-10-04T13:30:00.0000000Z,,2026-10-03T19:19:46.189157+00:00
draftkings,34118061,357410553,0QA357410553#2307798300_13L88808Q1-1682841321Q20,Craig Reynolds,,NFL,First TD Scorer,player_touchdown,,4500,,34118061,2026-10-04T13:30:00.0000000Z,,2026-10-03T19:19:46.189157+00:00
draftkings,34118061,357410553,0QA357410553#2301819034_13L88808Q1-950330586Q20,John Bates,,NFL,First TD Scorer,player_touchdown,,5000,,34118061,2026-10-04T13:30:00.0000000Z,,2026-10-03T19:19:46.189157+00:00
draftkings,34118061,357410553,0QA357410553#2307682175_13L88808Q1-130217168Q20,Nick Westbrook-Ikhine,,NFL,First TD Scorer,player_touchdown,,5000,,34118061,2026-10-04T13:30:00.0000000Z,,2026-10-03T19:19:46.189157+00:00
draftkings,34118061,357410553,0QA357410553#2301819155_13L88808Q1-1002834236Q20,Jaylin Lane,,NFL,First TD Scorer,player_touchdown,,5500,,34118061,2026-10-04T13:30:00.0000000Z,,2026-10-03T19:19:46.189157+00:00
draftkings,34118061,357410553,0QA357410553#2301820370_13L88808Q11545220998Q20,Deion Burks,,NFL,First TD Scorer,player_touchdown,,5500,,34118061,2026-10-04T13:30:00.0000000Z,,2026-10-03T19:19:46.189157+00:00
draftkings,34118061,357410553,0QA357410553#2301869419_13L88808Q1-1625928854Q20,Ashton Dulin,,NFL,First TD Scorer,player_touchdown,,6000,,34118061,2026-10-04T13:30:00.0000000Z,,2026-10-03T19:19:46.189157+00:00
draftkings,34118061,357410553,0QA357410553#2301819257_13L88808Q1-912918391Q20,Ben Sinnott,,NFL,First TD Scorer,player_touchdown,,6500,,34118061,2026-10-04T13:30:00.0000000Z,,2026-10-03T19:19:46.189157+00:00
draftkings,34118061,357410553,0QA357410553#2302800431_13L88808Q11956933371Q20,Anthony Gould,,NFL,First TD Scorer,player_touchdown,,6500,,34118061,2026-10-04T13:30:00.0000000Z,,2026-10-03T19:19:46.189157+00:00
draftkings,34118061,357410553,0QA357410553#2301869408_13L88808Q1853641200Q20,DJ Giddens,,NFL,First TD Scorer,player_touchdown,,7500,,34118061,2026-10-04T13:30:00.0000000Z,,2026-10-03T19:19:46.189157+00:00
draftkings,34118061,357410553,0QA357410553#2301820329_13L88808Q12124793881Q20,Andrew Ogletree,,NFL,First TD Scorer,player_touchdown,,8000,,34118061,2026-10-04T13:30:00.0000000Z,,2026-10-03T19:19:46.189157+00:00
draftkings,34118061,357410553,0QA357410553#2301819038_13L88808Q12086489227Q20,Luke McCaffrey,,NFL,First TD Scorer,player_touchdown,,9000,,34118061,2026-10-04T13:30:00.0000000Z,,2026-10-03T19:19:46.189157+00:00
draftkings,34118061,357410553,0QA357410553#2301819323_13L88808Q1-527735972Q20,Colson Yankoff,,NFL,First TD Scorer,player_touchdown,,9000,,34118061,2026-10-04T13:30:00.0000000Z,,2026-10-03T19:19:46.189157+00:00
draftkings,34118061,357410553,0QA357410553#2235131969_13L88808Q1-1777442974Q20,,No Touchdown Scorer,NFL,First TD Scorer,player_touchdown,,13000,,34118061,2026-10-04T13:30:00.0000000Z,,2026-10-03T19:19:46.189157+00:00
draftkings,34118061,374122389,0QA374122389#2301822252_13L88808Q1-1720506042Q20,Jonathan Taylor,,NFL,Anytime TD Scorer,player_touchdown,,,,34118061,2026-10-04T13:30:00.0000000Z,,2026-10-03T19:19:46.189157+00:00
draftkings,34118061,374122389,0QA374122389#2301822233_13L88808Q1824590443Q20,Jacory Croskey-Merritt,,NFL,Anytime TD Scorer,player_touchdown,,100,,34118061,2026-10-04T13:30:00.0000000Z,,2026-10-03T19:19:46.189157+00:00
draftkings,34118061,374122389,0QA374122389#2301822255_13L88808Q1-883785420Q20,Josh Downs,,NFL,Anytime TD Scorer,player_touchdown,,155,,34118061,2026-10-04T13:30:00.0000000Z,,2026-10-03T19:19:46.189157+00:00
draftkings,34118061,374122389,0QA374122389#2301822253_13L88808Q1-297522584Q20,Tyler Warren,,NFL,Anytime TD Scorer,player_touchdown,,160,,34118061,2026-10-04T13:30:00.0000000Z,,2026-10-03T19:19:46.189157+00:00
draftkings,34118061,374122389,0QA374122389#2301822237_13L88808Q1622596392Q20,Stefon Diggs,,NFL,Anytime TD Scorer,player_touchdown,,190,,34118061,2026-10-04T13:30:00.0000000Z,,2026-10-03T19:19:46.189157+00:00
draftkings,34118061,374122389,0QA374122389#2301822241_13L88808Q1-1369631226Q20,Chigoziem Okonkwo,,NFL,Anytime TD Scorer,player_touchdown,,340,,34118061,2026-10-04T13:30:00.0000000Z,,2026-10-03T19:19:46.189157+00:00
draftkings,34118061,374122389,0QA374122389#2301822256_13L88808Q1-1969802282Q20,Daniel Jones,,NFL,Anytime TD Scorer,player_touchdown,,380,,34118061,2026-10-04T13:30:00.0000000Z,,2026-10-03T19:19:46.189157+00:00
draftkings,34118061,374122389,0QA374122389#2301822236_13L88808Q1530030363Q20,Marcus Mariota,,NFL,Anytime TD Scorer,player_touchdown,,390,,34118061,2026-10-04T13:30:00.0000000Z,,2026-10-03T19:19:46.189157+00:00
draftkings,34118061,374122389,0QA374122389#2301822260_13L88808Q11289716993Q20,Laquon Treadwell,,NFL,Anytime TD Scorer,player_touchdown,,400,,34118061,2026-10-04T13:30:00.0000000Z,,2026-10-03T19:19:46.189157+00:00
draftkings,34118061,374122389,0QA374122389#2301822243_13L88808Q12045592832Q20,Kaytron Allen,,NFL,Anytime TD Scorer,player_touchdown,,425,,34118061,2026-10-04T13:30:00.0000000Z,,2026-10-03T19:19:46.189157+00:00
draftkings,34118061,374122389,0QA374122389#2301822242_13L88808Q1-908966819Q20,Antonio Williams,,NFL,Anytime TD Scorer,player_touchdown,,450,,34118061,2026-10-04T13:30:00.0000000Z,,2026-10-03T19:19:46.189157+00:00
draftkings,34118061,374122389,0QA374122389#2301822196_14L88808Q1-214882048Q20,,IND Colts D/ST,NFL,Anytime TD Scorer,player_touchdown,,500,,34118061,2026-10-04T13:30:00.0000000Z,,2026-10-03T19:19:46.189157+00:00
draftkings,34118061,374122389,0QA374122389#2301822239_13L88808Q1557870560Q20,Treylon Burks,,NFL,Anytime TD Scorer,player_touchdown,,600,,34118061,2026-10-04T13:30:00.0000000Z,,2026-10-03T19:19:46.189157+00:00
draftkings,34118061,374122389,0QA374122389#2301822195_13L88808Q12058749631Q20,,WAS Commanders D/ST,NFL,Anytime TD Scorer,player_touchdown,,650,,34118061,2026-10-04T13:30:00.0000000Z,,2026-10-03T19:19:46.189157+00:00
draftkings,34118061,374122389,0QA374122389#2301822246_13L88808Q1651890407Q20,Dyami Brown,,NFL,Anytime TD Scorer,player_touchdown,,650,,34118061,2026-10-04T13:30:00.0000000Z,,2026-10-03T19:19:46.189157+00:00
draftkings,34118061,374122389,0QA374122389#2301869589_13L88808Q12063569337Q20,Darius Slayton,,NFL,Anytime TD Scorer,player_touchdown,,650,,34118061,2026-10-04T13:30:00.0000000Z,,2026-10-03T19:19:46.189157+00:00
draftkings,34118061,374122389,0QA374122389#2306051501_13L88808Q1468752164Q20,Austin Ekeler,,NFL,Anytime TD Scorer,player_touchdown,,850,,34118061,2026-10-04T13:30:00.0000000Z,,2026-10-03T19:19:46.189157+00:00
draftkings,34118061,374122389,0QA374122389#2301822258_13L88808Q1-348566577Q20,Seth McGowan,,NFL,Anytime TD Scorer,player_touchdown,,900,,34118061,2026-10-04T13:30:00.0000000Z,,2026-10-03T19:19:46.189157+00:00
draftkings,34118061,374122389,0QA374122389#2307682186_13L88808Q1-1506220356Q20,Nick Westbrook-Ikhine,,NFL,Anytime TD Scorer,player_touchdown,,950,,34118061,2026-10-04T13:30:00.0000000Z,,2026-10-03T19:19:46.189157+00:00
draftkings,34118061,374122389,0QA374122389#2307798343_13L88808Q1915323104Q20,Craig Reynolds,,NFL,Anytime TD Scorer,player_touchdown,,950,,34118061,2026-10-04T13:30:00.0000000Z,,2026-10-03T19:19:46.189157+00:00
draftkings,34118061,374122389,0QA374122389#2301822244_13L88808Q1-159436919Q20,Jaylin Lane,,NFL,Anytime TD Scorer,player_touchdown,,1100,,34118061,2026-10-04T13:30:00.0000000Z,,2026-10-03T19:19:46.189157+00:00
draftkings,34118061,374122389,0QA374122389#2301822247_13L88808Q1711352811Q20,John Bates,,NFL,Anytime TD Scorer,player_touchdown,,1100,,34118061,2026-10-04T13:30:00.0000000Z,,2026-10-03T19:19:46.189157+00:00
draftkings,34118061,374122389,0QA374122389#2301822257_13L88808Q1-1885662408Q20,Mo Alie-Cox,,NFL,Anytime TD Scorer,player_touchdown,,1100,,34118061,2026-10-04T13:30:00.0000000Z,,2026-10-03T19:19:46.189157+00:00
draftkings,34118061,374122389,0QA374122389#2301822262_13L88808Q11658952185Q20,Deion Burks,,NFL,Anytime TD Scorer,player_touchdown,,1200,,34118061,2026-10-04T13:30:00.0000000Z,,2026-10-03T19:19:46.189157+00:00
draftkings,34118061,374122389,0QA374122389#2301869593_13L88808Q1942374795Q20,Ashton Dulin,,NFL,Anytime TD Scorer,player_touchdown,,1200,,34118061,2026-10-04T13:30:00.0000000Z,,2026-10-03T19:19:46.189157+00:00
draftkings,34118061,374122389,0QA374122389#2301822248_13L88808Q11678347508Q20,Ben Sinnott,,NFL,Anytime TD Scorer,player_touchdown,,1400,,34118061,2026-10-04T13:30:00.0000000Z,,2026-10-03T19:19:46.189157+00:00
draftkings,34118061,374122389,0QA374122389#2302800554_13L88808Q1-542658616Q20,Anthony Gould,,NFL,Anytime TD Scorer,player_touchdown,,1600,,34118061,2026-10-04T13:30:00.0000000Z,,2026-10-03T19:19:46.189157+00:00
draftkings,34118061,374122389,0QA374122389#2301869586_13L88808Q11622227504Q20,DJ Giddens,,NFL,Anytime TD Scorer,player_touchdown,,1800,,34118061,2026-10-04T13:30:00.0000000Z,,2026-10-03T19:19:46.189157+00:00
draftkings,34118061,374122389,0QA374122389#2301822245_13L88808Q1-35451127Q20,Luke McCaffrey,,NFL,Anytime TD Scorer,player_touchdown,,1900,,34118061,2026-10-04T13:30:00.0000000Z,,2026-10-03T19:19:46.189157+00:00
draftkings,34118061,374122389,0QA374122389#2301822249_13L88808Q1449244913Q20,Colson Yankoff,,NFL,Anytime TD Scorer,player_touchdown,,2000,,34118061,2026-10-04T13:30:00.0000000Z,,2026-10-03T19:19:46.189157+00:00
draftkings,34118061,374122389,0QA374122389#2301822261_13L88808Q11956512748Q20,Andrew Ogletree,,NFL,Anytime TD Scorer,player_touchdown,,2000,,34118061,2026-10-04T13:30:00.0000000Z,,2026-10-03T19:19:46.189157+00:00
draftkings,34118061,374404567,0QA374404567#2302905429_13L88808Q1282689831Q20,Jonathan Taylor,,NFL,2+ TDs,player_touchdown,,160,,34118061,2026-10-04T13:30:00.0000000Z,,2026-10-03T19:19:46.189157+00:00
draftkings,34118061,374404567,0QA374404567#2302905396_13L88808Q1739390840Q20,Jacory Croskey-Merritt,,NFL,2+ TDs,player_touchdown,,600,,34118061,2026-10-04T13:30:00.0000000Z,,2026-10-03T19:19:46.189157+00:00
draftkings,34118061,374404567,0QA374404567#2302905430_13L88808Q11041398384Q20,Tyler Warren,,NFL,2+ TDs,player_touchdown,,1200,,34118061,2026-10-04T13:30:00.0000000Z,,2026-10-03T19:19:46.189157+00:00
draftkings,34118061,374404567,0QA374404567#2302905431_13L88808Q187217359Q20,Josh Downs,,NFL,2+ TDs,player_touchdown,,1200,,34118061,2026-10-04T13:30:00.0000000Z,,2026-10-03T19:19:46.189157+00:00
draftkings,34118061,374404567,0QA374404567#2302905399_13L88808Q1-60147958Q20,Stefon Diggs,,NFL,2+ TDs,player_touchdown,,1600,,34118061,2026-10-04T13:30:00.0000000Z,,2026-10-03T19:19:46.189157+00:00
draftkings,34118061,374404567,0QA374404567#2302905401_13L88808Q1403697304Q20,Chigoziem Okonkwo,,NFL,2+ TDs,player_touchdown,,3500,,34118061,2026-10-04T13:30:00.0000000Z,,2026-10-03T19:19:46.189157+00:00
draftkings,34118061,374404567,0QA374404567#2302905433_13L88808Q1-1687698446Q20,Daniel Jones,,NFL,2+ TDs,player_touchdown,,4000,,34118061,2026-10-04T13:30:00.0000000Z,,2026-10-03T19:19:46.189157+00:00
draftkings,34118061,374404567,0QA374404567#2302905434_13L88808Q1-874251393Q20,Laquon Treadwell,,NFL,2+ TDs,player_touchdown,,4000,,34118061,2026-10-04T13:30:00.0000000Z,,2026-10-03T19:19:46.189157+00:00
draftkings,34118061,374404567,0QA374404567#2302905400_13L88808Q1-343379610Q20,Marcus Mariota,,NFL,2+ TDs,player_touchdown,,4500,,34118061,2026-10-04T13:30:00.0000000Z,,2026-10-03T19:19:46.189157+00:00
draftkings,34118061,374404567,0QA374404567#2302905423_13L88808Q1688643096Q20,Kaytron Allen,,NFL,2+ TDs,player_touchdown,,4500,,34118061,2026-10-04T13:30:00.0000000Z,,2026-10-03T19:19:46.189157+00:00
draftkings,34118061,374404567,0QA374404567#2302905402_13L88808Q18505281Q20,Antonio Williams,,NFL,2+ TDs,player_touchdown,,5000,,34118061,2026-10-04T13:30:00.0000000Z,,2026-10-03T19:19:46.189157+00:00
draftkings,34118061,374404567,0QA374404567#2302905444_14L88808Q1798019953Q20,,IND Colts D/ST,NFL,2+ TDs,player_touchdown,,5000,,34118061,2026-10-04T13:30:00.0000000Z,,2026-10-03T19:19:46.189157+00:00
draftkings,34118061,374404567,0QA374404567#2302905443_13L88808Q1-1101887787Q20,,WAS Commanders D/ST,NFL,2+ TDs,player_touchdown,,6000,,34118061,2026-10-04T13:30:00.0000000Z,,2026-10-03T19:19:46.189157+00:00
draftkings,34118061,374404567,0QA374404567#2302905403_13L88808Q11674958948Q20,Treylon Burks,,NFL,2+ TDs,player_touchdown,,7000,,34118061,2026-10-04T13:30:00.0000000Z,,2026-10-03T19:19:46.189157+00:00
draftkings,34118061,374404567,0QA374404567#2302905424_13L88808Q11418791098Q20,Dyami Brown,,NFL,2+ TDs,player_touchdown,,9000,,34118061,2026-10-04T13:30:00.0000000Z,,2026-10-03T19:19:46.189157+00:00
draftkings,34118061,374404567,0QA374404567#2302905437_13L88808Q1-1376325916Q20,Darius Slayton,,NFL,2+ TDs,player_touchdown,,9000,,34118061,2026-10-04T13:30:00.0000000Z,,2026-10-03T19:19:46.189157+00:00
draftkings,34118061,374404567,0QA374404567#2307686702_13L88808Q11044955354Q20,Nick Westbrook-Ikhine,,NFL,2+ TDs,player_touchdown,,11000,,34118061,2026-10-04T13:30:00.0000000Z,,2026-10-03T19:19:46.189157+00:00
draftkings,34118061,374404567,0QA374404567#2302905435_13L88808Q1-472168960Q20,Seth McGowan,,NFL,2+ TDs,player_touchdown,,11000,,34118061,2026-10-04T13:30:00.0000000Z,,2026-10-03T19:19:46.189157+00:00
draftkings,34118061,374404567,0QA374404567#2306051483_13L88808Q1-1873055641Q20,Austin Ekeler,,NFL,2+ TDs,player_touchdown,,11000,,34118061,2026-10-04T13:30:00.0000000Z,,2026-10-03T19:19:46.189157+00:00
draftkings,34118061,374404567,0QA374404567#2307798293_13L88808Q11743271739Q20,Craig Reynolds,,NFL,2+ TDs,player_touchdown,,11000,,34118061,2026-10-04T13:30:00.0000000Z,,2026-10-03T19:19:46.189157+00:00
draftkings,34118061,374404567,0QA374404567#2302905436_13L88808Q1117002188Q20,Mo Alie-Cox,,NFL,2+ TDs,player_touchdown,,13000,,34118061,2026-10-04T13:30:00.0000000Z,,2026-10-03T19:19:46.189157+00:00
draftkings,34118061,374404567,0QA374404567#2302905404_13L88808Q1-1892429393Q20,Jaylin Lane,,NFL,2+ TDs,player_touchdown,,15000,,34118061,2026-10-04T13:30:00.0000000Z,,2026-10-03T19:19:46.189157+00:00
draftkings,34118061,374404567,0QA374404567#2302905442_13L88808Q1-2020910262Q20,Ashton Dulin,,NFL,2+ TDs,player_touchdown,,15000,,34118061,2026-10-04T13:30:00.0000000Z,,2026-10-03T19:19:46.189157+00:00
draftkings,34118061,374404567,0QA374404567#2302905422_13L88808Q1-1070916110Q20,Ben Sinnott,,NFL,2+ TDs,player_touchdown,,16000,,34118061,2026-10-04T13:30:00.0000000Z,,2026-10-03T19:19:46.189157+00:00
draftkings,34118061,374404567,0QA374404567#2302905425_13L88808Q1-2111808286Q20,John Bates,,NFL,2+ TDs,player_touchdown,,16000,,34118061,2026-10-04T13:30:00.0000000Z,,2026-10-03T19:19:46.189157+00:00
draftkings,34118061,374404567,0QA374404567#2302905440_13L88808Q1-120201978Q20,Deion Burks,,NFL,2+ TDs,player_touchdown,,16000,,34118061,2026-10-04T13:30:00.0000000Z,,2026-10-03T19:19:46.189157+00:00
draftkings,34118061,374404567,0QA374404567#2302905441_13L88808Q1194351967Q20,Anthony Gould,,NFL,2+ TDs,player_touchdown,,18000,,34118061,2026-10-04T13:30:00.0000000Z,,2026-10-03T19:19:46.189157+00:00
draftkings,34118061,374404567,0QA374404567#2302905426_13L88808Q11326864392Q20,Luke McCaffrey,,NFL,2+ TDs,player_touchdown,,19000,,34118061,2026-10-04T13:30:00.0000000Z,,2026-10-03T19:19:46.189157+00:00
draftkings,34118061,374404567,0QA374404567#2302905439_13L88808Q11163009010Q20,DJ Giddens,,NFL,2+ TDs,player_touchdown,,19000,,34118061,2026-10-04T13:30:00.0000000Z,,2026-10-03T19:19:46.189157+00:00
draftkings,34118061,374404567,0QA374404567#2302905427_13L88808Q1-1668616452Q20,Colson Yankoff,,NFL,2+ TDs,player_touchdown,,20000,,34118061,2026-10-04T13:30:00.0000000Z,,2026-10-03T19:19:46.189157+00:00
draftkings,34118061,374404567,0QA374404567#2302905438_13L88808Q1-607335079Q20,Andrew Ogletree,,NFL,2+ TDs,player_touchdown,,20000,,34118061,2026-10-04T13:30:00.0000000Z,,2026-10-03T19:19:46.189157+00:00
draftkings,34118207,357445957,0QA357445957#2301960234_13L88808Q11712576467Q20,James Cook,,NFL,First TD Scorer,player_touchdown,,475,,34118207,2026-10-04T17:00:00.0000000Z,,2026-10-03T19:19:46.189157+00:00
draftkings,34118207,357445957,0QA357445957#2301960338_13L88808Q1-463703316Q20,Josh Allen,,NFL,First TD Scorer,player_touchdown,,600,,34118207,2026-10-04T17:00:00.0000000Z,,2026-10-03T19:19:46.189157+00:00
draftkings,34118207,357445957,0QA357445957#2301960349_13L88808Q1-1842334837Q20,Rhamondre Stevenson,,NFL,First TD Scorer,player_touchdown,,900,,34118207,2026-10-04T17:00:00.0000000Z,,2026-10-03T19:19:46.189157+00:00
draftkings,34118207,357445957,0QA357445957#2301960315_13L88808Q1-1107510400Q20,D.J. Moore,,NFL,First TD Scorer,player_touchdown,,950,,34118207,2026-10-04T17:00:00.0000000Z,,2026-10-03T19:19:46.189157+00:00
draftkings,34118207,357445957,0QA357445957#2301960339_13L88808Q11376663295Q20,Dalton Kincaid,,NFL,First TD Scorer,player_touchdown,,950,,34118207,2026-10-04T17:00:00.0000000Z,,2026-10-03T19:19:46.189157+00:00
draftkings,34118207,357445957,0QA357445957#2301960341_13L88808Q11836868840Q20,Khalil Shakir,,NFL,First TD Scorer,player_touchdown,,1300,,34118207,2026-10-04T17:00:00.0000000Z,,2026-10-03T19:19:46.189157+00:00
draftkings,34118207,357445957,0QA357445957#2301960350_13L88808Q1-1927213823Q20,TreVeyon Henderson,,NFL,First TD Scorer,player_touchdown,,1400,,34118207,2026-10-04T17:00:00.0000000Z,,2026-10-03T19:19:46.189157+00:00
draftkings,34118207,357445957,0QA357445957#2301960352_13L88808Q1-6857800Q20,Hunter Henry,,NFL,First TD Scorer,player_touchdown,,1800,,34118207,2026-10-04T17:00:00.0000000Z,,2026-10-03T19:19:46.189157+00:00
draftkings,34118207,357445957,0QA357445957#2301960342_13L88808Q1-1000042723Q20,Keon Coleman,,NFL,First TD Scorer,player_touchdown,,2000,,34118207,2026-10-04T17:00:00.0000000Z,,2026-10-03T19:19:46.189157+00:00
draftkings,34118207,357445957,0QA357445957#2301960353_13L88808Q11662343781Q20,Romeo Doubs,,NFL,First TD Scorer,player_touchdown,,2000,,34118207,2026-10-04T17:00:00.0000000Z,,2026-10-03T19:19:46.189157+00:00
draftkings,34118207,357445957,0QA357445957#2301960354_13L88808Q1-68866697Q20,Mack Hollins,,NFL,First TD Scorer,player_touchdown,,2000,,34118207,2026-10-04T17:00:00.0000000Z,,2026-10-03T19:19:46.189157+00:00
draftkings,34118207,357445957,0QA357445957#2301960345_13L88808Q1105562322Q20,Joshua Palmer,,NFL,First TD Scorer,player_touchdown,,2500,,34118207,2026-10-04T17:00:00.0000000Z,,2026-10-03T19:19:46.189157+00:00
draftkings,34118207,357445957,0QA357445957#2301960355_13L88808Q1706694564Q20,Demario Douglas,,NFL,First TD Scorer,player_touchdown,,2500,,34118207,2026-10-04T17:00:00.0000000Z,,2026-10-03T19:19:46.189157+00:00
draftkings,34118207,357445957,0QA357445957#2301960340_13L88808Q11542210005Q20,Ty Johnson,,NFL,First TD Scorer,player_touchdown,,2800,,34118207,2026-10-04T17:00:00.0000000Z,,2026-10-03T19:19:46.189157+00:00
draftkings,34118207,357445957,0QA357445957#2301960343_13L88808Q1-2094739783Q20,Dawson Knox,,NFL,First TD Scorer,player_touchdown,,2800,,34118207,2026-10-04T17:00:00.0000000Z,,2026-10-03T19:19:46.189157+00:00
draftkings,34118207,357445957,0QA357445957#2301960351_13L88808Q1-475428232Q20,Drake Maye,,NFL,First TD Scorer,player_touchdown,,3000,,34118207,2026-10-04T17:00:00.0000000Z,,2026-10-03T19:19:46.189157+00:00
draftkings,34118207,357445957,0QA357445957#2301960397_13L88808Q1-82976712Q20,,BUF Bills D/ST,NFL,First TD Scorer,player_touchdown,,3500,,34118207,2026-10-04T17:00:00.0000000Z,,2026-10-03T19:19:46.189157+00:00
draftkings,34118207,357445957,0QA357445957#2301960419_14L88808Q1-357141252Q20,,NE Patriots D/ST,NFL,First TD Scorer,player_touchdown,,3500,,34118207,2026-10-04T17:00:00.0000000Z,,2026-10-03T19:19:46.189157+00:00
draftkings,34118207,357445957,0QA357445957#2301960357_13L88808Q1683944367Q20,Kyle Williams,,NFL,First TD Scorer,player_touchdown,,4500,,34118207,2026-10-04T17:00:00.0000000Z,,2026-10-03T19:19:46.189157+00:00
draftkings,34118207,357445957,0QA357445957#2301960346_13L88808Q1-471258604Q20,Jackson Hawes,,NFL,First TD Scorer,player_touchdown,,5000,,34118207,2026-10-04T17:00:00.0000000Z,,2026-10-03T19:19:46.189157+00:00
draftkings,34118207,357445957,0QA357445957#2302952067_13L88808Q1-961027904Q20,Skyler Bell,,NFL,First TD Scorer,player_touchdown,,5500,,34118207,2026-10-04T17:00:00.0000000Z,,2026-10-03T19:19:46.189157+00:00
draftkings,34118207,357445957,0QA357445957#2302956511_13L88808Q1-409347294Q20,Eli Raridon,,NFL,First TD Scorer,player_touchdown,,6000,,34118207,2026-10-04T17:00:00.0000000Z,,2026-10-03T19:19:46.189157+00:00
draftkings,34118207,357445957,0QA357445957#2301960344_13L88808Q12141773876Q20,Ray Davis,,NFL,First TD Scorer,player_touchdown,,8000,,34118207,2026-10-04T17:00:00.0000000Z,,2026-10-03T19:19:46.189157+00:00
draftkings,34118207,357445957,0QA357445957#2302952069_13L88808Q1-315526926Q20,Greg Dortch,,NFL,First TD Scorer,player_touchdown,,8000,,34118207,2026-10-04T17:00:00.0000000Z,,2026-10-03T19:19:46.189157+00:00
draftkings,34118207,357445957,0QA357445957#2301960356_13L88808Q11398963365Q20,Corey Kiner,,NFL,First TD Scorer,player_touchdown,,9000,,34118207,2026-10-04T17:00:00.0000000Z,,2026-10-03T19:19:46.189157+00:00
draftkings,34118207,357445957,0QA357445957#2301960358_13L88808Q1-1934688871Q20,Tanner Arkin,,NFL,First TD Scorer,player_touchdown,,10000,,34118207,2026-10-04T17:00:00.0000000Z,,2026-10-03T19:19:46.189157+00:00
draftkings,34118207,357445957,0QA357445957#2301960360_13L88808Q1-387182999Q20,Efton Chism III,,NFL,First TD Scorer,player_touchdown,,11000,,34118207,2026-10-04T17:00:00.0000000Z,,2026-10-03T19:19:46.189157+00:00
draftkings,34118207,357445957,0QA357445957#2301960347_13L88808Q11541492547Q20,Keleki Latu,,NFL,First TD Scorer,player_touchdown,,12000,,34118207,2026-10-04T17:00:00.0000000Z,,2026-10-03T19:19:46.189157+00:00
draftkings,34118207,357445957,0QA357445957#2301960361_13L88808Q1207112738Q20,Reggie Gilliam,,NFL,First TD Scorer,player_touchdown,,12000,,34118207,2026-10-04T17:00:00.0000000Z,,2026-10-03T19:19:46.189157+00:00
draftkings,34118207,357445957,0QA357445957#2301960363_13L88808Q1-522396454Q20,Cameron Latu,,NFL,First TD Scorer,player_touchdown,,14000,,34118207,2026-10-04T17:00:00.0000000Z,,2026-10-03T19:19:46.189157+00:00
draftkings,34118207,357445957,0QA357445957#2235243502_13L88808Q1-1777442974Q20,,No Touchdown Scorer,NFL,First TD Scorer,player_touchdown,,20000,,34118207,2026-10-04T17:00:00.0000000Z,,2026-10-03T19:19:46.189157+00:00
draftkings,34118207,374153577,0QA374153577#2301974954_13L88808Q11826828834Q20,James Cook,,NFL,Anytime TD Scorer,player_touchdown,,,,34118207,2026-10-04T17:00:00.0000000Z,,2026-10-03T19:19:46.189157+00:00
draftkings,34118207,374153577,0QA374153577#2301974956_13L88808Q1-677035407Q20,Josh Allen,,NFL,Anytime TD Scorer,player_touchdown,,,,34118207,2026-10-04T17:00:00.0000000Z,,2026-10-03T19:19:46.189157+00:00
draftkings,34118207,374153577,0QA374153577#2301974968_13L88808Q1-1828996474Q20,Rhamondre Stevenson,,NFL,Anytime TD Scorer,player_touchdown,,135,,34118207,2026-10-04T17:00:00.0000000Z,,2026-10-03T19:19:46.189157+00:00
draftkings,34118207,374153577,0QA374153577#2301974955_13L88808Q1-1945972036Q20,D.J. Moore,,NFL,Anytime TD Scorer,player_touchdown,,155,,34118207,2026-10-04T17:00:00.0000000Z,,2026-10-03T19:19:46.189157+00:00
draftkings,34118207,374153577,0QA374153577#2301974957_13L88808Q1-81077793Q20,Dalton Kincaid,,NFL,Anytime TD Scorer,player_touchdown,,160,,34118207,2026-10-04T17:00:00.0000000Z,,2026-10-03T19:19:46.189157+00:00
draftkings,34118207,374153577,0QA374153577#2301974969_13L88808Q1709721529Q20,TreVeyon Henderson,,NFL,Anytime TD Scorer,player_touchdown,,215,,34118207,2026-10-04T17:00:00.0000000Z,,2026-10-03T19:19:46.189157+00:00
draftkings,34118207,374153577,0QA374153577#2301974959_13L88808Q12079458734Q20,Khalil Shakir,,NFL,Anytime TD Scorer,player_touchdown,,240,,34118207,2026-10-04T17:00:00.0000000Z,,2026-10-03T19:19:46.189157+00:00
draftkings,34118207,374153577,0QA374153577#2301974971_13L88808Q1-1762786291Q20,Hunter Henry,,NFL,Anytime TD Scorer,player_touchdown,,245,,34118207,2026-10-04T17:00:00.0000000Z,,2026-10-03T19:19:46.189157+00:00
draftkings,34118207,374153577,0QA374153577#2301974973_13L88808Q1950577073Q20,Mack Hollins,,NFL,Anytime TD Scorer,player_touchdown,,260,,34118207,2026-10-04T17:00:00.0000000Z,,2026-10-03T19:19:46.189157+00:00
draftkings,34118207,374153577,0QA374153577#2301974972_13L88808Q1-349638135Q20,Romeo Doubs,,NFL,Anytime TD Scorer,player_touchdown,,265,,34118207,2026-10-04T17:00:00.0000000Z,,2026-10-03T19:19:46.189157+00:00
draftkings,34118207,374153577,0QA374153577#2301974960_13L88808Q1-2072232579Q20,Keon Coleman,,NFL,Anytime TD Scorer,player_touchdown,,370,,34118207,2026-10-04T17:00:00.0000000Z,,2026-10-03T19:19:46.189157+00:00
draftkings,34118207,374153577,0QA374153577#2301974974_13L88808Q1-205213128Q20,Demario Douglas,,NFL,Anytime TD Scorer,player_touchdown,,370,,34118207,2026-10-04T17:00:00.0000000Z,,2026-10-03T19:19:46.189157+00:00
draftkings,34118207,374153577,0QA374153577#2301974970_13L88808Q1-725127430Q20,Drake Maye,,NFL,Anytime TD Scorer,player_touchdown,,475,,34118207,2026-10-04T17:00:00.0000000Z,,2026-10-03T19:19:46.189157+00:00
draftkings,34118207,374153577,0QA374153577#2301974958_13L88808Q11362443903Q20,Ty Johnson,,NFL,Anytime TD Scorer,player_touchdown,,500,,34118207,2026-10-04T17:00:00.0000000Z,,2026-10-03T19:19:46.189157+00:00
draftkings,34118207,374153577,0QA374153577#2301974942_13L88808Q1506639792Q20,,BUF Bills D/ST,NFL,Anytime TD Scorer,player_touchdown,,550,,34118207,2026-10-04T17:00:00.0000000Z,,2026-10-03T19:19:46.189157+00:00
draftkings,34118207,374153577,0QA374153577#2301974963_13L88808Q11389870616Q20,Joshua Palmer,,NFL,Anytime TD Scorer,player_touchdown,,550,,34118207,2026-10-04T17:00:00.0000000Z,,2026-10-03T19:19:46.189157+00:00
draftkings,34118207,374153577,0QA374153577#2301974962_13L88808Q11470829306Q20,Dawson Knox,,NFL,Anytime TD Scorer,player_touchdown,,600,,34118207,2026-10-04T17:00:00.0000000Z,,2026-10-03T19:19:46.189157+00:00
draftkings,34118207,374153577,0QA374153577#2301974943_14L88808Q11720647838Q20,,NE Patriots D/ST,NFL,Anytime TD Scorer,player_touchdown,,700,,34118207,2026-10-04T17:00:00.0000000Z,,2026-10-03T19:19:46.189157+00:00
draftkings,34118207,374153577,0QA374153577#2301974975_13L88808Q11958986630Q20,Kyle Williams,,NFL,Anytime TD Scorer,player_touchdown,,700,,34118207,2026-10-04T17:00:00.0000000Z,,2026-10-03T19:19:46.189157+00:00
draftkings,34118207,374153577,0QA374153577#2302956528_13L88808Q1-39347883Q20,Eli Raridon,,NFL,Anytime TD Scorer,player_touchdown,,900,,34118207,2026-10-04T17:00:00.0000000Z,,2026-10-03T19:19:46.189157+00:00
draftkings,34118207,374153577,0QA374153577#2301974964_13L88808Q11731434928Q20,Jackson Hawes,,NFL,Anytime TD Scorer,player_touchdown,,1000,,34118207,2026-10-04T17:00:00.0000000Z,,2026-10-03T19:19:46.189157+00:00
draftkings,34118207,374153577,0QA374153577#2302952120_13L88808Q1-43712423Q20,Skyler Bell,,NFL,Anytime TD Scorer,player_touchdown,,1000,,34118207,2026-10-04T17:00:00.0000000Z,,2026-10-03T19:19:46.189157+00:00
draftkings,34118207,374153577,0QA374153577#2301974961_13L88808Q1614963414Q20,Ray Davis,,NFL,Anytime TD Scorer,player_touchdown,,1600,,34118207,2026-10-04T17:00:00.0000000Z,,2026-10-03T19:19:46.189157+00:00
draftkings,34118207,374153577,0QA374153577#2301974978_13L88808Q1-950466113Q20,Tanner Arkin,,NFL,Anytime TD Scorer,player_touchdown,,1700,,34118207,2026-10-04T17:00:00.0000000Z,,2026-10-03T19:19:46.189157+00:00
draftkings,34118207,374153577,0QA374153577#2301974967_13L88808Q1202393468Q20,Greg Dortch,,NFL,Anytime TD Scorer,player_touchdown,,1900,,34118207,2026-10-04T17:00:00.0000000Z,,2026-10-03T19:19:46.189157+00:00
draftkings,34118207,374153577,0QA374153577#2301974976_13L88808Q1-1553366467Q20,Corey Kiner,,NFL,Anytime TD Scorer,player_touchdown,,1900,,34118207,2026-10-04T17:00:00.0000000Z,,2026-10-03T19:19:46.189157+00:00
draftkings,34118207,374153577,0QA374153577#2301974977_13L88808Q1-2056923875Q20,Efton Chism III,,NFL,Anytime TD Scorer,player_touchdown,,2000,,34118207,2026-10-04T17:00:00.0000000Z,,2026-10-03T19:19:46.189157+00:00
draftkings,34118207,374153577,0QA374153577#2301974979_13L88808Q1590386545Q20,Reggie Gilliam,,NFL,Anytime TD Scorer,player_touchdown,,2200,,34118207,2026-10-04T17:00:00.0000000Z,,2026-10-03T19:19:46.189157+00:00
draftkings,34118207,374153577,0QA374153577#2301974981_13L88808Q11182691913Q20,Cameron Latu,,NFL,Anytime TD Scorer,player_touchdown,,2800,,34118207,2026-10-04T17:00:00.0000000Z,,2026-10-03T19:19:46.189157+00:00
draftkings,34118207,374153577,0QA374153577#2301974965_13L88808Q11235745545Q20,Keleki Latu,,NFL,Anytime TD Scorer,player_touchdown,,3000,,34118207,2026-10-04T17:00:00.0000000Z,,2026-10-03T19:19:46.189157+00:00
draftkings,34118207,374416830,0QA374416830#2302953264_13L88808Q1503159412Q20,James Cook,,NFL,2+ TDs,player_touchdown,,400,,34118207,2026-10-04T17:00:00.0000000Z,,2026-10-03T19:19:46.189157+00:00
draftkings,34118207,374416830,0QA374416830#2302953265_13L88808Q11587218485Q20,Josh Allen,,NFL,2+ TDs,player_touchdown,,450,,34118207,2026-10-04T17:00:00.0000000Z,,2026-10-03T19:19:46.189157+00:00
draftkings,34118207,374416830,0QA374416830#2302953357_13L88808Q1-1063669179Q20,Rhamondre Stevenson,,NFL,2+ TDs,player_touchdown,,900,,34118207,2026-10-04T17:00:00.0000000Z,,2026-10-03T19:19:46.189157+00:00
draftkings,34118207,374416830,0QA374416830#2302953267_13L88808Q1-920828078Q20,Dalton Kincaid,,NFL,2+ TDs,player_touchdown,,1100,,34118207,2026-10-04T17:00:00.0000000Z,,2026-10-03T19:19:46.189157+00:00
draftkings,34118207,374416830,0QA374416830#2302953266_13L88808Q12038776476Q20,D.J. Moore,,NFL,2+ TDs,player_touchdown,,1200,,34118207,2026-10-04T17:00:00.0000000Z,,2026-10-03T19:19:46.189157+00:00
draftkings,34118207,374416830,0QA374416830#2302953356_13L88808Q1822828666Q20,TreVeyon Henderson,,NFL,2+ TDs,player_touchdown,,1700,,34118207,2026-10-04T17:00:00.0000000Z,,2026-10-03T19:19:46.189157+00:00
draftkings,34118207,374416830,0QA374416830#2302953358_13L88808Q11740203848Q20,Hunter Henry,,NFL,2+ TDs,player_touchdown,,2200,,34118207,2026-10-04T17:00:00.0000000Z,,2026-10-03T19:19:46.189157+00:00
draftkings,34118207,374416830,0QA374416830#2302953359_13L88808Q1652552487Q20,Romeo Doubs,,NFL,2+ TDs,player_touchdown,,2200,,34118207,2026-10-04T17:00:00.0000000Z,,2026-10-03T19:19:46.189157+00:00
draftkings,34118207,374416830,0QA374416830#2302953268_13L88808Q1-1360222472Q20,Khalil Shakir,,NFL,2+ TDs,player_touchdown,,2200,,34118207,2026-10-04T17:00:00.0000000Z,,2026-10-03T19:19:46.189157+00:00
draftkings,34118207,374416830,0QA374416830#2302953361_13L88808Q1-1861138499Q20,Mack Hollins,,NFL,2+ TDs,player_touchdown,,2500,,34118207,2026-10-04T17:00:00.0000000Z,,2026-10-03T19:19:46.189157+00:00
draftkings,34118207,374416830,0QA374416830#2302953362_13L88808Q1573901773Q20,Demario Douglas,,NFL,2+ TDs,player_touchdown,,3500,,34118207,2026-10-04T17:00:00.0000000Z,,2026-10-03T19:19:46.189157+00:00
draftkings,34118207,374416830,0QA374416830#2302953269_13L88808Q1-2143181684Q20,Keon Coleman,,NFL,2+ TDs,player_touchdown,,3500,,34118207,2026-10-04T17:00:00.0000000Z,,2026-10-03T19:19:46.189157+00:00
draftkings,34118207,374416830,0QA374416830#2302953360_13L88808Q11724982079Q20,Drake Maye,,NFL,2+ TDs,player_touchdown,,5500,,34118207,2026-10-04T17:00:00.0000000Z,,2026-10-03T19:19:46.189157+00:00
draftkings,34118207,374416830,0QA374416830#2302953349_13L88808Q11837409965Q20,Ty Johnson,,NFL,2+ TDs,player_touchdown,,6000,,34118207,2026-10-04T17:00:00.0000000Z,,2026-10-03T19:19:46.189157+00:00
draftkings,34118207,374416830,0QA374416830#2302953369_13L88808Q11700362767Q20,,BUF Bills D/ST,NFL,2+ TDs,player_touchdown,,6000,,34118207,2026-10-04T17:00:00.0000000Z,,2026-10-03T19:19:46.189157+00:00
draftkings,34118207,374416830,0QA374416830#2302953270_13L88808Q1-794739413Q20,Joshua Palmer,,NFL,2+ TDs,player_touchdown,,6500,,34118207,2026-10-04T17:00:00.0000000Z,,2026-10-03T19:19:46.189157+00:00
draftkings,34118207,374416830,0QA374416830#2302953363_13L88808Q1-389849513Q20,Kyle Williams,,NFL,2+ TDs,player_touchdown,,8000,,34118207,2026-10-04T17:00:00.0000000Z,,2026-10-03T19:19:46.189157+00:00
draftkings,34118207,374416830,0QA374416830#2302953370_14L88808Q1-38248061Q20,,NE Patriots D/ST,NFL,2+ TDs,player_touchdown,,8000,,34118207,2026-10-04T17:00:00.0000000Z,,2026-10-03T19:19:46.189157+00:00
draftkings,34118207,374416830,0QA374416830#2302953271_13L88808Q1-116043467Q20,Dawson Knox,,NFL,2+ TDs,player_touchdown,,8000,,34118207,2026-10-04T17:00:00.0000000Z,,2026-10-03T19:19:46.189157+00:00
draftkings,34118207,374416830,0QA374416830#2302956508_13L88808Q1-781410997Q20,Eli Raridon,,NFL,2+ TDs,player_touchdown,,10000,,34118207,2026-10-04T17:00:00.0000000Z,,2026-10-03T19:19:46.189157+00:00
draftkings,34118207,374416830,0QA374416830#2302953352_13L88808Q1-969709662Q20,Jackson Hawes,,NFL,2+ TDs,player_touchdown,,13000,,34118207,2026-10-04T17:00:00.0000000Z,,2026-10-03T19:19:46.189157+00:00
draftkings,34118207,374416830,0QA374416830#2302953354_13L88808Q12075072711Q20,Skyler Bell,,NFL,2+ TDs,player_touchdown,,13000,,34118207,2026-10-04T17:00:00.0000000Z,,2026-10-03T19:19:46.189157+00:00
draftkings,34118207,374416830,0QA374416830#2302953350_13L88808Q1-1261481743Q20,Ray Davis,,NFL,2+ TDs,player_touchdown,,15000,,34118207,2026-10-04T17:00:00.0000000Z,,2026-10-03T19:19:46.189157+00:00
draftkings,34118207,374416830,0QA374416830#2302953351_13L88808Q11250905010Q20,Greg Dortch,,NFL,2+ TDs,player_touchdown,,20000,,34118207,2026-10-04T17:00:00.0000000Z,,2026-10-03T19:19:46.189157+00:00
draftkings,34118207,374416830,0QA374416830#2302953353_13L88808Q182425970Q20,Keleki Latu,,NFL,2+ TDs,player_touchdown,,20000,,34118207,2026-10-04T17:00:00.0000000Z,,2026-10-03T19:19:46.189157+00:00
draftkings,34118207,374416830,0QA374416830#2302953364_13L88808Q1-1896860447Q20,Corey Kiner,,NFL,2+ TDs,player_touchdown,,20000,,34118207,2026-10-04T17:00:00.0000000Z,,2026-10-03T19:19:46.189157+00:00
draftkings,34118207,374416830,0QA374416830#2302953365_13L88808Q1-25275232Q20,Efton Chism III,,NFL,2+ TDs,player_touchdown,,20000,,34118207,2026-10-04T17:00:00.0000000Z,,2026-10-03T19:19:46.189157+00:00
draftkings,34118207,374416830,0QA374416830#2302953367_13L88808Q1-355670445Q20,Tanner Arkin,,NFL,2+ TDs,player_touchdown,,20000,,34118207,2026-10-04T17:00:00.0000000Z,,2026-10-03T19:19:46.189157+00:00
draftkings,34118207,374416830,0QA374416830#2302953368_13L88808Q11653649534Q20,Cameron Latu,,NFL,2+ TDs,player_touchdown,,20000,,34118207,2026-10-04T17:00:00.0000000Z,,2026-10-03T19:19:46.189157+00:00
draftkings,34118207,374416830,0QA374416830#2302953769_13L88808Q1958463439Q20,Reggie Gilliam,,NFL,2+ TDs,player_touchdown,,25000,,34118207,2026-10-04T17:00:00.0000000Z,,2026-10-03T19:19:46.189157+00:00
draftkings,34118175,357446641,0QA357446641#2302365832_13L88808Q1472369560Q20,Derrick Henry,,NFL,First TD Scorer,player_touchdown,,290,,34118175,2026-10-04T17:00:00.0000000Z,,2026-10-03T19:19:46.189157+00:00
draftkings,34118175,357446641,0QA357446641#2302365883_13L88808Q12090914505Q20,Zay Flowers,,NFL,First TD Scorer,player_touchdown,,650,,34118175,2026-10-04T17:00:00.0000000Z,,2026-10-03T19:19:46.189157+00:00
draftkings,34118175,357446641,0QA357446641#2302365924_13L88808Q1-1441350152Q20,Mark Andrews,,NFL,First TD Scorer,player_touchdown,,750,,34118175,2026-10-04T17:00:00.0000000Z,,2026-10-03T19:19:46.189157+00:00
draftkings,34118175,357446641,0QA357446641#2302365941_13L88808Q1-155916787Q20,Rashod Bateman,,NFL,First TD Scorer,player_touchdown,,1000,,34118175,2026-10-04T17:00:00.0000000Z,,2026-10-03T19:19:46.189157+00:00
draftkings,34118175,357446641,0QA357446641#2302366253_13L88808Q1836214121Q20,Tony Pollard,,NFL,First TD Scorer,player_touchdown,,1000,,34118175,2026-10-04T17:00:00.0000000Z,,2026-10-03T19:19:46.189157+00:00
draftkings,34118175,357446641,0QA357446641#2302365956_13L88808Q1-1706978706Q20,Lamar Jackson,,NFL,First TD Scorer,player_touchdown,,1300,,34118175,2026-10-04T17:00:00.0000000Z,,2026-10-03T19:19:46.189157+00:00
draftkings,34118175,357446641,0QA357446641#2302365971_13L88808Q1-1704978700Q20,Justice Hill,,NFL,First TD Scorer,player_touchdown,,2200,,34118175,2026-10-04T17:00:00.0000000Z,,2026-10-03T19:19:46.189157+00:00
draftkings,34118175,357446641,0QA357446641#2302366352_13L88808Q1994005639Q20,Carnell Tate,,NFL,First TD Scorer,player_touchdown,,2200,,34118175,2026-10-04T17:00:00.0000000Z,,2026-10-03T19:19:46.189157+00:00
draftkings,34118175,357446641,0QA357446641#2302367003_13L88808Q1-305657509Q20,,BAL Ravens D/ST,NFL,First TD Scorer,player_touchdown,,2200,,34118175,2026-10-04T17:00:00.0000000Z,,2026-10-03T19:19:46.189157+00:00
draftkings,34118175,357446641,0QA357446641#2302366198_13L88808Q1-1333684472Q20,Chris Moore,,NFL,First TD Scorer,player_touchdown,,2500,,34118175,2026-10-04T17:00:00.0000000Z,,2026-10-03T19:19:46.189157+00:00
draftkings,34118175,357446641,0QA357446641#2302367037_14L88808Q11569631520Q20,,TEN Titans D/ST,NFL,First TD Scorer,player_touchdown,,2500,,34118175,2026-10-04T17:00:00.0000000Z,,2026-10-03T19:19:46.189157+00:00
draftkings,34118175,357446641,0QA357446641#2302366305_13L88808Q1-388116071Q20,Tyjae Spears,,NFL,First TD Scorer,player_touchdown,,2800,,34118175,2026-10-04T17:00:00.0000000Z,,2026-10-03T19:19:46.189157+00:00
draftkings,34118175,357446641,0QA357446641#2302366005_13L88808Q11433080497Q20,Devontez Walker,,NFL,First TD Scorer,player_touchdown,,3000,,34118175,2026-10-04T17:00:00.0000000Z,,2026-10-03T19:19:46.189157+00:00
draftkings,34118175,357446641,0QA357446641#2302366312_13L88808Q11114833900Q20,Wan'Dale Robinson,,NFL,First TD Scorer,player_touchdown,,3000,,34118175,2026-10-04T17:00:00.0000000Z,,2026-10-03T19:19:46.189157+00:00
draftkings,34118175,357446641,0QA357446641#2302366437_13L88808Q1-545194434Q20,Gunnar Helm,,NFL,First TD Scorer,player_touchdown,,3000,,34118175,2026-10-04T17:00:00.0000000Z,,2026-10-03T19:19:46.189157+00:00
draftkings,34118175,357446641,0QA357446641#2302366468_13L88808Q1673357584Q20,Cameron Ward,,NFL,First TD Scorer,player_touchdown,,3000,,34118175,2026-10-04T17:00:00.0000000Z,,2026-10-03T19:19:46.189157+00:00
draftkings,34118175,357446641,0QA357446641#2302366052_13L88808Q12035855609Q20,Matthew Hibner,,NFL,First TD Scorer,player_touchdown,,3500,,34118175,2026-10-04T17:00:00.0000000Z,,2026-10-03T19:19:46.189157+00:00
draftkings,34118175,357446641,0QA357446641#2302366582_13L88808Q11660521110Q20,Elic Ayomanor,,NFL,First TD Scorer,player_touchdown,,3500,,34118175,2026-10-04T17:00:00.0000000Z,,2026-10-03T19:19:46.189157+00:00
draftkings,34118175,357446641,0QA357446641#2302366227_13L88808Q11400635301Q20,LaJohntay Wester,,NFL,First TD Scorer,player_touchdown,,4000,,34118175,2026-10-04T17:00:00.0000000Z,,2026-10-03T19:19:46.189157+00:00
draftkings,34118175,357446641,0QA357446641#2302366047_13L88808Q11413281239Q20,Durham Smythe,,NFL,First TD Scorer,player_touchdown,,4500,,34118175,2026-10-04T17:00:00.0000000Z,,2026-10-03T19:19:46.189157+00:00
draftkings,34118175,357446641,0QA357446641#2302655243_13L88808Q1-1803883276Q20,Elijah Sarratt,,NFL,First TD Scorer,player_touchdown,,5500,,34118175,2026-10-04T17:00:00.0000000Z,,2026-10-03T19:19:46.189157+00:00
draftkings,34118175,357446641,0QA357446641#2302366394_13L88808Q1-802875811Q20,Calvin Ridley,,NFL,First TD Scorer,player_touchdown,,6000,,34118175,2026-10-04T17:00:00.0000000Z,,2026-10-03T19:19:46.189157+00:00
draftkings,34118175,357446641,0QA357446641#2302366699_13L88808Q1326754961Q20,Chimere Dike,,NFL,First TD Scorer,player_touchdown,,6500,,34118175,2026-10-04T17:00:00.0000000Z,,2026-10-03T19:19:46.189157+00:00
draftkings,34118175,357446641,0QA357446641#2302366513_13L88808Q1-1761688611Q20,Nicholas Singleton,,NFL,First TD Scorer,player_touchdown,,7000,,34118175,2026-10-04T17:00:00.0000000Z,,2026-10-03T19:19:46.189157+00:00
draftkings,34118175,357446641,0QA357446641#2235245500_13L88808Q1-1777442974Q20,,No Touchdown Scorer,NFL,First TD Scorer,player_touchdown,,7500,,34118175,2026-10-04T17:00:00.0000000Z,,2026-10-03T19:19:46.189157+00:00
draftkings,34118175,357446641,0QA357446641#2302366830_13L88808Q1-122589830Q20,Daniel Bellinger,,NFL,First TD Scorer,player_touchdown,,7500,,34118175,2026-10-04T17:00:00.0000000Z,,2026-10-03T19:19:46.189157+00:00
draftkings,34118175,357446641,0QA357446641#2302366080_13L88808Q1111712790Q20,Josh Cuevas,,NFL,First TD Scorer,player_touchdown,,8000,,34118175,2026-10-04T17:00:00.0000000Z,,2026-10-03T19:19:46.189157+00:00
draftkings,34118175,357446641,0QA357446641#2302366109_13L88808Q1-1369781902Q20,Rasheen Ali,,NFL,First TD Scorer,player_touchdown,,13000,,34118175,2026-10-04T17:00:00.0000000Z,,2026-10-03T19:19:46.189157+00:00
draftkings,34118175,357446641,0QA357446641#2302366895_13L88808Q1516422015Q20,David Martin-Robinson,,NFL,First TD Scorer,player_touchdown,,14000,,34118175,2026-10-04T17:00:00.0000000Z,,2026-10-03T19:19:46.189157+00:00
draftkings,34118175,357446641,0QA357446641#2306790663_13L88808Q1-639525879Q20,Michael Carter,,NFL,First TD Scorer,player_touchdown,,14000,,34118175,2026-10-04T17:00:00.0000000Z,,2026-10-03T19:19:46.189157+00:00
draftkings,34118175,357446641,0QA357446641#2302366615_13L88808Q1502796176Q20,Julius Chestnut,,NFL,First TD Scorer,player_touchdown,,16000,,34118175,2026-10-04T17:00:00.0000000Z,,2026-10-03T19:19:46.189157+00:00
draftkings,34118175,357446641,0QA357446641#2302688208_13L88808Q1-377472345Q20,Kylen Granson,,NFL,First TD Scorer,player_touchdown,,18000,,34118175,2026-10-04T17:00:00.0000000Z,,2026-10-03T19:19:46.189157+00:00
draftkings,34118175,374261633,0QA374261633#2302370456_13L88808Q1-660534674Q20,Derrick Henry,,NFL,Anytime TD Scorer,player_touchdown,,,,34118175,2026-10-04T17:00:00.0000000Z,,2026-10-03T19:19:46.189157+00:00
draftkings,34118175,374261633,0QA374261633#2302370457_13L88808Q12018204784Q20,Zay Flowers,,NFL,Anytime TD Scorer,player_touchdown,,135,,34118175,2026-10-04T17:00:00.0000000Z,,2026-10-03T19:19:46.189157+00:00
draftkings,34118175,374261633,0QA374261633#2302370458_13L88808Q1-1031442765Q20,Mark Andrews,,NFL,Anytime TD Scorer,player_touchdown,,175,,34118175,2026-10-04T17:00:00.0000000Z,,2026-10-03T19:19:46.189157+00:00
draftkings,34118175,374261633,0QA374261633#2302370343_13L88808Q1410823711Q20,Tony Pollard,,NFL,Anytime TD Scorer,player_touchdown,,190,,34118175,2026-10-04T17:00:00.0000000Z,,2026-10-03T19:19:46.189157+00:00
draftkings,34118175,374261633,0QA374261633#2302370460_13L88808Q1-1643070992Q20,Lamar Jackson,,NFL,Anytime TD Scorer,player_touchdown,,235,,34118175,2026-10-04T17:00:00.0000000Z,,2026-10-03T19:19:46.189157+00:00
draftkings,34118175,374261633,0QA374261633#2302370459_13L88808Q1-511742258Q20,Rashod Bateman,,NFL,Anytime TD Scorer,player_touchdown,,255,,34118175,2026-10-04T17:00:00.0000000Z,,2026-10-03T19:19:46.189157+00:00
draftkings,34118175,374261633,0QA374261633#2302370470_13L88808Q11703123874Q20,Carnell Tate,,NFL,Anytime TD Scorer,player_touchdown,,340,,34118175,2026-10-04T17:00:00.0000000Z,,2026-10-03T19:19:46.189157+00:00
draftkings,34118175,374261633,0QA374261633#2302370482_13L88808Q11841158462Q20,,BAL Ravens D/ST,NFL,Anytime TD Scorer,player_touchdown,,400,,34118175,2026-10-04T17:00:00.0000000Z,,2026-10-03T19:19:46.189157+00:00
draftkings,34118175,374261633,0QA374261633#2302370471_13L88808Q117668529Q20,Wan'Dale Robinson,,NFL,Anytime TD Scorer,player_touchdown,,450,,34118175,2026-10-04T17:00:00.0000000Z,,2026-10-03T19:19:46.189157+00:00
draftkings,34118175,374261633,0QA374261633#2302370461_13L88808Q11994625172Q20,Justice Hill,,NFL,Anytime TD Scorer,player_touchdown,,500,,34118175,2026-10-04T17:00:00.0000000Z,,2026-10-03T19:19:46.189157+00:00
draftkings,34118175,374261633,0QA374261633#2302370473_13L88808Q1813265502Q20,Tyjae Spears,,NFL,Anytime TD Scorer,player_touchdown,,550,,34118175,2026-10-04T17:00:00.0000000Z,,2026-10-03T19:19:46.189157+00:00
draftkings,34118175,374261633,0QA374261633#2302370474_13L88808Q1876790980Q20,Gunnar Helm,,NFL,Anytime TD Scorer,player_touchdown,,550,,34118175,2026-10-04T17:00:00.0000000Z,,2026-10-03T19:19:46.189157+00:00
draftkings,34118175,374261633,0QA374261633#2302370483_14L88808Q1-1580691283Q20,,TEN Titans D/ST,NFL,Anytime TD Scorer,player_touchdown,,600,,34118175,2026-10-04T17:00:00.0000000Z,,2026-10-03T19:19:46.189157+00:00
draftkings,34118175,374261633,0QA374261633#2302370469_13L88808Q12016884984Q20,Chris Moore,,NFL,Anytime TD Scorer,player_touchdown,,650,,34118175,2026-10-04T17:00:00.0000000Z,,2026-10-03T19:19:46.189157+00:00
draftkings,34118175,374261633,0QA374261633#2302370476_13L88808Q1-894018695Q20,Cameron Ward,,NFL,Anytime TD Scorer,player_touchdown,,650,,34118175,2026-10-04T17:00:00.0000000Z,,2026-10-03T19:19:46.189157+00:00
draftkings,34118175,374261633,0QA374261633#2302370478_13L88808Q1-741936383Q20,Elic Ayomanor,,NFL,Anytime TD Scorer,player_touchdown,,650,,34118175,2026-10-04T17:00:00.0000000Z,,2026-10-03T19:19:46.189157+00:00
draftkings,34118175,374261633,0QA374261633#2302370462_13L88808Q1-1199795272Q20,Devontez Walker,,NFL,Anytime TD Scorer,player_touchdown,,750,,34118175,2026-10-04T17:00:00.0000000Z,,2026-10-03T19:19:46.189157+00:00
draftkings,34118175,374261633,0QA374261633#2302370464_13L88808Q1-700661814Q20,Matthew Hibner,,NFL,Anytime TD Scorer,player_touchdown,,800,,34118175,2026-10-04T17:00:00.0000000Z,,2026-10-03T19:19:46.189157+00:00
draftkings,34118175,374261633,0QA374261633#2302370468_13L88808Q1217894284Q20,LaJohntay Wester,,NFL,Anytime TD Scorer,player_touchdown,,1000,,34118175,2026-10-04T17:00:00.0000000Z,,2026-10-03T19:19:46.189157+00:00
draftkings,34118175,374261633,0QA374261633#2302370463_13L88808Q1-232689605Q20,Durham Smythe,,NFL,Anytime TD Scorer,player_touchdown,,1200,,34118175,2026-10-04T17:00:00.0000000Z,,2026-10-03T19:19:46.189157+00:00
draftkings,34118175,374261633,0QA374261633#2302370472_13L88808Q1546774868Q20,Calvin Ridley,,NFL,Anytime TD Scorer,player_touchdown,,1200,,34118175,2026-10-04T17:00:00.0000000Z,,2026-10-03T19:19:46.189157+00:00
draftkings,34118175,374261633,0QA374261633#2302370475_13L88808Q110420620Q20,Nicholas Singleton,,NFL,Anytime TD Scorer,player_touchdown,,1500,,34118175,2026-10-04T17:00:00.0000000Z,,2026-10-03T19:19:46.189157+00:00
draftkings,34118175,374261633,0QA374261633#2302655274_13L88808Q1202378433Q20,Elijah Sarratt,,NFL,Anytime TD Scorer,player_touchdown,,1500,,34118175,2026-10-04T17:00:00.0000000Z,,2026-10-03T19:19:46.189157+00:00
draftkings,34118175,374261633,0QA374261633#2302370480_13L88808Q11550208160Q20,Daniel Bellinger,,NFL,Anytime TD Scorer,player_touchdown,,1600,,34118175,2026-10-04T17:00:00.0000000Z,,2026-10-03T19:19:46.189157+00:00
draftkings,34118175,374261633,0QA374261633#2302370477_13L88808Q11807508626Q20,Chimere Dike,,NFL,Anytime TD Scorer,player_touchdown,,2000,,34118175,2026-10-04T17:00:00.0000000Z,,2026-10-03T19:19:46.189157+00:00
draftkings,34118175,374261633,0QA374261633#2302370466_13L88808Q11714132096Q20,Josh Cuevas,,NFL,Anytime TD Scorer,player_touchdown,,2200,,34118175,2026-10-04T17:00:00.0000000Z,,2026-10-03T19:19:46.189157+00:00
draftkings,34118175,374261633,0QA374261633#2302370465_13L88808Q11574112063Q20,Rasheen Ali,,NFL,Anytime TD Scorer,player_touchdown,,3500,,34118175,2026-10-04T17:00:00.0000000Z,,2026-10-03T19:19:46.189157+00:00
draftkings,34118175,374261633,0QA374261633#2302370479_13L88808Q1-1287557239Q20,Julius Chestnut,,NFL,Anytime TD Scorer,player_touchdown,,4000,,34118175,2026-10-04T17:00:00.0000000Z,,2026-10-03T19:19:46.189157+00:00
draftkings,34118175,374261633,0QA374261633#2302370481_13L88808Q1-524164495Q20,David Martin-Robinson,,NFL,Anytime TD Scorer,player_touchdown,,4500,,34118175,2026-10-04T17:00:00.0000000Z,,2026-10-03T19:19:46.189157+00:00
draftkings,34118175,374261633,0QA374261633#2306790689_13L88808Q1-1955748654Q20,Michael Carter,,NFL,Anytime TD Scorer,player_touchdown,,4500,,34118175,2026-10-04T17:00:00.0000000Z,,2026-10-03T19:19:46.189157+00:00
draftkings,34118175,374261633,0QA374261633#2302688227_13L88808Q1-118005881Q20,Kylen Granson,,NFL,Anytime TD Scorer,player_touchdown,,5000,,34118175,2026-10-04T17:00:00.0000000Z,,2026-10-03T19:19:46.189157+00:00
draftkings,34118175,374860932,0QA374860932#2304590402_13L88808Q11746484724Q20,Derrick Henry,,NFL,2+ TDs,player_touchdown,,210,,34118175,2026-10-04T17:00:00.0000000Z,,2026-10-03T19:19:46.189157+00:00
draftkings,34118175,374860932,0QA374860932#2304590404_13L88808Q1-1364480320Q20,Zay Flowers,,NFL,2+ TDs,player_touchdown,,900,,34118175,2026-10-04T17:00:00.0000000Z,,2026-10-03T19:19:46.189157+00:00
draftkings,34118175,374860932,0QA374860932#2304590403_13L88808Q11399276375Q20,Mark Andrews,,NFL,2+ TDs,player_touchdown,,1400,,34118175,2026-10-04T17:00:00.0000000Z,,2026-10-03T19:19:46.189157+00:00
draftkings,34118175,374860932,0QA374860932#2304590413_13L88808Q11612572832Q20,Tony Pollard,,NFL,2+ TDs,player_touchdown,,1500,,34118175,2026-10-04T17:00:00.0000000Z,,2026-10-03T19:19:46.189157+00:00
draftkings,34118175,374860932,0QA374860932#2304590405_13L88808Q1-1605206671Q20,Lamar Jackson,,NFL,2+ TDs,player_touchdown,,1700,,34118175,2026-10-04T17:00:00.0000000Z,,2026-10-03T19:19:46.189157+00:00
draftkings,34118175,374860932,0QA374860932#2304590406_13L88808Q1-261077967Q20,Rashod Bateman,,NFL,2+ TDs,player_touchdown,,2200,,34118175,2026-10-04T17:00:00.0000000Z,,2026-10-03T19:19:46.189157+00:00
draftkings,34118175,374860932,0QA374860932#2304590414_13L88808Q176692796Q20,Carnell Tate,,NFL,2+ TDs,player_touchdown,,3500,,34118175,2026-10-04T17:00:00.0000000Z,,2026-10-03T19:19:46.189157+00:00
draftkings,34118175,374860932,0QA374860932#2304590424_13L88808Q1-1158162931Q20,,BAL Ravens D/ST,NFL,2+ TDs,player_touchdown,,4000,,34118175,2026-10-04T17:00:00.0000000Z,,2026-10-03T19:19:46.189157+00:00
draftkings,34118175,374860932,0QA374860932#2304590407_13L88808Q11902362131Q20,Justice Hill,,NFL,2+ TDs,player_touchdown,,5500,,34118175,2026-10-04T17:00:00.0000000Z,,2026-10-03T19:19:46.189157+00:00
draftkings,34118175,374860932,0QA374860932#2304590415_13L88808Q1-1987217340Q20,Wan'Dale Robinson,,NFL,2+ TDs,player_touchdown,,5500,,34118175,2026-10-04T17:00:00.0000000Z,,2026-10-03T19:19:46.189157+00:00
draftkings,34118175,374860932,0QA374860932#2304590425_14L88808Q1-1847118075Q20,,TEN Titans D/ST,NFL,2+ TDs,player_touchdown,,7000,,34118175,2026-10-04T17:00:00.0000000Z,,2026-10-03T19:19:46.189157+00:00
draftkings,34118175,374860932,0QA374860932#2304590408_13L88808Q1-621793542Q20,Chris Moore,,NFL,2+ TDs,player_touchdown,,7500,,34118175,2026-10-04T17:00:00.0000000Z,,2026-10-03T19:19:46.189157+00:00
draftkings,34118175,374860932,0QA374860932#2304590416_13L88808Q1920886144Q20,Gunnar Helm,,NFL,2+ TDs,player_touchdown,,7500,,34118175,2026-10-04T17:00:00.0000000Z,,2026-10-03T19:19:46.189157+00:00
draftkings,34118175,374860932,0QA374860932#2304590417_13L88808Q1-1416867837Q20,Cameron Ward,,NFL,2+ TDs,player_touchdown,,7500,,34118175,2026-10-04T17:00:00.0000000Z,,2026-10-03T19:19:46.189157+00:00
draftkings,34118175,374860932,0QA374860932#2304590419_13L88808Q1313468882Q20,Tyjae Spears,,NFL,2+ TDs,player_touchdown,,7500,,34118175,2026-10-04T17:00:00.0000000Z,,2026-10-03T19:19:46.189157+00:00
draftkings,34118175,374860932,0QA374860932#2304590418_13L88808Q1-1792365548Q20,Elic Ayomanor,,NFL,2+ TDs,player_touchdown,,8000,,34118175,2026-10-04T17:00:00.0000000Z,,2026-10-03T19:19:46.189157+00:00
draftkings,34118175,374860932,0QA374860932#2304590410_13L88808Q1-464941358Q20,Devontez Walker,,NFL,2+ TDs,player_touchdown,,9000,,34118175,2026-10-04T17:00:00.0000000Z,,2026-10-03T19:19:46.189157+00:00
draftkings,34118175,374860932,0QA374860932#2304590411_13L88808Q1-1618269213Q20,Matthew Hibner,,NFL,2+ TDs,player_touchdown,,9000,,34118175,2026-10-04T17:00:00.0000000Z,,2026-10-03T19:19:46.189157+00:00
draftkings,34118175,374860932,0QA374860932#2304590458_13L88808Q1-1660508192Q20,LaJohntay Wester,,NFL,2+ TDs,player_touchdown,,13000,,34118175,2026-10-04T17:00:00.0000000Z,,2026-10-03T19:19:46.189157+00:00
draftkings,34118175,374860932,0QA374860932#2304590409_13L88808Q1-867068079Q20,Durham Smythe,,NFL,2+ TDs,player_touchdown,,14000,,34118175,2026-10-04T17:00:00.0000000Z,,2026-10-03T19:19:46.189157+00:00
draftkings,34118175,374860932,0QA374860932#2304590420_13L88808Q1-459597056Q20,Calvin Ridley,,NFL,2+ TDs,player_touchdown,,14000,,34118175,2026-10-04T17:00:00.0000000Z,,2026-10-03T19:19:46.189157+00:00
draftkings,34118175,374860932,0QA374860932#2304590455_13L88808Q1-1500504756Q20,Elijah Sarratt,,NFL,2+ TDs,player_touchdown,,17000,,34118175,2026-10-04T17:00:00.0000000Z,,2026-10-03T19:19:46.189157+00:00
draftkings,34118175,374860932,0QA374860932#2304590459_13L88808Q1-373146824Q20,Nicholas Singleton,,NFL,2+ TDs,player_touchdown,,18000,,34118175,2026-10-04T17:00:00.0000000Z,,2026-10-03T19:19:46.189157+00:00
draftkings,34118175,374860932,0QA374860932#2304590421_13L88808Q11895753491Q20,Chimere Dike,,NFL,2+ TDs,player_touchdown,,20000,,34118175,2026-10-04T17:00:00.0000000Z,,2026-10-03T19:19:46.189157+00:00
draftkings,34118175,374860932,0QA374860932#2304590422_13L88808Q11962666802Q20,Daniel Bellinger,,NFL,2+ TDs,player_touchdown,,20000,,34118175,2026-10-04T17:00:00.0000000Z,,2026-10-03T19:19:46.189157+00:00
draftkings,34118175,374860932,0QA374860932#2304590423_13L88808Q1-157705531Q20,David Martin-Robinson,,NFL,2+ TDs,player_touchdown,,20000,,34118175,2026-10-04T17:00:00.0000000Z,,2026-10-03T19:19:46.189157+00:00
draftkings,34118175,374860932,0QA374860932#2304590456_13L88808Q1-966863650Q20,Josh Cuevas,,NFL,2+ TDs,player_touchdown,,20000,,34118175,2026-10-04T17:00:00.0000000Z,,2026-10-03T19:19:46.189157+00:00
draftkings,34118175,374860932,0QA374860932#2304590412_13L88808Q1-1460456850Q20,Rasheen Ali,,NFL,2+ TDs,player_touchdown,,25000,,34118175,2026-10-04T17:00:00.0000000Z,,2026-10-03T19:19:46.189157+00:00
draftkings,34118175,374860932,0QA374860932#2304590460_13L88808Q1-526302590Q20,Julius Chestnut,,NFL,2+ TDs,player_touchdown,,25000,,34118175,2026-10-04T17:00:00.0000000Z,,2026-10-03T19:19:46.189157+00:00
draftkings,34118175,374860932,0QA374860932#2306790660_13L88808Q11173146885Q20,Michael Carter,,NFL,2+ TDs,player_touchdown,,25000,,34118175,2026-10-04T17:00:00.0000000Z,,2026-10-03T19:19:46.189157+00:00
draftkings,34118175,374860932,0QA374860932#2304609886_13L88808Q1-1540083145Q20,Kylen Granson,,NFL,2+ TDs,player_touchdown,,25000,,34118175,2026-10-04T17:00:00.0000000Z,,2026-10-03T19:19:46.189157+00:00
draftkings,34118078,357445877,0QA357445877#2302946533_13L88808Q1-76168403Q20,Kyren Williams,,NFL,First TD Scorer,player_touchdown,,500,,34118078,2026-10-04T17:00:00.0000000Z,,2026-10-03T19:19:46.189157+00:00
draftkings,34118078,357445877,0QA357445877#2302945830_13L88808Q1-1378423571Q20,Saquon Barkley,,NFL,First TD Scorer,player_touchdown,,600,,34118078,2026-10-04T17:00:00.0000000Z,,2026-10-03T19:19:46.189157+00:00
draftkings,34118078,357445877,0QA357445877#2302946555_13L88808Q11217478168Q20,Davante Adams,,NFL,First TD Scorer,player_touchdown,,700,,34118078,2026-10-04T17:00:00.0000000Z,,2026-10-03T19:19:46.189157+00:00
draftkings,34118078,357445877,0QA357445877#2302946778_13L88808Q11034498997Q20,Puka Nacua,,NFL,First TD Scorer,player_touchdown,,800,,34118078,2026-10-04T17:00:00.0000000Z,,2026-10-03T19:19:46.189157+00:00
draftkings,34118078,357445877,0QA357445877#2302945874_13L88808Q11467943849Q20,Jalen Hurts,,NFL,First TD Scorer,player_touchdown,,900,,34118078,2026-10-04T17:00:00.0000000Z,,2026-10-03T19:19:46.189157+00:00
draftkings,34118078,357445877,0QA357445877#2302945921_13L88808Q1729251893Q20,Dontayvion Wicks,,NFL,First TD Scorer,player_touchdown,,1400,,34118078,2026-10-04T17:00:00.0000000Z,,2026-10-03T19:19:46.189157+00:00
draftkings,34118078,357445877,0QA357445877#2302946623_13L88808Q11209999570Q20,Blake Corum,,NFL,First TD Scorer,player_touchdown,,1500,,34118078,2026-10-04T17:00:00.0000000Z,,2026-10-03T19:19:46.189157+00:00
draftkings,34118078,357445877,0QA357445877#2302945932_13L88808Q1-1809838750Q20,Makai Lemon,,NFL,First TD Scorer,player_touchdown,,1700,,34118078,2026-10-04T17:00:00.0000000Z,,2026-10-03T19:19:46.189157+00:00
draftkings,34118078,357445877,0QA357445877#2302946927_13L88808Q12061836435Q20,Tyler Higbee,,NFL,First TD Scorer,player_touchdown,,1800,,34118078,2026-10-04T17:00:00.0000000Z,,2026-10-03T19:19:46.189157+00:00
draftkings,34118078,357445877,0QA357445877#2302946844_13L88808Q1-2113045905Q20,Colby Parkinson,,NFL,First TD Scorer,player_touchdown,,1900,,34118078,2026-10-04T17:00:00.0000000Z,,2026-10-03T19:19:46.189157+00:00
draftkings,34118078,357445877,0QA357445877#2302947551_13L88808Q1-368826265Q20,,PHI Eagles D/ST,NFL,First TD Scorer,player_touchdown,,2000,,34118078,2026-10-04T17:00:00.0000000Z,,2026-10-03T19:19:46.189157+00:00
draftkings,34118078,357445877,0QA357445877#2302947618_14L88808Q12007015981Q20,,LA Rams D/ST,NFL,First TD Scorer,player_touchdown,,2000,,34118078,2026-10-04T17:00:00.0000000Z,,2026-10-03T19:19:46.189157+00:00
draftkings,34118078,357445877,0QA357445877#2303565505_13L88808Q1-917765079Q20,Zach Ertz,,NFL,First TD Scorer,player_touchdown,,2200,,34118078,2026-10-04T17:00:00.0000000Z,,2026-10-03T19:19:46.189157+00:00
draftkings,34118078,357445877,0QA357445877#2302947143_13L88808Q1-1732854532Q20,Konata Mumpfield,,NFL,First TD Scorer,player_touchdown,,2800,,34118078,2026-10-04T17:00:00.0000000Z,,2026-10-03T19:19:46.189157+00:00
draftkings,34118078,357445877,0QA357445877#2302946184_13L88808Q11348049841Q20,Darius Cooper,,NFL,First TD Scorer,player_touchdown,,3000,,34118078,2026-10-04T17:00:00.0000000Z,,2026-10-03T19:19:46.189157+00:00
draftkings,34118078,357445877,0QA357445877#2302947049_13L88808Q11646441611Q20,Davis Allen,,NFL,First TD Scorer,player_touchdown,,3500,,34118078,2026-10-04T17:00:00.0000000Z,,2026-10-03T19:19:46.189157+00:00
draftkings,34118078,357445877,0QA357445877#2302945974_13L88808Q11798711080Q20,Tank Bigsby,,NFL,First TD Scorer,player_touchdown,,4000,,34118078,2026-10-04T17:00:00.0000000Z,,2026-10-03T19:19:46.189157+00:00
draftkings,34118078,357445877,0QA357445877#2302946020_13L88808Q12087649702Q20,Johnny Mundt,,NFL,First TD Scorer,player_touchdown,,4000,,34118078,2026-10-04T17:00:00.0000000Z,,2026-10-03T19:19:46.189157+00:00
draftkings,34118078,357445877,0QA357445877#2302947027_13L88808Q11287753223Q20,Jordan Whittington,,NFL,First TD Scorer,player_touchdown,,4000,,34118078,2026-10-04T17:00:00.0000000Z,,2026-10-03T19:19:46.189157+00:00
draftkings,34118078,357445877,0QA357445877#2302946273_13L88808Q11506814849Q20,Will Shipley,,NFL,First TD Scorer,player_touchdown,,4500,,34118078,2026-10-04T17:00:00.0000000Z,,2026-10-03T19:19:46.189157+00:00
draftkings,34118078,357445877,0QA357445877#2305108856_13L88808Q1907634214Q20,Tutu Atwell,,NFL,First TD Scorer,player_touchdown,,6000,,34118078,2026-10-04T17:00:00.0000000Z,,2026-10-03T19:19:46.189157+00:00
draftkings,34118078,357445877,0QA357445877#2302947191_13L88808Q1744836056Q20,Matthew Stafford,,NFL,First TD Scorer,player_touchdown,,7000,,34118078,2026-10-04T17:00:00.0000000Z,,2026-10-03T19:19:46.189157+00:00
draftkings,34118078,357445877,0QA357445877#2235243326_13L88808Q1-1777442974Q20,,No Touchdown Scorer,NFL,First TD Scorer,player_touchdown,,7500,,34118078,2026-10-04T17:00:00.0000000Z,,2026-10-03T19:19:46.189157+00:00
draftkings,34118078,357445877,0QA357445877#2302946083_13L88808Q11644585721Q20,Elijah Moore,,NFL,First TD Scorer,player_touchdown,,7500,,34118078,2026-10-04T17:00:00.0000000Z,,2026-10-03T19:19:46.189157+00:00
draftkings,34118078,357445877,0QA357445877#2305086042_13L88808Q199093118Q20,Max Klare,,NFL,First TD Scorer,player_touchdown,,7500,,34118078,2026-10-04T17:00:00.0000000Z,,2026-10-03T19:19:46.189157+00:00
draftkings,34118078,357445877,0QA357445877#2305081383_13L88808Q11136462152Q20,Britain Covey,,NFL,First TD Scorer,player_touchdown,,9000,,34118078,2026-10-04T17:00:00.0000000Z,,2026-10-03T19:19:46.189157+00:00
draftkings,34118078,357445877,0QA357445877#2302946381_13L88808Q1-1458163192Q20,E.J. Jenkins,,NFL,First TD Scorer,player_touchdown,,11000,,34118078,2026-10-04T17:00:00.0000000Z,,2026-10-03T19:19:46.189157+00:00
draftkings,34118078,357445877,0QA357445877#2305085263_13L88808Q11290508181Q20,Dean Connors,,NFL,First TD Scorer,player_touchdown,,14000,,34118078,2026-10-04T17:00:00.0000000Z,,2026-10-03T19:19:46.189157+00:00
draftkings,34118078,357445877,0QA357445877#2305087133_13L88808Q1-1606840686Q20,CJ Daniels,,NFL,First TD Scorer,player_touchdown,,15000,,34118078,2026-10-04T17:00:00.0000000Z,,2026-10-03T19:19:46.189157+00:00
draftkings,34118078,374596327,0QA374596327#2303566439_13L88808Q12008738677Q20,Kyren Williams,,NFL,Anytime TD Scorer,player_touchdown,,,,34118078,2026-10-04T17:00:00.0000000Z,,2026-10-03T19:19:46.189157+00:00
draftkings,34118078,374596327,0QA374596327#2303566388_13L88808Q11750821948Q20,Saquon Barkley,,NFL,Anytime TD Scorer,player_touchdown,,115,,34118078,2026-10-04T17:00:00.0000000Z,,2026-10-03T19:19:46.189157+00:00
draftkings,34118078,374596327,0QA374596327#2303566440_13L88808Q1-1719984573Q20,Davante Adams,,NFL,Anytime TD Scorer,player_touchdown,,115,,34118078,2026-10-04T17:00:00.0000000Z,,2026-10-03T19:19:46.189157+00:00
draftkings,34118078,374596327,0QA374596327#2303566442_13L88808Q1-1261907500Q20,Puka Nacua,,NFL,Anytime TD Scorer,player_touchdown,,135,,34118078,2026-10-04T17:00:00.0000000Z,,2026-10-03T19:19:46.189157+00:00
draftkings,34118078,374596327,0QA374596327#2303566426_13L88808Q1-879129836Q20,Jalen Hurts,,NFL,Anytime TD Scorer,player_touchdown,,165,,34118078,2026-10-04T17:00:00.0000000Z,,2026-10-03T19:19:46.189157+00:00
draftkings,34118078,374596327,0QA374596327#2303566428_13L88808Q11963211643Q20,Dontayvion Wicks,,NFL,Anytime TD Scorer,player_touchdown,,260,,34118078,2026-10-04T17:00:00.0000000Z,,2026-10-03T19:19:46.189157+00:00
draftkings,34118078,374596327,0QA374596327#2303566441_13L88808Q11373713880Q20,Blake Corum,,NFL,Anytime TD Scorer,player_touchdown,,295,,34118078,2026-10-04T17:00:00.0000000Z,,2026-10-03T19:19:46.189157+00:00
draftkings,34118078,374596327,0QA374596327#2303566444_13L88808Q1244078380Q20,Tyler Higbee,,NFL,Anytime TD Scorer,player_touchdown,,295,,34118078,2026-10-04T17:00:00.0000000Z,,2026-10-03T19:19:46.189157+00:00
draftkings,34118078,374596327,0QA374596327#2303566443_13L88808Q1691932532Q20,Colby Parkinson,,NFL,Anytime TD Scorer,player_touchdown,,320,,34118078,2026-10-04T17:00:00.0000000Z,,2026-10-03T19:19:46.189157+00:00
draftkings,34118078,374596327,0QA374596327#2303566429_13L88808Q11792281206Q20,Makai Lemon,,NFL,Anytime TD Scorer,player_touchdown,,340,,34118078,2026-10-04T17:00:00.0000000Z,,2026-10-03T19:19:46.189157+00:00
draftkings,34118078,374596327,0QA374596327#2303566452_14L88808Q1-591408291Q20,,LA Rams D/ST,NFL,Anytime TD Scorer,player_touchdown,,450,,34118078,2026-10-04T17:00:00.0000000Z,,2026-10-03T19:19:46.189157+00:00
draftkings,34118078,374596327,0QA374596327#2303566431_13L88808Q1-1119514719Q20,Zach Ertz,,NFL,Anytime TD Scorer,player_touchdown,,475,,34118078,2026-10-04T17:00:00.0000000Z,,2026-10-03T19:19:46.189157+00:00
draftkings,34118078,374596327,0QA374596327#2303566451_13L88808Q11545424959Q20,,PHI Eagles D/ST,NFL,Anytime TD Scorer,player_touchdown,,475,,34118078,2026-10-04T17:00:00.0000000Z,,2026-10-03T19:19:46.189157+00:00
draftkings,34118078,374596327,0QA374596327#2303566448_13L88808Q1-1508640754Q20,Konata Mumpfield,,NFL,Anytime TD Scorer,player_touchdown,,650,,34118078,2026-10-04T17:00:00.0000000Z,,2026-10-03T19:19:46.189157+00:00
draftkings,34118078,374596327,0QA374596327#2303566436_13L88808Q11627968604Q20,Darius Cooper,,NFL,Anytime TD Scorer,player_touchdown,,700,,34118078,2026-10-04T17:00:00.0000000Z,,2026-10-03T19:19:46.189157+00:00
draftkings,34118078,374596327,0QA374596327#2303566446_13L88808Q1-822030320Q20,Davis Allen,,NFL,Anytime TD Scorer,player_touchdown,,900,,34118078,2026-10-04T17:00:00.0000000Z,,2026-10-03T19:19:46.189157+00:00
draftkings,34118078,374596327,0QA374596327#2303566430_13L88808Q1-1590192372Q20,Tank Bigsby,,NFL,Anytime TD Scorer,player_touchdown,,950,,34118078,2026-10-04T17:00:00.0000000Z,,2026-10-03T19:19:46.189157+00:00
draftkings,34118078,374596327,0QA374596327#2303566432_13L88808Q1880735665Q20,Johnny Mundt,,NFL,Anytime TD Scorer,player_touchdown,,1000,,34118078,2026-10-04T17:00:00.0000000Z,,2026-10-03T19:19:46.189157+00:00
draftkings,34118078,374596327,0QA374596327#2303566445_13L88808Q1956595637Q20,Jordan Whittington,,NFL,Anytime TD Scorer,player_touchdown,,1100,,34118078,2026-10-04T17:00:00.0000000Z,,2026-10-03T19:19:46.189157+00:00
draftkings,34118078,374596327,0QA374596327#2303566433_13L88808Q197731504Q20,Will Shipley,,NFL,Anytime TD Scorer,player_touchdown,,1200,,34118078,2026-10-04T17:00:00.0000000Z,,2026-10-03T19:19:46.189157+00:00
draftkings,34118078,374596327,0QA374596327#2305108875_13L88808Q1-1276590114Q20,Tutu Atwell,,NFL,Anytime TD Scorer,player_touchdown,,1400,,34118078,2026-10-04T17:00:00.0000000Z,,2026-10-03T19:19:46.189157+00:00
draftkings,34118078,374596327,0QA374596327#2303566437_13L88808Q1278563167Q20,Elijah Moore,,NFL,Anytime TD Scorer,player_touchdown,,2000,,34118078,2026-10-04T17:00:00.0000000Z,,2026-10-03T19:19:46.189157+00:00
draftkings,34118078,374596327,0QA374596327#2303566449_13L88808Q1-1571700727Q20,Matthew Stafford,,NFL,Anytime TD Scorer,player_touchdown,,2000,,34118078,2026-10-04T17:00:00.0000000Z,,2026-10-03T19:19:46.189157+00:00
draftkings,34118078,374596327,0QA374596327#2305086065_13L88808Q1-1777326053Q20,Max Klare,,NFL,Anytime TD Scorer,player_touchdown,,2000,,34118078,2026-10-04T17:00:00.0000000Z,,2026-10-03T19:19:46.189157+00:00
draftkings,34118078,374596327,0QA374596327#2305081400_13L88808Q11205947555Q20,Britain Covey,,NFL,Anytime TD Scorer,player_touchdown,,2200,,34118078,2026-10-04T17:00:00.0000000Z,,2026-10-03T19:19:46.189157+00:00
draftkings,34118078,374596327,0QA374596327#2303566435_13L88808Q166034305Q20,E.J. Jenkins,,NFL,Anytime TD Scorer,player_touchdown,,3000,,34118078,2026-10-04T17:00:00.0000000Z,,2026-10-03T19:19:46.189157+00:00
draftkings,34118078,374596327,0QA374596327#2305085283_13L88808Q1877833251Q20,Dean Connors,,NFL,Anytime TD Scorer,player_touchdown,,4000,,34118078,2026-10-04T17:00:00.0000000Z,,2026-10-03T19:19:46.189157+00:00
draftkings,34118078,374596327,0QA374596327#2305087156_13L88808Q1-410687165Q20,CJ Daniels,,NFL,Anytime TD Scorer,player_touchdown,,4500,,34118078,2026-10-04T17:00:00.0000000Z,,2026-10-03T19:19:46.189157+00:00
draftkings,34118078,374619148,0QA374619148#2303648668_13L88808Q1-166127884Q20,Kyren Williams,,NFL,2+ TDs,player_touchdown,,550,,34118078,2026-10-04T17:00:00.0000000Z,,2026-10-03T19:19:46.189157+00:00
draftkings,34118078,374619148,0QA374619148#2303648660_13L88808Q113349962Q20,Saquon Barkley,,NFL,2+ TDs,player_touchdown,,700,,34118078,2026-10-04T17:00:00.0000000Z,,2026-10-03T19:19:46.189157+00:00
draftkings,34118078,374619148,0QA374619148#2303648669_13L88808Q1273996050Q20,Davante Adams,,NFL,2+ TDs,player_touchdown,,700,,34118078,2026-10-04T17:00:00.0000000Z,,2026-10-03T19:19:46.189157+00:00
draftkings,34118078,374619148,0QA374619148#2303648784_13L88808Q11214736899Q20,Puka Nacua,,NFL,2+ TDs,player_touchdown,,900,,34118078,2026-10-04T17:00:00.0000000Z,,2026-10-03T19:19:46.189157+00:00
draftkings,34118078,374619148,0QA374619148#2303648661_13L88808Q12010829453Q20,Jalen Hurts,,NFL,2+ TDs,player_touchdown,,1200,,34118078,2026-10-04T17:00:00.0000000Z,,2026-10-03T19:19:46.189157+00:00
draftkings,34118078,374619148,0QA374619148#2303648671_13L88808Q11735898398Q20,Tyler Higbee,,NFL,2+ TDs,player_touchdown,,2200,,34118078,2026-10-04T17:00:00.0000000Z,,2026-10-03T19:19:46.189157+00:00
draftkings,34118078,374619148,0QA374619148#2303648663_13L88808Q128617589Q20,Dontayvion Wicks,,NFL,2+ TDs,player_touchdown,,2500,,34118078,2026-10-04T17:00:00.0000000Z,,2026-10-03T19:19:46.189157+00:00
draftkings,34118078,374619148,0QA374619148#2303648670_13L88808Q11181433178Q20,Blake Corum,,NFL,2+ TDs,player_touchdown,,2500,,34118078,2026-10-04T17:00:00.0000000Z,,2026-10-03T19:19:46.189157+00:00
draftkings,34118078,374619148,0QA374619148#2303648673_13L88808Q11942991799Q20,Colby Parkinson,,NFL,2+ TDs,player_touchdown,,2500,,34118078,2026-10-04T17:00:00.0000000Z,,2026-10-03T19:19:46.189157+00:00
draftkings,34118078,374619148,0QA374619148#2303648664_13L88808Q11898435872Q20,Makai Lemon,,NFL,2+ TDs,player_touchdown,,3500,,34118078,2026-10-04T17:00:00.0000000Z,,2026-10-03T19:19:46.189157+00:00
draftkings,34118078,374619148,0QA374619148#2303648787_13L88808Q1950322974Q20,,PHI Eagles D/ST,NFL,2+ TDs,player_touchdown,,4000,,34118078,2026-10-04T17:00:00.0000000Z,,2026-10-03T19:19:46.189157+00:00
draftkings,34118078,374619148,0QA374619148#2303648788_14L88808Q11384442041Q20,,LA Rams D/ST,NFL,2+ TDs,player_touchdown,,4000,,34118078,2026-10-04T17:00:00.0000000Z,,2026-10-03T19:19:46.189157+00:00
draftkings,34118078,374619148,0QA374619148#2303648778_13L88808Q11601348649Q20,Zach Ertz,,NFL,2+ TDs,player_touchdown,,5500,,34118078,2026-10-04T17:00:00.0000000Z,,2026-10-03T19:19:46.189157+00:00
draftkings,34118078,374619148,0QA374619148#2303648672_13L88808Q1761572607Q20,Konata Mumpfield,,NFL,2+ TDs,player_touchdown,,7500,,34118078,2026-10-04T17:00:00.0000000Z,,2026-10-03T19:19:46.189157+00:00
draftkings,34118078,374619148,0QA374619148#2303648780_13L88808Q1-477962024Q20,Darius Cooper,,NFL,2+ TDs,player_touchdown,,10000,,34118078,2026-10-04T17:00:00.0000000Z,,2026-10-03T19:19:46.189157+00:00
draftkings,34118078,374619148,0QA374619148#2303648665_13L88808Q1-1963877060Q20,Tank Bigsby,,NFL,2+ TDs,player_touchdown,,11000,,34118078,2026-10-04T17:00:00.0000000Z,,2026-10-03T19:19:46.189157+00:00
draftkings,34118078,374619148,0QA374619148#2303648674_13L88808Q1-1802470485Q20,Davis Allen,,NFL,2+ TDs,player_touchdown,,12000,,34118078,2026-10-04T17:00:00.0000000Z,,2026-10-03T19:19:46.189157+00:00
draftkings,34118078,374619148,0QA374619148#2305121361_13L88808Q1-1708193574Q20,Tutu Atwell,,NFL,2+ TDs,player_touchdown,,13000,,34118078,2026-10-04T17:00:00.0000000Z,,2026-10-03T19:19:46.189157+00:00
draftkings,34118078,374619148,0QA374619148#2303648666_13L88808Q11590722496Q20,Johnny Mundt,,NFL,2+ TDs,player_touchdown,,13000,,34118078,2026-10-04T17:00:00.0000000Z,,2026-10-03T19:19:46.189157+00:00
draftkings,34118078,374619148,0QA374619148#2303648667_13L88808Q11452380391Q20,Will Shipley,,NFL,2+ TDs,player_touchdown,,14000,,34118078,2026-10-04T17:00:00.0000000Z,,2026-10-03T19:19:46.189157+00:00
draftkings,34118078,374619148,0QA374619148#2303648786_13L88808Q1938023783Q20,Jordan Whittington,,NFL,2+ TDs,player_touchdown,,15000,,34118078,2026-10-04T17:00:00.0000000Z,,2026-10-03T19:19:46.189157+00:00
draftkings,34118078,374619148,0QA374619148#2305081826_13L88808Q1773147884Q20,Britain Covey,,NFL,2+ TDs,player_touchdown,,17000,,34118078,2026-10-04T17:00:00.0000000Z,,2026-10-03T19:19:46.189157+00:00
draftkings,34118078,374619148,0QA374619148#2305121904_13L88808Q11070995336Q20,Max Klare,,NFL,2+ TDs,player_touchdown,,18000,,34118078,2026-10-04T17:00:00.0000000Z,,2026-10-03T19:19:46.189157+00:00
draftkings,34118078,374619148,0QA374619148#2303648675_13L88808Q1878830924Q20,Matthew Stafford,,NFL,2+ TDs,player_touchdown,,20000,,34118078,2026-10-04T17:00:00.0000000Z,,2026-10-03T19:19:46.189157+00:00
draftkings,34118078,374619148,0QA374619148#2303648783_13L88808Q1-734263883Q20,Elijah Moore,,NFL,2+ TDs,player_touchdown,,20000,,34118078,2026-10-04T17:00:00.0000000Z,,2026-10-03T19:19:46.189157+00:00
draftkings,34118078,374619148,0QA374619148#2305087150_13L88808Q1-984761956Q20,CJ Daniels,,NFL,2+ TDs,player_touchdown,,25000,,34118078,2026-10-04T17:00:00.0000000Z,,2026-10-03T19:19:46.189157+00:00
draftkings,34118078,374619148,0QA374619148#2305087151_13L88808Q1-40852682Q20,Dean Connors,,NFL,2+ TDs,player_touchdown,,25000,,34118078,2026-10-04T17:00:00.0000000Z,,2026-10-03T19:19:46.189157+00:00
draftkings,34118078,374619148,0QA374619148#2303648781_13L88808Q1406410203Q20,E.J. Jenkins,,NFL,2+ TDs,player_touchdown,,25000,,34118078,2026-10-04T17:00:00.0000000Z,,2026-10-03T19:19:46.189157+00:00
draftkings,34118124,357426993,0QA357426993#2301851929_13L88808Q11763290140Q20,Chase Brown,,NFL,First TD Scorer,player_touchdown,,475,,34118124,2026-10-04T17:00:00.0000000Z,,2026-10-03T19:19:46.189157+00:00
draftkings,34118124,357426993,0QA357426993#2301852126_13L88808Q1-1660181573Q20,Bhayshul Tuten,,NFL,First TD Scorer,player_touchdown,,650,,34118124,2026-10-04T17:00:00.0000000Z,,2026-10-03T19:19:46.189157+00:00
draftkings,34118124,357426993,0QA357426993#2301851977_13L88808Q1-1462052825Q20,Ja'Marr Chase,,NFL,First TD Scorer,player_touchdown,,700,,34118124,2026-10-04T17:00:00.0000000Z,,2026-10-03T19:19:46.189157+00:00
draftkings,34118124,357426993,0QA357426993#2301852000_13L88808Q1-544014525Q20,Tee Higgins,,NFL,First TD Scorer,player_touchdown,,950,,34118124,2026-10-04T17:00:00.0000000Z,,2026-10-03T19:19:46.189157+00:00
draftkings,34118124,357426993,0QA357426993#2301852128_13L88808Q11220235415Q20,Parker Washington,,NFL,First TD Scorer,player_touchdown,,1000,,34118124,2026-10-04T17:00:00.0000000Z,,2026-10-03T19:19:46.189157+00:00
draftkings,34118124,357426993,0QA357426993#2301852130_13L88808Q1681839508Q20,Jakobi Meyers,,NFL,First TD Scorer,player_touchdown,,1500,,34118124,2026-10-04T17:00:00.0000000Z,,2026-10-03T19:19:46.189157+00:00
draftkings,34118124,357426993,0QA357426993#2301852131_13L88808Q1-412880544Q20,Brenton Strange,,NFL,First TD Scorer,player_touchdown,,1600,,34118124,2026-10-04T17:00:00.0000000Z,,2026-10-03T19:19:46.189157+00:00
draftkings,34118124,357426993,0QA357426993#2301852005_13L88808Q1714230077Q20,Mike Gesicki,,NFL,First TD Scorer,player_touchdown,,1800,,34118124,2026-10-04T17:00:00.0000000Z,,2026-10-03T19:19:46.189157+00:00
draftkings,34118124,357426993,0QA357426993#2301852129_13L88808Q12068895527Q20,Chris Rodriguez Jr.,,NFL,First TD Scorer,player_touchdown,,1900,,34118124,2026-10-04T17:00:00.0000000Z,,2026-10-03T19:19:46.189157+00:00
draftkings,34118124,357426993,0QA357426993#2301852135_13L88808Q1-547766960Q20,Trevor Lawrence,,NFL,First TD Scorer,player_touchdown,,1900,,34118124,2026-10-04T17:00:00.0000000Z,,2026-10-03T19:19:46.189157+00:00
draftkings,34118124,357426993,0QA357426993#2301852133_13L88808Q12045289269Q20,Brian Thomas Jr.,,NFL,First TD Scorer,player_touchdown,,2200,,34118124,2026-10-04T17:00:00.0000000Z,,2026-10-03T19:19:46.189157+00:00
draftkings,34118124,357426993,0QA357426993#2301852036_13L88808Q1-561144861Q20,Samaje Perine,,NFL,First TD Scorer,player_touchdown,,2500,,34118124,2026-10-04T17:00:00.0000000Z,,2026-10-03T19:19:46.189157+00:00
draftkings,34118124,357426993,0QA357426993#2301852106_13L88808Q1425178396Q20,Dohnte Meyers,,NFL,First TD Scorer,player_touchdown,,2500,,34118124,2026-10-04T17:00:00.0000000Z,,2026-10-03T19:19:46.189157+00:00
draftkings,34118124,357426993,0QA357426993#2301852151_13L88808Q11578319727Q20,,CIN Bengals D/ST,NFL,First TD Scorer,player_touchdown,,3000,,34118124,2026-10-04T17:00:00.0000000Z,,2026-10-03T19:19:46.189157+00:00
draftkings,34118124,357426993,0QA357426993#2301852153_14L88808Q1-1210908055Q20,,JAX Jaguars D/ST,NFL,First TD Scorer,player_touchdown,,3000,,34118124,2026-10-04T17:00:00.0000000Z,,2026-10-03T19:19:46.189157+00:00
draftkings,34118124,357426993,0QA357426993#2301852059_13L88808Q1848715583Q20,Drew Sample,,NFL,First TD Scorer,player_touchdown,,3500,,34118124,2026-10-04T17:00:00.0000000Z,,2026-10-03T19:19:46.189157+00:00
draftkings,34118124,357426993,0QA357426993#2301852085_13L88808Q1-945889102Q20,Joe Burrow,,NFL,First TD Scorer,player_touchdown,,4000,,34118124,2026-10-04T17:00:00.0000000Z,,2026-10-03T19:19:46.189157+00:00
draftkings,34118124,357426993,0QA357426993#2301852149_13L88808Q11338952608Q20,Josh Cameron,,NFL,First TD Scorer,player_touchdown,,4000,,34118124,2026-10-04T17:00:00.0000000Z,,2026-10-03T19:19:46.189157+00:00
draftkings,34118124,357426993,0QA357426993#2301852137_13L88808Q1-1473575087Q20,LeQuint Allen,,NFL,First TD Scorer,player_touchdown,,5000,,34118124,2026-10-04T17:00:00.0000000Z,,2026-10-03T19:19:46.189157+00:00
draftkings,34118124,357426993,0QA357426993#2301852139_13L88808Q11563889571Q20,Ameer Abdullah,,NFL,First TD Scorer,player_touchdown,,5000,,34118124,2026-10-04T17:00:00.0000000Z,,2026-10-03T19:19:46.189157+00:00
draftkings,34118124,357426993,0QA357426993#2301852143_13L88808Q11924402964Q20,Nate Boerkircher,,NFL,First TD Scorer,player_touchdown,,5000,,34118124,2026-10-04T17:00:00.0000000Z,,2026-10-03T19:19:46.189157+00:00
draftkings,34118124,357426993,0QA357426993#2303904007_13L88808Q1711511467Q20,Jack Endries,,NFL,First TD Scorer,player_touchdown,,5000,,34118124,2026-10-04T17:00:00.0000000Z,,2026-10-03T19:19:46.189157+00:00
draftkings,34118124,357426993,0QA357426993#2303951629_13L88808Q1-988984809Q20,Mitchell Tinsley,,NFL,First TD Scorer,player_touchdown,,5500,,34118124,2026-10-04T17:00:00.0000000Z,,2026-10-03T19:19:46.189157+00:00
draftkings,34118124,357426993,0QA357426993#2301852097_13L88808Q1-751651561Q20,Erick All,,NFL,First TD Scorer,player_touchdown,,6000,,34118124,2026-10-04T17:00:00.0000000Z,,2026-10-03T19:19:46.189157+00:00
draftkings,34118124,357426993,0QA357426993#2301852141_13L88808Q1-1949955777Q20,Travis Hunter,,NFL,First TD Scorer,player_touchdown,,6000,,34118124,2026-10-04T17:00:00.0000000Z,,2026-10-03T19:19:46.189157+00:00
draftkings,34118124,357426993,0QA357426993#2301852147_13L88808Q1751672276Q20,Quintin Morris,,NFL,First TD Scorer,player_touchdown,,7000,,34118124,2026-10-04T17:00:00.0000000Z,,2026-10-03T19:19:46.189157+00:00
draftkings,34118124,357426993,0QA357426993#2301852113_13L88808Q12029580497Q20,Tanner Hudson,,NFL,First TD Scorer,player_touchdown,,7500,,34118124,2026-10-04T17:00:00.0000000Z,,2026-10-03T19:19:46.189157+00:00
draftkings,34118124,357426993,0QA357426993#2301852145_13L88808Q1-1929096239Q20,Tanner Koziol,,NFL,First TD Scorer,player_touchdown,,7500,,34118124,2026-10-04T17:00:00.0000000Z,,2026-10-03T19:19:46.189157+00:00
draftkings,34118124,357426993,0QA357426993#2304889971_13L88808Q1-636588977Q20,CJ Williams,,NFL,First TD Scorer,player_touchdown,,7500,,34118124,2026-10-04T17:00:00.0000000Z,,2026-10-03T19:19:46.189157+00:00
draftkings,34118124,357426993,0QA357426993#2301852121_13L88808Q1850129023Q20,Tahj Brooks,,NFL,First TD Scorer,player_touchdown,,9000,,34118124,2026-10-04T17:00:00.0000000Z,,2026-10-03T19:19:46.189157+00:00
draftkings,34118124,357426993,0QA357426993#2235183942_13L88808Q1-1777442974Q20,,No Touchdown Scorer,NFL,First TD Scorer,player_touchdown,,19000,,34118124,2026-10-04T17:00:00.0000000Z,,2026-10-03T19:19:46.189157+00:00
draftkings,34118124,374131737,0QA374131737#2301859708_13L88808Q1-203805330Q20,Chase Brown,,NFL,Anytime TD Scorer,player_touchdown,,,,34118124,2026-10-04T17:00:00.0000000Z,,2026-10-03T19:19:46.189157+00:00
draftkings,34118124,374131737,0QA374131737#2301859709_13L88808Q11365449708Q20,Ja'Marr Chase,,NFL,Anytime TD Scorer,player_touchdown,,,,34118124,2026-10-04T17:00:00.0000000Z,,2026-10-03T19:19:46.189157+00:00
draftkings,34118124,374131737,0QA374131737#2301859722_13L88808Q11230695518Q20,Bhayshul Tuten,,NFL,Anytime TD Scorer,player_touchdown,,100,,34118124,2026-10-04T17:00:00.0000000Z,,2026-10-03T19:19:46.189157+00:00
draftkings,34118124,374131737,0QA374131737#2301859710_13L88808Q1106346443Q20,Tee Higgins,,NFL,Anytime TD Scorer,player_touchdown,,130,,34118124,2026-10-04T17:00:00.0000000Z,,2026-10-03T19:19:46.189157+00:00
draftkings,34118124,374131737,0QA374131737#2301859721_13L88808Q1-849064763Q20,Parker Washington,,NFL,Anytime TD Scorer,player_touchdown,,135,,34118124,2026-10-04T17:00:00.0000000Z,,2026-10-03T19:19:46.189157+00:00
draftkings,34118124,374131737,0QA374131737#2301859723_13L88808Q1-992648746Q20,Jakobi Meyers,,NFL,Anytime TD Scorer,player_touchdown,,240,,34118124,2026-10-04T17:00:00.0000000Z,,2026-10-03T19:19:46.189157+00:00
draftkings,34118124,374131737,0QA374131737#2301859724_13L88808Q1-1393332464Q20,Brenton Strange,,NFL,Anytime TD Scorer,player_touchdown,,265,,34118124,2026-10-04T17:00:00.0000000Z,,2026-10-03T19:19:46.189157+00:00
draftkings,34118124,374131737,0QA374131737#2301859725_13L88808Q11137102484Q20,Chris Rodriguez Jr.,,NFL,Anytime TD Scorer,player_touchdown,,300,,34118124,2026-10-04T17:00:00.0000000Z,,2026-10-03T19:19:46.189157+00:00
draftkings,34118124,374131737,0QA374131737#2301859711_13L88808Q1-1846552455Q20,Mike Gesicki,,NFL,Anytime TD Scorer,player_touchdown,,320,,34118124,2026-10-04T17:00:00.0000000Z,,2026-10-03T19:19:46.189157+00:00
draftkings,34118124,374131737,0QA374131737#2301859726_13L88808Q1-271780635Q20,Brian Thomas Jr.,,NFL,Anytime TD Scorer,player_touchdown,,340,,34118124,2026-10-04T17:00:00.0000000Z,,2026-10-03T19:19:46.189157+00:00
draftkings,34118124,374131737,0QA374131737#2301859727_13L88808Q1-1192653454Q20,Trevor Lawrence,,NFL,Anytime TD Scorer,player_touchdown,,340,,34118124,2026-10-04T17:00:00.0000000Z,,2026-10-03T19:19:46.189157+00:00
draftkings,34118124,374131737,0QA374131737#2301859712_13L88808Q11111630045Q20,Samaje Perine,,NFL,Anytime TD Scorer,player_touchdown,,425,,34118124,2026-10-04T17:00:00.0000000Z,,2026-10-03T19:19:46.189157+00:00
draftkings,34118124,374131737,0QA374131737#2301859716_13L88808Q1-1404735829Q20,Dohnte Meyers,,NFL,Anytime TD Scorer,player_touchdown,,450,,34118124,2026-10-04T17:00:00.0000000Z,,2026-10-03T19:19:46.189157+00:00
draftkings,34118124,374131737,0QA374131737#2301859694_13L88808Q1474338833Q20,,CIN Bengals D/ST,NFL,Anytime TD Scorer,player_touchdown,,550,,34118124,2026-10-04T17:00:00.0000000Z,,2026-10-03T19:19:46.189157+00:00
draftkings,34118124,374131737,0QA374131737#2301859695_14L88808Q11902582219Q20,,JAX Jaguars D/ST,NFL,Anytime TD Scorer,player_touchdown,,550,,34118124,2026-10-04T17:00:00.0000000Z,,2026-10-03T19:19:46.189157+00:00
draftkings,34118124,374131737,0QA374131737#2301859715_13L88808Q1-409986828Q20,Drew Sample,,NFL,Anytime TD Scorer,player_touchdown,,700,,34118124,2026-10-04T17:00:00.0000000Z,,2026-10-03T19:19:46.189157+00:00
draftkings,34118124,374131737,0QA374131737#2301859733_13L88808Q11380693923Q20,Josh Cameron,,NFL,Anytime TD Scorer,player_touchdown,,700,,34118124,2026-10-04T17:00:00.0000000Z,,2026-10-03T19:19:46.189157+00:00
draftkings,34118124,374131737,0QA374131737#2301859728_13L88808Q1-2000471906Q20,LeQuint Allen,,NFL,Anytime TD Scorer,player_touchdown,,850,,34118124,2026-10-04T17:00:00.0000000Z,,2026-10-03T19:19:46.189157+00:00
draftkings,34118124,374131737,0QA374131737#2301859713_13L88808Q1219777051Q20,Joe Burrow,,NFL,Anytime TD Scorer,player_touchdown,,900,,34118124,2026-10-04T17:00:00.0000000Z,,2026-10-03T19:19:46.189157+00:00
draftkings,34118124,374131737,0QA374131737#2301859731_13L88808Q1-292926888Q20,Nate Boerkircher,,NFL,Anytime TD Scorer,player_touchdown,,900,,34118124,2026-10-04T17:00:00.0000000Z,,2026-10-03T19:19:46.189157+00:00
draftkings,34118124,374131737,0QA374131737#2301859729_13L88808Q1352353478Q20,Ameer Abdullah,,NFL,Anytime TD Scorer,player_touchdown,,1000,,34118124,2026-10-04T17:00:00.0000000Z,,2026-10-03T19:19:46.189157+00:00
draftkings,34118124,374131737,0QA374131737#2303951666_13L88808Q1-816292277Q20,Mitchell Tinsley,,NFL,Anytime TD Scorer,player_touchdown,,1000,,34118124,2026-10-04T17:00:00.0000000Z,,2026-10-03T19:19:46.189157+00:00
draftkings,34118124,374131737,0QA374131737#2301859714_13L88808Q1-1244917258Q20,Erick All,,NFL,Anytime TD Scorer,player_touchdown,,1100,,34118124,2026-10-04T17:00:00.0000000Z,,2026-10-03T19:19:46.189157+00:00
draftkings,34118124,374131737,0QA374131737#2303904032_13L88808Q11452425719Q20,Jack Endries,,NFL,Anytime TD Scorer,player_touchdown,,1100,,34118124,2026-10-04T17:00:00.0000000Z,,2026-10-03T19:19:46.189157+00:00
draftkings,34118124,374131737,0QA374131737#2301859717_13L88808Q11348488787Q20,Tanner Hudson,,NFL,Anytime TD Scorer,player_touchdown,,1200,,34118124,2026-10-04T17:00:00.0000000Z,,2026-10-03T19:19:46.189157+00:00
draftkings,34118124,374131737,0QA374131737#2301859730_13L88808Q1-458881524Q20,Travis Hunter,,NFL,Anytime TD Scorer,player_touchdown,,1400,,34118124,2026-10-04T17:00:00.0000000Z,,2026-10-03T19:19:46.189157+00:00
draftkings,34118124,374131737,0QA374131737#2301859732_13L88808Q1-1307850565Q20,Quintin Morris,,NFL,Anytime TD Scorer,player_touchdown,,1500,,34118124,2026-10-04T17:00:00.0000000Z,,2026-10-03T19:19:46.189157+00:00
draftkings,34118124,374131737,0QA374131737#2301859734_13L88808Q12048334155Q20,Tanner Koziol,,NFL,Anytime TD Scorer,player_touchdown,,1600,,34118124,2026-10-04T17:00:00.0000000Z,,2026-10-03T19:19:46.189157+00:00
draftkings,34118124,374131737,0QA374131737#2304889987_13L88808Q1-249028479Q20,CJ Williams,,NFL,Anytime TD Scorer,player_touchdown,,1700,,34118124,2026-10-04T17:00:00.0000000Z,,2026-10-03T19:19:46.189157+00:00
draftkings,34118124,374131737,0QA374131737#2301859718_13L88808Q1-287412241Q20,Tahj Brooks,,NFL,Anytime TD Scorer,player_touchdown,,1800,,34118124,2026-10-04T17:00:00.0000000Z,,2026-10-03T19:19:46.189157+00:00
draftkings,34118124,374408054,0QA374408054#2302916555_13L88808Q11277985563Q20,Chase Brown,,NFL,2+ TDs,player_touchdown,,370,,34118124,2026-10-04T17:00:00.0000000Z,,2026-10-03T19:19:46.189157+00:00
draftkings,34118124,374408054,0QA374408054#2302916556_13L88808Q11526916627Q20,Ja'Marr Chase,,NFL,2+ TDs,player_touchdown,,550,,34118124,2026-10-04T17:00:00.0000000Z,,2026-10-03T19:19:46.189157+00:00
draftkings,34118124,374408054,0QA374408054#2302916558_13L88808Q1163343434Q20,Bhayshul Tuten,,NFL,2+ TDs,player_touchdown,,600,,34118124,2026-10-04T17:00:00.0000000Z,,2026-10-03T19:19:46.189157+00:00
draftkings,34118124,374408054,0QA374408054#2302916557_13L88808Q1-1865349726Q20,Tee Higgins,,NFL,2+ TDs,player_touchdown,,950,,34118124,2026-10-04T17:00:00.0000000Z,,2026-10-03T19:19:46.189157+00:00
draftkings,34118124,374408054,0QA374408054#2302916559_13L88808Q1954782757Q20,Parker Washington,,NFL,2+ TDs,player_touchdown,,950,,34118124,2026-10-04T17:00:00.0000000Z,,2026-10-03T19:19:46.189157+00:00
draftkings,34118124,374408054,0QA374408054#2302916560_13L88808Q1-1246069346Q20,Jakobi Meyers,,NFL,2+ TDs,player_touchdown,,2000,,34118124,2026-10-04T17:00:00.0000000Z,,2026-10-03T19:19:46.189157+00:00
draftkings,34118124,374408054,0QA374408054#2302916576_13L88808Q1-1682061720Q20,Brenton Strange,,NFL,2+ TDs,player_touchdown,,2200,,34118124,2026-10-04T17:00:00.0000000Z,,2026-10-03T19:19:46.189157+00:00
draftkings,34118124,374408054,0QA374408054#2302916577_13L88808Q1-1327690156Q20,Chris Rodriguez Jr.,,NFL,2+ TDs,player_touchdown,,2500,,34118124,2026-10-04T17:00:00.0000000Z,,2026-10-03T19:19:46.189157+00:00
draftkings,34118124,374408054,0QA374408054#2302916566_13L88808Q1-1016060448Q20,Mike Gesicki,,NFL,2+ TDs,player_touchdown,,3000,,34118124,2026-10-04T17:00:00.0000000Z,,2026-10-03T19:19:46.189157+00:00
draftkings,34118124,374408054,0QA374408054#2302916578_13L88808Q1274701345Q20,Trevor Lawrence,,NFL,2+ TDs,player_touchdown,,3000,,34118124,2026-10-04T17:00:00.0000000Z,,2026-10-03T19:19:46.189157+00:00
draftkings,34118124,374408054,0QA374408054#2302916579_13L88808Q11304672355Q20,Brian Thomas Jr.,,NFL,2+ TDs,player_touchdown,,3500,,34118124,2026-10-04T17:00:00.0000000Z,,2026-10-03T19:19:46.189157+00:00
draftkings,34118124,374408054,0QA374408054#2302916567_13L88808Q11431463573Q20,Dohnte Meyers,,NFL,2+ TDs,player_touchdown,,4500,,34118124,2026-10-04T17:00:00.0000000Z,,2026-10-03T19:19:46.189157+00:00
draftkings,34118124,374408054,0QA374408054#2302916568_13L88808Q1-1895789824Q20,Samaje Perine,,NFL,2+ TDs,player_touchdown,,4500,,34118124,2026-10-04T17:00:00.0000000Z,,2026-10-03T19:19:46.189157+00:00
draftkings,34118124,374408054,0QA374408054#2302916587_13L88808Q11911725373Q20,,CIN Bengals D/ST,NFL,2+ TDs,player_touchdown,,5000,,34118124,2026-10-04T17:00:00.0000000Z,,2026-10-03T19:19:46.189157+00:00
draftkings,34118124,374408054,0QA374408054#2302916588_14L88808Q12146444841Q20,,JAX Jaguars D/ST,NFL,2+ TDs,player_touchdown,,5500,,34118124,2026-10-04T17:00:00.0000000Z,,2026-10-03T19:19:46.189157+00:00
draftkings,34118124,374408054,0QA374408054#2302916569_13L88808Q1992963390Q20,Drew Sample,,NFL,2+ TDs,player_touchdown,,8000,,34118124,2026-10-04T17:00:00.0000000Z,,2026-10-03T19:19:46.189157+00:00
draftkings,34118124,374408054,0QA374408054#2302916582_13L88808Q1-1585722573Q20,Josh Cameron,,NFL,2+ TDs,player_touchdown,,8000,,34118124,2026-10-04T17:00:00.0000000Z,,2026-10-03T19:19:46.189157+00:00
draftkings,34118124,374408054,0QA374408054#2302916580_13L88808Q11005370891Q20,LeQuint Allen,,NFL,2+ TDs,player_touchdown,,10000,,34118124,2026-10-04T17:00:00.0000000Z,,2026-10-03T19:19:46.189157+00:00
draftkings,34118124,374408054,0QA374408054#2302916571_13L88808Q1158576549Q20,Joe Burrow,,NFL,2+ TDs,player_touchdown,,12000,,34118124,2026-10-04T17:00:00.0000000Z,,2026-10-03T19:19:46.189157+00:00
draftkings,34118124,374408054,0QA374408054#2302916581_13L88808Q1-1058483772Q20,Nate Boerkircher,,NFL,2+ TDs,player_touchdown,,12000,,34118124,2026-10-04T17:00:00.0000000Z,,2026-10-03T19:19:46.189157+00:00
draftkings,34118124,374408054,0QA374408054#2302916583_13L88808Q11793756861Q20,Ameer Abdullah,,NFL,2+ TDs,player_touchdown,,12000,,34118124,2026-10-04T17:00:00.0000000Z,,2026-10-03T19:19:46.189157+00:00
draftkings,34118124,374408054,0QA374408054#2303951620_13L88808Q1-2075716829Q20,Mitchell Tinsley,,NFL,2+ TDs,player_touchdown,,13000,,34118124,2026-10-04T17:00:00.0000000Z,,2026-10-03T19:19:46.189157+00:00
draftkings,34118124,374408054,0QA374408054#2302916572_13L88808Q1622559491Q20,Tanner Hudson,,NFL,2+ TDs,player_touchdown,,14000,,34118124,2026-10-04T17:00:00.0000000Z,,2026-10-03T19:19:46.189157+00:00
draftkings,34118124,374408054,0QA374408054#2302916570_13L88808Q1-2112566609Q20,Erick All,,NFL,2+ TDs,player_touchdown,,15000,,34118124,2026-10-04T17:00:00.0000000Z,,2026-10-03T19:19:46.189157+00:00
draftkings,34118124,374408054,0QA374408054#2302916584_13L88808Q1808033872Q20,Travis Hunter,,NFL,2+ TDs,player_touchdown,,15000,,34118124,2026-10-04T17:00:00.0000000Z,,2026-10-03T19:19:46.189157+00:00
draftkings,34118124,374408054,0QA374408054#2303904006_13L88808Q1-1082668114Q20,Jack Endries,,NFL,2+ TDs,player_touchdown,,17000,,34118124,2026-10-04T17:00:00.0000000Z,,2026-10-03T19:19:46.189157+00:00
draftkings,34118124,374408054,0QA374408054#2302916586_13L88808Q11274612628Q20,Tanner Koziol,,NFL,2+ TDs,player_touchdown,,17000,,34118124,2026-10-04T17:00:00.0000000Z,,2026-10-03T19:19:46.189157+00:00
draftkings,34118124,374408054,0QA374408054#2302916574_13L88808Q1-1436842567Q20,Tahj Brooks,,NFL,2+ TDs,player_touchdown,,18000,,34118124,2026-10-04T17:00:00.0000000Z,,2026-10-03T19:19:46.189157+00:00
draftkings,34118124,374408054,0QA374408054#2302916585_13L88808Q11894890553Q20,Quintin Morris,,NFL,2+ TDs,player_touchdown,,19000,,34118124,2026-10-04T17:00:00.0000000Z,,2026-10-03T19:19:46.189157+00:00
draftkings,34118124,374408054,0QA374408054#2304889966_13L88808Q1-687789525Q20,CJ Williams,,NFL,2+ TDs,player_touchdown,,20000,,34118124,2026-10-04T17:00:00.0000000Z,,2026-10-03T19:19:46.189157+00:00
draftkings,34118036,357445886,0QA357445886#2301840565_13L88808Q12032469197Q20,D'Andre Swift,,NFL,First TD Scorer,player_touchdown,,425,,34118036,2026-10-04T17:00:00.0000000Z,,2026-10-03T19:19:46.189157+00:00
draftkings,34118036,357445886,0QA357445886#2301840622_13L88808Q1-1708855124Q20,Kyle Monangai,,NFL,First TD Scorer,player_touchdown,,650,,34118036,2026-10-04T17:00:00.0000000Z,,2026-10-03T19:19:46.189157+00:00
draftkings,34118036,357445886,0QA357445886#2301841655_13L88808Q11711666477Q20,Braelon Allen,,NFL,First TD Scorer,player_touchdown,,700,,34118036,2026-10-04T17:00:00.0000000Z,,2026-10-03T19:19:46.189157+00:00
draftkings,34118036,357445886,0QA357445886#2301841577_13L88808Q11276876800Q20,Garrett Wilson,,NFL,First TD Scorer,player_touchdown,,950,,34118036,2026-10-04T17:00:00.0000000Z,,2026-10-03T19:19:46.189157+00:00
draftkings,34118036,357445886,0QA357445886#2301840707_13L88808Q1-579868776Q20,Luther Burden III,,NFL,First TD Scorer,player_touchdown,,1100,,34118036,2026-10-04T17:00:00.0000000Z,,2026-10-03T19:19:46.189157+00:00
draftkings,34118036,357445886,0QA357445886#2301840744_13L88808Q1868631041Q20,Colston Loveland,,NFL,First TD Scorer,player_touchdown,,1200,,34118036,2026-10-04T17:00:00.0000000Z,,2026-10-03T19:19:46.189157+00:00
draftkings,34118036,357445886,0QA357445886#2301841734_13L88808Q146249329Q20,Kenyon Sadiq,,NFL,First TD Scorer,player_touchdown,,1300,,34118036,2026-10-04T17:00:00.0000000Z,,2026-10-03T19:19:46.189157+00:00
draftkings,34118036,357445886,0QA357445886#2301841836_13L88808Q1419105347Q20,Isaiah Davis,,NFL,First TD Scorer,player_touchdown,,1500,,34118036,2026-10-04T17:00:00.0000000Z,,2026-10-03T19:19:46.189157+00:00
draftkings,34118036,357445886,0QA357445886#2301840837_13L88808Q11206423224Q20,Rome Odunze,,NFL,First TD Scorer,player_touchdown,,1600,,34118036,2026-10-04T17:00:00.0000000Z,,2026-10-03T19:19:46.189157+00:00
draftkings,34118036,357445886,0QA357445886#2301840888_13L88808Q1-1792332700Q20,Kalif Raymond,,NFL,First TD Scorer,player_touchdown,,1700,,34118036,2026-10-04T17:00:00.0000000Z,,2026-10-03T19:19:46.189157+00:00
draftkings,34118036,357445886,0QA357445886#2301841005_13L88808Q1-2088102858Q20,Tyson Bagent,,NFL,First TD Scorer,player_touchdown,,1900,,34118036,2026-10-04T17:00:00.0000000Z,,2026-10-03T19:19:46.189157+00:00
draftkings,34118036,357445886,0QA357445886#2301841925_13L88808Q1-1708263279Q20,Isaiah Williams,,NFL,First TD Scorer,player_touchdown,,2200,,34118036,2026-10-04T17:00:00.0000000Z,,2026-10-03T19:19:46.189157+00:00
draftkings,34118036,357445886,0QA357445886#2301842404_13L88808Q11583328235Q20,,CHI Bears D/ST,NFL,First TD Scorer,player_touchdown,,2200,,34118036,2026-10-04T17:00:00.0000000Z,,2026-10-03T19:19:46.189157+00:00
draftkings,34118036,357445886,0QA357445886#2301841117_13L88808Q11142078243Q20,Cole Kmet,,NFL,First TD Scorer,player_touchdown,,2500,,34118036,2026-10-04T17:00:00.0000000Z,,2026-10-03T19:19:46.189157+00:00
draftkings,34118036,357445886,0QA357445886#2301842490_14L88808Q1976370313Q20,,NY Jets D/ST,NFL,First TD Scorer,player_touchdown,,2800,,34118036,2026-10-04T17:00:00.0000000Z,,2026-10-03T19:19:46.189157+00:00
draftkings,34118036,357445886,0QA357445886#2301842185_13L88808Q1-1443627338Q20,Jeremy Ruckert,,NFL,First TD Scorer,player_touchdown,,3500,,34118036,2026-10-04T17:00:00.0000000Z,,2026-10-03T19:19:46.189157+00:00
draftkings,34118036,357445886,0QA357445886#2301841970_13L88808Q11006676732Q20,Geno Smith,,NFL,First TD Scorer,player_touchdown,,4000,,34118036,2026-10-04T17:00:00.0000000Z,,2026-10-03T19:19:46.189157+00:00
draftkings,34118036,357445886,0QA357445886#2301842298_13L88808Q1-863507145Q20,Sterling Shepard,,NFL,First TD Scorer,player_touchdown,,4000,,34118036,2026-10-04T17:00:00.0000000Z,,2026-10-03T19:19:46.189157+00:00
draftkings,34118036,357445886,0QA357445886#2301841200_13L88808Q1-2083509679Q20,Jahdae Walker,,NFL,First TD Scorer,player_touchdown,,5500,,34118036,2026-10-04T17:00:00.0000000Z,,2026-10-03T19:19:46.189157+00:00
draftkings,34118036,357445886,0QA357445886#2301841350_13L88808Q1-709714931Q20,Sam Roush,,NFL,First TD Scorer,player_touchdown,,5500,,34118036,2026-10-04T17:00:00.0000000Z,,2026-10-03T19:19:46.189157+00:00
draftkings,34118036,357445886,0QA357445886#2305140815_13L88808Q1140130218Q20,Malik McClain,,NFL,First TD Scorer,player_touchdown,,6000,,34118036,2026-10-04T17:00:00.0000000Z,,2026-10-03T19:19:46.189157+00:00
draftkings,34118036,357445886,0QA357445886#2301863433_13L88808Q1-835081077Q20,Zavion Thomas,,NFL,First TD Scorer,player_touchdown,,7000,,34118036,2026-10-04T17:00:00.0000000Z,,2026-10-03T19:19:46.189157+00:00
draftkings,34118036,357445886,0QA357445886#2301841238_13L88808Q1-442586005Q20,Roschon Johnson,,NFL,First TD Scorer,player_touchdown,,7500,,34118036,2026-10-04T17:00:00.0000000Z,,2026-10-03T19:19:46.189157+00:00
draftkings,34118036,357445886,0QA357445886#2301842132_13L88808Q1806995583Q20,Jelani Woods,,NFL,First TD Scorer,player_touchdown,,7500,,34118036,2026-10-04T17:00:00.0000000Z,,2026-10-03T19:19:46.189157+00:00
draftkings,34118036,357445886,0QA357445886#2305145517_13L88808Q1429972660Q20,Kene Nwangwu,,NFL,First TD Scorer,player_touchdown,,8000,,34118036,2026-10-04T17:00:00.0000000Z,,2026-10-03T19:19:46.189157+00:00
draftkings,34118036,357445886,0QA357445886#2305149419_13L88808Q11294428155Q20,Jamaal Pritchett,,NFL,First TD Scorer,player_touchdown,,8000,,34118036,2026-10-04T17:00:00.0000000Z,,2026-10-03T19:19:46.189157+00:00
draftkings,34118036,357445886,0QA357445886#2301842366_13L88808Q11266119121Q20,Andrew Beck,,NFL,First TD Scorer,player_touchdown,,10000,,34118036,2026-10-04T17:00:00.0000000Z,,2026-10-03T19:19:46.189157+00:00
draftkings,34118036,357445886,0QA357445886#2235243341_13L88808Q1-1777442974Q20,,No Touchdown Scorer,NFL,First TD Scorer,player_touchdown,,11000,,34118036,2026-10-04T17:00:00.0000000Z,,2026-10-03T19:19:46.189157+00:00
draftkings,34118036,374127876,0QA374127876#2301844419_13L88808Q151577722Q20,D'Andre Swift,,NFL,Anytime TD Scorer,player_touchdown,,,,34118036,2026-10-04T17:00:00.0000000Z,,2026-10-03T19:19:46.189157+00:00
draftkings,34118036,374127876,0QA374127876#2301844433_13L88808Q1-1853948704Q20,Braelon Allen,,NFL,Anytime TD Scorer,player_touchdown,,115,,34118036,2026-10-04T17:00:00.0000000Z,,2026-10-03T19:19:46.189157+00:00
draftkings,34118036,374127876,0QA374127876#2301844431_13L88808Q1322761913Q20,Garrett Wilson,,NFL,Anytime TD Scorer,player_touchdown,,150,,34118036,2026-10-04T17:00:00.0000000Z,,2026-10-03T19:19:46.189157+00:00
draftkings,34118036,374127876,0QA374127876#2301844420_13L88808Q1655740791Q20,Kyle Monangai,,NFL,Anytime TD Scorer,player_touchdown,,185,,34118036,2026-10-04T17:00:00.0000000Z,,2026-10-03T19:19:46.189157+00:00
draftkings,34118036,374127876,0QA374127876#2301844434_13L88808Q1-216139177Q20,Kenyon Sadiq,,NFL,Anytime TD Scorer,player_touchdown,,230,,34118036,2026-10-04T17:00:00.0000000Z,,2026-10-03T19:19:46.189157+00:00
draftkings,34118036,374127876,0QA374127876#2301844422_13L88808Q12086988331Q20,Luther Burden III,,NFL,Anytime TD Scorer,player_touchdown,,235,,34118036,2026-10-04T17:00:00.0000000Z,,2026-10-03T19:19:46.189157+00:00
draftkings,34118036,374127876,0QA374127876#2301844421_13L88808Q1-2109230062Q20,Colston Loveland,,NFL,Anytime TD Scorer,player_touchdown,,240,,34118036,2026-10-04T17:00:00.0000000Z,,2026-10-03T19:19:46.189157+00:00
draftkings,34118036,374127876,0QA374127876#2301844435_13L88808Q11763809006Q20,Isaiah Davis,,NFL,Anytime TD Scorer,player_touchdown,,300,,34118036,2026-10-04T17:00:00.0000000Z,,2026-10-03T19:19:46.189157+00:00
draftkings,34118036,374127876,0QA374127876#2301844423_13L88808Q1-848465730Q20,Rome Odunze,,NFL,Anytime TD Scorer,player_touchdown,,320,,34118036,2026-10-04T17:00:00.0000000Z,,2026-10-03T19:19:46.189157+00:00
draftkings,34118036,374127876,0QA374127876#2301844424_13L88808Q1633357284Q20,Kalif Raymond,,NFL,Anytime TD Scorer,player_touchdown,,340,,34118036,2026-10-04T17:00:00.0000000Z,,2026-10-03T19:19:46.189157+00:00
draftkings,34118036,374127876,0QA374127876#2301844425_13L88808Q1-1214812450Q20,Tyson Bagent,,NFL,Anytime TD Scorer,player_touchdown,,425,,34118036,2026-10-04T17:00:00.0000000Z,,2026-10-03T19:19:46.189157+00:00
draftkings,34118036,374127876,0QA374127876#2301844436_13L88808Q12123082164Q20,Isaiah Williams,,NFL,Anytime TD Scorer,player_touchdown,,450,,34118036,2026-10-04T17:00:00.0000000Z,,2026-10-03T19:19:46.189157+00:00
draftkings,34118036,374127876,0QA374127876#2301844272_13L88808Q11487075913Q20,,CHI Bears D/ST,NFL,Anytime TD Scorer,player_touchdown,,500,,34118036,2026-10-04T17:00:00.0000000Z,,2026-10-03T19:19:46.189157+00:00
draftkings,34118036,374127876,0QA374127876#2301844426_13L88808Q1-1982448170Q20,Cole Kmet,,NFL,Anytime TD Scorer,player_touchdown,,550,,34118036,2026-10-04T17:00:00.0000000Z,,2026-10-03T19:19:46.189157+00:00
draftkings,34118036,374127876,0QA374127876#2301844273_14L88808Q11160430042Q20,,NY Jets D/ST,NFL,Anytime TD Scorer,player_touchdown,,600,,34118036,2026-10-04T17:00:00.0000000Z,,2026-10-03T19:19:46.189157+00:00
draftkings,34118036,374127876,0QA374127876#2301844440_13L88808Q1433051443Q20,Jeremy Ruckert,,NFL,Anytime TD Scorer,player_touchdown,,750,,34118036,2026-10-04T17:00:00.0000000Z,,2026-10-03T19:19:46.189157+00:00
draftkings,34118036,374127876,0QA374127876#2301844441_13L88808Q1-1040068565Q20,Sterling Shepard,,NFL,Anytime TD Scorer,player_touchdown,,800,,34118036,2026-10-04T17:00:00.0000000Z,,2026-10-03T19:19:46.189157+00:00
draftkings,34118036,374127876,0QA374127876#2301844437_13L88808Q1-1340259376Q20,Geno Smith,,NFL,Anytime TD Scorer,player_touchdown,,900,,34118036,2026-10-04T17:00:00.0000000Z,,2026-10-03T19:19:46.189157+00:00
draftkings,34118036,374127876,0QA374127876#2305140845_13L88808Q1810777220Q20,Malik McClain,,NFL,Anytime TD Scorer,player_touchdown,,1300,,34118036,2026-10-04T17:00:00.0000000Z,,2026-10-03T19:19:46.189157+00:00
draftkings,34118036,374127876,0QA374127876#2301844427_13L88808Q1-1770507643Q20,Jahdae Walker,,NFL,Anytime TD Scorer,player_touchdown,,1500,,34118036,2026-10-04T17:00:00.0000000Z,,2026-10-03T19:19:46.189157+00:00
draftkings,34118036,374127876,0QA374127876#2301844429_13L88808Q1519659230Q20,Sam Roush,,NFL,Anytime TD Scorer,player_touchdown,,1600,,34118036,2026-10-04T17:00:00.0000000Z,,2026-10-03T19:19:46.189157+00:00
draftkings,34118036,374127876,0QA374127876#2301844428_13L88808Q11750193742Q20,Roschon Johnson,,NFL,Anytime TD Scorer,player_touchdown,,1700,,34118036,2026-10-04T17:00:00.0000000Z,,2026-10-03T19:19:46.189157+00:00
draftkings,34118036,374127876,0QA374127876#2301844439_13L88808Q12082329469Q20,Jelani Woods,,NFL,Anytime TD Scorer,player_touchdown,,1900,,34118036,2026-10-04T17:00:00.0000000Z,,2026-10-03T19:19:46.189157+00:00
draftkings,34118036,374127876,0QA374127876#2301844430_13L88808Q1266242460Q20,Zavion Thomas,,NFL,Anytime TD Scorer,player_touchdown,,2000,,34118036,2026-10-04T17:00:00.0000000Z,,2026-10-03T19:19:46.189157+00:00
draftkings,34118036,374127876,0QA374127876#2305145561_13L88808Q12100216700Q20,Kene Nwangwu,,NFL,Anytime TD Scorer,player_touchdown,,2200,,34118036,2026-10-04T17:00:00.0000000Z,,2026-10-03T19:19:46.189157+00:00
draftkings,34118036,374127876,0QA374127876#2305149441_13L88808Q1-1522242036Q20,Jamaal Pritchett,,NFL,Anytime TD Scorer,player_touchdown,,2200,,34118036,2026-10-04T17:00:00.0000000Z,,2026-10-03T19:19:46.189157+00:00
draftkings,34118036,374127876,0QA374127876#2301844442_13L88808Q153924003Q20,Andrew Beck,,NFL,Anytime TD Scorer,player_touchdown,,2800,,34118036,2026-10-04T17:00:00.0000000Z,,2026-10-03T19:19:46.189157+00:00
draftkings,34118036,374954732,0QA374954732#2304916108_13L88808Q1-1008695778Q20,D'Andre Swift,,NFL,2+ TDs,player_touchdown,,390,,34118036,2026-10-04T17:00:00.0000000Z,,2026-10-03T19:19:46.189157+00:00
draftkings,34118036,374954732,0QA374954732#2304916116_13L88808Q1-546254062Q20,Braelon Allen,,NFL,2+ TDs,player_touchdown,,750,,34118036,2026-10-04T17:00:00.0000000Z,,2026-10-03T19:19:46.189157+00:00
draftkings,34118036,374954732,0QA374954732#2304916117_13L88808Q180415155Q20,Garrett Wilson,,NFL,2+ TDs,player_touchdown,,1100,,34118036,2026-10-04T17:00:00.0000000Z,,2026-10-03T19:19:46.189157+00:00
draftkings,34118036,374954732,0QA374954732#2304916109_13L88808Q1902102257Q20,Kyle Monangai,,NFL,2+ TDs,player_touchdown,,1400,,34118036,2026-10-04T17:00:00.0000000Z,,2026-10-03T19:19:46.189157+00:00
draftkings,34118036,374954732,0QA374954732#2304916118_13L88808Q11676927646Q20,Kenyon Sadiq,,NFL,2+ TDs,player_touchdown,,1800,,34118036,2026-10-04T17:00:00.0000000Z,,2026-10-03T19:19:46.189157+00:00
draftkings,34118036,374954732,0QA374954732#2304916111_13L88808Q1-244560726Q20,Colston Loveland,,NFL,2+ TDs,player_touchdown,,1900,,34118036,2026-10-04T17:00:00.0000000Z,,2026-10-03T19:19:46.189157+00:00
draftkings,34118036,374954732,0QA374954732#2304916110_13L88808Q1422541123Q20,Luther Burden III,,NFL,2+ TDs,player_touchdown,,2000,,34118036,2026-10-04T17:00:00.0000000Z,,2026-10-03T19:19:46.189157+00:00
draftkings,34118036,374954732,0QA374954732#2304916113_13L88808Q1-2087296206Q20,Kalif Raymond,,NFL,2+ TDs,player_touchdown,,2800,,34118036,2026-10-04T17:00:00.0000000Z,,2026-10-03T19:19:46.189157+00:00
draftkings,34118036,374954732,0QA374954732#2304916119_13L88808Q1668054218Q20,Isaiah Davis,,NFL,2+ TDs,player_touchdown,,2800,,34118036,2026-10-04T17:00:00.0000000Z,,2026-10-03T19:19:46.189157+00:00
draftkings,34118036,374954732,0QA374954732#2304916112_13L88808Q1-1587915923Q20,Rome Odunze,,NFL,2+ TDs,player_touchdown,,3500,,34118036,2026-10-04T17:00:00.0000000Z,,2026-10-03T19:19:46.189157+00:00
draftkings,34118036,374954732,0QA374954732#2304916114_13L88808Q1-1929407463Q20,Tyson Bagent,,NFL,2+ TDs,player_touchdown,,5000,,34118036,2026-10-04T17:00:00.0000000Z,,2026-10-03T19:19:46.189157+00:00
draftkings,34118036,374954732,0QA374954732#2304916120_13L88808Q12070196828Q20,Isaiah Williams,,NFL,2+ TDs,player_touchdown,,5000,,34118036,2026-10-04T17:00:00.0000000Z,,2026-10-03T19:19:46.189157+00:00
draftkings,34118036,374954732,0QA374954732#2304916461_13L88808Q11725849190Q20,,CHI Bears D/ST,NFL,2+ TDs,player_touchdown,,5500,,34118036,2026-10-04T17:00:00.0000000Z,,2026-10-03T19:19:46.189157+00:00
draftkings,34118036,374954732,0QA374954732#2304916462_14L88808Q1748332199Q20,,NY Jets D/ST,NFL,2+ TDs,player_touchdown,,6000,,34118036,2026-10-04T17:00:00.0000000Z,,2026-10-03T19:19:46.189157+00:00
draftkings,34118036,374954732,0QA374954732#2304916115_13L88808Q1-2114998825Q20,Cole Kmet,,NFL,2+ TDs,player_touchdown,,6500,,34118036,2026-10-04T17:00:00.0000000Z,,2026-10-03T19:19:46.189157+00:00
draftkings,34118036,374954732,0QA374954732#2304916121_13L88808Q1-1516021202Q20,Jeremy Ruckert,,NFL,2+ TDs,player_touchdown,,9000,,34118036,2026-10-04T17:00:00.0000000Z,,2026-10-03T19:19:46.189157+00:00
draftkings,34118036,374954732,0QA374954732#2304916458_13L88808Q1-1194127990Q20,Sterling Shepard,,NFL,2+ TDs,player_touchdown,,11000,,34118036,2026-10-04T17:00:00.0000000Z,,2026-10-03T19:19:46.189157+00:00
draftkings,34118036,374954732,0QA374954732#2304916122_13L88808Q1-659693114Q20,Geno Smith,,NFL,2+ TDs,player_touchdown,,12000,,34118036,2026-10-04T17:00:00.0000000Z,,2026-10-03T19:19:46.189157+00:00
draftkings,34118036,374954732,0QA374954732#2305142253_13L88808Q1783895272Q20,Malik McClain,,NFL,2+ TDs,player_touchdown,,14000,,34118036,2026-10-04T17:00:00.0000000Z,,2026-10-03T19:19:46.189157+00:00
draftkings,34118036,374954732,0QA374954732#2304916456_13L88808Q1-589656278Q20,Roschon Johnson,,NFL,2+ TDs,player_touchdown,,16000,,34118036,2026-10-04T17:00:00.0000000Z,,2026-10-03T19:19:46.189157+00:00
draftkings,34118036,374954732,0QA374954732#2304916454_13L88808Q1-704328598Q20,Jahdae Walker,,NFL,2+ TDs,player_touchdown,,17000,,34118036,2026-10-04T17:00:00.0000000Z,,2026-10-03T19:19:46.189157+00:00
draftkings,34118036,374954732,0QA374954732#2304916457_13L88808Q1650575947Q20,Sam Roush,,NFL,2+ TDs,player_touchdown,,19000,,34118036,2026-10-04T17:00:00.0000000Z,,2026-10-03T19:19:46.189157+00:00
draftkings,34118036,374954732,0QA374954732#2304916123_13L88808Q1985569348Q20,Andrew Beck,,NFL,2+ TDs,player_touchdown,,20000,,34118036,2026-10-04T17:00:00.0000000Z,,2026-10-03T19:19:46.189157+00:00
draftkings,34118036,374954732,0QA374954732#2305149434_13L88808Q11711653571Q20,Jamaal Pritchett,,NFL,2+ TDs,player_touchdown,,20000,,34118036,2026-10-04T17:00:00.0000000Z,,2026-10-03T19:19:46.189157+00:00
draftkings,34118036,374954732,0QA374954732#2305145546_13L88808Q1-1279508456Q20,Kene Nwangwu,,NFL,2+ TDs,player_touchdown,,20000,,34118036,2026-10-04T17:00:00.0000000Z,,2026-10-03T19:19:46.189157+00:00
draftkings,34118036,374954732,0QA374954732#2304916459_13L88808Q1-2136983142Q20,Jelani Woods,,NFL,2+ TDs,player_touchdown,,20000,,34118036,2026-10-04T17:00:00.0000000Z,,2026-10-03T19:19:46.189157+00:00
draftkings,34118036,374954732,0QA374954732#2304916455_13L88808Q198254461Q20,Zavion Thomas,,NFL,2+ TDs,player_touchdown,,25000,,34118036,2026-10-04T17:00:00.0000000Z,,2026-10-03T19:19:46.189157+00:00
draftkings,34118034,357408795,0QA357408795#2302419420_13L88808Q11142036341Q20,David Montgomery,,NFL,First TD Scorer,player_touchdown,,450,,34118034,2026-10-04T17:00:00.0000000Z,,2026-10-03T19:19:46.189157+00:00
draftkings,34118034,357408795,0QA357408795#2302419433_13L88808Q1-918826434Q20,Javonte Williams,,NFL,First TD Scorer,player_touchdown,,600,,34118034,2026-10-04T17:00:00.0000000Z,,2026-10-03T19:19:46.189157+00:00
draftkings,34118034,357408795,0QA357408795#2302419424_13L88808Q1-1965979246Q20,Nico Collins,,NFL,First TD Scorer,player_touchdown,,900,,34118034,2026-10-04T17:00:00.0000000Z,,2026-10-03T19:19:46.189157+00:00
draftkings,34118034,357408795,0QA357408795#2302419434_13L88808Q11556652553Q20,CeeDee Lamb,,NFL,First TD Scorer,player_touchdown,,900,,34118034,2026-10-04T17:00:00.0000000Z,,2026-10-03T19:19:46.189157+00:00
draftkings,34118034,357408795,0QA357408795#2302419421_13L88808Q11357896446Q20,Woody Marks,,NFL,First TD Scorer,player_touchdown,,1100,,34118034,2026-10-04T17:00:00.0000000Z,,2026-10-03T19:19:46.189157+00:00
draftkings,34118034,357408795,0QA357408795#2302419435_13L88808Q11560353419Q20,George Pickens,,NFL,First TD Scorer,player_touchdown,,1100,,34118034,2026-10-04T17:00:00.0000000Z,,2026-10-03T19:19:46.189157+00:00
draftkings,34118034,357408795,0QA357408795#2302419423_13L88808Q1685800376Q20,Dalton Schultz,,NFL,First TD Scorer,player_touchdown,,1300,,34118034,2026-10-04T17:00:00.0000000Z,,2026-10-03T19:19:46.189157+00:00
draftkings,34118034,357408795,0QA357408795#2302419422_13L88808Q1-1024923591Q20,Kayshon Boutte,,NFL,First TD Scorer,player_touchdown,,2000,,34118034,2026-10-04T17:00:00.0000000Z,,2026-10-03T19:19:46.189157+00:00
draftkings,34118034,357408795,0QA357408795#2302419429_13L88808Q1-371053493Q20,Xavier Hutchinson,,NFL,First TD Scorer,player_touchdown,,2000,,34118034,2026-10-04T17:00:00.0000000Z,,2026-10-03T19:19:46.189157+00:00
draftkings,34118034,357408795,0QA357408795#2302419436_13L88808Q1-1491422041Q20,Ryan Flournoy,,NFL,First TD Scorer,player_touchdown,,2000,,34118034,2026-10-04T17:00:00.0000000Z,,2026-10-03T19:19:46.189157+00:00
draftkings,34118034,357408795,0QA357408795#2302419437_13L88808Q1785855342Q20,Jake Ferguson,,NFL,First TD Scorer,player_touchdown,,2000,,34118034,2026-10-04T17:00:00.0000000Z,,2026-10-03T19:19:46.189157+00:00
draftkings,34118034,357408795,0QA357408795#2302419446_13L88808Q1-908076192Q20,,HOU Texans D/ST,NFL,First TD Scorer,player_touchdown,,2500,,34118034,2026-10-04T17:00:00.0000000Z,,2026-10-03T19:19:46.189157+00:00
draftkings,34118034,357408795,0QA357408795#2302419447_14L88808Q1-1196357467Q20,,DAL Cowboys D/ST,NFL,First TD Scorer,player_touchdown,,2500,,34118034,2026-10-04T17:00:00.0000000Z,,2026-10-03T19:19:46.189157+00:00
draftkings,34118034,357408795,0QA357408795#2302419425_13L88808Q1-216704351Q20,C.J. Stroud,,NFL,First TD Scorer,player_touchdown,,2800,,34118034,2026-10-04T17:00:00.0000000Z,,2026-10-03T19:19:46.189157+00:00
draftkings,34118034,357408795,0QA357408795#2302419426_13L88808Q1809398935Q20,Jaylin Noel,,NFL,First TD Scorer,player_touchdown,,3000,,34118034,2026-10-04T17:00:00.0000000Z,,2026-10-03T19:19:46.189157+00:00
draftkings,34118034,357408795,0QA357408795#2302419438_13L88808Q11310186756Q20,Dak Prescott,,NFL,First TD Scorer,player_touchdown,,3000,,34118034,2026-10-04T17:00:00.0000000Z,,2026-10-03T19:19:46.189157+00:00
draftkings,34118034,357408795,0QA357408795#2302419427_13L88808Q1133362709Q20,Foster Moreau,,NFL,First TD Scorer,player_touchdown,,3500,,34118034,2026-10-04T17:00:00.0000000Z,,2026-10-03T19:19:46.189157+00:00
draftkings,34118034,357408795,0QA357408795#2302419443_13L88808Q12020156245Q20,KaVontae Turpin,,NFL,First TD Scorer,player_touchdown,,4500,,34118034,2026-10-04T17:00:00.0000000Z,,2026-10-03T19:19:46.189157+00:00
draftkings,34118034,357408795,0QA357408795#2303896888_13L88808Q1-272419684Q20,Tyler Goodson,,NFL,First TD Scorer,player_touchdown,,4500,,34118034,2026-10-04T17:00:00.0000000Z,,2026-10-03T19:19:46.189157+00:00
draftkings,34118034,357408795,0QA357408795#2302419431_13L88808Q1-1483319329Q20,Jared Wayne,,NFL,First TD Scorer,player_touchdown,,6000,,34118034,2026-10-04T17:00:00.0000000Z,,2026-10-03T19:19:46.189157+00:00
draftkings,34118034,357408795,0QA357408795#2302419442_13L88808Q1-63251216Q20,Brevyn Spann-Ford,,NFL,First TD Scorer,player_touchdown,,6000,,34118034,2026-10-04T17:00:00.0000000Z,,2026-10-03T19:19:46.189157+00:00
draftkings,34118034,357408795,0QA357408795#2302426491_13L88808Q1681827648Q20,Emari Demercado,,NFL,First TD Scorer,player_touchdown,,6500,,34118034,2026-10-04T17:00:00.0000000Z,,2026-10-03T19:19:46.189157+00:00
draftkings,34118034,357408795,0QA357408795#2302419439_13L88808Q1335928498Q20,Hunter Luepke,,NFL,First TD Scorer,player_touchdown,,7000,,34118034,2026-10-04T17:00:00.0000000Z,,2026-10-03T19:19:46.189157+00:00
draftkings,34118034,357408795,0QA357408795#2302419441_13L88808Q1988448200Q20,Luke Schoonmaker,,NFL,First TD Scorer,player_touchdown,,7000,,34118034,2026-10-04T17:00:00.0000000Z,,2026-10-03T19:19:46.189157+00:00
draftkings,34118034,357408795,0QA357408795#2302419428_13L88808Q1-1593584282Q20,Cade Stover,,NFL,First TD Scorer,player_touchdown,,7500,,34118034,2026-10-04T17:00:00.0000000Z,,2026-10-03T19:19:46.189157+00:00
draftkings,34118034,357408795,0QA357408795#2304339648_13L88808Q1-1990876597Q20,Dare Ogunbowale,,NFL,First TD Scorer,player_touchdown,,7500,,34118034,2026-10-04T17:00:00.0000000Z,,2026-10-03T19:19:46.189157+00:00
draftkings,34118034,357408795,0QA357408795#2302419430_13L88808Q1681050758Q20,Marlin Klein,,NFL,First TD Scorer,player_touchdown,,10000,,34118034,2026-10-04T17:00:00.0000000Z,,2026-10-03T19:19:46.189157+00:00
draftkings,34118034,357408795,0QA357408795#2302657569_13L88808Q1-215048866Q20,Camden Brown,,NFL,First TD Scorer,player_touchdown,,10000,,34118034,2026-10-04T17:00:00.0000000Z,,2026-10-03T19:19:46.189157+00:00
draftkings,34118034,357408795,0QA357408795#2302419440_13L88808Q11503473209Q20,Jonathan Mingo,,NFL,First TD Scorer,player_touchdown,,11000,,34118034,2026-10-04T17:00:00.0000000Z,,2026-10-03T19:19:46.189157+00:00
draftkings,34118034,357408795,0QA357408795#2303893759_13L88808Q1-1366239680Q20,Brevin Jordan,,NFL,First TD Scorer,player_touchdown,,11000,,34118034,2026-10-04T17:00:00.0000000Z,,2026-10-03T19:19:46.189157+00:00
draftkings,34118034,357408795,0QA357408795#2235120990_13L88808Q1-1777442974Q20,,No Touchdown Scorer,NFL,First TD Scorer,player_touchdown,,14000,,34118034,2026-10-04T17:00:00.0000000Z,,2026-10-03T19:19:46.189157+00:00
draftkings,34118034,374274907,0QA374274907#2302423622_13L88808Q1-311451763Q20,David Montgomery,,NFL,Anytime TD Scorer,player_touchdown,,,,34118034,2026-10-04T17:00:00.0000000Z,,2026-10-03T19:19:46.189157+00:00
draftkings,34118034,374274907,0QA374274907#2302423657_13L88808Q1-2070504203Q20,Javonte Williams,,NFL,Anytime TD Scorer,player_touchdown,,,,34118034,2026-10-04T17:00:00.0000000Z,,2026-10-03T19:19:46.189157+00:00
draftkings,34118034,374274907,0QA374274907#2302423658_13L88808Q1759561049Q20,CeeDee Lamb,,NFL,Anytime TD Scorer,player_touchdown,,135,,34118034,2026-10-04T17:00:00.0000000Z,,2026-10-03T19:19:46.189157+00:00
draftkings,34118034,374274907,0QA374274907#2302423648_13L88808Q11759839095Q20,Nico Collins,,NFL,Anytime TD Scorer,player_touchdown,,150,,34118034,2026-10-04T17:00:00.0000000Z,,2026-10-03T19:19:46.189157+00:00
draftkings,34118034,374274907,0QA374274907#2302423659_13L88808Q1-1127265655Q20,George Pickens,,NFL,Anytime TD Scorer,player_touchdown,,170,,34118034,2026-10-04T17:00:00.0000000Z,,2026-10-03T19:19:46.189157+00:00
draftkings,34118034,374274907,0QA374274907#2302423645_13L88808Q11052217445Q20,Woody Marks,,NFL,Anytime TD Scorer,player_touchdown,,200,,34118034,2026-10-04T17:00:00.0000000Z,,2026-10-03T19:19:46.189157+00:00
draftkings,34118034,374274907,0QA374274907#2302423647_13L88808Q12038958166Q20,Dalton Schultz,,NFL,Anytime TD Scorer,player_touchdown,,235,,34118034,2026-10-04T17:00:00.0000000Z,,2026-10-03T19:19:46.189157+00:00
draftkings,34118034,374274907,0QA374274907#2302423661_13L88808Q1-144445670Q20,Jake Ferguson,,NFL,Anytime TD Scorer,player_touchdown,,310,,34118034,2026-10-04T17:00:00.0000000Z,,2026-10-03T19:19:46.189157+00:00
draftkings,34118034,374274907,0QA374274907#2302423660_13L88808Q1-24141105Q20,Ryan Flournoy,,NFL,Anytime TD Scorer,player_touchdown,,340,,34118034,2026-10-04T17:00:00.0000000Z,,2026-10-03T19:19:46.189157+00:00
draftkings,34118034,374274907,0QA374274907#2302423646_13L88808Q1401138925Q20,Kayshon Boutte,,NFL,Anytime TD Scorer,player_touchdown,,390,,34118034,2026-10-04T17:00:00.0000000Z,,2026-10-03T19:19:46.189157+00:00
draftkings,34118034,374274907,0QA374274907#2302423653_13L88808Q1-1444150535Q20,Xavier Hutchinson,,NFL,Anytime TD Scorer,player_touchdown,,400,,34118034,2026-10-04T17:00:00.0000000Z,,2026-10-03T19:19:46.189157+00:00
draftkings,34118034,374274907,0QA374274907#2302423670_13L88808Q11076091956Q20,,HOU Texans D/ST,NFL,Anytime TD Scorer,player_touchdown,,500,,34118034,2026-10-04T17:00:00.0000000Z,,2026-10-03T19:19:46.189157+00:00
draftkings,34118034,374274907,0QA374274907#2302423649_13L88808Q1242387080Q20,C.J. Stroud,,NFL,Anytime TD Scorer,player_touchdown,,550,,34118034,2026-10-04T17:00:00.0000000Z,,2026-10-03T19:19:46.189157+00:00
draftkings,34118034,374274907,0QA374274907#2302423671_14L88808Q165321887Q20,,DAL Cowboys D/ST,NFL,Anytime TD Scorer,player_touchdown,,550,,34118034,2026-10-04T17:00:00.0000000Z,,2026-10-03T19:19:46.189157+00:00
draftkings,34118034,374274907,0QA374274907#2302423650_13L88808Q1-2078311456Q20,Jaylin Noel,,NFL,Anytime TD Scorer,player_touchdown,,650,,34118034,2026-10-04T17:00:00.0000000Z,,2026-10-03T19:19:46.189157+00:00
draftkings,34118034,374274907,0QA374274907#2302423662_13L88808Q1795642865Q20,Dak Prescott,,NFL,Anytime TD Scorer,player_touchdown,,700,,34118034,2026-10-04T17:00:00.0000000Z,,2026-10-03T19:19:46.189157+00:00
draftkings,34118034,374274907,0QA374274907#2302423651_13L88808Q1-1461677560Q20,Foster Moreau,,NFL,Anytime TD Scorer,player_touchdown,,750,,34118034,2026-10-04T17:00:00.0000000Z,,2026-10-03T19:19:46.189157+00:00
draftkings,34118034,374274907,0QA374274907#2303896915_13L88808Q1-249713414Q20,Tyler Goodson,,NFL,Anytime TD Scorer,player_touchdown,,950,,34118034,2026-10-04T17:00:00.0000000Z,,2026-10-03T19:19:46.189157+00:00
draftkings,34118034,374274907,0QA374274907#2302423655_13L88808Q1145683070Q20,Jared Wayne,,NFL,Anytime TD Scorer,player_touchdown,,1000,,34118034,2026-10-04T17:00:00.0000000Z,,2026-10-03T19:19:46.189157+00:00
draftkings,34118034,374274907,0QA374274907#2302423664_13L88808Q1744413187Q20,KaVontae Turpin,,NFL,Anytime TD Scorer,player_touchdown,,1000,,34118034,2026-10-04T17:00:00.0000000Z,,2026-10-03T19:19:46.189157+00:00
draftkings,34118034,374274907,0QA374274907#2302423667_13L88808Q11068815856Q20,Brevyn Spann-Ford,,NFL,Anytime TD Scorer,player_touchdown,,1100,,34118034,2026-10-04T17:00:00.0000000Z,,2026-10-03T19:19:46.189157+00:00
draftkings,34118034,374274907,0QA374274907#2302423663_13L88808Q11855040172Q20,Hunter Luepke,,NFL,Anytime TD Scorer,player_touchdown,,1300,,34118034,2026-10-04T17:00:00.0000000Z,,2026-10-03T19:19:46.189157+00:00
draftkings,34118034,374274907,0QA374274907#2302423666_13L88808Q11836416654Q20,Luke Schoonmaker,,NFL,Anytime TD Scorer,player_touchdown,,1300,,34118034,2026-10-04T17:00:00.0000000Z,,2026-10-03T19:19:46.189157+00:00
draftkings,34118034,374274907,0QA374274907#2302426558_13L88808Q1-1148361646Q20,Emari Demercado,,NFL,Anytime TD Scorer,player_touchdown,,1300,,34118034,2026-10-04T17:00:00.0000000Z,,2026-10-03T19:19:46.189157+00:00
draftkings,34118034,374274907,0QA374274907#2302423652_13L88808Q1611489861Q20,Cade Stover,,NFL,Anytime TD Scorer,player_touchdown,,1400,,34118034,2026-10-04T17:00:00.0000000Z,,2026-10-03T19:19:46.189157+00:00
draftkings,34118034,374274907,0QA374274907#2304339665_13L88808Q1-1719213182Q20,Dare Ogunbowale,,NFL,Anytime TD Scorer,player_touchdown,,1600,,34118034,2026-10-04T17:00:00.0000000Z,,2026-10-03T19:19:46.189157+00:00
draftkings,34118034,374274907,0QA374274907#2302423654_13L88808Q1-1683593135Q20,Marlin Klein,,NFL,Anytime TD Scorer,player_touchdown,,2200,,34118034,2026-10-04T17:00:00.0000000Z,,2026-10-03T19:19:46.189157+00:00
draftkings,34118034,374274907,0QA374274907#2302657635_13L88808Q1-12861700Q20,Camden Brown,,NFL,Anytime TD Scorer,player_touchdown,,2200,,34118034,2026-10-04T17:00:00.0000000Z,,2026-10-03T19:19:46.189157+00:00
draftkings,34118034,374274907,0QA374274907#2302423665_13L88808Q1941788010Q20,Jonathan Mingo,,NFL,Anytime TD Scorer,player_touchdown,,2800,,34118034,2026-10-04T17:00:00.0000000Z,,2026-10-03T19:19:46.189157+00:00
draftkings,34118034,374274907,0QA374274907#2303893780_13L88808Q1-1709852967Q20,Brevin Jordan,,NFL,Anytime TD Scorer,player_touchdown,,2800,,34118034,2026-10-04T17:00:00.0000000Z,,2026-10-03T19:19:46.189157+00:00
draftkings,34118034,374681699,0QA374681699#2303894902_13L88808Q1498526184Q20,David Montgomery,,NFL,2+ TDs,player_touchdown,,390,,34118034,2026-10-04T17:00:00.0000000Z,,2026-10-03T19:19:46.189157+00:00
draftkings,34118034,374681699,0QA374681699#2303894965_13L88808Q12056061885Q20,Javonte Williams,,NFL,2+ TDs,player_touchdown,,475,,34118034,2026-10-04T17:00:00.0000000Z,,2026-10-03T19:19:46.189157+00:00
draftkings,34118034,374681699,0QA374681699#2303894966_13L88808Q1-1472312629Q20,CeeDee Lamb,,NFL,2+ TDs,player_touchdown,,1000,,34118034,2026-10-04T17:00:00.0000000Z,,2026-10-03T19:19:46.189157+00:00
draftkings,34118034,374681699,0QA374681699#2303894903_13L88808Q1-721675132Q20,Nico Collins,,NFL,2+ TDs,player_touchdown,,1100,,34118034,2026-10-04T17:00:00.0000000Z,,2026-10-03T19:19:46.189157+00:00
draftkings,34118034,374681699,0QA374681699#2303894967_13L88808Q11452024780Q20,George Pickens,,NFL,2+ TDs,player_touchdown,,1300,,34118034,2026-10-04T17:00:00.0000000Z,,2026-10-03T19:19:46.189157+00:00
draftkings,34118034,374681699,0QA374681699#2303894904_13L88808Q1-1684897682Q20,Woody Marks,,NFL,2+ TDs,player_touchdown,,1600,,34118034,2026-10-04T17:00:00.0000000Z,,2026-10-03T19:19:46.189157+00:00
draftkings,34118034,374681699,0QA374681699#2303894905_13L88808Q11595670410Q20,Dalton Schultz,,NFL,2+ TDs,player_touchdown,,2000,,34118034,2026-10-04T17:00:00.0000000Z,,2026-10-03T19:19:46.189157+00:00
draftkings,34118034,374681699,0QA374681699#2303894968_13L88808Q1-691724415Q20,Jake Ferguson,,NFL,2+ TDs,player_touchdown,,2800,,34118034,2026-10-04T17:00:00.0000000Z,,2026-10-03T19:19:46.189157+00:00
draftkings,34118034,374681699,0QA374681699#2303894969_13L88808Q1-200940095Q20,Ryan Flournoy,,NFL,2+ TDs,player_touchdown,,3500,,34118034,2026-10-04T17:00:00.0000000Z,,2026-10-03T19:19:46.189157+00:00
draftkings,34118034,374681699,0QA374681699#2303894906_13L88808Q1-1010510811Q20,Kayshon Boutte,,NFL,2+ TDs,player_touchdown,,4000,,34118034,2026-10-04T17:00:00.0000000Z,,2026-10-03T19:19:46.189157+00:00
draftkings,34118034,374681699,0QA374681699#2303894907_13L88808Q11497747421Q20,Xavier Hutchinson,,NFL,2+ TDs,player_touchdown,,4000,,34118034,2026-10-04T17:00:00.0000000Z,,2026-10-03T19:19:46.189157+00:00
draftkings,34118034,374681699,0QA374681699#2303894980_13L88808Q1-1496356005Q20,,HOU Texans D/ST,NFL,2+ TDs,player_touchdown,,4500,,34118034,2026-10-04T17:00:00.0000000Z,,2026-10-03T19:19:46.189157+00:00
draftkings,34118034,374681699,0QA374681699#2303894981_14L88808Q1-1475853836Q20,,DAL Cowboys D/ST,NFL,2+ TDs,player_touchdown,,5500,,34118034,2026-10-04T17:00:00.0000000Z,,2026-10-03T19:19:46.189157+00:00
draftkings,34118034,374681699,0QA374681699#2303894908_13L88808Q1389233581Q20,C.J. Stroud,,NFL,2+ TDs,player_touchdown,,7000,,34118034,2026-10-04T17:00:00.0000000Z,,2026-10-03T19:19:46.189157+00:00
draftkings,34118034,374681699,0QA374681699#2303894909_13L88808Q1-1591602463Q20,Jaylin Noel,,NFL,2+ TDs,player_touchdown,,8000,,34118034,2026-10-04T17:00:00.0000000Z,,2026-10-03T19:19:46.189157+00:00
draftkings,34118034,374681699,0QA374681699#2303894970_13L88808Q11269559575Q20,Dak Prescott,,NFL,2+ TDs,player_touchdown,,8000,,34118034,2026-10-04T17:00:00.0000000Z,,2026-10-03T19:19:46.189157+00:00
draftkings,34118034,374681699,0QA374681699#2303894910_13L88808Q1257323792Q20,Foster Moreau,,NFL,2+ TDs,player_touchdown,,10000,,34118034,2026-10-04T17:00:00.0000000Z,,2026-10-03T19:19:46.189157+00:00
draftkings,34118034,374681699,0QA374681699#2303896882_13L88808Q11528044639Q20,Tyler Goodson,,NFL,2+ TDs,player_touchdown,,11000,,34118034,2026-10-04T17:00:00.0000000Z,,2026-10-03T19:19:46.189157+00:00
draftkings,34118034,374681699,0QA374681699#2303894972_13L88808Q1-580496719Q20,KaVontae Turpin,,NFL,2+ TDs,player_touchdown,,12000,,34118034,2026-10-04T17:00:00.0000000Z,,2026-10-03T19:19:46.189157+00:00
draftkings,34118034,374681699,0QA374681699#2303894911_13L88808Q11671545774Q20,Jared Wayne,,NFL,2+ TDs,player_touchdown,,13000,,34118034,2026-10-04T17:00:00.0000000Z,,2026-10-03T19:19:46.189157+00:00
draftkings,34118034,374681699,0QA374681699#2303894975_13L88808Q1-913882725Q20,Luke Schoonmaker,,NFL,2+ TDs,player_touchdown,,14000,,34118034,2026-10-04T17:00:00.0000000Z,,2026-10-03T19:19:46.189157+00:00
draftkings,34118034,374681699,0QA374681699#2303894977_13L88808Q1484839941Q20,Brevyn Spann-Ford,,NFL,2+ TDs,player_touchdown,,14000,,34118034,2026-10-04T17:00:00.0000000Z,,2026-10-03T19:19:46.189157+00:00
draftkings,34118034,374681699,0QA374681699#2304339642_13L88808Q1-1849844314Q20,Dare Ogunbowale,,NFL,2+ TDs,player_touchdown,,16000,,34118034,2026-10-04T17:00:00.0000000Z,,2026-10-03T19:19:46.189157+00:00
draftkings,34118034,374681699,0QA374681699#2303894971_13L88808Q1873782388Q20,Emari Demercado,,NFL,2+ TDs,player_touchdown,,16000,,34118034,2026-10-04T17:00:00.0000000Z,,2026-10-03T19:19:46.189157+00:00
draftkings,34118034,374681699,0QA374681699#2303894912_13L88808Q1-1337686021Q20,Cade Stover,,NFL,2+ TDs,player_touchdown,,17000,,34118034,2026-10-04T17:00:00.0000000Z,,2026-10-03T19:19:46.189157+00:00
draftkings,34118034,374681699,0QA374681699#2303894974_13L88808Q11700281896Q20,Hunter Luepke,,NFL,2+ TDs,player_touchdown,,19000,,34118034,2026-10-04T17:00:00.0000000Z,,2026-10-03T19:19:46.189157+00:00
draftkings,34118034,374681699,0QA374681699#2303894914_13L88808Q11568418663Q20,Marlin Klein,,NFL,2+ TDs,player_touchdown,,20000,,34118034,2026-10-04T17:00:00.0000000Z,,2026-10-03T19:19:46.189157+00:00
draftkings,34118034,374681699,0QA374681699#2303894973_13L88808Q1-1260625591Q20,Jonathan Mingo,,NFL,2+ TDs,player_touchdown,,20000,,34118034,2026-10-04T17:00:00.0000000Z,,2026-10-03T19:19:46.189157+00:00
draftkings,34118034,374681699,0QA374681699#2303894976_13L88808Q11846672245Q20,Camden Brown,,NFL,2+ TDs,player_touchdown,,20000,,34118034,2026-10-04T17:00:00.0000000Z,,2026-10-03T19:19:46.189157+00:00
draftkings,34118034,374681699,0QA374681699#2303894915_13L88808Q11764286090Q20,Brevin Jordan,,NFL,2+ TDs,player_touchdown,,25000,,34118034,2026-10-04T17:00:00.0000000Z,,2026-10-03T19:19:46.189157+00:00
draftkings,34118141,357446137,0QA357446137#2302818564_13L88808Q11908389665Q20,Bucky Irving,,NFL,First TD Scorer,player_touchdown,,650,,34118141,2026-10-04T17:00:00.0000000Z,,2026-10-03T19:19:46.189157+00:00
draftkings,34118141,357446137,0QA357446137#2302819079_13L88808Q12007794349Q20,Matthew Golden,,NFL,First TD Scorer,player_touchdown,,800,,34118141,2026-10-04T17:00:00.0000000Z,,2026-10-03T19:19:46.189157+00:00
draftkings,34118141,357446137,0QA357446137#2302819046_13L88808Q1-2008591396Q20,Christian Watson,,NFL,First TD Scorer,player_touchdown,,850,,34118141,2026-10-04T17:00:00.0000000Z,,2026-10-03T19:19:46.189157+00:00
draftkings,34118141,357446137,0QA357446137#2302819123_13L88808Q1-883721251Q20,Tucker Kraft,,NFL,First TD Scorer,player_touchdown,,1000,,34118141,2026-10-04T17:00:00.0000000Z,,2026-10-03T19:19:46.189157+00:00
draftkings,34118141,357446137,0QA357446137#2302819148_13L88808Q1-1465353445Q20,Kaleb Johnson,,NFL,First TD Scorer,player_touchdown,,1100,,34118141,2026-10-04T17:00:00.0000000Z,,2026-10-03T19:19:46.189157+00:00
draftkings,34118141,357446137,0QA357446137#2302818640_13L88808Q1357556588Q20,Emeka Egbuka,,NFL,First TD Scorer,player_touchdown,,1300,,34118141,2026-10-04T17:00:00.0000000Z,,2026-10-03T19:19:46.189157+00:00
draftkings,34118141,357446137,0QA357446137#2302819014_13L88808Q1-320404552Q20,MarShawn Lloyd,,NFL,First TD Scorer,player_touchdown,,1300,,34118141,2026-10-04T17:00:00.0000000Z,,2026-10-03T19:19:46.189157+00:00
draftkings,34118141,357446137,0QA357446137#2302818773_13L88808Q11137770879Q20,Jalon Daniels,,NFL,First TD Scorer,player_touchdown,,1500,,34118141,2026-10-04T17:00:00.0000000Z,,2026-10-03T19:19:46.189157+00:00
draftkings,34118141,357446137,0QA357446137#2302819221_13L88808Q12139424031Q20,Skyy Moore,,NFL,First TD Scorer,player_touchdown,,2000,,34118141,2026-10-04T17:00:00.0000000Z,,2026-10-03T19:19:46.189157+00:00
draftkings,34118141,357446137,0QA357446137#2302819317_13L88808Q1407060433Q20,,TB Buccaneers D/ST,NFL,First TD Scorer,player_touchdown,,2000,,34118141,2026-10-04T17:00:00.0000000Z,,2026-10-03T19:19:46.189157+00:00
draftkings,34118141,357446137,0QA357446137#2302818583_13L88808Q1-1645511323Q20,Kenneth Gainwell,,NFL,First TD Scorer,player_touchdown,,2200,,34118141,2026-10-04T17:00:00.0000000Z,,2026-10-03T19:19:46.189157+00:00
draftkings,34118141,357446137,0QA357446137#2302818706_13L88808Q11533655793Q20,Chris Godwin,,NFL,First TD Scorer,player_touchdown,,2200,,34118141,2026-10-04T17:00:00.0000000Z,,2026-10-03T19:19:46.189157+00:00
draftkings,34118141,357446137,0QA357446137#2302818742_13L88808Q1470846981Q20,Cade Otton,,NFL,First TD Scorer,player_touchdown,,2200,,34118141,2026-10-04T17:00:00.0000000Z,,2026-10-03T19:19:46.189157+00:00
draftkings,34118141,357446137,0QA357446137#2302818897_13L88808Q11680940089Q20,Ted Hurst,,NFL,First TD Scorer,player_touchdown,,2200,,34118141,2026-10-04T17:00:00.0000000Z,,2026-10-03T19:19:46.189157+00:00
draftkings,34118141,357446137,0QA357446137#2302819352_14L88808Q1-863992541Q20,,GB Packers D/ST,NFL,First TD Scorer,player_touchdown,,2200,,34118141,2026-10-04T17:00:00.0000000Z,,2026-10-03T19:19:46.189157+00:00
draftkings,34118141,357446137,0QA357446137#2302819143_13L88808Q11588684435Q20,Jordan Love,,NFL,First TD Scorer,player_touchdown,,2500,,34118141,2026-10-04T17:00:00.0000000Z,,2026-10-03T19:19:46.189157+00:00
draftkings,34118141,357446137,0QA357446137#2302819100_13L88808Q1-1051000377Q20,Chris Brooks,,NFL,First TD Scorer,player_touchdown,,2800,,34118141,2026-10-04T17:00:00.0000000Z,,2026-10-03T19:19:46.189157+00:00
draftkings,34118141,357446137,0QA357446137#2302818920_13L88808Q11560348816Q20,Tez Johnson,,NFL,First TD Scorer,player_touchdown,,3000,,34118141,2026-10-04T17:00:00.0000000Z,,2026-10-03T19:19:46.189157+00:00
draftkings,34118141,357446137,0QA357446137#2302819139_13L88808Q1548061105Q20,Jonnu Smith,,NFL,First TD Scorer,player_touchdown,,3000,,34118141,2026-10-04T17:00:00.0000000Z,,2026-10-03T19:19:46.189157+00:00
draftkings,34118141,357446137,0QA357446137#2235243893_13L88808Q1-1777442974Q20,,No Touchdown Scorer,NFL,First TD Scorer,player_touchdown,,4500,,34118141,2026-10-04T17:00:00.0000000Z,,2026-10-03T19:19:46.189157+00:00
draftkings,34118141,357446137,0QA357446137#2302818803_13L88808Q11336175696Q20,Sean Tucker,,NFL,First TD Scorer,player_touchdown,,4500,,34118141,2026-10-04T17:00:00.0000000Z,,2026-10-03T19:19:46.189157+00:00
draftkings,34118141,357446137,0QA357446137#2302819199_13L88808Q1560644257Q20,Bo Melton,,NFL,First TD Scorer,player_touchdown,,4500,,34118141,2026-10-04T17:00:00.0000000Z,,2026-10-03T19:19:46.189157+00:00
draftkings,34118141,357446137,0QA357446137#2302819281_13L88808Q1-2021329069Q20,J. Michael Sturdivant,,NFL,First TD Scorer,player_touchdown,,6000,,34118141,2026-10-04T17:00:00.0000000Z,,2026-10-03T19:19:46.189157+00:00
draftkings,34118141,357446137,0QA357446137#2302818996_13L88808Q1-258486889Q20,Kameron Johnson,,NFL,First TD Scorer,player_touchdown,,6500,,34118141,2026-10-04T17:00:00.0000000Z,,2026-10-03T19:19:46.189157+00:00
draftkings,34118141,357446137,0QA357446137#2302819150_13L88808Q1222493554Q20,Josh Whyle,,NFL,First TD Scorer,player_touchdown,,6500,,34118141,2026-10-04T17:00:00.0000000Z,,2026-10-03T19:19:46.189157+00:00
draftkings,34118141,357446137,0QA357446137#2302819161_13L88808Q1-2105730283Q20,Mark Redman,,NFL,First TD Scorer,player_touchdown,,6500,,34118141,2026-10-04T17:00:00.0000000Z,,2026-10-03T19:19:46.189157+00:00
draftkings,34118141,357446137,0QA357446137#2302818942_13L88808Q1386308853Q20,Payne Durham,,NFL,First TD Scorer,player_touchdown,,14000,,34118141,2026-10-04T17:00:00.0000000Z,,2026-10-03T19:19:46.189157+00:00
draftkings,34118141,357446137,0QA357446137#2302818961_13L88808Q1182356595Q20,Bauer Sharp,,NFL,First TD Scorer,player_touchdown,,14000,,34118141,2026-10-04T17:00:00.0000000Z,,2026-10-03T19:19:46.189157+00:00
draftkings,34118141,357446137,0QA357446137#2302818991_13L88808Q1-1495550056Q20,Ko Kieft,,NFL,First TD Scorer,player_touchdown,,15000,,34118141,2026-10-04T17:00:00.0000000Z,,2026-10-03T19:19:46.189157+00:00
draftkings,34118141,374829952,0QA374829952#2304411848_13L88808Q1666446492Q20,Bucky Irving,,NFL,Anytime TD Scorer,player_touchdown,,150,,34118141,2026-10-04T17:00:00.0000000Z,,2026-10-03T19:19:46.189157+00:00
draftkings,34118141,374829952,0QA374829952#2304411947_13L88808Q1-1411527739Q20,Christian Watson,,NFL,Anytime TD Scorer,player_touchdown,,175,,34118141,2026-10-04T17:00:00.0000000Z,,2026-10-03T19:19:46.189157+00:00
draftkings,34118141,374829952,0QA374829952#2304411948_13L88808Q11480921309Q20,Matthew Golden,,NFL,Anytime TD Scorer,player_touchdown,,190,,34118141,2026-10-04T17:00:00.0000000Z,,2026-10-03T19:19:46.189157+00:00
draftkings,34118141,374829952,0QA374829952#2304411950_13L88808Q1-834011589Q20,Tucker Kraft,,NFL,Anytime TD Scorer,player_touchdown,,245,,34118141,2026-10-04T17:00:00.0000000Z,,2026-10-03T19:19:46.189157+00:00
draftkings,34118141,374829952,0QA374829952#2304411953_13L88808Q1-1984159220Q20,Kaleb Johnson,,NFL,Anytime TD Scorer,player_touchdown,,255,,34118141,2026-10-04T17:00:00.0000000Z,,2026-10-03T19:19:46.189157+00:00
draftkings,34118141,374829952,0QA374829952#2304411934_13L88808Q1621783265Q20,Emeka Egbuka,,NFL,Anytime TD Scorer,player_touchdown,,300,,34118141,2026-10-04T17:00:00.0000000Z,,2026-10-03T19:19:46.189157+00:00
draftkings,34118141,374829952,0QA374829952#2304411946_13L88808Q1-135035926Q20,MarShawn Lloyd,,NFL,Anytime TD Scorer,player_touchdown,,310,,34118141,2026-10-04T17:00:00.0000000Z,,2026-10-03T19:19:46.189157+00:00
draftkings,34118141,374829952,0QA374829952#2304411938_13L88808Q11366717828Q20,Jalon Daniels,,NFL,Anytime TD Scorer,player_touchdown,,360,,34118141,2026-10-04T17:00:00.0000000Z,,2026-10-03T19:19:46.189157+00:00
draftkings,34118141,374829952,0QA374829952#2304411960_13L88808Q11876643571Q20,,TB Buccaneers D/ST,NFL,Anytime TD Scorer,player_touchdown,,475,,34118141,2026-10-04T17:00:00.0000000Z,,2026-10-03T19:19:46.189157+00:00
draftkings,34118141,374829952,0QA374829952#2304411936_13L88808Q1532397873Q20,Chris Godwin,,NFL,Anytime TD Scorer,player_touchdown,,500,,34118141,2026-10-04T17:00:00.0000000Z,,2026-10-03T19:19:46.189157+00:00
draftkings,34118141,374829952,0QA374829952#2304411940_13L88808Q12127282699Q20,Ted Hurst,,NFL,Anytime TD Scorer,player_touchdown,,500,,34118141,2026-10-04T17:00:00.0000000Z,,2026-10-03T19:19:46.189157+00:00
draftkings,34118141,374829952,0QA374829952#2304411957_13L88808Q1958817726Q20,Skyy Moore,,NFL,Anytime TD Scorer,player_touchdown,,500,,34118141,2026-10-04T17:00:00.0000000Z,,2026-10-03T19:19:46.189157+00:00
draftkings,34118141,374829952,0QA374829952#2304411961_14L88808Q1-154062819Q20,,GB Packers D/ST,NFL,Anytime TD Scorer,player_touchdown,,500,,34118141,2026-10-04T17:00:00.0000000Z,,2026-10-03T19:19:46.189157+00:00
draftkings,34118141,374829952,0QA374829952#2304411935_13L88808Q1236160750Q20,Kenneth Gainwell,,NFL,Anytime TD Scorer,player_touchdown,,550,,34118141,2026-10-04T17:00:00.0000000Z,,2026-10-03T19:19:46.189157+00:00
draftkings,34118141,374829952,0QA374829952#2304411937_13L88808Q1-1181521367Q20,Cade Otton,,NFL,Anytime TD Scorer,player_touchdown,,550,,34118141,2026-10-04T17:00:00.0000000Z,,2026-10-03T19:19:46.189157+00:00
draftkings,34118141,374829952,0QA374829952#2304411951_13L88808Q1246792384Q20,Jonnu Smith,,NFL,Anytime TD Scorer,player_touchdown,,700,,34118141,2026-10-04T17:00:00.0000000Z,,2026-10-03T19:19:46.189157+00:00
draftkings,34118141,374829952,0QA374829952#2304411952_13L88808Q1-1213243313Q20,Jordan Love,,NFL,Anytime TD Scorer,player_touchdown,,700,,34118141,2026-10-04T17:00:00.0000000Z,,2026-10-03T19:19:46.189157+00:00
draftkings,34118141,374829952,0QA374829952#2304411941_13L88808Q1-1654530021Q20,Tez Johnson,,NFL,Anytime TD Scorer,player_touchdown,,750,,34118141,2026-10-04T17:00:00.0000000Z,,2026-10-03T19:19:46.189157+00:00
draftkings,34118141,374829952,0QA374829952#2304411949_13L88808Q11118357375Q20,Chris Brooks,,NFL,Anytime TD Scorer,player_touchdown,,750,,34118141,2026-10-04T17:00:00.0000000Z,,2026-10-03T19:19:46.189157+00:00
draftkings,34118141,374829952,0QA374829952#2304411939_13L88808Q11141276074Q20,Sean Tucker,,NFL,Anytime TD Scorer,player_touchdown,,1200,,34118141,2026-10-04T17:00:00.0000000Z,,2026-10-03T19:19:46.189157+00:00
draftkings,34118141,374829952,0QA374829952#2304411955_13L88808Q1-1306189187Q20,Bo Melton,,NFL,Anytime TD Scorer,player_touchdown,,1200,,34118141,2026-10-04T17:00:00.0000000Z,,2026-10-03T19:19:46.189157+00:00
draftkings,34118141,374829952,0QA374829952#2304411959_13L88808Q1957158759Q20,J. Michael Sturdivant,,NFL,Anytime TD Scorer,player_touchdown,,1300,,34118141,2026-10-04T17:00:00.0000000Z,,2026-10-03T19:19:46.189157+00:00
draftkings,34118141,374829952,0QA374829952#2304411942_13L88808Q1-2090468857Q20,Kameron Johnson,,NFL,Anytime TD Scorer,player_touchdown,,1900,,34118141,2026-10-04T17:00:00.0000000Z,,2026-10-03T19:19:46.189157+00:00
draftkings,34118141,374829952,0QA374829952#2304411956_13L88808Q1-1407909147Q20,Mark Redman,,NFL,Anytime TD Scorer,player_touchdown,,1900,,34118141,2026-10-04T17:00:00.0000000Z,,2026-10-03T19:19:46.189157+00:00
draftkings,34118141,374829952,0QA374829952#2304411954_13L88808Q1-344519320Q20,Josh Whyle,,NFL,Anytime TD Scorer,player_touchdown,,2500,,34118141,2026-10-04T17:00:00.0000000Z,,2026-10-03T19:19:46.189157+00:00
draftkings,34118141,374829952,0QA374829952#2304411943_13L88808Q1-1180851630Q20,Payne Durham,,NFL,Anytime TD Scorer,player_touchdown,,4000,,34118141,2026-10-04T17:00:00.0000000Z,,2026-10-03T19:19:46.189157+00:00
draftkings,34118141,374829952,0QA374829952#2304411944_13L88808Q1-64838591Q20,Bauer Sharp,,NFL,Anytime TD Scorer,player_touchdown,,5000,,34118141,2026-10-04T17:00:00.0000000Z,,2026-10-03T19:19:46.189157+00:00
draftkings,34118141,374829952,0QA374829952#2304411945_13L88808Q11086162817Q20,Ko Kieft,,NFL,Anytime TD Scorer,player_touchdown,,5000,,34118141,2026-10-04T17:00:00.0000000Z,,2026-10-03T19:19:46.189157+00:00
draftkings,34118141,374836785,0QA374836785#2304443272_13L88808Q1-416383636Q20,Bucky Irving,,NFL,2+ TDs,player_touchdown,,1100,,34118141,2026-10-04T17:00:00.0000000Z,,2026-10-03T19:19:46.189157+00:00
draftkings,34118141,374836785,0QA374836785#2304443355_13L88808Q1-1356601652Q20,Christian Watson,,NFL,2+ TDs,player_touchdown,,1300,,34118141,2026-10-04T17:00:00.0000000Z,,2026-10-03T19:19:46.189157+00:00
draftkings,34118141,374836785,0QA374836785#2304443356_13L88808Q1905210328Q20,Matthew Golden,,NFL,2+ TDs,player_touchdown,,1500,,34118141,2026-10-04T17:00:00.0000000Z,,2026-10-03T19:19:46.189157+00:00
draftkings,34118141,374836785,0QA374836785#2304443358_13L88808Q1-755622256Q20,Tucker Kraft,,NFL,2+ TDs,player_touchdown,,2000,,34118141,2026-10-04T17:00:00.0000000Z,,2026-10-03T19:19:46.189157+00:00
draftkings,34118141,374836785,0QA374836785#2304443354_13L88808Q1-131936476Q20,Kaleb Johnson,,NFL,2+ TDs,player_touchdown,,2200,,34118141,2026-10-04T17:00:00.0000000Z,,2026-10-03T19:19:46.189157+00:00
draftkings,34118141,374836785,0QA374836785#2304443357_13L88808Q1551366769Q20,MarShawn Lloyd,,NFL,2+ TDs,player_touchdown,,3000,,34118141,2026-10-04T17:00:00.0000000Z,,2026-10-03T19:19:46.189157+00:00
draftkings,34118141,374836785,0QA374836785#2304443273_13L88808Q11465714566Q20,Emeka Egbuka,,NFL,2+ TDs,player_touchdown,,3000,,34118141,2026-10-04T17:00:00.0000000Z,,2026-10-03T19:19:46.189157+00:00
draftkings,34118141,374836785,0QA374836785#2304443274_13L88808Q11421125342Q20,Jalon Daniels,,NFL,2+ TDs,player_touchdown,,4000,,34118141,2026-10-04T17:00:00.0000000Z,,2026-10-03T19:19:46.189157+00:00
draftkings,34118141,374836785,0QA374836785#2304443285_13L88808Q1325358937Q20,,TB Buccaneers D/ST,NFL,2+ TDs,player_touchdown,,4000,,34118141,2026-10-04T17:00:00.0000000Z,,2026-10-03T19:19:46.189157+00:00
draftkings,34118141,374836785,0QA374836785#2304443286_14L88808Q1-1649137533Q20,,GB Packers D/ST,NFL,2+ TDs,player_touchdown,,5000,,34118141,2026-10-04T17:00:00.0000000Z,,2026-10-03T19:19:46.189157+00:00
draftkings,34118141,374836785,0QA374836785#2304443359_13L88808Q1439691550Q20,Skyy Moore,,NFL,2+ TDs,player_touchdown,,6500,,34118141,2026-10-04T17:00:00.0000000Z,,2026-10-03T19:19:46.189157+00:00
draftkings,34118141,374836785,0QA374836785#2304443275_13L88808Q1-357637327Q20,Kenneth Gainwell,,NFL,2+ TDs,player_touchdown,,6500,,34118141,2026-10-04T17:00:00.0000000Z,,2026-10-03T19:19:46.189157+00:00
draftkings,34118141,374836785,0QA374836785#2304443276_13L88808Q11273477418Q20,Chris Godwin,,NFL,2+ TDs,player_touchdown,,6500,,34118141,2026-10-04T17:00:00.0000000Z,,2026-10-03T19:19:46.189157+00:00
draftkings,34118141,374836785,0QA374836785#2304443277_13L88808Q1-1264920135Q20,Cade Otton,,NFL,2+ TDs,player_touchdown,,7000,,34118141,2026-10-04T17:00:00.0000000Z,,2026-10-03T19:19:46.189157+00:00
draftkings,34118141,374836785,0QA374836785#2304443278_13L88808Q1358445554Q20,Ted Hurst,,NFL,2+ TDs,player_touchdown,,7000,,34118141,2026-10-04T17:00:00.0000000Z,,2026-10-03T19:19:46.189157+00:00
draftkings,34118141,374836785,0QA374836785#2304443360_13L88808Q1119802520Q20,Jonnu Smith,,NFL,2+ TDs,player_touchdown,,7500,,34118141,2026-10-04T17:00:00.0000000Z,,2026-10-03T19:19:46.189157+00:00
draftkings,34118141,374836785,0QA374836785#2304443361_13L88808Q1-95410103Q20,Jordan Love,,NFL,2+ TDs,player_touchdown,,9000,,34118141,2026-10-04T17:00:00.0000000Z,,2026-10-03T19:19:46.189157+00:00
draftkings,34118141,374836785,0QA374836785#2304443362_13L88808Q1-1780672628Q20,Chris Brooks,,NFL,2+ TDs,player_touchdown,,9000,,34118141,2026-10-04T17:00:00.0000000Z,,2026-10-03T19:19:46.189157+00:00
draftkings,34118141,374836785,0QA374836785#2304443279_13L88808Q1997600299Q20,Tez Johnson,,NFL,2+ TDs,player_touchdown,,9000,,34118141,2026-10-04T17:00:00.0000000Z,,2026-10-03T19:19:46.189157+00:00
draftkings,34118141,374836785,0QA374836785#2304443280_13L88808Q1-1540780736Q20,Sean Tucker,,NFL,2+ TDs,player_touchdown,,13000,,34118141,2026-10-04T17:00:00.0000000Z,,2026-10-03T19:19:46.189157+00:00
draftkings,34118141,374836785,0QA374836785#2304443365_13L88808Q1-1584753776Q20,Bo Melton,,NFL,2+ TDs,player_touchdown,,16000,,34118141,2026-10-04T17:00:00.0000000Z,,2026-10-03T19:19:46.189157+00:00
draftkings,34118141,374836785,0QA374836785#2304443364_13L88808Q1-180493860Q20,J. Michael Sturdivant,,NFL,2+ TDs,player_touchdown,,17000,,34118141,2026-10-04T17:00:00.0000000Z,,2026-10-03T19:19:46.189157+00:00
draftkings,34118141,374836785,0QA374836785#2304443366_13L88808Q11321069322Q20,Mark Redman,,NFL,2+ TDs,player_touchdown,,19000,,34118141,2026-10-04T17:00:00.0000000Z,,2026-10-03T19:19:46.189157+00:00
draftkings,34118141,374836785,0QA374836785#2304443363_13L88808Q11071445026Q20,Josh Whyle,,NFL,2+ TDs,player_touchdown,,20000,,34118141,2026-10-04T17:00:00.0000000Z,,2026-10-03T19:19:46.189157+00:00
draftkings,34118141,374836785,0QA374836785#2304443283_13L88808Q1538164288Q20,Ko Kieft,,NFL,2+ TDs,player_touchdown,,20000,,34118141,2026-10-04T17:00:00.0000000Z,,2026-10-03T19:19:46.189157+00:00
draftkings,34118141,374836785,0QA374836785#2304443284_13L88808Q1667916159Q20,Kameron Johnson,,NFL,2+ TDs,player_touchdown,,20000,,34118141,2026-10-04T17:00:00.0000000Z,,2026-10-03T19:19:46.189157+00:00
draftkings,34118141,374836785,0QA374836785#2304443281_13L88808Q1-245668331Q20,Bauer Sharp,,NFL,2+ TDs,player_touchdown,,25000,,34118141,2026-10-04T17:00:00.0000000Z,,2026-10-03T19:19:46.189157+00:00
draftkings,34118141,374836785,0QA374836785#2304443282_13L88808Q1649583744Q20,Payne Durham,,NFL,2+ TDs,player_touchdown,,25000,,34118141,2026-10-04T17:00:00.0000000Z,,2026-10-03T19:19:46.189157+00:00
