platform,source_event_id,source_market_id,source_selection_id,player_name,team,sport,stat_type,prop_category,line,over_american_odds,under_american_odds,game_id,game_start_time,status,pulled_at
draftkings,34118210,357431987,0QA357431987#2250860923_13L88808Q1-1250365177Q20,Jahmyr Gibbs,,NFL,First TD Scorer,player_touchdown,,280,,34118210,2026-09-13T17:00:00.0000000Z,,2026-09-11T04:51:39.672214+00:00
draftkings,34118210,357431987,0QA357431987#2250861028_13L88808Q1-1664214611Q20,Amon-Ra St. Brown,,NFL,First TD Scorer,player_touchdown,,650,,34118210,2026-09-13T17:00:00.0000000Z,,2026-09-11T04:51:39.672214+00:00
draftkings,34118210,357431987,0QA357431987#2250862763_13L88808Q1-496436612Q20,Travis Etienne Jr.,,NFL,First TD Scorer,player_touchdown,,650,,34118210,2026-09-13T17:00:00.0000000Z,,2026-09-11T04:51:39.672214+00:00
draftkings,34118210,357431987,0QA357431987#2250861058_13L88808Q1-1497702701Q20,Sam LaPorta,,NFL,First TD Scorer,player_touchdown,,1100,,34118210,2026-09-13T17:00:00.0000000Z,,2026-09-11T04:51:39.672214+00:00
draftkings,34118210,357431987,0QA357431987#2250861102_13L88808Q1-1721268165Q20,Jameson Williams,,NFL,First TD Scorer,player_touchdown,,1100,,34118210,2026-09-13T17:00:00.0000000Z,,2026-09-11T04:51:39.672214+00:00
draftkings,34118210,357431987,0QA357431987#2250862724_13L88808Q1268307124Q20,Chris Olave,,NFL,First TD Scorer,player_touchdown,,1300,,34118210,2026-09-13T17:00:00.0000000Z,,2026-09-11T04:51:39.672214+00:00
draftkings,34118210,357431987,0QA357431987#2250862885_13L88808Q11543263768Q20,Juwan Johnson,,NFL,First TD Scorer,player_touchdown,,2000,,34118210,2026-09-13T17:00:00.0000000Z,,2026-09-11T04:51:39.672214+00:00
draftkings,34118210,357431987,0QA357431987#2250862024_13L88808Q11454726330Q20,Sione Vaki,,NFL,First TD Scorer,player_touchdown,,2200,,34118210,2026-09-13T17:00:00.0000000Z,,2026-09-11T04:51:39.672214+00:00
draftkings,34118210,357431987,0QA357431987#2250862271_13L88808Q1922683471Q20,Jacob Saylors,,NFL,First TD Scorer,player_touchdown,,2200,,34118210,2026-09-13T17:00:00.0000000Z,,2026-09-11T04:51:39.672214+00:00
draftkings,34118210,357431987,0QA357431987#2250863101_13L88808Q1-745613488Q20,Tyler Shough,,NFL,First TD Scorer,player_touchdown,,2200,,34118210,2026-09-13T17:00:00.0000000Z,,2026-09-11T04:51:39.672214+00:00
draftkings,34118210,357431987,0QA357431987#2250861303_13L88808Q11609051622Q20,Isaac TeSlaa,,NFL,First TD Scorer,player_touchdown,,2500,,34118210,2026-09-13T17:00:00.0000000Z,,2026-09-11T04:51:39.672214+00:00
draftkings,34118210,357431987,0QA357431987#2251041170_13L88808Q1-1921044867Q20,Devaughn Vele,,NFL,First TD Scorer,player_touchdown,,2800,,34118210,2026-09-13T17:00:00.0000000Z,,2026-09-11T04:51:39.672214+00:00
draftkings,34118210,357431987,0QA357431987#2250862980_13L88808Q1-331917278Q20,Audric Estime,,NFL,First TD Scorer,player_touchdown,,3500,,34118210,2026-09-13T17:00:00.0000000Z,,2026-09-11T04:51:39.672214+00:00
draftkings,34118210,357431987,0QA357431987#2250863032_13L88808Q11766794700Q20,Kendre Miller,,NFL,First TD Scorer,player_touchdown,,3500,,34118210,2026-09-13T17:00:00.0000000Z,,2026-09-11T04:51:39.672214+00:00
draftkings,34118210,357431987,0QA357431987#2250863503_13L88808Q11861635155Q20,,DET Lions D/ST,NFL,First TD Scorer,player_touchdown,,3500,,34118210,2026-09-13T17:00:00.0000000Z,,2026-09-11T04:51:39.672214+00:00
draftkings,34118210,357431987,0QA357431987#2250863543_14L88808Q1-512876066Q20,,NO Saints D/ST,NFL,First TD Scorer,player_touchdown,,3500,,34118210,2026-09-13T17:00:00.0000000Z,,2026-09-11T04:51:39.672214+00:00
draftkings,34118210,357431987,0QA357431987#2250863152_13L88808Q11499560782Q20,Noah Fant,,NFL,First TD Scorer,player_touchdown,,4500,,34118210,2026-09-13T17:00:00.0000000Z,,2026-09-11T04:51:39.672214+00:00
draftkings,34118210,357431987,0QA357431987#2250861169_13L88808Q1-1503282885Q20,Brock Wright,,NFL,First TD Scorer,player_touchdown,,5000,,34118210,2026-09-13T17:00:00.0000000Z,,2026-09-11T04:51:39.672214+00:00
draftkings,34118210,357431987,0QA357431987#2251042942_13L88808Q1-568667382Q20,Bryce Lance,,NFL,First TD Scorer,player_touchdown,,5500,,34118210,2026-09-13T17:00:00.0000000Z,,2026-09-11T04:51:39.672214+00:00
draftkings,34118210,357431987,0QA357431987#2251042941_13L88808Q1973486523Q20,Barion Brown,,NFL,First TD Scorer,player_touchdown,,6500,,34118210,2026-09-13T17:00:00.0000000Z,,2026-09-11T04:51:39.672214+00:00
draftkings,34118210,357431987,0QA357431987#2250861467_13L88808Q12084981216Q20,Jared Goff,,NFL,First TD Scorer,player_touchdown,,7000,,34118210,2026-09-13T17:00:00.0000000Z,,2026-09-11T04:51:39.672214+00:00
draftkings,34118210,357431987,0QA357431987#2250861614_13L88808Q11552969649Q20,Tyler Conklin,,NFL,First TD Scorer,player_touchdown,,8000,,34118210,2026-09-13T17:00:00.0000000Z,,2026-09-11T04:51:39.672214+00:00
draftkings,34118210,357431987,0QA357431987#2250861839_13L88808Q1-1661344686Q20,Tay Martin,,NFL,First TD Scorer,player_touchdown,,8000,,34118210,2026-09-13T17:00:00.0000000Z,,2026-09-11T04:51:39.672214+00:00
draftkings,34118210,357431987,0QA357431987#2250862038_13L88808Q1624082736Q20,Jackson Meeks,,NFL,First TD Scorer,player_touchdown,,9000,,34118210,2026-09-13T17:00:00.0000000Z,,2026-09-11T04:51:39.672214+00:00
draftkings,34118210,357431987,0QA357431987#2251044894_13L88808Q1-1849714380Q20,Oscar Delp,,NFL,First TD Scorer,player_touchdown,,11000,,34118210,2026-09-13T17:00:00.0000000Z,,2026-09-11T04:51:39.672214+00:00
draftkings,34118210,357431987,0QA357431987#2235201413_13L88808Q1-1777442974Q20,,No Touchdown Scorer,NFL,First TD Scorer,player_touchdown,,16000,,34118210,2026-09-13T17:00:00.0000000Z,,2026-09-11T04:51:39.672214+00:00
draftkings,34118210,361397313,0QA361397313#2250875327_13L88808Q1-1471319780Q20,Jahmyr Gibbs,,NFL,Anytime TD Scorer,player_touchdown,,,,34118210,2026-09-13T17:00:00.0000000Z,,2026-09-11T04:51:39.672214+00:00
draftkings,34118210,361397313,0QA361397313#2250875351_13L88808Q11545031559Q20,Travis Etienne Jr.,,NFL,Anytime TD Scorer,player_touchdown,,,,34118210,2026-09-13T17:00:00.0000000Z,,2026-09-11T04:51:39.672214+00:00
draftkings,34118210,361397313,0QA361397313#2250875329_13L88808Q1-1466210203Q20,Amon-Ra St. Brown,,NFL,Anytime TD Scorer,player_touchdown,,100,,34118210,2026-09-13T17:00:00.0000000Z,,2026-09-11T04:51:39.672214+00:00
draftkings,34118210,361397313,0QA361397313#2250875349_13L88808Q1-1726186093Q20,Chris Olave,,NFL,Anytime TD Scorer,player_touchdown,,155,,34118210,2026-09-13T17:00:00.0000000Z,,2026-09-11T04:51:39.672214+00:00
draftkings,34118210,361397313,0QA361397313#2250875332_13L88808Q1480222870Q20,Jameson Williams,,NFL,Anytime TD Scorer,player_touchdown,,180,,34118210,2026-09-13T17:00:00.0000000Z,,2026-09-11T04:51:39.672214+00:00
draftkings,34118210,361397313,0QA361397313#2250875331_13L88808Q1472584472Q20,Sam LaPorta,,NFL,Anytime TD Scorer,player_touchdown,,200,,34118210,2026-09-13T17:00:00.0000000Z,,2026-09-11T04:51:39.672214+00:00
draftkings,34118210,361397313,0QA361397313#2250875352_13L88808Q1873985604Q20,Juwan Johnson,,NFL,Anytime TD Scorer,player_touchdown,,250,,34118210,2026-09-13T17:00:00.0000000Z,,2026-09-11T04:51:39.672214+00:00
draftkings,34118210,361397313,0QA361397313#2250875343_13L88808Q1802415370Q20,Jacob Saylors,,NFL,Anytime TD Scorer,player_touchdown,,360,,34118210,2026-09-13T17:00:00.0000000Z,,2026-09-11T04:51:39.672214+00:00
draftkings,34118210,361397313,0QA361397313#2250875356_13L88808Q144959304Q20,Tyler Shough,,NFL,Anytime TD Scorer,player_touchdown,,370,,34118210,2026-09-13T17:00:00.0000000Z,,2026-09-11T04:51:39.672214+00:00
draftkings,34118210,361397313,0QA361397313#2250875341_13L88808Q1-1535713599Q20,Sione Vaki,,NFL,Anytime TD Scorer,player_touchdown,,400,,34118210,2026-09-13T17:00:00.0000000Z,,2026-09-11T04:51:39.672214+00:00
draftkings,34118210,361397313,0QA361397313#2251041117_13L88808Q1138922171Q20,Devaughn Vele,,NFL,Anytime TD Scorer,player_touchdown,,400,,34118210,2026-09-13T17:00:00.0000000Z,,2026-09-11T04:51:39.672214+00:00
draftkings,34118210,361397313,0QA361397313#2250875335_13L88808Q11283746776Q20,Isaac TeSlaa,,NFL,Anytime TD Scorer,player_touchdown,,500,,34118210,2026-09-13T17:00:00.0000000Z,,2026-09-11T04:51:39.672214+00:00
draftkings,34118210,361397313,0QA361397313#2250875355_13L88808Q1-403572542Q20,Kendre Miller,,NFL,Anytime TD Scorer,player_touchdown,,500,,34118210,2026-09-13T17:00:00.0000000Z,,2026-09-11T04:51:39.672214+00:00
draftkings,34118210,361397313,0QA361397313#2250875364_13L88808Q1-1795313339Q20,,DET Lions D/ST,NFL,Anytime TD Scorer,player_touchdown,,500,,34118210,2026-09-13T17:00:00.0000000Z,,2026-09-11T04:51:39.672214+00:00
draftkings,34118210,361397313,0QA361397313#2250875354_13L88808Q1214033643Q20,Audric Estime,,NFL,Anytime TD Scorer,player_touchdown,,550,,34118210,2026-09-13T17:00:00.0000000Z,,2026-09-11T04:51:39.672214+00:00
draftkings,34118210,361397313,0QA361397313#2250875365_14L88808Q1-738260910Q20,,NO Saints D/ST,NFL,Anytime TD Scorer,player_touchdown,,650,,34118210,2026-09-13T17:00:00.0000000Z,,2026-09-11T04:51:39.672214+00:00
draftkings,34118210,361397313,0QA361397313#2250875357_13L88808Q11213714519Q20,Noah Fant,,NFL,Anytime TD Scorer,player_touchdown,,750,,34118210,2026-09-13T17:00:00.0000000Z,,2026-09-11T04:51:39.672214+00:00
draftkings,34118210,361397313,0QA361397313#2251042855_13L88808Q11364081968Q20,Barion Brown,,NFL,Anytime TD Scorer,player_touchdown,,800,,34118210,2026-09-13T17:00:00.0000000Z,,2026-09-11T04:51:39.672214+00:00
draftkings,34118210,361397313,0QA361397313#2251042857_13L88808Q11438391772Q20,Bryce Lance,,NFL,Anytime TD Scorer,player_touchdown,,900,,34118210,2026-09-13T17:00:00.0000000Z,,2026-09-11T04:51:39.672214+00:00
draftkings,34118210,361397313,0QA361397313#2250875333_13L88808Q1779951428Q20,Brock Wright,,NFL,Anytime TD Scorer,player_touchdown,,1200,,34118210,2026-09-13T17:00:00.0000000Z,,2026-09-11T04:51:39.672214+00:00
draftkings,34118210,361397313,0QA361397313#2250875338_13L88808Q1-1536694295Q20,Tay Martin,,NFL,Anytime TD Scorer,player_touchdown,,1200,,34118210,2026-09-13T17:00:00.0000000Z,,2026-09-11T04:51:39.672214+00:00
draftkings,34118210,361397313,0QA361397313#2250875292_13L88808Q1-1939996255Q20,Jared Goff,,NFL,Anytime TD Scorer,player_touchdown,,1400,,34118210,2026-09-13T17:00:00.0000000Z,,2026-09-11T04:51:39.672214+00:00
draftkings,34118210,361397313,0QA361397313#2250875336_13L88808Q11453791887Q20,Tyler Conklin,,NFL,Anytime TD Scorer,player_touchdown,,1500,,34118210,2026-09-13T17:00:00.0000000Z,,2026-09-11T04:51:39.672214+00:00
draftkings,34118210,361397313,0QA361397313#2250875342_13L88808Q1-966851995Q20,Jackson Meeks,,NFL,Anytime TD Scorer,player_touchdown,,1500,,34118210,2026-09-13T17:00:00.0000000Z,,2026-09-11T04:51:39.672214+00:00
draftkings,34118210,361397313,0QA361397313#2251042859_13L88808Q12065808625Q20,Oscar Delp,,NFL,Anytime TD Scorer,player_touchdown,,1600,,34118210,2026-09-13T17:00:00.0000000Z,,2026-09-11T04:51:39.672214+00:00
draftkings,34118210,363177179,0QA363177179#2258089975_13L88808Q11455054237Q20,Jahmyr Gibbs,,NFL,2+ TDs,player_touchdown,,165,,34118210,2026-09-13T17:00:00.0000000Z,,2026-09-11T04:51:39.672214+00:00
draftkings,34118210,363177179,0QA363177179#2258089988_13L88808Q1-845714904Q20,Travis Etienne Jr.,,NFL,2+ TDs,player_touchdown,,500,,34118210,2026-09-13T17:00:00.0000000Z,,2026-09-11T04:51:39.672214+00:00
draftkings,34118210,363177179,0QA363177179#2258089976_13L88808Q176672589Q20,Amon-Ra St. Brown,,NFL,2+ TDs,player_touchdown,,650,,34118210,2026-09-13T17:00:00.0000000Z,,2026-09-11T04:51:39.672214+00:00
draftkings,34118210,363177179,0QA363177179#2258089990_13L88808Q12022577872Q20,Chris Olave,,NFL,2+ TDs,player_touchdown,,1200,,34118210,2026-09-13T17:00:00.0000000Z,,2026-09-11T04:51:39.672214+00:00
draftkings,34118210,363177179,0QA363177179#2258089978_13L88808Q1-106544391Q20,Jameson Williams,,NFL,2+ TDs,player_touchdown,,1400,,34118210,2026-09-13T17:00:00.0000000Z,,2026-09-11T04:51:39.672214+00:00
draftkings,34118210,363177179,0QA363177179#2258089977_13L88808Q1-558374750Q20,Sam LaPorta,,NFL,2+ TDs,player_touchdown,,1700,,34118210,2026-09-13T17:00:00.0000000Z,,2026-09-11T04:51:39.672214+00:00
draftkings,34118210,363177179,0QA363177179#2258089991_13L88808Q1-1463828113Q20,Juwan Johnson,,NFL,2+ TDs,player_touchdown,,2000,,34118210,2026-09-13T17:00:00.0000000Z,,2026-09-11T04:51:39.672214+00:00
draftkings,34118210,363177179,0QA363177179#2258089982_13L88808Q1-784979080Q20,Jacob Saylors,,NFL,2+ TDs,player_touchdown,,3500,,34118210,2026-09-13T17:00:00.0000000Z,,2026-09-11T04:51:39.672214+00:00
draftkings,34118210,363177179,0QA363177179#2258089984_13L88808Q11961193565Q20,Sione Vaki,,NFL,2+ TDs,player_touchdown,,4000,,34118210,2026-09-13T17:00:00.0000000Z,,2026-09-11T04:51:39.672214+00:00
draftkings,34118210,363177179,0QA363177179#2258089993_13L88808Q1-1801413616Q20,Tyler Shough,,NFL,2+ TDs,player_touchdown,,4000,,34118210,2026-09-13T17:00:00.0000000Z,,2026-09-11T04:51:39.672214+00:00
draftkings,34118210,363177179,0QA363177179#2258089992_13L88808Q1-1344177905Q20,Devaughn Vele,,NFL,2+ TDs,player_touchdown,,4500,,34118210,2026-09-13T17:00:00.0000000Z,,2026-09-11T04:51:39.672214+00:00
draftkings,34118210,363177179,0QA363177179#2258090000_13L88808Q1-1191404940Q20,,DET Lions D/ST,NFL,2+ TDs,player_touchdown,,5500,,34118210,2026-09-13T17:00:00.0000000Z,,2026-09-11T04:51:39.672214+00:00
draftkings,34118210,363177179,0QA363177179#2258089979_13L88808Q1-2063073039Q20,Isaac TeSlaa,,NFL,2+ TDs,player_touchdown,,6000,,34118210,2026-09-13T17:00:00.0000000Z,,2026-09-11T04:51:39.672214+00:00
draftkings,34118210,363177179,0QA363177179#2258089998_13L88808Q1-2129732593Q20,Kendre Miller,,NFL,2+ TDs,player_touchdown,,6000,,34118210,2026-09-13T17:00:00.0000000Z,,2026-09-11T04:51:39.672214+00:00
draftkings,34118210,363177179,0QA363177179#2258090001_14L88808Q1-2049753154Q20,,NO Saints D/ST,NFL,2+ TDs,player_touchdown,,7000,,34118210,2026-09-13T17:00:00.0000000Z,,2026-09-11T04:51:39.672214+00:00
draftkings,34118210,363177179,0QA363177179#2271259673_13L88808Q11659488704Q20,Audric Estime,,NFL,2+ TDs,player_touchdown,,7000,,34118210,2026-09-13T17:00:00.0000000Z,,2026-09-11T04:51:39.672214+00:00
draftkings,34118210,363177179,0QA363177179#2258089994_13L88808Q1-1243827761Q20,Barion Brown,,NFL,2+ TDs,player_touchdown,,9000,,34118210,2026-09-13T17:00:00.0000000Z,,2026-09-11T04:51:39.672214+00:00
draftkings,34118210,363177179,0QA363177179#2258089997_13L88808Q1669299964Q20,Noah Fant,,NFL,2+ TDs,player_touchdown,,10000,,34118210,2026-09-13T17:00:00.0000000Z,,2026-09-11T04:51:39.672214+00:00
draftkings,34118210,363177179,0QA363177179#2271866662_13L88808Q1861976401Q20,Tay Martin,,NFL,2+ TDs,player_touchdown,,11000,,34118210,2026-09-13T17:00:00.0000000Z,,2026-09-11T04:51:39.672214+00:00
draftkings,34118210,363177179,0QA363177179#2258089996_13L88808Q1-1820980056Q20,Bryce Lance,,NFL,2+ TDs,player_touchdown,,11000,,34118210,2026-09-13T17:00:00.0000000Z,,2026-09-11T04:51:39.672214+00:00
draftkings,34118210,363177179,0QA363177179#2258100737_13L88808Q11410418829Q20,Oscar Delp,,NFL,2+ TDs,player_touchdown,,12000,,34118210,2026-09-13T17:00:00.0000000Z,,2026-09-11T04:51:39.672214+00:00
draftkings,34118210,363177179,0QA363177179#2258089980_13L88808Q1-259936931Q20,Brock Wright,,NFL,2+ TDs,player_touchdown,,13000,,34118210,2026-09-13T17:00:00.0000000Z,,2026-09-11T04:51:39.672214+00:00
draftkings,34118210,363177179,0QA363177179#2258089985_13L88808Q1-68127598Q20,Tyler Conklin,,NFL,2+ TDs,player_touchdown,,13000,,34118210,2026-09-13T17:00:00.0000000Z,,2026-09-11T04:51:39.672214+00:00
draftkings,34118210,363177179,0QA363177179#2275823762_13L88808Q1-2109234175Q20,Jackson Meeks,,NFL,2+ TDs,player_touchdown,,14000,,34118210,2026-09-13T17:00:00.0000000Z,,2026-09-11T04:51:39.672214+00:00
draftkings,34118210,363177179,0QA363177179#2258089983_13L88808Q1398394097Q20,Jared Goff,,NFL,2+ TDs,player_touchdown,,18000,,34118210,2026-09-13T17:00:00.0000000Z,,2026-09-11T04:51:39.672214+00:00
draftkings,34118250,357426984,0QA357426984#2253295693_13L88808Q1-1660181573Q20,Bhayshul Tuten,,NFL,First TD Scorer,player_touchdown,,650,,34118250,2026-09-13T17:00:00.0000000Z,,2026-09-11T04:51:39.672214+00:00
draftkings,34118250,357426984,0QA357426984#2253295582_13L88808Q12068895527Q20,Chris Rodriguez Jr.,,NFL,First TD Scorer,player_touchdown,,750,,34118250,2026-09-13T17:00:00.0000000Z,,2026-09-11T04:51:39.672214+00:00
draftkings,34118250,357426984,0QA357426984#2253296496_13L88808Q1574465823Q20,Quinshon Judkins,,NFL,First TD Scorer,player_touchdown,,850,,34118250,2026-09-13T17:00:00.0000000Z,,2026-09-11T04:51:39.672214+00:00
draftkings,34118250,357426984,0QA357426984#2253295935_13L88808Q11220235415Q20,Parker Washington,,NFL,First TD Scorer,player_touchdown,,900,,34118250,2026-09-13T17:00:00.0000000Z,,2026-09-11T04:51:39.672214+00:00
draftkings,34118250,357426984,0QA357426984#2253295623_13L88808Q1-547766960Q20,Trevor Lawrence,,NFL,First TD Scorer,player_touchdown,,1000,,34118250,2026-09-13T17:00:00.0000000Z,,2026-09-11T04:51:39.672214+00:00
draftkings,34118250,357426984,0QA357426984#2253295816_13L88808Q1681839508Q20,Jakobi Meyers,,NFL,First TD Scorer,player_touchdown,,1000,,34118250,2026-09-13T17:00:00.0000000Z,,2026-09-11T04:51:39.672214+00:00
draftkings,34118250,357426984,0QA357426984#2253295738_13L88808Q12045289269Q20,Brian Thomas Jr.,,NFL,First TD Scorer,player_touchdown,,1100,,34118250,2026-09-13T17:00:00.0000000Z,,2026-09-11T04:51:39.672214+00:00
draftkings,34118250,357426984,0QA357426984#2253295866_13L88808Q1-412880544Q20,Brenton Strange,,NFL,First TD Scorer,player_touchdown,,1100,,34118250,2026-09-13T17:00:00.0000000Z,,2026-09-11T04:51:39.672214+00:00
draftkings,34118250,357426984,0QA357426984#2253296703_13L88808Q11474690321Q20,Harold Fannin Jr.,,NFL,First TD Scorer,player_touchdown,,1700,,34118250,2026-09-13T17:00:00.0000000Z,,2026-09-11T04:51:39.672214+00:00
draftkings,34118250,357426984,0QA357426984#2253296784_13L88808Q1-1126728753Q20,Jerry Jeudy,,NFL,First TD Scorer,player_touchdown,,2200,,34118250,2026-09-13T17:00:00.0000000Z,,2026-09-11T04:51:39.672214+00:00
draftkings,34118250,357426984,0QA357426984#2255941281_13L88808Q1-1350600953Q20,Denzel Boston,,NFL,First TD Scorer,player_touchdown,,2200,,34118250,2026-09-13T17:00:00.0000000Z,,2026-09-11T04:51:39.672214+00:00
draftkings,34118250,357426984,0QA357426984#2253297850_13L88808Q11608123809Q20,,JAX Jaguars D/ST,NFL,First TD Scorer,player_touchdown,,2500,,34118250,2026-09-13T17:00:00.0000000Z,,2026-09-11T04:51:39.672214+00:00
draftkings,34118250,357426984,0QA357426984#2253297881_14L88808Q1-124386066Q20,,CLE Browns D/ST,NFL,First TD Scorer,player_touchdown,,2500,,34118250,2026-09-13T17:00:00.0000000Z,,2026-09-11T04:51:39.672214+00:00
draftkings,34118250,357426984,0QA357426984#2258386418_13L88808Q11965821720Q20,KC Concepcion,,NFL,First TD Scorer,player_touchdown,,2500,,34118250,2026-09-13T17:00:00.0000000Z,,2026-09-11T04:51:39.672214+00:00
draftkings,34118250,357426984,0QA357426984#2256093526_13L88808Q1-810802905Q20,Deshaun Watson,,NFL,First TD Scorer,player_touchdown,,2800,,34118250,2026-09-13T17:00:00.0000000Z,,2026-09-11T04:51:39.672214+00:00
draftkings,34118250,357426984,0QA357426984#2253295921_13L88808Q1-1949955777Q20,Travis Hunter,,NFL,First TD Scorer,player_touchdown,,3500,,34118250,2026-09-13T17:00:00.0000000Z,,2026-09-11T04:51:39.672214+00:00
draftkings,34118250,357426984,0QA357426984#2253296992_13L88808Q1-1693422900Q20,Dylan Sampson,,NFL,First TD Scorer,player_touchdown,,3500,,34118250,2026-09-13T17:00:00.0000000Z,,2026-09-11T04:51:39.672214+00:00
draftkings,34118250,357426984,0QA357426984#2253296009_13L88808Q11563889571Q20,Ameer Abdullah,,NFL,First TD Scorer,player_touchdown,,4000,,34118250,2026-09-13T17:00:00.0000000Z,,2026-09-11T04:51:39.672214+00:00
draftkings,34118250,357426984,0QA357426984#2256119977_13L88808Q11924402964Q20,Nate Boerkircher,,NFL,First TD Scorer,player_touchdown,,4000,,34118250,2026-09-13T17:00:00.0000000Z,,2026-09-11T04:51:39.672214+00:00
draftkings,34118250,357426984,0QA357426984#2253297194_13L88808Q1864074685Q20,Isaiah Bond,,NFL,First TD Scorer,player_touchdown,,6500,,34118250,2026-09-13T17:00:00.0000000Z,,2026-09-11T04:51:39.672214+00:00
draftkings,34118250,357426984,0QA357426984#2235183926_13L88808Q1-1777442974Q20,,No Touchdown Scorer,NFL,First TD Scorer,player_touchdown,,7500,,34118250,2026-09-13T17:00:00.0000000Z,,2026-09-11T04:51:39.672214+00:00
draftkings,34118250,357426984,0QA357426984#2253296593_13L88808Q1-736183787Q20,Raheim Sanders,,NFL,First TD Scorer,player_touchdown,,8000,,34118250,2026-09-13T17:00:00.0000000Z,,2026-09-11T04:51:39.672214+00:00
draftkings,34118250,357426984,0QA357426984#2256119976_13L88808Q1-1929096239Q20,Tanner Koziol,,NFL,First TD Scorer,player_touchdown,,8000,,34118250,2026-09-13T17:00:00.0000000Z,,2026-09-11T04:51:39.672214+00:00
draftkings,34118250,357426984,0QA357426984#2256119978_13L88808Q1-636588977Q20,CJ Williams,,NFL,First TD Scorer,player_touchdown,,9000,,34118250,2026-09-13T17:00:00.0000000Z,,2026-09-11T04:51:39.672214+00:00
draftkings,34118250,357426984,0QA357426984#2253296221_13L88808Q1751672276Q20,Quintin Morris,,NFL,First TD Scorer,player_touchdown,,10000,,34118250,2026-09-13T17:00:00.0000000Z,,2026-09-11T04:51:39.672214+00:00
draftkings,34118250,357426984,0QA357426984#2253297594_13L88808Q11791670228Q20,Blake Whiteheart,,NFL,First TD Scorer,player_touchdown,,10000,,34118250,2026-09-13T17:00:00.0000000Z,,2026-09-11T04:51:39.672214+00:00
draftkings,34118250,357426984,0QA357426984#2256119979_13L88808Q11338952608Q20,Josh Cameron,,NFL,First TD Scorer,player_touchdown,,10000,,34118250,2026-09-13T17:00:00.0000000Z,,2026-09-11T04:51:39.672214+00:00
draftkings,34118250,357426984,0QA357426984#2253297184_13L88808Q11286480219Q20,Malachi Corley,,NFL,First TD Scorer,player_touchdown,,11000,,34118250,2026-09-13T17:00:00.0000000Z,,2026-09-11T04:51:39.672214+00:00
draftkings,34118250,357426984,0QA357426984#2256101877_13L88808Q11126324251Q20,Carsen Ryan,,NFL,First TD Scorer,player_touchdown,,12000,,34118250,2026-09-13T17:00:00.0000000Z,,2026-09-11T04:51:39.672214+00:00
draftkings,34118250,357426984,0QA357426984#2253297670_13L88808Q1703533067Q20,Michael Burton,,NFL,First TD Scorer,player_touchdown,,14000,,34118250,2026-09-13T17:00:00.0000000Z,,2026-09-11T04:51:39.672214+00:00
draftkings,34118250,357426984,0QA357426984#2253297320_13L88808Q1-442171469Q20,Tylan Wallace,,NFL,First TD Scorer,player_touchdown,,20000,,34118250,2026-09-13T17:00:00.0000000Z,,2026-09-11T04:51:39.672214+00:00
draftkings,34118250,362382884,0QA362382884#2254729946_13L88808Q11230695518Q20,Bhayshul Tuten,,NFL,Anytime TD Scorer,player_touchdown,,140,,34118250,2026-09-13T17:00:00.0000000Z,,2026-09-11T04:51:39.672214+00:00
draftkings,34118250,362382884,0QA362382884#2254729945_13L88808Q11137102484Q20,Chris Rodriguez Jr.,,NFL,Anytime TD Scorer,player_touchdown,,165,,34118250,2026-09-13T17:00:00.0000000Z,,2026-09-11T04:51:39.672214+00:00
draftkings,34118250,362382884,0QA362382884#2254729961_13L88808Q1-1895349765Q20,Quinshon Judkins,,NFL,Anytime TD Scorer,player_touchdown,,165,,34118250,2026-09-13T17:00:00.0000000Z,,2026-09-11T04:51:39.672214+00:00
draftkings,34118250,362382884,0QA362382884#2254729951_13L88808Q1-849064763Q20,Parker Washington,,NFL,Anytime TD Scorer,player_touchdown,,190,,34118250,2026-09-13T17:00:00.0000000Z,,2026-09-11T04:51:39.672214+00:00
draftkings,34118250,362382884,0QA362382884#2254729948_13L88808Q1-992648746Q20,Jakobi Meyers,,NFL,Anytime TD Scorer,player_touchdown,,240,,34118250,2026-09-13T17:00:00.0000000Z,,2026-09-11T04:51:39.672214+00:00
draftkings,34118250,362382884,0QA362382884#2254729903_13L88808Q1-1192653454Q20,Trevor Lawrence,,NFL,Anytime TD Scorer,player_touchdown,,250,,34118250,2026-09-13T17:00:00.0000000Z,,2026-09-11T04:51:39.672214+00:00
draftkings,34118250,362382884,0QA362382884#2254729947_13L88808Q1-271780635Q20,Brian Thomas Jr.,,NFL,Anytime TD Scorer,player_touchdown,,265,,34118250,2026-09-13T17:00:00.0000000Z,,2026-09-11T04:51:39.672214+00:00
draftkings,34118250,362382884,0QA362382884#2254729949_13L88808Q1-1393332464Q20,Brenton Strange,,NFL,Anytime TD Scorer,player_touchdown,,265,,34118250,2026-09-13T17:00:00.0000000Z,,2026-09-11T04:51:39.672214+00:00
draftkings,34118250,362382884,0QA362382884#2254729962_13L88808Q1466829631Q20,Harold Fannin Jr.,,NFL,Anytime TD Scorer,player_touchdown,,350,,34118250,2026-09-13T17:00:00.0000000Z,,2026-09-11T04:51:39.672214+00:00
draftkings,34118250,362382884,0QA362382884#2254729963_13L88808Q1526503198Q20,Jerry Jeudy,,NFL,Anytime TD Scorer,player_touchdown,,475,,34118250,2026-09-13T17:00:00.0000000Z,,2026-09-11T04:51:39.672214+00:00
draftkings,34118250,362382884,0QA362382884#2254729974_13L88808Q1-1879342799Q20,,JAX Jaguars D/ST,NFL,Anytime TD Scorer,player_touchdown,,475,,34118250,2026-09-13T17:00:00.0000000Z,,2026-09-11T04:51:39.672214+00:00
draftkings,34118250,362382884,0QA362382884#2255941310_13L88808Q1-1280421193Q20,Denzel Boston,,NFL,Anytime TD Scorer,player_touchdown,,475,,34118250,2026-09-13T17:00:00.0000000Z,,2026-09-11T04:51:39.672214+00:00
draftkings,34118250,362382884,0QA362382884#2258386432_13L88808Q1254821704Q20,KC Concepcion,,NFL,Anytime TD Scorer,player_touchdown,,500,,34118250,2026-09-13T17:00:00.0000000Z,,2026-09-11T04:51:39.672214+00:00
draftkings,34118250,362382884,0QA362382884#2254729975_14L88808Q11303327976Q20,,CLE Browns D/ST,NFL,Anytime TD Scorer,player_touchdown,,600,,34118250,2026-09-13T17:00:00.0000000Z,,2026-09-11T04:51:39.672214+00:00
draftkings,34118250,362382884,0QA362382884#2256093597_13L88808Q1184390672Q20,Deshaun Watson,,NFL,Anytime TD Scorer,player_touchdown,,600,,34118250,2026-09-13T17:00:00.0000000Z,,2026-09-11T04:51:39.672214+00:00
draftkings,34118250,362382884,0QA362382884#2254729965_13L88808Q11127564074Q20,Dylan Sampson,,NFL,Anytime TD Scorer,player_touchdown,,750,,34118250,2026-09-13T17:00:00.0000000Z,,2026-09-11T04:51:39.672214+00:00
draftkings,34118250,362382884,0QA362382884#2254729952_13L88808Q1352353478Q20,Ameer Abdullah,,NFL,Anytime TD Scorer,player_touchdown,,850,,34118250,2026-09-13T17:00:00.0000000Z,,2026-09-11T04:51:39.672214+00:00
draftkings,34118250,362382884,0QA362382884#2254729950_13L88808Q1-458881524Q20,Travis Hunter,,NFL,Anytime TD Scorer,player_touchdown,,900,,34118250,2026-09-13T17:00:00.0000000Z,,2026-09-11T04:51:39.672214+00:00
draftkings,34118250,362382884,0QA362382884#2256120023_13L88808Q1-292926888Q20,Nate Boerkircher,,NFL,Anytime TD Scorer,player_touchdown,,1000,,34118250,2026-09-13T17:00:00.0000000Z,,2026-09-11T04:51:39.672214+00:00
draftkings,34118250,362382884,0QA362382884#2254729968_13L88808Q1885223594Q20,Isaiah Bond,,NFL,Anytime TD Scorer,player_touchdown,,1300,,34118250,2026-09-13T17:00:00.0000000Z,,2026-09-11T04:51:39.672214+00:00
draftkings,34118250,362382884,0QA362382884#2254729960_13L88808Q1-286456608Q20,Raheim Sanders,,NFL,Anytime TD Scorer,player_touchdown,,1800,,34118250,2026-09-13T17:00:00.0000000Z,,2026-09-11T04:51:39.672214+00:00
draftkings,34118250,362382884,0QA362382884#2256120022_13L88808Q12048334155Q20,Tanner Koziol,,NFL,Anytime TD Scorer,player_touchdown,,2000,,34118250,2026-09-13T17:00:00.0000000Z,,2026-09-11T04:51:39.672214+00:00
draftkings,34118250,362382884,0QA362382884#2256120024_13L88808Q1-249028479Q20,CJ Williams,,NFL,Anytime TD Scorer,player_touchdown,,2200,,34118250,2026-09-13T17:00:00.0000000Z,,2026-09-11T04:51:39.672214+00:00
draftkings,34118250,362382884,0QA362382884#2256120025_13L88808Q11380693923Q20,Josh Cameron,,NFL,Anytime TD Scorer,player_touchdown,,2200,,34118250,2026-09-13T17:00:00.0000000Z,,2026-09-11T04:51:39.672214+00:00
draftkings,34118250,362382884,0QA362382884#2254729966_13L88808Q1-1383230092Q20,Malachi Corley,,NFL,Anytime TD Scorer,player_touchdown,,2800,,34118250,2026-09-13T17:00:00.0000000Z,,2026-09-11T04:51:39.672214+00:00
draftkings,34118250,362382884,0QA362382884#2254729971_13L88808Q1-262322861Q20,Blake Whiteheart,,NFL,Anytime TD Scorer,player_touchdown,,2800,,34118250,2026-09-13T17:00:00.0000000Z,,2026-09-11T04:51:39.672214+00:00
draftkings,34118250,362382884,0QA362382884#2254729955_13L88808Q1-1307850565Q20,Quintin Morris,,NFL,Anytime TD Scorer,player_touchdown,,3000,,34118250,2026-09-13T17:00:00.0000000Z,,2026-09-11T04:51:39.672214+00:00
draftkings,34118250,362382884,0QA362382884#2254729969_13L88808Q11011846392Q20,Tylan Wallace,,NFL,Anytime TD Scorer,player_touchdown,,3000,,34118250,2026-09-13T17:00:00.0000000Z,,2026-09-11T04:51:39.672214+00:00
draftkings,34118250,362382884,0QA362382884#2256101914_13L88808Q1-384849958Q20,Carsen Ryan,,NFL,Anytime TD Scorer,player_touchdown,,3000,,34118250,2026-09-13T17:00:00.0000000Z,,2026-09-11T04:51:39.672214+00:00
draftkings,34118250,362382884,0QA362382884#2254729972_13L88808Q1-2105337583Q20,Michael Burton,,NFL,Anytime TD Scorer,player_touchdown,,4500,,34118250,2026-09-13T17:00:00.0000000Z,,2026-09-11T04:51:39.672214+00:00
draftkings,34118250,363196021,0QA363196021#2258143625_13L88808Q1163343434Q20,Bhayshul Tuten,,NFL,2+ TDs,player_touchdown,,1000,,34118250,2026-09-13T17:00:00.0000000Z,,2026-09-11T04:51:39.672214+00:00
draftkings,34118250,363196021,0QA363196021#2258143627_13L88808Q1-1327690156Q20,Chris Rodriguez Jr.,,NFL,2+ TDs,player_touchdown,,1200,,34118250,2026-09-13T17:00:00.0000000Z,,2026-09-11T04:51:39.672214+00:00
draftkings,34118250,363196021,0QA363196021#2258143639_13L88808Q1-681441441Q20,Quinshon Judkins,,NFL,2+ TDs,player_touchdown,,1200,,34118250,2026-09-13T17:00:00.0000000Z,,2026-09-11T04:51:39.672214+00:00
draftkings,34118250,363196021,0QA363196021#2258143626_13L88808Q1954782757Q20,Parker Washington,,NFL,2+ TDs,player_touchdown,,1500,,34118250,2026-09-13T17:00:00.0000000Z,,2026-09-11T04:51:39.672214+00:00
draftkings,34118250,363196021,0QA363196021#2258143629_13L88808Q1-1246069346Q20,Jakobi Meyers,,NFL,2+ TDs,player_touchdown,,2200,,34118250,2026-09-13T17:00:00.0000000Z,,2026-09-11T04:51:39.672214+00:00
draftkings,34118250,363196021,0QA363196021#2258143631_13L88808Q1274701345Q20,Trevor Lawrence,,NFL,2+ TDs,player_touchdown,,2200,,34118250,2026-09-13T17:00:00.0000000Z,,2026-09-11T04:51:39.672214+00:00
draftkings,34118250,363196021,0QA363196021#2258143628_13L88808Q11304672355Q20,Brian Thomas Jr.,,NFL,2+ TDs,player_touchdown,,2500,,34118250,2026-09-13T17:00:00.0000000Z,,2026-09-11T04:51:39.672214+00:00
draftkings,34118250,363196021,0QA363196021#2258143630_13L88808Q1-1682061720Q20,Brenton Strange,,NFL,2+ TDs,player_touchdown,,2500,,34118250,2026-09-13T17:00:00.0000000Z,,2026-09-11T04:51:39.672214+00:00
draftkings,34118250,363196021,0QA363196021#2258143640_13L88808Q1-862670716Q20,Harold Fannin Jr.,,NFL,2+ TDs,player_touchdown,,3500,,34118250,2026-09-13T17:00:00.0000000Z,,2026-09-11T04:51:39.672214+00:00
draftkings,34118250,363196021,0QA363196021#2258143476_13L88808Q11493324652Q20,,JAX Jaguars D/ST,NFL,2+ TDs,player_touchdown,,4000,,34118250,2026-09-13T17:00:00.0000000Z,,2026-09-11T04:51:39.672214+00:00
draftkings,34118250,363196021,0QA363196021#2258386433_13L88808Q1-403159756Q20,KC Concepcion,,NFL,2+ TDs,player_touchdown,,5500,,34118250,2026-09-13T17:00:00.0000000Z,,2026-09-11T04:51:39.672214+00:00
draftkings,34118250,363196021,0QA363196021#2258143477_14L88808Q1124784333Q20,,CLE Browns D/ST,NFL,2+ TDs,player_touchdown,,5500,,34118250,2026-09-13T17:00:00.0000000Z,,2026-09-11T04:51:39.672214+00:00
draftkings,34118250,363196021,0QA363196021#2258143642_13L88808Q1735393047Q20,Jerry Jeudy,,NFL,2+ TDs,player_touchdown,,6000,,34118250,2026-09-13T17:00:00.0000000Z,,2026-09-11T04:51:39.672214+00:00
draftkings,34118250,363196021,0QA363196021#2258143644_13L88808Q1-540137833Q20,Denzel Boston,,NFL,2+ TDs,player_touchdown,,6000,,34118250,2026-09-13T17:00:00.0000000Z,,2026-09-11T04:51:39.672214+00:00
draftkings,34118250,363196021,0QA363196021#2258143645_13L88808Q1-1099723641Q20,Deshaun Watson,,NFL,2+ TDs,player_touchdown,,7500,,34118250,2026-09-13T17:00:00.0000000Z,,2026-09-11T04:51:39.672214+00:00
draftkings,34118250,363196021,0QA363196021#2258143641_13L88808Q11432740459Q20,Dylan Sampson,,NFL,2+ TDs,player_touchdown,,9000,,34118250,2026-09-13T17:00:00.0000000Z,,2026-09-11T04:51:39.672214+00:00
draftkings,34118250,363196021,0QA363196021#2258143637_13L88808Q11793756861Q20,Ameer Abdullah,,NFL,2+ TDs,player_touchdown,,10000,,34118250,2026-09-13T17:00:00.0000000Z,,2026-09-11T04:51:39.672214+00:00
draftkings,34118250,363196021,0QA363196021#2258143633_13L88808Q1808033872Q20,Travis Hunter,,NFL,2+ TDs,player_touchdown,,11000,,34118250,2026-09-13T17:00:00.0000000Z,,2026-09-11T04:51:39.672214+00:00
draftkings,34118250,363196021,0QA363196021#2258420568_13L88808Q1-1058483772Q20,Nate Boerkircher,,NFL,2+ TDs,player_touchdown,,15000,,34118250,2026-09-13T17:00:00.0000000Z,,2026-09-11T04:51:39.672214+00:00
draftkings,34118250,363196021,0QA363196021#2258143647_13L88808Q11756727414Q20,Isaiah Bond,,NFL,2+ TDs,player_touchdown,,18000,,34118250,2026-09-13T17:00:00.0000000Z,,2026-09-11T04:51:39.672214+00:00
draftkings,34118250,363196021,0QA363196021#2271301620_13L88808Q1277787099Q20,Malachi Corley,,NFL,2+ TDs,player_touchdown,,20000,,34118250,2026-09-13T17:00:00.0000000Z,,2026-09-11T04:51:39.672214+00:00
draftkings,34118250,363196021,0QA363196021#2258143634_13L88808Q1-687789525Q20,CJ Williams,,NFL,2+ TDs,player_touchdown,,20000,,34118250,2026-09-13T17:00:00.0000000Z,,2026-09-11T04:51:39.672214+00:00
draftkings,34118250,363196021,0QA363196021#2258143635_13L88808Q11274612628Q20,Tanner Koziol,,NFL,2+ TDs,player_touchdown,,20000,,34118250,2026-09-13T17:00:00.0000000Z,,2026-09-11T04:51:39.672214+00:00
draftkings,34118250,363196021,0QA363196021#2258143636_13L88808Q1-1585722573Q20,Josh Cameron,,NFL,2+ TDs,player_touchdown,,20000,,34118250,2026-09-13T17:00:00.0000000Z,,2026-09-11T04:51:39.672214+00:00
draftkings,34118250,363196021,0QA363196021#2258143646_13L88808Q1421377855Q20,Raheim Sanders,,NFL,2+ TDs,player_touchdown,,20000,,34118250,2026-09-13T17:00:00.0000000Z,,2026-09-11T04:51:39.672214+00:00
draftkings,34118250,363196021,0QA363196021#2275474323_13L88808Q11894890553Q20,Quintin Morris,,NFL,2+ TDs,player_touchdown,,25000,,34118250,2026-09-13T17:00:00.0000000Z,,2026-09-11T04:51:39.672214+00:00
draftkings,34118250,363196021,0QA363196021#2271287429_13L88808Q11939469511Q20,Michael Burton,,NFL,2+ TDs,player_touchdown,,25000,,34118250,2026-09-13T17:00:00.0000000Z,,2026-09-11T04:51:39.672214+00:00
draftkings,34118250,363196021,0QA363196021#2258143648_13L88808Q11446802902Q20,Tylan Wallace,,NFL,2+ TDs,player_touchdown,,25000,,34118250,2026-09-13T17:00:00.0000000Z,,2026-09-11T04:51:39.672214+00:00
draftkings,34118250,363196021,0QA363196021#2258143649_13L88808Q1600398218Q20,Blake Whiteheart,,NFL,2+ TDs,player_touchdown,,25000,,34118250,2026-09-13T17:00:00.0000000Z,,2026-09-11T04:51:39.672214+00:00
draftkings,34118250,363196021,0QA363196021#2258144449_13L88808Q11891946146Q20,Carsen Ryan,,NFL,2+ TDs,player_touchdown,,25000,,34118250,2026-09-13T17:00:00.0000000Z,,2026-09-11T04:51:39.672214+00:00
draftkings,34118028,357416668,0QA357416668#2253286685_13L88808Q12032469197Q20,D'Andre Swift,,NFL,First TD Scorer,player_touchdown,,450,,34118028,2026-09-13T17:00:00.0000000Z,,2026-09-11T04:51:39.672214+00:00
draftkings,34118028,357416668,0QA357416668#2253285776_13L88808Q1-252729994Q20,Chuba Hubbard,,NFL,First TD Scorer,player_touchdown,,850,,34118028,2026-09-13T17:00:00.0000000Z,,2026-09-11T04:51:39.672214+00:00
draftkings,34118028,357416668,0QA357416668#2253287171_13L88808Q1-579868776Q20,Luther Burden III,,NFL,First TD Scorer,player_touchdown,,1000,,34118028,2026-09-13T17:00:00.0000000Z,,2026-09-11T04:51:39.672214+00:00
draftkings,34118028,357416668,0QA357416668#2253285947_13L88808Q1701504788Q20,Tetairoa McMillan,,NFL,First TD Scorer,player_touchdown,,1100,,34118028,2026-09-13T17:00:00.0000000Z,,2026-09-11T04:51:39.672214+00:00
draftkings,34118028,357416668,0QA357416668#2253287070_13L88808Q1868631041Q20,Colston Loveland,,NFL,First TD Scorer,player_touchdown,,1100,,34118028,2026-09-13T17:00:00.0000000Z,,2026-09-11T04:51:39.672214+00:00
draftkings,34118028,357416668,0QA357416668#2253659657_13L88808Q12108022821Q20,Jonathon Brooks,,NFL,First TD Scorer,player_touchdown,,1100,,34118028,2026-09-13T17:00:00.0000000Z,,2026-09-11T04:51:39.672214+00:00
draftkings,34118028,357416668,0QA357416668#2253286866_13L88808Q11206423224Q20,Rome Odunze,,NFL,First TD Scorer,player_touchdown,,1200,,34118028,2026-09-13T17:00:00.0000000Z,,2026-09-11T04:51:39.672214+00:00
draftkings,34118028,357416668,0QA357416668#2253286820_13L88808Q1-1708855124Q20,Kyle Monangai,,NFL,First TD Scorer,player_touchdown,,1400,,34118028,2026-09-13T17:00:00.0000000Z,,2026-09-11T04:51:39.672214+00:00
draftkings,34118028,357416668,0QA357416668#2253285988_13L88808Q1-524867692Q20,Jalen Coker,,NFL,First TD Scorer,player_touchdown,,1800,,34118028,2026-09-13T17:00:00.0000000Z,,2026-09-11T04:51:39.672214+00:00
draftkings,34118028,357416668,0QA357416668#2253286173_13L88808Q11118347100Q20,Bryce Young,,NFL,First TD Scorer,player_touchdown,,2200,,34118028,2026-09-13T17:00:00.0000000Z,,2026-09-11T04:51:39.672214+00:00
draftkings,34118028,357416668,0QA357416668#2253287340_13L88808Q11142078243Q20,Cole Kmet,,NFL,First TD Scorer,player_touchdown,,2200,,34118028,2026-09-13T17:00:00.0000000Z,,2026-09-11T04:51:39.672214+00:00
draftkings,34118028,357416668,0QA357416668#2253286056_13L88808Q1596325605Q20,Darren Waller,,NFL,First TD Scorer,player_touchdown,,2500,,34118028,2026-09-13T17:00:00.0000000Z,,2026-09-11T04:51:39.672214+00:00
draftkings,34118028,357416668,0QA357416668#2253286964_13L88808Q11509304822Q20,Caleb Williams,,NFL,First TD Scorer,player_touchdown,,2500,,34118028,2026-09-13T17:00:00.0000000Z,,2026-09-11T04:51:39.672214+00:00
draftkings,34118028,357416668,0QA357416668#2253288060_13L88808Q11140843849Q20,,CAR Panthers D/ST,NFL,First TD Scorer,player_touchdown,,2800,,34118028,2026-09-13T17:00:00.0000000Z,,2026-09-11T04:51:39.672214+00:00
draftkings,34118028,357416668,0QA357416668#2253286026_13L88808Q1-1138655908Q20,Xavier Legette,,NFL,First TD Scorer,player_touchdown,,3000,,34118028,2026-09-13T17:00:00.0000000Z,,2026-09-11T04:51:39.672214+00:00
draftkings,34118028,357416668,0QA357416668#2253286279_13L88808Q1134404819Q20,Tommy Tremble,,NFL,First TD Scorer,player_touchdown,,3000,,34118028,2026-09-13T17:00:00.0000000Z,,2026-09-11T04:51:39.672214+00:00
draftkings,34118028,357416668,0QA357416668#2253288105_14L88808Q1-1227731033Q20,,CHI Bears D/ST,NFL,First TD Scorer,player_touchdown,,3000,,34118028,2026-09-13T17:00:00.0000000Z,,2026-09-11T04:51:39.672214+00:00
draftkings,34118028,357416668,0QA357416668#2253287516_13L88808Q1-1792332700Q20,Kalif Raymond,,NFL,First TD Scorer,player_touchdown,,3500,,34118028,2026-09-13T17:00:00.0000000Z,,2026-09-11T04:51:39.672214+00:00
draftkings,34118028,357416668,0QA357416668#2254569300_13L88808Q1-835081077Q20,Zavion Thomas,,NFL,First TD Scorer,player_touchdown,,4500,,34118028,2026-09-13T17:00:00.0000000Z,,2026-09-11T04:51:39.672214+00:00
draftkings,34118028,357416668,0QA357416668#2253287263_13L88808Q1-2083509679Q20,Jahdae Walker,,NFL,First TD Scorer,player_touchdown,,5000,,34118028,2026-09-13T17:00:00.0000000Z,,2026-09-11T04:51:39.672214+00:00
draftkings,34118028,357416668,0QA357416668#2253286041_13L88808Q11502836158Q20,John Metchie III,,NFL,First TD Scorer,player_touchdown,,5500,,34118028,2026-09-13T17:00:00.0000000Z,,2026-09-11T04:51:39.672214+00:00
draftkings,34118028,357416668,0QA357416668#2253286327_13L88808Q1-1570328301Q20,Mitchell Evans,,NFL,First TD Scorer,player_touchdown,,5500,,34118028,2026-09-13T17:00:00.0000000Z,,2026-09-11T04:51:39.672214+00:00
draftkings,34118028,357416668,0QA357416668#2253286431_13L88808Q1-209953270Q20,Jimmy Horn Jr.,,NFL,First TD Scorer,player_touchdown,,5500,,34118028,2026-09-13T17:00:00.0000000Z,,2026-09-11T04:51:39.672214+00:00
draftkings,34118028,357416668,0QA357416668#2253287691_13L88808Q1-442586005Q20,Roschon Johnson,,NFL,First TD Scorer,player_touchdown,,5500,,34118028,2026-09-13T17:00:00.0000000Z,,2026-09-11T04:51:39.672214+00:00
draftkings,34118028,357416668,0QA357416668#2253286209_13L88808Q1-888751637Q20,Ja'Tavion Sanders,,NFL,First TD Scorer,player_touchdown,,6000,,34118028,2026-09-13T17:00:00.0000000Z,,2026-09-11T04:51:39.672214+00:00
draftkings,34118028,357416668,0QA357416668#2253286399_13L88808Q11670223979Q20,Brycen Tremayne,,NFL,First TD Scorer,player_touchdown,,11000,,34118028,2026-09-13T17:00:00.0000000Z,,2026-09-11T04:51:39.672214+00:00
draftkings,34118028,357416668,0QA357416668#2256344750_13L88808Q1-709714931Q20,Sam Roush,,NFL,First TD Scorer,player_touchdown,,12000,,34118028,2026-09-13T17:00:00.0000000Z,,2026-09-11T04:51:39.672214+00:00
draftkings,34118028,357416668,0QA357416668#2235151395_13L88808Q1-1777442974Q20,,No Touchdown Scorer,NFL,First TD Scorer,player_touchdown,,14000,,34118028,2026-09-13T17:00:00.0000000Z,,2026-09-11T04:51:39.672214+00:00
draftkings,34118028,362104903,0QA362104903#2253619475_13L88808Q151577722Q20,D'Andre Swift,,NFL,Anytime TD Scorer,player_touchdown,,,,34118028,2026-09-13T17:00:00.0000000Z,,2026-09-11T04:51:39.672214+00:00
draftkings,34118028,362104903,0QA362104903#2253619459_13L88808Q1850190615Q20,Chuba Hubbard,,NFL,Anytime TD Scorer,player_touchdown,,125,,34118028,2026-09-13T17:00:00.0000000Z,,2026-09-11T04:51:39.672214+00:00
draftkings,34118028,362104903,0QA362104903#2253659691_13L88808Q1747326893Q20,Jonathon Brooks,,NFL,Anytime TD Scorer,player_touchdown,,155,,34118028,2026-09-13T17:00:00.0000000Z,,2026-09-11T04:51:39.672214+00:00
draftkings,34118028,362104903,0QA362104903#2253619460_13L88808Q1-719490824Q20,Tetairoa McMillan,,NFL,Anytime TD Scorer,player_touchdown,,170,,34118028,2026-09-13T17:00:00.0000000Z,,2026-09-11T04:51:39.672214+00:00
draftkings,34118028,362104903,0QA362104903#2253619479_13L88808Q12086988331Q20,Luther Burden III,,NFL,Anytime TD Scorer,player_touchdown,,170,,34118028,2026-09-13T17:00:00.0000000Z,,2026-09-11T04:51:39.672214+00:00
draftkings,34118028,362104903,0QA362104903#2253619478_13L88808Q1-2109230062Q20,Colston Loveland,,NFL,Anytime TD Scorer,player_touchdown,,185,,34118028,2026-09-13T17:00:00.0000000Z,,2026-09-11T04:51:39.672214+00:00
draftkings,34118028,362104903,0QA362104903#2253619477_13L88808Q1-848465730Q20,Rome Odunze,,NFL,Anytime TD Scorer,player_touchdown,,200,,34118028,2026-09-13T17:00:00.0000000Z,,2026-09-11T04:51:39.672214+00:00
draftkings,34118028,362104903,0QA362104903#2253619476_13L88808Q1655740791Q20,Kyle Monangai,,NFL,Anytime TD Scorer,player_touchdown,,240,,34118028,2026-09-13T17:00:00.0000000Z,,2026-09-11T04:51:39.672214+00:00
draftkings,34118028,362104903,0QA362104903#2253619461_13L88808Q1-537154100Q20,Jalen Coker,,NFL,Anytime TD Scorer,player_touchdown,,310,,34118028,2026-09-13T17:00:00.0000000Z,,2026-09-11T04:51:39.672214+00:00
draftkings,34118028,362104903,0QA362104903#2253619464_13L88808Q1294436062Q20,Darren Waller,,NFL,Anytime TD Scorer,player_touchdown,,450,,34118028,2026-09-13T17:00:00.0000000Z,,2026-09-11T04:51:39.672214+00:00
draftkings,34118028,362104903,0QA362104903#2253619482_13L88808Q1-1982448170Q20,Cole Kmet,,NFL,Anytime TD Scorer,player_touchdown,,450,,34118028,2026-09-13T17:00:00.0000000Z,,2026-09-11T04:51:39.672214+00:00
draftkings,34118028,362104903,0QA362104903#2253619462_13L88808Q1922326735Q20,Xavier Legette,,NFL,Anytime TD Scorer,player_touchdown,,500,,34118028,2026-09-13T17:00:00.0000000Z,,2026-09-11T04:51:39.672214+00:00
draftkings,34118028,362104903,0QA362104903#2253619465_13L88808Q11112660000Q20,Bryce Young,,NFL,Anytime TD Scorer,player_touchdown,,500,,34118028,2026-09-13T17:00:00.0000000Z,,2026-09-11T04:51:39.672214+00:00
draftkings,34118028,362104903,0QA362104903#2253619468_13L88808Q1-813345382Q20,Tommy Tremble,,NFL,Anytime TD Scorer,player_touchdown,,550,,34118028,2026-09-13T17:00:00.0000000Z,,2026-09-11T04:51:39.672214+00:00
draftkings,34118028,362104903,0QA362104903#2253619480_13L88808Q11505799344Q20,Caleb Williams,,NFL,Anytime TD Scorer,player_touchdown,,550,,34118028,2026-09-13T17:00:00.0000000Z,,2026-09-11T04:51:39.672214+00:00
draftkings,34118028,362104903,0QA362104903#2253619487_13L88808Q189647752Q20,,CAR Panthers D/ST,NFL,Anytime TD Scorer,player_touchdown,,550,,34118028,2026-09-13T17:00:00.0000000Z,,2026-09-11T04:51:39.672214+00:00
draftkings,34118028,362104903,0QA362104903#2253619488_14L88808Q1550144014Q20,,CHI Bears D/ST,NFL,Anytime TD Scorer,player_touchdown,,550,,34118028,2026-09-13T17:00:00.0000000Z,,2026-09-11T04:51:39.672214+00:00
draftkings,34118028,362104903,0QA362104903#2253619324_13L88808Q1633357284Q20,Kalif Raymond,,NFL,Anytime TD Scorer,player_touchdown,,650,,34118028,2026-09-13T17:00:00.0000000Z,,2026-09-11T04:51:39.672214+00:00
draftkings,34118028,362104903,0QA362104903#2253619470_13L88808Q1-619052431Q20,Mitchell Evans,,NFL,Anytime TD Scorer,player_touchdown,,900,,34118028,2026-09-13T17:00:00.0000000Z,,2026-09-11T04:51:39.672214+00:00
draftkings,34118028,362104903,0QA362104903#2253619481_13L88808Q1-1770507643Q20,Jahdae Walker,,NFL,Anytime TD Scorer,player_touchdown,,900,,34118028,2026-09-13T17:00:00.0000000Z,,2026-09-11T04:51:39.672214+00:00
draftkings,34118028,362104903,0QA362104903#2253619472_13L88808Q1-2140365648Q20,Jimmy Horn Jr.,,NFL,Anytime TD Scorer,player_touchdown,,950,,34118028,2026-09-13T17:00:00.0000000Z,,2026-09-11T04:51:39.672214+00:00
draftkings,34118028,362104903,0QA362104903#2254569313_13L88808Q1266242460Q20,Zavion Thomas,,NFL,Anytime TD Scorer,player_touchdown,,950,,34118028,2026-09-13T17:00:00.0000000Z,,2026-09-11T04:51:39.672214+00:00
draftkings,34118028,362104903,0QA362104903#2253619463_13L88808Q1259912862Q20,John Metchie III,,NFL,Anytime TD Scorer,player_touchdown,,1000,,34118028,2026-09-13T17:00:00.0000000Z,,2026-09-11T04:51:39.672214+00:00
draftkings,34118028,362104903,0QA362104903#2253619484_13L88808Q11750193742Q20,Roschon Johnson,,NFL,Anytime TD Scorer,player_touchdown,,1100,,34118028,2026-09-13T17:00:00.0000000Z,,2026-09-11T04:51:39.672214+00:00
draftkings,34118028,362104903,0QA362104903#2253619467_13L88808Q1-1009547054Q20,Ja'Tavion Sanders,,NFL,Anytime TD Scorer,player_touchdown,,1200,,34118028,2026-09-13T17:00:00.0000000Z,,2026-09-11T04:51:39.672214+00:00
draftkings,34118028,362104903,0QA362104903#2253619471_13L88808Q1-414077467Q20,Brycen Tremayne,,NFL,Anytime TD Scorer,player_touchdown,,2000,,34118028,2026-09-13T17:00:00.0000000Z,,2026-09-11T04:51:39.672214+00:00
draftkings,34118028,362104903,0QA362104903#2256344761_13L88808Q1519659230Q20,Sam Roush,,NFL,Anytime TD Scorer,player_touchdown,,2500,,34118028,2026-09-13T17:00:00.0000000Z,,2026-09-11T04:51:39.672214+00:00
draftkings,34118028,363171670,0QA363171670#2258072376_13L88808Q1-1008695778Q20,D'Andre Swift,,NFL,2+ TDs,player_touchdown,,390,,34118028,2026-09-13T17:00:00.0000000Z,,2026-09-11T04:51:39.672214+00:00
draftkings,34118028,363171670,0QA363171670#2258072361_13L88808Q1-2084365438Q20,Chuba Hubbard,,NFL,2+ TDs,player_touchdown,,800,,34118028,2026-09-13T17:00:00.0000000Z,,2026-09-11T04:51:39.672214+00:00
draftkings,34118028,363171670,0QA363171670#2258072362_13L88808Q11060508884Q20,Jonathon Brooks,,NFL,2+ TDs,player_touchdown,,1100,,34118028,2026-09-13T17:00:00.0000000Z,,2026-09-11T04:51:39.672214+00:00
draftkings,34118028,363171670,0QA363171670#2258072219_13L88808Q11934492119Q20,Tetairoa McMillan,,NFL,2+ TDs,player_touchdown,,1200,,34118028,2026-09-13T17:00:00.0000000Z,,2026-09-11T04:51:39.672214+00:00
draftkings,34118028,363171670,0QA363171670#2258072380_13L88808Q1422541123Q20,Luther Burden III,,NFL,2+ TDs,player_touchdown,,1300,,34118028,2026-09-13T17:00:00.0000000Z,,2026-09-11T04:51:39.672214+00:00
draftkings,34118028,363171670,0QA363171670#2258072377_13L88808Q1-244560726Q20,Colston Loveland,,NFL,2+ TDs,player_touchdown,,1500,,34118028,2026-09-13T17:00:00.0000000Z,,2026-09-11T04:51:39.672214+00:00
draftkings,34118028,363171670,0QA363171670#2258072378_13L88808Q1-1587915923Q20,Rome Odunze,,NFL,2+ TDs,player_touchdown,,1700,,34118028,2026-09-13T17:00:00.0000000Z,,2026-09-11T04:51:39.672214+00:00
draftkings,34118028,363171670,0QA363171670#2258072379_13L88808Q1902102257Q20,Kyle Monangai,,NFL,2+ TDs,player_touchdown,,2000,,34118028,2026-09-13T17:00:00.0000000Z,,2026-09-11T04:51:39.672214+00:00
draftkings,34118028,363171670,0QA363171670#2258072363_13L88808Q1131228805Q20,Jalen Coker,,NFL,2+ TDs,player_touchdown,,3000,,34118028,2026-09-13T17:00:00.0000000Z,,2026-09-11T04:51:39.672214+00:00
draftkings,34118028,363171670,0QA363171670#2258072364_13L88808Q1637812501Q20,Darren Waller,,NFL,2+ TDs,player_touchdown,,5000,,34118028,2026-09-13T17:00:00.0000000Z,,2026-09-11T04:51:39.672214+00:00
draftkings,34118028,363171670,0QA363171670#2258072382_13L88808Q1-2114998825Q20,Cole Kmet,,NFL,2+ TDs,player_touchdown,,5000,,34118028,2026-09-13T17:00:00.0000000Z,,2026-09-11T04:51:39.672214+00:00
draftkings,34118028,363171670,0QA363171670#2258072390_13L88808Q1-2023146353Q20,,CAR Panthers D/ST,NFL,2+ TDs,player_touchdown,,5500,,34118028,2026-09-13T17:00:00.0000000Z,,2026-09-11T04:51:39.672214+00:00
draftkings,34118028,363171670,0QA363171670#2258072391_14L88808Q1-344179471Q20,,CHI Bears D/ST,NFL,2+ TDs,player_touchdown,,5500,,34118028,2026-09-13T17:00:00.0000000Z,,2026-09-11T04:51:39.672214+00:00
draftkings,34118028,363171670,0QA363171670#2258072365_13L88808Q1-2021448682Q20,Bryce Young,,NFL,2+ TDs,player_touchdown,,6000,,34118028,2026-09-13T17:00:00.0000000Z,,2026-09-11T04:51:39.672214+00:00
draftkings,34118028,363171670,0QA363171670#2258072366_13L88808Q1301093414Q20,Xavier Legette,,NFL,2+ TDs,player_touchdown,,6000,,34118028,2026-09-13T17:00:00.0000000Z,,2026-09-11T04:51:39.672214+00:00
draftkings,34118028,363171670,0QA363171670#2258072381_13L88808Q1-77651570Q20,Caleb Williams,,NFL,2+ TDs,player_touchdown,,6000,,34118028,2026-09-13T17:00:00.0000000Z,,2026-09-11T04:51:39.672214+00:00
draftkings,34118028,363171670,0QA363171670#2258072368_13L88808Q1372601323Q20,Tommy Tremble,,NFL,2+ TDs,player_touchdown,,7000,,34118028,2026-09-13T17:00:00.0000000Z,,2026-09-11T04:51:39.672214+00:00
draftkings,34118028,363171670,0QA363171670#2258072383_13L88808Q1-2087296206Q20,Kalif Raymond,,NFL,2+ TDs,player_touchdown,,7500,,34118028,2026-09-13T17:00:00.0000000Z,,2026-09-11T04:51:39.672214+00:00
draftkings,34118028,363171670,0QA363171670#2258072371_13L88808Q11523582816Q20,Mitchell Evans,,NFL,2+ TDs,player_touchdown,,9000,,34118028,2026-09-13T17:00:00.0000000Z,,2026-09-11T04:51:39.672214+00:00
draftkings,34118028,363171670,0QA363171670#2258072386_13L88808Q1-704328598Q20,Jahdae Walker,,NFL,2+ TDs,player_touchdown,,10000,,34118028,2026-09-13T17:00:00.0000000Z,,2026-09-11T04:51:39.672214+00:00
draftkings,34118028,363171670,0QA363171670#2258072370_13L88808Q1-496932367Q20,Jimmy Horn Jr.,,NFL,2+ TDs,player_touchdown,,11000,,34118028,2026-09-13T17:00:00.0000000Z,,2026-09-11T04:51:39.672214+00:00
draftkings,34118028,363171670,0QA363171670#2258072388_13L88808Q198254461Q20,Zavion Thomas,,NFL,2+ TDs,player_touchdown,,11000,,34118028,2026-09-13T17:00:00.0000000Z,,2026-09-11T04:51:39.672214+00:00
draftkings,34118028,363171670,0QA363171670#2258072372_13L88808Q1-1228251151Q20,John Metchie III,,NFL,2+ TDs,player_touchdown,,12000,,34118028,2026-09-13T17:00:00.0000000Z,,2026-09-11T04:51:39.672214+00:00
draftkings,34118028,363171670,0QA363171670#2258072369_13L88808Q1-2109764413Q20,Ja'Tavion Sanders,,NFL,2+ TDs,player_touchdown,,14000,,34118028,2026-09-13T17:00:00.0000000Z,,2026-09-11T04:51:39.672214+00:00
draftkings,34118028,363171670,0QA363171670#2258072385_13L88808Q1-589656278Q20,Roschon Johnson,,NFL,2+ TDs,player_touchdown,,14000,,34118028,2026-09-13T17:00:00.0000000Z,,2026-09-11T04:51:39.672214+00:00
draftkings,34118028,363171670,0QA363171670#2258072389_13L88808Q1650575947Q20,Sam Roush,,NFL,2+ TDs,player_touchdown,,15000,,34118028,2026-09-13T17:00:00.0000000Z,,2026-09-11T04:51:39.672214+00:00
draftkings,34118028,363171670,0QA363171670#2258072374_13L88808Q11937197241Q20,Brycen Tremayne,,NFL,2+ TDs,player_touchdown,,16000,,34118028,2026-09-13T17:00:00.0000000Z,,2026-09-11T04:51:39.672214+00:00
draftkings,34118029,357446781,0QA357446781#2252527698_13L88808Q11142036341Q20,David Montgomery,,NFL,First TD Scorer,player_touchdown,,500,,34118029,2026-09-13T17:00:00.0000000Z,,2026-09-11T04:51:39.672214+00:00
draftkings,34118029,357446781,0QA357446781#2252527729_13L88808Q11712576467Q20,James Cook,,NFL,First TD Scorer,player_touchdown,,550,,34118029,2026-09-13T17:00:00.0000000Z,,2026-09-11T04:51:39.672214+00:00
draftkings,34118029,357446781,0QA357446781#2252527736_13L88808Q1-463703316Q20,Josh Allen,,NFL,First TD Scorer,player_touchdown,,650,,34118029,2026-09-13T17:00:00.0000000Z,,2026-09-11T04:51:39.672214+00:00
draftkings,34118029,357446781,0QA357446781#2252527697_13L88808Q1-1965979246Q20,Nico Collins,,NFL,First TD Scorer,player_touchdown,,1000,,34118029,2026-09-13T17:00:00.0000000Z,,2026-09-11T04:51:39.672214+00:00
draftkings,34118029,357446781,0QA357446781#2252527695_13L88808Q11357896446Q20,Woody Marks,,NFL,First TD Scorer,player_touchdown,,1300,,34118029,2026-09-13T17:00:00.0000000Z,,2026-09-11T04:51:39.672214+00:00
draftkings,34118029,357446781,0QA357446781#2252527744_13L88808Q1-1107510400Q20,D.J. Moore,,NFL,First TD Scorer,player_touchdown,,1600,,34118029,2026-09-13T17:00:00.0000000Z,,2026-09-11T04:51:39.672214+00:00
draftkings,34118029,357446781,0QA357446781#2252527761_13L88808Q11376663295Q20,Dalton Kincaid,,NFL,First TD Scorer,player_touchdown,,1600,,34118029,2026-09-13T17:00:00.0000000Z,,2026-09-11T04:51:39.672214+00:00
draftkings,34118029,357446781,0QA357446781#2252527700_13L88808Q1685800376Q20,Dalton Schultz,,NFL,First TD Scorer,player_touchdown,,1700,,34118029,2026-09-13T17:00:00.0000000Z,,2026-09-11T04:51:39.672214+00:00
draftkings,34118029,357446781,0QA357446781#2252527748_13L88808Q11836868840Q20,Khalil Shakir,,NFL,First TD Scorer,player_touchdown,,1700,,34118029,2026-09-13T17:00:00.0000000Z,,2026-09-11T04:51:39.672214+00:00
draftkings,34118029,357446781,0QA357446781#2258204237_13L88808Q1-1024923591Q20,Kayshon Boutte,,NFL,First TD Scorer,player_touchdown,,1800,,34118029,2026-09-13T17:00:00.0000000Z,,2026-09-11T04:51:39.672214+00:00
draftkings,34118029,357446781,0QA357446781#2252527702_13L88808Q1-371053493Q20,Xavier Hutchinson,,NFL,First TD Scorer,player_touchdown,,2200,,34118029,2026-09-13T17:00:00.0000000Z,,2026-09-11T04:51:39.672214+00:00
draftkings,34118029,357446781,0QA357446781#2252527779_13L88808Q1-908076192Q20,,HOU Texans D/ST,NFL,First TD Scorer,player_touchdown,,2800,,34118029,2026-09-13T17:00:00.0000000Z,,2026-09-11T04:51:39.672214+00:00
draftkings,34118029,357446781,0QA357446781#2252527780_14L88808Q11657216900Q20,,BUF Bills D/ST,NFL,First TD Scorer,player_touchdown,,2800,,34118029,2026-09-13T17:00:00.0000000Z,,2026-09-11T04:51:39.672214+00:00
draftkings,34118029,357446781,0QA357446781#2252527707_13L88808Q1809398935Q20,Jaylin Noel,,NFL,First TD Scorer,player_touchdown,,3000,,34118029,2026-09-13T17:00:00.0000000Z,,2026-09-11T04:51:39.672214+00:00
draftkings,34118029,357446781,0QA357446781#2252527752_13L88808Q12141773876Q20,Ray Davis,,NFL,First TD Scorer,player_touchdown,,3000,,34118029,2026-09-13T17:00:00.0000000Z,,2026-09-11T04:51:39.672214+00:00
draftkings,34118029,357446781,0QA357446781#2252527756_13L88808Q1-1000042723Q20,Keon Coleman,,NFL,First TD Scorer,player_touchdown,,3500,,34118029,2026-09-13T17:00:00.0000000Z,,2026-09-11T04:51:39.672214+00:00
draftkings,34118029,357446781,0QA357446781#2252527767_13L88808Q1-2094739783Q20,Dawson Knox,,NFL,First TD Scorer,player_touchdown,,3500,,34118029,2026-09-13T17:00:00.0000000Z,,2026-09-11T04:51:39.672214+00:00
draftkings,34118029,357446781,0QA357446781#2252527699_13L88808Q1-216704351Q20,C.J. Stroud,,NFL,First TD Scorer,player_touchdown,,4000,,34118029,2026-09-13T17:00:00.0000000Z,,2026-09-11T04:51:39.672214+00:00
draftkings,34118029,357446781,0QA357446781#2252527769_13L88808Q11542210005Q20,Ty Johnson,,NFL,First TD Scorer,player_touchdown,,4000,,34118029,2026-09-13T17:00:00.0000000Z,,2026-09-11T04:51:39.672214+00:00
draftkings,34118029,357446781,0QA357446781#2252527706_13L88808Q1133362709Q20,Foster Moreau,,NFL,First TD Scorer,player_touchdown,,5000,,34118029,2026-09-13T17:00:00.0000000Z,,2026-09-11T04:51:39.672214+00:00
draftkings,34118029,357446781,0QA357446781#2252527765_13L88808Q1105562322Q20,Joshua Palmer,,NFL,First TD Scorer,player_touchdown,,5500,,34118029,2026-09-13T17:00:00.0000000Z,,2026-09-11T04:51:39.672214+00:00
draftkings,34118029,357446781,0QA357446781#2252527771_13L88808Q1-471258604Q20,Jackson Hawes,,NFL,First TD Scorer,player_touchdown,,6000,,34118029,2026-09-13T17:00:00.0000000Z,,2026-09-11T04:51:39.672214+00:00
draftkings,34118029,357446781,0QA357446781#2254578117_13L88808Q1681050758Q20,Marlin Klein,,NFL,First TD Scorer,player_touchdown,,8000,,34118029,2026-09-13T17:00:00.0000000Z,,2026-09-11T04:51:39.672214+00:00
draftkings,34118029,357446781,0QA357446781#2252527704_13L88808Q1-1593584282Q20,Cade Stover,,NFL,First TD Scorer,player_touchdown,,9000,,34118029,2026-09-13T17:00:00.0000000Z,,2026-09-11T04:51:39.672214+00:00
draftkings,34118029,357446781,0QA357446781#2254587740_13L88808Q1-961027904Q20,Skyler Bell,,NFL,First TD Scorer,player_touchdown,,9000,,34118029,2026-09-13T17:00:00.0000000Z,,2026-09-11T04:51:39.672214+00:00
draftkings,34118029,357446781,0QA357446781#2235245795_13L88808Q1-1777442974Q20,,No Touchdown Scorer,NFL,First TD Scorer,player_touchdown,,13000,,34118029,2026-09-13T17:00:00.0000000Z,,2026-09-11T04:51:39.672214+00:00
draftkings,34118029,357446781,0QA357446781#2252527718_13L88808Q1-773861183Q20,British Brooks,,NFL,First TD Scorer,player_touchdown,,13000,,34118029,2026-09-13T17:00:00.0000000Z,,2026-09-11T04:51:39.672214+00:00
draftkings,34118029,357446781,0QA357446781#2252527775_13L88808Q11541492547Q20,Keleki Latu,,NFL,First TD Scorer,player_touchdown,,14000,,34118029,2026-09-13T17:00:00.0000000Z,,2026-09-11T04:51:39.672214+00:00
draftkings,34118029,357446781,0QA357446781#2280631667_13L88808Q1-1366239680Q20,Brevin Jordan,,NFL,First TD Scorer,player_touchdown,,14000,,34118029,2026-09-13T17:00:00.0000000Z,,2026-09-11T04:51:39.672214+00:00
draftkings,34118029,362350810,0QA362350810#2254581546_13L88808Q1-311451763Q20,David Montgomery,,NFL,Anytime TD Scorer,player_touchdown,,,,34118029,2026-09-13T17:00:00.0000000Z,,2026-09-11T04:51:39.672214+00:00
draftkings,34118029,362350810,0QA362350810#2254581561_13L88808Q11826828834Q20,James Cook,,NFL,Anytime TD Scorer,player_touchdown,,,,34118029,2026-09-13T17:00:00.0000000Z,,2026-09-11T04:51:39.672214+00:00
draftkings,34118029,362350810,0QA362350810#2254581562_13L88808Q1-677035407Q20,Josh Allen,,NFL,Anytime TD Scorer,player_touchdown,,110,,34118029,2026-09-13T17:00:00.0000000Z,,2026-09-11T04:51:39.672214+00:00
draftkings,34118029,362350810,0QA362350810#2254581548_13L88808Q11759839095Q20,Nico Collins,,NFL,Anytime TD Scorer,player_touchdown,,170,,34118029,2026-09-13T17:00:00.0000000Z,,2026-09-11T04:51:39.672214+00:00
draftkings,34118029,362350810,0QA362350810#2254581547_13L88808Q11052217445Q20,Woody Marks,,NFL,Anytime TD Scorer,player_touchdown,,235,,34118029,2026-09-13T17:00:00.0000000Z,,2026-09-11T04:51:39.672214+00:00
draftkings,34118029,362350810,0QA362350810#2254581563_13L88808Q1-1945972036Q20,D.J. Moore,,NFL,Anytime TD Scorer,player_touchdown,,275,,34118029,2026-09-13T17:00:00.0000000Z,,2026-09-11T04:51:39.672214+00:00
draftkings,34118029,362350810,0QA362350810#2254581567_13L88808Q1-81077793Q20,Dalton Kincaid,,NFL,Anytime TD Scorer,player_touchdown,,310,,34118029,2026-09-13T17:00:00.0000000Z,,2026-09-11T04:51:39.672214+00:00
draftkings,34118029,362350810,0QA362350810#2254581564_13L88808Q12079458734Q20,Khalil Shakir,,NFL,Anytime TD Scorer,player_touchdown,,320,,34118029,2026-09-13T17:00:00.0000000Z,,2026-09-11T04:51:39.672214+00:00
draftkings,34118029,362350810,0QA362350810#2254581549_13L88808Q12038958166Q20,Dalton Schultz,,NFL,Anytime TD Scorer,player_touchdown,,330,,34118029,2026-09-13T17:00:00.0000000Z,,2026-09-11T04:51:39.672214+00:00
draftkings,34118029,362350810,0QA362350810#2258204273_13L88808Q1401138925Q20,Kayshon Boutte,,NFL,Anytime TD Scorer,player_touchdown,,360,,34118029,2026-09-13T17:00:00.0000000Z,,2026-09-11T04:51:39.672214+00:00
draftkings,34118029,362350810,0QA362350810#2254581552_13L88808Q1-1444150535Q20,Xavier Hutchinson,,NFL,Anytime TD Scorer,player_touchdown,,400,,34118029,2026-09-13T17:00:00.0000000Z,,2026-09-11T04:51:39.672214+00:00
draftkings,34118029,362350810,0QA362350810#2254581550_13L88808Q1-2078311456Q20,Jaylin Noel,,NFL,Anytime TD Scorer,player_touchdown,,550,,34118029,2026-09-13T17:00:00.0000000Z,,2026-09-11T04:51:39.672214+00:00
draftkings,34118029,362350810,0QA362350810#2254581565_13L88808Q1614963414Q20,Ray Davis,,NFL,Anytime TD Scorer,player_touchdown,,550,,34118029,2026-09-13T17:00:00.0000000Z,,2026-09-11T04:51:39.672214+00:00
draftkings,34118029,362350810,0QA362350810#2254581577_14L88808Q11339473601Q20,,BUF Bills D/ST,NFL,Anytime TD Scorer,player_touchdown,,550,,34118029,2026-09-13T17:00:00.0000000Z,,2026-09-11T04:51:39.672214+00:00
draftkings,34118029,362350810,0QA362350810#2254581576_13L88808Q11076091956Q20,,HOU Texans D/ST,NFL,Anytime TD Scorer,player_touchdown,,600,,34118029,2026-09-13T17:00:00.0000000Z,,2026-09-11T04:51:39.672214+00:00
draftkings,34118029,362350810,0QA362350810#2254581566_13L88808Q1-2072232579Q20,Keon Coleman,,NFL,Anytime TD Scorer,player_touchdown,,650,,34118029,2026-09-13T17:00:00.0000000Z,,2026-09-11T04:51:39.672214+00:00
draftkings,34118029,362350810,0QA362350810#2254581569_13L88808Q11470829306Q20,Dawson Knox,,NFL,Anytime TD Scorer,player_touchdown,,700,,34118029,2026-09-13T17:00:00.0000000Z,,2026-09-11T04:51:39.672214+00:00
draftkings,34118029,362350810,0QA362350810#2254581531_13L88808Q1242387080Q20,C.J. Stroud,,NFL,Anytime TD Scorer,player_touchdown,,850,,34118029,2026-09-13T17:00:00.0000000Z,,2026-09-11T04:51:39.672214+00:00
draftkings,34118029,362350810,0QA362350810#2254581570_13L88808Q11362443903Q20,Ty Johnson,,NFL,Anytime TD Scorer,player_touchdown,,850,,34118029,2026-09-13T17:00:00.0000000Z,,2026-09-11T04:51:39.672214+00:00
draftkings,34118029,362350810,0QA362350810#2254581553_13L88808Q1-1461677560Q20,Foster Moreau,,NFL,Anytime TD Scorer,player_touchdown,,1100,,34118029,2026-09-13T17:00:00.0000000Z,,2026-09-11T04:51:39.672214+00:00
draftkings,34118029,362350810,0QA362350810#2254581568_13L88808Q11389870616Q20,Joshua Palmer,,NFL,Anytime TD Scorer,player_touchdown,,1100,,34118029,2026-09-13T17:00:00.0000000Z,,2026-09-11T04:51:39.672214+00:00
draftkings,34118029,362350810,0QA362350810#2254581571_13L88808Q11731434928Q20,Jackson Hawes,,NFL,Anytime TD Scorer,player_touchdown,,1300,,34118029,2026-09-13T17:00:00.0000000Z,,2026-09-11T04:51:39.672214+00:00
draftkings,34118029,362350810,0QA362350810#2254587758_13L88808Q1-43712423Q20,Skyler Bell,,NFL,Anytime TD Scorer,player_touchdown,,1700,,34118029,2026-09-13T17:00:00.0000000Z,,2026-09-11T04:51:39.672214+00:00
draftkings,34118029,362350810,0QA362350810#2254581554_13L88808Q1611489861Q20,Cade Stover,,NFL,Anytime TD Scorer,player_touchdown,,2000,,34118029,2026-09-13T17:00:00.0000000Z,,2026-09-11T04:51:39.672214+00:00
draftkings,34118029,362350810,0QA362350810#2254581556_13L88808Q1-1683593135Q20,Marlin Klein,,NFL,Anytime TD Scorer,player_touchdown,,2000,,34118029,2026-09-13T17:00:00.0000000Z,,2026-09-11T04:51:39.672214+00:00
draftkings,34118029,362350810,0QA362350810#2254581560_13L88808Q1373821159Q20,British Brooks,,NFL,Anytime TD Scorer,player_touchdown,,2500,,34118029,2026-09-13T17:00:00.0000000Z,,2026-09-11T04:51:39.672214+00:00
draftkings,34118029,362350810,0QA362350810#2280631680_13L88808Q1-1709852967Q20,Brevin Jordan,,NFL,Anytime TD Scorer,player_touchdown,,2500,,34118029,2026-09-13T17:00:00.0000000Z,,2026-09-11T04:51:39.672214+00:00
draftkings,34118029,362350810,0QA362350810#2254581575_13L88808Q11235745545Q20,Keleki Latu,,NFL,Anytime TD Scorer,player_touchdown,,2800,,34118029,2026-09-13T17:00:00.0000000Z,,2026-09-11T04:51:39.672214+00:00
draftkings,34118029,363186669,0QA363186669#2258117149_13L88808Q1498526184Q20,David Montgomery,,NFL,2+ TDs,player_touchdown,,500,,34118029,2026-09-13T17:00:00.0000000Z,,2026-09-11T04:51:39.672214+00:00
draftkings,34118029,363186669,0QA363186669#2258117164_13L88808Q1503159412Q20,James Cook,,NFL,2+ TDs,player_touchdown,,550,,34118029,2026-09-13T17:00:00.0000000Z,,2026-09-11T04:51:39.672214+00:00
draftkings,34118029,363186669,0QA363186669#2258117165_13L88808Q11587218485Q20,Josh Allen,,NFL,2+ TDs,player_touchdown,,700,,34118029,2026-09-13T17:00:00.0000000Z,,2026-09-11T04:51:39.672214+00:00
draftkings,34118029,363186669,0QA363186669#2258117150_13L88808Q1-721675132Q20,Nico Collins,,NFL,2+ TDs,player_touchdown,,1400,,34118029,2026-09-13T17:00:00.0000000Z,,2026-09-11T04:51:39.672214+00:00
draftkings,34118029,363186669,0QA363186669#2258117151_13L88808Q1-1684897682Q20,Woody Marks,,NFL,2+ TDs,player_touchdown,,1900,,34118029,2026-09-13T17:00:00.0000000Z,,2026-09-11T04:51:39.672214+00:00
draftkings,34118029,363186669,0QA363186669#2258117166_13L88808Q12038776476Q20,D.J. Moore,,NFL,2+ TDs,player_touchdown,,2500,,34118029,2026-09-13T17:00:00.0000000Z,,2026-09-11T04:51:39.672214+00:00
draftkings,34118029,363186669,0QA363186669#2258117167_13L88808Q1-920828078Q20,Dalton Kincaid,,NFL,2+ TDs,player_touchdown,,3000,,34118029,2026-09-13T17:00:00.0000000Z,,2026-09-11T04:51:39.672214+00:00
draftkings,34118029,363186669,0QA363186669#2258117152_13L88808Q11595670410Q20,Dalton Schultz,,NFL,2+ TDs,player_touchdown,,3500,,34118029,2026-09-13T17:00:00.0000000Z,,2026-09-11T04:51:39.672214+00:00
draftkings,34118029,363186669,0QA363186669#2258117168_13L88808Q1-1360222472Q20,Khalil Shakir,,NFL,2+ TDs,player_touchdown,,3500,,34118029,2026-09-13T17:00:00.0000000Z,,2026-09-11T04:51:39.672214+00:00
draftkings,34118029,363186669,0QA363186669#2258204274_13L88808Q1-1010510811Q20,Kayshon Boutte,,NFL,2+ TDs,player_touchdown,,4000,,34118029,2026-09-13T17:00:00.0000000Z,,2026-09-11T04:51:39.672214+00:00
draftkings,34118029,363186669,0QA363186669#2258117156_13L88808Q11497747421Q20,Xavier Hutchinson,,NFL,2+ TDs,player_touchdown,,4500,,34118029,2026-09-13T17:00:00.0000000Z,,2026-09-11T04:51:39.672214+00:00
draftkings,34118029,363186669,0QA363186669#2258116937_14L88808Q1-530195986Q20,,BUF Bills D/ST,NFL,2+ TDs,player_touchdown,,5500,,34118029,2026-09-13T17:00:00.0000000Z,,2026-09-11T04:51:39.672214+00:00
draftkings,34118029,363186669,0QA363186669#2258117173_13L88808Q1-1261481743Q20,Ray Davis,,NFL,2+ TDs,player_touchdown,,5500,,34118029,2026-09-13T17:00:00.0000000Z,,2026-09-11T04:51:39.672214+00:00
draftkings,34118029,363186669,0QA363186669#2258116936_13L88808Q1-1496356005Q20,,HOU Texans D/ST,NFL,2+ TDs,player_touchdown,,6500,,34118029,2026-09-13T17:00:00.0000000Z,,2026-09-11T04:51:39.672214+00:00
draftkings,34118029,363186669,0QA363186669#2258117153_13L88808Q1-1591602463Q20,Jaylin Noel,,NFL,2+ TDs,player_touchdown,,7000,,34118029,2026-09-13T17:00:00.0000000Z,,2026-09-11T04:51:39.672214+00:00
draftkings,34118029,363186669,0QA363186669#2258117169_13L88808Q1-2143181684Q20,Keon Coleman,,NFL,2+ TDs,player_touchdown,,8000,,34118029,2026-09-13T17:00:00.0000000Z,,2026-09-11T04:51:39.672214+00:00
draftkings,34118029,363186669,0QA363186669#2258117170_13L88808Q1-116043467Q20,Dawson Knox,,NFL,2+ TDs,player_touchdown,,10000,,34118029,2026-09-13T17:00:00.0000000Z,,2026-09-11T04:51:39.672214+00:00
draftkings,34118029,363186669,0QA363186669#2258117172_13L88808Q11837409965Q20,Ty Johnson,,NFL,2+ TDs,player_touchdown,,10000,,34118029,2026-09-13T17:00:00.0000000Z,,2026-09-11T04:51:39.672214+00:00
draftkings,34118029,363186669,0QA363186669#2258117155_13L88808Q1389233581Q20,C.J. Stroud,,NFL,2+ TDs,player_touchdown,,11000,,34118029,2026-09-13T17:00:00.0000000Z,,2026-09-11T04:51:39.672214+00:00
draftkings,34118029,363186669,0QA363186669#2258117171_13L88808Q1-794739413Q20,Joshua Palmer,,NFL,2+ TDs,player_touchdown,,13000,,34118029,2026-09-13T17:00:00.0000000Z,,2026-09-11T04:51:39.672214+00:00
draftkings,34118029,363186669,0QA363186669#2258127923_13L88808Q1-969709662Q20,Jackson Hawes,,NFL,2+ TDs,player_touchdown,,15000,,34118029,2026-09-13T17:00:00.0000000Z,,2026-09-11T04:51:39.672214+00:00
draftkings,34118029,363186669,0QA363186669#2258117159_13L88808Q1257323792Q20,Foster Moreau,,NFL,2+ TDs,player_touchdown,,15000,,34118029,2026-09-13T17:00:00.0000000Z,,2026-09-11T04:51:39.672214+00:00
draftkings,34118029,363186669,0QA363186669#2280656907_13L88808Q11764286090Q20,Brevin Jordan,,NFL,2+ TDs,player_touchdown,,17000,,34118029,2026-09-13T17:00:00.0000000Z,,2026-09-11T04:51:39.672214+00:00
draftkings,34118029,363186669,0QA363186669#2258118459_13L88808Q1-1614911956Q20,British Brooks,,NFL,2+ TDs,player_touchdown,,20000,,34118029,2026-09-13T17:00:00.0000000Z,,2026-09-11T04:51:39.672214+00:00
draftkings,34118029,363186669,0QA363186669#2258117160_13L88808Q11568418663Q20,Marlin Klein,,NFL,2+ TDs,player_touchdown,,20000,,34118029,2026-09-13T17:00:00.0000000Z,,2026-09-11T04:51:39.672214+00:00
draftkings,34118029,363186669,0QA363186669#2258117162_13L88808Q1-1337686021Q20,Cade Stover,,NFL,2+ TDs,player_touchdown,,20000,,34118029,2026-09-13T17:00:00.0000000Z,,2026-09-11T04:51:39.672214+00:00
draftkings,34118029,363186669,0QA363186669#2258117174_13L88808Q12075072711Q20,Skyler Bell,,NFL,2+ TDs,player_touchdown,,20000,,34118029,2026-09-13T17:00:00.0000000Z,,2026-09-11T04:51:39.672214+00:00
draftkings,34118029,363186669,0QA363186669#2280656080_13L88808Q182425970Q20,Keleki Latu,,NFL,2+ TDs,player_touchdown,,20000,,34118029,2026-09-13T17:00:00.0000000Z,,2026-09-11T04:51:39.672214+00:00
draftkings,34118266,357446852,0QA357446852#2251312989_13L88808Q1472369560Q20,Derrick Henry,,NFL,First TD Scorer,player_touchdown,,370,,34118266,2026-09-13T17:00:00.0000000Z,,2026-09-11T04:51:39.672214+00:00
draftkings,34118266,357446852,0QA357446852#2251312971_13L88808Q1-1002379125Q20,Jonathan Taylor,,NFL,First TD Scorer,player_touchdown,,390,,34118266,2026-09-13T17:00:00.0000000Z,,2026-09-11T04:51:39.672214+00:00
draftkings,34118266,357446852,0QA357446852#2251312991_13L88808Q12090914505Q20,Zay Flowers,,NFL,First TD Scorer,player_touchdown,,1000,,34118266,2026-09-13T17:00:00.0000000Z,,2026-09-11T04:51:39.672214+00:00
draftkings,34118266,357446852,0QA357446852#2251312992_13L88808Q1-1441350152Q20,Mark Andrews,,NFL,First TD Scorer,player_touchdown,,1200,,34118266,2026-09-13T17:00:00.0000000Z,,2026-09-11T04:51:39.672214+00:00
draftkings,34118266,357446852,0QA357446852#2251312972_13L88808Q1-712226102Q20,Tyler Warren,,NFL,First TD Scorer,player_touchdown,,1500,,34118266,2026-09-13T17:00:00.0000000Z,,2026-09-11T04:51:39.672214+00:00
draftkings,34118266,357446852,0QA357446852#2251312990_13L88808Q1-1706978706Q20,Lamar Jackson,,NFL,First TD Scorer,player_touchdown,,1500,,34118266,2026-09-13T17:00:00.0000000Z,,2026-09-11T04:51:39.672214+00:00
draftkings,34118266,357446852,0QA357446852#2251312993_13L88808Q1-155916787Q20,Rashod Bateman,,NFL,First TD Scorer,player_touchdown,,1700,,34118266,2026-09-13T17:00:00.0000000Z,,2026-09-11T04:51:39.672214+00:00
draftkings,34118266,357446852,0QA357446852#2251312974_13L88808Q1-654674812Q20,Josh Downs,,NFL,First TD Scorer,player_touchdown,,1800,,34118266,2026-09-13T17:00:00.0000000Z,,2026-09-11T04:51:39.672214+00:00
draftkings,34118266,357446852,0QA357446852#2251321839_13L88808Q1954534872Q20,Alec Pierce,,NFL,First TD Scorer,player_touchdown,,1800,,34118266,2026-09-13T17:00:00.0000000Z,,2026-09-11T04:51:39.672214+00:00
draftkings,34118266,357446852,0QA357446852#2251312973_13L88808Q1166100500Q20,Keenan Allen,,NFL,First TD Scorer,player_touchdown,,2000,,34118266,2026-09-13T17:00:00.0000000Z,,2026-09-11T04:51:39.672214+00:00
draftkings,34118266,357446852,0QA357446852#2251327217_13L88808Q1-1889004413Q20,Ja'Kobi Lane,,NFL,First TD Scorer,player_touchdown,,2000,,34118266,2026-09-13T17:00:00.0000000Z,,2026-09-11T04:51:39.672214+00:00
draftkings,34118266,357446852,0QA357446852#2251312975_13L88808Q1-728613763Q20,Daniel Jones,,NFL,First TD Scorer,player_touchdown,,2200,,34118266,2026-09-13T17:00:00.0000000Z,,2026-09-11T04:51:39.672214+00:00
draftkings,34118266,357446852,0QA357446852#2251312995_13L88808Q1-1704978700Q20,Justice Hill,,NFL,First TD Scorer,player_touchdown,,2800,,34118266,2026-09-13T17:00:00.0000000Z,,2026-09-11T04:51:39.672214+00:00
draftkings,34118266,357446852,0QA357446852#2251313003_13L88808Q1-1747529940Q20,,IND Colts D/ST,NFL,First TD Scorer,player_touchdown,,3000,,34118266,2026-09-13T17:00:00.0000000Z,,2026-09-11T04:51:39.672214+00:00
draftkings,34118266,357446852,0QA357446852#2251313004_14L88808Q11972407805Q20,,BAL Ravens D/ST,NFL,First TD Scorer,player_touchdown,,3000,,34118266,2026-09-13T17:00:00.0000000Z,,2026-09-11T04:51:39.672214+00:00
draftkings,34118266,357446852,0QA357446852#2251312978_13L88808Q11132118027Q20,Mo Alie-Cox,,NFL,First TD Scorer,player_touchdown,,3500,,34118266,2026-09-13T17:00:00.0000000Z,,2026-09-11T04:51:39.672214+00:00
draftkings,34118266,357446852,0QA357446852#2251312997_13L88808Q11433080497Q20,Devontez Walker,,NFL,First TD Scorer,player_touchdown,,4500,,34118266,2026-09-13T17:00:00.0000000Z,,2026-09-11T04:51:39.672214+00:00
draftkings,34118266,357446852,0QA357446852#2251338118_13L88808Q1-532464011Q20,Seth McGowan,,NFL,First TD Scorer,player_touchdown,,4500,,34118266,2026-09-13T17:00:00.0000000Z,,2026-09-11T04:51:39.672214+00:00
draftkings,34118266,357446852,0QA357446852#2251312976_13L88808Q1-1625928854Q20,Ashton Dulin,,NFL,First TD Scorer,player_touchdown,,5000,,34118266,2026-09-13T17:00:00.0000000Z,,2026-09-11T04:51:39.672214+00:00
draftkings,34118266,357446852,0QA357446852#2251312983_13L88808Q1220234579Q20,Laquon Treadwell,,NFL,First TD Scorer,player_touchdown,,6000,,34118266,2026-09-13T17:00:00.0000000Z,,2026-09-11T04:51:39.672214+00:00
draftkings,34118266,357446852,0QA357446852#2251327218_13L88808Q1-1803883276Q20,Elijah Sarratt,,NFL,First TD Scorer,player_touchdown,,6000,,34118266,2026-09-13T17:00:00.0000000Z,,2026-09-11T04:51:39.672214+00:00
draftkings,34118266,357446852,0QA357446852#2274373257_13L88808Q11545220998Q20,Deion Burks,,NFL,First TD Scorer,player_touchdown,,6000,,34118266,2026-09-13T17:00:00.0000000Z,,2026-09-11T04:51:39.672214+00:00
draftkings,34118266,357446852,0QA357446852#2251312987_13L88808Q1853641200Q20,DJ Giddens,,NFL,First TD Scorer,player_touchdown,,7000,,34118266,2026-09-13T17:00:00.0000000Z,,2026-09-11T04:51:39.672214+00:00
draftkings,34118266,357446852,0QA357446852#2251312996_13L88808Q1-1369781902Q20,Rasheen Ali,,NFL,First TD Scorer,player_touchdown,,7000,,34118266,2026-09-13T17:00:00.0000000Z,,2026-09-11T04:51:39.672214+00:00
draftkings,34118266,357446852,0QA357446852#2251312999_13L88808Q11413281239Q20,Durham Smythe,,NFL,First TD Scorer,player_touchdown,,7000,,34118266,2026-09-13T17:00:00.0000000Z,,2026-09-11T04:51:39.672214+00:00
draftkings,34118266,357446852,0QA357446852#2251312980_13L88808Q12124793881Q20,Andrew Ogletree,,NFL,First TD Scorer,player_touchdown,,8000,,34118266,2026-09-13T17:00:00.0000000Z,,2026-09-11T04:51:39.672214+00:00
draftkings,34118266,357446852,0QA357446852#2255962051_13L88808Q12035855609Q20,Matthew Hibner,,NFL,First TD Scorer,player_touchdown,,8000,,34118266,2026-09-13T17:00:00.0000000Z,,2026-09-11T04:51:39.672214+00:00
draftkings,34118266,357446852,0QA357446852#2251340137_13L88808Q1111712790Q20,Josh Cuevas,,NFL,First TD Scorer,player_touchdown,,9000,,34118266,2026-09-13T17:00:00.0000000Z,,2026-09-11T04:51:39.672214+00:00
draftkings,34118266,357446852,0QA357446852#2235245952_13L88808Q1-1777442974Q20,,No Touchdown Scorer,NFL,First TD Scorer,player_touchdown,,19000,,34118266,2026-09-13T17:00:00.0000000Z,,2026-09-11T04:51:39.672214+00:00
draftkings,34118266,357446852,0QA357446852#2251313001_13L88808Q11400635301Q20,LaJohntay Wester,,NFL,First TD Scorer,player_touchdown,,20000,,34118266,2026-09-13T17:00:00.0000000Z,,2026-09-11T04:51:39.672214+00:00
draftkings,34118266,361505183,0QA361505183#2251317255_13L88808Q1-660534674Q20,Derrick Henry,,NFL,Anytime TD Scorer,player_touchdown,,,,34118266,2026-09-13T17:00:00.0000000Z,,2026-09-11T04:51:39.672214+00:00
draftkings,34118266,361505183,0QA361505183#2251317238_13L88808Q1-1720506042Q20,Jonathan Taylor,,NFL,Anytime TD Scorer,player_touchdown,,,,34118266,2026-09-13T17:00:00.0000000Z,,2026-09-11T04:51:39.672214+00:00
draftkings,34118266,361505183,0QA361505183#2251317257_13L88808Q12018204784Q20,Zay Flowers,,NFL,Anytime TD Scorer,player_touchdown,,165,,34118266,2026-09-13T17:00:00.0000000Z,,2026-09-11T04:51:39.672214+00:00
draftkings,34118266,361505183,0QA361505183#2251317258_13L88808Q1-1031442765Q20,Mark Andrews,,NFL,Anytime TD Scorer,player_touchdown,,190,,34118266,2026-09-13T17:00:00.0000000Z,,2026-09-11T04:51:39.672214+00:00
draftkings,34118266,361505183,0QA361505183#2251317239_13L88808Q1-297522584Q20,Tyler Warren,,NFL,Anytime TD Scorer,player_touchdown,,245,,34118266,2026-09-13T17:00:00.0000000Z,,2026-09-11T04:51:39.672214+00:00
draftkings,34118266,361505183,0QA361505183#2251317256_13L88808Q1-1643070992Q20,Lamar Jackson,,NFL,Anytime TD Scorer,player_touchdown,,255,,34118266,2026-09-13T17:00:00.0000000Z,,2026-09-11T04:51:39.672214+00:00
draftkings,34118266,361505183,0QA361505183#2251321881_13L88808Q1-1866642147Q20,Alec Pierce,,NFL,Anytime TD Scorer,player_touchdown,,285,,34118266,2026-09-13T17:00:00.0000000Z,,2026-09-11T04:51:39.672214+00:00
draftkings,34118266,361505183,0QA361505183#2251317241_13L88808Q1-883785420Q20,Josh Downs,,NFL,Anytime TD Scorer,player_touchdown,,290,,34118266,2026-09-13T17:00:00.0000000Z,,2026-09-11T04:51:39.672214+00:00
draftkings,34118266,361505183,0QA361505183#2251317259_13L88808Q1-511742258Q20,Rashod Bateman,,NFL,Anytime TD Scorer,player_touchdown,,330,,34118266,2026-09-13T17:00:00.0000000Z,,2026-09-11T04:51:39.672214+00:00
draftkings,34118266,361505183,0QA361505183#2251317240_13L88808Q1716026518Q20,Keenan Allen,,NFL,Anytime TD Scorer,player_touchdown,,350,,34118266,2026-09-13T17:00:00.0000000Z,,2026-09-11T04:51:39.672214+00:00
draftkings,34118266,361505183,0QA361505183#2251327269_13L88808Q1-419779727Q20,Ja'Kobi Lane,,NFL,Anytime TD Scorer,player_touchdown,,400,,34118266,2026-09-13T17:00:00.0000000Z,,2026-09-11T04:51:39.672214+00:00
draftkings,34118266,361505183,0QA361505183#2251317180_13L88808Q1-1969802282Q20,Daniel Jones,,NFL,Anytime TD Scorer,player_touchdown,,450,,34118266,2026-09-13T17:00:00.0000000Z,,2026-09-11T04:51:39.672214+00:00
draftkings,34118266,361505183,0QA361505183#2251317261_13L88808Q11994625172Q20,Justice Hill,,NFL,Anytime TD Scorer,player_touchdown,,550,,34118266,2026-09-13T17:00:00.0000000Z,,2026-09-11T04:51:39.672214+00:00
draftkings,34118266,361505183,0QA361505183#2251317267_13L88808Q1-602759403Q20,,IND Colts D/ST,NFL,Anytime TD Scorer,player_touchdown,,550,,34118266,2026-09-13T17:00:00.0000000Z,,2026-09-11T04:51:39.672214+00:00
draftkings,34118266,361505183,0QA361505183#2251317268_14L88808Q1817922960Q20,,BAL Ravens D/ST,NFL,Anytime TD Scorer,player_touchdown,,600,,34118266,2026-09-13T17:00:00.0000000Z,,2026-09-11T04:51:39.672214+00:00
draftkings,34118266,361505183,0QA361505183#2251317245_13L88808Q1-1885662408Q20,Mo Alie-Cox,,NFL,Anytime TD Scorer,player_touchdown,,650,,34118266,2026-09-13T17:00:00.0000000Z,,2026-09-11T04:51:39.672214+00:00
draftkings,34118266,361505183,0QA361505183#2251338038_13L88808Q1-348566577Q20,Seth McGowan,,NFL,Anytime TD Scorer,player_touchdown,,750,,34118266,2026-09-13T17:00:00.0000000Z,,2026-09-11T04:51:39.672214+00:00
draftkings,34118266,361505183,0QA361505183#2251317263_13L88808Q1-1199795272Q20,Devontez Walker,,NFL,Anytime TD Scorer,player_touchdown,,900,,34118266,2026-09-13T17:00:00.0000000Z,,2026-09-11T04:51:39.672214+00:00
draftkings,34118266,361505183,0QA361505183#2251317242_13L88808Q1942374795Q20,Ashton Dulin,,NFL,Anytime TD Scorer,player_touchdown,,1000,,34118266,2026-09-13T17:00:00.0000000Z,,2026-09-11T04:51:39.672214+00:00
draftkings,34118266,361505183,0QA361505183#2251317249_13L88808Q11289716993Q20,Laquon Treadwell,,NFL,Anytime TD Scorer,player_touchdown,,1100,,34118266,2026-09-13T17:00:00.0000000Z,,2026-09-11T04:51:39.672214+00:00
draftkings,34118266,361505183,0QA361505183#2251317253_13L88808Q11622227504Q20,DJ Giddens,,NFL,Anytime TD Scorer,player_touchdown,,1200,,34118266,2026-09-13T17:00:00.0000000Z,,2026-09-11T04:51:39.672214+00:00
draftkings,34118266,361505183,0QA361505183#2251317262_13L88808Q11574112063Q20,Rasheen Ali,,NFL,Anytime TD Scorer,player_touchdown,,1300,,34118266,2026-09-13T17:00:00.0000000Z,,2026-09-11T04:51:39.672214+00:00
draftkings,34118266,361505183,0QA361505183#2274373272_13L88808Q11658952185Q20,Deion Burks,,NFL,Anytime TD Scorer,player_touchdown,,1300,,34118266,2026-09-13T17:00:00.0000000Z,,2026-09-11T04:51:39.672214+00:00
draftkings,34118266,361505183,0QA361505183#2251317264_13L88808Q1-232689605Q20,Durham Smythe,,NFL,Anytime TD Scorer,player_touchdown,,1400,,34118266,2026-09-13T17:00:00.0000000Z,,2026-09-11T04:51:39.672214+00:00
draftkings,34118266,361505183,0QA361505183#2251327270_13L88808Q1202378433Q20,Elijah Sarratt,,NFL,Anytime TD Scorer,player_touchdown,,1400,,34118266,2026-09-13T17:00:00.0000000Z,,2026-09-11T04:51:39.672214+00:00
draftkings,34118266,361505183,0QA361505183#2251317246_13L88808Q11956512748Q20,Andrew Ogletree,,NFL,Anytime TD Scorer,player_touchdown,,1600,,34118266,2026-09-13T17:00:00.0000000Z,,2026-09-11T04:51:39.672214+00:00
draftkings,34118266,361505183,0QA361505183#2255962058_13L88808Q1-700661814Q20,Matthew Hibner,,NFL,Anytime TD Scorer,player_touchdown,,1800,,34118266,2026-09-13T17:00:00.0000000Z,,2026-09-11T04:51:39.672214+00:00
draftkings,34118266,361505183,0QA361505183#2251340143_13L88808Q11714132096Q20,Josh Cuevas,,NFL,Anytime TD Scorer,player_touchdown,,1900,,34118266,2026-09-13T17:00:00.0000000Z,,2026-09-11T04:51:39.672214+00:00
draftkings,34118266,361505183,0QA361505183#2251317265_13L88808Q1217894284Q20,LaJohntay Wester,,NFL,Anytime TD Scorer,player_touchdown,,2200,,34118266,2026-09-13T17:00:00.0000000Z,,2026-09-11T04:51:39.672214+00:00
draftkings,34118266,363187905,0QA363187905#2258120974_13L88808Q11746484724Q20,Derrick Henry,,NFL,2+ TDs,player_touchdown,,250,,34118266,2026-09-13T17:00:00.0000000Z,,2026-09-11T04:51:39.672214+00:00
draftkings,34118266,363187905,0QA363187905#2258120946_13L88808Q1282689831Q20,Jonathan Taylor,,NFL,2+ TDs,player_touchdown,,275,,34118266,2026-09-13T17:00:00.0000000Z,,2026-09-11T04:51:39.672214+00:00
draftkings,34118266,363187905,0QA363187905#2258120975_13L88808Q1-1364480320Q20,Zay Flowers,,NFL,2+ TDs,player_touchdown,,1200,,34118266,2026-09-13T17:00:00.0000000Z,,2026-09-11T04:51:39.672214+00:00
draftkings,34118266,363187905,0QA363187905#2258120977_13L88808Q11399276375Q20,Mark Andrews,,NFL,2+ TDs,player_touchdown,,1600,,34118266,2026-09-13T17:00:00.0000000Z,,2026-09-11T04:51:39.672214+00:00
draftkings,34118266,363187905,0QA363187905#2258120962_13L88808Q11041398384Q20,Tyler Warren,,NFL,2+ TDs,player_touchdown,,2000,,34118266,2026-09-13T17:00:00.0000000Z,,2026-09-11T04:51:39.672214+00:00
draftkings,34118266,363187905,0QA363187905#2258120976_13L88808Q1-1605206671Q20,Lamar Jackson,,NFL,2+ TDs,player_touchdown,,2200,,34118266,2026-09-13T17:00:00.0000000Z,,2026-09-11T04:51:39.672214+00:00
draftkings,34118266,363187905,0QA363187905#2258120963_13L88808Q187217359Q20,Josh Downs,,NFL,2+ TDs,player_touchdown,,2800,,34118266,2026-09-13T17:00:00.0000000Z,,2026-09-11T04:51:39.672214+00:00
draftkings,34118266,363187905,0QA363187905#2258120965_13L88808Q1-80697860Q20,Alec Pierce,,NFL,2+ TDs,player_touchdown,,2800,,34118266,2026-09-13T17:00:00.0000000Z,,2026-09-11T04:51:39.672214+00:00
draftkings,34118266,363187905,0QA363187905#2258120979_13L88808Q1-261077967Q20,Rashod Bateman,,NFL,2+ TDs,player_touchdown,,3000,,34118266,2026-09-13T17:00:00.0000000Z,,2026-09-11T04:51:39.672214+00:00
draftkings,34118266,363187905,0QA363187905#2258120964_13L88808Q1-71872010Q20,Keenan Allen,,NFL,2+ TDs,player_touchdown,,3500,,34118266,2026-09-13T17:00:00.0000000Z,,2026-09-11T04:51:39.672214+00:00
draftkings,34118266,363187905,0QA363187905#2258120978_13L88808Q1-1630649353Q20,Ja'Kobi Lane,,NFL,2+ TDs,player_touchdown,,4500,,34118266,2026-09-13T17:00:00.0000000Z,,2026-09-11T04:51:39.672214+00:00
draftkings,34118266,363187905,0QA363187905#2258120966_13L88808Q1-1687698446Q20,Daniel Jones,,NFL,2+ TDs,player_touchdown,,5500,,34118266,2026-09-13T17:00:00.0000000Z,,2026-09-11T04:51:39.672214+00:00
draftkings,34118266,363187905,0QA363187905#2258120988_14L88808Q1-1617050758Q20,,BAL Ravens D/ST,NFL,2+ TDs,player_touchdown,,5500,,34118266,2026-09-13T17:00:00.0000000Z,,2026-09-11T04:51:39.672214+00:00
draftkings,34118266,363187905,0QA363187905#2258120980_13L88808Q11902362131Q20,Justice Hill,,NFL,2+ TDs,player_touchdown,,6000,,34118266,2026-09-13T17:00:00.0000000Z,,2026-09-11T04:51:39.672214+00:00
draftkings,34118266,363187905,0QA363187905#2258120987_13L88808Q1946215290Q20,,IND Colts D/ST,NFL,2+ TDs,player_touchdown,,6000,,34118266,2026-09-13T17:00:00.0000000Z,,2026-09-11T04:51:39.672214+00:00
draftkings,34118266,363187905,0QA363187905#2258120970_13L88808Q1117002188Q20,Mo Alie-Cox,,NFL,2+ TDs,player_touchdown,,7500,,34118266,2026-09-13T17:00:00.0000000Z,,2026-09-11T04:51:39.672214+00:00
draftkings,34118266,363187905,0QA363187905#2258120967_13L88808Q1-472168960Q20,Seth McGowan,,NFL,2+ TDs,player_touchdown,,9000,,34118266,2026-09-13T17:00:00.0000000Z,,2026-09-11T04:51:39.672214+00:00
draftkings,34118266,363187905,0QA363187905#2258120982_13L88808Q1-464941358Q20,Devontez Walker,,NFL,2+ TDs,player_touchdown,,12000,,34118266,2026-09-13T17:00:00.0000000Z,,2026-09-11T04:51:39.672214+00:00
draftkings,34118266,363187905,0QA363187905#2258120968_13L88808Q1-2020910262Q20,Ashton Dulin,,NFL,2+ TDs,player_touchdown,,13000,,34118266,2026-09-13T17:00:00.0000000Z,,2026-09-11T04:51:39.672214+00:00
draftkings,34118266,363187905,0QA363187905#2274373236_13L88808Q1-120201978Q20,Deion Burks,,NFL,2+ TDs,player_touchdown,,14000,,34118266,2026-09-13T17:00:00.0000000Z,,2026-09-11T04:51:39.672214+00:00
draftkings,34118266,363187905,0QA363187905#2274373106_13L88808Q1-874251393Q20,Laquon Treadwell,,NFL,2+ TDs,player_touchdown,,16000,,34118266,2026-09-13T17:00:00.0000000Z,,2026-09-11T04:51:39.672214+00:00
draftkings,34118266,363187905,0QA363187905#2268552055_13L88808Q1-1460456850Q20,Rasheen Ali,,NFL,2+ TDs,player_touchdown,,16000,,34118266,2026-09-13T17:00:00.0000000Z,,2026-09-11T04:51:39.672214+00:00
draftkings,34118266,363187905,0QA363187905#2258120971_13L88808Q11163009010Q20,DJ Giddens,,NFL,2+ TDs,player_touchdown,,16000,,34118266,2026-09-13T17:00:00.0000000Z,,2026-09-11T04:51:39.672214+00:00
draftkings,34118266,363187905,0QA363187905#2258120984_13L88808Q1-867068079Q20,Durham Smythe,,NFL,2+ TDs,player_touchdown,,17000,,34118266,2026-09-13T17:00:00.0000000Z,,2026-09-11T04:51:39.672214+00:00
draftkings,34118266,363187905,0QA363187905#2258120983_13L88808Q1-1500504756Q20,Elijah Sarratt,,NFL,2+ TDs,player_touchdown,,18000,,34118266,2026-09-13T17:00:00.0000000Z,,2026-09-11T04:51:39.672214+00:00
draftkings,34118266,363187905,0QA363187905#2258127942_13L88808Q1-966863650Q20,Josh Cuevas,,NFL,2+ TDs,player_touchdown,,20000,,34118266,2026-09-13T17:00:00.0000000Z,,2026-09-11T04:51:39.672214+00:00
draftkings,34118266,363187905,0QA363187905#2258120972_13L88808Q1-607335079Q20,Andrew Ogletree,,NFL,2+ TDs,player_touchdown,,20000,,34118266,2026-09-13T17:00:00.0000000Z,,2026-09-11T04:51:39.672214+00:00
draftkings,34118266,363187905,0QA363187905#2258120985_13L88808Q1-1618269213Q20,Matthew Hibner,,NFL,2+ TDs,player_touchdown,,20000,,34118266,2026-09-13T17:00:00.0000000Z,,2026-09-11T04:51:39.672214+00:00
draftkings,34118266,363187905,0QA363187905#2258120986_13L88808Q1-1660508192Q20,LaJohntay Wester,,NFL,2+ TDs,player_touchdown,,25000,,34118266,2026-09-13T17:00:00.0000000Z,,2026-09-11T04:51:39.672214+00:00
draftkings,34118140,357446832,0QA357446832#2250877296_13L88808Q11763290140Q20,Chase Brown,,NFL,First TD Scorer,player_touchdown,,500,,34118140,2026-09-13T17:00:00.0000000Z,,2026-09-11T04:51:39.672214+00:00
draftkings,34118140,357446832,0QA357446832#2250877304_13L88808Q1-1462052825Q20,Ja'Marr Chase,,NFL,First TD Scorer,player_touchdown,,600,,34118140,2026-09-13T17:00:00.0000000Z,,2026-09-11T04:51:39.672214+00:00
draftkings,34118140,357446832,0QA357446832#2250877338_13L88808Q11908389665Q20,Bucky Irving,,NFL,First TD Scorer,player_touchdown,,800,,34118140,2026-09-13T17:00:00.0000000Z,,2026-09-11T04:51:39.672214+00:00
draftkings,34118140,357446832,0QA357446832#2250877306_13L88808Q1-544014525Q20,Tee Higgins,,NFL,First TD Scorer,player_touchdown,,850,,34118140,2026-09-13T17:00:00.0000000Z,,2026-09-11T04:51:39.672214+00:00
draftkings,34118140,357446832,0QA357446832#2250877341_13L88808Q1357556588Q20,Emeka Egbuka,,NFL,First TD Scorer,player_touchdown,,1400,,34118140,2026-09-13T17:00:00.0000000Z,,2026-09-11T04:51:39.672214+00:00
draftkings,34118140,357446832,0QA357446832#2250877339_13L88808Q1-1645511323Q20,Kenneth Gainwell,,NFL,First TD Scorer,player_touchdown,,1500,,34118140,2026-09-13T17:00:00.0000000Z,,2026-09-11T04:51:39.672214+00:00
draftkings,34118140,357446832,0QA357446832#2250877310_13L88808Q1-1313763582Q20,Andrei Iosivas,,NFL,First TD Scorer,player_touchdown,,1600,,34118140,2026-09-13T17:00:00.0000000Z,,2026-09-11T04:51:39.672214+00:00
draftkings,34118140,357446832,0QA357446832#2250877340_13L88808Q11533655793Q20,Chris Godwin,,NFL,First TD Scorer,player_touchdown,,1700,,34118140,2026-09-13T17:00:00.0000000Z,,2026-09-11T04:51:39.672214+00:00
draftkings,34118140,357446832,0QA357446832#2250877344_13L88808Q1-1089319749Q20,Jalen McMillan,,NFL,First TD Scorer,player_touchdown,,1800,,34118140,2026-09-13T17:00:00.0000000Z,,2026-09-11T04:51:39.672214+00:00
draftkings,34118140,357446832,0QA357446832#2250877314_13L88808Q1714230077Q20,Mike Gesicki,,NFL,First TD Scorer,player_touchdown,,1900,,34118140,2026-09-13T17:00:00.0000000Z,,2026-09-11T04:51:39.672214+00:00
draftkings,34118140,357446832,0QA357446832#2250877312_13L88808Q1-561144861Q20,Samaje Perine,,NFL,First TD Scorer,player_touchdown,,2000,,34118140,2026-09-13T17:00:00.0000000Z,,2026-09-11T04:51:39.672214+00:00
draftkings,34118140,357446832,0QA357446832#2250877346_13L88808Q1470846981Q20,Cade Otton,,NFL,First TD Scorer,player_touchdown,,2200,,34118140,2026-09-13T17:00:00.0000000Z,,2026-09-11T04:51:39.672214+00:00
draftkings,34118140,357446832,0QA357446832#2254840777_13L88808Q11225633443Q20,Colbie Young,,NFL,First TD Scorer,player_touchdown,,2200,,34118140,2026-09-13T17:00:00.0000000Z,,2026-09-11T04:51:39.672214+00:00
draftkings,34118140,357446832,0QA357446832#2250877342_13L88808Q11336175696Q20,Sean Tucker,,NFL,First TD Scorer,player_touchdown,,2500,,34118140,2026-09-13T17:00:00.0000000Z,,2026-09-11T04:51:39.672214+00:00
draftkings,34118140,357446832,0QA357446832#2250877318_13L88808Q1-751651561Q20,Erick All,,NFL,First TD Scorer,player_touchdown,,3000,,34118140,2026-09-13T17:00:00.0000000Z,,2026-09-11T04:51:39.672214+00:00
draftkings,34118140,357446832,0QA357446832#2250877320_13L88808Q1848715583Q20,Drew Sample,,NFL,First TD Scorer,player_touchdown,,3000,,34118140,2026-09-13T17:00:00.0000000Z,,2026-09-11T04:51:39.672214+00:00
draftkings,34118140,357446832,0QA357446832#2250877343_13L88808Q1-66025477Q20,Baker Mayfield,,NFL,First TD Scorer,player_touchdown,,3000,,34118140,2026-09-13T17:00:00.0000000Z,,2026-09-11T04:51:39.672214+00:00
draftkings,34118140,357446832,0QA357446832#2250877347_13L88808Q11560348816Q20,Tez Johnson,,NFL,First TD Scorer,player_touchdown,,3500,,34118140,2026-09-13T17:00:00.0000000Z,,2026-09-11T04:51:39.672214+00:00
draftkings,34118140,357446832,0QA357446832#2250877353_13L88808Q11578319727Q20,,CIN Bengals D/ST,NFL,First TD Scorer,player_touchdown,,3500,,34118140,2026-09-13T17:00:00.0000000Z,,2026-09-11T04:51:39.672214+00:00
draftkings,34118140,357446832,0QA357446832#2250877354_14L88808Q1437596435Q20,,TB Buccaneers D/ST,NFL,First TD Scorer,player_touchdown,,3500,,34118140,2026-09-13T17:00:00.0000000Z,,2026-09-11T04:51:39.672214+00:00
draftkings,34118140,357446832,0QA357446832#2271850435_13L88808Q1711511467Q20,Jack Endries,,NFL,First TD Scorer,player_touchdown,,3500,,34118140,2026-09-13T17:00:00.0000000Z,,2026-09-11T04:51:39.672214+00:00
draftkings,34118140,357446832,0QA357446832#2250877316_13L88808Q1-945889102Q20,Joe Burrow,,NFL,First TD Scorer,player_touchdown,,4000,,34118140,2026-09-13T17:00:00.0000000Z,,2026-09-11T04:51:39.672214+00:00
draftkings,34118140,357446832,0QA357446832#2254874868_13L88808Q11680940089Q20,Ted Hurst,,NFL,First TD Scorer,player_touchdown,,4000,,34118140,2026-09-13T17:00:00.0000000Z,,2026-09-11T04:51:39.672214+00:00
draftkings,34118140,357446832,0QA357446832#2250877349_13L88808Q1386308853Q20,Payne Durham,,NFL,First TD Scorer,player_touchdown,,7000,,34118140,2026-09-13T17:00:00.0000000Z,,2026-09-11T04:51:39.672214+00:00
draftkings,34118140,357446832,0QA357446832#2275486492_13L88808Q1425178396Q20,Dohnte Meyers,,NFL,First TD Scorer,player_touchdown,,9000,,34118140,2026-09-13T17:00:00.0000000Z,,2026-09-11T04:51:39.672214+00:00
draftkings,34118140,357446832,0QA357446832#2250877324_13L88808Q1850129023Q20,Tahj Brooks,,NFL,First TD Scorer,player_touchdown,,12000,,34118140,2026-09-13T17:00:00.0000000Z,,2026-09-11T04:51:39.672214+00:00
draftkings,34118140,357446832,0QA357446832#2250877348_13L88808Q1-1495550056Q20,Ko Kieft,,NFL,First TD Scorer,player_touchdown,,14000,,34118140,2026-09-13T17:00:00.0000000Z,,2026-09-11T04:51:39.672214+00:00
draftkings,34118140,357446832,0QA357446832#2250877333_13L88808Q1-161580579Q20,Ke'Shawn Williams,,NFL,First TD Scorer,player_touchdown,,16000,,34118140,2026-09-13T17:00:00.0000000Z,,2026-09-11T04:51:39.672214+00:00
draftkings,34118140,357446832,0QA357446832#2235245879_13L88808Q1-1777442974Q20,,No Touchdown Scorer,NFL,First TD Scorer,player_touchdown,,20000,,34118140,2026-09-13T17:00:00.0000000Z,,2026-09-11T04:51:39.672214+00:00
draftkings,34118140,361399049,0QA361399049#2250882670_13L88808Q1-203805330Q20,Chase Brown,,NFL,Anytime TD Scorer,player_touchdown,,,,34118140,2026-09-13T17:00:00.0000000Z,,2026-09-11T04:51:39.672214+00:00
draftkings,34118140,361399049,0QA361399049#2250882671_13L88808Q11365449708Q20,Ja'Marr Chase,,NFL,Anytime TD Scorer,player_touchdown,,,,34118140,2026-09-13T17:00:00.0000000Z,,2026-09-11T04:51:39.672214+00:00
draftkings,34118140,361399049,0QA361399049#2250882672_13L88808Q1106346443Q20,Tee Higgins,,NFL,Anytime TD Scorer,player_touchdown,,125,,34118140,2026-09-13T17:00:00.0000000Z,,2026-09-11T04:51:39.672214+00:00
draftkings,34118140,361399049,0QA361399049#2250882688_13L88808Q1666446492Q20,Bucky Irving,,NFL,Anytime TD Scorer,player_touchdown,,125,,34118140,2026-09-13T17:00:00.0000000Z,,2026-09-11T04:51:39.672214+00:00
draftkings,34118140,361399049,0QA361399049#2250882691_13L88808Q1621783265Q20,Emeka Egbuka,,NFL,Anytime TD Scorer,player_touchdown,,200,,34118140,2026-09-13T17:00:00.0000000Z,,2026-09-11T04:51:39.672214+00:00
draftkings,34118140,361399049,0QA361399049#2250882689_13L88808Q1236160750Q20,Kenneth Gainwell,,NFL,Anytime TD Scorer,player_touchdown,,230,,34118140,2026-09-13T17:00:00.0000000Z,,2026-09-11T04:51:39.672214+00:00
draftkings,34118140,361399049,0QA361399049#2250882690_13L88808Q1532397873Q20,Chris Godwin,,NFL,Anytime TD Scorer,player_touchdown,,240,,34118140,2026-09-13T17:00:00.0000000Z,,2026-09-11T04:51:39.672214+00:00
draftkings,34118140,361399049,0QA361399049#2250882695_13L88808Q1-1484923211Q20,Jalen McMillan,,NFL,Anytime TD Scorer,player_touchdown,,260,,34118140,2026-09-13T17:00:00.0000000Z,,2026-09-11T04:51:39.672214+00:00
draftkings,34118140,361399049,0QA361399049#2250882676_13L88808Q1900314307Q20,Andrei Iosivas,,NFL,Anytime TD Scorer,player_touchdown,,275,,34118140,2026-09-13T17:00:00.0000000Z,,2026-09-11T04:51:39.672214+00:00
draftkings,34118140,361399049,0QA361399049#2250882675_13L88808Q1-1846552455Q20,Mike Gesicki,,NFL,Anytime TD Scorer,player_touchdown,,300,,34118140,2026-09-13T17:00:00.0000000Z,,2026-09-11T04:51:39.672214+00:00
draftkings,34118140,361399049,0QA361399049#2250882674_13L88808Q11111630045Q20,Samaje Perine,,NFL,Anytime TD Scorer,player_touchdown,,340,,34118140,2026-09-13T17:00:00.0000000Z,,2026-09-11T04:51:39.672214+00:00
draftkings,34118140,361399049,0QA361399049#2250882696_13L88808Q1-1181521367Q20,Cade Otton,,NFL,Anytime TD Scorer,player_touchdown,,370,,34118140,2026-09-13T17:00:00.0000000Z,,2026-09-11T04:51:39.672214+00:00
draftkings,34118140,361399049,0QA361399049#2254840791_13L88808Q11974991558Q20,Colbie Young,,NFL,Anytime TD Scorer,player_touchdown,,370,,34118140,2026-09-13T17:00:00.0000000Z,,2026-09-11T04:51:39.672214+00:00
draftkings,34118140,361399049,0QA361399049#2250882692_13L88808Q11141276074Q20,Sean Tucker,,NFL,Anytime TD Scorer,player_touchdown,,400,,34118140,2026-09-13T17:00:00.0000000Z,,2026-09-11T04:51:39.672214+00:00
draftkings,34118140,361399049,0QA361399049#2250882677_13L88808Q1-1244917258Q20,Erick All,,NFL,Anytime TD Scorer,player_touchdown,,550,,34118140,2026-09-13T17:00:00.0000000Z,,2026-09-11T04:51:39.672214+00:00
draftkings,34118140,361399049,0QA361399049#2250882694_13L88808Q1-1664922884Q20,Baker Mayfield,,NFL,Anytime TD Scorer,player_touchdown,,550,,34118140,2026-09-13T17:00:00.0000000Z,,2026-09-11T04:51:39.672214+00:00
draftkings,34118140,361399049,0QA361399049#2250882697_13L88808Q1-1654530021Q20,Tez Johnson,,NFL,Anytime TD Scorer,player_touchdown,,550,,34118140,2026-09-13T17:00:00.0000000Z,,2026-09-11T04:51:39.672214+00:00
draftkings,34118140,361399049,0QA361399049#2250882680_13L88808Q1-409986828Q20,Drew Sample,,NFL,Anytime TD Scorer,player_touchdown,,600,,34118140,2026-09-13T17:00:00.0000000Z,,2026-09-11T04:51:39.672214+00:00
draftkings,34118140,361399049,0QA361399049#2250882703_13L88808Q1474338833Q20,,CIN Bengals D/ST,NFL,Anytime TD Scorer,player_touchdown,,600,,34118140,2026-09-13T17:00:00.0000000Z,,2026-09-11T04:51:39.672214+00:00
draftkings,34118140,361399049,0QA361399049#2250882704_14L88808Q1198793867Q20,,TB Buccaneers D/ST,NFL,Anytime TD Scorer,player_touchdown,,650,,34118140,2026-09-13T17:00:00.0000000Z,,2026-09-11T04:51:39.672214+00:00
draftkings,34118140,361399049,0QA361399049#2254874888_13L88808Q12127282699Q20,Ted Hurst,,NFL,Anytime TD Scorer,player_touchdown,,650,,34118140,2026-09-13T17:00:00.0000000Z,,2026-09-11T04:51:39.672214+00:00
draftkings,34118140,361399049,0QA361399049#2271850444_13L88808Q11452425719Q20,Jack Endries,,NFL,Anytime TD Scorer,player_touchdown,,650,,34118140,2026-09-13T17:00:00.0000000Z,,2026-09-11T04:51:39.672214+00:00
draftkings,34118140,361399049,0QA361399049#2250882595_13L88808Q1219777051Q20,Joe Burrow,,NFL,Anytime TD Scorer,player_touchdown,,750,,34118140,2026-09-13T17:00:00.0000000Z,,2026-09-11T04:51:39.672214+00:00
draftkings,34118140,361399049,0QA361399049#2275486516_13L88808Q1-1404735829Q20,Dohnte Meyers,,NFL,Anytime TD Scorer,player_touchdown,,1300,,34118140,2026-09-13T17:00:00.0000000Z,,2026-09-11T04:51:39.672214+00:00
draftkings,34118140,361399049,0QA361399049#2250882698_13L88808Q1-1180851630Q20,Payne Durham,,NFL,Anytime TD Scorer,player_touchdown,,1500,,34118140,2026-09-13T17:00:00.0000000Z,,2026-09-11T04:51:39.672214+00:00
draftkings,34118140,361399049,0QA361399049#2250882678_13L88808Q1-287412241Q20,Tahj Brooks,,NFL,Anytime TD Scorer,player_touchdown,,1900,,34118140,2026-09-13T17:00:00.0000000Z,,2026-09-11T04:51:39.672214+00:00
draftkings,34118140,361399049,0QA361399049#2250882684_13L88808Q1-488017773Q20,Ke'Shawn Williams,,NFL,Anytime TD Scorer,player_touchdown,,2000,,34118140,2026-09-13T17:00:00.0000000Z,,2026-09-11T04:51:39.672214+00:00
draftkings,34118140,361399049,0QA361399049#2250882699_13L88808Q11086162817Q20,Ko Kieft,,NFL,Anytime TD Scorer,player_touchdown,,3500,,34118140,2026-09-13T17:00:00.0000000Z,,2026-09-11T04:51:39.672214+00:00
draftkings,34118140,363175928,0QA363175928#2258086108_13L88808Q11277985563Q20,Chase Brown,,NFL,2+ TDs,player_touchdown,,450,,34118140,2026-09-13T17:00:00.0000000Z,,2026-09-11T04:51:39.672214+00:00
draftkings,34118140,363175928,0QA363175928#2258086109_13L88808Q11526916627Q20,Ja'Marr Chase,,NFL,2+ TDs,player_touchdown,,500,,34118140,2026-09-13T17:00:00.0000000Z,,2026-09-11T04:51:39.672214+00:00
draftkings,34118140,363175928,0QA363175928#2258086087_13L88808Q1-416383636Q20,Bucky Irving,,NFL,2+ TDs,player_touchdown,,850,,34118140,2026-09-13T17:00:00.0000000Z,,2026-09-11T04:51:39.672214+00:00
draftkings,34118140,363175928,0QA363175928#2258086110_13L88808Q1-1865349726Q20,Tee Higgins,,NFL,2+ TDs,player_touchdown,,900,,34118140,2026-09-13T17:00:00.0000000Z,,2026-09-11T04:51:39.672214+00:00
draftkings,34118140,363175928,0QA363175928#2258086122_13L88808Q11465714566Q20,Emeka Egbuka,,NFL,2+ TDs,player_touchdown,,1600,,34118140,2026-09-13T17:00:00.0000000Z,,2026-09-11T04:51:39.672214+00:00
draftkings,34118140,363175928,0QA363175928#2258086123_13L88808Q1-357637327Q20,Kenneth Gainwell,,NFL,2+ TDs,player_touchdown,,2000,,34118140,2026-09-13T17:00:00.0000000Z,,2026-09-11T04:51:39.672214+00:00
draftkings,34118140,363175928,0QA363175928#2258086124_13L88808Q11273477418Q20,Chris Godwin,,NFL,2+ TDs,player_touchdown,,2200,,34118140,2026-09-13T17:00:00.0000000Z,,2026-09-11T04:51:39.672214+00:00
draftkings,34118140,363175928,0QA363175928#2258086125_13L88808Q1-493311968Q20,Jalen McMillan,,NFL,2+ TDs,player_touchdown,,2200,,34118140,2026-09-13T17:00:00.0000000Z,,2026-09-11T04:51:39.672214+00:00
draftkings,34118140,363175928,0QA363175928#2258086112_13L88808Q1-1016060448Q20,Mike Gesicki,,NFL,2+ TDs,player_touchdown,,2500,,34118140,2026-09-13T17:00:00.0000000Z,,2026-09-11T04:51:39.672214+00:00
draftkings,34118140,363175928,0QA363175928#2258086113_13L88808Q1548547188Q20,Andrei Iosivas,,NFL,2+ TDs,player_touchdown,,2500,,34118140,2026-09-13T17:00:00.0000000Z,,2026-09-11T04:51:39.672214+00:00
draftkings,34118140,363175928,0QA363175928#2258086111_13L88808Q1-1895789824Q20,Samaje Perine,,NFL,2+ TDs,player_touchdown,,3000,,34118140,2026-09-13T17:00:00.0000000Z,,2026-09-11T04:51:39.672214+00:00
draftkings,34118140,363175928,0QA363175928#2258086121_13L88808Q1-2014301802Q20,Colbie Young,,NFL,2+ TDs,player_touchdown,,3500,,34118140,2026-09-13T17:00:00.0000000Z,,2026-09-11T04:51:39.672214+00:00
draftkings,34118140,363175928,0QA363175928#2258086126_13L88808Q1-1264920135Q20,Cade Otton,,NFL,2+ TDs,player_touchdown,,4000,,34118140,2026-09-13T17:00:00.0000000Z,,2026-09-11T04:51:39.672214+00:00
draftkings,34118140,363175928,0QA363175928#2258086127_13L88808Q1-1540780736Q20,Sean Tucker,,NFL,2+ TDs,player_touchdown,,4000,,34118140,2026-09-13T17:00:00.0000000Z,,2026-09-11T04:51:39.672214+00:00
draftkings,34118140,363175928,0QA363175928#2258086135_13L88808Q11911725373Q20,,CIN Bengals D/ST,NFL,2+ TDs,player_touchdown,,6000,,34118140,2026-09-13T17:00:00.0000000Z,,2026-09-11T04:51:39.672214+00:00
draftkings,34118140,363175928,0QA363175928#2258086115_13L88808Q1-2112566609Q20,Erick All,,NFL,2+ TDs,player_touchdown,,6500,,34118140,2026-09-13T17:00:00.0000000Z,,2026-09-11T04:51:39.672214+00:00
draftkings,34118140,363175928,0QA363175928#2258086136_14L88808Q1185635991Q20,,TB Buccaneers D/ST,NFL,2+ TDs,player_touchdown,,6500,,34118140,2026-09-13T17:00:00.0000000Z,,2026-09-11T04:51:39.672214+00:00
draftkings,34118140,363175928,0QA363175928#2258086128_13L88808Q12009212996Q20,Baker Mayfield,,NFL,2+ TDs,player_touchdown,,7000,,34118140,2026-09-13T17:00:00.0000000Z,,2026-09-11T04:51:39.672214+00:00
draftkings,34118140,363175928,0QA363175928#2258086130_13L88808Q1358445554Q20,Ted Hurst,,NFL,2+ TDs,player_touchdown,,7000,,34118140,2026-09-13T17:00:00.0000000Z,,2026-09-11T04:51:39.672214+00:00
draftkings,34118140,363175928,0QA363175928#2271850402_13L88808Q1-1082668114Q20,Jack Endries,,NFL,2+ TDs,player_touchdown,,7500,,34118140,2026-09-13T17:00:00.0000000Z,,2026-09-11T04:51:39.672214+00:00
draftkings,34118140,363175928,0QA363175928#2258086119_13L88808Q1992963390Q20,Drew Sample,,NFL,2+ TDs,player_touchdown,,7500,,34118140,2026-09-13T17:00:00.0000000Z,,2026-09-11T04:51:39.672214+00:00
draftkings,34118140,363175928,0QA363175928#2258086129_13L88808Q1997600299Q20,Tez Johnson,,NFL,2+ TDs,player_touchdown,,8000,,34118140,2026-09-13T17:00:00.0000000Z,,2026-09-11T04:51:39.672214+00:00
draftkings,34118140,363175928,0QA363175928#2258086117_13L88808Q1158576549Q20,Joe Burrow,,NFL,2+ TDs,player_touchdown,,10000,,34118140,2026-09-13T17:00:00.0000000Z,,2026-09-11T04:51:39.672214+00:00
draftkings,34118140,363175928,0QA363175928#2275486454_13L88808Q11431463573Q20,Dohnte Meyers,,NFL,2+ TDs,player_touchdown,,16000,,34118140,2026-09-13T17:00:00.0000000Z,,2026-09-11T04:51:39.672214+00:00
draftkings,34118140,363175928,0QA363175928#2258086131_13L88808Q1649583744Q20,Payne Durham,,NFL,2+ TDs,player_touchdown,,17000,,34118140,2026-09-13T17:00:00.0000000Z,,2026-09-11T04:51:39.672214+00:00
draftkings,34118140,363175928,0QA363175928#2258086114_13L88808Q1-1436842567Q20,Tahj Brooks,,NFL,2+ TDs,player_touchdown,,19000,,34118140,2026-09-13T17:00:00.0000000Z,,2026-09-11T04:51:39.672214+00:00
draftkings,34118140,363175928,0QA363175928#2275486455_13L88808Q1-398418065Q20,Ke'Shawn Williams,,NFL,2+ TDs,player_touchdown,,19000,,34118140,2026-09-13T17:00:00.0000000Z,,2026-09-11T04:51:39.672214+00:00
draftkings,34118140,363175928,0QA363175928#2258086134_13L88808Q1538164288Q20,Ko Kieft,,NFL,2+ TDs,player_touchdown,,20000,,34118140,2026-09-13T17:00:00.0000000Z,,2026-09-11T04:51:39.672214+00:00
draftkings,34118069,357425722,0QA357425722#2253599059_13L88808Q1-203534720Q20,Bijan Robinson,,NFL,First TD Scorer,player_touchdown,,400,,34118069,2026-09-13T17:00:00.0000000Z,,2026-09-11T04:51:39.672214+00:00
draftkings,34118069,357425722,0QA357425722#2253598256_13L88808Q1-1668509184Q20,Jaylen Warren,,NFL,First TD Scorer,player_touchdown,,600,,34118069,2026-09-13T17:00:00.0000000Z,,2026-09-11T04:51:39.672214+00:00
draftkings,34118069,357425722,0QA357425722#2253598335_13L88808Q1-652547357Q20,Rico Dowdle,,NFL,First TD Scorer,player_touchdown,,650,,34118069,2026-09-13T17:00:00.0000000Z,,2026-09-11T04:51:39.672214+00:00
draftkings,34118069,357425722,0QA357425722#2253598391_13L88808Q1-1324905088Q20,DK Metcalf,,NFL,First TD Scorer,player_touchdown,,950,,34118069,2026-09-13T17:00:00.0000000Z,,2026-09-11T04:51:39.672214+00:00
draftkings,34118069,357425722,0QA357425722#2253598479_13L88808Q1684488732Q20,Michael Pittman Jr.,,NFL,First TD Scorer,player_touchdown,,1200,,34118069,2026-09-13T17:00:00.0000000Z,,2026-09-11T04:51:39.672214+00:00
draftkings,34118069,357425722,0QA357425722#2253599087_13L88808Q1-1524818264Q20,Drake London,,NFL,First TD Scorer,player_touchdown,,1200,,34118069,2026-09-13T17:00:00.0000000Z,,2026-09-11T04:51:39.672214+00:00
draftkings,34118069,357425722,0QA357425722#2253599107_13L88808Q1744531262Q20,Kyle Pitts Sr.,,NFL,First TD Scorer,player_touchdown,,1600,,34118069,2026-09-13T17:00:00.0000000Z,,2026-09-11T04:51:39.672214+00:00
draftkings,34118069,357425722,0QA357425722#2253599126_13L88808Q1-230819548Q20,Brian Robinson Jr.,,NFL,First TD Scorer,player_touchdown,,1600,,34118069,2026-09-13T17:00:00.0000000Z,,2026-09-11T04:51:39.672214+00:00
draftkings,34118069,357425722,0QA357425722#2253598419_13L88808Q1164167357Q20,Pat Freiermuth,,NFL,First TD Scorer,player_touchdown,,1800,,34118069,2026-09-13T17:00:00.0000000Z,,2026-09-11T04:51:39.672214+00:00
draftkings,34118069,357425722,0QA357425722#2253598539_13L88808Q1-1602678573Q20,Darnell Washington,,NFL,First TD Scorer,player_touchdown,,2200,,34118069,2026-09-13T17:00:00.0000000Z,,2026-09-11T04:51:39.672214+00:00
draftkings,34118069,357425722,0QA357425722#2253599279_13L88808Q1-985813895Q20,,PIT Steelers D/ST,NFL,First TD Scorer,player_touchdown,,2500,,34118069,2026-09-13T17:00:00.0000000Z,,2026-09-11T04:51:39.672214+00:00
draftkings,34118069,357425722,0QA357425722#2253599287_14L88808Q11254115795Q20,,ATL Falcons D/ST,NFL,First TD Scorer,player_touchdown,,2800,,34118069,2026-09-13T17:00:00.0000000Z,,2026-09-11T04:51:39.672214+00:00
draftkings,34118069,357425722,0QA357425722#2253598622_13L88808Q1-995664754Q20,Roman Wilson,,NFL,First TD Scorer,player_touchdown,,3000,,34118069,2026-09-13T17:00:00.0000000Z,,2026-09-11T04:51:39.672214+00:00
draftkings,34118069,357425722,0QA357425722#2253599188_13L88808Q1422660337Q20,Jahan Dotson,,NFL,First TD Scorer,player_touchdown,,3000,,34118069,2026-09-13T17:00:00.0000000Z,,2026-09-11T04:51:39.672214+00:00
draftkings,34118069,357425722,0QA357425722#2253603318_13L88808Q134385114Q20,Germie Bernard,,NFL,First TD Scorer,player_touchdown,,3000,,34118069,2026-09-13T17:00:00.0000000Z,,2026-09-11T04:51:39.672214+00:00
draftkings,34118069,357425722,0QA357425722#2253598653_13L88808Q1-1257614230Q20,Aaron Rodgers,,NFL,First TD Scorer,player_touchdown,,5000,,34118069,2026-09-13T17:00:00.0000000Z,,2026-09-11T04:51:39.672214+00:00
draftkings,34118069,357425722,0QA357425722#2253598851_13L88808Q1185578209Q20,Robert Tonyan,,NFL,First TD Scorer,player_touchdown,,5000,,34118069,2026-09-13T17:00:00.0000000Z,,2026-09-11T04:51:39.672214+00:00
draftkings,34118069,357425722,0QA357425722#2254613177_13L88808Q1-1690732318Q20,Zachariah Branch,,NFL,First TD Scorer,player_touchdown,,5000,,34118069,2026-09-13T17:00:00.0000000Z,,2026-09-11T04:51:39.672214+00:00
draftkings,34118069,357425722,0QA357425722#2253599150_13L88808Q1-772198018Q20,Austin Hooper,,NFL,First TD Scorer,player_touchdown,,5500,,34118069,2026-09-13T17:00:00.0000000Z,,2026-09-11T04:51:39.672214+00:00
draftkings,34118069,357425722,0QA357425722#2253599156_13L88808Q1102747272Q20,Olamide Zaccheaus,,NFL,First TD Scorer,player_touchdown,,5500,,34118069,2026-09-13T17:00:00.0000000Z,,2026-09-11T04:51:39.672214+00:00
draftkings,34118069,357425722,0QA357425722#2275474551_13L88808Q1540535075Q20,Eli Heidenreich,,NFL,First TD Scorer,player_touchdown,,5500,,34118069,2026-09-13T17:00:00.0000000Z,,2026-09-11T04:51:39.672214+00:00
draftkings,34118069,357425722,0QA357425722#2253599170_13L88808Q11693863445Q20,Tua Tagovailoa,,NFL,First TD Scorer,player_touchdown,,7500,,34118069,2026-09-13T17:00:00.0000000Z,,2026-09-11T04:51:39.672214+00:00
draftkings,34118069,357425722,0QA357425722#2235180118_13L88808Q1-1777442974Q20,,No Touchdown Scorer,NFL,First TD Scorer,player_touchdown,,8000,,34118069,2026-09-13T17:00:00.0000000Z,,2026-09-11T04:51:39.672214+00:00
draftkings,34118069,357425722,0QA357425722#2254581990_13L88808Q1857544699Q20,Riley Nowakowski,,NFL,First TD Scorer,player_touchdown,,8000,,34118069,2026-09-13T17:00:00.0000000Z,,2026-09-11T04:51:39.672214+00:00
draftkings,34118069,357425722,0QA357425722#2275476009_13L88808Q1567151089Q20,Kaden Wetjen,,NFL,First TD Scorer,player_touchdown,,9000,,34118069,2026-09-13T17:00:00.0000000Z,,2026-09-11T04:51:39.672214+00:00
draftkings,34118069,357425722,0QA357425722#2253599215_13L88808Q1-955852171Q20,Charlie Woerner,,NFL,First TD Scorer,player_touchdown,,11000,,34118069,2026-09-13T17:00:00.0000000Z,,2026-09-11T04:51:39.672214+00:00
draftkings,34118069,357425722,0QA357425722#2253598805_13L88808Q11026762846Q20,Ben Skowronek,,NFL,First TD Scorer,player_touchdown,,12000,,34118069,2026-09-13T17:00:00.0000000Z,,2026-09-11T04:51:39.672214+00:00
draftkings,34118069,357425722,0QA357425722#2254590636_13L88808Q1-423960878Q20,Chris Blair,,NFL,First TD Scorer,player_touchdown,,16000,,34118069,2026-09-13T17:00:00.0000000Z,,2026-09-11T04:51:39.672214+00:00
draftkings,34118069,362341065,0QA362341065#2254551910_13L88808Q1-1195523501Q20,Bijan Robinson,,NFL,Anytime TD Scorer,player_touchdown,,,,34118069,2026-09-13T17:00:00.0000000Z,,2026-09-11T04:51:39.672214+00:00
draftkings,34118069,362341065,0QA362341065#2254551896_13L88808Q1-709958170Q20,Jaylen Warren,,NFL,Anytime TD Scorer,player_touchdown,,120,,34118069,2026-09-13T17:00:00.0000000Z,,2026-09-11T04:51:39.672214+00:00
draftkings,34118069,362341065,0QA362341065#2254551897_13L88808Q1-206574041Q20,Rico Dowdle,,NFL,Anytime TD Scorer,player_touchdown,,120,,34118069,2026-09-13T17:00:00.0000000Z,,2026-09-11T04:51:39.672214+00:00
draftkings,34118069,362341065,0QA362341065#2254551899_13L88808Q11791428316Q20,DK Metcalf,,NFL,Anytime TD Scorer,player_touchdown,,195,,34118069,2026-09-13T17:00:00.0000000Z,,2026-09-11T04:51:39.672214+00:00
draftkings,34118069,362341065,0QA362341065#2254551898_13L88808Q1584890061Q20,Michael Pittman Jr.,,NFL,Anytime TD Scorer,player_touchdown,,235,,34118069,2026-09-13T17:00:00.0000000Z,,2026-09-11T04:51:39.672214+00:00
draftkings,34118069,362341065,0QA362341065#2254551911_13L88808Q1689607609Q20,Drake London,,NFL,Anytime TD Scorer,player_touchdown,,245,,34118069,2026-09-13T17:00:00.0000000Z,,2026-09-11T04:51:39.672214+00:00
draftkings,34118069,362341065,0QA362341065#2254551912_13L88808Q1999478588Q20,Kyle Pitts Sr.,,NFL,Anytime TD Scorer,player_touchdown,,330,,34118069,2026-09-13T17:00:00.0000000Z,,2026-09-11T04:51:39.672214+00:00
draftkings,34118069,362341065,0QA362341065#2254551913_13L88808Q12077388378Q20,Brian Robinson Jr.,,NFL,Anytime TD Scorer,player_touchdown,,360,,34118069,2026-09-13T17:00:00.0000000Z,,2026-09-11T04:51:39.672214+00:00
draftkings,34118069,362341065,0QA362341065#2254551900_13L88808Q11402568200Q20,Pat Freiermuth,,NFL,Anytime TD Scorer,player_touchdown,,400,,34118069,2026-09-13T17:00:00.0000000Z,,2026-09-11T04:51:39.672214+00:00
draftkings,34118069,362341065,0QA362341065#2254551923_13L88808Q1-2144143874Q20,,PIT Steelers D/ST,NFL,Anytime TD Scorer,player_touchdown,,500,,34118069,2026-09-13T17:00:00.0000000Z,,2026-09-11T04:51:39.672214+00:00
draftkings,34118069,362341065,0QA362341065#2254551901_13L88808Q1-1532462247Q20,Darnell Washington,,NFL,Anytime TD Scorer,player_touchdown,,550,,34118069,2026-09-13T17:00:00.0000000Z,,2026-09-11T04:51:39.672214+00:00
draftkings,34118069,362341065,0QA362341065#2254551902_13L88808Q11665380004Q20,Roman Wilson,,NFL,Anytime TD Scorer,player_touchdown,,600,,34118069,2026-09-13T17:00:00.0000000Z,,2026-09-11T04:51:39.672214+00:00
draftkings,34118069,362341065,0QA362341065#2254551924_14L88808Q1632295894Q20,,ATL Falcons D/ST,NFL,Anytime TD Scorer,player_touchdown,,600,,34118069,2026-09-13T17:00:00.0000000Z,,2026-09-11T04:51:39.672214+00:00
draftkings,34118069,362341065,0QA362341065#2254551916_13L88808Q1-419764349Q20,Jahan Dotson,,NFL,Anytime TD Scorer,player_touchdown,,650,,34118069,2026-09-13T17:00:00.0000000Z,,2026-09-11T04:51:39.672214+00:00
draftkings,34118069,362341065,0QA362341065#2254551908_13L88808Q1-628393682Q20,Germie Bernard,,NFL,Anytime TD Scorer,player_touchdown,,700,,34118069,2026-09-13T17:00:00.0000000Z,,2026-09-11T04:51:39.672214+00:00
draftkings,34118069,362341065,0QA362341065#2254613189_13L88808Q1-825672971Q20,Zachariah Branch,,NFL,Anytime TD Scorer,player_touchdown,,900,,34118069,2026-09-13T17:00:00.0000000Z,,2026-09-11T04:51:39.672214+00:00
draftkings,34118069,362341065,0QA362341065#2254551915_13L88808Q1826333955Q20,Olamide Zaccheaus,,NFL,Anytime TD Scorer,player_touchdown,,950,,34118069,2026-09-13T17:00:00.0000000Z,,2026-09-11T04:51:39.672214+00:00
draftkings,34118069,362341065,0QA362341065#2254551906_13L88808Q1-992785367Q20,Robert Tonyan,,NFL,Anytime TD Scorer,player_touchdown,,1100,,34118069,2026-09-13T17:00:00.0000000Z,,2026-09-11T04:51:39.672214+00:00
draftkings,34118069,362341065,0QA362341065#2254551904_13L88808Q1292660006Q20,Ben Skowronek,,NFL,Anytime TD Scorer,player_touchdown,,1200,,34118069,2026-09-13T17:00:00.0000000Z,,2026-09-11T04:51:39.672214+00:00
draftkings,34118069,362341065,0QA362341065#2254551914_13L88808Q1-189550648Q20,Austin Hooper,,NFL,Anytime TD Scorer,player_touchdown,,1200,,34118069,2026-09-13T17:00:00.0000000Z,,2026-09-11T04:51:39.672214+00:00
draftkings,34118069,362341065,0QA362341065#2275476018_13L88808Q1-843237690Q20,Kaden Wetjen,,NFL,Anytime TD Scorer,player_touchdown,,1200,,34118069,2026-09-13T17:00:00.0000000Z,,2026-09-11T04:51:39.672214+00:00
draftkings,34118069,362341065,0QA362341065#2275474557_13L88808Q1895286383Q20,Eli Heidenreich,,NFL,Anytime TD Scorer,player_touchdown,,1300,,34118069,2026-09-13T17:00:00.0000000Z,,2026-09-11T04:51:39.672214+00:00
draftkings,34118069,362341065,0QA362341065#2254551847_13L88808Q1548989024Q20,Aaron Rodgers,,NFL,Anytime TD Scorer,player_touchdown,,1400,,34118069,2026-09-13T17:00:00.0000000Z,,2026-09-11T04:51:39.672214+00:00
draftkings,34118069,362341065,0QA362341065#2254581991_13L88808Q1-1172408484Q20,Riley Nowakowski,,NFL,Anytime TD Scorer,player_touchdown,,1400,,34118069,2026-09-13T17:00:00.0000000Z,,2026-09-11T04:51:39.672214+00:00
draftkings,34118069,362341065,0QA362341065#2254551917_13L88808Q11796438404Q20,Tua Tagovailoa,,NFL,Anytime TD Scorer,player_touchdown,,1800,,34118069,2026-09-13T17:00:00.0000000Z,,2026-09-11T04:51:39.672214+00:00
draftkings,34118069,362341065,0QA362341065#2254590658_13L88808Q1-911892125Q20,Chris Blair,,NFL,Anytime TD Scorer,player_touchdown,,2200,,34118069,2026-09-13T17:00:00.0000000Z,,2026-09-11T04:51:39.672214+00:00
draftkings,34118069,362341065,0QA362341065#2254551921_13L88808Q1-1356990742Q20,Charlie Woerner,,NFL,Anytime TD Scorer,player_touchdown,,3000,,34118069,2026-09-13T17:00:00.0000000Z,,2026-09-11T04:51:39.672214+00:00
draftkings,34118069,363212380,0QA363212380#2258192439_13L88808Q1-1354855512Q20,Bijan Robinson,,NFL,2+ TDs,player_touchdown,,390,,34118069,2026-09-13T17:00:00.0000000Z,,2026-09-11T04:51:39.672214+00:00
draftkings,34118069,363212380,0QA363212380#2258192427_13L88808Q1-1538892294Q20,Rico Dowdle,,NFL,2+ TDs,player_touchdown,,800,,34118069,2026-09-13T17:00:00.0000000Z,,2026-09-11T04:51:39.672214+00:00
draftkings,34118069,363212380,0QA363212380#2258192428_13L88808Q11295119522Q20,Jaylen Warren,,NFL,2+ TDs,player_touchdown,,800,,34118069,2026-09-13T17:00:00.0000000Z,,2026-09-11T04:51:39.672214+00:00
draftkings,34118069,363212380,0QA363212380#2258192429_13L88808Q1-2121935466Q20,DK Metcalf,,NFL,2+ TDs,player_touchdown,,1700,,34118069,2026-09-13T17:00:00.0000000Z,,2026-09-11T04:51:39.672214+00:00
draftkings,34118069,363212380,0QA363212380#2258192430_13L88808Q1-1886176228Q20,Michael Pittman Jr.,,NFL,2+ TDs,player_touchdown,,2200,,34118069,2026-09-13T17:00:00.0000000Z,,2026-09-11T04:51:39.672214+00:00
draftkings,34118069,363212380,0QA363212380#2258192440_13L88808Q1-1818727041Q20,Drake London,,NFL,2+ TDs,player_touchdown,,2200,,34118069,2026-09-13T17:00:00.0000000Z,,2026-09-11T04:51:39.672214+00:00
draftkings,34118069,363212380,0QA363212380#2258192441_13L88808Q1-703917339Q20,Kyle Pitts Sr.,,NFL,2+ TDs,player_touchdown,,3500,,34118069,2026-09-13T17:00:00.0000000Z,,2026-09-11T04:51:39.672214+00:00
draftkings,34118069,363212380,0QA363212380#2258192442_13L88808Q1-2016866086Q20,Brian Robinson Jr.,,NFL,2+ TDs,player_touchdown,,3500,,34118069,2026-09-13T17:00:00.0000000Z,,2026-09-11T04:51:39.672214+00:00
draftkings,34118069,363212380,0QA363212380#2258192431_13L88808Q1-162258478Q20,Pat Freiermuth,,NFL,2+ TDs,player_touchdown,,4500,,34118069,2026-09-13T17:00:00.0000000Z,,2026-09-11T04:51:39.672214+00:00
draftkings,34118069,363212380,0QA363212380#2258192450_13L88808Q1-1976468771Q20,,PIT Steelers D/ST,NFL,2+ TDs,player_touchdown,,4500,,34118069,2026-09-13T17:00:00.0000000Z,,2026-09-11T04:51:39.672214+00:00
draftkings,34118069,363212380,0QA363212380#2258192451_14L88808Q1-1317738895Q20,,ATL Falcons D/ST,NFL,2+ TDs,player_touchdown,,6500,,34118069,2026-09-13T17:00:00.0000000Z,,2026-09-11T04:51:39.672214+00:00
draftkings,34118069,363212380,0QA363212380#2258192432_13L88808Q1854391200Q20,Darnell Washington,,NFL,2+ TDs,player_touchdown,,8000,,34118069,2026-09-13T17:00:00.0000000Z,,2026-09-11T04:51:39.672214+00:00
draftkings,34118069,363212380,0QA363212380#2258192433_13L88808Q1-773934870Q20,Roman Wilson,,NFL,2+ TDs,player_touchdown,,8000,,34118069,2026-09-13T17:00:00.0000000Z,,2026-09-11T04:51:39.672214+00:00
draftkings,34118069,363212380,0QA363212380#2258192434_13L88808Q1-849047906Q20,Germie Bernard,,NFL,2+ TDs,player_touchdown,,8000,,34118069,2026-09-13T17:00:00.0000000Z,,2026-09-11T04:51:39.672214+00:00
draftkings,34118069,363212380,0QA363212380#2258192443_13L88808Q1258503148Q20,Jahan Dotson,,NFL,2+ TDs,player_touchdown,,8000,,34118069,2026-09-13T17:00:00.0000000Z,,2026-09-11T04:51:39.672214+00:00
draftkings,34118069,363212380,0QA363212380#2258192436_13L88808Q11611408856Q20,Ben Skowronek,,NFL,2+ TDs,player_touchdown,,9000,,34118069,2026-09-13T17:00:00.0000000Z,,2026-09-11T04:51:39.672214+00:00
draftkings,34118069,363212380,0QA363212380#2275475995_13L88808Q1-1802163133Q20,Kaden Wetjen,,NFL,2+ TDs,player_touchdown,,10000,,34118069,2026-09-13T17:00:00.0000000Z,,2026-09-11T04:51:39.672214+00:00
draftkings,34118069,363212380,0QA363212380#2258198522_13L88808Q1-718248809Q20,Riley Nowakowski,,NFL,2+ TDs,player_touchdown,,12000,,34118069,2026-09-13T17:00:00.0000000Z,,2026-09-11T04:51:39.672214+00:00
draftkings,34118069,363212380,0QA363212380#2258192437_13L88808Q1157604824Q20,Robert Tonyan,,NFL,2+ TDs,player_touchdown,,13000,,34118069,2026-09-13T17:00:00.0000000Z,,2026-09-11T04:51:39.672214+00:00
draftkings,34118069,363212380,0QA363212380#2258192444_13L88808Q1364963217Q20,Olamide Zaccheaus,,NFL,2+ TDs,player_touchdown,,14000,,34118069,2026-09-13T17:00:00.0000000Z,,2026-09-11T04:51:39.672214+00:00
draftkings,34118069,363212380,0QA363212380#2258192445_13L88808Q12071319887Q20,Zachariah Branch,,NFL,2+ TDs,player_touchdown,,14000,,34118069,2026-09-13T17:00:00.0000000Z,,2026-09-11T04:51:39.672214+00:00
draftkings,34118069,363212380,0QA363212380#2258192449_13L88808Q1-2106790228Q20,Austin Hooper,,NFL,2+ TDs,player_touchdown,,14000,,34118069,2026-09-13T17:00:00.0000000Z,,2026-09-11T04:51:39.672214+00:00
draftkings,34118069,363212380,0QA363212380#2258192344_13L88808Q11646323958Q20,Aaron Rodgers,,NFL,2+ TDs,player_touchdown,,17000,,34118069,2026-09-13T17:00:00.0000000Z,,2026-09-11T04:51:39.672214+00:00
draftkings,34118069,363212380,0QA363212380#2275474601_13L88808Q1-1197187329Q20,Eli Heidenreich,,NFL,2+ TDs,player_touchdown,,18000,,34118069,2026-09-13T17:00:00.0000000Z,,2026-09-11T04:51:39.672214+00:00
draftkings,34118069,363212380,0QA363212380#2258198523_13L88808Q11152059581Q20,Chris Blair,,NFL,2+ TDs,player_touchdown,,18000,,34118069,2026-09-13T17:00:00.0000000Z,,2026-09-11T04:51:39.672214+00:00
draftkings,34118069,363212380,0QA363212380#2258192447_13L88808Q1-124400707Q20,Tua Tagovailoa,,NFL,2+ TDs,player_touchdown,,20000,,34118069,2026-09-13T17:00:00.0000000Z,,2026-09-11T04:51:39.672214+00:00
draftkings,34118069,363212380,0QA363212380#2272520257_13L88808Q1814030951Q20,Charlie Woerner,,NFL,2+ TDs,player_touchdown,,25000,,34118069,2026-09-13T17:00:00.0000000Z,,2026-09-11T04:51:39.672214+00:00
draftkings,34118237,357445998,0QA357445998#2254735881_13L88808Q1-873726787Q20,Breece Hall,,NFL,First TD Scorer,player_touchdown,,500,,34118237,2026-09-13T17:00:00.0000000Z,,2026-09-11T04:51:39.672214+00:00
draftkings,34118237,357445998,0QA357445998#2254735707_13L88808Q1836214121Q20,Tony Pollard,,NFL,First TD Scorer,player_touchdown,,650,,34118237,2026-09-13T17:00:00.0000000Z,,2026-09-11T04:51:39.672214+00:00
draftkings,34118237,357445998,0QA357445998#2254735732_13L88808Q1-388116071Q20,Tyjae Spears,,NFL,First TD Scorer,player_touchdown,,1000,,34118237,2026-09-13T17:00:00.0000000Z,,2026-09-11T04:51:39.672214+00:00
draftkings,34118237,357445998,0QA357445998#2254735893_13L88808Q11276876800Q20,Garrett Wilson,,NFL,First TD Scorer,player_touchdown,,1100,,34118237,2026-09-13T17:00:00.0000000Z,,2026-09-11T04:51:39.672214+00:00
draftkings,34118237,357445998,0QA357445998#2254869447_13L88808Q1994005639Q20,Carnell Tate,,NFL,First TD Scorer,player_touchdown,,1300,,34118237,2026-09-13T17:00:00.0000000Z,,2026-09-11T04:51:39.672214+00:00
draftkings,34118237,357445998,0QA357445998#2254735750_13L88808Q11114833900Q20,Wan'Dale Robinson,,NFL,First TD Scorer,player_touchdown,,1500,,34118237,2026-09-13T17:00:00.0000000Z,,2026-09-11T04:51:39.672214+00:00
draftkings,34118237,357445998,0QA357445998#2254876087_13L88808Q11711666477Q20,Braelon Allen,,NFL,First TD Scorer,player_touchdown,,1500,,34118237,2026-09-13T17:00:00.0000000Z,,2026-09-11T04:51:39.672214+00:00
draftkings,34118237,357445998,0QA357445998#2254735914_13L88808Q11570401066Q20,Adonai Mitchell,,NFL,First TD Scorer,player_touchdown,,1800,,34118237,2026-09-13T17:00:00.0000000Z,,2026-09-11T04:51:39.672214+00:00
draftkings,34118237,357445998,0QA357445998#2254869019_13L88808Q1-802875811Q20,Calvin Ridley,,NFL,First TD Scorer,player_touchdown,,1900,,34118237,2026-09-13T17:00:00.0000000Z,,2026-09-11T04:51:39.672214+00:00
draftkings,34118237,357445998,0QA357445998#2254736007_14L88808Q1976370313Q20,,NY Jets D/ST,NFL,First TD Scorer,player_touchdown,,2000,,34118237,2026-09-13T17:00:00.0000000Z,,2026-09-11T04:51:39.672214+00:00
draftkings,34118237,357445998,0QA357445998#2254735792_13L88808Q1-545194434Q20,Gunnar Helm,,NFL,First TD Scorer,player_touchdown,,2200,,34118237,2026-09-13T17:00:00.0000000Z,,2026-09-11T04:51:39.672214+00:00
draftkings,34118237,357445998,0QA357445998#2254735923_13L88808Q1-2106430863Q20,Mason Taylor,,NFL,First TD Scorer,player_touchdown,,2200,,34118237,2026-09-13T17:00:00.0000000Z,,2026-09-11T04:51:39.672214+00:00
draftkings,34118237,357445998,0QA357445998#2254735996_13L88808Q117809652Q20,,TEN Titans D/ST,NFL,First TD Scorer,player_touchdown,,2200,,34118237,2026-09-13T17:00:00.0000000Z,,2026-09-11T04:51:39.672214+00:00
draftkings,34118237,357445998,0QA357445998#2254735823_13L88808Q1502796176Q20,Julius Chestnut,,NFL,First TD Scorer,player_touchdown,,2800,,34118237,2026-09-13T17:00:00.0000000Z,,2026-09-11T04:51:39.672214+00:00
draftkings,34118237,357445998,0QA357445998#2254735762_13L88808Q1673357584Q20,Cameron Ward,,NFL,First TD Scorer,player_touchdown,,3000,,34118237,2026-09-13T17:00:00.0000000Z,,2026-09-11T04:51:39.672214+00:00
draftkings,34118237,357445998,0QA357445998#2254735781_13L88808Q11660521110Q20,Elic Ayomanor,,NFL,First TD Scorer,player_touchdown,,3000,,34118237,2026-09-13T17:00:00.0000000Z,,2026-09-11T04:51:39.672214+00:00
draftkings,34118237,357445998,0QA357445998#2254876088_13L88808Q146249329Q20,Kenyon Sadiq,,NFL,First TD Scorer,player_touchdown,,3000,,34118237,2026-09-13T17:00:00.0000000Z,,2026-09-11T04:51:39.672214+00:00
draftkings,34118237,357445998,0QA357445998#2254735903_13L88808Q1419105347Q20,Isaiah Davis,,NFL,First TD Scorer,player_touchdown,,3500,,34118237,2026-09-13T17:00:00.0000000Z,,2026-09-11T04:51:39.672214+00:00
draftkings,34118237,357445998,0QA357445998#2254735809_13L88808Q1-122589830Q20,Daniel Bellinger,,NFL,First TD Scorer,player_touchdown,,4000,,34118237,2026-09-13T17:00:00.0000000Z,,2026-09-11T04:51:39.672214+00:00
draftkings,34118237,357445998,0QA357445998#2254735929_13L88808Q11006676732Q20,Geno Smith,,NFL,First TD Scorer,player_touchdown,,4000,,34118237,2026-09-13T17:00:00.0000000Z,,2026-09-11T04:51:39.672214+00:00
draftkings,34118237,357445998,0QA357445998#2235243534_13L88808Q1-1777442974Q20,,No Touchdown Scorer,NFL,First TD Scorer,player_touchdown,,4500,,34118237,2026-09-13T17:00:00.0000000Z,,2026-09-11T04:51:39.672214+00:00
draftkings,34118237,357445998,0QA357445998#2254876089_13L88808Q1308100531Q20,Omar Cooper Jr.,,NFL,First TD Scorer,player_touchdown,,4500,,34118237,2026-09-13T17:00:00.0000000Z,,2026-09-11T04:51:39.672214+00:00
draftkings,34118237,357445998,0QA357445998#2254735772_13L88808Q1326754961Q20,Chimere Dike,,NFL,First TD Scorer,player_touchdown,,5000,,34118237,2026-09-13T17:00:00.0000000Z,,2026-09-11T04:51:39.672214+00:00
draftkings,34118237,357445998,0QA357445998#2254735934_13L88808Q1-1708263279Q20,Isaiah Williams,,NFL,First TD Scorer,player_touchdown,,5500,,34118237,2026-09-13T17:00:00.0000000Z,,2026-09-11T04:51:39.672214+00:00
draftkings,34118237,357445998,0QA357445998#2255586638_13L88808Q1-1761688611Q20,Nicholas Singleton,,NFL,First TD Scorer,player_touchdown,,6000,,34118237,2026-09-13T17:00:00.0000000Z,,2026-09-11T04:51:39.672214+00:00
draftkings,34118237,357445998,0QA357445998#2254735970_13L88808Q11000369229Q20,Tim Patrick,,NFL,First TD Scorer,player_touchdown,,7000,,34118237,2026-09-13T17:00:00.0000000Z,,2026-09-11T04:51:39.672214+00:00
draftkings,34118237,357445998,0QA357445998#2254735941_13L88808Q1-1443627338Q20,Jeremy Ruckert,,NFL,First TD Scorer,player_touchdown,,8000,,34118237,2026-09-13T17:00:00.0000000Z,,2026-09-11T04:51:39.672214+00:00
draftkings,34118237,357445998,0QA357445998#2254735989_13L88808Q1806995583Q20,Jelani Woods,,NFL,First TD Scorer,player_touchdown,,9000,,34118237,2026-09-13T17:00:00.0000000Z,,2026-09-11T04:51:39.672214+00:00
draftkings,34118237,357445998,0QA357445998#2254735962_13L88808Q11266119121Q20,Andrew Beck,,NFL,First TD Scorer,player_touchdown,,11000,,34118237,2026-09-13T17:00:00.0000000Z,,2026-09-11T04:51:39.672214+00:00
draftkings,34118237,357445998,0QA357445998#2254735813_13L88808Q1516422015Q20,David Martin-Robinson,,NFL,First TD Scorer,player_touchdown,,13000,,34118237,2026-09-13T17:00:00.0000000Z,,2026-09-11T04:51:39.672214+00:00
draftkings,34118237,357445998,0QA357445998#2254735856_13L88808Q1-377472345Q20,Kylen Granson,,NFL,First TD Scorer,player_touchdown,,15000,,34118237,2026-09-13T17:00:00.0000000Z,,2026-09-11T04:51:39.672214+00:00
draftkings,34118237,357445998,0QA357445998#2254735950_13L88808Q1429972660Q20,Kene Nwangwu,,NFL,First TD Scorer,player_touchdown,,15000,,34118237,2026-09-13T17:00:00.0000000Z,,2026-09-11T04:51:39.672214+00:00
draftkings,34118237,362384649,0QA362384649#2254736168_13L88808Q1-613131631Q20,Breece Hall,,NFL,Anytime TD Scorer,player_touchdown,,105,,34118237,2026-09-13T17:00:00.0000000Z,,2026-09-11T04:51:39.672214+00:00
draftkings,34118237,362384649,0QA362384649#2254736153_13L88808Q1410823711Q20,Tony Pollard,,NFL,Anytime TD Scorer,player_touchdown,,150,,34118237,2026-09-13T17:00:00.0000000Z,,2026-09-11T04:51:39.672214+00:00
draftkings,34118237,362384649,0QA362384649#2254736154_13L88808Q1813265502Q20,Tyjae Spears,,NFL,Anytime TD Scorer,player_touchdown,,235,,34118237,2026-09-13T17:00:00.0000000Z,,2026-09-11T04:51:39.672214+00:00
draftkings,34118237,362384649,0QA362384649#2254736169_13L88808Q1322761913Q20,Garrett Wilson,,NFL,Anytime TD Scorer,player_touchdown,,240,,34118237,2026-09-13T17:00:00.0000000Z,,2026-09-11T04:51:39.672214+00:00
draftkings,34118237,362384649,0QA362384649#2254869488_13L88808Q11703123874Q20,Carnell Tate,,NFL,Anytime TD Scorer,player_touchdown,,280,,34118237,2026-09-13T17:00:00.0000000Z,,2026-09-11T04:51:39.672214+00:00
draftkings,34118237,362384649,0QA362384649#2254876154_13L88808Q1-1853948704Q20,Braelon Allen,,NFL,Anytime TD Scorer,player_touchdown,,300,,34118237,2026-09-13T17:00:00.0000000Z,,2026-09-11T04:51:39.672214+00:00
draftkings,34118237,362384649,0QA362384649#2254735699_13L88808Q117668529Q20,Wan'Dale Robinson,,NFL,Anytime TD Scorer,player_touchdown,,340,,34118237,2026-09-13T17:00:00.0000000Z,,2026-09-11T04:51:39.672214+00:00
draftkings,34118237,362384649,0QA362384649#2254736171_13L88808Q1561250129Q20,Adonai Mitchell,,NFL,Anytime TD Scorer,player_touchdown,,425,,34118237,2026-09-13T17:00:00.0000000Z,,2026-09-11T04:51:39.672214+00:00
draftkings,34118237,362384649,0QA362384649#2254869052_13L88808Q1546774868Q20,Calvin Ridley,,NFL,Anytime TD Scorer,player_touchdown,,450,,34118237,2026-09-13T17:00:00.0000000Z,,2026-09-11T04:51:39.672214+00:00
draftkings,34118237,362384649,0QA362384649#2254736183_13L88808Q1-1614366872Q20,,TEN Titans D/ST,NFL,Anytime TD Scorer,player_touchdown,,500,,34118237,2026-09-13T17:00:00.0000000Z,,2026-09-11T04:51:39.672214+00:00
draftkings,34118237,362384649,0QA362384649#2254736184_14L88808Q11160430042Q20,,NY Jets D/ST,NFL,Anytime TD Scorer,player_touchdown,,500,,34118237,2026-09-13T17:00:00.0000000Z,,2026-09-11T04:51:39.672214+00:00
draftkings,34118237,362384649,0QA362384649#2254736158_13L88808Q1876790980Q20,Gunnar Helm,,NFL,Anytime TD Scorer,player_touchdown,,550,,34118237,2026-09-13T17:00:00.0000000Z,,2026-09-11T04:51:39.672214+00:00
draftkings,34118237,362384649,0QA362384649#2254736172_13L88808Q11061745166Q20,Mason Taylor,,NFL,Anytime TD Scorer,player_touchdown,,550,,34118237,2026-09-13T17:00:00.0000000Z,,2026-09-11T04:51:39.672214+00:00
draftkings,34118237,362384649,0QA362384649#2254736162_13L88808Q1-1287557239Q20,Julius Chestnut,,NFL,Anytime TD Scorer,player_touchdown,,600,,34118237,2026-09-13T17:00:00.0000000Z,,2026-09-11T04:51:39.672214+00:00
draftkings,34118237,362384649,0QA362384649#2254736156_13L88808Q1-741936383Q20,Elic Ayomanor,,NFL,Anytime TD Scorer,player_touchdown,,750,,34118237,2026-09-13T17:00:00.0000000Z,,2026-09-11T04:51:39.672214+00:00
draftkings,34118237,362384649,0QA362384649#2254876155_13L88808Q1-216139177Q20,Kenyon Sadiq,,NFL,Anytime TD Scorer,player_touchdown,,750,,34118237,2026-09-13T17:00:00.0000000Z,,2026-09-11T04:51:39.672214+00:00
draftkings,34118237,362384649,0QA362384649#2254736155_13L88808Q1-894018695Q20,Cameron Ward,,NFL,Anytime TD Scorer,player_touchdown,,800,,34118237,2026-09-13T17:00:00.0000000Z,,2026-09-11T04:51:39.672214+00:00
draftkings,34118237,362384649,0QA362384649#2254736170_13L88808Q11763809006Q20,Isaiah Davis,,NFL,Anytime TD Scorer,player_touchdown,,850,,34118237,2026-09-13T17:00:00.0000000Z,,2026-09-11T04:51:39.672214+00:00
draftkings,34118237,362384649,0QA362384649#2254736157_13L88808Q11807508626Q20,Chimere Dike,,NFL,Anytime TD Scorer,player_touchdown,,950,,34118237,2026-09-13T17:00:00.0000000Z,,2026-09-11T04:51:39.672214+00:00
draftkings,34118237,362384649,0QA362384649#2254736174_13L88808Q12123082164Q20,Isaiah Williams,,NFL,Anytime TD Scorer,player_touchdown,,1000,,34118237,2026-09-13T17:00:00.0000000Z,,2026-09-11T04:51:39.672214+00:00
draftkings,34118237,362384649,0QA362384649#2254736160_13L88808Q11550208160Q20,Daniel Bellinger,,NFL,Anytime TD Scorer,player_touchdown,,1100,,34118237,2026-09-13T17:00:00.0000000Z,,2026-09-11T04:51:39.672214+00:00
draftkings,34118237,362384649,0QA362384649#2254736173_13L88808Q1-1340259376Q20,Geno Smith,,NFL,Anytime TD Scorer,player_touchdown,,1100,,34118237,2026-09-13T17:00:00.0000000Z,,2026-09-11T04:51:39.672214+00:00
draftkings,34118237,362384649,0QA362384649#2254876156_13L88808Q1938922925Q20,Omar Cooper Jr.,,NFL,Anytime TD Scorer,player_touchdown,,1200,,34118237,2026-09-13T17:00:00.0000000Z,,2026-09-11T04:51:39.672214+00:00
draftkings,34118237,362384649,0QA362384649#2255586666_13L88808Q110420620Q20,Nicholas Singleton,,NFL,Anytime TD Scorer,player_touchdown,,1600,,34118237,2026-09-13T17:00:00.0000000Z,,2026-09-11T04:51:39.672214+00:00
draftkings,34118237,362384649,0QA362384649#2254736179_13L88808Q1-1789084072Q20,Tim Patrick,,NFL,Anytime TD Scorer,player_touchdown,,1800,,34118237,2026-09-13T17:00:00.0000000Z,,2026-09-11T04:51:39.672214+00:00
draftkings,34118237,362384649,0QA362384649#2254736176_13L88808Q1433051443Q20,Jeremy Ruckert,,NFL,Anytime TD Scorer,player_touchdown,,2000,,34118237,2026-09-13T17:00:00.0000000Z,,2026-09-11T04:51:39.672214+00:00
draftkings,34118237,362384649,0QA362384649#2254736181_13L88808Q12082329469Q20,Jelani Woods,,NFL,Anytime TD Scorer,player_touchdown,,2500,,34118237,2026-09-13T17:00:00.0000000Z,,2026-09-11T04:51:39.672214+00:00
draftkings,34118237,362384649,0QA362384649#2254736161_13L88808Q1-524164495Q20,David Martin-Robinson,,NFL,Anytime TD Scorer,player_touchdown,,3500,,34118237,2026-09-13T17:00:00.0000000Z,,2026-09-11T04:51:39.672214+00:00
draftkings,34118237,362384649,0QA362384649#2254736178_13L88808Q153924003Q20,Andrew Beck,,NFL,Anytime TD Scorer,player_touchdown,,3500,,34118237,2026-09-13T17:00:00.0000000Z,,2026-09-11T04:51:39.672214+00:00
draftkings,34118237,362384649,0QA362384649#2254736165_13L88808Q1-118005881Q20,Kylen Granson,,NFL,Anytime TD Scorer,player_touchdown,,4000,,34118237,2026-09-13T17:00:00.0000000Z,,2026-09-11T04:51:39.672214+00:00
draftkings,34118237,362384649,0QA362384649#2254736175_13L88808Q12100216700Q20,Kene Nwangwu,,NFL,Anytime TD Scorer,player_touchdown,,4000,,34118237,2026-09-13T17:00:00.0000000Z,,2026-09-11T04:51:39.672214+00:00
draftkings,34118237,363209546,0QA363209546#2258182608_13L88808Q1827256908Q20,Breece Hall,,NFL,2+ TDs,player_touchdown,,700,,34118237,2026-09-13T17:00:00.0000000Z,,2026-09-11T04:51:39.672214+00:00
draftkings,34118237,363209546,0QA363209546#2258182595_13L88808Q11612572832Q20,Tony Pollard,,NFL,2+ TDs,player_touchdown,,1000,,34118237,2026-09-13T17:00:00.0000000Z,,2026-09-11T04:51:39.672214+00:00
draftkings,34118237,363209546,0QA363209546#2258182596_13L88808Q1313468882Q20,Tyjae Spears,,NFL,2+ TDs,player_touchdown,,2000,,34118237,2026-09-13T17:00:00.0000000Z,,2026-09-11T04:51:39.672214+00:00
draftkings,34118237,363209546,0QA363209546#2258182609_13L88808Q180415155Q20,Garrett Wilson,,NFL,2+ TDs,player_touchdown,,2200,,34118237,2026-09-13T17:00:00.0000000Z,,2026-09-11T04:51:39.672214+00:00
draftkings,34118237,363209546,0QA363209546#2258182611_13L88808Q1-546254062Q20,Braelon Allen,,NFL,2+ TDs,player_touchdown,,2500,,34118237,2026-09-13T17:00:00.0000000Z,,2026-09-11T04:51:39.672214+00:00
draftkings,34118237,363209546,0QA363209546#2258182597_13L88808Q176692796Q20,Carnell Tate,,NFL,2+ TDs,player_touchdown,,2800,,34118237,2026-09-13T17:00:00.0000000Z,,2026-09-11T04:51:39.672214+00:00
draftkings,34118237,363209546,0QA363209546#2258182598_13L88808Q1-1987217340Q20,Wan'Dale Robinson,,NFL,2+ TDs,player_touchdown,,3500,,34118237,2026-09-13T17:00:00.0000000Z,,2026-09-11T04:51:39.672214+00:00
draftkings,34118237,363209546,0QA363209546#2258182612_13L88808Q1260682907Q20,Adonai Mitchell,,NFL,2+ TDs,player_touchdown,,5000,,34118237,2026-09-13T17:00:00.0000000Z,,2026-09-11T04:51:39.672214+00:00
draftkings,34118237,363209546,0QA363209546#2258182523_13L88808Q11085561459Q20,,TEN Titans D/ST,NFL,2+ TDs,player_touchdown,,5000,,34118237,2026-09-13T17:00:00.0000000Z,,2026-09-11T04:51:39.672214+00:00
draftkings,34118237,363209546,0QA363209546#2258182524_14L88808Q1748332199Q20,,NY Jets D/ST,NFL,2+ TDs,player_touchdown,,5000,,34118237,2026-09-13T17:00:00.0000000Z,,2026-09-11T04:51:39.672214+00:00
draftkings,34118237,363209546,0QA363209546#2258182599_13L88808Q1-459597056Q20,Calvin Ridley,,NFL,2+ TDs,player_touchdown,,5000,,34118237,2026-09-13T17:00:00.0000000Z,,2026-09-11T04:51:39.672214+00:00
draftkings,34118237,363209546,0QA363209546#2258182614_13L88808Q1806541095Q20,Mason Taylor,,NFL,2+ TDs,player_touchdown,,6000,,34118237,2026-09-13T17:00:00.0000000Z,,2026-09-11T04:51:39.672214+00:00
draftkings,34118237,363209546,0QA363209546#2258182601_13L88808Q1920886144Q20,Gunnar Helm,,NFL,2+ TDs,player_touchdown,,7500,,34118237,2026-09-13T17:00:00.0000000Z,,2026-09-11T04:51:39.672214+00:00
draftkings,34118237,363209546,0QA363209546#2258182606_13L88808Q1-526302590Q20,Julius Chestnut,,NFL,2+ TDs,player_touchdown,,8000,,34118237,2026-09-13T17:00:00.0000000Z,,2026-09-11T04:51:39.672214+00:00
draftkings,34118237,363209546,0QA363209546#2258182602_13L88808Q1-1792365548Q20,Elic Ayomanor,,NFL,2+ TDs,player_touchdown,,9000,,34118237,2026-09-13T17:00:00.0000000Z,,2026-09-11T04:51:39.672214+00:00
draftkings,34118237,363209546,0QA363209546#2258182613_13L88808Q11676927646Q20,Kenyon Sadiq,,NFL,2+ TDs,player_touchdown,,10000,,34118237,2026-09-13T17:00:00.0000000Z,,2026-09-11T04:51:39.672214+00:00
draftkings,34118237,363209546,0QA363209546#2258182603_13L88808Q1-1416867837Q20,Cameron Ward,,NFL,2+ TDs,player_touchdown,,11000,,34118237,2026-09-13T17:00:00.0000000Z,,2026-09-11T04:51:39.672214+00:00
draftkings,34118237,363209546,0QA363209546#2258182610_13L88808Q1668054218Q20,Isaiah Davis,,NFL,2+ TDs,player_touchdown,,11000,,34118237,2026-09-13T17:00:00.0000000Z,,2026-09-11T04:51:39.672214+00:00
draftkings,34118237,363209546,0QA363209546#2258182604_13L88808Q11895753491Q20,Chimere Dike,,NFL,2+ TDs,player_touchdown,,12000,,34118237,2026-09-13T17:00:00.0000000Z,,2026-09-11T04:51:39.672214+00:00
draftkings,34118237,363209546,0QA363209546#2258182617_13L88808Q12070196828Q20,Isaiah Williams,,NFL,2+ TDs,player_touchdown,,12000,,34118237,2026-09-13T17:00:00.0000000Z,,2026-09-11T04:51:39.672214+00:00
draftkings,34118237,363209546,0QA363209546#2258182605_13L88808Q11962666802Q20,Daniel Bellinger,,NFL,2+ TDs,player_touchdown,,15000,,34118237,2026-09-13T17:00:00.0000000Z,,2026-09-11T04:51:39.672214+00:00
draftkings,34118237,363209546,0QA363209546#2258182615_13L88808Q1-659693114Q20,Geno Smith,,NFL,2+ TDs,player_touchdown,,15000,,34118237,2026-09-13T17:00:00.0000000Z,,2026-09-11T04:51:39.672214+00:00
draftkings,34118237,363209546,0QA363209546#2258182600_13L88808Q1-373146824Q20,Nicholas Singleton,,NFL,2+ TDs,player_touchdown,,18000,,34118237,2026-09-13T17:00:00.0000000Z,,2026-09-11T04:51:39.672214+00:00
draftkings,34118237,363209546,0QA363209546#2258182616_13L88808Q11556693862Q20,Omar Cooper Jr.,,NFL,2+ TDs,player_touchdown,,18000,,34118237,2026-09-13T17:00:00.0000000Z,,2026-09-11T04:51:39.672214+00:00
draftkings,34118237,363209546,0QA363209546#2258182618_13L88808Q1-1516021202Q20,Jeremy Ruckert,,NFL,2+ TDs,player_touchdown,,19000,,34118237,2026-09-13T17:00:00.0000000Z,,2026-09-11T04:51:39.672214+00:00
draftkings,34118237,363209546,0QA363209546#2258182620_13L88808Q1-751853069Q20,Tim Patrick,,NFL,2+ TDs,player_touchdown,,19000,,34118237,2026-09-13T17:00:00.0000000Z,,2026-09-11T04:51:39.672214+00:00
draftkings,34118237,363209546,0QA363209546#2275469175_13L88808Q1-2136983142Q20,Jelani Woods,,NFL,2+ TDs,player_touchdown,,20000,,34118237,2026-09-13T17:00:00.0000000Z,,2026-09-11T04:51:39.672214+00:00
draftkings,34118237,363209546,0QA363209546#2258182607_13L88808Q1-157705531Q20,David Martin-Robinson,,NFL,2+ TDs,player_touchdown,,25000,,34118237,2026-09-13T17:00:00.0000000Z,,2026-09-11T04:51:39.672214+00:00
draftkings,34118237,363209546,0QA363209546#2258182619_13L88808Q1985569348Q20,Andrew Beck,,NFL,2+ TDs,player_touchdown,,25000,,34118237,2026-09-13T17:00:00.0000000Z,,2026-09-11T04:51:39.672214+00:00
draftkings,34118237,363209546,0QA363209546#2275472146_13L88808Q1-1279508456Q20,Kene Nwangwu,,NFL,2+ TDs,player_touchdown,,25000,,34118237,2026-09-13T17:00:00.0000000Z,,2026-09-11T04:51:39.672214+00:00
