flag_id,track,flagged_side,first_flagged_at,first_flagged_model_prob,first_flagged_market_price,first_flagged_edge,consensus_available,consensus_label,consensus_price,consensus_edge,last_seen_at,last_seen_market_price,status,closing_market_price,closing_pulled_at,price_moved,clv_edge_at_close,series_ticker,city_label,station_id,target_date,strike_type,floor_strike,cap_strike,forecast_kind,forecast_value_f,lead_days,model_sigma_f,sigma_source
KXHIGHTATL-26SEP07-T90,weather,yes,2026-09-09T17:35:00Z,0.9991,0.005,0.9941,False,,,,2026-09-09T17:35:00Z,0.005,closed,0.005,2026-09-09T17:35:00Z,False,0.9941,KXHIGHTATL,Atlanta Max Temperature,KATL,2026-09-07,greater,90.0,,max,97.0,0,2.23,literature_placeholder
KXHIGHTATL-26SEP07-T83,weather,no,2026-09-09T17:35:00Z,1.0,0.945,0.055,False,,,,2026-09-09T17:35:00Z,0.945,closed,0.945,2026-09-09T17:35:00Z,False,0.05500000000000005,KXHIGHTATL,Atlanta Max Temperature,KATL,2026-09-07,less,,83.0,max,97.0,0,2.23,literature_placeholder
KXHIGHTATL-26SEP07-B87.5,weather,no,2026-09-09T17:35:00Z,1.0,0.83,0.17,False,,,,2026-09-09T17:35:00Z,0.83,closed,0.83,2026-09-09T17:35:00Z,False,0.17000000000000004,KXHIGHTATL,Atlanta Max Temperature,KATL,2026-09-07,between,87.0,88.0,max,97.0,0,2.23,literature_placeholder
KXHIGHTATL-26SEP07-B85.5,weather,no,2026-09-09T17:35:00Z,1.0,0.535,0.465,False,,,,2026-09-09T17:35:00Z,0.535,closed,0.535,2026-09-09T17:35:00Z,False,0.46499999999999997,KXHIGHTATL,Atlanta Max Temperature,KATL,2026-09-07,between,85.0,86.0,max,97.0,0,2.23,literature_placeholder
KXHIGHTATL-26SEP07-B83.5,weather,no,2026-09-09T17:35:00Z,1.0,0.655,0.345,False,,,,2026-09-09T17:35:00Z,0.655,closed,0.655,2026-09-09T17:35:00Z,False,0.345,KXHIGHTATL,Atlanta Max Temperature,KATL,2026-09-07,between,83.0,84.0,max,97.0,0,2.23,literature_placeholder
KXHIGHPHIL-26SEP07-T85,weather,yes,2026-09-09T17:35:00Z,0.0365,0.005,0.0315,False,,,,2026-09-09T17:35:00Z,0.005,closed,0.005,2026-09-09T17:35:00Z,False,0.0315,KXHIGHPHIL,Highest temperature in Philadelphia,KPHL,2026-09-07,greater,85.0,,max,81.0,0,2.23,literature_placeholder
KXHIGHPHIL-26SEP07-T78,weather,yes,2026-09-09T17:35:00Z,0.0894,0.005,0.0844,False,,,,2026-09-09T17:35:00Z,0.005,closed,0.005,2026-09-09T17:35:00Z,False,0.08439999999999999,KXHIGHPHIL,Highest temperature in Philadelphia,KPHL,2026-09-07,less,,78.0,max,81.0,0,2.23,literature_placeholder
KXHIGHPHIL-26SEP07-B82.5,weather,no,2026-09-09T17:35:00Z,0.858,0.515,0.343,False,,,,2026-09-09T17:35:00Z,0.515,closed,0.515,2026-09-09T17:35:00Z,False,0.34299999999999997,KXHIGHPHIL,Highest temperature in Philadelphia,KPHL,2026-09-07,between,82.0,83.0,max,81.0,0,2.23,literature_placeholder
KXHIGHPHIL-26SEP07-B80.5,weather,no,2026-09-09T17:35:00Z,0.827,0.525,0.302,False,,,,2026-09-09T17:35:00Z,0.525,closed,0.525,2026-09-09T17:35:00Z,False,0.30199999999999994,KXHIGHPHIL,Highest temperature in Philadelphia,KPHL,2026-09-07,between,80.0,81.0,max,81.0,0,2.23,literature_placeholder
KXHIGHPHIL-26SEP07-B78.5,weather,yes,2026-09-09T17:35:00Z,0.0956,0.02,0.0756,False,,,,2026-09-09T17:35:00Z,0.02,closed,0.02,2026-09-09T17:35:00Z,False,0.0756,KXHIGHPHIL,Highest temperature in Philadelphia,KPHL,2026-09-07,between,78.0,79.0,max,81.0,0,2.23,literature_placeholder
KXLOWTSDF-26SEP07-T66,weather,yes,2026-09-09T17:35:00Z,0.185,0.005,0.18,False,,,,2026-09-09T17:35:00Z,0.005,closed,0.005,2026-09-09T17:35:00Z,False,0.18,KXLOWTSDF,Lowest Temperature SDX,KSDF,2026-09-07,greater,66.0,,min,64.0,0,2.23,literature_placeholder
KXLOWTSDF-26SEP07-T59,weather,no,2026-09-09T17:35:00Z,0.9875,0.505,0.4825,False,,,,2026-09-09T17:35:00Z,0.505,closed,0.505,2026-09-09T17:35:00Z,False,0.48250000000000004,KXLOWTSDF,Lowest Temperature SDX,KSDF,2026-09-07,less,,59.0,min,64.0,0,2.23,literature_placeholder
KXLOWTSDF-26SEP07-B65.5,weather,yes,2026-09-09T17:35:00Z,0.142,0.005,0.137,False,,,,2026-09-09T17:35:00Z,0.005,closed,0.005,2026-09-09T17:35:00Z,False,0.13699999999999998,KXLOWTSDF,Lowest Temperature SDX,KSDF,2026-09-07,between,65.0,66.0,min,64.0,0,2.23,literature_placeholder
KXLOWTSDF-26SEP07-B63.5,weather,no,2026-09-09T17:35:00Z,0.827,0.505,0.322,False,,,,2026-09-09T17:35:00Z,0.505,closed,0.505,2026-09-09T17:35:00Z,False,0.32199999999999995,KXLOWTSDF,Lowest Temperature SDX,KSDF,2026-09-07,between,63.0,64.0,min,64.0,0,2.23,literature_placeholder
KXLOWTSDF-26SEP07-B61.5,weather,no,2026-09-09T17:35:00Z,0.9044,0.505,0.3994,False,,,,2026-09-09T17:35:00Z,0.505,closed,0.505,2026-09-09T17:35:00Z,False,0.3994,KXLOWTSDF,Lowest Temperature SDX,KSDF,2026-09-07,between,61.0,62.0,min,64.0,0,2.23,literature_placeholder
KXLOWTSDF-26SEP07-B59.5,weather,no,2026-09-09T17:35:00Z,0.976,0.505,0.471,False,,,,2026-09-09T17:35:00Z,0.505,closed,0.505,2026-09-09T17:35:00Z,False,0.471,KXLOWTSDF,Lowest Temperature SDX,KSDF,2026-09-07,between,59.0,60.0,min,64.0,0,2.23,literature_placeholder
KXLOWTOKC-26SEP07-T77,weather,yes,2026-09-09T17:35:00Z,0.327,0.005,0.322,False,,,,2026-09-09T17:35:00Z,0.005,closed,0.005,2026-09-09T17:35:00Z,False,0.322,KXLOWTOKC,Low Temperature Oklahoma City,KOKC,2026-09-07,greater,77.0,,min,76.0,0,2.23,literature_placeholder
KXLOWTOKC-26SEP07-B74.5,weather,no,2026-09-09T17:35:00Z,0.858,0.505,0.353,False,,,,2026-09-09T17:35:00Z,0.505,closed,0.505,2026-09-09T17:35:00Z,False,0.353,KXLOWTOKC,Low Temperature Oklahoma City,KOKC,2026-09-07,between,74.0,75.0,min,76.0,0,2.23,literature_placeholder
KXLOWTOKC-26SEP07-B72.5,weather,no,2026-09-09T17:35:00Z,0.9471,0.86,0.0871,False,,,,2026-09-09T17:35:00Z,0.86,closed,0.86,2026-09-09T17:35:00Z,False,0.08710000000000007,KXLOWTOKC,Low Temperature Oklahoma City,KOKC,2026-09-07,between,72.0,73.0,min,76.0,0,2.23,literature_placeholder
KXLOWTOKC-26SEP07-B70.5,weather,no,2026-09-09T17:35:00Z,0.9911,0.94,0.0511,False,,,,2026-09-09T17:35:00Z,0.94,closed,0.94,2026-09-09T17:35:00Z,False,0.051100000000000034,KXLOWTOKC,Low Temperature Oklahoma City,KOKC,2026-09-07,between,70.0,71.0,min,76.0,0,2.23,literature_placeholder
KXLOWTDEN-26SEP07-T67,weather,yes,2026-09-09T17:35:00Z,0.0894,0.02,0.0694,False,,,,2026-09-09T17:35:00Z,0.02,closed,0.02,2026-09-09T17:35:00Z,False,0.06939999999999999,KXLOWTDEN,Lowest temperature in Denver,KDEN,2026-09-07,greater,67.0,,min,64.0,0,2.23,literature_placeholder
KXLOWTDEN-26SEP07-T60,weather,no,2026-09-09T17:35:00Z,0.9635,0.9,0.0635,False,,,,2026-09-09T17:35:00Z,0.9,closed,0.9,2026-09-09T17:35:00Z,False,0.0635,KXLOWTDEN,Lowest temperature in Denver,KDEN,2026-09-07,less,,60.0,min,64.0,0,2.23,literature_placeholder
KXLOWTDEN-26SEP07-B66.5,weather,yes,2026-09-09T17:35:00Z,0.0956,0.065,0.0306,False,,,,2026-09-09T17:35:00Z,0.065,closed,0.065,2026-09-09T17:35:00Z,False,0.030600000000000002,KXLOWTDEN,Lowest temperature in Denver,KDEN,2026-09-07,between,66.0,67.0,min,64.0,0,2.23,literature_placeholder
KXLOWTDEN-26SEP07-B64.5,weather,no,2026-09-09T17:35:00Z,0.827,0.715,0.112,False,,,,2026-09-09T17:35:00Z,0.715,closed,0.715,2026-09-09T17:35:00Z,False,0.11199999999999999,KXLOWTDEN,Lowest temperature in Denver,KDEN,2026-09-07,between,64.0,65.0,min,64.0,0,2.23,literature_placeholder
KXLOWTDEN-26SEP07-B62.5,weather,no,2026-09-09T17:35:00Z,0.858,0.665,0.193,False,,,,2026-09-09T17:35:00Z,0.665,closed,0.665,2026-09-09T17:35:00Z,False,0.19299999999999995,KXLOWTDEN,Lowest temperature in Denver,KDEN,2026-09-07,between,62.0,63.0,min,64.0,0,2.23,literature_placeholder
KXLOWTDEN-26SEP07-B60.5,weather,no,2026-09-09T17:35:00Z,0.9471,0.78,0.1671,False,,,,2026-09-09T17:35:00Z,0.78,closed,0.78,2026-09-09T17:35:00Z,False,0.16710000000000003,KXLOWTDEN,Lowest temperature in Denver,KDEN,2026-09-07,between,60.0,61.0,min,64.0,0,2.23,literature_placeholder
KXHIGHTBOS-26SEP07-T75,weather,yes,2026-09-09T17:35:00Z,0.327,0.02,0.307,False,,,,2026-09-09T17:35:00Z,0.02,closed,0.02,2026-09-09T17:35:00Z,False,0.307,KXHIGHTBOS,Boston Maximum Daily Temperature,KBOS,2026-09-07,less,,75.0,max,76.0,0,2.23,literature_placeholder
KXHIGHTBOS-26SEP07-B81.5,weather,no,2026-09-09T17:35:00Z,0.9911,0.765,0.2261,False,,,,2026-09-09T17:35:00Z,0.765,closed,0.765,2026-09-09T17:35:00Z,False,0.22609999999999997,KXHIGHTBOS,Boston Maximum Daily Temperature,KBOS,2026-09-07,between,81.0,82.0,max,76.0,0,2.23,literature_placeholder
KXHIGHTBOS-26SEP07-B79.5,weather,no,2026-09-09T17:35:00Z,0.9471,0.395,0.5521,False,,,,2026-09-09T17:35:00Z,0.395,closed,0.395,2026-09-09T17:35:00Z,False,0.5521,KXHIGHTBOS,Boston Maximum Daily Temperature,KBOS,2026-09-07,between,79.0,80.0,max,76.0,0,2.23,literature_placeholder
KXHIGHTBOS-26SEP07-B75.5,weather,yes,2026-09-09T17:35:00Z,0.173,0.015,0.158,False,,,,2026-09-09T17:35:00Z,0.015,closed,0.015,2026-09-09T17:35:00Z,False,0.15799999999999997,KXHIGHTBOS,Boston Maximum Daily Temperature,KBOS,2026-09-07,between,75.0,76.0,max,76.0,0,2.23,literature_placeholder
KXLOWTCHI-26SEP07-B65.5,weather,no,2026-09-09T17:35:00Z,0.858,0.325,0.533,False,,,,2026-09-09T17:35:00Z,0.325,closed,0.325,2026-09-09T17:35:00Z,False,0.5329999999999999,KXLOWTCHI,Lowest Temperature Chicago,KMDW,2026-09-07,between,65.0,66.0,min,64.0,0,2.23,literature_placeholder
KXLOWTCHI-26SEP07-B61.5,weather,yes,2026-09-09T17:35:00Z,0.0956,0.015,0.0806,False,,,,2026-09-09T17:35:00Z,0.015,closed,0.015,2026-09-09T17:35:00Z,False,0.0806,KXLOWTCHI,Lowest Temperature Chicago,KMDW,2026-09-07,between,61.0,62.0,min,64.0,0,2.23,literature_placeholder
KXLOWTMIN-26SEP07-T70,weather,yes,2026-09-09T17:35:00Z,0.185,0.005,0.18,False,,,,2026-09-09T17:35:00Z,0.005,closed,0.005,2026-09-09T17:35:00Z,False,0.18,KXLOWTMIN,Low  temperature Minnesota,KMSP,2026-09-07,greater,70.0,,min,68.0,0,2.23,literature_placeholder
KXLOWTMIN-26SEP07-B69.5,weather,no,2026-09-09T17:35:00Z,0.858,0.3,0.558,False,,,,2026-09-09T17:35:00Z,0.3,closed,0.3,2026-09-09T17:35:00Z,False,0.558,KXLOWTMIN,Low  temperature Minnesota,KMSP,2026-09-07,between,69.0,70.0,min,68.0,0,2.23,literature_placeholder
KXLOWTMIN-26SEP07-B67.5,weather,no,2026-09-09T17:35:00Z,0.827,0.685,0.142,False,,,,2026-09-09T17:35:00Z,0.685,closed,0.685,2026-09-09T17:35:00Z,False,0.1419999999999999,KXLOWTMIN,Low  temperature Minnesota,KMSP,2026-09-07,between,67.0,68.0,min,68.0,0,2.23,literature_placeholder
KXLOWTMIN-26SEP07-B65.5,weather,yes,2026-09-09T17:35:00Z,0.0956,0.015,0.0806,False,,,,2026-09-09T17:35:00Z,0.015,closed,0.015,2026-09-09T17:35:00Z,False,0.0806,KXLOWTMIN,Low  temperature Minnesota,KMSP,2026-09-07,between,65.0,66.0,min,68.0,0,2.23,literature_placeholder
KXLOWTATL-26SEP07-T75,weather,yes,2026-09-09T17:35:00Z,0.185,0.005,0.18,False,,,,2026-09-09T17:35:00Z,0.005,closed,0.005,2026-09-09T17:35:00Z,False,0.18,KXLOWTATL,Low Temperature Atlanta,KATL,2026-09-07,greater,75.0,,min,73.0,0,2.23,literature_placeholder
KXLOWTATL-26SEP07-B74.5,weather,yes,2026-09-09T17:35:00Z,0.142,0.005,0.137,False,,,,2026-09-09T17:35:00Z,0.005,closed,0.005,2026-09-09T17:35:00Z,False,0.13699999999999998,KXLOWTATL,Low Temperature Atlanta,KATL,2026-09-07,between,74.0,75.0,min,73.0,0,2.23,literature_placeholder
KXLOWTATL-26SEP07-B72.5,weather,no,2026-09-09T17:35:00Z,0.827,0.25,0.577,False,,,,2026-09-09T17:35:00Z,0.25,closed,0.25,2026-09-09T17:35:00Z,False,0.577,KXLOWTATL,Low Temperature Atlanta,KATL,2026-09-07,between,72.0,73.0,min,73.0,0,2.23,literature_placeholder
KXLOWTATL-26SEP07-B70.5,weather,no,2026-09-09T17:35:00Z,0.9044,0.725,0.1794,False,,,,2026-09-09T17:35:00Z,0.725,closed,0.725,2026-09-09T17:35:00Z,False,0.1794,KXLOWTATL,Low Temperature Atlanta,KATL,2026-09-07,between,70.0,71.0,min,73.0,0,2.23,literature_placeholder
KXHIGHCHI-26SEP07-T76,weather,yes,2026-09-09T17:35:00Z,0.0894,0.005,0.0844,False,,,,2026-09-09T17:35:00Z,0.005,closed,0.005,2026-09-09T17:35:00Z,False,0.08439999999999999,KXHIGHCHI,Highest temperature in Chicago,KMDW,2026-09-07,less,,76.0,max,79.0,0,2.23,literature_placeholder
KXHIGHCHI-26SEP07-B80.5,weather,no,2026-09-09T17:35:00Z,0.858,0.395,0.463,False,,,,2026-09-09T17:35:00Z,0.395,closed,0.395,2026-09-09T17:35:00Z,False,0.46299999999999997,KXHIGHCHI,Highest temperature in Chicago,KMDW,2026-09-07,between,80.0,81.0,max,79.0,0,2.23,literature_placeholder
KXHIGHCHI-26SEP07-B78.5,weather,no,2026-09-09T17:35:00Z,0.827,0.675,0.152,False,,,,2026-09-09T17:35:00Z,0.675,closed,0.675,2026-09-09T17:35:00Z,False,0.1519999999999999,KXHIGHCHI,Highest temperature in Chicago,KMDW,2026-09-07,between,78.0,79.0,max,79.0,0,2.23,literature_placeholder
KXHIGHCHI-26SEP07-B76.5,weather,yes,2026-09-09T17:35:00Z,0.0956,0.035,0.0606,False,,,,2026-09-09T17:35:00Z,0.035,closed,0.035,2026-09-09T17:35:00Z,False,0.0606,KXHIGHCHI,Highest temperature in Chicago,KMDW,2026-09-07,between,76.0,77.0,max,79.0,0,2.23,literature_placeholder
KXLOWTAUS-26SEP07-T77,weather,yes,2026-09-09T17:35:00Z,0.185,0.005,0.18,False,,,,2026-09-09T17:35:00Z,0.005,closed,0.005,2026-09-09T17:35:00Z,False,0.18,KXLOWTAUS,Lowest temperature in Austin,KAUS,2026-09-07,greater,77.0,,min,75.0,0,2.23,literature_placeholder
KXLOWTAUS-26SEP07-B76.5,weather,yes,2026-09-09T17:35:00Z,0.142,0.065,0.077,False,,,,2026-09-09T17:35:00Z,0.065,closed,0.065,2026-09-09T17:35:00Z,False,0.07699999999999999,KXLOWTAUS,Lowest temperature in Austin,KAUS,2026-09-07,between,76.0,77.0,min,75.0,0,2.23,literature_placeholder
KXLOWTAUS-26SEP07-B74.5,weather,no,2026-09-09T17:35:00Z,0.827,0.365,0.462,False,,,,2026-09-09T17:35:00Z,0.365,closed,0.365,2026-09-09T17:35:00Z,False,0.46199999999999997,KXLOWTAUS,Lowest temperature in Austin,KAUS,2026-09-07,between,74.0,75.0,min,75.0,0,2.23,literature_placeholder
KXLOWTAUS-26SEP07-B72.5,weather,no,2026-09-09T17:35:00Z,0.9044,0.705,0.1994,False,,,,2026-09-09T17:35:00Z,0.705,closed,0.705,2026-09-09T17:35:00Z,False,0.19940000000000002,KXLOWTAUS,Lowest temperature in Austin,KAUS,2026-09-07,between,72.0,73.0,min,75.0,0,2.23,literature_placeholder
KXHIGHMIA-26SEP07-T93,weather,yes,2026-09-09T17:35:00Z,0.185,0.145,0.04,False,,,,2026-09-09T17:35:00Z,0.145,closed,0.145,2026-09-09T17:35:00Z,False,0.04000000000000001,KXHIGHMIA,Highest temperature in Miami,KMIA,2026-09-07,greater,93.0,,max,91.0,0,2.23,literature_placeholder
KXHIGHMIA-26SEP07-B92.5,weather,no,2026-09-09T17:35:00Z,0.858,0.405,0.453,False,,,,2026-09-09T17:35:00Z,0.405,closed,0.405,2026-09-09T17:35:00Z,False,0.45299999999999996,KXHIGHMIA,Highest temperature in Miami,KMIA,2026-09-07,between,92.0,93.0,max,91.0,0,2.23,literature_placeholder
KXHIGHMIA-26SEP07-B90.5,weather,no,2026-09-09T17:35:00Z,0.827,0.79,0.037,False,,,,2026-09-09T17:35:00Z,0.79,closed,0.79,2026-09-09T17:35:00Z,False,0.03699999999999992,KXHIGHMIA,Highest temperature in Miami,KMIA,2026-09-07,between,90.0,91.0,max,91.0,0,2.23,literature_placeholder
KXHIGHMIA-26SEP07-B88.5,weather,yes,2026-09-09T17:35:00Z,0.0956,0.045,0.0506,False,,,,2026-09-09T17:35:00Z,0.045,closed,0.045,2026-09-09T17:35:00Z,False,0.050600000000000006,KXHIGHMIA,Highest temperature in Miami,KMIA,2026-09-07,between,88.0,89.0,max,91.0,0,2.23,literature_placeholder
KXLOWTDAL-26SEP07-T81,weather,yes,2026-09-09T17:35:00Z,0.327,0.045,0.282,False,,,,2026-09-09T17:35:00Z,0.045,closed,0.045,2026-09-09T17:35:00Z,False,0.28200000000000003,KXLOWTDAL,Lowest temperature Dallas,KDFW,2026-09-07,greater,81.0,,min,80.0,0,2.23,literature_placeholder
KXLOWTDAL-26SEP07-B80.5,weather,no,2026-09-09T17:35:00Z,0.827,0.63,0.197,False,,,,2026-09-09T17:35:00Z,0.63,closed,0.63,2026-09-09T17:35:00Z,False,0.19699999999999995,KXLOWTDAL,Lowest temperature Dallas,KDFW,2026-09-07,between,80.0,81.0,min,80.0,0,2.23,literature_placeholder
KXLOWTDAL-26SEP07-B78.5,weather,no,2026-09-09T17:35:00Z,0.858,0.385,0.473,False,,,,2026-09-09T17:35:00Z,0.385,closed,0.385,2026-09-09T17:35:00Z,False,0.473,KXLOWTDAL,Lowest temperature Dallas,KDFW,2026-09-07,between,78.0,79.0,min,80.0,0,2.23,literature_placeholder
KXLOWTDC-26SEP07-T67,weather,yes,2026-09-09T17:35:00Z,0.185,0.005,0.18,False,,,,2026-09-09T17:35:00Z,0.005,closed,0.005,2026-09-09T17:35:00Z,False,0.18,KXLOWTDC,Lowest Temperature DC ,KDCA,2026-09-07,greater,67.0,,min,65.0,0,2.23,literature_placeholder
KXLOWTDC-26SEP07-B66.5,weather,yes,2026-09-09T17:35:00Z,0.142,0.005,0.137,False,,,,2026-09-09T17:35:00Z,0.005,closed,0.005,2026-09-09T17:35:00Z,False,0.13699999999999998,KXLOWTDC,Lowest Temperature DC ,KDCA,2026-09-07,between,66.0,67.0,min,65.0,0,2.23,literature_placeholder
KXLOWTDC-26SEP07-B64.5,weather,no,2026-09-09T17:35:00Z,0.827,0.155,0.672,False,,,,2026-09-09T17:35:00Z,0.155,closed,0.155,2026-09-09T17:35:00Z,False,0.6719999999999999,KXLOWTDC,Lowest Temperature DC ,KDCA,2026-09-07,between,64.0,65.0,min,65.0,0,2.23,literature_placeholder
KXLOWTDC-26SEP07-B62.5,weather,yes,2026-09-09T17:35:00Z,0.0956,0.065,0.0306,False,,,,2026-09-09T17:35:00Z,0.065,closed,0.065,2026-09-09T17:35:00Z,False,0.030600000000000002,KXLOWTDC,Lowest Temperature DC ,KDCA,2026-09-07,between,62.0,63.0,min,65.0,0,2.23,literature_placeholder
KXLOWTSATX-26SEP07-T78,weather,yes,2026-09-09T17:35:00Z,0.327,0.155,0.172,False,,,,2026-09-09T17:35:00Z,0.155,closed,0.155,2026-09-09T17:35:00Z,False,0.17200000000000001,KXLOWTSATX,Lowest Temperature SATX,KSAT,2026-09-07,greater,78.0,,min,77.0,0,2.23,literature_placeholder
KXLOWTSATX-26SEP07-B77.5,weather,no,2026-09-09T17:35:00Z,0.827,0.39,0.437,False,,,,2026-09-09T17:35:00Z,0.39,closed,0.39,2026-09-09T17:35:00Z,False,0.43699999999999994,KXLOWTSATX,Lowest Temperature SATX,KSAT,2026-09-07,between,77.0,78.0,min,77.0,0,2.23,literature_placeholder
KXLOWTSATX-26SEP07-B75.5,weather,yes,2026-09-09T17:35:00Z,0.142,0.035,0.107,False,,,,2026-09-09T17:35:00Z,0.035,closed,0.035,2026-09-09T17:35:00Z,False,0.10699999999999998,KXLOWTSATX,Lowest Temperature SATX,KSAT,2026-09-07,between,75.0,76.0,min,77.0,0,2.23,literature_placeholder
KXLOWTLAX-26SEP07-T70,weather,no,2026-09-09T17:35:00Z,0.5,0.33,0.17,False,,,,2026-09-09T17:35:00Z,0.33,closed,0.33,2026-09-09T17:35:00Z,False,0.16999999999999998,KXLOWTLAX,Lowest Temperature in LA,KLAX,2026-09-07,greater,70.0,,min,70.0,0,2.23,literature_placeholder
KXLOWTLAX-26SEP07-B69.5,weather,no,2026-09-09T17:35:00Z,0.827,0.705,0.122,False,,,,2026-09-09T17:35:00Z,0.705,closed,0.705,2026-09-09T17:35:00Z,False,0.122,KXLOWTLAX,Lowest Temperature in LA,KLAX,2026-09-07,between,69.0,70.0,min,70.0,0,2.23,literature_placeholder
KXLOWTLAX-26SEP07-B67.5,weather,yes,2026-09-09T17:35:00Z,0.0956,0.01,0.0856,False,,,,2026-09-09T17:35:00Z,0.01,closed,0.01,2026-09-09T17:35:00Z,False,0.08560000000000001,KXLOWTLAX,Lowest Temperature in LA,KLAX,2026-09-07,between,67.0,68.0,min,70.0,0,2.23,literature_placeholder
KXLOWTHOU-26SEP07-T79,weather,yes,2026-09-09T17:35:00Z,0.327,0.005,0.322,False,,,,2026-09-09T17:35:00Z,0.005,closed,0.005,2026-09-09T17:35:00Z,False,0.322,KXLOWTHOU,Low Temperature Houston,KHOU,2026-09-07,greater,79.0,,min,78.0,0,2.23,literature_placeholder
KXLOWTHOU-26SEP07-B78.5,weather,no,2026-09-09T17:35:00Z,0.827,0.365,0.462,False,,,,2026-09-09T17:35:00Z,0.365,closed,0.365,2026-09-09T17:35:00Z,False,0.46199999999999997,KXLOWTHOU,Low Temperature Houston,KHOU,2026-09-07,between,78.0,79.0,min,78.0,0,2.23,literature_placeholder
KXLOWTHOU-26SEP07-B76.5,weather,no,2026-09-09T17:35:00Z,0.858,0.725,0.133,False,,,,2026-09-09T17:35:00Z,0.725,closed,0.725,2026-09-09T17:35:00Z,False,0.133,KXLOWTHOU,Low Temperature Houston,KHOU,2026-09-07,between,76.0,77.0,min,78.0,0,2.23,literature_placeholder
KXHIGHTMIN-26SEP07-T79,weather,yes,2026-09-09T17:35:00Z,0.185,0.06,0.125,False,,,,2026-09-09T17:35:00Z,0.06,closed,0.06,2026-09-09T17:35:00Z,False,0.125,KXHIGHTMIN,Minneapolis Daily High Temperature,KMSP,2026-09-07,less,,79.0,max,81.0,0,2.23,literature_placeholder
KXHIGHTMIN-26SEP07-B85.5,weather,no,2026-09-09T17:35:00Z,0.976,0.925,0.051,False,,,,2026-09-09T17:35:00Z,0.925,closed,0.925,2026-09-09T17:35:00Z,False,0.050999999999999934,KXHIGHTMIN,Minneapolis Daily High Temperature,KMSP,2026-09-07,between,85.0,86.0,max,81.0,0,2.23,literature_placeholder
KXHIGHTMIN-26SEP07-B83.5,weather,no,2026-09-09T17:35:00Z,0.9044,0.595,0.3094,False,,,,2026-09-09T17:35:00Z,0.595,closed,0.595,2026-09-09T17:35:00Z,False,0.3094,KXHIGHTMIN,Minneapolis Daily High Temperature,KMSP,2026-09-07,between,83.0,84.0,max,81.0,0,2.23,literature_placeholder
KXHIGHTMIN-26SEP07-B81.5,weather,no,2026-09-09T17:35:00Z,0.827,0.725,0.102,False,,,,2026-09-09T17:35:00Z,0.725,closed,0.725,2026-09-09T17:35:00Z,False,0.10199999999999998,KXHIGHTMIN,Minneapolis Daily High Temperature,KMSP,2026-09-07,between,81.0,82.0,max,81.0,0,2.23,literature_placeholder
KXHIGHNY-26SEP07-T77,weather,yes,2026-09-09T17:35:00Z,0.9106,0.015,0.8956,False,,,,2026-09-09T17:35:00Z,0.015,closed,0.015,2026-09-09T17:35:00Z,False,0.8956,KXHIGHNY,Highest temperature in NYC,KNYC,2026-09-07,less,,77.0,max,74.0,0,2.23,literature_placeholder
KXHIGHNY-26SEP07-B81.5,weather,no,2026-09-09T17:35:00Z,0.9993,0.915,0.0843,False,,,,2026-09-09T17:35:00Z,0.915,closed,0.915,2026-09-09T17:35:00Z,False,0.08429999999999993,KXHIGHNY,Highest temperature in NYC,KNYC,2026-09-07,between,81.0,82.0,max,74.0,0,2.23,literature_placeholder
KXHIGHNY-26SEP07-B79.5,weather,no,2026-09-09T17:35:00Z,0.9911,0.42,0.5711,False,,,,2026-09-09T17:35:00Z,0.42,closed,0.42,2026-09-09T17:35:00Z,False,0.5710999999999999,KXHIGHNY,Highest temperature in NYC,KNYC,2026-09-07,between,79.0,80.0,max,74.0,0,2.23,literature_placeholder
KXHIGHNY-26SEP07-B77.5,weather,no,2026-09-09T17:35:00Z,0.9471,0.665,0.2821,False,,,,2026-09-09T17:35:00Z,0.665,closed,0.665,2026-09-09T17:35:00Z,False,0.2821,KXHIGHNY,Highest temperature in NYC,KNYC,2026-09-07,between,77.0,78.0,max,74.0,0,2.23,literature_placeholder
KXLOWTMIA-26SEP07-T79,weather,yes,2026-09-09T17:35:00Z,0.327,0.005,0.322,False,,,,2026-09-09T17:35:00Z,0.005,closed,0.005,2026-09-09T17:35:00Z,False,0.322,KXLOWTMIA,Lowest temperature in Miami,KMIA,2026-09-07,greater,79.0,,min,78.0,0,2.23,literature_placeholder
KXLOWTMIA-26SEP07-B78.5,weather,no,2026-09-09T17:35:00Z,0.827,0.35,0.477,False,,,,2026-09-09T17:35:00Z,0.35,closed,0.35,2026-09-09T17:35:00Z,False,0.477,KXLOWTMIA,Lowest temperature in Miami,KMIA,2026-09-07,between,78.0,79.0,min,78.0,0,2.23,literature_placeholder
KXLOWTMIA-26SEP07-B76.5,weather,no,2026-09-09T17:35:00Z,0.858,0.775,0.083,False,,,,2026-09-09T17:35:00Z,0.775,closed,0.775,2026-09-09T17:35:00Z,False,0.08299999999999996,KXLOWTMIA,Lowest temperature in Miami,KMIA,2026-09-07,between,76.0,77.0,min,78.0,0,2.23,literature_placeholder
KXLOWTMIA-26SEP07-B74.5,weather,no,2026-09-09T17:35:00Z,0.9471,0.885,0.0621,False,,,,2026-09-09T17:35:00Z,0.885,closed,0.885,2026-09-09T17:35:00Z,False,0.062100000000000044,KXLOWTMIA,Lowest temperature in Miami,KMIA,2026-09-07,between,74.0,75.0,min,78.0,0,2.23,literature_placeholder
KXLOWTSEA-26SEP07-T56,weather,yes,2026-09-09T17:35:00Z,0.327,0.115,0.212,False,,,,2026-09-09T17:35:00Z,0.115,closed,0.115,2026-09-09T17:35:00Z,False,0.21200000000000002,KXLOWTSEA,Low Temperature Seattle,KSEA,2026-09-07,greater,56.0,,min,55.0,0,2.23,literature_placeholder
KXLOWTSEA-26SEP07-B55.5,weather,no,2026-09-09T17:35:00Z,0.827,0.345,0.482,False,,,,2026-09-09T17:35:00Z,0.345,closed,0.345,2026-09-09T17:35:00Z,False,0.482,KXLOWTSEA,Low Temperature Seattle,KSEA,2026-09-07,between,55.0,56.0,min,55.0,0,2.23,literature_placeholder
KXLOWTNYC-26SEP07-T64,weather,yes,2026-09-09T17:35:00Z,0.0365,0.005,0.0315,False,,,,2026-09-09T17:35:00Z,0.005,closed,0.005,2026-09-09T17:35:00Z,False,0.0315,KXLOWTNYC,Lowest temperature in NYC,KNYC,2026-09-07,greater,64.0,,min,60.0,0,2.23,literature_placeholder
KXLOWTNYC-26SEP07-T57,weather,yes,2026-09-09T17:35:00Z,0.0894,0.005,0.0844,False,,,,2026-09-09T17:35:00Z,0.005,closed,0.005,2026-09-09T17:35:00Z,False,0.08439999999999999,KXLOWTNYC,Lowest temperature in NYC,KNYC,2026-09-07,less,,57.0,min,60.0,0,2.23,literature_placeholder
KXLOWTNYC-26SEP07-B61.5,weather,no,2026-09-09T17:35:00Z,0.858,0.39,0.468,False,,,,2026-09-09T17:35:00Z,0.39,closed,0.39,2026-09-09T17:35:00Z,False,0.46799999999999997,KXLOWTNYC,Lowest temperature in NYC,KNYC,2026-09-07,between,61.0,62.0,min,60.0,0,2.23,literature_placeholder
KXLOWTNYC-26SEP07-B59.5,weather,no,2026-09-09T17:35:00Z,0.827,0.71,0.117,False,,,,2026-09-09T17:35:00Z,0.71,closed,0.71,2026-09-09T17:35:00Z,False,0.11699999999999999,KXLOWTNYC,Lowest temperature in NYC,KNYC,2026-09-07,between,59.0,60.0,min,60.0,0,2.23,literature_placeholder
KXLOWTNYC-26SEP07-B57.5,weather,yes,2026-09-09T17:35:00Z,0.0956,0.015,0.0806,False,,,,2026-09-09T17:35:00Z,0.015,closed,0.015,2026-09-09T17:35:00Z,False,0.0806,KXLOWTNYC,Lowest temperature in NYC,KNYC,2026-09-07,between,57.0,58.0,min,60.0,0,2.23,literature_placeholder
KXHIGHTTTN-26SEP07-T77,weather,yes,2026-09-09T17:35:00Z,0.185,0.04,0.145,False,,,,2026-09-09T17:35:00Z,0.04,closed,0.04,2026-09-09T17:35:00Z,False,0.145,KXHIGHTTTN,"Trenton, NJ Daily Max Temp",KTTN,2026-09-07,less,,77.0,max,79.0,0,2.23,literature_placeholder
KXHIGHTTTN-26SEP07-B81.5,weather,no,2026-09-09T17:35:00Z,0.9044,0.785,0.1194,False,,,,2026-09-09T17:35:00Z,0.785,closed,0.785,2026-09-09T17:35:00Z,False,0.11939999999999995,KXHIGHTTTN,"Trenton, NJ Daily Max Temp",KTTN,2026-09-07,between,81.0,82.0,max,79.0,0,2.23,literature_placeholder
KXHIGHTTTN-26SEP07-B79.5,weather,no,2026-09-09T17:35:00Z,0.827,0.21,0.617,False,,,,2026-09-09T17:35:00Z,0.21,closed,0.21,2026-09-09T17:35:00Z,False,0.617,KXHIGHTTTN,"Trenton, NJ Daily Max Temp",KTTN,2026-09-07,between,79.0,80.0,max,79.0,0,2.23,literature_placeholder
KXHIGHTTTN-26SEP07-B77.5,weather,yes,2026-09-09T17:35:00Z,0.142,0.075,0.067,False,,,,2026-09-09T17:35:00Z,0.075,closed,0.075,2026-09-09T17:35:00Z,False,0.06699999999999999,KXHIGHTTTN,"Trenton, NJ Daily Max Temp",KTTN,2026-09-07,between,77.0,78.0,max,79.0,0,2.23,literature_placeholder
KXHIGHTLV-26SEP07-T91,weather,yes,2026-09-09T17:35:00Z,0.9964,0.005,0.9914,False,,,,2026-09-09T17:35:00Z,0.005,closed,0.005,2026-09-09T17:35:00Z,False,0.9914,KXHIGHTLV,Las Vegas Max Daily Temperature,KLAS,2026-09-07,less,,91.0,max,85.0,0,2.23,literature_placeholder
KXHIGHTLV-26SEP07-B97.5,weather,no,2026-09-09T17:35:00Z,1.0,0.89,0.11,False,,,,2026-09-09T17:35:00Z,0.89,closed,0.89,2026-09-09T17:35:00Z,False,0.10999999999999999,KXHIGHTLV,Las Vegas Max Daily Temperature,KLAS,2026-09-07,between,97.0,98.0,max,85.0,0,2.23,literature_placeholder
KXHIGHTLV-26SEP07-B95.5,weather,no,2026-09-09T17:35:00Z,1.0,0.425,0.575,False,,,,2026-09-09T17:35:00Z,0.425,closed,0.425,2026-09-09T17:35:00Z,False,0.575,KXHIGHTLV,Las Vegas Max Daily Temperature,KLAS,2026-09-07,between,95.0,96.0,max,85.0,0,2.23,literature_placeholder
KXHIGHTLV-26SEP07-B93.5,weather,no,2026-09-09T17:35:00Z,0.9999,0.745,0.2549,False,,,,2026-09-09T17:35:00Z,0.745,closed,0.745,2026-09-09T17:35:00Z,False,0.2549,KXHIGHTLV,Las Vegas Max Daily Temperature,KLAS,2026-09-07,between,93.0,94.0,max,85.0,0,2.23,literature_placeholder
KXLOWTSAN-26SEP07-T66,weather,no,2026-09-09T17:35:00Z,0.9991,0.505,0.4941,False,,,,2026-09-09T17:35:00Z,0.505,closed,0.505,2026-09-09T17:35:00Z,False,0.4941,KXLOWTSAN,Low Temperature San Diego,KSAN,2026-09-07,less,,66.0,min,73.0,0,2.23,literature_placeholder
KXLOWTSAN-26SEP07-B72.5,weather,no,2026-09-09T17:35:00Z,0.827,0.505,0.322,False,,,,2026-09-09T17:35:00Z,0.505,closed,0.505,2026-09-09T17:35:00Z,False,0.32199999999999995,KXLOWTSAN,Low Temperature San Diego,KSAN,2026-09-07,between,72.0,73.0,min,73.0,0,2.23,literature_placeholder
KXLOWTSAN-26SEP07-B70.5,weather,no,2026-09-09T17:35:00Z,0.9044,0.5,0.4044,False,,,,2026-09-09T17:35:00Z,0.5,closed,0.5,2026-09-09T17:35:00Z,False,0.4044,KXLOWTSAN,Low Temperature San Diego,KSAN,2026-09-07,between,70.0,71.0,min,73.0,0,2.23,literature_placeholder
KXLOWTSAN-26SEP07-B68.5,weather,no,2026-09-09T17:35:00Z,0.976,0.5,0.476,False,,,,2026-09-09T17:35:00Z,0.5,closed,0.5,2026-09-09T17:35:00Z,False,0.476,KXLOWTSAN,Low Temperature San Diego,KSAN,2026-09-07,between,68.0,69.0,min,73.0,0,2.23,literature_placeholder
KXLOWTSAN-26SEP07-B66.5,weather,no,2026-09-09T17:35:00Z,0.9973,0.5,0.4973,False,,,,2026-09-09T17:35:00Z,0.5,closed,0.5,2026-09-09T17:35:00Z,False,0.49729999999999996,KXLOWTSAN,Low Temperature San Diego,KSAN,2026-09-07,between,66.0,67.0,min,73.0,0,2.23,literature_placeholder
KXLOWTBOS-26SEP07-T60,weather,yes,2026-09-09T17:35:00Z,0.327,0.005,0.322,False,,,,2026-09-09T17:35:00Z,0.005,closed,0.005,2026-09-09T17:35:00Z,False,0.322,KXLOWTBOS,Low Temperature Boston,KBOS,2026-09-07,greater,60.0,,min,59.0,0,2.23,literature_placeholder
KXLOWTBOS-26SEP07-B59.5,weather,no,2026-09-09T17:35:00Z,0.827,0.745,0.082,False,,,,2026-09-09T17:35:00Z,0.745,closed,0.745,2026-09-09T17:35:00Z,False,0.08199999999999996,KXLOWTBOS,Low Temperature Boston,KBOS,2026-09-07,between,59.0,60.0,min,59.0,0,2.23,literature_placeholder
KXLOWTBOS-26SEP07-B57.5,weather,no,2026-09-09T17:35:00Z,0.858,0.3,0.558,False,,,,2026-09-09T17:35:00Z,0.3,closed,0.3,2026-09-09T17:35:00Z,False,0.558,KXLOWTBOS,Low Temperature Boston,KBOS,2026-09-07,between,57.0,58.0,min,59.0,0,2.23,literature_placeholder
KXHIGHTDC-26SEP07-T88,weather,yes,2026-09-09T17:35:00Z,0.0365,0.005,0.0315,False,,,,2026-09-09T17:35:00Z,0.005,closed,0.005,2026-09-09T17:35:00Z,False,0.0315,KXHIGHTDC,Washington DC Daily Max Temp,KDCA,2026-09-07,greater,88.0,,max,84.0,0,2.23,literature_placeholder
KXHIGHTDC-26SEP07-T81,weather,yes,2026-09-09T17:35:00Z,0.0894,0.035,0.0544,False,,,,2026-09-09T17:35:00Z,0.035,closed,0.035,2026-09-09T17:35:00Z,False,0.05439999999999999,KXHIGHTDC,Washington DC Daily Max Temp,KDCA,2026-09-07,less,,81.0,max,84.0,0,2.23,literature_placeholder
KXHIGHTDC-26SEP07-B83.5,weather,no,2026-09-09T17:35:00Z,0.827,0.34,0.487,False,,,,2026-09-09T17:35:00Z,0.34,closed,0.34,2026-09-09T17:35:00Z,False,0.48699999999999993,KXHIGHTDC,Washington DC Daily Max Temp,KDCA,2026-09-07,between,83.0,84.0,max,84.0,0,2.23,literature_placeholder
KXLOWTEWR-26SEP07-T62,weather,no,2026-09-09T17:35:00Z,0.815,0.515,0.3,False,,,,2026-09-09T17:35:00Z,0.515,closed,0.515,2026-09-09T17:35:00Z,False,0.29999999999999993,KXLOWTEWR,"Newark, NJ (EWR) Daily Low Temp",KEWR,2026-09-07,greater,62.0,,min,60.0,0,2.23,literature_placeholder
KXLOWTEWR-26SEP07-T55,weather,no,2026-09-09T17:35:00Z,0.9875,0.525,0.4625,False,,,,2026-09-09T17:35:00Z,0.525,closed,0.525,2026-09-09T17:35:00Z,False,0.4625,KXLOWTEWR,"Newark, NJ (EWR) Daily Low Temp",KEWR,2026-09-07,less,,55.0,min,60.0,0,2.23,literature_placeholder
KXLOWTEWR-26SEP07-B61.5,weather,no,2026-09-09T17:35:00Z,0.858,0.53,0.328,False,,,,2026-09-09T17:35:00Z,0.53,closed,0.53,2026-09-09T17:35:00Z,False,0.32799999999999996,KXLOWTEWR,"Newark, NJ (EWR) Daily Low Temp",KEWR,2026-09-07,between,61.0,62.0,min,60.0,0,2.23,literature_placeholder
KXLOWTEWR-26SEP07-B59.5,weather,no,2026-09-09T17:35:00Z,0.827,0.515,0.312,False,,,,2026-09-09T17:35:00Z,0.515,closed,0.515,2026-09-09T17:35:00Z,False,0.31199999999999994,KXLOWTEWR,"Newark, NJ (EWR) Daily Low Temp",KEWR,2026-09-07,between,59.0,60.0,min,60.0,0,2.23,literature_placeholder
KXLOWTEWR-26SEP07-B57.5,weather,no,2026-09-09T17:35:00Z,0.9044,0.515,0.3894,False,,,,2026-09-09T17:35:00Z,0.515,closed,0.515,2026-09-09T17:35:00Z,False,0.38939999999999997,KXLOWTEWR,"Newark, NJ (EWR) Daily Low Temp",KEWR,2026-09-07,between,57.0,58.0,min,60.0,0,2.23,literature_placeholder
KXLOWTEWR-26SEP07-B55.5,weather,no,2026-09-09T17:35:00Z,0.976,0.53,0.446,False,,,,2026-09-09T17:35:00Z,0.53,closed,0.53,2026-09-09T17:35:00Z,False,0.44599999999999995,KXLOWTEWR,"Newark, NJ (EWR) Daily Low Temp",KEWR,2026-09-07,between,55.0,56.0,min,60.0,0,2.23,literature_placeholder
KXHIGHTDAL-26SEP07-T99,weather,yes,2026-09-09T17:35:00Z,0.327,0.045,0.282,False,,,,2026-09-09T17:35:00Z,0.045,closed,0.045,2026-09-09T17:35:00Z,False,0.28200000000000003,KXHIGHTDAL,Dallas Maximum Temperature,KDFW,2026-09-07,less,,99.0,max,100.0,0,2.23,literature_placeholder
KXHIGHTDAL-26SEP07-B99.5,weather,no,2026-09-09T17:35:00Z,0.827,0.765,0.062,False,,,,2026-09-09T17:35:00Z,0.765,closed,0.765,2026-09-09T17:35:00Z,False,0.061999999999999944,KXHIGHTDAL,Dallas Maximum Temperature,KDFW,2026-09-07,between,99.0,100.0,max,100.0,0,2.23,literature_placeholder
KXHIGHTDAL-26SEP07-B101.5,weather,no,2026-09-09T17:35:00Z,0.858,0.375,0.483,False,,,,2026-09-09T17:35:00Z,0.375,closed,0.375,2026-09-09T17:35:00Z,False,0.483,KXHIGHTDAL,Dallas Maximum Temperature,KDFW,2026-09-07,between,101.0,102.0,max,100.0,0,2.23,literature_placeholder
KXLOWTLV-26SEP07-T71,weather,yes,2026-09-09T17:35:00Z,0.815,0.63,0.185,False,,,,2026-09-09T17:35:00Z,0.63,closed,0.63,2026-09-09T17:35:00Z,False,0.18499999999999994,KXLOWTLV,Las Vegas Daily Low Temperature,KLAS,2026-09-07,greater,71.0,,min,73.0,0,2.23,literature_placeholder
KXLOWTLV-26SEP07-B70.5,weather,no,2026-09-09T17:35:00Z,0.9044,0.73,0.1744,False,,,,2026-09-09T17:35:00Z,0.73,closed,0.73,2026-09-09T17:35:00Z,False,0.1744,KXLOWTLV,Las Vegas Daily Low Temperature,KLAS,2026-09-07,between,70.0,71.0,min,73.0,0,2.23,literature_placeholder
KXLOWTLV-26SEP07-B68.5,weather,no,2026-09-09T17:35:00Z,0.976,0.875,0.101,False,,,,2026-09-09T17:35:00Z,0.875,closed,0.875,2026-09-09T17:35:00Z,False,0.10099999999999998,KXLOWTLV,Las Vegas Daily Low Temperature,KLAS,2026-09-07,between,68.0,69.0,min,73.0,0,2.23,literature_placeholder
KXHIGHTOKC-26SEP07-T97,weather,yes,2026-09-09T17:35:00Z,0.0365,0.005,0.0315,False,,,,2026-09-09T17:35:00Z,0.005,closed,0.005,2026-09-09T17:35:00Z,False,0.0315,KXHIGHTOKC,Oklahoma City Maximum High Temperature,KOKC,2026-09-07,less,,97.0,max,101.0,0,2.23,literature_placeholder
KXHIGHTOKC-26SEP07-T104,weather,yes,2026-09-09T17:35:00Z,0.0894,0.005,0.0844,False,,,,2026-09-09T17:35:00Z,0.005,closed,0.005,2026-09-09T17:35:00Z,False,0.08439999999999999,KXHIGHTOKC,Oklahoma City Maximum High Temperature,KOKC,2026-09-07,greater,104.0,,max,101.0,0,2.23,literature_placeholder
KXHIGHTOKC-26SEP07-B99.5,weather,no,2026-09-09T17:35:00Z,0.858,0.71,0.148,False,,,,2026-09-09T17:35:00Z,0.71,closed,0.71,2026-09-09T17:35:00Z,False,0.14800000000000002,KXHIGHTOKC,Oklahoma City Maximum High Temperature,KOKC,2026-09-07,between,99.0,100.0,max,101.0,0,2.23,literature_placeholder
KXHIGHTOKC-26SEP07-B97.5,weather,yes,2026-09-09T17:35:00Z,0.0529,0.015,0.0379,False,,,,2026-09-09T17:35:00Z,0.015,closed,0.015,2026-09-09T17:35:00Z,False,0.0379,KXHIGHTOKC,Oklahoma City Maximum High Temperature,KOKC,2026-09-07,between,97.0,98.0,max,101.0,0,2.23,literature_placeholder
KXHIGHTOKC-26SEP07-B103.5,weather,no,2026-09-09T17:35:00Z,0.9044,0.865,0.0394,False,,,,2026-09-09T17:35:00Z,0.865,closed,0.865,2026-09-09T17:35:00Z,False,0.03939999999999999,KXHIGHTOKC,Oklahoma City Maximum High Temperature,KOKC,2026-09-07,between,103.0,104.0,max,101.0,0,2.23,literature_placeholder
KXHIGHTOKC-26SEP07-B101.5,weather,no,2026-09-09T17:35:00Z,0.827,0.445,0.382,False,,,,2026-09-09T17:35:00Z,0.445,closed,0.445,2026-09-09T17:35:00Z,False,0.38199999999999995,KXHIGHTOKC,Oklahoma City Maximum High Temperature,KOKC,2026-09-07,between,101.0,102.0,max,101.0,0,2.23,literature_placeholder
KXHIGHTPHX-26SEP07-T104,weather,yes,2026-09-09T17:35:00Z,0.5,0.015,0.485,False,,,,2026-09-09T17:35:00Z,0.015,closed,0.015,2026-09-09T17:35:00Z,False,0.485,KXHIGHTPHX,Phoenix High Temperature Daily,KPHX,2026-09-07,less,,104.0,max,104.0,0,2.23,literature_placeholder
KXHIGHTPHX-26SEP07-B108.5,weather,no,2026-09-09T17:35:00Z,0.976,0.615,0.361,False,,,,2026-09-09T17:35:00Z,0.615,closed,0.615,2026-09-09T17:35:00Z,False,0.361,KXHIGHTPHX,Phoenix High Temperature Daily,KPHX,2026-09-07,between,108.0,109.0,max,104.0,0,2.23,literature_placeholder
KXHIGHTPHX-26SEP07-B106.5,weather,no,2026-09-09T17:35:00Z,0.9044,0.475,0.4294,False,,,,2026-09-09T17:35:00Z,0.475,closed,0.475,2026-09-09T17:35:00Z,False,0.4294,KXHIGHTPHX,Phoenix High Temperature Daily,KPHX,2026-09-07,between,106.0,107.0,max,104.0,0,2.23,literature_placeholder
KXHIGHTPHX-26SEP07-B104.5,weather,yes,2026-09-09T17:35:00Z,0.173,0.075,0.098,False,,,,2026-09-09T17:35:00Z,0.075,closed,0.075,2026-09-09T17:35:00Z,False,0.09799999999999999,KXHIGHTPHX,Phoenix High Temperature Daily,KPHX,2026-09-07,between,104.0,105.0,max,104.0,0,2.23,literature_placeholder
KXHIGHAUS-26SEP07-T95,weather,yes,2026-09-09T17:35:00Z,0.5,0.005,0.495,False,,,,2026-09-09T17:35:00Z,0.005,closed,0.005,2026-09-09T17:35:00Z,False,0.495,KXHIGHAUS,Highest temperature in Austin,KAUS,2026-09-07,less,,95.0,max,95.0,0,2.23,literature_placeholder
KXHIGHAUS-26SEP07-B99.5,weather,no,2026-09-09T17:35:00Z,0.976,0.345,0.631,False,,,,2026-09-09T17:35:00Z,0.345,closed,0.345,2026-09-09T17:35:00Z,False,0.631,KXHIGHAUS,Highest temperature in Austin,KAUS,2026-09-07,between,99.0,100.0,max,95.0,0,2.23,literature_placeholder
KXHIGHAUS-26SEP07-B97.5,weather,no,2026-09-09T17:35:00Z,0.9044,0.725,0.1794,False,,,,2026-09-09T17:35:00Z,0.725,closed,0.725,2026-09-09T17:35:00Z,False,0.1794,KXHIGHAUS,Highest temperature in Austin,KAUS,2026-09-07,between,97.0,98.0,max,95.0,0,2.23,literature_placeholder
KXHIGHAUS-26SEP07-B95.5,weather,yes,2026-09-09T17:35:00Z,0.173,0.045,0.128,False,,,,2026-09-09T17:35:00Z,0.045,closed,0.045,2026-09-09T17:35:00Z,False,0.128,KXHIGHAUS,Highest temperature in Austin,KAUS,2026-09-07,between,95.0,96.0,max,95.0,0,2.23,literature_placeholder
KXHIGHAUS-26SEP07-B101.5,weather,no,2026-09-09T17:35:00Z,0.9973,0.945,0.0523,False,,,,2026-09-09T17:35:00Z,0.945,closed,0.945,2026-09-09T17:35:00Z,False,0.05230000000000001,KXHIGHAUS,Highest temperature in Austin,KAUS,2026-09-07,between,101.0,102.0,max,95.0,0,2.23,literature_placeholder
KXLOWTTTN-26SEP07-T58,weather,no,2026-09-09T17:35:00Z,0.9106,0.5,0.4106,False,,,,2026-09-09T17:35:00Z,0.5,closed,0.5,2026-09-09T17:35:00Z,False,0.41059999999999997,KXLOWTTTN,Trenton Daily low temp ,KTTN,2026-09-07,greater,58.0,,min,55.0,0,2.23,literature_placeholder
KXLOWTTTN-26SEP07-T51,weather,no,2026-09-09T17:35:00Z,0.9635,0.505,0.4585,False,,,,2026-09-09T17:35:00Z,0.505,closed,0.505,2026-09-09T17:35:00Z,False,0.4585,KXLOWTTTN,Trenton Daily low temp ,KTTN,2026-09-07,less,,51.0,min,55.0,0,2.23,literature_placeholder
KXLOWTTTN-26SEP07-B57.5,weather,no,2026-09-09T17:35:00Z,0.9044,0.5,0.4044,False,,,,2026-09-09T17:35:00Z,0.5,closed,0.5,2026-09-09T17:35:00Z,False,0.4044,KXLOWTTTN,Trenton Daily low temp ,KTTN,2026-09-07,between,57.0,58.0,min,55.0,0,2.23,literature_placeholder
KXLOWTTTN-26SEP07-B55.5,weather,yes,2026-09-09T17:35:00Z,0.173,0.005,0.168,False,,,,2026-09-09T17:35:00Z,0.005,closed,0.005,2026-09-09T17:35:00Z,False,0.16799999999999998,KXLOWTTTN,Trenton Daily low temp ,KTTN,2026-09-07,between,55.0,56.0,min,55.0,0,2.23,literature_placeholder
KXLOWTTTN-26SEP07-B53.5,weather,yes,2026-09-09T17:35:00Z,0.142,0.005,0.137,False,,,,2026-09-09T17:35:00Z,0.005,closed,0.005,2026-09-09T17:35:00Z,False,0.13699999999999998,KXLOWTTTN,Trenton Daily low temp ,KTTN,2026-09-07,between,53.0,54.0,min,55.0,0,2.23,literature_placeholder
KXLOWTTTN-26SEP07-B51.5,weather,yes,2026-09-09T17:35:00Z,0.0529,0.005,0.0479,False,,,,2026-09-09T17:35:00Z,0.005,closed,0.005,2026-09-09T17:35:00Z,False,0.047900000000000005,KXLOWTTTN,Trenton Daily low temp ,KTTN,2026-09-07,between,51.0,52.0,min,55.0,0,2.23,literature_placeholder
KXHIGHTSAN-26SEP07-T89,weather,no,2026-09-09T17:35:00Z,0.815,0.505,0.31,False,,,,2026-09-09T17:35:00Z,0.505,closed,0.505,2026-09-09T17:35:00Z,False,0.30999999999999994,KXHIGHTSAN,High Temperature San Diego,KSAN,2026-09-07,greater,89.0,,max,87.0,0,2.23,literature_placeholder
KXHIGHTSAN-26SEP07-T82,weather,no,2026-09-09T17:35:00Z,0.9875,0.505,0.4825,False,,,,2026-09-09T17:35:00Z,0.505,closed,0.505,2026-09-09T17:35:00Z,False,0.48250000000000004,KXHIGHTSAN,High Temperature San Diego,KSAN,2026-09-07,less,,82.0,max,87.0,0,2.23,literature_placeholder
KXHIGHTSAN-26SEP07-B88.5,weather,no,2026-09-09T17:35:00Z,0.858,0.505,0.353,False,,,,2026-09-09T17:35:00Z,0.505,closed,0.505,2026-09-09T17:35:00Z,False,0.353,KXHIGHTSAN,High Temperature San Diego,KSAN,2026-09-07,between,88.0,89.0,max,87.0,0,2.23,literature_placeholder
KXHIGHTSAN-26SEP07-B84.5,weather,no,2026-09-09T17:35:00Z,0.9044,0.805,0.0994,False,,,,2026-09-09T17:35:00Z,0.805,closed,0.805,2026-09-09T17:35:00Z,False,0.09939999999999993,KXHIGHTSAN,High Temperature San Diego,KSAN,2026-09-07,between,84.0,85.0,max,87.0,0,2.23,literature_placeholder
KXHIGHTSAN-26SEP07-B82.5,weather,no,2026-09-09T17:35:00Z,0.976,0.75,0.226,False,,,,2026-09-09T17:35:00Z,0.75,closed,0.75,2026-09-09T17:35:00Z,False,0.22599999999999998,KXHIGHTSAN,High Temperature San Diego,KSAN,2026-09-07,between,82.0,83.0,max,87.0,0,2.23,literature_placeholder
KXLOWTPHIL-26SEP07-T63,weather,no,2026-09-09T17:35:00Z,0.9106,0.125,0.7856,False,,,,2026-09-09T17:35:00Z,0.125,closed,0.125,2026-09-09T17:35:00Z,False,0.7856,KXLOWTPHIL,Lowest temperature in Philadelphia,KPHL,2026-09-07,greater,63.0,,min,60.0,0,2.23,literature_placeholder
KXLOWTPHIL-26SEP07-T56,weather,yes,2026-09-09T17:35:00Z,0.0365,0.005,0.0315,False,,,,2026-09-09T17:35:00Z,0.005,closed,0.005,2026-09-09T17:35:00Z,False,0.0315,KXLOWTPHIL,Lowest temperature in Philadelphia,KPHL,2026-09-07,less,,56.0,min,60.0,0,2.23,literature_placeholder
KXLOWTPHIL-26SEP07-B62.5,weather,no,2026-09-09T17:35:00Z,0.9044,0.815,0.0894,False,,,,2026-09-09T17:35:00Z,0.815,closed,0.815,2026-09-09T17:35:00Z,False,0.08940000000000003,KXLOWTPHIL,Lowest temperature in Philadelphia,KPHL,2026-09-07,between,62.0,63.0,min,60.0,0,2.23,literature_placeholder
KXLOWTPHIL-26SEP07-B60.5,weather,yes,2026-09-09T17:35:00Z,0.173,0.015,0.158,False,,,,2026-09-09T17:35:00Z,0.015,closed,0.015,2026-09-09T17:35:00Z,False,0.15799999999999997,KXLOWTPHIL,Lowest temperature in Philadelphia,KPHL,2026-09-07,between,60.0,61.0,min,60.0,0,2.23,literature_placeholder
KXLOWTPHIL-26SEP07-B58.5,weather,yes,2026-09-09T17:35:00Z,0.142,0.005,0.137,False,,,,2026-09-09T17:35:00Z,0.005,closed,0.005,2026-09-09T17:35:00Z,False,0.13699999999999998,KXLOWTPHIL,Lowest temperature in Philadelphia,KPHL,2026-09-07,between,58.0,59.0,min,60.0,0,2.23,literature_placeholder
KXLOWTPHIL-26SEP07-B56.5,weather,yes,2026-09-09T17:35:00Z,0.0529,0.005,0.0479,False,,,,2026-09-09T17:35:00Z,0.005,closed,0.005,2026-09-09T17:35:00Z,False,0.047900000000000005,KXLOWTPHIL,Lowest temperature in Philadelphia,KPHL,2026-09-07,between,56.0,57.0,min,60.0,0,2.23,literature_placeholder
KXHIGHLAX-26SEP07-T83,weather,no,2026-09-09T17:35:00Z,0.9875,0.195,0.7925,False,,,,2026-09-09T17:35:00Z,0.195,closed,0.195,2026-09-09T17:35:00Z,False,0.7925,KXHIGHLAX,Highest temperature in Los Angeles,KLAX,2026-09-07,greater,83.0,,max,78.0,0,2.23,literature_placeholder
KXHIGHLAX-26SEP07-T76,weather,yes,2026-09-09T17:35:00Z,0.185,0.005,0.18,False,,,,2026-09-09T17:35:00Z,0.005,closed,0.005,2026-09-09T17:35:00Z,False,0.18,KXHIGHLAX,Highest temperature in Los Angeles,KLAX,2026-09-07,less,,76.0,max,78.0,0,2.23,literature_placeholder
KXHIGHLAX-26SEP07-B82.5,weather,no,2026-09-09T17:35:00Z,0.976,0.885,0.091,False,,,,2026-09-09T17:35:00Z,0.885,closed,0.885,2026-09-09T17:35:00Z,False,0.09099999999999997,KXHIGHLAX,Highest temperature in Los Angeles,KLAX,2026-09-07,between,82.0,83.0,max,78.0,0,2.23,literature_placeholder
KXHIGHLAX-26SEP07-B80.5,weather,yes,2026-09-09T17:35:00Z,0.0956,0.045,0.0506,False,,,,2026-09-09T17:35:00Z,0.045,closed,0.045,2026-09-09T17:35:00Z,False,0.050600000000000006,KXHIGHLAX,Highest temperature in Los Angeles,KLAX,2026-09-07,between,80.0,81.0,max,78.0,0,2.23,literature_placeholder
KXHIGHLAX-26SEP07-B78.5,weather,yes,2026-09-09T17:35:00Z,0.173,0.015,0.158,False,,,,2026-09-09T17:35:00Z,0.015,closed,0.015,2026-09-09T17:35:00Z,False,0.15799999999999997,KXHIGHLAX,Highest temperature in Los Angeles,KLAX,2026-09-07,between,78.0,79.0,max,78.0,0,2.23,literature_placeholder
KXHIGHLAX-26SEP07-B76.5,weather,yes,2026-09-09T17:35:00Z,0.142,0.005,0.137,False,,,,2026-09-09T17:35:00Z,0.005,closed,0.005,2026-09-09T17:35:00Z,False,0.13699999999999998,KXHIGHLAX,Highest temperature in Los Angeles,KLAX,2026-09-07,between,76.0,77.0,max,78.0,0,2.23,literature_placeholder
KXHIGHTSDF-26SEP07-T94,weather,no,2026-09-09T17:35:00Z,0.9875,0.67,0.3175,False,,,,2026-09-09T17:35:00Z,0.67,closed,0.67,2026-09-09T17:35:00Z,False,0.3175,KXHIGHTSDF,HIGHEST Temperature SATX,KSDF,2026-09-07,greater,94.0,,max,89.0,0,2.23,literature_placeholder
KXHIGHTSDF-26SEP07-T87,weather,no,2026-09-09T17:35:00Z,0.815,0.505,0.31,False,,,,2026-09-09T17:35:00Z,0.505,closed,0.505,2026-09-09T17:35:00Z,False,0.30999999999999994,KXHIGHTSDF,HIGHEST Temperature SATX,KSDF,2026-09-07,less,,87.0,max,89.0,0,2.23,literature_placeholder
KXHIGHTSDF-26SEP07-B93.5,weather,no,2026-09-09T17:35:00Z,0.976,0.705,0.271,False,,,,2026-09-09T17:35:00Z,0.705,closed,0.705,2026-09-09T17:35:00Z,False,0.271,KXHIGHTSDF,HIGHEST Temperature SATX,KSDF,2026-09-07,between,93.0,94.0,max,89.0,0,2.23,literature_placeholder
KXHIGHTSDF-26SEP07-B91.5,weather,no,2026-09-09T17:35:00Z,0.9044,0.505,0.3994,False,,,,2026-09-09T17:35:00Z,0.505,closed,0.505,2026-09-09T17:35:00Z,False,0.3994,KXHIGHTSDF,HIGHEST Temperature SATX,KSDF,2026-09-07,between,91.0,92.0,max,89.0,0,2.23,literature_placeholder
KXHIGHTSDF-26SEP07-B89.5,weather,no,2026-09-09T17:35:00Z,0.827,0.46,0.367,False,,,,2026-09-09T17:35:00Z,0.46,closed,0.46,2026-09-09T17:35:00Z,False,0.36699999999999994,KXHIGHTSDF,HIGHEST Temperature SATX,KSDF,2026-09-07,between,89.0,90.0,max,89.0,0,2.23,literature_placeholder
KXHIGHTSDF-26SEP07-B87.5,weather,no,2026-09-09T17:35:00Z,0.858,0.72,0.138,False,,,,2026-09-09T17:35:00Z,0.72,closed,0.72,2026-09-09T17:35:00Z,False,0.138,KXHIGHTSDF,HIGHEST Temperature SATX,KSDF,2026-09-07,between,87.0,88.0,max,89.0,0,2.23,literature_placeholder
KXLOWTPHX-26SEP07-T86,weather,no,2026-09-09T17:35:00Z,0.5,0.335,0.165,False,,,,2026-09-09T17:35:00Z,0.335,closed,0.335,2026-09-09T17:35:00Z,False,0.16499999999999998,KXLOWTPHX,Low Temperature Phoenix,KPHX,2026-09-07,greater,86.0,,min,86.0,0,2.23,literature_placeholder
KXLOWTPHX-26SEP07-B85.5,weather,no,2026-09-09T17:35:00Z,0.827,0.68,0.147,False,,,,2026-09-09T17:35:00Z,0.68,closed,0.68,2026-09-09T17:35:00Z,False,0.1469999999999999,KXLOWTPHX,Low Temperature Phoenix,KPHX,2026-09-07,between,85.0,86.0,min,86.0,0,2.23,literature_placeholder
KXLOWTPHX-26SEP07-B83.5,weather,yes,2026-09-09T17:35:00Z,0.0956,0.045,0.0506,False,,,,2026-09-09T17:35:00Z,0.045,closed,0.045,2026-09-09T17:35:00Z,False,0.050600000000000006,KXLOWTPHX,Low Temperature Phoenix,KPHX,2026-09-07,between,83.0,84.0,min,86.0,0,2.23,literature_placeholder
KXHIGHTEWR-26SEP07-T85,weather,no,2026-09-09T17:35:00Z,1.0,0.805,0.195,False,,,,2026-09-09T17:35:00Z,0.805,closed,0.805,2026-09-09T17:35:00Z,False,0.19499999999999995,KXHIGHTEWR,"Newark, NJ (EWR) Daily Max Temp",KEWR,2026-09-07,greater,85.0,,max,76.0,0,2.23,literature_placeholder
KXHIGHTEWR-26SEP07-T78,weather,yes,2026-09-09T17:35:00Z,0.815,0.16,0.655,False,,,,2026-09-09T17:35:00Z,0.16,closed,0.16,2026-09-09T17:35:00Z,False,0.6549999999999999,KXHIGHTEWR,"Newark, NJ (EWR) Daily Max Temp",KEWR,2026-09-07,less,,78.0,max,76.0,0,2.23,literature_placeholder
KXHIGHTEWR-26SEP07-B84.5,weather,no,2026-09-09T17:35:00Z,0.9999,0.8,0.1999,False,,,,2026-09-09T17:35:00Z,0.8,closed,0.8,2026-09-09T17:35:00Z,False,0.19989999999999997,KXHIGHTEWR,"Newark, NJ (EWR) Daily Max Temp",KEWR,2026-09-07,between,84.0,85.0,max,76.0,0,2.23,literature_placeholder
KXHIGHTEWR-26SEP07-B82.5,weather,no,2026-09-09T17:35:00Z,0.9973,0.76,0.2373,False,,,,2026-09-09T17:35:00Z,0.76,closed,0.76,2026-09-09T17:35:00Z,False,0.23729999999999996,KXHIGHTEWR,"Newark, NJ (EWR) Daily Max Temp",KEWR,2026-09-07,between,82.0,83.0,max,76.0,0,2.23,literature_placeholder
KXHIGHTEWR-26SEP07-B80.5,weather,no,2026-09-09T17:35:00Z,0.976,0.615,0.361,False,,,,2026-09-09T17:35:00Z,0.615,closed,0.615,2026-09-09T17:35:00Z,False,0.361,KXHIGHTEWR,"Newark, NJ (EWR) Daily Max Temp",KEWR,2026-09-07,between,80.0,81.0,max,76.0,0,2.23,literature_placeholder
KXHIGHTEWR-26SEP07-B78.5,weather,no,2026-09-09T17:35:00Z,0.9044,0.775,0.1294,False,,,,2026-09-09T17:35:00Z,0.775,closed,0.775,2026-09-09T17:35:00Z,False,0.12939999999999996,KXHIGHTEWR,"Newark, NJ (EWR) Daily Max Temp",KEWR,2026-09-07,between,78.0,79.0,max,76.0,0,2.23,literature_placeholder
KXHIGHTHOU-26SEP07-T91,weather,yes,2026-09-09T17:35:00Z,0.185,0.025,0.16,False,,,,2026-09-09T17:35:00Z,0.025,closed,0.025,2026-09-09T17:35:00Z,False,0.16,KXHIGHTHOU,Daily High Temperature Houston,KHOU,2026-09-07,less,,91.0,max,93.0,0,2.23,literature_placeholder
KXHIGHTHOU-26SEP07-B95.5,weather,no,2026-09-09T17:35:00Z,0.9044,0.625,0.2794,False,,,,2026-09-09T17:35:00Z,0.625,closed,0.625,2026-09-09T17:35:00Z,False,0.2794,KXHIGHTHOU,Daily High Temperature Houston,KHOU,2026-09-07,between,95.0,96.0,max,93.0,0,2.23,literature_placeholder
KXHIGHTHOU-26SEP07-B93.5,weather,no,2026-09-09T17:35:00Z,0.827,0.555,0.272,False,,,,2026-09-09T17:35:00Z,0.555,closed,0.555,2026-09-09T17:35:00Z,False,0.2719999999999999,KXHIGHTHOU,Daily High Temperature Houston,KHOU,2026-09-07,between,93.0,94.0,max,93.0,0,2.23,literature_placeholder
KXHIGHTSFO-26SEP07-T81,weather,no,2026-09-09T17:35:00Z,1.0,0.615,0.385,False,,,,2026-09-09T17:35:00Z,0.615,closed,0.615,2026-09-09T17:35:00Z,False,0.385,KXHIGHTSFO,San Francisco High Temperature Daily,KSFO,2026-09-07,greater,81.0,,max,69.0,0,2.23,literature_placeholder
KXHIGHTSFO-26SEP07-T74,weather,yes,2026-09-09T17:35:00Z,0.9875,0.025,0.9625,False,,,,2026-09-09T17:35:00Z,0.025,closed,0.025,2026-09-09T17:35:00Z,False,0.9625,KXHIGHTSFO,San Francisco High Temperature Daily,KSFO,2026-09-07,less,,74.0,max,69.0,0,2.23,literature_placeholder
KXHIGHTSFO-26SEP07-B80.5,weather,no,2026-09-09T17:35:00Z,1.0,0.74,0.26,False,,,,2026-09-09T17:35:00Z,0.74,closed,0.74,2026-09-09T17:35:00Z,False,0.26,KXHIGHTSFO,San Francisco High Temperature Daily,KSFO,2026-09-07,between,80.0,81.0,max,69.0,0,2.23,literature_placeholder
KXHIGHTSFO-26SEP07-B78.5,weather,no,2026-09-09T17:35:00Z,1.0,0.775,0.225,False,,,,2026-09-09T17:35:00Z,0.775,closed,0.775,2026-09-09T17:35:00Z,False,0.22499999999999998,KXHIGHTSFO,San Francisco High Temperature Daily,KSFO,2026-09-07,between,78.0,79.0,max,69.0,0,2.23,literature_placeholder
KXHIGHTSFO-26SEP07-B76.5,weather,no,2026-09-09T17:35:00Z,0.9993,0.925,0.0743,False,,,,2026-09-09T17:35:00Z,0.925,closed,0.925,2026-09-09T17:35:00Z,False,0.07429999999999992,KXHIGHTSFO,San Francisco High Temperature Daily,KSFO,2026-09-07,between,76.0,77.0,max,69.0,0,2.23,literature_placeholder
KXHIGHTSFO-26SEP07-B74.5,weather,no,2026-09-09T17:35:00Z,0.9911,0.95,0.0411,False,,,,2026-09-09T17:35:00Z,0.95,closed,0.95,2026-09-09T17:35:00Z,False,0.041100000000000025,KXHIGHTSFO,San Francisco High Temperature Daily,KSFO,2026-09-07,between,74.0,75.0,max,69.0,0,2.23,literature_placeholder
KXHIGHTSATX-26SEP07-T96,weather,yes,2026-09-09T17:35:00Z,0.5,0.025,0.475,False,,,,2026-09-09T17:35:00Z,0.025,closed,0.025,2026-09-09T17:35:00Z,False,0.475,KXHIGHTSATX,San Antonio Daily Maximum Temperature,KSAT,2026-09-07,less,,96.0,max,96.0,0,2.23,literature_placeholder
KXHIGHTSATX-26SEP07-B98.5,weather,no,2026-09-09T17:35:00Z,0.9044,0.335,0.5694,False,,,,2026-09-09T17:35:00Z,0.335,closed,0.335,2026-09-09T17:35:00Z,False,0.5693999999999999,KXHIGHTSATX,San Antonio Daily Maximum Temperature,KSAT,2026-09-07,between,98.0,99.0,max,96.0,0,2.23,literature_placeholder
KXHIGHTSATX-26SEP07-B96.5,weather,yes,2026-09-09T17:35:00Z,0.173,0.025,0.148,False,,,,2026-09-09T17:35:00Z,0.025,closed,0.025,2026-09-09T17:35:00Z,False,0.148,KXHIGHTSATX,San Antonio Daily Maximum Temperature,KSAT,2026-09-07,between,96.0,97.0,max,96.0,0,2.23,literature_placeholder
KXHIGHTSATX-26SEP07-B100.5,weather,no,2026-09-09T17:35:00Z,0.976,0.695,0.281,False,,,,2026-09-09T17:35:00Z,0.695,closed,0.695,2026-09-09T17:35:00Z,False,0.281,KXHIGHTSATX,San Antonio Daily Maximum Temperature,KSAT,2026-09-07,between,100.0,101.0,max,96.0,0,2.23,literature_placeholder
KXHIGHTSEA-26SEP07-T73,weather,yes,2026-09-09T17:35:00Z,0.5,0.035,0.465,False,,,,2026-09-09T17:35:00Z,0.035,closed,0.035,2026-09-09T17:35:00Z,False,0.46499999999999997,KXHIGHTSEA,Seattle Maximum Temperature Daily,KSEA,2026-09-07,greater,73.0,,max,73.0,0,2.23,literature_placeholder
KXHIGHTSEA-26SEP07-B72.5,weather,yes,2026-09-09T17:35:00Z,0.173,0.095,0.078,False,,,,2026-09-09T17:35:00Z,0.095,closed,0.095,2026-09-09T17:35:00Z,False,0.07799999999999999,KXHIGHTSEA,Seattle Maximum Temperature Daily,KSEA,2026-09-07,between,72.0,73.0,max,73.0,0,2.23,literature_placeholder
KXHIGHTSEA-26SEP07-B70.5,weather,no,2026-09-09T17:35:00Z,0.9044,0.525,0.3794,False,,,,2026-09-09T17:35:00Z,0.525,closed,0.525,2026-09-09T17:35:00Z,False,0.37939999999999996,KXHIGHTSEA,Seattle Maximum Temperature Daily,KSEA,2026-09-07,between,70.0,71.0,max,73.0,0,2.23,literature_placeholder
KXHIGHTSEA-26SEP07-B68.5,weather,no,2026-09-09T17:35:00Z,0.976,0.635,0.341,False,,,,2026-09-09T17:35:00Z,0.635,closed,0.635,2026-09-09T17:35:00Z,False,0.34099999999999997,KXHIGHTSEA,Seattle Maximum Temperature Daily,KSEA,2026-09-07,between,68.0,69.0,max,73.0,0,2.23,literature_placeholder
KXHIGHTSEA-26SEP07-B66.5,weather,no,2026-09-09T17:35:00Z,0.9973,0.93,0.0673,False,,,,2026-09-09T17:35:00Z,0.93,closed,0.93,2026-09-09T17:35:00Z,False,0.06729999999999992,KXHIGHTSEA,Seattle Maximum Temperature Daily,KSEA,2026-09-07,between,66.0,67.0,max,73.0,0,2.23,literature_placeholder
KXLOWTSFO-26SEP07-T57,weather,yes,2026-09-09T17:35:00Z,0.327,0.245,0.082,False,,,,2026-09-09T17:35:00Z,0.245,closed,0.245,2026-09-09T17:35:00Z,False,0.08200000000000002,KXLOWTSFO,Lowest Temperature San Francisco,KSFO,2026-09-07,greater,57.0,,min,56.0,0,2.23,literature_placeholder
KXLOWTSFO-26SEP07-B56.5,weather,no,2026-09-09T17:35:00Z,0.827,0.425,0.402,False,,,,2026-09-09T17:35:00Z,0.425,closed,0.425,2026-09-09T17:35:00Z,False,0.40199999999999997,KXLOWTSFO,Lowest Temperature San Francisco,KSFO,2026-09-07,between,56.0,57.0,min,56.0,0,2.23,literature_placeholder
KXLOWTSFO-26SEP07-B52.5,weather,yes,2026-09-09T17:35:00Z,0.0529,0.02,0.0329,False,,,,2026-09-09T17:35:00Z,0.02,closed,0.02,2026-09-09T17:35:00Z,False,0.0329,KXLOWTSFO,Lowest Temperature San Francisco,KSFO,2026-09-07,between,52.0,53.0,min,56.0,0,2.23,literature_placeholder
KXHIGHTNOLA-26SEP07-T97,weather,yes,2026-09-09T17:35:00Z,0.185,0.035,0.15,False,,,,2026-09-09T17:35:00Z,0.035,closed,0.035,2026-09-09T17:35:00Z,False,0.15,KXHIGHTNOLA,New Orleans Max temp Daily,KMSY,2026-09-07,greater,97.0,,max,95.0,0,2.23,literature_placeholder
KXHIGHTNOLA-26SEP07-B96.5,weather,no,2026-09-09T17:35:00Z,0.858,0.775,0.083,False,,,,2026-09-09T17:35:00Z,0.775,closed,0.775,2026-09-09T17:35:00Z,False,0.08299999999999996,KXHIGHTNOLA,New Orleans Max temp Daily,KMSY,2026-09-07,between,96.0,97.0,max,95.0,0,2.23,literature_placeholder
KXHIGHTNOLA-26SEP07-B94.5,weather,no,2026-09-09T17:35:00Z,0.827,0.46,0.367,False,,,,2026-09-09T17:35:00Z,0.46,closed,0.46,2026-09-09T17:35:00Z,False,0.36699999999999994,KXHIGHTNOLA,New Orleans Max temp Daily,KMSY,2026-09-07,between,94.0,95.0,max,95.0,0,2.23,literature_placeholder
KXLOWTNOLA-26SEP07-T78,weather,yes,2026-09-09T17:35:00Z,0.5,0.4,0.1,False,,,,2026-09-09T17:35:00Z,0.4,closed,0.4,2026-09-09T17:35:00Z,False,0.09999999999999998,KXLOWTNOLA,NOLA Low Temperature,KMSY,2026-09-07,greater,78.0,,min,78.0,0,2.23,literature_placeholder
KXLOWTNOLA-26SEP07-B77.5,weather,no,2026-09-09T17:35:00Z,0.827,0.53,0.297,False,,,,2026-09-09T17:35:00Z,0.53,closed,0.53,2026-09-09T17:35:00Z,False,0.29699999999999993,KXLOWTNOLA,NOLA Low Temperature,KMSY,2026-09-07,between,77.0,78.0,min,78.0,0,2.23,literature_placeholder
KXLOWTNOLA-26SEP07-B75.5,weather,no,2026-09-09T17:35:00Z,0.9044,0.835,0.0694,False,,,,2026-09-09T17:35:00Z,0.835,closed,0.835,2026-09-09T17:35:00Z,False,0.06940000000000002,KXLOWTNOLA,NOLA Low Temperature,KMSY,2026-09-07,between,75.0,76.0,min,78.0,0,2.23,literature_placeholder
KXHIGHDEN-26SEP07-T93,weather,yes,2026-09-09T17:35:00Z,0.185,0.015,0.17,False,,,,2026-09-09T17:35:00Z,0.015,closed,0.015,2026-09-09T17:35:00Z,False,0.16999999999999998,KXHIGHDEN,Highest temperature in Denver,KDEN,2026-09-07,greater,93.0,,max,91.0,0,2.23,literature_placeholder
KXHIGHDEN-26SEP07-B92.5,weather,yes,2026-09-09T17:35:00Z,0.142,0.055,0.087,False,,,,2026-09-09T17:35:00Z,0.055,closed,0.055,2026-09-09T17:35:00Z,False,0.087,KXHIGHDEN,Highest temperature in Denver,KDEN,2026-09-07,between,92.0,93.0,max,91.0,0,2.23,literature_placeholder
KXHIGHDEN-26SEP07-B90.5,weather,no,2026-09-09T17:35:00Z,0.827,0.515,0.312,False,,,,2026-09-09T17:35:00Z,0.515,closed,0.515,2026-09-09T17:35:00Z,False,0.31199999999999994,KXHIGHDEN,Highest temperature in Denver,KDEN,2026-09-07,between,90.0,91.0,max,91.0,0,2.23,literature_placeholder
KXHIGHDEN-26SEP07-B88.5,weather,no,2026-09-09T17:35:00Z,0.9044,0.62,0.2844,False,,,,2026-09-09T17:35:00Z,0.62,closed,0.62,2026-09-09T17:35:00Z,False,0.2844,KXHIGHDEN,Highest temperature in Denver,KDEN,2026-09-07,between,88.0,89.0,max,91.0,0,2.23,literature_placeholder
KXHIGHDEN-26SEP07-B86.5,weather,no,2026-09-09T17:35:00Z,0.976,0.945,0.031,False,,,,2026-09-09T17:35:00Z,0.945,closed,0.945,2026-09-09T17:35:00Z,False,0.031000000000000028,KXHIGHDEN,Highest temperature in Denver,KDEN,2026-09-07,between,86.0,87.0,max,91.0,0,2.23,literature_placeholder
KXHIGHNY-26SEP10-T85,weather,yes,2026-09-09T19:49:34Z,0.28,0.245,0.035,False,,,,2026-09-09T19:49:34Z,0.245,open,,,,,KXHIGHNY,Highest temperature in NYC,KNYC,2026-09-10,less,,85.0,max,86.0,1,1.72,real_measured
KXHIGHNY-26SEP10-B87.5,weather,no,2026-09-09T19:49:34Z,0.8419,0.635,0.2069,False,,,,2026-09-09T19:49:34Z,0.635,open,,,,,KXHIGHNY,Highest temperature in NYC,KNYC,2026-09-10,between,87.0,88.0,max,86.0,1,1.72,real_measured
KXHIGHNY-26SEP10-B85.5,weather,no,2026-09-09T19:49:34Z,0.78,0.605,0.175,False,,,,2026-09-09T19:49:34Z,0.605,open,,,,,KXHIGHNY,Highest temperature in NYC,KNYC,2026-09-10,between,85.0,86.0,max,86.0,1,1.72,real_measured
KXHIGHNY-26SEP09-T84,weather,no,2026-09-09T19:49:34Z,0.8238,0.03,0.7938,False,,,,2026-09-09T19:49:34Z,0.03,open,,,,,KXHIGHNY,Highest temperature in NYC,KNYC,2026-09-09,less,,84.0,max,86.0,0,2.15,real_measured
KXHIGHNY-26SEP09-B88.5,weather,yes,2026-09-09T19:49:34Z,0.0947,0.005,0.0897,False,,,,2026-09-09T19:49:34Z,0.005,open,,,,,KXHIGHNY,Highest temperature in NYC,KNYC,2026-09-09,between,88.0,89.0,max,86.0,0,2.15,real_measured
KXHIGHNY-26SEP09-B86.5,weather,yes,2026-09-09T19:49:34Z,0.179,0.005,0.174,False,,,,2026-09-09T19:49:34Z,0.005,open,,,,,KXHIGHNY,Highest temperature in NYC,KNYC,2026-09-09,between,86.0,87.0,max,86.0,0,2.15,real_measured
KXHIGHNY-26SEP09-B84.5,weather,yes,2026-09-09T19:49:34Z,0.1448,0.025,0.1198,False,,,,2026-09-09T19:49:34Z,0.025,open,,,,,KXHIGHNY,Highest temperature in NYC,KNYC,2026-09-09,between,84.0,85.0,max,86.0,0,2.15,real_measured
KXLOWTDAL-26SEP10-T80,weather,yes,2026-09-09T19:49:34Z,0.5,0.145,0.355,False,,,,2026-09-09T19:49:34Z,0.145,open,,,,,KXLOWTDAL,Lowest temperature Dallas,KDFW,2026-09-10,greater,80.0,,min,80.0,1,1.72,real_measured
KXLOWTDAL-26SEP10-B79.5,weather,no,2026-09-09T19:49:34Z,0.78,0.415,0.365,False,,,,2026-09-09T19:49:34Z,0.415,open,,,,,KXLOWTDAL,Lowest temperature Dallas,KDFW,2026-09-10,between,79.0,80.0,min,80.0,1,1.72,real_measured
KXLOWTDAL-26SEP10-B77.5,weather,no,2026-09-09T19:49:34Z,0.9183,0.77,0.1483,False,,,,2026-09-09T19:49:34Z,0.77,open,,,,,KXLOWTDAL,Lowest temperature Dallas,KDFW,2026-09-10,between,77.0,78.0,min,80.0,1,1.72,real_measured
KXLOWTDAL-26SEP10-B75.5,weather,no,2026-09-09T19:49:34Z,0.9919,0.96,0.0319,False,,,,2026-09-09T19:49:34Z,0.96,open,,,,,KXLOWTDAL,Lowest temperature Dallas,KDFW,2026-09-10,between,75.0,76.0,min,80.0,1,1.72,real_measured
KXLOWTDAL-26SEP09-T82,weather,yes,2026-09-09T19:49:34Z,0.5,0.005,0.495,False,,,,2026-09-09T19:49:34Z,0.005,open,,,,,KXLOWTDAL,Lowest temperature Dallas,KDFW,2026-09-09,greater,82.0,,min,82.0,0,2.15,real_measured
KXLOWTDAL-26SEP09-B81.5,weather,no,2026-09-09T19:49:34Z,0.821,0.035,0.786,False,,,,2026-09-09T19:49:34Z,0.035,open,,,,,KXLOWTDAL,Lowest temperature Dallas,KDFW,2026-09-09,between,81.0,82.0,min,82.0,0,2.15,real_measured
KXLOWTDAL-26SEP09-B79.5,weather,yes,2026-09-09T19:49:34Z,0.0947,0.03,0.0647,False,,,,2026-09-09T19:49:34Z,0.03,open,,,,,KXLOWTDAL,Lowest temperature Dallas,KDFW,2026-09-09,between,79.0,80.0,min,82.0,0,2.15,real_measured
KXHIGHTEWR-26SEP10-T85,weather,no,2026-09-09T19:49:34Z,0.9598,0.795,0.1648,False,,,,2026-09-09T19:49:34Z,0.795,open,,,,,KXHIGHTEWR,"Newark, NJ (EWR) Daily Max Temp",KEWR,2026-09-10,less,,85.0,max,88.0,1,1.72,real_measured
KXHIGHTEWR-26SEP10-B91.5,weather,no,2026-09-09T19:49:34Z,0.9697,0.57,0.3997,False,,,,2026-09-09T19:49:34Z,0.57,open,,,,,KXHIGHTEWR,"Newark, NJ (EWR) Daily Max Temp",KEWR,2026-09-10,between,91.0,92.0,max,88.0,1,1.72,real_measured
KXHIGHTEWR-26SEP10-B89.5,weather,no,2026-09-09T19:49:34Z,0.8419,0.555,0.2869,False,,,,2026-09-09T19:49:34Z,0.555,open,,,,,KXHIGHTEWR,"Newark, NJ (EWR) Daily Max Temp",KEWR,2026-09-10,between,89.0,90.0,max,88.0,1,1.72,real_measured
KXHIGHTEWR-26SEP10-B87.5,weather,no,2026-09-09T19:49:34Z,0.78,0.56,0.22,False,,,,2026-09-09T19:49:34Z,0.56,open,,,,,KXHIGHTEWR,"Newark, NJ (EWR) Daily Max Temp",KEWR,2026-09-10,between,87.0,88.0,max,88.0,1,1.72,real_measured
KXHIGHTEWR-26SEP10-B85.5,weather,no,2026-09-09T19:49:34Z,0.9183,0.57,0.3483,False,,,,2026-09-09T19:49:34Z,0.57,open,,,,,KXHIGHTEWR,"Newark, NJ (EWR) Daily Max Temp",KEWR,2026-09-10,between,85.0,86.0,max,88.0,1,1.72,real_measured
KXHIGHTEWR-26SEP09-T87,weather,yes,2026-09-09T19:49:34Z,0.321,0.005,0.316,False,,,,2026-09-09T19:49:34Z,0.005,open,,,,,KXHIGHTEWR,"Newark, NJ (EWR) Daily Max Temp",KEWR,2026-09-09,less,,87.0,max,88.0,0,2.15,real_measured
KXHIGHTEWR-26SEP09-B89.5,weather,no,2026-09-09T19:49:34Z,0.8552,0.54,0.3152,False,,,,2026-09-09T19:49:34Z,0.54,open,,,,,KXHIGHTEWR,"Newark, NJ (EWR) Daily Max Temp",KEWR,2026-09-09,between,89.0,90.0,max,88.0,0,2.15,real_measured
KXHIGHTEWR-26SEP09-B87.5,weather,no,2026-09-09T19:49:34Z,0.821,0.49,0.331,False,,,,2026-09-09T19:49:34Z,0.49,open,,,,,KXHIGHTEWR,"Newark, NJ (EWR) Daily Max Temp",KEWR,2026-09-09,between,87.0,88.0,max,88.0,0,2.15,real_measured
KXHIGHLAX-26SEP10-T90,weather,no,2026-09-09T19:49:34Z,0.9598,0.32,0.6398,False,,,,2026-09-09T19:49:34Z,0.32,open,,,,,KXHIGHLAX,Highest temperature in Los Angeles,KLAX,2026-09-10,greater,90.0,,max,87.0,1,1.72,real_measured
KXHIGHLAX-26SEP10-B89.5,weather,no,2026-09-09T19:49:34Z,0.9183,0.775,0.1433,False,,,,2026-09-09T19:49:34Z,0.775,open,,,,,KXHIGHLAX,Highest temperature in Los Angeles,KLAX,2026-09-10,between,89.0,90.0,max,87.0,1,1.72,real_measured
KXHIGHLAX-26SEP10-B87.5,weather,yes,2026-09-09T19:49:34Z,0.22,0.115,0.105,False,,,,2026-09-09T19:49:34Z,0.115,open,,,,,KXHIGHLAX,Highest temperature in Los Angeles,KLAX,2026-09-10,between,87.0,88.0,max,87.0,1,1.72,real_measured
KXHIGHLAX-26SEP10-B85.5,weather,yes,2026-09-09T19:49:34Z,0.1581,0.015,0.1431,False,,,,2026-09-09T19:49:34Z,0.015,open,,,,,KXHIGHLAX,Highest temperature in Los Angeles,KLAX,2026-09-10,between,85.0,86.0,max,87.0,1,1.72,real_measured
KXHIGHLAX-26SEP09-T92,weather,no,2026-09-09T19:49:34Z,0.5,0.005,0.495,False,,,,2026-09-09T19:49:34Z,0.005,open,,,,,KXHIGHLAX,Highest temperature in Los Angeles,KLAX,2026-09-09,greater,92.0,,max,92.0,0,2.15,real_measured
KXHIGHLAX-26SEP09-B91.5,weather,yes,2026-09-09T19:49:34Z,0.179,0.005,0.174,False,,,,2026-09-09T19:49:34Z,0.005,open,,,,,KXHIGHLAX,Highest temperature in Los Angeles,KLAX,2026-09-09,between,91.0,92.0,max,92.0,0,2.15,real_measured
KXHIGHLAX-26SEP09-B89.5,weather,yes,2026-09-09T19:49:34Z,0.0947,0.005,0.0897,False,,,,2026-09-09T19:49:34Z,0.005,open,,,,,KXHIGHLAX,Highest temperature in Los Angeles,KLAX,2026-09-09,between,89.0,90.0,max,92.0,0,2.15,real_measured
KXHIGHCHI-26SEP10-B81.5,weather,no,2026-09-09T19:49:34Z,0.9697,0.885,0.0847,False,,,,2026-09-09T19:49:34Z,0.885,open,,,,,KXHIGHCHI,Highest temperature in Chicago,KMDW,2026-09-10,between,81.0,82.0,max,78.0,1,1.72,real_measured
KXHIGHCHI-26SEP10-B79.5,weather,no,2026-09-09T19:49:34Z,0.8419,0.655,0.1869,False,,,,2026-09-09T19:49:34Z,0.655,open,,,,,KXHIGHCHI,Highest temperature in Chicago,KMDW,2026-09-10,between,79.0,80.0,max,78.0,1,1.72,real_measured
KXHIGHCHI-26SEP10-B77.5,weather,no,2026-09-09T19:49:34Z,0.78,0.635,0.145,False,,,,2026-09-09T19:49:34Z,0.635,open,,,,,KXHIGHCHI,Highest temperature in Chicago,KMDW,2026-09-10,between,77.0,78.0,max,78.0,1,1.72,real_measured
KXHIGHCHI-26SEP10-B75.5,weather,no,2026-09-09T19:49:34Z,0.9183,0.875,0.0433,False,,,,2026-09-09T19:49:34Z,0.875,open,,,,,KXHIGHCHI,Highest temperature in Chicago,KMDW,2026-09-10,between,75.0,76.0,max,78.0,1,1.72,real_measured
KXHIGHCHI-26SEP09-T80,weather,yes,2026-09-09T19:49:34Z,0.9185,0.215,0.7035,False,,,,2026-09-09T19:49:34Z,0.215,open,,,,,KXHIGHCHI,Highest temperature in Chicago,KMDW,2026-09-09,less,,80.0,max,77.0,0,2.15,real_measured
KXHIGHCHI-26SEP09-B82.5,weather,no,2026-09-09T19:49:34Z,0.9926,0.81,0.1826,False,,,,2026-09-09T19:49:34Z,0.81,open,,,,,KXHIGHCHI,Highest temperature in Chicago,KMDW,2026-09-09,between,82.0,83.0,max,77.0,0,2.15,real_measured
KXHIGHCHI-26SEP09-B80.5,weather,no,2026-09-09T19:49:34Z,0.9499,0.445,0.5049,False,,,,2026-09-09T19:49:34Z,0.445,open,,,,,KXHIGHCHI,Highest temperature in Chicago,KMDW,2026-09-09,between,80.0,81.0,max,77.0,0,2.15,real_measured
KXLOWTOKC-26SEP10-T75,weather,yes,2026-09-09T19:49:34Z,0.28,0.115,0.165,False,,,,2026-09-09T19:49:34Z,0.115,open,,,,,KXLOWTOKC,Low Temperature Oklahoma City,KOKC,2026-09-10,greater,75.0,,min,74.0,1,1.72,real_measured
KXLOWTOKC-26SEP10-T68,weather,no,2026-09-09T19:49:34Z,0.9998,0.96,0.0398,False,,,,2026-09-09T19:49:34Z,0.96,open,,,,,KXLOWTOKC,Low Temperature Oklahoma City,KOKC,2026-09-10,less,,68.0,min,74.0,1,1.72,real_measured
KXLOWTOKC-26SEP10-B74.5,weather,no,2026-09-09T19:49:34Z,0.78,0.745,0.035,False,,,,2026-09-09T19:49:34Z,0.745,open,,,,,KXLOWTOKC,Low Temperature Oklahoma City,KOKC,2026-09-10,between,74.0,75.0,min,74.0,1,1.72,real_measured
KXLOWTOKC-26SEP10-B72.5,weather,no,2026-09-09T19:49:34Z,0.8419,0.635,0.2069,False,,,,2026-09-09T19:49:34Z,0.635,open,,,,,KXLOWTOKC,Low Temperature Oklahoma City,KOKC,2026-09-10,between,72.0,73.0,min,74.0,1,1.72,real_measured
KXLOWTOKC-26SEP10-B70.5,weather,no,2026-09-09T19:49:34Z,0.9697,0.825,0.1447,False,,,,2026-09-09T19:49:34Z,0.825,open,,,,,KXLOWTOKC,Low Temperature Oklahoma City,KOKC,2026-09-10,between,70.0,71.0,min,74.0,1,1.72,real_measured
KXLOWTOKC-26SEP10-B68.5,weather,no,2026-09-09T19:49:34Z,0.9985,0.905,0.0935,False,,,,2026-09-09T19:49:34Z,0.905,open,,,,,KXLOWTOKC,Low Temperature Oklahoma City,KOKC,2026-09-10,between,68.0,69.0,min,74.0,1,1.72,real_measured
KXLOWTOKC-26SEP09-T78,weather,yes,2026-09-09T19:49:34Z,0.321,0.005,0.316,False,,,,2026-09-09T19:49:34Z,0.005,open,,,,,KXLOWTOKC,Low Temperature Oklahoma City,KOKC,2026-09-09,greater,78.0,,min,77.0,0,2.15,real_measured
KXLOWTOKC-26SEP09-B77.5,weather,no,2026-09-09T19:49:34Z,0.821,0.03,0.791,False,,,,2026-09-09T19:49:34Z,0.03,open,,,,,KXLOWTOKC,Low Temperature Oklahoma City,KOKC,2026-09-09,between,77.0,78.0,min,77.0,0,2.15,real_measured
KXLOWTOKC-26SEP09-B75.5,weather,yes,2026-09-09T19:49:34Z,0.1448,0.035,0.1098,False,,,,2026-09-09T19:49:34Z,0.035,open,,,,,KXLOWTOKC,Low Temperature Oklahoma City,KOKC,2026-09-09,between,75.0,76.0,min,77.0,0,2.15,real_measured
KXLOWTAUS-26SEP10-T77,weather,yes,2026-09-09T19:49:34Z,0.1218,0.07,0.0518,False,,,,2026-09-09T19:49:34Z,0.07,open,,,,,KXLOWTAUS,Lowest temperature in Austin,KAUS,2026-09-10,greater,77.0,,min,75.0,1,1.72,real_measured
KXLOWTAUS-26SEP10-T70,weather,no,2026-09-09T19:49:34Z,0.9982,0.965,0.0332,False,,,,2026-09-09T19:49:34Z,0.965,open,,,,,KXLOWTAUS,Lowest temperature in Austin,KAUS,2026-09-10,less,,70.0,min,75.0,1,1.72,real_measured
KXLOWTAUS-26SEP10-B76.5,weather,yes,2026-09-09T19:49:34Z,0.1581,0.125,0.0331,False,,,,2026-09-09T19:49:34Z,0.125,open,,,,,KXLOWTAUS,Lowest temperature in Austin,KAUS,2026-09-10,between,76.0,77.0,min,75.0,1,1.72,real_measured
KXLOWTAUS-26SEP10-B74.5,weather,no,2026-09-09T19:49:34Z,0.78,0.56,0.22,False,,,,2026-09-09T19:49:34Z,0.56,open,,,,,KXLOWTAUS,Lowest temperature in Austin,KAUS,2026-09-10,between,74.0,75.0,min,75.0,1,1.72,real_measured
KXLOWTAUS-26SEP10-B72.5,weather,no,2026-09-09T19:49:34Z,0.9183,0.72,0.1983,False,,,,2026-09-09T19:49:34Z,0.72,open,,,,,KXLOWTAUS,Lowest temperature in Austin,KAUS,2026-09-10,between,72.0,73.0,min,75.0,1,1.72,real_measured
KXLOWTAUS-26SEP10-B70.5,weather,no,2026-09-09T19:49:34Z,0.9919,0.905,0.0869,False,,,,2026-09-09T19:49:34Z,0.905,open,,,,,KXLOWTAUS,Lowest temperature in Austin,KAUS,2026-09-10,between,70.0,71.0,min,75.0,1,1.72,real_measured
KXLOWTAUS-26SEP09-T78,weather,yes,2026-09-09T19:49:34Z,0.0815,0.005,0.0765,False,,,,2026-09-09T19:49:34Z,0.005,open,,,,,KXLOWTAUS,Lowest temperature in Austin,KAUS,2026-09-09,greater,78.0,,min,75.0,0,2.15,real_measured
KXLOWTAUS-26SEP09-B77.5,weather,yes,2026-09-09T19:49:34Z,0.0947,0.005,0.0897,False,,,,2026-09-09T19:49:34Z,0.005,open,,,,,KXLOWTAUS,Lowest temperature in Austin,KAUS,2026-09-09,between,77.0,78.0,min,75.0,0,2.15,real_measured
KXLOWTAUS-26SEP09-B75.5,weather,no,2026-09-09T19:49:34Z,0.821,0.015,0.806,False,,,,2026-09-09T19:49:34Z,0.015,open,,,,,KXLOWTAUS,Lowest temperature in Austin,KAUS,2026-09-09,between,75.0,76.0,min,75.0,0,2.15,real_measured
KXLOWTAUS-26SEP09-B73.5,weather,yes,2026-09-09T19:49:34Z,0.1448,0.025,0.1198,False,,,,2026-09-09T19:49:34Z,0.025,open,,,,,KXLOWTAUS,Lowest temperature in Austin,KAUS,2026-09-09,between,73.0,74.0,min,75.0,0,2.15,real_measured
KXLOWTAUS-26SEP09-B71.5,weather,yes,2026-09-09T19:49:34Z,0.0501,0.005,0.0451,False,,,,2026-09-09T19:49:34Z,0.005,open,,,,,KXLOWTAUS,Lowest temperature in Austin,KAUS,2026-09-09,between,71.0,72.0,min,75.0,0,2.15,real_measured
KXLOWTCHI-26SEP10-B68.5,weather,no,2026-09-09T19:49:34Z,0.8419,0.7,0.1419,False,,,,2026-09-09T19:49:34Z,0.7,open,,,,,KXLOWTCHI,Lowest Temperature Chicago,KMDW,2026-09-10,between,68.0,69.0,min,67.0,1,1.72,real_measured
KXLOWTCHI-26SEP10-B66.5,weather,no,2026-09-09T19:49:34Z,0.78,0.63,0.15,False,,,,2026-09-09T19:49:34Z,0.63,open,,,,,KXLOWTCHI,Lowest Temperature Chicago,KMDW,2026-09-10,between,66.0,67.0,min,67.0,1,1.72,real_measured
KXLOWTCHI-26SEP10-B64.5,weather,no,2026-09-09T19:49:34Z,0.9183,0.835,0.0833,False,,,,2026-09-09T19:49:34Z,0.835,open,,,,,KXLOWTCHI,Lowest Temperature Chicago,KMDW,2026-09-10,between,64.0,65.0,min,67.0,1,1.72,real_measured
KXLOWTCHI-26SEP10-B62.5,weather,no,2026-09-09T19:49:34Z,0.9919,0.95,0.0419,False,,,,2026-09-09T19:49:34Z,0.95,open,,,,,KXLOWTCHI,Lowest Temperature Chicago,KMDW,2026-09-10,between,62.0,63.0,min,67.0,1,1.72,real_measured
KXLOWTCHI-26SEP09-T68,weather,yes,2026-09-09T19:49:34Z,0.0815,0.035,0.0465,False,,,,2026-09-09T19:49:34Z,0.035,open,,,,,KXLOWTCHI,Lowest Temperature Chicago,KMDW,2026-09-09,less,,68.0,min,71.0,0,2.15,real_measured
KXLOWTCHI-26SEP09-B74.5,weather,yes,2026-09-09T19:49:34Z,0.0501,0.005,0.0451,False,,,,2026-09-09T19:49:34Z,0.005,open,,,,,KXLOWTCHI,Lowest Temperature Chicago,KMDW,2026-09-09,between,74.0,75.0,min,71.0,0,2.15,real_measured
KXLOWTCHI-26SEP09-B72.5,weather,no,2026-09-09T19:49:34Z,0.8552,0.43,0.4252,False,,,,2026-09-09T19:49:34Z,0.43,open,,,,,KXLOWTCHI,Lowest Temperature Chicago,KMDW,2026-09-09,between,72.0,73.0,min,71.0,0,2.15,real_measured
KXLOWTCHI-26SEP09-B70.5,weather,no,2026-09-09T19:49:34Z,0.821,0.55,0.271,False,,,,2026-09-09T19:49:34Z,0.55,open,,,,,KXLOWTCHI,Lowest Temperature Chicago,KMDW,2026-09-09,between,70.0,71.0,min,71.0,0,2.15,real_measured
KXHIGHMIA-26SEP10-T93,weather,yes,2026-09-09T19:49:34Z,0.1218,0.005,0.1168,False,,,,2026-09-09T19:49:34Z,0.005,open,,,,,KXHIGHMIA,Highest temperature in Miami,KMIA,2026-09-10,greater,93.0,,max,91.0,1,1.72,real_measured
KXHIGHMIA-26SEP10-B92.5,weather,no,2026-09-09T19:49:34Z,0.8419,0.805,0.0369,False,,,,2026-09-09T19:49:34Z,0.805,open,,,,,KXHIGHMIA,Highest temperature in Miami,KMIA,2026-09-10,between,92.0,93.0,max,91.0,1,1.72,real_measured
KXHIGHMIA-26SEP10-B90.5,weather,no,2026-09-09T19:49:34Z,0.78,0.505,0.275,False,,,,2026-09-09T19:49:34Z,0.505,open,,,,,KXHIGHMIA,Highest temperature in Miami,KMIA,2026-09-10,between,90.0,91.0,max,91.0,1,1.72,real_measured
KXHIGHMIA-26SEP10-B88.5,weather,no,2026-09-09T19:49:34Z,0.9183,0.715,0.2033,False,,,,2026-09-09T19:49:34Z,0.715,open,,,,,KXHIGHMIA,Highest temperature in Miami,KMIA,2026-09-10,between,88.0,89.0,max,91.0,1,1.72,real_measured
KXHIGHMIA-26SEP10-B86.5,weather,no,2026-09-09T19:49:34Z,0.9919,0.955,0.0369,False,,,,2026-09-09T19:49:34Z,0.955,open,,,,,KXHIGHMIA,Highest temperature in Miami,KMIA,2026-09-10,between,86.0,87.0,max,91.0,1,1.72,real_measured
KXHIGHMIA-26SEP09-T87,weather,yes,2026-09-09T19:49:34Z,0.0815,0.005,0.0765,False,,,,2026-09-09T19:49:34Z,0.005,open,,,,,KXHIGHMIA,Highest temperature in Miami,KMIA,2026-09-09,less,,87.0,max,90.0,0,2.15,real_measured
KXHIGHMIA-26SEP09-B93.5,weather,yes,2026-09-09T19:49:34Z,0.0501,0.005,0.0451,False,,,,2026-09-09T19:49:34Z,0.005,open,,,,,KXHIGHMIA,Highest temperature in Miami,KMIA,2026-09-09,between,93.0,94.0,max,90.0,0,2.15,real_measured
KXHIGHMIA-26SEP09-B91.5,weather,no,2026-09-09T19:49:34Z,0.8552,0.405,0.4502,False,,,,2026-09-09T19:49:34Z,0.405,open,,,,,KXHIGHMIA,Highest temperature in Miami,KMIA,2026-09-09,between,91.0,92.0,max,90.0,0,2.15,real_measured
KXHIGHMIA-26SEP09-B89.5,weather,no,2026-09-09T19:49:34Z,0.821,0.615,0.206,False,,,,2026-09-09T19:49:34Z,0.615,open,,,,,KXHIGHMIA,Highest temperature in Miami,KMIA,2026-09-09,between,89.0,90.0,max,90.0,0,2.15,real_measured
KXHIGHMIA-26SEP09-B87.5,weather,yes,2026-09-09T19:49:34Z,0.0947,0.005,0.0897,False,,,,2026-09-09T19:49:34Z,0.005,open,,,,,KXHIGHMIA,Highest temperature in Miami,KMIA,2026-09-09,between,87.0,88.0,max,90.0,0,2.15,real_measured
KXLOWTATL-26SEP10-B72.5,weather,no,2026-09-09T19:49:34Z,0.78,0.45,0.33,False,,,,2026-09-09T19:49:34Z,0.45,open,,,,,KXLOWTATL,Low Temperature Atlanta,KATL,2026-09-10,between,72.0,73.0,min,72.0,1,1.72,real_measured
KXLOWTATL-26SEP10-B70.5,weather,yes,2026-09-09T19:49:34Z,0.1581,0.115,0.0431,False,,,,2026-09-09T19:49:34Z,0.115,open,,,,,KXLOWTATL,Low Temperature Atlanta,KATL,2026-09-10,between,70.0,71.0,min,72.0,1,1.72,real_measured
KXLOWTATL-26SEP09-T72,weather,yes,2026-09-09T19:49:34Z,0.0815,0.005,0.0765,False,,,,2026-09-09T19:49:34Z,0.005,open,,,,,KXLOWTATL,Low Temperature Atlanta,KATL,2026-09-09,greater,72.0,,min,69.0,0,2.15,real_measured
KXLOWTATL-26SEP09-B71.5,weather,no,2026-09-09T19:49:34Z,0.9053,0.04,0.8653,False,,,,2026-09-09T19:49:34Z,0.04,open,,,,,KXLOWTATL,Low Temperature Atlanta,KATL,2026-09-09,between,71.0,72.0,min,69.0,0,2.15,real_measured
KXLOWTATL-26SEP09-B69.5,weather,yes,2026-09-09T19:49:34Z,0.179,0.025,0.154,False,,,,2026-09-09T19:49:34Z,0.025,open,,,,,KXLOWTATL,Low Temperature Atlanta,KATL,2026-09-09,between,69.0,70.0,min,69.0,0,2.15,real_measured
KXLOWTATL-26SEP09-B67.5,weather,yes,2026-09-09T19:49:34Z,0.1448,0.005,0.1398,False,,,,2026-09-09T19:49:34Z,0.005,open,,,,,KXLOWTATL,Low Temperature Atlanta,KATL,2026-09-09,between,67.0,68.0,min,69.0,0,2.15,real_measured
KXLOWTATL-26SEP09-B65.5,weather,yes,2026-09-09T19:49:34Z,0.0501,0.005,0.0451,False,,,,2026-09-09T19:49:34Z,0.005,open,,,,,KXLOWTATL,Low Temperature Atlanta,KATL,2026-09-09,between,65.0,66.0,min,69.0,0,2.15,real_measured
KXHIGHTATL-26SEP10-T90,weather,no,2026-09-09T19:49:34Z,0.9598,0.92,0.0398,False,,,,2026-09-09T19:49:34Z,0.92,open,,,,,KXHIGHTATL,Atlanta Max Temperature,KATL,2026-09-10,less,,90.0,max,93.0,1,1.72,real_measured
KXHIGHTATL-26SEP10-B94.5,weather,yes,2026-09-09T19:49:34Z,0.1581,0.115,0.0431,False,,,,2026-09-09T19:49:34Z,0.115,open,,,,,KXHIGHTATL,Atlanta Max Temperature,KATL,2026-09-10,between,94.0,95.0,max,93.0,1,1.72,real_measured
KXHIGHTATL-26SEP10-B92.5,weather,no,2026-09-09T19:49:34Z,0.78,0.555,0.225,False,,,,2026-09-09T19:49:34Z,0.555,open,,,,,KXHIGHTATL,Atlanta Max Temperature,KATL,2026-09-10,between,92.0,93.0,max,93.0,1,1.72,real_measured
KXHIGHTATL-26SEP10-B90.5,weather,no,2026-09-09T19:49:34Z,0.9183,0.695,0.2233,False,,,,2026-09-09T19:49:34Z,0.695,open,,,,,KXHIGHTATL,Atlanta Max Temperature,KATL,2026-09-10,between,90.0,91.0,max,93.0,1,1.72,real_measured
KXHIGHTATL-26SEP09-T88,weather,yes,2026-09-09T19:49:34Z,0.0815,0.005,0.0765,False,,,,2026-09-09T19:49:34Z,0.005,open,,,,,KXHIGHTATL,Atlanta Max Temperature,KATL,2026-09-09,less,,88.0,max,91.0,0,2.15,real_measured
KXHIGHTATL-26SEP09-B94.5,weather,yes,2026-09-09T19:49:34Z,0.0501,0.005,0.0451,False,,,,2026-09-09T19:49:34Z,0.005,open,,,,,KXHIGHTATL,Atlanta Max Temperature,KATL,2026-09-09,between,94.0,95.0,max,91.0,0,2.15,real_measured
KXHIGHTATL-26SEP09-B92.5,weather,yes,2026-09-09T19:49:34Z,0.1448,0.045,0.0998,False,,,,2026-09-09T19:49:34Z,0.045,open,,,,,KXHIGHTATL,Atlanta Max Temperature,KATL,2026-09-09,between,92.0,93.0,max,91.0,0,2.15,real_measured
KXHIGHTATL-26SEP09-B90.5,weather,no,2026-09-09T19:49:34Z,0.821,0.145,0.676,False,,,,2026-09-09T19:49:34Z,0.145,open,,,,,KXHIGHTATL,Atlanta Max Temperature,KATL,2026-09-09,between,90.0,91.0,max,91.0,0,2.15,real_measured
KXHIGHTSATX-26SEP10-B99.5,weather,yes,2026-09-09T19:49:34Z,0.1581,0.1,0.0581,False,,,,2026-09-09T19:49:34Z,0.1,open,,,,,KXHIGHTSATX,San Antonio Daily Maximum Temperature,KSAT,2026-09-10,between,99.0,100.0,max,98.0,1,1.72,real_measured
KXHIGHTSATX-26SEP10-B97.5,weather,no,2026-09-09T19:49:34Z,0.78,0.445,0.335,False,,,,2026-09-09T19:49:34Z,0.445,open,,,,,KXHIGHTSATX,San Antonio Daily Maximum Temperature,KSAT,2026-09-10,between,97.0,98.0,max,98.0,1,1.72,real_measured
KXHIGHTSATX-26SEP10-B95.5,weather,no,2026-09-09T19:49:34Z,0.9183,0.75,0.1683,False,,,,2026-09-09T19:49:34Z,0.75,open,,,,,KXHIGHTSATX,San Antonio Daily Maximum Temperature,KSAT,2026-09-10,between,95.0,96.0,max,98.0,1,1.72,real_measured
KXHIGHTSATX-26SEP09-T95,weather,yes,2026-09-09T19:49:34Z,0.0815,0.005,0.0765,False,,,,2026-09-09T19:49:34Z,0.005,open,,,,,KXHIGHTSATX,San Antonio Daily Maximum Temperature,KSAT,2026-09-09,less,,95.0,max,98.0,0,2.15,real_measured
KXHIGHTSATX-26SEP09-B97.5,weather,no,2026-09-09T19:49:34Z,0.821,0.285,0.536,False,,,,2026-09-09T19:49:34Z,0.285,open,,,,,KXHIGHTSATX,San Antonio Daily Maximum Temperature,KSAT,2026-09-09,between,97.0,98.0,max,98.0,0,2.15,real_measured
KXHIGHTSATX-26SEP09-B95.5,weather,no,2026-09-09T19:49:34Z,0.9053,0.875,0.0303,False,,,,2026-09-09T19:49:34Z,0.875,open,,,,,KXHIGHTSATX,San Antonio Daily Maximum Temperature,KSAT,2026-09-09,between,95.0,96.0,max,98.0,0,2.15,real_measured
KXHIGHTSATX-26SEP09-B101.5,weather,yes,2026-09-09T19:49:34Z,0.0501,0.005,0.0451,False,,,,2026-09-09T19:49:34Z,0.005,open,,,,,KXHIGHTSATX,San Antonio Daily Maximum Temperature,KSAT,2026-09-09,between,101.0,102.0,max,98.0,0,2.15,real_measured
KXHIGHTDAL-26SEP10-T97,weather,no,2026-09-09T19:49:34Z,0.9598,0.905,0.0548,False,,,,2026-09-09T19:49:34Z,0.905,open,,,,,KXHIGHTDAL,Dallas Maximum Temperature,KDFW,2026-09-10,less,,97.0,max,100.0,1,1.72,real_measured
KXHIGHTDAL-26SEP10-B99.5,weather,no,2026-09-09T19:49:34Z,0.78,0.565,0.215,False,,,,2026-09-09T19:49:34Z,0.565,open,,,,,KXHIGHTDAL,Dallas Maximum Temperature,KDFW,2026-09-10,between,99.0,100.0,max,100.0,1,1.72,real_measured
KXHIGHTDAL-26SEP10-B97.5,weather,no,2026-09-09T19:49:34Z,0.9183,0.655,0.2633,False,,,,2026-09-09T19:49:34Z,0.655,open,,,,,KXHIGHTDAL,Dallas Maximum Temperature,KDFW,2026-09-10,between,97.0,98.0,max,100.0,1,1.72,real_measured
KXHIGHTDAL-26SEP10-B101.5,weather,yes,2026-09-09T19:49:34Z,0.1581,0.085,0.0731,False,,,,2026-09-09T19:49:34Z,0.085,open,,,,,KXHIGHTDAL,Dallas Maximum Temperature,KDFW,2026-09-10,between,101.0,102.0,max,100.0,1,1.72,real_measured
KXHIGHTDAL-26SEP09-T98,weather,yes,2026-09-09T19:49:34Z,0.1762,0.005,0.1712,False,,,,2026-09-09T19:49:34Z,0.005,open,,,,,KXHIGHTDAL,Dallas Maximum Temperature,KDFW,2026-09-09,less,,98.0,max,100.0,0,2.15,real_measured
KXHIGHTDAL-26SEP09-B98.5,weather,yes,2026-09-09T19:49:34Z,0.1448,0.065,0.0798,False,,,,2026-09-09T19:49:34Z,0.065,open,,,,,KXHIGHTDAL,Dallas Maximum Temperature,KDFW,2026-09-09,between,98.0,99.0,max,100.0,0,2.15,real_measured
KXHIGHTDAL-26SEP09-B100.5,weather,no,2026-09-09T19:49:34Z,0.821,0.18,0.641,False,,,,2026-09-09T19:49:34Z,0.18,open,,,,,KXHIGHTDAL,Dallas Maximum Temperature,KDFW,2026-09-09,between,100.0,101.0,max,100.0,0,2.15,real_measured
KXHIGHAUS-26SEP10-B99.5,weather,no,2026-09-09T19:49:34Z,0.8419,0.435,0.4069,False,,,,2026-09-09T19:49:34Z,0.435,open,,,,,KXHIGHAUS,Highest temperature in Austin,KAUS,2026-09-10,between,99.0,100.0,max,98.0,1,1.72,real_measured
KXHIGHAUS-26SEP10-B97.5,weather,no,2026-09-09T19:49:34Z,0.78,0.645,0.135,False,,,,2026-09-09T19:49:34Z,0.645,open,,,,,KXHIGHAUS,Highest temperature in Austin,KAUS,2026-09-10,between,97.0,98.0,max,98.0,1,1.72,real_measured
KXHIGHAUS-26SEP10-B95.5,weather,yes,2026-09-09T19:49:34Z,0.0817,0.035,0.0467,False,,,,2026-09-09T19:49:34Z,0.035,open,,,,,KXHIGHAUS,Highest temperature in Austin,KAUS,2026-09-10,between,95.0,96.0,max,98.0,1,1.72,real_measured
KXHIGHAUS-26SEP10-B101.5,weather,no,2026-09-09T19:49:34Z,0.9697,0.935,0.0347,False,,,,2026-09-09T19:49:34Z,0.935,open,,,,,KXHIGHAUS,Highest temperature in Austin,KAUS,2026-09-10,between,101.0,102.0,max,98.0,1,1.72,real_measured
KXHIGHAUS-26SEP09-T96,weather,yes,2026-09-09T19:49:34Z,0.0815,0.005,0.0765,False,,,,2026-09-09T19:49:34Z,0.005,open,,,,,KXHIGHAUS,Highest temperature in Austin,KAUS,2026-09-09,less,,96.0,max,99.0,0,2.15,real_measured
KXHIGHAUS-26SEP09-B98.5,weather,no,2026-09-09T19:49:34Z,0.821,0.525,0.296,False,,,,2026-09-09T19:49:34Z,0.525,open,,,,,KXHIGHAUS,Highest temperature in Austin,KAUS,2026-09-09,between,98.0,99.0,max,99.0,0,2.15,real_measured
KXHIGHAUS-26SEP09-B96.5,weather,yes,2026-09-09T19:49:34Z,0.0947,0.005,0.0897,False,,,,2026-09-09T19:49:34Z,0.005,open,,,,,KXHIGHAUS,Highest temperature in Austin,KAUS,2026-09-09,between,96.0,97.0,max,99.0,0,2.15,real_measured
KXHIGHAUS-26SEP09-B100.5,weather,no,2026-09-09T19:49:34Z,0.8552,0.485,0.3702,False,,,,2026-09-09T19:49:34Z,0.485,open,,,,,KXHIGHAUS,Highest temperature in Austin,KAUS,2026-09-09,between,100.0,101.0,max,99.0,0,2.15,real_measured
KXLOWTPHX-26SEP10-T89,weather,no,2026-09-09T19:49:34Z,0.72,0.515,0.205,False,,,,2026-09-09T19:49:34Z,0.515,open,,,,,KXLOWTPHX,Low Temperature Phoenix,KPHX,2026-09-10,greater,89.0,,min,88.0,1,1.72,real_measured
KXLOWTPHX-26SEP10-B88.5,weather,no,2026-09-09T19:49:34Z,0.78,0.705,0.075,False,,,,2026-09-09T19:49:34Z,0.705,open,,,,,KXLOWTPHX,Low Temperature Phoenix,KPHX,2026-09-10,between,88.0,89.0,min,88.0,1,1.72,real_measured
KXLOWTPHX-26SEP09-T88,weather,no,2026-09-09T19:49:34Z,0.5,0.03,0.47,False,,,,2026-09-09T19:49:34Z,0.03,open,,,,,KXLOWTPHX,Low Temperature Phoenix,KPHX,2026-09-09,greater,88.0,,min,88.0,0,2.15,real_measured
KXLOWTPHX-26SEP09-B87.5,weather,yes,2026-09-09T19:49:34Z,0.179,0.03,0.149,False,,,,2026-09-09T19:49:34Z,0.03,open,,,,,KXLOWTPHX,Low Temperature Phoenix,KPHX,2026-09-09,between,87.0,88.0,min,88.0,0,2.15,real_measured
KXLOWTPHX-26SEP09-B85.5,weather,yes,2026-09-09T19:49:34Z,0.0947,0.01,0.0847,False,,,,2026-09-09T19:49:34Z,0.01,open,,,,,KXLOWTPHX,Low Temperature Phoenix,KPHX,2026-09-09,between,85.0,86.0,min,88.0,0,2.15,real_measured
KXHIGHTPHX-26SEP10-B111.5,weather,yes,2026-09-09T19:49:34Z,0.0817,0.045,0.0367,False,,,,2026-09-09T19:49:34Z,0.045,open,,,,,KXHIGHTPHX,Phoenix High Temperature Daily,KPHX,2026-09-10,between,111.0,112.0,max,109.0,1,1.72,real_measured
KXHIGHTPHX-26SEP10-B109.5,weather,no,2026-09-09T19:49:34Z,0.78,0.505,0.275,False,,,,2026-09-09T19:49:34Z,0.505,open,,,,,KXHIGHTPHX,Phoenix High Temperature Daily,KPHX,2026-09-10,between,109.0,110.0,max,109.0,1,1.72,real_measured
KXHIGHTPHX-26SEP10-B107.5,weather,no,2026-09-09T19:49:34Z,0.8419,0.585,0.2569,False,,,,2026-09-09T19:49:34Z,0.585,open,,,,,KXHIGHTPHX,Phoenix High Temperature Daily,KPHX,2026-09-10,between,107.0,108.0,max,109.0,1,1.72,real_measured
KXHIGHTPHX-26SEP09-T104,weather,yes,2026-09-09T19:49:34Z,0.0815,0.02,0.0615,False,,,,2026-09-09T19:49:34Z,0.02,open,,,,,KXHIGHTPHX,Phoenix High Temperature Daily,KPHX,2026-09-09,less,,104.0,max,107.0,0,2.15,real_measured
KXHIGHTPHX-26SEP09-B108.5,weather,no,2026-09-09T19:49:34Z,0.8552,0.675,0.1802,False,,,,2026-09-09T19:49:34Z,0.675,open,,,,,KXHIGHTPHX,Phoenix High Temperature Daily,KPHX,2026-09-09,between,108.0,109.0,max,107.0,0,2.15,real_measured
KXHIGHTPHX-26SEP09-B106.5,weather,no,2026-09-09T19:49:34Z,0.821,0.455,0.366,False,,,,2026-09-09T19:49:34Z,0.455,open,,,,,KXHIGHTPHX,Phoenix High Temperature Daily,KPHX,2026-09-09,between,106.0,107.0,max,107.0,0,2.15,real_measured
KXHIGHTPHX-26SEP09-B104.5,weather,yes,2026-09-09T19:49:34Z,0.0947,0.045,0.0497,False,,,,2026-09-09T19:49:34Z,0.045,open,,,,,KXHIGHTPHX,Phoenix High Temperature Daily,KPHX,2026-09-09,between,104.0,105.0,max,107.0,0,2.15,real_measured
KXLOWTDC-26SEP10-T74,weather,yes,2026-09-09T19:49:34Z,0.5,0.27,0.23,False,,,,2026-09-09T19:49:34Z,0.27,open,,,,,KXLOWTDC,Lowest Temperature DC ,KDCA,2026-09-10,greater,74.0,,min,74.0,1,1.72,real_measured
KXLOWTDC-26SEP10-B73.5,weather,no,2026-09-09T19:49:34Z,0.78,0.54,0.24,False,,,,2026-09-09T19:49:34Z,0.54,open,,,,,KXLOWTDC,Lowest Temperature DC ,KDCA,2026-09-10,between,73.0,74.0,min,74.0,1,1.72,real_measured
KXLOWTDC-26SEP10-B71.5,weather,no,2026-09-09T19:49:34Z,0.9183,0.795,0.1233,False,,,,2026-09-09T19:49:34Z,0.795,open,,,,,KXLOWTDC,Lowest Temperature DC ,KDCA,2026-09-10,between,71.0,72.0,min,74.0,1,1.72,real_measured
KXLOWTDC-26SEP10-B69.5,weather,no,2026-09-09T19:49:34Z,0.9919,0.96,0.0319,False,,,,2026-09-09T19:49:34Z,0.96,open,,,,,KXLOWTDC,Lowest Temperature DC ,KDCA,2026-09-10,between,69.0,70.0,min,74.0,1,1.72,real_measured
KXLOWTDC-26SEP10-B67.5,weather,no,2026-09-09T19:49:34Z,0.9998,0.965,0.0348,False,,,,2026-09-09T19:49:34Z,0.965,open,,,,,KXLOWTDC,Lowest Temperature DC ,KDCA,2026-09-10,between,67.0,68.0,min,74.0,1,1.72,real_measured
KXLOWTDC-26SEP09-T69,weather,no,2026-09-09T19:49:34Z,0.321,0.105,0.216,False,,,,2026-09-09T19:49:34Z,0.105,open,,,,,KXLOWTDC,Lowest Temperature DC ,KDCA,2026-09-09,greater,69.0,,min,70.0,0,2.15,real_measured
KXLOWTDC-26SEP09-B68.5,weather,yes,2026-09-09T19:49:34Z,0.1448,0.08,0.0648,False,,,,2026-09-09T19:49:34Z,0.08,open,,,,,KXLOWTDC,Lowest Temperature DC ,KDCA,2026-09-09,between,68.0,69.0,min,70.0,0,2.15,real_measured
KXLOWTDC-26SEP09-B66.5,weather,yes,2026-09-09T19:49:34Z,0.0501,0.005,0.0451,False,,,,2026-09-09T19:49:34Z,0.005,open,,,,,KXLOWTDC,Lowest Temperature DC ,KDCA,2026-09-09,between,66.0,67.0,min,70.0,0,2.15,real_measured
KXHIGHTHOU-26SEP10-T94,weather,yes,2026-09-09T19:49:34Z,0.1218,0.025,0.0968,False,,,,2026-09-09T19:49:34Z,0.025,open,,,,,KXHIGHTHOU,Daily High Temperature Houston,KHOU,2026-09-10,greater,94.0,,max,92.0,1,1.72,real_measured
KXHIGHTHOU-26SEP10-B93.5,weather,no,2026-09-09T19:49:34Z,0.8419,0.775,0.0669,False,,,,2026-09-09T19:49:34Z,0.775,open,,,,,KXHIGHTHOU,Daily High Temperature Houston,KHOU,2026-09-10,between,93.0,94.0,max,92.0,1,1.72,real_measured
KXHIGHTHOU-26SEP10-B91.5,weather,no,2026-09-09T19:49:34Z,0.78,0.555,0.225,False,,,,2026-09-09T19:49:34Z,0.555,open,,,,,KXHIGHTHOU,Daily High Temperature Houston,KHOU,2026-09-10,between,91.0,92.0,max,92.0,1,1.72,real_measured
KXHIGHTHOU-26SEP10-B89.5,weather,no,2026-09-09T19:49:34Z,0.9183,0.805,0.1133,False,,,,2026-09-09T19:49:34Z,0.805,open,,,,,KXHIGHTHOU,Daily High Temperature Houston,KHOU,2026-09-10,between,89.0,90.0,max,92.0,1,1.72,real_measured
KXHIGHTHOU-26SEP10-B87.5,weather,no,2026-09-09T19:49:34Z,0.9919,0.925,0.0669,False,,,,2026-09-09T19:49:34Z,0.925,open,,,,,KXHIGHTHOU,Daily High Temperature Houston,KHOU,2026-09-10,between,87.0,88.0,max,92.0,1,1.72,real_measured
KXHIGHTHOU-26SEP09-T88,weather,yes,2026-09-09T19:49:34Z,0.0815,0.005,0.0765,False,,,,2026-09-09T19:49:34Z,0.005,open,,,,,KXHIGHTHOU,Daily High Temperature Houston,KHOU,2026-09-09,less,,88.0,max,91.0,0,2.15,real_measured
KXHIGHTHOU-26SEP09-B94.5,weather,yes,2026-09-09T19:49:34Z,0.0501,0.015,0.0351,False,,,,2026-09-09T19:49:34Z,0.015,open,,,,,KXHIGHTHOU,Daily High Temperature Houston,KHOU,2026-09-09,between,94.0,95.0,max,91.0,0,2.15,real_measured
KXHIGHTHOU-26SEP09-B92.5,weather,no,2026-09-09T19:49:34Z,0.8552,0.66,0.1952,False,,,,2026-09-09T19:49:34Z,0.66,open,,,,,KXHIGHTHOU,Daily High Temperature Houston,KHOU,2026-09-09,between,92.0,93.0,max,91.0,0,2.15,real_measured
KXHIGHTHOU-26SEP09-B90.5,weather,no,2026-09-09T19:49:34Z,0.821,0.36,0.461,False,,,,2026-09-09T19:49:34Z,0.36,open,,,,,KXHIGHTHOU,Daily High Temperature Houston,KHOU,2026-09-09,between,90.0,91.0,max,91.0,0,2.15,real_measured
KXHIGHTHOU-26SEP09-B88.5,weather,yes,2026-09-09T19:49:34Z,0.0947,0.005,0.0897,False,,,,2026-09-09T19:49:34Z,0.005,open,,,,,KXHIGHTHOU,Daily High Temperature Houston,KHOU,2026-09-09,between,88.0,89.0,max,91.0,0,2.15,real_measured
KXLOWTTTN-26SEP10-T73,weather,no,2026-09-09T19:49:34Z,0.8782,0.52,0.3582,False,,,,2026-09-09T19:49:34Z,0.52,open,,,,,KXLOWTTTN,Trenton Daily low temp ,KTTN,2026-09-10,greater,73.0,,min,71.0,1,1.72,real_measured
KXLOWTTTN-26SEP10-T66,weather,no,2026-09-09T19:49:34Z,0.9982,0.535,0.4632,False,,,,2026-09-09T19:49:34Z,0.535,open,,,,,KXLOWTTTN,Trenton Daily low temp ,KTTN,2026-09-10,less,,66.0,min,71.0,1,1.72,real_measured
KXLOWTTTN-26SEP10-B72.5,weather,no,2026-09-09T19:49:34Z,0.8419,0.545,0.2969,False,,,,2026-09-09T19:49:34Z,0.545,open,,,,,KXLOWTTTN,Trenton Daily low temp ,KTTN,2026-09-10,between,72.0,73.0,min,71.0,1,1.72,real_measured
KXLOWTTTN-26SEP10-B70.5,weather,no,2026-09-09T19:49:34Z,0.78,0.55,0.23,False,,,,2026-09-09T19:49:34Z,0.55,open,,,,,KXLOWTTTN,Trenton Daily low temp ,KTTN,2026-09-10,between,70.0,71.0,min,71.0,1,1.72,real_measured
KXLOWTTTN-26SEP10-B68.5,weather,no,2026-09-09T19:49:34Z,0.9183,0.54,0.3783,False,,,,2026-09-09T19:49:34Z,0.54,open,,,,,KXLOWTTTN,Trenton Daily low temp ,KTTN,2026-09-10,between,68.0,69.0,min,71.0,1,1.72,real_measured
KXLOWTTTN-26SEP10-B66.5,weather,no,2026-09-09T19:49:34Z,0.9919,0.535,0.4569,False,,,,2026-09-09T19:49:34Z,0.535,open,,,,,KXLOWTTTN,Trenton Daily low temp ,KTTN,2026-09-10,between,66.0,67.0,min,71.0,1,1.72,real_measured
KXLOWTTTN-26SEP09-T59,weather,yes,2026-09-09T19:49:34Z,0.1762,0.005,0.1712,False,,,,2026-09-09T19:49:34Z,0.005,open,,,,,KXLOWTTTN,Trenton Daily low temp ,KTTN,2026-09-09,less,,59.0,min,61.0,0,2.15,real_measured
KXLOWTTTN-26SEP09-B63.5,weather,yes,2026-09-09T19:49:34Z,0.0947,0.005,0.0897,False,,,,2026-09-09T19:49:34Z,0.005,open,,,,,KXLOWTTTN,Trenton Daily low temp ,KTTN,2026-09-09,between,63.0,64.0,min,61.0,0,2.15,real_measured
KXLOWTTTN-26SEP09-B61.5,weather,no,2026-09-09T19:49:34Z,0.821,0.04,0.781,False,,,,2026-09-09T19:49:34Z,0.04,open,,,,,KXLOWTTTN,Trenton Daily low temp ,KTTN,2026-09-09,between,61.0,62.0,min,61.0,0,2.15,real_measured
KXLOWTTTN-26SEP09-B59.5,weather,no,2026-09-09T19:49:34Z,0.8552,0.51,0.3452,False,,,,2026-09-09T19:49:34Z,0.51,open,,,,,KXLOWTTTN,Trenton Daily low temp ,KTTN,2026-09-09,between,59.0,60.0,min,61.0,0,2.15,real_measured
KXHIGHDEN-26SEP10-T86,weather,yes,2026-09-09T19:49:34Z,0.28,0.015,0.265,False,,,,2026-09-09T19:49:34Z,0.015,open,,,,,KXHIGHDEN,Highest temperature in Denver,KDEN,2026-09-10,less,,86.0,max,87.0,1,1.72,real_measured
KXHIGHDEN-26SEP10-B92.5,weather,no,2026-09-09T19:49:34Z,0.9985,0.965,0.0335,False,,,,2026-09-09T19:49:34Z,0.965,open,,,,,KXHIGHDEN,Highest temperature in Denver,KDEN,2026-09-10,between,92.0,93.0,max,87.0,1,1.72,real_measured
KXHIGHDEN-26SEP10-B90.5,weather,no,2026-09-09T19:49:34Z,0.9697,0.835,0.1347,False,,,,2026-09-09T19:49:34Z,0.835,open,,,,,KXHIGHDEN,Highest temperature in Denver,KDEN,2026-09-10,between,90.0,91.0,max,87.0,1,1.72,real_measured
KXHIGHDEN-26SEP10-B88.5,weather,no,2026-09-09T19:49:34Z,0.8419,0.415,0.4269,False,,,,2026-09-09T19:49:34Z,0.415,open,,,,,KXHIGHDEN,Highest temperature in Denver,KDEN,2026-09-10,between,88.0,89.0,max,87.0,1,1.72,real_measured
KXHIGHDEN-26SEP10-B86.5,weather,yes,2026-09-09T19:49:34Z,0.22,0.185,0.035,False,,,,2026-09-09T19:49:34Z,0.185,open,,,,,KXHIGHDEN,Highest temperature in Denver,KDEN,2026-09-10,between,86.0,87.0,max,87.0,1,1.72,real_measured
KXHIGHDEN-26SEP09-T78,weather,yes,2026-09-09T19:49:34Z,0.0815,0.015,0.0665,False,,,,2026-09-09T19:49:34Z,0.015,open,,,,,KXHIGHDEN,Highest temperature in Denver,KDEN,2026-09-09,less,,78.0,max,81.0,0,2.15,real_measured
KXHIGHDEN-26SEP09-B84.5,weather,yes,2026-09-09T19:49:34Z,0.0501,0.015,0.0351,False,,,,2026-09-09T19:49:34Z,0.015,open,,,,,KXHIGHDEN,Highest temperature in Denver,KDEN,2026-09-09,between,84.0,85.0,max,81.0,0,2.15,real_measured
KXHIGHDEN-26SEP09-B82.5,weather,no,2026-09-09T19:49:34Z,0.8552,0.61,0.2452,False,,,,2026-09-09T19:49:34Z,0.61,open,,,,,KXHIGHDEN,Highest temperature in Denver,KDEN,2026-09-09,between,82.0,83.0,max,81.0,0,2.15,real_measured
KXHIGHDEN-26SEP09-B80.5,weather,no,2026-09-09T19:49:34Z,0.821,0.475,0.346,False,,,,2026-09-09T19:49:34Z,0.475,open,,,,,KXHIGHDEN,Highest temperature in Denver,KDEN,2026-09-09,between,80.0,81.0,max,81.0,0,2.15,real_measured
KXLOWTSEA-26SEP10-T57,weather,yes,2026-09-09T19:49:34Z,0.5,0.42,0.08,False,,,,2026-09-09T19:49:34Z,0.42,open,,,,,KXLOWTSEA,Low Temperature Seattle,KSEA,2026-09-10,greater,57.0,,min,57.0,1,1.72,real_measured
KXLOWTSEA-26SEP10-B56.5,weather,no,2026-09-09T19:49:34Z,0.78,0.535,0.245,False,,,,2026-09-09T19:49:34Z,0.535,open,,,,,KXLOWTSEA,Low Temperature Seattle,KSEA,2026-09-10,between,56.0,57.0,min,57.0,1,1.72,real_measured
KXLOWTSEA-26SEP10-B54.5,weather,no,2026-09-09T19:49:34Z,0.9183,0.865,0.0533,False,,,,2026-09-09T19:49:34Z,0.865,open,,,,,KXLOWTSEA,Low Temperature Seattle,KSEA,2026-09-10,between,54.0,55.0,min,57.0,1,1.72,real_measured
KXLOWTSEA-26SEP09-T55,weather,yes,2026-09-09T19:49:34Z,0.321,0.005,0.316,False,,,,2026-09-09T19:49:34Z,0.005,open,,,,,KXLOWTSEA,Low Temperature Seattle,KSEA,2026-09-09,greater,55.0,,min,54.0,0,2.15,real_measured
KXLOWTSEA-26SEP09-B54.5,weather,no,2026-09-09T19:49:34Z,0.821,0.015,0.806,False,,,,2026-09-09T19:49:34Z,0.015,open,,,,,KXLOWTSEA,Low Temperature Seattle,KSEA,2026-09-09,between,54.0,55.0,min,54.0,0,2.15,real_measured
KXLOWTSEA-26SEP09-B52.5,weather,yes,2026-09-09T19:49:34Z,0.1448,0.02,0.1248,False,,,,2026-09-09T19:49:34Z,0.02,open,,,,,KXLOWTSEA,Low Temperature Seattle,KSEA,2026-09-09,between,52.0,53.0,min,54.0,0,2.15,real_measured
KXLOWTSEA-26SEP09-B50.5,weather,yes,2026-09-09T19:49:34Z,0.0501,0.015,0.0351,False,,,,2026-09-09T19:49:34Z,0.015,open,,,,,KXLOWTSEA,Low Temperature Seattle,KSEA,2026-09-09,between,50.0,51.0,min,54.0,0,2.15,real_measured
KXLOWTEWR-26SEP10-T75,weather,no,2026-09-09T19:49:34Z,0.72,0.545,0.175,False,,,,2026-09-09T19:49:34Z,0.545,open,,,,,KXLOWTEWR,"Newark, NJ (EWR) Daily Low Temp",KEWR,2026-09-10,greater,75.0,,min,74.0,1,1.72,real_measured
KXLOWTEWR-26SEP10-T68,weather,no,2026-09-09T19:49:34Z,0.9998,0.515,0.4848,False,,,,2026-09-09T19:49:34Z,0.515,open,,,,,KXLOWTEWR,"Newark, NJ (EWR) Daily Low Temp",KEWR,2026-09-10,less,,68.0,min,74.0,1,1.72,real_measured
KXLOWTEWR-26SEP10-B74.5,weather,no,2026-09-09T19:49:34Z,0.78,0.545,0.235,False,,,,2026-09-09T19:49:34Z,0.545,open,,,,,KXLOWTEWR,"Newark, NJ (EWR) Daily Low Temp",KEWR,2026-09-10,between,74.0,75.0,min,74.0,1,1.72,real_measured
KXLOWTEWR-26SEP10-B72.5,weather,no,2026-09-09T19:49:34Z,0.8419,0.545,0.2969,False,,,,2026-09-09T19:49:34Z,0.545,open,,,,,KXLOWTEWR,"Newark, NJ (EWR) Daily Low Temp",KEWR,2026-09-10,between,72.0,73.0,min,74.0,1,1.72,real_measured
KXLOWTEWR-26SEP10-B70.5,weather,no,2026-09-09T19:49:34Z,0.9697,0.545,0.4247,False,,,,2026-09-09T19:49:34Z,0.545,open,,,,,KXLOWTEWR,"Newark, NJ (EWR) Daily Low Temp",KEWR,2026-09-10,between,70.0,71.0,min,74.0,1,1.72,real_measured
KXLOWTEWR-26SEP10-B68.5,weather,no,2026-09-09T19:49:34Z,0.9985,0.545,0.4535,False,,,,2026-09-09T19:49:34Z,0.545,open,,,,,KXLOWTEWR,"Newark, NJ (EWR) Daily Low Temp",KEWR,2026-09-10,between,68.0,69.0,min,74.0,1,1.72,real_measured
KXLOWTEWR-26SEP09-T68,weather,yes,2026-09-09T19:49:34Z,0.321,0.005,0.316,False,,,,2026-09-09T19:49:34Z,0.005,open,,,,,KXLOWTEWR,"Newark, NJ (EWR) Daily Low Temp",KEWR,2026-09-09,greater,68.0,,min,67.0,0,2.15,real_measured
KXLOWTEWR-26SEP09-B67.5,weather,yes,2026-09-09T19:49:34Z,0.179,0.005,0.174,False,,,,2026-09-09T19:49:34Z,0.005,open,,,,,KXLOWTEWR,"Newark, NJ (EWR) Daily Low Temp",KEWR,2026-09-09,between,67.0,68.0,min,67.0,0,2.15,real_measured
KXLOWTEWR-26SEP09-B65.5,weather,no,2026-09-09T19:49:34Z,0.8552,0.01,0.8452,False,,,,2026-09-09T19:49:34Z,0.01,open,,,,,KXLOWTEWR,"Newark, NJ (EWR) Daily Low Temp",KEWR,2026-09-09,between,65.0,66.0,min,67.0,0,2.15,real_measured
KXLOWTEWR-26SEP09-B63.5,weather,yes,2026-09-09T19:49:34Z,0.0501,0.01,0.0401,False,,,,2026-09-09T19:49:34Z,0.01,open,,,,,KXLOWTEWR,"Newark, NJ (EWR) Daily Low Temp",KEWR,2026-09-09,between,63.0,64.0,min,67.0,0,2.15,real_measured
KXLOWTSDF-26SEP10-T75,weather,no,2026-09-09T19:49:34Z,0.72,0.515,0.205,False,,,,2026-09-09T19:49:34Z,0.515,open,,,,,KXLOWTSDF,Lowest Temperature SDX,KSDF,2026-09-10,greater,75.0,,min,74.0,1,1.72,real_measured
KXLOWTSDF-26SEP10-T68,weather,no,2026-09-09T19:49:34Z,0.9998,0.515,0.4848,False,,,,2026-09-09T19:49:34Z,0.515,open,,,,,KXLOWTSDF,Lowest Temperature SDX,KSDF,2026-09-10,less,,68.0,min,74.0,1,1.72,real_measured
KXLOWTSDF-26SEP10-B74.5,weather,no,2026-09-09T19:49:34Z,0.78,0.525,0.255,False,,,,2026-09-09T19:49:34Z,0.525,open,,,,,KXLOWTSDF,Lowest Temperature SDX,KSDF,2026-09-10,between,74.0,75.0,min,74.0,1,1.72,real_measured
KXLOWTSDF-26SEP10-B72.5,weather,no,2026-09-09T19:49:34Z,0.8419,0.525,0.3169,False,,,,2026-09-09T19:49:34Z,0.525,open,,,,,KXLOWTSDF,Lowest Temperature SDX,KSDF,2026-09-10,between,72.0,73.0,min,74.0,1,1.72,real_measured
KXLOWTSDF-26SEP10-B70.5,weather,no,2026-09-09T19:49:34Z,0.9697,0.525,0.4447,False,,,,2026-09-09T19:49:34Z,0.525,open,,,,,KXLOWTSDF,Lowest Temperature SDX,KSDF,2026-09-10,between,70.0,71.0,min,74.0,1,1.72,real_measured
KXLOWTSDF-26SEP10-B68.5,weather,no,2026-09-09T19:49:34Z,0.9985,0.525,0.4735,False,,,,2026-09-09T19:49:34Z,0.525,open,,,,,KXLOWTSDF,Lowest Temperature SDX,KSDF,2026-09-10,between,68.0,69.0,min,74.0,1,1.72,real_measured
KXLOWTSDF-26SEP09-T76,weather,no,2026-09-09T19:49:34Z,0.679,0.51,0.169,False,,,,2026-09-09T19:49:34Z,0.51,open,,,,,KXLOWTSDF,Lowest Temperature SDX,KSDF,2026-09-09,greater,76.0,,min,75.0,0,2.15,real_measured
KXLOWTSDF-26SEP09-T69,weather,no,2026-09-09T19:49:34Z,0.9974,0.51,0.4874,False,,,,2026-09-09T19:49:34Z,0.51,open,,,,,KXLOWTSDF,Lowest Temperature SDX,KSDF,2026-09-09,less,,69.0,min,75.0,0,2.15,real_measured
KXLOWTSDF-26SEP09-B75.5,weather,no,2026-09-09T19:49:34Z,0.821,0.51,0.311,False,,,,2026-09-09T19:49:34Z,0.51,open,,,,,KXLOWTSDF,Lowest Temperature SDX,KSDF,2026-09-09,between,75.0,76.0,min,75.0,0,2.15,real_measured
KXLOWTSDF-26SEP09-B73.5,weather,no,2026-09-09T19:49:34Z,0.8552,0.51,0.3452,False,,,,2026-09-09T19:49:34Z,0.51,open,,,,,KXLOWTSDF,Lowest Temperature SDX,KSDF,2026-09-09,between,73.0,74.0,min,75.0,0,2.15,real_measured
KXLOWTSDF-26SEP09-B71.5,weather,no,2026-09-09T19:49:34Z,0.9499,0.51,0.4399,False,,,,2026-09-09T19:49:34Z,0.51,open,,,,,KXLOWTSDF,Lowest Temperature SDX,KSDF,2026-09-09,between,71.0,72.0,min,75.0,0,2.15,real_measured
KXLOWTSDF-26SEP09-B69.5,weather,no,2026-09-09T19:49:34Z,0.9926,0.51,0.4826,False,,,,2026-09-09T19:49:34Z,0.51,open,,,,,KXLOWTSDF,Lowest Temperature SDX,KSDF,2026-09-09,between,69.0,70.0,min,75.0,0,2.15,real_measured
KXLOWTMIN-26SEP10-T59,weather,yes,2026-09-09T19:49:34Z,0.28,0.25,0.03,False,,,,2026-09-09T19:49:34Z,0.25,open,,,,,KXLOWTMIN,Low  temperature Minnesota,KMSP,2026-09-10,greater,59.0,,min,58.0,1,1.72,real_measured
KXLOWTMIN-26SEP10-B58.5,weather,no,2026-09-09T19:49:34Z,0.78,0.61,0.17,False,,,,2026-09-09T19:49:34Z,0.61,open,,,,,KXLOWTMIN,Low  temperature Minnesota,KMSP,2026-09-10,between,58.0,59.0,min,58.0,1,1.72,real_measured
KXLOWTMIN-26SEP10-B56.5,weather,no,2026-09-09T19:49:34Z,0.8419,0.73,0.1119,False,,,,2026-09-09T19:49:34Z,0.73,open,,,,,KXLOWTMIN,Low  temperature Minnesota,KMSP,2026-09-10,between,56.0,57.0,min,58.0,1,1.72,real_measured
KXLOWTMIN-26SEP10-B54.5,weather,no,2026-09-09T19:49:34Z,0.9697,0.915,0.0547,False,,,,2026-09-09T19:49:34Z,0.915,open,,,,,KXLOWTMIN,Low  temperature Minnesota,KMSP,2026-09-10,between,54.0,55.0,min,58.0,1,1.72,real_measured
KXLOWTMIN-26SEP10-B52.5,weather,no,2026-09-09T19:49:34Z,0.9985,0.965,0.0335,False,,,,2026-09-09T19:49:34Z,0.965,open,,,,,KXLOWTMIN,Low  temperature Minnesota,KMSP,2026-09-10,between,52.0,53.0,min,58.0,1,1.72,real_measured
KXLOWTMIN-26SEP09-T64,weather,yes,2026-09-09T19:49:34Z,0.1762,0.005,0.1712,False,,,,2026-09-09T19:49:34Z,0.005,open,,,,,KXLOWTMIN,Low  temperature Minnesota,KMSP,2026-09-09,greater,64.0,,min,62.0,0,2.15,real_measured
KXLOWTMIN-26SEP09-B63.5,weather,no,2026-09-09T19:49:34Z,0.8552,0.11,0.7452,False,,,,2026-09-09T19:49:34Z,0.11,open,,,,,KXLOWTMIN,Low  temperature Minnesota,KMSP,2026-09-09,between,63.0,64.0,min,62.0,0,2.15,real_measured
KXLOWTMIN-26SEP09-B61.5,weather,yes,2026-09-09T19:49:34Z,0.179,0.12,0.059,False,,,,2026-09-09T19:49:34Z,0.12,open,,,,,KXLOWTMIN,Low  temperature Minnesota,KMSP,2026-09-09,between,61.0,62.0,min,62.0,0,2.15,real_measured
KXLOWTMIN-26SEP09-B59.5,weather,yes,2026-09-09T19:49:34Z,0.0947,0.025,0.0697,False,,,,2026-09-09T19:49:34Z,0.025,open,,,,,KXLOWTMIN,Low  temperature Minnesota,KMSP,2026-09-09,between,59.0,60.0,min,62.0,0,2.15,real_measured
KXHIGHTMIN-26SEP10-T85,weather,no,2026-09-09T19:49:34Z,0.9901,0.955,0.0351,False,,,,2026-09-09T19:49:34Z,0.955,open,,,,,KXHIGHTMIN,Minneapolis Daily High Temperature,KMSP,2026-09-10,greater,85.0,,max,81.0,1,1.72,real_measured
KXHIGHTMIN-26SEP10-B84.5,weather,no,2026-09-09T19:49:34Z,0.9697,0.825,0.1447,False,,,,2026-09-09T19:49:34Z,0.825,open,,,,,KXHIGHTMIN,Minneapolis Daily High Temperature,KMSP,2026-09-10,between,84.0,85.0,max,81.0,1,1.72,real_measured
KXHIGHTMIN-26SEP10-B82.5,weather,no,2026-09-09T19:49:34Z,0.8419,0.505,0.3369,False,,,,2026-09-09T19:49:34Z,0.505,open,,,,,KXHIGHTMIN,Minneapolis Daily High Temperature,KMSP,2026-09-10,between,82.0,83.0,max,81.0,1,1.72,real_measured
KXHIGHTMIN-26SEP10-B78.5,weather,yes,2026-09-09T19:49:34Z,0.0817,0.035,0.0467,False,,,,2026-09-09T19:49:34Z,0.035,open,,,,,KXHIGHTMIN,Minneapolis Daily High Temperature,KMSP,2026-09-10,between,78.0,79.0,max,81.0,1,1.72,real_measured
KXHIGHTMIN-26SEP09-T76,weather,yes,2026-09-09T19:49:34Z,0.0815,0.005,0.0765,False,,,,2026-09-09T19:49:34Z,0.005,open,,,,,KXHIGHTMIN,Minneapolis Daily High Temperature,KMSP,2026-09-09,less,,76.0,max,79.0,0,2.15,real_measured
KXHIGHTMIN-26SEP09-B82.5,weather,no,2026-09-09T19:49:34Z,0.9499,0.565,0.3849,False,,,,2026-09-09T19:49:34Z,0.565,open,,,,,KXHIGHTMIN,Minneapolis Daily High Temperature,KMSP,2026-09-09,between,82.0,83.0,max,79.0,0,2.15,real_measured
KXHIGHTMIN-26SEP09-B80.5,weather,no,2026-09-09T19:49:34Z,0.8552,0.46,0.3952,False,,,,2026-09-09T19:49:34Z,0.46,open,,,,,KXHIGHTMIN,Minneapolis Daily High Temperature,KMSP,2026-09-09,between,80.0,81.0,max,79.0,0,2.15,real_measured
KXHIGHTMIN-26SEP09-B78.5,weather,yes,2026-09-09T19:49:34Z,0.179,0.005,0.174,False,,,,2026-09-09T19:49:34Z,0.005,open,,,,,KXHIGHTMIN,Minneapolis Daily High Temperature,KMSP,2026-09-09,between,78.0,79.0,max,79.0,0,2.15,real_measured
KXHIGHTMIN-26SEP09-B76.5,weather,yes,2026-09-09T19:49:34Z,0.0947,0.005,0.0897,False,,,,2026-09-09T19:49:34Z,0.005,open,,,,,KXHIGHTMIN,Minneapolis Daily High Temperature,KMSP,2026-09-09,between,76.0,77.0,max,79.0,0,2.15,real_measured
KXHIGHTNOLA-26SEP10-T93,weather,yes,2026-09-09T19:49:34Z,0.1218,0.015,0.1068,False,,,,2026-09-09T19:49:34Z,0.015,open,,,,,KXHIGHTNOLA,New Orleans Max temp Daily,KMSY,2026-09-10,greater,93.0,,max,91.0,1,1.72,real_measured
KXHIGHTNOLA-26SEP10-T86,weather,no,2026-09-09T19:49:34Z,0.9982,0.845,0.1532,False,,,,2026-09-09T19:49:34Z,0.845,open,,,,,KXHIGHTNOLA,New Orleans Max temp Daily,KMSY,2026-09-10,less,,86.0,max,91.0,1,1.72,real_measured
KXHIGHTNOLA-26SEP10-B92.5,weather,yes,2026-09-09T19:49:34Z,0.1581,0.025,0.1331,False,,,,2026-09-09T19:49:34Z,0.025,open,,,,,KXHIGHTNOLA,New Orleans Max temp Daily,KMSY,2026-09-10,between,92.0,93.0,max,91.0,1,1.72,real_measured
KXHIGHTNOLA-26SEP10-B90.5,weather,yes,2026-09-09T19:49:34Z,0.22,0.175,0.045,False,,,,2026-09-09T19:49:34Z,0.175,open,,,,,KXHIGHTNOLA,New Orleans Max temp Daily,KMSY,2026-09-10,between,90.0,91.0,max,91.0,1,1.72,real_measured
KXHIGHTNOLA-26SEP10-B88.5,weather,no,2026-09-09T19:49:34Z,0.9183,0.625,0.2933,False,,,,2026-09-09T19:49:34Z,0.625,open,,,,,KXHIGHTNOLA,New Orleans Max temp Daily,KMSY,2026-09-10,between,88.0,89.0,max,91.0,1,1.72,real_measured
KXHIGHTNOLA-26SEP10-B86.5,weather,no,2026-09-09T19:49:34Z,0.9919,0.725,0.2669,False,,,,2026-09-09T19:49:34Z,0.725,open,,,,,KXHIGHTNOLA,New Orleans Max temp Daily,KMSY,2026-09-10,between,86.0,87.0,max,91.0,1,1.72,real_measured
KXHIGHTNOLA-26SEP09-T93,weather,yes,2026-09-09T19:49:34Z,0.1762,0.005,0.1712,False,,,,2026-09-09T19:49:34Z,0.005,open,,,,,KXHIGHTNOLA,New Orleans Max temp Daily,KMSY,2026-09-09,greater,93.0,,max,91.0,0,2.15,real_measured
KXHIGHTNOLA-26SEP09-B92.5,weather,no,2026-09-09T19:49:34Z,0.8552,0.81,0.0452,False,,,,2026-09-09T19:49:34Z,0.81,open,,,,,KXHIGHTNOLA,New Orleans Max temp Daily,KMSY,2026-09-09,between,92.0,93.0,max,91.0,0,2.15,real_measured
KXHIGHTNOLA-26SEP09-B90.5,weather,no,2026-09-09T19:49:34Z,0.821,0.195,0.626,False,,,,2026-09-09T19:49:34Z,0.195,open,,,,,KXHIGHTNOLA,New Orleans Max temp Daily,KMSY,2026-09-09,between,90.0,91.0,max,91.0,0,2.15,real_measured
KXHIGHTNOLA-26SEP09-B88.5,weather,yes,2026-09-09T19:49:34Z,0.0947,0.005,0.0897,False,,,,2026-09-09T19:49:34Z,0.005,open,,,,,KXHIGHTNOLA,New Orleans Max temp Daily,KMSY,2026-09-09,between,88.0,89.0,max,91.0,0,2.15,real_measured
KXHIGHTSAN-26SEP10-T90,weather,no,2026-09-09T19:49:34Z,0.9598,0.53,0.4298,False,,,,2026-09-09T19:49:34Z,0.53,open,,,,,KXHIGHTSAN,High Temperature San Diego,KSAN,2026-09-10,greater,90.0,,max,87.0,1,1.72,real_measured
KXHIGHTSAN-26SEP10-T83,weather,no,2026-09-09T19:49:34Z,0.9901,0.53,0.4601,False,,,,2026-09-09T19:49:34Z,0.53,open,,,,,KXHIGHTSAN,High Temperature San Diego,KSAN,2026-09-10,less,,83.0,max,87.0,1,1.72,real_measured
KXHIGHTSAN-26SEP10-B89.5,weather,no,2026-09-09T19:49:34Z,0.9183,0.525,0.3933,False,,,,2026-09-09T19:49:34Z,0.525,open,,,,,KXHIGHTSAN,High Temperature San Diego,KSAN,2026-09-10,between,89.0,90.0,max,87.0,1,1.72,real_measured
KXHIGHTSAN-26SEP10-B87.5,weather,no,2026-09-09T19:49:34Z,0.78,0.525,0.255,False,,,,2026-09-09T19:49:34Z,0.525,open,,,,,KXHIGHTSAN,High Temperature San Diego,KSAN,2026-09-10,between,87.0,88.0,max,87.0,1,1.72,real_measured
KXHIGHTSAN-26SEP10-B85.5,weather,no,2026-09-09T19:49:34Z,0.8419,0.515,0.3269,False,,,,2026-09-09T19:49:34Z,0.515,open,,,,,KXHIGHTSAN,High Temperature San Diego,KSAN,2026-09-10,between,85.0,86.0,max,87.0,1,1.72,real_measured
KXHIGHTSAN-26SEP10-B83.5,weather,no,2026-09-09T19:49:34Z,0.9697,0.53,0.4397,False,,,,2026-09-09T19:49:34Z,0.53,open,,,,,KXHIGHTSAN,High Temperature San Diego,KSAN,2026-09-10,between,83.0,84.0,max,87.0,1,1.72,real_measured
KXHIGHTSAN-26SEP09-T93,weather,no,2026-09-09T19:49:34Z,0.5,0.005,0.495,False,,,,2026-09-09T19:49:34Z,0.005,open,,,,,KXHIGHTSAN,High Temperature San Diego,KSAN,2026-09-09,greater,93.0,,max,93.0,0,2.15,real_measured
KXHIGHTSAN-26SEP09-B92.5,weather,yes,2026-09-09T19:49:34Z,0.179,0.005,0.174,False,,,,2026-09-09T19:49:34Z,0.005,open,,,,,KXHIGHTSAN,High Temperature San Diego,KSAN,2026-09-09,between,92.0,93.0,max,93.0,0,2.15,real_measured
KXHIGHTSAN-26SEP09-B90.5,weather,yes,2026-09-09T19:49:34Z,0.0947,0.005,0.0897,False,,,,2026-09-09T19:49:34Z,0.005,open,,,,,KXHIGHTSAN,High Temperature San Diego,KSAN,2026-09-09,between,90.0,91.0,max,93.0,0,2.15,real_measured
KXLOWTDEN-26SEP10-T57,weather,yes,2026-09-09T19:49:34Z,0.1218,0.035,0.0868,False,,,,2026-09-09T19:49:34Z,0.035,open,,,,,KXLOWTDEN,Lowest temperature in Denver,KDEN,2026-09-10,greater,57.0,,min,55.0,1,1.72,real_measured
KXLOWTDEN-26SEP10-T50,weather,no,2026-09-09T19:49:34Z,0.9982,0.965,0.0332,False,,,,2026-09-09T19:49:34Z,0.965,open,,,,,KXLOWTDEN,Lowest temperature in Denver,KDEN,2026-09-10,less,,50.0,min,55.0,1,1.72,real_measured
KXLOWTDEN-26SEP10-B54.5,weather,no,2026-09-09T19:49:34Z,0.78,0.655,0.125,False,,,,2026-09-09T19:49:34Z,0.655,open,,,,,KXLOWTDEN,Lowest temperature in Denver,KDEN,2026-09-10,between,54.0,55.0,min,55.0,1,1.72,real_measured
KXLOWTDEN-26SEP10-B52.5,weather,no,2026-09-09T19:49:34Z,0.9183,0.695,0.2233,False,,,,2026-09-09T19:49:34Z,0.695,open,,,,,KXLOWTDEN,Lowest temperature in Denver,KDEN,2026-09-10,between,52.0,53.0,min,55.0,1,1.72,real_measured
KXLOWTDEN-26SEP10-B50.5,weather,no,2026-09-09T19:49:34Z,0.9919,0.905,0.0869,False,,,,2026-09-09T19:49:34Z,0.905,open,,,,,KXLOWTDEN,Lowest temperature in Denver,KDEN,2026-09-10,between,50.0,51.0,min,55.0,1,1.72,real_measured
KXLOWTDEN-26SEP09-T54,weather,yes,2026-09-09T19:49:34Z,0.0815,0.04,0.0415,False,,,,2026-09-09T19:49:34Z,0.04,open,,,,,KXLOWTDEN,Lowest temperature in Denver,KDEN,2026-09-09,less,,54.0,min,57.0,0,2.15,real_measured
KXLOWTDEN-26SEP09-B60.5,weather,yes,2026-09-09T19:49:34Z,0.0501,0.005,0.0451,False,,,,2026-09-09T19:49:34Z,0.005,open,,,,,KXLOWTDEN,Lowest temperature in Denver,KDEN,2026-09-09,between,60.0,61.0,min,57.0,0,2.15,real_measured
KXLOWTDEN-26SEP09-B58.5,weather,yes,2026-09-09T19:49:34Z,0.1448,0.005,0.1398,False,,,,2026-09-09T19:49:34Z,0.005,open,,,,,KXLOWTDEN,Lowest temperature in Denver,KDEN,2026-09-09,between,58.0,59.0,min,57.0,0,2.15,real_measured
KXLOWTDEN-26SEP09-B56.5,weather,yes,2026-09-09T19:49:34Z,0.179,0.005,0.174,False,,,,2026-09-09T19:49:34Z,0.005,open,,,,,KXLOWTDEN,Lowest temperature in Denver,KDEN,2026-09-09,between,56.0,57.0,min,57.0,0,2.15,real_measured
KXLOWTDEN-26SEP09-B54.5,weather,no,2026-09-09T19:49:34Z,0.9053,0.065,0.8403,False,,,,2026-09-09T19:49:34Z,0.065,open,,,,,KXLOWTDEN,Lowest temperature in Denver,KDEN,2026-09-09,between,54.0,55.0,min,57.0,0,2.15,real_measured
KXHIGHTSDF-26SEP10-T88,weather,no,2026-09-09T19:49:34Z,1.0,0.515,0.485,False,,,,2026-09-09T19:49:34Z,0.515,open,,,,,KXHIGHTSDF,HIGHEST Temperature SATX,KSDF,2026-09-10,greater,88.0,,max,80.0,1,1.72,real_measured
KXHIGHTSDF-26SEP10-T81,weather,yes,2026-09-09T19:49:34Z,0.72,0.485,0.235,False,,,,2026-09-09T19:49:34Z,0.485,open,,,,,KXHIGHTSDF,HIGHEST Temperature SATX,KSDF,2026-09-10,less,,81.0,max,80.0,1,1.72,real_measured
KXHIGHTSDF-26SEP10-B87.5,weather,no,2026-09-09T19:49:34Z,1.0,0.515,0.485,False,,,,2026-09-09T19:49:34Z,0.515,open,,,,,KXHIGHTSDF,HIGHEST Temperature SATX,KSDF,2026-09-10,between,87.0,88.0,max,80.0,1,1.72,real_measured
KXHIGHTSDF-26SEP10-B85.5,weather,no,2026-09-09T19:49:34Z,0.9985,0.505,0.4935,False,,,,2026-09-09T19:49:34Z,0.505,open,,,,,KXHIGHTSDF,HIGHEST Temperature SATX,KSDF,2026-09-10,between,85.0,86.0,max,80.0,1,1.72,real_measured
KXHIGHTSDF-26SEP10-B83.5,weather,no,2026-09-09T19:49:34Z,0.9697,0.515,0.4547,False,,,,2026-09-09T19:49:34Z,0.515,open,,,,,KXHIGHTSDF,HIGHEST Temperature SATX,KSDF,2026-09-10,between,83.0,84.0,max,80.0,1,1.72,real_measured
KXHIGHTSDF-26SEP10-B81.5,weather,no,2026-09-09T19:49:34Z,0.8419,0.515,0.3269,False,,,,2026-09-09T19:49:34Z,0.515,open,,,,,KXHIGHTSDF,HIGHEST Temperature SATX,KSDF,2026-09-10,between,81.0,82.0,max,80.0,1,1.72,real_measured
KXHIGHTSDF-26SEP09-T92,weather,yes,2026-09-09T19:49:34Z,0.0815,0.005,0.0765,False,,,,2026-09-09T19:49:34Z,0.005,open,,,,,KXHIGHTSDF,HIGHEST Temperature SATX,KSDF,2026-09-09,less,,92.0,max,95.0,0,2.15,real_measured
KXHIGHTSDF-26SEP09-B98.5,weather,no,2026-09-09T19:49:34Z,0.9499,0.51,0.4399,False,,,,2026-09-09T19:49:34Z,0.51,open,,,,,KXHIGHTSDF,HIGHEST Temperature SATX,KSDF,2026-09-09,between,98.0,99.0,max,95.0,0,2.15,real_measured
KXHIGHTSDF-26SEP09-B96.5,weather,no,2026-09-09T19:49:34Z,0.8552,0.51,0.3452,False,,,,2026-09-09T19:49:34Z,0.51,open,,,,,KXHIGHTSDF,HIGHEST Temperature SATX,KSDF,2026-09-09,between,96.0,97.0,max,95.0,0,2.15,real_measured
KXHIGHTSDF-26SEP09-B94.5,weather,no,2026-09-09T19:49:34Z,0.821,0.505,0.316,False,,,,2026-09-09T19:49:34Z,0.505,open,,,,,KXHIGHTSDF,HIGHEST Temperature SATX,KSDF,2026-09-09,between,94.0,95.0,max,95.0,0,2.15,real_measured
KXHIGHTSDF-26SEP09-B92.5,weather,no,2026-09-09T19:49:34Z,0.9053,0.51,0.3953,False,,,,2026-09-09T19:49:34Z,0.51,open,,,,,KXHIGHTSDF,HIGHEST Temperature SATX,KSDF,2026-09-09,between,92.0,93.0,max,95.0,0,2.15,real_measured
KXHIGHTOKC-26SEP10-T83,weather,no,2026-09-09T19:49:34Z,0.9982,0.895,0.1032,False,,,,2026-09-09T19:49:34Z,0.895,open,,,,,KXHIGHTOKC,Oklahoma City Maximum High Temperature,KOKC,2026-09-10,less,,83.0,max,88.0,1,1.72,real_measured
KXHIGHTOKC-26SEP10-B85.5,weather,no,2026-09-09T19:49:34Z,0.9183,0.805,0.1133,False,,,,2026-09-09T19:49:34Z,0.805,open,,,,,KXHIGHTOKC,Oklahoma City Maximum High Temperature,KOKC,2026-09-10,between,85.0,86.0,max,88.0,1,1.72,real_measured
KXHIGHTOKC-26SEP10-B83.5,weather,no,2026-09-09T19:49:34Z,0.9919,0.845,0.1469,False,,,,2026-09-09T19:49:34Z,0.845,open,,,,,KXHIGHTOKC,Oklahoma City Maximum High Temperature,KOKC,2026-09-10,between,83.0,84.0,max,88.0,1,1.72,real_measured
KXHIGHTOKC-26SEP09-T97,weather,yes,2026-09-09T19:49:34Z,0.0815,0.005,0.0765,False,,,,2026-09-09T19:49:34Z,0.005,open,,,,,KXHIGHTOKC,Oklahoma City Maximum High Temperature,KOKC,2026-09-09,less,,97.0,max,100.0,0,2.15,real_measured
KXHIGHTOKC-26SEP09-B99.5,weather,yes,2026-09-09T19:49:34Z,0.179,0.005,0.174,False,,,,2026-09-09T19:49:34Z,0.005,open,,,,,KXHIGHTOKC,Oklahoma City Maximum High Temperature,KOKC,2026-09-09,between,99.0,100.0,max,100.0,0,2.15,real_measured
KXHIGHTOKC-26SEP09-B97.5,weather,yes,2026-09-09T19:49:34Z,0.0947,0.005,0.0897,False,,,,2026-09-09T19:49:34Z,0.005,open,,,,,KXHIGHTOKC,Oklahoma City Maximum High Temperature,KOKC,2026-09-09,between,97.0,98.0,max,100.0,0,2.15,real_measured
KXHIGHTOKC-26SEP09-B103.5,weather,no,2026-09-09T19:49:34Z,0.9499,0.27,0.6799,False,,,,2026-09-09T19:49:34Z,0.27,open,,,,,KXHIGHTOKC,Oklahoma City Maximum High Temperature,KOKC,2026-09-09,between,103.0,104.0,max,100.0,0,2.15,real_measured
KXHIGHTOKC-26SEP09-B101.5,weather,no,2026-09-09T19:49:34Z,0.8552,0.73,0.1252,False,,,,2026-09-09T19:49:34Z,0.73,open,,,,,KXHIGHTOKC,Oklahoma City Maximum High Temperature,KOKC,2026-09-09,between,101.0,102.0,max,100.0,0,2.15,real_measured
KXLOWTSFO-26SEP10-T65,weather,yes,2026-09-09T19:49:34Z,0.5,0.185,0.315,False,,,,2026-09-09T19:49:34Z,0.185,open,,,,,KXLOWTSFO,Lowest Temperature San Francisco,KSFO,2026-09-10,greater,65.0,,min,65.0,1,1.72,real_measured
KXLOWTSFO-26SEP10-B64.5,weather,no,2026-09-09T19:49:34Z,0.78,0.7,0.08,False,,,,2026-09-09T19:49:34Z,0.7,open,,,,,KXLOWTSFO,Lowest Temperature San Francisco,KSFO,2026-09-10,between,64.0,65.0,min,65.0,1,1.72,real_measured
KXLOWTSFO-26SEP10-B62.5,weather,no,2026-09-09T19:49:34Z,0.9183,0.745,0.1733,False,,,,2026-09-09T19:49:34Z,0.745,open,,,,,KXLOWTSFO,Lowest Temperature San Francisco,KSFO,2026-09-10,between,62.0,63.0,min,65.0,1,1.72,real_measured
KXLOWTSFO-26SEP10-B60.5,weather,no,2026-09-09T19:49:34Z,0.9919,0.94,0.0519,False,,,,2026-09-09T19:49:34Z,0.94,open,,,,,KXLOWTSFO,Lowest Temperature San Francisco,KSFO,2026-09-10,between,60.0,61.0,min,65.0,1,1.72,real_measured
KXLOWTSFO-26SEP10-B58.5,weather,no,2026-09-09T19:49:34Z,0.9998,0.965,0.0348,False,,,,2026-09-09T19:49:34Z,0.965,open,,,,,KXLOWTSFO,Lowest Temperature San Francisco,KSFO,2026-09-10,between,58.0,59.0,min,65.0,1,1.72,real_measured
KXLOWTSFO-26SEP09-T67,weather,yes,2026-09-09T19:49:34Z,0.321,0.005,0.316,False,,,,2026-09-09T19:49:34Z,0.005,open,,,,,KXLOWTSFO,Lowest Temperature San Francisco,KSFO,2026-09-09,greater,67.0,,min,66.0,0,2.15,real_measured
KXLOWTSFO-26SEP09-B66.5,weather,no,2026-09-09T19:49:34Z,0.821,0.02,0.801,False,,,,2026-09-09T19:49:34Z,0.02,open,,,,,KXLOWTSFO,Lowest Temperature San Francisco,KSFO,2026-09-09,between,66.0,67.0,min,66.0,0,2.15,real_measured
KXLOWTSFO-26SEP09-B64.5,weather,yes,2026-09-09T19:49:34Z,0.1448,0.02,0.1248,False,,,,2026-09-09T19:49:34Z,0.02,open,,,,,KXLOWTSFO,Lowest Temperature San Francisco,KSFO,2026-09-09,between,64.0,65.0,min,66.0,0,2.15,real_measured
KXLOWTSFO-26SEP09-B62.5,weather,yes,2026-09-09T19:49:34Z,0.0501,0.015,0.0351,False,,,,2026-09-09T19:49:34Z,0.015,open,,,,,KXLOWTSFO,Lowest Temperature San Francisco,KSFO,2026-09-09,between,62.0,63.0,min,66.0,0,2.15,real_measured
KXHIGHPHIL-26SEP10-B90.5,weather,no,2026-09-09T19:49:34Z,0.9697,0.725,0.2447,False,,,,2026-09-09T19:49:34Z,0.725,open,,,,,KXHIGHPHIL,Highest temperature in Philadelphia,KPHL,2026-09-10,between,90.0,91.0,max,87.0,1,1.72,real_measured
KXHIGHPHIL-26SEP10-B88.5,weather,no,2026-09-09T19:49:34Z,0.8419,0.605,0.2369,False,,,,2026-09-09T19:49:34Z,0.605,open,,,,,KXHIGHPHIL,Highest temperature in Philadelphia,KPHL,2026-09-10,between,88.0,89.0,max,87.0,1,1.72,real_measured
KXHIGHPHIL-26SEP10-B86.5,weather,yes,2026-09-09T19:49:34Z,0.22,0.16,0.06,False,,,,2026-09-09T19:49:34Z,0.16,open,,,,,KXHIGHPHIL,Highest temperature in Philadelphia,KPHL,2026-09-10,between,86.0,87.0,max,87.0,1,1.72,real_measured
KXHIGHPHIL-26SEP09-T84,weather,yes,2026-09-09T19:49:34Z,0.1762,0.005,0.1712,False,,,,2026-09-09T19:49:34Z,0.005,open,,,,,KXHIGHPHIL,Highest temperature in Philadelphia,KPHL,2026-09-09,less,,84.0,max,86.0,0,2.15,real_measured
KXHIGHPHIL-26SEP09-B90.5,weather,no,2026-09-09T19:49:34Z,0.9786,0.68,0.2986,False,,,,2026-09-09T19:49:34Z,0.68,open,,,,,KXHIGHPHIL,Highest temperature in Philadelphia,KPHL,2026-09-09,between,90.0,91.0,max,86.0,0,2.15,real_measured
KXHIGHPHIL-26SEP09-B88.5,weather,no,2026-09-09T19:49:34Z,0.9053,0.32,0.5853,False,,,,2026-09-09T19:49:34Z,0.32,open,,,,,KXHIGHPHIL,Highest temperature in Philadelphia,KPHL,2026-09-09,between,88.0,89.0,max,86.0,0,2.15,real_measured
KXHIGHPHIL-26SEP09-B86.5,weather,yes,2026-09-09T19:49:34Z,0.179,0.005,0.174,False,,,,2026-09-09T19:49:34Z,0.005,open,,,,,KXHIGHPHIL,Highest temperature in Philadelphia,KPHL,2026-09-09,between,86.0,87.0,max,86.0,0,2.15,real_measured
KXHIGHPHIL-26SEP09-B84.5,weather,yes,2026-09-09T19:49:34Z,0.1448,0.005,0.1398,False,,,,2026-09-09T19:49:34Z,0.005,open,,,,,KXHIGHPHIL,Highest temperature in Philadelphia,KPHL,2026-09-09,between,84.0,85.0,max,86.0,0,2.15,real_measured
KXLOWTBOS-26SEP10-T72,weather,yes,2026-09-09T19:49:34Z,0.28,0.105,0.175,False,,,,2026-09-09T19:49:34Z,0.105,open,,,,,KXLOWTBOS,Low Temperature Boston,KBOS,2026-09-10,greater,72.0,,min,71.0,1,1.72,real_measured
KXLOWTBOS-26SEP10-B71.5,weather,no,2026-09-09T19:49:34Z,0.78,0.6,0.18,False,,,,2026-09-09T19:49:34Z,0.6,open,,,,,KXLOWTBOS,Low Temperature Boston,KBOS,2026-09-10,between,71.0,72.0,min,71.0,1,1.72,real_measured
KXLOWTBOS-26SEP10-B69.5,weather,no,2026-09-09T19:49:34Z,0.8419,0.655,0.1869,False,,,,2026-09-09T19:49:34Z,0.655,open,,,,,KXLOWTBOS,Low Temperature Boston,KBOS,2026-09-10,between,69.0,70.0,min,71.0,1,1.72,real_measured
KXLOWTBOS-26SEP10-B67.5,weather,no,2026-09-09T19:49:34Z,0.9697,0.875,0.0947,False,,,,2026-09-09T19:49:34Z,0.875,open,,,,,KXLOWTBOS,Low Temperature Boston,KBOS,2026-09-10,between,67.0,68.0,min,71.0,1,1.72,real_measured
KXLOWTBOS-26SEP09-T60,weather,yes,2026-09-09T19:49:34Z,0.1762,0.02,0.1562,False,,,,2026-09-09T19:49:34Z,0.02,open,,,,,KXLOWTBOS,Low Temperature Boston,KBOS,2026-09-09,less,,60.0,min,62.0,0,2.15,real_measured
KXLOWTBOS-26SEP09-B64.5,weather,yes,2026-09-09T19:49:34Z,0.0947,0.005,0.0897,False,,,,2026-09-09T19:49:34Z,0.005,open,,,,,KXLOWTBOS,Low Temperature Boston,KBOS,2026-09-09,between,64.0,65.0,min,62.0,0,2.15,real_measured
KXLOWTBOS-26SEP09-B62.5,weather,yes,2026-09-09T19:49:34Z,0.179,0.005,0.174,False,,,,2026-09-09T19:49:34Z,0.005,open,,,,,KXLOWTBOS,Low Temperature Boston,KBOS,2026-09-09,between,62.0,63.0,min,62.0,0,2.15,real_measured
KXLOWTBOS-26SEP09-B60.5,weather,no,2026-09-09T19:49:34Z,0.8552,0.025,0.8302,False,,,,2026-09-09T19:49:34Z,0.025,open,,,,,KXLOWTBOS,Low Temperature Boston,KBOS,2026-09-09,between,60.0,61.0,min,62.0,0,2.15,real_measured
KXLOWTLAX-26SEP10-T75,weather,yes,2026-09-09T19:49:34Z,0.5,0.325,0.175,False,,,,2026-09-09T19:49:34Z,0.325,open,,,,,KXLOWTLAX,Lowest Temperature in LA,KLAX,2026-09-10,greater,75.0,,min,75.0,1,1.72,real_measured
KXLOWTLAX-26SEP10-B74.5,weather,no,2026-09-09T19:49:34Z,0.78,0.48,0.3,False,,,,2026-09-09T19:49:34Z,0.48,open,,,,,KXLOWTLAX,Lowest Temperature in LA,KLAX,2026-09-10,between,74.0,75.0,min,75.0,1,1.72,real_measured
KXLOWTLAX-26SEP09-T75,weather,no,2026-09-09T19:49:34Z,0.5,0.05,0.45,False,,,,2026-09-09T19:49:34Z,0.05,open,,,,,KXLOWTLAX,Lowest Temperature in LA,KLAX,2026-09-09,greater,75.0,,min,75.0,0,2.15,real_measured
KXLOWTLAX-26SEP09-B74.5,weather,yes,2026-09-09T19:49:34Z,0.179,0.045,0.134,False,,,,2026-09-09T19:49:34Z,0.045,open,,,,,KXLOWTLAX,Lowest Temperature in LA,KLAX,2026-09-09,between,74.0,75.0,min,75.0,0,2.15,real_measured
KXLOWTLAX-26SEP09-B72.5,weather,yes,2026-09-09T19:49:34Z,0.0947,0.015,0.0797,False,,,,2026-09-09T19:49:34Z,0.015,open,,,,,KXLOWTLAX,Lowest Temperature in LA,KLAX,2026-09-09,between,72.0,73.0,min,75.0,0,2.15,real_measured
KXLOWTSAN-26SEP10-T75,weather,no,2026-09-09T19:49:34Z,0.8782,0.515,0.3632,False,,,,2026-09-09T19:49:34Z,0.515,open,,,,,KXLOWTSAN,Low Temperature San Diego,KSAN,2026-09-10,greater,75.0,,min,73.0,1,1.72,real_measured
KXLOWTSAN-26SEP10-T68,weather,no,2026-09-09T19:49:34Z,0.9982,0.515,0.4832,False,,,,2026-09-09T19:49:34Z,0.515,open,,,,,KXLOWTSAN,Low Temperature San Diego,KSAN,2026-09-10,less,,68.0,min,73.0,1,1.72,real_measured
KXLOWTSAN-26SEP10-B74.5,weather,no,2026-09-09T19:49:34Z,0.8419,0.52,0.3219,False,,,,2026-09-09T19:49:34Z,0.52,open,,,,,KXLOWTSAN,Low Temperature San Diego,KSAN,2026-09-10,between,74.0,75.0,min,73.0,1,1.72,real_measured
KXLOWTSAN-26SEP10-B72.5,weather,no,2026-09-09T19:49:34Z,0.78,0.52,0.26,False,,,,2026-09-09T19:49:34Z,0.52,open,,,,,KXLOWTSAN,Low Temperature San Diego,KSAN,2026-09-10,between,72.0,73.0,min,73.0,1,1.72,real_measured
KXLOWTSAN-26SEP10-B70.5,weather,no,2026-09-09T19:49:34Z,0.9183,0.52,0.3983,False,,,,2026-09-09T19:49:34Z,0.52,open,,,,,KXLOWTSAN,Low Temperature San Diego,KSAN,2026-09-10,between,70.0,71.0,min,73.0,1,1.72,real_measured
KXLOWTSAN-26SEP10-B68.5,weather,no,2026-09-09T19:49:34Z,0.9919,0.525,0.4669,False,,,,2026-09-09T19:49:34Z,0.525,open,,,,,KXLOWTSAN,Low Temperature San Diego,KSAN,2026-09-10,between,68.0,69.0,min,73.0,1,1.72,real_measured
KXLOWTSAN-26SEP09-T75,weather,yes,2026-09-09T19:49:34Z,0.9185,0.49,0.4285,False,,,,2026-09-09T19:49:34Z,0.49,open,,,,,KXLOWTSAN,Low Temperature San Diego,KSAN,2026-09-09,greater,75.0,,min,78.0,0,2.15,real_measured
KXLOWTSAN-26SEP09-T68,weather,no,2026-09-09T19:49:34Z,1.0,0.51,0.49,False,,,,2026-09-09T19:49:34Z,0.51,open,,,,,KXLOWTSAN,Low Temperature San Diego,KSAN,2026-09-09,less,,68.0,min,78.0,0,2.15,real_measured
KXLOWTSAN-26SEP09-B74.5,weather,no,2026-09-09T19:49:34Z,0.9499,0.11,0.8399,False,,,,2026-09-09T19:49:34Z,0.11,open,,,,,KXLOWTSAN,Low Temperature San Diego,KSAN,2026-09-09,between,74.0,75.0,min,78.0,0,2.15,real_measured
KXLOWTSAN-26SEP09-B70.5,weather,no,2026-09-09T19:49:34Z,0.9995,0.885,0.1145,False,,,,2026-09-09T19:49:34Z,0.885,open,,,,,KXLOWTSAN,Low Temperature San Diego,KSAN,2026-09-09,between,70.0,71.0,min,78.0,0,2.15,real_measured
KXLOWTSAN-26SEP09-B68.5,weather,no,2026-09-09T19:49:34Z,1.0,0.51,0.49,False,,,,2026-09-09T19:49:34Z,0.51,open,,,,,KXLOWTSAN,Low Temperature San Diego,KSAN,2026-09-09,between,68.0,69.0,min,78.0,0,2.15,real_measured
KXLOWTNOLA-26SEP10-T80,weather,yes,2026-09-09T19:49:34Z,0.1218,0.035,0.0868,False,,,,2026-09-09T19:49:34Z,0.035,open,,,,,KXLOWTNOLA,NOLA Low Temperature,KMSY,2026-09-10,greater,80.0,,min,78.0,1,1.72,real_measured
KXLOWTNOLA-26SEP10-B79.5,weather,no,2026-09-09T19:49:34Z,0.8419,0.78,0.0619,False,,,,2026-09-09T19:49:34Z,0.78,open,,,,,KXLOWTNOLA,NOLA Low Temperature,KMSY,2026-09-10,between,79.0,80.0,min,78.0,1,1.72,real_measured
KXLOWTNOLA-26SEP10-B77.5,weather,no,2026-09-09T19:49:34Z,0.78,0.48,0.3,False,,,,2026-09-09T19:49:34Z,0.48,open,,,,,KXLOWTNOLA,NOLA Low Temperature,KMSY,2026-09-10,between,77.0,78.0,min,78.0,1,1.72,real_measured
KXLOWTNOLA-26SEP10-B75.5,weather,no,2026-09-09T19:49:34Z,0.9183,0.825,0.0933,False,,,,2026-09-09T19:49:34Z,0.825,open,,,,,KXLOWTNOLA,NOLA Low Temperature,KMSY,2026-09-10,between,75.0,76.0,min,78.0,1,1.72,real_measured
KXLOWTNOLA-26SEP10-B73.5,weather,no,2026-09-09T19:49:34Z,0.9919,0.94,0.0519,False,,,,2026-09-09T19:49:34Z,0.94,open,,,,,KXLOWTNOLA,NOLA Low Temperature,KMSY,2026-09-10,between,73.0,74.0,min,78.0,1,1.72,real_measured
KXLOWTNOLA-26SEP09-T81,weather,yes,2026-09-09T19:49:34Z,0.321,0.005,0.316,False,,,,2026-09-09T19:49:34Z,0.005,open,,,,,KXLOWTNOLA,NOLA Low Temperature,KMSY,2026-09-09,greater,81.0,,min,80.0,0,2.15,real_measured
KXLOWTNOLA-26SEP09-B80.5,weather,yes,2026-09-09T19:49:34Z,0.179,0.005,0.174,False,,,,2026-09-09T19:49:34Z,0.005,open,,,,,KXLOWTNOLA,NOLA Low Temperature,KMSY,2026-09-09,between,80.0,81.0,min,80.0,0,2.15,real_measured
KXLOWTNOLA-26SEP09-B78.5,weather,no,2026-09-09T19:49:34Z,0.8552,0.035,0.8202,False,,,,2026-09-09T19:49:34Z,0.035,open,,,,,KXLOWTNOLA,NOLA Low Temperature,KMSY,2026-09-09,between,78.0,79.0,min,80.0,0,2.15,real_measured
KXLOWTNYC-26SEP10-T75,weather,yes,2026-09-09T19:49:34Z,0.1218,0.035,0.0868,False,,,,2026-09-09T19:49:34Z,0.035,open,,,,,KXLOWTNYC,Lowest temperature in NYC,KNYC,2026-09-10,greater,75.0,,min,73.0,1,1.72,real_measured
KXLOWTNYC-26SEP10-B74.5,weather,yes,2026-09-09T19:49:34Z,0.1581,0.105,0.0531,False,,,,2026-09-09T19:49:34Z,0.105,open,,,,,KXLOWTNYC,Lowest temperature in NYC,KNYC,2026-09-10,between,74.0,75.0,min,73.0,1,1.72,real_measured
KXLOWTNYC-26SEP10-B72.5,weather,no,2026-09-09T19:49:34Z,0.78,0.445,0.335,False,,,,2026-09-09T19:49:34Z,0.445,open,,,,,KXLOWTNYC,Lowest temperature in NYC,KNYC,2026-09-10,between,72.0,73.0,min,73.0,1,1.72,real_measured
KXLOWTNYC-26SEP10-B70.5,weather,no,2026-09-09T19:49:34Z,0.9183,0.725,0.1933,False,,,,2026-09-09T19:49:34Z,0.725,open,,,,,KXLOWTNYC,Lowest temperature in NYC,KNYC,2026-09-10,between,70.0,71.0,min,73.0,1,1.72,real_measured
KXLOWTNYC-26SEP10-B68.5,weather,no,2026-09-09T19:49:34Z,0.9919,0.945,0.0469,False,,,,2026-09-09T19:49:34Z,0.945,open,,,,,KXLOWTNYC,Lowest temperature in NYC,KNYC,2026-09-10,between,68.0,69.0,min,73.0,1,1.72,real_measured
KXLOWTNYC-26SEP09-T69,weather,yes,2026-09-09T19:49:34Z,0.1762,0.005,0.1712,False,,,,2026-09-09T19:49:34Z,0.005,open,,,,,KXLOWTNYC,Lowest temperature in NYC,KNYC,2026-09-09,greater,69.0,,min,67.0,0,2.15,real_measured
KXLOWTNYC-26SEP09-B68.5,weather,no,2026-09-09T19:49:34Z,0.8552,0.005,0.8502,False,,,,2026-09-09T19:49:34Z,0.005,open,,,,,KXLOWTNYC,Lowest temperature in NYC,KNYC,2026-09-09,between,68.0,69.0,min,67.0,0,2.15,real_measured
KXLOWTNYC-26SEP09-B66.5,weather,yes,2026-09-09T19:49:34Z,0.179,0.005,0.174,False,,,,2026-09-09T19:49:34Z,0.005,open,,,,,KXLOWTNYC,Lowest temperature in NYC,KNYC,2026-09-09,between,66.0,67.0,min,67.0,0,2.15,real_measured
KXLOWTNYC-26SEP09-B64.5,weather,yes,2026-09-09T19:49:34Z,0.0947,0.01,0.0847,False,,,,2026-09-09T19:49:34Z,0.01,open,,,,,KXLOWTNYC,Lowest temperature in NYC,KNYC,2026-09-09,between,64.0,65.0,min,67.0,0,2.15,real_measured
KXHIGHTLV-26SEP10-B107.5,weather,no,2026-09-09T19:49:34Z,0.78,0.395,0.385,False,,,,2026-09-09T19:49:34Z,0.395,open,,,,,KXHIGHTLV,Las Vegas Max Daily Temperature,KLAS,2026-09-10,between,107.0,108.0,max,107.0,1,1.72,real_measured
KXHIGHTLV-26SEP10-B105.5,weather,no,2026-09-09T19:49:34Z,0.8419,0.765,0.0769,False,,,,2026-09-09T19:49:34Z,0.765,open,,,,,KXHIGHTLV,Las Vegas Max Daily Temperature,KLAS,2026-09-10,between,105.0,106.0,max,107.0,1,1.72,real_measured
KXHIGHTLV-26SEP09-T108,weather,yes,2026-09-09T19:49:34Z,0.0815,0.005,0.0765,False,,,,2026-09-09T19:49:34Z,0.005,open,,,,,KXHIGHTLV,Las Vegas Max Daily Temperature,KLAS,2026-09-09,greater,108.0,,max,105.0,0,2.15,real_measured
KXHIGHTLV-26SEP09-B107.5,weather,yes,2026-09-09T19:49:34Z,0.0947,0.035,0.0597,False,,,,2026-09-09T19:49:34Z,0.035,open,,,,,KXHIGHTLV,Las Vegas Max Daily Temperature,KLAS,2026-09-09,between,107.0,108.0,max,105.0,0,2.15,real_measured
KXHIGHTLV-26SEP09-B105.5,weather,no,2026-09-09T19:49:34Z,0.821,0.355,0.466,False,,,,2026-09-09T19:49:34Z,0.355,open,,,,,KXHIGHTLV,Las Vegas Max Daily Temperature,KLAS,2026-09-09,between,105.0,106.0,max,105.0,0,2.15,real_measured
KXHIGHTLV-26SEP09-B103.5,weather,no,2026-09-09T19:49:34Z,0.8552,0.67,0.1852,False,,,,2026-09-09T19:49:34Z,0.67,open,,,,,KXHIGHTLV,Las Vegas Max Daily Temperature,KLAS,2026-09-09,between,103.0,104.0,max,105.0,0,2.15,real_measured
KXHIGHTLV-26SEP09-B101.5,weather,yes,2026-09-09T19:49:34Z,0.0501,0.005,0.0451,False,,,,2026-09-09T19:49:34Z,0.005,open,,,,,KXHIGHTLV,Las Vegas Max Daily Temperature,KLAS,2026-09-09,between,101.0,102.0,max,105.0,0,2.15,real_measured
KXHIGHTDC-26SEP10-T86,weather,no,2026-09-09T19:49:34Z,0.9901,0.945,0.0451,False,,,,2026-09-09T19:49:34Z,0.945,open,,,,,KXHIGHTDC,Washington DC Daily Max Temp,KDCA,2026-09-10,less,,86.0,max,90.0,1,1.72,real_measured
KXHIGHTDC-26SEP10-B92.5,weather,no,2026-09-09T19:49:34Z,0.9183,0.875,0.0433,False,,,,2026-09-09T19:49:34Z,0.875,open,,,,,KXHIGHTDC,Washington DC Daily Max Temp,KDCA,2026-09-10,between,92.0,93.0,max,90.0,1,1.72,real_measured
KXHIGHTDC-26SEP10-B90.5,weather,no,2026-09-09T19:49:34Z,0.78,0.555,0.225,False,,,,2026-09-09T19:49:34Z,0.555,open,,,,,KXHIGHTDC,Washington DC Daily Max Temp,KDCA,2026-09-10,between,90.0,91.0,max,90.0,1,1.72,real_measured
KXHIGHTDC-26SEP10-B88.5,weather,no,2026-09-09T19:49:34Z,0.8419,0.665,0.1769,False,,,,2026-09-09T19:49:34Z,0.665,open,,,,,KXHIGHTDC,Washington DC Daily Max Temp,KDCA,2026-09-10,between,88.0,89.0,max,90.0,1,1.72,real_measured
KXHIGHTDC-26SEP10-B86.5,weather,no,2026-09-09T19:49:34Z,0.9697,0.9,0.0697,False,,,,2026-09-09T19:49:34Z,0.9,open,,,,,KXHIGHTDC,Washington DC Daily Max Temp,KDCA,2026-09-10,between,86.0,87.0,max,90.0,1,1.72,real_measured
KXHIGHTDC-26SEP09-T86,weather,yes,2026-09-09T19:49:34Z,0.1762,0.005,0.1712,False,,,,2026-09-09T19:49:34Z,0.005,open,,,,,KXHIGHTDC,Washington DC Daily Max Temp,KDCA,2026-09-09,less,,86.0,max,88.0,0,2.15,real_measured
KXHIGHTDC-26SEP09-B90.5,weather,no,2026-09-09T19:49:34Z,0.9053,0.645,0.2603,False,,,,2026-09-09T19:49:34Z,0.645,open,,,,,KXHIGHTDC,Washington DC Daily Max Temp,KDCA,2026-09-09,between,90.0,91.0,max,88.0,0,2.15,real_measured
KXHIGHTDC-26SEP09-B88.5,weather,no,2026-09-09T19:49:34Z,0.821,0.36,0.461,False,,,,2026-09-09T19:49:34Z,0.36,open,,,,,KXHIGHTDC,Washington DC Daily Max Temp,KDCA,2026-09-09,between,88.0,89.0,max,88.0,0,2.15,real_measured
KXHIGHTDC-26SEP09-B86.5,weather,yes,2026-09-09T19:49:34Z,0.1448,0.005,0.1398,False,,,,2026-09-09T19:49:34Z,0.005,open,,,,,KXHIGHTDC,Washington DC Daily Max Temp,KDCA,2026-09-09,between,86.0,87.0,max,88.0,0,2.15,real_measured
KXHIGHTSEA-26SEP10-T67,weather,no,2026-09-09T19:49:34Z,0.9901,0.935,0.0551,False,,,,2026-09-09T19:49:34Z,0.935,open,,,,,KXHIGHTSEA,Seattle Maximum Temperature Daily,KSEA,2026-09-10,less,,67.0,max,71.0,1,1.72,real_measured
KXHIGHTSEA-26SEP10-B71.5,weather,no,2026-09-09T19:49:34Z,0.78,0.555,0.225,False,,,,2026-09-09T19:49:34Z,0.555,open,,,,,KXHIGHTSEA,Seattle Maximum Temperature Daily,KSEA,2026-09-10,between,71.0,72.0,max,71.0,1,1.72,real_measured
KXHIGHTSEA-26SEP10-B69.5,weather,no,2026-09-09T19:49:34Z,0.8419,0.68,0.1619,False,,,,2026-09-09T19:49:34Z,0.68,open,,,,,KXHIGHTSEA,Seattle Maximum Temperature Daily,KSEA,2026-09-10,between,69.0,70.0,max,71.0,1,1.72,real_measured
KXHIGHTSEA-26SEP10-B67.5,weather,no,2026-09-09T19:49:34Z,0.9697,0.865,0.1047,False,,,,2026-09-09T19:49:34Z,0.865,open,,,,,KXHIGHTSEA,Seattle Maximum Temperature Daily,KSEA,2026-09-10,between,67.0,68.0,max,71.0,1,1.72,real_measured
KXHIGHTSEA-26SEP09-T74,weather,yes,2026-09-09T19:49:34Z,0.0815,0.005,0.0765,False,,,,2026-09-09T19:49:34Z,0.005,open,,,,,KXHIGHTSEA,Seattle Maximum Temperature Daily,KSEA,2026-09-09,less,,74.0,max,77.0,0,2.15,real_measured
KXHIGHTSEA-26SEP09-B78.5,weather,no,2026-09-09T19:49:34Z,0.8552,0.365,0.4902,False,,,,2026-09-09T19:49:34Z,0.365,open,,,,,KXHIGHTSEA,Seattle Maximum Temperature Daily,KSEA,2026-09-09,between,78.0,79.0,max,77.0,0,2.15,real_measured
KXHIGHTSEA-26SEP09-B76.5,weather,no,2026-09-09T19:49:34Z,0.821,0.695,0.126,False,,,,2026-09-09T19:49:34Z,0.695,open,,,,,KXHIGHTSEA,Seattle Maximum Temperature Daily,KSEA,2026-09-09,between,76.0,77.0,max,77.0,0,2.15,real_measured
KXHIGHTSEA-26SEP09-B74.5,weather,yes,2026-09-09T19:49:34Z,0.0947,0.035,0.0597,False,,,,2026-09-09T19:49:34Z,0.035,open,,,,,KXHIGHTSEA,Seattle Maximum Temperature Daily,KSEA,2026-09-09,between,74.0,75.0,max,77.0,0,2.15,real_measured
KXLOWTHOU-26SEP10-T79,weather,yes,2026-09-09T19:49:34Z,0.28,0.085,0.195,False,,,,2026-09-09T19:49:34Z,0.085,open,,,,,KXLOWTHOU,Low Temperature Houston,KHOU,2026-09-10,greater,79.0,,min,78.0,1,1.72,real_measured
KXLOWTHOU-26SEP10-B78.5,weather,no,2026-09-09T19:49:34Z,0.78,0.565,0.215,False,,,,2026-09-09T19:49:34Z,0.565,open,,,,,KXLOWTHOU,Low Temperature Houston,KHOU,2026-09-10,between,78.0,79.0,min,78.0,1,1.72,real_measured
KXLOWTHOU-26SEP10-B76.5,weather,no,2026-09-09T19:49:34Z,0.8419,0.6,0.2419,False,,,,2026-09-09T19:49:34Z,0.6,open,,,,,KXLOWTHOU,Low Temperature Houston,KHOU,2026-09-10,between,76.0,77.0,min,78.0,1,1.72,real_measured
KXLOWTHOU-26SEP10-B74.5,weather,no,2026-09-09T19:49:34Z,0.9697,0.92,0.0497,False,,,,2026-09-09T19:49:34Z,0.92,open,,,,,KXLOWTHOU,Low Temperature Houston,KHOU,2026-09-10,between,74.0,75.0,min,78.0,1,1.72,real_measured
KXLOWTHOU-26SEP10-B72.5,weather,no,2026-09-09T19:49:34Z,0.9985,0.96,0.0385,False,,,,2026-09-09T19:49:34Z,0.96,open,,,,,KXLOWTHOU,Low Temperature Houston,KHOU,2026-09-10,between,72.0,73.0,min,78.0,1,1.72,real_measured
KXLOWTHOU-26SEP09-T80,weather,yes,2026-09-09T19:49:34Z,0.321,0.005,0.316,False,,,,2026-09-09T19:49:34Z,0.005,open,,,,,KXLOWTHOU,Low Temperature Houston,KHOU,2026-09-09,greater,80.0,,min,79.0,0,2.15,real_measured
KXLOWTHOU-26SEP09-B79.5,weather,no,2026-09-09T19:49:34Z,0.821,0.28,0.541,False,,,,2026-09-09T19:49:34Z,0.28,open,,,,,KXLOWTHOU,Low Temperature Houston,KHOU,2026-09-09,between,79.0,80.0,min,79.0,0,2.15,real_measured
KXLOWTLV-26SEP10-T83,weather,yes,2026-09-09T19:49:34Z,0.72,0.555,0.165,False,,,,2026-09-09T19:49:34Z,0.555,open,,,,,KXLOWTLV,Las Vegas Daily Low Temperature,KLAS,2026-09-10,greater,83.0,,min,84.0,1,1.72,real_measured
KXLOWTLV-26SEP10-B82.5,weather,no,2026-09-09T19:49:34Z,0.8419,0.605,0.2369,False,,,,2026-09-09T19:49:34Z,0.605,open,,,,,KXLOWTLV,Las Vegas Daily Low Temperature,KLAS,2026-09-10,between,82.0,83.0,min,84.0,1,1.72,real_measured
KXLOWTLV-26SEP09-T81,weather,yes,2026-09-09T19:49:34Z,0.5,0.005,0.495,False,,,,2026-09-09T19:49:34Z,0.005,open,,,,,KXLOWTLV,Las Vegas Daily Low Temperature,KLAS,2026-09-09,greater,81.0,,min,81.0,0,2.15,real_measured
KXLOWTLV-26SEP09-B80.5,weather,no,2026-09-09T19:49:34Z,0.821,0.02,0.801,False,,,,2026-09-09T19:49:34Z,0.02,open,,,,,KXLOWTLV,Las Vegas Daily Low Temperature,KLAS,2026-09-09,between,80.0,81.0,min,81.0,0,2.15,real_measured
KXLOWTLV-26SEP09-B78.5,weather,yes,2026-09-09T19:49:34Z,0.0947,0.01,0.0847,False,,,,2026-09-09T19:49:34Z,0.01,open,,,,,KXLOWTLV,Las Vegas Daily Low Temperature,KLAS,2026-09-09,between,78.0,79.0,min,81.0,0,2.15,real_measured
KXHIGHTBOS-26SEP10-T89,weather,yes,2026-09-09T19:49:34Z,0.1218,0.045,0.0768,False,,,,2026-09-09T19:49:34Z,0.045,open,,,,,KXHIGHTBOS,Boston Maximum Daily Temperature,KBOS,2026-09-10,greater,89.0,,max,87.0,1,1.72,real_measured
KXHIGHTBOS-26SEP10-T82,weather,no,2026-09-09T19:49:34Z,0.9982,0.955,0.0432,False,,,,2026-09-09T19:49:34Z,0.955,open,,,,,KXHIGHTBOS,Boston Maximum Daily Temperature,KBOS,2026-09-10,less,,82.0,max,87.0,1,1.72,real_measured
KXHIGHTBOS-26SEP10-B88.5,weather,no,2026-09-09T19:49:34Z,0.8419,0.81,0.0319,False,,,,2026-09-09T19:49:34Z,0.81,open,,,,,KXHIGHTBOS,Boston Maximum Daily Temperature,KBOS,2026-09-10,between,88.0,89.0,max,87.0,1,1.72,real_measured
KXHIGHTBOS-26SEP10-B86.5,weather,no,2026-09-09T19:49:34Z,0.78,0.495,0.285,False,,,,2026-09-09T19:49:34Z,0.495,open,,,,,KXHIGHTBOS,Boston Maximum Daily Temperature,KBOS,2026-09-10,between,86.0,87.0,max,87.0,1,1.72,real_measured
KXHIGHTBOS-26SEP10-B84.5,weather,no,2026-09-09T19:49:34Z,0.9183,0.855,0.0633,False,,,,2026-09-09T19:49:34Z,0.855,open,,,,,KXHIGHTBOS,Boston Maximum Daily Temperature,KBOS,2026-09-10,between,84.0,85.0,max,87.0,1,1.72,real_measured
KXHIGHTBOS-26SEP10-B82.5,weather,no,2026-09-09T19:49:34Z,0.9919,0.955,0.0369,False,,,,2026-09-09T19:49:34Z,0.955,open,,,,,KXHIGHTBOS,Boston Maximum Daily Temperature,KBOS,2026-09-10,between,82.0,83.0,max,87.0,1,1.72,real_measured
KXHIGHTBOS-26SEP09-T76,weather,no,2026-09-09T19:49:34Z,0.8238,0.235,0.5888,False,,,,2026-09-09T19:49:34Z,0.235,open,,,,,KXHIGHTBOS,Boston Maximum Daily Temperature,KBOS,2026-09-09,less,,76.0,max,78.0,0,2.15,real_measured
KXHIGHTBOS-26SEP09-B80.5,weather,yes,2026-09-09T19:49:34Z,0.0947,0.03,0.0647,False,,,,2026-09-09T19:49:34Z,0.03,open,,,,,KXHIGHTBOS,Boston Maximum Daily Temperature,KBOS,2026-09-09,between,80.0,81.0,max,78.0,0,2.15,real_measured
KXHIGHTBOS-26SEP09-B78.5,weather,yes,2026-09-09T19:49:34Z,0.179,0.115,0.064,False,,,,2026-09-09T19:49:34Z,0.115,open,,,,,KXHIGHTBOS,Boston Maximum Daily Temperature,KBOS,2026-09-09,between,78.0,79.0,max,78.0,0,2.15,real_measured
KXHIGHTBOS-26SEP09-B76.5,weather,yes,2026-09-09T19:49:34Z,0.1448,0.1,0.0448,False,,,,2026-09-09T19:49:34Z,0.1,open,,,,,KXHIGHTBOS,Boston Maximum Daily Temperature,KBOS,2026-09-09,between,76.0,77.0,max,78.0,0,2.15,real_measured
KXLOWTPHIL-26SEP10-T74,weather,no,2026-09-09T19:49:34Z,0.8782,0.66,0.2182,False,,,,2026-09-09T19:49:34Z,0.66,open,,,,,KXLOWTPHIL,Lowest temperature in Philadelphia,KPHL,2026-09-10,greater,74.0,,min,72.0,1,1.72,real_measured
KXLOWTPHIL-26SEP10-B73.5,weather,no,2026-09-09T19:49:34Z,0.8419,0.615,0.2269,False,,,,2026-09-09T19:49:34Z,0.615,open,,,,,KXLOWTPHIL,Lowest temperature in Philadelphia,KPHL,2026-09-10,between,73.0,74.0,min,72.0,1,1.72,real_measured
KXLOWTPHIL-26SEP10-B69.5,weather,yes,2026-09-09T19:49:34Z,0.0817,0.05,0.0317,False,,,,2026-09-09T19:49:34Z,0.05,open,,,,,KXLOWTPHIL,Lowest temperature in Philadelphia,KPHL,2026-09-10,between,69.0,70.0,min,72.0,1,1.72,real_measured
KXLOWTPHIL-26SEP09-T68,weather,no,2026-09-09T19:49:34Z,0.679,0.005,0.674,False,,,,2026-09-09T19:49:34Z,0.005,open,,,,,KXLOWTPHIL,Lowest temperature in Philadelphia,KPHL,2026-09-09,greater,68.0,,min,67.0,0,2.15,real_measured
KXLOWTPHIL-26SEP09-B67.5,weather,yes,2026-09-09T19:49:34Z,0.179,0.005,0.174,False,,,,2026-09-09T19:49:34Z,0.005,open,,,,,KXLOWTPHIL,Lowest temperature in Philadelphia,KPHL,2026-09-09,between,67.0,68.0,min,67.0,0,2.15,real_measured
KXLOWTPHIL-26SEP09-B65.5,weather,yes,2026-09-09T19:49:34Z,0.1448,0.01,0.1348,False,,,,2026-09-09T19:49:34Z,0.01,open,,,,,KXLOWTPHIL,Lowest temperature in Philadelphia,KPHL,2026-09-09,between,65.0,66.0,min,67.0,0,2.15,real_measured
KXLOWTPHIL-26SEP09-B63.5,weather,yes,2026-09-09T19:49:34Z,0.0501,0.01,0.0401,False,,,,2026-09-09T19:49:34Z,0.01,open,,,,,KXLOWTPHIL,Lowest temperature in Philadelphia,KPHL,2026-09-09,between,63.0,64.0,min,67.0,0,2.15,real_measured
KXHIGHTTTN-26SEP10-B89.5,weather,no,2026-09-09T19:49:34Z,0.9697,0.54,0.4297,False,,,,2026-09-09T19:49:34Z,0.54,open,,,,,KXHIGHTTTN,"Trenton, NJ Daily Max Temp",KTTN,2026-09-10,between,89.0,90.0,max,86.0,1,1.72,real_measured
KXHIGHTTTN-26SEP10-B87.5,weather,no,2026-09-09T19:49:34Z,0.8419,0.565,0.2769,False,,,,2026-09-09T19:49:34Z,0.565,open,,,,,KXHIGHTTTN,"Trenton, NJ Daily Max Temp",KTTN,2026-09-10,between,87.0,88.0,max,86.0,1,1.72,real_measured
KXHIGHTTTN-26SEP10-B85.5,weather,no,2026-09-09T19:49:34Z,0.78,0.555,0.225,False,,,,2026-09-09T19:49:34Z,0.555,open,,,,,KXHIGHTTTN,"Trenton, NJ Daily Max Temp",KTTN,2026-09-10,between,85.0,86.0,max,86.0,1,1.72,real_measured
KXHIGHTTTN-26SEP10-B83.5,weather,no,2026-09-09T19:49:34Z,0.9183,0.56,0.3583,False,,,,2026-09-09T19:49:34Z,0.56,open,,,,,KXHIGHTTTN,"Trenton, NJ Daily Max Temp",KTTN,2026-09-10,between,83.0,84.0,max,86.0,1,1.72,real_measured
KXHIGHTTTN-26SEP09-T91,weather,no,2026-09-09T19:49:34Z,0.99,0.51,0.48,False,,,,2026-09-09T19:49:34Z,0.51,open,,,,,KXHIGHTTTN,"Trenton, NJ Daily Max Temp",KTTN,2026-09-09,greater,91.0,,max,86.0,0,2.15,real_measured
KXHIGHTTTN-26SEP09-T84,weather,yes,2026-09-09T19:49:34Z,0.1762,0.005,0.1712,False,,,,2026-09-09T19:49:34Z,0.005,open,,,,,KXHIGHTTTN,"Trenton, NJ Daily Max Temp",KTTN,2026-09-09,less,,84.0,max,86.0,0,2.15,real_measured
KXHIGHTTTN-26SEP09-B90.5,weather,no,2026-09-09T19:49:34Z,0.9786,0.51,0.4686,False,,,,2026-09-09T19:49:34Z,0.51,open,,,,,KXHIGHTTTN,"Trenton, NJ Daily Max Temp",KTTN,2026-09-09,between,90.0,91.0,max,86.0,0,2.15,real_measured
KXHIGHTTTN-26SEP09-B88.5,weather,no,2026-09-09T19:49:34Z,0.9053,0.57,0.3353,False,,,,2026-09-09T19:49:34Z,0.57,open,,,,,KXHIGHTTTN,"Trenton, NJ Daily Max Temp",KTTN,2026-09-09,between,88.0,89.0,max,86.0,0,2.15,real_measured
KXHIGHTTTN-26SEP09-B86.5,weather,no,2026-09-09T19:49:34Z,0.821,0.51,0.311,False,,,,2026-09-09T19:49:34Z,0.51,open,,,,,KXHIGHTTTN,"Trenton, NJ Daily Max Temp",KTTN,2026-09-09,between,86.0,87.0,max,86.0,0,2.15,real_measured
KXHIGHTTTN-26SEP09-B84.5,weather,yes,2026-09-09T19:49:34Z,0.1448,0.005,0.1398,False,,,,2026-09-09T19:49:34Z,0.005,open,,,,,KXHIGHTTTN,"Trenton, NJ Daily Max Temp",KTTN,2026-09-09,between,84.0,85.0,max,86.0,0,2.15,real_measured
KXHIGHTSFO-26SEP10-T83,weather,no,2026-09-09T19:49:34Z,0.8782,0.755,0.1232,False,,,,2026-09-09T19:49:34Z,0.755,open,,,,,KXHIGHTSFO,San Francisco High Temperature Daily,KSFO,2026-09-10,greater,83.0,,max,81.0,1,1.72,real_measured
KXHIGHTSFO-26SEP10-T76,weather,no,2026-09-09T19:49:34Z,0.9982,0.955,0.0432,False,,,,2026-09-09T19:49:34Z,0.955,open,,,,,KXHIGHTSFO,San Francisco High Temperature Daily,KSFO,2026-09-10,less,,76.0,max,81.0,1,1.72,real_measured
KXHIGHTSFO-26SEP10-B82.5,weather,no,2026-09-09T19:49:34Z,0.8419,0.805,0.0369,False,,,,2026-09-09T19:49:34Z,0.805,open,,,,,KXHIGHTSFO,San Francisco High Temperature Daily,KSFO,2026-09-10,between,82.0,83.0,max,81.0,1,1.72,real_measured
KXHIGHTSFO-26SEP10-B78.5,weather,no,2026-09-09T19:49:34Z,0.9183,0.79,0.1283,False,,,,2026-09-09T19:49:34Z,0.79,open,,,,,KXHIGHTSFO,San Francisco High Temperature Daily,KSFO,2026-09-10,between,78.0,79.0,max,81.0,1,1.72,real_measured
KXHIGHTSFO-26SEP10-B76.5,weather,no,2026-09-09T19:49:34Z,0.9919,0.95,0.0419,False,,,,2026-09-09T19:49:34Z,0.95,open,,,,,KXHIGHTSFO,San Francisco High Temperature Daily,KSFO,2026-09-10,between,76.0,77.0,max,81.0,1,1.72,real_measured
KXHIGHTSFO-26SEP09-T91,weather,no,2026-09-09T19:49:34Z,0.8238,0.2,0.6238,False,,,,2026-09-09T19:49:34Z,0.2,open,,,,,KXHIGHTSFO,San Francisco High Temperature Daily,KSFO,2026-09-09,greater,91.0,,max,89.0,0,2.15,real_measured
KXHIGHTSFO-26SEP09-B88.5,weather,yes,2026-09-09T19:49:34Z,0.179,0.055,0.124,False,,,,2026-09-09T19:49:34Z,0.055,open,,,,,KXHIGHTSFO,San Francisco High Temperature Daily,KSFO,2026-09-09,between,88.0,89.0,max,89.0,0,2.15,real_measured
KXHIGHTSFO-26SEP09-B86.5,weather,yes,2026-09-09T19:49:34Z,0.0947,0.02,0.0747,False,,,,2026-09-09T19:49:34Z,0.02,open,,,,,KXHIGHTSFO,San Francisco High Temperature Daily,KSFO,2026-09-09,between,86.0,87.0,max,89.0,0,2.15,real_measured
KXLOWTMIA-26SEP10-T82,weather,yes,2026-09-09T19:49:34Z,0.28,0.035,0.245,False,,,,2026-09-09T19:49:34Z,0.035,open,,,,,KXLOWTMIA,Lowest temperature in Miami,KMIA,2026-09-10,greater,82.0,,min,81.0,1,1.72,real_measured
KXLOWTMIA-26SEP10-T75,weather,no,2026-09-09T19:49:34Z,0.9998,0.965,0.0348,False,,,,2026-09-09T19:49:34Z,0.965,open,,,,,KXLOWTMIA,Lowest temperature in Miami,KMIA,2026-09-10,less,,75.0,min,81.0,1,1.72,real_measured
KXLOWTMIA-26SEP10-B81.5,weather,yes,2026-09-09T19:49:34Z,0.22,0.12,0.1,False,,,,2026-09-09T19:49:34Z,0.12,open,,,,,KXLOWTMIA,Lowest temperature in Miami,KMIA,2026-09-10,between,81.0,82.0,min,81.0,1,1.72,real_measured
KXLOWTMIA-26SEP10-B79.5,weather,no,2026-09-09T19:49:34Z,0.8419,0.655,0.1869,False,,,,2026-09-09T19:49:34Z,0.655,open,,,,,KXLOWTMIA,Lowest temperature in Miami,KMIA,2026-09-10,between,79.0,80.0,min,81.0,1,1.72,real_measured
KXLOWTMIA-26SEP10-B77.5,weather,no,2026-09-09T19:49:34Z,0.9697,0.655,0.3147,False,,,,2026-09-09T19:49:34Z,0.655,open,,,,,KXLOWTMIA,Lowest temperature in Miami,KMIA,2026-09-10,between,77.0,78.0,min,81.0,1,1.72,real_measured
KXLOWTMIA-26SEP10-B75.5,weather,no,2026-09-09T19:49:34Z,0.9985,0.9,0.0985,False,,,,2026-09-09T19:49:34Z,0.9,open,,,,,KXLOWTMIA,Lowest temperature in Miami,KMIA,2026-09-10,between,75.0,76.0,min,81.0,1,1.72,real_measured
KXLOWTMIA-26SEP09-T82,weather,yes,2026-09-09T19:49:34Z,0.0815,0.005,0.0765,False,,,,2026-09-09T19:49:34Z,0.005,open,,,,,KXLOWTMIA,Lowest temperature in Miami,KMIA,2026-09-09,greater,82.0,,min,79.0,0,2.15,real_measured
KXLOWTMIA-26SEP09-B81.5,weather,yes,2026-09-09T19:49:34Z,0.0947,0.005,0.0897,False,,,,2026-09-09T19:49:34Z,0.005,open,,,,,KXLOWTMIA,Lowest temperature in Miami,KMIA,2026-09-09,between,81.0,82.0,min,79.0,0,2.15,real_measured
KXLOWTMIA-26SEP09-B79.5,weather,no,2026-09-09T19:49:34Z,0.821,0.285,0.536,False,,,,2026-09-09T19:49:34Z,0.285,open,,,,,KXLOWTMIA,Lowest temperature in Miami,KMIA,2026-09-09,between,79.0,80.0,min,79.0,0,2.15,real_measured
KXLOWTSATX-26SEP10-T78,weather,yes,2026-09-09T19:49:34Z,0.28,0.17,0.11,False,,,,2026-09-09T19:49:34Z,0.17,open,,,,,KXLOWTSATX,Lowest Temperature SATX,KSAT,2026-09-10,greater,78.0,,min,77.0,1,1.72,real_measured
KXLOWTSATX-26SEP10-B77.5,weather,no,2026-09-09T19:49:34Z,0.78,0.315,0.465,False,,,,2026-09-09T19:49:34Z,0.315,open,,,,,KXLOWTSATX,Lowest Temperature SATX,KSAT,2026-09-10,between,77.0,78.0,min,77.0,1,1.72,real_measured
KXLOWTSATX-26SEP09-T79,weather,yes,2026-09-09T19:49:34Z,0.321,0.005,0.316,False,,,,2026-09-09T19:49:34Z,0.005,open,,,,,KXLOWTSATX,Lowest Temperature SATX,KSAT,2026-09-09,greater,79.0,,min,78.0,0,2.15,real_measured
KXLOWTSATX-26SEP09-B78.5,weather,no,2026-09-09T19:49:34Z,0.821,0.03,0.791,False,,,,2026-09-09T19:49:34Z,0.03,open,,,,,KXLOWTSATX,Lowest Temperature SATX,KSAT,2026-09-09,between,78.0,79.0,min,78.0,0,2.15,real_measured
KXLOWTSATX-26SEP09-B76.5,weather,yes,2026-09-09T19:49:34Z,0.1448,0.035,0.1098,False,,,,2026-09-09T19:49:34Z,0.035,open,,,,,KXLOWTSATX,Lowest Temperature SATX,KSAT,2026-09-09,between,76.0,77.0,min,78.0,0,2.15,real_measured
KXLOWTSATX-26SEP09-B74.5,weather,yes,2026-09-09T19:49:34Z,0.0501,0.01,0.0401,False,,,,2026-09-09T19:49:34Z,0.01,open,,,,,KXLOWTSATX,Lowest Temperature SATX,KSAT,2026-09-09,between,74.0,75.0,min,78.0,0,2.15,real_measured
