platform,source_event_id,source_market_id,source_selection_id,player_name,team,sport,stat_type,prop_category,line,over_american_odds,under_american_odds,game_id,game_start_time,status,pulled_at,resolved_stat_key,model_status,season_avg,recent_form,games_played,games_remaining,model_mean,model_sigma,prob_over,prob_under,implied_prob_over,implied_prob_under,implied_prob_includes_field_vig,edge_over,edge_under
draftkings,34118042,334612412.0,0QA334612412#2151925101_13L88808Q1-1063669179Q20,Rhamondre Stevenson,,NFL,2+ TDs,player_touchdown,,700.0,,34118042,2026-09-10T00:20:00.0000000Z,,2026-09-09T14:58:03.081222+00:00,passing_tds+rushing_tds+receiving_tds,estimated,0.6428571428571429,1.7499999999999998,14.0,,1.1964285714285714,,0.3360815191131882,,0.125,,True,0.21108151911318818,
draftkings,34118042,334612412.0,0QA334612412#2151924484_13L88808Q1627777345Q20,Jadarian Price,,NFL,2+ TDs,player_touchdown,,850.0,,34118042,2026-09-10T00:20:00.0000000Z,,2026-09-09T14:58:03.081222+00:00,,no_player_match,,,,,,,,,,,,,
draftkings,34118042,334612412.0,0QA334612412#2151924295_13L88808Q1491696445Q20,Jaxon Smith-Njigba,,NFL,2+ TDs,player_touchdown,,1000.0,,34118042,2026-09-10T00:20:00.0000000Z,,2026-09-09T14:58:03.081222+00:00,passing_tds+rushing_tds+receiving_tds,estimated,0.5882352941176471,0.36,17.0,,0.47411764705882353,,0.08245902591483362,,0.09090909090909091,,True,-0.008450064994257295,
draftkings,34118042,334612412.0,0QA334612412#2169981617_13L88808Q11605556466Q20,A.J. Brown,,NFL,2+ TDs,player_touchdown,,1300.0,,34118042,2026-09-10T00:20:00.0000000Z,,2026-09-09T14:58:03.081222+00:00,passing_tds+rushing_tds+receiving_tds,estimated,0.4666666666666667,0.36,15.0,,0.41333333333333333,,0.0651623047762474,,0.07142857142857142,,True,-0.006266266652324021,
draftkings,34118042,334612412.0,0QA334612412#2151924782_13L88808Q1-155115197Q20,George Holani,,NFL,2+ TDs,player_touchdown,,1400.0,,34118042,2026-09-10T00:20:00.0000000Z,,2026-09-09T14:58:03.081222+00:00,passing_tds+rushing_tds+receiving_tds,estimated,0.1,0.25,10.0,,0.175,,0.013638000596181366,,0.06666666666666667,,True,-0.0530286660704853,
draftkings,34118042,334612412.0,0QA334612412#2151924643_13L88808Q1-1758481335Q20,Cooper Kupp,,NFL,2+ TDs,player_touchdown,,2200.0,,34118042,2026-09-10T00:20:00.0000000Z,,2026-09-09T14:58:03.081222+00:00,passing_tds+rushing_tds+receiving_tds,estimated,0.125,0.08,16.0,,0.10250000000000001,,0.004907589897399506,,0.043478260869565216,,True,-0.03857067097216571,
draftkings,34118042,334612412.0,0QA334612412#2151924548_13L88808Q1-1777293312Q20,A.J. Barner,,NFL,2+ TDs,player_touchdown,,2200.0,,34118042,2026-09-10T00:20:00.0000000Z,,2026-09-09T14:58:03.081222+00:00,,no_player_match,,,,,,,,,,,,,
draftkings,34118042,334612412.0,0QA334612412#2151925232_13L88808Q11740203848Q20,Hunter Henry,,NFL,2+ TDs,player_touchdown,,2800.0,,34118042,2026-09-10T00:20:00.0000000Z,,2026-09-09T14:58:03.081222+00:00,passing_tds+rushing_tds+receiving_tds,estimated,0.4117647058823529,0.45,17.0,,0.4308823529411765,,0.0700189495710945,,0.034482758620689655,,True,0.03553619095040485,
draftkings,34118042,334612412.0,0QA334612412#2151925197_13L88808Q1652552487Q20,Romeo Doubs,,NFL,2+ TDs,player_touchdown,,2800.0,,34118042,2026-09-10T00:20:00.0000000Z,,2026-09-09T14:58:03.081222+00:00,passing_tds+rushing_tds+receiving_tds,estimated,0.375,0.33,16.0,,0.35250000000000004,,0.04928910933100367,,0.034482758620689655,,True,0.014806350710314012,
draftkings,34118042,334612412.0,0QA334612412#2151924713_13L88808Q1153409926Q20,Rashid Shaheed,,NFL,2+ TDs,player_touchdown,,3500.0,,34118042,2026-09-10T00:20:00.0000000Z,,2026-09-09T14:58:03.081222+00:00,passing_tds+rushing_tds+receiving_tds,estimated,0.1111111111111111,0.0,18.0,,0.05555555555555555,,0.0014872272650809579,,0.027777777777777776,,True,-0.02629055051269682,
draftkings,34118042,334612412.0,0QA334612412#2151925331_13L88808Q11724982079Q20,Drake Maye,,NFL,2+ TDs,player_touchdown,,5000.0,,34118042,2026-09-10T00:20:00.0000000Z,,2026-09-09T14:58:03.081222+00:00,passing_tds+rushing_tds+receiving_tds,estimated,2.0588235294117645,2.4000000000000004,17.0,,2.2294117647058824,,0.6525420957786652,,0.0196078431372549,,True,0.6329342526414102,
draftkings,34118042,334612412.0,0QA334612412#2151924395_13L88808Q1-1357951342Q20,Emanuel Wilson,,NFL,2+ TDs,player_touchdown,,5000.0,,34118042,2026-09-10T00:20:00.0000000Z,,2026-09-09T14:58:03.081222+00:00,passing_tds+rushing_tds+receiving_tds,estimated,0.17647058823529413,0.0,17.0,,0.08823529411764706,,0.003671150877198631,,0.0196078431372549,,True,-0.01593669226005627,
draftkings,34118042,334612412.0,0QA334612412#2151925582_14L88808Q1-38248061Q20,,NE Patriots D/ST,NFL,2+ TDs,player_touchdown,,5500.0,,34118042,2026-09-10T00:20:00.0000000Z,,2026-09-09T14:58:03.081222+00:00,,no_player_match,,,,,,,,,,,,,
draftkings,34118042,334612412.0,0QA334612412#2151925549_13L88808Q1-882075231Q20,,SEA Seahawks D/ST,NFL,2+ TDs,player_touchdown,,6000.0,,34118042,2026-09-10T00:20:00.0000000Z,,2026-09-09T14:58:03.081222+00:00,,no_player_match,,,,,,,,,,,,,
draftkings,34118042,334612412.0,0QA334612412#2265020961_13L88808Q1-1896860447Q20,Corey Kiner,,NFL,2+ TDs,player_touchdown,,8000.0,,34118042,2026-09-10T00:20:00.0000000Z,,2026-09-09T14:58:03.081222+00:00,passing_tds+rushing_tds+receiving_tds,estimated,0.0,0.0,4.0,,0.0,,4.999838054850042e-13,,0.012345679012345678,,True,-0.012345679011845695,
draftkings,34118042,334612412.0,0QA334612412#2151925483_13L88808Q1573901773Q20,Demario Douglas,,NFL,2+ TDs,player_touchdown,,8000.0,,34118042,2026-09-10T00:20:00.0000000Z,,2026-09-09T14:58:03.081222+00:00,passing_tds+rushing_tds+receiving_tds,estimated,0.1875,0.0,16.0,,0.09375,,0.00412929224058764,,0.012345679012345678,,True,-0.008216386771758039,
draftkings,34118042,334612412.0,0QA334612412#2151924960_13L88808Q12143586947Q20,Elijah Arroyo,,NFL,2+ TDs,player_touchdown,,9000.0,,34118042,2026-09-10T00:20:00.0000000Z,,2026-09-09T14:58:03.081222+00:00,passing_tds+rushing_tds+receiving_tds,estimated,0.07692307692307693,0.0,13.0,,0.038461538461538464,,0.0007209504689251883,,0.01098901098901099,,True,-0.010268060520085802,
draftkings,34118042,334612412.0,0QA334612412#2233956191_13L88808Q11556454751Q20,Tory Horton,,NFL,2+ TDs,player_touchdown,,9000.0,,34118042,2026-09-10T00:20:00.0000000Z,,2026-09-09T14:58:03.081222+00:00,passing_tds+rushing_tds+receiving_tds,estimated,0.625,0.82,8.0,,0.7224999999999999,,0.1636626980970981,,0.01098901098901099,,True,0.15267368710808712,
draftkings,34118042,334612412.0,0QA334612412#2151925445_13L88808Q1-389849513Q20,Kyle Williams,,NFL,2+ TDs,player_touchdown,,13000.0,,34118042,2026-09-10T00:20:00.0000000Z,,2026-09-09T14:58:03.081222+00:00,passing_tds+rushing_tds+receiving_tds,estimated,0.21428571428571427,0.28,14.0,,0.24714285714285716,,0.025945124275067122,,0.007633587786259542,,True,0.01831153648880758,
draftkings,34118042,334612412.0,0QA334612412#2151924870_13L88808Q11096856495Q20,Sam Darnold,,NFL,2+ TDs,player_touchdown,,13000.0,,34118042,2026-09-10T00:20:00.0000000Z,,2026-09-09T14:58:03.081222+00:00,passing_tds+rushing_tds+receiving_tds,estimated,1.4705882352941178,0.89,17.0,,1.180294117647059,,0.33023899125367157,,0.007633587786259542,,True,0.322605403467412,
draftkings,34118042,334612412.0,0QA334612412#2151925399_13L88808Q1-1861138499Q20,Mack Hollins,,NFL,2+ TDs,player_touchdown,,15000.0,,34118042,2026-09-10T00:20:00.0000000Z,,2026-09-09T14:58:03.081222+00:00,passing_tds+rushing_tds+receiving_tds,estimated,0.14285714285714285,0.0,14.0,,0.07142857142857142,,0.0024327360314042173,,0.006622516556291391,,True,-0.004189780524887173,
draftkings,34118042,334612412.0,0QA334612412#2151925528_13L88808Q1-781410997Q20,Eli Raridon,,NFL,2+ TDs,player_touchdown,,16000.0,,34118042,2026-09-10T00:20:00.0000000Z,,2026-09-09T14:58:03.081222+00:00,,no_player_match,,,,,,,,,,,,,
draftkings,34118042,334612412.0,0QA334612412#2271495555_13L88808Q1958463439Q20,Reggie Gilliam,,NFL,2+ TDs,player_touchdown,,19000.0,,34118042,2026-09-10T00:20:00.0000000Z,,2026-09-09T14:58:03.081222+00:00,passing_tds+rushing_tds+receiving_tds,estimated,0.0,0.0,11.0,,0.0,,4.999838054850042e-13,,0.005235602094240838,,True,-0.005235602093740854,
draftkings,34118042,334612412.0,0QA334612412#2266364707_13L88808Q1-1184898101Q20,Montorie Foster Jr.,,NFL,2+ TDs,player_touchdown,,20000.0,,34118042,2026-09-10T00:20:00.0000000Z,,2026-09-09T14:58:03.081222+00:00,,no_player_match,,,,,,,,,,,,,
draftkings,34118042,334612412.0,0QA334612412#2252728016_13L88808Q1-25275232Q20,Efton Chism III,,NFL,2+ TDs,player_touchdown,,20000.0,,34118042,2026-09-10T00:20:00.0000000Z,,2026-09-09T14:58:03.081222+00:00,passing_tds+rushing_tds+receiving_tds,estimated,0.125,0.25,8.0,,0.1875,,0.01552792216077456,,0.004975124378109453,,True,0.010552797782665107,
draftkings,34118042,334612412.0,0QA334612412#2267174621_13L88808Q11653649534Q20,Cameron Latu,,NFL,2+ TDs,player_touchdown,,20000.0,,34118042,2026-09-10T00:20:00.0000000Z,,2026-09-09T14:58:03.081222+00:00,passing_tds+rushing_tds+receiving_tds,estimated,0.0,0.0,10.0,,0.0,,4.999838054850042e-13,,0.004975124378109453,,True,-0.004975124377609469,
draftkings,34118042,334612412.0,0QA334612412#2254559045_13L88808Q11422663338Q20,Nick Kallerup,,NFL,2+ TDs,player_touchdown,,20000.0,,34118042,2026-09-10T00:20:00.0000000Z,,2026-09-09T14:58:03.081222+00:00,passing_tds+rushing_tds+receiving_tds,estimated,0.0,0.0,4.0,,0.0,,4.999838054850042e-13,,0.004975124378109453,,True,-0.004975124377609469,
draftkings,34118042,334612412.0,0QA334612412#2254559046_13L88808Q1-524828223Q20,Eric Saubert,,NFL,2+ TDs,player_touchdown,,20000.0,,34118042,2026-09-10T00:20:00.0000000Z,,2026-09-09T14:58:03.081222+00:00,passing_tds+rushing_tds+receiving_tds,estimated,0.0,0.0,9.0,,0.0,,4.999838054850042e-13,,0.004975124378109453,,True,-0.004975124377609469,
draftkings,34118042,334612412.0,0QA334612412#2266365116_13L88808Q1-78703209Q20,Brady Russell,,NFL,2+ TDs,player_touchdown,,25000.0,,34118042,2026-09-10T00:20:00.0000000Z,,2026-09-09T14:58:03.081222+00:00,passing_tds+rushing_tds+receiving_tds,estimated,0.0,0.0,10.0,,0.0,,4.999838054850042e-13,,0.00398406374501992,,True,-0.0039840637445199365,
draftkings,34118042,334612412.0,0QA334612412#2271825165_13L88808Q1-355670445Q20,Tanner Arkin,,NFL,2+ TDs,player_touchdown,,25000.0,,34118042,2026-09-10T00:20:00.0000000Z,,2026-09-09T14:58:03.081222+00:00,,no_player_match,,,,,,,,,,,,,
draftkings,34118042,334613199.0,0QA334613199#2151928221_13L88808Q1-1828996474Q20,Rhamondre Stevenson,,NFL,Anytime TD Scorer,player_touchdown,,105.0,,34118042,2026-09-10T00:20:00.0000000Z,,2026-09-09T14:58:03.081222+00:00,passing_tds+rushing_tds+receiving_tds,estimated,0.6428571428571429,1.7499999999999998,14.0,,1.1964285714285714,,0.6977281713035653,,0.4878048780487805,,True,0.20992329325478487,
draftkings,34118042,334613199.0,0QA334613199#2151928213_13L88808Q1-1714648594Q20,Jadarian Price,,NFL,Anytime TD Scorer,player_touchdown,,130.0,,34118042,2026-09-10T00:20:00.0000000Z,,2026-09-09T14:58:03.081222+00:00,,no_player_match,,,,,,,,,,,,,
draftkings,34118042,334613199.0,0QA334613199#2151928211_13L88808Q11896367839Q20,Jaxon Smith-Njigba,,NFL,Anytime TD Scorer,player_touchdown,,140.0,,34118042,2026-09-10T00:20:00.0000000Z,,2026-09-09T14:58:03.081222+00:00,passing_tds+rushing_tds+receiving_tds,estimated,0.5882352941176471,0.36,17.0,,0.47411764705882353,,0.37756597927183444,,0.4166666666666667,,True,-0.039100687394832245,
draftkings,34118042,334613199.0,0QA334613199#2169981631_13L88808Q11457589561Q20,A.J. Brown,,NFL,Anytime TD Scorer,player_touchdown,,165.0,,34118042,2026-09-10T00:20:00.0000000Z,,2026-09-09T14:58:03.081222+00:00,passing_tds+rushing_tds+receiving_tds,estimated,0.4666666666666667,0.36,15.0,,0.41333333333333333,,0.3385582345114958,,0.37735849056603776,,True,-0.03880025605454196,
draftkings,34118042,334613199.0,0QA334613199#2151928217_13L88808Q12121391530Q20,George Holani,,NFL,Anytime TD Scorer,player_touchdown,,185.0,,34118042,2026-09-10T00:20:00.0000000Z,,2026-09-09T14:58:03.081222+00:00,passing_tds+rushing_tds+receiving_tds,estimated,0.1,0.25,10.0,,0.175,,0.16054297923079264,,0.3508771929824561,,True,-0.19033421375166348,
draftkings,34118042,334613199.0,0QA334613199#2151928215_13L88808Q1-37446320Q20,A.J. Barner,,NFL,Anytime TD Scorer,player_touchdown,,260.0,,34118042,2026-09-10T00:20:00.0000000Z,,2026-09-09T14:58:03.081222+00:00,,no_player_match,,,,,,,,,,,,,
draftkings,34118042,334613199.0,0QA334613199#2151928214_13L88808Q1-1216598181Q20,Cooper Kupp,,NFL,Anytime TD Scorer,player_touchdown,,265.0,,34118042,2026-09-10T00:20:00.0000000Z,,2026-09-09T14:58:03.081222+00:00,passing_tds+rushing_tds+receiving_tds,estimated,0.125,0.08,16.0,,0.10250000000000001,,0.09742185024707439,,0.273972602739726,,True,-0.17655075249265162,
draftkings,34118042,334613199.0,0QA334613199#2151928223_13L88808Q1-349638135Q20,Romeo Doubs,,NFL,Anytime TD Scorer,player_touchdown,,285.0,,34118042,2026-09-10T00:20:00.0000000Z,,2026-09-09T14:58:03.081222+00:00,passing_tds+rushing_tds+receiving_tds,estimated,0.375,0.33,16.0,,0.35250000000000004,,0.29707143018928184,,0.2597402597402597,,True,0.03733117044902212,
draftkings,34118042,334613199.0,0QA334613199#2151928224_13L88808Q1-1762786291Q20,Hunter Henry,,NFL,Anytime TD Scorer,player_touchdown,,295.0,,34118042,2026-09-10T00:20:00.0000000Z,,2026-09-09T14:58:03.081222+00:00,passing_tds+rushing_tds+receiving_tds,estimated,0.4117647058823529,0.45,17.0,,0.4308823529411765,,0.35006463073827776,,0.25316455696202533,,True,0.09690007377625243,
draftkings,34118042,334613199.0,0QA334613199#2151928216_13L88808Q1-1094222466Q20,Rashid Shaheed,,NFL,Anytime TD Scorer,player_touchdown,,330.0,,34118042,2026-09-10T00:20:00.0000000Z,,2026-09-09T14:58:03.081222+00:00,passing_tds+rushing_tds+receiving_tds,estimated,0.1111111111111111,0.0,18.0,,0.05555555555555555,,0.05404053109323459,,0.23255813953488372,,True,-0.17851760844164913,
draftkings,34118042,334613199.0,0QA334613199#2151928226_13L88808Q1-725127430Q20,Drake Maye,,NFL,Anytime TD Scorer,player_touchdown,,425.0,,34118042,2026-09-10T00:20:00.0000000Z,,2026-09-09T14:58:03.081222+00:00,passing_tds+rushing_tds+receiving_tds,estimated,2.0588235294117645,2.4000000000000004,17.0,,2.2294117647058824,,0.8924082992392952,,0.19047619047619047,,True,0.7019321087631047,
draftkings,34118042,334613199.0,0QA334613199#2151928212_13L88808Q11707072676Q20,Emanuel Wilson,,NFL,Anytime TD Scorer,player_touchdown,,475.0,,34118042,2026-09-10T00:20:00.0000000Z,,2026-09-09T14:58:03.081222+00:00,passing_tds+rushing_tds+receiving_tds,estimated,0.17647058823529413,0.0,17.0,,0.08823529411764706,,0.08445457107634469,,0.17391304347826086,,True,-0.08945847240191618,
draftkings,34118042,334613199.0,0QA334613199#2151928231_13L88808Q1-2022653256Q20,,SEA Seahawks D/ST,NFL,Anytime TD Scorer,player_touchdown,,550.0,,34118042,2026-09-10T00:20:00.0000000Z,,2026-09-09T14:58:03.081222+00:00,,no_player_match,,,,,,,,,,,,,
draftkings,34118042,334613199.0,0QA334613199#2151928232_14L88808Q11720647838Q20,,NE Patriots D/ST,NFL,Anytime TD Scorer,player_touchdown,,600.0,,34118042,2026-09-10T00:20:00.0000000Z,,2026-09-09T14:58:03.081222+00:00,,no_player_match,,,,,,,,,,,,,
draftkings,34118042,334613199.0,0QA334613199#2265020956_13L88808Q1-1553366467Q20,Corey Kiner,,NFL,Anytime TD Scorer,player_touchdown,,600.0,,34118042,2026-09-10T00:20:00.0000000Z,,2026-09-09T14:58:03.081222+00:00,passing_tds+rushing_tds+receiving_tds,estimated,0.0,0.0,4.0,,0.0,,9.999994999843054e-07,,0.14285714285714285,,True,-0.14285614285764286,
draftkings,34118042,334613199.0,0QA334613199#2151928219_13L88808Q1-341328697Q20,Elijah Arroyo,,NFL,Anytime TD Scorer,player_touchdown,,700.0,,34118042,2026-09-10T00:20:00.0000000Z,,2026-09-09T14:58:03.081222+00:00,passing_tds+rushing_tds+receiving_tds,estimated,0.07692307692307693,0.0,13.0,,0.038461538461538464,,0.03773128563674277,,0.125,,True,-0.08726871436325723,
draftkings,34118042,334613199.0,0QA334613199#2151928229_13L88808Q1-205213128Q20,Demario Douglas,,NFL,Anytime TD Scorer,player_touchdown,,700.0,,34118042,2026-09-10T00:20:00.0000000Z,,2026-09-09T14:58:03.081222+00:00,passing_tds+rushing_tds+receiving_tds,estimated,0.1875,0.0,16.0,,0.09375,,0.08948963861996584,,0.125,,True,-0.03551036138003416,
draftkings,34118042,334613199.0,0QA334613199#2233956178_13L88808Q1-2108815135Q20,Tory Horton,,NFL,Anytime TD Scorer,player_touchdown,,700.0,,34118042,2026-09-10T00:20:00.0000000Z,,2026-09-09T14:58:03.081222+00:00,passing_tds+rushing_tds+receiving_tds,estimated,0.625,0.82,8.0,,0.7224999999999999,,0.5144631048459205,,0.125,,True,0.3894631048459205,
draftkings,34118042,334613199.0,0QA334613199#2151928218_13L88808Q11771646792Q20,Sam Darnold,,NFL,Anytime TD Scorer,player_touchdown,,950.0,,34118042,2026-09-10T00:20:00.0000000Z,,2026-09-09T14:58:03.081222+00:00,passing_tds+rushing_tds+receiving_tds,estimated,1.4705882352941178,0.89,17.0,,1.180294117647059,,0.6928116242091573,,0.09523809523809523,,True,0.5975735289710621,
draftkings,34118042,334613199.0,0QA334613199#2151928227_13L88808Q1950577073Q20,Mack Hollins,,NFL,Anytime TD Scorer,player_touchdown,,1100.0,,34118042,2026-09-10T00:20:00.0000000Z,,2026-09-09T14:58:03.081222+00:00,passing_tds+rushing_tds+receiving_tds,estimated,0.14285714285714285,0.0,14.0,,0.07142857142857142,,0.06893722029597726,,0.08333333333333333,,True,-0.014396113037356065,
draftkings,34118042,334613199.0,0QA334613199#2151928230_13L88808Q1-39347883Q20,Eli Raridon,,NFL,Anytime TD Scorer,player_touchdown,,1100.0,,34118042,2026-09-10T00:20:00.0000000Z,,2026-09-09T14:58:03.081222+00:00,,no_player_match,,,,,,,,,,,,,
draftkings,34118042,334613199.0,0QA334613199#2151928228_13L88808Q11958986630Q20,Kyle Williams,,NFL,Anytime TD Scorer,player_touchdown,,1500.0,,34118042,2026-09-10T00:20:00.0000000Z,,2026-09-09T14:58:03.081222+00:00,passing_tds+rushing_tds+receiving_tds,estimated,0.21428571428571427,0.28,14.0,,0.24714285714285716,,0.21897089002582704,,0.0625,,True,0.15647089002582704,
draftkings,34118042,334613199.0,0QA334613199#2252728011_13L88808Q1-2056923875Q20,Efton Chism III,,NFL,Anytime TD Scorer,player_touchdown,,1500.0,,34118042,2026-09-10T00:20:00.0000000Z,,2026-09-09T14:58:03.081222+00:00,passing_tds+rushing_tds+receiving_tds,estimated,0.125,0.25,8.0,,0.1875,,0.17097088181959963,,0.0625,,True,0.10847088181959963,
draftkings,34118042,334613199.0,0QA334613199#2266364706_13L88808Q11053575810Q20,Montorie Foster Jr.,,NFL,Anytime TD Scorer,player_touchdown,,2000.0,,34118042,2026-09-10T00:20:00.0000000Z,,2026-09-09T14:58:03.081222+00:00,,no_player_match,,,,,,,,,,,,,
draftkings,34118042,334613199.0,0QA334613199#2271495554_13L88808Q1590386545Q20,Reggie Gilliam,,NFL,Anytime TD Scorer,player_touchdown,,2000.0,,34118042,2026-09-10T00:20:00.0000000Z,,2026-09-09T14:58:03.081222+00:00,passing_tds+rushing_tds+receiving_tds,estimated,0.0,0.0,11.0,,0.0,,9.999994999843054e-07,,0.047619047619047616,,True,-0.04761804761954763,
draftkings,34118042,334613199.0,0QA334613199#2254559043_13L88808Q1-604389720Q20,Nick Kallerup,,NFL,Anytime TD Scorer,player_touchdown,,2200.0,,34118042,2026-09-10T00:20:00.0000000Z,,2026-09-09T14:58:03.081222+00:00,passing_tds+rushing_tds+receiving_tds,estimated,0.0,0.0,4.0,,0.0,,9.999994999843054e-07,,0.043478260869565216,,True,-0.04347726087006523,
draftkings,34118042,334613199.0,0QA334613199#2254559044_13L88808Q1-644359754Q20,Eric Saubert,,NFL,Anytime TD Scorer,player_touchdown,,3000.0,,34118042,2026-09-10T00:20:00.0000000Z,,2026-09-09T14:58:03.081222+00:00,passing_tds+rushing_tds+receiving_tds,estimated,0.0,0.0,9.0,,0.0,,9.999994999843054e-07,,0.03225806451612903,,True,-0.03225706451662905,
draftkings,34118042,334613199.0,0QA334613199#2267174619_13L88808Q11182691913Q20,Cameron Latu,,NFL,Anytime TD Scorer,player_touchdown,,3000.0,,34118042,2026-09-10T00:20:00.0000000Z,,2026-09-09T14:58:03.081222+00:00,passing_tds+rushing_tds+receiving_tds,estimated,0.0,0.0,10.0,,0.0,,9.999994999843054e-07,,0.03225806451612903,,True,-0.03225706451662905,
draftkings,34118042,334613199.0,0QA334613199#2271824889_13L88808Q1-950466113Q20,Tanner Arkin,,NFL,Anytime TD Scorer,player_touchdown,,3000.0,,34118042,2026-09-10T00:20:00.0000000Z,,2026-09-09T14:58:03.081222+00:00,,no_player_match,,,,,,,,,,,,,
draftkings,34118042,334613199.0,0QA334613199#2266365115_13L88808Q1-494459906Q20,Brady Russell,,NFL,Anytime TD Scorer,player_touchdown,,4000.0,,34118042,2026-09-10T00:20:00.0000000Z,,2026-09-09T14:58:03.081222+00:00,passing_tds+rushing_tds+receiving_tds,estimated,0.0,0.0,10.0,,0.0,,9.999994999843054e-07,,0.024390243902439025,,True,-0.02438924390293904,
draftkings,34118042,334613200.0,0QA334613200#2151928244_13L88808Q1-1842334837Q20,Rhamondre Stevenson,,NFL,First TD Scorer,player_touchdown,,600.0,,34118042,2026-09-10T00:20:00.0000000Z,,2026-09-09T14:58:03.081222+00:00,passing_tds+rushing_tds+receiving_tds,unsupported_market_first_scorer,,,,,,,,,,,,,
draftkings,34118042,334613200.0,0QA334613200#2151928236_13L88808Q11761722929Q20,Jadarian Price,,NFL,First TD Scorer,player_touchdown,,650.0,,34118042,2026-09-10T00:20:00.0000000Z,,2026-09-09T14:58:03.081222+00:00,,no_player_match,,,,,,,,,,,,,
draftkings,34118042,334613200.0,0QA334613200#2151928234_13L88808Q1831244855Q20,Jaxon Smith-Njigba,,NFL,First TD Scorer,player_touchdown,,750.0,,34118042,2026-09-10T00:20:00.0000000Z,,2026-09-09T14:58:03.081222+00:00,passing_tds+rushing_tds+receiving_tds,unsupported_market_first_scorer,,,,,,,,,,,,,
draftkings,34118042,334613200.0,0QA334613200#2151928240_13L88808Q1-42875301Q20,George Holani,,NFL,First TD Scorer,player_touchdown,,1000.0,,34118042,2026-09-10T00:20:00.0000000Z,,2026-09-09T14:58:03.081222+00:00,passing_tds+rushing_tds+receiving_tds,unsupported_market_first_scorer,,,,,,,,,,,,,
draftkings,34118042,334613200.0,0QA334613200#2169981611_13L88808Q1318844811Q20,A.J. Brown,,NFL,First TD Scorer,player_touchdown,,1100.0,,34118042,2026-09-10T00:20:00.0000000Z,,2026-09-09T14:58:03.081222+00:00,passing_tds+rushing_tds+receiving_tds,unsupported_market_first_scorer,,,,,,,,,,,,,
draftkings,34118042,334613200.0,0QA334613200#2151928237_13L88808Q1-2138470959Q20,A.J. Barner,,NFL,First TD Scorer,player_touchdown,,1300.0,,34118042,2026-09-10T00:20:00.0000000Z,,2026-09-09T14:58:03.081222+00:00,,no_player_match,,,,,,,,,,,,,
draftkings,34118042,334613200.0,0QA334613200#2151928238_13L88808Q11492252564Q20,Cooper Kupp,,NFL,First TD Scorer,player_touchdown,,1400.0,,34118042,2026-09-10T00:20:00.0000000Z,,2026-09-09T14:58:03.081222+00:00,passing_tds+rushing_tds+receiving_tds,unsupported_market_first_scorer,,,,,,,,,,,,,
draftkings,34118042,334613200.0,0QA334613200#2151928239_13L88808Q11316892301Q20,Rashid Shaheed,,NFL,First TD Scorer,player_touchdown,,1600.0,,34118042,2026-09-10T00:20:00.0000000Z,,2026-09-09T14:58:03.081222+00:00,passing_tds+rushing_tds+receiving_tds,unsupported_market_first_scorer,,,,,,,,,,,,,
draftkings,34118042,334613200.0,0QA334613200#2151928246_13L88808Q11662343781Q20,Romeo Doubs,,NFL,First TD Scorer,player_touchdown,,1600.0,,34118042,2026-09-10T00:20:00.0000000Z,,2026-09-09T14:58:03.081222+00:00,passing_tds+rushing_tds+receiving_tds,unsupported_market_first_scorer,,,,,,,,,,,,,
draftkings,34118042,334613200.0,0QA334613200#2151928247_13L88808Q1-6857800Q20,Hunter Henry,,NFL,First TD Scorer,player_touchdown,,1600.0,,34118042,2026-09-10T00:20:00.0000000Z,,2026-09-09T14:58:03.081222+00:00,passing_tds+rushing_tds+receiving_tds,unsupported_market_first_scorer,,,,,,,,,,,,,
draftkings,34118042,334613200.0,0QA334613200#2151928249_13L88808Q1-475428232Q20,Drake Maye,,NFL,First TD Scorer,player_touchdown,,2000.0,,34118042,2026-09-10T00:20:00.0000000Z,,2026-09-09T14:58:03.081222+00:00,passing_tds+rushing_tds+receiving_tds,unsupported_market_first_scorer,,,,,,,,,,,,,
draftkings,34118042,334613200.0,0QA334613200#2151928235_13L88808Q1957328536Q20,Emanuel Wilson,,NFL,First TD Scorer,player_touchdown,,2200.0,,34118042,2026-09-10T00:20:00.0000000Z,,2026-09-09T14:58:03.081222+00:00,passing_tds+rushing_tds+receiving_tds,unsupported_market_first_scorer,,,,,,,,,,,,,
draftkings,34118042,334613200.0,0QA334613200#2151928254_13L88808Q1-1452261433Q20,,SEA Seahawks D/ST,NFL,First TD Scorer,player_touchdown,,2500.0,,34118042,2026-09-10T00:20:00.0000000Z,,2026-09-09T14:58:03.081222+00:00,,no_player_match,,,,,,,,,,,,,
draftkings,34118042,334613200.0,0QA334613200#2151928255_14L88808Q1-357141252Q20,,NE Patriots D/ST,NFL,First TD Scorer,player_touchdown,,2500.0,,34118042,2026-09-10T00:20:00.0000000Z,,2026-09-09T14:58:03.081222+00:00,,no_player_match,,,,,,,,,,,,,
draftkings,34118042,334613200.0,0QA334613200#2233956183_13L88808Q1-1209698961Q20,Tory Horton,,NFL,First TD Scorer,player_touchdown,,3000.0,,34118042,2026-09-10T00:20:00.0000000Z,,2026-09-09T14:58:03.081222+00:00,passing_tds+rushing_tds+receiving_tds,unsupported_market_first_scorer,,,,,,,,,,,,,
draftkings,34118042,334613200.0,0QA334613200#2265020937_13L88808Q11398963365Q20,Corey Kiner,,NFL,First TD Scorer,player_touchdown,,3000.0,,34118042,2026-09-10T00:20:00.0000000Z,,2026-09-09T14:58:03.081222+00:00,passing_tds+rushing_tds+receiving_tds,unsupported_market_first_scorer,,,,,,,,,,,,,
draftkings,34118042,334613200.0,0QA334613200#2151928242_13L88808Q1-1093792927Q20,Elijah Arroyo,,NFL,First TD Scorer,player_touchdown,,3500.0,,34118042,2026-09-10T00:20:00.0000000Z,,2026-09-09T14:58:03.081222+00:00,passing_tds+rushing_tds+receiving_tds,unsupported_market_first_scorer,,,,,,,,,,,,,
draftkings,34118042,334613200.0,0QA334613200#2151928252_13L88808Q1706694564Q20,Demario Douglas,,NFL,First TD Scorer,player_touchdown,,3500.0,,34118042,2026-09-10T00:20:00.0000000Z,,2026-09-09T14:58:03.081222+00:00,passing_tds+rushing_tds+receiving_tds,unsupported_market_first_scorer,,,,,,,,,,,,,
draftkings,34118042,334613200.0,0QA334613200#2151928241_13L88808Q1427188381Q20,Sam Darnold,,NFL,First TD Scorer,player_touchdown,,4000.0,,34118042,2026-09-10T00:20:00.0000000Z,,2026-09-09T14:58:03.081222+00:00,passing_tds+rushing_tds+receiving_tds,unsupported_market_first_scorer,,,,,,,,,,,,,
draftkings,34118042,334613200.0,0QA334613200#2151928250_13L88808Q1-68866697Q20,Mack Hollins,,NFL,First TD Scorer,player_touchdown,,5000.0,,34118042,2026-09-10T00:20:00.0000000Z,,2026-09-09T14:58:03.081222+00:00,passing_tds+rushing_tds+receiving_tds,unsupported_market_first_scorer,,,,,,,,,,,,,
draftkings,34118042,334613200.0,0QA334613200#2151928251_13L88808Q1683944367Q20,Kyle Williams,,NFL,First TD Scorer,player_touchdown,,6000.0,,34118042,2026-09-10T00:20:00.0000000Z,,2026-09-09T14:58:03.081222+00:00,passing_tds+rushing_tds+receiving_tds,unsupported_market_first_scorer,,,,,,,,,,,,,
draftkings,34118042,334613200.0,0QA334613200#2151928253_13L88808Q1-409347294Q20,Eli Raridon,,NFL,First TD Scorer,player_touchdown,,6500.0,,34118042,2026-09-10T00:20:00.0000000Z,,2026-09-09T14:58:03.081222+00:00,,no_player_match,,,,,,,,,,,,,
draftkings,34118042,334613200.0,0QA334613200#2266364687_13L88808Q1647573016Q20,Montorie Foster Jr.,,NFL,First TD Scorer,player_touchdown,,8000.0,,34118042,2026-09-10T00:20:00.0000000Z,,2026-09-09T14:58:03.081222+00:00,,no_player_match,,,,,,,,,,,,,
draftkings,34118042,334613200.0,0QA334613200#2271495548_13L88808Q1207112738Q20,Reggie Gilliam,,NFL,First TD Scorer,player_touchdown,,8000.0,,34118042,2026-09-10T00:20:00.0000000Z,,2026-09-09T14:58:03.081222+00:00,passing_tds+rushing_tds+receiving_tds,unsupported_market_first_scorer,,,,,,,,,,,,,
draftkings,34118042,334613200.0,0QA334613200#2252728019_13L88808Q1-387182999Q20,Efton Chism III,,NFL,First TD Scorer,player_touchdown,,9000.0,,34118042,2026-09-10T00:20:00.0000000Z,,2026-09-09T14:58:03.081222+00:00,passing_tds+rushing_tds+receiving_tds,unsupported_market_first_scorer,,,,,,,,,,,,,
draftkings,34118042,334613200.0,0QA334613200#2254559028_13L88808Q1413096711Q20,Nick Kallerup,,NFL,First TD Scorer,player_touchdown,,9000.0,,34118042,2026-09-10T00:20:00.0000000Z,,2026-09-09T14:58:03.081222+00:00,passing_tds+rushing_tds+receiving_tds,unsupported_market_first_scorer,,,,,,,,,,,,,
draftkings,34118042,334613200.0,0QA334613200#2254559029_13L88808Q1854656633Q20,Eric Saubert,,NFL,First TD Scorer,player_touchdown,,11000.0,,34118042,2026-09-10T00:20:00.0000000Z,,2026-09-09T14:58:03.081222+00:00,passing_tds+rushing_tds+receiving_tds,unsupported_market_first_scorer,,,,,,,,,,,,,
draftkings,34118042,334613200.0,0QA334613200#2151928256_13L88808Q1-1777442974Q20,,No Touchdown Scorer,NFL,First TD Scorer,player_touchdown,,12000.0,,34118042,2026-09-10T00:20:00.0000000Z,,2026-09-09T14:58:03.081222+00:00,,no_player_match,,,,,,,,,,,,,
draftkings,34118042,334613200.0,0QA334613200#2267174600_13L88808Q1-522396454Q20,Cameron Latu,,NFL,First TD Scorer,player_touchdown,,13000.0,,34118042,2026-09-10T00:20:00.0000000Z,,2026-09-09T14:58:03.081222+00:00,passing_tds+rushing_tds+receiving_tds,unsupported_market_first_scorer,,,,,,,,,,,,,
draftkings,34118042,334613200.0,0QA334613200#2266365112_13L88808Q1-1113796569Q20,Brady Russell,,NFL,First TD Scorer,player_touchdown,,14000.0,,34118042,2026-09-10T00:20:00.0000000Z,,2026-09-09T14:58:03.081222+00:00,passing_tds+rushing_tds+receiving_tds,unsupported_market_first_scorer,,,,,,,,,,,,,
draftkings,34118042,334613200.0,0QA334613200#2271824880_13L88808Q1-1934688871Q20,Tanner Arkin,,NFL,First TD Scorer,player_touchdown,,14000.0,,34118042,2026-09-10T00:20:00.0000000Z,,2026-09-09T14:58:03.081222+00:00,,no_player_match,,,,,,,,,,,,,
draftkings,34107951,331955891.0,0QA331955891#2150675133_13L88808Q1-76168403Q20,Kyren Williams,,NFL,First TD Scorer,player_touchdown,,500.0,,34107951,2026-09-11T00:35:00.0000000Z,,2026-09-09T14:58:03.081222+00:00,passing_tds+rushing_tds+receiving_tds,unsupported_market_first_scorer,,,,,,,,,,,,,
draftkings,34107951,331955891.0,0QA331955891#2150675504_13L88808Q1108720821Q20,Christian McCaffrey,,NFL,First TD Scorer,player_touchdown,,500.0,,34107951,2026-09-11T00:35:00.0000000Z,,2026-09-09T14:58:03.081222+00:00,passing_tds+rushing_tds+receiving_tds,unsupported_market_first_scorer,,,,,,,,,,,,,
draftkings,34107951,331955891.0,0QA331955891#2150675223_13L88808Q11217478168Q20,Davante Adams,,NFL,First TD Scorer,player_touchdown,,750.0,,34107951,2026-09-11T00:35:00.0000000Z,,2026-09-09T14:58:03.081222+00:00,passing_tds+rushing_tds+receiving_tds,unsupported_market_first_scorer,,,,,,,,,,,,,
draftkings,34107951,331955891.0,0QA331955891#2150675255_13L88808Q11034498997Q20,Puka Nacua,,NFL,First TD Scorer,player_touchdown,,850.0,,34107951,2026-09-11T00:35:00.0000000Z,,2026-09-09T14:58:03.081222+00:00,passing_tds+rushing_tds+receiving_tds,unsupported_market_first_scorer,,,,,,,,,,,,,
draftkings,34107951,331955891.0,0QA331955891#2150675177_13L88808Q11209999570Q20,Blake Corum,,NFL,First TD Scorer,player_touchdown,,1000.0,,34107951,2026-09-11T00:35:00.0000000Z,,2026-09-09T14:58:03.081222+00:00,passing_tds+rushing_tds+receiving_tds,unsupported_market_first_scorer,,,,,,,,,,,,,
draftkings,34107951,331955891.0,0QA331955891#2150675526_13L88808Q1102910328Q20,Mike Evans,,NFL,First TD Scorer,player_touchdown,,1300.0,,34107951,2026-09-11T00:35:00.0000000Z,,2026-09-09T14:58:03.081222+00:00,passing_tds+rushing_tds+receiving_tds,unsupported_market_first_scorer,,,,,,,,,,,,,
draftkings,34107951,331955891.0,0QA331955891#2150675598_13L88808Q1-906485060Q20,George Kittle,,NFL,First TD Scorer,player_touchdown,,1600.0,,34107951,2026-09-11T00:35:00.0000000Z,,2026-09-09T14:58:03.081222+00:00,passing_tds+rushing_tds+receiving_tds,unsupported_market_first_scorer,,,,,,,,,,,,,
draftkings,34107951,331955891.0,0QA331955891#2150675611_13L88808Q1-1762496667Q20,De'Zhaun Stribling,,NFL,First TD Scorer,player_touchdown,,1900.0,,34107951,2026-09-11T00:35:00.0000000Z,,2026-09-09T14:58:03.081222+00:00,,no_player_match,,,,,,,,,,,,,
draftkings,34107951,331955891.0,0QA331955891#2238859991_13L88808Q11681981554Q20,Deebo Samuel,,NFL,First TD Scorer,player_touchdown,,1900.0,,34107951,2026-09-11T00:35:00.0000000Z,,2026-09-09T14:58:03.081222+00:00,passing_tds+rushing_tds+receiving_tds,unsupported_market_first_scorer,,,,,,,,,,,,,
draftkings,34107951,331955891.0,0QA331955891#2150675284_13L88808Q1-2113045905Q20,Colby Parkinson,,NFL,First TD Scorer,player_touchdown,,2000.0,,34107951,2026-09-11T00:35:00.0000000Z,,2026-09-09T14:58:03.081222+00:00,passing_tds+rushing_tds+receiving_tds,unsupported_market_first_scorer,,,,,,,,,,,,,
draftkings,34107951,331955891.0,0QA331955891#2150675360_13L88808Q159788189Q20,Terrance Ferguson,,NFL,First TD Scorer,player_touchdown,,2200.0,,34107951,2026-09-11T00:35:00.0000000Z,,2026-09-09T14:58:03.081222+00:00,passing_tds+rushing_tds+receiving_tds,unsupported_market_first_scorer,,,,,,,,,,,,,
draftkings,34107951,331955891.0,0QA331955891#2150675672_13L88808Q1-112951882Q20,,LA Rams D/ST,NFL,First TD Scorer,player_touchdown,,2800.0,,34107951,2026-09-11T00:35:00.0000000Z,,2026-09-09T14:58:03.081222+00:00,,no_player_match,,,,,,,,,,,,,
draftkings,34107951,331955891.0,0QA331955891#2150675319_13L88808Q12061836435Q20,Tyler Higbee,,NFL,First TD Scorer,player_touchdown,,3000.0,,34107951,2026-09-11T00:35:00.0000000Z,,2026-09-09T14:58:03.081222+00:00,passing_tds+rushing_tds+receiving_tds,unsupported_market_first_scorer,,,,,,,,,,,,,
draftkings,34107951,331955891.0,0QA331955891#2150675563_13L88808Q195094030Q20,Brock Purdy,,NFL,First TD Scorer,player_touchdown,,3000.0,,34107951,2026-09-11T00:35:00.0000000Z,,2026-09-09T14:58:03.081222+00:00,passing_tds+rushing_tds+receiving_tds,unsupported_market_first_scorer,,,,,,,,,,,,,
draftkings,34107951,331955891.0,0QA331955891#2150675682_14L88808Q11564766305Q20,,SF 49ers D/ST,NFL,First TD Scorer,player_touchdown,,3000.0,,34107951,2026-09-11T00:35:00.0000000Z,,2026-09-09T14:58:03.081222+00:00,,no_player_match,,,,,,,,,,,,,
draftkings,34107951,331955891.0,0QA331955891#2150675648_13L88808Q11654280033Q20,Kyle Juszczyk,,NFL,First TD Scorer,player_touchdown,,4000.0,,34107951,2026-09-11T00:35:00.0000000Z,,2026-09-09T14:58:03.081222+00:00,passing_tds+rushing_tds+receiving_tds,unsupported_market_first_scorer,,,,,,,,,,,,,
draftkings,34107951,331955891.0,0QA331955891#2150675661_13L88808Q11220419662Q20,Jake Tonges,,NFL,First TD Scorer,player_touchdown,,4000.0,,34107951,2026-09-11T00:35:00.0000000Z,,2026-09-09T14:58:03.081222+00:00,passing_tds+rushing_tds+receiving_tds,unsupported_market_first_scorer,,,,,,,,,,,,,
draftkings,34107951,331955891.0,0QA331955891#2150675392_13L88808Q11287753223Q20,Jordan Whittington,,NFL,First TD Scorer,player_touchdown,,4500.0,,34107951,2026-09-11T00:35:00.0000000Z,,2026-09-09T14:58:03.081222+00:00,passing_tds+rushing_tds+receiving_tds,unsupported_market_first_scorer,,,,,,,,,,,,,
draftkings,34107951,331955891.0,0QA331955891#2150675582_13L88808Q11110999856Q20,Kaelon Black,,NFL,First TD Scorer,player_touchdown,,5000.0,,34107951,2026-09-11T00:35:00.0000000Z,,2026-09-09T14:58:03.081222+00:00,,no_player_match,,,,,,,,,,,,,
draftkings,34107951,331955891.0,0QA331955891#2150675427_13L88808Q1-1732854532Q20,Konata Mumpfield,,NFL,First TD Scorer,player_touchdown,,5500.0,,34107951,2026-09-11T00:35:00.0000000Z,,2026-09-09T14:58:03.081222+00:00,passing_tds+rushing_tds+receiving_tds,unsupported_market_first_scorer,,,,,,,,,,,,,
draftkings,34107951,331955891.0,0QA331955891#2150675637_13L88808Q196266736Q20,Demarcus Robinson,,NFL,First TD Scorer,player_touchdown,,5500.0,,34107951,2026-09-11T00:35:00.0000000Z,,2026-09-09T14:58:03.081222+00:00,passing_tds+rushing_tds+receiving_tds,unsupported_market_first_scorer,,,,,,,,,,,,,
draftkings,34107951,331955891.0,0QA331955891#2233962133_13L88808Q11195998115Q20,Jordan James,,NFL,First TD Scorer,player_touchdown,,6000.0,,34107951,2026-09-11T00:35:00.0000000Z,,2026-09-09T14:58:03.081222+00:00,,no_player_match,,,,,,,,,,,,,
draftkings,34107951,331955891.0,0QA331955891#2150675447_13L88808Q1899027366Q20,Xavier Smith,,NFL,First TD Scorer,player_touchdown,,6500.0,,34107951,2026-09-11T00:35:00.0000000Z,,2026-09-09T14:58:03.081222+00:00,passing_tds+rushing_tds+receiving_tds,unsupported_market_first_scorer,,,,,,,,,,,,,
draftkings,34107951,331955891.0,0QA331955891#2150675484_13L88808Q11646441611Q20,Davis Allen,,NFL,First TD Scorer,player_touchdown,,7000.0,,34107951,2026-09-11T00:35:00.0000000Z,,2026-09-09T14:58:03.081222+00:00,passing_tds+rushing_tds+receiving_tds,unsupported_market_first_scorer,,,,,,,,,,,,,
draftkings,34107951,331955891.0,0QA331955891#2253943650_13L88808Q1-1606840686Q20,CJ Daniels,,NFL,First TD Scorer,player_touchdown,,7000.0,,34107951,2026-09-11T00:35:00.0000000Z,,2026-09-09T14:58:03.081222+00:00,,no_player_match,,,,,,,,,,,,,
draftkings,34107951,331955891.0,0QA331955891#2150675464_13L88808Q1744836056Q20,Matthew Stafford,,NFL,First TD Scorer,player_touchdown,,7500.0,,34107951,2026-09-11T00:35:00.0000000Z,,2026-09-09T14:58:03.081222+00:00,passing_tds+rushing_tds+receiving_tds,unsupported_market_first_scorer,,,,,,,,,,,,,
draftkings,34107951,331955891.0,0QA331955891#2271720221_13L88808Q199093118Q20,Max Klare,,NFL,First TD Scorer,player_touchdown,,7500.0,,34107951,2026-09-11T00:35:00.0000000Z,,2026-09-09T14:58:03.081222+00:00,,no_player_match,,,,,,,,,,,,,
draftkings,34107951,331955891.0,0QA331955891#2271456605_13L88808Q11947773426Q20,Ronnie Rivers,,NFL,First TD Scorer,player_touchdown,,13000.0,,34107951,2026-09-11T00:35:00.0000000Z,,2026-09-09T14:58:03.081222+00:00,passing_tds+rushing_tds+receiving_tds,unsupported_market_first_scorer,,,,,,,,,,,,,
draftkings,34107951,331955891.0,0QA331955891#590544448_13L88808Q1-1777442974Q20,,No Touchdown Scorer,NFL,First TD Scorer,player_touchdown,,16000.0,,34107951,2026-09-11T00:35:00.0000000Z,,2026-09-09T14:58:03.081222+00:00,,no_player_match,,,,,,,,,,,,,
draftkings,34107951,334323197.0,0QA334323197#2150675684_13L88808Q1-1442390665Q20,Christian McCaffrey,,NFL,2+ TDs,player_touchdown,,400.0,,34107951,2026-09-11T00:35:00.0000000Z,,2026-09-09T14:58:03.081222+00:00,passing_tds+rushing_tds+receiving_tds,estimated,1.0,0.85,17.0,,0.925,,0.2366770182806387,,0.2,,True,0.036677018280638685,
draftkings,34107951,334323197.0,0QA334323197#2150675519_13L88808Q1-166127884Q20,Kyren Williams,,NFL,2+ TDs,player_touchdown,,425.0,,34107951,2026-09-11T00:35:00.0000000Z,,2026-09-09T14:58:03.081222+00:00,passing_tds+rushing_tds+receiving_tds,estimated,0.7647058823529411,0.32,17.0,,0.5423529411764706,,0.10330886461849981,,0.19047619047619047,,True,-0.08716732585769066,
draftkings,34107951,334323197.0,0QA334323197#2150675560_13L88808Q1273996050Q20,Davante Adams,,NFL,2+ TDs,player_touchdown,,800.0,,34107951,2026-09-11T00:35:00.0000000Z,,2026-09-09T14:58:03.081222+00:00,passing_tds+rushing_tds+receiving_tds,estimated,1.0,0.72,14.0,,0.86,,0.21291852688898716,,0.1111111111111111,,True,0.10180741577787605,
draftkings,34107951,334323197.0,0QA334323197#2150675579_13L88808Q11214736899Q20,Puka Nacua,,NFL,2+ TDs,player_touchdown,,1000.0,,34107951,2026-09-11T00:35:00.0000000Z,,2026-09-09T14:58:03.081222+00:00,passing_tds+rushing_tds+receiving_tds,estimated,0.6875,1.16,16.0,,0.92375,,0.23621855220043997,,0.09090909090909091,,True,0.14530946129134906,
draftkings,34107951,334323197.0,0QA334323197#2150675542_13L88808Q11181433178Q20,Blake Corum,,NFL,2+ TDs,player_touchdown,,1100.0,,34107951,2026-09-11T00:35:00.0000000Z,,2026-09-09T14:58:03.081222+00:00,passing_tds+rushing_tds+receiving_tds,estimated,0.35294117647058826,0.48,17.0,,0.41647058823529415,,0.0660219217478894,,0.08333333333333333,,True,-0.017311411585443928,
draftkings,34107951,334323197.0,0QA334323197#2150675692_13L88808Q1-1809939904Q20,Mike Evans,,NFL,2+ TDs,player_touchdown,,1600.0,,34107951,2026-09-11T00:35:00.0000000Z,,2026-09-09T14:58:03.081222+00:00,passing_tds+rushing_tds+receiving_tds,estimated,0.375,0.45,8.0,,0.4125,,0.06493460967419695,,0.058823529411764705,,True,0.0061110802624322474,
draftkings,34107951,334323197.0,0QA334323197#2150675714_13L88808Q11108077714Q20,George Kittle,,NFL,2+ TDs,player_touchdown,,2500.0,,34107951,2026-09-11T00:35:00.0000000Z,,2026-09-09T14:58:03.081222+00:00,passing_tds+rushing_tds+receiving_tds,estimated,0.6363636363636364,0.45,11.0,,0.5431818181818182,,0.10357031117069199,,0.038461538461538464,,True,0.06510877270915352,
draftkings,34107951,334323197.0,0QA334323197#2150675729_13L88808Q11519109710Q20,De'Zhaun Stribling,,NFL,2+ TDs,player_touchdown,,3000.0,,34107951,2026-09-11T00:35:00.0000000Z,,2026-09-09T14:58:03.081222+00:00,,no_player_match,,,,,,,,,,,,,
draftkings,34107951,334323197.0,0QA334323197#2238859972_13L88808Q1-1288734733Q20,Deebo Samuel,,NFL,2+ TDs,player_touchdown,,3500.0,,34107951,2026-09-11T00:35:00.0000000Z,,2026-09-09T14:58:03.081222+00:00,passing_tds+rushing_tds+receiving_tds,estimated,0.375,0.0,16.0,,0.1875,,0.01552792216077456,,0.027777777777777776,,True,-0.012249855617003216,
draftkings,34107951,334323197.0,0QA334323197#2150675635_13L88808Q12084623368Q20,Terrance Ferguson,,NFL,2+ TDs,player_touchdown,,4000.0,,34107951,2026-09-11T00:35:00.0000000Z,,2026-09-09T14:58:03.081222+00:00,passing_tds+rushing_tds+receiving_tds,estimated,0.2727272727272727,0.6,11.0,,0.43636363636363634,,0.07155948796177491,,0.024390243902439025,,True,0.04716924405933589,
draftkings,34107951,334323197.0,0QA334323197#2150675597_13L88808Q11942991799Q20,Colby Parkinson,,NFL,2+ TDs,player_touchdown,,4500.0,,34107951,2026-09-11T00:35:00.0000000Z,,2026-09-09T14:58:03.081222+00:00,passing_tds+rushing_tds+receiving_tds,estimated,0.5714285714285714,1.02,14.0,,0.7957142857142857,,0.18966814052659303,,0.021739130434782608,,True,0.16792901009181044,
draftkings,34107951,334323197.0,0QA334323197#2150675782_13L88808Q12056705401Q20,,LA Rams D/ST,NFL,2+ TDs,player_touchdown,,5000.0,,34107951,2026-09-11T00:35:00.0000000Z,,2026-09-09T14:58:03.081222+00:00,,no_player_match,,,,,,,,,,,,,
draftkings,34107951,334323197.0,0QA334323197#2150675789_14L88808Q1-36550288Q20,,SF 49ers D/ST,NFL,2+ TDs,player_touchdown,,5500.0,,34107951,2026-09-11T00:35:00.0000000Z,,2026-09-09T14:58:03.081222+00:00,,no_player_match,,,,,,,,,,,,,
draftkings,34107951,334323197.0,0QA334323197#2150675609_13L88808Q11735898398Q20,Tyler Higbee,,NFL,2+ TDs,player_touchdown,,7000.0,,34107951,2026-09-11T00:35:00.0000000Z,,2026-09-09T14:58:03.081222+00:00,passing_tds+rushing_tds+receiving_tds,estimated,0.3,0.47,10.0,,0.385,,0.05757586885664606,,0.014084507042253521,,True,0.04349136181439254,
draftkings,34107951,334323197.0,0QA334323197#2150675773_13L88808Q11567635031Q20,Jake Tonges,,NFL,2+ TDs,player_touchdown,,7000.0,,34107951,2026-09-11T00:35:00.0000000Z,,2026-09-09T14:58:03.081222+00:00,passing_tds+rushing_tds+receiving_tds,estimated,0.5,0.47,10.0,,0.485,,0.08568966280503659,,0.014084507042253521,,True,0.07160515576278308,
draftkings,34107951,334323197.0,0QA334323197#2150675739_13L88808Q11557081727Q20,Brock Purdy,,NFL,2+ TDs,player_touchdown,,7500.0,,34107951,2026-09-11T00:35:00.0000000Z,,2026-09-09T14:58:03.081222+00:00,passing_tds+rushing_tds+receiving_tds,estimated,2.5555555555555554,2.77,9.0,,2.6627777777777775,,0.7445059002471178,,0.013157894736842105,,True,0.7313480055102757,
draftkings,34107951,334323197.0,0QA334323197#2150675756_13L88808Q1754038044Q20,Demarcus Robinson,,NFL,2+ TDs,player_touchdown,,9000.0,,34107951,2026-09-11T00:35:00.0000000Z,,2026-09-09T14:58:03.081222+00:00,passing_tds+rushing_tds+receiving_tds,estimated,0.07142857142857142,0.2,14.0,,0.13571428571428573,,0.00841688410934023,,0.01098901098901099,,True,-0.002572126879670759,
draftkings,34107951,334323197.0,0QA334323197#2150675620_13L88808Q1938023783Q20,Jordan Whittington,,NFL,2+ TDs,player_touchdown,,11000.0,,34107951,2026-09-11T00:35:00.0000000Z,,2026-09-09T14:58:03.081222+00:00,passing_tds+rushing_tds+receiving_tds,estimated,0.0,0.0,15.0,,0.0,,4.999838054850042e-13,,0.009009009009009009,,True,-0.009009009008509025,
draftkings,34107951,334323197.0,0QA334323197#2150675764_13L88808Q1-1401059746Q20,Kyle Juszczyk,,NFL,2+ TDs,player_touchdown,,12000.0,,34107951,2026-09-11T00:35:00.0000000Z,,2026-09-09T14:58:03.081222+00:00,passing_tds+rushing_tds+receiving_tds,estimated,0.125,0.25,16.0,,0.1875,,0.01552792216077456,,0.008264462809917356,,True,0.007263459350857204,
draftkings,34107951,334323197.0,0QA334323197#2150675748_13L88808Q1114630259Q20,Kaelon Black,,NFL,2+ TDs,player_touchdown,,13000.0,,34107951,2026-09-11T00:35:00.0000000Z,,2026-09-09T14:58:03.081222+00:00,,no_player_match,,,,,,,,,,,,,
draftkings,34107951,334323197.0,0QA334323197#2253943647_13L88808Q1-984761956Q20,CJ Daniels,,NFL,2+ TDs,player_touchdown,,14000.0,,34107951,2026-09-11T00:35:00.0000000Z,,2026-09-09T14:58:03.081222+00:00,,no_player_match,,,,,,,,,,,,,
draftkings,34107951,334323197.0,0QA334323197#2233962149_13L88808Q1383958680Q20,Jordan James,,NFL,2+ TDs,player_touchdown,,15000.0,,34107951,2026-09-11T00:35:00.0000000Z,,2026-09-09T14:58:03.081222+00:00,,no_player_match,,,,,,,,,,,,,
draftkings,34107951,334323197.0,0QA334323197#2150675656_13L88808Q1761572607Q20,Konata Mumpfield,,NFL,2+ TDs,player_touchdown,,16000.0,,34107951,2026-09-11T00:35:00.0000000Z,,2026-09-09T14:58:03.081222+00:00,passing_tds+rushing_tds+receiving_tds,estimated,0.1,0.0,10.0,,0.05,,0.0012091042742502778,,0.006211180124223602,,True,-0.005002075849973324,
draftkings,34107951,334323197.0,0QA334323197#2150675665_13L88808Q1-1231088963Q20,Xavier Smith,,NFL,2+ TDs,player_touchdown,,16000.0,,34107951,2026-09-11T00:35:00.0000000Z,,2026-09-09T14:58:03.081222+00:00,passing_tds+rushing_tds+receiving_tds,estimated,0.0,0.0,16.0,,0.0,,4.999838054850042e-13,,0.006211180124223602,,True,-0.006211180123723618,
draftkings,34107951,334323197.0,0QA334323197#2271720187_13L88808Q11070995336Q20,Max Klare,,NFL,2+ TDs,player_touchdown,,17000.0,,34107951,2026-09-11T00:35:00.0000000Z,,2026-09-09T14:58:03.081222+00:00,,no_player_match,,,,,,,,,,,,,
draftkings,34107951,334323197.0,0QA334323197#2150675645_13L88808Q1878830924Q20,Matthew Stafford,,NFL,2+ TDs,player_touchdown,,18000.0,,34107951,2026-09-11T00:35:00.0000000Z,,2026-09-09T14:58:03.081222+00:00,passing_tds+rushing_tds+receiving_tds,estimated,2.7058823529411766,2.9800000000000004,17.0,,2.8429411764705885,,0.776133004076106,,0.0055248618784530384,,True,0.770608142197653,
draftkings,34107951,334323197.0,0QA334323197#2150675675_13L88808Q1-1802470485Q20,Davis Allen,,NFL,2+ TDs,player_touchdown,,19000.0,,34107951,2026-09-11T00:35:00.0000000Z,,2026-09-09T14:58:03.081222+00:00,passing_tds+rushing_tds+receiving_tds,estimated,0.2,0.0,15.0,,0.1,,0.004678840160444522,,0.005235602094240838,,True,-0.0005567619337963157,
draftkings,34107951,334323197.0,0QA334323197#2271456591_13L88808Q1877523666Q20,Ronnie Rivers,,NFL,2+ TDs,player_touchdown,,20000.0,,34107951,2026-09-11T00:35:00.0000000Z,,2026-09-09T14:58:03.081222+00:00,passing_tds+rushing_tds+receiving_tds,estimated,0.0,0.0,6.0,,0.0,,4.999838054850042e-13,,0.004975124378109453,,True,-0.004975124377609469,
draftkings,34107951,334323199.0,0QA334323199#2150675746_13L88808Q1-1377627368Q20,Christian McCaffrey,,NFL,Anytime TD Scorer,player_touchdown,,,,34107951,2026-09-11T00:35:00.0000000Z,,2026-09-09T14:58:03.081222+00:00,passing_tds+rushing_tds+receiving_tds,estimated,1.0,0.85,17.0,,0.925,,0.6034685809250071,,,,True,,
draftkings,34107951,334323199.0,0QA334323199#2150675624_13L88808Q12008738677Q20,Kyren Williams,,NFL,Anytime TD Scorer,player_touchdown,,,,34107951,2026-09-11T00:35:00.0000000Z,,2026-09-09T14:58:03.081222+00:00,passing_tds+rushing_tds+receiving_tds,estimated,0.7647058823529411,0.32,17.0,,0.5423529411764706,,0.41862130810505327,,,,True,,
draftkings,34107951,334323199.0,0QA334323199#2150675650_13L88808Q1-1719984573Q20,Davante Adams,,NFL,Anytime TD Scorer,player_touchdown,,120.0,,34107951,2026-09-11T00:35:00.0000000Z,,2026-09-09T14:58:03.081222+00:00,passing_tds+rushing_tds+receiving_tds,estimated,1.0,0.72,14.0,,0.86,,0.5768379176822511,,0.45454545454545453,,True,0.12229246313679659,
draftkings,34107951,334323199.0,0QA334323199#2150675659_13L88808Q1-1261907500Q20,Puka Nacua,,NFL,Anytime TD Scorer,player_touchdown,,135.0,,34107951,2026-09-11T00:35:00.0000000Z,,2026-09-09T14:58:03.081222+00:00,passing_tds+rushing_tds+receiving_tds,estimated,0.6875,1.16,16.0,,0.92375,,0.6029726067318726,,0.425531914893617,,True,0.17744069183825556,
draftkings,34107951,334323199.0,0QA334323199#2150675640_13L88808Q11373713880Q20,Blake Corum,,NFL,Anytime TD Scorer,player_touchdown,,160.0,,34107951,2026-09-11T00:35:00.0000000Z,,2026-09-09T14:58:03.081222+00:00,passing_tds+rushing_tds+receiving_tds,estimated,0.35294117647058826,0.48,17.0,,0.41647058823529415,,0.3406300942572309,,0.38461538461538464,,True,-0.04398529035815374,
draftkings,34107951,334323199.0,0QA334323199#2150675755_13L88808Q11665839176Q20,Mike Evans,,NFL,Anytime TD Scorer,player_touchdown,,190.0,,34107951,2026-09-11T00:35:00.0000000Z,,2026-09-09T14:58:03.081222+00:00,passing_tds+rushing_tds+receiving_tds,estimated,0.375,0.45,8.0,,0.4125,,0.338006803309166,,0.3448275862068966,,True,-0.006820782897730582,
draftkings,34107951,334323199.0,0QA334323199#2150675803_13L88808Q1-2099105975Q20,George Kittle,,NFL,Anytime TD Scorer,player_touchdown,,275.0,,34107951,2026-09-11T00:35:00.0000000Z,,2026-09-09T14:58:03.081222+00:00,passing_tds+rushing_tds+receiving_tds,estimated,0.6363636363636364,0.45,11.0,,0.5431818181818182,,0.4191029998749698,,0.26666666666666666,,True,0.15243633320830313,
draftkings,34107951,334323199.0,0QA334323199#2150675772_13L88808Q1-624546177Q20,De'Zhaun Stribling,,NFL,Anytime TD Scorer,player_touchdown,,320.0,,34107951,2026-09-11T00:35:00.0000000Z,,2026-09-09T14:58:03.081222+00:00,,no_player_match,,,,,,,,,,,,,
draftkings,34107951,334323199.0,0QA334323199#2238859996_13L88808Q1-1863661381Q20,Deebo Samuel,,NFL,Anytime TD Scorer,player_touchdown,,350.0,,34107951,2026-09-11T00:35:00.0000000Z,,2026-09-09T14:58:03.081222+00:00,passing_tds+rushing_tds+receiving_tds,estimated,0.375,0.0,16.0,,0.1875,,0.17097088181959963,,0.2222222222222222,,True,-0.05125134040262258,
draftkings,34107951,334323199.0,0QA334323199#2150675668_13L88808Q1691932532Q20,Colby Parkinson,,NFL,Anytime TD Scorer,player_touchdown,,400.0,,34107951,2026-09-11T00:35:00.0000000Z,,2026-09-09T14:58:03.081222+00:00,passing_tds+rushing_tds+receiving_tds,estimated,0.5714285714285714,1.02,14.0,,0.7957142857142857,,0.5487412079304814,,0.2,,True,0.3487412079304814,
draftkings,34107951,334323199.0,0QA334323199#2150675689_13L88808Q1610822396Q20,Terrance Ferguson,,NFL,Anytime TD Scorer,player_touchdown,,400.0,,34107951,2026-09-11T00:35:00.0000000Z,,2026-09-09T14:58:03.081222+00:00,passing_tds+rushing_tds+receiving_tds,estimated,0.2727272727272727,0.6,11.0,,0.43636363636363634,,0.35361736503667873,,0.2,,True,0.15361736503667872,
draftkings,34107951,334323199.0,0QA334323199#2150675825_13L88808Q1-1260849935Q20,,LA Rams D/ST,NFL,Anytime TD Scorer,player_touchdown,,500.0,,34107951,2026-09-11T00:35:00.0000000Z,,2026-09-09T14:58:03.081222+00:00,,no_player_match,,,,,,,,,,,,,
draftkings,34107951,334323199.0,0QA334323199#2150675679_13L88808Q1244078380Q20,Tyler Higbee,,NFL,Anytime TD Scorer,player_touchdown,,550.0,,34107951,2026-09-11T00:35:00.0000000Z,,2026-09-09T14:58:03.081222+00:00,passing_tds+rushing_tds+receiving_tds,estimated,0.3,0.47,10.0,,0.385,,0.3195493637954123,,0.15384615384615385,,True,0.16570320994925847,
draftkings,34107951,334323199.0,0QA334323199#2150675820_13L88808Q11147507867Q20,Jake Tonges,,NFL,Anytime TD Scorer,player_touchdown,,550.0,,34107951,2026-09-11T00:35:00.0000000Z,,2026-09-09T14:58:03.081222+00:00,passing_tds+rushing_tds+receiving_tds,estimated,0.5,0.47,10.0,,0.485,,0.38430280323571486,,0.15384615384615385,,True,0.230456649389561,
draftkings,34107951,334323199.0,0QA334323199#2150675831_14L88808Q1177647058Q20,,SF 49ers D/ST,NFL,Anytime TD Scorer,player_touchdown,,550.0,,34107951,2026-09-11T00:35:00.0000000Z,,2026-09-09T14:58:03.081222+00:00,,no_player_match,,,,,,,,,,,,,
draftkings,34107951,334323199.0,0QA334323199#2150675797_13L88808Q1579133715Q20,Brock Purdy,,NFL,Anytime TD Scorer,player_touchdown,,600.0,,34107951,2026-09-11T00:35:00.0000000Z,,2026-09-09T14:58:03.081222+00:00,passing_tds+rushing_tds+receiving_tds,estimated,2.5555555555555554,2.77,9.0,,2.6627777777777775,,0.9302458092590341,,0.14285714285714285,,True,0.7873886664018912,
draftkings,34107951,334323199.0,0QA334323199#2150675809_13L88808Q1785301666Q20,Demarcus Robinson,,NFL,Anytime TD Scorer,player_touchdown,,800.0,,34107951,2026-09-11T00:35:00.0000000Z,,2026-09-09T14:58:03.081222+00:00,passing_tds+rushing_tds+receiving_tds,estimated,0.07142857142857142,0.2,14.0,,0.13571428571428573,,0.12690794827237506,,0.1111111111111111,,True,0.015796837161263955,
draftkings,34107951,334323199.0,0QA334323199#2150675815_13L88808Q11061966518Q20,Kyle Juszczyk,,NFL,Anytime TD Scorer,player_touchdown,,800.0,,34107951,2026-09-11T00:35:00.0000000Z,,2026-09-09T14:58:03.081222+00:00,passing_tds+rushing_tds+receiving_tds,estimated,0.125,0.25,16.0,,0.1875,,0.17097088181959963,,0.1111111111111111,,True,0.059859770708488524,
draftkings,34107951,334323199.0,0QA334323199#2150675700_13L88808Q1956595637Q20,Jordan Whittington,,NFL,Anytime TD Scorer,player_touchdown,,900.0,,34107951,2026-09-11T00:35:00.0000000Z,,2026-09-09T14:58:03.081222+00:00,passing_tds+rushing_tds+receiving_tds,estimated,0.0,0.0,15.0,,0.0,,9.999994999843054e-07,,0.1,,True,-0.09999900000050002,
draftkings,34107951,334323199.0,0QA334323199#2150675788_13L88808Q11981396460Q20,Kaelon Black,,NFL,Anytime TD Scorer,player_touchdown,,1000.0,,34107951,2026-09-11T00:35:00.0000000Z,,2026-09-09T14:58:03.081222+00:00,,no_player_match,,,,,,,,,,,,,
draftkings,34107951,334323199.0,0QA334323199#2233962126_13L88808Q1-844788745Q20,Jordan James,,NFL,Anytime TD Scorer,player_touchdown,,1000.0,,34107951,2026-09-11T00:35:00.0000000Z,,2026-09-09T14:58:03.081222+00:00,,no_player_match,,,,,,,,,,,,,
draftkings,34107951,334323199.0,0QA334323199#2150675719_13L88808Q1-1508640754Q20,Konata Mumpfield,,NFL,Anytime TD Scorer,player_touchdown,,1200.0,,34107951,2026-09-11T00:35:00.0000000Z,,2026-09-09T14:58:03.081222+00:00,passing_tds+rushing_tds+receiving_tds,estimated,0.1,0.0,10.0,,0.05,,0.048770575499285984,,0.07692307692307693,,True,-0.028152501423790943,
draftkings,34107951,334323199.0,0QA334323199#2150675711_13L88808Q1-1604380439Q20,Xavier Smith,,NFL,Anytime TD Scorer,player_touchdown,,1400.0,,34107951,2026-09-11T00:35:00.0000000Z,,2026-09-09T14:58:03.081222+00:00,passing_tds+rushing_tds+receiving_tds,estimated,0.0,0.0,16.0,,0.0,,9.999994999843054e-07,,0.06666666666666667,,True,-0.06666566666716668,
draftkings,34107951,334323199.0,0QA334323199#2150675727_13L88808Q1-822030320Q20,Davis Allen,,NFL,Anytime TD Scorer,player_touchdown,,1400.0,,34107951,2026-09-11T00:35:00.0000000Z,,2026-09-09T14:58:03.081222+00:00,passing_tds+rushing_tds+receiving_tds,estimated,0.2,0.0,15.0,,0.1,,0.09516258196404048,,0.06666666666666667,,True,0.028495915297373817,
draftkings,34107951,334323199.0,0QA334323199#2253943629_13L88808Q1-410687165Q20,CJ Daniels,,NFL,Anytime TD Scorer,player_touchdown,,1400.0,,34107951,2026-09-11T00:35:00.0000000Z,,2026-09-09T14:58:03.081222+00:00,,no_player_match,,,,,,,,,,,,,
draftkings,34107951,334323199.0,0QA334323199#2271720234_13L88808Q1-1777326053Q20,Max Klare,,NFL,Anytime TD Scorer,player_touchdown,,1500.0,,34107951,2026-09-11T00:35:00.0000000Z,,2026-09-09T14:58:03.081222+00:00,,no_player_match,,,,,,,,,,,,,
draftkings,34107951,334323199.0,0QA334323199#2150675737_13L88808Q1-1571700727Q20,Matthew Stafford,,NFL,Anytime TD Scorer,player_touchdown,,2000.0,,34107951,2026-09-11T00:35:00.0000000Z,,2026-09-09T14:58:03.081222+00:00,passing_tds+rushing_tds+receiving_tds,estimated,2.7058823529411766,2.9800000000000004,17.0,,2.8429411764705885,,0.9417459217709139,,0.047619047619047616,,True,0.8941268741518662,
draftkings,34107951,334323199.0,0QA334323199#2271456613_13L88808Q11406903477Q20,Ronnie Rivers,,NFL,Anytime TD Scorer,player_touchdown,,3000.0,,34107951,2026-09-11T00:35:00.0000000Z,,2026-09-09T14:58:03.081222+00:00,passing_tds+rushing_tds+receiving_tds,estimated,0.0,0.0,6.0,,0.0,,9.999994999843054e-07,,0.03225806451612903,,True,-0.03225706451662905,
draftkings,34118210,357431987.0,0QA357431987#2250860923_13L88808Q1-1250365177Q20,Jahmyr Gibbs,,NFL,First TD Scorer,player_touchdown,,280.0,,34118210,2026-09-13T17:00:00.0000000Z,,2026-09-09T14:58:03.081222+00:00,passing_tds+rushing_tds+receiving_tds,unsupported_market_first_scorer,,,,,,,,,,,,,
draftkings,34118210,357431987.0,0QA357431987#2250861028_13L88808Q1-1664214611Q20,Amon-Ra St. Brown,,NFL,First TD Scorer,player_touchdown,,650.0,,34118210,2026-09-13T17:00:00.0000000Z,,2026-09-09T14:58:03.081222+00:00,passing_tds+rushing_tds+receiving_tds,unsupported_market_first_scorer,,,,,,,,,,,,,
draftkings,34118210,357431987.0,0QA357431987#2250862763_13L88808Q1-496436612Q20,Travis Etienne Jr.,,NFL,First TD Scorer,player_touchdown,,700.0,,34118210,2026-09-13T17:00:00.0000000Z,,2026-09-09T14:58:03.081222+00:00,passing_tds+rushing_tds+receiving_tds,unsupported_market_first_scorer,,,,,,,,,,,,,
draftkings,34118210,357431987.0,0QA357431987#2250861058_13L88808Q1-1497702701Q20,Sam LaPorta,,NFL,First TD Scorer,player_touchdown,,1000.0,,34118210,2026-09-13T17:00:00.0000000Z,,2026-09-09T14:58:03.081222+00:00,passing_tds+rushing_tds+receiving_tds,unsupported_market_first_scorer,,,,,,,,,,,,,
draftkings,34118210,357431987.0,0QA357431987#2250861102_13L88808Q1-1721268165Q20,Jameson Williams,,NFL,First TD Scorer,player_touchdown,,1000.0,,34118210,2026-09-13T17:00:00.0000000Z,,2026-09-09T14:58:03.081222+00:00,passing_tds+rushing_tds+receiving_tds,unsupported_market_first_scorer,,,,,,,,,,,,,
draftkings,34118210,357431987.0,0QA357431987#2250862724_13L88808Q1268307124Q20,Chris Olave,,NFL,First TD Scorer,player_touchdown,,1300.0,,34118210,2026-09-13T17:00:00.0000000Z,,2026-09-09T14:58:03.081222+00:00,passing_tds+rushing_tds+receiving_tds,unsupported_market_first_scorer,,,,,,,,,,,,,
draftkings,34118210,357431987.0,0QA357431987#2250862885_13L88808Q11543263768Q20,Juwan Johnson,,NFL,First TD Scorer,player_touchdown,,1900.0,,34118210,2026-09-13T17:00:00.0000000Z,,2026-09-09T14:58:03.081222+00:00,passing_tds+rushing_tds+receiving_tds,unsupported_market_first_scorer,,,,,,,,,,,,,
draftkings,34118210,357431987.0,0QA357431987#2250862271_13L88808Q1922683471Q20,Jacob Saylors,,NFL,First TD Scorer,player_touchdown,,2000.0,,34118210,2026-09-13T17:00:00.0000000Z,,2026-09-09T14:58:03.081222+00:00,passing_tds+rushing_tds+receiving_tds,unsupported_market_first_scorer,,,,,,,,,,,,,
draftkings,34118210,357431987.0,0QA357431987#2250862024_13L88808Q11454726330Q20,Sione Vaki,,NFL,First TD Scorer,player_touchdown,,2200.0,,34118210,2026-09-13T17:00:00.0000000Z,,2026-09-09T14:58:03.081222+00:00,passing_tds+rushing_tds+receiving_tds,unsupported_market_first_scorer,,,,,,,,,,,,,
draftkings,34118210,357431987.0,0QA357431987#2250861303_13L88808Q11609051622Q20,Isaac TeSlaa,,NFL,First TD Scorer,player_touchdown,,2500.0,,34118210,2026-09-13T17:00:00.0000000Z,,2026-09-09T14:58:03.081222+00:00,passing_tds+rushing_tds+receiving_tds,unsupported_market_first_scorer,,,,,,,,,,,,,
draftkings,34118210,357431987.0,0QA357431987#2250863101_13L88808Q1-745613488Q20,Tyler Shough,,NFL,First TD Scorer,player_touchdown,,2500.0,,34118210,2026-09-13T17:00:00.0000000Z,,2026-09-09T14:58:03.081222+00:00,passing_tds+rushing_tds+receiving_tds,unsupported_market_first_scorer,,,,,,,,,,,,,
draftkings,34118210,357431987.0,0QA357431987#2251041170_13L88808Q1-1921044867Q20,Devaughn Vele,,NFL,First TD Scorer,player_touchdown,,2800.0,,34118210,2026-09-13T17:00:00.0000000Z,,2026-09-09T14:58:03.081222+00:00,passing_tds+rushing_tds+receiving_tds,unsupported_market_first_scorer,,,,,,,,,,,,,
draftkings,34118210,357431987.0,0QA357431987#2250862980_13L88808Q1-331917278Q20,Audric Estime,,NFL,First TD Scorer,player_touchdown,,3500.0,,34118210,2026-09-13T17:00:00.0000000Z,,2026-09-09T14:58:03.081222+00:00,,no_player_match,,,,,,,,,,,,,
draftkings,34118210,357431987.0,0QA357431987#2250863032_13L88808Q11766794700Q20,Kendre Miller,,NFL,First TD Scorer,player_touchdown,,3500.0,,34118210,2026-09-13T17:00:00.0000000Z,,2026-09-09T14:58:03.081222+00:00,passing_tds+rushing_tds+receiving_tds,unsupported_market_first_scorer,,,,,,,,,,,,,
draftkings,34118210,357431987.0,0QA357431987#2250863503_13L88808Q11861635155Q20,,DET Lions D/ST,NFL,First TD Scorer,player_touchdown,,3500.0,,34118210,2026-09-13T17:00:00.0000000Z,,2026-09-09T14:58:03.081222+00:00,,no_player_match,,,,,,,,,,,,,
draftkings,34118210,357431987.0,0QA357431987#2250863543_14L88808Q1-512876066Q20,,NO Saints D/ST,NFL,First TD Scorer,player_touchdown,,3500.0,,34118210,2026-09-13T17:00:00.0000000Z,,2026-09-09T14:58:03.081222+00:00,,no_player_match,,,,,,,,,,,,,
draftkings,34118210,357431987.0,0QA357431987#2250861169_13L88808Q1-1503282885Q20,Brock Wright,,NFL,First TD Scorer,player_touchdown,,5000.0,,34118210,2026-09-13T17:00:00.0000000Z,,2026-09-09T14:58:03.081222+00:00,passing_tds+rushing_tds+receiving_tds,unsupported_market_first_scorer,,,,,,,,,,,,,
draftkings,34118210,357431987.0,0QA357431987#2250863152_13L88808Q11499560782Q20,Noah Fant,,NFL,First TD Scorer,player_touchdown,,5500.0,,34118210,2026-09-13T17:00:00.0000000Z,,2026-09-09T14:58:03.081222+00:00,passing_tds+rushing_tds+receiving_tds,unsupported_market_first_scorer,,,,,,,,,,,,,
draftkings,34118210,357431987.0,0QA357431987#2251042941_13L88808Q1973486523Q20,Barion Brown,,NFL,First TD Scorer,player_touchdown,,5500.0,,34118210,2026-09-13T17:00:00.0000000Z,,2026-09-09T14:58:03.081222+00:00,,no_player_match,,,,,,,,,,,,,
draftkings,34118210,357431987.0,0QA357431987#2251042942_13L88808Q1-568667382Q20,Bryce Lance,,NFL,First TD Scorer,player_touchdown,,5500.0,,34118210,2026-09-13T17:00:00.0000000Z,,2026-09-09T14:58:03.081222+00:00,,no_player_match,,,,,,,,,,,,,
draftkings,34118210,357431987.0,0QA357431987#2250861467_13L88808Q12084981216Q20,Jared Goff,,NFL,First TD Scorer,player_touchdown,,7000.0,,34118210,2026-09-13T17:00:00.0000000Z,,2026-09-09T14:58:03.081222+00:00,passing_tds+rushing_tds+receiving_tds,unsupported_market_first_scorer,,,,,,,,,,,,,
draftkings,34118210,357431987.0,0QA357431987#2250861839_13L88808Q1-1661344686Q20,Tay Martin,,NFL,First TD Scorer,player_touchdown,,8000.0,,34118210,2026-09-13T17:00:00.0000000Z,,2026-09-09T14:58:03.081222+00:00,passing_tds+rushing_tds+receiving_tds,unsupported_market_first_scorer,,,,,,,,,,,,,
draftkings,34118210,357431987.0,0QA357431987#2250861614_13L88808Q11552969649Q20,Tyler Conklin,,NFL,First TD Scorer,player_touchdown,,10000.0,,34118210,2026-09-13T17:00:00.0000000Z,,2026-09-09T14:58:03.081222+00:00,passing_tds+rushing_tds+receiving_tds,unsupported_market_first_scorer,,,,,,,,,,,,,
draftkings,34118210,357431987.0,0QA357431987#2250862038_13L88808Q1624082736Q20,Jackson Meeks,,NFL,First TD Scorer,player_touchdown,,12000.0,,34118210,2026-09-13T17:00:00.0000000Z,,2026-09-09T14:58:03.081222+00:00,,no_player_match,,,,,,,,,,,,,
draftkings,34118210,357431987.0,0QA357431987#2235201413_13L88808Q1-1777442974Q20,,No Touchdown Scorer,NFL,First TD Scorer,player_touchdown,,16000.0,,34118210,2026-09-13T17:00:00.0000000Z,,2026-09-09T14:58:03.081222+00:00,,no_player_match,,,,,,,,,,,,,
draftkings,34118210,357431987.0,0QA357431987#2251044894_13L88808Q1-1849714380Q20,Oscar Delp,,NFL,First TD Scorer,player_touchdown,,16000.0,,34118210,2026-09-13T17:00:00.0000000Z,,2026-09-09T14:58:03.081222+00:00,,no_player_match,,,,,,,,,,,,,
draftkings,34118210,361397313.0,0QA361397313#2250875327_13L88808Q1-1471319780Q20,Jahmyr Gibbs,,NFL,Anytime TD Scorer,player_touchdown,,,,34118210,2026-09-13T17:00:00.0000000Z,,2026-09-09T14:58:03.081222+00:00,passing_tds+rushing_tds+receiving_tds,estimated,1.0588235294117647,0.79,17.0,,0.9244117647058824,,0.6032352585315752,,,,True,,
draftkings,34118210,361397313.0,0QA361397313#2250875351_13L88808Q11545031559Q20,Travis Etienne Jr.,,NFL,Anytime TD Scorer,player_touchdown,,,,34118210,2026-09-13T17:00:00.0000000Z,,2026-09-09T14:58:03.081222+00:00,passing_tds+rushing_tds+receiving_tds,estimated,0.7647058823529411,0.7200000000000001,17.0,,0.7423529411764707,,0.5240073857613583,,,,True,,
draftkings,34118210,361397313.0,0QA361397313#2250875329_13L88808Q1-1466210203Q20,Amon-Ra St. Brown,,NFL,Anytime TD Scorer,player_touchdown,,100.0,,34118210,2026-09-13T17:00:00.0000000Z,,2026-09-09T14:58:03.081222+00:00,passing_tds+rushing_tds+receiving_tds,estimated,0.6470588235294118,0.24,17.0,,0.4435294117647059,,0.358232642053835,,0.5,,True,-0.14176735794616502,
draftkings,34118210,361397313.0,0QA361397313#2250875349_13L88808Q1-1726186093Q20,Chris Olave,,NFL,Anytime TD Scorer,player_touchdown,,145.0,,34118210,2026-09-13T17:00:00.0000000Z,,2026-09-09T14:58:03.081222+00:00,passing_tds+rushing_tds+receiving_tds,estimated,0.5625,1.1300000000000001,16.0,,0.8462500000000001,,0.5709792530351243,,0.40816326530612246,,True,0.16281598772900185,
draftkings,34118210,361397313.0,0QA361397313#2250875332_13L88808Q1480222870Q20,Jameson Williams,,NFL,Anytime TD Scorer,player_touchdown,,180.0,,34118210,2026-09-13T17:00:00.0000000Z,,2026-09-09T14:58:03.081222+00:00,passing_tds+rushing_tds+receiving_tds,estimated,0.4117647058823529,0.12,17.0,,0.26588235294117646,,0.23347069788557806,,0.35714285714285715,,True,-0.12367215925727909,
draftkings,34118210,361397313.0,0QA361397313#2250875331_13L88808Q1472584472Q20,Sam LaPorta,,NFL,Anytime TD Scorer,player_touchdown,,185.0,,34118210,2026-09-13T17:00:00.0000000Z,,2026-09-09T14:58:03.081222+00:00,passing_tds+rushing_tds+receiving_tds,estimated,0.3333333333333333,0.45,9.0,,0.39166666666666666,,0.32407061379143154,,0.3508771929824561,,True,-0.026806579191024582,
draftkings,34118210,361397313.0,0QA361397313#2250875352_13L88808Q1873985604Q20,Juwan Johnson,,NFL,Anytime TD Scorer,player_touchdown,,250.0,,34118210,2026-09-13T17:00:00.0000000Z,,2026-09-09T14:58:03.081222+00:00,passing_tds+rushing_tds+receiving_tds,estimated,0.17647058823529413,0.0,17.0,,0.08823529411764706,,0.08445457107634469,,0.2857142857142857,,True,-0.201259714637941,
draftkings,34118210,361397313.0,0QA361397313#2250875343_13L88808Q1802415370Q20,Jacob Saylors,,NFL,Anytime TD Scorer,player_touchdown,,350.0,,34118210,2026-09-13T17:00:00.0000000Z,,2026-09-09T14:58:03.081222+00:00,passing_tds+rushing_tds+receiving_tds,estimated,0.0,0.0,11.0,,0.0,,9.999994999843054e-07,,0.2222222222222222,,True,-0.22222122222272223,
draftkings,34118210,361397313.0,0QA361397313#2250875356_13L88808Q144959304Q20,Tyler Shough,,NFL,Anytime TD Scorer,player_touchdown,,380.0,,34118210,2026-09-13T17:00:00.0000000Z,,2026-09-09T14:58:03.081222+00:00,passing_tds+rushing_tds+receiving_tds,estimated,1.1818181818181819,1.68,11.0,,1.430909090909091,,0.7609085324638964,,0.20833333333333334,,True,0.5525751991305631,
draftkings,34118210,361397313.0,0QA361397313#2251041117_13L88808Q1138922171Q20,Devaughn Vele,,NFL,Anytime TD Scorer,player_touchdown,,380.0,,34118210,2026-09-13T17:00:00.0000000Z,,2026-09-09T14:58:03.081222+00:00,passing_tds+rushing_tds+receiving_tds,estimated,0.2222222222222222,0.2,9.0,,0.2111111111111111,,0.1903159030166236,,0.20833333333333334,,True,-0.018017430316709743,
draftkings,34118210,361397313.0,0QA361397313#2250875341_13L88808Q1-1535713599Q20,Sione Vaki,,NFL,Anytime TD Scorer,player_touchdown,,425.0,,34118210,2026-09-13T17:00:00.0000000Z,,2026-09-09T14:58:03.081222+00:00,passing_tds+rushing_tds+receiving_tds,estimated,0.0,0.0,8.0,,0.0,,9.999994999843054e-07,,0.19047619047619047,,True,-0.19047519047669048,
draftkings,34118210,361397313.0,0QA361397313#2250875335_13L88808Q11283746776Q20,Isaac TeSlaa,,NFL,Anytime TD Scorer,player_touchdown,,475.0,,34118210,2026-09-13T17:00:00.0000000Z,,2026-09-09T14:58:03.081222+00:00,passing_tds+rushing_tds+receiving_tds,estimated,0.42857142857142855,0.53,14.0,,0.4792857142857143,,0.380774462166358,,0.17391304347826086,,True,0.20686141868809715,
draftkings,34118210,361397313.0,0QA361397313#2250875355_13L88808Q1-403572542Q20,Kendre Miller,,NFL,Anytime TD Scorer,player_touchdown,,500.0,,34118210,2026-09-13T17:00:00.0000000Z,,2026-09-09T14:58:03.081222+00:00,passing_tds+rushing_tds+receiving_tds,estimated,0.14285714285714285,0.12,7.0,,0.13142857142857142,,0.12315809553438684,,0.16666666666666666,,True,-0.04350857113227982,
draftkings,34118210,361397313.0,0QA361397313#2250875364_13L88808Q1-1795313339Q20,,DET Lions D/ST,NFL,Anytime TD Scorer,player_touchdown,,500.0,,34118210,2026-09-13T17:00:00.0000000Z,,2026-09-09T14:58:03.081222+00:00,,no_player_match,,,,,,,,,,,,,
draftkings,34118210,361397313.0,0QA361397313#2250875354_13L88808Q1214033643Q20,Audric Estime,,NFL,Anytime TD Scorer,player_touchdown,,550.0,,34118210,2026-09-13T17:00:00.0000000Z,,2026-09-09T14:58:03.081222+00:00,,no_player_match,,,,,,,,,,,,,
draftkings,34118210,361397313.0,0QA361397313#2250875365_14L88808Q1-738260910Q20,,NO Saints D/ST,NFL,Anytime TD Scorer,player_touchdown,,650.0,,34118210,2026-09-13T17:00:00.0000000Z,,2026-09-09T14:58:03.081222+00:00,,no_player_match,,,,,,,,,,,,,
draftkings,34118210,361397313.0,0QA361397313#2250875357_13L88808Q11213714519Q20,Noah Fant,,NFL,Anytime TD Scorer,player_touchdown,,900.0,,34118210,2026-09-13T17:00:00.0000000Z,,2026-09-09T14:58:03.081222+00:00,passing_tds+rushing_tds+receiving_tds,estimated,0.23076923076923078,0.0,13.0,,0.11538461538461539,,0.10897662330444369,,0.1,,True,0.008976623304443682,
draftkings,34118210,361397313.0,0QA361397313#2251042857_13L88808Q11438391772Q20,Bryce Lance,,NFL,Anytime TD Scorer,player_touchdown,,900.0,,34118210,2026-09-13T17:00:00.0000000Z,,2026-09-09T14:58:03.081222+00:00,,no_player_match,,,,,,,,,,,,,
draftkings,34118210,361397313.0,0QA361397313#2251042855_13L88808Q11364081968Q20,Barion Brown,,NFL,Anytime TD Scorer,player_touchdown,,950.0,,34118210,2026-09-13T17:00:00.0000000Z,,2026-09-09T14:58:03.081222+00:00,,no_player_match,,,,,,,,,,,,,
draftkings,34118210,361397313.0,0QA361397313#2250875333_13L88808Q1779951428Q20,Brock Wright,,NFL,Anytime TD Scorer,player_touchdown,,1100.0,,34118210,2026-09-13T17:00:00.0000000Z,,2026-09-09T14:58:03.081222+00:00,passing_tds+rushing_tds+receiving_tds,estimated,0.25,0.0,8.0,,0.125,,0.11750309741540454,,0.08333333333333333,,True,0.034169764082071216,
draftkings,34118210,361397313.0,0QA361397313#2250875338_13L88808Q1-1536694295Q20,Tay Martin,,NFL,Anytime TD Scorer,player_touchdown,,1400.0,,34118210,2026-09-13T17:00:00.0000000Z,,2026-09-09T14:58:03.081222+00:00,passing_tds+rushing_tds+receiving_tds,estimated,0.0,0.0,2.0,,0.0,,9.999994999843054e-07,,0.06666666666666667,,True,-0.06666566666716668,
draftkings,34118210,361397313.0,0QA361397313#2250875342_13L88808Q1-966851995Q20,Jackson Meeks,,NFL,Anytime TD Scorer,player_touchdown,,1400.0,,34118210,2026-09-13T17:00:00.0000000Z,,2026-09-09T14:58:03.081222+00:00,,no_player_match,,,,,,,,,,,,,
draftkings,34118210,361397313.0,0QA361397313#2250875292_13L88808Q1-1939996255Q20,Jared Goff,,NFL,Anytime TD Scorer,player_touchdown,,1500.0,,34118210,2026-09-13T17:00:00.0000000Z,,2026-09-09T14:58:03.081222+00:00,passing_tds+rushing_tds+receiving_tds,estimated,2.0,1.6400000000000001,17.0,,1.82,,0.8379742490661193,,0.0625,,True,0.7754742490661193,
draftkings,34118210,361397313.0,0QA361397313#2250875336_13L88808Q11453791887Q20,Tyler Conklin,,NFL,Anytime TD Scorer,player_touchdown,,1500.0,,34118210,2026-09-13T17:00:00.0000000Z,,2026-09-09T14:58:03.081222+00:00,passing_tds+rushing_tds+receiving_tds,estimated,0.0,0.0,6.0,,0.0,,9.999994999843054e-07,,0.0625,,True,-0.062499000000500016,
draftkings,34118210,361397313.0,0QA361397313#2251042859_13L88808Q12065808625Q20,Oscar Delp,,NFL,Anytime TD Scorer,player_touchdown,,1900.0,,34118210,2026-09-13T17:00:00.0000000Z,,2026-09-09T14:58:03.081222+00:00,,no_player_match,,,,,,,,,,,,,
draftkings,34118210,363177179.0,0QA363177179#2258089975_13L88808Q11455054237Q20,Jahmyr Gibbs,,NFL,2+ TDs,player_touchdown,,175.0,,34118210,2026-09-13T17:00:00.0000000Z,,2026-09-09T14:58:03.081222+00:00,passing_tds+rushing_tds+receiving_tds,estimated,1.0588235294117647,0.79,17.0,,0.9244117647058824,,0.23646126369767545,,0.36363636363636365,,True,-0.1271750999386882,
draftkings,34118210,363177179.0,0QA363177179#2258089988_13L88808Q1-845714904Q20,Travis Etienne Jr.,,NFL,2+ TDs,player_touchdown,,500.0,,34118210,2026-09-13T17:00:00.0000000Z,,2026-09-09T14:58:03.081222+00:00,passing_tds+rushing_tds+receiving_tds,estimated,0.7647058823529411,0.7200000000000001,17.0,,0.7423529411764707,,0.17065286860302536,,0.16666666666666666,,True,0.0039862019363587076,
draftkings,34118210,363177179.0,0QA363177179#2258089976_13L88808Q176672589Q20,Amon-Ra St. Brown,,NFL,2+ TDs,player_touchdown,,650.0,,34118210,2026-09-13T17:00:00.0000000Z,,2026-09-09T14:58:03.081222+00:00,passing_tds+rushing_tds+receiving_tds,estimated,0.6470588235294118,0.24,17.0,,0.4435294117647059,,0.07358994329418295,,0.13333333333333333,,True,-0.059743390039150385,
draftkings,34118210,363177179.0,0QA363177179#2258089990_13L88808Q12022577872Q20,Chris Olave,,NFL,2+ TDs,player_touchdown,,1100.0,,34118210,2026-09-13T17:00:00.0000000Z,,2026-09-09T14:58:03.081222+00:00,passing_tds+rushing_tds+receiving_tds,estimated,0.5625,1.1300000000000001,16.0,,0.8462500000000001,,0.20792044591609826,,0.08333333333333333,,True,0.12458711258276493,
draftkings,34118210,363177179.0,0QA363177179#2258089978_13L88808Q1-106544391Q20,Jameson Williams,,NFL,2+ TDs,player_touchdown,,1300.0,,34118210,2026-09-13T17:00:00.0000000Z,,2026-09-09T14:58:03.081222+00:00,passing_tds+rushing_tds+receiving_tds,estimated,0.4117647058823529,0.12,17.0,,0.26588235294117646,,0.02966408344103766,,0.07142857142857142,,True,-0.041764487987533766,
draftkings,34118210,363177179.0,0QA363177179#2258089977_13L88808Q1-558374750Q20,Sam LaPorta,,NFL,2+ TDs,player_touchdown,,1400.0,,34118210,2026-09-13T17:00:00.0000000Z,,2026-09-09T14:58:03.081222+00:00,passing_tds+rushing_tds+receiving_tds,estimated,0.3333333333333333,0.45,9.0,,0.39166666666666666,,0.05933160419307554,,0.06666666666666667,,True,-0.007335062473591128,
draftkings,34118210,363177179.0,0QA363177179#2258089991_13L88808Q1-1463828113Q20,Juwan Johnson,,NFL,2+ TDs,player_touchdown,,2500.0,,34118210,2026-09-13T17:00:00.0000000Z,,2026-09-09T14:58:03.081222+00:00,passing_tds+rushing_tds+receiving_tds,estimated,0.17647058823529413,0.0,17.0,,0.08823529411764706,,0.003671150877198631,,0.038461538461538464,,True,-0.03479038758433983,
draftkings,34118210,363177179.0,0QA363177179#2258089982_13L88808Q1-784979080Q20,Jacob Saylors,,NFL,2+ TDs,player_touchdown,,3000.0,,34118210,2026-09-13T17:00:00.0000000Z,,2026-09-09T14:58:03.081222+00:00,passing_tds+rushing_tds+receiving_tds,estimated,0.0,0.0,11.0,,0.0,,4.999838054850042e-13,,0.03225806451612903,,True,-0.03225806451562905,
draftkings,34118210,363177179.0,0QA363177179#2258089992_13L88808Q1-1344177905Q20,Devaughn Vele,,NFL,2+ TDs,player_touchdown,,4000.0,,34118210,2026-09-13T17:00:00.0000000Z,,2026-09-09T14:58:03.081222+00:00,passing_tds+rushing_tds+receiving_tds,estimated,0.2222222222222222,0.2,9.0,,0.2111111111111111,,0.019382593653466368,,0.024390243902439025,,True,-0.005007650248972657,
draftkings,34118210,363177179.0,0QA363177179#2258089993_13L88808Q1-1801413616Q20,Tyler Shough,,NFL,2+ TDs,player_touchdown,,4000.0,,34118210,2026-09-13T17:00:00.0000000Z,,2026-09-09T14:58:03.081222+00:00,passing_tds+rushing_tds+receiving_tds,estimated,1.1818181818181819,1.68,11.0,,1.430909090909091,,0.4187903780076901,,0.024390243902439025,,True,0.39440013410525104,
draftkings,34118210,363177179.0,0QA363177179#2258089984_13L88808Q11961193565Q20,Sione Vaki,,NFL,2+ TDs,player_touchdown,,4500.0,,34118210,2026-09-13T17:00:00.0000000Z,,2026-09-09T14:58:03.081222+00:00,passing_tds+rushing_tds+receiving_tds,estimated,0.0,0.0,8.0,,0.0,,4.999838054850042e-13,,0.021739130434782608,,True,-0.021739130434282623,
draftkings,34118210,363177179.0,0QA363177179#2258090000_13L88808Q1-1191404940Q20,,DET Lions D/ST,NFL,2+ TDs,player_touchdown,,5000.0,,34118210,2026-09-13T17:00:00.0000000Z,,2026-09-09T14:58:03.081222+00:00,,no_player_match,,,,,,,,,,,,,
draftkings,34118210,363177179.0,0QA363177179#2258089979_13L88808Q1-2063073039Q20,Isaac TeSlaa,,NFL,2+ TDs,player_touchdown,,5500.0,,34118210,2026-09-13T17:00:00.0000000Z,,2026-09-09T14:58:03.081222+00:00,passing_tds+rushing_tds+receiving_tds,estimated,0.42857142857142855,0.53,14.0,,0.4792857142857143,,0.08398850796180529,,0.017857142857142856,,True,0.06613136510466244,
draftkings,34118210,363177179.0,0QA363177179#2258089998_13L88808Q1-2129732593Q20,Kendre Miller,,NFL,2+ TDs,player_touchdown,,6000.0,,34118210,2026-09-13T17:00:00.0000000Z,,2026-09-09T14:58:03.081222+00:00,passing_tds+rushing_tds+receiving_tds,estimated,0.14285714285714285,0.12,7.0,,0.13142857142857142,,0.007916016661763392,,0.01639344262295082,,True,-0.008477425961187428,
draftkings,34118210,363177179.0,0QA363177179#2271259673_13L88808Q11659488704Q20,Audric Estime,,NFL,2+ TDs,player_touchdown,,6500.0,,34118210,2026-09-13T17:00:00.0000000Z,,2026-09-09T14:58:03.081222+00:00,,no_player_match,,,,,,,,,,,,,
draftkings,34118210,363177179.0,0QA363177179#2258090001_14L88808Q1-2049753154Q20,,NO Saints D/ST,NFL,2+ TDs,player_touchdown,,7500.0,,34118210,2026-09-13T17:00:00.0000000Z,,2026-09-09T14:58:03.081222+00:00,,no_player_match,,,,,,,,,,,,,
draftkings,34118210,363177179.0,0QA363177179#2258089996_13L88808Q1-1820980056Q20,Bryce Lance,,NFL,2+ TDs,player_touchdown,,11000.0,,34118210,2026-09-13T17:00:00.0000000Z,,2026-09-09T14:58:03.081222+00:00,,no_player_match,,,,,,,,,,,,,
draftkings,34118210,363177179.0,0QA363177179#2258089997_13L88808Q1669299964Q20,Noah Fant,,NFL,2+ TDs,player_touchdown,,12000.0,,34118210,2026-09-13T17:00:00.0000000Z,,2026-09-09T14:58:03.081222+00:00,passing_tds+rushing_tds+receiving_tds,estimated,0.23076923076923078,0.0,13.0,,0.11538461538461539,,0.00616623368572565,,0.008264462809917356,,True,-0.0020982291241917056,
draftkings,34118210,363177179.0,0QA363177179#2258089994_13L88808Q1-1243827761Q20,Barion Brown,,NFL,2+ TDs,player_touchdown,,14000.0,,34118210,2026-09-13T17:00:00.0000000Z,,2026-09-09T14:58:03.081222+00:00,,no_player_match,,,,,,,,,,,,,
draftkings,34118210,363177179.0,0QA363177179#2258089980_13L88808Q1-259936931Q20,Brock Wright,,NFL,2+ TDs,player_touchdown,,18000.0,,34118210,2026-09-13T17:00:00.0000000Z,,2026-09-09T14:58:03.081222+00:00,passing_tds+rushing_tds+receiving_tds,estimated,0.25,0.0,8.0,,0.125,,0.007190984592330113,,0.0055248618784530384,,True,0.0016661227138770746,
draftkings,34118210,363177179.0,0QA363177179#2258089983_13L88808Q1398394097Q20,Jared Goff,,NFL,2+ TDs,player_touchdown,,18000.0,,34118210,2026-09-13T17:00:00.0000000Z,,2026-09-09T14:58:03.081222+00:00,passing_tds+rushing_tds+receiving_tds,estimated,2.0,1.6400000000000001,17.0,,1.82,,0.5430873823664564,,0.0055248618784530384,,True,0.5375625204880033,
draftkings,34118210,363177179.0,0QA363177179#2271866662_13L88808Q1861976401Q20,Tay Martin,,NFL,2+ TDs,player_touchdown,,20000.0,,34118210,2026-09-13T17:00:00.0000000Z,,2026-09-09T14:58:03.081222+00:00,passing_tds+rushing_tds+receiving_tds,estimated,0.0,0.0,2.0,,0.0,,4.999838054850042e-13,,0.004975124378109453,,True,-0.004975124377609469,
draftkings,34118210,363177179.0,0QA363177179#2275823762_13L88808Q1-2109234175Q20,Jackson Meeks,,NFL,2+ TDs,player_touchdown,,20000.0,,34118210,2026-09-13T17:00:00.0000000Z,,2026-09-09T14:58:03.081222+00:00,,no_player_match,,,,,,,,,,,,,
draftkings,34118210,363177179.0,0QA363177179#2258089985_13L88808Q1-68127598Q20,Tyler Conklin,,NFL,2+ TDs,player_touchdown,,20000.0,,34118210,2026-09-13T17:00:00.0000000Z,,2026-09-09T14:58:03.081222+00:00,passing_tds+rushing_tds+receiving_tds,estimated,0.0,0.0,6.0,,0.0,,4.999838054850042e-13,,0.004975124378109453,,True,-0.004975124377609469,
draftkings,34118210,363177179.0,0QA363177179#2258100737_13L88808Q11410418829Q20,Oscar Delp,,NFL,2+ TDs,player_touchdown,,25000.0,,34118210,2026-09-13T17:00:00.0000000Z,,2026-09-09T14:58:03.081222+00:00,,no_player_match,,,,,,,,,,,,,
draftkings,34118250,357426984.0,0QA357426984#2253295693_13L88808Q1-1660181573Q20,Bhayshul Tuten,,NFL,First TD Scorer,player_touchdown,,650.0,,34118250,2026-09-13T17:00:00.0000000Z,,2026-09-09T14:58:03.081222+00:00,passing_tds+rushing_tds+receiving_tds,unsupported_market_first_scorer,,,,,,,,,,,,,
draftkings,34118250,357426984.0,0QA357426984#2253295582_13L88808Q12068895527Q20,Chris Rodriguez Jr.,,NFL,First TD Scorer,player_touchdown,,800.0,,34118250,2026-09-13T17:00:00.0000000Z,,2026-09-09T14:58:03.081222+00:00,passing_tds+rushing_tds+receiving_tds,unsupported_market_first_scorer,,,,,,,,,,,,,
draftkings,34118250,357426984.0,0QA357426984#2253295935_13L88808Q11220235415Q20,Parker Washington,,NFL,First TD Scorer,player_touchdown,,850.0,,34118250,2026-09-13T17:00:00.0000000Z,,2026-09-09T14:58:03.081222+00:00,passing_tds+rushing_tds+receiving_tds,unsupported_market_first_scorer,,,,,,,,,,,,,
draftkings,34118250,357426984.0,0QA357426984#2253296496_13L88808Q1574465823Q20,Quinshon Judkins,,NFL,First TD Scorer,player_touchdown,,850.0,,34118250,2026-09-13T17:00:00.0000000Z,,2026-09-09T14:58:03.081222+00:00,passing_tds+rushing_tds+receiving_tds,unsupported_market_first_scorer,,,,,,,,,,,,,
draftkings,34118250,357426984.0,0QA357426984#2253295816_13L88808Q1681839508Q20,Jakobi Meyers,,NFL,First TD Scorer,player_touchdown,,1000.0,,34118250,2026-09-13T17:00:00.0000000Z,,2026-09-09T14:58:03.081222+00:00,passing_tds+rushing_tds+receiving_tds,unsupported_market_first_scorer,,,,,,,,,,,,,
draftkings,34118250,357426984.0,0QA357426984#2253295623_13L88808Q1-547766960Q20,Trevor Lawrence,,NFL,First TD Scorer,player_touchdown,,1100.0,,34118250,2026-09-13T17:00:00.0000000Z,,2026-09-09T14:58:03.081222+00:00,passing_tds+rushing_tds+receiving_tds,unsupported_market_first_scorer,,,,,,,,,,,,,
draftkings,34118250,357426984.0,0QA357426984#2253295866_13L88808Q1-412880544Q20,Brenton Strange,,NFL,First TD Scorer,player_touchdown,,1100.0,,34118250,2026-09-13T17:00:00.0000000Z,,2026-09-09T14:58:03.081222+00:00,passing_tds+rushing_tds+receiving_tds,unsupported_market_first_scorer,,,,,,,,,,,,,
draftkings,34118250,357426984.0,0QA357426984#2253295738_13L88808Q12045289269Q20,Brian Thomas Jr.,,NFL,First TD Scorer,player_touchdown,,1200.0,,34118250,2026-09-13T17:00:00.0000000Z,,2026-09-09T14:58:03.081222+00:00,passing_tds+rushing_tds+receiving_tds,unsupported_market_first_scorer,,,,,,,,,,,,,
draftkings,34118250,357426984.0,0QA357426984#2253296703_13L88808Q11474690321Q20,Harold Fannin Jr.,,NFL,First TD Scorer,player_touchdown,,1700.0,,34118250,2026-09-13T17:00:00.0000000Z,,2026-09-09T14:58:03.081222+00:00,passing_tds+rushing_tds+receiving_tds,unsupported_market_first_scorer,,,,,,,,,,,,,
draftkings,34118250,357426984.0,0QA357426984#2253296784_13L88808Q1-1126728753Q20,Jerry Jeudy,,NFL,First TD Scorer,player_touchdown,,2200.0,,34118250,2026-09-13T17:00:00.0000000Z,,2026-09-09T14:58:03.081222+00:00,passing_tds+rushing_tds+receiving_tds,unsupported_market_first_scorer,,,,,,,,,,,,,
draftkings,34118250,357426984.0,0QA357426984#2253297850_13L88808Q11608123809Q20,,JAX Jaguars D/ST,NFL,First TD Scorer,player_touchdown,,2200.0,,34118250,2026-09-13T17:00:00.0000000Z,,2026-09-09T14:58:03.081222+00:00,,no_player_match,,,,,,,,,,,,,
draftkings,34118250,357426984.0,0QA357426984#2255941281_13L88808Q1-1350600953Q20,Denzel Boston,,NFL,First TD Scorer,player_touchdown,,2200.0,,34118250,2026-09-13T17:00:00.0000000Z,,2026-09-09T14:58:03.081222+00:00,,no_player_match,,,,,,,,,,,,,
draftkings,34118250,357426984.0,0QA357426984#2258386418_13L88808Q11965821720Q20,KC Concepcion,,NFL,First TD Scorer,player_touchdown,,2200.0,,34118250,2026-09-13T17:00:00.0000000Z,,2026-09-09T14:58:03.081222+00:00,,no_player_match,,,,,,,,,,,,,
draftkings,34118250,357426984.0,0QA357426984#2253297881_14L88808Q1-124386066Q20,,CLE Browns D/ST,NFL,First TD Scorer,player_touchdown,,2500.0,,34118250,2026-09-13T17:00:00.0000000Z,,2026-09-09T14:58:03.081222+00:00,,no_player_match,,,,,,,,,,,,,
draftkings,34118250,357426984.0,0QA357426984#2256093526_13L88808Q1-810802905Q20,Deshaun Watson,,NFL,First TD Scorer,player_touchdown,,3000.0,,34118250,2026-09-13T17:00:00.0000000Z,,2026-09-09T14:58:03.081222+00:00,,no_player_match,,,,,,,,,,,,,
draftkings,34118250,357426984.0,0QA357426984#2253295921_13L88808Q1-1949955777Q20,Travis Hunter,,NFL,First TD Scorer,player_touchdown,,3500.0,,34118250,2026-09-13T17:00:00.0000000Z,,2026-09-09T14:58:03.081222+00:00,passing_tds+rushing_tds+receiving_tds,unsupported_market_first_scorer,,,,,,,,,,,,,
draftkings,34118250,357426984.0,0QA357426984#2253296992_13L88808Q1-1693422900Q20,Dylan Sampson,,NFL,First TD Scorer,player_touchdown,,3500.0,,34118250,2026-09-13T17:00:00.0000000Z,,2026-09-09T14:58:03.081222+00:00,passing_tds+rushing_tds+receiving_tds,unsupported_market_first_scorer,,,,,,,,,,,,,
draftkings,34118250,357426984.0,0QA357426984#2253296009_13L88808Q11563889571Q20,Ameer Abdullah,,NFL,First TD Scorer,player_touchdown,,4000.0,,34118250,2026-09-13T17:00:00.0000000Z,,2026-09-09T14:58:03.081222+00:00,passing_tds+rushing_tds+receiving_tds,unsupported_market_first_scorer,,,,,,,,,,,,,
draftkings,34118250,357426984.0,0QA357426984#2256119977_13L88808Q11924402964Q20,Nate Boerkircher,,NFL,First TD Scorer,player_touchdown,,4000.0,,34118250,2026-09-13T17:00:00.0000000Z,,2026-09-09T14:58:03.081222+00:00,,no_player_match,,,,,,,,,,,,,
draftkings,34118250,357426984.0,0QA357426984#2253297194_13L88808Q1864074685Q20,Isaiah Bond,,NFL,First TD Scorer,player_touchdown,,6000.0,,34118250,2026-09-13T17:00:00.0000000Z,,2026-09-09T14:58:03.081222+00:00,passing_tds+rushing_tds+receiving_tds,unsupported_market_first_scorer,,,,,,,,,,,,,
draftkings,34118250,357426984.0,0QA357426984#2256119979_13L88808Q11338952608Q20,Josh Cameron,,NFL,First TD Scorer,player_touchdown,,7000.0,,34118250,2026-09-13T17:00:00.0000000Z,,2026-09-09T14:58:03.081222+00:00,,no_player_match,,,,,,,,,,,,,
draftkings,34118250,357426984.0,0QA357426984#2235183926_13L88808Q1-1777442974Q20,,No Touchdown Scorer,NFL,First TD Scorer,player_touchdown,,7500.0,,34118250,2026-09-13T17:00:00.0000000Z,,2026-09-09T14:58:03.081222+00:00,,no_player_match,,,,,,,,,,,,,
draftkings,34118250,357426984.0,0QA357426984#2256119976_13L88808Q1-1929096239Q20,Tanner Koziol,,NFL,First TD Scorer,player_touchdown,,8000.0,,34118250,2026-09-13T17:00:00.0000000Z,,2026-09-09T14:58:03.081222+00:00,,no_player_match,,,,,,,,,,,,,
draftkings,34118250,357426984.0,0QA357426984#2256119978_13L88808Q1-636588977Q20,CJ Williams,,NFL,First TD Scorer,player_touchdown,,8000.0,,34118250,2026-09-13T17:00:00.0000000Z,,2026-09-09T14:58:03.081222+00:00,,no_player_match,,,,,,,,,,,,,
draftkings,34118250,357426984.0,0QA357426984#2253296593_13L88808Q1-736183787Q20,Raheim Sanders,,NFL,First TD Scorer,player_touchdown,,9000.0,,34118250,2026-09-13T17:00:00.0000000Z,,2026-09-09T14:58:03.081222+00:00,passing_tds+rushing_tds+receiving_tds,unsupported_market_first_scorer,,,,,,,,,,,,,
draftkings,34118250,357426984.0,0QA357426984#2253297594_13L88808Q11791670228Q20,Blake Whiteheart,,NFL,First TD Scorer,player_touchdown,,10000.0,,34118250,2026-09-13T17:00:00.0000000Z,,2026-09-09T14:58:03.081222+00:00,passing_tds+rushing_tds+receiving_tds,unsupported_market_first_scorer,,,,,,,,,,,,,
draftkings,34118250,357426984.0,0QA357426984#2253297184_13L88808Q11286480219Q20,Malachi Corley,,NFL,First TD Scorer,player_touchdown,,11000.0,,34118250,2026-09-13T17:00:00.0000000Z,,2026-09-09T14:58:03.081222+00:00,passing_tds+rushing_tds+receiving_tds,unsupported_market_first_scorer,,,,,,,,,,,,,
draftkings,34118250,357426984.0,0QA357426984#2253296221_13L88808Q1751672276Q20,Quintin Morris,,NFL,First TD Scorer,player_touchdown,,12000.0,,34118250,2026-09-13T17:00:00.0000000Z,,2026-09-09T14:58:03.081222+00:00,passing_tds+rushing_tds+receiving_tds,unsupported_market_first_scorer,,,,,,,,,,,,,
draftkings,34118250,357426984.0,0QA357426984#2253297320_13L88808Q1-442171469Q20,Tylan Wallace,,NFL,First TD Scorer,player_touchdown,,13000.0,,34118250,2026-09-13T17:00:00.0000000Z,,2026-09-09T14:58:03.081222+00:00,passing_tds+rushing_tds+receiving_tds,unsupported_market_first_scorer,,,,,,,,,,,,,
draftkings,34118250,357426984.0,0QA357426984#2256101877_13L88808Q11126324251Q20,Carsen Ryan,,NFL,First TD Scorer,player_touchdown,,13000.0,,34118250,2026-09-13T17:00:00.0000000Z,,2026-09-09T14:58:03.081222+00:00,,no_player_match,,,,,,,,,,,,,
draftkings,34118250,357426984.0,0QA357426984#2253297670_13L88808Q1703533067Q20,Michael Burton,,NFL,First TD Scorer,player_touchdown,,16000.0,,34118250,2026-09-13T17:00:00.0000000Z,,2026-09-09T14:58:03.081222+00:00,,no_player_match,,,,,,,,,,,,,
draftkings,34118250,362382884.0,0QA362382884#2254729946_13L88808Q11230695518Q20,Bhayshul Tuten,,NFL,Anytime TD Scorer,player_touchdown,,135.0,,34118250,2026-09-13T17:00:00.0000000Z,,2026-09-09T14:58:03.081222+00:00,passing_tds+rushing_tds+receiving_tds,estimated,0.4666666666666667,0.72,15.0,,0.5933333333333333,,0.4475173967041721,,0.425531914893617,,True,0.021985481810555096,
draftkings,34118250,362382884.0,0QA362382884#2254729961_13L88808Q1-1895349765Q20,Quinshon Judkins,,NFL,Anytime TD Scorer,player_touchdown,,165.0,,34118250,2026-09-13T17:00:00.0000000Z,,2026-09-09T14:58:03.081222+00:00,passing_tds+rushing_tds+receiving_tds,estimated,0.5,0.16,14.0,,0.33,,0.28107626656807383,,0.37735849056603776,,True,-0.09628222399796393,
draftkings,34118250,362382884.0,0QA362382884#2254729945_13L88808Q11137102484Q20,Chris Rodriguez Jr.,,NFL,Anytime TD Scorer,player_touchdown,,170.0,,34118250,2026-09-13T17:00:00.0000000Z,,2026-09-09T14:58:03.081222+00:00,passing_tds+rushing_tds+receiving_tds,estimated,0.5,0.72,12.0,,0.61,,0.4566491309255002,,0.37037037037037035,,True,0.08627876055512984,
draftkings,34118250,362382884.0,0QA362382884#2254729951_13L88808Q1-849064763Q20,Parker Washington,,NFL,Anytime TD Scorer,player_touchdown,,190.0,,34118250,2026-09-13T17:00:00.0000000Z,,2026-09-09T14:58:03.081222+00:00,passing_tds+rushing_tds+receiving_tds,estimated,0.3125,0.55,16.0,,0.43125,,0.35030353364654543,,0.3448275862068966,,True,0.005475947439648854,
draftkings,34118250,362382884.0,0QA362382884#2254729903_13L88808Q1-1192653454Q20,Trevor Lawrence,,NFL,Anytime TD Scorer,player_touchdown,,240.0,,34118250,2026-09-13T17:00:00.0000000Z,,2026-09-09T14:58:03.081222+00:00,passing_tds+rushing_tds+receiving_tds,estimated,2.235294117647059,3.2299999999999995,17.0,,2.732647058823529,,0.934953121336345,,0.29411764705882354,,True,0.6408354742775215,
draftkings,34118250,362382884.0,0QA362382884#2254729948_13L88808Q1-992648746Q20,Jakobi Meyers,,NFL,Anytime TD Scorer,player_touchdown,,240.0,,34118250,2026-09-13T17:00:00.0000000Z,,2026-09-09T14:58:03.081222+00:00,passing_tds+rushing_tds+receiving_tds,estimated,0.1875,0.08,16.0,,0.13375,,0.1251912605472979,,0.29411764705882354,,True,-0.16892638651152564,
draftkings,34118250,362382884.0,0QA362382884#2254729949_13L88808Q1-1393332464Q20,Brenton Strange,,NFL,Anytime TD Scorer,player_touchdown,,250.0,,34118250,2026-09-13T17:00:00.0000000Z,,2026-09-09T14:58:03.081222+00:00,passing_tds+rushing_tds+receiving_tds,estimated,0.25,0.55,12.0,,0.4,,0.3296799539643607,,0.2857142857142857,,True,0.043965668250074974,
draftkings,34118250,362382884.0,0QA362382884#2254729947_13L88808Q1-271780635Q20,Brian Thomas Jr.,,NFL,Anytime TD Scorer,player_touchdown,,270.0,,34118250,2026-09-13T17:00:00.0000000Z,,2026-09-09T14:58:03.081222+00:00,passing_tds+rushing_tds+receiving_tds,estimated,0.21428571428571427,0.12,14.0,,0.16714285714285715,,0.15392126568729547,,0.2702702702702703,,True,-0.11634900458297481,
draftkings,34118250,362382884.0,0QA362382884#2254729962_13L88808Q1466829631Q20,Harold Fannin Jr.,,NFL,Anytime TD Scorer,player_touchdown,,320.0,,34118250,2026-09-13T17:00:00.0000000Z,,2026-09-09T14:58:03.081222+00:00,passing_tds+rushing_tds+receiving_tds,estimated,0.4375,1.05,16.0,,0.74375,,0.5246719111444067,,0.23809523809523808,,True,0.2865766730491686,
draftkings,34118250,362382884.0,0QA362382884#2254729963_13L88808Q1526503198Q20,Jerry Jeudy,,NFL,Anytime TD Scorer,player_touchdown,,450.0,,34118250,2026-09-13T17:00:00.0000000Z,,2026-09-09T14:58:03.081222+00:00,passing_tds+rushing_tds+receiving_tds,estimated,0.11764705882352941,0.08,17.0,,0.0988235294117647,,0.09409744092388694,,0.18181818181818182,,True,-0.08772074089429488,
draftkings,34118250,362382884.0,0QA362382884#2254729974_13L88808Q1-1879342799Q20,,JAX Jaguars D/ST,NFL,Anytime TD Scorer,player_touchdown,,450.0,,34118250,2026-09-13T17:00:00.0000000Z,,2026-09-09T14:58:03.081222+00:00,,no_player_match,,,,,,,,,,,,,
draftkings,34118250,362382884.0,0QA362382884#2255941310_13L88808Q1-1280421193Q20,Denzel Boston,,NFL,Anytime TD Scorer,player_touchdown,,450.0,,34118250,2026-09-13T17:00:00.0000000Z,,2026-09-09T14:58:03.081222+00:00,,no_player_match,,,,,,,,,,,,,
draftkings,34118250,362382884.0,0QA362382884#2258386432_13L88808Q1254821704Q20,KC Concepcion,,NFL,Anytime TD Scorer,player_touchdown,,475.0,,34118250,2026-09-13T17:00:00.0000000Z,,2026-09-09T14:58:03.081222+00:00,,no_player_match,,,,,,,,,,,,,
draftkings,34118250,362382884.0,0QA362382884#2254729975_14L88808Q11303327976Q20,,CLE Browns D/ST,NFL,Anytime TD Scorer,player_touchdown,,600.0,,34118250,2026-09-13T17:00:00.0000000Z,,2026-09-09T14:58:03.081222+00:00,,no_player_match,,,,,,,,,,,,,
draftkings,34118250,362382884.0,0QA362382884#2256093597_13L88808Q1184390672Q20,Deshaun Watson,,NFL,Anytime TD Scorer,player_touchdown,,600.0,,34118250,2026-09-13T17:00:00.0000000Z,,2026-09-09T14:58:03.081222+00:00,,no_player_match,,,,,,,,,,,,,
draftkings,34118250,362382884.0,0QA362382884#2254729965_13L88808Q11127564074Q20,Dylan Sampson,,NFL,Anytime TD Scorer,player_touchdown,,700.0,,34118250,2026-09-13T17:00:00.0000000Z,,2026-09-09T14:58:03.081222+00:00,passing_tds+rushing_tds+receiving_tds,estimated,0.13333333333333333,0.08,15.0,,0.10666666666666666,,0.10117476852839113,,0.125,,True,-0.023825231471608865,
draftkings,34118250,362382884.0,0QA362382884#2254729950_13L88808Q1-458881524Q20,Travis Hunter,,NFL,Anytime TD Scorer,player_touchdown,,850.0,,34118250,2026-09-13T17:00:00.0000000Z,,2026-09-09T14:58:03.081222+00:00,passing_tds+rushing_tds+receiving_tds,estimated,0.14285714285714285,0.35,7.0,,0.2464285714285714,,0.21841281280056424,,0.10526315789473684,,True,0.1131496549058274,
draftkings,34118250,362382884.0,0QA362382884#2254729952_13L88808Q1352353478Q20,Ameer Abdullah,,NFL,Anytime TD Scorer,player_touchdown,,900.0,,34118250,2026-09-13T17:00:00.0000000Z,,2026-09-09T14:58:03.081222+00:00,passing_tds+rushing_tds+receiving_tds,estimated,0.07692307692307693,0.0,13.0,,0.038461538461538464,,0.03773128563674277,,0.1,,True,-0.06226871436325723,
draftkings,34118250,362382884.0,0QA362382884#2256120023_13L88808Q1-292926888Q20,Nate Boerkircher,,NFL,Anytime TD Scorer,player_touchdown,,1000.0,,34118250,2026-09-13T17:00:00.0000000Z,,2026-09-09T14:58:03.081222+00:00,,no_player_match,,,,,,,,,,,,,
draftkings,34118250,362382884.0,0QA362382884#2254729968_13L88808Q1885223594Q20,Isaiah Bond,,NFL,Anytime TD Scorer,player_touchdown,,1300.0,,34118250,2026-09-13T17:00:00.0000000Z,,2026-09-09T14:58:03.081222+00:00,passing_tds+rushing_tds+receiving_tds,estimated,0.0,0.0,15.0,,0.0,,9.999994999843054e-07,,0.07142857142857142,,True,-0.07142757142907144,
draftkings,34118250,362382884.0,0QA362382884#2256120025_13L88808Q11380693923Q20,Josh Cameron,,NFL,Anytime TD Scorer,player_touchdown,,1800.0,,34118250,2026-09-13T17:00:00.0000000Z,,2026-09-09T14:58:03.081222+00:00,,no_player_match,,,,,,,,,,,,,
draftkings,34118250,362382884.0,0QA362382884#2254729960_13L88808Q1-286456608Q20,Raheim Sanders,,NFL,Anytime TD Scorer,player_touchdown,,2000.0,,34118250,2026-09-13T17:00:00.0000000Z,,2026-09-09T14:58:03.081222+00:00,passing_tds+rushing_tds+receiving_tds,estimated,0.25,0.13043478260869565,4.0,,0.19021739130434784,,0.17322062024220164,,0.047619047619047616,,True,0.12560157262315402,
draftkings,34118250,362382884.0,0QA362382884#2256120022_13L88808Q12048334155Q20,Tanner Koziol,,NFL,Anytime TD Scorer,player_touchdown,,2000.0,,34118250,2026-09-13T17:00:00.0000000Z,,2026-09-09T14:58:03.081222+00:00,,no_player_match,,,,,,,,,,,,,
draftkings,34118250,362382884.0,0QA362382884#2256120024_13L88808Q1-249028479Q20,CJ Williams,,NFL,Anytime TD Scorer,player_touchdown,,2200.0,,34118250,2026-09-13T17:00:00.0000000Z,,2026-09-09T14:58:03.081222+00:00,,no_player_match,,,,,,,,,,,,,
draftkings,34118250,362382884.0,0QA362382884#2254729971_13L88808Q1-262322861Q20,Blake Whiteheart,,NFL,Anytime TD Scorer,player_touchdown,,2500.0,,34118250,2026-09-13T17:00:00.0000000Z,,2026-09-09T14:58:03.081222+00:00,passing_tds+rushing_tds+receiving_tds,estimated,0.0,0.0,9.0,,0.0,,9.999994999843054e-07,,0.038461538461538464,,True,-0.03846053846203848,
draftkings,34118250,362382884.0,0QA362382884#2254729955_13L88808Q1-1307850565Q20,Quintin Morris,,NFL,Anytime TD Scorer,player_touchdown,,3000.0,,34118250,2026-09-13T17:00:00.0000000Z,,2026-09-09T14:58:03.081222+00:00,passing_tds+rushing_tds+receiving_tds,estimated,0.09090909090909091,0.35,11.0,,0.22045454545454546,,0.19784590041704808,,0.03225806451612903,,True,0.16558783590091905,
draftkings,34118250,362382884.0,0QA362382884#2254729966_13L88808Q1-1383230092Q20,Malachi Corley,,NFL,Anytime TD Scorer,player_touchdown,,3000.0,,34118250,2026-09-13T17:00:00.0000000Z,,2026-09-09T14:58:03.081222+00:00,passing_tds+rushing_tds+receiving_tds,estimated,0.0,0.0,12.0,,0.0,,9.999994999843054e-07,,0.03225806451612903,,True,-0.03225706451662905,
draftkings,34118250,362382884.0,0QA362382884#2254729969_13L88808Q11011846392Q20,Tylan Wallace,,NFL,Anytime TD Scorer,player_touchdown,,3000.0,,34118250,2026-09-13T17:00:00.0000000Z,,2026-09-09T14:58:03.081222+00:00,passing_tds+rushing_tds+receiving_tds,estimated,0.09090909090909091,0.0,11.0,,0.045454545454545456,,0.044436963731715795,,0.03225806451612903,,True,0.012178899215586764,
draftkings,34118250,362382884.0,0QA362382884#2256101914_13L88808Q1-384849958Q20,Carsen Ryan,,NFL,Anytime TD Scorer,player_touchdown,,3000.0,,34118250,2026-09-13T17:00:00.0000000Z,,2026-09-09T14:58:03.081222+00:00,,no_player_match,,,,,,,,,,,,,
draftkings,34118250,362382884.0,0QA362382884#2254729972_13L88808Q1-2105337583Q20,Michael Burton,,NFL,Anytime TD Scorer,player_touchdown,,4500.0,,34118250,2026-09-13T17:00:00.0000000Z,,2026-09-09T14:58:03.081222+00:00,,no_player_match,,,,,,,,,,,,,
draftkings,34118250,363196021.0,0QA363196021#2258143625_13L88808Q1163343434Q20,Bhayshul Tuten,,NFL,2+ TDs,player_touchdown,,950.0,,34118250,2026-09-13T17:00:00.0000000Z,,2026-09-09T14:58:03.081222+00:00,passing_tds+rushing_tds+receiving_tds,estimated,0.4666666666666667,0.72,15.0,,0.5933333333333333,,0.11971105208198096,,0.09523809523809523,,True,0.02447295684388573,
draftkings,34118250,363196021.0,0QA363196021#2258143639_13L88808Q1-681441441Q20,Quinshon Judkins,,NFL,2+ TDs,player_touchdown,,1100.0,,34118250,2026-09-13T17:00:00.0000000Z,,2026-09-09T14:58:03.081222+00:00,passing_tds+rushing_tds+receiving_tds,estimated,0.5,0.16,14.0,,0.33,,0.04383143453553817,,0.08333333333333333,,True,-0.03950189879779516,
draftkings,34118250,363196021.0,0QA363196021#2258143627_13L88808Q1-1327690156Q20,Chris Rodriguez Jr.,,NFL,2+ TDs,player_touchdown,,1200.0,,34118250,2026-09-13T17:00:00.0000000Z,,2026-09-09T14:58:03.081222+00:00,passing_tds+rushing_tds+receiving_tds,estimated,0.5,0.72,12.0,,0.61,,0.1252051007900553,,0.07692307692307693,,True,0.048282023866978385,
draftkings,34118250,363196021.0,0QA363196021#2258143626_13L88808Q1954782757Q20,Parker Washington,,NFL,2+ TDs,player_touchdown,,1600.0,,34118250,2026-09-13T17:00:00.0000000Z,,2026-09-09T14:58:03.081222+00:00,passing_tds+rushing_tds+receiving_tds,estimated,0.3125,0.55,16.0,,0.43125,,0.07012193253161814,,0.058823529411764705,,True,0.011298403119853431,
draftkings,34118250,363196021.0,0QA363196021#2258143629_13L88808Q1-1246069346Q20,Jakobi Meyers,,NFL,2+ TDs,player_touchdown,,2000.0,,34118250,2026-09-13T17:00:00.0000000Z,,2026-09-09T14:58:03.081222+00:00,passing_tds+rushing_tds+receiving_tds,estimated,0.1875,0.08,16.0,,0.13375,,0.008185591645498994,,0.047619047619047616,,True,-0.03943345597354862,
draftkings,34118250,363196021.0,0QA363196021#2258143631_13L88808Q1274701345Q20,Trevor Lawrence,,NFL,2+ TDs,player_touchdown,,2000.0,,34118250,2026-09-13T17:00:00.0000000Z,,2026-09-09T14:58:03.081222+00:00,passing_tds+rushing_tds+receiving_tds,estimated,2.235294117647059,3.2299999999999995,17.0,,2.732647058823529,,0.757202959670457,,0.047619047619047616,,True,0.7095839120514094,
draftkings,34118250,363196021.0,0QA363196021#2258143630_13L88808Q1-1682061720Q20,Brenton Strange,,NFL,2+ TDs,player_touchdown,,2200.0,,34118250,2026-09-13T17:00:00.0000000Z,,2026-09-09T14:58:03.081222+00:00,passing_tds+rushing_tds+receiving_tds,estimated,0.25,0.55,12.0,,0.4,,0.06155193555010491,,0.043478260869565216,,True,0.018073674680539692,
draftkings,34118250,363196021.0,0QA363196021#2258143628_13L88808Q11304672355Q20,Brian Thomas Jr.,,NFL,2+ TDs,player_touchdown,,2500.0,,34118250,2026-09-13T17:00:00.0000000Z,,2026-09-09T14:58:03.081222+00:00,passing_tds+rushing_tds+receiving_tds,estimated,0.21428571428571427,0.12,14.0,,0.16714285714285715,,0.012505248666457719,,0.038461538461538464,,True,-0.025956289795080745,
draftkings,34118250,363196021.0,0QA363196021#2258143640_13L88808Q1-862670716Q20,Harold Fannin Jr.,,NFL,2+ TDs,player_touchdown,,3500.0,,34118250,2026-09-13T17:00:00.0000000Z,,2026-09-09T14:58:03.081222+00:00,passing_tds+rushing_tds+receiving_tds,estimated,0.4375,1.05,16.0,,0.74375,,0.17114664505805915,,0.027777777777777776,,True,0.14336886728028136,
draftkings,34118250,363196021.0,0QA363196021#2258143476_13L88808Q11493324652Q20,,JAX Jaguars D/ST,NFL,2+ TDs,player_touchdown,,4000.0,,34118250,2026-09-13T17:00:00.0000000Z,,2026-09-09T14:58:03.081222+00:00,,no_player_match,,,,,,,,,,,,,
draftkings,34118250,363196021.0,0QA363196021#2258143642_13L88808Q1735393047Q20,Jerry Jeudy,,NFL,2+ TDs,player_touchdown,,5000.0,,34118250,2026-09-13T17:00:00.0000000Z,,2026-09-09T14:58:03.081222+00:00,passing_tds+rushing_tds+receiving_tds,estimated,0.11764705882352941,0.08,17.0,,0.0988235294117647,,0.004572952732835783,,0.0196078431372549,,True,-0.015034890404419118,
draftkings,34118250,363196021.0,0QA363196021#2258386433_13L88808Q1-403159756Q20,KC Concepcion,,NFL,2+ TDs,player_touchdown,,5500.0,,34118250,2026-09-13T17:00:00.0000000Z,,2026-09-09T14:58:03.081222+00:00,,no_player_match,,,,,,,,,,,,,
draftkings,34118250,363196021.0,0QA363196021#2258143644_13L88808Q1-540137833Q20,Denzel Boston,,NFL,2+ TDs,player_touchdown,,5500.0,,34118250,2026-09-13T17:00:00.0000000Z,,2026-09-09T14:58:03.081222+00:00,,no_player_match,,,,,,,,,,,,,
draftkings,34118250,363196021.0,0QA363196021#2258143477_14L88808Q1124784333Q20,,CLE Browns D/ST,NFL,2+ TDs,player_touchdown,,6000.0,,34118250,2026-09-13T17:00:00.0000000Z,,2026-09-09T14:58:03.081222+00:00,,no_player_match,,,,,,,,,,,,,
draftkings,34118250,363196021.0,0QA363196021#2258143645_13L88808Q1-1099723641Q20,Deshaun Watson,,NFL,2+ TDs,player_touchdown,,8000.0,,34118250,2026-09-13T17:00:00.0000000Z,,2026-09-09T14:58:03.081222+00:00,,no_player_match,,,,,,,,,,,,,
draftkings,34118250,363196021.0,0QA363196021#2258143641_13L88808Q11432740459Q20,Dylan Sampson,,NFL,2+ TDs,player_touchdown,,9000.0,,34118250,2026-09-13T17:00:00.0000000Z,,2026-09-09T14:58:03.081222+00:00,passing_tds+rushing_tds+receiving_tds,estimated,0.13333333333333333,0.08,15.0,,0.10666666666666666,,0.005300077171419532,,0.01098901098901099,,True,-0.005688933817591458,
draftkings,34118250,363196021.0,0QA363196021#2258143633_13L88808Q1808033872Q20,Travis Hunter,,NFL,2+ TDs,player_touchdown,,10000.0,,34118250,2026-09-13T17:00:00.0000000Z,,2026-09-09T14:58:03.081222+00:00,passing_tds+rushing_tds+receiving_tds,estimated,0.14285714285714285,0.35,7.0,,0.2464285714285714,,0.02580739881213187,,0.009900990099009901,,True,0.015906408713121968,
draftkings,34118250,363196021.0,0QA363196021#2258143637_13L88808Q11793756861Q20,Ameer Abdullah,,NFL,2+ TDs,player_touchdown,,11000.0,,34118250,2026-09-13T17:00:00.0000000Z,,2026-09-09T14:58:03.081222+00:00,passing_tds+rushing_tds+receiving_tds,estimated,0.07692307692307693,0.0,13.0,,0.038461538461538464,,0.0007209504689251883,,0.009009009009009009,,True,-0.00828805854008382,
draftkings,34118250,363196021.0,0QA363196021#2258420568_13L88808Q1-1058483772Q20,Nate Boerkircher,,NFL,2+ TDs,player_touchdown,,12000.0,,34118250,2026-09-13T17:00:00.0000000Z,,2026-09-09T14:58:03.081222+00:00,,no_player_match,,,,,,,,,,,,,
draftkings,34118250,363196021.0,0QA363196021#2258143636_13L88808Q1-1585722573Q20,Josh Cameron,,NFL,2+ TDs,player_touchdown,,18000.0,,34118250,2026-09-13T17:00:00.0000000Z,,2026-09-09T14:58:03.081222+00:00,,no_player_match,,,,,,,,,,,,,
draftkings,34118250,363196021.0,0QA363196021#2258143647_13L88808Q11756727414Q20,Isaiah Bond,,NFL,2+ TDs,player_touchdown,,18000.0,,34118250,2026-09-13T17:00:00.0000000Z,,2026-09-09T14:58:03.081222+00:00,passing_tds+rushing_tds+receiving_tds,estimated,0.0,0.0,15.0,,0.0,,4.999838054850042e-13,,0.0055248618784530384,,True,-0.005524861877953055,
draftkings,34118250,363196021.0,0QA363196021#2258143635_13L88808Q11274612628Q20,Tanner Koziol,,NFL,2+ TDs,player_touchdown,,19000.0,,34118250,2026-09-13T17:00:00.0000000Z,,2026-09-09T14:58:03.081222+00:00,,no_player_match,,,,,,,,,,,,,
draftkings,34118250,363196021.0,0QA363196021#2258143634_13L88808Q1-687789525Q20,CJ Williams,,NFL,2+ TDs,player_touchdown,,20000.0,,34118250,2026-09-13T17:00:00.0000000Z,,2026-09-09T14:58:03.081222+00:00,,no_player_match,,,,,,,,,,,,,
draftkings,34118250,363196021.0,0QA363196021#2258143646_13L88808Q1421377855Q20,Raheim Sanders,,NFL,2+ TDs,player_touchdown,,20000.0,,34118250,2026-09-13T17:00:00.0000000Z,,2026-09-09T14:58:03.081222+00:00,passing_tds+rushing_tds+receiving_tds,estimated,0.25,0.13043478260869565,4.0,,0.19021739130434784,,0.0159528034404465,,0.004975124378109453,,True,0.010977679062337048,
draftkings,34118250,363196021.0,0QA363196021#2258143649_13L88808Q1600398218Q20,Blake Whiteheart,,NFL,2+ TDs,player_touchdown,,20000.0,,34118250,2026-09-13T17:00:00.0000000Z,,2026-09-09T14:58:03.081222+00:00,passing_tds+rushing_tds+receiving_tds,estimated,0.0,0.0,9.0,,0.0,,4.999838054850042e-13,,0.004975124378109453,,True,-0.004975124377609469,
draftkings,34118250,363196021.0,0QA363196021#2271301620_13L88808Q1277787099Q20,Malachi Corley,,NFL,2+ TDs,player_touchdown,,25000.0,,34118250,2026-09-13T17:00:00.0000000Z,,2026-09-09T14:58:03.081222+00:00,passing_tds+rushing_tds+receiving_tds,estimated,0.0,0.0,12.0,,0.0,,4.999838054850042e-13,,0.00398406374501992,,True,-0.0039840637445199365,
draftkings,34118250,363196021.0,0QA363196021#2275474323_13L88808Q11894890553Q20,Quintin Morris,,NFL,2+ TDs,player_touchdown,,25000.0,,34118250,2026-09-13T17:00:00.0000000Z,,2026-09-09T14:58:03.081222+00:00,passing_tds+rushing_tds+receiving_tds,estimated,0.09090909090909091,0.35,11.0,,0.22045454545454546,,0.021007383008988217,,0.00398406374501992,,True,0.017023319263968297,
draftkings,34118250,363196021.0,0QA363196021#2258143648_13L88808Q11446802902Q20,Tylan Wallace,,NFL,2+ TDs,player_touchdown,,25000.0,,34118250,2026-09-13T17:00:00.0000000Z,,2026-09-09T14:58:03.081222+00:00,passing_tds+rushing_tds+receiving_tds,estimated,0.09090909090909091,0.0,11.0,,0.045454545454545456,,0.0010022802649756052,,0.00398406374501992,,True,-0.002981783480044315,
draftkings,34118250,363196021.0,0QA363196021#2258144449_13L88808Q11891946146Q20,Carsen Ryan,,NFL,2+ TDs,player_touchdown,,25000.0,,34118250,2026-09-13T17:00:00.0000000Z,,2026-09-09T14:58:03.081222+00:00,,no_player_match,,,,,,,,,,,,,
draftkings,34118028,357416668.0,0QA357416668#2253286685_13L88808Q12032469197Q20,D'Andre Swift,,NFL,First TD Scorer,player_touchdown,,400.0,,34118028,2026-09-13T17:00:00.0000000Z,,2026-09-09T14:58:03.081222+00:00,passing_tds+rushing_tds+receiving_tds,unsupported_market_first_scorer,,,,,,,,,,,,,
draftkings,34118028,357416668.0,0QA357416668#2253285776_13L88808Q1-252729994Q20,Chuba Hubbard,,NFL,First TD Scorer,player_touchdown,,800.0,,34118028,2026-09-13T17:00:00.0000000Z,,2026-09-09T14:58:03.081222+00:00,passing_tds+rushing_tds+receiving_tds,unsupported_market_first_scorer,,,,,,,,,,,,,
draftkings,34118028,357416668.0,0QA357416668#2253286820_13L88808Q1-1708855124Q20,Kyle Monangai,,NFL,First TD Scorer,player_touchdown,,1000.0,,34118028,2026-09-13T17:00:00.0000000Z,,2026-09-09T14:58:03.081222+00:00,passing_tds+rushing_tds+receiving_tds,unsupported_market_first_scorer,,,,,,,,,,,,,
draftkings,34118028,357416668.0,0QA357416668#2253287171_13L88808Q1-579868776Q20,Luther Burden III,,NFL,First TD Scorer,player_touchdown,,1000.0,,34118028,2026-09-13T17:00:00.0000000Z,,2026-09-09T14:58:03.081222+00:00,passing_tds+rushing_tds+receiving_tds,unsupported_market_first_scorer,,,,,,,,,,,,,
draftkings,34118028,357416668.0,0QA357416668#2253659657_13L88808Q12108022821Q20,Jonathon Brooks,,NFL,First TD Scorer,player_touchdown,,1000.0,,34118028,2026-09-13T17:00:00.0000000Z,,2026-09-09T14:58:03.081222+00:00,,no_player_match,,,,,,,,,,,,,
draftkings,34118028,357416668.0,0QA357416668#2253285947_13L88808Q1701504788Q20,Tetairoa McMillan,,NFL,First TD Scorer,player_touchdown,,1100.0,,34118028,2026-09-13T17:00:00.0000000Z,,2026-09-09T14:58:03.081222+00:00,passing_tds+rushing_tds+receiving_tds,unsupported_market_first_scorer,,,,,,,,,,,,,
draftkings,34118028,357416668.0,0QA357416668#2253286866_13L88808Q11206423224Q20,Rome Odunze,,NFL,First TD Scorer,player_touchdown,,1200.0,,34118028,2026-09-13T17:00:00.0000000Z,,2026-09-09T14:58:03.081222+00:00,passing_tds+rushing_tds+receiving_tds,unsupported_market_first_scorer,,,,,,,,,,,,,
draftkings,34118028,357416668.0,0QA357416668#2253287070_13L88808Q1868631041Q20,Colston Loveland,,NFL,First TD Scorer,player_touchdown,,1200.0,,34118028,2026-09-13T17:00:00.0000000Z,,2026-09-09T14:58:03.081222+00:00,passing_tds+rushing_tds+receiving_tds,unsupported_market_first_scorer,,,,,,,,,,,,,
draftkings,34118028,357416668.0,0QA357416668#2253285988_13L88808Q1-524867692Q20,Jalen Coker,,NFL,First TD Scorer,player_touchdown,,1700.0,,34118028,2026-09-13T17:00:00.0000000Z,,2026-09-09T14:58:03.081222+00:00,passing_tds+rushing_tds+receiving_tds,unsupported_market_first_scorer,,,,,,,,,,,,,
draftkings,34118028,357416668.0,0QA357416668#2253286056_13L88808Q1596325605Q20,Darren Waller,,NFL,First TD Scorer,player_touchdown,,2200.0,,34118028,2026-09-13T17:00:00.0000000Z,,2026-09-09T14:58:03.081222+00:00,passing_tds+rushing_tds+receiving_tds,unsupported_market_first_scorer,,,,,,,,,,,,,
draftkings,34118028,357416668.0,0QA357416668#2253286964_13L88808Q11509304822Q20,Caleb Williams,,NFL,First TD Scorer,player_touchdown,,2200.0,,34118028,2026-09-13T17:00:00.0000000Z,,2026-09-09T14:58:03.081222+00:00,passing_tds+rushing_tds+receiving_tds,unsupported_market_first_scorer,,,,,,,,,,,,,
draftkings,34118028,357416668.0,0QA357416668#2253287340_13L88808Q11142078243Q20,Cole Kmet,,NFL,First TD Scorer,player_touchdown,,2200.0,,34118028,2026-09-13T17:00:00.0000000Z,,2026-09-09T14:58:03.081222+00:00,passing_tds+rushing_tds+receiving_tds,unsupported_market_first_scorer,,,,,,,,,,,,,
draftkings,34118028,357416668.0,0QA357416668#2253288060_13L88808Q11140843849Q20,,CAR Panthers D/ST,NFL,First TD Scorer,player_touchdown,,2500.0,,34118028,2026-09-13T17:00:00.0000000Z,,2026-09-09T14:58:03.081222+00:00,,no_player_match,,,,,,,,,,,,,
draftkings,34118028,357416668.0,0QA357416668#2253286026_13L88808Q1-1138655908Q20,Xavier Legette,,NFL,First TD Scorer,player_touchdown,,2800.0,,34118028,2026-09-13T17:00:00.0000000Z,,2026-09-09T14:58:03.081222+00:00,passing_tds+rushing_tds+receiving_tds,unsupported_market_first_scorer,,,,,,,,,,,,,
draftkings,34118028,357416668.0,0QA357416668#2253286279_13L88808Q1134404819Q20,Tommy Tremble,,NFL,First TD Scorer,player_touchdown,,2800.0,,34118028,2026-09-13T17:00:00.0000000Z,,2026-09-09T14:58:03.081222+00:00,passing_tds+rushing_tds+receiving_tds,unsupported_market_first_scorer,,,,,,,,,,,,,
draftkings,34118028,357416668.0,0QA357416668#2253287516_13L88808Q1-1792332700Q20,Kalif Raymond,,NFL,First TD Scorer,player_touchdown,,3000.0,,34118028,2026-09-13T17:00:00.0000000Z,,2026-09-09T14:58:03.081222+00:00,passing_tds+rushing_tds+receiving_tds,unsupported_market_first_scorer,,,,,,,,,,,,,
draftkings,34118028,357416668.0,0QA357416668#2253288105_14L88808Q1-1227731033Q20,,CHI Bears D/ST,NFL,First TD Scorer,player_touchdown,,3000.0,,34118028,2026-09-13T17:00:00.0000000Z,,2026-09-09T14:58:03.081222+00:00,,no_player_match,,,,,,,,,,,,,
draftkings,34118028,357416668.0,0QA357416668#2253287691_13L88808Q1-442586005Q20,Roschon Johnson,,NFL,First TD Scorer,player_touchdown,,3500.0,,34118028,2026-09-13T17:00:00.0000000Z,,2026-09-09T14:58:03.081222+00:00,passing_tds+rushing_tds+receiving_tds,unsupported_market_first_scorer,,,,,,,,,,,,,
draftkings,34118028,357416668.0,0QA357416668#2253286173_13L88808Q11118347100Q20,Bryce Young,,NFL,First TD Scorer,player_touchdown,,4000.0,,34118028,2026-09-13T17:00:00.0000000Z,,2026-09-09T14:58:03.081222+00:00,passing_tds+rushing_tds+receiving_tds,unsupported_market_first_scorer,,,,,,,,,,,,,
draftkings,34118028,357416668.0,0QA357416668#2253286431_13L88808Q1-209953270Q20,Jimmy Horn Jr.,,NFL,First TD Scorer,player_touchdown,,4500.0,,34118028,2026-09-13T17:00:00.0000000Z,,2026-09-09T14:58:03.081222+00:00,passing_tds+rushing_tds+receiving_tds,unsupported_market_first_scorer,,,,,,,,,,,,,
draftkings,34118028,357416668.0,0QA357416668#2254569300_13L88808Q1-835081077Q20,Zavion Thomas,,NFL,First TD Scorer,player_touchdown,,4500.0,,34118028,2026-09-13T17:00:00.0000000Z,,2026-09-09T14:58:03.081222+00:00,,no_player_match,,,,,,,,,,,,,
draftkings,34118028,357416668.0,0QA357416668#2253286041_13L88808Q11502836158Q20,John Metchie III,,NFL,First TD Scorer,player_touchdown,,5500.0,,34118028,2026-09-13T17:00:00.0000000Z,,2026-09-09T14:58:03.081222+00:00,passing_tds+rushing_tds+receiving_tds,unsupported_market_first_scorer,,,,,,,,,,,,,
draftkings,34118028,357416668.0,0QA357416668#2253287263_13L88808Q1-2083509679Q20,Jahdae Walker,,NFL,First TD Scorer,player_touchdown,,5500.0,,34118028,2026-09-13T17:00:00.0000000Z,,2026-09-09T14:58:03.081222+00:00,passing_tds+rushing_tds+receiving_tds,unsupported_market_first_scorer,,,,,,,,,,,,,
draftkings,34118028,357416668.0,0QA357416668#2253286209_13L88808Q1-888751637Q20,Ja'Tavion Sanders,,NFL,First TD Scorer,player_touchdown,,6000.0,,34118028,2026-09-13T17:00:00.0000000Z,,2026-09-09T14:58:03.081222+00:00,passing_tds+rushing_tds+receiving_tds,unsupported_market_first_scorer,,,,,,,,,,,,,
draftkings,34118028,357416668.0,0QA357416668#2253286327_13L88808Q1-1570328301Q20,Mitchell Evans,,NFL,First TD Scorer,player_touchdown,,6000.0,,34118028,2026-09-13T17:00:00.0000000Z,,2026-09-09T14:58:03.081222+00:00,passing_tds+rushing_tds+receiving_tds,unsupported_market_first_scorer,,,,,,,,,,,,,
draftkings,34118028,357416668.0,0QA357416668#2235151395_13L88808Q1-1777442974Q20,,No Touchdown Scorer,NFL,First TD Scorer,player_touchdown,,12000.0,,34118028,2026-09-13T17:00:00.0000000Z,,2026-09-09T14:58:03.081222+00:00,,no_player_match,,,,,,,,,,,,,
draftkings,34118028,357416668.0,0QA357416668#2253286399_13L88808Q11670223979Q20,Brycen Tremayne,,NFL,First TD Scorer,player_touchdown,,13000.0,,34118028,2026-09-13T17:00:00.0000000Z,,2026-09-09T14:58:03.081222+00:00,passing_tds+rushing_tds+receiving_tds,unsupported_market_first_scorer,,,,,,,,,,,,,
draftkings,34118028,357416668.0,0QA357416668#2256344750_13L88808Q1-709714931Q20,Sam Roush,,NFL,First TD Scorer,player_touchdown,,18000.0,,34118028,2026-09-13T17:00:00.0000000Z,,2026-09-09T14:58:03.081222+00:00,,no_player_match,,,,,,,,,,,,,
draftkings,34118028,362104903.0,0QA362104903#2253619475_13L88808Q151577722Q20,D'Andre Swift,,NFL,Anytime TD Scorer,player_touchdown,,,,34118028,2026-09-13T17:00:00.0000000Z,,2026-09-09T14:58:03.081222+00:00,passing_tds+rushing_tds+receiving_tds,estimated,0.625,0.74,16.0,,0.6825,,0.4946479682557141,,,,True,,
draftkings,34118028,362104903.0,0QA362104903#2253619459_13L88808Q1850190615Q20,Chuba Hubbard,,NFL,Anytime TD Scorer,player_touchdown,,130.0,,34118028,2026-09-13T17:00:00.0000000Z,,2026-09-09T14:58:03.081222+00:00,passing_tds+rushing_tds+receiving_tds,estimated,0.26666666666666666,0.08,15.0,,0.17333333333333334,,0.15914271763564924,,0.43478260869565216,,True,-0.2756398910600029,
draftkings,34118028,362104903.0,0QA362104903#2253619460_13L88808Q1-719490824Q20,Tetairoa McMillan,,NFL,Anytime TD Scorer,player_touchdown,,165.0,,34118028,2026-09-13T17:00:00.0000000Z,,2026-09-09T14:58:03.081222+00:00,passing_tds+rushing_tds+receiving_tds,estimated,0.4117647058823529,0.28,17.0,,0.3458823529411765,,0.29240427123383717,,0.37735849056603776,,True,-0.0849542193322006,
draftkings,34118028,362104903.0,0QA362104903#2253619479_13L88808Q12086988331Q20,Luther Burden III,,NFL,Anytime TD Scorer,player_touchdown,,175.0,,34118028,2026-09-13T17:00:00.0000000Z,,2026-09-09T14:58:03.081222+00:00,passing_tds+rushing_tds+receiving_tds,estimated,0.13333333333333333,0.25,15.0,,0.19166666666666665,,0.1744179833633439,,0.36363636363636365,,True,-0.18921838027301974,
draftkings,34118028,362104903.0,0QA362104903#2253659691_13L88808Q1747326893Q20,Jonathon Brooks,,NFL,Anytime TD Scorer,player_touchdown,,180.0,,34118028,2026-09-13T17:00:00.0000000Z,,2026-09-09T14:58:03.081222+00:00,,no_player_match,,,,,,,,,,,,,
draftkings,34118028,362104903.0,0QA362104903#2253619478_13L88808Q1-2109230062Q20,Colston Loveland,,NFL,Anytime TD Scorer,player_touchdown,,195.0,,34118028,2026-09-13T17:00:00.0000000Z,,2026-09-09T14:58:03.081222+00:00,passing_tds+rushing_tds+receiving_tds,estimated,0.375,0.6799999999999999,16.0,,0.5275,,0.40992167697313475,,0.3389830508474576,,True,0.07093862612567714,
draftkings,34118028,362104903.0,0QA362104903#2253619476_13L88808Q1655740791Q20,Kyle Monangai,,NFL,Anytime TD Scorer,player_touchdown,,210.0,,34118028,2026-09-13T17:00:00.0000000Z,,2026-09-09T14:58:03.081222+00:00,passing_tds+rushing_tds+receiving_tds,estimated,0.29411764705882354,0.0,17.0,,0.14705882352941177,,0.13675680308879323,,0.3225806451612903,,True,-0.18582384207249708,
draftkings,34118028,362104903.0,0QA362104903#2253619477_13L88808Q1-848465730Q20,Rome Odunze,,NFL,Anytime TD Scorer,player_touchdown,,215.0,,34118028,2026-09-13T17:00:00.0000000Z,,2026-09-09T14:58:03.081222+00:00,passing_tds+rushing_tds+receiving_tds,estimated,0.5,0.12,12.0,,0.31,,0.26655304377571076,,0.31746031746031744,,True,-0.05090727368460668,
draftkings,34118028,362104903.0,0QA362104903#2253619461_13L88808Q1-537154100Q20,Jalen Coker,,NFL,Anytime TD Scorer,player_touchdown,,310.0,,34118028,2026-09-13T17:00:00.0000000Z,,2026-09-09T14:58:03.081222+00:00,passing_tds+rushing_tds+receiving_tds,estimated,0.2727272727272727,0.5499999999999999,11.0,,0.4113636363636363,,0.3372541107276843,,0.24390243902439024,,True,0.09335167170329406,
draftkings,34118028,362104903.0,0QA362104903#2253619480_13L88808Q11505799344Q20,Caleb Williams,,NFL,Anytime TD Scorer,player_touchdown,,400.0,,34118028,2026-09-13T17:00:00.0000000Z,,2026-09-09T14:58:03.081222+00:00,passing_tds+rushing_tds+receiving_tds,estimated,1.8235294117647058,2.0,17.0,,1.9117647058823528,,0.8521807012943997,,0.2,,True,0.6521807012943996,
draftkings,34118028,362104903.0,0QA362104903#2253619464_13L88808Q1294436062Q20,Darren Waller,,NFL,Anytime TD Scorer,player_touchdown,,425.0,,34118028,2026-09-13T17:00:00.0000000Z,,2026-09-09T14:58:03.081222+00:00,passing_tds+rushing_tds+receiving_tds,estimated,0.6666666666666666,0.4,9.0,,0.5333333333333333,,0.4133537804899682,,0.19047619047619047,,True,0.22287759001377772,
draftkings,34118028,362104903.0,0QA362104903#2253619482_13L88808Q1-1982448170Q20,Cole Kmet,,NFL,Anytime TD Scorer,player_touchdown,,450.0,,34118028,2026-09-13T17:00:00.0000000Z,,2026-09-09T14:58:03.081222+00:00,passing_tds+rushing_tds+receiving_tds,estimated,0.125,0.0,16.0,,0.0625,,0.06058693718652419,,0.18181818181818182,,True,-0.12123124463165763,
draftkings,34118028,362104903.0,0QA362104903#2253619468_13L88808Q1-813345382Q20,Tommy Tremble,,NFL,Anytime TD Scorer,player_touchdown,,475.0,,34118028,2026-09-13T17:00:00.0000000Z,,2026-09-09T14:58:03.081222+00:00,passing_tds+rushing_tds+receiving_tds,estimated,0.13333333333333333,0.35,15.0,,0.24166666666666664,,0.21468209343657474,,0.17391304347826086,,True,0.040769049958313874,
draftkings,34118028,362104903.0,0QA362104903#2253619462_13L88808Q1922326735Q20,Xavier Legette,,NFL,Anytime TD Scorer,player_touchdown,,500.0,,34118028,2026-09-13T17:00:00.0000000Z,,2026-09-09T14:58:03.081222+00:00,passing_tds+rushing_tds+receiving_tds,estimated,0.2,0.0,15.0,,0.1,,0.09516258196404048,,0.16666666666666666,,True,-0.07150408470262617,
draftkings,34118028,362104903.0,0QA362104903#2253619487_13L88808Q189647752Q20,,CAR Panthers D/ST,NFL,Anytime TD Scorer,player_touchdown,,550.0,,34118028,2026-09-13T17:00:00.0000000Z,,2026-09-09T14:58:03.081222+00:00,,no_player_match,,,,,,,,,,,,,
draftkings,34118028,362104903.0,0QA362104903#2253619488_14L88808Q1550144014Q20,,CHI Bears D/ST,NFL,Anytime TD Scorer,player_touchdown,,550.0,,34118028,2026-09-13T17:00:00.0000000Z,,2026-09-09T14:58:03.081222+00:00,,no_player_match,,,,,,,,,,,,,
draftkings,34118028,362104903.0,0QA362104903#2253619324_13L88808Q1633357284Q20,Kalif Raymond,,NFL,Anytime TD Scorer,player_touchdown,,700.0,,34118028,2026-09-13T17:00:00.0000000Z,,2026-09-09T14:58:03.081222+00:00,passing_tds+rushing_tds+receiving_tds,estimated,0.06666666666666667,0.2,15.0,,0.13333333333333333,,0.12482668095705252,,0.125,,True,-0.00017331904294748401,
draftkings,34118028,362104903.0,0QA362104903#2253619484_13L88808Q11750193742Q20,Roschon Johnson,,NFL,Anytime TD Scorer,player_touchdown,,700.0,,34118028,2026-09-13T17:00:00.0000000Z,,2026-09-09T14:58:03.081222+00:00,passing_tds+rushing_tds+receiving_tds,estimated,0.0,0.0,6.0,,0.0,,9.999994999843054e-07,,0.125,,True,-0.12499900000050002,
draftkings,34118028,362104903.0,0QA362104903#2253619465_13L88808Q11112660000Q20,Bryce Young,,NFL,Anytime TD Scorer,player_touchdown,,750.0,,34118028,2026-09-13T17:00:00.0000000Z,,2026-09-09T14:58:03.081222+00:00,passing_tds+rushing_tds+receiving_tds,estimated,1.5625,1.7100000000000002,16.0,,1.63625,,0.8052911669218427,,0.11764705882352941,,True,0.6876441080983132,
draftkings,34118028,362104903.0,0QA362104903#2253619463_13L88808Q1259912862Q20,John Metchie III,,NFL,Anytime TD Scorer,player_touchdown,,1000.0,,34118028,2026-09-13T17:00:00.0000000Z,,2026-09-09T14:58:03.081222+00:00,passing_tds+rushing_tds+receiving_tds,estimated,0.15384615384615385,0.0,13.0,,0.07692307692307693,,0.07403892135768397,,0.09090909090909091,,True,-0.01687016955140694,
draftkings,34118028,362104903.0,0QA362104903#2253619472_13L88808Q1-2140365648Q20,Jimmy Horn Jr.,,NFL,Anytime TD Scorer,player_touchdown,,1000.0,,34118028,2026-09-13T17:00:00.0000000Z,,2026-09-09T14:58:03.081222+00:00,passing_tds+rushing_tds+receiving_tds,estimated,0.0,0.0,10.0,,0.0,,9.999994999843054e-07,,0.09090909090909091,,True,-0.09090809090959093,
draftkings,34118028,362104903.0,0QA362104903#2254569313_13L88808Q1266242460Q20,Zavion Thomas,,NFL,Anytime TD Scorer,player_touchdown,,1000.0,,34118028,2026-09-13T17:00:00.0000000Z,,2026-09-09T14:58:03.081222+00:00,,no_player_match,,,,,,,,,,,,,
draftkings,34118028,362104903.0,0QA362104903#2253619470_13L88808Q1-619052431Q20,Mitchell Evans,,NFL,Anytime TD Scorer,player_touchdown,,1100.0,,34118028,2026-09-13T17:00:00.0000000Z,,2026-09-09T14:58:03.081222+00:00,passing_tds+rushing_tds+receiving_tds,estimated,0.14285714285714285,0.0,14.0,,0.07142857142857142,,0.06893722029597726,,0.08333333333333333,,True,-0.014396113037356065,
draftkings,34118028,362104903.0,0QA362104903#2253619481_13L88808Q1-1770507643Q20,Jahdae Walker,,NFL,Anytime TD Scorer,player_touchdown,,1100.0,,34118028,2026-09-13T17:00:00.0000000Z,,2026-09-09T14:58:03.081222+00:00,passing_tds+rushing_tds+receiving_tds,estimated,0.3333333333333333,0.55,6.0,,0.44166666666666665,,0.3570360789537026,,0.08333333333333333,,True,0.2737027456203693,
draftkings,34118028,362104903.0,0QA362104903#2253619467_13L88808Q1-1009547054Q20,Ja'Tavion Sanders,,NFL,Anytime TD Scorer,player_touchdown,,1200.0,,34118028,2026-09-13T17:00:00.0000000Z,,2026-09-09T14:58:03.081222+00:00,passing_tds+rushing_tds+receiving_tds,estimated,0.08333333333333333,0.35,12.0,,0.21666666666666665,,0.19480167598192943,,0.07692307692307693,,True,0.1178785990588525,
draftkings,34118028,362104903.0,0QA362104903#2253619471_13L88808Q1-414077467Q20,Brycen Tremayne,,NFL,Anytime TD Scorer,player_touchdown,,2500.0,,34118028,2026-09-13T17:00:00.0000000Z,,2026-09-09T14:58:03.081222+00:00,passing_tds+rushing_tds+receiving_tds,estimated,0.0,0.0,15.0,,0.0,,9.999994999843054e-07,,0.038461538461538464,,True,-0.03846053846203848,
draftkings,34118028,362104903.0,0QA362104903#2256344761_13L88808Q1519659230Q20,Sam Roush,,NFL,Anytime TD Scorer,player_touchdown,,5000.0,,34118028,2026-09-13T17:00:00.0000000Z,,2026-09-09T14:58:03.081222+00:00,,no_player_match,,,,,,,,,,,,,
draftkings,34118028,363171670.0,0QA363171670#2258072376_13L88808Q1-1008695778Q20,D'Andre Swift,,NFL,2+ TDs,player_touchdown,,320.0,,34118028,2026-09-13T17:00:00.0000000Z,,2026-09-09T14:58:03.081222+00:00,passing_tds+rushing_tds+receiving_tds,estimated,0.625,0.74,16.0,,0.6825,,0.149745206590239,,0.23809523809523808,,True,-0.0883500315049991,
draftkings,34118028,363171670.0,0QA363171670#2258072361_13L88808Q1-2084365438Q20,Chuba Hubbard,,NFL,2+ TDs,player_touchdown,,900.0,,34118028,2026-09-13T17:00:00.0000000Z,,2026-09-09T14:58:03.081222+00:00,passing_tds+rushing_tds+receiving_tds,estimated,0.26666666666666666,0.08,15.0,,0.17333333333333334,,0.013394122025828431,,0.1,,True,-0.08660587797417157,
draftkings,34118028,363171670.0,0QA363171670#2258072219_13L88808Q11934492119Q20,Tetairoa McMillan,,NFL,2+ TDs,player_touchdown,,1200.0,,34118028,2026-09-13T17:00:00.0000000Z,,2026-09-09T14:58:03.081222+00:00,passing_tds+rushing_tds+receiving_tds,estimated,0.4117647058823529,0.28,17.0,,0.3458823529411765,,0.04765939563707025,,0.07692307692307693,,True,-0.029263681286006676,
draftkings,34118028,363171670.0,0QA363171670#2258072379_13L88808Q1902102257Q20,Kyle Monangai,,NFL,2+ TDs,player_touchdown,,1200.0,,34118028,2026-09-13T17:00:00.0000000Z,,2026-09-09T14:58:03.081222+00:00,passing_tds+rushing_tds+receiving_tds,estimated,0.29411764705882354,0.0,17.0,,0.14705882352941177,,0.009809274131262813,,0.07692307692307693,,True,-0.06711380279181411,
draftkings,34118028,363171670.0,0QA363171670#2258072362_13L88808Q11060508884Q20,Jonathon Brooks,,NFL,2+ TDs,player_touchdown,,1300.0,,34118028,2026-09-13T17:00:00.0000000Z,,2026-09-09T14:58:03.081222+00:00,,no_player_match,,,,,,,,,,,,,
draftkings,34118028,363171670.0,0QA363171670#2258072380_13L88808Q1422541123Q20,Luther Burden III,,NFL,2+ TDs,player_touchdown,,1300.0,,34118028,2026-09-13T17:00:00.0000000Z,,2026-09-09T14:58:03.081222+00:00,passing_tds+rushing_tds+receiving_tds,estimated,0.13333333333333333,0.25,15.0,,0.19166666666666665,,0.016181430174651512,,0.07142857142857142,,True,-0.05524714125391991,
draftkings,34118028,363171670.0,0QA363171670#2258072377_13L88808Q1-244560726Q20,Colston Loveland,,NFL,2+ TDs,player_touchdown,,1600.0,,34118028,2026-09-13T17:00:00.0000000Z,,2026-09-09T14:58:03.081222+00:00,passing_tds+rushing_tds+receiving_tds,estimated,0.375,0.6799999999999999,16.0,,0.5275,,0.09865536157646337,,0.058823529411764705,,True,0.03983183216469867,
draftkings,34118028,363171670.0,0QA363171670#2258072378_13L88808Q1-1587915923Q20,Rome Odunze,,NFL,2+ TDs,player_touchdown,,1800.0,,34118028,2026-09-13T17:00:00.0000000Z,,2026-09-09T14:58:03.081222+00:00,passing_tds+rushing_tds+receiving_tds,estimated,0.5,0.12,12.0,,0.31,,0.0391844873461811,,0.05263157894736842,,True,-0.013447091601187317,
draftkings,34118028,363171670.0,0QA363171670#2258072363_13L88808Q1131228805Q20,Jalen Coker,,NFL,2+ TDs,player_touchdown,,3000.0,,34118028,2026-09-13T17:00:00.0000000Z,,2026-09-09T14:58:03.081222+00:00,passing_tds+rushing_tds+receiving_tds,estimated,0.2727272727272727,0.5499999999999999,11.0,,0.4113636363636363,,0.06462455173157267,,0.03225806451612903,,True,0.032366487215443634,
draftkings,34118028,363171670.0,0QA363171670#2258072381_13L88808Q1-77651570Q20,Caleb Williams,,NFL,2+ TDs,player_touchdown,,4500.0,,34118028,2026-09-13T17:00:00.0000000Z,,2026-09-09T14:58:03.081222+00:00,passing_tds+rushing_tds+receiving_tds,estimated,1.8235294117647058,2.0,17.0,,1.9117647058823528,,0.5695849831807522,,0.021739130434782608,,True,0.5478458527459696,
draftkings,34118028,363171670.0,0QA363171670#2258072385_13L88808Q1-589656278Q20,Roschon Johnson,,NFL,2+ TDs,player_touchdown,,4500.0,,34118028,2026-09-13T17:00:00.0000000Z,,2026-09-09T14:58:03.081222+00:00,passing_tds+rushing_tds+receiving_tds,estimated,0.0,0.0,6.0,,0.0,,4.999838054850042e-13,,0.021739130434782608,,True,-0.021739130434282623,
draftkings,34118028,363171670.0,0QA363171670#2258072364_13L88808Q1637812501Q20,Darren Waller,,NFL,2+ TDs,player_touchdown,,5000.0,,34118028,2026-09-13T17:00:00.0000000Z,,2026-09-09T14:58:03.081222+00:00,passing_tds+rushing_tds+receiving_tds,estimated,0.6666666666666666,0.4,9.0,,0.5333333333333333,,0.10047579675128454,,0.0196078431372549,,True,0.08086795361402964,
draftkings,34118028,363171670.0,0QA363171670#2258072382_13L88808Q1-2114998825Q20,Cole Kmet,,NFL,2+ TDs,player_touchdown,,5000.0,,34118028,2026-09-13T17:00:00.0000000Z,,2026-09-09T14:58:03.081222+00:00,passing_tds+rushing_tds+receiving_tds,estimated,0.125,0.0,16.0,,0.0625,,0.0018736207606819544,,0.0196078431372549,,True,-0.017734222376572947,
draftkings,34118028,363171670.0,0QA363171670#2258072368_13L88808Q1372601323Q20,Tommy Tremble,,NFL,2+ TDs,player_touchdown,,5500.0,,34118028,2026-09-13T17:00:00.0000000Z,,2026-09-09T14:58:03.081222+00:00,passing_tds+rushing_tds+receiving_tds,estimated,0.13333333333333333,0.35,15.0,,0.24166666666666664,,0.024896932683746986,,0.017857142857142856,,True,0.00703978982660413,
draftkings,34118028,363171670.0,0QA363171670#2258072390_13L88808Q1-2023146353Q20,,CAR Panthers D/ST,NFL,2+ TDs,player_touchdown,,5500.0,,34118028,2026-09-13T17:00:00.0000000Z,,2026-09-09T14:58:03.081222+00:00,,no_player_match,,,,,,,,,,,,,
draftkings,34118028,363171670.0,0QA363171670#2258072391_14L88808Q1-344179471Q20,,CHI Bears D/ST,NFL,2+ TDs,player_touchdown,,5500.0,,34118028,2026-09-13T17:00:00.0000000Z,,2026-09-09T14:58:03.081222+00:00,,no_player_match,,,,,,,,,,,,,
draftkings,34118028,363171670.0,0QA363171670#2258072366_13L88808Q1301093414Q20,Xavier Legette,,NFL,2+ TDs,player_touchdown,,6000.0,,34118028,2026-09-13T17:00:00.0000000Z,,2026-09-09T14:58:03.081222+00:00,passing_tds+rushing_tds+receiving_tds,estimated,0.2,0.0,15.0,,0.1,,0.004678840160444522,,0.01639344262295082,,True,-0.011714602462506298,
draftkings,34118028,363171670.0,0QA363171670#2258072383_13L88808Q1-2087296206Q20,Kalif Raymond,,NFL,2+ TDs,player_touchdown,,8000.0,,34118028,2026-09-13T17:00:00.0000000Z,,2026-09-09T14:58:03.081222+00:00,passing_tds+rushing_tds+receiving_tds,estimated,0.06666666666666667,0.2,15.0,,0.13333333333333333,,0.008136905084659515,,0.012345679012345678,,True,-0.004208773927686163,
draftkings,34118028,363171670.0,0QA363171670#2258072365_13L88808Q1-2021448682Q20,Bryce Young,,NFL,2+ TDs,player_touchdown,,10000.0,,34118028,2026-09-13T17:00:00.0000000Z,,2026-09-09T14:58:03.081222+00:00,passing_tds+rushing_tds+receiving_tds,estimated,1.5625,1.7100000000000002,16.0,,1.63625,,0.48669883879770764,,0.009900990099009901,,True,0.47679784869869773,
draftkings,34118028,363171670.0,0QA363171670#2258072370_13L88808Q1-496932367Q20,Jimmy Horn Jr.,,NFL,2+ TDs,player_touchdown,,12000.0,,34118028,2026-09-13T17:00:00.0000000Z,,2026-09-09T14:58:03.081222+00:00,passing_tds+rushing_tds+receiving_tds,estimated,0.0,0.0,10.0,,0.0,,4.999838054850042e-13,,0.008264462809917356,,True,-0.008264462809417372,
draftkings,34118028,363171670.0,0QA363171670#2258072388_13L88808Q198254461Q20,Zavion Thomas,,NFL,2+ TDs,player_touchdown,,12000.0,,34118028,2026-09-13T17:00:00.0000000Z,,2026-09-09T14:58:03.081222+00:00,,no_player_match,,,,,,,,,,,,,
draftkings,34118028,363171670.0,0QA363171670#2258072372_13L88808Q1-1228251151Q20,John Metchie III,,NFL,2+ TDs,player_touchdown,,14000.0,,34118028,2026-09-13T17:00:00.0000000Z,,2026-09-09T14:58:03.081222+00:00,passing_tds+rushing_tds+receiving_tds,estimated,0.15384615384615385,0.0,13.0,,0.07692307692307693,,0.002811146077505808,,0.0070921985815602835,,True,-0.004281052504054476,
draftkings,34118028,363171670.0,0QA363171670#2258072386_13L88808Q1-704328598Q20,Jahdae Walker,,NFL,2+ TDs,player_touchdown,,14000.0,,34118028,2026-09-13T17:00:00.0000000Z,,2026-09-09T14:58:03.081222+00:00,passing_tds+rushing_tds+receiving_tds,estimated,0.3333333333333333,0.55,6.0,,0.44166666666666665,,0.0730603471582546,,0.0070921985815602835,,True,0.06596814857669432,
draftkings,34118028,363171670.0,0QA363171670#2258072369_13L88808Q1-2109764413Q20,Ja'Tavion Sanders,,NFL,2+ TDs,player_touchdown,,15000.0,,34118028,2026-09-13T17:00:00.0000000Z,,2026-09-09T14:58:03.081222+00:00,passing_tds+rushing_tds+receiving_tds,estimated,0.08333333333333333,0.35,12.0,,0.21666666666666665,,0.020342039111347493,,0.006622516556291391,,True,0.013719522555056103,
draftkings,34118028,363171670.0,0QA363171670#2258072371_13L88808Q11523582816Q20,Mitchell Evans,,NFL,2+ TDs,player_touchdown,,16000.0,,34118028,2026-09-13T17:00:00.0000000Z,,2026-09-09T14:58:03.081222+00:00,passing_tds+rushing_tds+receiving_tds,estimated,0.14285714285714285,0.0,14.0,,0.07142857142857142,,0.0024327360314042173,,0.006211180124223602,,True,-0.0037784440928193847,
draftkings,34118028,363171670.0,0QA363171670#2258072374_13L88808Q11937197241Q20,Brycen Tremayne,,NFL,2+ TDs,player_touchdown,,20000.0,,34118028,2026-09-13T17:00:00.0000000Z,,2026-09-09T14:58:03.081222+00:00,passing_tds+rushing_tds+receiving_tds,estimated,0.0,0.0,15.0,,0.0,,4.999838054850042e-13,,0.004975124378109453,,True,-0.004975124377609469,
draftkings,34118029,357446781.0,0QA357446781#2252527698_13L88808Q11142036341Q20,David Montgomery,,NFL,First TD Scorer,player_touchdown,,500.0,,34118029,2026-09-13T17:00:00.0000000Z,,2026-09-09T14:58:03.081222+00:00,passing_tds+rushing_tds+receiving_tds,unsupported_market_first_scorer,,,,,,,,,,,,,
draftkings,34118029,357446781.0,0QA357446781#2252527729_13L88808Q11712576467Q20,James Cook,,NFL,First TD Scorer,player_touchdown,,550.0,,34118029,2026-09-13T17:00:00.0000000Z,,2026-09-09T14:58:03.081222+00:00,passing_tds+rushing_tds+receiving_tds,unsupported_market_first_scorer,,,,,,,,,,,,,
draftkings,34118029,357446781.0,0QA357446781#2252527736_13L88808Q1-463703316Q20,Josh Allen,,NFL,First TD Scorer,player_touchdown,,650.0,,34118029,2026-09-13T17:00:00.0000000Z,,2026-09-09T14:58:03.081222+00:00,passing_tds+rushing_tds+receiving_tds,unsupported_market_first_scorer,,,,,,,,,,,,,
draftkings,34118029,357446781.0,0QA357446781#2252527697_13L88808Q1-1965979246Q20,Nico Collins,,NFL,First TD Scorer,player_touchdown,,1000.0,,34118029,2026-09-13T17:00:00.0000000Z,,2026-09-09T14:58:03.081222+00:00,passing_tds+rushing_tds+receiving_tds,unsupported_market_first_scorer,,,,,,,,,,,,,
draftkings,34118029,357446781.0,0QA357446781#2252527695_13L88808Q11357896446Q20,Woody Marks,,NFL,First TD Scorer,player_touchdown,,1200.0,,34118029,2026-09-13T17:00:00.0000000Z,,2026-09-09T14:58:03.081222+00:00,passing_tds+rushing_tds+receiving_tds,unsupported_market_first_scorer,,,,,,,,,,,,,
draftkings,34118029,357446781.0,0QA357446781#2252527700_13L88808Q1685800376Q20,Dalton Schultz,,NFL,First TD Scorer,player_touchdown,,1600.0,,34118029,2026-09-13T17:00:00.0000000Z,,2026-09-09T14:58:03.081222+00:00,passing_tds+rushing_tds+receiving_tds,unsupported_market_first_scorer,,,,,,,,,,,,,
draftkings,34118029,357446781.0,0QA357446781#2252527744_13L88808Q1-1107510400Q20,D.J. Moore,,NFL,First TD Scorer,player_touchdown,,1600.0,,34118029,2026-09-13T17:00:00.0000000Z,,2026-09-09T14:58:03.081222+00:00,,no_player_match,,,,,,,,,,,,,
draftkings,34118029,357446781.0,0QA357446781#2252527761_13L88808Q11376663295Q20,Dalton Kincaid,,NFL,First TD Scorer,player_touchdown,,1700.0,,34118029,2026-09-13T17:00:00.0000000Z,,2026-09-09T14:58:03.081222+00:00,passing_tds+rushing_tds+receiving_tds,unsupported_market_first_scorer,,,,,,,,,,,,,
draftkings,34118029,357446781.0,0QA357446781#2252527748_13L88808Q11836868840Q20,Khalil Shakir,,NFL,First TD Scorer,player_touchdown,,1800.0,,34118029,2026-09-13T17:00:00.0000000Z,,2026-09-09T14:58:03.081222+00:00,passing_tds+rushing_tds+receiving_tds,unsupported_market_first_scorer,,,,,,,,,,,,,
draftkings,34118029,357446781.0,0QA357446781#2258204237_13L88808Q1-1024923591Q20,Kayshon Boutte,,NFL,First TD Scorer,player_touchdown,,2000.0,,34118029,2026-09-13T17:00:00.0000000Z,,2026-09-09T14:58:03.081222+00:00,passing_tds+rushing_tds+receiving_tds,unsupported_market_first_scorer,,,,,,,,,,,,,
draftkings,34118029,357446781.0,0QA357446781#2252527702_13L88808Q1-371053493Q20,Xavier Hutchinson,,NFL,First TD Scorer,player_touchdown,,2500.0,,34118029,2026-09-13T17:00:00.0000000Z,,2026-09-09T14:58:03.081222+00:00,passing_tds+rushing_tds+receiving_tds,unsupported_market_first_scorer,,,,,,,,,,,,,
draftkings,34118029,357446781.0,0QA357446781#2252527707_13L88808Q1809398935Q20,Jaylin Noel,,NFL,First TD Scorer,player_touchdown,,2500.0,,34118029,2026-09-13T17:00:00.0000000Z,,2026-09-09T14:58:03.081222+00:00,passing_tds+rushing_tds+receiving_tds,unsupported_market_first_scorer,,,,,,,,,,,,,
draftkings,34118029,357446781.0,0QA357446781#2252527752_13L88808Q12141773876Q20,Ray Davis,,NFL,First TD Scorer,player_touchdown,,2800.0,,34118029,2026-09-13T17:00:00.0000000Z,,2026-09-09T14:58:03.081222+00:00,passing_tds+rushing_tds+receiving_tds,unsupported_market_first_scorer,,,,,,,,,,,,,
draftkings,34118029,357446781.0,0QA357446781#2252527769_13L88808Q11542210005Q20,Ty Johnson,,NFL,First TD Scorer,player_touchdown,,2800.0,,34118029,2026-09-13T17:00:00.0000000Z,,2026-09-09T14:58:03.081222+00:00,passing_tds+rushing_tds+receiving_tds,unsupported_market_first_scorer,,,,,,,,,,,,,
draftkings,34118029,357446781.0,0QA357446781#2252527779_13L88808Q1-908076192Q20,,HOU Texans D/ST,NFL,First TD Scorer,player_touchdown,,2800.0,,34118029,2026-09-13T17:00:00.0000000Z,,2026-09-09T14:58:03.081222+00:00,,no_player_match,,,,,,,,,,,,,
draftkings,34118029,357446781.0,0QA357446781#2252527780_14L88808Q11657216900Q20,,BUF Bills D/ST,NFL,First TD Scorer,player_touchdown,,2800.0,,34118029,2026-09-13T17:00:00.0000000Z,,2026-09-09T14:58:03.081222+00:00,,no_player_match,,,,,,,,,,,,,
draftkings,34118029,357446781.0,0QA357446781#2252527767_13L88808Q1-2094739783Q20,Dawson Knox,,NFL,First TD Scorer,player_touchdown,,3000.0,,34118029,2026-09-13T17:00:00.0000000Z,,2026-09-09T14:58:03.081222+00:00,passing_tds+rushing_tds+receiving_tds,unsupported_market_first_scorer,,,,,,,,,,,,,
draftkings,34118029,357446781.0,0QA357446781#2252527699_13L88808Q1-216704351Q20,C.J. Stroud,,NFL,First TD Scorer,player_touchdown,,3500.0,,34118029,2026-09-13T17:00:00.0000000Z,,2026-09-09T14:58:03.081222+00:00,passing_tds+rushing_tds+receiving_tds,unsupported_market_first_scorer,,,,,,,,,,,,,
draftkings,34118029,357446781.0,0QA357446781#2252527756_13L88808Q1-1000042723Q20,Keon Coleman,,NFL,First TD Scorer,player_touchdown,,3500.0,,34118029,2026-09-13T17:00:00.0000000Z,,2026-09-09T14:58:03.081222+00:00,passing_tds+rushing_tds+receiving_tds,unsupported_market_first_scorer,,,,,,,,,,,,,
draftkings,34118029,357446781.0,0QA357446781#2252527765_13L88808Q1105562322Q20,Joshua Palmer,,NFL,First TD Scorer,player_touchdown,,4500.0,,34118029,2026-09-13T17:00:00.0000000Z,,2026-09-09T14:58:03.081222+00:00,,no_player_match,,,,,,,,,,,,,
draftkings,34118029,357446781.0,0QA357446781#2252527706_13L88808Q1133362709Q20,Foster Moreau,,NFL,First TD Scorer,player_touchdown,,5000.0,,34118029,2026-09-13T17:00:00.0000000Z,,2026-09-09T14:58:03.081222+00:00,passing_tds+rushing_tds+receiving_tds,unsupported_market_first_scorer,,,,,,,,,,,,,
draftkings,34118029,357446781.0,0QA357446781#2252527771_13L88808Q1-471258604Q20,Jackson Hawes,,NFL,First TD Scorer,player_touchdown,,5000.0,,34118029,2026-09-13T17:00:00.0000000Z,,2026-09-09T14:58:03.081222+00:00,passing_tds+rushing_tds+receiving_tds,unsupported_market_first_scorer,,,,,,,,,,,,,
draftkings,34118029,357446781.0,0QA357446781#2254587740_13L88808Q1-961027904Q20,Skyler Bell,,NFL,First TD Scorer,player_touchdown,,7500.0,,34118029,2026-09-13T17:00:00.0000000Z,,2026-09-09T14:58:03.081222+00:00,,no_player_match,,,,,,,,,,,,,
draftkings,34118029,357446781.0,0QA357446781#2254578117_13L88808Q1681050758Q20,Marlin Klein,,NFL,First TD Scorer,player_touchdown,,8000.0,,34118029,2026-09-13T17:00:00.0000000Z,,2026-09-09T14:58:03.081222+00:00,,no_player_match,,,,,,,,,,,,,
draftkings,34118029,357446781.0,0QA357446781#2252527704_13L88808Q1-1593584282Q20,Cade Stover,,NFL,First TD Scorer,player_touchdown,,9000.0,,34118029,2026-09-13T17:00:00.0000000Z,,2026-09-09T14:58:03.081222+00:00,passing_tds+rushing_tds+receiving_tds,unsupported_market_first_scorer,,,,,,,,,,,,,
draftkings,34118029,357446781.0,0QA357446781#2252527718_13L88808Q1-773861183Q20,British Brooks,,NFL,First TD Scorer,player_touchdown,,11000.0,,34118029,2026-09-13T17:00:00.0000000Z,,2026-09-09T14:58:03.081222+00:00,passing_tds+rushing_tds+receiving_tds,unsupported_market_first_scorer,,,,,,,,,,,,,
draftkings,34118029,357446781.0,0QA357446781#2235245795_13L88808Q1-1777442974Q20,,No Touchdown Scorer,NFL,First TD Scorer,player_touchdown,,13000.0,,34118029,2026-09-13T17:00:00.0000000Z,,2026-09-09T14:58:03.081222+00:00,,no_player_match,,,,,,,,,,,,,
draftkings,34118029,362350810.0,0QA362350810#2254581546_13L88808Q1-311451763Q20,David Montgomery,,NFL,Anytime TD Scorer,player_touchdown,,,,34118029,2026-09-13T17:00:00.0000000Z,,2026-09-09T14:58:03.081222+00:00,passing_tds+rushing_tds+receiving_tds,estimated,0.5294117647058824,0.2,17.0,,0.3647058823529412,,0.3055991436077182,,,,True,,
draftkings,34118029,362350810.0,0QA362350810#2254581561_13L88808Q11826828834Q20,James Cook,,NFL,Anytime TD Scorer,player_touchdown,,,,34118029,2026-09-13T17:00:00.0000000Z,,2026-09-09T14:58:03.081222+00:00,passing_tds+rushing_tds+receiving_tds,estimated,0.8235294117647058,0.76,17.0,,0.7917647058823529,,0.5469554010343173,,,,True,,
draftkings,34118029,362350810.0,0QA362350810#2254581562_13L88808Q1-677035407Q20,Josh Allen,,NFL,Anytime TD Scorer,player_touchdown,,125.0,,34118029,2026-09-13T17:00:00.0000000Z,,2026-09-09T14:58:03.081222+00:00,passing_tds+rushing_tds+receiving_tds,estimated,2.4375,1.94,16.0,,2.1887499999999998,,0.8879432679754969,,0.4444444444444444,,True,0.4434988235310525,
draftkings,34118029,362350810.0,0QA362350810#2254581548_13L88808Q11759839095Q20,Nico Collins,,NFL,Anytime TD Scorer,player_touchdown,,160.0,,34118029,2026-09-13T17:00:00.0000000Z,,2026-09-09T14:58:03.081222+00:00,passing_tds+rushing_tds+receiving_tds,estimated,0.4666666666666667,0.48000000000000004,15.0,,0.4733333333333334,,0.3770776042315769,,0.38461538461538464,,True,-0.007537780383807757,
draftkings,34118029,362350810.0,0QA362350810#2254581547_13L88808Q11052217445Q20,Woody Marks,,NFL,Anytime TD Scorer,player_touchdown,,220.0,,34118029,2026-09-13T17:00:00.0000000Z,,2026-09-09T14:58:03.081222+00:00,passing_tds+rushing_tds+receiving_tds,estimated,0.3125,0.12,16.0,,0.21625,,0.19446610677485865,,0.3125,,True,-0.11803389322514135,
draftkings,34118029,362350810.0,0QA362350810#2254581563_13L88808Q1-1945972036Q20,D.J. Moore,,NFL,Anytime TD Scorer,player_touchdown,,270.0,,34118029,2026-09-13T17:00:00.0000000Z,,2026-09-09T14:58:03.081222+00:00,,no_player_match,,,,,,,,,,,,,
draftkings,34118029,362350810.0,0QA362350810#2254581549_13L88808Q12038958166Q20,Dalton Schultz,,NFL,Anytime TD Scorer,player_touchdown,,300.0,,34118029,2026-09-13T17:00:00.0000000Z,,2026-09-09T14:58:03.081222+00:00,passing_tds+rushing_tds+receiving_tds,estimated,0.17647058823529413,0.32,17.0,,0.24823529411764705,,0.21982364922630127,,0.25,,True,-0.030176350773698735,
draftkings,34118029,362350810.0,0QA362350810#2254581564_13L88808Q12079458734Q20,Khalil Shakir,,NFL,Anytime TD Scorer,player_touchdown,,330.0,,34118029,2026-09-13T17:00:00.0000000Z,,2026-09-09T14:58:03.081222+00:00,passing_tds+rushing_tds+receiving_tds,estimated,0.25,0.12,16.0,,0.185,,0.16889571614787435,,0.23255813953488372,,True,-0.06366242338700936,
draftkings,34118029,362350810.0,0QA362350810#2254581567_13L88808Q1-81077793Q20,Dalton Kincaid,,NFL,Anytime TD Scorer,player_touchdown,,330.0,,34118029,2026-09-13T17:00:00.0000000Z,,2026-09-09T14:58:03.081222+00:00,passing_tds+rushing_tds+receiving_tds,estimated,0.4166666666666667,0.12,12.0,,0.2683333333333333,,0.23534714566734816,,0.23255813953488372,,True,0.002789006132464439,
draftkings,34118029,362350810.0,0QA362350810#2258204273_13L88808Q1401138925Q20,Kayshon Boutte,,NFL,Anytime TD Scorer,player_touchdown,,370.0,,34118029,2026-09-13T17:00:00.0000000Z,,2026-09-09T14:58:03.081222+00:00,passing_tds+rushing_tds+receiving_tds,estimated,0.42857142857142855,0.12,14.0,,0.27428571428571424,,0.2398851314438999,,0.2127659574468085,,True,0.027119173997091378,
draftkings,34118029,362350810.0,0QA362350810#2254581550_13L88808Q1-2078311456Q20,Jaylin Noel,,NFL,Anytime TD Scorer,player_touchdown,,500.0,,34118029,2026-09-13T17:00:00.0000000Z,,2026-09-09T14:58:03.081222+00:00,passing_tds+rushing_tds+receiving_tds,estimated,0.11764705882352941,0.25,17.0,,0.18382352941176472,,0.1679173710178733,,0.16666666666666666,,True,0.0012507043512066385,
draftkings,34118029,362350810.0,0QA362350810#2254581552_13L88808Q1-1444150535Q20,Xavier Hutchinson,,NFL,Anytime TD Scorer,player_touchdown,,500.0,,34118029,2026-09-13T17:00:00.0000000Z,,2026-09-09T14:58:03.081222+00:00,passing_tds+rushing_tds+receiving_tds,estimated,0.1875,0.0,16.0,,0.09375,,0.08948963861996584,,0.16666666666666666,,True,-0.07717702804670082,
draftkings,34118029,362350810.0,0QA362350810#2254581570_13L88808Q11362443903Q20,Ty Johnson,,NFL,Anytime TD Scorer,player_touchdown,,550.0,,34118029,2026-09-13T17:00:00.0000000Z,,2026-09-09T14:58:03.081222+00:00,passing_tds+rushing_tds+receiving_tds,estimated,0.29411764705882354,0.8999999999999999,17.0,,0.5970588235294118,,0.44957183595343675,,0.15384615384615385,,True,0.2957256821072829,
draftkings,34118029,362350810.0,0QA362350810#2254581577_14L88808Q11339473601Q20,,BUF Bills D/ST,NFL,Anytime TD Scorer,player_touchdown,,550.0,,34118029,2026-09-13T17:00:00.0000000Z,,2026-09-09T14:58:03.081222+00:00,,no_player_match,,,,,,,,,,,,,
draftkings,34118029,362350810.0,0QA362350810#2254581565_13L88808Q1614963414Q20,Ray Davis,,NFL,Anytime TD Scorer,player_touchdown,,600.0,,34118029,2026-09-13T17:00:00.0000000Z,,2026-09-09T14:58:03.081222+00:00,passing_tds+rushing_tds+receiving_tds,estimated,0.11764705882352941,0.35,17.0,,0.2338235294117647,,0.2084985196962904,,0.14285714285714285,,True,0.06564137683914756,
draftkings,34118029,362350810.0,0QA362350810#2254581576_13L88808Q11076091956Q20,,HOU Texans D/ST,NFL,Anytime TD Scorer,player_touchdown,,600.0,,34118029,2026-09-13T17:00:00.0000000Z,,2026-09-09T14:58:03.081222+00:00,,no_player_match,,,,,,,,,,,,,
draftkings,34118029,362350810.0,0QA362350810#2254581569_13L88808Q11470829306Q20,Dawson Knox,,NFL,Anytime TD Scorer,player_touchdown,,650.0,,34118029,2026-09-13T17:00:00.0000000Z,,2026-09-09T14:58:03.081222+00:00,passing_tds+rushing_tds+receiving_tds,estimated,0.25,0.59,16.0,,0.42,,0.34295318018494325,,0.13333333333333333,,True,0.20961984685160992,
draftkings,34118029,362350810.0,0QA362350810#2254581566_13L88808Q1-2072232579Q20,Keon Coleman,,NFL,Anytime TD Scorer,player_touchdown,,700.0,,34118029,2026-09-13T17:00:00.0000000Z,,2026-09-09T14:58:03.081222+00:00,passing_tds+rushing_tds+receiving_tds,estimated,0.3333333333333333,0.32,12.0,,0.32666666666666666,,0.278675855661058,,0.125,,True,0.15367585566105801,
draftkings,34118029,362350810.0,0QA362350810#2254581531_13L88808Q1242387080Q20,C.J. Stroud,,NFL,Anytime TD Scorer,player_touchdown,,850.0,,34118029,2026-09-13T17:00:00.0000000Z,,2026-09-09T14:58:03.081222+00:00,passing_tds+rushing_tds+receiving_tds,estimated,1.4285714285714286,1.8399999999999999,14.0,,1.6342857142857143,,0.8049083272624413,,0.10526315789473684,,True,0.6996451693677045,
draftkings,34118029,362350810.0,0QA362350810#2254581568_13L88808Q11389870616Q20,Joshua Palmer,,NFL,Anytime TD Scorer,player_touchdown,,1000.0,,34118029,2026-09-13T17:00:00.0000000Z,,2026-09-09T14:58:03.081222+00:00,,no_player_match,,,,,,,,,,,,,
draftkings,34118029,362350810.0,0QA362350810#2254581553_13L88808Q1-1461677560Q20,Foster Moreau,,NFL,Anytime TD Scorer,player_touchdown,,1100.0,,34118029,2026-09-13T17:00:00.0000000Z,,2026-09-09T14:58:03.081222+00:00,passing_tds+rushing_tds+receiving_tds,estimated,0.0,0.0,7.0,,0.0,,9.999994999843054e-07,,0.08333333333333333,,True,-0.08333233333383334,
draftkings,34118029,362350810.0,0QA362350810#2254581571_13L88808Q11731434928Q20,Jackson Hawes,,NFL,Anytime TD Scorer,player_touchdown,,1200.0,,34118029,2026-09-13T17:00:00.0000000Z,,2026-09-09T14:58:03.081222+00:00,passing_tds+rushing_tds+receiving_tds,estimated,0.23076923076923078,0.12,13.0,,0.1753846153846154,,0.16086578523364703,,0.07692307692307693,,True,0.0839427083105701,
draftkings,34118029,362350810.0,0QA362350810#2254587758_13L88808Q1-43712423Q20,Skyler Bell,,NFL,Anytime TD Scorer,player_touchdown,,1600.0,,34118029,2026-09-13T17:00:00.0000000Z,,2026-09-09T14:58:03.081222+00:00,,no_player_match,,,,,,,,,,,,,
draftkings,34118029,362350810.0,0QA362350810#2254581554_13L88808Q1611489861Q20,Cade Stover,,NFL,Anytime TD Scorer,player_touchdown,,1900.0,,34118029,2026-09-13T17:00:00.0000000Z,,2026-09-09T14:58:03.081222+00:00,passing_tds+rushing_tds+receiving_tds,estimated,0.0,0.0,6.0,,0.0,,9.999994999843054e-07,,0.05,,True,-0.04999900000050002,
draftkings,34118029,362350810.0,0QA362350810#2254581556_13L88808Q1-1683593135Q20,Marlin Klein,,NFL,Anytime TD Scorer,player_touchdown,,1900.0,,34118029,2026-09-13T17:00:00.0000000Z,,2026-09-09T14:58:03.081222+00:00,,no_player_match,,,,,,,,,,,,,
draftkings,34118029,362350810.0,0QA362350810#2254581560_13L88808Q1373821159Q20,British Brooks,,NFL,Anytime TD Scorer,player_touchdown,,3000.0,,34118029,2026-09-13T17:00:00.0000000Z,,2026-09-09T14:58:03.081222+00:00,passing_tds+rushing_tds+receiving_tds,estimated,0.0,0.0,8.0,,0.0,,9.999994999843054e-07,,0.03225806451612903,,True,-0.03225706451662905,
draftkings,34118029,363186669.0,0QA363186669#2258117149_13L88808Q1498526184Q20,David Montgomery,,NFL,2+ TDs,player_touchdown,,450.0,,34118029,2026-09-13T17:00:00.0000000Z,,2026-09-09T14:58:03.081222+00:00,passing_tds+rushing_tds+receiving_tds,estimated,0.5294117647058824,0.2,17.0,,0.3647058823529412,,0.05234706657053306,,0.18181818181818182,,True,-0.12947111524764876,
draftkings,34118029,363186669.0,0QA363186669#2258117164_13L88808Q1503159412Q20,James Cook,,NFL,2+ TDs,player_touchdown,,600.0,,34118029,2026-09-13T17:00:00.0000000Z,,2026-09-09T14:58:03.081222+00:00,passing_tds+rushing_tds+receiving_tds,estimated,0.8235294117647058,0.76,17.0,,0.7917647058823529,,0.188250677382665,,0.14285714285714285,,True,0.04539353452552214,
draftkings,34118029,363186669.0,0QA363186669#2258117165_13L88808Q11587218485Q20,Josh Allen,,NFL,2+ TDs,player_touchdown,,800.0,,34118029,2026-09-13T17:00:00.0000000Z,,2026-09-09T14:58:03.081222+00:00,passing_tds+rushing_tds+receiving_tds,estimated,2.4375,1.94,16.0,,2.1887499999999998,,0.642679095756866,,0.1111111111111111,,True,0.5315679846457548,
draftkings,34118029,363186669.0,0QA363186669#2258117150_13L88808Q1-721675132Q20,Nico Collins,,NFL,2+ TDs,player_touchdown,,1300.0,,34118029,2026-09-13T17:00:00.0000000Z,,2026-09-09T14:58:03.081222+00:00,passing_tds+rushing_tds+receiving_tds,estimated,0.4666666666666667,0.48000000000000004,15.0,,0.4733333333333334,,0.08222767023452326,,0.07142857142857142,,True,0.01079909880595184,
draftkings,34118029,363186669.0,0QA363186669#2258117151_13L88808Q1-1684897682Q20,Woody Marks,,NFL,2+ TDs,player_touchdown,,1800.0,,34118029,2026-09-13T17:00:00.0000000Z,,2026-09-09T14:58:03.081222+00:00,passing_tds+rushing_tds+receiving_tds,estimated,0.3125,0.12,16.0,,0.21625,,0.020269402364921835,,0.05263157894736842,,True,-0.03236217658244658,
draftkings,34118029,363186669.0,0QA363186669#2258117166_13L88808Q12038776476Q20,D.J. Moore,,NFL,2+ TDs,player_touchdown,,2500.0,,34118029,2026-09-13T17:00:00.0000000Z,,2026-09-09T14:58:03.081222+00:00,,no_player_match,,,,,,,,,,,,,
draftkings,34118029,363186669.0,0QA363186669#2258117152_13L88808Q11595670410Q20,Dalton Schultz,,NFL,2+ TDs,player_touchdown,,3000.0,,34118029,2026-09-13T17:00:00.0000000Z,,2026-09-09T14:58:03.081222+00:00,passing_tds+rushing_tds+receiving_tds,estimated,0.17647058823529413,0.32,17.0,,0.24823529411764705,,0.026156343328359588,,0.03225806451612903,,True,-0.006101721187769443,
draftkings,34118029,363186669.0,0QA363186669#2258117167_13L88808Q1-920828078Q20,Dalton Kincaid,,NFL,2+ TDs,player_touchdown,,3000.0,,34118029,2026-09-13T17:00:00.0000000Z,,2026-09-09T14:58:03.081222+00:00,passing_tds+rushing_tds+receiving_tds,estimated,0.4166666666666667,0.12,12.0,,0.2683333333333333,,0.030165296421419935,,0.03225806451612903,,True,-0.0020927680947090965,
draftkings,34118029,363186669.0,0QA363186669#2258117168_13L88808Q1-1360222472Q20,Khalil Shakir,,NFL,2+ TDs,player_touchdown,,3500.0,,34118029,2026-09-13T17:00:00.0000000Z,,2026-09-09T14:58:03.081222+00:00,passing_tds+rushing_tds+receiving_tds,estimated,0.25,0.12,16.0,,0.185,,0.015141423635231105,,0.027777777777777776,,True,-0.012636354142546671,
draftkings,34118029,363186669.0,0QA363186669#2258204274_13L88808Q1-1010510811Q20,Kayshon Boutte,,NFL,2+ TDs,player_touchdown,,4000.0,,34118029,2026-09-13T17:00:00.0000000Z,,2026-09-09T14:58:03.081222+00:00,passing_tds+rushing_tds+receiving_tds,estimated,0.42857142857142855,0.12,14.0,,0.27428571428571424,,0.03139648178279819,,0.024390243902439025,,True,0.007006237880359166,
draftkings,34118029,363186669.0,0QA363186669#2258116936_13L88808Q1-1496356005Q20,,HOU Texans D/ST,NFL,2+ TDs,player_touchdown,,5500.0,,34118029,2026-09-13T17:00:00.0000000Z,,2026-09-09T14:58:03.081222+00:00,,no_player_match,,,,,,,,,,,,,
draftkings,34118029,363186669.0,0QA363186669#2258116937_14L88808Q1-530195986Q20,,BUF Bills D/ST,NFL,2+ TDs,player_touchdown,,5500.0,,34118029,2026-09-13T17:00:00.0000000Z,,2026-09-09T14:58:03.081222+00:00,,no_player_match,,,,,,,,,,,,,
draftkings,34118029,363186669.0,0QA363186669#2258117153_13L88808Q1-1591602463Q20,Jaylin Noel,,NFL,2+ TDs,player_touchdown,,6500.0,,34118029,2026-09-13T17:00:00.0000000Z,,2026-09-09T14:58:03.081222+00:00,passing_tds+rushing_tds+receiving_tds,estimated,0.11764705882352941,0.25,17.0,,0.18382352941176472,,0.014961005396158827,,0.015151515151515152,,True,-0.00019050975535632453,
draftkings,34118029,363186669.0,0QA363186669#2258117156_13L88808Q11497747421Q20,Xavier Hutchinson,,NFL,2+ TDs,player_touchdown,,6500.0,,34118029,2026-09-13T17:00:00.0000000Z,,2026-09-09T14:58:03.081222+00:00,passing_tds+rushing_tds+receiving_tds,estimated,0.1875,0.0,16.0,,0.09375,,0.00412929224058764,,0.015151515151515152,,True,-0.011022222910927512,
draftkings,34118029,363186669.0,0QA363186669#2258117173_13L88808Q1-1261481743Q20,Ray Davis,,NFL,2+ TDs,player_touchdown,,6500.0,,34118029,2026-09-13T17:00:00.0000000Z,,2026-09-09T14:58:03.081222+00:00,passing_tds+rushing_tds+receiving_tds,estimated,0.11764705882352941,0.35,17.0,,0.2338235294117647,,0.023426850037040675,,0.015151515151515152,,True,0.008275334885525523,
draftkings,34118029,363186669.0,0QA363186669#2258117172_13L88808Q11837409965Q20,Ty Johnson,,NFL,2+ TDs,player_touchdown,,7000.0,,34118029,2026-09-13T17:00:00.0000000Z,,2026-09-09T14:58:03.081222+00:00,passing_tds+rushing_tds+receiving_tds,estimated,0.29411764705882354,0.8999999999999999,17.0,,0.5970588235294118,,0.12093384389034162,,0.014084507042253521,,True,0.1068493368480881,
draftkings,34118029,363186669.0,0QA363186669#2258117169_13L88808Q1-2143181684Q20,Keon Coleman,,NFL,2+ TDs,player_touchdown,,8000.0,,34118029,2026-09-13T17:00:00.0000000Z,,2026-09-09T14:58:03.081222+00:00,passing_tds+rushing_tds+receiving_tds,estimated,0.3333333333333333,0.32,12.0,,0.32666666666666666,,0.043043301843670306,,0.012345679012345678,,True,0.030697622831324628,
draftkings,34118029,363186669.0,0QA363186669#2258117170_13L88808Q1-116043467Q20,Dawson Knox,,NFL,2+ TDs,player_touchdown,,8000.0,,34118029,2026-09-13T17:00:00.0000000Z,,2026-09-09T14:58:03.081222+00:00,passing_tds+rushing_tds+receiving_tds,estimated,0.25,0.59,16.0,,0.42,,0.06699351586261942,,0.012345679012345678,,True,0.054647836850273745,
draftkings,34118029,363186669.0,0QA363186669#2258117155_13L88808Q1389233581Q20,C.J. Stroud,,NFL,2+ TDs,player_touchdown,,10000.0,,34118029,2026-09-13T17:00:00.0000000Z,,2026-09-09T14:58:03.081222+00:00,passing_tds+rushing_tds+receiving_tds,estimated,1.4285714285714286,1.8399999999999999,14.0,,1.6342857142857143,,0.48607279353134547,,0.009900990099009901,,True,0.47617180343233556,
draftkings,34118029,363186669.0,0QA363186669#2258117159_13L88808Q1257323792Q20,Foster Moreau,,NFL,2+ TDs,player_touchdown,,13000.0,,34118029,2026-09-13T17:00:00.0000000Z,,2026-09-09T14:58:03.081222+00:00,passing_tds+rushing_tds+receiving_tds,estimated,0.0,0.0,7.0,,0.0,,4.999838054850042e-13,,0.007633587786259542,,True,-0.007633587785759558,
draftkings,34118029,363186669.0,0QA363186669#2258117171_13L88808Q1-794739413Q20,Joshua Palmer,,NFL,2+ TDs,player_touchdown,,13000.0,,34118029,2026-09-13T17:00:00.0000000Z,,2026-09-09T14:58:03.081222+00:00,,no_player_match,,,,,,,,,,,,,
draftkings,34118029,363186669.0,0QA363186669#2258127923_13L88808Q1-969709662Q20,Jackson Hawes,,NFL,2+ TDs,player_touchdown,,18000.0,,34118029,2026-09-13T17:00:00.0000000Z,,2026-09-09T14:58:03.081222+00:00,passing_tds+rushing_tds+receiving_tds,estimated,0.23076923076923078,0.12,13.0,,0.1753846153846154,,0.013694553720778962,,0.0055248618784530384,,True,0.008169691842325924,
draftkings,34118029,363186669.0,0QA363186669#2258118459_13L88808Q1-1614911956Q20,British Brooks,,NFL,2+ TDs,player_touchdown,,20000.0,,34118029,2026-09-13T17:00:00.0000000Z,,2026-09-09T14:58:03.081222+00:00,passing_tds+rushing_tds+receiving_tds,estimated,0.0,0.0,8.0,,0.0,,4.999838054850042e-13,,0.004975124378109453,,True,-0.004975124377609469,
draftkings,34118029,363186669.0,0QA363186669#2258117160_13L88808Q11568418663Q20,Marlin Klein,,NFL,2+ TDs,player_touchdown,,20000.0,,34118029,2026-09-13T17:00:00.0000000Z,,2026-09-09T14:58:03.081222+00:00,,no_player_match,,,,,,,,,,,,,
draftkings,34118029,363186669.0,0QA363186669#2258117162_13L88808Q1-1337686021Q20,Cade Stover,,NFL,2+ TDs,player_touchdown,,20000.0,,34118029,2026-09-13T17:00:00.0000000Z,,2026-09-09T14:58:03.081222+00:00,passing_tds+rushing_tds+receiving_tds,estimated,0.0,0.0,6.0,,0.0,,4.999838054850042e-13,,0.004975124378109453,,True,-0.004975124377609469,
draftkings,34118029,363186669.0,0QA363186669#2258117174_13L88808Q12075072711Q20,Skyler Bell,,NFL,2+ TDs,player_touchdown,,20000.0,,34118029,2026-09-13T17:00:00.0000000Z,,2026-09-09T14:58:03.081222+00:00,,no_player_match,,,,,,,,,,,,,
draftkings,34118266,357446852.0,0QA357446852#2251312989_13L88808Q1472369560Q20,Derrick Henry,,NFL,First TD Scorer,player_touchdown,,360.0,,34118266,2026-09-13T17:00:00.0000000Z,,2026-09-09T14:58:03.081222+00:00,passing_tds+rushing_tds+receiving_tds,unsupported_market_first_scorer,,,,,,,,,,,,,
draftkings,34118266,357446852.0,0QA357446852#2251312971_13L88808Q1-1002379125Q20,Jonathan Taylor,,NFL,First TD Scorer,player_touchdown,,390.0,,34118266,2026-09-13T17:00:00.0000000Z,,2026-09-09T14:58:03.081222+00:00,passing_tds+rushing_tds+receiving_tds,unsupported_market_first_scorer,,,,,,,,,,,,,
draftkings,34118266,357446852.0,0QA357446852#2251312991_13L88808Q12090914505Q20,Zay Flowers,,NFL,First TD Scorer,player_touchdown,,1000.0,,34118266,2026-09-13T17:00:00.0000000Z,,2026-09-09T14:58:03.081222+00:00,passing_tds+rushing_tds+receiving_tds,unsupported_market_first_scorer,,,,,,,,,,,,,
draftkings,34118266,357446852.0,0QA357446852#2251312992_13L88808Q1-1441350152Q20,Mark Andrews,,NFL,First TD Scorer,player_touchdown,,1200.0,,34118266,2026-09-13T17:00:00.0000000Z,,2026-09-09T14:58:03.081222+00:00,passing_tds+rushing_tds+receiving_tds,unsupported_market_first_scorer,,,,,,,,,,,,,
draftkings,34118266,357446852.0,0QA357446852#2251312972_13L88808Q1-712226102Q20,Tyler Warren,,NFL,First TD Scorer,player_touchdown,,1400.0,,34118266,2026-09-13T17:00:00.0000000Z,,2026-09-09T14:58:03.081222+00:00,passing_tds+rushing_tds+receiving_tds,unsupported_market_first_scorer,,,,,,,,,,,,,
draftkings,34118266,357446852.0,0QA357446852#2251312990_13L88808Q1-1706978706Q20,Lamar Jackson,,NFL,First TD Scorer,player_touchdown,,1400.0,,34118266,2026-09-13T17:00:00.0000000Z,,2026-09-09T14:58:03.081222+00:00,passing_tds+rushing_tds+receiving_tds,unsupported_market_first_scorer,,,,,,,,,,,,,
draftkings,34118266,357446852.0,0QA357446852#2251312974_13L88808Q1-654674812Q20,Josh Downs,,NFL,First TD Scorer,player_touchdown,,1700.0,,34118266,2026-09-13T17:00:00.0000000Z,,2026-09-09T14:58:03.081222+00:00,passing_tds+rushing_tds+receiving_tds,unsupported_market_first_scorer,,,,,,,,,,,,,
draftkings,34118266,357446852.0,0QA357446852#2251312993_13L88808Q1-155916787Q20,Rashod Bateman,,NFL,First TD Scorer,player_touchdown,,1800.0,,34118266,2026-09-13T17:00:00.0000000Z,,2026-09-09T14:58:03.081222+00:00,passing_tds+rushing_tds+receiving_tds,unsupported_market_first_scorer,,,,,,,,,,,,,
draftkings,34118266,357446852.0,0QA357446852#2251321839_13L88808Q1954534872Q20,Alec Pierce,,NFL,First TD Scorer,player_touchdown,,1900.0,,34118266,2026-09-13T17:00:00.0000000Z,,2026-09-09T14:58:03.081222+00:00,passing_tds+rushing_tds+receiving_tds,unsupported_market_first_scorer,,,,,,,,,,,,,
draftkings,34118266,357446852.0,0QA357446852#2251312973_13L88808Q1166100500Q20,Keenan Allen,,NFL,First TD Scorer,player_touchdown,,2000.0,,34118266,2026-09-13T17:00:00.0000000Z,,2026-09-09T14:58:03.081222+00:00,passing_tds+rushing_tds+receiving_tds,unsupported_market_first_scorer,,,,,,,,,,,,,
draftkings,34118266,357446852.0,0QA357446852#2251327217_13L88808Q1-1889004413Q20,Ja'Kobi Lane,,NFL,First TD Scorer,player_touchdown,,2000.0,,34118266,2026-09-13T17:00:00.0000000Z,,2026-09-09T14:58:03.081222+00:00,,no_player_match,,,,,,,,,,,,,
draftkings,34118266,357446852.0,0QA357446852#2251312975_13L88808Q1-728613763Q20,Daniel Jones,,NFL,First TD Scorer,player_touchdown,,2500.0,,34118266,2026-09-13T17:00:00.0000000Z,,2026-09-09T14:58:03.081222+00:00,passing_tds+rushing_tds+receiving_tds,unsupported_market_first_scorer,,,,,,,,,,,,,
draftkings,34118266,357446852.0,0QA357446852#2251312995_13L88808Q1-1704978700Q20,Justice Hill,,NFL,First TD Scorer,player_touchdown,,2800.0,,34118266,2026-09-13T17:00:00.0000000Z,,2026-09-09T14:58:03.081222+00:00,passing_tds+rushing_tds+receiving_tds,unsupported_market_first_scorer,,,,,,,,,,,,,
draftkings,34118266,357446852.0,0QA357446852#2251313004_14L88808Q11972407805Q20,,BAL Ravens D/ST,NFL,First TD Scorer,player_touchdown,,2800.0,,34118266,2026-09-13T17:00:00.0000000Z,,2026-09-09T14:58:03.081222+00:00,,no_player_match,,,,,,,,,,,,,
draftkings,34118266,357446852.0,0QA357446852#2251313003_13L88808Q1-1747529940Q20,,IND Colts D/ST,NFL,First TD Scorer,player_touchdown,,3000.0,,34118266,2026-09-13T17:00:00.0000000Z,,2026-09-09T14:58:03.081222+00:00,,no_player_match,,,,,,,,,,,,,
draftkings,34118266,357446852.0,0QA357446852#2251312978_13L88808Q11132118027Q20,Mo Alie-Cox,,NFL,First TD Scorer,player_touchdown,,3500.0,,34118266,2026-09-13T17:00:00.0000000Z,,2026-09-09T14:58:03.081222+00:00,passing_tds+rushing_tds+receiving_tds,unsupported_market_first_scorer,,,,,,,,,,,,,
draftkings,34118266,357446852.0,0QA357446852#2251338118_13L88808Q1-532464011Q20,Seth McGowan,,NFL,First TD Scorer,player_touchdown,,4500.0,,34118266,2026-09-13T17:00:00.0000000Z,,2026-09-09T14:58:03.081222+00:00,,no_player_match,,,,,,,,,,,,,
draftkings,34118266,357446852.0,0QA357446852#2251312976_13L88808Q1-1625928854Q20,Ashton Dulin,,NFL,First TD Scorer,player_touchdown,,5500.0,,34118266,2026-09-13T17:00:00.0000000Z,,2026-09-09T14:58:03.081222+00:00,passing_tds+rushing_tds+receiving_tds,unsupported_market_first_scorer,,,,,,,,,,,,,
draftkings,34118266,357446852.0,0QA357446852#2251312997_13L88808Q11433080497Q20,Devontez Walker,,NFL,First TD Scorer,player_touchdown,,5500.0,,34118266,2026-09-13T17:00:00.0000000Z,,2026-09-09T14:58:03.081222+00:00,passing_tds+rushing_tds+receiving_tds,unsupported_market_first_scorer,,,,,,,,,,,,,
draftkings,34118266,357446852.0,0QA357446852#2251312983_13L88808Q1220234579Q20,Laquon Treadwell,,NFL,First TD Scorer,player_touchdown,,6000.0,,34118266,2026-09-13T17:00:00.0000000Z,,2026-09-09T14:58:03.081222+00:00,passing_tds+rushing_tds+receiving_tds,unsupported_market_first_scorer,,,,,,,,,,,,,
draftkings,34118266,357446852.0,0QA357446852#2251312999_13L88808Q11413281239Q20,Durham Smythe,,NFL,First TD Scorer,player_touchdown,,6500.0,,34118266,2026-09-13T17:00:00.0000000Z,,2026-09-09T14:58:03.081222+00:00,passing_tds+rushing_tds+receiving_tds,unsupported_market_first_scorer,,,,,,,,,,,,,
draftkings,34118266,357446852.0,0QA357446852#2251327218_13L88808Q1-1803883276Q20,Elijah Sarratt,,NFL,First TD Scorer,player_touchdown,,6500.0,,34118266,2026-09-13T17:00:00.0000000Z,,2026-09-09T14:58:03.081222+00:00,,no_player_match,,,,,,,,,,,,,
draftkings,34118266,357446852.0,0QA357446852#2274373257_13L88808Q11545220998Q20,Deion Burks,,NFL,First TD Scorer,player_touchdown,,6500.0,,34118266,2026-09-13T17:00:00.0000000Z,,2026-09-09T14:58:03.081222+00:00,,no_player_match,,,,,,,,,,,,,
draftkings,34118266,357446852.0,0QA357446852#2251312987_13L88808Q1853641200Q20,DJ Giddens,,NFL,First TD Scorer,player_touchdown,,7000.0,,34118266,2026-09-13T17:00:00.0000000Z,,2026-09-09T14:58:03.081222+00:00,passing_tds+rushing_tds+receiving_tds,unsupported_market_first_scorer,,,,,,,,,,,,,
draftkings,34118266,357446852.0,0QA357446852#2251312996_13L88808Q1-1369781902Q20,Rasheen Ali,,NFL,First TD Scorer,player_touchdown,,7500.0,,34118266,2026-09-13T17:00:00.0000000Z,,2026-09-09T14:58:03.081222+00:00,passing_tds+rushing_tds+receiving_tds,unsupported_market_first_scorer,,,,,,,,,,,,,
draftkings,34118266,357446852.0,0QA357446852#2251312980_13L88808Q12124793881Q20,Andrew Ogletree,,NFL,First TD Scorer,player_touchdown,,8000.0,,34118266,2026-09-13T17:00:00.0000000Z,,2026-09-09T14:58:03.081222+00:00,passing_tds+rushing_tds+receiving_tds,unsupported_market_first_scorer,,,,,,,,,,,,,
draftkings,34118266,357446852.0,0QA357446852#2251340137_13L88808Q1111712790Q20,Josh Cuevas,,NFL,First TD Scorer,player_touchdown,,9000.0,,34118266,2026-09-13T17:00:00.0000000Z,,2026-09-09T14:58:03.081222+00:00,,no_player_match,,,,,,,,,,,,,
draftkings,34118266,357446852.0,0QA357446852#2255962051_13L88808Q12035855609Q20,Matthew Hibner,,NFL,First TD Scorer,player_touchdown,,9000.0,,34118266,2026-09-13T17:00:00.0000000Z,,2026-09-09T14:58:03.081222+00:00,,no_player_match,,,,,,,,,,,,,
draftkings,34118266,357446852.0,0QA357446852#2251313001_13L88808Q11400635301Q20,LaJohntay Wester,,NFL,First TD Scorer,player_touchdown,,11000.0,,34118266,2026-09-13T17:00:00.0000000Z,,2026-09-09T14:58:03.081222+00:00,passing_tds+rushing_tds+receiving_tds,unsupported_market_first_scorer,,,,,,,,,,,,,
draftkings,34118266,357446852.0,0QA357446852#2235245952_13L88808Q1-1777442974Q20,,No Touchdown Scorer,NFL,First TD Scorer,player_touchdown,,20000.0,,34118266,2026-09-13T17:00:00.0000000Z,,2026-09-09T14:58:03.081222+00:00,,no_player_match,,,,,,,,,,,,,
draftkings,34118266,361505183.0,0QA361505183#2251317255_13L88808Q1-660534674Q20,Derrick Henry,,NFL,Anytime TD Scorer,player_touchdown,,,,34118266,2026-09-13T17:00:00.0000000Z,,2026-09-09T14:58:03.081222+00:00,passing_tds+rushing_tds+receiving_tds,estimated,0.9411764705882353,1.4,17.0,,1.1705882352941175,,0.6898155738373193,,,,True,,
draftkings,34118266,361505183.0,0QA361505183#2251317238_13L88808Q1-1720506042Q20,Jonathan Taylor,,NFL,Anytime TD Scorer,player_touchdown,,,,34118266,2026-09-13T17:00:00.0000000Z,,2026-09-09T14:58:03.081222+00:00,passing_tds+rushing_tds+receiving_tds,estimated,1.1764705882352942,0.53,17.0,,0.8532352941176471,,0.5739656465733917,,,,True,,
draftkings,34118266,361505183.0,0QA361505183#2251317257_13L88808Q12018204784Q20,Zay Flowers,,NFL,Anytime TD Scorer,player_touchdown,,170.0,,34118266,2026-09-13T17:00:00.0000000Z,,2026-09-09T14:58:03.081222+00:00,passing_tds+rushing_tds+receiving_tds,estimated,0.35294117647058826,1.27,17.0,,0.8114705882352942,,0.5557956560196892,,0.37037037037037035,,True,0.18542528564931882,
draftkings,34118266,361505183.0,0QA361505183#2251317258_13L88808Q1-1031442765Q20,Mark Andrews,,NFL,Anytime TD Scorer,player_touchdown,,195.0,,34118266,2026-09-13T17:00:00.0000000Z,,2026-09-09T14:58:03.081222+00:00,passing_tds+rushing_tds+receiving_tds,estimated,0.35294117647058826,0.0,17.0,,0.17647058823529413,,0.1617765675770001,,0.3389830508474576,,True,-0.17720648327045752,
draftkings,34118266,361505183.0,0QA361505183#2251317239_13L88808Q1-297522584Q20,Tyler Warren,,NFL,Anytime TD Scorer,player_touchdown,,240.0,,34118266,2026-09-13T17:00:00.0000000Z,,2026-09-09T14:58:03.081222+00:00,passing_tds+rushing_tds+receiving_tds,estimated,0.29411764705882354,0.0,17.0,,0.14705882352941177,,0.13675680308879323,,0.29411764705882354,,True,-0.1573608439700303,
draftkings,34118266,361505183.0,0QA361505183#2251317256_13L88808Q1-1643070992Q20,Lamar Jackson,,NFL,Anytime TD Scorer,player_touchdown,,250.0,,34118266,2026-09-13T17:00:00.0000000Z,,2026-09-09T14:58:03.081222+00:00,passing_tds+rushing_tds+receiving_tds,estimated,1.7692307692307692,1.6899999999999997,13.0,,1.7296153846153843,,0.8226473906041618,,0.2857142857142857,,True,0.5369331048898761,
draftkings,34118266,361505183.0,0QA361505183#2251317241_13L88808Q1-883785420Q20,Josh Downs,,NFL,Anytime TD Scorer,player_touchdown,,275.0,,34118266,2026-09-13T17:00:00.0000000Z,,2026-09-09T14:58:03.081222+00:00,passing_tds+rushing_tds+receiving_tds,estimated,0.25,0.12,16.0,,0.185,,0.16889571614787435,,0.26666666666666666,,True,-0.09777095051879231,
draftkings,34118266,361505183.0,0QA361505183#2251321881_13L88808Q1-1866642147Q20,Alec Pierce,,NFL,Anytime TD Scorer,player_touchdown,,300.0,,34118266,2026-09-13T17:00:00.0000000Z,,2026-09-09T14:58:03.081222+00:00,passing_tds+rushing_tds+receiving_tds,estimated,0.4,1.1,15.0,,0.75,,0.5276334472589853,,0.25,,True,0.2776334472589853,
draftkings,34118266,361505183.0,0QA361505183#2251317240_13L88808Q1716026518Q20,Keenan Allen,,NFL,Anytime TD Scorer,player_touchdown,,330.0,,34118266,2026-09-13T17:00:00.0000000Z,,2026-09-09T14:58:03.081222+00:00,passing_tds+rushing_tds+receiving_tds,estimated,0.23529411764705882,0.0,17.0,,0.11764705882352941,,0.11099023459722435,,0.23255813953488372,,True,-0.12156790493765937,
draftkings,34118266,361505183.0,0QA361505183#2251317259_13L88808Q1-511742258Q20,Rashod Bateman,,NFL,Anytime TD Scorer,player_touchdown,,340.0,,34118266,2026-09-13T17:00:00.0000000Z,,2026-09-09T14:58:03.081222+00:00,passing_tds+rushing_tds+receiving_tds,estimated,0.15384615384615385,0.0,13.0,,0.07692307692307693,,0.07403892135768397,,0.22727272727272727,,True,-0.1532338059150433,
draftkings,34118266,361505183.0,0QA361505183#2251327269_13L88808Q1-419779727Q20,Ja'Kobi Lane,,NFL,Anytime TD Scorer,player_touchdown,,400.0,,34118266,2026-09-13T17:00:00.0000000Z,,2026-09-09T14:58:03.081222+00:00,,no_player_match,,,,,,,,,,,,,
draftkings,34118266,361505183.0,0QA361505183#2251317180_13L88808Q1-1969802282Q20,Daniel Jones,,NFL,Anytime TD Scorer,player_touchdown,,500.0,,34118266,2026-09-13T17:00:00.0000000Z,,2026-09-09T14:58:03.081222+00:00,passing_tds+rushing_tds+receiving_tds,estimated,1.8461538461538463,1.18,13.0,,1.5130769230769232,,0.779768700393738,,0.16666666666666666,,True,0.6131020337270714,
draftkings,34118266,361505183.0,0QA361505183#2251317261_13L88808Q11994625172Q20,Justice Hill,,NFL,Anytime TD Scorer,player_touchdown,,550.0,,34118266,2026-09-13T17:00:00.0000000Z,,2026-09-09T14:58:03.081222+00:00,passing_tds+rushing_tds+receiving_tds,estimated,0.3,0.25,10.0,,0.275,,0.24042787677503152,,0.15384615384615385,,True,0.08658172292887767,
draftkings,34118266,361505183.0,0QA361505183#2251317267_13L88808Q1-602759403Q20,,IND Colts D/ST,NFL,Anytime TD Scorer,player_touchdown,,550.0,,34118266,2026-09-13T17:00:00.0000000Z,,2026-09-09T14:58:03.081222+00:00,,no_player_match,,,,,,,,,,,,,
draftkings,34118266,361505183.0,0QA361505183#2251317268_14L88808Q1817922960Q20,,BAL Ravens D/ST,NFL,Anytime TD Scorer,player_touchdown,,600.0,,34118266,2026-09-13T17:00:00.0000000Z,,2026-09-09T14:58:03.081222+00:00,,no_player_match,,,,,,,,,,,,,
draftkings,34118266,361505183.0,0QA361505183#2251317245_13L88808Q1-1885662408Q20,Mo Alie-Cox,,NFL,Anytime TD Scorer,player_touchdown,,750.0,,34118266,2026-09-13T17:00:00.0000000Z,,2026-09-09T14:58:03.081222+00:00,passing_tds+rushing_tds+receiving_tds,estimated,0.09090909090909091,0.25,11.0,,0.17045454545454547,,0.15671858026890773,,0.11764705882352941,,True,0.039071521445378316,
draftkings,34118266,361505183.0,0QA361505183#2251338038_13L88808Q1-348566577Q20,Seth McGowan,,NFL,Anytime TD Scorer,player_touchdown,,750.0,,34118266,2026-09-13T17:00:00.0000000Z,,2026-09-09T14:58:03.081222+00:00,,no_player_match,,,,,,,,,,,,,
draftkings,34118266,361505183.0,0QA361505183#2251317263_13L88808Q1-1199795272Q20,Devontez Walker,,NFL,Anytime TD Scorer,player_touchdown,,950.0,,34118266,2026-09-13T17:00:00.0000000Z,,2026-09-09T14:58:03.081222+00:00,passing_tds+rushing_tds+receiving_tds,estimated,0.375,0.35,8.0,,0.3625,,0.304065686321358,,0.09523809523809523,,True,0.20882759108326276,
draftkings,34118266,361505183.0,0QA361505183#2251317242_13L88808Q1942374795Q20,Ashton Dulin,,NFL,Anytime TD Scorer,player_touchdown,,1100.0,,34118266,2026-09-13T17:00:00.0000000Z,,2026-09-09T14:58:03.081222+00:00,passing_tds+rushing_tds+receiving_tds,estimated,0.0,0.0,12.0,,0.0,,9.999994999843054e-07,,0.08333333333333333,,True,-0.08333233333383334,
draftkings,34118266,361505183.0,0QA361505183#2251317249_13L88808Q11289716993Q20,Laquon Treadwell,,NFL,Anytime TD Scorer,player_touchdown,,1100.0,,34118266,2026-09-13T17:00:00.0000000Z,,2026-09-09T14:58:03.081222+00:00,passing_tds+rushing_tds+receiving_tds,estimated,0.0,0.0,6.0,,0.0,,9.999994999843054e-07,,0.08333333333333333,,True,-0.08333233333383334,
draftkings,34118266,361505183.0,0QA361505183#2251317253_13L88808Q11622227504Q20,DJ Giddens,,NFL,Anytime TD Scorer,player_touchdown,,1200.0,,34118266,2026-09-13T17:00:00.0000000Z,,2026-09-09T14:58:03.081222+00:00,passing_tds+rushing_tds+receiving_tds,estimated,0.0,0.0,5.0,,0.0,,9.999994999843054e-07,,0.07692307692307693,,True,-0.07692207692357694,
draftkings,34118266,361505183.0,0QA361505183#2274373272_13L88808Q11658952185Q20,Deion Burks,,NFL,Anytime TD Scorer,player_touchdown,,1200.0,,34118266,2026-09-13T17:00:00.0000000Z,,2026-09-09T14:58:03.081222+00:00,,no_player_match,,,,,,,,,,,,,
draftkings,34118266,361505183.0,0QA361505183#2251317262_13L88808Q11574112063Q20,Rasheen Ali,,NFL,Anytime TD Scorer,player_touchdown,,1400.0,,34118266,2026-09-13T17:00:00.0000000Z,,2026-09-09T14:58:03.081222+00:00,passing_tds+rushing_tds+receiving_tds,estimated,0.06666666666666667,0.12,15.0,,0.09333333333333332,,0.08911018025438788,,0.06666666666666667,,True,0.022443513587721217,
draftkings,34118266,361505183.0,0QA361505183#2251317264_13L88808Q1-232689605Q20,Durham Smythe,,NFL,Anytime TD Scorer,player_touchdown,,1400.0,,34118266,2026-09-13T17:00:00.0000000Z,,2026-09-09T14:58:03.081222+00:00,passing_tds+rushing_tds+receiving_tds,estimated,0.0,0.0,7.0,,0.0,,9.999994999843054e-07,,0.06666666666666667,,True,-0.06666566666716668,
draftkings,34118266,361505183.0,0QA361505183#2251327270_13L88808Q1202378433Q20,Elijah Sarratt,,NFL,Anytime TD Scorer,player_touchdown,,1400.0,,34118266,2026-09-13T17:00:00.0000000Z,,2026-09-09T14:58:03.081222+00:00,,no_player_match,,,,,,,,,,,,,
draftkings,34118266,361505183.0,0QA361505183#2251317246_13L88808Q11956512748Q20,Andrew Ogletree,,NFL,Anytime TD Scorer,player_touchdown,,1700.0,,34118266,2026-09-13T17:00:00.0000000Z,,2026-09-09T14:58:03.081222+00:00,passing_tds+rushing_tds+receiving_tds,estimated,0.09090909090909091,0.12,11.0,,0.10545454545454545,,0.10008462283845077,,0.05555555555555555,,True,0.04452906728289521,
draftkings,34118266,361505183.0,0QA361505183#2251340143_13L88808Q11714132096Q20,Josh Cuevas,,NFL,Anytime TD Scorer,player_touchdown,,1900.0,,34118266,2026-09-13T17:00:00.0000000Z,,2026-09-09T14:58:03.081222+00:00,,no_player_match,,,,,,,,,,,,,
draftkings,34118266,361505183.0,0QA361505183#2255962058_13L88808Q1-700661814Q20,Matthew Hibner,,NFL,Anytime TD Scorer,player_touchdown,,2000.0,,34118266,2026-09-13T17:00:00.0000000Z,,2026-09-09T14:58:03.081222+00:00,,no_player_match,,,,,,,,,,,,,
draftkings,34118266,361505183.0,0QA361505183#2251317265_13L88808Q1217894284Q20,LaJohntay Wester,,NFL,Anytime TD Scorer,player_touchdown,,2500.0,,34118266,2026-09-13T17:00:00.0000000Z,,2026-09-09T14:58:03.081222+00:00,passing_tds+rushing_tds+receiving_tds,estimated,0.0,0.0,14.0,,0.0,,9.999994999843054e-07,,0.038461538461538464,,True,-0.03846053846203848,
draftkings,34118266,363187905.0,0QA363187905#2258120974_13L88808Q11746484724Q20,Derrick Henry,,NFL,2+ TDs,player_touchdown,,230.0,,34118266,2026-09-13T17:00:00.0000000Z,,2026-09-09T14:58:03.081222+00:00,passing_tds+rushing_tds+receiving_tds,estimated,0.9411764705882353,1.4,17.0,,1.1705882352941175,,0.3267173337998283,,0.30303030303030304,,True,0.023687030769525275,
draftkings,34118266,363187905.0,0QA363187905#2258120946_13L88808Q1282689831Q20,Jonathan Taylor,,NFL,2+ TDs,player_touchdown,,270.0,,34118266,2026-09-13T17:00:00.0000000Z,,2026-09-09T14:58:03.081222+00:00,passing_tds+rushing_tds+receiving_tds,estimated,1.1764705882352942,0.53,17.0,,0.8532352941176471,,0.21045809972321788,,0.2702702702702703,,True,-0.0598121705470524,
draftkings,34118266,363187905.0,0QA363187905#2258120975_13L88808Q1-1364480320Q20,Zay Flowers,,NFL,2+ TDs,player_touchdown,,1400.0,,34118266,2026-09-13T17:00:00.0000000Z,,2026-09-09T14:58:03.081222+00:00,passing_tds+rushing_tds+receiving_tds,estimated,0.35294117647058826,1.27,17.0,,0.8114705882352942,,0.19533689571331336,,0.06666666666666667,,True,0.1286702290466467,
draftkings,34118266,363187905.0,0QA363187905#2258120977_13L88808Q11399276375Q20,Mark Andrews,,NFL,2+ TDs,player_touchdown,,1500.0,,34118266,2026-09-13T17:00:00.0000000Z,,2026-09-09T14:58:03.081222+00:00,passing_tds+rushing_tds+receiving_tds,estimated,0.35294117647058826,0.0,17.0,,0.17647058823529413,,0.013854785384705998,,0.0625,,True,-0.048645214615294,
draftkings,34118266,363187905.0,0QA363187905#2258120962_13L88808Q11041398384Q20,Tyler Warren,,NFL,2+ TDs,player_touchdown,,2000.0,,34118266,2026-09-13T17:00:00.0000000Z,,2026-09-09T14:58:03.081222+00:00,passing_tds+rushing_tds+receiving_tds,estimated,0.29411764705882354,0.0,17.0,,0.14705882352941177,,0.009809274131262813,,0.047619047619047616,,True,-0.037809773487784804,
draftkings,34118266,363187905.0,0QA363187905#2258120976_13L88808Q1-1605206671Q20,Lamar Jackson,,NFL,2+ TDs,player_touchdown,,2000.0,,34118266,2026-09-13T17:00:00.0000000Z,,2026-09-09T14:58:03.081222+00:00,passing_tds+rushing_tds+receiving_tds,estimated,1.7692307692307692,1.6899999999999997,13.0,,1.7296153846153843,,0.515895588891437,,0.047619047619047616,,True,0.46827654127238943,
draftkings,34118266,363187905.0,0QA363187905#2258120963_13L88808Q187217359Q20,Josh Downs,,NFL,2+ TDs,player_touchdown,,2500.0,,34118266,2026-09-13T17:00:00.0000000Z,,2026-09-09T14:58:03.081222+00:00,passing_tds+rushing_tds+receiving_tds,estimated,0.25,0.12,16.0,,0.185,,0.015141423635231105,,0.038461538461538464,,True,-0.02332011482630736,
draftkings,34118266,363187905.0,0QA363187905#2258120965_13L88808Q1-80697860Q20,Alec Pierce,,NFL,2+ TDs,player_touchdown,,2800.0,,34118266,2026-09-13T17:00:00.0000000Z,,2026-09-09T14:58:03.081222+00:00,passing_tds+rushing_tds+receiving_tds,estimated,0.4,1.1,15.0,,0.75,,0.17335853270322432,,0.034482758620689655,,True,0.13887577408253465,
draftkings,34118266,363187905.0,0QA363187905#2258120964_13L88808Q1-71872010Q20,Keenan Allen,,NFL,2+ TDs,player_touchdown,,3000.0,,34118266,2026-09-13T17:00:00.0000000Z,,2026-09-09T14:58:03.081222+00:00,passing_tds+rushing_tds+receiving_tds,estimated,0.23529411764705882,0.0,17.0,,0.11764705882352941,,0.006400850432191921,,0.03225806451612903,,True,-0.02585721408393711,
draftkings,34118266,363187905.0,0QA363187905#2258120979_13L88808Q1-261077967Q20,Rashod Bateman,,NFL,2+ TDs,player_touchdown,,3500.0,,34118266,2026-09-13T17:00:00.0000000Z,,2026-09-09T14:58:03.081222+00:00,passing_tds+rushing_tds+receiving_tds,estimated,0.15384615384615385,0.0,13.0,,0.07692307692307693,,0.002811146077505808,,0.027777777777777776,,True,-0.02496663170027197,
draftkings,34118266,363187905.0,0QA363187905#2258120978_13L88808Q1-1630649353Q20,Ja'Kobi Lane,,NFL,2+ TDs,player_touchdown,,4000.0,,34118266,2026-09-13T17:00:00.0000000Z,,2026-09-09T14:58:03.081222+00:00,,no_player_match,,,,,,,,,,,,,
draftkings,34118266,363187905.0,0QA363187905#2258120988_14L88808Q1-1617050758Q20,,BAL Ravens D/ST,NFL,2+ TDs,player_touchdown,,5500.0,,34118266,2026-09-13T17:00:00.0000000Z,,2026-09-09T14:58:03.081222+00:00,,no_player_match,,,,,,,,,,,,,
draftkings,34118266,363187905.0,0QA363187905#2258120966_13L88808Q1-1687698446Q20,Daniel Jones,,NFL,2+ TDs,player_touchdown,,6000.0,,34118266,2026-09-13T17:00:00.0000000Z,,2026-09-09T14:58:03.081222+00:00,passing_tds+rushing_tds+receiving_tds,estimated,1.8461538461538463,1.18,13.0,,1.5130769230769232,,0.4465418032202631,,0.01639344262295082,,True,0.43014836059731226,
draftkings,34118266,363187905.0,0QA363187905#2258120987_13L88808Q1946215290Q20,,IND Colts D/ST,NFL,2+ TDs,player_touchdown,,6000.0,,34118266,2026-09-13T17:00:00.0000000Z,,2026-09-09T14:58:03.081222+00:00,,no_player_match,,,,,,,,,,,,,
draftkings,34118266,363187905.0,0QA363187905#2258120980_13L88808Q11902362131Q20,Justice Hill,,NFL,2+ TDs,player_touchdown,,6500.0,,34118266,2026-09-13T17:00:00.0000000Z,,2026-09-09T14:58:03.081222+00:00,passing_tds+rushing_tds+receiving_tds,estimated,0.3,0.25,10.0,,0.275,,0.03154554288816516,,0.015151515151515152,,True,0.01639402773665001,
draftkings,34118266,363187905.0,0QA363187905#2258120967_13L88808Q1-472168960Q20,Seth McGowan,,NFL,2+ TDs,player_touchdown,,9000.0,,34118266,2026-09-13T17:00:00.0000000Z,,2026-09-09T14:58:03.081222+00:00,,no_player_match,,,,,,,,,,,,,
draftkings,34118266,363187905.0,0QA363187905#2258120970_13L88808Q1117002188Q20,Mo Alie-Cox,,NFL,2+ TDs,player_touchdown,,9000.0,,34118266,2026-09-13T17:00:00.0000000Z,,2026-09-09T14:58:03.081222+00:00,passing_tds+rushing_tds+receiving_tds,estimated,0.09090909090909091,0.25,11.0,,0.17045454545454547,,0.012977429178380628,,0.01098901098901099,,True,0.0019884181893696385,
draftkings,34118266,363187905.0,0QA363187905#2274373106_13L88808Q1-874251393Q20,Laquon Treadwell,,NFL,2+ TDs,player_touchdown,,13000.0,,34118266,2026-09-13T17:00:00.0000000Z,,2026-09-09T14:58:03.081222+00:00,passing_tds+rushing_tds+receiving_tds,estimated,0.0,0.0,6.0,,0.0,,4.999838054850042e-13,,0.007633587786259542,,True,-0.007633587785759558,
draftkings,34118266,363187905.0,0QA363187905#2258120982_13L88808Q1-464941358Q20,Devontez Walker,,NFL,2+ TDs,player_touchdown,,13000.0,,34118266,2026-09-13T17:00:00.0000000Z,,2026-09-09T14:58:03.081222+00:00,passing_tds+rushing_tds+receiving_tds,estimated,0.375,0.35,8.0,,0.3625,,0.05178949761285029,,0.007633587786259542,,True,0.04415590982659075,
draftkings,34118266,363187905.0,0QA363187905#2274373236_13L88808Q1-120201978Q20,Deion Burks,,NFL,2+ TDs,player_touchdown,,14000.0,,34118266,2026-09-13T17:00:00.0000000Z,,2026-09-09T14:58:03.081222+00:00,,no_player_match,,,,,,,,,,,,,
draftkings,34118266,363187905.0,0QA363187905#2258120971_13L88808Q11163009010Q20,DJ Giddens,,NFL,2+ TDs,player_touchdown,,15000.0,,34118266,2026-09-13T17:00:00.0000000Z,,2026-09-09T14:58:03.081222+00:00,passing_tds+rushing_tds+receiving_tds,estimated,0.0,0.0,5.0,,0.0,,4.999838054850042e-13,,0.006622516556291391,,True,-0.006622516555791407,
draftkings,34118266,363187905.0,0QA363187905#2268552055_13L88808Q1-1460456850Q20,Rasheen Ali,,NFL,2+ TDs,player_touchdown,,16000.0,,34118266,2026-09-13T17:00:00.0000000Z,,2026-09-09T14:58:03.081222+00:00,passing_tds+rushing_tds+receiving_tds,estimated,0.06666666666666667,0.12,15.0,,0.09333333333333332,,0.004093797078130762,,0.006211180124223602,,True,-0.00211738304609284,
draftkings,34118266,363187905.0,0QA363187905#2258120968_13L88808Q1-2020910262Q20,Ashton Dulin,,NFL,2+ TDs,player_touchdown,,16000.0,,34118266,2026-09-13T17:00:00.0000000Z,,2026-09-09T14:58:03.081222+00:00,passing_tds+rushing_tds+receiving_tds,estimated,0.0,0.0,12.0,,0.0,,4.999838054850042e-13,,0.006211180124223602,,True,-0.006211180123723618,
draftkings,34118266,363187905.0,0QA363187905#2258120983_13L88808Q1-1500504756Q20,Elijah Sarratt,,NFL,2+ TDs,player_touchdown,,17000.0,,34118266,2026-09-13T17:00:00.0000000Z,,2026-09-09T14:58:03.081222+00:00,,no_player_match,,,,,,,,,,,,,
draftkings,34118266,363187905.0,0QA363187905#2258120984_13L88808Q1-867068079Q20,Durham Smythe,,NFL,2+ TDs,player_touchdown,,18000.0,,34118266,2026-09-13T17:00:00.0000000Z,,2026-09-09T14:58:03.081222+00:00,passing_tds+rushing_tds+receiving_tds,estimated,0.0,0.0,7.0,,0.0,,4.999838054850042e-13,,0.0055248618784530384,,True,-0.005524861877953055,
draftkings,34118266,363187905.0,0QA363187905#2258120985_13L88808Q1-1618269213Q20,Matthew Hibner,,NFL,2+ TDs,player_touchdown,,19000.0,,34118266,2026-09-13T17:00:00.0000000Z,,2026-09-09T14:58:03.081222+00:00,,no_player_match,,,,,,,,,,,,,
draftkings,34118266,363187905.0,0QA363187905#2258127942_13L88808Q1-966863650Q20,Josh Cuevas,,NFL,2+ TDs,player_touchdown,,20000.0,,34118266,2026-09-13T17:00:00.0000000Z,,2026-09-09T14:58:03.081222+00:00,,no_player_match,,,,,,,,,,,,,
draftkings,34118266,363187905.0,0QA363187905#2258120972_13L88808Q1-607335079Q20,Andrew Ogletree,,NFL,2+ TDs,player_touchdown,,20000.0,,34118266,2026-09-13T17:00:00.0000000Z,,2026-09-09T14:58:03.081222+00:00,passing_tds+rushing_tds+receiving_tds,estimated,0.09090909090909091,0.12,11.0,,0.10545454545454545,,0.005184455792323753,,0.004975124378109453,,True,0.0002093314142143001,
draftkings,34118266,363187905.0,0QA363187905#2258120986_13L88808Q1-1660508192Q20,LaJohntay Wester,,NFL,2+ TDs,player_touchdown,,20000.0,,34118266,2026-09-13T17:00:00.0000000Z,,2026-09-09T14:58:03.081222+00:00,passing_tds+rushing_tds+receiving_tds,estimated,0.0,0.0,14.0,,0.0,,4.999838054850042e-13,,0.004975124378109453,,True,-0.004975124377609469,
draftkings,34118140,357446832.0,0QA357446832#2250877296_13L88808Q11763290140Q20,Chase Brown,,NFL,First TD Scorer,player_touchdown,,550.0,,34118140,2026-09-13T17:00:00.0000000Z,,2026-09-09T14:58:03.081222+00:00,passing_tds+rushing_tds+receiving_tds,unsupported_market_first_scorer,,,,,,,,,,,,,
draftkings,34118140,357446832.0,0QA357446832#2250877304_13L88808Q1-1462052825Q20,Ja'Marr Chase,,NFL,First TD Scorer,player_touchdown,,600.0,,34118140,2026-09-13T17:00:00.0000000Z,,2026-09-09T14:58:03.081222+00:00,passing_tds+rushing_tds+receiving_tds,unsupported_market_first_scorer,,,,,,,,,,,,,
draftkings,34118140,357446832.0,0QA357446832#2250877306_13L88808Q1-544014525Q20,Tee Higgins,,NFL,First TD Scorer,player_touchdown,,800.0,,34118140,2026-09-13T17:00:00.0000000Z,,2026-09-09T14:58:03.081222+00:00,passing_tds+rushing_tds+receiving_tds,unsupported_market_first_scorer,,,,,,,,,,,,,
draftkings,34118140,357446832.0,0QA357446832#2250877338_13L88808Q11908389665Q20,Bucky Irving,,NFL,First TD Scorer,player_touchdown,,800.0,,34118140,2026-09-13T17:00:00.0000000Z,,2026-09-09T14:58:03.081222+00:00,passing_tds+rushing_tds+receiving_tds,unsupported_market_first_scorer,,,,,,,,,,,,,
draftkings,34118140,357446832.0,0QA357446832#2250877341_13L88808Q1357556588Q20,Emeka Egbuka,,NFL,First TD Scorer,player_touchdown,,1300.0,,34118140,2026-09-13T17:00:00.0000000Z,,2026-09-09T14:58:03.081222+00:00,passing_tds+rushing_tds+receiving_tds,unsupported_market_first_scorer,,,,,,,,,,,,,
draftkings,34118140,357446832.0,0QA357446832#2250877310_13L88808Q1-1313763582Q20,Andrei Iosivas,,NFL,First TD Scorer,player_touchdown,,1600.0,,34118140,2026-09-13T17:00:00.0000000Z,,2026-09-09T14:58:03.081222+00:00,passing_tds+rushing_tds+receiving_tds,unsupported_market_first_scorer,,,,,,,,,,,,,
draftkings,34118140,357446832.0,0QA357446832#2250877340_13L88808Q11533655793Q20,Chris Godwin,,NFL,First TD Scorer,player_touchdown,,1600.0,,34118140,2026-09-13T17:00:00.0000000Z,,2026-09-09T14:58:03.081222+00:00,passing_tds+rushing_tds+receiving_tds,unsupported_market_first_scorer,,,,,,,,,,,,,
draftkings,34118140,357446832.0,0QA357446832#2250877344_13L88808Q1-1089319749Q20,Jalen McMillan,,NFL,First TD Scorer,player_touchdown,,1700.0,,34118140,2026-09-13T17:00:00.0000000Z,,2026-09-09T14:58:03.081222+00:00,passing_tds+rushing_tds+receiving_tds,unsupported_market_first_scorer,,,,,,,,,,,,,
draftkings,34118140,357446832.0,0QA357446832#2250877339_13L88808Q1-1645511323Q20,Kenneth Gainwell,,NFL,First TD Scorer,player_touchdown,,1800.0,,34118140,2026-09-13T17:00:00.0000000Z,,2026-09-09T14:58:03.081222+00:00,,no_player_match,,,,,,,,,,,,,
draftkings,34118140,357446832.0,0QA357446832#2250877312_13L88808Q1-561144861Q20,Samaje Perine,,NFL,First TD Scorer,player_touchdown,,1900.0,,34118140,2026-09-13T17:00:00.0000000Z,,2026-09-09T14:58:03.081222+00:00,passing_tds+rushing_tds+receiving_tds,unsupported_market_first_scorer,,,,,,,,,,,,,
draftkings,34118140,357446832.0,0QA357446832#2250877314_13L88808Q1714230077Q20,Mike Gesicki,,NFL,First TD Scorer,player_touchdown,,1900.0,,34118140,2026-09-13T17:00:00.0000000Z,,2026-09-09T14:58:03.081222+00:00,passing_tds+rushing_tds+receiving_tds,unsupported_market_first_scorer,,,,,,,,,,,,,
draftkings,34118140,357446832.0,0QA357446832#2254840777_13L88808Q11225633443Q20,Colbie Young,,NFL,First TD Scorer,player_touchdown,,2000.0,,34118140,2026-09-13T17:00:00.0000000Z,,2026-09-09T14:58:03.081222+00:00,,no_player_match,,,,,,,,,,,,,
draftkings,34118140,357446832.0,0QA357446832#2250877346_13L88808Q1470846981Q20,Cade Otton,,NFL,First TD Scorer,player_touchdown,,2200.0,,34118140,2026-09-13T17:00:00.0000000Z,,2026-09-09T14:58:03.081222+00:00,passing_tds+rushing_tds+receiving_tds,unsupported_market_first_scorer,,,,,,,,,,,,,
draftkings,34118140,357446832.0,0QA357446832#2250877342_13L88808Q11336175696Q20,Sean Tucker,,NFL,First TD Scorer,player_touchdown,,2500.0,,34118140,2026-09-13T17:00:00.0000000Z,,2026-09-09T14:58:03.081222+00:00,passing_tds+rushing_tds+receiving_tds,unsupported_market_first_scorer,,,,,,,,,,,,,
draftkings,34118140,357446832.0,0QA357446832#2250877318_13L88808Q1-751651561Q20,Erick All,,NFL,First TD Scorer,player_touchdown,,2800.0,,34118140,2026-09-13T17:00:00.0000000Z,,2026-09-09T14:58:03.081222+00:00,,no_player_match,,,,,,,,,,,,,
draftkings,34118140,357446832.0,0QA357446832#2250877320_13L88808Q1848715583Q20,Drew Sample,,NFL,First TD Scorer,player_touchdown,,2800.0,,34118140,2026-09-13T17:00:00.0000000Z,,2026-09-09T14:58:03.081222+00:00,passing_tds+rushing_tds+receiving_tds,unsupported_market_first_scorer,,,,,,,,,,,,,
draftkings,34118140,357446832.0,0QA357446832#2250877343_13L88808Q1-66025477Q20,Baker Mayfield,,NFL,First TD Scorer,player_touchdown,,3000.0,,34118140,2026-09-13T17:00:00.0000000Z,,2026-09-09T14:58:03.081222+00:00,passing_tds+rushing_tds+receiving_tds,unsupported_market_first_scorer,,,,,,,,,,,,,
draftkings,34118140,357446832.0,0QA357446832#2250877347_13L88808Q11560348816Q20,Tez Johnson,,NFL,First TD Scorer,player_touchdown,,3000.0,,34118140,2026-09-13T17:00:00.0000000Z,,2026-09-09T14:58:03.081222+00:00,passing_tds+rushing_tds+receiving_tds,unsupported_market_first_scorer,,,,,,,,,,,,,
draftkings,34118140,357446832.0,0QA357446832#2250877316_13L88808Q1-945889102Q20,Joe Burrow,,NFL,First TD Scorer,player_touchdown,,3500.0,,34118140,2026-09-13T17:00:00.0000000Z,,2026-09-09T14:58:03.081222+00:00,passing_tds+rushing_tds+receiving_tds,unsupported_market_first_scorer,,,,,,,,,,,,,
draftkings,34118140,357446832.0,0QA357446832#2250877353_13L88808Q11578319727Q20,,CIN Bengals D/ST,NFL,First TD Scorer,player_touchdown,,3500.0,,34118140,2026-09-13T17:00:00.0000000Z,,2026-09-09T14:58:03.081222+00:00,,no_player_match,,,,,,,,,,,,,
draftkings,34118140,357446832.0,0QA357446832#2250877354_14L88808Q1437596435Q20,,TB Buccaneers D/ST,NFL,First TD Scorer,player_touchdown,,3500.0,,34118140,2026-09-13T17:00:00.0000000Z,,2026-09-09T14:58:03.081222+00:00,,no_player_match,,,,,,,,,,,,,
draftkings,34118140,357446832.0,0QA357446832#2254874868_13L88808Q11680940089Q20,Ted Hurst,,NFL,First TD Scorer,player_touchdown,,3500.0,,34118140,2026-09-13T17:00:00.0000000Z,,2026-09-09T14:58:03.081222+00:00,,no_player_match,,,,,,,,,,,,,
draftkings,34118140,357446832.0,0QA357446832#2271850435_13L88808Q1711511467Q20,Jack Endries,,NFL,First TD Scorer,player_touchdown,,3500.0,,34118140,2026-09-13T17:00:00.0000000Z,,2026-09-09T14:58:03.081222+00:00,,no_player_match,,,,,,,,,,,,,
draftkings,34118140,357446832.0,0QA357446832#2250877349_13L88808Q1386308853Q20,Payne Durham,,NFL,First TD Scorer,player_touchdown,,5000.0,,34118140,2026-09-13T17:00:00.0000000Z,,2026-09-09T14:58:03.081222+00:00,passing_tds+rushing_tds+receiving_tds,unsupported_market_first_scorer,,,,,,,,,,,,,
draftkings,34118140,357446832.0,0QA357446832#2275486492_13L88808Q1425178396Q20,Dohnte Meyers,,NFL,First TD Scorer,player_touchdown,,7000.0,,34118140,2026-09-13T17:00:00.0000000Z,,2026-09-09T14:58:03.081222+00:00,,no_player_match,,,,,,,,,,,,,
draftkings,34118140,357446832.0,0QA357446832#2250877333_13L88808Q1-161580579Q20,Ke'Shawn Williams,,NFL,First TD Scorer,player_touchdown,,9000.0,,34118140,2026-09-13T17:00:00.0000000Z,,2026-09-09T14:58:03.081222+00:00,passing_tds+rushing_tds+receiving_tds,unsupported_market_first_scorer,,,,,,,,,,,,,
draftkings,34118140,357446832.0,0QA357446832#2250877324_13L88808Q1850129023Q20,Tahj Brooks,,NFL,First TD Scorer,player_touchdown,,11000.0,,34118140,2026-09-13T17:00:00.0000000Z,,2026-09-09T14:58:03.081222+00:00,passing_tds+rushing_tds+receiving_tds,unsupported_market_first_scorer,,,,,,,,,,,,,
draftkings,34118140,357446832.0,0QA357446832#2235245879_13L88808Q1-1777442974Q20,,No Touchdown Scorer,NFL,First TD Scorer,player_touchdown,,20000.0,,34118140,2026-09-13T17:00:00.0000000Z,,2026-09-09T14:58:03.081222+00:00,,no_player_match,,,,,,,,,,,,,
draftkings,34118140,361399049.0,0QA361399049#2250882670_13L88808Q1-203805330Q20,Chase Brown,,NFL,Anytime TD Scorer,player_touchdown,,,,34118140,2026-09-13T17:00:00.0000000Z,,2026-09-09T14:58:03.081222+00:00,passing_tds+rushing_tds+receiving_tds,estimated,0.6470588235294118,1.61,17.0,,1.128529411764706,,0.6764913451992884,,,,True,,
draftkings,34118140,361399049.0,0QA361399049#2250882671_13L88808Q11365449708Q20,Ja'Marr Chase,,NFL,Anytime TD Scorer,player_touchdown,,,,34118140,2026-09-13T17:00:00.0000000Z,,2026-09-09T14:58:03.081222+00:00,passing_tds+rushing_tds+receiving_tds,estimated,0.5,0.85,16.0,,0.675,,0.4908435793924508,,,,True,,
draftkings,34118140,361399049.0,0QA361399049#2250882672_13L88808Q1106346443Q20,Tee Higgins,,NFL,Anytime TD Scorer,player_touchdown,,125.0,,34118140,2026-09-13T17:00:00.0000000Z,,2026-09-09T14:58:03.081222+00:00,passing_tds+rushing_tds+receiving_tds,estimated,0.7333333333333333,0.79,15.0,,0.7616666666666667,,0.5331123678591065,,0.4444444444444444,,True,0.08866792341466212,
draftkings,34118140,361399049.0,0QA361399049#2250882688_13L88808Q1666446492Q20,Bucky Irving,,NFL,Anytime TD Scorer,player_touchdown,,125.0,,34118140,2026-09-13T17:00:00.0000000Z,,2026-09-09T14:58:03.081222+00:00,passing_tds+rushing_tds+receiving_tds,estimated,0.4,0.08,10.0,,0.24000000000000002,,0.21337213893344664,,0.4444444444444444,,True,-0.23107230551099778,
draftkings,34118140,361399049.0,0QA361399049#2250882691_13L88808Q1621783265Q20,Emeka Egbuka,,NFL,Anytime TD Scorer,player_touchdown,,175.0,,34118140,2026-09-13T17:00:00.0000000Z,,2026-09-09T14:58:03.081222+00:00,passing_tds+rushing_tds+receiving_tds,estimated,0.35294117647058826,0.0,17.0,,0.17647058823529413,,0.1617765675770001,,0.36363636363636365,,True,-0.20185979605936355,
draftkings,34118140,361399049.0,0QA361399049#2250882690_13L88808Q1532397873Q20,Chris Godwin,,NFL,Anytime TD Scorer,player_touchdown,,215.0,,34118140,2026-09-13T17:00:00.0000000Z,,2026-09-09T14:58:03.081222+00:00,passing_tds+rushing_tds+receiving_tds,estimated,0.2222222222222222,0.37,9.0,,0.2961111111111111,,0.2562952104362678,,0.31746031746031744,,True,-0.06116510702404965,
draftkings,34118140,361399049.0,0QA361399049#2250882695_13L88808Q1-1484923211Q20,Jalen McMillan,,NFL,Anytime TD Scorer,player_touchdown,,235.0,,34118140,2026-09-13T17:00:00.0000000Z,,2026-09-09T14:58:03.081222+00:00,passing_tds+rushing_tds+receiving_tds,estimated,0.0,0.0,4.0,,0.0,,9.999994999843054e-07,,0.29850746268656714,,True,-0.29850646268706715,
draftkings,34118140,361399049.0,0QA361399049#2250882689_13L88808Q1236160750Q20,Kenneth Gainwell,,NFL,Anytime TD Scorer,player_touchdown,,270.0,,34118140,2026-09-13T17:00:00.0000000Z,,2026-09-09T14:58:03.081222+00:00,,no_player_match,,,,,,,,,,,,,
draftkings,34118140,361399049.0,0QA361399049#2250882676_13L88808Q1900314307Q20,Andrei Iosivas,,NFL,Anytime TD Scorer,player_touchdown,,275.0,,34118140,2026-09-13T17:00:00.0000000Z,,2026-09-09T14:58:03.081222+00:00,passing_tds+rushing_tds+receiving_tds,estimated,0.13333333333333333,0.0,15.0,,0.06666666666666667,,0.06449301496838222,,0.26666666666666666,,True,-0.20217365169828444,
draftkings,34118140,361399049.0,0QA361399049#2250882696_13L88808Q1-1181521367Q20,Cade Otton,,NFL,Anytime TD Scorer,player_touchdown,,310.0,,34118140,2026-09-13T17:00:00.0000000Z,,2026-09-09T14:58:03.081222+00:00,passing_tds+rushing_tds+receiving_tds,estimated,0.06666666666666667,0.35,15.0,,0.20833333333333331,,0.18806365384936496,,0.24390243902439024,,True,-0.055838785175025274,
draftkings,34118140,361399049.0,0QA361399049#2254840791_13L88808Q11974991558Q20,Colbie Young,,NFL,Anytime TD Scorer,player_touchdown,,330.0,,34118140,2026-09-13T17:00:00.0000000Z,,2026-09-09T14:58:03.081222+00:00,,no_player_match,,,,,,,,,,,,,
draftkings,34118140,361399049.0,0QA361399049#2250882674_13L88808Q11111630045Q20,Samaje Perine,,NFL,Anytime TD Scorer,player_touchdown,,340.0,,34118140,2026-09-13T17:00:00.0000000Z,,2026-09-09T14:58:03.081222+00:00,passing_tds+rushing_tds+receiving_tds,estimated,0.2,0.45,15.0,,0.325,,0.2774726463579278,,0.22727272727272727,,True,0.05019991908520052,
draftkings,34118140,361399049.0,0QA361399049#2250882675_13L88808Q1-1846552455Q20,Mike Gesicki,,NFL,Anytime TD Scorer,player_touchdown,,350.0,,34118140,2026-09-13T17:00:00.0000000Z,,2026-09-09T14:58:03.081222+00:00,passing_tds+rushing_tds+receiving_tds,estimated,0.16666666666666666,0.28,12.0,,0.22333333333333333,,0.20015181120932424,,0.2222222222222222,,True,-0.022070411012897972,
draftkings,34118140,361399049.0,0QA361399049#2250882692_13L88808Q11141276074Q20,Sean Tucker,,NFL,Anytime TD Scorer,player_touchdown,,400.0,,34118140,2026-09-13T17:00:00.0000000Z,,2026-09-09T14:58:03.081222+00:00,passing_tds+rushing_tds+receiving_tds,estimated,0.47058823529411764,0.4,17.0,,0.43529411764705883,,0.35292567688973864,,0.2,,True,0.15292567688973863,
draftkings,34118140,361399049.0,0QA361399049#2250882697_13L88808Q1-1654530021Q20,Tez Johnson,,NFL,Anytime TD Scorer,player_touchdown,,475.0,,34118140,2026-09-13T17:00:00.0000000Z,,2026-09-09T14:58:03.081222+00:00,passing_tds+rushing_tds+receiving_tds,estimated,0.3333333333333333,0.0,15.0,,0.16666666666666666,,0.15351827510938587,,0.17391304347826086,,True,-0.020394768368874994,
draftkings,34118140,361399049.0,0QA361399049#2250882677_13L88808Q1-1244917258Q20,Erick All,,NFL,Anytime TD Scorer,player_touchdown,,550.0,,34118140,2026-09-13T17:00:00.0000000Z,,2026-09-09T14:58:03.081222+00:00,,no_player_match,,,,,,,,,,,,,
draftkings,34118140,361399049.0,0QA361399049#2250882694_13L88808Q1-1664922884Q20,Baker Mayfield,,NFL,Anytime TD Scorer,player_touchdown,,550.0,,34118140,2026-09-13T17:00:00.0000000Z,,2026-09-09T14:58:03.081222+00:00,passing_tds+rushing_tds+receiving_tds,estimated,1.588235294117647,1.37,17.0,,1.4791176470588234,,0.7721613661929637,,0.15384615384615385,,True,0.6183152123468099,
draftkings,34118140,361399049.0,0QA361399049#2254874888_13L88808Q12127282699Q20,Ted Hurst,,NFL,Anytime TD Scorer,player_touchdown,,550.0,,34118140,2026-09-13T17:00:00.0000000Z,,2026-09-09T14:58:03.081222+00:00,,no_player_match,,,,,,,,,,,,,
draftkings,34118140,361399049.0,0QA361399049#2250882680_13L88808Q1-409986828Q20,Drew Sample,,NFL,Anytime TD Scorer,player_touchdown,,600.0,,34118140,2026-09-13T17:00:00.0000000Z,,2026-09-09T14:58:03.081222+00:00,passing_tds+rushing_tds+receiving_tds,estimated,0.08333333333333333,0.0,12.0,,0.041666666666666664,,0.040810542890861834,,0.14285714285714285,,True,-0.10204659996628102,
draftkings,34118140,361399049.0,0QA361399049#2250882703_13L88808Q1474338833Q20,,CIN Bengals D/ST,NFL,Anytime TD Scorer,player_touchdown,,600.0,,34118140,2026-09-13T17:00:00.0000000Z,,2026-09-09T14:58:03.081222+00:00,,no_player_match,,,,,,,,,,,,,
draftkings,34118140,361399049.0,0QA361399049#2250882704_14L88808Q1198793867Q20,,TB Buccaneers D/ST,NFL,Anytime TD Scorer,player_touchdown,,650.0,,34118140,2026-09-13T17:00:00.0000000Z,,2026-09-09T14:58:03.081222+00:00,,no_player_match,,,,,,,,,,,,,
draftkings,34118140,361399049.0,0QA361399049#2271850444_13L88808Q11452425719Q20,Jack Endries,,NFL,Anytime TD Scorer,player_touchdown,,650.0,,34118140,2026-09-13T17:00:00.0000000Z,,2026-09-09T14:58:03.081222+00:00,,no_player_match,,,,,,,,,,,,,
draftkings,34118140,361399049.0,0QA361399049#2250882595_13L88808Q1219777051Q20,Joe Burrow,,NFL,Anytime TD Scorer,player_touchdown,,750.0,,34118140,2026-09-13T17:00:00.0000000Z,,2026-09-09T14:58:03.081222+00:00,passing_tds+rushing_tds+receiving_tds,estimated,2.125,2.6699999999999995,8.0,,2.3975,,0.9090549680973675,,0.11764705882352941,,True,0.7914079092738381,
draftkings,34118140,361399049.0,0QA361399049#2250882698_13L88808Q1-1180851630Q20,Payne Durham,,NFL,Anytime TD Scorer,player_touchdown,,1000.0,,34118140,2026-09-13T17:00:00.0000000Z,,2026-09-09T14:58:03.081222+00:00,passing_tds+rushing_tds+receiving_tds,estimated,0.0,0.0,8.0,,0.0,,9.999994999843054e-07,,0.09090909090909091,,True,-0.09090809090959093,
draftkings,34118140,361399049.0,0QA361399049#2275486516_13L88808Q1-1404735829Q20,Dohnte Meyers,,NFL,Anytime TD Scorer,player_touchdown,,1400.0,,34118140,2026-09-13T17:00:00.0000000Z,,2026-09-09T14:58:03.081222+00:00,,no_player_match,,,,,,,,,,,,,
draftkings,34118140,361399049.0,0QA361399049#2250882678_13L88808Q1-287412241Q20,Tahj Brooks,,NFL,Anytime TD Scorer,player_touchdown,,2000.0,,34118140,2026-09-13T17:00:00.0000000Z,,2026-09-09T14:58:03.081222+00:00,passing_tds+rushing_tds+receiving_tds,estimated,0.0,0.0,12.0,,0.0,,9.999994999843054e-07,,0.047619047619047616,,True,-0.04761804761954763,
draftkings,34118140,361399049.0,0QA361399049#2250882684_13L88808Q1-488017773Q20,Ke'Shawn Williams,,NFL,Anytime TD Scorer,player_touchdown,,2000.0,,34118140,2026-09-13T17:00:00.0000000Z,,2026-09-09T14:58:03.081222+00:00,passing_tds+rushing_tds+receiving_tds,estimated,0.0,0.0,11.0,,0.0,,9.999994999843054e-07,,0.047619047619047616,,True,-0.04761804761954763,
draftkings,34118140,363175928.0,0QA363175928#2258086108_13L88808Q11277985563Q20,Chase Brown,,NFL,2+ TDs,player_touchdown,,475.0,,34118140,2026-09-13T17:00:00.0000000Z,,2026-09-09T14:58:03.081222+00:00,passing_tds+rushing_tds+receiving_tds,estimated,0.6470588235294118,1.61,17.0,,1.128529411764706,,0.31140231329625007,,0.17391304347826086,,True,0.1374892698179892,
draftkings,34118140,363175928.0,0QA363175928#2258086109_13L88808Q11526916627Q20,Ja'Marr Chase,,NFL,2+ TDs,player_touchdown,,550.0,,34118140,2026-09-13T17:00:00.0000000Z,,2026-09-09T14:58:03.081222+00:00,passing_tds+rushing_tds+receiving_tds,estimated,0.5,0.85,16.0,,0.675,,0.14716299548235512,,0.15384615384615385,,True,-0.006683158363798736,
draftkings,34118140,363175928.0,0QA363175928#2258086110_13L88808Q1-1865349726Q20,Tee Higgins,,NFL,2+ TDs,player_touchdown,,850.0,,34118140,2026-09-13T17:00:00.0000000Z,,2026-09-09T14:58:03.081222+00:00,passing_tds+rushing_tds+receiving_tds,estimated,0.7333333333333333,0.79,15.0,,0.7616666666666667,,0.17749962137845932,,0.10526315789473684,,True,0.07223646348372248,
draftkings,34118140,363175928.0,0QA363175928#2258086087_13L88808Q1-416383636Q20,Bucky Irving,,NFL,2+ TDs,player_touchdown,,850.0,,34118140,2026-09-13T17:00:00.0000000Z,,2026-09-09T14:58:03.081222+00:00,passing_tds+rushing_tds+receiving_tds,estimated,0.4,0.08,10.0,,0.24000000000000002,,0.024581452277473825,,0.10526315789473684,,True,-0.08068170561726301,
draftkings,34118140,363175928.0,0QA363175928#2258086122_13L88808Q11465714566Q20,Emeka Egbuka,,NFL,2+ TDs,player_touchdown,,1400.0,,34118140,2026-09-13T17:00:00.0000000Z,,2026-09-09T14:58:03.081222+00:00,passing_tds+rushing_tds+receiving_tds,estimated,0.35294117647058826,0.0,17.0,,0.17647058823529413,,0.013854785384705998,,0.06666666666666667,,True,-0.05281188128196067,
draftkings,34118140,363175928.0,0QA363175928#2258086124_13L88808Q11273477418Q20,Chris Godwin,,NFL,2+ TDs,player_touchdown,,1800.0,,34118140,2026-09-13T17:00:00.0000000Z,,2026-09-09T14:58:03.081222+00:00,passing_tds+rushing_tds+receiving_tds,estimated,0.2222222222222222,0.37,9.0,,0.2961111111111111,,0.03607595885989598,,0.05263157894736842,,True,-0.01655562008747244,
draftkings,34118140,363175928.0,0QA363175928#2258086125_13L88808Q1-493311968Q20,Jalen McMillan,,NFL,2+ TDs,player_touchdown,,2000.0,,34118140,2026-09-13T17:00:00.0000000Z,,2026-09-09T14:58:03.081222+00:00,passing_tds+rushing_tds+receiving_tds,estimated,0.0,0.0,4.0,,0.0,,4.999838054850042e-13,,0.047619047619047616,,True,-0.047619047618547634,
draftkings,34118140,363175928.0,0QA363175928#2258086123_13L88808Q1-357637327Q20,Kenneth Gainwell,,NFL,2+ TDs,player_touchdown,,2200.0,,34118140,2026-09-13T17:00:00.0000000Z,,2026-09-09T14:58:03.081222+00:00,,no_player_match,,,,,,,,,,,,,
draftkings,34118140,363175928.0,0QA363175928#2258086113_13L88808Q1548547188Q20,Andrei Iosivas,,NFL,2+ TDs,player_touchdown,,2500.0,,34118140,2026-09-13T17:00:00.0000000Z,,2026-09-09T14:58:03.081222+00:00,passing_tds+rushing_tds+receiving_tds,estimated,0.13333333333333333,0.0,15.0,,0.06666666666666667,,0.0021258826329410355,,0.038461538461538464,,True,-0.03633565582859743,
draftkings,34118140,363175928.0,0QA363175928#2258086111_13L88808Q1-1895789824Q20,Samaje Perine,,NFL,2+ TDs,player_touchdown,,3000.0,,34118140,2026-09-13T17:00:00.0000000Z,,2026-09-09T14:58:03.081222+00:00,passing_tds+rushing_tds+receiving_tds,estimated,0.2,0.45,15.0,,0.325,,0.042651256424254325,,0.03225806451612903,,True,0.010393191908125293,
draftkings,34118140,363175928.0,0QA363175928#2258086126_13L88808Q1-1264920135Q20,Cade Otton,,NFL,2+ TDs,player_touchdown,,3000.0,,34118140,2026-09-13T17:00:00.0000000Z,,2026-09-09T14:58:03.081222+00:00,passing_tds+rushing_tds+receiving_tds,estimated,0.06666666666666667,0.35,15.0,,0.20833333333333331,,0.018910248401316027,,0.03225806451612903,,True,-0.013347816114813005,
draftkings,34118140,363175928.0,0QA363175928#2258086112_13L88808Q1-1016060448Q20,Mike Gesicki,,NFL,2+ TDs,player_touchdown,,3500.0,,34118140,2026-09-13T17:00:00.0000000Z,,2026-09-09T14:58:03.081222+00:00,passing_tds+rushing_tds+receiving_tds,estimated,0.16666666666666666,0.28,12.0,,0.22333333333333333,,0.021519049046073324,,0.027777777777777776,,True,-0.006258728731704452,
draftkings,34118140,363175928.0,0QA363175928#2258086121_13L88808Q1-2014301802Q20,Colbie Young,,NFL,2+ TDs,player_touchdown,,3500.0,,34118140,2026-09-13T17:00:00.0000000Z,,2026-09-09T14:58:03.081222+00:00,,no_player_match,,,,,,,,,,,,,
draftkings,34118140,363175928.0,0QA363175928#2258086127_13L88808Q1-1540780736Q20,Sean Tucker,,NFL,2+ TDs,player_touchdown,,4000.0,,34118140,2026-09-13T17:00:00.0000000Z,,2026-09-09T14:58:03.081222+00:00,passing_tds+rushing_tds+receiving_tds,estimated,0.47058823529411764,0.4,17.0,,0.43529411764705883,,0.07125803035938955,,0.024390243902439025,,True,0.04686778645695052,
draftkings,34118140,363175928.0,0QA363175928#2258086129_13L88808Q1997600299Q20,Tez Johnson,,NFL,2+ TDs,player_touchdown,,5000.0,,34118140,2026-09-13T17:00:00.0000000Z,,2026-09-09T14:58:03.081222+00:00,passing_tds+rushing_tds+receiving_tds,estimated,0.3333333333333333,0.0,15.0,,0.16666666666666666,,0.012437987627616859,,0.0196078431372549,,True,-0.007169855509638043,
draftkings,34118140,363175928.0,0QA363175928#2258086128_13L88808Q12009212996Q20,Baker Mayfield,,NFL,2+ TDs,player_touchdown,,6500.0,,34118140,2026-09-13T17:00:00.0000000Z,,2026-09-09T14:58:03.081222+00:00,passing_tds+rushing_tds+receiving_tds,estimated,1.588235294117647,1.37,17.0,,1.4791176470588234,,0.43516122224720327,,0.015151515151515152,,True,0.42000970709568813,
draftkings,34118140,363175928.0,0QA363175928#2258086135_13L88808Q11911725373Q20,,CIN Bengals D/ST,NFL,2+ TDs,player_touchdown,,6500.0,,34118140,2026-09-13T17:00:00.0000000Z,,2026-09-09T14:58:03.081222+00:00,,no_player_match,,,,,,,,,,,,,
draftkings,34118140,363175928.0,0QA363175928#2258086115_13L88808Q1-2112566609Q20,Erick All,,NFL,2+ TDs,player_touchdown,,7000.0,,34118140,2026-09-13T17:00:00.0000000Z,,2026-09-09T14:58:03.081222+00:00,,no_player_match,,,,,,,,,,,,,
draftkings,34118140,363175928.0,0QA363175928#2258086130_13L88808Q1358445554Q20,Ted Hurst,,NFL,2+ TDs,player_touchdown,,7000.0,,34118140,2026-09-13T17:00:00.0000000Z,,2026-09-09T14:58:03.081222+00:00,,no_player_match,,,,,,,,,,,,,
draftkings,34118140,363175928.0,0QA363175928#2258086136_14L88808Q1185635991Q20,,TB Buccaneers D/ST,NFL,2+ TDs,player_touchdown,,7000.0,,34118140,2026-09-13T17:00:00.0000000Z,,2026-09-09T14:58:03.081222+00:00,,no_player_match,,,,,,,,,,,,,
draftkings,34118140,363175928.0,0QA363175928#2271850402_13L88808Q1-1082668114Q20,Jack Endries,,NFL,2+ TDs,player_touchdown,,7500.0,,34118140,2026-09-13T17:00:00.0000000Z,,2026-09-09T14:58:03.081222+00:00,,no_player_match,,,,,,,,,,,,,
draftkings,34118140,363175928.0,0QA363175928#2258086119_13L88808Q1992963390Q20,Drew Sample,,NFL,2+ TDs,player_touchdown,,8000.0,,34118140,2026-09-13T17:00:00.0000000Z,,2026-09-09T14:58:03.081222+00:00,passing_tds+rushing_tds+receiving_tds,estimated,0.08333333333333333,0.0,12.0,,0.041666666666666664,,0.0008443155113144127,,0.012345679012345678,,True,-0.011501363501031266,
draftkings,34118140,363175928.0,0QA363175928#2258086117_13L88808Q1158576549Q20,Joe Burrow,,NFL,2+ TDs,player_touchdown,,9000.0,,34118140,2026-09-13T17:00:00.0000000Z,,2026-09-09T14:58:03.081222+00:00,passing_tds+rushing_tds+receiving_tds,estimated,2.125,2.6699999999999995,8.0,,2.3975,,0.6910142541108062,,0.01098901098901099,,True,0.6800252431217952,
draftkings,34118140,363175928.0,0QA363175928#2258086131_13L88808Q1649583744Q20,Payne Durham,,NFL,2+ TDs,player_touchdown,,11000.0,,34118140,2026-09-13T17:00:00.0000000Z,,2026-09-09T14:58:03.081222+00:00,passing_tds+rushing_tds+receiving_tds,estimated,0.0,0.0,8.0,,0.0,,4.999838054850042e-13,,0.009009009009009009,,True,-0.009009009008509025,
draftkings,34118140,363175928.0,0QA363175928#2275486454_13L88808Q11431463573Q20,Dohnte Meyers,,NFL,2+ TDs,player_touchdown,,16000.0,,34118140,2026-09-13T17:00:00.0000000Z,,2026-09-09T14:58:03.081222+00:00,,no_player_match,,,,,,,,,,,,,
draftkings,34118140,363175928.0,0QA363175928#2258086114_13L88808Q1-1436842567Q20,Tahj Brooks,,NFL,2+ TDs,player_touchdown,,19000.0,,34118140,2026-09-13T17:00:00.0000000Z,,2026-09-09T14:58:03.081222+00:00,passing_tds+rushing_tds+receiving_tds,estimated,0.0,0.0,12.0,,0.0,,4.999838054850042e-13,,0.005235602094240838,,True,-0.005235602093740854,
draftkings,34118140,363175928.0,0QA363175928#2275486455_13L88808Q1-398418065Q20,Ke'Shawn Williams,,NFL,2+ TDs,player_touchdown,,19000.0,,34118140,2026-09-13T17:00:00.0000000Z,,2026-09-09T14:58:03.081222+00:00,passing_tds+rushing_tds+receiving_tds,estimated,0.0,0.0,11.0,,0.0,,4.999838054850042e-13,,0.005235602094240838,,True,-0.005235602093740854,
fanduel,28297422,751.169368208,99952803,Aaron Rodgers,,NFL,Passing Yards,player_performance,3050.5,-114.0,-114.0,28297422,2030-12-01T18:00:00.000Z,,2026-09-09T16:48:07.237563+00:00,passing_yards,estimated,207.625,247.69999999999996,16.0,1.0,3569.7,55.405023839600204,1.0,0.0,0.5,0.5,False,0.5,-0.5
fanduel,28297422,751.166815212,98240858,Baker Mayfield,,NFL,Passing Yards,player_performance,3500.5,-114.0,-114.0,28297422,2030-12-01T18:00:00.000Z,,2026-09-09T16:48:07.237563+00:00,passing_yards,season_complete_no_remaining_games,,,17.0,0.0,3693.0,,,,,,,,
fanduel,28297422,751.16681609,98948304,Brock Purdy,,NFL,Passing Yards,player_performance,3700.5,-114.0,-114.0,28297422,2030-12-01T18:00:00.000Z,,2026-09-09T16:48:07.237563+00:00,passing_yards,estimated,240.77777777777777,228.04,9.0,8.0,3991.3199999999997,194.69349130249722,0.9323772278508935,0.0676227721491065,0.5,0.5,False,0.4323772278508935,-0.4323772278508935
fanduel,28297422,751.166818884,101468537,Bryce Young,,NFL,Passing Yards,player_performance,2875.5,-114.0,-114.0,28297422,2030-12-01T18:00:00.000Z,,2026-09-09T16:48:07.237563+00:00,passing_yards,estimated,188.1875,180.84,16.0,1.0,3191.84,94.46707980384842,0.9995940120878453,0.0004059879121547372,0.5,0.5,False,0.49959401208784526,-0.49959401208784526
fanduel,28297422,751.166819234,102439970,Caleb Williams,,NFL,Passing Yards,player_performance,3650.5,-114.0,-114.0,28297422,2030-12-01T18:00:00.000Z,,2026-09-09T16:48:07.237563+00:00,passing_yards,season_complete_no_remaining_games,,,17.0,0.0,3942.0,,,,,,,,
fanduel,28297422,751.166814625,98995357,Cam Ward,,NFL,Passing Yards,player_performance,3200.5,-114.0,-114.0,28297422,2030-12-01T18:00:00.000Z,,2026-09-09T16:48:07.237563+00:00,passing_yards,season_complete_no_remaining_games,,,17.0,0.0,3169.0,,,,,,,,
fanduel,28297422,751.166818153,102401539,C.J. Stroud,,NFL,Passing Yards,player_performance,3500.5,-114.0,-114.0,28297422,2030-12-01T18:00:00.000Z,,2026-09-09T16:48:07.237563+00:00,passing_yards,estimated,217.21428571428572,204.99,14.0,3.0,3655.9700000000003,97.20203837233178,0.94513990310797,0.054860096892029975,0.5,0.5,False,0.44513990310797,-0.44513990310797
fanduel,28297422,751.166819536,102441569,Dak Prescott,,NFL,Passing Yards,player_performance,3950.5,-114.0,-114.0,28297422,2030-12-01T18:00:00.000Z,,2026-09-09T16:48:07.237563+00:00,passing_yards,season_complete_no_remaining_games,,,17.0,0.0,4552.0,,,,,,,,
fanduel,28297422,751.179750582,102392662,Daniel Jones,,NFL,Passing Yards,player_performance,3250.5,-114.0,-114.0,28297422,2030-12-01T18:00:00.000Z,,2026-09-09T16:48:07.237563+00:00,passing_yards,estimated,238.53846153846155,165.41000000000003,13.0,4.0,3762.6400000000003,141.80647701384066,0.9998478089150132,0.0001521910849867636,0.5,0.5,False,0.49984780891501324,-0.49984780891501324
fanduel,28297422,751.166819787,100970650,Drake Maye,,NFL,Passing Yards,player_performance,3750.5,-114.0,-114.0,28297422,2030-12-01T18:00:00.000Z,,2026-09-09T16:48:07.237563+00:00,passing_yards,season_complete_no_remaining_games,,,17.0,0.0,4394.0,,,,,,,,
fanduel,28297422,751.165267666,102600124,Fernando Mendoza,,NFL,Passing Yards,player_performance,1650.5,-114.0,-114.0,28297422,2030-12-01T18:00:00.000Z,,2026-09-09T16:48:07.237563+00:00,,no_player_match,,,,,,,,,,,,,
fanduel,28297422,751.166883487,98948331,Jalen Hurts,,NFL,Passing Yards,player_performance,3150.5,-114.0,-114.0,28297422,2030-12-01T18:00:00.000Z,,2026-09-09T16:48:07.237563+00:00,passing_yards,estimated,201.5,166.95000000000002,16.0,1.0,3390.95,68.8650854933035,0.9997599403623636,0.0002400596376364028,0.5,0.5,False,0.4997599403623636,-0.4997599403623636
fanduel,28297422,751.166818542,98240798,Jared Goff,,NFL,Passing Yards,player_performance,4050.5,-114.0,-114.0,28297422,2030-12-01T18:00:00.000Z,,2026-09-09T16:48:07.237563+00:00,passing_yards,season_complete_no_remaining_games,,,17.0,0.0,4564.0,,,,,,,,
fanduel,28297422,751.166817406,97984775,Jaxson Dart,,NFL,Passing Yards,player_performance,3100.5,-114.0,-114.0,28297422,2030-12-01T18:00:00.000Z,,2026-09-09T16:48:07.237563+00:00,passing_yards,estimated,162.28571428571428,179.49,14.0,3.0,2810.4700000000003,160.4044339087371,0.035294138593270796,0.9647058614067292,0.5,0.5,False,-0.4647058614067292,0.4647058614067292
fanduel,28297422,751.166813367,98948526,Jayden Daniels,,NFL,Passing Yards,player_performance,3200.5,-114.0,-114.0,28297422,2030-12-01T18:00:00.000Z,,2026-09-09T16:48:07.237563+00:00,passing_yards,estimated,180.28571428571428,140.54999999999998,7.0,10.0,2667.5,175.4965743798084,0.0011943455735311526,0.9988056544264688,0.5,0.5,False,-0.49880565442646885,0.49880565442646885
fanduel,28297422,751.166814834,100252260,Josh Allen,,NFL,Passing Yards,player_performance,3600.5,-114.0,-114.0,28297422,2030-12-01T18:00:00.000Z,,2026-09-09T16:48:07.237563+00:00,passing_yards,estimated,229.25,202.76,16.0,1.0,3870.76,73.87602227155078,0.9998730487502057,0.00012695124979433814,0.5,0.5,False,0.49987304875020566,-0.49987304875020566
fanduel,28297422,751.166817887,102301001,Jordan Love,,NFL,Passing Yards,player_performance,3700.5,-114.0,-114.0,28297422,2030-12-01T18:00:00.000Z,,2026-09-09T16:48:07.237563+00:00,passing_yards,estimated,225.4,181.95,15.0,2.0,3744.9,107.59022791525791,0.6600783184087315,0.33992168159126845,0.5,0.5,False,0.16007831840873155,-0.16007831840873155
fanduel,28297422,751.166817472,98240844,Justin Herbert,,NFL,Passing Yards,player_performance,3600.5,-114.0,-114.0,28297422,2030-12-01T18:00:00.000Z,,2026-09-09T16:48:07.237563+00:00,passing_yards,estimated,232.9375,228.36,16.0,1.0,3955.36,80.53940546920703,0.9999947361710918,5.263828908197432e-06,0.5,0.5,False,0.4999947361710918,-0.4999947361710918
fanduel,28297422,751.166817335,99171616,Lamar Jackson,,NFL,Passing Yards,player_performance,3200.5,-114.0,-114.0,28297422,2030-12-01T18:00:00.000Z,,2026-09-09T16:48:07.237563+00:00,passing_yards,estimated,196.07692307692307,184.51000000000002,13.0,4.0,3287.04,100.21796757887792,0.8060735845363904,0.19392641546360956,0.5,0.5,False,0.30607358453639044,-0.30607358453639044
fanduel,28297422,751.166816963,100970635,Matthew Stafford,,NFL,Passing Yards,player_performance,3825.5,-114.0,-114.0,28297422,2030-12-01T18:00:00.000Z,,2026-09-09T16:48:07.237563+00:00,passing_yards,season_complete_no_remaining_games,,,17.0,0.0,4707.0,,,,,,,,
fanduel,28297422,751.166816111,102441575,Sam Darnold,,NFL,Passing Yards,player_performance,3650.5,-114.0,-114.0,28297422,2030-12-01T18:00:00.000Z,,2026-09-09T16:48:07.237563+00:00,passing_yards,season_complete_no_remaining_games,,,17.0,0.0,4048.0,,,,,,,,
fanduel,28297422,751.166815398,98240736,Trevor Lawrence,,NFL,Passing Yards,player_performance,3725.5,-114.0,-114.0,28297422,2030-12-01T18:00:00.000Z,,2026-09-09T16:48:07.237563+00:00,passing_yards,season_complete_no_remaining_games,,,17.0,0.0,4007.0,,,,,,,,
fanduel,28297422,751.166817756,101808022,Tyler Shough,,NFL,Passing Yards,player_performance,3400.5,-114.0,-114.0,28297422,2030-12-01T18:00:00.000Z,,2026-09-09T16:48:07.237563+00:00,passing_yards,estimated,216.72727272727272,279.65999999999997,11.0,6.0,4061.96,237.39862908388724,0.9973341930563593,0.002665806943640714,0.5,0.5,False,0.4973341930563593,-0.4973341930563593
fanduel,28297422,751.167899372,98227873,Ashton Jeanty,,NFL,Rushing Yards,player_performance,975.5,-114.0,-114.0,28297422,2030-12-01T18:00:00.000Z,,2026-09-09T16:48:07.237563+00:00,rushing_yards,season_complete_no_remaining_games,,,17.0,0.0,975.0,,,,,,,,
fanduel,28297422,751.167897926,99983894,Bijan Robinson,,NFL,Rushing Yards,player_performance,1150.5,-114.0,-114.0,28297422,2030-12-01T18:00:00.000Z,,2026-09-09T16:48:07.237563+00:00,rushing_yards,season_complete_no_remaining_games,,,17.0,0.0,1478.0,,,,,,,,
fanduel,28297422,751.167902374,99171620,Breece Hall,,NFL,Rushing Yards,player_performance,900.5,-114.0,-114.0,28297422,2030-12-01T18:00:00.000Z,,2026-09-09T16:48:07.237563+00:00,rushing_yards,estimated,66.5625,67.55,16.0,1.0,1132.55,34.84626952774142,0.9999999999862386,1.376143643483374e-11,0.5,0.5,False,0.49999999998623856,-0.49999999998623856
fanduel,28297422,751.167902608,102061951,Chase Brown,,NFL,Rushing Yards,player_performance,850.5,-114.0,-114.0,28297422,2030-12-01T18:00:00.000Z,,2026-09-09T16:48:07.237563+00:00,rushing_yards,season_complete_no_remaining_games,,,17.0,0.0,1019.0,,,,,,,,
fanduel,28297422,751.167900031,98227979,Christian McCaffrey,,NFL,Rushing Yards,player_performance,900.5,-114.0,-114.0,28297422,2030-12-01T18:00:00.000Z,,2026-09-09T16:48:07.237563+00:00,rushing_yards,season_complete_no_remaining_games,,,17.0,0.0,1202.0,,,,,,,,
fanduel,28297422,751.167903059,99153350,D'Andre Swift,,NFL,Rushing Yards,player_performance,800.5,-114.0,-114.0,28297422,2030-12-01T18:00:00.000Z,,2026-09-09T16:48:07.237563+00:00,rushing_yards,estimated,67.9375,55.9,16.0,1.0,1142.9,32.99589620947833,1.0,0.0,0.5,0.5,False,0.5,-0.5
fanduel,28297422,751.167902821,98725633,David Montgomery,,NFL,Rushing Yards,player_performance,800.5,-114.0,-114.0,28297422,2030-12-01T18:00:00.000Z,,2026-09-09T16:48:07.237563+00:00,rushing_yards,season_complete_no_remaining_games,,,17.0,0.0,716.0,,,,,,,,
fanduel,28297422,751.167899072,99965603,De'Von Achane,,NFL,Rushing Yards,player_performance,975.5,-114.0,-114.0,28297422,2030-12-01T18:00:00.000Z,,2026-09-09T16:48:07.237563+00:00,rushing_yards,estimated,84.375,83.06,16.0,1.0,1433.06,40.12625906643512,1.0,0.0,0.5,0.5,False,0.5,-0.5
fanduel,28297422,751.167897514,99983863,Derrick Henry,,NFL,Rushing Yards,player_performance,1225.5,-114.0,-114.0,28297422,2030-12-01T18:00:00.000Z,,2026-09-09T16:48:07.237563+00:00,rushing_yards,season_complete_no_remaining_games,,,17.0,0.0,1595.0,,,,,,,,
fanduel,28297422,751.167904527,98228178,Drake Maye,,NFL,Rushing Yards,player_performance,400.5,-114.0,-114.0,28297422,2030-12-01T18:00:00.000Z,,2026-09-09T16:48:07.237563+00:00,rushing_yards,season_complete_no_remaining_games,,,17.0,0.0,450.0,,,,,,,,
fanduel,28297422,751.16789875,98227817,Jahmyr Gibbs,,NFL,Rushing Yards,player_performance,1200.5,-114.0,-114.0,28297422,2030-12-01T18:00:00.000Z,,2026-09-09T16:48:07.237563+00:00,rushing_yards,season_complete_no_remaining_games,,,17.0,0.0,1223.0,,,,,,,,
fanduel,28297422,751.167903882,98228114,Jalen Hurts,,NFL,Rushing Yards,player_performance,425.5,-114.0,-114.0,28297422,2030-12-01T18:00:00.000Z,,2026-09-09T16:48:07.237563+00:00,rushing_yards,estimated,26.3125,22.990000000000002,16.0,1.0,443.99,20.244237863319693,0.819469783904234,0.18053021609576603,0.5,0.5,False,0.319469783904234,-0.319469783904234
fanduel,28297422,751.167887958,100970736,James Cook,,NFL,Rushing Yards,player_performance,1175.5,-114.0,-114.0,28297422,2030-12-01T18:00:00.000Z,,2026-09-09T16:48:07.237563+00:00,rushing_yards,season_complete_no_remaining_games,,,17.0,0.0,1621.0,,,,,,,,
fanduel,28297422,751.16790072,100252251,Javonte Williams,,NFL,Rushing Yards,player_performance,950.5,-114.0,-114.0,28297422,2030-12-01T18:00:00.000Z,,2026-09-09T16:48:07.237563+00:00,rushing_yards,estimated,75.0625,58.35999999999999,16.0,1.0,1259.36,29.22206643388976,1.0,0.0,0.5,0.5,False,0.5,-0.5
fanduel,28297422,751.173552945,100993965,Jaylen Warren,,NFL,Rushing Yards,player_performance,625.5,-114.0,-114.0,28297422,2030-12-01T18:00:00.000Z,,2026-09-09T16:48:07.237563+00:00,rushing_yards,estimated,59.875,72.69999999999999,16.0,1.0,1030.7,33.577522243310334,1.0,0.0,0.5,0.5,False,0.5,-0.5
fanduel,28297422,751.16790421,100958530,Jaxson Dart,,NFL,Rushing Yards,player_performance,475.5,-114.0,-114.0,28297422,2030-12-01T18:00:00.000Z,,2026-09-09T16:48:07.237563+00:00,rushing_yards,estimated,34.785714285714285,33.76,14.0,3.0,588.28,43.04833725777734,0.9956015216180996,0.004398478381900439,0.5,0.5,False,0.49560152161809956,-0.49560152161809956
fanduel,28297422,751.165329439,101780165,Jeremiyah Love,,NFL,Rushing Yards,player_performance,775.5,-114.0,-114.0,28297422,2030-12-01T18:00:00.000Z,,2026-09-09T16:48:07.237563+00:00,,no_player_match,,,,,,,,,,,,,
fanduel,28297422,751.167887615,100630781,Jonathan Taylor,,NFL,Rushing Yards,player_performance,1225.5,-114.0,-114.0,28297422,2030-12-01T18:00:00.000Z,,2026-09-09T16:48:07.237563+00:00,rushing_yards,season_complete_no_remaining_games,,,17.0,0.0,1585.0,,,,,,,,
fanduel,28297422,751.173551451,99811594,J.K. Dobbins,,NFL,Rushing Yards,player_performance,700.5,-114.0,-114.0,28297422,2030-12-01T18:00:00.000Z,,2026-09-09T16:48:07.237563+00:00,rushing_yards,estimated,77.2,77.32000000000001,10.0,7.0,1313.24,52.98553261661778,1.0,0.0,0.5,0.5,False,0.5,-0.5
fanduel,28297422,751.167903722,98241183,Josh Allen,,NFL,Rushing Yards,player_performance,500.5,-114.0,-114.0,28297422,2030-12-01T18:00:00.000Z,,2026-09-09T16:48:07.237563+00:00,rushing_yards,estimated,36.1875,35.699999999999996,16.0,1.0,614.7,18.023017690349935,0.9999999998823577,1.1764234031375054e-10,0.5,0.5,False,0.49999999988235766,-0.49999999988235766
fanduel,28297422,751.167899731,102059164,Kenneth Walker,,NFL,Rushing Yards,player_performance,950.5,-114.0,-114.0,28297422,2030-12-01T18:00:00.000Z,,2026-09-09T16:48:07.237563+00:00,rushing_yards,season_complete_no_remaining_games,,,17.0,0.0,1027.0,,,,,,,,
fanduel,28297422,751.173485846,99983895,Kyren Williams,,NFL,Rushing Yards,player_performance,925.5,-114.0,-114.0,28297422,2030-12-01T18:00:00.000Z,,2026-09-09T16:48:07.237563+00:00,rushing_yards,season_complete_no_remaining_games,,,17.0,0.0,1252.0,,,,,,,,
fanduel,28297422,751.167903527,100970787,Lamar Jackson,,NFL,Rushing Yards,player_performance,550.5,-114.0,-114.0,28297422,2030-12-01T18:00:00.000Z,,2026-09-09T16:48:07.237563+00:00,rushing_yards,estimated,26.846153846153847,17.42,13.0,4.0,418.68,37.97232460486763,0.0002588031422066095,0.9997411968577934,0.5,0.5,False,-0.4997411968577934,0.4997411968577934
fanduel,28297422,751.173551269,101978806,Quinshon Judkins,,NFL,Rushing Yards,player_performance,850.5,-114.0,-114.0,28297422,2030-12-01T18:00:00.000Z,,2026-09-09T16:48:07.237563+00:00,rushing_yards,estimated,59.07142857142857,32.83,14.0,3.0,925.49,53.57725243069093,0.9191925970716173,0.08080740292838273,0.5,0.5,False,0.41919259707161727,-0.41919259707161727
fanduel,28297422,751.173552008,102600784,Rhamondre Stevenson,,NFL,Rushing Yards,player_performance,675.5,-114.0,-114.0,28297422,2030-12-01T18:00:00.000Z,,2026-09-09T16:48:07.237563+00:00,rushing_yards,estimated,43.07142857142857,77.0,14.0,3.0,834.0,57.75198012874717,0.9969697928067072,0.003030207193292833,0.5,0.5,False,0.49696979280670717,-0.49696979280670717
fanduel,28297422,751.167888413,99983944,Saquon Barkley,,NFL,Rushing Yards,player_performance,1050.5,-114.0,-114.0,28297422,2030-12-01T18:00:00.000Z,,2026-09-09T16:48:07.237563+00:00,rushing_yards,estimated,71.25,91.52000000000001,16.0,1.0,1231.52,36.431671203317954,0.9999996630769699,3.36923030141989e-07,0.5,0.5,False,0.49999966307696986,-0.49999966307696986
fanduel,28297422,751.167901194,100959016,Tony Pollard,,NFL,Rushing Yards,player_performance,775.5,-114.0,-114.0,28297422,2030-12-01T18:00:00.000Z,,2026-09-09T16:48:07.237563+00:00,rushing_yards,season_complete_no_remaining_games,,,17.0,0.0,1082.0,,,,,,,,
fanduel,28297422,751.173552852,102054720,Travis Etienne,,NFL,Rushing Yards,player_performance,875.5,-114.0,-114.0,28297422,2030-12-01T18:00:00.000Z,,2026-09-09T16:48:07.237563+00:00,rushing_yards,season_complete_no_remaining_games,,,17.0,0.0,1107.0,,,,,,,,
fanduel,28297422,751.168917056,98467676,Amon-Ra St. Brown,,NFL,Receiving Yards,player_performance,1225.5,-114.0,-114.0,28297422,2030-12-01T18:00:00.000Z,,2026-09-09T16:48:07.237563+00:00,receiving_yards,season_complete_no_remaining_games,,,17.0,0.0,1401.0,,,,,,,,
fanduel,28297422,751.171356914,102245252,A.J. Brown,,NFL,Receiving Yards,player_performance,1125.5,-114.0,-114.0,28297422,2030-12-01T18:00:00.000Z,,2026-09-09T16:48:07.237563+00:00,receiving_yards,estimated,66.86666666666666,78.31,15.0,2.0,1159.62,60.909456611940854,0.7123202139769955,0.2876797860230045,0.5,0.5,False,0.21232021397699552,-0.21232021397699552
fanduel,28297422,751.168921983,100861633,Brock Bowers,,NFL,Receiving Yards,player_performance,925.5,-114.0,-114.0,28297422,2030-12-01T18:00:00.000Z,,2026-09-09T16:48:07.237563+00:00,receiving_yards,estimated,56.666666666666664,39.71,12.0,5.0,878.55,68.54549473513813,0.2466888256685087,0.7533111743314913,0.5,0.5,False,-0.2533111743314913,0.2533111743314913
fanduel,28297422,751.165572541,97918738,Carnell Tate,,NFL,Receiving Yards,player_performance,775.5,-114.0,-114.0,28297422,2030-12-01T18:00:00.000Z,,2026-09-09T16:48:07.237563+00:00,,no_player_match,,,,,,,,,,,,,
fanduel,28297422,751.168917318,99983892,CeeDee Lamb,,NFL,Receiving Yards,player_performance,1200.5,-114.0,-114.0,28297422,2030-12-01T18:00:00.000Z,,2026-09-09T16:48:07.237563+00:00,receiving_yards,estimated,82.84615384615384,46.1,13.0,4.0,1261.4,69.37745144663913,0.8099757184911633,0.19002428150883666,0.5,0.5,False,0.30997571849116334,-0.30997571849116334
fanduel,28297422,751.168917788,98467741,Chris Olave,,NFL,Receiving Yards,player_performance,1050.5,-114.0,-114.0,28297422,2030-12-01T18:00:00.000Z,,2026-09-09T16:48:07.237563+00:00,receiving_yards,estimated,72.6875,103.01,16.0,1.0,1266.01,33.63275932777446,0.9999999999261541,7.384592937142997e-11,0.5,0.5,False,0.49999999992615407,-0.49999999992615407
fanduel,28297422,751.16892165,102304878,Christian Watson,,NFL,Receiving Yards,player_performance,825.5,-114.0,-114.0,28297422,2030-12-01T18:00:00.000Z,,2026-09-09T16:48:07.237563+00:00,receiving_yards,estimated,61.1,66.67999999999999,10.0,7.0,1077.76,78.97418706274995,0.9992989253515001,0.0007010746484998887,0.5,0.5,False,0.4992989253515001,-0.4992989253515001
fanduel,28297422,751.173483624,99787627,Christian McCaffrey,,NFL,Receiving Yards,player_performance,550.5,-114.0,-114.0,28297422,2030-12-01T18:00:00.000Z,,2026-09-09T16:48:07.237563+00:00,receiving_yards,season_complete_no_remaining_games,,,17.0,0.0,924.0,,,,,,,,
fanduel,28297422,751.168924599,102089043,Colston Loveland,,NFL,Receiving Yards,player_performance,825.5,-114.0,-114.0,28297422,2030-12-01T18:00:00.000Z,,2026-09-09T16:48:07.237563+00:00,receiving_yards,estimated,44.5625,71.22999999999999,16.0,1.0,784.23,32.69448220520806,0.10342177545970199,0.896578224540298,0.5,0.5,False,-0.396578224540298,0.396578224540298
fanduel,28297422,751.168920564,102441629,Davante Adams,,NFL,Receiving Yards,player_performance,750.5,-114.0,-114.0,28297422,2030-12-01T18:00:00.000Z,,2026-09-09T16:48:07.237563+00:00,receiving_yards,estimated,56.357142857142854,51.21999999999999,14.0,3.0,942.66,44.94410447959251,0.9999904659705968,9.534029403179822e-06,0.5,0.5,False,0.4999904659705968,-0.4999904659705968
fanduel,28297422,751.168917991,98467861,Drake London,,NFL,Receiving Yards,player_performance,1100.5,-114.0,-114.0,28297422,2030-12-01T18:00:00.000Z,,2026-09-09T16:48:07.237563+00:00,receiving_yards,estimated,76.58333333333333,56.3,12.0,5.0,1200.5,101.41928422209068,0.8379348606567367,0.16206513934326328,0.5,0.5,False,0.3379348606567367,-0.3379348606567367
fanduel,28297422,751.168924833,100630803,Emeka Egbuka,,NFL,Receiving Yards,player_performance,900.5,-114.0,-114.0,28297422,2030-12-01T18:00:00.000Z,,2026-09-09T16:48:07.237563+00:00,receiving_yards,season_complete_no_remaining_games,,,17.0,0.0,938.0,,,,,,,,
fanduel,28297422,751.173478939,100630901,George Kittle,,NFL,Receiving Yards,player_performance,700.5,-114.0,-114.0,28297422,2030-12-01T18:00:00.000Z,,2026-09-09T16:48:07.237563+00:00,receiving_yards,estimated,57.09090909090909,70.77999999999999,11.0,6.0,1052.6799999999998,83.3291392883993,0.9999881255742167,1.187442578332032e-05,0.5,0.5,False,0.4999881255742167,-0.4999881255742167
fanduel,28297422,751.173481685,101638584,Courtland Sutton,,NFL,Receiving Yards,player_performance,725.5,-114.0,-114.0,28297422,2030-12-01T18:00:00.000Z,,2026-09-09T16:48:07.237563+00:00,receiving_yards,season_complete_no_remaining_games,,,17.0,0.0,1017.0,,,,,,,,
fanduel,28297422,751.168919882,98467989,Garrett Wilson,,NFL,Receiving Yards,player_performance,975.5,-114.0,-114.0,28297422,2030-12-01T18:00:00.000Z,,2026-09-09T16:48:07.237563+00:00,receiving_yards,estimated,56.42857142857143,34.010000000000005,7.0,10.0,735.1,117.08767573713219,0.0200284203774741,0.9799715796225259,0.5,0.5,False,-0.4799715796225259,0.4799715796225259
fanduel,28297422,751.168917538,98516980,George Pickens,,NFL,Receiving Yards,player_performance,1050.5,-114.0,-114.0,28297422,2030-12-01T18:00:00.000Z,,2026-09-09T16:48:07.237563+00:00,receiving_yards,season_complete_no_remaining_games,,,17.0,0.0,1429.0,,,,,,,,
fanduel,28297422,751.168919215,99983974,Jameson Williams,,NFL,Receiving Yards,player_performance,900.5,-114.0,-114.0,28297422,2030-12-01T18:00:00.000Z,,2026-09-09T16:48:07.237563+00:00,receiving_yards,season_complete_no_remaining_games,,,17.0,0.0,1117.0,,,,,,,,
fanduel,28297422,751.168916865,99983884,Ja'Marr Chase,,NFL,Receiving Yards,player_performance,1325.5,-114.0,-114.0,28297422,2030-12-01T18:00:00.000Z,,2026-09-09T16:48:07.237563+00:00,receiving_yards,estimated,88.25,89.75999999999999,16.0,1.0,1501.76,45.340930735925575,0.9999493458109348,5.065418906524677e-05,0.5,0.5,False,0.49994934581093475,-0.49994934581093475
fanduel,28297422,751.168913265,102040202,Jaxon Smith-Njigba,,NFL,Receiving Yards,player_performance,1325.5,-114.0,-114.0,28297422,2030-12-01T18:00:00.000Z,,2026-09-09T16:48:07.237563+00:00,receiving_yards,season_complete_no_remaining_games,,,17.0,0.0,1793.0,,,,,,,,
fanduel,28297422,751.168921395,100861626,Jaylen Waddle,,NFL,Receiving Yards,player_performance,925.5,-114.0,-114.0,28297422,2030-12-01T18:00:00.000Z,,2026-09-09T16:48:07.237563+00:00,receiving_yards,estimated,56.875,32.4,16.0,1.0,942.4,31.820067043717344,0.7023292037058987,0.2976707962941013,0.5,0.5,False,0.20232920370589869,-0.20232920370589869
fanduel,28297422,751.16891744,98467711,Justin Jefferson,,NFL,Receiving Yards,player_performance,1150.5,-114.0,-114.0,28297422,2030-12-01T18:00:00.000Z,,2026-09-09T16:48:07.237563+00:00,receiving_yards,season_complete_no_remaining_games,,,17.0,0.0,1048.0,,,,,,,,
fanduel,28297422,751.173484586,100970850,Jahmyr Gibbs,,NFL,Receiving Yards,player_performance,475.5,-114.0,-114.0,28297422,2030-12-01T18:00:00.000Z,,2026-09-09T16:48:07.237563+00:00,receiving_yards,season_complete_no_remaining_games,,,17.0,0.0,616.0,,,,,,,,
fanduel,28297422,751.165575977,97695501,KC Concepcion,,NFL,Receiving Yards,player_performance,600.5,-114.0,-114.0,28297422,2030-12-01T18:00:00.000Z,,2026-09-09T16:48:07.237563+00:00,,no_player_match,,,,,,,,,,,,,
fanduel,28297422,751.168925306,98472887,Kyle Pitts,,NFL,Receiving Yards,player_performance,725.5,-114.0,-114.0,28297422,2030-12-01T18:00:00.000Z,,2026-09-09T16:48:07.237563+00:00,receiving_yards,season_complete_no_remaining_games,,,17.0,0.0,928.0,,,,,,,,
fanduel,28297422,751.168921057,100731539,Ladd McConkey,,NFL,Receiving Yards,player_performance,900.5,-114.0,-114.0,28297422,2030-12-01T18:00:00.000Z,,2026-09-09T16:48:07.237563+00:00,receiving_yards,estimated,49.3125,30.160000000000004,16.0,1.0,819.16,30.61310993675749,0.003941602849294457,0.9960583971507055,0.5,0.5,False,-0.49605839715070554,0.49605839715070554
fanduel,28297422,751.165573575,101562690,Makai Lemon,,NFL,Receiving Yards,player_performance,575.5,-114.0,-114.0,28297422,2030-12-01T18:00:00.000Z,,2026-09-09T16:48:07.237563+00:00,,no_player_match,,,,,,,,,,,,,
fanduel,28297422,751.168923797,98468425,Marvin Harrison Jr.,,NFL,Receiving Yards,player_performance,800.5,-114.0,-114.0,28297422,2030-12-01T18:00:00.000Z,,2026-09-09T16:48:07.237563+00:00,receiving_yards,estimated,50.666666666666664,28.94,12.0,5.0,752.7,69.12000982042579,0.24460972536098236,0.7553902746390176,0.5,0.5,False,-0.25539027463901764,0.25539027463901764
fanduel,28297422,751.17348393,99787657,Mark Andrews,,NFL,Receiving Yards,player_performance,500.5,-114.0,-114.0,28297422,2030-12-01T18:00:00.000Z,,2026-09-09T16:48:07.237563+00:00,receiving_yards,season_complete_no_remaining_games,,,17.0,0.0,422.0,,,,,,,,
fanduel,28297422,751.173479739,99787353,Mike Evans,,NFL,Receiving Yards,player_performance,775.5,-114.0,-114.0,28297422,2030-12-01T18:00:00.000Z,,2026-09-09T16:48:07.237563+00:00,receiving_yards,estimated,46.0,41.69,8.0,9.0,743.21,115.63489339913178,0.390029951374975,0.609970048625025,0.5,0.5,False,-0.10997004862502502,0.10997004862502502
fanduel,28297422,751.173482676,99787542,Michael Pittman Jr.,,NFL,Receiving Yards,player_performance,725.5,-114.0,-114.0,28297422,2030-12-01T18:00:00.000Z,,2026-09-09T16:48:07.237563+00:00,receiving_yards,season_complete_no_remaining_games,,,17.0,0.0,784.0,,,,,,,,
fanduel,28297422,751.16891971,98663740,Malik Nabers,,NFL,Receiving Yards,player_performance,925.5,-114.0,-114.0,28297422,2030-12-01T18:00:00.000Z,,2026-09-09T16:48:07.237563+00:00,receiving_yards,estimated,67.75,56.70652173913043,4.0,13.0,1008.1847826086956,256.12740970071906,0.6265867783510678,0.3734132216489322,0.5,0.5,False,0.1265867783510678,-0.1265867783510678
fanduel,28297422,751.168917689,102052697,Nico Collins,,NFL,Receiving Yards,player_performance,1150.5,-114.0,-114.0,28297422,2030-12-01T18:00:00.000Z,,2026-09-09T16:48:07.237563+00:00,receiving_yards,estimated,74.46666666666667,74.06,15.0,2.0,1265.12,45.43399188985731,0.9941784515200899,0.005821548479910121,0.5,0.5,False,0.4941784515200899,-0.4941784515200899
fanduel,28297422,751.165573728,101850268,Omar Cooper Jr.,,NFL,Receiving Yards,player_performance,425.5,-114.0,-114.0,28297422,2030-12-01T18:00:00.000Z,,2026-09-09T16:48:07.237563+00:00,,no_player_match,,,,,,,,,,,,,
fanduel,28297422,751.168913142,102441625,Puka Nacua,,NFL,Receiving Yards,player_performance,1325.5,-114.0,-114.0,28297422,2030-12-01T18:00:00.000Z,,2026-09-09T16:48:07.237563+00:00,receiving_yards,estimated,107.1875,118.42999999999999,16.0,1.0,1833.43,53.79370316310265,1.0,0.0,0.5,0.5,False,0.5,-0.5
fanduel,28297422,751.168923606,98516979,Rome Odunze,,NFL,Receiving Yards,player_performance,800.5,-114.0,-114.0,28297422,2030-12-01T18:00:00.000Z,,2026-09-09T16:48:07.237563+00:00,receiving_yards,estimated,55.083333333333336,34.57,12.0,5.0,833.85,87.59129436470755,0.6483039858380832,0.35169601416191676,0.5,0.5,False,0.14830398583808324,-0.14830398583808324
fanduel,28297422,751.173484956,102561760,Rashid Shaheed,,NFL,Receiving Yards,player_performance,550.5,-114.0,-114.0,28297422,2030-12-01T18:00:00.000Z,,2026-09-09T16:48:07.237563+00:00,receiving_yards,season_complete_no_remaining_games,,,18.0,0.0,687.0,,,,,,,,
fanduel,28297422,751.173482134,99787478,Sam LaPorta,,NFL,Receiving Yards,player_performance,650.5,-114.0,-114.0,28297422,2030-12-01T18:00:00.000Z,,2026-09-09T16:48:07.237563+00:00,receiving_yards,estimated,54.333333333333336,59.76,9.0,8.0,967.0799999999999,83.00602387778854,0.9999316156744187,6.838432558131657e-05,0.5,0.5,False,0.4999316156744187,-0.4999316156744187
fanduel,28297422,751.168920015,102089548,Tee Higgins,,NFL,Receiving Yards,player_performance,900.5,-114.0,-114.0,28297422,2030-12-01T18:00:00.000Z,,2026-09-09T16:48:07.237563+00:00,receiving_yards,estimated,56.4,62.32,15.0,2.0,970.64,41.496299318648376,0.9545119596753775,0.0454880403246225,0.5,0.5,False,0.4545119596753775,-0.4545119596753775
fanduel,28297422,751.168920792,101185675,Tetairoa McMillan,,NFL,Receiving Yards,player_performance,950.5,-114.0,-114.0,28297422,2030-12-01T18:00:00.000Z,,2026-09-09T16:48:07.237563+00:00,receiving_yards,season_complete_no_remaining_games,,,17.0,0.0,1014.0,,,,,,,,
fanduel,28297422,751.168925898,99316700,Travis Kelce,,NFL,Receiving Yards,player_performance,675.5,-114.0,-114.0,28297422,2030-12-01T18:00:00.000Z,,2026-09-09T16:48:07.237563+00:00,receiving_yards,season_complete_no_remaining_games,,,17.0,0.0,851.0,,,,,,,,
fanduel,28297422,751.173479237,99787247,Terry McLaurin,,NFL,Receiving Yards,player_performance,900.5,-114.0,-114.0,28297422,2030-12-01T18:00:00.000Z,,2026-09-09T16:48:07.237563+00:00,receiving_yards,estimated,58.2,57.86000000000001,10.0,7.0,987.02,50.181005702689276,0.9576603696410257,0.042339630358974256,0.5,0.5,False,0.45766036964102574,-0.45766036964102574
fanduel,28297422,751.168918103,99984012,Trey McBride,,NFL,Receiving Yards,player_performance,950.5,-114.0,-114.0,28297422,2030-12-01T18:00:00.000Z,,2026-09-09T16:48:07.237563+00:00,receiving_yards,season_complete_no_remaining_games,,,17.0,0.0,1239.0,,,,,,,,
fanduel,28297422,751.168925091,98472818,Tyler Warren,,NFL,Receiving Yards,player_performance,750.5,-114.0,-114.0,28297422,2030-12-01T18:00:00.000Z,,2026-09-09T16:48:07.237563+00:00,receiving_yards,season_complete_no_remaining_games,,,17.0,0.0,817.0,,,,,,,,
fanduel,28297422,751.168918271,100191434,Zay Flowers,,NFL,Receiving Yards,player_performance,975.5,-114.0,-114.0,28297422,2030-12-01T18:00:00.000Z,,2026-09-09T16:48:07.237563+00:00,receiving_yards,season_complete_no_remaining_games,,,17.0,0.0,1211.0,,,,,,,,
fanduel,28297422,751.169057482,98497169,Baker Mayfield,,NFL,Passing TDs,player_performance,25.5,102.0,-136.0,28297422,2030-12-01T18:00:00.000Z,,2026-09-09T16:48:07.237563+00:00,,unsupported_stat_type,,,,,,,,,,,,,
fanduel,28297422,751.169049315,98496714,Brock Purdy,,NFL,Passing TDs,player_performance,27.5,-108.0,-122.0,28297422,2030-12-01T18:00:00.000Z,,2026-09-09T16:48:07.237563+00:00,,unsupported_stat_type,,,,,,,,,,,,,
fanduel,28297422,751.16906004,98506671,Bryce Young,,NFL,Passing TDs,player_performance,20.5,-108.0,-122.0,28297422,2030-12-01T18:00:00.000Z,,2026-09-09T16:48:07.237563+00:00,,unsupported_stat_type,,,,,,,,,,,,,
fanduel,28297422,751.169058126,98497232,Caleb Williams,,NFL,Passing TDs,player_performance,24.5,-122.0,-108.0,28297422,2030-12-01T18:00:00.000Z,,2026-09-09T16:48:07.237563+00:00,,unsupported_stat_type,,,,,,,,,,,,,
fanduel,28297422,751.169065934,98498258,Cam Ward,,NFL,Passing TDs,player_performance,19.5,106.0,-140.0,28297422,2030-12-01T18:00:00.000Z,,2026-09-09T16:48:07.237563+00:00,,unsupported_stat_type,,,,,,,,,,,,,
fanduel,28297422,751.169059755,98497299,C.J. Stroud,,NFL,Passing TDs,player_performance,22.5,-122.0,-108.0,28297422,2030-12-01T18:00:00.000Z,,2026-09-09T16:48:07.237563+00:00,,unsupported_stat_type,,,,,,,,,,,,,
fanduel,28297422,751.169051616,98496853,Dak Prescott,,NFL,Passing TDs,player_performance,27.5,-102.0,-130.0,28297422,2030-12-01T18:00:00.000Z,,2026-09-09T16:48:07.237563+00:00,,unsupported_stat_type,,,,,,,,,,,,,
fanduel,28297422,751.179751031,101396948,Daniel Jones,,NFL,Passing TDs,player_performance,18.5,-136.0,102.0,28297422,2030-12-01T18:00:00.000Z,,2026-09-09T16:48:07.237563+00:00,,unsupported_stat_type,,,,,,,,,,,,,
fanduel,28297422,751.169052472,98496904,Drake Maye,,NFL,Passing TDs,player_performance,25.5,-144.0,108.0,28297422,2030-12-01T18:00:00.000Z,,2026-09-09T16:48:07.237563+00:00,,unsupported_stat_type,,,,,,,,,,,,,
fanduel,28297422,751.16526844,102600121,Fernando Mendoza,,NFL,Passing TDs,player_performance,7.5,-114.0,-114.0,28297422,2030-12-01T18:00:00.000Z,,2026-09-09T16:48:07.237563+00:00,,no_player_match,,,,,,,,,,,,,
fanduel,28297422,751.16905949,100215516,Jalen Hurts,,NFL,Passing TDs,player_performance,21.5,-122.0,-108.0,28297422,2030-12-01T18:00:00.000Z,,2026-09-09T16:48:07.237563+00:00,,unsupported_stat_type,,,,,,,,,,,,,
fanduel,28297422,751.169073672,98496701,Jared Goff,,NFL,Passing TDs,player_performance,29.5,-108.0,-122.0,28297422,2030-12-01T18:00:00.000Z,,2026-09-09T16:48:07.237563+00:00,,unsupported_stat_type,,,,,,,,,,,,,
fanduel,28297422,751.169065651,98498215,Jaxson Dart,,NFL,Passing TDs,player_performance,19.5,-108.0,-122.0,28297422,2030-12-01T18:00:00.000Z,,2026-09-09T16:48:07.237563+00:00,,unsupported_stat_type,,,,,,,,,,,,,
fanduel,28297422,751.169060205,101185683,Jayden Daniels,,NFL,Passing TDs,player_performance,21.5,-102.0,-130.0,28297422,2030-12-01T18:00:00.000Z,,2026-09-09T16:48:07.237563+00:00,,unsupported_stat_type,,,,,,,,,,,,,
fanduel,28297422,751.169047448,98496370,Joe Burrow,,NFL,Passing TDs,player_performance,32.5,-114.0,-114.0,28297422,2030-12-01T18:00:00.000Z,,2026-09-09T16:48:07.237563+00:00,,unsupported_stat_type,,,,,,,,,,,,,
fanduel,28297422,751.169058801,102300985,Jordan Love,,NFL,Passing TDs,player_performance,26.5,-108.0,-122.0,28297422,2030-12-01T18:00:00.000Z,,2026-09-09T16:48:07.237563+00:00,,unsupported_stat_type,,,,,,,,,,,,,
fanduel,28297422,751.169057862,98497218,Josh Allen,,NFL,Passing TDs,player_performance,24.5,-120.0,-110.0,28297422,2030-12-01T18:00:00.000Z,,2026-09-09T16:48:07.237563+00:00,,unsupported_stat_type,,,,,,,,,,,,,
fanduel,28297422,751.169057205,98497164,Justin Herbert,,NFL,Passing TDs,player_performance,25.5,-108.0,-122.0,28297422,2030-12-01T18:00:00.000Z,,2026-09-09T16:48:07.237563+00:00,,unsupported_stat_type,,,,,,,,,,,,,
fanduel,28297422,751.169058486,98497244,Lamar Jackson,,NFL,Passing TDs,player_performance,24.5,-122.0,-108.0,28297422,2030-12-01T18:00:00.000Z,,2026-09-09T16:48:07.237563+00:00,,unsupported_stat_type,,,,,,,,,,,,,
fanduel,28297422,751.169050087,98496803,Matthew Stafford,,NFL,Passing TDs,player_performance,29.5,-132.0,100.0,28297422,2030-12-01T18:00:00.000Z,,2026-09-09T16:48:07.237563+00:00,,unsupported_stat_type,,,,,,,,,,,,,
fanduel,28297422,751.169059098,98497287,Sam Darnold,,NFL,Passing TDs,player_performance,23.5,-102.0,-130.0,28297422,2030-12-01T18:00:00.000Z,,2026-09-09T16:48:07.237563+00:00,,unsupported_stat_type,,,,,,,,,,,,,
fanduel,28297422,751.169052099,98496892,Trevor Lawrence,,NFL,Passing TDs,player_performance,25.5,-102.0,-130.0,28297422,2030-12-01T18:00:00.000Z,,2026-09-09T16:48:07.237563+00:00,,unsupported_stat_type,,,,,,,,,,,,,
fanduel,28297422,751.169066267,98996829,Tyler Shough,,NFL,Passing TDs,player_performance,19.5,-148.0,112.0,28297422,2030-12-01T18:00:00.000Z,,2026-09-09T16:48:07.237563+00:00,,unsupported_stat_type,,,,,,,,,,,,,
fanduel,28297422,751.170827184,99007940,Ashton Jeanty,,NFL,Rushing TDs,player_performance,7.5,-108.0,-122.0,28297422,2030-12-01T18:00:00.000Z,,2026-09-09T16:48:07.237563+00:00,,unsupported_stat_type,,,,,,,,,,,,,
fanduel,28297422,751.170804315,99983711,Bijan Robinson,,NFL,Rushing TDs,player_performance,9.5,-108.0,-122.0,28297422,2030-12-01T18:00:00.000Z,,2026-09-09T16:48:07.237563+00:00,,unsupported_stat_type,,,,,,,,,,,,,
fanduel,28297422,751.170824623,99007763,Breece Hall,,NFL,Rushing TDs,player_performance,5.5,116.0,-154.0,28297422,2030-12-01T18:00:00.000Z,,2026-09-09T16:48:07.237563+00:00,,unsupported_stat_type,,,,,,,,,,,,,
fanduel,28297422,751.170811587,102357990,Chase Brown,,NFL,Rushing TDs,player_performance,6.5,106.0,-140.0,28297422,2030-12-01T18:00:00.000Z,,2026-09-09T16:48:07.237563+00:00,,unsupported_stat_type,,,,,,,,,,,,,
fanduel,28297422,751.170806043,99006760,Christian McCaffrey,,NFL,Rushing TDs,player_performance,8.5,106.0,-140.0,28297422,2030-12-01T18:00:00.000Z,,2026-09-09T16:48:07.237563+00:00,,unsupported_stat_type,,,,,,,,,,,,,
fanduel,28297422,751.170810517,99007008,D'Andre Swift,,NFL,Rushing TDs,player_performance,5.5,-158.0,118.0,28297422,2030-12-01T18:00:00.000Z,,2026-09-09T16:48:07.237563+00:00,,unsupported_stat_type,,,,,,,,,,,,,
fanduel,28297422,751.170808367,99006892,David Montgomery,,NFL,Rushing TDs,player_performance,7.5,-102.0,-130.0,28297422,2030-12-01T18:00:00.000Z,,2026-09-09T16:48:07.237563+00:00,,unsupported_stat_type,,,,,,,,,,,,,
fanduel,28297422,751.170802145,100630862,Derrick Henry,,NFL,Rushing TDs,player_performance,12.5,-132.0,-102.0,28297422,2030-12-01T18:00:00.000Z,,2026-09-09T16:48:07.237563+00:00,,unsupported_stat_type,,,,,,,,,,,,,
fanduel,28297422,751.170826329,99007914,Drake Maye,,NFL,Rushing TDs,player_performance,3.5,-108.0,-122.0,28297422,2030-12-01T18:00:00.000Z,,2026-09-09T16:48:07.237563+00:00,,unsupported_stat_type,,,,,,,,,,,,,
fanduel,28297422,751.170804673,99006729,James Cook,,NFL,Rushing TDs,player_performance,10.5,106.0,-140.0,28297422,2030-12-01T18:00:00.000Z,,2026-09-09T16:48:07.237563+00:00,,unsupported_stat_type,,,,,,,,,,,,,
fanduel,28297422,751.170809318,99006927,Jalen Hurts,,NFL,Rushing TDs,player_performance,7.5,-148.0,112.0,28297422,2030-12-01T18:00:00.000Z,,2026-09-09T16:48:07.237563+00:00,,unsupported_stat_type,,,,,,,,,,,,,
fanduel,28297422,751.170805628,99006750,Javonte Williams,,NFL,Rushing TDs,player_performance,9.5,-128.0,-104.0,28297422,2030-12-01T18:00:00.000Z,,2026-09-09T16:48:07.237563+00:00,,unsupported_stat_type,,,,,,,,,,,,,
fanduel,28297422,751.170803945,99007984,Jahmyr Gibbs,,NFL,Rushing TDs,player_performance,11.5,-166.0,120.0,28297422,2030-12-01T18:00:00.000Z,,2026-09-09T16:48:07.237563+00:00,,unsupported_stat_type,,,,,,,,,,,,,
fanduel,28297422,751.170802529,99006667,Jonathan Taylor,,NFL,Rushing TDs,player_performance,11.5,-122.0,-108.0,28297422,2030-12-01T18:00:00.000Z,,2026-09-09T16:48:07.237563+00:00,,unsupported_stat_type,,,,,,,,,,,,,
fanduel,28297422,751.170824864,100454290,Jaxson Dart,,NFL,Rushing TDs,player_performance,5.5,-118.0,-112.0,28297422,2030-12-01T18:00:00.000Z,,2026-09-09T16:48:07.237563+00:00,,unsupported_stat_type,,,,,,,,,,,,,
fanduel,28297422,751.170810862,97499451,Jeremiyah Love,,NFL,Rushing TDs,player_performance,5.5,-122.0,-108.0,28297422,2030-12-01T18:00:00.000Z,,2026-09-09T16:48:07.237563+00:00,,no_player_match,,,,,,,,,,,,,
fanduel,28297422,751.170805028,99006745,Josh Allen,,NFL,Rushing TDs,player_performance,10.5,-128.0,-104.0,28297422,2030-12-01T18:00:00.000Z,,2026-09-09T16:48:07.237563+00:00,,unsupported_stat_type,,,,,,,,,,,,,
fanduel,28297422,751.170808982,99006903,Kenneth Walker III,,NFL,Rushing TDs,player_performance,7.5,-130.0,-102.0,28297422,2030-12-01T18:00:00.000Z,,2026-09-09T16:48:07.237563+00:00,,unsupported_stat_type,,,,,,,,,,,,,
fanduel,28297422,751.170825684,99007823,Lamar Jackson,,NFL,Rushing TDs,player_performance,3.5,-130.0,-102.0,28297422,2030-12-01T18:00:00.000Z,,2026-09-09T16:48:07.237563+00:00,,unsupported_stat_type,,,,,,,,,,,,,
fanduel,28297422,751.170811841,99007129,Rhamondre Stevenson,,NFL,Rushing TDs,player_performance,5.5,-138.0,104.0,28297422,2030-12-01T18:00:00.000Z,,2026-09-09T16:48:07.237563+00:00,,unsupported_stat_type,,,,,,,,,,,,,
fanduel,28297422,751.17080975,99006961,Saquon Barkley,,NFL,Rushing TDs,player_performance,7.5,-114.0,-114.0,28297422,2030-12-01T18:00:00.000Z,,2026-09-09T16:48:07.237563+00:00,,unsupported_stat_type,,,,,,,,,,,,,
fanduel,28297422,751.170811228,99007090,Tony Pollard,,NFL,Rushing TDs,player_performance,5.5,112.0,-148.0,28297422,2030-12-01T18:00:00.000Z,,2026-09-09T16:48:07.237563+00:00,,unsupported_stat_type,,,,,,,,,,,,,
fanduel,28297422,751.170824277,99007761,Travis Etienne,,NFL,Rushing TDs,player_performance,5.5,124.0,-166.0,28297422,2030-12-01T18:00:00.000Z,,2026-09-09T16:48:07.237563+00:00,,unsupported_stat_type,,,,,,,,,,,,,
