series_ticker,market_ticker,city_label,station_id,target_date,strike_type,floor_strike,cap_strike,settlement_source_name,settlement_source_url,yes_bid,yes_ask,no_bid,no_ask,yes_ask_size,yes_bid_size,volume,liquidity,close_time,status,pulled_at
KXHIGHTTTN,KXHIGHTTTN-26OCT05-T75,"Trenton, NJ Daily Max Temp",KTTN,2026-10-05,greater,75.0,,The Weather Company,https://weather.com/kalshi,0.0,0.01,0.99,1.0,7.0,0.0,33.0,,2026-10-06T05:00:00Z,active,2026-10-04T20:10:15.905847+00:00
KXHIGHTTTN,KXHIGHTTTN-26OCT05-T68,"Trenton, NJ Daily Max Temp",KTTN,2026-10-05,less,,68.0,The Weather Company,https://weather.com/kalshi,0.01,0.02,0.98,0.99,10.0,48.0,76.28,,2026-10-06T05:00:00Z,active,2026-10-04T20:10:15.905847+00:00
KXHIGHTTTN,KXHIGHTTTN-26OCT05-B74.5,"Trenton, NJ Daily Max Temp",KTTN,2026-10-05,between,74.0,75.0,The Weather Company,https://weather.com/kalshi,0.01,0.02,0.98,0.99,10.0,48.0,32.0,,2026-10-06T05:00:00Z,active,2026-10-04T20:10:15.905847+00:00
KXHIGHTTTN,KXHIGHTTTN-26OCT05-B72.5,"Trenton, NJ Daily Max Temp",KTTN,2026-10-05,between,72.0,73.0,The Weather Company,https://weather.com/kalshi,0.07,0.08,0.92,0.93,1.0,79.0,4.0,,2026-10-06T05:00:00Z,active,2026-10-04T20:10:15.905847+00:00
KXHIGHTTTN,KXHIGHTTTN-26OCT05-B70.5,"Trenton, NJ Daily Max Temp",KTTN,2026-10-05,between,70.0,71.0,The Weather Company,https://weather.com/kalshi,0.41,0.52,0.48,0.59,7.0,1.0,8.0,,2026-10-06T05:00:00Z,active,2026-10-04T20:10:15.905847+00:00
KXHIGHTTTN,KXHIGHTTTN-26OCT05-B68.5,"Trenton, NJ Daily Max Temp",KTTN,2026-10-05,between,68.0,69.0,The Weather Company,https://weather.com/kalshi,0.21,0.33,0.67,0.79,10.0,8.0,14.0,,2026-10-06T05:00:00Z,active,2026-10-04T20:10:15.905847+00:00
KXHIGHTTTN,KXHIGHTTTN-26OCT04-T70,"Trenton, NJ Daily Max Temp",KTTN,2026-10-04,greater,70.0,,The Weather Company,https://weather.com/kalshi,0.0,0.01,0.99,1.0,2306.36,0.0,59.0,,2026-10-05T05:00:00Z,active,2026-10-04T20:10:15.905847+00:00
KXHIGHTTTN,KXHIGHTTTN-26OCT04-T63,"Trenton, NJ Daily Max Temp",KTTN,2026-10-04,less,,63.0,The Weather Company,https://weather.com/kalshi,0.99,1.0,0.0,0.01,0.0,776.0,1264.09,,2026-10-05T05:00:00Z,active,2026-10-04T20:10:15.905847+00:00
KXHIGHTTTN,KXHIGHTTTN-26OCT04-B69.5,"Trenton, NJ Daily Max Temp",KTTN,2026-10-04,between,69.0,70.0,The Weather Company,https://weather.com/kalshi,0.0,0.02,0.98,1.0,186.0,0.0,58.9,,2026-10-05T05:00:00Z,active,2026-10-04T20:10:15.905847+00:00
KXHIGHTTTN,KXHIGHTTTN-26OCT04-B67.5,"Trenton, NJ Daily Max Temp",KTTN,2026-10-04,between,67.0,68.0,The Weather Company,https://weather.com/kalshi,0.0,0.02,0.98,1.0,77.0,0.0,79.0,,2026-10-05T05:00:00Z,active,2026-10-04T20:10:15.905847+00:00
KXHIGHTTTN,KXHIGHTTTN-26OCT04-B65.5,"Trenton, NJ Daily Max Temp",KTTN,2026-10-04,between,65.0,66.0,The Weather Company,https://weather.com/kalshi,0.0,0.01,0.99,1.0,10.0,0.0,67.4,,2026-10-05T05:00:00Z,active,2026-10-04T20:10:15.905847+00:00
KXHIGHTTTN,KXHIGHTTTN-26OCT04-B63.5,"Trenton, NJ Daily Max Temp",KTTN,2026-10-04,between,63.0,64.0,The Weather Company,https://weather.com/kalshi,0.0,0.03,0.97,1.0,70.0,0.0,456.63,,2026-10-05T05:00:00Z,active,2026-10-04T20:10:15.905847+00:00
KXHIGHTMIN,KXHIGHTMIN-26OCT05-T73,Minneapolis Daily High Temperature,KMSP,2026-10-05,greater,73.0,,The Weather Company,https://weather.com/kalshi,0.0,0.01,0.99,1.0,24.8,0.0,285.0,,2026-10-06T06:00:00Z,active,2026-10-04T20:10:15.905847+00:00
KXHIGHTMIN,KXHIGHTMIN-26OCT05-T66,Minneapolis Daily High Temperature,KMSP,2026-10-05,less,,66.0,The Weather Company,https://weather.com/kalshi,0.02,0.03,0.97,0.98,90.8,135.62,391.08,,2026-10-06T06:00:00Z,active,2026-10-04T20:10:15.905847+00:00
KXHIGHTMIN,KXHIGHTMIN-26OCT05-B72.5,Minneapolis Daily High Temperature,KMSP,2026-10-05,between,72.0,73.0,The Weather Company,https://weather.com/kalshi,0.09,0.1,0.9,0.91,5.9,222.0,759.62,,2026-10-06T06:00:00Z,active,2026-10-04T20:10:15.905847+00:00
KXHIGHTMIN,KXHIGHTMIN-26OCT05-B70.5,Minneapolis Daily High Temperature,KMSP,2026-10-05,between,70.0,71.0,The Weather Company,https://weather.com/kalshi,0.33,0.34,0.66,0.67,26.8,110.5,187.1,,2026-10-06T06:00:00Z,active,2026-10-04T20:10:15.905847+00:00
KXHIGHTMIN,KXHIGHTMIN-26OCT05-B68.5,Minneapolis Daily High Temperature,KMSP,2026-10-05,between,68.0,69.0,The Weather Company,https://weather.com/kalshi,0.47,0.48,0.52,0.53,32.8,4.0,235.9,,2026-10-06T06:00:00Z,active,2026-10-04T20:10:15.905847+00:00
KXHIGHTMIN,KXHIGHTMIN-26OCT05-B66.5,Minneapolis Daily High Temperature,KMSP,2026-10-05,between,66.0,67.0,The Weather Company,https://weather.com/kalshi,0.07,0.1,0.9,0.93,3.0,8.0,173.0,,2026-10-06T06:00:00Z,active,2026-10-04T20:10:15.905847+00:00
KXHIGHTMIN,KXHIGHTMIN-26OCT04-T71,Minneapolis Daily High Temperature,KMSP,2026-10-04,greater,71.0,,The Weather Company,https://weather.com/kalshi,0.0,0.01,0.99,1.0,68.87,0.0,1773.45,,2026-10-05T06:00:00Z,active,2026-10-04T20:10:15.905847+00:00
KXHIGHTMIN,KXHIGHTMIN-26OCT04-T64,Minneapolis Daily High Temperature,KMSP,2026-10-04,less,,64.0,The Weather Company,https://weather.com/kalshi,0.0,0.01,0.99,1.0,38550.02,0.0,273.01,,2026-10-05T06:00:00Z,active,2026-10-04T20:10:15.905847+00:00
KXHIGHTMIN,KXHIGHTMIN-26OCT04-B70.5,Minneapolis Daily High Temperature,KMSP,2026-10-04,between,70.0,71.0,The Weather Company,https://weather.com/kalshi,0.1,0.14,0.86,0.9,39.7,13.0,2704.65,,2026-10-05T06:00:00Z,active,2026-10-04T20:10:15.905847+00:00
KXHIGHTMIN,KXHIGHTMIN-26OCT04-B68.5,Minneapolis Daily High Temperature,KMSP,2026-10-04,between,68.0,69.0,The Weather Company,https://weather.com/kalshi,0.83,0.89,0.11,0.17,13.0,10.0,2552.49,,2026-10-05T06:00:00Z,active,2026-10-04T20:10:15.905847+00:00
KXHIGHTMIN,KXHIGHTMIN-26OCT04-B66.5,Minneapolis Daily High Temperature,KMSP,2026-10-04,between,66.0,67.0,The Weather Company,https://weather.com/kalshi,0.0,0.01,0.99,1.0,34745.03,0.0,2531.78,,2026-10-05T06:00:00Z,active,2026-10-04T20:10:15.905847+00:00
KXHIGHTMIN,KXHIGHTMIN-26OCT04-B64.5,Minneapolis Daily High Temperature,KMSP,2026-10-04,between,64.0,65.0,The Weather Company,https://weather.com/kalshi,0.0,0.01,0.99,1.0,38168.02,0.0,1000.96,,2026-10-05T06:00:00Z,active,2026-10-04T20:10:15.905847+00:00
KXHIGHTEWR,KXHIGHTEWR-26OCT05-T75,"Newark, NJ (EWR) Daily Max Temp",KEWR,2026-10-05,greater,75.0,,The Weather Company,https://weather.com/kalshi,0.01,0.02,0.98,0.99,10.0,52.0,30.0,,2026-10-06T05:00:00Z,active,2026-10-04T20:10:15.905847+00:00
KXHIGHTEWR,KXHIGHTEWR-26OCT05-T68,"Newark, NJ (EWR) Daily Max Temp",KEWR,2026-10-05,less,,68.0,The Weather Company,https://weather.com/kalshi,0.04,0.15,0.85,0.96,10.0,8.63,20.37,,2026-10-06T05:00:00Z,active,2026-10-04T20:10:15.905847+00:00
KXHIGHTEWR,KXHIGHTEWR-26OCT05-B74.5,"Newark, NJ (EWR) Daily Max Temp",KEWR,2026-10-05,between,74.0,75.0,The Weather Company,https://weather.com/kalshi,0.02,0.06,0.94,0.98,4.0,85.0,0.0,,2026-10-06T05:00:00Z,active,2026-10-04T20:10:15.905847+00:00
KXHIGHTEWR,KXHIGHTEWR-26OCT05-B72.5,"Newark, NJ (EWR) Daily Max Temp",KEWR,2026-10-05,between,72.0,73.0,The Weather Company,https://weather.com/kalshi,0.29,0.49,0.51,0.71,10.0,10.0,78.0,,2026-10-06T05:00:00Z,active,2026-10-04T20:10:15.905847+00:00
KXHIGHTEWR,KXHIGHTEWR-26OCT05-B70.5,"Newark, NJ (EWR) Daily Max Temp",KEWR,2026-10-05,between,70.0,71.0,The Weather Company,https://weather.com/kalshi,0.33,0.47,0.53,0.67,7.0,9.0,9.0,,2026-10-06T05:00:00Z,active,2026-10-04T20:10:15.905847+00:00
KXHIGHTEWR,KXHIGHTEWR-26OCT05-B68.5,"Newark, NJ (EWR) Daily Max Temp",KEWR,2026-10-05,between,68.0,69.0,The Weather Company,https://weather.com/kalshi,0.05,0.17,0.83,0.95,10.0,47.0,11.0,,2026-10-06T05:00:00Z,active,2026-10-04T20:10:15.905847+00:00
KXHIGHTEWR,KXHIGHTEWR-26OCT04-T71,"Newark, NJ (EWR) Daily Max Temp",KEWR,2026-10-04,greater,71.0,,The Weather Company,https://weather.com/kalshi,0.0,0.01,0.99,1.0,2285.36,0.0,35.0,,2026-10-05T05:00:00Z,active,2026-10-04T20:10:15.905847+00:00
KXHIGHTEWR,KXHIGHTEWR-26OCT04-T64,"Newark, NJ (EWR) Daily Max Temp",KEWR,2026-10-04,less,,64.0,The Weather Company,https://weather.com/kalshi,0.96,0.99,0.01,0.04,0.01,3.0,837.61,,2026-10-05T05:00:00Z,active,2026-10-04T20:10:15.905847+00:00
KXHIGHTEWR,KXHIGHTEWR-26OCT04-B70.5,"Newark, NJ (EWR) Daily Max Temp",KEWR,2026-10-04,between,70.0,71.0,The Weather Company,https://weather.com/kalshi,0.0,0.01,0.99,1.0,2288.9,0.0,183.53,,2026-10-05T05:00:00Z,active,2026-10-04T20:10:15.905847+00:00
KXHIGHTEWR,KXHIGHTEWR-26OCT04-B68.5,"Newark, NJ (EWR) Daily Max Temp",KEWR,2026-10-04,between,68.0,69.0,The Weather Company,https://weather.com/kalshi,0.0,0.02,0.98,1.0,61.0,0.0,235.05,,2026-10-05T05:00:00Z,active,2026-10-04T20:10:15.905847+00:00
KXHIGHTEWR,KXHIGHTEWR-26OCT04-B66.5,"Newark, NJ (EWR) Daily Max Temp",KEWR,2026-10-04,between,66.0,67.0,The Weather Company,https://weather.com/kalshi,0.0,0.01,0.99,1.0,23.0,0.0,150.96,,2026-10-05T05:00:00Z,active,2026-10-04T20:10:15.905847+00:00
KXHIGHTEWR,KXHIGHTEWR-26OCT04-B64.5,"Newark, NJ (EWR) Daily Max Temp",KEWR,2026-10-04,between,64.0,65.0,The Weather Company,https://weather.com/kalshi,0.0,0.02,0.98,1.0,5.0,0.0,436.8,,2026-10-05T05:00:00Z,active,2026-10-04T20:10:15.905847+00:00
KXLOWTSDF,KXLOWTSDF-26OCT05-T53,Lowest Temperature SDX,KSDF,2026-10-05,greater,53.0,,The Weather Company,https://weather.com/kalshi,0.33,0.53,0.47,0.67,10.0,10.0,8.0,,2026-10-06T05:00:00Z,active,2026-10-04T20:10:15.905847+00:00
KXLOWTSDF,KXLOWTSDF-26OCT05-T46,Lowest Temperature SDX,KSDF,2026-10-05,less,,46.0,The Weather Company,https://weather.com/kalshi,0.0,0.02,0.98,1.0,30.0,0.0,0.0,,2026-10-06T05:00:00Z,active,2026-10-04T20:10:15.905847+00:00
KXLOWTSDF,KXLOWTSDF-26OCT05-B52.5,Lowest Temperature SDX,KSDF,2026-10-05,between,52.0,53.0,The Weather Company,https://weather.com/kalshi,0.43,0.63,0.37,0.57,10.0,3.0,13.62,,2026-10-06T05:00:00Z,active,2026-10-04T20:10:15.905847+00:00
KXLOWTSDF,KXLOWTSDF-26OCT05-B50.5,Lowest Temperature SDX,KSDF,2026-10-05,between,50.0,51.0,The Weather Company,https://weather.com/kalshi,0.01,0.14,0.86,0.99,3.0,58.0,0.0,,2026-10-06T05:00:00Z,active,2026-10-04T20:10:15.905847+00:00
KXLOWTSDF,KXLOWTSDF-26OCT05-B48.5,Lowest Temperature SDX,KSDF,2026-10-05,between,48.0,49.0,The Weather Company,https://weather.com/kalshi,0.0,0.1,0.9,1.0,10.0,0.0,0.0,,2026-10-06T05:00:00Z,active,2026-10-04T20:10:15.905847+00:00
KXLOWTSDF,KXLOWTSDF-26OCT05-B46.5,Lowest Temperature SDX,KSDF,2026-10-05,between,46.0,47.0,The Weather Company,https://weather.com/kalshi,0.0,0.02,0.98,1.0,7.0,0.0,0.0,,2026-10-06T05:00:00Z,active,2026-10-04T20:10:15.905847+00:00
KXLOWTSDF,KXLOWTSDF-26OCT04-T57,Lowest Temperature SDX,KSDF,2026-10-04,greater,57.0,,The Weather Company,https://weather.com/kalshi,0.0,0.01,0.99,1.0,1598.0,0.0,44.0,,2026-10-05T05:00:00Z,active,2026-10-04T20:10:15.905847+00:00
KXLOWTSDF,KXLOWTSDF-26OCT04-T50,Lowest Temperature SDX,KSDF,2026-10-04,less,,50.0,The Weather Company,https://weather.com/kalshi,0.0,0.01,0.99,1.0,19.0,0.0,195.0,,2026-10-05T05:00:00Z,active,2026-10-04T20:10:15.905847+00:00
KXLOWTSDF,KXLOWTSDF-26OCT04-B56.5,Lowest Temperature SDX,KSDF,2026-10-04,between,56.0,57.0,The Weather Company,https://weather.com/kalshi,0.0,0.01,0.99,1.0,388.9,0.0,513.1,,2026-10-05T05:00:00Z,active,2026-10-04T20:10:15.905847+00:00
KXLOWTSDF,KXLOWTSDF-26OCT04-B54.5,Lowest Temperature SDX,KSDF,2026-10-04,between,54.0,55.0,The Weather Company,https://weather.com/kalshi,0.99,1.0,0.0,0.01,0.0,410.0,378.03,,2026-10-05T05:00:00Z,active,2026-10-04T20:10:15.905847+00:00
KXLOWTSDF,KXLOWTSDF-26OCT04-B52.5,Lowest Temperature SDX,KSDF,2026-10-04,between,52.0,53.0,The Weather Company,https://weather.com/kalshi,0.0,0.01,0.99,1.0,410.0,0.0,137.51,,2026-10-05T05:00:00Z,active,2026-10-04T20:10:15.905847+00:00
KXLOWTSDF,KXLOWTSDF-26OCT04-B50.5,Lowest Temperature SDX,KSDF,2026-10-04,between,50.0,51.0,The Weather Company,https://weather.com/kalshi,0.0,0.01,0.99,1.0,611.0,0.0,266.69,,2026-10-05T05:00:00Z,active,2026-10-04T20:10:15.905847+00:00
KXLOWTLV,KXLOWTLV-26OCT05-T74,Las Vegas Daily Low Temperature,KLAS,2026-10-05,greater,74.0,,The Weather Company,https://weather.com/kalshi,0.12,0.21,0.79,0.88,50.0,10.0,156.0,,2026-10-06T08:00:00Z,active,2026-10-04T20:10:15.905847+00:00
KXLOWTLV,KXLOWTLV-26OCT05-T67,Las Vegas Daily Low Temperature,KLAS,2026-10-05,less,,67.0,The Weather Company,https://weather.com/kalshi,0.0,0.01,0.99,1.0,31.0,0.0,0.0,,2026-10-06T08:00:00Z,active,2026-10-04T20:10:15.905847+00:00
KXLOWTLV,KXLOWTLV-26OCT05-B73.5,Las Vegas Daily Low Temperature,KLAS,2026-10-05,between,73.0,74.0,The Weather Company,https://weather.com/kalshi,0.45,0.5,0.5,0.55,10.0,46.0,64.0,,2026-10-06T08:00:00Z,active,2026-10-04T20:10:15.905847+00:00
KXLOWTLV,KXLOWTLV-26OCT05-B71.5,Las Vegas Daily Low Temperature,KLAS,2026-10-05,between,71.0,72.0,The Weather Company,https://weather.com/kalshi,0.25,0.29,0.71,0.75,10.0,5.0,117.82,,2026-10-06T08:00:00Z,active,2026-10-04T20:10:15.905847+00:00
KXLOWTLV,KXLOWTLV-26OCT05-B69.5,Las Vegas Daily Low Temperature,KLAS,2026-10-05,between,69.0,70.0,The Weather Company,https://weather.com/kalshi,0.03,0.06,0.94,0.97,79.0,41.0,4.1,,2026-10-06T08:00:00Z,active,2026-10-04T20:10:15.905847+00:00
KXLOWTLV,KXLOWTLV-26OCT05-B67.5,Las Vegas Daily Low Temperature,KLAS,2026-10-05,between,67.0,68.0,The Weather Company,https://weather.com/kalshi,0.0,0.05,0.95,1.0,2.0,0.0,30.0,,2026-10-06T08:00:00Z,active,2026-10-04T20:10:15.905847+00:00
KXLOWTLV,KXLOWTLV-26OCT04-T75,Las Vegas Daily Low Temperature,KLAS,2026-10-04,greater,75.0,,The Weather Company,https://weather.com/kalshi,0.0,0.01,0.99,1.0,20324.15,0.0,567.28,,2026-10-05T08:00:00Z,active,2026-10-04T20:10:15.905847+00:00
KXLOWTLV,KXLOWTLV-26OCT04-T68,Las Vegas Daily Low Temperature,KLAS,2026-10-04,less,,68.0,The Weather Company,https://weather.com/kalshi,0.0,0.01,0.99,1.0,533.0,0.0,60.0,,2026-10-05T08:00:00Z,active,2026-10-04T20:10:15.905847+00:00
KXLOWTLV,KXLOWTLV-26OCT04-B74.5,Las Vegas Daily Low Temperature,KLAS,2026-10-04,between,74.0,75.0,The Weather Company,https://weather.com/kalshi,0.0,0.01,0.99,1.0,20072.81,0.0,446.68,,2026-10-05T08:00:00Z,active,2026-10-04T20:10:15.905847+00:00
KXLOWTLV,KXLOWTLV-26OCT04-B72.5,Las Vegas Daily Low Temperature,KLAS,2026-10-04,between,72.0,73.0,The Weather Company,https://weather.com/kalshi,0.99,1.0,0.0,0.01,0.0,616.0,1717.54,,2026-10-05T08:00:00Z,active,2026-10-04T20:10:15.905847+00:00
KXLOWTLV,KXLOWTLV-26OCT04-B70.5,Las Vegas Daily Low Temperature,KLAS,2026-10-04,between,70.0,71.0,The Weather Company,https://weather.com/kalshi,0.0,0.01,0.99,1.0,1243.0,0.0,700.56,,2026-10-05T08:00:00Z,active,2026-10-04T20:10:15.905847+00:00
KXLOWTLV,KXLOWTLV-26OCT04-B68.5,Las Vegas Daily Low Temperature,KLAS,2026-10-04,between,68.0,69.0,The Weather Company,https://weather.com/kalshi,0.0,0.01,0.99,1.0,1914.0,0.0,473.52,,2026-10-05T08:00:00Z,active,2026-10-04T20:10:15.905847+00:00
KXLOWTSATX,KXLOWTSATX-26OCT05-T72,Lowest Temperature SATX,KSAT,2026-10-05,greater,72.0,,The Weather Company,https://weather.com/kalshi,0.04,0.13,0.87,0.96,35.0,29.0,30.14,,2026-10-06T06:00:00Z,active,2026-10-04T20:10:15.905847+00:00
KXLOWTSATX,KXLOWTSATX-26OCT05-T65,Lowest Temperature SATX,KSAT,2026-10-05,less,,65.0,The Weather Company,https://weather.com/kalshi,0.0,0.01,0.99,1.0,27.0,0.0,0.0,,2026-10-06T06:00:00Z,active,2026-10-04T20:10:15.905847+00:00
KXLOWTSATX,KXLOWTSATX-26OCT05-B71.5,Lowest Temperature SATX,KSAT,2026-10-05,between,71.0,72.0,The Weather Company,https://weather.com/kalshi,0.36,0.5,0.5,0.64,15.0,10.0,11.0,,2026-10-06T06:00:00Z,active,2026-10-04T20:10:15.905847+00:00
KXLOWTSATX,KXLOWTSATX-26OCT05-B69.5,Lowest Temperature SATX,KSAT,2026-10-05,between,69.0,70.0,The Weather Company,https://weather.com/kalshi,0.35,0.46,0.54,0.65,7.0,10.0,6.28,,2026-10-06T06:00:00Z,active,2026-10-04T20:10:15.905847+00:00
KXLOWTSATX,KXLOWTSATX-26OCT05-B67.5,Lowest Temperature SATX,KSAT,2026-10-05,between,67.0,68.0,The Weather Company,https://weather.com/kalshi,0.07,0.11,0.89,0.93,8.0,29.0,0.0,,2026-10-06T06:00:00Z,active,2026-10-04T20:10:15.905847+00:00
KXLOWTSATX,KXLOWTSATX-26OCT05-B65.5,Lowest Temperature SATX,KSAT,2026-10-05,between,65.0,66.0,The Weather Company,https://weather.com/kalshi,0.0,0.1,0.9,1.0,10.0,0.0,188.02,,2026-10-06T06:00:00Z,active,2026-10-04T20:10:15.905847+00:00
KXLOWTSATX,KXLOWTSATX-26OCT04-T73,Lowest Temperature SATX,KSAT,2026-10-04,greater,73.0,,The Weather Company,https://weather.com/kalshi,0.0,0.01,0.99,1.0,6171.78,0.0,456.37,,2026-10-05T06:00:00Z,active,2026-10-04T20:10:15.905847+00:00
KXLOWTSATX,KXLOWTSATX-26OCT04-T66,Lowest Temperature SATX,KSAT,2026-10-04,less,,66.0,The Weather Company,https://weather.com/kalshi,0.0,0.02,0.98,1.0,60.0,0.0,60.19,,2026-10-05T06:00:00Z,active,2026-10-04T20:10:15.905847+00:00
KXLOWTSATX,KXLOWTSATX-26OCT04-B72.5,Lowest Temperature SATX,KSAT,2026-10-04,between,72.0,73.0,The Weather Company,https://weather.com/kalshi,0.77,0.87,0.13,0.23,2.0,4.0,241.51,,2026-10-05T06:00:00Z,active,2026-10-04T20:10:15.905847+00:00
KXLOWTSATX,KXLOWTSATX-26OCT04-B70.5,Lowest Temperature SATX,KSAT,2026-10-04,between,70.0,71.0,The Weather Company,https://weather.com/kalshi,0.09,0.17,0.83,0.91,4.0,1.0,100.8,,2026-10-05T06:00:00Z,active,2026-10-04T20:10:15.905847+00:00
KXLOWTSATX,KXLOWTSATX-26OCT04-B68.5,Lowest Temperature SATX,KSAT,2026-10-04,between,68.0,69.0,The Weather Company,https://weather.com/kalshi,0.01,0.04,0.96,0.99,44.0,4.0,152.0,,2026-10-05T06:00:00Z,active,2026-10-04T20:10:15.905847+00:00
KXLOWTSATX,KXLOWTSATX-26OCT04-B66.5,Lowest Temperature SATX,KSAT,2026-10-04,between,66.0,67.0,The Weather Company,https://weather.com/kalshi,0.0,0.02,0.98,1.0,78.0,0.0,99.0,,2026-10-05T06:00:00Z,active,2026-10-04T20:10:15.905847+00:00
KXHIGHAUS,KXHIGHAUS-26OCT05-T88,Highest temperature in Austin,KAUS,2026-10-05,greater,88.0,,The Weather Company,https://weather.com/kalshi,0.05,0.06,0.94,0.95,87.8,442.0,415.06,,2026-10-06T06:00:00Z,active,2026-10-04T20:10:15.905847+00:00
KXHIGHAUS,KXHIGHAUS-26OCT05-T81,Highest temperature in Austin,KAUS,2026-10-05,less,,81.0,The Weather Company,https://weather.com/kalshi,0.01,0.02,0.98,0.99,92.8,794.82,214.18,,2026-10-06T06:00:00Z,active,2026-10-04T20:10:15.905847+00:00
KXHIGHAUS,KXHIGHAUS-26OCT05-B87.5,Highest temperature in Austin,KAUS,2026-10-05,between,87.0,88.0,The Weather Company,https://weather.com/kalshi,0.33,0.34,0.66,0.67,6.76,75.0,578.54,,2026-10-06T06:00:00Z,active,2026-10-04T20:10:15.905847+00:00
KXHIGHAUS,KXHIGHAUS-26OCT05-B85.5,Highest temperature in Austin,KAUS,2026-10-05,between,85.0,86.0,The Weather Company,https://weather.com/kalshi,0.44,0.45,0.55,0.56,47.21,95.4,302.07,,2026-10-06T06:00:00Z,active,2026-10-04T20:10:15.905847+00:00
KXHIGHAUS,KXHIGHAUS-26OCT05-B83.5,Highest temperature in Austin,KAUS,2026-10-05,between,83.0,84.0,The Weather Company,https://weather.com/kalshi,0.09,0.1,0.9,0.91,10.0,429.71,125.21,,2026-10-06T06:00:00Z,active,2026-10-04T20:10:15.905847+00:00
KXHIGHAUS,KXHIGHAUS-26OCT05-B81.5,Highest temperature in Austin,KAUS,2026-10-05,between,81.0,82.0,The Weather Company,https://weather.com/kalshi,0.02,0.03,0.97,0.98,293.8,139.0,128.92,,2026-10-06T06:00:00Z,active,2026-10-04T20:10:15.905847+00:00
KXHIGHAUS,KXHIGHAUS-26OCT04-T87,Highest temperature in Austin,KAUS,2026-10-04,greater,87.0,,The Weather Company,https://weather.com/kalshi,0.0,0.01,0.99,1.0,4000.65,0.0,984.0,,2026-10-05T06:00:00Z,active,2026-10-04T20:10:15.905847+00:00
KXHIGHAUS,KXHIGHAUS-26OCT04-T80,Highest temperature in Austin,KAUS,2026-10-04,less,,80.0,The Weather Company,https://weather.com/kalshi,0.97,0.99,0.01,0.03,558.11,10.0,9762.59,,2026-10-05T06:00:00Z,active,2026-10-04T20:10:15.905847+00:00
KXHIGHAUS,KXHIGHAUS-26OCT04-B86.5,Highest temperature in Austin,KAUS,2026-10-04,between,86.0,87.0,The Weather Company,https://weather.com/kalshi,0.0,0.01,0.99,1.0,3148.17,0.0,3058.0,,2026-10-05T06:00:00Z,active,2026-10-04T20:10:15.905847+00:00
KXHIGHAUS,KXHIGHAUS-26OCT04-B84.5,Highest temperature in Austin,KAUS,2026-10-04,between,84.0,85.0,The Weather Company,https://weather.com/kalshi,0.0,0.01,0.99,1.0,367.28,0.0,4030.39,,2026-10-05T06:00:00Z,active,2026-10-04T20:10:15.905847+00:00
KXHIGHAUS,KXHIGHAUS-26OCT04-B82.5,Highest temperature in Austin,KAUS,2026-10-04,between,82.0,83.0,The Weather Company,https://weather.com/kalshi,0.0,0.01,0.99,1.0,47.29,0.0,4472.02,,2026-10-05T06:00:00Z,active,2026-10-04T20:10:15.905847+00:00
KXHIGHAUS,KXHIGHAUS-26OCT04-B80.5,Highest temperature in Austin,KAUS,2026-10-04,between,80.0,81.0,The Weather Company,https://weather.com/kalshi,0.01,0.02,0.98,0.99,52.0,435.38,6813.78,,2026-10-05T06:00:00Z,active,2026-10-04T20:10:15.905847+00:00
KXHIGHTDAL,KXHIGHTDAL-26OCT05-T87,Dallas Maximum Temperature,KDFW,2026-10-05,greater,87.0,,The Weather Company,https://weather.com/kalshi,0.03,0.04,0.96,0.97,88.0,638.7,297.7,,2026-10-06T06:00:00Z,active,2026-10-04T20:10:15.905847+00:00
KXHIGHTDAL,KXHIGHTDAL-26OCT05-T80,Dallas Maximum Temperature,KDFW,2026-10-05,less,,80.0,The Weather Company,https://weather.com/kalshi,0.01,0.02,0.98,0.99,55.0,246.1,116.8,,2026-10-06T06:00:00Z,active,2026-10-04T20:10:15.905847+00:00
KXHIGHTDAL,KXHIGHTDAL-26OCT05-B86.5,Dallas Maximum Temperature,KDFW,2026-10-05,between,86.0,87.0,The Weather Company,https://weather.com/kalshi,0.16,0.17,0.83,0.84,6.01,160.0,847.02,,2026-10-06T06:00:00Z,active,2026-10-04T20:10:15.905847+00:00
KXHIGHTDAL,KXHIGHTDAL-26OCT05-B84.5,Dallas Maximum Temperature,KDFW,2026-10-05,between,84.0,85.0,The Weather Company,https://weather.com/kalshi,0.44,0.45,0.55,0.56,43.0,49.0,752.1,,2026-10-06T06:00:00Z,active,2026-10-04T20:10:15.905847+00:00
KXHIGHTDAL,KXHIGHTDAL-26OCT05-B82.5,Dallas Maximum Temperature,KDFW,2026-10-05,between,82.0,83.0,The Weather Company,https://weather.com/kalshi,0.27,0.28,0.72,0.73,62.1,18.05,1036.16,,2026-10-06T06:00:00Z,active,2026-10-04T20:10:15.905847+00:00
KXHIGHTDAL,KXHIGHTDAL-26OCT05-B80.5,Dallas Maximum Temperature,KDFW,2026-10-05,between,80.0,81.0,The Weather Company,https://weather.com/kalshi,0.05,0.07,0.93,0.95,5.0,6.84,55.88,,2026-10-06T06:00:00Z,active,2026-10-04T20:10:15.905847+00:00
KXHIGHTDAL,KXHIGHTDAL-26OCT04-T87,Dallas Maximum Temperature,KDFW,2026-10-04,greater,87.0,,The Weather Company,https://weather.com/kalshi,0.0,0.01,0.99,1.0,3595.05,0.0,372.37,,2026-10-05T06:00:00Z,active,2026-10-04T20:10:15.905847+00:00
KXHIGHTDAL,KXHIGHTDAL-26OCT04-T80,Dallas Maximum Temperature,KDFW,2026-10-04,less,,80.0,The Weather Company,https://weather.com/kalshi,0.98,0.99,0.01,0.02,487.07,0.72,6523.83,,2026-10-05T06:00:00Z,active,2026-10-04T20:10:15.905847+00:00
KXHIGHTDAL,KXHIGHTDAL-26OCT04-B86.5,Dallas Maximum Temperature,KDFW,2026-10-04,between,86.0,87.0,The Weather Company,https://weather.com/kalshi,0.0,0.01,0.99,1.0,2936.09,0.0,335.0,,2026-10-05T06:00:00Z,active,2026-10-04T20:10:15.905847+00:00
KXHIGHTDAL,KXHIGHTDAL-26OCT04-B84.5,Dallas Maximum Temperature,KDFW,2026-10-04,between,84.0,85.0,The Weather Company,https://weather.com/kalshi,0.0,0.01,0.99,1.0,2742.54,0.0,1090.38,,2026-10-05T06:00:00Z,active,2026-10-04T20:10:15.905847+00:00
KXHIGHTDAL,KXHIGHTDAL-26OCT04-B82.5,Dallas Maximum Temperature,KDFW,2026-10-04,between,82.0,83.0,The Weather Company,https://weather.com/kalshi,0.0,0.01,0.99,1.0,242.18,0.0,2845.85,,2026-10-05T06:00:00Z,active,2026-10-04T20:10:15.905847+00:00
KXHIGHTDAL,KXHIGHTDAL-26OCT04-B80.5,Dallas Maximum Temperature,KDFW,2026-10-04,between,80.0,81.0,The Weather Company,https://weather.com/kalshi,0.0,0.02,0.98,1.0,106.0,0.0,5281.25,,2026-10-05T06:00:00Z,active,2026-10-04T20:10:15.905847+00:00
KXLOWTDAL,KXLOWTDAL-26OCT05-T67,Lowest temperature Dallas,KDFW,2026-10-05,greater,67.0,,The Weather Company,https://weather.com/kalshi,0.12,0.31,0.69,0.88,10.0,23.0,116.0,,2026-10-06T06:00:00Z,active,2026-10-04T20:10:15.905847+00:00
KXLOWTDAL,KXLOWTDAL-26OCT05-T60,Lowest temperature Dallas,KDFW,2026-10-05,less,,60.0,The Weather Company,https://weather.com/kalshi,0.01,0.02,0.98,0.99,52.0,3.64,55.36,,2026-10-06T06:00:00Z,active,2026-10-04T20:10:15.905847+00:00
KXLOWTDAL,KXLOWTDAL-26OCT05-B66.5,Lowest temperature Dallas,KDFW,2026-10-05,between,66.0,67.0,The Weather Company,https://weather.com/kalshi,0.46,0.61,0.39,0.54,20.0,10.0,25.72,,2026-10-06T06:00:00Z,active,2026-10-04T20:10:15.905847+00:00
KXLOWTDAL,KXLOWTDAL-26OCT05-B64.5,Lowest temperature Dallas,KDFW,2026-10-05,between,64.0,65.0,The Weather Company,https://weather.com/kalshi,0.19,0.33,0.67,0.81,11.0,80.0,163.0,,2026-10-06T06:00:00Z,active,2026-10-04T20:10:15.905847+00:00
KXLOWTDAL,KXLOWTDAL-26OCT05-B62.5,Lowest temperature Dallas,KDFW,2026-10-05,between,62.0,63.0,The Weather Company,https://weather.com/kalshi,0.01,0.07,0.93,0.99,36.0,139.0,44.0,,2026-10-06T06:00:00Z,active,2026-10-04T20:10:15.905847+00:00
KXLOWTDAL,KXLOWTDAL-26OCT05-B60.5,Lowest temperature Dallas,KDFW,2026-10-05,between,60.0,61.0,The Weather Company,https://weather.com/kalshi,0.01,0.03,0.97,0.99,26.0,11.0,77.0,,2026-10-06T06:00:00Z,active,2026-10-04T20:10:15.905847+00:00
KXLOWTDAL,KXLOWTDAL-26OCT04-T69,Lowest temperature Dallas,KDFW,2026-10-04,greater,69.0,,The Weather Company,https://weather.com/kalshi,0.95,0.98,0.02,0.05,110.0,2.0,652.11,,2026-10-05T06:00:00Z,active,2026-10-04T20:10:15.905847+00:00
KXLOWTDAL,KXLOWTDAL-26OCT04-T62,Lowest temperature Dallas,KDFW,2026-10-04,less,,62.0,The Weather Company,https://weather.com/kalshi,0.0,0.01,0.99,1.0,181.0,0.0,31.28,,2026-10-05T06:00:00Z,active,2026-10-04T20:10:15.905847+00:00
KXLOWTDAL,KXLOWTDAL-26OCT04-B68.5,Lowest temperature Dallas,KDFW,2026-10-04,between,68.0,69.0,The Weather Company,https://weather.com/kalshi,0.03,0.05,0.95,0.97,26.0,51.0,348.64,,2026-10-05T06:00:00Z,active,2026-10-04T20:10:15.905847+00:00
KXLOWTDAL,KXLOWTDAL-26OCT04-B66.5,Lowest temperature Dallas,KDFW,2026-10-04,between,66.0,67.0,The Weather Company,https://weather.com/kalshi,0.0,0.03,0.97,1.0,5.0,0.0,136.88,,2026-10-05T06:00:00Z,active,2026-10-04T20:10:15.905847+00:00
KXLOWTDAL,KXLOWTDAL-26OCT04-B64.5,Lowest temperature Dallas,KDFW,2026-10-04,between,64.0,65.0,The Weather Company,https://weather.com/kalshi,0.0,0.01,0.99,1.0,28.0,0.0,239.83,,2026-10-05T06:00:00Z,active,2026-10-04T20:10:15.905847+00:00
KXLOWTDAL,KXLOWTDAL-26OCT04-B62.5,Lowest temperature Dallas,KDFW,2026-10-04,between,62.0,63.0,The Weather Company,https://weather.com/kalshi,0.0,0.01,0.99,1.0,6.0,0.0,87.0,,2026-10-05T06:00:00Z,active,2026-10-04T20:10:15.905847+00:00
KXHIGHTSATX,KXHIGHTSATX-26OCT05-T89,San Antonio Daily Maximum Temperature,KSAT,2026-10-05,greater,89.0,,The Weather Company,https://weather.com/kalshi,0.01,0.02,0.98,0.99,206.0,140.91,152.09,,2026-10-06T06:00:00Z,active,2026-10-04T20:10:15.905847+00:00
KXHIGHTSATX,KXHIGHTSATX-26OCT05-T82,San Antonio Daily Maximum Temperature,KSAT,2026-10-05,less,,82.0,The Weather Company,https://weather.com/kalshi,0.01,0.02,0.98,0.99,70.0,470.64,177.36,,2026-10-06T06:00:00Z,active,2026-10-04T20:10:15.905847+00:00
KXHIGHTSATX,KXHIGHTSATX-26OCT05-B88.5,San Antonio Daily Maximum Temperature,KSAT,2026-10-05,between,88.0,89.0,The Weather Company,https://weather.com/kalshi,0.08,0.09,0.91,0.92,19.0,296.0,29.0,,2026-10-06T06:00:00Z,active,2026-10-04T20:10:15.905847+00:00
KXHIGHTSATX,KXHIGHTSATX-26OCT05-B86.5,San Antonio Daily Maximum Temperature,KSAT,2026-10-05,between,86.0,87.0,The Weather Company,https://weather.com/kalshi,0.62,0.63,0.37,0.38,12.0,33.0,126.78,,2026-10-06T06:00:00Z,active,2026-10-04T20:10:15.905847+00:00
KXHIGHTSATX,KXHIGHTSATX-26OCT05-B84.5,San Antonio Daily Maximum Temperature,KSAT,2026-10-05,between,84.0,85.0,The Weather Company,https://weather.com/kalshi,0.22,0.24,0.76,0.78,10.0,1.0,101.0,,2026-10-06T06:00:00Z,active,2026-10-04T20:10:15.905847+00:00
KXHIGHTSATX,KXHIGHTSATX-26OCT05-B82.5,San Antonio Daily Maximum Temperature,KSAT,2026-10-05,between,82.0,83.0,The Weather Company,https://weather.com/kalshi,0.02,0.03,0.97,0.98,96.0,97.44,74.09,,2026-10-06T06:00:00Z,active,2026-10-04T20:10:15.905847+00:00
KXHIGHTSATX,KXHIGHTSATX-26OCT04-T89,San Antonio Daily Maximum Temperature,KSAT,2026-10-04,greater,89.0,,The Weather Company,https://weather.com/kalshi,0.0,0.01,0.99,1.0,1208.93,0.0,195.0,,2026-10-05T06:00:00Z,active,2026-10-04T20:10:15.905847+00:00
KXHIGHTSATX,KXHIGHTSATX-26OCT04-T82,San Antonio Daily Maximum Temperature,KSAT,2026-10-04,less,,82.0,The Weather Company,https://weather.com/kalshi,0.95,0.98,0.02,0.05,93.0,114.0,3688.95,,2026-10-05T06:00:00Z,active,2026-10-04T20:10:15.905847+00:00
KXHIGHTSATX,KXHIGHTSATX-26OCT04-B88.5,San Antonio Daily Maximum Temperature,KSAT,2026-10-04,between,88.0,89.0,The Weather Company,https://weather.com/kalshi,0.0,0.01,0.99,1.0,579.72,0.0,218.73,,2026-10-05T06:00:00Z,active,2026-10-04T20:10:15.905847+00:00
KXHIGHTSATX,KXHIGHTSATX-26OCT04-B86.5,San Antonio Daily Maximum Temperature,KSAT,2026-10-04,between,86.0,87.0,The Weather Company,https://weather.com/kalshi,0.0,0.01,0.99,1.0,564.12,0.0,813.61,,2026-10-05T06:00:00Z,active,2026-10-04T20:10:15.905847+00:00
KXHIGHTSATX,KXHIGHTSATX-26OCT04-B84.5,San Antonio Daily Maximum Temperature,KSAT,2026-10-04,between,84.0,85.0,The Weather Company,https://weather.com/kalshi,0.0,0.01,0.99,1.0,90.95,0.0,2075.53,,2026-10-05T06:00:00Z,active,2026-10-04T20:10:15.905847+00:00
KXHIGHTSATX,KXHIGHTSATX-26OCT04-B82.5,San Antonio Daily Maximum Temperature,KSAT,2026-10-04,between,82.0,83.0,The Weather Company,https://weather.com/kalshi,0.03,0.05,0.95,0.97,64.0,38.83,1800.57,,2026-10-05T06:00:00Z,active,2026-10-04T20:10:15.905847+00:00
KXLOWTCHI,KXLOWTCHI-26OCT05-T50,Lowest Temperature Chicago,KMDW,2026-10-05,greater,50.0,,The Weather Company,https://weather.com/kalshi,0.27,0.37,0.63,0.73,9.0,10.0,11.0,,2026-10-06T06:00:00Z,active,2026-10-04T20:10:15.905847+00:00
KXLOWTCHI,KXLOWTCHI-26OCT05-T43,Lowest Temperature Chicago,KMDW,2026-10-05,less,,43.0,The Weather Company,https://weather.com/kalshi,0.0,0.01,0.99,1.0,348.18,0.0,72.0,,2026-10-06T06:00:00Z,active,2026-10-04T20:10:15.905847+00:00
KXLOWTCHI,KXLOWTCHI-26OCT05-B49.5,Lowest Temperature Chicago,KMDW,2026-10-05,between,49.0,50.0,The Weather Company,https://weather.com/kalshi,0.36,0.45,0.55,0.64,8.6,4.0,16.4,,2026-10-06T06:00:00Z,active,2026-10-04T20:10:15.905847+00:00
KXLOWTCHI,KXLOWTCHI-26OCT05-B47.5,Lowest Temperature Chicago,KMDW,2026-10-05,between,47.0,48.0,The Weather Company,https://weather.com/kalshi,0.13,0.22,0.78,0.87,4.0,80.87,169.81,,2026-10-06T06:00:00Z,active,2026-10-04T20:10:15.905847+00:00
KXLOWTCHI,KXLOWTCHI-26OCT05-B45.5,Lowest Temperature Chicago,KMDW,2026-10-05,between,45.0,46.0,The Weather Company,https://weather.com/kalshi,0.03,0.09,0.91,0.97,4.0,89.0,76.0,,2026-10-06T06:00:00Z,active,2026-10-04T20:10:15.905847+00:00
KXLOWTCHI,KXLOWTCHI-26OCT05-B43.5,Lowest Temperature Chicago,KMDW,2026-10-05,between,43.0,44.0,The Weather Company,https://weather.com/kalshi,0.01,0.03,0.97,0.99,4.0,51.0,382.0,,2026-10-06T06:00:00Z,active,2026-10-04T20:10:15.905847+00:00
KXLOWTCHI,KXLOWTCHI-26OCT04-T52,Lowest Temperature Chicago,KMDW,2026-10-04,greater,52.0,,The Weather Company,https://weather.com/kalshi,0.0,0.01,0.99,1.0,13752.12,0.0,1753.53,,2026-10-05T06:00:00Z,active,2026-10-04T20:10:15.905847+00:00
KXLOWTCHI,KXLOWTCHI-26OCT04-T45,Lowest Temperature Chicago,KMDW,2026-10-04,less,,45.0,The Weather Company,https://weather.com/kalshi,0.0,0.01,0.99,1.0,284.0,0.0,362.0,,2026-10-05T06:00:00Z,active,2026-10-04T20:10:15.905847+00:00
KXLOWTCHI,KXLOWTCHI-26OCT04-B51.5,Lowest Temperature Chicago,KMDW,2026-10-04,between,51.0,52.0,The Weather Company,https://weather.com/kalshi,0.97,1.0,0.0,0.03,0.0,96.0,2775.13,,2026-10-05T06:00:00Z,active,2026-10-04T20:10:15.905847+00:00
KXLOWTCHI,KXLOWTCHI-26OCT04-B49.5,Lowest Temperature Chicago,KMDW,2026-10-04,between,49.0,50.0,The Weather Company,https://weather.com/kalshi,0.0,0.02,0.98,1.0,50.0,0.0,801.67,,2026-10-05T06:00:00Z,active,2026-10-04T20:10:15.905847+00:00
KXLOWTCHI,KXLOWTCHI-26OCT04-B47.5,Lowest Temperature Chicago,KMDW,2026-10-04,between,47.0,48.0,The Weather Company,https://weather.com/kalshi,0.0,0.01,0.99,1.0,187.02,0.0,558.19,,2026-10-05T06:00:00Z,active,2026-10-04T20:10:15.905847+00:00
KXLOWTCHI,KXLOWTCHI-26OCT04-B45.5,Lowest Temperature Chicago,KMDW,2026-10-04,between,45.0,46.0,The Weather Company,https://weather.com/kalshi,0.0,0.01,0.99,1.0,6.0,0.0,571.0,,2026-10-05T06:00:00Z,active,2026-10-04T20:10:15.905847+00:00
KXHIGHTSEA,KXHIGHTSEA-26OCT05-T74,Seattle Maximum Temperature Daily,KSEA,2026-10-05,greater,74.0,,The Weather Company,https://weather.com/kalshi,0.01,0.02,0.98,0.99,194.18,147.71,254.29,,2026-10-06T08:00:00Z,active,2026-10-04T20:10:15.905847+00:00
KXHIGHTSEA,KXHIGHTSEA-26OCT05-T67,Seattle Maximum Temperature Daily,KSEA,2026-10-05,less,,67.0,The Weather Company,https://weather.com/kalshi,0.45,0.46,0.54,0.55,70.6,58.0,749.72,,2026-10-06T08:00:00Z,active,2026-10-04T20:10:15.905847+00:00
KXHIGHTSEA,KXHIGHTSEA-26OCT05-B73.5,Seattle Maximum Temperature Daily,KSEA,2026-10-05,between,73.0,74.0,The Weather Company,https://weather.com/kalshi,0.01,0.02,0.98,0.99,155.18,275.0,60.0,,2026-10-06T08:00:00Z,active,2026-10-04T20:10:15.905847+00:00
KXHIGHTSEA,KXHIGHTSEA-26OCT05-B71.5,Seattle Maximum Temperature Daily,KSEA,2026-10-05,between,71.0,72.0,The Weather Company,https://weather.com/kalshi,0.03,0.04,0.96,0.97,109.0,67.0,35.97,,2026-10-06T08:00:00Z,active,2026-10-04T20:10:15.905847+00:00
KXHIGHTSEA,KXHIGHTSEA-26OCT05-B69.5,Seattle Maximum Temperature Daily,KSEA,2026-10-05,between,69.0,70.0,The Weather Company,https://weather.com/kalshi,0.2,0.21,0.79,0.8,60.9,11.0,68.24,,2026-10-06T08:00:00Z,active,2026-10-04T20:10:15.905847+00:00
KXHIGHTSEA,KXHIGHTSEA-26OCT05-B67.5,Seattle Maximum Temperature Daily,KSEA,2026-10-05,between,67.0,68.0,The Weather Company,https://weather.com/kalshi,0.31,0.32,0.68,0.69,1.0,13.0,117.37,,2026-10-06T08:00:00Z,active,2026-10-04T20:10:15.905847+00:00
KXHIGHTSEA,KXHIGHTSEA-26OCT04-T76,Seattle Maximum Temperature Daily,KSEA,2026-10-04,greater,76.0,,The Weather Company,https://weather.com/kalshi,0.0,0.01,0.99,1.0,231.29,0.0,437.37,,2026-10-05T08:00:00Z,active,2026-10-04T20:10:15.905847+00:00
KXHIGHTSEA,KXHIGHTSEA-26OCT04-T69,Seattle Maximum Temperature Daily,KSEA,2026-10-04,less,,69.0,The Weather Company,https://weather.com/kalshi,0.32,0.33,0.67,0.68,1.49,76.68,4238.24,,2026-10-05T08:00:00Z,active,2026-10-04T20:10:15.905847+00:00
KXHIGHTSEA,KXHIGHTSEA-26OCT04-B75.5,Seattle Maximum Temperature Daily,KSEA,2026-10-04,between,75.0,76.0,The Weather Company,https://weather.com/kalshi,0.0,0.01,0.99,1.0,33.0,0.0,1068.72,,2026-10-05T08:00:00Z,active,2026-10-04T20:10:15.905847+00:00
KXHIGHTSEA,KXHIGHTSEA-26OCT04-B73.5,Seattle Maximum Temperature Daily,KSEA,2026-10-04,between,73.0,74.0,The Weather Company,https://weather.com/kalshi,0.01,0.02,0.98,0.99,117.0,514.94,4374.0,,2026-10-05T08:00:00Z,active,2026-10-04T20:10:15.905847+00:00
KXHIGHTSEA,KXHIGHTSEA-26OCT04-B71.5,Seattle Maximum Temperature Daily,KSEA,2026-10-04,between,71.0,72.0,The Weather Company,https://weather.com/kalshi,0.13,0.16,0.84,0.87,50.0,6.0,3185.02,,2026-10-05T08:00:00Z,active,2026-10-04T20:10:15.905847+00:00
KXHIGHTSEA,KXHIGHTSEA-26OCT04-B69.5,Seattle Maximum Temperature Daily,KSEA,2026-10-04,between,69.0,70.0,The Weather Company,https://weather.com/kalshi,0.48,0.53,0.47,0.52,11.0,12.0,3334.25,,2026-10-05T08:00:00Z,active,2026-10-04T20:10:15.905847+00:00
KXHIGHNY,KXHIGHNY-26OCT05-T75,Highest temperature in NYC,KNYC,2026-10-05,greater,75.0,,The Weather Company,https://weather.com/kalshi,0.0,0.01,0.99,1.0,73.0,0.0,743.0,,2026-10-06T05:00:00Z,active,2026-10-04T20:10:15.905847+00:00
KXHIGHNY,KXHIGHNY-26OCT05-T68,Highest temperature in NYC,KNYC,2026-10-05,less,,68.0,The Weather Company,https://weather.com/kalshi,0.09,0.1,0.9,0.91,58.82,32.76,824.98,,2026-10-06T05:00:00Z,active,2026-10-04T20:10:15.905847+00:00
KXHIGHNY,KXHIGHNY-26OCT05-B74.5,Highest temperature in NYC,KNYC,2026-10-05,between,74.0,75.0,The Weather Company,https://weather.com/kalshi,0.01,0.02,0.98,0.99,222.6,473.68,422.32,,2026-10-06T05:00:00Z,active,2026-10-04T20:10:15.905847+00:00
KXHIGHNY,KXHIGHNY-26OCT05-B72.5,Highest temperature in NYC,KNYC,2026-10-05,between,72.0,73.0,The Weather Company,https://weather.com/kalshi,0.05,0.06,0.94,0.95,117.14,450.0,268.88,,2026-10-06T05:00:00Z,active,2026-10-04T20:10:15.905847+00:00
KXHIGHNY,KXHIGHNY-26OCT05-B70.5,Highest temperature in NYC,KNYC,2026-10-05,between,70.0,71.0,The Weather Company,https://weather.com/kalshi,0.31,0.32,0.68,0.69,93.0,15.39,857.17,,2026-10-06T05:00:00Z,active,2026-10-04T20:10:15.905847+00:00
KXHIGHNY,KXHIGHNY-26OCT05-B68.5,Highest temperature in NYC,KNYC,2026-10-05,between,68.0,69.0,The Weather Company,https://weather.com/kalshi,0.52,0.53,0.47,0.48,67.0,32.0,1140.65,,2026-10-06T05:00:00Z,active,2026-10-04T20:10:15.905847+00:00
KXHIGHNY,KXHIGHNY-26OCT04-T70,Highest temperature in NYC,KNYC,2026-10-04,greater,70.0,,The Weather Company,https://weather.com/kalshi,0.0,0.01,0.99,1.0,2750.09,0.0,1712.52,,2026-10-05T05:00:00Z,active,2026-10-04T20:10:15.905847+00:00
KXHIGHNY,KXHIGHNY-26OCT04-T63,Highest temperature in NYC,KNYC,2026-10-04,less,,63.0,The Weather Company,https://weather.com/kalshi,0.99,1.0,0.0,0.01,0.0,4702.35,34931.16,,2026-10-05T05:00:00Z,active,2026-10-04T20:10:15.905847+00:00
KXHIGHNY,KXHIGHNY-26OCT04-B69.5,Highest temperature in NYC,KNYC,2026-10-04,between,69.0,70.0,The Weather Company,https://weather.com/kalshi,0.0,0.01,0.99,1.0,1779.55,0.0,1953.73,,2026-10-05T05:00:00Z,active,2026-10-04T20:10:15.905847+00:00
KXHIGHNY,KXHIGHNY-26OCT04-B67.5,Highest temperature in NYC,KNYC,2026-10-04,between,67.0,68.0,The Weather Company,https://weather.com/kalshi,0.0,0.01,0.99,1.0,1253.09,0.0,4299.01,,2026-10-05T05:00:00Z,active,2026-10-04T20:10:15.905847+00:00
KXHIGHNY,KXHIGHNY-26OCT04-B65.5,Highest temperature in NYC,KNYC,2026-10-04,between,65.0,66.0,The Weather Company,https://weather.com/kalshi,0.0,0.01,0.99,1.0,3476.94,0.0,15611.76,,2026-10-05T05:00:00Z,active,2026-10-04T20:10:15.905847+00:00
KXHIGHNY,KXHIGHNY-26OCT04-B63.5,Highest temperature in NYC,KNYC,2026-10-04,between,63.0,64.0,The Weather Company,https://weather.com/kalshi,0.0,0.01,0.99,1.0,162.64,0.0,29818.9,,2026-10-05T05:00:00Z,active,2026-10-04T20:10:15.905847+00:00
KXLOWTSEA,KXLOWTSEA-26OCT05-T53,Low Temperature Seattle,KSEA,2026-10-05,greater,53.0,,The Weather Company,https://weather.com/kalshi,0.02,0.13,0.87,0.98,20.0,62.0,15.0,,2026-10-06T08:00:00Z,active,2026-10-04T20:10:15.905847+00:00
KXLOWTSEA,KXLOWTSEA-26OCT05-T46,Low Temperature Seattle,KSEA,2026-10-05,less,,46.0,The Weather Company,https://weather.com/kalshi,0.0,0.01,0.99,1.0,27.0,0.0,0.0,,2026-10-06T08:00:00Z,active,2026-10-04T20:10:15.905847+00:00
KXLOWTSEA,KXLOWTSEA-26OCT05-B52.5,Low Temperature Seattle,KSEA,2026-10-05,between,52.0,53.0,The Weather Company,https://weather.com/kalshi,0.4,0.5,0.5,0.6,10.0,24.0,51.4,,2026-10-06T08:00:00Z,active,2026-10-04T20:10:15.905847+00:00
KXLOWTSEA,KXLOWTSEA-26OCT05-B50.5,Low Temperature Seattle,KSEA,2026-10-05,between,50.0,51.0,The Weather Company,https://weather.com/kalshi,0.3,0.48,0.52,0.7,11.0,7.0,0.0,,2026-10-06T08:00:00Z,active,2026-10-04T20:10:15.905847+00:00
KXLOWTSEA,KXLOWTSEA-26OCT05-B48.5,Low Temperature Seattle,KSEA,2026-10-05,between,48.0,49.0,The Weather Company,https://weather.com/kalshi,0.05,0.16,0.84,0.95,61.0,3.0,24.09,,2026-10-06T08:00:00Z,active,2026-10-04T20:10:15.905847+00:00
KXLOWTSEA,KXLOWTSEA-26OCT05-B46.5,Low Temperature Seattle,KSEA,2026-10-05,between,46.0,47.0,The Weather Company,https://weather.com/kalshi,0.01,0.04,0.96,0.99,4.0,3.82,55.18,,2026-10-06T08:00:00Z,active,2026-10-04T20:10:15.905847+00:00
KXLOWTSEA,KXLOWTSEA-26OCT04-T53,Low Temperature Seattle,KSEA,2026-10-04,greater,53.0,,The Weather Company,https://weather.com/kalshi,0.0,0.01,0.99,1.0,25031.15,0.0,437.15,,2026-10-05T08:00:00Z,active,2026-10-04T20:10:15.905847+00:00
KXLOWTSEA,KXLOWTSEA-26OCT04-T46,Low Temperature Seattle,KSEA,2026-10-04,less,,46.0,The Weather Company,https://weather.com/kalshi,0.0,0.02,0.98,1.0,154.0,0.0,165.0,,2026-10-05T08:00:00Z,active,2026-10-04T20:10:15.905847+00:00
KXLOWTSEA,KXLOWTSEA-26OCT04-B52.5,Low Temperature Seattle,KSEA,2026-10-04,between,52.0,53.0,The Weather Company,https://weather.com/kalshi,0.0,0.01,0.99,1.0,11747.91,0.0,1600.37,,2026-10-05T08:00:00Z,active,2026-10-04T20:10:15.905847+00:00
KXLOWTSEA,KXLOWTSEA-26OCT04-B50.5,Low Temperature Seattle,KSEA,2026-10-04,between,50.0,51.0,The Weather Company,https://weather.com/kalshi,0.97,0.98,0.02,0.03,66.0,119.0,717.33,,2026-10-05T08:00:00Z,active,2026-10-04T20:10:15.905847+00:00
KXLOWTSEA,KXLOWTSEA-26OCT04-B48.5,Low Temperature Seattle,KSEA,2026-10-04,between,48.0,49.0,The Weather Company,https://weather.com/kalshi,0.02,0.03,0.97,0.98,180.0,10.0,337.82,,2026-10-05T08:00:00Z,active,2026-10-04T20:10:15.905847+00:00
KXLOWTSEA,KXLOWTSEA-26OCT04-B46.5,Low Temperature Seattle,KSEA,2026-10-04,between,46.0,47.0,The Weather Company,https://weather.com/kalshi,0.01,0.03,0.97,0.99,200.0,4.0,314.0,,2026-10-05T08:00:00Z,active,2026-10-04T20:10:15.905847+00:00
KXLOWTATL,KXLOWTATL-26OCT05-T69,Low Temperature Atlanta,KATL,2026-10-05,greater,69.0,,The Weather Company,https://weather.com/kalshi,0.3,0.41,0.59,0.7,10.0,29.0,129.0,,2026-10-06T05:00:00Z,active,2026-10-04T20:10:15.905847+00:00
KXLOWTATL,KXLOWTATL-26OCT05-T62,Low Temperature Atlanta,KATL,2026-10-05,less,,62.0,The Weather Company,https://weather.com/kalshi,0.01,0.02,0.98,0.99,1.0,10.0,227.02,,2026-10-06T05:00:00Z,active,2026-10-04T20:10:15.905847+00:00
KXLOWTATL,KXLOWTATL-26OCT05-B68.5,Low Temperature Atlanta,KATL,2026-10-05,between,68.0,69.0,The Weather Company,https://weather.com/kalshi,0.42,0.52,0.48,0.58,3.0,4.0,7.02,,2026-10-06T05:00:00Z,active,2026-10-04T20:10:15.905847+00:00
KXLOWTATL,KXLOWTATL-26OCT05-B66.5,Low Temperature Atlanta,KATL,2026-10-05,between,66.0,67.0,The Weather Company,https://weather.com/kalshi,0.08,0.23,0.77,0.92,2.0,10.0,12.0,,2026-10-06T05:00:00Z,active,2026-10-04T20:10:15.905847+00:00
KXLOWTATL,KXLOWTATL-26OCT05-B64.5,Low Temperature Atlanta,KATL,2026-10-05,between,64.0,65.0,The Weather Company,https://weather.com/kalshi,0.01,0.07,0.93,0.99,5.0,149.0,54.0,,2026-10-06T05:00:00Z,active,2026-10-04T20:10:15.905847+00:00
KXLOWTATL,KXLOWTATL-26OCT05-B62.5,Low Temperature Atlanta,KATL,2026-10-05,between,62.0,63.0,The Weather Company,https://weather.com/kalshi,0.0,0.06,0.94,1.0,5.0,0.0,198.02,,2026-10-06T05:00:00Z,active,2026-10-04T20:10:15.905847+00:00
KXLOWTATL,KXLOWTATL-26OCT04-T71,Low Temperature Atlanta,KATL,2026-10-04,greater,71.0,,The Weather Company,https://weather.com/kalshi,0.04,0.24,0.76,0.96,50.0,12.0,294.02,,2026-10-05T05:00:00Z,active,2026-10-04T20:10:15.905847+00:00
KXLOWTATL,KXLOWTATL-26OCT04-T64,Low Temperature Atlanta,KATL,2026-10-04,less,,64.0,The Weather Company,https://weather.com/kalshi,0.0,0.02,0.98,1.0,50.0,0.0,88.0,,2026-10-05T05:00:00Z,active,2026-10-04T20:10:15.905847+00:00
KXLOWTATL,KXLOWTATL-26OCT04-B70.5,Low Temperature Atlanta,KATL,2026-10-04,between,70.0,71.0,The Weather Company,https://weather.com/kalshi,0.62,0.67,0.33,0.38,10.0,8.14,199.32,,2026-10-05T05:00:00Z,active,2026-10-04T20:10:15.905847+00:00
KXLOWTATL,KXLOWTATL-26OCT04-B68.5,Low Temperature Atlanta,KATL,2026-10-04,between,68.0,69.0,The Weather Company,https://weather.com/kalshi,0.14,0.16,0.84,0.86,1.0,12.0,120.9,,2026-10-05T05:00:00Z,active,2026-10-04T20:10:15.905847+00:00
KXLOWTATL,KXLOWTATL-26OCT04-B66.5,Low Temperature Atlanta,KATL,2026-10-04,between,66.0,67.0,The Weather Company,https://weather.com/kalshi,0.02,0.13,0.87,0.98,1.0,3.0,199.66,,2026-10-05T05:00:00Z,active,2026-10-04T20:10:15.905847+00:00
KXLOWTATL,KXLOWTATL-26OCT04-B64.5,Low Temperature Atlanta,KATL,2026-10-04,between,64.0,65.0,The Weather Company,https://weather.com/kalshi,0.01,0.02,0.98,0.99,50.0,2.0,121.98,,2026-10-05T05:00:00Z,active,2026-10-04T20:10:15.905847+00:00
KXLOWTEWR,KXLOWTEWR-26OCT05-T58,"Newark, NJ (EWR) Daily Low Temp",KEWR,2026-10-05,greater,58.0,,The Weather Company,https://weather.com/kalshi,0.01,0.03,0.97,0.99,6.0,10.0,132.15,,2026-10-06T05:00:00Z,active,2026-10-04T20:10:15.905847+00:00
KXLOWTEWR,KXLOWTEWR-26OCT05-T51,"Newark, NJ (EWR) Daily Low Temp",KEWR,2026-10-05,less,,51.0,The Weather Company,https://weather.com/kalshi,0.0,0.03,0.97,1.0,5.0,0.0,184.18,,2026-10-06T05:00:00Z,active,2026-10-04T20:10:15.905847+00:00
KXLOWTEWR,KXLOWTEWR-26OCT05-B57.5,"Newark, NJ (EWR) Daily Low Temp",KEWR,2026-10-05,between,57.0,58.0,The Weather Company,https://weather.com/kalshi,0.02,0.22,0.78,0.98,10.0,21.0,43.0,,2026-10-06T05:00:00Z,active,2026-10-04T20:10:15.905847+00:00
KXLOWTEWR,KXLOWTEWR-26OCT05-B55.5,"Newark, NJ (EWR) Daily Low Temp",KEWR,2026-10-05,between,55.0,56.0,The Weather Company,https://weather.com/kalshi,0.31,0.44,0.56,0.69,10.0,8.0,17.0,,2026-10-06T05:00:00Z,active,2026-10-04T20:10:15.905847+00:00
KXLOWTEWR,KXLOWTEWR-26OCT05-B53.5,"Newark, NJ (EWR) Daily Low Temp",KEWR,2026-10-05,between,53.0,54.0,The Weather Company,https://weather.com/kalshi,0.29,0.49,0.51,0.71,10.0,8.0,9.33,,2026-10-06T05:00:00Z,active,2026-10-04T20:10:15.905847+00:00
KXLOWTEWR,KXLOWTEWR-26OCT05-B51.5,"Newark, NJ (EWR) Daily Low Temp",KEWR,2026-10-05,between,51.0,52.0,The Weather Company,https://weather.com/kalshi,0.1,0.21,0.79,0.9,3.0,26.0,6.24,,2026-10-06T05:00:00Z,active,2026-10-04T20:10:15.905847+00:00
KXLOWTEWR,KXLOWTEWR-26OCT04-T57,"Newark, NJ (EWR) Daily Low Temp",KEWR,2026-10-04,greater,57.0,,The Weather Company,https://weather.com/kalshi,0.0,0.01,0.99,1.0,2188.0,0.0,355.9,,2026-10-05T05:00:00Z,active,2026-10-04T20:10:15.905847+00:00
KXLOWTEWR,KXLOWTEWR-26OCT04-T50,"Newark, NJ (EWR) Daily Low Temp",KEWR,2026-10-04,less,,50.0,The Weather Company,https://weather.com/kalshi,0.0,0.01,0.99,1.0,167.18,0.0,53.0,,2026-10-05T05:00:00Z,active,2026-10-04T20:10:15.905847+00:00
KXLOWTEWR,KXLOWTEWR-26OCT04-B56.5,"Newark, NJ (EWR) Daily Low Temp",KEWR,2026-10-04,between,56.0,57.0,The Weather Company,https://weather.com/kalshi,0.96,1.0,0.0,0.04,0.0,20.0,536.54,,2026-10-05T05:00:00Z,active,2026-10-04T20:10:15.905847+00:00
KXLOWTEWR,KXLOWTEWR-26OCT04-B54.5,"Newark, NJ (EWR) Daily Low Temp",KEWR,2026-10-04,between,54.0,55.0,The Weather Company,https://weather.com/kalshi,0.0,0.03,0.97,1.0,14.0,0.0,64.0,,2026-10-05T05:00:00Z,active,2026-10-04T20:10:15.905847+00:00
KXLOWTEWR,KXLOWTEWR-26OCT04-B52.5,"Newark, NJ (EWR) Daily Low Temp",KEWR,2026-10-04,between,52.0,53.0,The Weather Company,https://weather.com/kalshi,0.0,0.03,0.97,1.0,39.0,0.0,164.0,,2026-10-05T05:00:00Z,active,2026-10-04T20:10:15.905847+00:00
KXLOWTEWR,KXLOWTEWR-26OCT04-B50.5,"Newark, NJ (EWR) Daily Low Temp",KEWR,2026-10-04,between,50.0,51.0,The Weather Company,https://weather.com/kalshi,0.0,0.02,0.98,1.0,65.0,0.0,118.0,,2026-10-05T05:00:00Z,active,2026-10-04T20:10:15.905847+00:00
KXLOWTNOLA,KXLOWTNOLA-26OCT05-T74,NOLA Low Temperature,KMSY,2026-10-05,greater,74.0,,The Weather Company,https://weather.com/kalshi,0.45,0.52,0.48,0.55,1.0,16.0,134.0,,2026-10-06T06:00:00Z,active,2026-10-04T20:10:15.905847+00:00
KXLOWTNOLA,KXLOWTNOLA-26OCT05-T67,NOLA Low Temperature,KMSY,2026-10-05,less,,67.0,The Weather Company,https://weather.com/kalshi,0.01,0.02,0.98,0.99,16.0,0.77,44.23,,2026-10-06T06:00:00Z,active,2026-10-04T20:10:15.905847+00:00
KXLOWTNOLA,KXLOWTNOLA-26OCT05-B73.5,NOLA Low Temperature,KMSY,2026-10-05,between,73.0,74.0,The Weather Company,https://weather.com/kalshi,0.39,0.45,0.55,0.61,6.0,45.17,262.47,,2026-10-06T06:00:00Z,active,2026-10-04T20:10:15.905847+00:00
KXLOWTNOLA,KXLOWTNOLA-26OCT05-B71.5,NOLA Low Temperature,KMSY,2026-10-05,between,71.0,72.0,The Weather Company,https://weather.com/kalshi,0.05,0.1,0.9,0.95,4.0,29.0,39.0,,2026-10-06T06:00:00Z,active,2026-10-04T20:10:15.905847+00:00
KXLOWTNOLA,KXLOWTNOLA-26OCT05-B69.5,NOLA Low Temperature,KMSY,2026-10-05,between,69.0,70.0,The Weather Company,https://weather.com/kalshi,0.02,0.05,0.95,0.98,5.0,27.99,19.01,,2026-10-06T06:00:00Z,active,2026-10-04T20:10:15.905847+00:00
KXLOWTNOLA,KXLOWTNOLA-26OCT05-B67.5,NOLA Low Temperature,KMSY,2026-10-05,between,67.0,68.0,The Weather Company,https://weather.com/kalshi,0.01,0.05,0.95,0.99,42.0,2.0,72.0,,2026-10-06T06:00:00Z,active,2026-10-04T20:10:15.905847+00:00
KXLOWTNOLA,KXLOWTNOLA-26OCT04-T76,NOLA Low Temperature,KMSY,2026-10-04,greater,76.0,,The Weather Company,https://weather.com/kalshi,0.0,0.01,0.99,1.0,21367.83,0.0,615.75,,2026-10-05T06:00:00Z,active,2026-10-04T20:10:15.905847+00:00
KXLOWTNOLA,KXLOWTNOLA-26OCT04-T69,NOLA Low Temperature,KMSY,2026-10-04,less,,69.0,The Weather Company,https://weather.com/kalshi,0.01,0.02,0.98,0.99,1.0,10.0,76.44,,2026-10-05T06:00:00Z,active,2026-10-04T20:10:15.905847+00:00
KXLOWTNOLA,KXLOWTNOLA-26OCT04-B75.5,NOLA Low Temperature,KMSY,2026-10-04,between,75.0,76.0,The Weather Company,https://weather.com/kalshi,0.68,0.77,0.23,0.32,46.0,56.0,249.02,,2026-10-05T06:00:00Z,active,2026-10-04T20:10:15.905847+00:00
KXLOWTNOLA,KXLOWTNOLA-26OCT04-B73.5,NOLA Low Temperature,KMSY,2026-10-04,between,73.0,74.0,The Weather Company,https://weather.com/kalshi,0.17,0.18,0.82,0.83,52.0,3.02,331.19,,2026-10-05T06:00:00Z,active,2026-10-04T20:10:15.905847+00:00
KXLOWTNOLA,KXLOWTNOLA-26OCT04-B71.5,NOLA Low Temperature,KMSY,2026-10-04,between,71.0,72.0,The Weather Company,https://weather.com/kalshi,0.05,0.07,0.93,0.95,1.0,12.0,75.13,,2026-10-05T06:00:00Z,active,2026-10-04T20:10:15.905847+00:00
KXLOWTNOLA,KXLOWTNOLA-26OCT04-B69.5,NOLA Low Temperature,KMSY,2026-10-04,between,69.0,70.0,The Weather Company,https://weather.com/kalshi,0.0,0.02,0.98,1.0,40.0,0.0,294.14,,2026-10-05T06:00:00Z,active,2026-10-04T20:10:15.905847+00:00
KXHIGHDEN,KXHIGHDEN-26OCT05-T90,Highest temperature in Denver,KDEN,2026-10-05,greater,90.0,,The Weather Company,https://weather.com/kalshi,0.01,0.02,0.98,0.99,22.0,2500.1,317.0,,2026-10-06T07:00:00Z,active,2026-10-04T20:10:15.905847+00:00
KXHIGHDEN,KXHIGHDEN-26OCT05-T83,Highest temperature in Denver,KDEN,2026-10-05,less,,83.0,The Weather Company,https://weather.com/kalshi,0.01,0.02,0.98,0.99,95.0,102.88,313.32,,2026-10-06T07:00:00Z,active,2026-10-04T20:10:15.905847+00:00
KXHIGHDEN,KXHIGHDEN-26OCT05-B89.5,Highest temperature in Denver,KDEN,2026-10-05,between,89.0,90.0,The Weather Company,https://weather.com/kalshi,0.38,0.39,0.61,0.62,30.01,132.9,614.42,,2026-10-06T07:00:00Z,active,2026-10-04T20:10:15.905847+00:00
KXHIGHDEN,KXHIGHDEN-26OCT05-B87.5,Highest temperature in Denver,KDEN,2026-10-05,between,87.0,88.0,The Weather Company,https://weather.com/kalshi,0.53,0.54,0.46,0.47,25.1,30.0,353.47,,2026-10-06T07:00:00Z,active,2026-10-04T20:10:15.905847+00:00
KXHIGHDEN,KXHIGHDEN-26OCT05-B85.5,Highest temperature in Denver,KDEN,2026-10-05,between,85.0,86.0,The Weather Company,https://weather.com/kalshi,0.08,0.09,0.91,0.92,31.3,31.0,135.21,,2026-10-06T07:00:00Z,active,2026-10-04T20:10:15.905847+00:00
KXHIGHDEN,KXHIGHDEN-26OCT05-B83.5,Highest temperature in Denver,KDEN,2026-10-05,between,83.0,84.0,The Weather Company,https://weather.com/kalshi,0.01,0.02,0.98,0.99,56.0,613.5,51.37,,2026-10-06T07:00:00Z,active,2026-10-04T20:10:15.905847+00:00
KXHIGHDEN,KXHIGHDEN-26OCT04-T85,Highest temperature in Denver,KDEN,2026-10-04,greater,85.0,,The Weather Company,https://weather.com/kalshi,0.0,0.01,0.99,1.0,12303.25,0.0,3151.64,,2026-10-05T07:00:00Z,active,2026-10-04T20:10:15.905847+00:00
KXHIGHDEN,KXHIGHDEN-26OCT04-T78,Highest temperature in Denver,KDEN,2026-10-04,less,,78.0,The Weather Company,https://weather.com/kalshi,0.0,0.01,0.99,1.0,29318.1,0.0,3626.51,,2026-10-05T07:00:00Z,active,2026-10-04T20:10:15.905847+00:00
KXHIGHDEN,KXHIGHDEN-26OCT04-B84.5,Highest temperature in Denver,KDEN,2026-10-04,between,84.0,85.0,The Weather Company,https://weather.com/kalshi,0.01,0.03,0.97,0.99,131.0,773.0,4551.93,,2026-10-05T07:00:00Z,active,2026-10-04T20:10:15.905847+00:00
KXHIGHDEN,KXHIGHDEN-26OCT04-B82.5,Highest temperature in Denver,KDEN,2026-10-04,between,82.0,83.0,The Weather Company,https://weather.com/kalshi,0.43,0.49,0.51,0.57,22.0,5.0,4746.28,,2026-10-05T07:00:00Z,active,2026-10-04T20:10:15.905847+00:00
KXHIGHDEN,KXHIGHDEN-26OCT04-B80.5,Highest temperature in Denver,KDEN,2026-10-04,between,80.0,81.0,The Weather Company,https://weather.com/kalshi,0.46,0.47,0.53,0.54,19.0,112.0,4325.17,,2026-10-05T07:00:00Z,active,2026-10-04T20:10:15.905847+00:00
KXHIGHDEN,KXHIGHDEN-26OCT04-B78.5,Highest temperature in Denver,KDEN,2026-10-04,between,78.0,79.0,The Weather Company,https://weather.com/kalshi,0.04,0.05,0.95,0.96,23.0,28.53,2371.13,,2026-10-05T07:00:00Z,active,2026-10-04T20:10:15.905847+00:00
KXLOWTTTN,KXLOWTTTN-26OCT05-T54,Trenton Daily low temp ,KTTN,2026-10-05,greater,54.0,,The Weather Company,https://weather.com/kalshi,0.02,0.16,0.84,0.98,10.0,50.0,38.0,,2026-10-06T05:00:00Z,active,2026-10-04T20:10:15.905847+00:00
KXLOWTTTN,KXLOWTTTN-26OCT05-T47,Trenton Daily low temp ,KTTN,2026-10-05,less,,47.0,The Weather Company,https://weather.com/kalshi,0.0,0.03,0.97,1.0,33.0,0.0,205.18,,2026-10-06T05:00:00Z,active,2026-10-04T20:10:15.905847+00:00
KXLOWTTTN,KXLOWTTTN-26OCT05-B53.5,Trenton Daily low temp ,KTTN,2026-10-05,between,53.0,54.0,The Weather Company,https://weather.com/kalshi,0.14,0.24,0.76,0.86,10.0,20.0,45.0,,2026-10-06T05:00:00Z,active,2026-10-04T20:10:15.905847+00:00
KXLOWTTTN,KXLOWTTTN-26OCT05-B51.5,Trenton Daily low temp ,KTTN,2026-10-05,between,51.0,52.0,The Weather Company,https://weather.com/kalshi,0.35,0.42,0.58,0.65,3.0,4.0,7.02,,2026-10-06T05:00:00Z,active,2026-10-04T20:10:15.905847+00:00
KXLOWTTTN,KXLOWTTTN-26OCT05-B49.5,Trenton Daily low temp ,KTTN,2026-10-05,between,49.0,50.0,The Weather Company,https://weather.com/kalshi,0.22,0.42,0.58,0.78,10.0,10.0,23.0,,2026-10-06T05:00:00Z,active,2026-10-04T20:10:15.905847+00:00
KXLOWTTTN,KXLOWTTTN-26OCT05-B47.5,Trenton Daily low temp ,KTTN,2026-10-05,between,47.0,48.0,The Weather Company,https://weather.com/kalshi,0.02,0.16,0.84,0.98,3.0,50.0,52.28,,2026-10-06T05:00:00Z,active,2026-10-04T20:10:15.905847+00:00
KXLOWTTTN,KXLOWTTTN-26OCT04-T56,Trenton Daily low temp ,KTTN,2026-10-04,greater,56.0,,The Weather Company,https://weather.com/kalshi,0.0,0.01,0.99,1.0,2512.0,0.0,317.0,,2026-10-05T05:00:00Z,active,2026-10-04T20:10:15.905847+00:00
KXLOWTTTN,KXLOWTTTN-26OCT04-T49,Trenton Daily low temp ,KTTN,2026-10-04,less,,49.0,The Weather Company,https://weather.com/kalshi,0.0,0.01,0.99,1.0,236.18,0.0,59.0,,2026-10-05T05:00:00Z,active,2026-10-04T20:10:15.905847+00:00
KXLOWTTTN,KXLOWTTTN-26OCT04-B55.5,Trenton Daily low temp ,KTTN,2026-10-04,between,55.0,56.0,The Weather Company,https://weather.com/kalshi,0.9,0.96,0.04,0.1,50.0,22.0,166.52,,2026-10-05T05:00:00Z,active,2026-10-04T20:10:15.905847+00:00
KXLOWTTTN,KXLOWTTTN-26OCT04-B53.5,Trenton Daily low temp ,KTTN,2026-10-04,between,53.0,54.0,The Weather Company,https://weather.com/kalshi,0.04,0.1,0.9,0.96,22.0,10.0,146.82,,2026-10-05T05:00:00Z,active,2026-10-04T20:10:15.905847+00:00
KXLOWTTTN,KXLOWTTTN-26OCT04-B51.5,Trenton Daily low temp ,KTTN,2026-10-04,between,51.0,52.0,The Weather Company,https://weather.com/kalshi,0.0,0.07,0.93,1.0,5.0,0.0,159.0,,2026-10-05T05:00:00Z,active,2026-10-04T20:10:15.905847+00:00
KXLOWTTTN,KXLOWTTTN-26OCT04-B49.5,Trenton Daily low temp ,KTTN,2026-10-04,between,49.0,50.0,The Weather Company,https://weather.com/kalshi,0.0,0.01,0.99,1.0,116.0,0.0,109.0,,2026-10-05T05:00:00Z,active,2026-10-04T20:10:15.905847+00:00
KXLOWTMIN,KXLOWTMIN-26OCT05-T45,Low  temperature Minnesota,KMSP,2026-10-05,greater,45.0,,The Weather Company,https://weather.com/kalshi,0.32,0.38,0.62,0.68,13.0,6.0,27.0,,2026-10-06T06:00:00Z,active,2026-10-04T20:10:15.905847+00:00
KXLOWTMIN,KXLOWTMIN-26OCT05-T38,Low  temperature Minnesota,KMSP,2026-10-05,less,,38.0,The Weather Company,https://weather.com/kalshi,0.0,0.02,0.98,1.0,3.0,0.0,92.56,,2026-10-06T06:00:00Z,active,2026-10-04T20:10:15.905847+00:00
KXLOWTMIN,KXLOWTMIN-26OCT05-B44.5,Low  temperature Minnesota,KMSP,2026-10-05,between,44.0,45.0,The Weather Company,https://weather.com/kalshi,0.34,0.46,0.54,0.66,4.0,6.0,26.54,,2026-10-06T06:00:00Z,active,2026-10-04T20:10:15.905847+00:00
KXLOWTMIN,KXLOWTMIN-26OCT05-B42.5,Low  temperature Minnesota,KMSP,2026-10-05,between,42.0,43.0,The Weather Company,https://weather.com/kalshi,0.19,0.22,0.78,0.81,40.0,71.0,1.0,,2026-10-06T06:00:00Z,active,2026-10-04T20:10:15.905847+00:00
KXLOWTMIN,KXLOWTMIN-26OCT05-B40.5,Low  temperature Minnesota,KMSP,2026-10-05,between,40.0,41.0,The Weather Company,https://weather.com/kalshi,0.03,0.04,0.96,0.97,9.0,29.0,40.0,,2026-10-06T06:00:00Z,active,2026-10-04T20:10:15.905847+00:00
KXLOWTMIN,KXLOWTMIN-26OCT05-B38.5,Low  temperature Minnesota,KMSP,2026-10-05,between,38.0,39.0,The Weather Company,https://weather.com/kalshi,0.02,0.05,0.95,0.98,11.0,16.0,106.0,,2026-10-06T06:00:00Z,active,2026-10-04T20:10:15.905847+00:00
KXLOWTMIN,KXLOWTMIN-26OCT04-T49,Low  temperature Minnesota,KMSP,2026-10-04,greater,49.0,,The Weather Company,https://weather.com/kalshi,0.0,0.01,0.99,1.0,14491.12,0.0,918.03,,2026-10-05T06:00:00Z,active,2026-10-04T20:10:15.905847+00:00
KXLOWTMIN,KXLOWTMIN-26OCT04-T42,Low  temperature Minnesota,KMSP,2026-10-04,less,,42.0,The Weather Company,https://weather.com/kalshi,0.0,0.01,0.99,1.0,303.0,0.0,118.42,,2026-10-05T06:00:00Z,active,2026-10-04T20:10:15.905847+00:00
KXLOWTMIN,KXLOWTMIN-26OCT04-B48.5,Low  temperature Minnesota,KMSP,2026-10-04,between,48.0,49.0,The Weather Company,https://weather.com/kalshi,0.98,0.99,0.01,0.02,331.79,9.0,695.61,,2026-10-05T06:00:00Z,active,2026-10-04T20:10:15.905847+00:00
KXLOWTMIN,KXLOWTMIN-26OCT04-B46.5,Low  temperature Minnesota,KMSP,2026-10-04,between,46.0,47.0,The Weather Company,https://weather.com/kalshi,0.01,0.02,0.98,0.99,28.4,60.0,228.63,,2026-10-05T06:00:00Z,active,2026-10-04T20:10:15.905847+00:00
KXLOWTMIN,KXLOWTMIN-26OCT04-B44.5,Low  temperature Minnesota,KMSP,2026-10-04,between,44.0,45.0,The Weather Company,https://weather.com/kalshi,0.01,0.02,0.98,0.99,39.0,27.0,112.14,,2026-10-05T06:00:00Z,active,2026-10-04T20:10:15.905847+00:00
KXLOWTMIN,KXLOWTMIN-26OCT04-B42.5,Low  temperature Minnesota,KMSP,2026-10-04,between,42.0,43.0,The Weather Company,https://weather.com/kalshi,0.0,0.01,0.99,1.0,177.0,0.0,202.0,,2026-10-05T06:00:00Z,active,2026-10-04T20:10:15.905847+00:00
KXHIGHTSAN,KXHIGHTSAN-26OCT05-T99,High Temperature San Diego,KSAN,2026-10-05,greater,99.0,,The Weather Company,https://weather.com/kalshi,0.06,0.09,0.91,0.94,2.0,44.49,39.45,,2026-10-06T08:00:00Z,active,2026-10-04T20:10:15.905847+00:00
KXHIGHTSAN,KXHIGHTSAN-26OCT05-T92,High Temperature San Diego,KSAN,2026-10-05,less,,92.0,The Weather Company,https://weather.com/kalshi,0.01,0.12,0.88,0.99,20.0,275.25,56.75,,2026-10-06T08:00:00Z,active,2026-10-04T20:10:15.905847+00:00
KXHIGHTSAN,KXHIGHTSAN-26OCT05-B98.5,High Temperature San Diego,KSAN,2026-10-05,between,98.0,99.0,The Weather Company,https://weather.com/kalshi,0.09,0.25,0.75,0.91,10.0,20.0,27.65,,2026-10-06T08:00:00Z,active,2026-10-04T20:10:15.905847+00:00
KXHIGHTSAN,KXHIGHTSAN-26OCT05-B96.5,High Temperature San Diego,KSAN,2026-10-05,between,96.0,97.0,The Weather Company,https://weather.com/kalshi,0.15,0.3,0.7,0.85,10.0,20.0,16.0,,2026-10-06T08:00:00Z,active,2026-10-04T20:10:15.905847+00:00
KXHIGHTSAN,KXHIGHTSAN-26OCT05-B94.5,High Temperature San Diego,KSAN,2026-10-05,between,94.0,95.0,The Weather Company,https://weather.com/kalshi,0.09,0.26,0.74,0.91,21.0,10.0,16.0,,2026-10-06T08:00:00Z,active,2026-10-04T20:10:15.905847+00:00
KXHIGHTSAN,KXHIGHTSAN-26OCT05-B92.5,High Temperature San Diego,KSAN,2026-10-05,between,92.0,93.0,The Weather Company,https://weather.com/kalshi,0.22,0.33,0.67,0.78,48.0,10.0,149.99,,2026-10-06T08:00:00Z,active,2026-10-04T20:10:15.905847+00:00
KXHIGHTSAN,KXHIGHTSAN-26OCT04-T95,High Temperature San Diego,KSAN,2026-10-04,less,,95.0,The Weather Company,https://weather.com/kalshi,0.0,0.01,0.99,1.0,6419.47,0.0,1609.1,,2026-10-05T08:00:00Z,active,2026-10-04T20:10:15.905847+00:00
KXHIGHTSAN,KXHIGHTSAN-26OCT04-T102,High Temperature San Diego,KSAN,2026-10-04,greater,102.0,,The Weather Company,https://weather.com/kalshi,0.01,0.06,0.94,0.99,85.0,25.0,3881.52,,2026-10-05T08:00:00Z,active,2026-10-04T20:10:15.905847+00:00
KXHIGHTSAN,KXHIGHTSAN-26OCT04-B99.5,High Temperature San Diego,KSAN,2026-10-04,between,99.0,100.0,The Weather Company,https://weather.com/kalshi,0.2,0.81,0.19,0.8,46.13,1.0,1417.99,,2026-10-05T08:00:00Z,active,2026-10-04T20:10:15.905847+00:00
KXHIGHTSAN,KXHIGHTSAN-26OCT04-B97.5,High Temperature San Diego,KSAN,2026-10-04,between,97.0,98.0,The Weather Company,https://weather.com/kalshi,0.0,0.01,0.99,1.0,5056.45,0.0,2226.16,,2026-10-05T08:00:00Z,active,2026-10-04T20:10:15.905847+00:00
KXHIGHTSAN,KXHIGHTSAN-26OCT04-B95.5,High Temperature San Diego,KSAN,2026-10-04,between,95.0,96.0,The Weather Company,https://weather.com/kalshi,0.0,0.01,0.99,1.0,5395.34,0.0,988.38,,2026-10-05T08:00:00Z,active,2026-10-04T20:10:15.905847+00:00
KXHIGHTSAN,KXHIGHTSAN-26OCT04-B101.5,High Temperature San Diego,KSAN,2026-10-04,between,101.0,102.0,The Weather Company,https://weather.com/kalshi,0.02,0.72,0.28,0.98,15.0,428.0,2731.57,,2026-10-05T08:00:00Z,active,2026-10-04T20:10:15.905847+00:00
KXHIGHTNOLA,KXHIGHTNOLA-26OCT05-T87,New Orleans Max temp Daily,KMSY,2026-10-05,greater,87.0,,The Weather Company,https://weather.com/kalshi,0.01,0.02,0.98,0.99,531.24,49.0,300.21,,2026-10-06T06:00:00Z,active,2026-10-04T20:10:15.905847+00:00
KXHIGHTNOLA,KXHIGHTNOLA-26OCT05-T80,New Orleans Max temp Daily,KMSY,2026-10-05,less,,80.0,The Weather Company,https://weather.com/kalshi,0.02,0.03,0.97,0.98,57.0,313.1,229.18,,2026-10-06T06:00:00Z,active,2026-10-04T20:10:15.905847+00:00
KXHIGHTNOLA,KXHIGHTNOLA-26OCT05-B86.5,New Orleans Max temp Daily,KMSY,2026-10-05,between,86.0,87.0,The Weather Company,https://weather.com/kalshi,0.01,0.02,0.98,0.99,72.0,98.0,247.9,,2026-10-06T06:00:00Z,active,2026-10-04T20:10:15.905847+00:00
KXHIGHTNOLA,KXHIGHTNOLA-26OCT05-B84.5,New Orleans Max temp Daily,KMSY,2026-10-05,between,84.0,85.0,The Weather Company,https://weather.com/kalshi,0.26,0.27,0.73,0.74,12.11,51.0,426.9,,2026-10-06T06:00:00Z,active,2026-10-04T20:10:15.905847+00:00
KXHIGHTNOLA,KXHIGHTNOLA-26OCT05-B82.5,New Orleans Max temp Daily,KMSY,2026-10-05,between,82.0,83.0,The Weather Company,https://weather.com/kalshi,0.45,0.46,0.54,0.55,116.11,9.6,93.19,,2026-10-06T06:00:00Z,active,2026-10-04T20:10:15.905847+00:00
KXHIGHTNOLA,KXHIGHTNOLA-26OCT05-B80.5,New Orleans Max temp Daily,KMSY,2026-10-05,between,80.0,81.0,The Weather Company,https://weather.com/kalshi,0.15,0.18,0.82,0.85,4.0,139.27,317.03,,2026-10-06T06:00:00Z,active,2026-10-04T20:10:15.905847+00:00
KXHIGHTNOLA,KXHIGHTNOLA-26OCT04-T87,New Orleans Max temp Daily,KMSY,2026-10-04,greater,87.0,,The Weather Company,https://weather.com/kalshi,0.0,0.01,0.99,1.0,7844.1,0.0,131.18,,2026-10-05T06:00:00Z,active,2026-10-04T20:10:15.905847+00:00
KXHIGHTNOLA,KXHIGHTNOLA-26OCT04-T80,New Orleans Max temp Daily,KMSY,2026-10-04,less,,80.0,The Weather Company,https://weather.com/kalshi,0.0,0.01,0.99,1.0,126256.99,0.0,69311.42,,2026-10-05T06:00:00Z,active,2026-10-04T20:10:15.905847+00:00
KXHIGHTNOLA,KXHIGHTNOLA-26OCT04-B86.5,New Orleans Max temp Daily,KMSY,2026-10-04,between,86.0,87.0,The Weather Company,https://weather.com/kalshi,0.0,0.01,0.99,1.0,8111.92,0.0,179.18,,2026-10-05T06:00:00Z,active,2026-10-04T20:10:15.905847+00:00
KXHIGHTNOLA,KXHIGHTNOLA-26OCT04-B84.5,New Orleans Max temp Daily,KMSY,2026-10-04,between,84.0,85.0,The Weather Company,https://weather.com/kalshi,0.07,0.16,0.84,0.93,3.0,13.0,2939.94,,2026-10-05T06:00:00Z,active,2026-10-04T20:10:15.905847+00:00
KXHIGHTNOLA,KXHIGHTNOLA-26OCT04-B82.5,New Orleans Max temp Daily,KMSY,2026-10-04,between,82.0,83.0,The Weather Company,https://weather.com/kalshi,0.84,0.92,0.08,0.16,46.0,1.0,5505.15,,2026-10-05T06:00:00Z,active,2026-10-04T20:10:15.905847+00:00
KXHIGHTNOLA,KXHIGHTNOLA-26OCT04-B80.5,New Orleans Max temp Daily,KMSY,2026-10-04,between,80.0,81.0,The Weather Company,https://weather.com/kalshi,0.0,0.01,0.99,1.0,68622.04,0.0,11324.61,,2026-10-05T06:00:00Z,active,2026-10-04T20:10:15.905847+00:00
KXHIGHLAX,KXHIGHLAX-26OCT05-T97,Highest temperature in Los Angeles,KLAX,2026-10-05,less,,97.0,The Weather Company,https://weather.com/kalshi,0.6,0.61,0.39,0.4,134.19,105.0,4396.46,,2026-10-06T08:00:00Z,active,2026-10-04T20:10:15.905847+00:00
KXHIGHLAX,KXHIGHLAX-26OCT05-T104,Highest temperature in Los Angeles,KLAX,2026-10-05,greater,104.0,,The Weather Company,https://weather.com/kalshi,0.0,0.01,0.99,1.0,51.0,0.0,2490.95,,2026-10-06T08:00:00Z,active,2026-10-04T20:10:15.905847+00:00
KXHIGHLAX,KXHIGHLAX-26OCT05-B99.5,Highest temperature in Los Angeles,KLAX,2026-10-05,between,99.0,100.0,The Weather Company,https://weather.com/kalshi,0.11,0.12,0.88,0.89,35.48,54.98,4369.23,,2026-10-06T08:00:00Z,active,2026-10-04T20:10:15.905847+00:00
KXHIGHLAX,KXHIGHLAX-26OCT05-B97.5,Highest temperature in Los Angeles,KLAX,2026-10-05,between,97.0,98.0,The Weather Company,https://weather.com/kalshi,0.25,0.26,0.74,0.75,1.0,278.44,2169.8,,2026-10-06T08:00:00Z,active,2026-10-04T20:10:15.905847+00:00
KXHIGHLAX,KXHIGHLAX-26OCT05-B103.5,Highest temperature in Los Angeles,KLAX,2026-10-05,between,103.0,104.0,The Weather Company,https://weather.com/kalshi,0.02,0.03,0.97,0.98,16.0,1487.65,4214.49,,2026-10-06T08:00:00Z,active,2026-10-04T20:10:15.905847+00:00
KXHIGHLAX,KXHIGHLAX-26OCT05-B101.5,Highest temperature in Los Angeles,KLAX,2026-10-05,between,101.0,102.0,The Weather Company,https://weather.com/kalshi,0.03,0.04,0.96,0.97,243.0,162.0,3893.79,,2026-10-06T08:00:00Z,active,2026-10-04T20:10:15.905847+00:00
KXHIGHLAX,KXHIGHLAX-26OCT04-T98,Highest temperature in Los Angeles,KLAX,2026-10-04,greater,98.0,,The Weather Company,https://weather.com/kalshi,0.99,1.0,0.0,0.01,0.0,334865.76,74598.29,,2026-10-05T08:00:00Z,active,2026-10-04T20:10:15.905847+00:00
KXHIGHLAX,KXHIGHLAX-26OCT04-T91,Highest temperature in Los Angeles,KLAX,2026-10-04,less,,91.0,The Weather Company,https://weather.com/kalshi,0.0,0.01,0.99,1.0,335400.59,0.0,8436.14,,2026-10-05T08:00:00Z,active,2026-10-04T20:10:15.905847+00:00
KXHIGHLAX,KXHIGHLAX-26OCT04-B97.5,Highest temperature in Los Angeles,KLAX,2026-10-04,between,97.0,98.0,The Weather Company,https://weather.com/kalshi,0.0,0.01,0.99,1.0,350140.91,0.0,61248.53,,2026-10-05T08:00:00Z,active,2026-10-04T20:10:15.905847+00:00
KXHIGHLAX,KXHIGHLAX-26OCT04-B95.5,Highest temperature in Los Angeles,KLAX,2026-10-04,between,95.0,96.0,The Weather Company,https://weather.com/kalshi,0.0,0.01,0.99,1.0,169012.61,0.0,32983.12,,2026-10-05T08:00:00Z,active,2026-10-04T20:10:15.905847+00:00
KXHIGHLAX,KXHIGHLAX-26OCT04-B93.5,Highest temperature in Los Angeles,KLAX,2026-10-04,between,93.0,94.0,The Weather Company,https://weather.com/kalshi,0.0,0.01,0.99,1.0,296969.54,0.0,17528.29,,2026-10-05T08:00:00Z,active,2026-10-04T20:10:15.905847+00:00
KXHIGHLAX,KXHIGHLAX-26OCT04-B91.5,Highest temperature in Los Angeles,KLAX,2026-10-04,between,91.0,92.0,The Weather Company,https://weather.com/kalshi,0.0,0.01,0.99,1.0,164707.09,0.0,8782.22,,2026-10-05T08:00:00Z,active,2026-10-04T20:10:15.905847+00:00
KXLOWTPHIL,KXLOWTPHIL-26OCT05-T58,Lowest temperature in Philadelphia,KPHL,2026-10-05,greater,58.0,,The Weather Company,https://weather.com/kalshi,0.02,0.03,0.97,0.98,1.0,52.0,90.88,,2026-10-06T05:00:00Z,active,2026-10-04T20:10:15.905847+00:00
KXLOWTPHIL,KXLOWTPHIL-26OCT05-T51,Lowest temperature in Philadelphia,KPHL,2026-10-05,less,,51.0,The Weather Company,https://weather.com/kalshi,0.0,0.01,0.99,1.0,38.0,0.0,16.0,,2026-10-06T05:00:00Z,active,2026-10-04T20:10:15.905847+00:00
KXLOWTPHIL,KXLOWTPHIL-26OCT05-B57.5,Lowest temperature in Philadelphia,KPHL,2026-10-05,between,57.0,58.0,The Weather Company,https://weather.com/kalshi,0.32,0.45,0.55,0.68,6.0,5.0,10.0,,2026-10-06T05:00:00Z,active,2026-10-04T20:10:15.905847+00:00
KXLOWTPHIL,KXLOWTPHIL-26OCT05-B55.5,Lowest temperature in Philadelphia,KPHL,2026-10-05,between,55.0,56.0,The Weather Company,https://weather.com/kalshi,0.42,0.5,0.5,0.58,8.0,19.0,52.15,,2026-10-06T05:00:00Z,active,2026-10-04T20:10:15.905847+00:00
KXLOWTPHIL,KXLOWTPHIL-26OCT05-B53.5,Lowest temperature in Philadelphia,KPHL,2026-10-05,between,53.0,54.0,The Weather Company,https://weather.com/kalshi,0.07,0.11,0.89,0.93,6.0,13.0,125.46,,2026-10-06T05:00:00Z,active,2026-10-04T20:10:15.905847+00:00
KXLOWTPHIL,KXLOWTPHIL-26OCT05-B51.5,Lowest temperature in Philadelphia,KPHL,2026-10-05,between,51.0,52.0,The Weather Company,https://weather.com/kalshi,0.01,0.02,0.98,0.99,13.0,29.0,189.02,,2026-10-06T05:00:00Z,active,2026-10-04T20:10:15.905847+00:00
KXLOWTPHIL,KXLOWTPHIL-26OCT04-T60,Lowest temperature in Philadelphia,KPHL,2026-10-04,greater,60.0,,The Weather Company,https://weather.com/kalshi,0.4,0.51,0.49,0.6,51.0,20.0,1164.15,,2026-10-05T05:00:00Z,active,2026-10-04T20:10:15.905847+00:00
KXLOWTPHIL,KXLOWTPHIL-26OCT04-T53,Lowest temperature in Philadelphia,KPHL,2026-10-04,less,,53.0,The Weather Company,https://weather.com/kalshi,0.0,0.01,0.99,1.0,39.0,0.0,160.0,,2026-10-05T05:00:00Z,active,2026-10-04T20:10:15.905847+00:00
KXLOWTPHIL,KXLOWTPHIL-26OCT04-B59.5,Lowest temperature in Philadelphia,KPHL,2026-10-04,between,59.0,60.0,The Weather Company,https://weather.com/kalshi,0.41,0.57,0.43,0.59,13.0,47.0,545.43,,2026-10-05T05:00:00Z,active,2026-10-04T20:10:15.905847+00:00
KXLOWTPHIL,KXLOWTPHIL-26OCT04-B57.5,Lowest temperature in Philadelphia,KPHL,2026-10-04,between,57.0,58.0,The Weather Company,https://weather.com/kalshi,0.01,0.06,0.94,0.99,1.0,38.0,526.61,,2026-10-05T05:00:00Z,active,2026-10-04T20:10:15.905847+00:00
KXLOWTPHIL,KXLOWTPHIL-26OCT04-B55.5,Lowest temperature in Philadelphia,KPHL,2026-10-04,between,55.0,56.0,The Weather Company,https://weather.com/kalshi,0.0,0.02,0.98,1.0,89.0,0.0,171.09,,2026-10-05T05:00:00Z,active,2026-10-04T20:10:15.905847+00:00
KXLOWTPHIL,KXLOWTPHIL-26OCT04-B53.5,Lowest temperature in Philadelphia,KPHL,2026-10-04,between,53.0,54.0,The Weather Company,https://weather.com/kalshi,0.0,0.02,0.98,1.0,60.0,0.0,109.0,,2026-10-05T05:00:00Z,active,2026-10-04T20:10:15.905847+00:00
KXLOWTSFO,KXLOWTSFO-26OCT05-T65,Lowest Temperature San Francisco,KSFO,2026-10-05,greater,65.0,,The Weather Company,https://weather.com/kalshi,0.0,0.07,0.93,1.0,5.0,0.0,59.0,,2026-10-06T08:00:00Z,active,2026-10-04T20:10:15.905847+00:00
KXLOWTSFO,KXLOWTSFO-26OCT05-T58,Lowest Temperature San Francisco,KSFO,2026-10-05,less,,58.0,The Weather Company,https://weather.com/kalshi,0.01,0.07,0.93,0.99,5.0,29.0,40.36,,2026-10-06T08:00:00Z,active,2026-10-04T20:10:15.905847+00:00
KXLOWTSFO,KXLOWTSFO-26OCT05-B64.5,Lowest Temperature San Francisco,KSFO,2026-10-05,between,64.0,65.0,The Weather Company,https://weather.com/kalshi,0.03,0.04,0.96,0.97,3.0,48.0,11.0,,2026-10-06T08:00:00Z,active,2026-10-04T20:10:15.905847+00:00
KXLOWTSFO,KXLOWTSFO-26OCT05-B62.5,Lowest Temperature San Francisco,KSFO,2026-10-05,between,62.0,63.0,The Weather Company,https://weather.com/kalshi,0.43,0.53,0.47,0.57,36.0,4.0,77.58,,2026-10-06T08:00:00Z,active,2026-10-04T20:10:15.905847+00:00
KXLOWTSFO,KXLOWTSFO-26OCT05-B60.5,Lowest Temperature San Francisco,KSFO,2026-10-05,between,60.0,61.0,The Weather Company,https://weather.com/kalshi,0.32,0.4,0.6,0.68,4.0,65.0,21.2,,2026-10-06T08:00:00Z,active,2026-10-04T20:10:15.905847+00:00
KXLOWTSFO,KXLOWTSFO-26OCT05-B58.5,Lowest Temperature San Francisco,KSFO,2026-10-05,between,58.0,59.0,The Weather Company,https://weather.com/kalshi,0.03,0.09,0.91,0.97,29.0,5.0,17.0,,2026-10-06T08:00:00Z,active,2026-10-04T20:10:15.905847+00:00
KXLOWTSFO,KXLOWTSFO-26OCT04-T67,Lowest Temperature San Francisco,KSFO,2026-10-04,greater,67.0,,The Weather Company,https://weather.com/kalshi,0.0,0.01,0.99,1.0,22323.15,0.0,366.0,,2026-10-05T08:00:00Z,active,2026-10-04T20:10:15.905847+00:00
KXLOWTSFO,KXLOWTSFO-26OCT04-T60,Lowest Temperature San Francisco,KSFO,2026-10-04,less,,60.0,The Weather Company,https://weather.com/kalshi,0.0,0.01,0.99,1.0,164.0,0.0,134.0,,2026-10-05T08:00:00Z,active,2026-10-04T20:10:15.905847+00:00
KXLOWTSFO,KXLOWTSFO-26OCT04-B66.5,Lowest Temperature San Francisco,KSFO,2026-10-04,between,66.0,67.0,The Weather Company,https://weather.com/kalshi,0.0,0.01,0.99,1.0,22134.15,0.0,322.0,,2026-10-05T08:00:00Z,active,2026-10-04T20:10:15.905847+00:00
KXLOWTSFO,KXLOWTSFO-26OCT04-B64.5,Lowest Temperature San Francisco,KSFO,2026-10-04,between,64.0,65.0,The Weather Company,https://weather.com/kalshi,0.83,0.94,0.06,0.17,60.0,50.0,790.63,,2026-10-05T08:00:00Z,active,2026-10-04T20:10:15.905847+00:00
KXLOWTSFO,KXLOWTSFO-26OCT04-B62.5,Lowest Temperature San Francisco,KSFO,2026-10-04,between,62.0,63.0,The Weather Company,https://weather.com/kalshi,0.03,0.07,0.93,0.97,1.0,1.0,454.79,,2026-10-05T08:00:00Z,active,2026-10-04T20:10:15.905847+00:00
KXLOWTSFO,KXLOWTSFO-26OCT04-B60.5,Lowest Temperature San Francisco,KSFO,2026-10-04,between,60.0,61.0,The Weather Company,https://weather.com/kalshi,0.01,0.02,0.98,0.99,151.0,29.0,173.23,,2026-10-05T08:00:00Z,active,2026-10-04T20:10:15.905847+00:00
KXHIGHTSDF,KXHIGHTSDF-26OCT05-T78,HIGHEST Temperature SATX,KSDF,2026-10-05,greater,78.0,,The Weather Company,https://weather.com/kalshi,0.0,0.11,0.89,1.0,10.0,0.0,0.0,,2026-10-06T05:00:00Z,active,2026-10-04T20:10:15.905847+00:00
KXHIGHTSDF,KXHIGHTSDF-26OCT05-T71,HIGHEST Temperature SATX,KSDF,2026-10-05,less,,71.0,The Weather Company,https://weather.com/kalshi,0.0,0.11,0.89,1.0,10.0,0.0,0.0,,2026-10-06T05:00:00Z,active,2026-10-04T20:10:15.905847+00:00
KXHIGHTSDF,KXHIGHTSDF-26OCT05-B77.5,HIGHEST Temperature SATX,KSDF,2026-10-05,between,77.0,78.0,The Weather Company,https://weather.com/kalshi,0.01,0.11,0.89,0.99,10.0,44.0,2.0,,2026-10-06T05:00:00Z,active,2026-10-04T20:10:15.905847+00:00
KXHIGHTSDF,KXHIGHTSDF-26OCT05-B75.5,HIGHEST Temperature SATX,KSDF,2026-10-05,between,75.0,76.0,The Weather Company,https://weather.com/kalshi,0.03,0.41,0.59,0.97,1.0,7.0,2.85,,2026-10-06T05:00:00Z,active,2026-10-04T20:10:15.905847+00:00
KXHIGHTSDF,KXHIGHTSDF-26OCT05-B73.5,HIGHEST Temperature SATX,KSDF,2026-10-05,between,73.0,74.0,The Weather Company,https://weather.com/kalshi,0.56,0.57,0.43,0.44,46.0,2.0,35.0,,2026-10-06T05:00:00Z,active,2026-10-04T20:10:15.905847+00:00
KXHIGHTSDF,KXHIGHTSDF-26OCT05-B71.5,HIGHEST Temperature SATX,KSDF,2026-10-05,between,71.0,72.0,The Weather Company,https://weather.com/kalshi,0.0,0.07,0.93,1.0,7.0,0.0,0.0,,2026-10-06T05:00:00Z,active,2026-10-04T20:10:15.905847+00:00
KXHIGHTSDF,KXHIGHTSDF-26OCT04-T82,HIGHEST Temperature SATX,KSDF,2026-10-04,greater,82.0,,The Weather Company,https://weather.com/kalshi,0.01,0.02,0.98,0.99,173.0,10.0,28.18,,2026-10-05T05:00:00Z,active,2026-10-04T20:10:15.905847+00:00
KXHIGHTSDF,KXHIGHTSDF-26OCT04-T75,HIGHEST Temperature SATX,KSDF,2026-10-04,less,,75.0,The Weather Company,https://weather.com/kalshi,0.0,0.01,0.99,1.0,1909.0,0.0,264.04,,2026-10-05T05:00:00Z,active,2026-10-04T20:10:15.905847+00:00
KXHIGHTSDF,KXHIGHTSDF-26OCT04-B81.5,HIGHEST Temperature SATX,KSDF,2026-10-04,between,81.0,82.0,The Weather Company,https://weather.com/kalshi,0.0,0.02,0.98,1.0,39.0,0.0,258.8,,2026-10-05T05:00:00Z,active,2026-10-04T20:10:15.905847+00:00
KXHIGHTSDF,KXHIGHTSDF-26OCT04-B79.5,HIGHEST Temperature SATX,KSDF,2026-10-04,between,79.0,80.0,The Weather Company,https://weather.com/kalshi,0.03,0.95,0.05,0.97,27.0,5.0,101.1,,2026-10-05T05:00:00Z,active,2026-10-04T20:10:15.905847+00:00
KXHIGHTSDF,KXHIGHTSDF-26OCT04-B77.5,HIGHEST Temperature SATX,KSDF,2026-10-04,between,77.0,78.0,The Weather Company,https://weather.com/kalshi,0.03,0.95,0.05,0.97,25.0,2.0,15.0,,2026-10-05T05:00:00Z,active,2026-10-04T20:10:15.905847+00:00
KXHIGHTSDF,KXHIGHTSDF-26OCT04-B75.5,HIGHEST Temperature SATX,KSDF,2026-10-04,between,75.0,76.0,The Weather Company,https://weather.com/kalshi,0.0,0.01,0.99,1.0,1694.0,0.0,107.0,,2026-10-05T05:00:00Z,active,2026-10-04T20:10:15.905847+00:00
KXHIGHTSFO,KXHIGHTSFO-26OCT05-T89,San Francisco High Temperature Daily,KSFO,2026-10-05,greater,89.0,,The Weather Company,https://weather.com/kalshi,0.04,0.05,0.95,0.96,59.0,312.53,150.52,,2026-10-06T08:00:00Z,active,2026-10-04T20:10:15.905847+00:00
KXHIGHTSFO,KXHIGHTSFO-26OCT05-T82,San Francisco High Temperature Daily,KSFO,2026-10-05,less,,82.0,The Weather Company,https://weather.com/kalshi,0.37,0.38,0.62,0.63,8.0,32.1,809.34,,2026-10-06T08:00:00Z,active,2026-10-04T20:10:15.905847+00:00
KXHIGHTSFO,KXHIGHTSFO-26OCT05-B88.5,San Francisco High Temperature Daily,KSFO,2026-10-05,between,88.0,89.0,The Weather Company,https://weather.com/kalshi,0.06,0.07,0.93,0.94,1.0,240.97,93.7,,2026-10-06T08:00:00Z,active,2026-10-04T20:10:15.905847+00:00
KXHIGHTSFO,KXHIGHTSFO-26OCT05-B86.5,San Francisco High Temperature Daily,KSFO,2026-10-05,between,86.0,87.0,The Weather Company,https://weather.com/kalshi,0.08,0.09,0.91,0.92,18.2,5.8,99.36,,2026-10-06T08:00:00Z,active,2026-10-04T20:10:15.905847+00:00
KXHIGHTSFO,KXHIGHTSFO-26OCT05-B84.5,San Francisco High Temperature Daily,KSFO,2026-10-05,between,84.0,85.0,The Weather Company,https://weather.com/kalshi,0.17,0.18,0.82,0.83,249.69,38.0,232.0,,2026-10-06T08:00:00Z,active,2026-10-04T20:10:15.905847+00:00
KXHIGHTSFO,KXHIGHTSFO-26OCT05-B82.5,San Francisco High Temperature Daily,KSFO,2026-10-05,between,82.0,83.0,The Weather Company,https://weather.com/kalshi,0.21,0.22,0.78,0.79,3.0,77.4,775.6,,2026-10-06T08:00:00Z,active,2026-10-04T20:10:15.905847+00:00
KXHIGHTSFO,KXHIGHTSFO-26OCT04-T90,San Francisco High Temperature Daily,KSFO,2026-10-04,greater,90.0,,The Weather Company,https://weather.com/kalshi,0.14,0.15,0.85,0.86,11.0,121.27,15175.92,,2026-10-05T08:00:00Z,active,2026-10-04T20:10:15.905847+00:00
KXHIGHTSFO,KXHIGHTSFO-26OCT04-T83,San Francisco High Temperature Daily,KSFO,2026-10-04,less,,83.0,The Weather Company,https://weather.com/kalshi,0.26,0.32,0.68,0.74,1.0,23.0,12409.17,,2026-10-05T08:00:00Z,active,2026-10-04T20:10:15.905847+00:00
KXHIGHTSFO,KXHIGHTSFO-26OCT04-B89.5,San Francisco High Temperature Daily,KSFO,2026-10-04,between,89.0,90.0,The Weather Company,https://weather.com/kalshi,0.19,0.22,0.78,0.81,64.0,40.0,6260.18,,2026-10-05T08:00:00Z,active,2026-10-04T20:10:15.905847+00:00
KXHIGHTSFO,KXHIGHTSFO-26OCT04-B87.5,San Francisco High Temperature Daily,KSFO,2026-10-04,between,87.0,88.0,The Weather Company,https://weather.com/kalshi,0.19,0.2,0.8,0.81,22.0,0.9,5065.36,,2026-10-05T08:00:00Z,active,2026-10-04T20:10:15.905847+00:00
KXHIGHTSFO,KXHIGHTSFO-26OCT04-B85.5,San Francisco High Temperature Daily,KSFO,2026-10-04,between,85.0,86.0,The Weather Company,https://weather.com/kalshi,0.07,0.18,0.82,0.93,19.0,56.0,5606.69,,2026-10-05T08:00:00Z,active,2026-10-04T20:10:15.905847+00:00
KXHIGHTSFO,KXHIGHTSFO-26OCT04-B83.5,San Francisco High Temperature Daily,KSFO,2026-10-04,between,83.0,84.0,The Weather Company,https://weather.com/kalshi,0.08,0.14,0.86,0.92,12.0,47.0,9253.43,,2026-10-05T08:00:00Z,active,2026-10-04T20:10:15.905847+00:00
KXHIGHTOKC,KXHIGHTOKC-26OCT05-T85,Oklahoma City Maximum High Temperature,KOKC,2026-10-05,greater,85.0,,The Weather Company,https://weather.com/kalshi,0.03,0.04,0.96,0.97,84.0,650.2,651.42,,2026-10-06T06:00:00Z,active,2026-10-04T20:10:15.905847+00:00
KXHIGHTOKC,KXHIGHTOKC-26OCT05-T78,Oklahoma City Maximum High Temperature,KOKC,2026-10-05,less,,78.0,The Weather Company,https://weather.com/kalshi,0.01,0.02,0.98,0.99,99.0,402.82,184.18,,2026-10-06T06:00:00Z,active,2026-10-04T20:10:15.905847+00:00
KXHIGHTOKC,KXHIGHTOKC-26OCT05-B84.5,Oklahoma City Maximum High Temperature,KOKC,2026-10-05,between,84.0,85.0,The Weather Company,https://weather.com/kalshi,0.23,0.24,0.76,0.77,10.1,111.0,745.61,,2026-10-06T06:00:00Z,active,2026-10-04T20:10:15.905847+00:00
KXHIGHTOKC,KXHIGHTOKC-26OCT05-B82.5,Oklahoma City Maximum High Temperature,KOKC,2026-10-05,between,82.0,83.0,The Weather Company,https://weather.com/kalshi,0.42,0.43,0.57,0.58,89.2,55.0,494.22,,2026-10-06T06:00:00Z,active,2026-10-04T20:10:15.905847+00:00
KXHIGHTOKC,KXHIGHTOKC-26OCT05-B80.5,Oklahoma City Maximum High Temperature,KOKC,2026-10-05,between,80.0,81.0,The Weather Company,https://weather.com/kalshi,0.3,0.31,0.69,0.7,31.1,31.0,710.85,,2026-10-06T06:00:00Z,active,2026-10-04T20:10:15.905847+00:00
KXHIGHTOKC,KXHIGHTOKC-26OCT05-B78.5,Oklahoma City Maximum High Temperature,KOKC,2026-10-05,between,78.0,79.0,The Weather Company,https://weather.com/kalshi,0.03,0.04,0.96,0.97,13.0,3.8,36.17,,2026-10-06T06:00:00Z,active,2026-10-04T20:10:15.905847+00:00
KXHIGHTOKC,KXHIGHTOKC-26OCT04-T86,Oklahoma City Maximum High Temperature,KOKC,2026-10-04,greater,86.0,,The Weather Company,https://weather.com/kalshi,0.0,0.01,0.99,1.0,508.73,0.0,361.69,,2026-10-05T06:00:00Z,active,2026-10-04T20:10:15.905847+00:00
KXHIGHTOKC,KXHIGHTOKC-26OCT04-T79,Oklahoma City Maximum High Temperature,KOKC,2026-10-04,less,,79.0,The Weather Company,https://weather.com/kalshi,0.0,0.01,0.99,1.0,37108.15,0.0,1988.07,,2026-10-05T06:00:00Z,active,2026-10-04T20:10:15.905847+00:00
KXHIGHTOKC,KXHIGHTOKC-26OCT04-B85.5,Oklahoma City Maximum High Temperature,KOKC,2026-10-04,between,85.0,86.0,The Weather Company,https://weather.com/kalshi,0.01,0.02,0.98,0.99,4.0,74.31,2605.67,,2026-10-05T06:00:00Z,active,2026-10-04T20:10:15.905847+00:00
KXHIGHTOKC,KXHIGHTOKC-26OCT04-B83.5,Oklahoma City Maximum High Temperature,KOKC,2026-10-04,between,83.0,84.0,The Weather Company,https://weather.com/kalshi,0.44,0.45,0.55,0.56,0.76,86.0,3174.39,,2026-10-05T06:00:00Z,active,2026-10-04T20:10:15.905847+00:00
KXHIGHTOKC,KXHIGHTOKC-26OCT04-B81.5,Oklahoma City Maximum High Temperature,KOKC,2026-10-04,between,81.0,82.0,The Weather Company,https://weather.com/kalshi,0.46,0.47,0.53,0.54,30.95,2.0,4401.36,,2026-10-05T06:00:00Z,active,2026-10-04T20:10:15.905847+00:00
KXHIGHTOKC,KXHIGHTOKC-26OCT04-B79.5,Oklahoma City Maximum High Temperature,KOKC,2026-10-04,between,79.0,80.0,The Weather Company,https://weather.com/kalshi,0.01,0.03,0.97,0.99,67.07,56.0,3006.06,,2026-10-05T06:00:00Z,active,2026-10-04T20:10:15.905847+00:00
KXLOWTOKC,KXLOWTOKC-26OCT05-T57,Low Temperature Oklahoma City,KOKC,2026-10-05,greater,57.0,,The Weather Company,https://weather.com/kalshi,0.29,0.49,0.51,0.71,10.0,10.0,113.98,,2026-10-06T06:00:00Z,active,2026-10-04T20:10:15.905847+00:00
KXLOWTOKC,KXLOWTOKC-26OCT05-T50,Low Temperature Oklahoma City,KOKC,2026-10-05,less,,50.0,The Weather Company,https://weather.com/kalshi,0.01,0.03,0.97,0.99,101.0,0.37,97.63,,2026-10-06T06:00:00Z,active,2026-10-04T20:10:15.905847+00:00
KXLOWTOKC,KXLOWTOKC-26OCT05-B56.5,Low Temperature Oklahoma City,KOKC,2026-10-05,between,56.0,57.0,The Weather Company,https://weather.com/kalshi,0.17,0.37,0.63,0.83,10.0,3.0,9.17,,2026-10-06T06:00:00Z,active,2026-10-04T20:10:15.905847+00:00
KXLOWTOKC,KXLOWTOKC-26OCT05-B54.5,Low Temperature Oklahoma City,KOKC,2026-10-05,between,54.0,55.0,The Weather Company,https://weather.com/kalshi,0.12,0.26,0.74,0.88,40.0,3.0,175.0,,2026-10-06T06:00:00Z,active,2026-10-04T20:10:15.905847+00:00
KXLOWTOKC,KXLOWTOKC-26OCT05-B52.5,Low Temperature Oklahoma City,KOKC,2026-10-05,between,52.0,53.0,The Weather Company,https://weather.com/kalshi,0.03,0.09,0.91,0.97,8.0,66.0,159.0,,2026-10-06T06:00:00Z,active,2026-10-04T20:10:15.905847+00:00
KXLOWTOKC,KXLOWTOKC-26OCT05-B50.5,Low Temperature Oklahoma City,KOKC,2026-10-05,between,50.0,51.0,The Weather Company,https://weather.com/kalshi,0.02,0.11,0.89,0.98,81.0,40.82,39.18,,2026-10-06T06:00:00Z,active,2026-10-04T20:10:15.905847+00:00
KXLOWTOKC,KXLOWTOKC-26OCT04-T61,Low Temperature Oklahoma City,KOKC,2026-10-04,greater,61.0,,The Weather Company,https://weather.com/kalshi,0.96,0.97,0.03,0.04,280.0,50.0,1349.0,,2026-10-05T06:00:00Z,active,2026-10-04T20:10:15.905847+00:00
KXLOWTOKC,KXLOWTOKC-26OCT04-T54,Low Temperature Oklahoma City,KOKC,2026-10-04,less,,54.0,The Weather Company,https://weather.com/kalshi,0.0,0.01,0.99,1.0,386.0,0.0,109.84,,2026-10-05T06:00:00Z,active,2026-10-04T20:10:15.905847+00:00
KXLOWTOKC,KXLOWTOKC-26OCT04-B60.5,Low Temperature Oklahoma City,KOKC,2026-10-04,between,60.0,61.0,The Weather Company,https://weather.com/kalshi,0.0,0.01,0.99,1.0,6.0,0.0,266.0,,2026-10-05T06:00:00Z,active,2026-10-04T20:10:15.905847+00:00
KXLOWTOKC,KXLOWTOKC-26OCT04-B58.5,Low Temperature Oklahoma City,KOKC,2026-10-04,between,58.0,59.0,The Weather Company,https://weather.com/kalshi,0.0,0.02,0.98,1.0,50.0,0.0,111.0,,2026-10-05T06:00:00Z,active,2026-10-04T20:10:15.905847+00:00
KXLOWTOKC,KXLOWTOKC-26OCT04-B56.5,Low Temperature Oklahoma City,KOKC,2026-10-04,between,56.0,57.0,The Weather Company,https://weather.com/kalshi,0.0,0.01,0.99,1.0,6.0,0.0,131.0,,2026-10-05T06:00:00Z,active,2026-10-04T20:10:15.905847+00:00
KXLOWTOKC,KXLOWTOKC-26OCT04-B54.5,Low Temperature Oklahoma City,KOKC,2026-10-04,between,54.0,55.0,The Weather Company,https://weather.com/kalshi,0.0,0.01,0.99,1.0,275.0,0.0,76.0,,2026-10-05T06:00:00Z,active,2026-10-04T20:10:15.905847+00:00
KXHIGHTPHX,KXHIGHTPHX-26OCT05-T95,Phoenix High Temperature Daily,KPHX,2026-10-05,less,,95.0,The Weather Company,https://weather.com/kalshi,0.0,0.01,0.99,1.0,42.9,0.0,692.4,,2026-10-06T07:00:00Z,active,2026-10-04T20:10:15.905847+00:00
KXHIGHTPHX,KXHIGHTPHX-26OCT05-T102,Phoenix High Temperature Daily,KPHX,2026-10-05,greater,102.0,,The Weather Company,https://weather.com/kalshi,0.0,0.01,0.99,1.0,151.9,0.0,267.0,,2026-10-06T07:00:00Z,active,2026-10-04T20:10:15.905847+00:00
KXHIGHTPHX,KXHIGHTPHX-26OCT05-B99.5,Phoenix High Temperature Daily,KPHX,2026-10-05,between,99.0,100.0,The Weather Company,https://weather.com/kalshi,0.63,0.67,0.33,0.37,59.0,6.0,237.1,,2026-10-06T07:00:00Z,active,2026-10-04T20:10:15.905847+00:00
KXHIGHTPHX,KXHIGHTPHX-26OCT05-B97.5,Phoenix High Temperature Daily,KPHX,2026-10-05,between,97.0,98.0,The Weather Company,https://weather.com/kalshi,0.16,0.17,0.83,0.84,16.0,161.8,329.01,,2026-10-06T07:00:00Z,active,2026-10-04T20:10:15.905847+00:00
KXHIGHTPHX,KXHIGHTPHX-26OCT05-B95.5,Phoenix High Temperature Daily,KPHX,2026-10-05,between,95.0,96.0,The Weather Company,https://weather.com/kalshi,0.02,0.03,0.97,0.98,18.24,102.82,70.08,,2026-10-06T07:00:00Z,active,2026-10-04T20:10:15.905847+00:00
KXHIGHTPHX,KXHIGHTPHX-26OCT05-B101.5,Phoenix High Temperature Daily,KPHX,2026-10-05,between,101.0,102.0,The Weather Company,https://weather.com/kalshi,0.1,0.11,0.89,0.9,2.0,201.51,106.9,,2026-10-06T07:00:00Z,active,2026-10-04T20:10:15.905847+00:00
KXHIGHTPHX,KXHIGHTPHX-26OCT04-T97,Phoenix High Temperature Daily,KPHX,2026-10-04,less,,97.0,The Weather Company,https://weather.com/kalshi,0.0,0.01,0.99,1.0,59221.96,0.0,1409.98,,2026-10-05T07:00:00Z,active,2026-10-04T20:10:15.905847+00:00
KXHIGHTPHX,KXHIGHTPHX-26OCT04-T104,Phoenix High Temperature Daily,KPHX,2026-10-04,greater,104.0,,The Weather Company,https://weather.com/kalshi,0.0,0.01,0.99,1.0,1193.78,0.0,472.0,,2026-10-05T07:00:00Z,active,2026-10-04T20:10:15.905847+00:00
KXHIGHTPHX,KXHIGHTPHX-26OCT04-B99.5,Phoenix High Temperature Daily,KPHX,2026-10-04,between,99.0,100.0,The Weather Company,https://weather.com/kalshi,0.75,0.83,0.17,0.25,26.0,55.0,3720.3,,2026-10-05T07:00:00Z,active,2026-10-04T20:10:15.905847+00:00
KXHIGHTPHX,KXHIGHTPHX-26OCT04-B97.5,Phoenix High Temperature Daily,KPHX,2026-10-04,between,97.0,98.0,The Weather Company,https://weather.com/kalshi,0.02,0.06,0.94,0.98,68.0,69.82,3492.26,,2026-10-05T07:00:00Z,active,2026-10-04T20:10:15.905847+00:00
KXHIGHTPHX,KXHIGHTPHX-26OCT04-B103.5,Phoenix High Temperature Daily,KPHX,2026-10-04,between,103.0,104.0,The Weather Company,https://weather.com/kalshi,0.0,0.01,0.99,1.0,25.78,0.0,1791.27,,2026-10-05T07:00:00Z,active,2026-10-04T20:10:15.905847+00:00
KXHIGHTPHX,KXHIGHTPHX-26OCT04-B101.5,Phoenix High Temperature Daily,KPHX,2026-10-04,between,101.0,102.0,The Weather Company,https://weather.com/kalshi,0.15,0.23,0.77,0.85,93.0,9.0,4397.9,,2026-10-05T07:00:00Z,active,2026-10-04T20:10:15.905847+00:00
KXHIGHTHOU,KXHIGHTHOU-26OCT05-T90,Daily High Temperature Houston,KHOU,2026-10-05,greater,90.0,,The Weather Company,https://weather.com/kalshi,0.01,0.03,0.97,0.99,90.0,186.6,315.52,,2026-10-06T06:00:00Z,active,2026-10-04T20:10:15.905847+00:00
KXHIGHTHOU,KXHIGHTHOU-26OCT05-T83,Daily High Temperature Houston,KHOU,2026-10-05,less,,83.0,The Weather Company,https://weather.com/kalshi,0.02,0.03,0.97,0.98,323.0,99.0,678.28,,2026-10-06T06:00:00Z,active,2026-10-04T20:10:15.905847+00:00
KXHIGHTHOU,KXHIGHTHOU-26OCT05-B89.5,Daily High Temperature Houston,KHOU,2026-10-05,between,89.0,90.0,The Weather Company,https://weather.com/kalshi,0.2,0.21,0.79,0.8,12.1,55.0,327.6,,2026-10-06T06:00:00Z,active,2026-10-04T20:10:15.905847+00:00
KXHIGHTHOU,KXHIGHTHOU-26OCT05-B87.5,Daily High Temperature Houston,KHOU,2026-10-05,between,87.0,88.0,The Weather Company,https://weather.com/kalshi,0.41,0.42,0.58,0.59,5.0,88.0,276.24,,2026-10-06T06:00:00Z,active,2026-10-04T20:10:15.905847+00:00
KXHIGHTHOU,KXHIGHTHOU-26OCT05-B85.5,Daily High Temperature Houston,KHOU,2026-10-05,between,85.0,86.0,The Weather Company,https://weather.com/kalshi,0.27,0.28,0.72,0.73,20.0,5.0,87.2,,2026-10-06T06:00:00Z,active,2026-10-04T20:10:15.905847+00:00
KXHIGHTHOU,KXHIGHTHOU-26OCT05-B83.5,Daily High Temperature Houston,KHOU,2026-10-05,between,83.0,84.0,The Weather Company,https://weather.com/kalshi,0.07,0.08,0.92,0.93,62.0,290.0,16.28,,2026-10-06T06:00:00Z,active,2026-10-04T20:10:15.905847+00:00
KXHIGHTHOU,KXHIGHTHOU-26OCT04-T88,Daily High Temperature Houston,KHOU,2026-10-04,greater,88.0,,The Weather Company,https://weather.com/kalshi,0.0,0.01,0.99,1.0,162.8,0.0,1133.51,,2026-10-05T06:00:00Z,active,2026-10-04T20:10:15.905847+00:00
KXHIGHTHOU,KXHIGHTHOU-26OCT04-T81,Daily High Temperature Houston,KHOU,2026-10-04,less,,81.0,The Weather Company,https://weather.com/kalshi,0.91,0.94,0.06,0.09,42.03,8.0,3550.71,,2026-10-05T06:00:00Z,active,2026-10-04T20:10:15.905847+00:00
KXHIGHTHOU,KXHIGHTHOU-26OCT04-B87.5,Daily High Temperature Houston,KHOU,2026-10-04,between,87.0,88.0,The Weather Company,https://weather.com/kalshi,0.0,0.01,0.99,1.0,287.9,0.0,789.64,,2026-10-05T06:00:00Z,active,2026-10-04T20:10:15.905847+00:00
KXHIGHTHOU,KXHIGHTHOU-26OCT04-B85.5,Daily High Temperature Houston,KHOU,2026-10-04,between,85.0,86.0,The Weather Company,https://weather.com/kalshi,0.0,0.01,0.99,1.0,114.45,0.0,2063.17,,2026-10-05T06:00:00Z,active,2026-10-04T20:10:15.905847+00:00
KXHIGHTHOU,KXHIGHTHOU-26OCT04-B83.5,Daily High Temperature Houston,KHOU,2026-10-04,between,83.0,84.0,The Weather Company,https://weather.com/kalshi,0.01,0.03,0.97,0.99,50.0,128.62,4082.44,,2026-10-05T06:00:00Z,active,2026-10-04T20:10:15.905847+00:00
KXHIGHTHOU,KXHIGHTHOU-26OCT04-B81.5,Daily High Temperature Houston,KHOU,2026-10-04,between,81.0,82.0,The Weather Company,https://weather.com/kalshi,0.02,0.04,0.96,0.98,50.0,259.84,3929.15,,2026-10-05T06:00:00Z,active,2026-10-04T20:10:15.905847+00:00
KXHIGHTBOS,KXHIGHTBOS-26OCT05-T71,Boston Maximum Daily Temperature,KBOS,2026-10-05,greater,71.0,,The Weather Company,https://weather.com/kalshi,0.02,0.03,0.97,0.98,51.0,1363.16,211.27,,2026-10-06T05:00:00Z,active,2026-10-04T20:10:15.905847+00:00
KXHIGHTBOS,KXHIGHTBOS-26OCT05-T64,Boston Maximum Daily Temperature,KBOS,2026-10-05,less,,64.0,The Weather Company,https://weather.com/kalshi,0.01,0.02,0.98,0.99,198.7,163.53,209.47,,2026-10-06T05:00:00Z,active,2026-10-04T20:10:15.905847+00:00
KXHIGHTBOS,KXHIGHTBOS-26OCT05-B70.5,Boston Maximum Daily Temperature,KBOS,2026-10-05,between,70.0,71.0,The Weather Company,https://weather.com/kalshi,0.47,0.48,0.52,0.53,15.0,39.0,497.01,,2026-10-06T05:00:00Z,active,2026-10-04T20:10:15.905847+00:00
KXHIGHTBOS,KXHIGHTBOS-26OCT05-B68.5,Boston Maximum Daily Temperature,KBOS,2026-10-05,between,68.0,69.0,The Weather Company,https://weather.com/kalshi,0.33,0.34,0.66,0.67,11.0,26.5,31.0,,2026-10-06T05:00:00Z,active,2026-10-04T20:10:15.905847+00:00
KXHIGHTBOS,KXHIGHTBOS-26OCT05-B66.5,Boston Maximum Daily Temperature,KBOS,2026-10-05,between,66.0,67.0,The Weather Company,https://weather.com/kalshi,0.08,0.09,0.91,0.92,41.7,49.44,74.0,,2026-10-06T05:00:00Z,active,2026-10-04T20:10:15.905847+00:00
KXHIGHTBOS,KXHIGHTBOS-26OCT05-B64.5,Boston Maximum Daily Temperature,KBOS,2026-10-05,between,64.0,65.0,The Weather Company,https://weather.com/kalshi,0.02,0.03,0.97,0.98,10.0,9.72,205.98,,2026-10-06T05:00:00Z,active,2026-10-04T20:10:15.905847+00:00
KXHIGHTBOS,KXHIGHTBOS-26OCT04-T68,Boston Maximum Daily Temperature,KBOS,2026-10-04,greater,68.0,,The Weather Company,https://weather.com/kalshi,0.0,0.01,0.99,1.0,4307.31,0.0,538.0,,2026-10-05T05:00:00Z,active,2026-10-04T20:10:15.905847+00:00
KXHIGHTBOS,KXHIGHTBOS-26OCT04-T61,Boston Maximum Daily Temperature,KBOS,2026-10-04,less,,61.0,The Weather Company,https://weather.com/kalshi,0.0,0.01,0.99,1.0,41635.35,0.0,2014.59,,2026-10-05T05:00:00Z,active,2026-10-04T20:10:15.905847+00:00
KXHIGHTBOS,KXHIGHTBOS-26OCT04-B67.5,Boston Maximum Daily Temperature,KBOS,2026-10-04,between,67.0,68.0,The Weather Company,https://weather.com/kalshi,0.0,0.01,0.99,1.0,1469.0,0.0,691.0,,2026-10-05T05:00:00Z,active,2026-10-04T20:10:15.905847+00:00
KXHIGHTBOS,KXHIGHTBOS-26OCT04-B65.5,Boston Maximum Daily Temperature,KBOS,2026-10-04,between,65.0,66.0,The Weather Company,https://weather.com/kalshi,0.0,0.01,0.99,1.0,1880.0,0.0,2913.89,,2026-10-05T05:00:00Z,active,2026-10-04T20:10:15.905847+00:00
KXHIGHTBOS,KXHIGHTBOS-26OCT04-B63.5,Boston Maximum Daily Temperature,KBOS,2026-10-04,between,63.0,64.0,The Weather Company,https://weather.com/kalshi,0.99,1.0,0.0,0.01,0.0,2547.66,4743.16,,2026-10-05T05:00:00Z,active,2026-10-04T20:10:15.905847+00:00
KXHIGHTBOS,KXHIGHTBOS-26OCT04-B61.5,Boston Maximum Daily Temperature,KBOS,2026-10-04,between,61.0,62.0,The Weather Company,https://weather.com/kalshi,0.0,0.01,0.99,1.0,43926.14,0.0,8799.49,,2026-10-05T05:00:00Z,active,2026-10-04T20:10:15.905847+00:00
KXHIGHMIA,KXHIGHMIA-26OCT05-T92,Highest temperature in Miami,KMIA,2026-10-05,greater,92.0,,The Weather Company,https://weather.com/kalshi,0.01,0.02,0.98,0.99,66.17,2394.3,335.54,,2026-10-06T05:00:00Z,active,2026-10-04T20:10:15.905847+00:00
KXHIGHMIA,KXHIGHMIA-26OCT05-T85,Highest temperature in Miami,KMIA,2026-10-05,less,,85.0,The Weather Company,https://weather.com/kalshi,0.01,0.02,0.98,0.99,338.17,277.71,146.29,,2026-10-06T05:00:00Z,active,2026-10-04T20:10:15.905847+00:00
KXHIGHMIA,KXHIGHMIA-26OCT05-B91.5,Highest temperature in Miami,KMIA,2026-10-05,between,91.0,92.0,The Weather Company,https://weather.com/kalshi,0.39,0.4,0.6,0.61,14.02,117.83,1667.43,,2026-10-06T05:00:00Z,active,2026-10-04T20:10:15.905847+00:00
KXHIGHMIA,KXHIGHMIA-26OCT05-B89.5,Highest temperature in Miami,KMIA,2026-10-05,between,89.0,90.0,The Weather Company,https://weather.com/kalshi,0.46,0.47,0.53,0.54,72.0,166.4,1016.62,,2026-10-06T05:00:00Z,active,2026-10-04T20:10:15.905847+00:00
KXHIGHMIA,KXHIGHMIA-26OCT05-B87.5,Highest temperature in Miami,KMIA,2026-10-05,between,87.0,88.0,The Weather Company,https://weather.com/kalshi,0.1,0.11,0.89,0.9,39.0,3.0,299.91,,2026-10-06T05:00:00Z,active,2026-10-04T20:10:15.905847+00:00
KXHIGHMIA,KXHIGHMIA-26OCT05-B85.5,Highest temperature in Miami,KMIA,2026-10-05,between,85.0,86.0,The Weather Company,https://weather.com/kalshi,0.03,0.04,0.96,0.97,60.5,983.0,281.26,,2026-10-06T05:00:00Z,active,2026-10-04T20:10:15.905847+00:00
KXHIGHMIA,KXHIGHMIA-26OCT04-T92,Highest temperature in Miami,KMIA,2026-10-04,greater,92.0,,The Weather Company,https://weather.com/kalshi,0.0,0.01,0.99,1.0,9452.96,0.0,3534.52,,2026-10-05T05:00:00Z,active,2026-10-04T20:10:15.905847+00:00
KXHIGHMIA,KXHIGHMIA-26OCT04-T85,Highest temperature in Miami,KMIA,2026-10-04,less,,85.0,The Weather Company,https://weather.com/kalshi,0.0,0.01,0.99,1.0,133248.0,0.0,700.97,,2026-10-05T05:00:00Z,active,2026-10-04T20:10:15.905847+00:00
KXHIGHMIA,KXHIGHMIA-26OCT04-B91.5,Highest temperature in Miami,KMIA,2026-10-04,between,91.0,92.0,The Weather Company,https://weather.com/kalshi,0.0,0.01,0.99,1.0,12205.54,0.0,17330.15,,2026-10-05T05:00:00Z,active,2026-10-04T20:10:15.905847+00:00
KXHIGHMIA,KXHIGHMIA-26OCT04-B89.5,Highest temperature in Miami,KMIA,2026-10-04,between,89.0,90.0,The Weather Company,https://weather.com/kalshi,0.99,1.0,0.0,0.01,0.0,13095.62,20721.53,,2026-10-05T05:00:00Z,active,2026-10-04T20:10:15.905847+00:00
KXHIGHMIA,KXHIGHMIA-26OCT04-B87.5,Highest temperature in Miami,KMIA,2026-10-04,between,87.0,88.0,The Weather Company,https://weather.com/kalshi,0.0,0.01,0.99,1.0,138975.75,0.0,30704.71,,2026-10-05T05:00:00Z,active,2026-10-04T20:10:15.905847+00:00
KXHIGHMIA,KXHIGHMIA-26OCT04-B85.5,Highest temperature in Miami,KMIA,2026-10-04,between,85.0,86.0,The Weather Company,https://weather.com/kalshi,0.0,0.01,0.99,1.0,143100.82,0.0,2518.04,,2026-10-05T05:00:00Z,active,2026-10-04T20:10:15.905847+00:00
KXLOWTAUS,KXLOWTAUS-26OCT05-T71,Lowest temperature in Austin,KAUS,2026-10-05,greater,71.0,,The Weather Company,https://weather.com/kalshi,0.01,0.06,0.94,0.99,1.0,173.0,172.0,,2026-10-06T06:00:00Z,active,2026-10-04T20:10:15.905847+00:00
KXLOWTAUS,KXLOWTAUS-26OCT05-T64,Lowest temperature in Austin,KAUS,2026-10-05,less,,64.0,The Weather Company,https://weather.com/kalshi,0.0,0.04,0.96,1.0,2.0,0.0,242.02,,2026-10-06T06:00:00Z,active,2026-10-04T20:10:15.905847+00:00
KXLOWTAUS,KXLOWTAUS-26OCT05-B70.5,Lowest temperature in Austin,KAUS,2026-10-05,between,70.0,71.0,The Weather Company,https://weather.com/kalshi,0.12,0.23,0.77,0.88,4.0,10.0,15.29,,2026-10-06T06:00:00Z,active,2026-10-04T20:10:15.905847+00:00
KXLOWTAUS,KXLOWTAUS-26OCT05-B68.5,Lowest temperature in Austin,KAUS,2026-10-05,between,68.0,69.0,The Weather Company,https://weather.com/kalshi,0.29,0.4,0.6,0.71,8.0,14.0,47.0,,2026-10-06T06:00:00Z,active,2026-10-04T20:10:15.905847+00:00
KXLOWTAUS,KXLOWTAUS-26OCT05-B66.5,Lowest temperature in Austin,KAUS,2026-10-05,between,66.0,67.0,The Weather Company,https://weather.com/kalshi,0.32,0.37,0.63,0.68,9.0,15.0,26.0,,2026-10-06T06:00:00Z,active,2026-10-04T20:10:15.905847+00:00
KXLOWTAUS,KXLOWTAUS-26OCT05-B64.5,Lowest temperature in Austin,KAUS,2026-10-05,between,64.0,65.0,The Weather Company,https://weather.com/kalshi,0.07,0.08,0.92,0.93,17.0,50.0,20.0,,2026-10-06T06:00:00Z,active,2026-10-04T20:10:15.905847+00:00
KXLOWTAUS,KXLOWTAUS-26OCT04-T72,Lowest temperature in Austin,KAUS,2026-10-04,greater,72.0,,The Weather Company,https://weather.com/kalshi,0.0,0.01,0.99,1.0,11091.76,0.0,1000.17,,2026-10-05T06:00:00Z,active,2026-10-04T20:10:15.905847+00:00
KXLOWTAUS,KXLOWTAUS-26OCT04-T65,Lowest temperature in Austin,KAUS,2026-10-04,less,,65.0,The Weather Company,https://weather.com/kalshi,0.0,0.02,0.98,1.0,64.0,0.0,470.84,,2026-10-05T06:00:00Z,active,2026-10-04T20:10:15.905847+00:00
KXLOWTAUS,KXLOWTAUS-26OCT04-B71.5,Lowest temperature in Austin,KAUS,2026-10-04,between,71.0,72.0,The Weather Company,https://weather.com/kalshi,0.94,0.95,0.05,0.06,47.52,48.0,709.25,,2026-10-05T06:00:00Z,active,2026-10-04T20:10:15.905847+00:00
KXLOWTAUS,KXLOWTAUS-26OCT04-B69.5,Lowest temperature in Austin,KAUS,2026-10-04,between,69.0,70.0,The Weather Company,https://weather.com/kalshi,0.03,0.05,0.95,0.97,1.0,29.25,265.1,,2026-10-05T06:00:00Z,active,2026-10-04T20:10:15.905847+00:00
KXLOWTAUS,KXLOWTAUS-26OCT04-B67.5,Lowest temperature in Austin,KAUS,2026-10-04,between,67.0,68.0,The Weather Company,https://weather.com/kalshi,0.01,0.02,0.98,0.99,69.0,2.77,329.6,,2026-10-05T06:00:00Z,active,2026-10-04T20:10:15.905847+00:00
KXLOWTAUS,KXLOWTAUS-26OCT04-B65.5,Lowest temperature in Austin,KAUS,2026-10-04,between,65.0,66.0,The Weather Company,https://weather.com/kalshi,0.0,0.03,0.97,1.0,10.0,0.0,621.63,,2026-10-05T06:00:00Z,active,2026-10-04T20:10:15.905847+00:00
KXHIGHTDC,KXHIGHTDC-26OCT05-T76,Washington DC Daily Max Temp,KDCA,2026-10-05,greater,76.0,,The Weather Company,https://weather.com/kalshi,0.01,0.02,0.98,0.99,94.0,256.75,314.25,,2026-10-06T05:00:00Z,active,2026-10-04T20:10:15.905847+00:00
KXHIGHTDC,KXHIGHTDC-26OCT05-T69,Washington DC Daily Max Temp,KDCA,2026-10-05,less,,69.0,The Weather Company,https://weather.com/kalshi,0.01,0.02,0.98,0.99,88.0,77.82,148.18,,2026-10-06T05:00:00Z,active,2026-10-04T20:10:15.905847+00:00
KXHIGHTDC,KXHIGHTDC-26OCT05-B75.5,Washington DC Daily Max Temp,KDCA,2026-10-05,between,75.0,76.0,The Weather Company,https://weather.com/kalshi,0.4,0.41,0.59,0.6,29.5,4.0,422.93,,2026-10-06T05:00:00Z,active,2026-10-04T20:10:15.905847+00:00
KXHIGHTDC,KXHIGHTDC-26OCT05-B73.5,Washington DC Daily Max Temp,KDCA,2026-10-05,between,73.0,74.0,The Weather Company,https://weather.com/kalshi,0.44,0.45,0.55,0.56,12.9,7.9,255.1,,2026-10-06T05:00:00Z,active,2026-10-04T20:10:15.905847+00:00
KXHIGHTDC,KXHIGHTDC-26OCT05-B71.5,Washington DC Daily Max Temp,KDCA,2026-10-05,between,71.0,72.0,The Weather Company,https://weather.com/kalshi,0.11,0.12,0.88,0.89,17.0,68.1,441.0,,2026-10-06T05:00:00Z,active,2026-10-04T20:10:15.905847+00:00
KXHIGHTDC,KXHIGHTDC-26OCT05-B69.5,Washington DC Daily Max Temp,KDCA,2026-10-05,between,69.0,70.0,The Weather Company,https://weather.com/kalshi,0.02,0.03,0.97,0.98,50.0,467.9,76.3,,2026-10-06T05:00:00Z,active,2026-10-04T20:10:15.905847+00:00
KXHIGHTDC,KXHIGHTDC-26OCT04-T72,Washington DC Daily Max Temp,KDCA,2026-10-04,greater,72.0,,The Weather Company,https://weather.com/kalshi,0.0,0.01,0.99,1.0,744.9,0.0,250.69,,2026-10-05T05:00:00Z,active,2026-10-04T20:10:15.905847+00:00
KXHIGHTDC,KXHIGHTDC-26OCT04-T65,Washington DC Daily Max Temp,KDCA,2026-10-04,less,,65.0,The Weather Company,https://weather.com/kalshi,0.14,0.16,0.84,0.86,9.0,89.21,2596.22,,2026-10-05T05:00:00Z,active,2026-10-04T20:10:15.905847+00:00
KXHIGHTDC,KXHIGHTDC-26OCT04-B71.5,Washington DC Daily Max Temp,KDCA,2026-10-04,between,71.0,72.0,The Weather Company,https://weather.com/kalshi,0.0,0.01,0.99,1.0,140.88,0.0,311.0,,2026-10-05T05:00:00Z,active,2026-10-04T20:10:15.905847+00:00
KXHIGHTDC,KXHIGHTDC-26OCT04-B69.5,Washington DC Daily Max Temp,KDCA,2026-10-04,between,69.0,70.0,The Weather Company,https://weather.com/kalshi,0.0,0.01,0.99,1.0,497.99,0.0,743.15,,2026-10-05T05:00:00Z,active,2026-10-04T20:10:15.905847+00:00
KXHIGHTDC,KXHIGHTDC-26OCT04-B67.5,Washington DC Daily Max Temp,KDCA,2026-10-04,between,67.0,68.0,The Weather Company,https://weather.com/kalshi,0.01,0.02,0.98,0.99,53.0,233.34,1717.77,,2026-10-05T05:00:00Z,active,2026-10-04T20:10:15.905847+00:00
KXHIGHTDC,KXHIGHTDC-26OCT04-B65.5,Washington DC Daily Max Temp,KDCA,2026-10-04,between,65.0,66.0,The Weather Company,https://weather.com/kalshi,0.78,0.87,0.13,0.22,161.58,21.0,2293.29,,2026-10-05T05:00:00Z,active,2026-10-04T20:10:15.905847+00:00
KXLOWTDC,KXLOWTDC-26OCT05-T58,Lowest Temperature DC ,KDCA,2026-10-05,greater,58.0,,The Weather Company,https://weather.com/kalshi,0.15,0.16,0.84,0.85,23.0,10.0,57.0,,2026-10-06T05:00:00Z,active,2026-10-04T20:10:15.905847+00:00
KXLOWTDC,KXLOWTDC-26OCT05-T51,Lowest Temperature DC ,KDCA,2026-10-05,less,,51.0,The Weather Company,https://weather.com/kalshi,0.0,0.01,0.99,1.0,40.0,0.0,14.0,,2026-10-06T05:00:00Z,active,2026-10-04T20:10:15.905847+00:00
KXLOWTDC,KXLOWTDC-26OCT05-B57.5,Lowest Temperature DC ,KDCA,2026-10-05,between,57.0,58.0,The Weather Company,https://weather.com/kalshi,0.33,0.46,0.54,0.67,43.0,3.0,0.0,,2026-10-06T05:00:00Z,active,2026-10-04T20:10:15.905847+00:00
KXLOWTDC,KXLOWTDC-26OCT05-B55.5,Lowest Temperature DC ,KDCA,2026-10-05,between,55.0,56.0,The Weather Company,https://weather.com/kalshi,0.27,0.38,0.62,0.73,10.0,3.0,37.93,,2026-10-06T05:00:00Z,active,2026-10-04T20:10:15.905847+00:00
KXLOWTDC,KXLOWTDC-26OCT05-B53.5,Lowest Temperature DC ,KDCA,2026-10-05,between,53.0,54.0,The Weather Company,https://weather.com/kalshi,0.03,0.11,0.89,0.97,8.0,22.0,39.0,,2026-10-06T05:00:00Z,active,2026-10-04T20:10:15.905847+00:00
KXLOWTDC,KXLOWTDC-26OCT05-B51.5,Lowest Temperature DC ,KDCA,2026-10-05,between,51.0,52.0,The Weather Company,https://weather.com/kalshi,0.0,0.03,0.97,1.0,13.0,0.0,212.11,,2026-10-06T05:00:00Z,active,2026-10-04T20:10:15.905847+00:00
KXLOWTDC,KXLOWTDC-26OCT04-T63,Lowest Temperature DC ,KDCA,2026-10-04,greater,63.0,,The Weather Company,https://weather.com/kalshi,0.0,0.01,0.99,1.0,14633.15,0.0,67.0,,2026-10-05T05:00:00Z,active,2026-10-04T20:10:15.905847+00:00
KXLOWTDC,KXLOWTDC-26OCT04-T56,Lowest Temperature DC ,KDCA,2026-10-04,less,,56.0,The Weather Company,https://weather.com/kalshi,0.0,0.02,0.98,1.0,14.0,0.0,92.0,,2026-10-05T05:00:00Z,active,2026-10-04T20:10:15.905847+00:00
KXLOWTDC,KXLOWTDC-26OCT04-B62.5,Lowest Temperature DC ,KDCA,2026-10-04,between,62.0,63.0,The Weather Company,https://weather.com/kalshi,0.0,0.01,0.99,1.0,15044.35,0.0,408.6,,2026-10-05T05:00:00Z,active,2026-10-04T20:10:15.905847+00:00
KXLOWTDC,KXLOWTDC-26OCT04-B60.5,Lowest Temperature DC ,KDCA,2026-10-04,between,60.0,61.0,The Weather Company,https://weather.com/kalshi,0.97,0.98,0.02,0.03,43.0,4.0,482.46,,2026-10-05T05:00:00Z,active,2026-10-04T20:10:15.905847+00:00
KXLOWTDC,KXLOWTDC-26OCT04-B58.5,Lowest Temperature DC ,KDCA,2026-10-04,between,58.0,59.0,The Weather Company,https://weather.com/kalshi,0.0,0.03,0.97,1.0,14.0,0.0,157.12,,2026-10-05T05:00:00Z,active,2026-10-04T20:10:15.905847+00:00
KXLOWTDC,KXLOWTDC-26OCT04-B56.5,Lowest Temperature DC ,KDCA,2026-10-04,between,56.0,57.0,The Weather Company,https://weather.com/kalshi,0.01,0.03,0.97,0.99,64.0,2.0,101.0,,2026-10-05T05:00:00Z,active,2026-10-04T20:10:15.905847+00:00
KXLOWTNYC,KXLOWTNYC-26OCT05-T58,Lowest temperature in NYC,KNYC,2026-10-05,greater,58.0,,The Weather Company,https://weather.com/kalshi,0.01,0.02,0.98,0.99,23.0,171.82,129.18,,2026-10-06T05:00:00Z,active,2026-10-04T20:10:15.905847+00:00
KXLOWTNYC,KXLOWTNYC-26OCT05-T51,Lowest temperature in NYC,KNYC,2026-10-05,less,,51.0,The Weather Company,https://weather.com/kalshi,0.01,0.03,0.97,0.99,25.0,40.0,448.59,,2026-10-06T05:00:00Z,active,2026-10-04T20:10:15.905847+00:00
KXLOWTNYC,KXLOWTNYC-26OCT05-B57.5,Lowest temperature in NYC,KNYC,2026-10-05,between,57.0,58.0,The Weather Company,https://weather.com/kalshi,0.03,0.04,0.96,0.97,47.0,38.0,90.0,,2026-10-06T05:00:00Z,active,2026-10-04T20:10:15.905847+00:00
KXLOWTNYC,KXLOWTNYC-26OCT05-B55.5,Lowest temperature in NYC,KNYC,2026-10-05,between,55.0,56.0,The Weather Company,https://weather.com/kalshi,0.37,0.46,0.54,0.63,49.0,3.0,58.0,,2026-10-06T05:00:00Z,active,2026-10-04T20:10:15.905847+00:00
KXLOWTNYC,KXLOWTNYC-26OCT05-B53.5,Lowest temperature in NYC,KNYC,2026-10-05,between,53.0,54.0,The Weather Company,https://weather.com/kalshi,0.44,0.45,0.55,0.56,3.0,3.0,164.72,,2026-10-06T05:00:00Z,active,2026-10-04T20:10:15.905847+00:00
KXLOWTNYC,KXLOWTNYC-26OCT05-B51.5,Lowest temperature in NYC,KNYC,2026-10-05,between,51.0,52.0,The Weather Company,https://weather.com/kalshi,0.1,0.14,0.86,0.9,7.08,3.0,228.0,,2026-10-06T05:00:00Z,active,2026-10-04T20:10:15.905847+00:00
KXLOWTNYC,KXLOWTNYC-26OCT04-T59,Lowest temperature in NYC,KNYC,2026-10-04,greater,59.0,,The Weather Company,https://weather.com/kalshi,0.0,0.01,0.99,1.0,8594.25,0.0,2886.16,,2026-10-05T05:00:00Z,active,2026-10-04T20:10:15.905847+00:00
KXLOWTNYC,KXLOWTNYC-26OCT04-T52,Lowest temperature in NYC,KNYC,2026-10-04,less,,52.0,The Weather Company,https://weather.com/kalshi,0.0,0.01,0.99,1.0,6.0,0.0,840.16,,2026-10-05T05:00:00Z,active,2026-10-04T20:10:15.905847+00:00
KXLOWTNYC,KXLOWTNYC-26OCT04-B58.5,Lowest temperature in NYC,KNYC,2026-10-04,between,58.0,59.0,The Weather Company,https://weather.com/kalshi,0.0,0.01,0.99,1.0,7303.45,0.0,3577.91,,2026-10-05T05:00:00Z,active,2026-10-04T20:10:15.905847+00:00
KXLOWTNYC,KXLOWTNYC-26OCT04-B56.5,Lowest temperature in NYC,KNYC,2026-10-04,between,56.0,57.0,The Weather Company,https://weather.com/kalshi,0.75,0.85,0.15,0.25,16.0,22.98,840.55,,2026-10-05T05:00:00Z,active,2026-10-04T20:10:15.905847+00:00
KXLOWTNYC,KXLOWTNYC-26OCT04-B54.5,Lowest temperature in NYC,KNYC,2026-10-04,between,54.0,55.0,The Weather Company,https://weather.com/kalshi,0.15,0.22,0.78,0.85,16.0,15.0,866.0,,2026-10-05T05:00:00Z,active,2026-10-04T20:10:15.905847+00:00
KXLOWTNYC,KXLOWTNYC-26OCT04-B52.5,Lowest temperature in NYC,KNYC,2026-10-04,between,52.0,53.0,The Weather Company,https://weather.com/kalshi,0.0,0.01,0.99,1.0,6.0,0.0,471.03,,2026-10-05T05:00:00Z,active,2026-10-04T20:10:15.905847+00:00
KXLOWTLAX,KXLOWTLAX-26OCT05-T77,Lowest Temperature in LA,KLAX,2026-10-05,greater,77.0,,The Weather Company,https://weather.com/kalshi,0.01,0.05,0.95,0.99,3.0,87.0,89.0,,2026-10-06T08:00:00Z,active,2026-10-04T20:10:15.905847+00:00
KXLOWTLAX,KXLOWTLAX-26OCT05-T70,Lowest Temperature in LA,KLAX,2026-10-05,less,,70.0,The Weather Company,https://weather.com/kalshi,0.01,0.02,0.98,0.99,43.0,44.0,153.0,,2026-10-06T08:00:00Z,active,2026-10-04T20:10:15.905847+00:00
KXLOWTLAX,KXLOWTLAX-26OCT05-B76.5,Lowest Temperature in LA,KLAX,2026-10-05,between,76.0,77.0,The Weather Company,https://weather.com/kalshi,0.09,0.21,0.79,0.91,35.0,3.0,100.0,,2026-10-06T08:00:00Z,active,2026-10-04T20:10:15.905847+00:00
KXLOWTLAX,KXLOWTLAX-26OCT05-B74.5,Lowest Temperature in LA,KLAX,2026-10-05,between,74.0,75.0,The Weather Company,https://weather.com/kalshi,0.4,0.47,0.53,0.6,50.0,15.0,108.0,,2026-10-06T08:00:00Z,active,2026-10-04T20:10:15.905847+00:00
KXLOWTLAX,KXLOWTLAX-26OCT05-B72.5,Lowest Temperature in LA,KLAX,2026-10-05,between,72.0,73.0,The Weather Company,https://weather.com/kalshi,0.31,0.42,0.58,0.69,8.0,4.0,102.6,,2026-10-06T08:00:00Z,active,2026-10-04T20:10:15.905847+00:00
KXLOWTLAX,KXLOWTLAX-26OCT05-B70.5,Lowest Temperature in LA,KLAX,2026-10-05,between,70.0,71.0,The Weather Company,https://weather.com/kalshi,0.03,0.05,0.95,0.97,4.0,83.0,1.0,,2026-10-06T08:00:00Z,active,2026-10-04T20:10:15.905847+00:00
KXLOWTLAX,KXLOWTLAX-26OCT04-T80,Lowest Temperature in LA,KLAX,2026-10-04,greater,80.0,,The Weather Company,https://weather.com/kalshi,0.0,0.01,0.99,1.0,27744.83,0.0,4570.2,,2026-10-05T08:00:00Z,active,2026-10-04T20:10:15.905847+00:00
KXLOWTLAX,KXLOWTLAX-26OCT04-T73,Lowest Temperature in LA,KLAX,2026-10-04,less,,73.0,The Weather Company,https://weather.com/kalshi,0.0,0.01,0.99,1.0,50.0,0.0,1060.66,,2026-10-05T08:00:00Z,active,2026-10-04T20:10:15.905847+00:00
KXLOWTLAX,KXLOWTLAX-26OCT04-B79.5,Lowest Temperature in LA,KLAX,2026-10-04,between,79.0,80.0,The Weather Company,https://weather.com/kalshi,0.0,0.01,0.99,1.0,17637.45,0.0,1149.11,,2026-10-05T08:00:00Z,active,2026-10-04T20:10:15.905847+00:00
KXLOWTLAX,KXLOWTLAX-26OCT04-B77.5,Lowest Temperature in LA,KLAX,2026-10-04,between,77.0,78.0,The Weather Company,https://weather.com/kalshi,0.0,0.01,0.99,1.0,20381.87,0.0,1390.61,,2026-10-05T08:00:00Z,active,2026-10-04T20:10:15.905847+00:00
KXLOWTLAX,KXLOWTLAX-26OCT04-B75.5,Lowest Temperature in LA,KLAX,2026-10-04,between,75.0,76.0,The Weather Company,https://weather.com/kalshi,0.94,0.97,0.03,0.06,38.0,75.1,1310.12,,2026-10-05T08:00:00Z,active,2026-10-04T20:10:15.905847+00:00
KXLOWTLAX,KXLOWTLAX-26OCT04-B73.5,Lowest Temperature in LA,KLAX,2026-10-04,between,73.0,74.0,The Weather Company,https://weather.com/kalshi,0.02,0.05,0.95,0.98,1.0,38.0,921.66,,2026-10-05T08:00:00Z,active,2026-10-04T20:10:15.905847+00:00
KXLOWTDEN,KXLOWTDEN-26OCT05-T57,Lowest temperature in Denver,KDEN,2026-10-05,greater,57.0,,The Weather Company,https://weather.com/kalshi,0.02,0.06,0.94,0.98,14.0,16.0,33.31,,2026-10-06T07:00:00Z,active,2026-10-04T20:10:15.905847+00:00
KXLOWTDEN,KXLOWTDEN-26OCT05-T50,Lowest temperature in Denver,KDEN,2026-10-05,less,,50.0,The Weather Company,https://weather.com/kalshi,0.09,0.12,0.88,0.91,2.0,30.0,106.14,,2026-10-06T07:00:00Z,active,2026-10-04T20:10:15.905847+00:00
KXLOWTDEN,KXLOWTDEN-26OCT05-B56.5,Lowest temperature in Denver,KDEN,2026-10-05,between,56.0,57.0,The Weather Company,https://weather.com/kalshi,0.08,0.19,0.81,0.92,7.0,57.0,51.14,,2026-10-06T07:00:00Z,active,2026-10-04T20:10:15.905847+00:00
KXLOWTDEN,KXLOWTDEN-26OCT05-B54.5,Lowest temperature in Denver,KDEN,2026-10-05,between,54.0,55.0,The Weather Company,https://weather.com/kalshi,0.21,0.32,0.68,0.79,10.0,41.0,0.0,,2026-10-06T07:00:00Z,active,2026-10-04T20:10:15.905847+00:00
KXLOWTDEN,KXLOWTDEN-26OCT05-B52.5,Lowest temperature in Denver,KDEN,2026-10-05,between,52.0,53.0,The Weather Company,https://weather.com/kalshi,0.24,0.4,0.6,0.76,16.0,10.0,9.36,,2026-10-06T07:00:00Z,active,2026-10-04T20:10:15.905847+00:00
KXLOWTDEN,KXLOWTDEN-26OCT05-B50.5,Lowest temperature in Denver,KDEN,2026-10-05,between,50.0,51.0,The Weather Company,https://weather.com/kalshi,0.07,0.24,0.76,0.93,37.0,10.0,0.0,,2026-10-06T07:00:00Z,active,2026-10-04T20:10:15.905847+00:00
KXLOWTDEN,KXLOWTDEN-26OCT04-T55,Lowest temperature in Denver,KDEN,2026-10-04,greater,55.0,,The Weather Company,https://weather.com/kalshi,0.0,0.01,0.99,1.0,9762.15,0.0,618.47,,2026-10-05T07:00:00Z,active,2026-10-04T20:10:15.905847+00:00
KXLOWTDEN,KXLOWTDEN-26OCT04-T48,Lowest temperature in Denver,KDEN,2026-10-04,less,,48.0,The Weather Company,https://weather.com/kalshi,0.99,1.0,0.0,0.01,0.0,5634.69,1462.59,,2026-10-05T07:00:00Z,active,2026-10-04T20:10:15.905847+00:00
KXLOWTDEN,KXLOWTDEN-26OCT04-B54.5,Lowest temperature in Denver,KDEN,2026-10-04,between,54.0,55.0,The Weather Company,https://weather.com/kalshi,0.0,0.01,0.99,1.0,8697.15,0.0,942.43,,2026-10-05T07:00:00Z,active,2026-10-04T20:10:15.905847+00:00
KXLOWTDEN,KXLOWTDEN-26OCT04-B52.5,Lowest temperature in Denver,KDEN,2026-10-04,between,52.0,53.0,The Weather Company,https://weather.com/kalshi,0.0,0.01,0.99,1.0,11146.15,0.0,651.07,,2026-10-05T07:00:00Z,active,2026-10-04T20:10:15.905847+00:00
KXLOWTDEN,KXLOWTDEN-26OCT04-B50.5,Lowest temperature in Denver,KDEN,2026-10-04,between,50.0,51.0,The Weather Company,https://weather.com/kalshi,0.0,0.01,0.99,1.0,10414.15,0.0,609.0,,2026-10-05T07:00:00Z,active,2026-10-04T20:10:15.905847+00:00
KXLOWTDEN,KXLOWTDEN-26OCT04-B48.5,Lowest temperature in Denver,KDEN,2026-10-04,between,48.0,49.0,The Weather Company,https://weather.com/kalshi,0.0,0.01,0.99,1.0,10073.01,0.0,1327.0,,2026-10-05T07:00:00Z,active,2026-10-04T20:10:15.905847+00:00
KXLOWTPHX,KXLOWTPHX-26OCT05-T81,Low Temperature Phoenix,KPHX,2026-10-05,greater,81.0,,The Weather Company,https://weather.com/kalshi,0.23,0.34,0.66,0.77,3.0,6.0,185.0,,2026-10-06T07:00:00Z,active,2026-10-04T20:10:15.905847+00:00
KXLOWTPHX,KXLOWTPHX-26OCT05-T74,Low Temperature Phoenix,KPHX,2026-10-05,less,,74.0,The Weather Company,https://weather.com/kalshi,0.0,0.01,0.99,1.0,6.0,0.0,21.0,,2026-10-06T07:00:00Z,active,2026-10-04T20:10:15.905847+00:00
KXLOWTPHX,KXLOWTPHX-26OCT05-B80.5,Low Temperature Phoenix,KPHX,2026-10-05,between,80.0,81.0,The Weather Company,https://weather.com/kalshi,0.38,0.39,0.61,0.62,14.0,3.0,33.0,,2026-10-06T07:00:00Z,active,2026-10-04T20:10:15.905847+00:00
KXLOWTPHX,KXLOWTPHX-26OCT05-B78.5,Low Temperature Phoenix,KPHX,2026-10-05,between,78.0,79.0,The Weather Company,https://weather.com/kalshi,0.18,0.23,0.77,0.82,6.0,21.0,164.07,,2026-10-06T07:00:00Z,active,2026-10-04T20:10:15.905847+00:00
KXLOWTPHX,KXLOWTPHX-26OCT05-B76.5,Low Temperature Phoenix,KPHX,2026-10-05,between,76.0,77.0,The Weather Company,https://weather.com/kalshi,0.04,0.12,0.88,0.96,6.0,10.0,8.0,,2026-10-06T07:00:00Z,active,2026-10-04T20:10:15.905847+00:00
KXLOWTPHX,KXLOWTPHX-26OCT05-B74.5,Low Temperature Phoenix,KPHX,2026-10-05,between,74.0,75.0,The Weather Company,https://weather.com/kalshi,0.02,0.08,0.92,0.98,10.0,40.0,39.28,,2026-10-06T07:00:00Z,active,2026-10-04T20:10:15.905847+00:00
KXLOWTPHX,KXLOWTPHX-26OCT04-T79,Low Temperature Phoenix,KPHX,2026-10-04,greater,79.0,,The Weather Company,https://weather.com/kalshi,0.99,1.0,0.0,0.01,0.0,400.0,1653.51,,2026-10-05T07:00:00Z,active,2026-10-04T20:10:15.905847+00:00
KXLOWTPHX,KXLOWTPHX-26OCT04-T72,Low Temperature Phoenix,KPHX,2026-10-04,less,,72.0,The Weather Company,https://weather.com/kalshi,0.0,0.01,0.99,1.0,445.0,0.0,303.0,,2026-10-05T07:00:00Z,active,2026-10-04T20:10:15.905847+00:00
KXLOWTPHX,KXLOWTPHX-26OCT04-B78.5,Low Temperature Phoenix,KPHX,2026-10-04,between,78.0,79.0,The Weather Company,https://weather.com/kalshi,0.0,0.01,0.99,1.0,456.0,0.0,760.07,,2026-10-05T07:00:00Z,active,2026-10-04T20:10:15.905847+00:00
KXLOWTPHX,KXLOWTPHX-26OCT04-B76.5,Low Temperature Phoenix,KPHX,2026-10-04,between,76.0,77.0,The Weather Company,https://weather.com/kalshi,0.0,0.01,0.99,1.0,416.0,0.0,652.34,,2026-10-05T07:00:00Z,active,2026-10-04T20:10:15.905847+00:00
KXLOWTPHX,KXLOWTPHX-26OCT04-B74.5,Low Temperature Phoenix,KPHX,2026-10-04,between,74.0,75.0,The Weather Company,https://weather.com/kalshi,0.0,0.01,0.99,1.0,97.13,0.0,592.15,,2026-10-05T07:00:00Z,active,2026-10-04T20:10:15.905847+00:00
KXLOWTPHX,KXLOWTPHX-26OCT04-B72.5,Low Temperature Phoenix,KPHX,2026-10-04,between,72.0,73.0,The Weather Company,https://weather.com/kalshi,0.0,0.01,0.99,1.0,365.0,0.0,403.0,,2026-10-05T07:00:00Z,active,2026-10-04T20:10:15.905847+00:00
KXLOWTSAN,KXLOWTSAN-26OCT05-T76,Low Temperature San Diego,KSAN,2026-10-05,greater,76.0,,The Weather Company,https://weather.com/kalshi,0.01,0.16,0.84,0.99,3.0,31.0,21.0,,2026-10-06T08:00:00Z,active,2026-10-04T20:10:15.905847+00:00
KXLOWTSAN,KXLOWTSAN-26OCT05-T69,Low Temperature San Diego,KSAN,2026-10-05,less,,69.0,The Weather Company,https://weather.com/kalshi,0.0,0.02,0.98,1.0,21.0,0.0,0.0,,2026-10-06T08:00:00Z,active,2026-10-04T20:10:15.905847+00:00
KXLOWTSAN,KXLOWTSAN-26OCT05-B75.5,Low Temperature San Diego,KSAN,2026-10-05,between,75.0,76.0,The Weather Company,https://weather.com/kalshi,0.41,0.61,0.39,0.59,10.0,3.0,21.83,,2026-10-06T08:00:00Z,active,2026-10-04T20:10:15.905847+00:00
KXLOWTSAN,KXLOWTSAN-26OCT05-B73.5,Low Temperature San Diego,KSAN,2026-10-05,between,73.0,74.0,The Weather Company,https://weather.com/kalshi,0.32,0.52,0.48,0.68,3.0,10.0,22.0,,2026-10-06T08:00:00Z,active,2026-10-04T20:10:15.905847+00:00
KXLOWTSAN,KXLOWTSAN-26OCT05-B71.5,Low Temperature San Diego,KSAN,2026-10-05,between,71.0,72.0,The Weather Company,https://weather.com/kalshi,0.02,0.13,0.87,0.98,10.0,28.62,14.38,,2026-10-06T08:00:00Z,active,2026-10-04T20:10:15.905847+00:00
KXLOWTSAN,KXLOWTSAN-26OCT05-B69.5,Low Temperature San Diego,KSAN,2026-10-05,between,69.0,70.0,The Weather Company,https://weather.com/kalshi,0.0,0.1,0.9,1.0,10.0,0.0,0.0,,2026-10-06T08:00:00Z,active,2026-10-04T20:10:15.905847+00:00
KXLOWTSAN,KXLOWTSAN-26OCT04-T79,Low Temperature San Diego,KSAN,2026-10-04,greater,79.0,,The Weather Company,https://weather.com/kalshi,0.0,0.01,0.99,1.0,2480.15,0.0,85.0,,2026-10-05T08:00:00Z,active,2026-10-04T20:10:15.905847+00:00
KXLOWTSAN,KXLOWTSAN-26OCT04-T72,Low Temperature San Diego,KSAN,2026-10-04,less,,72.0,The Weather Company,https://weather.com/kalshi,0.0,0.01,0.99,1.0,400.0,0.0,232.02,,2026-10-05T08:00:00Z,active,2026-10-04T20:10:15.905847+00:00
KXLOWTSAN,KXLOWTSAN-26OCT04-B78.5,Low Temperature San Diego,KSAN,2026-10-04,between,78.0,79.0,The Weather Company,https://weather.com/kalshi,0.0,0.01,0.99,1.0,3467.15,0.0,114.04,,2026-10-05T08:00:00Z,active,2026-10-04T20:10:15.905847+00:00
KXLOWTSAN,KXLOWTSAN-26OCT04-B76.5,Low Temperature San Diego,KSAN,2026-10-04,between,76.0,77.0,The Weather Company,https://weather.com/kalshi,0.0,0.01,0.99,1.0,3427.12,0.0,330.03,,2026-10-05T08:00:00Z,active,2026-10-04T20:10:15.905847+00:00
KXLOWTSAN,KXLOWTSAN-26OCT04-B74.5,Low Temperature San Diego,KSAN,2026-10-04,between,74.0,75.0,The Weather Company,https://weather.com/kalshi,0.99,1.0,0.0,0.01,0.0,410.0,433.0,,2026-10-05T08:00:00Z,active,2026-10-04T20:10:15.905847+00:00
KXLOWTSAN,KXLOWTSAN-26OCT04-B72.5,Low Temperature San Diego,KSAN,2026-10-04,between,72.0,73.0,The Weather Company,https://weather.com/kalshi,0.0,0.01,0.99,1.0,400.0,0.0,256.09,,2026-10-05T08:00:00Z,active,2026-10-04T20:10:15.905847+00:00
KXHIGHCHI,KXHIGHCHI-26OCT05-T71,Highest temperature in Chicago,KMDW,2026-10-05,greater,71.0,,The Weather Company,https://weather.com/kalshi,0.01,0.02,0.98,0.99,70.2,300.73,378.27,,2026-10-06T06:00:00Z,active,2026-10-04T20:10:15.905847+00:00
KXHIGHCHI,KXHIGHCHI-26OCT05-T64,Highest temperature in Chicago,KMDW,2026-10-05,less,,64.0,The Weather Company,https://weather.com/kalshi,0.01,0.02,0.98,0.99,32.2,184.95,397.05,,2026-10-06T06:00:00Z,active,2026-10-04T20:10:15.905847+00:00
KXHIGHCHI,KXHIGHCHI-26OCT05-B70.5,Highest temperature in Chicago,KMDW,2026-10-05,between,70.0,71.0,The Weather Company,https://weather.com/kalshi,0.15,0.16,0.84,0.85,14.4,10.0,539.28,,2026-10-06T06:00:00Z,active,2026-10-04T20:10:15.905847+00:00
KXHIGHCHI,KXHIGHCHI-26OCT05-B68.5,Highest temperature in Chicago,KMDW,2026-10-05,between,68.0,69.0,The Weather Company,https://weather.com/kalshi,0.51,0.52,0.48,0.49,64.05,35.5,888.26,,2026-10-06T06:00:00Z,active,2026-10-04T20:10:15.905847+00:00
KXHIGHCHI,KXHIGHCHI-26OCT05-B66.5,Highest temperature in Chicago,KMDW,2026-10-05,between,66.0,67.0,The Weather Company,https://weather.com/kalshi,0.23,0.24,0.76,0.77,7.69,3.03,818.18,,2026-10-06T06:00:00Z,active,2026-10-04T20:10:15.905847+00:00
KXHIGHCHI,KXHIGHCHI-26OCT05-B64.5,Highest temperature in Chicago,KMDW,2026-10-05,between,64.0,65.0,The Weather Company,https://weather.com/kalshi,0.08,0.09,0.91,0.92,92.0,586.89,996.23,,2026-10-06T06:00:00Z,active,2026-10-04T20:10:15.905847+00:00
KXHIGHCHI,KXHIGHCHI-26OCT04-T77,Highest temperature in Chicago,KMDW,2026-10-04,greater,77.0,,The Weather Company,https://weather.com/kalshi,0.0,0.01,0.99,1.0,5704.75,0.0,1193.71,,2026-10-05T06:00:00Z,active,2026-10-04T20:10:15.905847+00:00
KXHIGHCHI,KXHIGHCHI-26OCT04-T70,Highest temperature in Chicago,KMDW,2026-10-04,less,,70.0,The Weather Company,https://weather.com/kalshi,0.0,0.01,0.99,1.0,171184.05,0.0,8307.48,,2026-10-05T06:00:00Z,active,2026-10-04T20:10:15.905847+00:00
KXHIGHCHI,KXHIGHCHI-26OCT04-B76.5,Highest temperature in Chicago,KMDW,2026-10-04,between,76.0,77.0,The Weather Company,https://weather.com/kalshi,0.01,0.02,0.98,0.99,4.0,17.0,4656.12,,2026-10-05T06:00:00Z,active,2026-10-04T20:10:15.905847+00:00
KXHIGHCHI,KXHIGHCHI-26OCT04-B74.5,Highest temperature in Chicago,KMDW,2026-10-04,between,74.0,75.0,The Weather Company,https://weather.com/kalshi,0.73,0.8,0.2,0.27,17.0,49.0,14737.82,,2026-10-05T06:00:00Z,active,2026-10-04T20:10:15.905847+00:00
KXHIGHCHI,KXHIGHCHI-26OCT04-B72.5,Highest temperature in Chicago,KMDW,2026-10-04,between,72.0,73.0,The Weather Company,https://weather.com/kalshi,0.18,0.21,0.79,0.82,111.28,59.0,16182.29,,2026-10-05T06:00:00Z,active,2026-10-04T20:10:15.905847+00:00
KXHIGHCHI,KXHIGHCHI-26OCT04-B70.5,Highest temperature in Chicago,KMDW,2026-10-04,between,70.0,71.0,The Weather Company,https://weather.com/kalshi,0.0,0.01,0.99,1.0,162760.84,0.0,14121.75,,2026-10-05T06:00:00Z,active,2026-10-04T20:10:15.905847+00:00
KXLOWTBOS,KXLOWTBOS-26OCT05-T56,Low Temperature Boston,KBOS,2026-10-05,greater,56.0,,The Weather Company,https://weather.com/kalshi,0.01,0.02,0.98,0.99,20.0,5.82,99.18,,2026-10-06T05:00:00Z,active,2026-10-04T20:10:15.905847+00:00
KXLOWTBOS,KXLOWTBOS-26OCT05-T49,Low Temperature Boston,KBOS,2026-10-05,less,,49.0,The Weather Company,https://weather.com/kalshi,0.02,0.05,0.95,0.98,11.0,38.72,15.28,,2026-10-06T05:00:00Z,active,2026-10-04T20:10:15.905847+00:00
KXLOWTBOS,KXLOWTBOS-26OCT05-B55.5,Low Temperature Boston,KBOS,2026-10-05,between,55.0,56.0,The Weather Company,https://weather.com/kalshi,0.02,0.04,0.96,0.98,10.0,41.0,28.0,,2026-10-06T05:00:00Z,active,2026-10-04T20:10:15.905847+00:00
KXLOWTBOS,KXLOWTBOS-26OCT05-B53.5,Low Temperature Boston,KBOS,2026-10-05,between,53.0,54.0,The Weather Company,https://weather.com/kalshi,0.13,0.18,0.82,0.87,6.0,66.0,42.0,,2026-10-06T05:00:00Z,active,2026-10-04T20:10:15.905847+00:00
KXLOWTBOS,KXLOWTBOS-26OCT05-B51.5,Low Temperature Boston,KBOS,2026-10-05,between,51.0,52.0,The Weather Company,https://weather.com/kalshi,0.5,0.58,0.42,0.5,4.0,22.0,85.7,,2026-10-06T05:00:00Z,active,2026-10-04T20:10:15.905847+00:00
KXLOWTBOS,KXLOWTBOS-26OCT05-B49.5,Low Temperature Boston,KBOS,2026-10-05,between,49.0,50.0,The Weather Company,https://weather.com/kalshi,0.19,0.25,0.75,0.81,11.0,56.0,126.4,,2026-10-06T05:00:00Z,active,2026-10-04T20:10:15.905847+00:00
KXLOWTBOS,KXLOWTBOS-26OCT04-T53,Low Temperature Boston,KBOS,2026-10-04,greater,53.0,,The Weather Company,https://weather.com/kalshi,0.0,0.01,0.99,1.0,14669.98,0.0,658.17,,2026-10-05T05:00:00Z,active,2026-10-04T20:10:15.905847+00:00
KXLOWTBOS,KXLOWTBOS-26OCT04-T46,Low Temperature Boston,KBOS,2026-10-04,less,,46.0,The Weather Company,https://weather.com/kalshi,0.0,0.01,0.99,1.0,200.0,0.0,143.17,,2026-10-05T05:00:00Z,active,2026-10-04T20:10:15.905847+00:00
KXLOWTBOS,KXLOWTBOS-26OCT04-B52.5,Low Temperature Boston,KBOS,2026-10-04,between,52.0,53.0,The Weather Company,https://weather.com/kalshi,0.0,0.01,0.99,1.0,14491.98,0.0,750.34,,2026-10-05T05:00:00Z,active,2026-10-04T20:10:15.905847+00:00
KXLOWTBOS,KXLOWTBOS-26OCT04-B50.5,Low Temperature Boston,KBOS,2026-10-04,between,50.0,51.0,The Weather Company,https://weather.com/kalshi,0.82,0.99,0.01,0.18,2.0,4.0,946.73,,2026-10-05T05:00:00Z,active,2026-10-04T20:10:15.905847+00:00
KXLOWTBOS,KXLOWTBOS-26OCT04-B48.5,Low Temperature Boston,KBOS,2026-10-04,between,48.0,49.0,The Weather Company,https://weather.com/kalshi,0.0,0.01,0.99,1.0,18.0,0.0,372.45,,2026-10-05T05:00:00Z,active,2026-10-04T20:10:15.905847+00:00
KXLOWTBOS,KXLOWTBOS-26OCT04-B46.5,Low Temperature Boston,KBOS,2026-10-04,between,46.0,47.0,The Weather Company,https://weather.com/kalshi,0.0,0.02,0.98,1.0,79.0,0.0,275.17,,2026-10-05T05:00:00Z,active,2026-10-04T20:10:15.905847+00:00
KXHIGHTLV,KXHIGHTLV-26OCT05-T99,Las Vegas Max Daily Temperature,KLAS,2026-10-05,greater,99.0,,The Weather Company,https://weather.com/kalshi,0.0,0.02,0.98,1.0,479.26,0.0,301.79,,2026-10-06T08:00:00Z,active,2026-10-04T20:10:15.905847+00:00
KXHIGHTLV,KXHIGHTLV-26OCT05-T92,Las Vegas Max Daily Temperature,KLAS,2026-10-05,less,,92.0,The Weather Company,https://weather.com/kalshi,0.0,0.01,0.99,1.0,11.0,0.0,666.34,,2026-10-06T08:00:00Z,active,2026-10-04T20:10:15.905847+00:00
KXHIGHTLV,KXHIGHTLV-26OCT05-B98.5,Las Vegas Max Daily Temperature,KLAS,2026-10-05,between,98.0,99.0,The Weather Company,https://weather.com/kalshi,0.03,0.04,0.96,0.97,51.0,156.0,318.45,,2026-10-06T08:00:00Z,active,2026-10-04T20:10:15.905847+00:00
KXHIGHTLV,KXHIGHTLV-26OCT05-B96.5,Las Vegas Max Daily Temperature,KLAS,2026-10-05,between,96.0,97.0,The Weather Company,https://weather.com/kalshi,0.43,0.44,0.56,0.57,22.0,10.9,363.87,,2026-10-06T08:00:00Z,active,2026-10-04T20:10:15.905847+00:00
KXHIGHTLV,KXHIGHTLV-26OCT05-B94.5,Las Vegas Max Daily Temperature,KLAS,2026-10-05,between,94.0,95.0,The Weather Company,https://weather.com/kalshi,0.53,0.54,0.46,0.47,11.0,30.0,189.0,,2026-10-06T08:00:00Z,active,2026-10-04T20:10:15.905847+00:00
KXHIGHTLV,KXHIGHTLV-26OCT05-B92.5,Las Vegas Max Daily Temperature,KLAS,2026-10-05,between,92.0,93.0,The Weather Company,https://weather.com/kalshi,0.03,0.04,0.96,0.97,68.0,50.0,175.0,,2026-10-06T08:00:00Z,active,2026-10-04T20:10:15.905847+00:00
KXHIGHTLV,KXHIGHTLV-26OCT04-T93,Las Vegas Max Daily Temperature,KLAS,2026-10-04,less,,93.0,The Weather Company,https://weather.com/kalshi,0.0,0.01,0.99,1.0,42416.89,0.0,430.0,,2026-10-05T08:00:00Z,active,2026-10-04T20:10:15.905847+00:00
KXHIGHTLV,KXHIGHTLV-26OCT04-T100,Las Vegas Max Daily Temperature,KLAS,2026-10-04,greater,100.0,,The Weather Company,https://weather.com/kalshi,0.0,0.01,0.99,1.0,4515.18,0.0,430.18,,2026-10-05T08:00:00Z,active,2026-10-04T20:10:15.905847+00:00
KXHIGHTLV,KXHIGHTLV-26OCT04-B99.5,Las Vegas Max Daily Temperature,KLAS,2026-10-04,between,99.0,100.0,The Weather Company,https://weather.com/kalshi,0.01,0.02,0.98,0.99,79.0,51.75,1945.39,,2026-10-05T08:00:00Z,active,2026-10-04T20:10:15.905847+00:00
KXHIGHTLV,KXHIGHTLV-26OCT04-B97.5,Las Vegas Max Daily Temperature,KLAS,2026-10-04,between,97.0,98.0,The Weather Company,https://weather.com/kalshi,0.43,0.5,0.5,0.57,4.0,128.0,2806.96,,2026-10-05T08:00:00Z,active,2026-10-04T20:10:15.905847+00:00
KXHIGHTLV,KXHIGHTLV-26OCT04-B95.5,Las Vegas Max Daily Temperature,KLAS,2026-10-04,between,95.0,96.0,The Weather Company,https://weather.com/kalshi,0.5,0.57,0.43,0.5,50.0,53.83,4489.6,,2026-10-05T08:00:00Z,active,2026-10-04T20:10:15.905847+00:00
KXHIGHTLV,KXHIGHTLV-26OCT04-B93.5,Las Vegas Max Daily Temperature,KLAS,2026-10-04,between,93.0,94.0,The Weather Company,https://weather.com/kalshi,0.0,0.01,0.99,1.0,69.0,0.0,1914.16,,2026-10-05T08:00:00Z,active,2026-10-04T20:10:15.905847+00:00
KXLOWTHOU,KXLOWTHOU-26OCT05-T75,Low Temperature Houston,KHOU,2026-10-05,greater,75.0,,The Weather Company,https://weather.com/kalshi,0.01,0.1,0.9,0.99,3.0,30.0,45.0,,2026-10-06T06:00:00Z,active,2026-10-04T20:10:15.905847+00:00
KXLOWTHOU,KXLOWTHOU-26OCT05-T68,Low Temperature Houston,KHOU,2026-10-05,less,,68.0,The Weather Company,https://weather.com/kalshi,0.0,0.01,0.99,1.0,27.0,0.0,0.0,,2026-10-06T06:00:00Z,active,2026-10-04T20:10:15.905847+00:00
KXLOWTHOU,KXLOWTHOU-26OCT05-B74.5,Low Temperature Houston,KHOU,2026-10-05,between,74.0,75.0,The Weather Company,https://weather.com/kalshi,0.32,0.47,0.53,0.68,10.0,3.0,49.0,,2026-10-06T06:00:00Z,active,2026-10-04T20:10:15.905847+00:00
KXLOWTHOU,KXLOWTHOU-26OCT05-B72.5,Low Temperature Houston,KHOU,2026-10-05,between,72.0,73.0,The Weather Company,https://weather.com/kalshi,0.49,0.6,0.4,0.51,67.82,6.0,74.75,,2026-10-06T06:00:00Z,active,2026-10-04T20:10:15.905847+00:00
KXLOWTHOU,KXLOWTHOU-26OCT05-B70.5,Low Temperature Houston,KHOU,2026-10-05,between,70.0,71.0,The Weather Company,https://weather.com/kalshi,0.12,0.18,0.82,0.88,47.0,25.0,4.0,,2026-10-06T06:00:00Z,active,2026-10-04T20:10:15.905847+00:00
KXLOWTHOU,KXLOWTHOU-26OCT05-B68.5,Low Temperature Houston,KHOU,2026-10-05,between,68.0,69.0,The Weather Company,https://weather.com/kalshi,0.0,0.11,0.89,1.0,10.0,0.0,74.0,,2026-10-06T06:00:00Z,active,2026-10-04T20:10:15.905847+00:00
KXLOWTHOU,KXLOWTHOU-26OCT04-T77,Low Temperature Houston,KHOU,2026-10-04,greater,77.0,,The Weather Company,https://weather.com/kalshi,0.0,0.01,0.99,1.0,7495.15,0.0,494.28,,2026-10-05T06:00:00Z,active,2026-10-04T20:10:15.905847+00:00
KXLOWTHOU,KXLOWTHOU-26OCT04-T70,Low Temperature Houston,KHOU,2026-10-04,less,,70.0,The Weather Company,https://weather.com/kalshi,0.0,0.02,0.98,1.0,63.0,0.0,53.0,,2026-10-05T06:00:00Z,active,2026-10-04T20:10:15.905847+00:00
KXLOWTHOU,KXLOWTHOU-26OCT04-B76.5,Low Temperature Houston,KHOU,2026-10-04,between,76.0,77.0,The Weather Company,https://weather.com/kalshi,0.32,0.71,0.29,0.68,1.0,1.0,418.46,,2026-10-05T06:00:00Z,active,2026-10-04T20:10:15.905847+00:00
KXLOWTHOU,KXLOWTHOU-26OCT04-B74.5,Low Temperature Houston,KHOU,2026-10-04,between,74.0,75.0,The Weather Company,https://weather.com/kalshi,0.29,0.4,0.6,0.71,50.0,3.0,253.19,,2026-10-05T06:00:00Z,active,2026-10-04T20:10:15.905847+00:00
KXLOWTHOU,KXLOWTHOU-26OCT04-B72.5,Low Temperature Houston,KHOU,2026-10-04,between,72.0,73.0,The Weather Company,https://weather.com/kalshi,0.01,0.03,0.97,0.99,38.0,92.0,225.0,,2026-10-05T06:00:00Z,active,2026-10-04T20:10:15.905847+00:00
KXLOWTHOU,KXLOWTHOU-26OCT04-B70.5,Low Temperature Houston,KHOU,2026-10-04,between,70.0,71.0,The Weather Company,https://weather.com/kalshi,0.01,0.02,0.98,0.99,54.0,5.0,149.31,,2026-10-05T06:00:00Z,active,2026-10-04T20:10:15.905847+00:00
KXHIGHTATL,KXHIGHTATL-26OCT05-T84,Atlanta Max Temperature,KATL,2026-10-05,greater,84.0,,The Weather Company,https://weather.com/kalshi,0.0,0.01,0.99,1.0,16.0,0.0,260.18,,2026-10-06T05:00:00Z,active,2026-10-04T20:10:15.905847+00:00
KXHIGHTATL,KXHIGHTATL-26OCT05-T77,Atlanta Max Temperature,KATL,2026-10-05,less,,77.0,The Weather Company,https://weather.com/kalshi,0.3,0.31,0.69,0.7,121.45,38.0,1148.23,,2026-10-06T05:00:00Z,active,2026-10-04T20:10:15.905847+00:00
KXHIGHTATL,KXHIGHTATL-26OCT05-B83.5,Atlanta Max Temperature,KATL,2026-10-05,between,83.0,84.0,The Weather Company,https://weather.com/kalshi,0.01,0.02,0.98,0.99,80.0,228.89,171.49,,2026-10-06T05:00:00Z,active,2026-10-04T20:10:15.905847+00:00
KXHIGHTATL,KXHIGHTATL-26OCT05-B81.5,Atlanta Max Temperature,KATL,2026-10-05,between,81.0,82.0,The Weather Company,https://weather.com/kalshi,0.07,0.08,0.92,0.93,68.5,49.0,208.55,,2026-10-06T05:00:00Z,active,2026-10-04T20:10:15.905847+00:00
KXHIGHTATL,KXHIGHTATL-26OCT05-B79.5,Atlanta Max Temperature,KATL,2026-10-05,between,79.0,80.0,The Weather Company,https://weather.com/kalshi,0.16,0.2,0.8,0.84,8.0,74.0,138.66,,2026-10-06T05:00:00Z,active,2026-10-04T20:10:15.905847+00:00
KXHIGHTATL,KXHIGHTATL-26OCT05-B77.5,Atlanta Max Temperature,KATL,2026-10-05,between,77.0,78.0,The Weather Company,https://weather.com/kalshi,0.4,0.41,0.59,0.6,17.0,3.02,1186.62,,2026-10-06T05:00:00Z,active,2026-10-04T20:10:15.905847+00:00
KXHIGHTATL,KXHIGHTATL-26OCT04-T79,Atlanta Max Temperature,KATL,2026-10-04,greater,79.0,,The Weather Company,https://weather.com/kalshi,0.0,0.01,0.99,1.0,3744.52,0.0,14536.28,,2026-10-05T05:00:00Z,active,2026-10-04T20:10:15.905847+00:00
KXHIGHTATL,KXHIGHTATL-26OCT04-T72,Atlanta Max Temperature,KATL,2026-10-04,less,,72.0,The Weather Company,https://weather.com/kalshi,0.0,0.01,0.99,1.0,179657.9,0.0,2890.33,,2026-10-05T05:00:00Z,active,2026-10-04T20:10:15.905847+00:00
KXHIGHTATL,KXHIGHTATL-26OCT04-B78.5,Atlanta Max Temperature,KATL,2026-10-04,between,78.0,79.0,The Weather Company,https://weather.com/kalshi,0.99,1.0,0.0,0.01,0.0,4185.63,14724.77,,2026-10-05T05:00:00Z,active,2026-10-04T20:10:15.905847+00:00
KXHIGHTATL,KXHIGHTATL-26OCT04-B76.5,Atlanta Max Temperature,KATL,2026-10-04,between,76.0,77.0,The Weather Company,https://weather.com/kalshi,0.0,0.01,0.99,1.0,126366.18,0.0,96139.71,,2026-10-05T05:00:00Z,active,2026-10-04T20:10:15.905847+00:00
KXHIGHTATL,KXHIGHTATL-26OCT04-B74.5,Atlanta Max Temperature,KATL,2026-10-04,between,74.0,75.0,The Weather Company,https://weather.com/kalshi,0.0,0.01,0.99,1.0,135147.15,0.0,16322.48,,2026-10-05T05:00:00Z,active,2026-10-04T20:10:15.905847+00:00
KXHIGHTATL,KXHIGHTATL-26OCT04-B72.5,Atlanta Max Temperature,KATL,2026-10-04,between,72.0,73.0,The Weather Company,https://weather.com/kalshi,0.0,0.01,0.99,1.0,178658.94,0.0,18245.76,,2026-10-05T05:00:00Z,active,2026-10-04T20:10:15.905847+00:00
KXLOWTMIA,KXLOWTMIA-26OCT05-T79,Lowest temperature in Miami,KMIA,2026-10-05,greater,79.0,,The Weather Company,https://weather.com/kalshi,0.58,0.59,0.41,0.42,6.0,52.0,275.0,,2026-10-06T05:00:00Z,active,2026-10-04T20:10:15.905847+00:00
KXLOWTMIA,KXLOWTMIA-26OCT05-T72,Lowest temperature in Miami,KMIA,2026-10-05,less,,72.0,The Weather Company,https://weather.com/kalshi,0.01,0.02,0.98,0.99,168.0,9.98,238.39,,2026-10-06T05:00:00Z,active,2026-10-04T20:10:15.905847+00:00
KXLOWTMIA,KXLOWTMIA-26OCT05-B78.5,Lowest temperature in Miami,KMIA,2026-10-05,between,78.0,79.0,The Weather Company,https://weather.com/kalshi,0.32,0.36,0.64,0.68,5.0,100.0,59.75,,2026-10-06T05:00:00Z,active,2026-10-04T20:10:15.905847+00:00
KXLOWTMIA,KXLOWTMIA-26OCT05-B76.5,Lowest temperature in Miami,KMIA,2026-10-05,between,76.0,77.0,The Weather Company,https://weather.com/kalshi,0.05,0.06,0.94,0.95,6.0,61.0,0.0,,2026-10-06T05:00:00Z,active,2026-10-04T20:10:15.905847+00:00
KXLOWTMIA,KXLOWTMIA-26OCT05-B74.5,Lowest temperature in Miami,KMIA,2026-10-05,between,74.0,75.0,The Weather Company,https://weather.com/kalshi,0.03,0.04,0.96,0.97,17.0,15.0,0.0,,2026-10-06T05:00:00Z,active,2026-10-04T20:10:15.905847+00:00
KXLOWTMIA,KXLOWTMIA-26OCT05-B72.5,Lowest temperature in Miami,KMIA,2026-10-05,between,72.0,73.0,The Weather Company,https://weather.com/kalshi,0.02,0.03,0.97,0.98,5.0,17.59,28.41,,2026-10-06T05:00:00Z,active,2026-10-04T20:10:15.905847+00:00
KXLOWTMIA,KXLOWTMIA-26OCT04-T81,Lowest temperature in Miami,KMIA,2026-10-04,greater,81.0,,The Weather Company,https://weather.com/kalshi,0.0,0.01,0.99,1.0,17906.03,0.0,1415.97,,2026-10-05T05:00:00Z,active,2026-10-04T20:10:15.905847+00:00
KXLOWTMIA,KXLOWTMIA-26OCT04-T74,Lowest temperature in Miami,KMIA,2026-10-04,less,,74.0,The Weather Company,https://weather.com/kalshi,0.0,0.01,0.99,1.0,6.0,0.0,610.12,,2026-10-05T05:00:00Z,active,2026-10-04T20:10:15.905847+00:00
KXLOWTMIA,KXLOWTMIA-26OCT04-B80.5,Lowest temperature in Miami,KMIA,2026-10-04,between,80.0,81.0,The Weather Company,https://weather.com/kalshi,0.0,0.01,0.99,1.0,3794.57,0.0,7746.81,,2026-10-05T05:00:00Z,active,2026-10-04T20:10:15.905847+00:00
KXLOWTMIA,KXLOWTMIA-26OCT04-B78.5,Lowest temperature in Miami,KMIA,2026-10-04,between,78.0,79.0,The Weather Company,https://weather.com/kalshi,0.96,0.98,0.02,0.04,14.44,48.0,1159.53,,2026-10-05T05:00:00Z,active,2026-10-04T20:10:15.905847+00:00
KXLOWTMIA,KXLOWTMIA-26OCT04-B76.5,Lowest temperature in Miami,KMIA,2026-10-04,between,76.0,77.0,The Weather Company,https://weather.com/kalshi,0.01,0.05,0.95,0.99,41.31,49.86,599.99,,2026-10-05T05:00:00Z,active,2026-10-04T20:10:15.905847+00:00
KXLOWTMIA,KXLOWTMIA-26OCT04-B74.5,Lowest temperature in Miami,KMIA,2026-10-04,between,74.0,75.0,The Weather Company,https://weather.com/kalshi,0.0,0.02,0.98,1.0,6.0,0.0,556.56,,2026-10-05T05:00:00Z,active,2026-10-04T20:10:15.905847+00:00
KXHIGHPHIL,KXHIGHPHIL-26OCT05-T75,Highest temperature in Philadelphia,KPHL,2026-10-05,greater,75.0,,The Weather Company,https://weather.com/kalshi,0.0,0.01,0.99,1.0,43.0,0.0,279.32,,2026-10-06T05:00:00Z,active,2026-10-04T20:10:15.905847+00:00
KXHIGHPHIL,KXHIGHPHIL-26OCT05-T68,Highest temperature in Philadelphia,KPHL,2026-10-05,less,,68.0,The Weather Company,https://weather.com/kalshi,0.01,0.02,0.98,0.99,99.5,43.82,299.18,,2026-10-06T05:00:00Z,active,2026-10-04T20:10:15.905847+00:00
KXHIGHPHIL,KXHIGHPHIL-26OCT05-B74.5,Highest temperature in Philadelphia,KPHL,2026-10-05,between,74.0,75.0,The Weather Company,https://weather.com/kalshi,0.33,0.34,0.66,0.67,284.84,15.0,344.81,,2026-10-06T05:00:00Z,active,2026-10-04T20:10:15.905847+00:00
KXHIGHPHIL,KXHIGHPHIL-26OCT05-B72.5,Highest temperature in Philadelphia,KPHL,2026-10-05,between,72.0,73.0,The Weather Company,https://weather.com/kalshi,0.5,0.51,0.49,0.5,15.0,57.0,320.33,,2026-10-06T05:00:00Z,active,2026-10-04T20:10:15.905847+00:00
KXHIGHPHIL,KXHIGHPHIL-26OCT05-B70.5,Highest temperature in Philadelphia,KPHL,2026-10-05,between,70.0,71.0,The Weather Company,https://weather.com/kalshi,0.13,0.14,0.86,0.87,89.0,7.0,577.66,,2026-10-06T05:00:00Z,active,2026-10-04T20:10:15.905847+00:00
KXHIGHPHIL,KXHIGHPHIL-26OCT05-B68.5,Highest temperature in Philadelphia,KPHL,2026-10-05,between,68.0,69.0,The Weather Company,https://weather.com/kalshi,0.02,0.03,0.97,0.98,13.0,342.82,183.18,,2026-10-06T05:00:00Z,active,2026-10-04T20:10:15.905847+00:00
KXHIGHPHIL,KXHIGHPHIL-26OCT04-T71,Highest temperature in Philadelphia,KPHL,2026-10-04,greater,71.0,,The Weather Company,https://weather.com/kalshi,0.0,0.01,0.99,1.0,9077.44,0.0,285.51,,2026-10-05T05:00:00Z,active,2026-10-04T20:10:15.905847+00:00
KXHIGHPHIL,KXHIGHPHIL-26OCT04-T64,Highest temperature in Philadelphia,KPHL,2026-10-04,less,,64.0,The Weather Company,https://weather.com/kalshi,0.0,0.01,0.99,1.0,1348.81,0.0,37702.95,,2026-10-05T05:00:00Z,active,2026-10-04T20:10:15.905847+00:00
KXHIGHPHIL,KXHIGHPHIL-26OCT04-B70.5,Highest temperature in Philadelphia,KPHL,2026-10-04,between,70.0,71.0,The Weather Company,https://weather.com/kalshi,0.0,0.01,0.99,1.0,10467.99,0.0,883.67,,2026-10-05T05:00:00Z,active,2026-10-04T20:10:15.905847+00:00
KXHIGHPHIL,KXHIGHPHIL-26OCT04-B68.5,Highest temperature in Philadelphia,KPHL,2026-10-04,between,68.0,69.0,The Weather Company,https://weather.com/kalshi,0.0,0.01,0.99,1.0,2108.0,0.0,5586.14,,2026-10-05T05:00:00Z,active,2026-10-04T20:10:15.905847+00:00
KXHIGHPHIL,KXHIGHPHIL-26OCT04-B66.5,Highest temperature in Philadelphia,KPHL,2026-10-04,between,66.0,67.0,The Weather Company,https://weather.com/kalshi,0.0,0.01,0.99,1.0,4030.0,0.0,3789.78,,2026-10-05T05:00:00Z,active,2026-10-04T20:10:15.905847+00:00
KXHIGHPHIL,KXHIGHPHIL-26OCT04-B64.5,Highest temperature in Philadelphia,KPHL,2026-10-04,between,64.0,65.0,The Weather Company,https://weather.com/kalshi,0.99,1.0,0.0,0.01,0.0,4552.7,5948.54,,2026-10-05T05:00:00Z,active,2026-10-04T20:10:15.905847+00:00
