series_ticker,market_ticker,city_label,station_id,target_date,strike_type,floor_strike,cap_strike,settlement_source_name,settlement_source_url,yes_bid,yes_ask,no_bid,no_ask,yes_ask_size,yes_bid_size,volume,liquidity,close_time,status,pulled_at
KXLOWTDEN,KXLOWTDEN-26SEP22-T55,Lowest temperature in Denver,KDEN,2026-09-22,greater,55.0,,The Weather Company,https://weather.com/kalshi,0.03,0.08,0.92,0.97,5.0,51.63,38.37,0.0,2026-09-23T07:00:00Z,active,2026-09-21T21:03:18.877943+00:00
KXLOWTDEN,KXLOWTDEN-26SEP22-T48,Lowest temperature in Denver,KDEN,2026-09-22,less,,48.0,The Weather Company,https://weather.com/kalshi,0.07,0.11,0.89,0.93,2.0,50.0,72.46,0.0,2026-09-23T07:00:00Z,active,2026-09-21T21:03:18.877943+00:00
KXLOWTDEN,KXLOWTDEN-26SEP22-B54.5,Lowest temperature in Denver,KDEN,2026-09-22,between,54.0,55.0,The Weather Company,https://weather.com/kalshi,0.16,0.23,0.77,0.84,74.0,31.0,107.06,0.0,2026-09-23T07:00:00Z,active,2026-09-21T21:03:18.877943+00:00
KXLOWTDEN,KXLOWTDEN-26SEP22-B52.5,Lowest temperature in Denver,KDEN,2026-09-22,between,52.0,53.0,The Weather Company,https://weather.com/kalshi,0.23,0.33,0.67,0.77,5.0,94.0,33.0,0.0,2026-09-23T07:00:00Z,active,2026-09-21T21:03:18.877943+00:00
KXLOWTDEN,KXLOWTDEN-26SEP22-B50.5,Lowest temperature in Denver,KDEN,2026-09-22,between,50.0,51.0,The Weather Company,https://weather.com/kalshi,0.18,0.29,0.71,0.82,5.0,25.0,46.0,0.0,2026-09-23T07:00:00Z,active,2026-09-21T21:03:18.877943+00:00
KXLOWTDEN,KXLOWTDEN-26SEP22-B48.5,Lowest temperature in Denver,KDEN,2026-09-22,between,48.0,49.0,The Weather Company,https://weather.com/kalshi,0.1,0.16,0.84,0.9,6.0,38.0,32.0,0.0,2026-09-23T07:00:00Z,active,2026-09-21T21:03:18.877943+00:00
KXLOWTDEN,KXLOWTDEN-26SEP21-T53,Lowest temperature in Denver,KDEN,2026-09-21,greater,53.0,,The Weather Company,https://weather.com/kalshi,0.0,0.01,0.99,1.0,17000.15,0.0,174.33,0.0,2026-09-22T07:00:00Z,active,2026-09-21T21:03:18.877943+00:00
KXLOWTDEN,KXLOWTDEN-26SEP21-T46,Lowest temperature in Denver,KDEN,2026-09-21,less,,46.0,The Weather Company,https://weather.com/kalshi,0.0,0.01,0.99,1.0,2.0,0.0,832.06,0.0,2026-09-22T07:00:00Z,active,2026-09-21T21:03:18.877943+00:00
KXLOWTDEN,KXLOWTDEN-26SEP21-B52.5,Lowest temperature in Denver,KDEN,2026-09-21,between,52.0,53.0,The Weather Company,https://weather.com/kalshi,0.0,0.01,0.99,1.0,9801.81,0.0,2507.88,0.0,2026-09-22T07:00:00Z,active,2026-09-21T21:03:18.877943+00:00
KXLOWTDEN,KXLOWTDEN-26SEP21-B50.5,Lowest temperature in Denver,KDEN,2026-09-21,between,50.0,51.0,The Weather Company,https://weather.com/kalshi,0.95,0.98,0.02,0.05,56.73,50.0,1848.9,0.0,2026-09-22T07:00:00Z,active,2026-09-21T21:03:18.877943+00:00
KXLOWTDEN,KXLOWTDEN-26SEP21-B48.5,Lowest temperature in Denver,KDEN,2026-09-21,between,48.0,49.0,The Weather Company,https://weather.com/kalshi,0.01,0.03,0.97,0.99,5.0,25.0,699.08,0.0,2026-09-22T07:00:00Z,active,2026-09-21T21:03:18.877943+00:00
KXLOWTDEN,KXLOWTDEN-26SEP21-B46.5,Lowest temperature in Denver,KDEN,2026-09-21,between,46.0,47.0,The Weather Company,https://weather.com/kalshi,0.0,0.02,0.98,1.0,29.0,0.0,607.64,0.0,2026-09-22T07:00:00Z,active,2026-09-21T21:03:18.877943+00:00
KXHIGHTSATX,KXHIGHTSATX-26SEP22-T93,San Antonio Daily Maximum Temperature,KSAT,2026-09-22,less,,93.0,The Weather Company,https://weather.com/kalshi,0.01,0.03,0.97,0.99,6.0,590.0,126.0,0.0,2026-09-23T06:00:00Z,active,2026-09-21T21:03:18.877943+00:00
KXHIGHTSATX,KXHIGHTSATX-26SEP22-T100,San Antonio Daily Maximum Temperature,KSAT,2026-09-22,greater,100.0,,The Weather Company,https://weather.com/kalshi,0.0,0.01,0.99,1.0,105.0,0.0,185.0,0.0,2026-09-23T06:00:00Z,active,2026-09-21T21:03:18.877943+00:00
KXHIGHTSATX,KXHIGHTSATX-26SEP22-B99.5,San Antonio Daily Maximum Temperature,KSAT,2026-09-22,between,99.0,100.0,The Weather Company,https://weather.com/kalshi,0.05,0.07,0.93,0.95,38.0,68.0,70.0,0.0,2026-09-23T06:00:00Z,active,2026-09-21T21:03:18.877943+00:00
KXHIGHTSATX,KXHIGHTSATX-26SEP22-B97.5,San Antonio Daily Maximum Temperature,KSAT,2026-09-22,between,97.0,98.0,The Weather Company,https://weather.com/kalshi,0.4,0.49,0.51,0.6,38.0,30.0,430.21,0.0,2026-09-23T06:00:00Z,active,2026-09-21T21:03:18.877943+00:00
KXHIGHTSATX,KXHIGHTSATX-26SEP22-B95.5,San Antonio Daily Maximum Temperature,KSAT,2026-09-22,between,95.0,96.0,The Weather Company,https://weather.com/kalshi,0.4,0.46,0.54,0.6,50.0,33.0,108.31,0.0,2026-09-23T06:00:00Z,active,2026-09-21T21:03:18.877943+00:00
KXHIGHTSATX,KXHIGHTSATX-26SEP22-B93.5,San Antonio Daily Maximum Temperature,KSAT,2026-09-22,between,93.0,94.0,The Weather Company,https://weather.com/kalshi,0.06,0.09,0.91,0.94,7.0,30.0,175.08,0.0,2026-09-23T06:00:00Z,active,2026-09-21T21:03:18.877943+00:00
KXHIGHTSATX,KXHIGHTSATX-26SEP21-T96,San Antonio Daily Maximum Temperature,KSAT,2026-09-21,less,,96.0,The Weather Company,https://weather.com/kalshi,0.0,0.01,0.99,1.0,2054.88,0.0,3522.45,0.0,2026-09-22T06:00:00Z,active,2026-09-21T21:03:18.877943+00:00
KXHIGHTSATX,KXHIGHTSATX-26SEP21-T103,San Antonio Daily Maximum Temperature,KSAT,2026-09-21,greater,103.0,,The Weather Company,https://weather.com/kalshi,0.0,0.01,0.99,1.0,2929.52,0.0,726.59,0.0,2026-09-22T06:00:00Z,active,2026-09-21T21:03:18.877943+00:00
KXHIGHTSATX,KXHIGHTSATX-26SEP21-B98.5,San Antonio Daily Maximum Temperature,KSAT,2026-09-21,between,98.0,99.0,The Weather Company,https://weather.com/kalshi,0.97,0.98,0.02,0.03,277.85,15.0,3520.38,0.0,2026-09-22T06:00:00Z,active,2026-09-21T21:03:18.877943+00:00
KXHIGHTSATX,KXHIGHTSATX-26SEP21-B96.5,San Antonio Daily Maximum Temperature,KSAT,2026-09-21,between,96.0,97.0,The Weather Company,https://weather.com/kalshi,0.0,0.01,0.99,1.0,2589.5,0.0,2773.47,0.0,2026-09-22T06:00:00Z,active,2026-09-21T21:03:18.877943+00:00
KXHIGHTSATX,KXHIGHTSATX-26SEP21-B102.5,San Antonio Daily Maximum Temperature,KSAT,2026-09-21,between,102.0,103.0,The Weather Company,https://weather.com/kalshi,0.0,0.01,0.99,1.0,2196.52,0.0,880.59,0.0,2026-09-22T06:00:00Z,active,2026-09-21T21:03:18.877943+00:00
KXHIGHTSATX,KXHIGHTSATX-26SEP21-B100.5,San Antonio Daily Maximum Temperature,KSAT,2026-09-21,between,100.0,101.0,The Weather Company,https://weather.com/kalshi,0.03,0.04,0.96,0.97,16.87,267.39,1885.86,0.0,2026-09-22T06:00:00Z,active,2026-09-21T21:03:18.877943+00:00
KXHIGHTSFO,KXHIGHTSFO-26SEP22-T75,San Francisco High Temperature Daily,KSFO,2026-09-22,greater,75.0,,The Weather Company,https://weather.com/kalshi,0.01,0.02,0.98,0.99,267.0,171.28,467.72,0.0,2026-09-23T08:00:00Z,active,2026-09-21T21:03:18.877943+00:00
KXHIGHTSFO,KXHIGHTSFO-26SEP22-T68,San Francisco High Temperature Daily,KSFO,2026-09-22,less,,68.0,The Weather Company,https://weather.com/kalshi,0.29,0.32,0.68,0.71,120.96,154.0,643.83,0.0,2026-09-23T08:00:00Z,active,2026-09-21T21:03:18.877943+00:00
KXHIGHTSFO,KXHIGHTSFO-26SEP22-B74.5,San Francisco High Temperature Daily,KSFO,2026-09-22,between,74.0,75.0,The Weather Company,https://weather.com/kalshi,0.03,0.05,0.95,0.97,1.0,86.58,152.35,0.0,2026-09-23T08:00:00Z,active,2026-09-21T21:03:18.877943+00:00
KXHIGHTSFO,KXHIGHTSFO-26SEP22-B72.5,San Francisco High Temperature Daily,KSFO,2026-09-22,between,72.0,73.0,The Weather Company,https://weather.com/kalshi,0.06,0.09,0.91,0.94,2.0,111.0,5.07,0.0,2026-09-23T08:00:00Z,active,2026-09-21T21:03:18.877943+00:00
KXHIGHTSFO,KXHIGHTSFO-26SEP22-B70.5,San Francisco High Temperature Daily,KSFO,2026-09-22,between,70.0,71.0,The Weather Company,https://weather.com/kalshi,0.26,0.29,0.71,0.74,6.0,9.0,37.0,0.0,2026-09-23T08:00:00Z,active,2026-09-21T21:03:18.877943+00:00
KXHIGHTSFO,KXHIGHTSFO-26SEP22-B68.5,San Francisco High Temperature Daily,KSFO,2026-09-22,between,68.0,69.0,The Weather Company,https://weather.com/kalshi,0.35,0.36,0.64,0.65,85.0,4.0,258.82,0.0,2026-09-23T08:00:00Z,active,2026-09-21T21:03:18.877943+00:00
KXHIGHTSFO,KXHIGHTSFO-26SEP21-T73,San Francisco High Temperature Daily,KSFO,2026-09-21,greater,73.0,,The Weather Company,https://weather.com/kalshi,0.0,0.01,0.99,1.0,7811.02,0.0,945.92,0.0,2026-09-22T08:00:00Z,active,2026-09-21T21:03:18.877943+00:00
KXHIGHTSFO,KXHIGHTSFO-26SEP21-T66,San Francisco High Temperature Daily,KSFO,2026-09-21,less,,66.0,The Weather Company,https://weather.com/kalshi,0.0,0.01,0.99,1.0,150358.1,0.0,5077.49,0.0,2026-09-22T08:00:00Z,active,2026-09-21T21:03:18.877943+00:00
KXHIGHTSFO,KXHIGHTSFO-26SEP21-B72.5,San Francisco High Temperature Daily,KSFO,2026-09-21,between,72.0,73.0,The Weather Company,https://weather.com/kalshi,0.0,0.01,0.99,1.0,408.13,0.0,469.59,0.0,2026-09-22T08:00:00Z,active,2026-09-21T21:03:18.877943+00:00
KXHIGHTSFO,KXHIGHTSFO-26SEP21-B70.5,San Francisco High Temperature Daily,KSFO,2026-09-21,between,70.0,71.0,The Weather Company,https://weather.com/kalshi,0.01,0.04,0.96,0.99,243.0,33.0,5273.5,0.0,2026-09-22T08:00:00Z,active,2026-09-21T21:03:18.877943+00:00
KXHIGHTSFO,KXHIGHTSFO-26SEP21-B68.5,San Francisco High Temperature Daily,KSFO,2026-09-21,between,68.0,69.0,The Weather Company,https://weather.com/kalshi,0.93,0.97,0.03,0.07,27.81,30.0,4030.98,0.0,2026-09-22T08:00:00Z,active,2026-09-21T21:03:18.877943+00:00
KXHIGHTSFO,KXHIGHTSFO-26SEP21-B66.5,San Francisco High Temperature Daily,KSFO,2026-09-21,between,66.0,67.0,The Weather Company,https://weather.com/kalshi,0.0,0.01,0.99,1.0,117630.15,0.0,4643.91,0.0,2026-09-22T08:00:00Z,active,2026-09-21T21:03:18.877943+00:00
KXLOWTLAX,KXLOWTLAX-26SEP22-T65,Lowest Temperature in LA,KLAX,2026-09-22,greater,65.0,,The Weather Company,https://weather.com/kalshi,0.51,0.6,0.4,0.49,4.0,81.0,427.43,0.0,2026-09-23T08:00:00Z,active,2026-09-21T21:03:18.877943+00:00
KXLOWTLAX,KXLOWTLAX-26SEP22-T58,Lowest Temperature in LA,KLAX,2026-09-22,less,,58.0,The Weather Company,https://weather.com/kalshi,0.0,0.01,0.99,1.0,14.0,0.0,238.0,0.0,2026-09-23T08:00:00Z,active,2026-09-21T21:03:18.877943+00:00
KXLOWTLAX,KXLOWTLAX-26SEP22-B64.5,Lowest Temperature in LA,KLAX,2026-09-22,between,64.0,65.0,The Weather Company,https://weather.com/kalshi,0.38,0.48,0.52,0.62,4.0,50.0,142.36,0.0,2026-09-23T08:00:00Z,active,2026-09-21T21:03:18.877943+00:00
KXLOWTLAX,KXLOWTLAX-26SEP22-B62.5,Lowest Temperature in LA,KLAX,2026-09-22,between,62.0,63.0,The Weather Company,https://weather.com/kalshi,0.02,0.05,0.95,0.98,4.0,50.64,71.36,0.0,2026-09-23T08:00:00Z,active,2026-09-21T21:03:18.877943+00:00
KXLOWTLAX,KXLOWTLAX-26SEP22-B60.5,Lowest Temperature in LA,KLAX,2026-09-22,between,60.0,61.0,The Weather Company,https://weather.com/kalshi,0.02,0.04,0.96,0.98,54.0,22.0,132.0,0.0,2026-09-23T08:00:00Z,active,2026-09-21T21:03:18.877943+00:00
KXLOWTLAX,KXLOWTLAX-26SEP22-B58.5,Lowest Temperature in LA,KLAX,2026-09-22,between,58.0,59.0,The Weather Company,https://weather.com/kalshi,0.01,0.02,0.98,0.99,4.0,136.0,141.74,0.0,2026-09-23T08:00:00Z,active,2026-09-21T21:03:18.877943+00:00
KXLOWTLAX,KXLOWTLAX-26SEP21-T67,Lowest Temperature in LA,KLAX,2026-09-21,greater,67.0,,The Weather Company,https://weather.com/kalshi,0.64,0.65,0.35,0.36,105.0,1.0,1464.86,0.0,2026-09-22T08:00:00Z,active,2026-09-21T21:03:18.877943+00:00
KXLOWTLAX,KXLOWTLAX-26SEP21-T60,Lowest Temperature in LA,KLAX,2026-09-21,less,,60.0,The Weather Company,https://weather.com/kalshi,0.0,0.01,0.99,1.0,175.0,0.0,262.0,0.0,2026-09-22T08:00:00Z,active,2026-09-21T21:03:18.877943+00:00
KXLOWTLAX,KXLOWTLAX-26SEP21-B66.5,Lowest Temperature in LA,KLAX,2026-09-21,between,66.0,67.0,The Weather Company,https://weather.com/kalshi,0.3,0.4,0.6,0.7,1.0,3.0,372.11,0.0,2026-09-22T08:00:00Z,active,2026-09-21T21:03:18.877943+00:00
KXLOWTLAX,KXLOWTLAX-26SEP21-B64.5,Lowest Temperature in LA,KLAX,2026-09-21,between,64.0,65.0,The Weather Company,https://weather.com/kalshi,0.0,0.1,0.9,1.0,4.0,0.0,513.64,0.0,2026-09-22T08:00:00Z,active,2026-09-21T21:03:18.877943+00:00
KXLOWTLAX,KXLOWTLAX-26SEP21-B62.5,Lowest Temperature in LA,KLAX,2026-09-21,between,62.0,63.0,The Weather Company,https://weather.com/kalshi,0.0,0.01,0.99,1.0,13.0,0.0,322.88,0.0,2026-09-22T08:00:00Z,active,2026-09-21T21:03:18.877943+00:00
KXLOWTLAX,KXLOWTLAX-26SEP21-B60.5,Lowest Temperature in LA,KLAX,2026-09-21,between,60.0,61.0,The Weather Company,https://weather.com/kalshi,0.0,0.01,0.99,1.0,19.0,0.0,270.05,0.0,2026-09-22T08:00:00Z,active,2026-09-21T21:03:18.877943+00:00
KXHIGHTSDF,KXHIGHTSDF-26SEP22-T82,HIGHEST Temperature SATX,KSDF,2026-09-22,greater,82.0,,The Weather Company,https://weather.com/kalshi,0.03,0.04,0.96,0.97,6.0,10.0,0.0,0.0,2026-09-23T05:00:00Z,active,2026-09-21T21:03:18.877943+00:00
KXHIGHTSDF,KXHIGHTSDF-26SEP22-T75,HIGHEST Temperature SATX,KSDF,2026-09-22,less,,75.0,The Weather Company,https://weather.com/kalshi,0.32,0.83,0.17,0.68,1.0,5.0,104.0,0.0,2026-09-23T05:00:00Z,active,2026-09-21T21:03:18.877943+00:00
KXHIGHTSDF,KXHIGHTSDF-26SEP22-B81.5,HIGHEST Temperature SATX,KSDF,2026-09-22,between,81.0,82.0,The Weather Company,https://weather.com/kalshi,0.03,0.1,0.9,0.97,25.0,10.0,0.0,0.0,2026-09-23T05:00:00Z,active,2026-09-21T21:03:18.877943+00:00
KXHIGHTSDF,KXHIGHTSDF-26SEP22-B79.5,HIGHEST Temperature SATX,KSDF,2026-09-22,between,79.0,80.0,The Weather Company,https://weather.com/kalshi,0.03,0.1,0.9,0.97,25.0,10.0,0.0,0.0,2026-09-23T05:00:00Z,active,2026-09-21T21:03:18.877943+00:00
KXHIGHTSDF,KXHIGHTSDF-26SEP22-B77.5,HIGHEST Temperature SATX,KSDF,2026-09-22,between,77.0,78.0,The Weather Company,https://weather.com/kalshi,0.06,0.24,0.76,0.94,25.0,67.0,0.0,0.0,2026-09-23T05:00:00Z,active,2026-09-21T21:03:18.877943+00:00
KXHIGHTSDF,KXHIGHTSDF-26SEP22-B75.5,HIGHEST Temperature SATX,KSDF,2026-09-22,between,75.0,76.0,The Weather Company,https://weather.com/kalshi,0.03,0.54,0.46,0.97,5.0,1.0,53.0,0.0,2026-09-23T05:00:00Z,active,2026-09-21T21:03:18.877943+00:00
KXHIGHTSDF,KXHIGHTSDF-26SEP21-T92,HIGHEST Temperature SATX,KSDF,2026-09-21,greater,92.0,,The Weather Company,https://weather.com/kalshi,0.0,0.01,0.99,1.0,3.26,0.0,20.0,0.0,2026-09-22T05:00:00Z,active,2026-09-21T21:03:18.877943+00:00
KXHIGHTSDF,KXHIGHTSDF-26SEP21-T85,HIGHEST Temperature SATX,KSDF,2026-09-21,less,,85.0,The Weather Company,https://weather.com/kalshi,0.0,0.01,0.99,1.0,601.0,0.0,132.59,0.0,2026-09-22T05:00:00Z,active,2026-09-21T21:03:18.877943+00:00
KXHIGHTSDF,KXHIGHTSDF-26SEP21-B91.5,HIGHEST Temperature SATX,KSDF,2026-09-21,between,91.0,92.0,The Weather Company,https://weather.com/kalshi,0.0,0.01,0.99,1.0,3.31,0.0,41.46,0.0,2026-09-22T05:00:00Z,active,2026-09-21T21:03:18.877943+00:00
KXHIGHTSDF,KXHIGHTSDF-26SEP21-B89.5,HIGHEST Temperature SATX,KSDF,2026-09-21,between,89.0,90.0,The Weather Company,https://weather.com/kalshi,0.03,0.04,0.96,0.97,13.0,56.0,151.08,0.0,2026-09-22T05:00:00Z,active,2026-09-21T21:03:18.877943+00:00
KXHIGHTSDF,KXHIGHTSDF-26SEP21-B87.5,HIGHEST Temperature SATX,KSDF,2026-09-21,between,87.0,88.0,The Weather Company,https://weather.com/kalshi,0.85,0.94,0.06,0.15,50.0,28.0,373.52,0.0,2026-09-22T05:00:00Z,active,2026-09-21T21:03:18.877943+00:00
KXHIGHTSDF,KXHIGHTSDF-26SEP21-B85.5,HIGHEST Temperature SATX,KSDF,2026-09-21,between,85.0,86.0,The Weather Company,https://weather.com/kalshi,0.0,0.01,0.99,1.0,542.0,0.0,348.0,0.0,2026-09-22T05:00:00Z,active,2026-09-21T21:03:18.877943+00:00
KXLOWTNOLA,KXLOWTNOLA-26SEP22-T77,NOLA Low Temperature,KMSY,2026-09-22,greater,77.0,,The Weather Company,https://weather.com/kalshi,0.14,0.2,0.8,0.86,50.0,1.0,20.0,0.0,2026-09-23T06:00:00Z,active,2026-09-21T21:03:18.877943+00:00
KXLOWTNOLA,KXLOWTNOLA-26SEP22-T70,NOLA Low Temperature,KMSY,2026-09-22,less,,70.0,The Weather Company,https://weather.com/kalshi,0.0,0.01,0.99,1.0,24.0,0.0,0.0,0.0,2026-09-23T06:00:00Z,active,2026-09-21T21:03:18.877943+00:00
KXLOWTNOLA,KXLOWTNOLA-26SEP22-B76.5,NOLA Low Temperature,KMSY,2026-09-22,between,76.0,77.0,The Weather Company,https://weather.com/kalshi,0.37,0.44,0.56,0.63,6.0,32.0,5.01,0.0,2026-09-23T06:00:00Z,active,2026-09-21T21:03:18.877943+00:00
KXLOWTNOLA,KXLOWTNOLA-26SEP22-B74.5,NOLA Low Temperature,KMSY,2026-09-22,between,74.0,75.0,The Weather Company,https://weather.com/kalshi,0.35,0.41,0.59,0.65,72.11,2.0,100.0,0.0,2026-09-23T06:00:00Z,active,2026-09-21T21:03:18.877943+00:00
KXLOWTNOLA,KXLOWTNOLA-26SEP22-B72.5,NOLA Low Temperature,KMSY,2026-09-22,between,72.0,73.0,The Weather Company,https://weather.com/kalshi,0.04,0.1,0.9,0.96,6.0,67.0,3.0,0.0,2026-09-23T06:00:00Z,active,2026-09-21T21:03:18.877943+00:00
KXLOWTNOLA,KXLOWTNOLA-26SEP22-B70.5,NOLA Low Temperature,KMSY,2026-09-22,between,70.0,71.0,The Weather Company,https://weather.com/kalshi,0.02,0.07,0.93,0.98,6.0,29.0,15.27,0.0,2026-09-23T06:00:00Z,active,2026-09-21T21:03:18.877943+00:00
KXLOWTNOLA,KXLOWTNOLA-26SEP21-T78,NOLA Low Temperature,KMSY,2026-09-21,greater,78.0,,The Weather Company,https://weather.com/kalshi,0.0,0.01,0.99,1.0,24211.16,0.0,131.99,0.0,2026-09-22T06:00:00Z,active,2026-09-21T21:03:18.877943+00:00
KXLOWTNOLA,KXLOWTNOLA-26SEP21-T71,NOLA Low Temperature,KMSY,2026-09-21,less,,71.0,The Weather Company,https://weather.com/kalshi,0.0,0.01,0.99,1.0,0.01,0.0,31.99,0.0,2026-09-22T06:00:00Z,active,2026-09-21T21:03:18.877943+00:00
KXLOWTNOLA,KXLOWTNOLA-26SEP21-B77.5,NOLA Low Temperature,KMSY,2026-09-21,between,77.0,78.0,The Weather Company,https://weather.com/kalshi,0.64,0.82,0.18,0.36,50.0,5.0,731.59,0.0,2026-09-22T06:00:00Z,active,2026-09-21T21:03:18.877943+00:00
KXLOWTNOLA,KXLOWTNOLA-26SEP21-B75.5,NOLA Low Temperature,KMSY,2026-09-21,between,75.0,76.0,The Weather Company,https://weather.com/kalshi,0.12,0.15,0.85,0.88,33.0,45.06,270.35,0.0,2026-09-22T06:00:00Z,active,2026-09-21T21:03:18.877943+00:00
KXLOWTNOLA,KXLOWTNOLA-26SEP21-B73.5,NOLA Low Temperature,KMSY,2026-09-21,between,73.0,74.0,The Weather Company,https://weather.com/kalshi,0.01,0.05,0.95,0.99,22.0,25.0,114.39,0.0,2026-09-22T06:00:00Z,active,2026-09-21T21:03:18.877943+00:00
KXLOWTNOLA,KXLOWTNOLA-26SEP21-B71.5,NOLA Low Temperature,KMSY,2026-09-21,between,71.0,72.0,The Weather Company,https://weather.com/kalshi,0.0,0.02,0.98,1.0,41.0,0.0,300.54,0.0,2026-09-22T06:00:00Z,active,2026-09-21T21:03:18.877943+00:00
KXLOWTSAN,KXLOWTSAN-26SEP22-T67,Low Temperature San Diego,KSAN,2026-09-22,greater,67.0,,The Weather Company,https://weather.com/kalshi,0.7,0.79,0.21,0.3,38.0,25.0,16.0,0.0,2026-09-23T08:00:00Z,active,2026-09-21T21:03:18.877943+00:00
KXLOWTSAN,KXLOWTSAN-26SEP22-T60,Low Temperature San Diego,KSAN,2026-09-22,less,,60.0,The Weather Company,https://weather.com/kalshi,0.0,0.1,0.9,1.0,25.0,0.0,0.0,0.0,2026-09-23T08:00:00Z,active,2026-09-21T21:03:18.877943+00:00
KXLOWTSAN,KXLOWTSAN-26SEP22-B66.5,Low Temperature San Diego,KSAN,2026-09-22,between,66.0,67.0,The Weather Company,https://weather.com/kalshi,0.19,0.3,0.7,0.81,27.0,10.0,39.59,0.0,2026-09-23T08:00:00Z,active,2026-09-21T21:03:18.877943+00:00
KXLOWTSAN,KXLOWTSAN-26SEP22-B64.5,Low Temperature San Diego,KSAN,2026-09-22,between,64.0,65.0,The Weather Company,https://weather.com/kalshi,0.01,0.09,0.91,0.99,4.0,80.0,4.0,0.0,2026-09-23T08:00:00Z,active,2026-09-21T21:03:18.877943+00:00
KXLOWTSAN,KXLOWTSAN-26SEP22-B62.5,Low Temperature San Diego,KSAN,2026-09-22,between,62.0,63.0,The Weather Company,https://weather.com/kalshi,0.01,0.1,0.9,0.99,27.0,74.96,9.04,0.0,2026-09-23T08:00:00Z,active,2026-09-21T21:03:18.877943+00:00
KXLOWTSAN,KXLOWTSAN-26SEP22-B60.5,Low Temperature San Diego,KSAN,2026-09-22,between,60.0,61.0,The Weather Company,https://weather.com/kalshi,0.0,0.1,0.9,1.0,25.0,0.0,0.0,0.0,2026-09-23T08:00:00Z,active,2026-09-21T21:03:18.877943+00:00
KXLOWTSAN,KXLOWTSAN-26SEP21-T68,Low Temperature San Diego,KSAN,2026-09-21,greater,68.0,,The Weather Company,https://weather.com/kalshi,0.87,0.99,0.01,0.13,83.0,5.0,473.62,0.0,2026-09-22T08:00:00Z,active,2026-09-21T21:03:18.877943+00:00
KXLOWTSAN,KXLOWTSAN-26SEP21-T61,Low Temperature San Diego,KSAN,2026-09-21,less,,61.0,The Weather Company,https://weather.com/kalshi,0.0,0.01,0.99,1.0,5.0,0.0,20.0,0.0,2026-09-22T08:00:00Z,active,2026-09-21T21:03:18.877943+00:00
KXLOWTSAN,KXLOWTSAN-26SEP21-B67.5,Low Temperature San Diego,KSAN,2026-09-21,between,67.0,68.0,The Weather Company,https://weather.com/kalshi,0.01,0.11,0.89,0.99,25.0,29.0,9.4,0.0,2026-09-22T08:00:00Z,active,2026-09-21T21:03:18.877943+00:00
KXLOWTSAN,KXLOWTSAN-26SEP21-B65.5,Low Temperature San Diego,KSAN,2026-09-21,between,65.0,66.0,The Weather Company,https://weather.com/kalshi,0.0,0.02,0.98,1.0,25.0,0.0,34.63,0.0,2026-09-22T08:00:00Z,active,2026-09-21T21:03:18.877943+00:00
KXLOWTSAN,KXLOWTSAN-26SEP21-B63.5,Low Temperature San Diego,KSAN,2026-09-21,between,63.0,64.0,The Weather Company,https://weather.com/kalshi,0.0,0.11,0.89,1.0,25.0,0.0,64.48,0.0,2026-09-22T08:00:00Z,active,2026-09-21T21:03:18.877943+00:00
KXLOWTSAN,KXLOWTSAN-26SEP21-B61.5,Low Temperature San Diego,KSAN,2026-09-21,between,61.0,62.0,The Weather Company,https://weather.com/kalshi,0.0,0.01,0.99,1.0,5.0,0.0,37.14,0.0,2026-09-22T08:00:00Z,active,2026-09-21T21:03:18.877943+00:00
KXLOWTCHI,KXLOWTCHI-26SEP22-T57,Lowest Temperature Chicago,KMDW,2026-09-22,greater,57.0,,The Weather Company,https://weather.com/kalshi,0.1,0.2,0.8,0.9,27.0,79.0,51.0,0.0,2026-09-23T06:00:00Z,active,2026-09-21T21:03:18.877943+00:00
KXLOWTCHI,KXLOWTCHI-26SEP22-T50,Lowest Temperature Chicago,KMDW,2026-09-22,less,,50.0,The Weather Company,https://weather.com/kalshi,0.01,0.03,0.97,0.99,4.0,2.0,264.0,0.0,2026-09-23T06:00:00Z,active,2026-09-21T21:03:18.877943+00:00
KXLOWTCHI,KXLOWTCHI-26SEP22-B56.5,Lowest Temperature Chicago,KMDW,2026-09-22,between,56.0,57.0,The Weather Company,https://weather.com/kalshi,0.48,0.58,0.42,0.52,4.0,79.0,84.02,0.0,2026-09-23T06:00:00Z,active,2026-09-21T21:03:18.877943+00:00
KXLOWTCHI,KXLOWTCHI-26SEP22-B54.5,Lowest Temperature Chicago,KMDW,2026-09-22,between,54.0,55.0,The Weather Company,https://weather.com/kalshi,0.22,0.27,0.73,0.78,4.0,0.97,7.02,0.0,2026-09-23T06:00:00Z,active,2026-09-21T21:03:18.877943+00:00
KXLOWTCHI,KXLOWTCHI-26SEP22-B52.5,Lowest Temperature Chicago,KMDW,2026-09-22,between,52.0,53.0,The Weather Company,https://weather.com/kalshi,0.05,0.11,0.89,0.95,4.0,79.0,0.0,0.0,2026-09-23T06:00:00Z,active,2026-09-21T21:03:18.877943+00:00
KXLOWTCHI,KXLOWTCHI-26SEP22-B50.5,Lowest Temperature Chicago,KMDW,2026-09-22,between,50.0,51.0,The Weather Company,https://weather.com/kalshi,0.02,0.06,0.94,0.98,4.0,30.0,47.43,0.0,2026-09-23T06:00:00Z,active,2026-09-21T21:03:18.877943+00:00
KXLOWTCHI,KXLOWTCHI-26SEP21-T61,Lowest Temperature Chicago,KMDW,2026-09-21,greater,61.0,,The Weather Company,https://weather.com/kalshi,0.0,0.01,0.99,1.0,20664.3,0.0,3356.0,0.0,2026-09-22T06:00:00Z,active,2026-09-21T21:03:18.877943+00:00
KXLOWTCHI,KXLOWTCHI-26SEP21-T54,Lowest Temperature Chicago,KMDW,2026-09-21,less,,54.0,The Weather Company,https://weather.com/kalshi,0.0,0.01,0.99,1.0,489.55,0.0,333.37,0.0,2026-09-22T06:00:00Z,active,2026-09-21T21:03:18.877943+00:00
KXLOWTCHI,KXLOWTCHI-26SEP21-B60.5,Lowest Temperature Chicago,KMDW,2026-09-21,between,60.0,61.0,The Weather Company,https://weather.com/kalshi,0.0,0.01,0.99,1.0,21841.39,0.0,2933.88,0.0,2026-09-22T06:00:00Z,active,2026-09-21T21:03:18.877943+00:00
KXLOWTCHI,KXLOWTCHI-26SEP21-B58.5,Lowest Temperature Chicago,KMDW,2026-09-21,between,58.0,59.0,The Weather Company,https://weather.com/kalshi,0.86,0.93,0.07,0.14,71.12,49.0,757.54,0.0,2026-09-22T06:00:00Z,active,2026-09-21T21:03:18.877943+00:00
KXLOWTCHI,KXLOWTCHI-26SEP21-B56.5,Lowest Temperature Chicago,KMDW,2026-09-21,between,56.0,57.0,The Weather Company,https://weather.com/kalshi,0.08,0.15,0.85,0.92,55.0,14.92,1161.27,0.0,2026-09-22T06:00:00Z,active,2026-09-21T21:03:18.877943+00:00
KXLOWTCHI,KXLOWTCHI-26SEP21-B54.5,Lowest Temperature Chicago,KMDW,2026-09-21,between,54.0,55.0,The Weather Company,https://weather.com/kalshi,0.0,0.01,0.99,1.0,4.0,0.0,605.34,0.0,2026-09-22T06:00:00Z,active,2026-09-21T21:03:18.877943+00:00
KXHIGHTDC,KXHIGHTDC-26SEP22-T73,Washington DC Daily Max Temp,KDCA,2026-09-22,greater,73.0,,The Weather Company,https://weather.com/kalshi,0.0,0.01,0.99,1.0,1.0,0.0,189.0,0.0,2026-09-23T05:00:00Z,active,2026-09-21T21:03:18.877943+00:00
KXHIGHTDC,KXHIGHTDC-26SEP22-T66,Washington DC Daily Max Temp,KDCA,2026-09-22,less,,66.0,The Weather Company,https://weather.com/kalshi,0.24,0.25,0.75,0.76,5.0,216.9,339.41,0.0,2026-09-23T05:00:00Z,active,2026-09-21T21:03:18.877943+00:00
KXHIGHTDC,KXHIGHTDC-26SEP22-B72.5,Washington DC Daily Max Temp,KDCA,2026-09-22,between,72.0,73.0,The Weather Company,https://weather.com/kalshi,0.01,0.03,0.97,0.99,4.0,195.72,296.28,0.0,2026-09-23T05:00:00Z,active,2026-09-21T21:03:18.877943+00:00
KXHIGHTDC,KXHIGHTDC-26SEP22-B70.5,Washington DC Daily Max Temp,KDCA,2026-09-22,between,70.0,71.0,The Weather Company,https://weather.com/kalshi,0.06,0.1,0.9,0.94,5.0,49.0,39.08,0.0,2026-09-23T05:00:00Z,active,2026-09-21T21:03:18.877943+00:00
KXHIGHTDC,KXHIGHTDC-26SEP22-B68.5,Washington DC Daily Max Temp,KDCA,2026-09-22,between,68.0,69.0,The Weather Company,https://weather.com/kalshi,0.22,0.23,0.77,0.78,127.0,25.0,159.02,0.0,2026-09-23T05:00:00Z,active,2026-09-21T21:03:18.877943+00:00
KXHIGHTDC,KXHIGHTDC-26SEP22-B66.5,Washington DC Daily Max Temp,KDCA,2026-09-22,between,66.0,67.0,The Weather Company,https://weather.com/kalshi,0.44,0.45,0.55,0.56,52.0,3.0,128.02,0.0,2026-09-23T05:00:00Z,active,2026-09-21T21:03:18.877943+00:00
KXHIGHTDC,KXHIGHTDC-26SEP21-T78,Washington DC Daily Max Temp,KDCA,2026-09-21,greater,78.0,,The Weather Company,https://weather.com/kalshi,0.0,0.01,0.99,1.0,10982.02,0.0,3660.75,0.0,2026-09-22T05:00:00Z,active,2026-09-21T21:03:18.877943+00:00
KXHIGHTDC,KXHIGHTDC-26SEP21-T71,Washington DC Daily Max Temp,KDCA,2026-09-21,less,,71.0,The Weather Company,https://weather.com/kalshi,0.0,0.01,0.99,1.0,43173.53,0.0,1743.41,0.0,2026-09-22T05:00:00Z,active,2026-09-21T21:03:18.877943+00:00
KXHIGHTDC,KXHIGHTDC-26SEP21-B77.5,Washington DC Daily Max Temp,KDCA,2026-09-21,between,77.0,78.0,The Weather Company,https://weather.com/kalshi,0.0,0.01,0.99,1.0,4590.02,0.0,3535.62,0.0,2026-09-22T05:00:00Z,active,2026-09-21T21:03:18.877943+00:00
KXHIGHTDC,KXHIGHTDC-26SEP21-B75.5,Washington DC Daily Max Temp,KDCA,2026-09-21,between,75.0,76.0,The Weather Company,https://weather.com/kalshi,0.0,0.01,0.99,1.0,6554.0,0.0,5258.98,0.0,2026-09-22T05:00:00Z,active,2026-09-21T21:03:18.877943+00:00
KXHIGHTDC,KXHIGHTDC-26SEP21-B73.5,Washington DC Daily Max Temp,KDCA,2026-09-21,between,73.0,74.0,The Weather Company,https://weather.com/kalshi,0.99,1.0,0.0,0.01,0.0,5654.44,13924.13,0.0,2026-09-22T05:00:00Z,active,2026-09-21T21:03:18.877943+00:00
KXHIGHTDC,KXHIGHTDC-26SEP21-B71.5,Washington DC Daily Max Temp,KDCA,2026-09-21,between,71.0,72.0,The Weather Company,https://weather.com/kalshi,0.0,0.01,0.99,1.0,34870.94,0.0,5801.21,0.0,2026-09-22T05:00:00Z,active,2026-09-21T21:03:18.877943+00:00
KXLOWTOKC,KXLOWTOKC-26SEP22-T65,Low Temperature Oklahoma City,KOKC,2026-09-22,greater,65.0,,The Weather Company,https://weather.com/kalshi,0.45,0.49,0.51,0.55,6.0,82.13,101.84,0.0,2026-09-23T06:00:00Z,active,2026-09-21T21:03:18.877943+00:00
KXLOWTOKC,KXLOWTOKC-26SEP22-T58,Low Temperature Oklahoma City,KOKC,2026-09-22,less,,58.0,The Weather Company,https://weather.com/kalshi,0.02,0.03,0.97,0.98,46.0,4.0,71.18,0.0,2026-09-23T06:00:00Z,active,2026-09-21T21:03:18.877943+00:00
KXLOWTOKC,KXLOWTOKC-26SEP22-B64.5,Low Temperature Oklahoma City,KOKC,2026-09-22,between,64.0,65.0,The Weather Company,https://weather.com/kalshi,0.26,0.38,0.62,0.74,1.0,25.0,113.0,0.0,2026-09-23T06:00:00Z,active,2026-09-21T21:03:18.877943+00:00
KXLOWTOKC,KXLOWTOKC-26SEP22-B62.5,Low Temperature Oklahoma City,KOKC,2026-09-22,between,62.0,63.0,The Weather Company,https://weather.com/kalshi,0.11,0.2,0.8,0.89,6.0,25.0,105.26,0.0,2026-09-23T06:00:00Z,active,2026-09-21T21:03:18.877943+00:00
KXLOWTOKC,KXLOWTOKC-26SEP22-B60.5,Low Temperature Oklahoma City,KOKC,2026-09-22,between,60.0,61.0,The Weather Company,https://weather.com/kalshi,0.05,0.11,0.89,0.95,6.0,50.0,0.0,0.0,2026-09-23T06:00:00Z,active,2026-09-21T21:03:18.877943+00:00
KXLOWTOKC,KXLOWTOKC-26SEP22-B58.5,Low Temperature Oklahoma City,KOKC,2026-09-22,between,58.0,59.0,The Weather Company,https://weather.com/kalshi,0.03,0.1,0.9,0.97,6.0,29.0,5.09,0.0,2026-09-23T06:00:00Z,active,2026-09-21T21:03:18.877943+00:00
KXLOWTOKC,KXLOWTOKC-26SEP21-T67,Low Temperature Oklahoma City,KOKC,2026-09-21,greater,67.0,,The Weather Company,https://weather.com/kalshi,0.94,0.98,0.02,0.06,38.0,27.55,1770.17,0.0,2026-09-22T06:00:00Z,active,2026-09-21T21:03:18.877943+00:00
KXLOWTOKC,KXLOWTOKC-26SEP21-T60,Low Temperature Oklahoma City,KOKC,2026-09-21,less,,60.0,The Weather Company,https://weather.com/kalshi,0.0,0.01,0.99,1.0,12.0,0.0,570.11,0.0,2026-09-22T06:00:00Z,active,2026-09-21T21:03:18.877943+00:00
KXLOWTOKC,KXLOWTOKC-26SEP21-B66.5,Low Temperature Oklahoma City,KOKC,2026-09-21,between,66.0,67.0,The Weather Company,https://weather.com/kalshi,0.02,0.07,0.93,0.98,56.0,126.61,928.91,0.0,2026-09-22T06:00:00Z,active,2026-09-21T21:03:18.877943+00:00
KXLOWTOKC,KXLOWTOKC-26SEP21-B64.5,Low Temperature Oklahoma City,KOKC,2026-09-21,between,64.0,65.0,The Weather Company,https://weather.com/kalshi,0.0,0.04,0.96,1.0,1.0,0.0,680.05,0.0,2026-09-22T06:00:00Z,active,2026-09-21T21:03:18.877943+00:00
KXLOWTOKC,KXLOWTOKC-26SEP21-B62.5,Low Temperature Oklahoma City,KOKC,2026-09-21,between,62.0,63.0,The Weather Company,https://weather.com/kalshi,0.0,0.05,0.95,1.0,41.0,0.0,514.89,0.0,2026-09-22T06:00:00Z,active,2026-09-21T21:03:18.877943+00:00
KXLOWTOKC,KXLOWTOKC-26SEP21-B60.5,Low Temperature Oklahoma City,KOKC,2026-09-21,between,60.0,61.0,The Weather Company,https://weather.com/kalshi,0.0,0.01,0.99,1.0,6.0,0.0,381.79,0.0,2026-09-22T06:00:00Z,active,2026-09-21T21:03:18.877943+00:00
KXHIGHTNOLA,KXHIGHTNOLA-26SEP22-T97,New Orleans Max temp Daily,KMSY,2026-09-22,greater,97.0,,The Weather Company,https://weather.com/kalshi,0.0,0.01,0.99,1.0,500.0,0.0,279.0,0.0,2026-09-23T06:00:00Z,active,2026-09-21T21:03:18.877943+00:00
KXHIGHTNOLA,KXHIGHTNOLA-26SEP22-T90,New Orleans Max temp Daily,KMSY,2026-09-22,less,,90.0,The Weather Company,https://weather.com/kalshi,0.07,0.12,0.88,0.93,26.0,1.0,2.0,0.0,2026-09-23T06:00:00Z,active,2026-09-21T21:03:18.877943+00:00
KXHIGHTNOLA,KXHIGHTNOLA-26SEP22-B96.5,New Orleans Max temp Daily,KMSY,2026-09-22,between,96.0,97.0,The Weather Company,https://weather.com/kalshi,0.01,0.03,0.97,0.99,0.24,579.62,117.38,0.0,2026-09-23T06:00:00Z,active,2026-09-21T21:03:18.877943+00:00
KXHIGHTNOLA,KXHIGHTNOLA-26SEP22-B94.5,New Orleans Max temp Daily,KMSY,2026-09-22,between,94.0,95.0,The Weather Company,https://weather.com/kalshi,0.12,0.15,0.85,0.88,3.0,27.0,1.0,0.0,2026-09-23T06:00:00Z,active,2026-09-21T21:03:18.877943+00:00
KXHIGHTNOLA,KXHIGHTNOLA-26SEP22-B92.5,New Orleans Max temp Daily,KMSY,2026-09-22,between,92.0,93.0,The Weather Company,https://weather.com/kalshi,0.4,0.46,0.54,0.6,30.0,1.0,57.0,0.0,2026-09-23T06:00:00Z,active,2026-09-21T21:03:18.877943+00:00
KXHIGHTNOLA,KXHIGHTNOLA-26SEP22-B90.5,New Orleans Max temp Daily,KMSY,2026-09-22,between,90.0,91.0,The Weather Company,https://weather.com/kalshi,0.34,0.35,0.65,0.66,29.0,6.0,301.0,0.0,2026-09-23T06:00:00Z,active,2026-09-21T21:03:18.877943+00:00
KXHIGHTNOLA,KXHIGHTNOLA-26SEP21-T98,New Orleans Max temp Daily,KMSY,2026-09-21,greater,98.0,,The Weather Company,https://weather.com/kalshi,0.0,0.01,0.99,1.0,8425.99,0.0,134.0,0.0,2026-09-22T06:00:00Z,active,2026-09-21T21:03:18.877943+00:00
KXHIGHTNOLA,KXHIGHTNOLA-26SEP21-T91,New Orleans Max temp Daily,KMSY,2026-09-21,less,,91.0,The Weather Company,https://weather.com/kalshi,0.0,0.01,0.99,1.0,46778.78,0.0,2630.46,0.0,2026-09-22T06:00:00Z,active,2026-09-21T21:03:18.877943+00:00
KXHIGHTNOLA,KXHIGHTNOLA-26SEP21-B97.5,New Orleans Max temp Daily,KMSY,2026-09-21,between,97.0,98.0,The Weather Company,https://weather.com/kalshi,0.0,0.01,0.99,1.0,424.18,0.0,330.6,0.0,2026-09-22T06:00:00Z,active,2026-09-21T21:03:18.877943+00:00
KXHIGHTNOLA,KXHIGHTNOLA-26SEP21-B95.5,New Orleans Max temp Daily,KMSY,2026-09-21,between,95.0,96.0,The Weather Company,https://weather.com/kalshi,0.0,0.01,0.99,1.0,246.21,0.0,590.09,0.0,2026-09-22T06:00:00Z,active,2026-09-21T21:03:18.877943+00:00
KXHIGHTNOLA,KXHIGHTNOLA-26SEP21-B93.5,New Orleans Max temp Daily,KMSY,2026-09-21,between,93.0,94.0,The Weather Company,https://weather.com/kalshi,0.25,0.3,0.7,0.75,7.0,25.0,3280.05,0.0,2026-09-22T06:00:00Z,active,2026-09-21T21:03:18.877943+00:00
KXHIGHTNOLA,KXHIGHTNOLA-26SEP21-B91.5,New Orleans Max temp Daily,KMSY,2026-09-21,between,91.0,92.0,The Weather Company,https://weather.com/kalshi,0.71,0.75,0.25,0.29,35.7,67.0,3307.59,0.0,2026-09-22T06:00:00Z,active,2026-09-21T21:03:18.877943+00:00
KXLOWTSDF,KXLOWTSDF-26SEP22-T65,Lowest Temperature SDX,KSDF,2026-09-22,greater,65.0,,The Weather Company,https://weather.com/kalshi,0.01,0.11,0.89,0.99,1.0,99.91,6.09,0.0,2026-09-23T05:00:00Z,active,2026-09-21T21:03:18.877943+00:00
KXLOWTSDF,KXLOWTSDF-26SEP22-T58,Lowest Temperature SDX,KSDF,2026-09-22,less,,58.0,The Weather Company,https://weather.com/kalshi,0.0,0.1,0.9,1.0,25.0,0.0,0.0,0.0,2026-09-23T05:00:00Z,active,2026-09-21T21:03:18.877943+00:00
KXLOWTSDF,KXLOWTSDF-26SEP22-B64.5,Lowest Temperature SDX,KSDF,2026-09-22,between,64.0,65.0,The Weather Company,https://weather.com/kalshi,0.31,0.5,0.5,0.69,5.0,27.0,14.0,0.0,2026-09-23T05:00:00Z,active,2026-09-21T21:03:18.877943+00:00
KXLOWTSDF,KXLOWTSDF-26SEP22-B62.5,Lowest Temperature SDX,KSDF,2026-09-22,between,62.0,63.0,The Weather Company,https://weather.com/kalshi,0.38,0.58,0.42,0.62,25.0,25.0,0.0,0.0,2026-09-23T05:00:00Z,active,2026-09-21T21:03:18.877943+00:00
KXLOWTSDF,KXLOWTSDF-26SEP22-B60.5,Lowest Temperature SDX,KSDF,2026-09-22,between,60.0,61.0,The Weather Company,https://weather.com/kalshi,0.07,0.17,0.83,0.93,25.0,29.0,12.0,0.0,2026-09-23T05:00:00Z,active,2026-09-21T21:03:18.877943+00:00
KXLOWTSDF,KXLOWTSDF-26SEP22-B58.5,Lowest Temperature SDX,KSDF,2026-09-22,between,58.0,59.0,The Weather Company,https://weather.com/kalshi,0.02,0.1,0.9,0.98,25.0,29.0,1.0,0.0,2026-09-23T05:00:00Z,active,2026-09-21T21:03:18.877943+00:00
KXLOWTSDF,KXLOWTSDF-26SEP21-T73,Lowest Temperature SDX,KSDF,2026-09-21,greater,73.0,,The Weather Company,https://weather.com/kalshi,0.0,0.01,0.99,1.0,249.0,0.0,23.61,0.0,2026-09-22T05:00:00Z,active,2026-09-21T21:03:18.877943+00:00
KXLOWTSDF,KXLOWTSDF-26SEP21-T66,Lowest Temperature SDX,KSDF,2026-09-21,less,,66.0,The Weather Company,https://weather.com/kalshi,0.0,0.04,0.96,1.0,50.09,0.0,11.09,0.0,2026-09-22T05:00:00Z,active,2026-09-21T21:03:18.877943+00:00
KXLOWTSDF,KXLOWTSDF-26SEP21-B72.5,Lowest Temperature SDX,KSDF,2026-09-21,between,72.0,73.0,The Weather Company,https://weather.com/kalshi,0.0,0.01,0.99,1.0,249.0,0.0,134.47,0.0,2026-09-22T05:00:00Z,active,2026-09-21T21:03:18.877943+00:00
KXLOWTSDF,KXLOWTSDF-26SEP21-B70.5,Lowest Temperature SDX,KSDF,2026-09-21,between,70.0,71.0,The Weather Company,https://weather.com/kalshi,0.0,0.63,0.37,1.0,11.0,0.0,175.0,0.0,2026-09-22T05:00:00Z,active,2026-09-21T21:03:18.877943+00:00
KXLOWTSDF,KXLOWTSDF-26SEP21-B68.5,Lowest Temperature SDX,KSDF,2026-09-21,between,68.0,69.0,The Weather Company,https://weather.com/kalshi,0.14,0.33,0.67,0.86,1.0,25.0,13.0,0.0,2026-09-22T05:00:00Z,active,2026-09-21T21:03:18.877943+00:00
KXLOWTSDF,KXLOWTSDF-26SEP21-B66.5,Lowest Temperature SDX,KSDF,2026-09-21,between,66.0,67.0,The Weather Company,https://weather.com/kalshi,0.38,0.57,0.43,0.62,3.0,25.0,63.0,0.0,2026-09-22T05:00:00Z,active,2026-09-21T21:03:18.877943+00:00
KXLOWTNYC,KXLOWTNYC-26SEP22-T60,Lowest temperature in NYC,KNYC,2026-09-22,greater,60.0,,The Weather Company,https://weather.com/kalshi,0.03,0.05,0.95,0.97,54.0,77.0,16.58,0.0,2026-09-23T05:00:00Z,active,2026-09-21T21:03:18.877943+00:00
KXLOWTNYC,KXLOWTNYC-26SEP22-T53,Lowest temperature in NYC,KNYC,2026-09-22,less,,53.0,The Weather Company,https://weather.com/kalshi,0.02,0.04,0.96,0.98,6.0,73.72,16.28,0.0,2026-09-23T05:00:00Z,active,2026-09-21T21:03:18.877943+00:00
KXLOWTNYC,KXLOWTNYC-26SEP22-B59.5,Lowest temperature in NYC,KNYC,2026-09-22,between,59.0,60.0,The Weather Company,https://weather.com/kalshi,0.11,0.12,0.88,0.89,5.0,120.0,2.0,0.0,2026-09-23T05:00:00Z,active,2026-09-21T21:03:18.877943+00:00
KXLOWTNYC,KXLOWTNYC-26SEP22-B57.5,Lowest temperature in NYC,KNYC,2026-09-22,between,57.0,58.0,The Weather Company,https://weather.com/kalshi,0.44,0.53,0.47,0.56,7.0,6.0,100.0,0.0,2026-09-23T05:00:00Z,active,2026-09-21T21:03:18.877943+00:00
KXLOWTNYC,KXLOWTNYC-26SEP22-B55.5,Lowest temperature in NYC,KNYC,2026-09-22,between,55.0,56.0,The Weather Company,https://weather.com/kalshi,0.2,0.3,0.7,0.8,1.0,7.0,83.0,0.0,2026-09-23T05:00:00Z,active,2026-09-21T21:03:18.877943+00:00
KXLOWTNYC,KXLOWTNYC-26SEP22-B53.5,Lowest temperature in NYC,KNYC,2026-09-22,between,53.0,54.0,The Weather Company,https://weather.com/kalshi,0.05,0.09,0.91,0.95,5.0,50.0,33.0,0.0,2026-09-23T05:00:00Z,active,2026-09-21T21:03:18.877943+00:00
KXLOWTNYC,KXLOWTNYC-26SEP21-T62,Lowest temperature in NYC,KNYC,2026-09-21,greater,62.0,,The Weather Company,https://weather.com/kalshi,0.0,0.01,0.99,1.0,1147.4,0.0,5894.85,0.0,2026-09-22T05:00:00Z,active,2026-09-21T21:03:18.877943+00:00
KXLOWTNYC,KXLOWTNYC-26SEP21-T55,Lowest temperature in NYC,KNYC,2026-09-21,less,,55.0,The Weather Company,https://weather.com/kalshi,0.0,0.01,0.99,1.0,342.37,0.0,247.01,0.0,2026-09-22T05:00:00Z,active,2026-09-21T21:03:18.877943+00:00
KXLOWTNYC,KXLOWTNYC-26SEP21-B61.5,Lowest temperature in NYC,KNYC,2026-09-21,between,61.0,62.0,The Weather Company,https://weather.com/kalshi,0.81,0.87,0.13,0.19,38.0,10.0,1476.08,0.0,2026-09-22T05:00:00Z,active,2026-09-21T21:03:18.877943+00:00
KXLOWTNYC,KXLOWTNYC-26SEP21-B59.5,Lowest temperature in NYC,KNYC,2026-09-21,between,59.0,60.0,The Weather Company,https://weather.com/kalshi,0.08,0.26,0.74,0.92,98.0,26.0,1187.88,0.0,2026-09-22T05:00:00Z,active,2026-09-21T21:03:18.877943+00:00
KXLOWTNYC,KXLOWTNYC-26SEP21-B57.5,Lowest temperature in NYC,KNYC,2026-09-21,between,57.0,58.0,The Weather Company,https://weather.com/kalshi,0.01,0.04,0.96,0.99,22.0,38.0,760.81,0.0,2026-09-22T05:00:00Z,active,2026-09-21T21:03:18.877943+00:00
KXLOWTNYC,KXLOWTNYC-26SEP21-B55.5,Lowest temperature in NYC,KNYC,2026-09-21,between,55.0,56.0,The Weather Company,https://weather.com/kalshi,0.0,0.02,0.98,1.0,92.0,0.0,780.12,0.0,2026-09-22T05:00:00Z,active,2026-09-21T21:03:18.877943+00:00
KXLOWTSATX,KXLOWTSATX-26SEP22-T76,Lowest Temperature SATX,KSAT,2026-09-22,greater,76.0,,The Weather Company,https://weather.com/kalshi,0.21,0.34,0.66,0.79,38.0,50.0,0.0,0.0,2026-09-23T06:00:00Z,active,2026-09-21T21:03:18.877943+00:00
KXLOWTSATX,KXLOWTSATX-26SEP22-T69,Lowest Temperature SATX,KSAT,2026-09-22,less,,69.0,The Weather Company,https://weather.com/kalshi,0.0,0.01,0.99,1.0,24.0,0.0,0.0,0.0,2026-09-23T06:00:00Z,active,2026-09-21T21:03:18.877943+00:00
KXLOWTSATX,KXLOWTSATX-26SEP22-B75.5,Lowest Temperature SATX,KSAT,2026-09-22,between,75.0,76.0,The Weather Company,https://weather.com/kalshi,0.56,0.66,0.34,0.44,25.0,2.42,2.0,0.0,2026-09-23T06:00:00Z,active,2026-09-21T21:03:18.877943+00:00
KXLOWTSATX,KXLOWTSATX-26SEP22-B73.5,Lowest Temperature SATX,KSAT,2026-09-22,between,73.0,74.0,The Weather Company,https://weather.com/kalshi,0.12,0.16,0.84,0.88,39.0,79.0,0.0,0.0,2026-09-23T06:00:00Z,active,2026-09-21T21:03:18.877943+00:00
KXLOWTSATX,KXLOWTSATX-26SEP22-B71.5,Lowest Temperature SATX,KSAT,2026-09-22,between,71.0,72.0,The Weather Company,https://weather.com/kalshi,0.02,0.09,0.91,0.98,65.0,38.91,5.09,0.0,2026-09-23T06:00:00Z,active,2026-09-21T21:03:18.877943+00:00
KXLOWTSATX,KXLOWTSATX-26SEP22-B69.5,Lowest Temperature SATX,KSAT,2026-09-22,between,69.0,70.0,The Weather Company,https://weather.com/kalshi,0.01,0.07,0.93,0.99,28.0,74.69,23.31,0.0,2026-09-23T06:00:00Z,active,2026-09-21T21:03:18.877943+00:00
KXLOWTSATX,KXLOWTSATX-26SEP21-T77,Lowest Temperature SATX,KSAT,2026-09-21,greater,77.0,,The Weather Company,https://weather.com/kalshi,0.91,0.95,0.05,0.09,41.25,26.0,2510.46,0.0,2026-09-22T06:00:00Z,active,2026-09-21T21:03:18.877943+00:00
KXLOWTSATX,KXLOWTSATX-26SEP21-T70,Lowest Temperature SATX,KSAT,2026-09-21,less,,70.0,The Weather Company,https://weather.com/kalshi,0.0,0.01,0.99,1.0,1.91,0.0,44.32,0.0,2026-09-22T06:00:00Z,active,2026-09-21T21:03:18.877943+00:00
KXLOWTSATX,KXLOWTSATX-26SEP21-B76.5,Lowest Temperature SATX,KSAT,2026-09-21,between,76.0,77.0,The Weather Company,https://weather.com/kalshi,0.02,0.11,0.89,0.98,87.0,76.0,794.69,0.0,2026-09-22T06:00:00Z,active,2026-09-21T21:03:18.877943+00:00
KXLOWTSATX,KXLOWTSATX-26SEP21-B74.5,Lowest Temperature SATX,KSAT,2026-09-21,between,74.0,75.0,The Weather Company,https://weather.com/kalshi,0.0,0.1,0.9,1.0,25.0,0.0,627.25,0.0,2026-09-22T06:00:00Z,active,2026-09-21T21:03:18.877943+00:00
KXLOWTSATX,KXLOWTSATX-26SEP21-B72.5,Lowest Temperature SATX,KSAT,2026-09-21,between,72.0,73.0,The Weather Company,https://weather.com/kalshi,0.0,0.02,0.98,1.0,60.0,0.0,409.0,0.0,2026-09-22T06:00:00Z,active,2026-09-21T21:03:18.877943+00:00
KXLOWTSATX,KXLOWTSATX-26SEP21-B70.5,Lowest Temperature SATX,KSAT,2026-09-21,between,70.0,71.0,The Weather Company,https://weather.com/kalshi,0.0,0.02,0.98,1.0,60.0,0.0,175.12,0.0,2026-09-22T06:00:00Z,active,2026-09-21T21:03:18.877943+00:00
KXHIGHDEN,KXHIGHDEN-26SEP22-T84,Highest temperature in Denver,KDEN,2026-09-22,greater,84.0,,The Weather Company,https://weather.com/kalshi,0.1,0.13,0.87,0.9,0.13,6.42,476.0,0.0,2026-09-23T07:00:00Z,active,2026-09-21T21:03:18.877943+00:00
KXHIGHDEN,KXHIGHDEN-26SEP22-T77,Highest temperature in Denver,KDEN,2026-09-22,less,,77.0,The Weather Company,https://weather.com/kalshi,0.01,0.02,0.98,0.99,62.24,201.35,376.65,0.0,2026-09-23T07:00:00Z,active,2026-09-21T21:03:18.877943+00:00
KXHIGHDEN,KXHIGHDEN-26SEP22-B83.5,Highest temperature in Denver,KDEN,2026-09-22,between,83.0,84.0,The Weather Company,https://weather.com/kalshi,0.43,0.44,0.56,0.57,11.0,9.0,319.0,0.0,2026-09-23T07:00:00Z,active,2026-09-21T21:03:18.877943+00:00
KXHIGHDEN,KXHIGHDEN-26SEP22-B81.5,Highest temperature in Denver,KDEN,2026-09-22,between,81.0,82.0,The Weather Company,https://weather.com/kalshi,0.25,0.29,0.71,0.75,56.0,20.33,379.02,0.0,2026-09-23T07:00:00Z,active,2026-09-21T21:03:18.877943+00:00
KXHIGHDEN,KXHIGHDEN-26SEP22-B79.5,Highest temperature in Denver,KDEN,2026-09-22,between,79.0,80.0,The Weather Company,https://weather.com/kalshi,0.08,0.1,0.9,0.92,4.61,1.0,250.46,0.0,2026-09-23T07:00:00Z,active,2026-09-21T21:03:18.877943+00:00
KXHIGHDEN,KXHIGHDEN-26SEP22-B77.5,Highest temperature in Denver,KDEN,2026-09-22,between,77.0,78.0,The Weather Company,https://weather.com/kalshi,0.02,0.07,0.93,0.98,10.0,100.0,70.02,0.0,2026-09-23T07:00:00Z,active,2026-09-21T21:03:18.877943+00:00
KXHIGHDEN,KXHIGHDEN-26SEP21-T77,Highest temperature in Denver,KDEN,2026-09-21,greater,77.0,,The Weather Company,https://weather.com/kalshi,0.0,0.01,0.99,1.0,25.63,0.0,2944.07,0.0,2026-09-22T07:00:00Z,active,2026-09-21T21:03:18.877943+00:00
KXHIGHDEN,KXHIGHDEN-26SEP21-T70,Highest temperature in Denver,KDEN,2026-09-21,less,,70.0,The Weather Company,https://weather.com/kalshi,0.0,0.01,0.99,1.0,24181.37,0.0,2742.28,0.0,2026-09-22T07:00:00Z,active,2026-09-21T21:03:18.877943+00:00
KXHIGHDEN,KXHIGHDEN-26SEP21-B76.5,Highest temperature in Denver,KDEN,2026-09-21,between,76.0,77.0,The Weather Company,https://weather.com/kalshi,0.71,0.72,0.28,0.29,78.0,9.16,3973.93,0.0,2026-09-22T07:00:00Z,active,2026-09-21T21:03:18.877943+00:00
KXHIGHDEN,KXHIGHDEN-26SEP21-B74.5,Highest temperature in Denver,KDEN,2026-09-21,between,74.0,75.0,The Weather Company,https://weather.com/kalshi,0.29,0.3,0.7,0.71,1.0,78.69,3616.82,0.0,2026-09-22T07:00:00Z,active,2026-09-21T21:03:18.877943+00:00
KXHIGHDEN,KXHIGHDEN-26SEP21-B72.5,Highest temperature in Denver,KDEN,2026-09-21,between,72.0,73.0,The Weather Company,https://weather.com/kalshi,0.0,0.01,0.99,1.0,21202.29,0.0,2773.82,0.0,2026-09-22T07:00:00Z,active,2026-09-21T21:03:18.877943+00:00
KXHIGHDEN,KXHIGHDEN-26SEP21-B70.5,Highest temperature in Denver,KDEN,2026-09-21,between,70.0,71.0,The Weather Company,https://weather.com/kalshi,0.0,0.01,0.99,1.0,22628.33,0.0,2019.34,0.0,2026-09-22T07:00:00Z,active,2026-09-21T21:03:18.877943+00:00
KXLOWTTTN,KXLOWTTTN-26SEP22-T55,Trenton Daily low temp ,KTTN,2026-09-22,greater,55.0,,The Weather Company,https://weather.com/kalshi,0.43,0.62,0.38,0.57,25.0,1.31,1.31,0.0,2026-09-23T05:00:00Z,active,2026-09-21T21:03:18.877943+00:00
KXLOWTTTN,KXLOWTTTN-26SEP22-T48,Trenton Daily low temp ,KTTN,2026-09-22,less,,48.0,The Weather Company,https://weather.com/kalshi,0.0,0.1,0.9,1.0,25.0,0.0,40.36,0.0,2026-09-23T05:00:00Z,active,2026-09-21T21:03:18.877943+00:00
KXLOWTTTN,KXLOWTTTN-26SEP22-B54.5,Trenton Daily low temp ,KTTN,2026-09-22,between,54.0,55.0,The Weather Company,https://weather.com/kalshi,0.23,0.43,0.57,0.77,25.0,25.0,0.0,0.0,2026-09-23T05:00:00Z,active,2026-09-21T21:03:18.877943+00:00
KXLOWTTTN,KXLOWTTTN-26SEP22-B52.5,Trenton Daily low temp ,KTTN,2026-09-22,between,52.0,53.0,The Weather Company,https://weather.com/kalshi,0.04,0.22,0.78,0.96,25.0,25.0,0.0,0.0,2026-09-23T05:00:00Z,active,2026-09-21T21:03:18.877943+00:00
KXLOWTTTN,KXLOWTTTN-26SEP22-B50.5,Trenton Daily low temp ,KTTN,2026-09-22,between,50.0,51.0,The Weather Company,https://weather.com/kalshi,0.02,0.11,0.89,0.98,25.0,29.0,0.0,0.0,2026-09-23T05:00:00Z,active,2026-09-21T21:03:18.877943+00:00
KXLOWTTTN,KXLOWTTTN-26SEP22-B48.5,Trenton Daily low temp ,KTTN,2026-09-22,between,48.0,49.0,The Weather Company,https://weather.com/kalshi,0.02,0.1,0.9,0.98,25.0,29.0,0.0,0.0,2026-09-23T05:00:00Z,active,2026-09-21T21:03:18.877943+00:00
KXLOWTTTN,KXLOWTTTN-26SEP21-T60,Trenton Daily low temp ,KTTN,2026-09-21,greater,60.0,,The Weather Company,https://weather.com/kalshi,0.45,0.64,0.36,0.55,25.0,4.0,118.73,0.0,2026-09-22T05:00:00Z,active,2026-09-21T21:03:18.877943+00:00
KXLOWTTTN,KXLOWTTTN-26SEP21-T53,Trenton Daily low temp ,KTTN,2026-09-21,less,,53.0,The Weather Company,https://weather.com/kalshi,0.0,0.01,0.99,1.0,115.18,0.0,40.0,0.0,2026-09-22T05:00:00Z,active,2026-09-21T21:03:18.877943+00:00
KXLOWTTTN,KXLOWTTTN-26SEP21-B59.5,Trenton Daily low temp ,KTTN,2026-09-21,between,59.0,60.0,The Weather Company,https://weather.com/kalshi,0.29,0.46,0.54,0.71,25.0,2.18,4.27,0.0,2026-09-22T05:00:00Z,active,2026-09-21T21:03:18.877943+00:00
KXLOWTTTN,KXLOWTTTN-26SEP21-B57.5,Trenton Daily low temp ,KTTN,2026-09-21,between,57.0,58.0,The Weather Company,https://weather.com/kalshi,0.02,0.06,0.94,0.98,3.0,50.0,90.0,0.0,2026-09-22T05:00:00Z,active,2026-09-21T21:03:18.877943+00:00
KXLOWTTTN,KXLOWTTTN-26SEP21-B55.5,Trenton Daily low temp ,KTTN,2026-09-21,between,55.0,56.0,The Weather Company,https://weather.com/kalshi,0.0,0.1,0.9,1.0,25.0,0.0,244.0,0.0,2026-09-22T05:00:00Z,active,2026-09-21T21:03:18.877943+00:00
KXLOWTTTN,KXLOWTTTN-26SEP21-B53.5,Trenton Daily low temp ,KTTN,2026-09-21,between,53.0,54.0,The Weather Company,https://weather.com/kalshi,0.0,0.02,0.98,1.0,72.0,0.0,119.09,0.0,2026-09-22T05:00:00Z,active,2026-09-21T21:03:18.877943+00:00
KXLOWTSEA,KXLOWTSEA-26SEP22-T55,Low Temperature Seattle,KSEA,2026-09-22,greater,55.0,,The Weather Company,https://weather.com/kalshi,0.22,0.23,0.77,0.78,6.0,25.0,1.0,0.0,2026-09-23T08:00:00Z,active,2026-09-21T21:03:18.877943+00:00
KXLOWTSEA,KXLOWTSEA-26SEP22-T48,Low Temperature Seattle,KSEA,2026-09-22,less,,48.0,The Weather Company,https://weather.com/kalshi,0.0,0.01,0.99,1.0,24.0,0.0,0.0,0.0,2026-09-23T08:00:00Z,active,2026-09-21T21:03:18.877943+00:00
KXLOWTSEA,KXLOWTSEA-26SEP22-B54.5,Low Temperature Seattle,KSEA,2026-09-22,between,54.0,55.0,The Weather Company,https://weather.com/kalshi,0.38,0.57,0.43,0.62,1.0,25.0,12.0,0.0,2026-09-23T08:00:00Z,active,2026-09-21T21:03:18.877943+00:00
KXLOWTSEA,KXLOWTSEA-26SEP22-B52.5,Low Temperature Seattle,KSEA,2026-09-22,between,52.0,53.0,The Weather Company,https://weather.com/kalshi,0.18,0.26,0.74,0.82,25.0,39.0,8.0,0.0,2026-09-23T08:00:00Z,active,2026-09-21T21:03:18.877943+00:00
KXLOWTSEA,KXLOWTSEA-26SEP22-B50.5,Low Temperature Seattle,KSEA,2026-09-22,between,50.0,51.0,The Weather Company,https://weather.com/kalshi,0.02,0.07,0.93,0.98,1.0,30.0,22.65,0.0,2026-09-23T08:00:00Z,active,2026-09-21T21:03:18.877943+00:00
KXLOWTSEA,KXLOWTSEA-26SEP22-B48.5,Low Temperature Seattle,KSEA,2026-09-22,between,48.0,49.0,The Weather Company,https://weather.com/kalshi,0.0,0.08,0.92,1.0,82.0,0.0,110.0,0.0,2026-09-23T08:00:00Z,active,2026-09-21T21:03:18.877943+00:00
KXLOWTSEA,KXLOWTSEA-26SEP21-T53,Low Temperature Seattle,KSEA,2026-09-21,greater,53.0,,The Weather Company,https://weather.com/kalshi,0.0,0.01,0.99,1.0,22445.15,0.0,115.67,0.0,2026-09-22T08:00:00Z,active,2026-09-21T21:03:18.877943+00:00
KXLOWTSEA,KXLOWTSEA-26SEP21-T46,Low Temperature Seattle,KSEA,2026-09-21,less,,46.0,The Weather Company,https://weather.com/kalshi,0.0,0.01,0.99,1.0,121.12,0.0,112.12,0.0,2026-09-22T08:00:00Z,active,2026-09-21T21:03:18.877943+00:00
KXLOWTSEA,KXLOWTSEA-26SEP21-B52.5,Low Temperature Seattle,KSEA,2026-09-21,between,52.0,53.0,The Weather Company,https://weather.com/kalshi,0.98,1.0,0.0,0.02,0.0,300.0,2005.26,0.0,2026-09-22T08:00:00Z,active,2026-09-21T21:03:18.877943+00:00
KXLOWTSEA,KXLOWTSEA-26SEP21-B50.5,Low Temperature Seattle,KSEA,2026-09-21,between,50.0,51.0,The Weather Company,https://weather.com/kalshi,0.0,0.02,0.98,1.0,356.0,0.0,579.91,0.0,2026-09-22T08:00:00Z,active,2026-09-21T21:03:18.877943+00:00
KXLOWTSEA,KXLOWTSEA-26SEP21-B48.5,Low Temperature Seattle,KSEA,2026-09-21,between,48.0,49.0,The Weather Company,https://weather.com/kalshi,0.0,0.02,0.98,1.0,378.0,0.0,299.84,0.0,2026-09-22T08:00:00Z,active,2026-09-21T21:03:18.877943+00:00
KXLOWTSEA,KXLOWTSEA-26SEP21-B46.5,Low Temperature Seattle,KSEA,2026-09-21,between,46.0,47.0,The Weather Company,https://weather.com/kalshi,0.0,0.01,0.99,1.0,15.0,0.0,421.39,0.0,2026-09-22T08:00:00Z,active,2026-09-21T21:03:18.877943+00:00
KXHIGHTSAN,KXHIGHTSAN-26SEP22-T79,High Temperature San Diego,KSAN,2026-09-22,greater,79.0,,The Weather Company,https://weather.com/kalshi,0.1,0.21,0.79,0.9,1.1,34.0,101.1,0.0,2026-09-23T08:00:00Z,active,2026-09-21T21:03:18.877943+00:00
KXHIGHTSAN,KXHIGHTSAN-26SEP22-T72,High Temperature San Diego,KSAN,2026-09-22,less,,72.0,The Weather Company,https://weather.com/kalshi,0.03,0.04,0.96,0.97,6.0,0.75,9.25,0.0,2026-09-23T08:00:00Z,active,2026-09-21T21:03:18.877943+00:00
KXHIGHTSAN,KXHIGHTSAN-26SEP22-B78.5,High Temperature San Diego,KSAN,2026-09-22,between,78.0,79.0,The Weather Company,https://weather.com/kalshi,0.16,0.36,0.64,0.84,25.0,25.0,0.0,0.0,2026-09-23T08:00:00Z,active,2026-09-21T21:03:18.877943+00:00
KXHIGHTSAN,KXHIGHTSAN-26SEP22-B76.5,High Temperature San Diego,KSAN,2026-09-22,between,76.0,77.0,The Weather Company,https://weather.com/kalshi,0.42,0.61,0.39,0.58,1.0,25.0,89.33,0.0,2026-09-23T08:00:00Z,active,2026-09-21T21:03:18.877943+00:00
KXHIGHTSAN,KXHIGHTSAN-26SEP22-B74.5,High Temperature San Diego,KSAN,2026-09-22,between,74.0,75.0,The Weather Company,https://weather.com/kalshi,0.07,0.17,0.83,0.93,25.0,29.0,10.0,0.0,2026-09-23T08:00:00Z,active,2026-09-21T21:03:18.877943+00:00
KXHIGHTSAN,KXHIGHTSAN-26SEP22-B72.5,High Temperature San Diego,KSAN,2026-09-22,between,72.0,73.0,The Weather Company,https://weather.com/kalshi,0.03,0.11,0.89,0.97,25.0,10.0,0.0,0.0,2026-09-23T08:00:00Z,active,2026-09-21T21:03:18.877943+00:00
KXHIGHTSAN,KXHIGHTSAN-26SEP21-T79,High Temperature San Diego,KSAN,2026-09-21,greater,79.0,,The Weather Company,https://weather.com/kalshi,0.01,0.02,0.98,0.99,9.0,25.0,172.05,0.0,2026-09-22T08:00:00Z,active,2026-09-21T21:03:18.877943+00:00
KXHIGHTSAN,KXHIGHTSAN-26SEP21-T72,High Temperature San Diego,KSAN,2026-09-21,less,,72.0,The Weather Company,https://weather.com/kalshi,0.0,0.01,0.99,1.0,4530.76,0.0,123.03,0.0,2026-09-22T08:00:00Z,active,2026-09-21T21:03:18.877943+00:00
KXHIGHTSAN,KXHIGHTSAN-26SEP21-B78.5,High Temperature San Diego,KSAN,2026-09-21,between,78.0,79.0,The Weather Company,https://weather.com/kalshi,0.08,0.13,0.87,0.92,10.0,38.0,72.47,0.0,2026-09-22T08:00:00Z,active,2026-09-21T21:03:18.877943+00:00
KXHIGHTSAN,KXHIGHTSAN-26SEP21-B76.5,High Temperature San Diego,KSAN,2026-09-21,between,76.0,77.0,The Weather Company,https://weather.com/kalshi,0.88,0.93,0.07,0.12,123.0,11.0,431.65,0.0,2026-09-22T08:00:00Z,active,2026-09-21T21:03:18.877943+00:00
KXHIGHTSAN,KXHIGHTSAN-26SEP21-B74.5,High Temperature San Diego,KSAN,2026-09-21,between,74.0,75.0,The Weather Company,https://weather.com/kalshi,0.0,0.01,0.99,1.0,4382.52,0.0,642.74,0.0,2026-09-22T08:00:00Z,active,2026-09-21T21:03:18.877943+00:00
KXHIGHTSAN,KXHIGHTSAN-26SEP21-B72.5,High Temperature San Diego,KSAN,2026-09-21,between,72.0,73.0,The Weather Company,https://weather.com/kalshi,0.0,0.01,0.99,1.0,4386.14,0.0,501.5,0.0,2026-09-22T08:00:00Z,active,2026-09-21T21:03:18.877943+00:00
KXLOWTDC,KXLOWTDC-26SEP22-T63,Lowest Temperature DC ,KDCA,2026-09-22,greater,63.0,,The Weather Company,https://weather.com/kalshi,0.02,0.12,0.88,0.98,1.0,50.0,6.09,0.0,2026-09-23T05:00:00Z,active,2026-09-21T21:03:18.877943+00:00
KXLOWTDC,KXLOWTDC-26SEP22-T56,Lowest Temperature DC ,KDCA,2026-09-22,less,,56.0,The Weather Company,https://weather.com/kalshi,0.0,0.01,0.99,1.0,9.0,0.0,15.0,0.0,2026-09-23T05:00:00Z,active,2026-09-21T21:03:18.877943+00:00
KXLOWTDC,KXLOWTDC-26SEP22-B62.5,Lowest Temperature DC ,KDCA,2026-09-22,between,62.0,63.0,The Weather Company,https://weather.com/kalshi,0.09,0.2,0.8,0.91,1.0,4.0,21.0,0.0,2026-09-23T05:00:00Z,active,2026-09-21T21:03:18.877943+00:00
KXLOWTDC,KXLOWTDC-26SEP22-B60.5,Lowest Temperature DC ,KDCA,2026-09-22,between,60.0,61.0,The Weather Company,https://weather.com/kalshi,0.32,0.43,0.57,0.68,25.0,29.0,98.0,0.0,2026-09-23T05:00:00Z,active,2026-09-21T21:03:18.877943+00:00
KXLOWTDC,KXLOWTDC-26SEP22-B58.5,Lowest Temperature DC ,KDCA,2026-09-22,between,58.0,59.0,The Weather Company,https://weather.com/kalshi,0.18,0.56,0.44,0.82,1.0,0.97,109.22,0.0,2026-09-23T05:00:00Z,active,2026-09-21T21:03:18.877943+00:00
KXLOWTDC,KXLOWTDC-26SEP22-B56.5,Lowest Temperature DC ,KDCA,2026-09-22,between,56.0,57.0,The Weather Company,https://weather.com/kalshi,0.02,0.08,0.92,0.98,1.0,23.0,19.51,0.0,2026-09-23T05:00:00Z,active,2026-09-21T21:03:18.877943+00:00
KXLOWTDC,KXLOWTDC-26SEP21-T67,Lowest Temperature DC ,KDCA,2026-09-21,greater,67.0,,The Weather Company,https://weather.com/kalshi,0.0,0.01,0.99,1.0,17370.15,0.0,1650.77,0.0,2026-09-22T05:00:00Z,active,2026-09-21T21:03:18.877943+00:00
KXLOWTDC,KXLOWTDC-26SEP21-T60,Lowest Temperature DC ,KDCA,2026-09-21,less,,60.0,The Weather Company,https://weather.com/kalshi,0.0,0.03,0.97,1.0,242.99,0.0,193.19,0.0,2026-09-22T05:00:00Z,active,2026-09-21T21:03:18.877943+00:00
KXLOWTDC,KXLOWTDC-26SEP21-B66.5,Lowest Temperature DC ,KDCA,2026-09-21,between,66.0,67.0,The Weather Company,https://weather.com/kalshi,0.19,0.53,0.47,0.81,91.0,11.0,548.27,0.0,2026-09-22T05:00:00Z,active,2026-09-21T21:03:18.877943+00:00
KXLOWTDC,KXLOWTDC-26SEP21-B64.5,Lowest Temperature DC ,KDCA,2026-09-21,between,64.0,65.0,The Weather Company,https://weather.com/kalshi,0.14,0.59,0.41,0.86,1.0,74.0,486.2,0.0,2026-09-22T05:00:00Z,active,2026-09-21T21:03:18.877943+00:00
KXLOWTDC,KXLOWTDC-26SEP21-B62.5,Lowest Temperature DC ,KDCA,2026-09-21,between,62.0,63.0,The Weather Company,https://weather.com/kalshi,0.01,0.07,0.93,0.99,7.0,314.81,455.54,0.0,2026-09-22T05:00:00Z,active,2026-09-21T21:03:18.877943+00:00
KXLOWTDC,KXLOWTDC-26SEP21-B60.5,Lowest Temperature DC ,KDCA,2026-09-21,between,60.0,61.0,The Weather Company,https://weather.com/kalshi,0.01,0.09,0.91,0.99,1.0,239.0,201.07,0.0,2026-09-22T05:00:00Z,active,2026-09-21T21:03:18.877943+00:00
KXLOWTSFO,KXLOWTSFO-26SEP22-T59,Lowest Temperature San Francisco,KSFO,2026-09-22,greater,59.0,,The Weather Company,https://weather.com/kalshi,0.01,0.05,0.95,0.99,38.0,47.0,90.0,0.0,2026-09-23T08:00:00Z,active,2026-09-21T21:03:18.877943+00:00
KXLOWTSFO,KXLOWTSFO-26SEP22-T52,Lowest Temperature San Francisco,KSFO,2026-09-22,less,,52.0,The Weather Company,https://weather.com/kalshi,0.01,0.03,0.97,0.99,55.0,25.0,29.0,0.0,2026-09-23T08:00:00Z,active,2026-09-21T21:03:18.877943+00:00
KXLOWTSFO,KXLOWTSFO-26SEP22-B58.5,Lowest Temperature San Francisco,KSFO,2026-09-22,between,58.0,59.0,The Weather Company,https://weather.com/kalshi,0.29,0.34,0.66,0.71,2.42,100.0,4.0,0.0,2026-09-23T08:00:00Z,active,2026-09-21T21:03:18.877943+00:00
KXLOWTSFO,KXLOWTSFO-26SEP22-B56.5,Lowest Temperature San Francisco,KSFO,2026-09-22,between,56.0,57.0,The Weather Company,https://weather.com/kalshi,0.51,0.62,0.38,0.49,5.0,38.0,158.0,0.0,2026-09-23T08:00:00Z,active,2026-09-21T21:03:18.877943+00:00
KXLOWTSFO,KXLOWTSFO-26SEP22-B54.5,Lowest Temperature San Francisco,KSFO,2026-09-22,between,54.0,55.0,The Weather Company,https://weather.com/kalshi,0.06,0.07,0.93,0.94,5.0,194.42,31.21,0.0,2026-09-23T08:00:00Z,active,2026-09-21T21:03:18.877943+00:00
KXLOWTSFO,KXLOWTSFO-26SEP22-B52.5,Lowest Temperature San Francisco,KSFO,2026-09-22,between,52.0,53.0,The Weather Company,https://weather.com/kalshi,0.01,0.06,0.94,0.99,5.0,47.0,80.0,0.0,2026-09-23T08:00:00Z,active,2026-09-21T21:03:18.877943+00:00
KXLOWTSFO,KXLOWTSFO-26SEP21-T60,Lowest Temperature San Francisco,KSFO,2026-09-21,greater,60.0,,The Weather Company,https://weather.com/kalshi,0.0,0.01,0.99,1.0,24971.51,0.0,160.0,0.0,2026-09-22T08:00:00Z,active,2026-09-21T21:03:18.877943+00:00
KXLOWTSFO,KXLOWTSFO-26SEP21-T53,Lowest Temperature San Francisco,KSFO,2026-09-21,less,,53.0,The Weather Company,https://weather.com/kalshi,0.0,0.01,0.99,1.0,171.0,0.0,280.36,0.0,2026-09-22T08:00:00Z,active,2026-09-21T21:03:18.877943+00:00
KXLOWTSFO,KXLOWTSFO-26SEP21-B59.5,Lowest Temperature San Francisco,KSFO,2026-09-21,between,59.0,60.0,The Weather Company,https://weather.com/kalshi,0.0,0.01,0.99,1.0,22434.51,0.0,149.0,0.0,2026-09-22T08:00:00Z,active,2026-09-21T21:03:18.877943+00:00
KXLOWTSFO,KXLOWTSFO-26SEP21-B57.5,Lowest Temperature San Francisco,KSFO,2026-09-21,between,57.0,58.0,The Weather Company,https://weather.com/kalshi,0.97,1.0,0.0,0.03,0.0,33.0,777.88,0.0,2026-09-22T08:00:00Z,active,2026-09-21T21:03:18.877943+00:00
KXLOWTSFO,KXLOWTSFO-26SEP21-B55.5,Lowest Temperature San Francisco,KSFO,2026-09-21,between,55.0,56.0,The Weather Company,https://weather.com/kalshi,0.0,0.02,0.98,1.0,55.0,0.0,212.91,0.0,2026-09-22T08:00:00Z,active,2026-09-21T21:03:18.877943+00:00
KXLOWTSFO,KXLOWTSFO-26SEP21-B53.5,Lowest Temperature San Francisco,KSFO,2026-09-21,between,53.0,54.0,The Weather Company,https://weather.com/kalshi,0.0,0.02,0.98,1.0,55.0,0.0,144.06,0.0,2026-09-22T08:00:00Z,active,2026-09-21T21:03:18.877943+00:00
KXHIGHTOKC,KXHIGHTOKC-26SEP22-T91,Oklahoma City Maximum High Temperature,KOKC,2026-09-22,greater,91.0,,The Weather Company,https://weather.com/kalshi,0.01,0.02,0.98,0.99,69.0,115.26,406.89,0.0,2026-09-23T06:00:00Z,active,2026-09-21T21:03:18.877943+00:00
KXHIGHTOKC,KXHIGHTOKC-26SEP22-T84,Oklahoma City Maximum High Temperature,KOKC,2026-09-22,less,,84.0,The Weather Company,https://weather.com/kalshi,0.08,0.13,0.87,0.92,46.0,49.0,148.14,0.0,2026-09-23T06:00:00Z,active,2026-09-21T21:03:18.877943+00:00
KXHIGHTOKC,KXHIGHTOKC-26SEP22-B90.5,Oklahoma City Maximum High Temperature,KOKC,2026-09-22,between,90.0,91.0,The Weather Company,https://weather.com/kalshi,0.06,0.09,0.91,0.94,89.0,60.0,308.57,0.0,2026-09-23T06:00:00Z,active,2026-09-21T21:03:18.877943+00:00
KXHIGHTOKC,KXHIGHTOKC-26SEP22-B88.5,Oklahoma City Maximum High Temperature,KOKC,2026-09-22,between,88.0,89.0,The Weather Company,https://weather.com/kalshi,0.25,0.29,0.71,0.75,16.0,58.0,384.9,0.0,2026-09-23T06:00:00Z,active,2026-09-21T21:03:18.877943+00:00
KXHIGHTOKC,KXHIGHTOKC-26SEP22-B86.5,Oklahoma City Maximum High Temperature,KOKC,2026-09-22,between,86.0,87.0,The Weather Company,https://weather.com/kalshi,0.37,0.38,0.62,0.63,97.0,2.0,368.86,0.0,2026-09-23T06:00:00Z,active,2026-09-21T21:03:18.877943+00:00
KXHIGHTOKC,KXHIGHTOKC-26SEP22-B84.5,Oklahoma City Maximum High Temperature,KOKC,2026-09-22,between,84.0,85.0,The Weather Company,https://weather.com/kalshi,0.14,0.18,0.82,0.86,34.0,36.0,446.03,0.0,2026-09-23T06:00:00Z,active,2026-09-21T21:03:18.877943+00:00
KXHIGHTOKC,KXHIGHTOKC-26SEP21-T89,Oklahoma City Maximum High Temperature,KOKC,2026-09-21,greater,89.0,,The Weather Company,https://weather.com/kalshi,0.01,0.04,0.96,0.99,5.0,25.0,1973.71,0.0,2026-09-22T06:00:00Z,active,2026-09-21T21:03:18.877943+00:00
KXHIGHTOKC,KXHIGHTOKC-26SEP21-T82,Oklahoma City Maximum High Temperature,KOKC,2026-09-21,less,,82.0,The Weather Company,https://weather.com/kalshi,0.0,0.01,0.99,1.0,96454.23,0.0,4747.44,0.0,2026-09-22T06:00:00Z,active,2026-09-21T21:03:18.877943+00:00
KXHIGHTOKC,KXHIGHTOKC-26SEP21-B88.5,Oklahoma City Maximum High Temperature,KOKC,2026-09-21,between,88.0,89.0,The Weather Company,https://weather.com/kalshi,0.01,0.02,0.98,0.99,3.0,9.0,2350.18,0.0,2026-09-22T06:00:00Z,active,2026-09-21T21:03:18.877943+00:00
KXHIGHTOKC,KXHIGHTOKC-26SEP21-B86.5,Oklahoma City Maximum High Temperature,KOKC,2026-09-21,between,86.0,87.0,The Weather Company,https://weather.com/kalshi,0.1,0.13,0.87,0.9,54.0,25.0,5666.19,0.0,2026-09-22T06:00:00Z,active,2026-09-21T21:03:18.877943+00:00
KXHIGHTOKC,KXHIGHTOKC-26SEP21-B84.5,Oklahoma City Maximum High Temperature,KOKC,2026-09-21,between,84.0,85.0,The Weather Company,https://weather.com/kalshi,0.77,0.89,0.11,0.23,51.95,39.0,4191.59,0.0,2026-09-22T06:00:00Z,active,2026-09-21T21:03:18.877943+00:00
KXHIGHTOKC,KXHIGHTOKC-26SEP21-B82.5,Oklahoma City Maximum High Temperature,KOKC,2026-09-21,between,82.0,83.0,The Weather Company,https://weather.com/kalshi,0.0,0.01,0.99,1.0,107128.68,0.0,6168.71,0.0,2026-09-22T06:00:00Z,active,2026-09-21T21:03:18.877943+00:00
KXLOWTLV,KXLOWTLV-26SEP22-T72,Las Vegas Daily Low Temperature,KLAS,2026-09-22,greater,72.0,,The Weather Company,https://weather.com/kalshi,0.05,0.08,0.92,0.95,54.0,29.0,144.78,0.0,2026-09-23T08:00:00Z,active,2026-09-21T21:03:18.877943+00:00
KXLOWTLV,KXLOWTLV-26SEP22-T65,Las Vegas Daily Low Temperature,KLAS,2026-09-22,less,,65.0,The Weather Company,https://weather.com/kalshi,0.0,0.01,0.99,1.0,18.0,0.0,6.0,0.0,2026-09-23T08:00:00Z,active,2026-09-21T21:03:18.877943+00:00
KXLOWTLV,KXLOWTLV-26SEP22-B71.5,Las Vegas Daily Low Temperature,KLAS,2026-09-22,between,71.0,72.0,The Weather Company,https://weather.com/kalshi,0.19,0.21,0.79,0.81,89.0,1.96,34.04,0.0,2026-09-23T08:00:00Z,active,2026-09-21T21:03:18.877943+00:00
KXLOWTLV,KXLOWTLV-26SEP22-B69.5,Las Vegas Daily Low Temperature,KLAS,2026-09-22,between,69.0,70.0,The Weather Company,https://weather.com/kalshi,0.45,0.56,0.44,0.55,4.77,4.0,114.23,0.0,2026-09-23T08:00:00Z,active,2026-09-21T21:03:18.877943+00:00
KXLOWTLV,KXLOWTLV-26SEP22-B67.5,Las Vegas Daily Low Temperature,KLAS,2026-09-22,between,67.0,68.0,The Weather Company,https://weather.com/kalshi,0.22,0.32,0.68,0.78,4.0,17.18,240.88,0.0,2026-09-23T08:00:00Z,active,2026-09-21T21:03:18.877943+00:00
KXLOWTLV,KXLOWTLV-26SEP22-B65.5,Las Vegas Daily Low Temperature,KLAS,2026-09-22,between,65.0,66.0,The Weather Company,https://weather.com/kalshi,0.04,0.07,0.93,0.96,4.0,29.0,16.28,0.0,2026-09-23T08:00:00Z,active,2026-09-21T21:03:18.877943+00:00
KXLOWTLV,KXLOWTLV-26SEP21-T76,Las Vegas Daily Low Temperature,KLAS,2026-09-21,greater,76.0,,The Weather Company,https://weather.com/kalshi,0.0,0.01,0.99,1.0,23044.15,0.0,946.57,0.0,2026-09-22T08:00:00Z,active,2026-09-21T21:03:18.877943+00:00
KXLOWTLV,KXLOWTLV-26SEP21-T69,Las Vegas Daily Low Temperature,KLAS,2026-09-21,less,,69.0,The Weather Company,https://weather.com/kalshi,0.0,0.01,0.99,1.0,30.0,0.0,30.0,0.0,2026-09-22T08:00:00Z,active,2026-09-21T21:03:18.877943+00:00
KXLOWTLV,KXLOWTLV-26SEP21-B75.5,Las Vegas Daily Low Temperature,KLAS,2026-09-21,between,75.0,76.0,The Weather Company,https://weather.com/kalshi,0.64,0.83,0.17,0.36,56.36,5.0,687.65,0.0,2026-09-22T08:00:00Z,active,2026-09-21T21:03:18.877943+00:00
KXLOWTLV,KXLOWTLV-26SEP21-B73.5,Las Vegas Daily Low Temperature,KLAS,2026-09-21,between,73.0,74.0,The Weather Company,https://weather.com/kalshi,0.16,0.28,0.72,0.84,50.0,79.0,524.28,0.0,2026-09-22T08:00:00Z,active,2026-09-21T21:03:18.877943+00:00
KXLOWTLV,KXLOWTLV-26SEP21-B71.5,Las Vegas Daily Low Temperature,KLAS,2026-09-21,between,71.0,72.0,The Weather Company,https://weather.com/kalshi,0.0,0.01,0.99,1.0,3.0,0.0,520.71,0.0,2026-09-22T08:00:00Z,active,2026-09-21T21:03:18.877943+00:00
KXLOWTLV,KXLOWTLV-26SEP21-B69.5,Las Vegas Daily Low Temperature,KLAS,2026-09-21,between,69.0,70.0,The Weather Company,https://weather.com/kalshi,0.01,0.04,0.96,0.99,50.0,2.0,190.17,0.0,2026-09-22T08:00:00Z,active,2026-09-21T21:03:18.877943+00:00
KXHIGHAUS,KXHIGHAUS-26SEP22-T95,Highest temperature in Austin,KAUS,2026-09-22,less,,95.0,The Weather Company,https://weather.com/kalshi,0.02,0.04,0.96,0.98,38.0,442.63,179.37,0.0,2026-09-23T06:00:00Z,active,2026-09-21T21:03:18.877943+00:00
KXHIGHAUS,KXHIGHAUS-26SEP22-T102,Highest temperature in Austin,KAUS,2026-09-22,greater,102.0,,The Weather Company,https://weather.com/kalshi,0.01,0.05,0.95,0.99,55.0,237.0,1095.54,0.0,2026-09-23T06:00:00Z,active,2026-09-21T21:03:18.877943+00:00
KXHIGHAUS,KXHIGHAUS-26SEP22-B99.5,Highest temperature in Austin,KAUS,2026-09-22,between,99.0,100.0,The Weather Company,https://weather.com/kalshi,0.46,0.48,0.52,0.54,4.0,305.0,250.55,0.0,2026-09-23T06:00:00Z,active,2026-09-21T21:03:18.877943+00:00
KXHIGHAUS,KXHIGHAUS-26SEP22-B97.5,Highest temperature in Austin,KAUS,2026-09-22,between,97.0,98.0,The Weather Company,https://weather.com/kalshi,0.28,0.29,0.71,0.72,130.0,7.0,493.95,0.0,2026-09-23T06:00:00Z,active,2026-09-21T21:03:18.877943+00:00
KXHIGHAUS,KXHIGHAUS-26SEP22-B95.5,Highest temperature in Austin,KAUS,2026-09-22,between,95.0,96.0,The Weather Company,https://weather.com/kalshi,0.03,0.05,0.95,0.97,35.0,435.0,198.0,0.0,2026-09-23T06:00:00Z,active,2026-09-21T21:03:18.877943+00:00
KXHIGHAUS,KXHIGHAUS-26SEP22-B101.5,Highest temperature in Austin,KAUS,2026-09-22,between,101.0,102.0,The Weather Company,https://weather.com/kalshi,0.16,0.2,0.8,0.84,6.43,76.0,1303.52,0.0,2026-09-23T06:00:00Z,active,2026-09-21T21:03:18.877943+00:00
KXHIGHAUS,KXHIGHAUS-26SEP21-T95,Highest temperature in Austin,KAUS,2026-09-21,less,,95.0,The Weather Company,https://weather.com/kalshi,0.0,0.01,0.99,1.0,153118.78,0.0,1570.75,0.0,2026-09-22T06:00:00Z,active,2026-09-21T21:03:18.877943+00:00
KXHIGHAUS,KXHIGHAUS-26SEP21-T102,Highest temperature in Austin,KAUS,2026-09-21,greater,102.0,,The Weather Company,https://weather.com/kalshi,0.0,0.01,0.99,1.0,6834.63,0.0,2441.92,0.0,2026-09-22T06:00:00Z,active,2026-09-21T21:03:18.877943+00:00
KXHIGHAUS,KXHIGHAUS-26SEP21-B99.5,Highest temperature in Austin,KAUS,2026-09-21,between,99.0,100.0,The Weather Company,https://weather.com/kalshi,0.83,0.84,0.16,0.17,25.0,11.0,6166.0,0.0,2026-09-22T06:00:00Z,active,2026-09-21T21:03:18.877943+00:00
KXHIGHAUS,KXHIGHAUS-26SEP21-B97.5,Highest temperature in Austin,KAUS,2026-09-21,between,97.0,98.0,The Weather Company,https://weather.com/kalshi,0.0,0.01,0.99,1.0,107379.99,0.0,8835.74,0.0,2026-09-22T06:00:00Z,active,2026-09-21T21:03:18.877943+00:00
KXHIGHAUS,KXHIGHAUS-26SEP21-B95.5,Highest temperature in Austin,KAUS,2026-09-21,between,95.0,96.0,The Weather Company,https://weather.com/kalshi,0.0,0.01,0.99,1.0,121770.28,0.0,4368.55,0.0,2026-09-22T06:00:00Z,active,2026-09-21T21:03:18.877943+00:00
KXHIGHAUS,KXHIGHAUS-26SEP21-B101.5,Highest temperature in Austin,KAUS,2026-09-21,between,101.0,102.0,The Weather Company,https://weather.com/kalshi,0.14,0.15,0.85,0.86,10.15,50.0,4170.11,0.0,2026-09-22T06:00:00Z,active,2026-09-21T21:03:18.877943+00:00
KXHIGHTATL,KXHIGHTATL-26SEP22-T94,Atlanta Max Temperature,KATL,2026-09-22,greater,94.0,,The Weather Company,https://weather.com/kalshi,0.0,0.01,0.99,1.0,250.0,0.0,365.0,0.0,2026-09-23T05:00:00Z,active,2026-09-21T21:03:18.877943+00:00
KXHIGHTATL,KXHIGHTATL-26SEP22-T87,Atlanta Max Temperature,KATL,2026-09-22,less,,87.0,The Weather Company,https://weather.com/kalshi,0.18,0.22,0.78,0.82,50.0,159.0,749.39,0.0,2026-09-23T05:00:00Z,active,2026-09-21T21:03:18.877943+00:00
KXHIGHTATL,KXHIGHTATL-26SEP22-B93.5,Atlanta Max Temperature,KATL,2026-09-22,between,93.0,94.0,The Weather Company,https://weather.com/kalshi,0.01,0.02,0.98,0.99,194.0,706.33,214.87,0.0,2026-09-23T05:00:00Z,active,2026-09-21T21:03:18.877943+00:00
KXHIGHTATL,KXHIGHTATL-26SEP22-B91.5,Atlanta Max Temperature,KATL,2026-09-22,between,91.0,92.0,The Weather Company,https://weather.com/kalshi,0.09,0.14,0.86,0.91,6.0,30.0,130.53,0.0,2026-09-23T05:00:00Z,active,2026-09-21T21:03:18.877943+00:00
KXHIGHTATL,KXHIGHTATL-26SEP22-B89.5,Atlanta Max Temperature,KATL,2026-09-22,between,89.0,90.0,The Weather Company,https://weather.com/kalshi,0.26,0.34,0.66,0.74,50.0,13.77,523.13,0.0,2026-09-23T05:00:00Z,active,2026-09-21T21:03:18.877943+00:00
KXHIGHTATL,KXHIGHTATL-26SEP22-B87.5,Atlanta Max Temperature,KATL,2026-09-22,between,87.0,88.0,The Weather Company,https://weather.com/kalshi,0.36,0.41,0.59,0.64,39.0,58.05,540.97,0.0,2026-09-23T05:00:00Z,active,2026-09-21T21:03:18.877943+00:00
KXHIGHTATL,KXHIGHTATL-26SEP21-T96,Atlanta Max Temperature,KATL,2026-09-21,greater,96.0,,The Weather Company,https://weather.com/kalshi,0.0,0.01,0.99,1.0,9703.65,0.0,511.36,0.0,2026-09-22T05:00:00Z,active,2026-09-21T21:03:18.877943+00:00
KXHIGHTATL,KXHIGHTATL-26SEP21-T89,Atlanta Max Temperature,KATL,2026-09-21,less,,89.0,The Weather Company,https://weather.com/kalshi,0.0,0.01,0.99,1.0,55735.54,0.0,23935.55,0.0,2026-09-22T05:00:00Z,active,2026-09-21T21:03:18.877943+00:00
KXHIGHTATL,KXHIGHTATL-26SEP21-B95.5,Atlanta Max Temperature,KATL,2026-09-21,between,95.0,96.0,The Weather Company,https://weather.com/kalshi,0.0,0.01,0.99,1.0,2199.0,0.0,2118.81,0.0,2026-09-22T05:00:00Z,active,2026-09-21T21:03:18.877943+00:00
KXHIGHTATL,KXHIGHTATL-26SEP21-B93.5,Atlanta Max Temperature,KATL,2026-09-21,between,93.0,94.0,The Weather Company,https://weather.com/kalshi,0.01,0.02,0.98,0.99,16.0,56.0,9795.09,0.0,2026-09-22T05:00:00Z,active,2026-09-21T21:03:18.877943+00:00
KXHIGHTATL,KXHIGHTATL-26SEP21-B91.5,Atlanta Max Temperature,KATL,2026-09-21,between,91.0,92.0,The Weather Company,https://weather.com/kalshi,0.95,0.98,0.02,0.05,125.88,4.0,13624.17,0.0,2026-09-22T05:00:00Z,active,2026-09-21T21:03:18.877943+00:00
KXHIGHTATL,KXHIGHTATL-26SEP21-B89.5,Atlanta Max Temperature,KATL,2026-09-21,between,89.0,90.0,The Weather Company,https://weather.com/kalshi,0.04,0.06,0.94,0.96,28.0,1.0,29547.78,0.0,2026-09-22T05:00:00Z,active,2026-09-21T21:03:18.877943+00:00
KXHIGHTPHX,KXHIGHTPHX-26SEP22-T96,Phoenix High Temperature Daily,KPHX,2026-09-22,less,,96.0,The Weather Company,https://weather.com/kalshi,0.0,0.02,0.98,1.0,3.0,0.0,363.0,0.0,2026-09-23T07:00:00Z,active,2026-09-21T21:03:18.877943+00:00
KXHIGHTPHX,KXHIGHTPHX-26SEP22-T103,Phoenix High Temperature Daily,KPHX,2026-09-22,greater,103.0,,The Weather Company,https://weather.com/kalshi,0.0,0.03,0.97,1.0,8.0,0.0,980.0,0.0,2026-09-23T07:00:00Z,active,2026-09-21T21:03:18.877943+00:00
KXHIGHTPHX,KXHIGHTPHX-26SEP22-B98.5,Phoenix High Temperature Daily,KPHX,2026-09-22,between,98.0,99.0,The Weather Company,https://weather.com/kalshi,0.18,0.2,0.8,0.82,2.0,25.0,78.31,0.0,2026-09-23T07:00:00Z,active,2026-09-21T21:03:18.877943+00:00
KXHIGHTPHX,KXHIGHTPHX-26SEP22-B96.5,Phoenix High Temperature Daily,KPHX,2026-09-22,between,96.0,97.0,The Weather Company,https://weather.com/kalshi,0.01,0.03,0.97,0.99,2.0,949.0,160.52,0.0,2026-09-23T07:00:00Z,active,2026-09-21T21:03:18.877943+00:00
KXHIGHTPHX,KXHIGHTPHX-26SEP22-B102.5,Phoenix High Temperature Daily,KPHX,2026-09-22,between,102.0,103.0,The Weather Company,https://weather.com/kalshi,0.26,0.28,0.72,0.74,1.0,71.0,258.22,0.0,2026-09-23T07:00:00Z,active,2026-09-21T21:03:18.877943+00:00
KXHIGHTPHX,KXHIGHTPHX-26SEP22-B100.5,Phoenix High Temperature Daily,KPHX,2026-09-22,between,100.0,101.0,The Weather Company,https://weather.com/kalshi,0.49,0.5,0.5,0.51,57.0,2.0,195.16,0.0,2026-09-23T07:00:00Z,active,2026-09-21T21:03:18.877943+00:00
KXHIGHTPHX,KXHIGHTPHX-26SEP21-T97,Phoenix High Temperature Daily,KPHX,2026-09-21,less,,97.0,The Weather Company,https://weather.com/kalshi,0.0,0.01,0.99,1.0,75988.2,0.0,963.28,0.0,2026-09-22T07:00:00Z,active,2026-09-21T21:03:18.877943+00:00
KXHIGHTPHX,KXHIGHTPHX-26SEP21-T104,Phoenix High Temperature Daily,KPHX,2026-09-21,greater,104.0,,The Weather Company,https://weather.com/kalshi,0.0,0.01,0.99,1.0,19.0,0.0,3547.34,0.0,2026-09-22T07:00:00Z,active,2026-09-21T21:03:18.877943+00:00
KXHIGHTPHX,KXHIGHTPHX-26SEP21-B99.5,Phoenix High Temperature Daily,KPHX,2026-09-21,between,99.0,100.0,The Weather Company,https://weather.com/kalshi,0.0,0.01,0.99,1.0,53798.6,0.0,5966.23,0.0,2026-09-22T07:00:00Z,active,2026-09-21T21:03:18.877943+00:00
KXHIGHTPHX,KXHIGHTPHX-26SEP21-B97.5,Phoenix High Temperature Daily,KPHX,2026-09-21,between,97.0,98.0,The Weather Company,https://weather.com/kalshi,0.0,0.01,0.99,1.0,72058.23,0.0,5516.89,0.0,2026-09-22T07:00:00Z,active,2026-09-21T21:03:18.877943+00:00
KXHIGHTPHX,KXHIGHTPHX-26SEP21-B103.5,Phoenix High Temperature Daily,KPHX,2026-09-21,between,103.0,104.0,The Weather Company,https://weather.com/kalshi,0.19,0.2,0.8,0.81,4.0,39.0,2768.36,0.0,2026-09-22T07:00:00Z,active,2026-09-21T21:03:18.877943+00:00
KXHIGHTPHX,KXHIGHTPHX-26SEP21-B101.5,Phoenix High Temperature Daily,KPHX,2026-09-21,between,101.0,102.0,The Weather Company,https://weather.com/kalshi,0.76,0.77,0.23,0.24,1.61,67.0,3871.4,0.0,2026-09-22T07:00:00Z,active,2026-09-21T21:03:18.877943+00:00
KXHIGHTTTN,KXHIGHTTTN-26SEP22-T68,"Trenton, NJ Daily Max Temp",KTTN,2026-09-22,greater,68.0,,The Weather Company,https://weather.com/kalshi,0.01,0.03,0.97,0.99,5.0,19.64,20.36,0.0,2026-09-23T05:00:00Z,active,2026-09-21T21:03:18.877943+00:00
KXHIGHTTTN,KXHIGHTTTN-26SEP22-T61,"Trenton, NJ Daily Max Temp",KTTN,2026-09-22,less,,61.0,The Weather Company,https://weather.com/kalshi,0.04,0.14,0.86,0.96,25.0,29.0,0.0,0.0,2026-09-23T05:00:00Z,active,2026-09-21T21:03:18.877943+00:00
KXHIGHTTTN,KXHIGHTTTN-26SEP22-B67.5,"Trenton, NJ Daily Max Temp",KTTN,2026-09-22,between,67.0,68.0,The Weather Company,https://weather.com/kalshi,0.03,0.13,0.87,0.97,25.0,10.0,1.0,0.0,2026-09-23T05:00:00Z,active,2026-09-21T21:03:18.877943+00:00
KXHIGHTTTN,KXHIGHTTTN-26SEP22-B65.5,"Trenton, NJ Daily Max Temp",KTTN,2026-09-22,between,65.0,66.0,The Weather Company,https://weather.com/kalshi,0.17,0.31,0.69,0.83,25.0,25.0,60.0,0.0,2026-09-23T05:00:00Z,active,2026-09-21T21:03:18.877943+00:00
KXHIGHTTTN,KXHIGHTTTN-26SEP22-B63.5,"Trenton, NJ Daily Max Temp",KTTN,2026-09-22,between,63.0,64.0,The Weather Company,https://weather.com/kalshi,0.35,0.54,0.46,0.65,25.0,1.73,1.73,0.0,2026-09-23T05:00:00Z,active,2026-09-21T21:03:18.877943+00:00
KXHIGHTTTN,KXHIGHTTTN-26SEP22-B61.5,"Trenton, NJ Daily Max Temp",KTTN,2026-09-22,between,61.0,62.0,The Weather Company,https://weather.com/kalshi,0.16,0.36,0.64,0.84,25.0,25.0,0.0,0.0,2026-09-23T05:00:00Z,active,2026-09-21T21:03:18.877943+00:00
KXHIGHTTTN,KXHIGHTTTN-26SEP21-T73,"Trenton, NJ Daily Max Temp",KTTN,2026-09-21,greater,73.0,,The Weather Company,https://weather.com/kalshi,0.01,0.02,0.98,0.99,50.0,231.0,210.96,0.0,2026-09-22T05:00:00Z,active,2026-09-21T21:03:18.877943+00:00
KXHIGHTTTN,KXHIGHTTTN-26SEP21-T66,"Trenton, NJ Daily Max Temp",KTTN,2026-09-21,less,,66.0,The Weather Company,https://weather.com/kalshi,0.0,0.01,0.99,1.0,511.27,0.0,290.38,0.0,2026-09-22T05:00:00Z,active,2026-09-21T21:03:18.877943+00:00
KXHIGHTTTN,KXHIGHTTTN-26SEP21-B72.5,"Trenton, NJ Daily Max Temp",KTTN,2026-09-21,between,72.0,73.0,The Weather Company,https://weather.com/kalshi,0.99,1.0,0.0,0.01,0.0,5000.0,1028.58,0.0,2026-09-22T05:00:00Z,active,2026-09-21T21:03:18.877943+00:00
KXHIGHTTTN,KXHIGHTTTN-26SEP21-B70.5,"Trenton, NJ Daily Max Temp",KTTN,2026-09-21,between,70.0,71.0,The Weather Company,https://weather.com/kalshi,0.0,0.01,0.99,1.0,8360.0,0.0,573.59,0.0,2026-09-22T05:00:00Z,active,2026-09-21T21:03:18.877943+00:00
KXHIGHTTTN,KXHIGHTTTN-26SEP21-B68.5,"Trenton, NJ Daily Max Temp",KTTN,2026-09-21,between,68.0,69.0,The Weather Company,https://weather.com/kalshi,0.0,0.01,0.99,1.0,8357.49,0.0,380.19,0.0,2026-09-22T05:00:00Z,active,2026-09-21T21:03:18.877943+00:00
KXHIGHTTTN,KXHIGHTTTN-26SEP21-B66.5,"Trenton, NJ Daily Max Temp",KTTN,2026-09-21,between,66.0,67.0,The Weather Company,https://weather.com/kalshi,0.0,0.01,0.99,1.0,8651.0,0.0,70.0,0.0,2026-09-22T05:00:00Z,active,2026-09-21T21:03:18.877943+00:00
KXHIGHTBOS,KXHIGHTBOS-26SEP22-T65,Boston Maximum Daily Temperature,KBOS,2026-09-22,greater,65.0,,The Weather Company,https://weather.com/kalshi,0.01,0.02,0.98,0.99,428.0,123.46,338.54,0.0,2026-09-23T05:00:00Z,active,2026-09-21T21:03:18.877943+00:00
KXHIGHTBOS,KXHIGHTBOS-26SEP22-T58,Boston Maximum Daily Temperature,KBOS,2026-09-22,less,,58.0,The Weather Company,https://weather.com/kalshi,0.0,0.01,0.99,1.0,7.0,0.0,291.0,0.0,2026-09-23T05:00:00Z,active,2026-09-21T21:03:18.877943+00:00
KXHIGHTBOS,KXHIGHTBOS-26SEP22-B64.5,Boston Maximum Daily Temperature,KBOS,2026-09-22,between,64.0,65.0,The Weather Company,https://weather.com/kalshi,0.06,0.07,0.93,0.94,9.0,78.0,51.0,0.0,2026-09-23T05:00:00Z,active,2026-09-21T21:03:18.877943+00:00
KXHIGHTBOS,KXHIGHTBOS-26SEP22-B62.5,Boston Maximum Daily Temperature,KBOS,2026-09-22,between,62.0,63.0,The Weather Company,https://weather.com/kalshi,0.41,0.42,0.58,0.59,1.0,42.0,119.0,0.0,2026-09-23T05:00:00Z,active,2026-09-21T21:03:18.877943+00:00
KXHIGHTBOS,KXHIGHTBOS-26SEP22-B60.5,Boston Maximum Daily Temperature,KBOS,2026-09-22,between,60.0,61.0,The Weather Company,https://weather.com/kalshi,0.4,0.41,0.59,0.6,39.0,7.0,204.0,0.0,2026-09-23T05:00:00Z,active,2026-09-21T21:03:18.877943+00:00
KXHIGHTBOS,KXHIGHTBOS-26SEP22-B58.5,Boston Maximum Daily Temperature,KBOS,2026-09-22,between,58.0,59.0,The Weather Company,https://weather.com/kalshi,0.04,0.05,0.95,0.96,25.0,82.0,27.0,0.0,2026-09-23T05:00:00Z,active,2026-09-21T21:03:18.877943+00:00
KXHIGHTBOS,KXHIGHTBOS-26SEP21-T69,Boston Maximum Daily Temperature,KBOS,2026-09-21,greater,69.0,,The Weather Company,https://weather.com/kalshi,0.0,0.01,0.99,1.0,8559.95,0.0,1251.64,0.0,2026-09-22T05:00:00Z,active,2026-09-21T21:03:18.877943+00:00
KXHIGHTBOS,KXHIGHTBOS-26SEP21-T62,Boston Maximum Daily Temperature,KBOS,2026-09-21,less,,62.0,The Weather Company,https://weather.com/kalshi,0.0,0.01,0.99,1.0,125449.79,0.0,491.59,0.0,2026-09-22T05:00:00Z,active,2026-09-21T21:03:18.877943+00:00
KXHIGHTBOS,KXHIGHTBOS-26SEP21-B68.5,Boston Maximum Daily Temperature,KBOS,2026-09-21,between,68.0,69.0,The Weather Company,https://weather.com/kalshi,0.0,0.01,0.99,1.0,1979.31,0.0,1739.38,0.0,2026-09-22T05:00:00Z,active,2026-09-21T21:03:18.877943+00:00
KXHIGHTBOS,KXHIGHTBOS-26SEP21-B66.5,Boston Maximum Daily Temperature,KBOS,2026-09-21,between,66.0,67.0,The Weather Company,https://weather.com/kalshi,0.0,0.04,0.96,1.0,50.0,0.0,6362.09,0.0,2026-09-22T05:00:00Z,active,2026-09-21T21:03:18.877943+00:00
KXHIGHTBOS,KXHIGHTBOS-26SEP21-B64.5,Boston Maximum Daily Temperature,KBOS,2026-09-21,between,64.0,65.0,The Weather Company,https://weather.com/kalshi,0.98,1.0,0.0,0.02,0.0,16.0,6349.94,0.0,2026-09-22T05:00:00Z,active,2026-09-21T21:03:18.877943+00:00
KXHIGHTBOS,KXHIGHTBOS-26SEP21-B62.5,Boston Maximum Daily Temperature,KBOS,2026-09-21,between,62.0,63.0,The Weather Company,https://weather.com/kalshi,0.0,0.01,0.99,1.0,138990.66,0.0,1893.55,0.0,2026-09-22T05:00:00Z,active,2026-09-21T21:03:18.877943+00:00
KXHIGHLAX,KXHIGHLAX-26SEP22-T82,Highest temperature in Los Angeles,KLAX,2026-09-22,greater,82.0,,The Weather Company,https://weather.com/kalshi,0.01,0.02,0.98,0.99,2409.24,1.36,1570.64,0.0,2026-09-23T08:00:00Z,active,2026-09-21T21:03:18.877943+00:00
KXHIGHLAX,KXHIGHLAX-26SEP22-T75,Highest temperature in Los Angeles,KLAX,2026-09-22,less,,75.0,The Weather Company,https://weather.com/kalshi,0.03,0.05,0.95,0.97,5.0,333.0,461.35,0.0,2026-09-23T08:00:00Z,active,2026-09-21T21:03:18.877943+00:00
KXHIGHLAX,KXHIGHLAX-26SEP22-B81.5,Highest temperature in Los Angeles,KLAX,2026-09-22,between,81.0,82.0,The Weather Company,https://weather.com/kalshi,0.01,0.02,0.98,0.99,64.0,1207.95,161.05,0.0,2026-09-23T08:00:00Z,active,2026-09-21T21:03:18.877943+00:00
KXHIGHLAX,KXHIGHLAX-26SEP22-B79.5,Highest temperature in Los Angeles,KLAX,2026-09-22,between,79.0,80.0,The Weather Company,https://weather.com/kalshi,0.14,0.15,0.85,0.86,163.0,50.0,1770.92,0.0,2026-09-23T08:00:00Z,active,2026-09-21T21:03:18.877943+00:00
KXHIGHLAX,KXHIGHLAX-26SEP22-B77.5,Highest temperature in Los Angeles,KLAX,2026-09-22,between,77.0,78.0,The Weather Company,https://weather.com/kalshi,0.46,0.47,0.53,0.54,38.0,185.33,1115.87,0.0,2026-09-23T08:00:00Z,active,2026-09-21T21:03:18.877943+00:00
KXHIGHLAX,KXHIGHLAX-26SEP22-B75.5,Highest temperature in Los Angeles,KLAX,2026-09-22,between,75.0,76.0,The Weather Company,https://weather.com/kalshi,0.37,0.38,0.62,0.63,119.7,50.0,724.16,0.0,2026-09-23T08:00:00Z,active,2026-09-21T21:03:18.877943+00:00
KXHIGHLAX,KXHIGHLAX-26SEP21-T80,Highest temperature in Los Angeles,KLAX,2026-09-21,greater,80.0,,The Weather Company,https://weather.com/kalshi,0.0,0.01,0.99,1.0,283540.05,0.0,11225.26,0.0,2026-09-22T08:00:00Z,active,2026-09-21T21:03:18.877943+00:00
KXHIGHLAX,KXHIGHLAX-26SEP21-T73,Highest temperature in Los Angeles,KLAX,2026-09-21,less,,73.0,The Weather Company,https://weather.com/kalshi,0.0,0.01,0.99,1.0,171780.38,0.0,3977.92,0.0,2026-09-22T08:00:00Z,active,2026-09-21T21:03:18.877943+00:00
KXHIGHLAX,KXHIGHLAX-26SEP21-B79.5,Highest temperature in Los Angeles,KLAX,2026-09-21,between,79.0,80.0,The Weather Company,https://weather.com/kalshi,0.03,0.04,0.96,0.97,11.0,60.59,56895.76,0.0,2026-09-22T08:00:00Z,active,2026-09-21T21:03:18.877943+00:00
KXHIGHLAX,KXHIGHLAX-26SEP21-B77.5,Highest temperature in Los Angeles,KLAX,2026-09-21,between,77.0,78.0,The Weather Company,https://weather.com/kalshi,0.95,0.97,0.03,0.05,32.0,141.0,45439.72,0.0,2026-09-22T08:00:00Z,active,2026-09-21T21:03:18.877943+00:00
KXHIGHLAX,KXHIGHLAX-26SEP21-B75.5,Highest temperature in Los Angeles,KLAX,2026-09-21,between,75.0,76.0,The Weather Company,https://weather.com/kalshi,0.0,0.01,0.99,1.0,281729.47,0.0,55319.13,0.0,2026-09-22T08:00:00Z,active,2026-09-21T21:03:18.877943+00:00
KXHIGHLAX,KXHIGHLAX-26SEP21-B73.5,Highest temperature in Los Angeles,KLAX,2026-09-21,between,73.0,74.0,The Weather Company,https://weather.com/kalshi,0.0,0.01,0.99,1.0,54601.18,0.0,24959.44,0.0,2026-09-22T08:00:00Z,active,2026-09-21T21:03:18.877943+00:00
KXLOWTDAL,KXLOWTDAL-26SEP22-T76,Lowest temperature Dallas,KDFW,2026-09-22,greater,76.0,,The Weather Company,https://weather.com/kalshi,0.03,0.08,0.92,0.97,6.0,50.0,1.0,0.0,2026-09-23T06:00:00Z,active,2026-09-21T21:03:18.877943+00:00
KXLOWTDAL,KXLOWTDAL-26SEP22-T69,Lowest temperature Dallas,KDFW,2026-09-22,less,,69.0,The Weather Company,https://weather.com/kalshi,0.0,0.01,0.99,1.0,10.0,0.0,14.0,0.0,2026-09-23T06:00:00Z,active,2026-09-21T21:03:18.877943+00:00
KXLOWTDAL,KXLOWTDAL-26SEP22-B75.5,Lowest temperature Dallas,KDFW,2026-09-22,between,75.0,76.0,The Weather Company,https://weather.com/kalshi,0.46,0.48,0.52,0.54,28.0,25.0,74.0,0.0,2026-09-23T06:00:00Z,active,2026-09-21T21:03:18.877943+00:00
KXLOWTDAL,KXLOWTDAL-26SEP22-B73.5,Lowest temperature Dallas,KDFW,2026-09-22,between,73.0,74.0,The Weather Company,https://weather.com/kalshi,0.3,0.37,0.63,0.7,6.0,6.0,6.46,0.0,2026-09-23T06:00:00Z,active,2026-09-21T21:03:18.877943+00:00
KXLOWTDAL,KXLOWTDAL-26SEP22-B71.5,Lowest temperature Dallas,KDFW,2026-09-22,between,71.0,72.0,The Weather Company,https://weather.com/kalshi,0.04,0.09,0.91,0.96,7.51,179.0,13.14,0.0,2026-09-23T06:00:00Z,active,2026-09-21T21:03:18.877943+00:00
KXLOWTDAL,KXLOWTDAL-26SEP22-B69.5,Lowest temperature Dallas,KDFW,2026-09-22,between,69.0,70.0,The Weather Company,https://weather.com/kalshi,0.02,0.07,0.93,0.98,6.0,29.0,17.28,0.0,2026-09-23T06:00:00Z,active,2026-09-21T21:03:18.877943+00:00
KXLOWTDAL,KXLOWTDAL-26SEP21-T75,Lowest temperature Dallas,KDFW,2026-09-21,greater,75.0,,The Weather Company,https://weather.com/kalshi,0.0,0.01,0.99,1.0,17979.8,0.0,915.98,0.0,2026-09-22T06:00:00Z,active,2026-09-21T21:03:18.877943+00:00
KXLOWTDAL,KXLOWTDAL-26SEP21-T68,Lowest temperature Dallas,KDFW,2026-09-21,less,,68.0,The Weather Company,https://weather.com/kalshi,0.0,0.01,0.99,1.0,156.0,0.0,42.0,0.0,2026-09-22T06:00:00Z,active,2026-09-21T21:03:18.877943+00:00
KXLOWTDAL,KXLOWTDAL-26SEP21-B74.5,Lowest temperature Dallas,KDFW,2026-09-21,between,74.0,75.0,The Weather Company,https://weather.com/kalshi,0.99,1.0,0.0,0.01,0.0,23.0,743.1,0.0,2026-09-22T06:00:00Z,active,2026-09-21T21:03:18.877943+00:00
KXLOWTDAL,KXLOWTDAL-26SEP21-B72.5,Lowest temperature Dallas,KDFW,2026-09-21,between,72.0,73.0,The Weather Company,https://weather.com/kalshi,0.0,0.01,0.99,1.0,6.0,0.0,342.13,0.0,2026-09-22T06:00:00Z,active,2026-09-21T21:03:18.877943+00:00
KXLOWTDAL,KXLOWTDAL-26SEP21-B70.5,Lowest temperature Dallas,KDFW,2026-09-21,between,70.0,71.0,The Weather Company,https://weather.com/kalshi,0.0,0.01,0.99,1.0,6.0,0.0,72.93,0.0,2026-09-22T06:00:00Z,active,2026-09-21T21:03:18.877943+00:00
KXLOWTDAL,KXLOWTDAL-26SEP21-B68.5,Lowest temperature Dallas,KDFW,2026-09-21,between,68.0,69.0,The Weather Company,https://weather.com/kalshi,0.0,0.01,0.99,1.0,6.0,0.0,144.0,0.0,2026-09-22T06:00:00Z,active,2026-09-21T21:03:18.877943+00:00
KXHIGHMIA,KXHIGHMIA-26SEP22-T90,Highest temperature in Miami,KMIA,2026-09-22,greater,90.0,,The Weather Company,https://weather.com/kalshi,0.03,0.04,0.96,0.97,72.59,316.0,662.77,0.0,2026-09-23T05:00:00Z,active,2026-09-21T21:03:18.877943+00:00
KXHIGHMIA,KXHIGHMIA-26SEP22-T83,Highest temperature in Miami,KMIA,2026-09-22,less,,83.0,The Weather Company,https://weather.com/kalshi,0.01,0.02,0.98,0.99,260.23,149.0,484.53,0.0,2026-09-23T05:00:00Z,active,2026-09-21T21:03:18.877943+00:00
KXHIGHMIA,KXHIGHMIA-26SEP22-B89.5,Highest temperature in Miami,KMIA,2026-09-22,between,89.0,90.0,The Weather Company,https://weather.com/kalshi,0.41,0.42,0.58,0.59,33.0,1.0,856.24,0.0,2026-09-23T05:00:00Z,active,2026-09-21T21:03:18.877943+00:00
KXHIGHMIA,KXHIGHMIA-26SEP22-B87.5,Highest temperature in Miami,KMIA,2026-09-22,between,87.0,88.0,The Weather Company,https://weather.com/kalshi,0.36,0.39,0.61,0.64,44.0,40.0,213.96,0.0,2026-09-23T05:00:00Z,active,2026-09-21T21:03:18.877943+00:00
KXHIGHMIA,KXHIGHMIA-26SEP22-B85.5,Highest temperature in Miami,KMIA,2026-09-22,between,85.0,86.0,The Weather Company,https://weather.com/kalshi,0.14,0.15,0.85,0.86,5.36,42.26,781.48,0.0,2026-09-23T05:00:00Z,active,2026-09-21T21:03:18.877943+00:00
KXHIGHMIA,KXHIGHMIA-26SEP22-B83.5,Highest temperature in Miami,KMIA,2026-09-22,between,83.0,84.0,The Weather Company,https://weather.com/kalshi,0.02,0.04,0.96,0.98,43.0,184.0,401.41,0.0,2026-09-23T05:00:00Z,active,2026-09-21T21:03:18.877943+00:00
KXHIGHMIA,KXHIGHMIA-26SEP21-T91,Highest temperature in Miami,KMIA,2026-09-21,greater,91.0,,The Weather Company,https://weather.com/kalshi,0.0,0.01,0.99,1.0,28426.9,0.0,30127.92,0.0,2026-09-22T05:00:00Z,active,2026-09-21T21:03:18.877943+00:00
KXHIGHMIA,KXHIGHMIA-26SEP21-T84,Highest temperature in Miami,KMIA,2026-09-21,less,,84.0,The Weather Company,https://weather.com/kalshi,0.0,0.01,0.99,1.0,209704.53,0.0,23622.97,0.0,2026-09-22T05:00:00Z,active,2026-09-21T21:03:18.877943+00:00
KXHIGHMIA,KXHIGHMIA-26SEP21-B90.5,Highest temperature in Miami,KMIA,2026-09-21,between,90.0,91.0,The Weather Company,https://weather.com/kalshi,0.0,0.01,0.99,1.0,69765.45,0.0,100057.5,0.0,2026-09-22T05:00:00Z,active,2026-09-21T21:03:18.877943+00:00
KXHIGHMIA,KXHIGHMIA-26SEP21-B88.5,Highest temperature in Miami,KMIA,2026-09-21,between,88.0,89.0,The Weather Company,https://weather.com/kalshi,0.99,1.0,0.0,0.01,0.0,75704.83,85050.8,0.0,2026-09-22T05:00:00Z,active,2026-09-21T21:03:18.877943+00:00
KXHIGHMIA,KXHIGHMIA-26SEP21-B86.5,Highest temperature in Miami,KMIA,2026-09-21,between,86.0,87.0,The Weather Company,https://weather.com/kalshi,0.0,0.01,0.99,1.0,175476.89,0.0,67625.55,0.0,2026-09-22T05:00:00Z,active,2026-09-21T21:03:18.877943+00:00
KXHIGHMIA,KXHIGHMIA-26SEP21-B84.5,Highest temperature in Miami,KMIA,2026-09-21,between,84.0,85.0,The Weather Company,https://weather.com/kalshi,0.0,0.01,0.99,1.0,173759.03,0.0,40507.55,0.0,2026-09-22T05:00:00Z,active,2026-09-21T21:03:18.877943+00:00
KXLOWTAUS,KXLOWTAUS-26SEP22-T76,Lowest temperature in Austin,KAUS,2026-09-22,greater,76.0,,The Weather Company,https://weather.com/kalshi,0.02,0.06,0.94,0.98,6.0,42.0,78.02,0.0,2026-09-23T06:00:00Z,active,2026-09-21T21:03:18.877943+00:00
KXLOWTAUS,KXLOWTAUS-26SEP22-T69,Lowest temperature in Austin,KAUS,2026-09-22,less,,69.0,The Weather Company,https://weather.com/kalshi,0.0,0.02,0.98,1.0,1.0,0.0,346.38,0.0,2026-09-23T06:00:00Z,active,2026-09-21T21:03:18.877943+00:00
KXLOWTAUS,KXLOWTAUS-26SEP22-B75.5,Lowest temperature in Austin,KAUS,2026-09-22,between,75.0,76.0,The Weather Company,https://weather.com/kalshi,0.06,0.13,0.87,0.94,84.0,50.0,0.05,0.0,2026-09-23T06:00:00Z,active,2026-09-21T21:03:18.877943+00:00
KXLOWTAUS,KXLOWTAUS-26SEP22-B73.5,Lowest temperature in Austin,KAUS,2026-09-22,between,73.0,74.0,The Weather Company,https://weather.com/kalshi,0.29,0.48,0.52,0.71,1.0,25.0,0.02,0.0,2026-09-23T06:00:00Z,active,2026-09-21T21:03:18.877943+00:00
KXLOWTAUS,KXLOWTAUS-26SEP22-B71.5,Lowest temperature in Austin,KAUS,2026-09-22,between,71.0,72.0,The Weather Company,https://weather.com/kalshi,0.37,0.48,0.52,0.63,25.0,39.0,15.0,0.0,2026-09-23T06:00:00Z,active,2026-09-21T21:03:18.877943+00:00
KXLOWTAUS,KXLOWTAUS-26SEP22-B69.5,Lowest temperature in Austin,KAUS,2026-09-22,between,69.0,70.0,The Weather Company,https://weather.com/kalshi,0.06,0.12,0.88,0.94,50.0,50.0,7.29,0.0,2026-09-23T06:00:00Z,active,2026-09-21T21:03:18.877943+00:00
KXLOWTAUS,KXLOWTAUS-26SEP21-T77,Lowest temperature in Austin,KAUS,2026-09-21,greater,77.0,,The Weather Company,https://weather.com/kalshi,0.0,0.01,0.99,1.0,18242.15,0.0,563.41,0.0,2026-09-22T06:00:00Z,active,2026-09-21T21:03:18.877943+00:00
KXLOWTAUS,KXLOWTAUS-26SEP21-T70,Lowest temperature in Austin,KAUS,2026-09-21,less,,70.0,The Weather Company,https://weather.com/kalshi,0.0,0.01,0.99,1.0,9.0,0.0,536.95,0.0,2026-09-22T06:00:00Z,active,2026-09-21T21:03:18.877943+00:00
KXLOWTAUS,KXLOWTAUS-26SEP21-B76.5,Lowest temperature in Austin,KAUS,2026-09-21,between,76.0,77.0,The Weather Company,https://weather.com/kalshi,0.0,0.01,0.99,1.0,22934.15,0.0,704.98,0.0,2026-09-22T06:00:00Z,active,2026-09-21T21:03:18.877943+00:00
KXLOWTAUS,KXLOWTAUS-26SEP21-B74.5,Lowest temperature in Austin,KAUS,2026-09-21,between,74.0,75.0,The Weather Company,https://weather.com/kalshi,0.0,0.01,0.99,1.0,23539.59,0.0,1699.35,0.0,2026-09-22T06:00:00Z,active,2026-09-21T21:03:18.877943+00:00
KXLOWTAUS,KXLOWTAUS-26SEP21-B72.5,Lowest temperature in Austin,KAUS,2026-09-21,between,72.0,73.0,The Weather Company,https://weather.com/kalshi,0.98,1.0,0.0,0.02,0.0,350.0,1637.31,0.0,2026-09-22T06:00:00Z,active,2026-09-21T21:03:18.877943+00:00
KXLOWTAUS,KXLOWTAUS-26SEP21-B70.5,Lowest temperature in Austin,KAUS,2026-09-21,between,70.0,71.0,The Weather Company,https://weather.com/kalshi,0.0,0.01,0.99,1.0,50.0,0.0,779.65,0.0,2026-09-22T06:00:00Z,active,2026-09-21T21:03:18.877943+00:00
KXHIGHPHIL,KXHIGHPHIL-26SEP22-T69,Highest temperature in Philadelphia,KPHL,2026-09-22,greater,69.0,,The Weather Company,https://weather.com/kalshi,0.01,0.03,0.97,0.99,69.9,172.0,766.22,0.0,2026-09-23T05:00:00Z,active,2026-09-21T21:03:18.877943+00:00
KXHIGHPHIL,KXHIGHPHIL-26SEP22-T62,Highest temperature in Philadelphia,KPHL,2026-09-22,less,,62.0,The Weather Company,https://weather.com/kalshi,0.0,0.02,0.98,1.0,54.0,0.0,178.0,0.0,2026-09-23T05:00:00Z,active,2026-09-21T21:03:18.877943+00:00
KXHIGHPHIL,KXHIGHPHIL-26SEP22-B68.5,Highest temperature in Philadelphia,KPHL,2026-09-22,between,68.0,69.0,The Weather Company,https://weather.com/kalshi,0.08,0.1,0.9,0.92,23.0,51.0,404.29,0.0,2026-09-23T05:00:00Z,active,2026-09-21T21:03:18.877943+00:00
KXHIGHPHIL,KXHIGHPHIL-26SEP22-B66.5,Highest temperature in Philadelphia,KPHL,2026-09-22,between,66.0,67.0,The Weather Company,https://weather.com/kalshi,0.41,0.44,0.56,0.59,28.0,44.0,77.86,0.0,2026-09-23T05:00:00Z,active,2026-09-21T21:03:18.877943+00:00
KXHIGHPHIL,KXHIGHPHIL-26SEP22-B64.5,Highest temperature in Philadelphia,KPHL,2026-09-22,between,64.0,65.0,The Weather Company,https://weather.com/kalshi,0.35,0.39,0.61,0.65,0.01,7.0,177.79,0.0,2026-09-23T05:00:00Z,active,2026-09-21T21:03:18.877943+00:00
KXHIGHPHIL,KXHIGHPHIL-26SEP22-B62.5,Highest temperature in Philadelphia,KPHL,2026-09-22,between,62.0,63.0,The Weather Company,https://weather.com/kalshi,0.04,0.09,0.91,0.96,80.0,209.0,0.11,0.0,2026-09-23T05:00:00Z,active,2026-09-21T21:03:18.877943+00:00
KXHIGHPHIL,KXHIGHPHIL-26SEP21-T75,Highest temperature in Philadelphia,KPHL,2026-09-21,greater,75.0,,The Weather Company,https://weather.com/kalshi,0.0,0.01,0.99,1.0,6550.0,0.0,5159.42,0.0,2026-09-22T05:00:00Z,active,2026-09-21T21:03:18.877943+00:00
KXHIGHPHIL,KXHIGHPHIL-26SEP21-T68,Highest temperature in Philadelphia,KPHL,2026-09-21,less,,68.0,The Weather Company,https://weather.com/kalshi,0.0,0.01,0.99,1.0,25755.26,0.0,348.96,0.0,2026-09-22T05:00:00Z,active,2026-09-21T21:03:18.877943+00:00
KXHIGHPHIL,KXHIGHPHIL-26SEP21-B74.5,Highest temperature in Philadelphia,KPHL,2026-09-21,between,74.0,75.0,The Weather Company,https://weather.com/kalshi,0.99,1.0,0.0,0.01,0.0,7738.0,6792.82,0.0,2026-09-22T05:00:00Z,active,2026-09-21T21:03:18.877943+00:00
KXHIGHPHIL,KXHIGHPHIL-26SEP21-B72.5,Highest temperature in Philadelphia,KPHL,2026-09-21,between,72.0,73.0,The Weather Company,https://weather.com/kalshi,0.0,0.01,0.99,1.0,44777.74,0.0,7932.85,0.0,2026-09-22T05:00:00Z,active,2026-09-21T21:03:18.877943+00:00
KXHIGHPHIL,KXHIGHPHIL-26SEP21-B70.5,Highest temperature in Philadelphia,KPHL,2026-09-21,between,70.0,71.0,The Weather Company,https://weather.com/kalshi,0.0,0.01,0.99,1.0,47749.72,0.0,3562.04,0.0,2026-09-22T05:00:00Z,active,2026-09-21T21:03:18.877943+00:00
KXHIGHPHIL,KXHIGHPHIL-26SEP21-B68.5,Highest temperature in Philadelphia,KPHL,2026-09-21,between,68.0,69.0,The Weather Company,https://weather.com/kalshi,0.0,0.01,0.99,1.0,33187.4,0.0,2192.48,0.0,2026-09-22T05:00:00Z,active,2026-09-21T21:03:18.877943+00:00
KXHIGHTLV,KXHIGHTLV-26SEP22-T95,Las Vegas Max Daily Temperature,KLAS,2026-09-22,greater,95.0,,The Weather Company,https://weather.com/kalshi,0.0,0.01,0.99,1.0,504.0,0.0,361.34,0.0,2026-09-23T08:00:00Z,active,2026-09-21T21:03:18.877943+00:00
KXHIGHTLV,KXHIGHTLV-26SEP22-T88,Las Vegas Max Daily Temperature,KLAS,2026-09-22,less,,88.0,The Weather Company,https://weather.com/kalshi,0.0,0.01,0.99,1.0,500.0,0.0,1202.0,0.0,2026-09-23T08:00:00Z,active,2026-09-21T21:03:18.877943+00:00
KXHIGHTLV,KXHIGHTLV-26SEP22-B94.5,Las Vegas Max Daily Temperature,KLAS,2026-09-22,between,94.0,95.0,The Weather Company,https://weather.com/kalshi,0.03,0.04,0.96,0.97,7.0,176.97,60.03,0.0,2026-09-23T08:00:00Z,active,2026-09-21T21:03:18.877943+00:00
KXHIGHTLV,KXHIGHTLV-26SEP22-B92.5,Las Vegas Max Daily Temperature,KLAS,2026-09-22,between,92.0,93.0,The Weather Company,https://weather.com/kalshi,0.21,0.24,0.76,0.79,10.11,24.0,699.14,0.0,2026-09-23T08:00:00Z,active,2026-09-21T21:03:18.877943+00:00
KXHIGHTLV,KXHIGHTLV-26SEP22-B90.5,Las Vegas Max Daily Temperature,KLAS,2026-09-22,between,90.0,91.0,The Weather Company,https://weather.com/kalshi,0.54,0.55,0.45,0.46,20.0,138.0,311.0,0.0,2026-09-23T08:00:00Z,active,2026-09-21T21:03:18.877943+00:00
KXHIGHTLV,KXHIGHTLV-26SEP22-B88.5,Las Vegas Max Daily Temperature,KLAS,2026-09-22,between,88.0,89.0,The Weather Company,https://weather.com/kalshi,0.12,0.18,0.82,0.88,57.0,39.0,296.61,0.0,2026-09-23T08:00:00Z,active,2026-09-21T21:03:18.877943+00:00
KXHIGHTLV,KXHIGHTLV-26SEP21-T97,Las Vegas Max Daily Temperature,KLAS,2026-09-21,greater,97.0,,The Weather Company,https://weather.com/kalshi,0.0,0.01,0.99,1.0,760.12,0.0,491.65,0.0,2026-09-22T08:00:00Z,active,2026-09-21T21:03:18.877943+00:00
KXHIGHTLV,KXHIGHTLV-26SEP21-T90,Las Vegas Max Daily Temperature,KLAS,2026-09-21,less,,90.0,The Weather Company,https://weather.com/kalshi,0.03,0.08,0.92,0.97,60.0,7.69,4039.36,0.0,2026-09-22T08:00:00Z,active,2026-09-21T21:03:18.877943+00:00
KXHIGHTLV,KXHIGHTLV-26SEP21-B96.5,Las Vegas Max Daily Temperature,KLAS,2026-09-21,between,96.0,97.0,The Weather Company,https://weather.com/kalshi,0.0,0.01,0.99,1.0,4.98,0.0,1254.48,0.0,2026-09-22T08:00:00Z,active,2026-09-21T21:03:18.877943+00:00
KXHIGHTLV,KXHIGHTLV-26SEP21-B94.5,Las Vegas Max Daily Temperature,KLAS,2026-09-21,between,94.0,95.0,The Weather Company,https://weather.com/kalshi,0.03,0.05,0.95,0.97,15.0,73.21,2242.19,0.0,2026-09-22T08:00:00Z,active,2026-09-21T21:03:18.877943+00:00
KXHIGHTLV,KXHIGHTLV-26SEP21-B92.5,Las Vegas Max Daily Temperature,KLAS,2026-09-21,between,92.0,93.0,The Weather Company,https://weather.com/kalshi,0.13,0.2,0.8,0.87,6.0,25.0,3235.64,0.0,2026-09-22T08:00:00Z,active,2026-09-21T21:03:18.877943+00:00
KXHIGHTLV,KXHIGHTLV-26SEP21-B90.5,Las Vegas Max Daily Temperature,KLAS,2026-09-21,between,90.0,91.0,The Weather Company,https://weather.com/kalshi,0.66,0.7,0.3,0.34,7.21,54.0,3599.4,0.0,2026-09-22T08:00:00Z,active,2026-09-21T21:03:18.877943+00:00
KXHIGHTMIN,KXHIGHTMIN-26SEP22-T69,Minneapolis Daily High Temperature,KMSP,2026-09-22,greater,69.0,,The Weather Company,https://weather.com/kalshi,0.01,0.02,0.98,0.99,6.0,55.0,1261.51,0.0,2026-09-23T06:00:00Z,active,2026-09-21T21:03:18.877943+00:00
KXHIGHTMIN,KXHIGHTMIN-26SEP22-T62,Minneapolis Daily High Temperature,KMSP,2026-09-22,less,,62.0,The Weather Company,https://weather.com/kalshi,0.13,0.15,0.85,0.87,4.0,75.0,320.0,0.0,2026-09-23T06:00:00Z,active,2026-09-21T21:03:18.877943+00:00
KXHIGHTMIN,KXHIGHTMIN-26SEP22-B68.5,Minneapolis Daily High Temperature,KMSP,2026-09-22,between,68.0,69.0,The Weather Company,https://weather.com/kalshi,0.02,0.03,0.97,0.98,5.0,186.54,94.46,0.0,2026-09-23T06:00:00Z,active,2026-09-21T21:03:18.877943+00:00
KXHIGHTMIN,KXHIGHTMIN-26SEP22-B66.5,Minneapolis Daily High Temperature,KMSP,2026-09-22,between,66.0,67.0,The Weather Company,https://weather.com/kalshi,0.23,0.27,0.73,0.77,1.0,99.0,392.35,0.0,2026-09-23T06:00:00Z,active,2026-09-21T21:03:18.877943+00:00
KXHIGHTMIN,KXHIGHTMIN-26SEP22-B64.5,Minneapolis Daily High Temperature,KMSP,2026-09-22,between,64.0,65.0,The Weather Company,https://weather.com/kalshi,0.37,0.38,0.62,0.63,1.0,32.0,376.69,0.0,2026-09-23T06:00:00Z,active,2026-09-21T21:03:18.877943+00:00
KXHIGHTMIN,KXHIGHTMIN-26SEP22-B62.5,Minneapolis Daily High Temperature,KMSP,2026-09-22,between,62.0,63.0,The Weather Company,https://weather.com/kalshi,0.15,0.19,0.81,0.85,2.0,186.82,565.11,0.0,2026-09-23T06:00:00Z,active,2026-09-21T21:03:18.877943+00:00
KXHIGHTMIN,KXHIGHTMIN-26SEP21-T67,Minneapolis Daily High Temperature,KMSP,2026-09-21,greater,67.0,,The Weather Company,https://weather.com/kalshi,0.0,0.01,0.99,1.0,8453.55,0.0,732.29,0.0,2026-09-22T06:00:00Z,active,2026-09-21T21:03:18.877943+00:00
KXHIGHTMIN,KXHIGHTMIN-26SEP21-T60,Minneapolis Daily High Temperature,KMSP,2026-09-21,less,,60.0,The Weather Company,https://weather.com/kalshi,0.0,0.01,0.99,1.0,119043.33,0.0,6436.01,0.0,2026-09-22T06:00:00Z,active,2026-09-21T21:03:18.877943+00:00
KXHIGHTMIN,KXHIGHTMIN-26SEP21-B66.5,Minneapolis Daily High Temperature,KMSP,2026-09-21,between,66.0,67.0,The Weather Company,https://weather.com/kalshi,0.0,0.01,0.99,1.0,272.75,0.0,1552.75,0.0,2026-09-22T06:00:00Z,active,2026-09-21T21:03:18.877943+00:00
KXHIGHTMIN,KXHIGHTMIN-26SEP21-B64.5,Minneapolis Daily High Temperature,KMSP,2026-09-21,between,64.0,65.0,The Weather Company,https://weather.com/kalshi,0.0,0.01,0.99,1.0,68.0,0.0,3865.28,0.0,2026-09-22T06:00:00Z,active,2026-09-21T21:03:18.877943+00:00
KXHIGHTMIN,KXHIGHTMIN-26SEP21-B62.5,Minneapolis Daily High Temperature,KMSP,2026-09-21,between,62.0,63.0,The Weather Company,https://weather.com/kalshi,0.01,0.02,0.98,0.99,7.0,167.44,5605.63,0.0,2026-09-22T06:00:00Z,active,2026-09-21T21:03:18.877943+00:00
KXHIGHTMIN,KXHIGHTMIN-26SEP21-B60.5,Minneapolis Daily High Temperature,KMSP,2026-09-21,between,60.0,61.0,The Weather Company,https://weather.com/kalshi,0.96,0.98,0.02,0.04,729.0,14.0,10181.06,0.0,2026-09-22T06:00:00Z,active,2026-09-21T21:03:18.877943+00:00
KXLOWTPHX,KXLOWTPHX-26SEP22-T79,Low Temperature Phoenix,KPHX,2026-09-22,greater,79.0,,The Weather Company,https://weather.com/kalshi,0.52,0.53,0.47,0.48,1.0,5.0,34.0,0.0,2026-09-23T07:00:00Z,active,2026-09-21T21:03:18.877943+00:00
KXLOWTPHX,KXLOWTPHX-26SEP22-T72,Low Temperature Phoenix,KPHX,2026-09-22,less,,72.0,The Weather Company,https://weather.com/kalshi,0.0,0.01,0.99,1.0,30.0,0.0,0.0,0.0,2026-09-23T07:00:00Z,active,2026-09-21T21:03:18.877943+00:00
KXLOWTPHX,KXLOWTPHX-26SEP22-B78.5,Low Temperature Phoenix,KPHX,2026-09-22,between,78.0,79.0,The Weather Company,https://weather.com/kalshi,0.25,0.26,0.74,0.75,7.0,85.0,8.52,0.0,2026-09-23T07:00:00Z,active,2026-09-21T21:03:18.877943+00:00
KXLOWTPHX,KXLOWTPHX-26SEP22-B76.5,Low Temperature Phoenix,KPHX,2026-09-22,between,76.0,77.0,The Weather Company,https://weather.com/kalshi,0.05,0.12,0.88,0.95,6.0,25.0,8.17,0.0,2026-09-23T07:00:00Z,active,2026-09-21T21:03:18.877943+00:00
KXLOWTPHX,KXLOWTPHX-26SEP22-B74.5,Low Temperature Phoenix,KPHX,2026-09-22,between,74.0,75.0,The Weather Company,https://weather.com/kalshi,0.03,0.11,0.89,0.97,6.0,89.0,5.14,0.0,2026-09-23T07:00:00Z,active,2026-09-21T21:03:18.877943+00:00
KXLOWTPHX,KXLOWTPHX-26SEP22-B72.5,Low Temperature Phoenix,KPHX,2026-09-22,between,72.0,73.0,The Weather Company,https://weather.com/kalshi,0.01,0.03,0.97,0.99,136.0,74.69,20.31,0.0,2026-09-23T07:00:00Z,active,2026-09-21T21:03:18.877943+00:00
KXLOWTPHX,KXLOWTPHX-26SEP21-T81,Low Temperature Phoenix,KPHX,2026-09-21,greater,81.0,,The Weather Company,https://weather.com/kalshi,0.89,1.0,0.0,0.11,0.0,6.0,1746.02,0.0,2026-09-22T07:00:00Z,active,2026-09-21T21:03:18.877943+00:00
KXLOWTPHX,KXLOWTPHX-26SEP21-T74,Low Temperature Phoenix,KPHX,2026-09-21,less,,74.0,The Weather Company,https://weather.com/kalshi,0.0,0.01,0.99,1.0,169.73,0.0,15.0,0.0,2026-09-22T07:00:00Z,active,2026-09-21T21:03:18.877943+00:00
KXLOWTPHX,KXLOWTPHX-26SEP21-B80.5,Low Temperature Phoenix,KPHX,2026-09-21,between,80.0,81.0,The Weather Company,https://weather.com/kalshi,0.01,0.08,0.92,0.99,6.0,57.0,554.19,0.0,2026-09-22T07:00:00Z,active,2026-09-21T21:03:18.877943+00:00
KXLOWTPHX,KXLOWTPHX-26SEP21-B78.5,Low Temperature Phoenix,KPHX,2026-09-21,between,78.0,79.0,The Weather Company,https://weather.com/kalshi,0.0,0.01,0.99,1.0,18.03,0.0,583.52,0.0,2026-09-22T07:00:00Z,active,2026-09-21T21:03:18.877943+00:00
KXLOWTPHX,KXLOWTPHX-26SEP21-B76.5,Low Temperature Phoenix,KPHX,2026-09-21,between,76.0,77.0,The Weather Company,https://weather.com/kalshi,0.0,0.01,0.99,1.0,16.0,0.0,110.0,0.0,2026-09-22T07:00:00Z,active,2026-09-21T21:03:18.877943+00:00
KXLOWTPHX,KXLOWTPHX-26SEP21-B74.5,Low Temperature Phoenix,KPHX,2026-09-21,between,74.0,75.0,The Weather Company,https://weather.com/kalshi,0.0,0.01,0.99,1.0,17.73,0.0,314.22,0.0,2026-09-22T07:00:00Z,active,2026-09-21T21:03:18.877943+00:00
KXLOWTMIN,KXLOWTMIN-26SEP22-T49,Low  temperature Minnesota,KMSP,2026-09-22,greater,49.0,,The Weather Company,https://weather.com/kalshi,0.25,0.33,0.67,0.75,1.0,1.0,219.0,0.0,2026-09-23T06:00:00Z,active,2026-09-21T21:03:18.877943+00:00
KXLOWTMIN,KXLOWTMIN-26SEP22-T42,Low  temperature Minnesota,KMSP,2026-09-22,less,,42.0,The Weather Company,https://weather.com/kalshi,0.02,0.05,0.95,0.98,8.0,32.0,51.37,0.0,2026-09-23T06:00:00Z,active,2026-09-21T21:03:18.877943+00:00
KXLOWTMIN,KXLOWTMIN-26SEP22-B48.5,Low  temperature Minnesota,KMSP,2026-09-22,between,48.0,49.0,The Weather Company,https://weather.com/kalshi,0.33,0.37,0.63,0.67,3.0,170.0,50.18,0.0,2026-09-23T06:00:00Z,active,2026-09-21T21:03:18.877943+00:00
KXLOWTMIN,KXLOWTMIN-26SEP22-B46.5,Low  temperature Minnesota,KMSP,2026-09-22,between,46.0,47.0,The Weather Company,https://weather.com/kalshi,0.23,0.34,0.66,0.77,25.0,13.42,144.03,0.0,2026-09-23T06:00:00Z,active,2026-09-21T21:03:18.877943+00:00
KXLOWTMIN,KXLOWTMIN-26SEP22-B44.5,Low  temperature Minnesota,KMSP,2026-09-22,between,44.0,45.0,The Weather Company,https://weather.com/kalshi,0.03,0.11,0.89,0.97,3.0,67.0,1.07,0.0,2026-09-23T06:00:00Z,active,2026-09-21T21:03:18.877943+00:00
KXLOWTMIN,KXLOWTMIN-26SEP22-B42.5,Low  temperature Minnesota,KMSP,2026-09-22,between,42.0,43.0,The Weather Company,https://weather.com/kalshi,0.02,0.06,0.94,0.98,3.0,44.0,47.43,0.0,2026-09-23T06:00:00Z,active,2026-09-21T21:03:18.877943+00:00
KXLOWTMIN,KXLOWTMIN-26SEP21-T54,Low  temperature Minnesota,KMSP,2026-09-21,greater,54.0,,The Weather Company,https://weather.com/kalshi,0.0,0.01,0.99,1.0,18152.8,0.0,370.0,0.0,2026-09-22T06:00:00Z,active,2026-09-21T21:03:18.877943+00:00
KXLOWTMIN,KXLOWTMIN-26SEP21-T47,Low  temperature Minnesota,KMSP,2026-09-21,less,,47.0,The Weather Company,https://weather.com/kalshi,0.0,0.02,0.98,1.0,58.0,0.0,490.64,0.0,2026-09-22T06:00:00Z,active,2026-09-21T21:03:18.877943+00:00
KXLOWTMIN,KXLOWTMIN-26SEP21-B53.5,Low  temperature Minnesota,KMSP,2026-09-21,between,53.0,54.0,The Weather Company,https://weather.com/kalshi,0.0,0.01,0.99,1.0,18954.08,0.0,382.2,0.0,2026-09-22T06:00:00Z,active,2026-09-21T21:03:18.877943+00:00
KXLOWTMIN,KXLOWTMIN-26SEP21-B51.5,Low  temperature Minnesota,KMSP,2026-09-21,between,51.0,52.0,The Weather Company,https://weather.com/kalshi,0.0,0.01,0.99,1.0,18690.87,0.0,520.67,0.0,2026-09-22T06:00:00Z,active,2026-09-21T21:03:18.877943+00:00
KXLOWTMIN,KXLOWTMIN-26SEP21-B49.5,Low  temperature Minnesota,KMSP,2026-09-21,between,49.0,50.0,The Weather Company,https://weather.com/kalshi,0.97,0.98,0.02,0.03,2.57,50.0,921.88,0.0,2026-09-22T06:00:00Z,active,2026-09-21T21:03:18.877943+00:00
KXLOWTMIN,KXLOWTMIN-26SEP21-B47.5,Low  temperature Minnesota,KMSP,2026-09-21,between,47.0,48.0,The Weather Company,https://weather.com/kalshi,0.02,0.04,0.96,0.98,53.0,5.02,293.96,0.0,2026-09-22T06:00:00Z,active,2026-09-21T21:03:18.877943+00:00
KXLOWTEWR,KXLOWTEWR-26SEP22-T60,"Newark, NJ (EWR) Daily Low Temp",KEWR,2026-09-22,greater,60.0,,The Weather Company,https://weather.com/kalshi,0.05,0.2,0.8,0.95,25.0,79.0,0.0,0.0,2026-09-23T05:00:00Z,active,2026-09-21T21:03:18.877943+00:00
KXLOWTEWR,KXLOWTEWR-26SEP22-T53,"Newark, NJ (EWR) Daily Low Temp",KEWR,2026-09-22,less,,53.0,The Weather Company,https://weather.com/kalshi,0.01,0.1,0.9,0.99,25.0,36.86,15.14,0.0,2026-09-23T05:00:00Z,active,2026-09-21T21:03:18.877943+00:00
KXLOWTEWR,KXLOWTEWR-26SEP22-B59.5,"Newark, NJ (EWR) Daily Low Temp",KEWR,2026-09-22,between,59.0,60.0,The Weather Company,https://weather.com/kalshi,0.19,0.39,0.61,0.81,25.0,25.0,0.0,0.0,2026-09-23T05:00:00Z,active,2026-09-21T21:03:18.877943+00:00
KXLOWTEWR,KXLOWTEWR-26SEP22-B57.5,"Newark, NJ (EWR) Daily Low Temp",KEWR,2026-09-22,between,57.0,58.0,The Weather Company,https://weather.com/kalshi,0.27,0.47,0.53,0.73,25.0,25.0,0.0,0.0,2026-09-23T05:00:00Z,active,2026-09-21T21:03:18.877943+00:00
KXLOWTEWR,KXLOWTEWR-26SEP22-B55.5,"Newark, NJ (EWR) Daily Low Temp",KEWR,2026-09-22,between,55.0,56.0,The Weather Company,https://weather.com/kalshi,0.09,0.29,0.71,0.91,25.0,25.0,0.0,0.0,2026-09-23T05:00:00Z,active,2026-09-21T21:03:18.877943+00:00
KXLOWTEWR,KXLOWTEWR-26SEP22-B53.5,"Newark, NJ (EWR) Daily Low Temp",KEWR,2026-09-22,between,53.0,54.0,The Weather Company,https://weather.com/kalshi,0.02,0.13,0.87,0.98,25.0,79.0,5.09,0.0,2026-09-23T05:00:00Z,active,2026-09-21T21:03:18.877943+00:00
KXLOWTEWR,KXLOWTEWR-26SEP21-T61,"Newark, NJ (EWR) Daily Low Temp",KEWR,2026-09-21,greater,61.0,,The Weather Company,https://weather.com/kalshi,0.0,0.01,0.99,1.0,7646.41,0.0,782.59,0.0,2026-09-22T05:00:00Z,active,2026-09-21T21:03:18.877943+00:00
KXLOWTEWR,KXLOWTEWR-26SEP21-T54,"Newark, NJ (EWR) Daily Low Temp",KEWR,2026-09-21,less,,54.0,The Weather Company,https://weather.com/kalshi,0.0,0.01,0.99,1.0,118.18,0.0,52.0,0.0,2026-09-22T05:00:00Z,active,2026-09-21T21:03:18.877943+00:00
KXLOWTEWR,KXLOWTEWR-26SEP21-B60.5,"Newark, NJ (EWR) Daily Low Temp",KEWR,2026-09-21,between,60.0,61.0,The Weather Company,https://weather.com/kalshi,0.93,0.98,0.02,0.07,78.0,50.0,198.0,0.0,2026-09-22T05:00:00Z,active,2026-09-21T21:03:18.877943+00:00
KXLOWTEWR,KXLOWTEWR-26SEP21-B58.5,"Newark, NJ (EWR) Daily Low Temp",KEWR,2026-09-21,between,58.0,59.0,The Weather Company,https://weather.com/kalshi,0.01,0.08,0.92,0.99,46.0,31.0,76.95,0.0,2026-09-22T05:00:00Z,active,2026-09-21T21:03:18.877943+00:00
KXLOWTEWR,KXLOWTEWR-26SEP21-B56.5,"Newark, NJ (EWR) Daily Low Temp",KEWR,2026-09-21,between,56.0,57.0,The Weather Company,https://weather.com/kalshi,0.0,0.09,0.91,1.0,1.0,0.0,86.0,0.0,2026-09-22T05:00:00Z,active,2026-09-21T21:03:18.877943+00:00
KXLOWTEWR,KXLOWTEWR-26SEP21-B54.5,"Newark, NJ (EWR) Daily Low Temp",KEWR,2026-09-21,between,54.0,55.0,The Weather Company,https://weather.com/kalshi,0.0,0.02,0.98,1.0,72.0,0.0,300.13,0.0,2026-09-22T05:00:00Z,active,2026-09-21T21:03:18.877943+00:00
KXLOWTMIA,KXLOWTMIA-26SEP22-T78,Lowest temperature in Miami,KMIA,2026-09-22,greater,78.0,,The Weather Company,https://weather.com/kalshi,0.08,0.09,0.91,0.92,27.0,1.0,31.57,0.0,2026-09-23T05:00:00Z,active,2026-09-21T21:03:18.877943+00:00
KXLOWTMIA,KXLOWTMIA-26SEP22-T71,Lowest temperature in Miami,KMIA,2026-09-22,less,,71.0,The Weather Company,https://weather.com/kalshi,0.01,0.02,0.98,0.99,74.0,106.48,146.76,0.0,2026-09-23T05:00:00Z,active,2026-09-21T21:03:18.877943+00:00
KXLOWTMIA,KXLOWTMIA-26SEP22-B77.5,Lowest temperature in Miami,KMIA,2026-09-22,between,77.0,78.0,The Weather Company,https://weather.com/kalshi,0.23,0.33,0.67,0.77,25.0,39.0,8.0,0.0,2026-09-23T05:00:00Z,active,2026-09-21T21:03:18.877943+00:00
KXLOWTMIA,KXLOWTMIA-26SEP22-B75.5,Lowest temperature in Miami,KMIA,2026-09-22,between,75.0,76.0,The Weather Company,https://weather.com/kalshi,0.35,0.45,0.55,0.65,25.0,1.0,23.0,0.0,2026-09-23T05:00:00Z,active,2026-09-21T21:03:18.877943+00:00
KXLOWTMIA,KXLOWTMIA-26SEP22-B73.5,Lowest temperature in Miami,KMIA,2026-09-22,between,73.0,74.0,The Weather Company,https://weather.com/kalshi,0.13,0.26,0.74,0.87,102.0,25.0,41.0,0.0,2026-09-23T05:00:00Z,active,2026-09-21T21:03:18.877943+00:00
KXLOWTMIA,KXLOWTMIA-26SEP22-B71.5,Lowest temperature in Miami,KMIA,2026-09-22,between,71.0,72.0,The Weather Company,https://weather.com/kalshi,0.04,0.13,0.87,0.96,84.0,89.0,1.0,0.0,2026-09-23T05:00:00Z,active,2026-09-21T21:03:18.877943+00:00
KXLOWTMIA,KXLOWTMIA-26SEP21-T77,Lowest temperature in Miami,KMIA,2026-09-21,greater,77.0,,The Weather Company,https://weather.com/kalshi,0.0,0.01,0.99,1.0,14548.27,0.0,1814.95,0.0,2026-09-22T05:00:00Z,active,2026-09-21T21:03:18.877943+00:00
KXLOWTMIA,KXLOWTMIA-26SEP21-T70,Lowest temperature in Miami,KMIA,2026-09-21,less,,70.0,The Weather Company,https://weather.com/kalshi,0.0,0.01,0.99,1.0,143.27,0.0,619.65,0.0,2026-09-22T05:00:00Z,active,2026-09-21T21:03:18.877943+00:00
KXLOWTMIA,KXLOWTMIA-26SEP21-B76.5,Lowest temperature in Miami,KMIA,2026-09-21,between,76.0,77.0,The Weather Company,https://weather.com/kalshi,0.46,0.83,0.17,0.54,119.0,126.0,1429.31,0.0,2026-09-22T05:00:00Z,active,2026-09-21T21:03:18.877943+00:00
KXLOWTMIA,KXLOWTMIA-26SEP21-B74.5,Lowest temperature in Miami,KMIA,2026-09-21,between,74.0,75.0,The Weather Company,https://weather.com/kalshi,0.15,0.19,0.81,0.85,25.0,33.0,617.66,0.0,2026-09-22T05:00:00Z,active,2026-09-21T21:03:18.877943+00:00
KXLOWTMIA,KXLOWTMIA-26SEP21-B72.5,Lowest temperature in Miami,KMIA,2026-09-21,between,72.0,73.0,The Weather Company,https://weather.com/kalshi,0.04,0.08,0.92,0.96,31.0,1.0,400.88,0.0,2026-09-22T05:00:00Z,active,2026-09-21T21:03:18.877943+00:00
KXLOWTMIA,KXLOWTMIA-26SEP21-B70.5,Lowest temperature in Miami,KMIA,2026-09-21,between,70.0,71.0,The Weather Company,https://weather.com/kalshi,0.0,0.09,0.91,1.0,36.0,0.0,214.83,0.0,2026-09-22T05:00:00Z,active,2026-09-21T21:03:18.877943+00:00
KXHIGHCHI,KXHIGHCHI-26SEP22-T69,Highest temperature in Chicago,KMDW,2026-09-22,greater,69.0,,The Weather Company,https://weather.com/kalshi,0.01,0.02,0.98,0.99,117.0,330.06,518.94,0.0,2026-09-23T06:00:00Z,active,2026-09-21T21:03:18.877943+00:00
KXHIGHCHI,KXHIGHCHI-26SEP22-T62,Highest temperature in Chicago,KMDW,2026-09-22,less,,62.0,The Weather Company,https://weather.com/kalshi,0.22,0.23,0.77,0.78,233.0,107.1,1670.66,0.0,2026-09-23T06:00:00Z,active,2026-09-21T21:03:18.877943+00:00
KXHIGHCHI,KXHIGHCHI-26SEP22-B68.5,Highest temperature in Chicago,KMDW,2026-09-22,between,68.0,69.0,The Weather Company,https://weather.com/kalshi,0.01,0.02,0.98,0.99,35.0,337.51,155.49,0.0,2026-09-23T06:00:00Z,active,2026-09-21T21:03:18.877943+00:00
KXHIGHCHI,KXHIGHCHI-26SEP22-B66.5,Highest temperature in Chicago,KMDW,2026-09-22,between,66.0,67.0,The Weather Company,https://weather.com/kalshi,0.03,0.04,0.96,0.97,5.0,220.59,63.41,0.0,2026-09-23T06:00:00Z,active,2026-09-21T21:03:18.877943+00:00
KXHIGHCHI,KXHIGHCHI-26SEP22-B64.5,Highest temperature in Chicago,KMDW,2026-09-22,between,64.0,65.0,The Weather Company,https://weather.com/kalshi,0.23,0.24,0.76,0.77,36.53,57.01,494.15,0.0,2026-09-23T06:00:00Z,active,2026-09-21T21:03:18.877943+00:00
KXHIGHCHI,KXHIGHCHI-26SEP22-B62.5,Highest temperature in Chicago,KMDW,2026-09-22,between,62.0,63.0,The Weather Company,https://weather.com/kalshi,0.44,0.45,0.55,0.56,73.0,50.0,330.95,0.0,2026-09-23T06:00:00Z,active,2026-09-21T21:03:18.877943+00:00
KXHIGHCHI,KXHIGHCHI-26SEP21-T70,Highest temperature in Chicago,KMDW,2026-09-21,greater,70.0,,The Weather Company,https://weather.com/kalshi,0.0,0.01,0.99,1.0,711.16,0.0,2376.77,0.0,2026-09-22T06:00:00Z,active,2026-09-21T21:03:18.877943+00:00
KXHIGHCHI,KXHIGHCHI-26SEP21-T63,Highest temperature in Chicago,KMDW,2026-09-21,less,,63.0,The Weather Company,https://weather.com/kalshi,0.0,0.01,0.99,1.0,164916.71,0.0,9979.25,0.0,2026-09-22T06:00:00Z,active,2026-09-21T21:03:18.877943+00:00
KXHIGHCHI,KXHIGHCHI-26SEP21-B69.5,Highest temperature in Chicago,KMDW,2026-09-21,between,69.0,70.0,The Weather Company,https://weather.com/kalshi,0.0,0.01,0.99,1.0,283.79,0.0,2551.23,0.0,2026-09-22T06:00:00Z,active,2026-09-21T21:03:18.877943+00:00
KXHIGHCHI,KXHIGHCHI-26SEP21-B67.5,Highest temperature in Chicago,KMDW,2026-09-21,between,67.0,68.0,The Weather Company,https://weather.com/kalshi,0.01,0.04,0.96,0.99,117.66,134.0,7384.66,0.0,2026-09-22T06:00:00Z,active,2026-09-21T21:03:18.877943+00:00
KXHIGHCHI,KXHIGHCHI-26SEP21-B65.5,Highest temperature in Chicago,KMDW,2026-09-21,between,65.0,66.0,The Weather Company,https://weather.com/kalshi,0.97,0.98,0.02,0.03,1.0,1000.0,13292.26,0.0,2026-09-22T06:00:00Z,active,2026-09-21T21:03:18.877943+00:00
KXHIGHCHI,KXHIGHCHI-26SEP21-B63.5,Highest temperature in Chicago,KMDW,2026-09-21,between,63.0,64.0,The Weather Company,https://weather.com/kalshi,0.0,0.01,0.99,1.0,153618.41,0.0,13953.57,0.0,2026-09-22T06:00:00Z,active,2026-09-21T21:03:18.877943+00:00
KXLOWTBOS,KXLOWTBOS-26SEP22-T58,Low Temperature Boston,KBOS,2026-09-22,greater,58.0,,The Weather Company,https://weather.com/kalshi,0.02,0.07,0.93,0.98,2.0,34.69,20.31,0.0,2026-09-23T05:00:00Z,active,2026-09-21T21:03:18.877943+00:00
KXLOWTBOS,KXLOWTBOS-26SEP22-T51,Low Temperature Boston,KBOS,2026-09-22,less,,51.0,The Weather Company,https://weather.com/kalshi,0.0,0.05,0.95,1.0,2.0,0.0,385.0,0.0,2026-09-23T05:00:00Z,active,2026-09-21T21:03:18.877943+00:00
KXLOWTBOS,KXLOWTBOS-26SEP22-B57.5,Low Temperature Boston,KBOS,2026-09-22,between,57.0,58.0,The Weather Company,https://weather.com/kalshi,0.29,0.44,0.56,0.71,3.0,5.0,41.03,0.0,2026-09-23T05:00:00Z,active,2026-09-21T21:03:18.877943+00:00
KXLOWTBOS,KXLOWTBOS-26SEP22-B55.5,Low Temperature Boston,KBOS,2026-09-22,between,55.0,56.0,The Weather Company,https://weather.com/kalshi,0.36,0.53,0.47,0.64,2.0,5.0,32.03,0.0,2026-09-23T05:00:00Z,active,2026-09-21T21:03:18.877943+00:00
KXLOWTBOS,KXLOWTBOS-26SEP22-B53.5,Low Temperature Boston,KBOS,2026-09-22,between,53.0,54.0,The Weather Company,https://weather.com/kalshi,0.07,0.26,0.74,0.93,8.15,5.0,105.89,0.0,2026-09-23T05:00:00Z,active,2026-09-21T21:03:18.877943+00:00
KXLOWTBOS,KXLOWTBOS-26SEP22-B51.5,Low Temperature Boston,KBOS,2026-09-22,between,51.0,52.0,The Weather Company,https://weather.com/kalshi,0.01,0.04,0.96,0.99,8.0,101.0,123.62,0.0,2026-09-23T05:00:00Z,active,2026-09-21T21:03:18.877943+00:00
KXLOWTBOS,KXLOWTBOS-26SEP21-T59,Low Temperature Boston,KBOS,2026-09-21,greater,59.0,,The Weather Company,https://weather.com/kalshi,0.0,0.01,0.99,1.0,14379.11,0.0,138.27,0.0,2026-09-22T05:00:00Z,active,2026-09-21T21:03:18.877943+00:00
KXLOWTBOS,KXLOWTBOS-26SEP21-T52,Low Temperature Boston,KBOS,2026-09-21,less,,52.0,The Weather Company,https://weather.com/kalshi,0.0,0.01,0.99,1.0,6.0,0.0,305.0,0.0,2026-09-22T05:00:00Z,active,2026-09-21T21:03:18.877943+00:00
KXLOWTBOS,KXLOWTBOS-26SEP21-B58.5,Low Temperature Boston,KBOS,2026-09-21,between,58.0,59.0,The Weather Company,https://weather.com/kalshi,0.0,0.01,0.99,1.0,22355.11,0.0,626.0,0.0,2026-09-22T05:00:00Z,active,2026-09-21T21:03:18.877943+00:00
KXLOWTBOS,KXLOWTBOS-26SEP21-B56.5,Low Temperature Boston,KBOS,2026-09-21,between,56.0,57.0,The Weather Company,https://weather.com/kalshi,0.0,0.01,0.99,1.0,17282.6,0.0,1113.98,0.0,2026-09-22T05:00:00Z,active,2026-09-21T21:03:18.877943+00:00
KXLOWTBOS,KXLOWTBOS-26SEP21-B54.5,Low Temperature Boston,KBOS,2026-09-21,between,54.0,55.0,The Weather Company,https://weather.com/kalshi,0.99,1.0,0.0,0.01,0.0,25.0,1239.82,0.0,2026-09-22T05:00:00Z,active,2026-09-21T21:03:18.877943+00:00
KXLOWTBOS,KXLOWTBOS-26SEP21-B52.5,Low Temperature Boston,KBOS,2026-09-21,between,52.0,53.0,The Weather Company,https://weather.com/kalshi,0.0,0.02,0.98,1.0,45.32,0.0,221.3,0.0,2026-09-22T05:00:00Z,active,2026-09-21T21:03:18.877943+00:00
KXHIGHNY,KXHIGHNY-26SEP22-T70,Highest temperature in NYC,KNYC,2026-09-22,greater,70.0,,The Weather Company,https://weather.com/kalshi,0.0,0.01,0.99,1.0,268.86,0.0,1093.31,0.0,2026-09-23T05:00:00Z,active,2026-09-21T21:03:18.877943+00:00
KXHIGHNY,KXHIGHNY-26SEP22-T63,Highest temperature in NYC,KNYC,2026-09-22,less,,63.0,The Weather Company,https://weather.com/kalshi,0.13,0.14,0.86,0.87,9.0,92.0,2751.77,0.0,2026-09-23T05:00:00Z,active,2026-09-21T21:03:18.877943+00:00
KXHIGHNY,KXHIGHNY-26SEP22-B69.5,Highest temperature in NYC,KNYC,2026-09-22,between,69.0,70.0,The Weather Company,https://weather.com/kalshi,0.01,0.02,0.98,0.99,161.0,963.94,634.06,0.0,2026-09-23T05:00:00Z,active,2026-09-21T21:03:18.877943+00:00
KXHIGHNY,KXHIGHNY-26SEP22-B67.5,Highest temperature in NYC,KNYC,2026-09-22,between,67.0,68.0,The Weather Company,https://weather.com/kalshi,0.07,0.08,0.92,0.93,87.0,268.54,628.71,0.0,2026-09-23T05:00:00Z,active,2026-09-21T21:03:18.877943+00:00
KXHIGHNY,KXHIGHNY-26SEP22-B65.5,Highest temperature in NYC,KNYC,2026-09-22,between,65.0,66.0,The Weather Company,https://weather.com/kalshi,0.39,0.4,0.6,0.61,76.59,103.77,1693.06,0.0,2026-09-23T05:00:00Z,active,2026-09-21T21:03:18.877943+00:00
KXHIGHNY,KXHIGHNY-26SEP22-B63.5,Highest temperature in NYC,KNYC,2026-09-22,between,63.0,64.0,The Weather Company,https://weather.com/kalshi,0.39,0.4,0.6,0.61,145.0,1.0,2033.72,0.0,2026-09-23T05:00:00Z,active,2026-09-21T21:03:18.877943+00:00
KXHIGHNY,KXHIGHNY-26SEP21-T73,Highest temperature in NYC,KNYC,2026-09-21,greater,73.0,,The Weather Company,https://weather.com/kalshi,0.0,0.01,0.99,1.0,17281.54,0.0,15778.18,0.0,2026-09-22T05:00:00Z,active,2026-09-21T21:03:18.877943+00:00
KXHIGHNY,KXHIGHNY-26SEP21-T66,Highest temperature in NYC,KNYC,2026-09-21,less,,66.0,The Weather Company,https://weather.com/kalshi,0.0,0.01,0.99,1.0,125036.99,0.0,4094.02,0.0,2026-09-22T05:00:00Z,active,2026-09-21T21:03:18.877943+00:00
KXHIGHNY,KXHIGHNY-26SEP21-B72.5,Highest temperature in NYC,KNYC,2026-09-21,between,72.0,73.0,The Weather Company,https://weather.com/kalshi,0.99,1.0,0.0,0.01,0.0,42872.34,59089.42,0.0,2026-09-22T05:00:00Z,active,2026-09-21T21:03:18.877943+00:00
KXHIGHNY,KXHIGHNY-26SEP21-B70.5,Highest temperature in NYC,KNYC,2026-09-21,between,70.0,71.0,The Weather Company,https://weather.com/kalshi,0.0,0.01,0.99,1.0,310610.6,0.0,54851.95,0.0,2026-09-22T05:00:00Z,active,2026-09-21T21:03:18.877943+00:00
KXHIGHNY,KXHIGHNY-26SEP21-B68.5,Highest temperature in NYC,KNYC,2026-09-21,between,68.0,69.0,The Weather Company,https://weather.com/kalshi,0.0,0.01,0.99,1.0,172110.54,0.0,18709.28,0.0,2026-09-22T05:00:00Z,active,2026-09-21T21:03:18.877943+00:00
KXHIGHNY,KXHIGHNY-26SEP21-B66.5,Highest temperature in NYC,KNYC,2026-09-21,between,66.0,67.0,The Weather Company,https://weather.com/kalshi,0.0,0.01,0.99,1.0,162712.33,0.0,4086.12,0.0,2026-09-22T05:00:00Z,active,2026-09-21T21:03:18.877943+00:00
KXHIGHTEWR,KXHIGHTEWR-26SEP22-T70,"Newark, NJ (EWR) Daily Max Temp",KEWR,2026-09-22,greater,70.0,,The Weather Company,https://weather.com/kalshi,0.01,0.02,0.98,0.99,6.0,49.82,20.18,0.0,2026-09-23T05:00:00Z,active,2026-09-21T21:03:18.877943+00:00
KXHIGHTEWR,KXHIGHTEWR-26SEP22-T63,"Newark, NJ (EWR) Daily Max Temp",KEWR,2026-09-22,less,,63.0,The Weather Company,https://weather.com/kalshi,0.02,0.1,0.9,0.98,25.0,29.0,0.0,0.0,2026-09-23T05:00:00Z,active,2026-09-21T21:03:18.877943+00:00
KXHIGHTEWR,KXHIGHTEWR-26SEP22-B69.5,"Newark, NJ (EWR) Daily Max Temp",KEWR,2026-09-22,between,69.0,70.0,The Weather Company,https://weather.com/kalshi,0.16,0.26,0.74,0.84,25.0,29.0,0.0,0.0,2026-09-23T05:00:00Z,active,2026-09-21T21:03:18.877943+00:00
KXHIGHTEWR,KXHIGHTEWR-26SEP22-B67.5,"Newark, NJ (EWR) Daily Max Temp",KEWR,2026-09-22,between,67.0,68.0,The Weather Company,https://weather.com/kalshi,0.33,0.52,0.48,0.67,25.0,5.0,0.0,0.0,2026-09-23T05:00:00Z,active,2026-09-21T21:03:18.877943+00:00
KXHIGHTEWR,KXHIGHTEWR-26SEP22-B65.5,"Newark, NJ (EWR) Daily Max Temp",KEWR,2026-09-22,between,65.0,66.0,The Weather Company,https://weather.com/kalshi,0.23,0.42,0.58,0.77,25.0,1.82,1.82,0.0,2026-09-23T05:00:00Z,active,2026-09-21T21:03:18.877943+00:00
KXHIGHTEWR,KXHIGHTEWR-26SEP22-B63.5,"Newark, NJ (EWR) Daily Max Temp",KEWR,2026-09-22,between,63.0,64.0,The Weather Company,https://weather.com/kalshi,0.05,0.16,0.84,0.95,25.0,79.0,0.0,0.0,2026-09-23T05:00:00Z,active,2026-09-21T21:03:18.877943+00:00
KXHIGHTEWR,KXHIGHTEWR-26SEP21-T72,"Newark, NJ (EWR) Daily Max Temp",KEWR,2026-09-21,greater,72.0,,The Weather Company,https://weather.com/kalshi,0.99,1.0,0.0,0.01,0.0,186.0,856.56,0.0,2026-09-22T05:00:00Z,active,2026-09-21T21:03:18.877943+00:00
KXHIGHTEWR,KXHIGHTEWR-26SEP21-T65,"Newark, NJ (EWR) Daily Max Temp",KEWR,2026-09-21,less,,65.0,The Weather Company,https://weather.com/kalshi,0.0,0.01,0.99,1.0,348.27,0.0,241.0,0.0,2026-09-22T05:00:00Z,active,2026-09-21T21:03:18.877943+00:00
KXHIGHTEWR,KXHIGHTEWR-26SEP21-B71.5,"Newark, NJ (EWR) Daily Max Temp",KEWR,2026-09-21,between,71.0,72.0,The Weather Company,https://weather.com/kalshi,0.0,0.01,0.99,1.0,8247.03,0.0,521.62,0.0,2026-09-22T05:00:00Z,active,2026-09-21T21:03:18.877943+00:00
KXHIGHTEWR,KXHIGHTEWR-26SEP21-B69.5,"Newark, NJ (EWR) Daily Max Temp",KEWR,2026-09-21,between,69.0,70.0,The Weather Company,https://weather.com/kalshi,0.0,0.01,0.99,1.0,8486.0,0.0,222.0,0.0,2026-09-22T05:00:00Z,active,2026-09-21T21:03:18.877943+00:00
KXHIGHTEWR,KXHIGHTEWR-26SEP21-B67.5,"Newark, NJ (EWR) Daily Max Temp",KEWR,2026-09-21,between,67.0,68.0,The Weather Company,https://weather.com/kalshi,0.0,0.01,0.99,1.0,8313.68,0.0,400.0,0.0,2026-09-22T05:00:00Z,active,2026-09-21T21:03:18.877943+00:00
KXHIGHTEWR,KXHIGHTEWR-26SEP21-B65.5,"Newark, NJ (EWR) Daily Max Temp",KEWR,2026-09-21,between,65.0,66.0,The Weather Company,https://weather.com/kalshi,0.0,0.01,0.99,1.0,8539.0,0.0,303.46,0.0,2026-09-22T05:00:00Z,active,2026-09-21T21:03:18.877943+00:00
KXLOWTATL,KXLOWTATL-26SEP22-T73,Low Temperature Atlanta,KATL,2026-09-22,greater,73.0,,The Weather Company,https://weather.com/kalshi,0.12,0.18,0.82,0.88,5.0,96.54,38.42,0.0,2026-09-23T05:00:00Z,active,2026-09-21T21:03:18.877943+00:00
KXLOWTATL,KXLOWTATL-26SEP22-T66,Low Temperature Atlanta,KATL,2026-09-22,less,,66.0,The Weather Company,https://weather.com/kalshi,0.0,0.03,0.97,1.0,5.0,0.0,31.0,0.0,2026-09-23T05:00:00Z,active,2026-09-21T21:03:18.877943+00:00
KXLOWTATL,KXLOWTATL-26SEP22-B72.5,Low Temperature Atlanta,KATL,2026-09-22,between,72.0,73.0,The Weather Company,https://weather.com/kalshi,0.42,0.5,0.5,0.58,5.0,92.0,25.0,0.0,2026-09-23T05:00:00Z,active,2026-09-21T21:03:18.877943+00:00
KXLOWTATL,KXLOWTATL-26SEP22-B70.5,Low Temperature Atlanta,KATL,2026-09-22,between,70.0,71.0,The Weather Company,https://weather.com/kalshi,0.35,0.45,0.55,0.65,34.0,25.0,122.0,0.0,2026-09-23T05:00:00Z,active,2026-09-21T21:03:18.877943+00:00
KXLOWTATL,KXLOWTATL-26SEP22-B68.5,Low Temperature Atlanta,KATL,2026-09-22,between,68.0,69.0,The Weather Company,https://weather.com/kalshi,0.03,0.09,0.91,0.97,5.0,29.0,0.0,0.0,2026-09-23T05:00:00Z,active,2026-09-21T21:03:18.877943+00:00
KXLOWTATL,KXLOWTATL-26SEP22-B66.5,Low Temperature Atlanta,KATL,2026-09-22,between,66.0,67.0,The Weather Company,https://weather.com/kalshi,0.01,0.02,0.98,0.99,5.0,101.0,42.0,0.0,2026-09-23T05:00:00Z,active,2026-09-21T21:03:18.877943+00:00
KXLOWTATL,KXLOWTATL-26SEP21-T74,Low Temperature Atlanta,KATL,2026-09-21,greater,74.0,,The Weather Company,https://weather.com/kalshi,0.0,0.01,0.99,1.0,14376.33,0.0,477.82,0.0,2026-09-22T05:00:00Z,active,2026-09-21T21:03:18.877943+00:00
KXLOWTATL,KXLOWTATL-26SEP21-T67,Low Temperature Atlanta,KATL,2026-09-21,less,,67.0,The Weather Company,https://weather.com/kalshi,0.0,0.01,0.99,1.0,5.0,0.0,167.0,0.0,2026-09-22T05:00:00Z,active,2026-09-21T21:03:18.877943+00:00
KXLOWTATL,KXLOWTATL-26SEP21-B73.5,Low Temperature Atlanta,KATL,2026-09-21,between,73.0,74.0,The Weather Company,https://weather.com/kalshi,0.0,0.01,0.99,1.0,22132.15,0.0,467.36,0.0,2026-09-22T05:00:00Z,active,2026-09-21T21:03:18.877943+00:00
KXLOWTATL,KXLOWTATL-26SEP21-B71.5,Low Temperature Atlanta,KATL,2026-09-21,between,71.0,72.0,The Weather Company,https://weather.com/kalshi,0.94,0.97,0.03,0.06,1.0,44.0,1020.59,0.0,2026-09-22T05:00:00Z,active,2026-09-21T21:03:18.877943+00:00
KXLOWTATL,KXLOWTATL-26SEP21-B69.5,Low Temperature Atlanta,KATL,2026-09-21,between,69.0,70.0,The Weather Company,https://weather.com/kalshi,0.01,0.03,0.97,0.99,5.0,33.29,513.91,0.0,2026-09-22T05:00:00Z,active,2026-09-21T21:03:18.877943+00:00
KXLOWTATL,KXLOWTATL-26SEP21-B67.5,Low Temperature Atlanta,KATL,2026-09-21,between,67.0,68.0,The Weather Company,https://weather.com/kalshi,0.0,0.01,0.99,1.0,5.0,0.0,320.97,0.0,2026-09-22T05:00:00Z,active,2026-09-21T21:03:18.877943+00:00
KXHIGHTDAL,KXHIGHTDAL-26SEP22-T93,Dallas Maximum Temperature,KDFW,2026-09-22,less,,93.0,The Weather Company,https://weather.com/kalshi,0.07,0.1,0.9,0.93,74.0,338.0,230.33,0.0,2026-09-23T06:00:00Z,active,2026-09-21T21:03:18.877943+00:00
KXHIGHTDAL,KXHIGHTDAL-26SEP22-T100,Dallas Maximum Temperature,KDFW,2026-09-22,greater,100.0,,The Weather Company,https://weather.com/kalshi,0.01,0.02,0.98,0.99,61.0,4.54,413.46,0.0,2026-09-23T06:00:00Z,active,2026-09-21T21:03:18.877943+00:00
KXHIGHTDAL,KXHIGHTDAL-26SEP22-B99.5,Dallas Maximum Temperature,KDFW,2026-09-22,between,99.0,100.0,The Weather Company,https://weather.com/kalshi,0.03,0.04,0.96,0.97,4.0,29.0,510.18,0.0,2026-09-23T06:00:00Z,active,2026-09-21T21:03:18.877943+00:00
KXHIGHTDAL,KXHIGHTDAL-26SEP22-B97.5,Dallas Maximum Temperature,KDFW,2026-09-22,between,97.0,98.0,The Weather Company,https://weather.com/kalshi,0.16,0.17,0.83,0.84,2.0,366.97,510.34,0.0,2026-09-23T06:00:00Z,active,2026-09-21T21:03:18.877943+00:00
KXHIGHTDAL,KXHIGHTDAL-26SEP22-B95.5,Dallas Maximum Temperature,KDFW,2026-09-22,between,95.0,96.0,The Weather Company,https://weather.com/kalshi,0.49,0.52,0.48,0.51,28.56,45.0,495.98,0.0,2026-09-23T06:00:00Z,active,2026-09-21T21:03:18.877943+00:00
KXHIGHTDAL,KXHIGHTDAL-26SEP22-B93.5,Dallas Maximum Temperature,KDFW,2026-09-22,between,93.0,94.0,The Weather Company,https://weather.com/kalshi,0.22,0.23,0.77,0.78,78.0,247.96,608.72,0.0,2026-09-23T06:00:00Z,active,2026-09-21T21:03:18.877943+00:00
KXHIGHTDAL,KXHIGHTDAL-26SEP21-T97,Dallas Maximum Temperature,KDFW,2026-09-21,greater,97.0,,The Weather Company,https://weather.com/kalshi,0.23,0.27,0.73,0.77,56.58,62.0,13174.06,0.0,2026-09-22T06:00:00Z,active,2026-09-21T21:03:18.877943+00:00
KXHIGHTDAL,KXHIGHTDAL-26SEP21-T90,Dallas Maximum Temperature,KDFW,2026-09-21,less,,90.0,The Weather Company,https://weather.com/kalshi,0.0,0.01,0.99,1.0,63227.72,0.0,2406.37,0.0,2026-09-22T06:00:00Z,active,2026-09-21T21:03:18.877943+00:00
KXHIGHTDAL,KXHIGHTDAL-26SEP21-B96.5,Dallas Maximum Temperature,KDFW,2026-09-21,between,96.0,97.0,The Weather Company,https://weather.com/kalshi,0.74,0.75,0.25,0.26,77.0,1.0,11473.27,0.0,2026-09-22T06:00:00Z,active,2026-09-21T21:03:18.877943+00:00
KXHIGHTDAL,KXHIGHTDAL-26SEP21-B94.5,Dallas Maximum Temperature,KDFW,2026-09-21,between,94.0,95.0,The Weather Company,https://weather.com/kalshi,0.0,0.01,0.99,1.0,48590.11,0.0,24289.02,0.0,2026-09-22T06:00:00Z,active,2026-09-21T21:03:18.877943+00:00
KXHIGHTDAL,KXHIGHTDAL-26SEP21-B92.5,Dallas Maximum Temperature,KDFW,2026-09-21,between,92.0,93.0,The Weather Company,https://weather.com/kalshi,0.0,0.01,0.99,1.0,53746.36,0.0,11017.71,0.0,2026-09-22T06:00:00Z,active,2026-09-21T21:03:18.877943+00:00
KXHIGHTDAL,KXHIGHTDAL-26SEP21-B90.5,Dallas Maximum Temperature,KDFW,2026-09-21,between,90.0,91.0,The Weather Company,https://weather.com/kalshi,0.0,0.01,0.99,1.0,62646.66,0.0,2547.31,0.0,2026-09-22T06:00:00Z,active,2026-09-21T21:03:18.877943+00:00
KXHIGHTHOU,KXHIGHTHOU-26SEP22-T93,Daily High Temperature Houston,KHOU,2026-09-22,less,,93.0,The Weather Company,https://weather.com/kalshi,0.01,0.02,0.98,0.99,50.0,713.0,95.57,0.0,2026-09-23T06:00:00Z,active,2026-09-21T21:03:18.877943+00:00
KXHIGHTHOU,KXHIGHTHOU-26SEP22-T100,Daily High Temperature Houston,KHOU,2026-09-22,greater,100.0,,The Weather Company,https://weather.com/kalshi,0.0,0.02,0.98,1.0,11.0,0.0,225.0,0.0,2026-09-23T06:00:00Z,active,2026-09-21T21:03:18.877943+00:00
KXHIGHTHOU,KXHIGHTHOU-26SEP22-B99.5,Daily High Temperature Houston,KHOU,2026-09-22,between,99.0,100.0,The Weather Company,https://weather.com/kalshi,0.07,0.08,0.92,0.93,10.0,202.0,177.0,0.0,2026-09-23T06:00:00Z,active,2026-09-21T21:03:18.877943+00:00
KXHIGHTHOU,KXHIGHTHOU-26SEP22-B97.5,Daily High Temperature Houston,KHOU,2026-09-22,between,97.0,98.0,The Weather Company,https://weather.com/kalshi,0.44,0.45,0.55,0.56,74.4,3.0,200.17,0.0,2026-09-23T06:00:00Z,active,2026-09-21T21:03:18.877943+00:00
KXHIGHTHOU,KXHIGHTHOU-26SEP22-B95.5,Daily High Temperature Houston,KHOU,2026-09-22,between,95.0,96.0,The Weather Company,https://weather.com/kalshi,0.38,0.39,0.61,0.62,6.0,62.0,967.8,0.0,2026-09-23T06:00:00Z,active,2026-09-21T21:03:18.877943+00:00
KXHIGHTHOU,KXHIGHTHOU-26SEP22-B93.5,Daily High Temperature Houston,KHOU,2026-09-22,between,93.0,94.0,The Weather Company,https://weather.com/kalshi,0.11,0.15,0.85,0.89,89.0,50.0,595.12,0.0,2026-09-23T06:00:00Z,active,2026-09-21T21:03:18.877943+00:00
KXHIGHTHOU,KXHIGHTHOU-26SEP21-T99,Daily High Temperature Houston,KHOU,2026-09-21,greater,99.0,,The Weather Company,https://weather.com/kalshi,0.0,0.01,0.99,1.0,8538.06,0.0,401.61,0.0,2026-09-22T06:00:00Z,active,2026-09-21T21:03:18.877943+00:00
KXHIGHTHOU,KXHIGHTHOU-26SEP21-T92,Daily High Temperature Houston,KHOU,2026-09-21,less,,92.0,The Weather Company,https://weather.com/kalshi,0.0,0.01,0.99,1.0,54124.33,0.0,1107.04,0.0,2026-09-22T06:00:00Z,active,2026-09-21T21:03:18.877943+00:00
KXHIGHTHOU,KXHIGHTHOU-26SEP21-B98.5,Daily High Temperature Houston,KHOU,2026-09-21,between,98.0,99.0,The Weather Company,https://weather.com/kalshi,0.0,0.01,0.99,1.0,333.72,0.0,1200.18,0.0,2026-09-22T06:00:00Z,active,2026-09-21T21:03:18.877943+00:00
KXHIGHTHOU,KXHIGHTHOU-26SEP21-B96.5,Daily High Temperature Houston,KHOU,2026-09-21,between,96.0,97.0,The Weather Company,https://weather.com/kalshi,0.0,0.01,0.99,1.0,162.2,0.0,2532.49,0.0,2026-09-22T06:00:00Z,active,2026-09-21T21:03:18.877943+00:00
KXHIGHTHOU,KXHIGHTHOU-26SEP21-B94.5,Daily High Temperature Houston,KHOU,2026-09-21,between,94.0,95.0,The Weather Company,https://weather.com/kalshi,0.3,0.31,0.69,0.7,6.0,44.0,4221.94,0.0,2026-09-22T06:00:00Z,active,2026-09-21T21:03:18.877943+00:00
KXHIGHTHOU,KXHIGHTHOU-26SEP21-B92.5,Daily High Temperature Houston,KHOU,2026-09-21,between,92.0,93.0,The Weather Company,https://weather.com/kalshi,0.69,0.73,0.27,0.31,44.0,31.43,4241.2,0.0,2026-09-22T06:00:00Z,active,2026-09-21T21:03:18.877943+00:00
KXLOWTPHIL,KXLOWTPHIL-26SEP22-T60,Lowest temperature in Philadelphia,KPHL,2026-09-22,greater,60.0,,The Weather Company,https://weather.com/kalshi,0.21,0.25,0.75,0.79,25.0,38.0,85.42,0.0,2026-09-23T05:00:00Z,active,2026-09-21T21:03:18.877943+00:00
KXLOWTPHIL,KXLOWTPHIL-26SEP22-T53,Lowest temperature in Philadelphia,KPHL,2026-09-22,less,,53.0,The Weather Company,https://weather.com/kalshi,0.0,0.07,0.93,1.0,171.0,0.0,262.55,0.0,2026-09-23T05:00:00Z,active,2026-09-21T21:03:18.877943+00:00
KXLOWTPHIL,KXLOWTPHIL-26SEP22-B59.5,Lowest temperature in Philadelphia,KPHL,2026-09-22,between,59.0,60.0,The Weather Company,https://weather.com/kalshi,0.33,0.37,0.63,0.67,50.0,95.65,140.77,0.0,2026-09-23T05:00:00Z,active,2026-09-21T21:03:18.877943+00:00
KXLOWTPHIL,KXLOWTPHIL-26SEP22-B57.5,Lowest temperature in Philadelphia,KPHL,2026-09-22,between,57.0,58.0,The Weather Company,https://weather.com/kalshi,0.1,0.46,0.54,0.9,2.4,5.23,152.75,0.0,2026-09-23T05:00:00Z,active,2026-09-21T21:03:18.877943+00:00
KXLOWTPHIL,KXLOWTPHIL-26SEP22-B55.5,Lowest temperature in Philadelphia,KPHL,2026-09-22,between,55.0,56.0,The Weather Company,https://weather.com/kalshi,0.02,0.1,0.9,0.98,30.0,43.0,52.77,0.0,2026-09-23T05:00:00Z,active,2026-09-21T21:03:18.877943+00:00
KXLOWTPHIL,KXLOWTPHIL-26SEP22-B53.5,Lowest temperature in Philadelphia,KPHL,2026-09-22,between,53.0,54.0,The Weather Company,https://weather.com/kalshi,0.01,0.05,0.95,0.99,50.0,53.15,204.4,0.0,2026-09-23T05:00:00Z,active,2026-09-21T21:03:18.877943+00:00
KXLOWTPHIL,KXLOWTPHIL-26SEP21-T64,Lowest temperature in Philadelphia,KPHL,2026-09-21,greater,64.0,,The Weather Company,https://weather.com/kalshi,0.62,0.72,0.28,0.38,57.0,1.0,1116.16,0.0,2026-09-22T05:00:00Z,active,2026-09-21T21:03:18.877943+00:00
KXLOWTPHIL,KXLOWTPHIL-26SEP21-T57,Lowest temperature in Philadelphia,KPHL,2026-09-21,less,,57.0,The Weather Company,https://weather.com/kalshi,0.0,0.01,0.99,1.0,746.0,0.0,66.77,0.0,2026-09-22T05:00:00Z,active,2026-09-21T21:03:18.877943+00:00
KXLOWTPHIL,KXLOWTPHIL-26SEP21-B63.5,Lowest temperature in Philadelphia,KPHL,2026-09-21,between,63.0,64.0,The Weather Company,https://weather.com/kalshi,0.29,0.35,0.65,0.71,6.0,1.0,190.51,0.0,2026-09-22T05:00:00Z,active,2026-09-21T21:03:18.877943+00:00
KXLOWTPHIL,KXLOWTPHIL-26SEP21-B61.5,Lowest temperature in Philadelphia,KPHL,2026-09-21,between,61.0,62.0,The Weather Company,https://weather.com/kalshi,0.0,0.05,0.95,1.0,0.99,0.0,370.53,0.0,2026-09-22T05:00:00Z,active,2026-09-21T21:03:18.877943+00:00
KXLOWTPHIL,KXLOWTPHIL-26SEP21-B59.5,Lowest temperature in Philadelphia,KPHL,2026-09-21,between,59.0,60.0,The Weather Company,https://weather.com/kalshi,0.0,0.01,0.99,1.0,5.0,0.0,393.92,0.0,2026-09-22T05:00:00Z,active,2026-09-21T21:03:18.877943+00:00
KXLOWTPHIL,KXLOWTPHIL-26SEP21-B57.5,Lowest temperature in Philadelphia,KPHL,2026-09-21,between,57.0,58.0,The Weather Company,https://weather.com/kalshi,0.0,0.01,0.99,1.0,401.23,0.0,145.14,0.0,2026-09-22T05:00:00Z,active,2026-09-21T21:03:18.877943+00:00
KXLOWTHOU,KXLOWTHOU-26SEP22-T79,Low Temperature Houston,KHOU,2026-09-22,greater,79.0,,The Weather Company,https://weather.com/kalshi,0.06,0.13,0.87,0.94,94.0,79.0,0.0,0.0,2026-09-23T06:00:00Z,active,2026-09-21T21:03:18.877943+00:00
KXLOWTHOU,KXLOWTHOU-26SEP22-T72,Low Temperature Houston,KHOU,2026-09-22,less,,72.0,The Weather Company,https://weather.com/kalshi,0.0,0.01,0.99,1.0,9.0,0.0,15.0,0.0,2026-09-23T06:00:00Z,active,2026-09-21T21:03:18.877943+00:00
KXLOWTHOU,KXLOWTHOU-26SEP22-B78.5,Low Temperature Houston,KHOU,2026-09-22,between,78.0,79.0,The Weather Company,https://weather.com/kalshi,0.49,0.63,0.37,0.51,31.0,3.0,10.7,0.0,2026-09-23T06:00:00Z,active,2026-09-21T21:03:18.877943+00:00
KXLOWTHOU,KXLOWTHOU-26SEP22-B76.5,Low Temperature Houston,KHOU,2026-09-22,between,76.0,77.0,The Weather Company,https://weather.com/kalshi,0.31,0.41,0.59,0.69,25.0,5.0,0.0,0.0,2026-09-23T06:00:00Z,active,2026-09-21T21:03:18.877943+00:00
KXLOWTHOU,KXLOWTHOU-26SEP22-B74.5,Low Temperature Houston,KHOU,2026-09-22,between,74.0,75.0,The Weather Company,https://weather.com/kalshi,0.02,0.1,0.9,0.98,37.0,44.0,1.02,0.0,2026-09-23T06:00:00Z,active,2026-09-21T21:03:18.877943+00:00
KXLOWTHOU,KXLOWTHOU-26SEP22-B72.5,Low Temperature Houston,KHOU,2026-09-22,between,72.0,73.0,The Weather Company,https://weather.com/kalshi,0.02,0.07,0.93,0.98,50.0,31.4,15.3,0.0,2026-09-23T06:00:00Z,active,2026-09-21T21:03:18.877943+00:00
KXLOWTHOU,KXLOWTHOU-26SEP21-T79,Low Temperature Houston,KHOU,2026-09-21,greater,79.0,,The Weather Company,https://weather.com/kalshi,0.0,0.01,0.99,1.0,16209.36,0.0,1962.49,0.0,2026-09-22T06:00:00Z,active,2026-09-21T21:03:18.877943+00:00
KXLOWTHOU,KXLOWTHOU-26SEP21-T72,Low Temperature Houston,KHOU,2026-09-21,less,,72.0,The Weather Company,https://weather.com/kalshi,0.0,0.01,0.99,1.0,5.0,0.0,0.0,0.0,2026-09-22T06:00:00Z,active,2026-09-21T21:03:18.877943+00:00
KXLOWTHOU,KXLOWTHOU-26SEP21-B78.5,Low Temperature Houston,KHOU,2026-09-21,between,78.0,79.0,The Weather Company,https://weather.com/kalshi,0.87,0.98,0.02,0.13,60.0,25.0,856.0,0.0,2026-09-22T06:00:00Z,active,2026-09-21T21:03:18.877943+00:00
KXLOWTHOU,KXLOWTHOU-26SEP21-B76.5,Low Temperature Houston,KHOU,2026-09-21,between,76.0,77.0,The Weather Company,https://weather.com/kalshi,0.01,0.12,0.88,0.99,25.0,25.0,155.57,0.0,2026-09-22T06:00:00Z,active,2026-09-21T21:03:18.877943+00:00
KXLOWTHOU,KXLOWTHOU-26SEP21-B74.5,Low Temperature Houston,KHOU,2026-09-21,between,74.0,75.0,The Weather Company,https://weather.com/kalshi,0.0,0.02,0.98,1.0,31.0,0.0,177.43,0.0,2026-09-22T06:00:00Z,active,2026-09-21T21:03:18.877943+00:00
KXLOWTHOU,KXLOWTHOU-26SEP21-B72.5,Low Temperature Houston,KHOU,2026-09-21,between,72.0,73.0,The Weather Company,https://weather.com/kalshi,0.0,0.02,0.98,1.0,60.0,0.0,323.18,0.0,2026-09-22T06:00:00Z,active,2026-09-21T21:03:18.877943+00:00
KXHIGHTSEA,KXHIGHTSEA-26SEP22-T73,Seattle Maximum Temperature Daily,KSEA,2026-09-22,greater,73.0,,The Weather Company,https://weather.com/kalshi,0.0,0.02,0.98,1.0,60.0,0.0,337.18,0.0,2026-09-23T08:00:00Z,active,2026-09-21T21:03:18.877943+00:00
KXHIGHTSEA,KXHIGHTSEA-26SEP22-T66,Seattle Maximum Temperature Daily,KSEA,2026-09-22,less,,66.0,The Weather Company,https://weather.com/kalshi,0.14,0.18,0.82,0.86,58.0,23.0,191.15,0.0,2026-09-23T08:00:00Z,active,2026-09-21T21:03:18.877943+00:00
KXHIGHTSEA,KXHIGHTSEA-26SEP22-B72.5,Seattle Maximum Temperature Daily,KSEA,2026-09-22,between,72.0,73.0,The Weather Company,https://weather.com/kalshi,0.02,0.04,0.96,0.98,58.24,59.0,75.64,0.0,2026-09-23T08:00:00Z,active,2026-09-21T21:03:18.877943+00:00
KXHIGHTSEA,KXHIGHTSEA-26SEP22-B70.5,Seattle Maximum Temperature Daily,KSEA,2026-09-22,between,70.0,71.0,The Weather Company,https://weather.com/kalshi,0.1,0.11,0.89,0.9,7.01,0.9,214.64,0.0,2026-09-23T08:00:00Z,active,2026-09-21T21:03:18.877943+00:00
KXHIGHTSEA,KXHIGHTSEA-26SEP22-B68.5,Seattle Maximum Temperature Daily,KSEA,2026-09-22,between,68.0,69.0,The Weather Company,https://weather.com/kalshi,0.44,0.46,0.54,0.56,67.78,33.0,132.17,0.0,2026-09-23T08:00:00Z,active,2026-09-21T21:03:18.877943+00:00
KXHIGHTSEA,KXHIGHTSEA-26SEP22-B66.5,Seattle Maximum Temperature Daily,KSEA,2026-09-22,between,66.0,67.0,The Weather Company,https://weather.com/kalshi,0.27,0.28,0.72,0.73,42.0,36.91,160.42,0.0,2026-09-23T08:00:00Z,active,2026-09-21T21:03:18.877943+00:00
KXHIGHTSEA,KXHIGHTSEA-26SEP21-T76,Seattle Maximum Temperature Daily,KSEA,2026-09-21,greater,76.0,,The Weather Company,https://weather.com/kalshi,0.0,0.01,0.99,1.0,11535.04,0.0,423.99,0.0,2026-09-22T08:00:00Z,active,2026-09-21T21:03:18.877943+00:00
KXHIGHTSEA,KXHIGHTSEA-26SEP21-T69,Seattle Maximum Temperature Daily,KSEA,2026-09-21,less,,69.0,The Weather Company,https://weather.com/kalshi,0.88,0.92,0.08,0.12,49.91,52.0,6640.56,0.0,2026-09-22T08:00:00Z,active,2026-09-21T21:03:18.877943+00:00
KXHIGHTSEA,KXHIGHTSEA-26SEP21-B75.5,Seattle Maximum Temperature Daily,KSEA,2026-09-21,between,75.0,76.0,The Weather Company,https://weather.com/kalshi,0.0,0.01,0.99,1.0,10946.17,0.0,389.83,0.0,2026-09-22T08:00:00Z,active,2026-09-21T21:03:18.877943+00:00
KXHIGHTSEA,KXHIGHTSEA-26SEP21-B73.5,Seattle Maximum Temperature Daily,KSEA,2026-09-21,between,73.0,74.0,The Weather Company,https://weather.com/kalshi,0.0,0.01,0.99,1.0,829.17,0.0,522.23,0.0,2026-09-22T08:00:00Z,active,2026-09-21T21:03:18.877943+00:00
KXHIGHTSEA,KXHIGHTSEA-26SEP21-B71.5,Seattle Maximum Temperature Daily,KSEA,2026-09-21,between,71.0,72.0,The Weather Company,https://weather.com/kalshi,0.0,0.01,0.99,1.0,472.18,0.0,15765.81,0.0,2026-09-22T08:00:00Z,active,2026-09-21T21:03:18.877943+00:00
KXHIGHTSEA,KXHIGHTSEA-26SEP21-B69.5,Seattle Maximum Temperature Daily,KSEA,2026-09-21,between,69.0,70.0,The Weather Company,https://weather.com/kalshi,0.07,0.12,0.88,0.93,8.0,143.54,4640.79,0.0,2026-09-22T08:00:00Z,active,2026-09-21T21:03:18.877943+00:00
