series_ticker,market_ticker,city_label,station_id,target_date,strike_type,floor_strike,cap_strike,settlement_source_name,settlement_source_url,yes_bid,yes_ask,no_bid,no_ask,yes_ask_size,yes_bid_size,volume,liquidity,close_time,status,pulled_at
KXHIGHTDC,KXHIGHTDC-26SEP29-T81,Washington DC Daily Max Temp,KDCA,2026-09-29,greater,81.0,,The Weather Company,https://weather.com/kalshi,0.01,0.02,0.98,0.99,126.0,38.0,231.0,0.0,2026-09-30T05:00:00Z,active,2026-09-28T22:32:31.491457+00:00
KXHIGHTDC,KXHIGHTDC-26SEP29-T74,Washington DC Daily Max Temp,KDCA,2026-09-29,less,,74.0,The Weather Company,https://weather.com/kalshi,0.05,0.06,0.94,0.95,6.2,26.8,309.01,0.0,2026-09-30T05:00:00Z,active,2026-09-28T22:32:31.491457+00:00
KXHIGHTDC,KXHIGHTDC-26SEP29-B80.5,Washington DC Daily Max Temp,KDCA,2026-09-29,between,80.0,81.0,The Weather Company,https://weather.com/kalshi,0.01,0.03,0.97,0.99,203.0,233.0,258.12,0.0,2026-09-30T05:00:00Z,active,2026-09-28T22:32:31.491457+00:00
KXHIGHTDC,KXHIGHTDC-26SEP29-B78.5,Washington DC Daily Max Temp,KDCA,2026-09-29,between,78.0,79.0,The Weather Company,https://weather.com/kalshi,0.2,0.22,0.78,0.8,72.3,1.0,27.0,0.0,2026-09-30T05:00:00Z,active,2026-09-28T22:32:31.491457+00:00
KXHIGHTDC,KXHIGHTDC-26SEP29-B76.5,Washington DC Daily Max Temp,KDCA,2026-09-29,between,76.0,77.0,The Weather Company,https://weather.com/kalshi,0.54,0.55,0.45,0.46,79.4,1.0,346.19,0.0,2026-09-30T05:00:00Z,active,2026-09-28T22:32:31.491457+00:00
KXHIGHTDC,KXHIGHTDC-26SEP29-B74.5,Washington DC Daily Max Temp,KDCA,2026-09-29,between,74.0,75.0,The Weather Company,https://weather.com/kalshi,0.19,0.2,0.8,0.81,1.0,105.3,126.89,0.0,2026-09-30T05:00:00Z,active,2026-09-28T22:32:31.491457+00:00
KXHIGHTDC,KXHIGHTDC-26SEP28-T76,Washington DC Daily Max Temp,KDCA,2026-09-28,greater,76.0,,The Weather Company,https://weather.com/kalshi,0.0,0.01,0.99,1.0,19791.81,0.0,720.0,0.0,2026-09-29T05:00:00Z,active,2026-09-28T22:32:31.491457+00:00
KXHIGHTDC,KXHIGHTDC-26SEP28-T69,Washington DC Daily Max Temp,KDCA,2026-09-28,less,,69.0,The Weather Company,https://weather.com/kalshi,0.0,0.01,0.99,1.0,44901.96,0.0,1503.04,0.0,2026-09-29T05:00:00Z,active,2026-09-28T22:32:31.491457+00:00
KXHIGHTDC,KXHIGHTDC-26SEP28-B75.5,Washington DC Daily Max Temp,KDCA,2026-09-28,between,75.0,76.0,The Weather Company,https://weather.com/kalshi,0.0,0.01,0.99,1.0,7773.81,0.0,1941.78,0.0,2026-09-29T05:00:00Z,active,2026-09-28T22:32:31.491457+00:00
KXHIGHTDC,KXHIGHTDC-26SEP28-B73.5,Washington DC Daily Max Temp,KDCA,2026-09-28,between,73.0,74.0,The Weather Company,https://weather.com/kalshi,0.0,0.01,0.99,1.0,5253.09,0.0,3035.71,0.0,2026-09-29T05:00:00Z,active,2026-09-28T22:32:31.491457+00:00
KXHIGHTDC,KXHIGHTDC-26SEP28-B71.5,Washington DC Daily Max Temp,KDCA,2026-09-28,between,71.0,72.0,The Weather Company,https://weather.com/kalshi,0.99,1.0,0.0,0.01,0.0,5873.65,3690.85,0.0,2026-09-29T05:00:00Z,active,2026-09-28T22:32:31.491457+00:00
KXHIGHTDC,KXHIGHTDC-26SEP28-B69.5,Washington DC Daily Max Temp,KDCA,2026-09-28,between,69.0,70.0,The Weather Company,https://weather.com/kalshi,0.0,0.01,0.99,1.0,38213.15,0.0,3417.31,0.0,2026-09-29T05:00:00Z,active,2026-09-28T22:32:31.491457+00:00
KXLOWTDC,KXLOWTDC-26SEP29-T62,Lowest Temperature DC ,KDCA,2026-09-29,greater,62.0,,The Weather Company,https://weather.com/kalshi,0.56,0.6,0.4,0.44,31.0,10.0,8.0,0.0,2026-09-30T05:00:00Z,active,2026-09-28T22:32:31.491457+00:00
KXLOWTDC,KXLOWTDC-26SEP29-T55,Lowest Temperature DC ,KDCA,2026-09-29,less,,55.0,The Weather Company,https://weather.com/kalshi,0.0,0.01,0.99,1.0,13.0,0.0,14.0,0.0,2026-09-30T05:00:00Z,active,2026-09-28T22:32:31.491457+00:00
KXLOWTDC,KXLOWTDC-26SEP29-B61.5,Lowest Temperature DC ,KDCA,2026-09-29,between,61.0,62.0,The Weather Company,https://weather.com/kalshi,0.3,0.35,0.65,0.7,10.0,61.0,2.0,0.0,2026-09-30T05:00:00Z,active,2026-09-28T22:32:31.491457+00:00
KXLOWTDC,KXLOWTDC-26SEP29-B59.5,Lowest Temperature DC ,KDCA,2026-09-29,between,59.0,60.0,The Weather Company,https://weather.com/kalshi,0.04,0.05,0.95,0.96,1.0,89.0,77.19,0.0,2026-09-30T05:00:00Z,active,2026-09-28T22:32:31.491457+00:00
KXLOWTDC,KXLOWTDC-26SEP29-B57.5,Lowest Temperature DC ,KDCA,2026-09-29,between,57.0,58.0,The Weather Company,https://weather.com/kalshi,0.0,0.02,0.98,1.0,19.28,0.0,139.28,0.0,2026-09-30T05:00:00Z,active,2026-09-28T22:32:31.491457+00:00
KXLOWTDC,KXLOWTDC-26SEP29-B55.5,Lowest Temperature DC ,KDCA,2026-09-29,between,55.0,56.0,The Weather Company,https://weather.com/kalshi,0.0,0.03,0.97,1.0,4.0,0.0,94.0,0.0,2026-09-30T05:00:00Z,active,2026-09-28T22:32:31.491457+00:00
KXLOWTDC,KXLOWTDC-26SEP28-T60,Lowest Temperature DC ,KDCA,2026-09-28,greater,60.0,,The Weather Company,https://weather.com/kalshi,0.96,1.0,0.0,0.04,0.0,13.0,1349.67,0.0,2026-09-29T05:00:00Z,active,2026-09-28T22:32:31.491457+00:00
KXLOWTDC,KXLOWTDC-26SEP28-T53,Lowest Temperature DC ,KDCA,2026-09-28,less,,53.0,The Weather Company,https://weather.com/kalshi,0.0,0.01,0.99,1.0,4.0,0.0,301.0,0.0,2026-09-29T05:00:00Z,active,2026-09-28T22:32:31.491457+00:00
KXLOWTDC,KXLOWTDC-26SEP28-B59.5,Lowest Temperature DC ,KDCA,2026-09-28,between,59.0,60.0,The Weather Company,https://weather.com/kalshi,0.0,0.06,0.94,1.0,36.0,0.0,407.5,0.0,2026-09-29T05:00:00Z,active,2026-09-28T22:32:31.491457+00:00
KXLOWTDC,KXLOWTDC-26SEP28-B57.5,Lowest Temperature DC ,KDCA,2026-09-28,between,57.0,58.0,The Weather Company,https://weather.com/kalshi,0.0,0.03,0.97,1.0,5.0,0.0,424.05,0.0,2026-09-29T05:00:00Z,active,2026-09-28T22:32:31.491457+00:00
KXLOWTDC,KXLOWTDC-26SEP28-B55.5,Lowest Temperature DC ,KDCA,2026-09-28,between,55.0,56.0,The Weather Company,https://weather.com/kalshi,0.0,0.02,0.98,1.0,196.0,0.0,174.0,0.0,2026-09-29T05:00:00Z,active,2026-09-28T22:32:31.491457+00:00
KXLOWTDC,KXLOWTDC-26SEP28-B53.5,Lowest Temperature DC ,KDCA,2026-09-28,between,53.0,54.0,The Weather Company,https://weather.com/kalshi,0.0,0.01,0.99,1.0,4.0,0.0,186.0,0.0,2026-09-29T05:00:00Z,active,2026-09-28T22:32:31.491457+00:00
KXLOWTMIA,KXLOWTMIA-26SEP29-T75,Lowest temperature in Miami,KMIA,2026-09-29,greater,75.0,,The Weather Company,https://weather.com/kalshi,0.07,0.22,0.78,0.93,1.0,10.0,135.0,0.0,2026-09-30T05:00:00Z,active,2026-09-28T22:32:31.491457+00:00
KXLOWTMIA,KXLOWTMIA-26SEP29-T68,Lowest temperature in Miami,KMIA,2026-09-29,less,,68.0,The Weather Company,https://weather.com/kalshi,0.01,0.02,0.98,0.99,1.0,58.0,59.0,0.0,2026-09-30T05:00:00Z,active,2026-09-28T22:32:31.491457+00:00
KXLOWTMIA,KXLOWTMIA-26SEP29-B74.5,Lowest temperature in Miami,KMIA,2026-09-29,between,74.0,75.0,The Weather Company,https://weather.com/kalshi,0.41,0.51,0.49,0.59,10.0,10.0,0.0,0.0,2026-09-30T05:00:00Z,active,2026-09-28T22:32:31.491457+00:00
KXLOWTMIA,KXLOWTMIA-26SEP29-B72.5,Lowest temperature in Miami,KMIA,2026-09-29,between,72.0,73.0,The Weather Company,https://weather.com/kalshi,0.2,0.32,0.68,0.8,50.0,10.0,0.0,0.0,2026-09-30T05:00:00Z,active,2026-09-28T22:32:31.491457+00:00
KXLOWTMIA,KXLOWTMIA-26SEP29-B70.5,Lowest temperature in Miami,KMIA,2026-09-29,between,70.0,71.0,The Weather Company,https://weather.com/kalshi,0.04,0.05,0.95,0.96,1.0,89.0,3.02,0.0,2026-09-30T05:00:00Z,active,2026-09-28T22:32:31.491457+00:00
KXLOWTMIA,KXLOWTMIA-26SEP29-B68.5,Lowest temperature in Miami,KMIA,2026-09-29,between,68.0,69.0,The Weather Company,https://weather.com/kalshi,0.02,0.03,0.97,0.98,1.0,28.59,56.41,0.0,2026-09-30T05:00:00Z,active,2026-09-28T22:32:31.491457+00:00
KXLOWTMIA,KXLOWTMIA-26SEP28-T74,Lowest temperature in Miami,KMIA,2026-09-28,greater,74.0,,The Weather Company,https://weather.com/kalshi,0.97,0.98,0.02,0.03,127.37,1.0,1845.38,0.0,2026-09-29T05:00:00Z,active,2026-09-28T22:32:31.491457+00:00
KXLOWTMIA,KXLOWTMIA-26SEP28-T67,Lowest temperature in Miami,KMIA,2026-09-28,less,,67.0,The Weather Company,https://weather.com/kalshi,0.0,0.01,0.99,1.0,6.0,0.0,679.0,0.0,2026-09-29T05:00:00Z,active,2026-09-28T22:32:31.491457+00:00
KXLOWTMIA,KXLOWTMIA-26SEP28-B73.5,Lowest temperature in Miami,KMIA,2026-09-28,between,73.0,74.0,The Weather Company,https://weather.com/kalshi,0.01,0.02,0.98,0.99,1.0,50.0,639.35,0.0,2026-09-29T05:00:00Z,active,2026-09-28T22:32:31.491457+00:00
KXLOWTMIA,KXLOWTMIA-26SEP28-B71.5,Lowest temperature in Miami,KMIA,2026-09-28,between,71.0,72.0,The Weather Company,https://weather.com/kalshi,0.01,0.05,0.95,0.99,70.0,327.0,1163.77,0.0,2026-09-29T05:00:00Z,active,2026-09-28T22:32:31.491457+00:00
KXLOWTMIA,KXLOWTMIA-26SEP28-B69.5,Lowest temperature in Miami,KMIA,2026-09-28,between,69.0,70.0,The Weather Company,https://weather.com/kalshi,0.0,0.02,0.98,1.0,2.0,0.0,263.19,0.0,2026-09-29T05:00:00Z,active,2026-09-28T22:32:31.491457+00:00
KXLOWTMIA,KXLOWTMIA-26SEP28-B67.5,Lowest temperature in Miami,KMIA,2026-09-28,between,67.0,68.0,The Weather Company,https://weather.com/kalshi,0.0,0.01,0.99,1.0,9.0,0.0,682.81,0.0,2026-09-29T05:00:00Z,active,2026-09-28T22:32:31.491457+00:00
KXHIGHNY,KXHIGHNY-26SEP29-T76,Highest temperature in NYC,KNYC,2026-09-29,greater,76.0,,The Weather Company,https://weather.com/kalshi,0.0,0.01,0.99,1.0,14516.0,0.0,1727.0,0.0,2026-09-30T05:00:00Z,active,2026-09-28T22:32:31.491457+00:00
KXHIGHNY,KXHIGHNY-26SEP29-T69,Highest temperature in NYC,KNYC,2026-09-29,less,,69.0,The Weather Company,https://weather.com/kalshi,0.19,0.2,0.8,0.81,125.0,106.0,2292.48,0.0,2026-09-30T05:00:00Z,active,2026-09-28T22:32:31.491457+00:00
KXHIGHNY,KXHIGHNY-26SEP29-B75.5,Highest temperature in NYC,KNYC,2026-09-29,between,75.0,76.0,The Weather Company,https://weather.com/kalshi,0.0,0.01,0.99,1.0,590.0,0.0,1009.6,0.0,2026-09-30T05:00:00Z,active,2026-09-28T22:32:31.491457+00:00
KXHIGHNY,KXHIGHNY-26SEP29-B73.5,Highest temperature in NYC,KNYC,2026-09-29,between,73.0,74.0,The Weather Company,https://weather.com/kalshi,0.06,0.07,0.93,0.94,52.49,127.0,765.34,0.0,2026-09-30T05:00:00Z,active,2026-09-28T22:32:31.491457+00:00
KXHIGHNY,KXHIGHNY-26SEP29-B71.5,Highest temperature in NYC,KNYC,2026-09-29,between,71.0,72.0,The Weather Company,https://weather.com/kalshi,0.28,0.29,0.71,0.72,76.0,72.0,1171.91,0.0,2026-09-30T05:00:00Z,active,2026-09-28T22:32:31.491457+00:00
KXHIGHNY,KXHIGHNY-26SEP29-B69.5,Highest temperature in NYC,KNYC,2026-09-29,between,69.0,70.0,The Weather Company,https://weather.com/kalshi,0.49,0.5,0.5,0.51,129.0,20.0,1168.2,0.0,2026-09-30T05:00:00Z,active,2026-09-28T22:32:31.491457+00:00
KXHIGHNY,KXHIGHNY-26SEP28-T71,Highest temperature in NYC,KNYC,2026-09-28,greater,71.0,,The Weather Company,https://weather.com/kalshi,0.0,0.01,0.99,1.0,18896.95,0.0,1550.51,0.0,2026-09-29T05:00:00Z,active,2026-09-28T22:32:31.491457+00:00
KXHIGHNY,KXHIGHNY-26SEP28-T64,Highest temperature in NYC,KNYC,2026-09-28,less,,64.0,The Weather Company,https://weather.com/kalshi,0.97,0.98,0.02,0.03,1177.78,242.46,36418.66,0.0,2026-09-29T05:00:00Z,active,2026-09-28T22:32:31.491457+00:00
KXHIGHNY,KXHIGHNY-26SEP28-B70.5,Highest temperature in NYC,KNYC,2026-09-28,between,70.0,71.0,The Weather Company,https://weather.com/kalshi,0.0,0.01,0.99,1.0,17753.31,0.0,1025.66,0.0,2026-09-29T05:00:00Z,active,2026-09-28T22:32:31.491457+00:00
KXHIGHNY,KXHIGHNY-26SEP28-B68.5,Highest temperature in NYC,KNYC,2026-09-28,between,68.0,69.0,The Weather Company,https://weather.com/kalshi,0.0,0.01,0.99,1.0,26195.01,0.0,1850.68,0.0,2026-09-29T05:00:00Z,active,2026-09-28T22:32:31.491457+00:00
KXHIGHNY,KXHIGHNY-26SEP28-B66.5,Highest temperature in NYC,KNYC,2026-09-28,between,66.0,67.0,The Weather Company,https://weather.com/kalshi,0.0,0.01,0.99,1.0,18319.67,0.0,8043.8,0.0,2026-09-29T05:00:00Z,active,2026-09-28T22:32:31.491457+00:00
KXHIGHNY,KXHIGHNY-26SEP28-B64.5,Highest temperature in NYC,KNYC,2026-09-28,between,64.0,65.0,The Weather Company,https://weather.com/kalshi,0.02,0.03,0.97,0.98,175.0,1383.75,30160.4,0.0,2026-09-29T05:00:00Z,active,2026-09-28T22:32:31.491457+00:00
KXHIGHTEWR,KXHIGHTEWR-26SEP29-T78,"Newark, NJ (EWR) Daily Max Temp",KEWR,2026-09-29,greater,78.0,,The Weather Company,https://weather.com/kalshi,0.01,0.03,0.97,0.99,113.0,18.0,59.28,0.0,2026-09-30T05:00:00Z,active,2026-09-28T22:32:31.491457+00:00
KXHIGHTEWR,KXHIGHTEWR-26SEP29-T71,"Newark, NJ (EWR) Daily Max Temp",KEWR,2026-09-29,less,,71.0,The Weather Company,https://weather.com/kalshi,0.13,0.28,0.72,0.87,20.0,19.0,3.0,0.0,2026-09-30T05:00:00Z,active,2026-09-28T22:32:31.491457+00:00
KXHIGHTEWR,KXHIGHTEWR-26SEP29-B77.5,"Newark, NJ (EWR) Daily Max Temp",KEWR,2026-09-29,between,77.0,78.0,The Weather Company,https://weather.com/kalshi,0.01,0.02,0.98,0.99,125.0,80.0,5.0,0.0,2026-09-30T05:00:00Z,active,2026-09-28T22:32:31.491457+00:00
KXHIGHTEWR,KXHIGHTEWR-26SEP29-B75.5,"Newark, NJ (EWR) Daily Max Temp",KEWR,2026-09-29,between,75.0,76.0,The Weather Company,https://weather.com/kalshi,0.02,0.08,0.92,0.98,68.0,56.0,55.7,0.0,2026-09-30T05:00:00Z,active,2026-09-28T22:32:31.491457+00:00
KXHIGHTEWR,KXHIGHTEWR-26SEP29-B73.5,"Newark, NJ (EWR) Daily Max Temp",KEWR,2026-09-29,between,73.0,74.0,The Weather Company,https://weather.com/kalshi,0.21,0.3,0.7,0.79,39.0,11.0,81.88,0.0,2026-09-30T05:00:00Z,active,2026-09-28T22:32:31.491457+00:00
KXHIGHTEWR,KXHIGHTEWR-26SEP29-B71.5,"Newark, NJ (EWR) Daily Max Temp",KEWR,2026-09-29,between,71.0,72.0,The Weather Company,https://weather.com/kalshi,0.27,0.39,0.61,0.73,22.0,10.0,3.0,0.0,2026-09-30T05:00:00Z,active,2026-09-28T22:32:31.491457+00:00
KXHIGHTEWR,KXHIGHTEWR-26SEP28-T71,"Newark, NJ (EWR) Daily Max Temp",KEWR,2026-09-28,greater,71.0,,The Weather Company,https://weather.com/kalshi,0.0,0.01,0.99,1.0,8226.0,0.0,199.28,0.0,2026-09-29T05:00:00Z,active,2026-09-28T22:32:31.491457+00:00
KXHIGHTEWR,KXHIGHTEWR-26SEP28-T64,"Newark, NJ (EWR) Daily Max Temp",KEWR,2026-09-28,less,,64.0,The Weather Company,https://weather.com/kalshi,0.0,0.01,0.99,1.0,9247.0,0.0,488.51,0.0,2026-09-29T05:00:00Z,active,2026-09-28T22:32:31.491457+00:00
KXHIGHTEWR,KXHIGHTEWR-26SEP28-B70.5,"Newark, NJ (EWR) Daily Max Temp",KEWR,2026-09-28,between,70.0,71.0,The Weather Company,https://weather.com/kalshi,0.0,0.01,0.99,1.0,10722.0,0.0,244.14,0.0,2026-09-29T05:00:00Z,active,2026-09-28T22:32:31.491457+00:00
KXHIGHTEWR,KXHIGHTEWR-26SEP28-B68.5,"Newark, NJ (EWR) Daily Max Temp",KEWR,2026-09-28,between,68.0,69.0,The Weather Company,https://weather.com/kalshi,0.0,0.01,0.99,1.0,2227.0,0.0,278.0,0.0,2026-09-29T05:00:00Z,active,2026-09-28T22:32:31.491457+00:00
KXHIGHTEWR,KXHIGHTEWR-26SEP28-B66.5,"Newark, NJ (EWR) Daily Max Temp",KEWR,2026-09-28,between,66.0,67.0,The Weather Company,https://weather.com/kalshi,0.0,0.01,0.99,1.0,668.01,0.0,212.62,0.0,2026-09-29T05:00:00Z,active,2026-09-28T22:32:31.491457+00:00
KXHIGHTEWR,KXHIGHTEWR-26SEP28-B64.5,"Newark, NJ (EWR) Daily Max Temp",KEWR,2026-09-28,between,64.0,65.0,The Weather Company,https://weather.com/kalshi,0.99,1.0,0.0,0.01,0.0,614.15,1057.9,0.0,2026-09-29T05:00:00Z,active,2026-09-28T22:32:31.491457+00:00
KXHIGHTOKC,KXHIGHTOKC-26SEP29-T95,Oklahoma City Maximum High Temperature,KOKC,2026-09-29,greater,95.0,,The Weather Company,https://weather.com/kalshi,0.01,0.02,0.98,0.99,18.61,43.0,579.0,0.0,2026-09-30T06:00:00Z,active,2026-09-28T22:32:31.491457+00:00
KXHIGHTOKC,KXHIGHTOKC-26SEP29-T88,Oklahoma City Maximum High Temperature,KOKC,2026-09-29,less,,88.0,The Weather Company,https://weather.com/kalshi,0.04,0.05,0.95,0.96,71.1,28.0,267.97,0.0,2026-09-30T06:00:00Z,active,2026-09-28T22:32:31.491457+00:00
KXHIGHTOKC,KXHIGHTOKC-26SEP29-B94.5,Oklahoma City Maximum High Temperature,KOKC,2026-09-29,between,94.0,95.0,The Weather Company,https://weather.com/kalshi,0.1,0.14,0.86,0.9,44.0,21.0,503.02,0.0,2026-09-30T06:00:00Z,active,2026-09-28T22:32:31.491457+00:00
KXHIGHTOKC,KXHIGHTOKC-26SEP29-B92.5,Oklahoma City Maximum High Temperature,KOKC,2026-09-29,between,92.0,93.0,The Weather Company,https://weather.com/kalshi,0.28,0.29,0.71,0.72,74.0,33.1,737.09,0.0,2026-09-30T06:00:00Z,active,2026-09-28T22:32:31.491457+00:00
KXHIGHTOKC,KXHIGHTOKC-26SEP29-B90.5,Oklahoma City Maximum High Temperature,KOKC,2026-09-29,between,90.0,91.0,The Weather Company,https://weather.com/kalshi,0.38,0.39,0.61,0.62,25.0,97.0,1116.14,0.0,2026-09-30T06:00:00Z,active,2026-09-28T22:32:31.491457+00:00
KXHIGHTOKC,KXHIGHTOKC-26SEP29-B88.5,Oklahoma City Maximum High Temperature,KOKC,2026-09-29,between,88.0,89.0,The Weather Company,https://weather.com/kalshi,0.13,0.14,0.86,0.87,1.0,84.1,304.75,0.0,2026-09-30T06:00:00Z,active,2026-09-28T22:32:31.491457+00:00
KXHIGHTOKC,KXHIGHTOKC-26SEP28-T95,Oklahoma City Maximum High Temperature,KOKC,2026-09-28,greater,95.0,,The Weather Company,https://weather.com/kalshi,0.0,0.01,0.99,1.0,18027.21,0.0,183.44,0.0,2026-09-29T06:00:00Z,active,2026-09-28T22:32:31.491457+00:00
KXHIGHTOKC,KXHIGHTOKC-26SEP28-T88,Oklahoma City Maximum High Temperature,KOKC,2026-09-28,less,,88.0,The Weather Company,https://weather.com/kalshi,0.0,0.01,0.99,1.0,40269.44,0.0,2505.68,0.0,2026-09-29T06:00:00Z,active,2026-09-28T22:32:31.491457+00:00
KXHIGHTOKC,KXHIGHTOKC-26SEP28-B94.5,Oklahoma City Maximum High Temperature,KOKC,2026-09-28,between,94.0,95.0,The Weather Company,https://weather.com/kalshi,0.0,0.01,0.99,1.0,5680.0,0.0,5378.19,0.0,2026-09-29T06:00:00Z,active,2026-09-28T22:32:31.491457+00:00
KXHIGHTOKC,KXHIGHTOKC-26SEP28-B92.5,Oklahoma City Maximum High Temperature,KOKC,2026-09-28,between,92.0,93.0,The Weather Company,https://weather.com/kalshi,0.0,0.01,0.99,1.0,1514.72,0.0,13971.68,0.0,2026-09-29T06:00:00Z,active,2026-09-28T22:32:31.491457+00:00
KXHIGHTOKC,KXHIGHTOKC-26SEP28-B90.5,Oklahoma City Maximum High Temperature,KOKC,2026-09-28,between,90.0,91.0,The Weather Company,https://weather.com/kalshi,0.99,1.0,0.0,0.01,0.0,1961.01,10512.06,0.0,2026-09-29T06:00:00Z,active,2026-09-28T22:32:31.491457+00:00
KXHIGHTOKC,KXHIGHTOKC-26SEP28-B88.5,Oklahoma City Maximum High Temperature,KOKC,2026-09-28,between,88.0,89.0,The Weather Company,https://weather.com/kalshi,0.0,0.01,0.99,1.0,37730.31,0.0,7561.83,0.0,2026-09-29T06:00:00Z,active,2026-09-28T22:32:31.491457+00:00
KXHIGHTATL,KXHIGHTATL-26SEP29-T88,Atlanta Max Temperature,KATL,2026-09-29,greater,88.0,,The Weather Company,https://weather.com/kalshi,0.0,0.01,0.99,1.0,6.0,0.0,901.32,0.0,2026-09-30T05:00:00Z,active,2026-09-28T22:32:31.491457+00:00
KXHIGHTATL,KXHIGHTATL-26SEP29-T81,Atlanta Max Temperature,KATL,2026-09-29,less,,81.0,The Weather Company,https://weather.com/kalshi,0.01,0.02,0.98,0.99,189.24,26.0,449.0,0.0,2026-09-30T05:00:00Z,active,2026-09-28T22:32:31.491457+00:00
KXHIGHTATL,KXHIGHTATL-26SEP29-B87.5,Atlanta Max Temperature,KATL,2026-09-29,between,87.0,88.0,The Weather Company,https://weather.com/kalshi,0.12,0.13,0.87,0.88,61.0,75.0,1122.35,0.0,2026-09-30T05:00:00Z,active,2026-09-28T22:32:31.491457+00:00
KXHIGHTATL,KXHIGHTATL-26SEP29-B85.5,Atlanta Max Temperature,KATL,2026-09-29,between,85.0,86.0,The Weather Company,https://weather.com/kalshi,0.48,0.49,0.51,0.52,58.0,72.0,488.07,0.0,2026-09-30T05:00:00Z,active,2026-09-28T22:32:31.491457+00:00
KXHIGHTATL,KXHIGHTATL-26SEP29-B83.5,Atlanta Max Temperature,KATL,2026-09-29,between,83.0,84.0,The Weather Company,https://weather.com/kalshi,0.33,0.34,0.66,0.67,10.72,110.6,659.01,0.0,2026-09-30T05:00:00Z,active,2026-09-28T22:32:31.491457+00:00
KXHIGHTATL,KXHIGHTATL-26SEP29-B81.5,Atlanta Max Temperature,KATL,2026-09-29,between,81.0,82.0,The Weather Company,https://weather.com/kalshi,0.03,0.04,0.96,0.97,170.6,98.0,893.51,0.0,2026-09-30T05:00:00Z,active,2026-09-28T22:32:31.491457+00:00
KXHIGHTATL,KXHIGHTATL-26SEP28-T87,Atlanta Max Temperature,KATL,2026-09-28,greater,87.0,,The Weather Company,https://weather.com/kalshi,0.0,0.01,0.99,1.0,8708.3,0.0,559.93,0.0,2026-09-29T05:00:00Z,active,2026-09-28T22:32:31.491457+00:00
KXHIGHTATL,KXHIGHTATL-26SEP28-T80,Atlanta Max Temperature,KATL,2026-09-28,less,,80.0,The Weather Company,https://weather.com/kalshi,0.0,0.01,0.99,1.0,57113.99,0.0,9290.23,0.0,2026-09-29T05:00:00Z,active,2026-09-28T22:32:31.491457+00:00
KXHIGHTATL,KXHIGHTATL-26SEP28-B86.5,Atlanta Max Temperature,KATL,2026-09-28,between,86.0,87.0,The Weather Company,https://weather.com/kalshi,0.0,0.01,0.99,1.0,12647.76,0.0,1393.92,0.0,2026-09-29T05:00:00Z,active,2026-09-28T22:32:31.491457+00:00
KXHIGHTATL,KXHIGHTATL-26SEP28-B84.5,Atlanta Max Temperature,KATL,2026-09-28,between,84.0,85.0,The Weather Company,https://weather.com/kalshi,0.0,0.01,0.99,1.0,6845.63,0.0,6448.4,0.0,2026-09-29T05:00:00Z,active,2026-09-28T22:32:31.491457+00:00
KXHIGHTATL,KXHIGHTATL-26SEP28-B82.5,Atlanta Max Temperature,KATL,2026-09-28,between,82.0,83.0,The Weather Company,https://weather.com/kalshi,0.0,0.01,0.99,1.0,5220.47,0.0,7625.21,0.0,2026-09-29T05:00:00Z,active,2026-09-28T22:32:31.491457+00:00
KXHIGHTATL,KXHIGHTATL-26SEP28-B80.5,Atlanta Max Temperature,KATL,2026-09-28,between,80.0,81.0,The Weather Company,https://weather.com/kalshi,0.99,1.0,0.0,0.01,0.0,6639.82,11911.11,0.0,2026-09-29T05:00:00Z,active,2026-09-28T22:32:31.491457+00:00
KXLOWTDEN,KXLOWTDEN-26SEP29-T57,Lowest temperature in Denver,KDEN,2026-09-29,greater,57.0,,The Weather Company,https://weather.com/kalshi,0.05,0.1,0.9,0.95,1.0,11.0,114.38,0.0,2026-09-30T07:00:00Z,active,2026-09-28T22:32:31.491457+00:00
KXLOWTDEN,KXLOWTDEN-26SEP29-T50,Lowest temperature in Denver,KDEN,2026-09-29,less,,50.0,The Weather Company,https://weather.com/kalshi,0.0,0.02,0.98,1.0,1.0,0.0,219.68,0.0,2026-09-30T07:00:00Z,active,2026-09-28T22:32:31.491457+00:00
KXLOWTDEN,KXLOWTDEN-26SEP29-B56.5,Lowest temperature in Denver,KDEN,2026-09-29,between,56.0,57.0,The Weather Company,https://weather.com/kalshi,0.25,0.35,0.65,0.75,56.0,5.0,44.0,0.0,2026-09-30T07:00:00Z,active,2026-09-28T22:32:31.491457+00:00
KXLOWTDEN,KXLOWTDEN-26SEP29-B54.5,Lowest temperature in Denver,KDEN,2026-09-29,between,54.0,55.0,The Weather Company,https://weather.com/kalshi,0.34,0.42,0.58,0.66,35.0,11.0,1.0,0.0,2026-09-30T07:00:00Z,active,2026-09-28T22:32:31.491457+00:00
KXLOWTDEN,KXLOWTDEN-26SEP29-B52.5,Lowest temperature in Denver,KDEN,2026-09-29,between,52.0,53.0,The Weather Company,https://weather.com/kalshi,0.1,0.2,0.8,0.9,7.0,44.0,1.0,0.0,2026-09-30T07:00:00Z,active,2026-09-28T22:32:31.491457+00:00
KXLOWTDEN,KXLOWTDEN-26SEP29-B50.5,Lowest temperature in Denver,KDEN,2026-09-29,between,50.0,51.0,The Weather Company,https://weather.com/kalshi,0.01,0.03,0.97,0.99,17.0,95.73,97.27,0.0,2026-09-30T07:00:00Z,active,2026-09-28T22:32:31.491457+00:00
KXLOWTDEN,KXLOWTDEN-26SEP28-T59,Lowest temperature in Denver,KDEN,2026-09-28,greater,59.0,,The Weather Company,https://weather.com/kalshi,0.39,0.62,0.38,0.61,1.0,1.0,503.5,0.0,2026-09-29T07:00:00Z,active,2026-09-28T22:32:31.491457+00:00
KXLOWTDEN,KXLOWTDEN-26SEP28-T52,Lowest temperature in Denver,KDEN,2026-09-28,less,,52.0,The Weather Company,https://weather.com/kalshi,0.0,0.01,0.99,1.0,11.0,0.0,33.0,0.0,2026-09-29T07:00:00Z,active,2026-09-28T22:32:31.491457+00:00
KXLOWTDEN,KXLOWTDEN-26SEP28-B58.5,Lowest temperature in Denver,KDEN,2026-09-28,between,58.0,59.0,The Weather Company,https://weather.com/kalshi,0.23,0.41,0.59,0.77,1.83,1.0,190.05,0.0,2026-09-29T07:00:00Z,active,2026-09-28T22:32:31.491457+00:00
KXLOWTDEN,KXLOWTDEN-26SEP28-B56.5,Lowest temperature in Denver,KDEN,2026-09-28,between,56.0,57.0,The Weather Company,https://weather.com/kalshi,0.03,0.21,0.79,0.97,1.0,100.0,24.02,0.0,2026-09-29T07:00:00Z,active,2026-09-28T22:32:31.491457+00:00
KXLOWTDEN,KXLOWTDEN-26SEP28-B54.5,Lowest temperature in Denver,KDEN,2026-09-28,between,54.0,55.0,The Weather Company,https://weather.com/kalshi,0.02,0.03,0.97,0.98,63.0,15.0,112.69,0.0,2026-09-29T07:00:00Z,active,2026-09-28T22:32:31.491457+00:00
KXLOWTDEN,KXLOWTDEN-26SEP28-B52.5,Lowest temperature in Denver,KDEN,2026-09-28,between,52.0,53.0,The Weather Company,https://weather.com/kalshi,0.01,0.02,0.98,0.99,1.0,51.73,66.27,0.0,2026-09-29T07:00:00Z,active,2026-09-28T22:32:31.491457+00:00
KXLOWTAUS,KXLOWTAUS-26SEP29-T74,Lowest temperature in Austin,KAUS,2026-09-29,greater,74.0,,The Weather Company,https://weather.com/kalshi,0.15,0.16,0.84,0.85,51.0,1.0,98.18,0.0,2026-09-30T06:00:00Z,active,2026-09-28T22:32:31.491457+00:00
KXLOWTAUS,KXLOWTAUS-26SEP29-T67,Lowest temperature in Austin,KAUS,2026-09-29,less,,67.0,The Weather Company,https://weather.com/kalshi,0.01,0.02,0.98,0.99,1.0,138.0,85.0,0.0,2026-09-30T06:00:00Z,active,2026-09-28T22:32:31.491457+00:00
KXLOWTAUS,KXLOWTAUS-26SEP29-B73.5,Lowest temperature in Austin,KAUS,2026-09-29,between,73.0,74.0,The Weather Company,https://weather.com/kalshi,0.34,0.41,0.59,0.66,14.0,81.0,76.0,0.0,2026-09-30T06:00:00Z,active,2026-09-28T22:32:31.491457+00:00
KXLOWTAUS,KXLOWTAUS-26SEP29-B71.5,Lowest temperature in Austin,KAUS,2026-09-29,between,71.0,72.0,The Weather Company,https://weather.com/kalshi,0.35,0.4,0.6,0.65,10.0,21.0,1.0,0.0,2026-09-30T06:00:00Z,active,2026-09-28T22:32:31.491457+00:00
KXLOWTAUS,KXLOWTAUS-26SEP29-B69.5,Lowest temperature in Austin,KAUS,2026-09-29,between,69.0,70.0,The Weather Company,https://weather.com/kalshi,0.06,0.09,0.91,0.94,4.0,47.0,7.0,0.0,2026-09-30T06:00:00Z,active,2026-09-28T22:32:31.491457+00:00
KXLOWTAUS,KXLOWTAUS-26SEP29-B67.5,Lowest temperature in Austin,KAUS,2026-09-29,between,67.0,68.0,The Weather Company,https://weather.com/kalshi,0.02,0.03,0.97,0.98,22.0,132.59,15.41,0.0,2026-09-30T06:00:00Z,active,2026-09-28T22:32:31.491457+00:00
KXLOWTAUS,KXLOWTAUS-26SEP28-T75,Lowest temperature in Austin,KAUS,2026-09-28,greater,75.0,,The Weather Company,https://weather.com/kalshi,0.0,0.01,0.99,1.0,10296.59,0.0,1479.05,0.0,2026-09-29T06:00:00Z,active,2026-09-28T22:32:31.491457+00:00
KXLOWTAUS,KXLOWTAUS-26SEP28-T68,Lowest temperature in Austin,KAUS,2026-09-28,less,,68.0,The Weather Company,https://weather.com/kalshi,0.0,0.03,0.97,1.0,65.0,0.0,1518.78,0.0,2026-09-29T06:00:00Z,active,2026-09-28T22:32:31.491457+00:00
KXLOWTAUS,KXLOWTAUS-26SEP28-B74.5,Lowest temperature in Austin,KAUS,2026-09-28,between,74.0,75.0,The Weather Company,https://weather.com/kalshi,0.0,0.01,0.99,1.0,9241.84,0.0,2600.74,0.0,2026-09-29T06:00:00Z,active,2026-09-28T22:32:31.491457+00:00
KXLOWTAUS,KXLOWTAUS-26SEP28-B72.5,Lowest temperature in Austin,KAUS,2026-09-28,between,72.0,73.0,The Weather Company,https://weather.com/kalshi,0.0,0.01,0.99,1.0,9439.54,0.0,2492.61,0.0,2026-09-29T06:00:00Z,active,2026-09-28T22:32:31.491457+00:00
KXLOWTAUS,KXLOWTAUS-26SEP28-B70.5,Lowest temperature in Austin,KAUS,2026-09-28,between,70.0,71.0,The Weather Company,https://weather.com/kalshi,0.98,1.0,0.0,0.02,0.0,1.0,2407.35,0.0,2026-09-29T06:00:00Z,active,2026-09-28T22:32:31.491457+00:00
KXLOWTAUS,KXLOWTAUS-26SEP28-B68.5,Lowest temperature in Austin,KAUS,2026-09-28,between,68.0,69.0,The Weather Company,https://weather.com/kalshi,0.0,0.03,0.97,1.0,4.0,0.0,1036.22,0.0,2026-09-29T06:00:00Z,active,2026-09-28T22:32:31.491457+00:00
KXHIGHTDAL,KXHIGHTDAL-26SEP29-T93,Dallas Maximum Temperature,KDFW,2026-09-29,less,,93.0,The Weather Company,https://weather.com/kalshi,0.05,0.06,0.94,0.95,15.0,53.7,520.56,0.0,2026-09-30T06:00:00Z,active,2026-09-28T22:32:31.491457+00:00
KXHIGHTDAL,KXHIGHTDAL-26SEP29-T100,Dallas Maximum Temperature,KDFW,2026-09-29,greater,100.0,,The Weather Company,https://weather.com/kalshi,0.0,0.01,0.99,1.0,7.0,0.0,399.0,0.0,2026-09-30T06:00:00Z,active,2026-09-28T22:32:31.491457+00:00
KXHIGHTDAL,KXHIGHTDAL-26SEP29-B99.5,Dallas Maximum Temperature,KDFW,2026-09-29,between,99.0,100.0,The Weather Company,https://weather.com/kalshi,0.01,0.02,0.98,0.99,193.0,98.22,258.78,0.0,2026-09-30T06:00:00Z,active,2026-09-28T22:32:31.491457+00:00
KXHIGHTDAL,KXHIGHTDAL-26SEP29-B97.5,Dallas Maximum Temperature,KDFW,2026-09-29,between,97.0,98.0,The Weather Company,https://weather.com/kalshi,0.11,0.17,0.83,0.89,48.0,24.0,293.6,0.0,2026-09-30T06:00:00Z,active,2026-09-28T22:32:31.491457+00:00
KXHIGHTDAL,KXHIGHTDAL-26SEP29-B95.5,Dallas Maximum Temperature,KDFW,2026-09-29,between,95.0,96.0,The Weather Company,https://weather.com/kalshi,0.39,0.4,0.6,0.61,6.0,29.0,873.02,0.0,2026-09-30T06:00:00Z,active,2026-09-28T22:32:31.491457+00:00
KXHIGHTDAL,KXHIGHTDAL-26SEP29-B93.5,Dallas Maximum Temperature,KDFW,2026-09-29,between,93.0,94.0,The Weather Company,https://weather.com/kalshi,0.43,0.44,0.56,0.57,44.6,10.0,496.35,0.0,2026-09-30T06:00:00Z,active,2026-09-28T22:32:31.491457+00:00
KXHIGHTDAL,KXHIGHTDAL-26SEP28-T93,Dallas Maximum Temperature,KDFW,2026-09-28,less,,93.0,The Weather Company,https://weather.com/kalshi,0.0,0.01,0.99,1.0,42155.06,0.0,16040.53,0.0,2026-09-29T06:00:00Z,active,2026-09-28T22:32:31.491457+00:00
KXHIGHTDAL,KXHIGHTDAL-26SEP28-T100,Dallas Maximum Temperature,KDFW,2026-09-28,greater,100.0,,The Weather Company,https://weather.com/kalshi,0.0,0.01,0.99,1.0,14319.68,0.0,707.03,0.0,2026-09-29T06:00:00Z,active,2026-09-28T22:32:31.491457+00:00
KXHIGHTDAL,KXHIGHTDAL-26SEP28-B99.5,Dallas Maximum Temperature,KDFW,2026-09-28,between,99.0,100.0,The Weather Company,https://weather.com/kalshi,0.0,0.01,0.99,1.0,13220.3,0.0,941.29,0.0,2026-09-29T06:00:00Z,active,2026-09-28T22:32:31.491457+00:00
KXHIGHTDAL,KXHIGHTDAL-26SEP28-B97.5,Dallas Maximum Temperature,KDFW,2026-09-28,between,97.0,98.0,The Weather Company,https://weather.com/kalshi,0.0,0.01,0.99,1.0,7526.41,0.0,7484.59,0.0,2026-09-29T06:00:00Z,active,2026-09-28T22:32:31.491457+00:00
KXHIGHTDAL,KXHIGHTDAL-26SEP28-B95.5,Dallas Maximum Temperature,KDFW,2026-09-28,between,95.0,96.0,The Weather Company,https://weather.com/kalshi,0.0,0.01,0.99,1.0,98.0,0.0,8330.7,0.0,2026-09-29T06:00:00Z,active,2026-09-28T22:32:31.491457+00:00
KXHIGHTDAL,KXHIGHTDAL-26SEP28-B93.5,Dallas Maximum Temperature,KDFW,2026-09-28,between,93.0,94.0,The Weather Company,https://weather.com/kalshi,0.99,1.0,0.0,0.01,0.0,588.46,11895.47,0.0,2026-09-29T06:00:00Z,active,2026-09-28T22:32:31.491457+00:00
KXHIGHTSATX,KXHIGHTSATX-26SEP29-T97,San Antonio Daily Maximum Temperature,KSAT,2026-09-29,greater,97.0,,The Weather Company,https://weather.com/kalshi,0.01,0.02,0.98,0.99,316.04,2030.0,290.68,0.0,2026-09-30T06:00:00Z,active,2026-09-28T22:32:31.491457+00:00
KXHIGHTSATX,KXHIGHTSATX-26SEP29-T90,San Antonio Daily Maximum Temperature,KSAT,2026-09-29,less,,90.0,The Weather Company,https://weather.com/kalshi,0.03,0.04,0.96,0.97,70.0,168.0,142.2,0.0,2026-09-30T06:00:00Z,active,2026-09-28T22:32:31.491457+00:00
KXHIGHTSATX,KXHIGHTSATX-26SEP29-B96.5,San Antonio Daily Maximum Temperature,KSAT,2026-09-29,between,96.0,97.0,The Weather Company,https://weather.com/kalshi,0.06,0.07,0.93,0.94,2.9,351.0,73.8,0.0,2026-09-30T06:00:00Z,active,2026-09-28T22:32:31.491457+00:00
KXHIGHTSATX,KXHIGHTSATX-26SEP29-B94.5,San Antonio Daily Maximum Temperature,KSAT,2026-09-29,between,94.0,95.0,The Weather Company,https://weather.com/kalshi,0.57,0.58,0.42,0.43,32.0,23.5,869.07,0.0,2026-09-30T06:00:00Z,active,2026-09-28T22:32:31.491457+00:00
KXHIGHTSATX,KXHIGHTSATX-26SEP29-B92.5,San Antonio Daily Maximum Temperature,KSAT,2026-09-29,between,92.0,93.0,The Weather Company,https://weather.com/kalshi,0.26,0.27,0.73,0.74,88.0,27.0,755.55,0.0,2026-09-30T06:00:00Z,active,2026-09-28T22:32:31.491457+00:00
KXHIGHTSATX,KXHIGHTSATX-26SEP29-B90.5,San Antonio Daily Maximum Temperature,KSAT,2026-09-29,between,90.0,91.0,The Weather Company,https://weather.com/kalshi,0.06,0.07,0.93,0.94,2.0,45.91,95.09,0.0,2026-09-30T06:00:00Z,active,2026-09-28T22:32:31.491457+00:00
KXHIGHTSATX,KXHIGHTSATX-26SEP28-T94,San Antonio Daily Maximum Temperature,KSAT,2026-09-28,less,,94.0,The Weather Company,https://weather.com/kalshi,0.0,0.01,0.99,1.0,2209.29,0.0,967.47,0.0,2026-09-29T06:00:00Z,active,2026-09-28T22:32:31.491457+00:00
KXHIGHTSATX,KXHIGHTSATX-26SEP28-T101,San Antonio Daily Maximum Temperature,KSAT,2026-09-28,greater,101.0,,The Weather Company,https://weather.com/kalshi,0.0,0.01,0.99,1.0,5720.06,0.0,353.8,0.0,2026-09-29T06:00:00Z,active,2026-09-28T22:32:31.491457+00:00
KXHIGHTSATX,KXHIGHTSATX-26SEP28-B98.5,San Antonio Daily Maximum Temperature,KSAT,2026-09-28,between,98.0,99.0,The Weather Company,https://weather.com/kalshi,0.0,0.01,0.99,1.0,71.0,0.0,1385.89,0.0,2026-09-29T06:00:00Z,active,2026-09-28T22:32:31.491457+00:00
KXHIGHTSATX,KXHIGHTSATX-26SEP28-B96.5,San Antonio Daily Maximum Temperature,KSAT,2026-09-28,between,96.0,97.0,The Weather Company,https://weather.com/kalshi,0.99,1.0,0.0,0.01,0.0,439.54,3089.22,0.0,2026-09-29T06:00:00Z,active,2026-09-28T22:32:31.491457+00:00
KXHIGHTSATX,KXHIGHTSATX-26SEP28-B94.5,San Antonio Daily Maximum Temperature,KSAT,2026-09-28,between,94.0,95.0,The Weather Company,https://weather.com/kalshi,0.0,0.01,0.99,1.0,3043.0,0.0,3323.94,0.0,2026-09-29T06:00:00Z,active,2026-09-28T22:32:31.491457+00:00
KXHIGHTSATX,KXHIGHTSATX-26SEP28-B100.5,San Antonio Daily Maximum Temperature,KSAT,2026-09-28,between,100.0,101.0,The Weather Company,https://weather.com/kalshi,0.0,0.01,0.99,1.0,5065.14,0.0,787.62,0.0,2026-09-29T06:00:00Z,active,2026-09-28T22:32:31.491457+00:00
KXHIGHTSEA,KXHIGHTSEA-26SEP29-T65,Seattle Maximum Temperature Daily,KSEA,2026-09-29,greater,65.0,,The Weather Company,https://weather.com/kalshi,0.04,0.05,0.95,0.96,10.0,50.0,73.58,0.0,2026-09-30T08:00:00Z,active,2026-09-28T22:32:31.491457+00:00
KXHIGHTSEA,KXHIGHTSEA-26SEP29-T58,Seattle Maximum Temperature Daily,KSEA,2026-09-29,less,,58.0,The Weather Company,https://weather.com/kalshi,0.01,0.02,0.98,0.99,16.0,129.45,230.83,0.0,2026-09-30T08:00:00Z,active,2026-09-28T22:32:31.491457+00:00
KXHIGHTSEA,KXHIGHTSEA-26SEP29-B64.5,Seattle Maximum Temperature Daily,KSEA,2026-09-29,between,64.0,65.0,The Weather Company,https://weather.com/kalshi,0.22,0.23,0.77,0.78,7.29,2.0,425.7,0.0,2026-09-30T08:00:00Z,active,2026-09-28T22:32:31.491457+00:00
KXHIGHTSEA,KXHIGHTSEA-26SEP29-B62.5,Seattle Maximum Temperature Daily,KSEA,2026-09-29,between,62.0,63.0,The Weather Company,https://weather.com/kalshi,0.46,0.47,0.53,0.54,12.0,71.0,577.65,0.0,2026-09-30T08:00:00Z,active,2026-09-28T22:32:31.491457+00:00
KXHIGHTSEA,KXHIGHTSEA-26SEP29-B60.5,Seattle Maximum Temperature Daily,KSEA,2026-09-29,between,60.0,61.0,The Weather Company,https://weather.com/kalshi,0.18,0.21,0.79,0.82,1.0,6.0,80.04,0.0,2026-09-30T08:00:00Z,active,2026-09-28T22:32:31.491457+00:00
KXHIGHTSEA,KXHIGHTSEA-26SEP29-B58.5,Seattle Maximum Temperature Daily,KSEA,2026-09-29,between,58.0,59.0,The Weather Company,https://weather.com/kalshi,0.03,0.04,0.96,0.97,17.0,55.0,90.78,0.0,2026-09-30T08:00:00Z,active,2026-09-28T22:32:31.491457+00:00
KXHIGHTSEA,KXHIGHTSEA-26SEP28-T69,Seattle Maximum Temperature Daily,KSEA,2026-09-28,greater,69.0,,The Weather Company,https://weather.com/kalshi,0.0,0.01,0.99,1.0,467.82,0.0,1359.03,0.0,2026-09-29T08:00:00Z,active,2026-09-28T22:32:31.491457+00:00
KXHIGHTSEA,KXHIGHTSEA-26SEP28-T62,Seattle Maximum Temperature Daily,KSEA,2026-09-28,less,,62.0,The Weather Company,https://weather.com/kalshi,0.0,0.01,0.99,1.0,57922.44,0.0,607.55,0.0,2026-09-29T08:00:00Z,active,2026-09-28T22:32:31.491457+00:00
KXHIGHTSEA,KXHIGHTSEA-26SEP28-B68.5,Seattle Maximum Temperature Daily,KSEA,2026-09-28,between,68.0,69.0,The Weather Company,https://weather.com/kalshi,0.0,0.01,0.99,1.0,32.17,0.0,6169.96,0.0,2026-09-29T08:00:00Z,active,2026-09-28T22:32:31.491457+00:00
KXHIGHTSEA,KXHIGHTSEA-26SEP28-B66.5,Seattle Maximum Temperature Daily,KSEA,2026-09-28,between,66.0,67.0,The Weather Company,https://weather.com/kalshi,0.36,0.38,0.62,0.64,10.0,34.0,5802.2,0.0,2026-09-29T08:00:00Z,active,2026-09-28T22:32:31.491457+00:00
KXHIGHTSEA,KXHIGHTSEA-26SEP28-B64.5,Seattle Maximum Temperature Daily,KSEA,2026-09-28,between,64.0,65.0,The Weather Company,https://weather.com/kalshi,0.63,0.66,0.34,0.37,27.0,8.0,7377.61,0.0,2026-09-29T08:00:00Z,active,2026-09-28T22:32:31.491457+00:00
KXHIGHTSEA,KXHIGHTSEA-26SEP28-B62.5,Seattle Maximum Temperature Daily,KSEA,2026-09-28,between,62.0,63.0,The Weather Company,https://weather.com/kalshi,0.0,0.01,0.99,1.0,56608.12,0.0,4536.27,0.0,2026-09-29T08:00:00Z,active,2026-09-28T22:32:31.491457+00:00
KXHIGHLAX,KXHIGHLAX-26SEP29-T87,Highest temperature in Los Angeles,KLAX,2026-09-29,greater,87.0,,The Weather Company,https://weather.com/kalshi,0.07,0.08,0.92,0.93,14.0,416.68,2692.54,0.0,2026-09-30T08:00:00Z,active,2026-09-28T22:32:31.491457+00:00
KXHIGHLAX,KXHIGHLAX-26SEP29-T80,Highest temperature in Los Angeles,KLAX,2026-09-29,less,,80.0,The Weather Company,https://weather.com/kalshi,0.06,0.07,0.93,0.94,77.4,27.0,2066.47,0.0,2026-09-30T08:00:00Z,active,2026-09-28T22:32:31.491457+00:00
KXHIGHLAX,KXHIGHLAX-26SEP29-B86.5,Highest temperature in Los Angeles,KLAX,2026-09-29,between,86.0,87.0,The Weather Company,https://weather.com/kalshi,0.09,0.1,0.9,0.91,92.91,158.02,2445.37,0.0,2026-09-30T08:00:00Z,active,2026-09-28T22:32:31.491457+00:00
KXHIGHLAX,KXHIGHLAX-26SEP29-B84.5,Highest temperature in Los Angeles,KLAX,2026-09-29,between,84.0,85.0,The Weather Company,https://weather.com/kalshi,0.17,0.18,0.82,0.83,95.71,45.78,3721.57,0.0,2026-09-30T08:00:00Z,active,2026-09-28T22:32:31.491457+00:00
KXHIGHLAX,KXHIGHLAX-26SEP29-B82.5,Highest temperature in Los Angeles,KLAX,2026-09-29,between,82.0,83.0,The Weather Company,https://weather.com/kalshi,0.29,0.3,0.7,0.71,104.1,19.31,2962.99,0.0,2026-09-30T08:00:00Z,active,2026-09-28T22:32:31.491457+00:00
KXHIGHLAX,KXHIGHLAX-26SEP29-B80.5,Highest temperature in Los Angeles,KLAX,2026-09-29,between,80.0,81.0,The Weather Company,https://weather.com/kalshi,0.32,0.33,0.67,0.68,32.1,4.0,4789.28,0.0,2026-09-30T08:00:00Z,active,2026-09-28T22:32:31.491457+00:00
KXHIGHLAX,KXHIGHLAX-26SEP28-T83,Highest temperature in Los Angeles,KLAX,2026-09-28,greater,83.0,,The Weather Company,https://weather.com/kalshi,0.0,0.01,0.99,1.0,49169.54,0.0,59719.8,0.0,2026-09-29T08:00:00Z,active,2026-09-28T22:32:31.491457+00:00
KXHIGHLAX,KXHIGHLAX-26SEP28-T76,Highest temperature in Los Angeles,KLAX,2026-09-28,less,,76.0,The Weather Company,https://weather.com/kalshi,0.0,0.01,0.99,1.0,85128.47,0.0,26913.5,0.0,2026-09-29T08:00:00Z,active,2026-09-28T22:32:31.491457+00:00
KXHIGHLAX,KXHIGHLAX-26SEP28-B82.5,Highest temperature in Los Angeles,KLAX,2026-09-28,between,82.0,83.0,The Weather Company,https://weather.com/kalshi,0.0,0.01,0.99,1.0,10124.14,0.0,76578.28,0.0,2026-09-29T08:00:00Z,active,2026-09-28T22:32:31.491457+00:00
KXHIGHLAX,KXHIGHLAX-26SEP28-B80.5,Highest temperature in Los Angeles,KLAX,2026-09-28,between,80.0,81.0,The Weather Company,https://weather.com/kalshi,0.0,0.01,0.99,1.0,9933.61,0.0,108224.59,0.0,2026-09-29T08:00:00Z,active,2026-09-28T22:32:31.491457+00:00
KXHIGHLAX,KXHIGHLAX-26SEP28-B78.5,Highest temperature in Los Angeles,KLAX,2026-09-28,between,78.0,79.0,The Weather Company,https://weather.com/kalshi,0.04,0.07,0.93,0.96,34.0,27.82,50484.66,0.0,2026-09-29T08:00:00Z,active,2026-09-28T22:32:31.491457+00:00
KXHIGHLAX,KXHIGHLAX-26SEP28-B76.5,Highest temperature in Los Angeles,KLAX,2026-09-28,between,76.0,77.0,The Weather Company,https://weather.com/kalshi,0.94,0.97,0.03,0.06,52.52,133.22,83544.14,0.0,2026-09-29T08:00:00Z,active,2026-09-28T22:32:31.491457+00:00
KXLOWTATL,KXLOWTATL-26SEP29-T59,Low Temperature Atlanta,KATL,2026-09-29,greater,59.0,,The Weather Company,https://weather.com/kalshi,0.1,0.26,0.74,0.9,2.0,10.0,130.0,0.0,2026-09-30T05:00:00Z,active,2026-09-28T22:32:31.491457+00:00
KXLOWTATL,KXLOWTATL-26SEP29-T52,Low Temperature Atlanta,KATL,2026-09-29,less,,52.0,The Weather Company,https://weather.com/kalshi,0.0,0.01,0.99,1.0,1.0,0.0,220.08,0.0,2026-09-30T05:00:00Z,active,2026-09-28T22:32:31.491457+00:00
KXLOWTATL,KXLOWTATL-26SEP29-B58.5,Low Temperature Atlanta,KATL,2026-09-29,between,58.0,59.0,The Weather Company,https://weather.com/kalshi,0.42,0.61,0.39,0.58,10.0,39.0,132.0,0.0,2026-09-30T05:00:00Z,active,2026-09-28T22:32:31.491457+00:00
KXLOWTATL,KXLOWTATL-26SEP29-B56.5,Low Temperature Atlanta,KATL,2026-09-29,between,56.0,57.0,The Weather Company,https://weather.com/kalshi,0.24,0.36,0.64,0.76,10.0,89.0,215.0,0.0,2026-09-30T05:00:00Z,active,2026-09-28T22:32:31.491457+00:00
KXLOWTATL,KXLOWTATL-26SEP29-B54.5,Low Temperature Atlanta,KATL,2026-09-29,between,54.0,55.0,The Weather Company,https://weather.com/kalshi,0.03,0.07,0.93,0.97,1.0,39.0,33.09,0.0,2026-09-30T05:00:00Z,active,2026-09-28T22:32:31.491457+00:00
KXLOWTATL,KXLOWTATL-26SEP29-B52.5,Low Temperature Atlanta,KATL,2026-09-29,between,52.0,53.0,The Weather Company,https://weather.com/kalshi,0.0,0.03,0.97,1.0,51.0,0.0,253.57,0.0,2026-09-30T05:00:00Z,active,2026-09-28T22:32:31.491457+00:00
KXLOWTATL,KXLOWTATL-26SEP28-T57,Low Temperature Atlanta,KATL,2026-09-28,greater,57.0,,The Weather Company,https://weather.com/kalshi,0.0,0.01,0.99,1.0,10911.15,0.0,952.52,0.0,2026-09-29T05:00:00Z,active,2026-09-28T22:32:31.491457+00:00
KXLOWTATL,KXLOWTATL-26SEP28-T50,Low Temperature Atlanta,KATL,2026-09-28,less,,50.0,The Weather Company,https://weather.com/kalshi,0.0,0.01,0.99,1.0,206.0,0.0,137.0,0.0,2026-09-29T05:00:00Z,active,2026-09-28T22:32:31.491457+00:00
KXLOWTATL,KXLOWTATL-26SEP28-B56.5,Low Temperature Atlanta,KATL,2026-09-28,between,56.0,57.0,The Weather Company,https://weather.com/kalshi,0.0,0.01,0.99,1.0,16443.49,0.0,1248.55,0.0,2026-09-29T05:00:00Z,active,2026-09-28T22:32:31.491457+00:00
KXLOWTATL,KXLOWTATL-26SEP28-B54.5,Low Temperature Atlanta,KATL,2026-09-28,between,54.0,55.0,The Weather Company,https://weather.com/kalshi,0.98,1.0,0.0,0.02,0.0,350.0,1827.0,0.0,2026-09-29T05:00:00Z,active,2026-09-28T22:32:31.491457+00:00
KXLOWTATL,KXLOWTATL-26SEP28-B52.5,Low Temperature Atlanta,KATL,2026-09-28,between,52.0,53.0,The Weather Company,https://weather.com/kalshi,0.0,0.01,0.99,1.0,5.0,0.0,325.92,0.0,2026-09-29T05:00:00Z,active,2026-09-28T22:32:31.491457+00:00
KXLOWTATL,KXLOWTATL-26SEP28-B50.5,Low Temperature Atlanta,KATL,2026-09-28,between,50.0,51.0,The Weather Company,https://weather.com/kalshi,0.0,0.01,0.99,1.0,6.0,0.0,337.31,0.0,2026-09-29T05:00:00Z,active,2026-09-28T22:32:31.491457+00:00
KXLOWTPHX,KXLOWTPHX-26SEP29-T71,Low Temperature Phoenix,KPHX,2026-09-29,greater,71.0,,The Weather Company,https://weather.com/kalshi,0.05,0.14,0.86,0.95,64.0,38.0,120.1,0.0,2026-09-30T07:00:00Z,active,2026-09-28T22:32:31.491457+00:00
KXLOWTPHX,KXLOWTPHX-26SEP29-T64,Low Temperature Phoenix,KPHX,2026-09-29,less,,64.0,The Weather Company,https://weather.com/kalshi,0.0,0.01,0.99,1.0,17.65,0.0,9.35,0.0,2026-09-30T07:00:00Z,active,2026-09-28T22:32:31.491457+00:00
KXLOWTPHX,KXLOWTPHX-26SEP29-B70.5,Low Temperature Phoenix,KPHX,2026-09-29,between,70.0,71.0,The Weather Company,https://weather.com/kalshi,0.24,0.32,0.68,0.76,6.0,10.0,172.0,0.0,2026-09-30T07:00:00Z,active,2026-09-28T22:32:31.491457+00:00
KXLOWTPHX,KXLOWTPHX-26SEP29-B68.5,Low Temperature Phoenix,KPHX,2026-09-29,between,68.0,69.0,The Weather Company,https://weather.com/kalshi,0.28,0.29,0.71,0.72,2.0,10.0,19.0,0.0,2026-09-30T07:00:00Z,active,2026-09-28T22:32:31.491457+00:00
KXLOWTPHX,KXLOWTPHX-26SEP29-B66.5,Low Temperature Phoenix,KPHX,2026-09-29,between,66.0,67.0,The Weather Company,https://weather.com/kalshi,0.2,0.29,0.71,0.8,10.0,8.0,4.0,0.0,2026-09-30T07:00:00Z,active,2026-09-28T22:32:31.491457+00:00
KXLOWTPHX,KXLOWTPHX-26SEP29-B64.5,Low Temperature Phoenix,KPHX,2026-09-29,between,64.0,65.0,The Weather Company,https://weather.com/kalshi,0.03,0.04,0.96,0.97,13.0,107.0,115.57,0.0,2026-09-30T07:00:00Z,active,2026-09-28T22:32:31.491457+00:00
KXLOWTPHX,KXLOWTPHX-26SEP28-T78,Low Temperature Phoenix,KPHX,2026-09-28,greater,78.0,,The Weather Company,https://weather.com/kalshi,0.0,0.01,0.99,1.0,9944.11,0.0,2805.92,0.0,2026-09-29T07:00:00Z,active,2026-09-28T22:32:31.491457+00:00
KXLOWTPHX,KXLOWTPHX-26SEP28-T71,Low Temperature Phoenix,KPHX,2026-09-28,less,,71.0,The Weather Company,https://weather.com/kalshi,0.99,1.0,0.0,0.01,0.0,88.0,3328.23,0.0,2026-09-29T07:00:00Z,active,2026-09-28T22:32:31.491457+00:00
KXLOWTPHX,KXLOWTPHX-26SEP28-B77.5,Low Temperature Phoenix,KPHX,2026-09-28,between,77.0,78.0,The Weather Company,https://weather.com/kalshi,0.0,0.01,0.99,1.0,8560.0,0.0,2780.54,0.0,2026-09-29T07:00:00Z,active,2026-09-28T22:32:31.491457+00:00
KXLOWTPHX,KXLOWTPHX-26SEP28-B75.5,Low Temperature Phoenix,KPHX,2026-09-28,between,75.0,76.0,The Weather Company,https://weather.com/kalshi,0.0,0.01,0.99,1.0,8530.0,0.0,2253.17,0.0,2026-09-29T07:00:00Z,active,2026-09-28T22:32:31.491457+00:00
KXLOWTPHX,KXLOWTPHX-26SEP28-B73.5,Low Temperature Phoenix,KPHX,2026-09-28,between,73.0,74.0,The Weather Company,https://weather.com/kalshi,0.0,0.01,0.99,1.0,9270.0,0.0,599.95,0.0,2026-09-29T07:00:00Z,active,2026-09-28T22:32:31.491457+00:00
KXLOWTPHX,KXLOWTPHX-26SEP28-B71.5,Low Temperature Phoenix,KPHX,2026-09-28,between,71.0,72.0,The Weather Company,https://weather.com/kalshi,0.0,0.01,0.99,1.0,9263.0,0.0,550.95,0.0,2026-09-29T07:00:00Z,active,2026-09-28T22:32:31.491457+00:00
KXHIGHAUS,KXHIGHAUS-26SEP29-T93,Highest temperature in Austin,KAUS,2026-09-29,less,,93.0,The Weather Company,https://weather.com/kalshi,0.03,0.04,0.96,0.97,14.0,30.3,171.88,0.0,2026-09-30T06:00:00Z,active,2026-09-28T22:32:31.491457+00:00
KXHIGHAUS,KXHIGHAUS-26SEP29-T100,Highest temperature in Austin,KAUS,2026-09-29,greater,100.0,,The Weather Company,https://weather.com/kalshi,0.01,0.02,0.98,0.99,99.0,25.33,367.17,0.0,2026-09-30T06:00:00Z,active,2026-09-28T22:32:31.491457+00:00
KXHIGHAUS,KXHIGHAUS-26SEP29-B99.5,Highest temperature in Austin,KAUS,2026-09-29,between,99.0,100.0,The Weather Company,https://weather.com/kalshi,0.03,0.04,0.96,0.97,97.0,1165.5,437.93,0.0,2026-09-30T06:00:00Z,active,2026-09-28T22:32:31.491457+00:00
KXHIGHAUS,KXHIGHAUS-26SEP29-B97.5,Highest temperature in Austin,KAUS,2026-09-29,between,97.0,98.0,The Weather Company,https://weather.com/kalshi,0.32,0.33,0.67,0.68,0.1,23.0,1549.3,0.0,2026-09-30T06:00:00Z,active,2026-09-28T22:32:31.491457+00:00
KXHIGHAUS,KXHIGHAUS-26SEP29-B95.5,Highest temperature in Austin,KAUS,2026-09-29,between,95.0,96.0,The Weather Company,https://weather.com/kalshi,0.44,0.45,0.55,0.56,38.4,41.01,714.14,0.0,2026-09-30T06:00:00Z,active,2026-09-28T22:32:31.491457+00:00
KXHIGHAUS,KXHIGHAUS-26SEP29-B93.5,Highest temperature in Austin,KAUS,2026-09-29,between,93.0,94.0,The Weather Company,https://weather.com/kalshi,0.2,0.21,0.79,0.8,128.7,15.0,240.15,0.0,2026-09-30T06:00:00Z,active,2026-09-28T22:32:31.491457+00:00
KXHIGHAUS,KXHIGHAUS-26SEP28-T95,Highest temperature in Austin,KAUS,2026-09-28,less,,95.0,The Weather Company,https://weather.com/kalshi,0.0,0.01,0.99,1.0,52928.8,0.0,2540.43,0.0,2026-09-29T06:00:00Z,active,2026-09-28T22:32:31.491457+00:00
KXHIGHAUS,KXHIGHAUS-26SEP28-T102,Highest temperature in Austin,KAUS,2026-09-28,greater,102.0,,The Weather Company,https://weather.com/kalshi,0.0,0.01,0.99,1.0,17702.97,0.0,488.22,0.0,2026-09-29T06:00:00Z,active,2026-09-28T22:32:31.491457+00:00
KXHIGHAUS,KXHIGHAUS-26SEP28-B99.5,Highest temperature in Austin,KAUS,2026-09-28,between,99.0,100.0,The Weather Company,https://weather.com/kalshi,0.0,0.01,0.99,1.0,2995.0,0.0,9480.21,0.0,2026-09-29T06:00:00Z,active,2026-09-28T22:32:31.491457+00:00
KXHIGHAUS,KXHIGHAUS-26SEP28-B97.5,Highest temperature in Austin,KAUS,2026-09-28,between,97.0,98.0,The Weather Company,https://weather.com/kalshi,0.99,1.0,0.0,0.01,0.0,7119.39,8699.22,0.0,2026-09-29T06:00:00Z,active,2026-09-28T22:32:31.491457+00:00
KXHIGHAUS,KXHIGHAUS-26SEP28-B95.5,Highest temperature in Austin,KAUS,2026-09-28,between,95.0,96.0,The Weather Company,https://weather.com/kalshi,0.0,0.01,0.99,1.0,51395.38,0.0,6518.24,0.0,2026-09-29T06:00:00Z,active,2026-09-28T22:32:31.491457+00:00
KXHIGHAUS,KXHIGHAUS-26SEP28-B101.5,Highest temperature in Austin,KAUS,2026-09-28,between,101.0,102.0,The Weather Company,https://weather.com/kalshi,0.0,0.01,0.99,1.0,7122.42,0.0,1211.22,0.0,2026-09-29T06:00:00Z,active,2026-09-28T22:32:31.491457+00:00
KXHIGHTPHX,KXHIGHTPHX-26SEP29-T84,Phoenix High Temperature Daily,KPHX,2026-09-29,greater,84.0,,The Weather Company,https://weather.com/kalshi,0.21,0.22,0.78,0.79,129.95,128.01,1494.16,0.0,2026-09-30T07:00:00Z,active,2026-09-28T22:32:31.491457+00:00
KXHIGHTPHX,KXHIGHTPHX-26SEP29-T77,Phoenix High Temperature Daily,KPHX,2026-09-29,less,,77.0,The Weather Company,https://weather.com/kalshi,0.04,0.05,0.95,0.96,80.0,207.0,536.36,0.0,2026-09-30T07:00:00Z,active,2026-09-28T22:32:31.491457+00:00
KXHIGHTPHX,KXHIGHTPHX-26SEP29-B83.5,Phoenix High Temperature Daily,KPHX,2026-09-29,between,83.0,84.0,The Weather Company,https://weather.com/kalshi,0.31,0.33,0.67,0.69,23.0,83.3,893.41,0.0,2026-09-30T07:00:00Z,active,2026-09-28T22:32:31.491457+00:00
KXHIGHTPHX,KXHIGHTPHX-26SEP29-B81.5,Phoenix High Temperature Daily,KPHX,2026-09-29,between,81.0,82.0,The Weather Company,https://weather.com/kalshi,0.25,0.27,0.73,0.75,107.6,22.0,442.0,0.0,2026-09-30T07:00:00Z,active,2026-09-28T22:32:31.491457+00:00
KXHIGHTPHX,KXHIGHTPHX-26SEP29-B79.5,Phoenix High Temperature Daily,KPHX,2026-09-29,between,79.0,80.0,The Weather Company,https://weather.com/kalshi,0.1,0.11,0.89,0.9,58.0,2.31,949.81,0.0,2026-09-30T07:00:00Z,active,2026-09-28T22:32:31.491457+00:00
KXHIGHTPHX,KXHIGHTPHX-26SEP29-B77.5,Phoenix High Temperature Daily,KPHX,2026-09-29,between,77.0,78.0,The Weather Company,https://weather.com/kalshi,0.09,0.1,0.9,0.91,14.03,255.92,454.61,0.0,2026-09-30T07:00:00Z,active,2026-09-28T22:32:31.491457+00:00
KXHIGHTPHX,KXHIGHTPHX-26SEP28-T90,Phoenix High Temperature Daily,KPHX,2026-09-28,greater,90.0,,The Weather Company,https://weather.com/kalshi,0.0,0.01,0.99,1.0,6283.1,0.0,2513.86,0.0,2026-09-29T07:00:00Z,active,2026-09-28T22:32:31.491457+00:00
KXHIGHTPHX,KXHIGHTPHX-26SEP28-T83,Phoenix High Temperature Daily,KPHX,2026-09-28,less,,83.0,The Weather Company,https://weather.com/kalshi,0.01,0.03,0.97,0.99,7574.24,5074.01,203184.41,0.0,2026-09-29T07:00:00Z,active,2026-09-28T22:32:31.491457+00:00
KXHIGHTPHX,KXHIGHTPHX-26SEP28-B89.5,Phoenix High Temperature Daily,KPHX,2026-09-28,between,89.0,90.0,The Weather Company,https://weather.com/kalshi,0.0,0.01,0.99,1.0,6768.74,0.0,1982.66,0.0,2026-09-29T07:00:00Z,active,2026-09-28T22:32:31.491457+00:00
KXHIGHTPHX,KXHIGHTPHX-26SEP28-B87.5,Phoenix High Temperature Daily,KPHX,2026-09-28,between,87.0,88.0,The Weather Company,https://weather.com/kalshi,0.0,0.01,0.99,1.0,5847.39,0.0,2743.54,0.0,2026-09-29T07:00:00Z,active,2026-09-28T22:32:31.491457+00:00
KXHIGHTPHX,KXHIGHTPHX-26SEP28-B85.5,Phoenix High Temperature Daily,KPHX,2026-09-28,between,85.0,86.0,The Weather Company,https://weather.com/kalshi,0.0,0.01,0.99,1.0,608.53,0.0,14962.73,0.0,2026-09-29T07:00:00Z,active,2026-09-28T22:32:31.491457+00:00
KXHIGHTPHX,KXHIGHTPHX-26SEP28-B83.5,Phoenix High Temperature Daily,KPHX,2026-09-28,between,83.0,84.0,The Weather Company,https://weather.com/kalshi,0.97,0.99,0.01,0.03,266.21,9.0,14817.48,0.0,2026-09-29T07:00:00Z,active,2026-09-28T22:32:31.491457+00:00
KXHIGHTSDF,KXHIGHTSDF-26SEP29-T87,HIGHEST Temperature SATX,KSDF,2026-09-29,greater,87.0,,The Weather Company,https://weather.com/kalshi,0.0,0.02,0.98,1.0,64.0,0.0,0.0,0.0,2026-09-30T05:00:00Z,active,2026-09-28T22:32:31.491457+00:00
KXHIGHTSDF,KXHIGHTSDF-26SEP29-T80,HIGHEST Temperature SATX,KSDF,2026-09-29,less,,80.0,The Weather Company,https://weather.com/kalshi,0.02,0.09,0.91,0.98,29.0,47.0,95.38,0.0,2026-09-30T05:00:00Z,active,2026-09-28T22:32:31.491457+00:00
KXHIGHTSDF,KXHIGHTSDF-26SEP29-B86.5,HIGHEST Temperature SATX,KSDF,2026-09-29,between,86.0,87.0,The Weather Company,https://weather.com/kalshi,0.03,0.14,0.86,0.97,10.0,25.0,280.39,0.0,2026-09-30T05:00:00Z,active,2026-09-28T22:32:31.491457+00:00
KXHIGHTSDF,KXHIGHTSDF-26SEP29-B84.5,HIGHEST Temperature SATX,KSDF,2026-09-29,between,84.0,85.0,The Weather Company,https://weather.com/kalshi,0.05,0.18,0.82,0.95,113.0,43.0,0.0,0.0,2026-09-30T05:00:00Z,active,2026-09-28T22:32:31.491457+00:00
KXHIGHTSDF,KXHIGHTSDF-26SEP29-B82.5,HIGHEST Temperature SATX,KSDF,2026-09-29,between,82.0,83.0,The Weather Company,https://weather.com/kalshi,0.54,0.65,0.35,0.46,113.0,10.0,22.66,0.0,2026-09-30T05:00:00Z,active,2026-09-28T22:32:31.491457+00:00
KXHIGHTSDF,KXHIGHTSDF-26SEP29-B80.5,HIGHEST Temperature SATX,KSDF,2026-09-29,between,80.0,81.0,The Weather Company,https://weather.com/kalshi,0.02,0.05,0.95,0.98,15.0,68.0,79.0,0.0,2026-09-30T05:00:00Z,active,2026-09-28T22:32:31.491457+00:00
KXHIGHTSDF,KXHIGHTSDF-26SEP28-T85,HIGHEST Temperature SATX,KSDF,2026-09-28,greater,85.0,,The Weather Company,https://weather.com/kalshi,0.0,0.01,0.99,1.0,1515.0,0.0,35.74,0.0,2026-09-29T05:00:00Z,active,2026-09-28T22:32:31.491457+00:00
KXHIGHTSDF,KXHIGHTSDF-26SEP28-T78,HIGHEST Temperature SATX,KSDF,2026-09-28,less,,78.0,The Weather Company,https://weather.com/kalshi,0.0,0.01,0.99,1.0,592.61,0.0,1262.68,0.0,2026-09-29T05:00:00Z,active,2026-09-28T22:32:31.491457+00:00
KXHIGHTSDF,KXHIGHTSDF-26SEP28-B84.5,HIGHEST Temperature SATX,KSDF,2026-09-28,between,84.0,85.0,The Weather Company,https://weather.com/kalshi,0.0,0.01,0.99,1.0,2524.0,0.0,25.89,0.0,2026-09-29T05:00:00Z,active,2026-09-28T22:32:31.491457+00:00
KXHIGHTSDF,KXHIGHTSDF-26SEP28-B82.5,HIGHEST Temperature SATX,KSDF,2026-09-28,between,82.0,83.0,The Weather Company,https://weather.com/kalshi,0.0,0.01,0.99,1.0,1576.0,0.0,415.52,0.0,2026-09-29T05:00:00Z,active,2026-09-28T22:32:31.491457+00:00
KXHIGHTSDF,KXHIGHTSDF-26SEP28-B80.5,HIGHEST Temperature SATX,KSDF,2026-09-28,between,80.0,81.0,The Weather Company,https://weather.com/kalshi,0.99,1.0,0.0,0.01,0.0,1985.0,543.71,0.0,2026-09-29T05:00:00Z,active,2026-09-28T22:32:31.491457+00:00
KXHIGHTSDF,KXHIGHTSDF-26SEP28-B78.5,HIGHEST Temperature SATX,KSDF,2026-09-28,between,78.0,79.0,The Weather Company,https://weather.com/kalshi,0.0,0.01,0.99,1.0,1444.0,0.0,184.42,0.0,2026-09-29T05:00:00Z,active,2026-09-28T22:32:31.491457+00:00
KXLOWTNYC,KXLOWTNYC-26SEP29-T59,Lowest temperature in NYC,KNYC,2026-09-29,greater,59.0,,The Weather Company,https://weather.com/kalshi,0.09,0.19,0.81,0.91,71.2,10.0,192.98,0.0,2026-09-30T05:00:00Z,active,2026-09-28T22:32:31.491457+00:00
KXLOWTNYC,KXLOWTNYC-26SEP29-T52,Lowest temperature in NYC,KNYC,2026-09-29,less,,52.0,The Weather Company,https://weather.com/kalshi,0.0,0.01,0.99,1.0,249.0,0.0,245.94,0.0,2026-09-30T05:00:00Z,active,2026-09-28T22:32:31.491457+00:00
KXLOWTNYC,KXLOWTNYC-26SEP29-B58.5,Lowest temperature in NYC,KNYC,2026-09-29,between,58.0,59.0,The Weather Company,https://weather.com/kalshi,0.25,0.43,0.57,0.75,1.0,10.0,88.0,0.0,2026-09-30T05:00:00Z,active,2026-09-28T22:32:31.491457+00:00
KXLOWTNYC,KXLOWTNYC-26SEP29-B56.5,Lowest temperature in NYC,KNYC,2026-09-29,between,56.0,57.0,The Weather Company,https://weather.com/kalshi,0.32,0.44,0.56,0.68,10.0,52.0,198.1,0.0,2026-09-30T05:00:00Z,active,2026-09-28T22:32:31.491457+00:00
KXLOWTNYC,KXLOWTNYC-26SEP29-B54.5,Lowest temperature in NYC,KNYC,2026-09-29,between,54.0,55.0,The Weather Company,https://weather.com/kalshi,0.06,0.09,0.91,0.94,10.0,79.0,37.02,0.0,2026-09-30T05:00:00Z,active,2026-09-28T22:32:31.491457+00:00
KXLOWTNYC,KXLOWTNYC-26SEP29-B52.5,Lowest temperature in NYC,KNYC,2026-09-29,between,52.0,53.0,The Weather Company,https://weather.com/kalshi,0.01,0.04,0.96,0.99,3.0,1.0,392.73,0.0,2026-09-30T05:00:00Z,active,2026-09-28T22:32:31.491457+00:00
KXLOWTNYC,KXLOWTNYC-26SEP28-T61,Lowest temperature in NYC,KNYC,2026-09-28,greater,61.0,,The Weather Company,https://weather.com/kalshi,0.0,0.01,0.99,1.0,7189.15,0.0,597.72,0.0,2026-09-29T05:00:00Z,active,2026-09-28T22:32:31.491457+00:00
KXLOWTNYC,KXLOWTNYC-26SEP28-T54,Lowest temperature in NYC,KNYC,2026-09-28,less,,54.0,The Weather Company,https://weather.com/kalshi,0.0,0.02,0.98,1.0,6.0,0.0,384.61,0.0,2026-09-29T05:00:00Z,active,2026-09-28T22:32:31.491457+00:00
KXLOWTNYC,KXLOWTNYC-26SEP28-B60.5,Lowest temperature in NYC,KNYC,2026-09-28,between,60.0,61.0,The Weather Company,https://weather.com/kalshi,0.0,0.01,0.99,1.0,2529.12,0.0,1076.18,0.0,2026-09-29T05:00:00Z,active,2026-09-28T22:32:31.491457+00:00
KXLOWTNYC,KXLOWTNYC-26SEP28-B58.5,Lowest temperature in NYC,KNYC,2026-09-28,between,58.0,59.0,The Weather Company,https://weather.com/kalshi,0.02,0.11,0.89,0.98,13.0,29.0,4810.27,0.0,2026-09-29T05:00:00Z,active,2026-09-28T22:32:31.491457+00:00
KXLOWTNYC,KXLOWTNYC-26SEP28-B56.5,Lowest temperature in NYC,KNYC,2026-09-28,between,56.0,57.0,The Weather Company,https://weather.com/kalshi,0.79,0.91,0.09,0.21,50.0,58.57,1437.02,0.0,2026-09-29T05:00:00Z,active,2026-09-28T22:32:31.491457+00:00
KXLOWTNYC,KXLOWTNYC-26SEP28-B54.5,Lowest temperature in NYC,KNYC,2026-09-28,between,54.0,55.0,The Weather Company,https://weather.com/kalshi,0.01,0.03,0.97,0.99,45.0,50.0,1124.91,0.0,2026-09-29T05:00:00Z,active,2026-09-28T22:32:31.491457+00:00
KXLOWTMIN,KXLOWTMIN-26SEP29-T62,Low  temperature Minnesota,KMSP,2026-09-29,greater,62.0,,The Weather Company,https://weather.com/kalshi,0.18,0.3,0.7,0.82,3.0,10.0,39.0,0.0,2026-09-30T06:00:00Z,active,2026-09-28T22:32:31.491457+00:00
KXLOWTMIN,KXLOWTMIN-26SEP29-T55,Low  temperature Minnesota,KMSP,2026-09-29,less,,55.0,The Weather Company,https://weather.com/kalshi,0.01,0.02,0.98,0.99,1.0,79.55,64.45,0.0,2026-09-30T06:00:00Z,active,2026-09-28T22:32:31.491457+00:00
KXLOWTMIN,KXLOWTMIN-26SEP29-B61.5,Low  temperature Minnesota,KMSP,2026-09-29,between,61.0,62.0,The Weather Company,https://weather.com/kalshi,0.39,0.46,0.54,0.61,10.0,42.0,2.0,0.0,2026-09-30T06:00:00Z,active,2026-09-28T22:32:31.491457+00:00
KXLOWTMIN,KXLOWTMIN-26SEP29-B59.5,Low  temperature Minnesota,KMSP,2026-09-29,between,59.0,60.0,The Weather Company,https://weather.com/kalshi,0.14,0.23,0.77,0.86,10.0,50.0,181.0,0.0,2026-09-30T06:00:00Z,active,2026-09-28T22:32:31.491457+00:00
KXLOWTMIN,KXLOWTMIN-26SEP29-B57.5,Low  temperature Minnesota,KMSP,2026-09-29,between,57.0,58.0,The Weather Company,https://weather.com/kalshi,0.03,0.05,0.95,0.97,2.0,50.0,4.02,0.0,2026-09-30T06:00:00Z,active,2026-09-28T22:32:31.491457+00:00
KXLOWTMIN,KXLOWTMIN-26SEP29-B55.5,Low  temperature Minnesota,KMSP,2026-09-29,between,55.0,56.0,The Weather Company,https://weather.com/kalshi,0.02,0.03,0.97,0.98,3.0,1.0,100.18,0.0,2026-09-30T06:00:00Z,active,2026-09-28T22:32:31.491457+00:00
KXLOWTMIN,KXLOWTMIN-26SEP28-T59,Low  temperature Minnesota,KMSP,2026-09-28,greater,59.0,,The Weather Company,https://weather.com/kalshi,0.0,0.01,0.99,1.0,11277.12,0.0,1463.26,0.0,2026-09-29T06:00:00Z,active,2026-09-28T22:32:31.491457+00:00
KXLOWTMIN,KXLOWTMIN-26SEP28-T52,Low  temperature Minnesota,KMSP,2026-09-28,less,,52.0,The Weather Company,https://weather.com/kalshi,0.0,0.01,0.99,1.0,154.0,0.0,6016.17,0.0,2026-09-29T06:00:00Z,active,2026-09-28T22:32:31.491457+00:00
KXLOWTMIN,KXLOWTMIN-26SEP28-B58.5,Low  temperature Minnesota,KMSP,2026-09-28,between,58.0,59.0,The Weather Company,https://weather.com/kalshi,0.0,0.01,0.99,1.0,11981.15,0.0,714.0,0.0,2026-09-29T06:00:00Z,active,2026-09-28T22:32:31.491457+00:00
KXLOWTMIN,KXLOWTMIN-26SEP28-B56.5,Low  temperature Minnesota,KMSP,2026-09-28,between,56.0,57.0,The Weather Company,https://weather.com/kalshi,0.0,0.01,0.99,1.0,11305.15,0.0,737.38,0.0,2026-09-29T06:00:00Z,active,2026-09-28T22:32:31.491457+00:00
KXLOWTMIN,KXLOWTMIN-26SEP28-B54.5,Low  temperature Minnesota,KMSP,2026-09-28,between,54.0,55.0,The Weather Company,https://weather.com/kalshi,0.99,1.0,0.0,0.01,0.0,1.0,1361.57,0.0,2026-09-29T06:00:00Z,active,2026-09-28T22:32:31.491457+00:00
KXLOWTMIN,KXLOWTMIN-26SEP28-B52.5,Low  temperature Minnesota,KMSP,2026-09-28,between,52.0,53.0,The Weather Company,https://weather.com/kalshi,0.0,0.01,0.99,1.0,4.0,0.0,1031.77,0.0,2026-09-29T06:00:00Z,active,2026-09-28T22:32:31.491457+00:00
KXLOWTCHI,KXLOWTCHI-26SEP29-T57,Lowest Temperature Chicago,KMDW,2026-09-29,greater,57.0,,The Weather Company,https://weather.com/kalshi,0.01,0.02,0.98,0.99,1.0,42.0,255.99,0.0,2026-09-30T06:00:00Z,active,2026-09-28T22:32:31.491457+00:00
KXLOWTCHI,KXLOWTCHI-26SEP29-T50,Lowest Temperature Chicago,KMDW,2026-09-29,less,,50.0,The Weather Company,https://weather.com/kalshi,0.0,0.02,0.98,1.0,26.0,0.0,235.83,0.0,2026-09-30T06:00:00Z,active,2026-09-28T22:32:31.491457+00:00
KXLOWTCHI,KXLOWTCHI-26SEP29-B56.5,Lowest Temperature Chicago,KMDW,2026-09-29,between,56.0,57.0,The Weather Company,https://weather.com/kalshi,0.04,0.11,0.89,0.96,1.0,25.0,262.0,0.0,2026-09-30T06:00:00Z,active,2026-09-28T22:32:31.491457+00:00
KXLOWTCHI,KXLOWTCHI-26SEP29-B54.5,Lowest Temperature Chicago,KMDW,2026-09-29,between,54.0,55.0,The Weather Company,https://weather.com/kalshi,0.23,0.4,0.6,0.77,1.0,25.0,131.0,0.0,2026-09-30T06:00:00Z,active,2026-09-28T22:32:31.491457+00:00
KXLOWTCHI,KXLOWTCHI-26SEP29-B52.5,Lowest Temperature Chicago,KMDW,2026-09-29,between,52.0,53.0,The Weather Company,https://weather.com/kalshi,0.39,0.51,0.49,0.61,38.0,51.0,225.34,0.0,2026-09-30T06:00:00Z,active,2026-09-28T22:32:31.491457+00:00
KXLOWTCHI,KXLOWTCHI-26SEP29-B50.5,Lowest Temperature Chicago,KMDW,2026-09-29,between,50.0,51.0,The Weather Company,https://weather.com/kalshi,0.1,0.22,0.78,0.9,11.0,34.0,116.05,0.0,2026-09-30T06:00:00Z,active,2026-09-28T22:32:31.491457+00:00
KXLOWTCHI,KXLOWTCHI-26SEP28-T56,Lowest Temperature Chicago,KMDW,2026-09-28,greater,56.0,,The Weather Company,https://weather.com/kalshi,0.0,0.01,0.99,1.0,15003.32,0.0,2408.66,0.0,2026-09-29T06:00:00Z,active,2026-09-28T22:32:31.491457+00:00
KXLOWTCHI,KXLOWTCHI-26SEP28-T49,Lowest Temperature Chicago,KMDW,2026-09-28,less,,49.0,The Weather Company,https://weather.com/kalshi,0.0,0.01,0.99,1.0,2226.94,0.0,3634.02,0.0,2026-09-29T06:00:00Z,active,2026-09-28T22:32:31.491457+00:00
KXLOWTCHI,KXLOWTCHI-26SEP28-B55.5,Lowest Temperature Chicago,KMDW,2026-09-28,between,55.0,56.0,The Weather Company,https://weather.com/kalshi,0.0,0.01,0.99,1.0,12587.28,0.0,4125.52,0.0,2026-09-29T06:00:00Z,active,2026-09-28T22:32:31.491457+00:00
KXLOWTCHI,KXLOWTCHI-26SEP28-B53.5,Lowest Temperature Chicago,KMDW,2026-09-28,between,53.0,54.0,The Weather Company,https://weather.com/kalshi,0.0,0.01,0.99,1.0,18430.75,0.0,3225.46,0.0,2026-09-29T06:00:00Z,active,2026-09-28T22:32:31.491457+00:00
KXLOWTCHI,KXLOWTCHI-26SEP28-B51.5,Lowest Temperature Chicago,KMDW,2026-09-28,between,51.0,52.0,The Weather Company,https://weather.com/kalshi,0.0,0.01,0.99,1.0,31010.01,0.0,4254.62,0.0,2026-09-29T06:00:00Z,active,2026-09-28T22:32:31.491457+00:00
KXLOWTCHI,KXLOWTCHI-26SEP28-B49.5,Lowest Temperature Chicago,KMDW,2026-09-28,between,49.0,50.0,The Weather Company,https://weather.com/kalshi,0.99,1.0,0.0,0.01,0.0,1.0,6501.63,0.0,2026-09-29T06:00:00Z,active,2026-09-28T22:32:31.491457+00:00
KXLOWTLAX,KXLOWTLAX-26SEP29-T67,Lowest Temperature in LA,KLAX,2026-09-29,greater,67.0,,The Weather Company,https://weather.com/kalshi,0.01,0.03,0.97,0.99,84.89,598.23,419.79,0.0,2026-09-30T08:00:00Z,active,2026-09-28T22:32:31.491457+00:00
KXLOWTLAX,KXLOWTLAX-26SEP29-T60,Lowest Temperature in LA,KLAX,2026-09-29,less,,60.0,The Weather Company,https://weather.com/kalshi,0.0,0.01,0.99,1.0,25.0,0.0,216.53,0.0,2026-09-30T08:00:00Z,active,2026-09-28T22:32:31.491457+00:00
KXLOWTLAX,KXLOWTLAX-26SEP29-B66.5,Lowest Temperature in LA,KLAX,2026-09-29,between,66.0,67.0,The Weather Company,https://weather.com/kalshi,0.35,0.4,0.6,0.65,15.0,50.0,163.0,0.0,2026-09-30T08:00:00Z,active,2026-09-28T22:32:31.491457+00:00
KXLOWTLAX,KXLOWTLAX-26SEP29-B64.5,Lowest Temperature in LA,KLAX,2026-09-29,between,64.0,65.0,The Weather Company,https://weather.com/kalshi,0.4,0.47,0.53,0.6,10.0,59.87,32.0,0.0,2026-09-30T08:00:00Z,active,2026-09-28T22:32:31.491457+00:00
KXLOWTLAX,KXLOWTLAX-26SEP29-B62.5,Lowest Temperature in LA,KLAX,2026-09-29,between,62.0,63.0,The Weather Company,https://weather.com/kalshi,0.11,0.18,0.82,0.89,1.0,10.0,178.13,0.0,2026-09-30T08:00:00Z,active,2026-09-28T22:32:31.491457+00:00
KXLOWTLAX,KXLOWTLAX-26SEP29-B60.5,Lowest Temperature in LA,KLAX,2026-09-29,between,60.0,61.0,The Weather Company,https://weather.com/kalshi,0.0,0.01,0.99,1.0,1.0,0.0,219.83,0.0,2026-09-30T08:00:00Z,active,2026-09-28T22:32:31.491457+00:00
KXLOWTLAX,KXLOWTLAX-26SEP28-T67,Lowest Temperature in LA,KLAX,2026-09-28,greater,67.0,,The Weather Company,https://weather.com/kalshi,0.0,0.01,0.99,1.0,17230.45,0.0,1285.79,0.0,2026-09-29T08:00:00Z,active,2026-09-28T22:32:31.491457+00:00
KXLOWTLAX,KXLOWTLAX-26SEP28-T60,Lowest Temperature in LA,KLAX,2026-09-28,less,,60.0,The Weather Company,https://weather.com/kalshi,0.0,0.01,0.99,1.0,149.0,0.0,484.13,0.0,2026-09-29T08:00:00Z,active,2026-09-28T22:32:31.491457+00:00
KXLOWTLAX,KXLOWTLAX-26SEP28-B66.5,Lowest Temperature in LA,KLAX,2026-09-28,between,66.0,67.0,The Weather Company,https://weather.com/kalshi,0.82,0.91,0.09,0.18,50.0,10.0,1598.74,0.0,2026-09-29T08:00:00Z,active,2026-09-28T22:32:31.491457+00:00
KXLOWTLAX,KXLOWTLAX-26SEP28-B64.5,Lowest Temperature in LA,KLAX,2026-09-28,between,64.0,65.0,The Weather Company,https://weather.com/kalshi,0.1,0.13,0.87,0.9,134.38,61.69,1254.4,0.0,2026-09-29T08:00:00Z,active,2026-09-28T22:32:31.491457+00:00
KXLOWTLAX,KXLOWTLAX-26SEP28-B62.5,Lowest Temperature in LA,KLAX,2026-09-28,between,62.0,63.0,The Weather Company,https://weather.com/kalshi,0.01,0.02,0.98,0.99,304.0,50.0,635.61,0.0,2026-09-29T08:00:00Z,active,2026-09-28T22:32:31.491457+00:00
KXLOWTLAX,KXLOWTLAX-26SEP28-B60.5,Lowest Temperature in LA,KLAX,2026-09-28,between,60.0,61.0,The Weather Company,https://weather.com/kalshi,0.0,0.01,0.99,1.0,25.0,0.0,905.34,0.0,2026-09-29T08:00:00Z,active,2026-09-28T22:32:31.491457+00:00
KXHIGHDEN,KXHIGHDEN-26SEP29-T72,Highest temperature in Denver,KDEN,2026-09-29,greater,72.0,,The Weather Company,https://weather.com/kalshi,0.17,0.18,0.82,0.83,44.56,211.3,3192.58,0.0,2026-09-30T07:00:00Z,active,2026-09-28T22:32:31.491457+00:00
KXHIGHDEN,KXHIGHDEN-26SEP29-T65,Highest temperature in Denver,KDEN,2026-09-29,less,,65.0,The Weather Company,https://weather.com/kalshi,0.08,0.09,0.91,0.92,8.4,72.0,1489.13,0.0,2026-09-30T07:00:00Z,active,2026-09-28T22:32:31.491457+00:00
KXHIGHDEN,KXHIGHDEN-26SEP29-B71.5,Highest temperature in Denver,KDEN,2026-09-29,between,71.0,72.0,The Weather Company,https://weather.com/kalshi,0.16,0.17,0.83,0.84,42.6,168.83,2003.1,0.0,2026-09-30T07:00:00Z,active,2026-09-28T22:32:31.491457+00:00
KXHIGHDEN,KXHIGHDEN-26SEP29-B69.5,Highest temperature in Denver,KDEN,2026-09-29,between,69.0,70.0,The Weather Company,https://weather.com/kalshi,0.28,0.29,0.71,0.72,88.5,60.0,865.8,0.0,2026-09-30T07:00:00Z,active,2026-09-28T22:32:31.491457+00:00
KXHIGHDEN,KXHIGHDEN-26SEP29-B67.5,Highest temperature in Denver,KDEN,2026-09-29,between,67.0,68.0,The Weather Company,https://weather.com/kalshi,0.18,0.19,0.81,0.82,29.0,154.2,621.28,0.0,2026-09-30T07:00:00Z,active,2026-09-28T22:32:31.491457+00:00
KXHIGHDEN,KXHIGHDEN-26SEP29-B65.5,Highest temperature in Denver,KDEN,2026-09-29,between,65.0,66.0,The Weather Company,https://weather.com/kalshi,0.12,0.13,0.87,0.88,8.0,197.0,360.12,0.0,2026-09-30T07:00:00Z,active,2026-09-28T22:32:31.491457+00:00
KXHIGHDEN,KXHIGHDEN-26SEP28-T80,Highest temperature in Denver,KDEN,2026-09-28,greater,80.0,,The Weather Company,https://weather.com/kalshi,0.0,0.01,0.99,1.0,8814.44,0.0,3351.66,0.0,2026-09-29T07:00:00Z,active,2026-09-28T22:32:31.491457+00:00
KXHIGHDEN,KXHIGHDEN-26SEP28-T73,Highest temperature in Denver,KDEN,2026-09-28,less,,73.0,The Weather Company,https://weather.com/kalshi,0.96,0.98,0.02,0.04,449.81,1.0,30371.82,0.0,2026-09-29T07:00:00Z,active,2026-09-28T22:32:31.491457+00:00
KXHIGHDEN,KXHIGHDEN-26SEP28-B79.5,Highest temperature in Denver,KDEN,2026-09-28,between,79.0,80.0,The Weather Company,https://weather.com/kalshi,0.0,0.01,0.99,1.0,8736.73,0.0,2845.75,0.0,2026-09-29T07:00:00Z,active,2026-09-28T22:32:31.491457+00:00
KXHIGHDEN,KXHIGHDEN-26SEP28-B77.5,Highest temperature in Denver,KDEN,2026-09-28,between,77.0,78.0,The Weather Company,https://weather.com/kalshi,0.0,0.01,0.99,1.0,211.45,0.0,4436.25,0.0,2026-09-29T07:00:00Z,active,2026-09-28T22:32:31.491457+00:00
KXHIGHDEN,KXHIGHDEN-26SEP28-B75.5,Highest temperature in Denver,KDEN,2026-09-28,between,75.0,76.0,The Weather Company,https://weather.com/kalshi,0.0,0.02,0.98,1.0,111.06,0.0,6851.2,0.0,2026-09-29T07:00:00Z,active,2026-09-28T22:32:31.491457+00:00
KXHIGHDEN,KXHIGHDEN-26SEP28-B73.5,Highest temperature in Denver,KDEN,2026-09-28,between,73.0,74.0,The Weather Company,https://weather.com/kalshi,0.03,0.06,0.94,0.97,65.06,53.0,9439.32,0.0,2026-09-29T07:00:00Z,active,2026-09-28T22:32:31.491457+00:00
KXHIGHTMIN,KXHIGHTMIN-26SEP29-T74,Minneapolis Daily High Temperature,KMSP,2026-09-29,greater,74.0,,The Weather Company,https://weather.com/kalshi,0.01,0.02,0.98,0.99,94.0,171.75,265.25,0.0,2026-09-30T06:00:00Z,active,2026-09-28T22:32:31.491457+00:00
KXHIGHTMIN,KXHIGHTMIN-26SEP29-T67,Minneapolis Daily High Temperature,KMSP,2026-09-29,less,,67.0,The Weather Company,https://weather.com/kalshi,0.43,0.44,0.56,0.57,9.73,248.84,238.81,0.0,2026-09-30T06:00:00Z,active,2026-09-28T22:32:31.491457+00:00
KXHIGHTMIN,KXHIGHTMIN-26SEP29-B73.5,Minneapolis Daily High Temperature,KMSP,2026-09-29,between,73.0,74.0,The Weather Company,https://weather.com/kalshi,0.01,0.02,0.98,0.99,7.0,378.2,217.5,0.0,2026-09-30T06:00:00Z,active,2026-09-28T22:32:31.491457+00:00
KXHIGHTMIN,KXHIGHTMIN-26SEP29-B71.5,Minneapolis Daily High Temperature,KMSP,2026-09-29,between,71.0,72.0,The Weather Company,https://weather.com/kalshi,0.05,0.06,0.94,0.95,2.3,26.0,26.52,0.0,2026-09-30T06:00:00Z,active,2026-09-28T22:32:31.491457+00:00
KXHIGHTMIN,KXHIGHTMIN-26SEP29-B69.5,Minneapolis Daily High Temperature,KMSP,2026-09-29,between,69.0,70.0,The Weather Company,https://weather.com/kalshi,0.16,0.17,0.83,0.84,79.0,50.3,127.03,0.0,2026-09-30T06:00:00Z,active,2026-09-28T22:32:31.491457+00:00
KXHIGHTMIN,KXHIGHTMIN-26SEP29-B67.5,Minneapolis Daily High Temperature,KMSP,2026-09-29,between,67.0,68.0,The Weather Company,https://weather.com/kalshi,0.28,0.31,0.69,0.72,12.2,4.1,130.71,0.0,2026-09-30T06:00:00Z,active,2026-09-28T22:32:31.491457+00:00
KXHIGHTMIN,KXHIGHTMIN-26SEP28-T79,Minneapolis Daily High Temperature,KMSP,2026-09-28,greater,79.0,,The Weather Company,https://weather.com/kalshi,0.0,0.01,0.99,1.0,8693.04,0.0,590.1,0.0,2026-09-29T06:00:00Z,active,2026-09-28T22:32:31.491457+00:00
KXHIGHTMIN,KXHIGHTMIN-26SEP28-T72,Minneapolis Daily High Temperature,KMSP,2026-09-28,less,,72.0,The Weather Company,https://weather.com/kalshi,0.0,0.01,0.99,1.0,40982.15,0.0,6835.02,0.0,2026-09-29T06:00:00Z,active,2026-09-28T22:32:31.491457+00:00
KXHIGHTMIN,KXHIGHTMIN-26SEP28-B78.5,Minneapolis Daily High Temperature,KMSP,2026-09-28,between,78.0,79.0,The Weather Company,https://weather.com/kalshi,0.0,0.01,0.99,1.0,8126.0,0.0,799.32,0.0,2026-09-29T06:00:00Z,active,2026-09-28T22:32:31.491457+00:00
KXHIGHTMIN,KXHIGHTMIN-26SEP28-B76.5,Minneapolis Daily High Temperature,KMSP,2026-09-28,between,76.0,77.0,The Weather Company,https://weather.com/kalshi,0.0,0.01,0.99,1.0,507.0,0.0,865.36,0.0,2026-09-29T06:00:00Z,active,2026-09-28T22:32:31.491457+00:00
KXHIGHTMIN,KXHIGHTMIN-26SEP28-B74.5,Minneapolis Daily High Temperature,KMSP,2026-09-28,between,74.0,75.0,The Weather Company,https://weather.com/kalshi,0.0,0.01,0.99,1.0,75.0,0.0,4225.01,0.0,2026-09-29T06:00:00Z,active,2026-09-28T22:32:31.491457+00:00
KXHIGHTMIN,KXHIGHTMIN-26SEP28-B72.5,Minneapolis Daily High Temperature,KMSP,2026-09-28,between,72.0,73.0,The Weather Company,https://weather.com/kalshi,0.99,1.0,0.0,0.01,0.0,147.03,7391.85,0.0,2026-09-29T06:00:00Z,active,2026-09-28T22:32:31.491457+00:00
KXLOWTOKC,KXLOWTOKC-26SEP29-T71,Low Temperature Oklahoma City,KOKC,2026-09-29,greater,71.0,,The Weather Company,https://weather.com/kalshi,0.28,0.34,0.66,0.72,15.0,1.0,39.41,0.0,2026-09-30T06:00:00Z,active,2026-09-28T22:32:31.491457+00:00
KXLOWTOKC,KXLOWTOKC-26SEP29-T64,Low Temperature Oklahoma City,KOKC,2026-09-29,less,,64.0,The Weather Company,https://weather.com/kalshi,0.01,0.02,0.98,0.99,1.0,82.0,110.28,0.0,2026-09-30T06:00:00Z,active,2026-09-28T22:32:31.491457+00:00
KXLOWTOKC,KXLOWTOKC-26SEP29-B70.5,Low Temperature Oklahoma City,KOKC,2026-09-29,between,70.0,71.0,The Weather Company,https://weather.com/kalshi,0.31,0.41,0.59,0.69,10.0,115.0,24.0,0.0,2026-09-30T06:00:00Z,active,2026-09-28T22:32:31.491457+00:00
KXLOWTOKC,KXLOWTOKC-26SEP29-B68.5,Low Temperature Oklahoma City,KOKC,2026-09-29,between,68.0,69.0,The Weather Company,https://weather.com/kalshi,0.15,0.28,0.72,0.85,6.0,27.0,1.0,0.0,2026-09-30T06:00:00Z,active,2026-09-28T22:32:31.491457+00:00
KXLOWTOKC,KXLOWTOKC-26SEP29-B66.5,Low Temperature Oklahoma City,KOKC,2026-09-29,between,66.0,67.0,The Weather Company,https://weather.com/kalshi,0.04,0.05,0.95,0.96,1.0,89.0,1.02,0.0,2026-09-30T06:00:00Z,active,2026-09-28T22:32:31.491457+00:00
KXLOWTOKC,KXLOWTOKC-26SEP29-B64.5,Low Temperature Oklahoma City,KOKC,2026-09-29,between,64.0,65.0,The Weather Company,https://weather.com/kalshi,0.01,0.02,0.98,0.99,1.0,207.0,103.28,0.0,2026-09-30T06:00:00Z,active,2026-09-28T22:32:31.491457+00:00
KXLOWTOKC,KXLOWTOKC-26SEP28-T69,Low Temperature Oklahoma City,KOKC,2026-09-28,greater,69.0,,The Weather Company,https://weather.com/kalshi,0.0,0.01,0.99,1.0,10674.15,0.0,1224.97,0.0,2026-09-29T06:00:00Z,active,2026-09-28T22:32:31.491457+00:00
KXLOWTOKC,KXLOWTOKC-26SEP28-T62,Low Temperature Oklahoma City,KOKC,2026-09-28,less,,62.0,The Weather Company,https://weather.com/kalshi,0.0,0.01,0.99,1.0,186.0,0.0,250.0,0.0,2026-09-29T06:00:00Z,active,2026-09-28T22:32:31.491457+00:00
KXLOWTOKC,KXLOWTOKC-26SEP28-B68.5,Low Temperature Oklahoma City,KOKC,2026-09-28,between,68.0,69.0,The Weather Company,https://weather.com/kalshi,0.0,0.01,0.99,1.0,18327.5,0.0,988.21,0.0,2026-09-29T06:00:00Z,active,2026-09-28T22:32:31.491457+00:00
KXLOWTOKC,KXLOWTOKC-26SEP28-B66.5,Low Temperature Oklahoma City,KOKC,2026-09-28,between,66.0,67.0,The Weather Company,https://weather.com/kalshi,0.98,1.0,0.0,0.02,0.0,351.0,1643.97,0.0,2026-09-29T06:00:00Z,active,2026-09-28T22:32:31.491457+00:00
KXLOWTOKC,KXLOWTOKC-26SEP28-B64.5,Low Temperature Oklahoma City,KOKC,2026-09-28,between,64.0,65.0,The Weather Company,https://weather.com/kalshi,0.0,0.01,0.99,1.0,6.0,0.0,733.94,0.0,2026-09-29T06:00:00Z,active,2026-09-28T22:32:31.491457+00:00
KXLOWTOKC,KXLOWTOKC-26SEP28-B62.5,Low Temperature Oklahoma City,KOKC,2026-09-28,between,62.0,63.0,The Weather Company,https://weather.com/kalshi,0.0,0.01,0.99,1.0,6.0,0.0,328.07,0.0,2026-09-29T06:00:00Z,active,2026-09-28T22:32:31.491457+00:00
KXLOWTTTN,KXLOWTTTN-26SEP29-T56,Trenton Daily low temp ,KTTN,2026-09-29,greater,56.0,,The Weather Company,https://weather.com/kalshi,0.65,0.84,0.16,0.35,1.0,10.0,53.0,0.0,2026-09-30T05:00:00Z,active,2026-09-28T22:32:31.491457+00:00
KXLOWTTTN,KXLOWTTTN-26SEP29-T49,Trenton Daily low temp ,KTTN,2026-09-29,less,,49.0,The Weather Company,https://weather.com/kalshi,0.01,0.02,0.98,0.99,19.0,14.86,15.14,0.0,2026-09-30T05:00:00Z,active,2026-09-28T22:32:31.491457+00:00
KXLOWTTTN,KXLOWTTTN-26SEP29-B55.5,Trenton Daily low temp ,KTTN,2026-09-29,between,55.0,56.0,The Weather Company,https://weather.com/kalshi,0.14,0.25,0.75,0.86,10.0,39.0,0.0,0.0,2026-09-30T05:00:00Z,active,2026-09-28T22:32:31.491457+00:00
KXLOWTTTN,KXLOWTTTN-26SEP29-B53.5,Trenton Daily low temp ,KTTN,2026-09-29,between,53.0,54.0,The Weather Company,https://weather.com/kalshi,0.03,0.13,0.87,0.97,1.0,89.0,0.0,0.0,2026-09-30T05:00:00Z,active,2026-09-28T22:32:31.491457+00:00
KXLOWTTTN,KXLOWTTTN-26SEP29-B51.5,Trenton Daily low temp ,KTTN,2026-09-29,between,51.0,52.0,The Weather Company,https://weather.com/kalshi,0.01,0.09,0.91,0.99,1.0,80.0,1.01,0.0,2026-09-30T05:00:00Z,active,2026-09-28T22:32:31.491457+00:00
KXLOWTTTN,KXLOWTTTN-26SEP29-B49.5,Trenton Daily low temp ,KTTN,2026-09-29,between,49.0,50.0,The Weather Company,https://weather.com/kalshi,0.01,0.04,0.96,0.99,2.0,130.0,15.43,0.0,2026-09-30T05:00:00Z,active,2026-09-28T22:32:31.491457+00:00
KXLOWTTTN,KXLOWTTTN-26SEP28-T59,Trenton Daily low temp ,KTTN,2026-09-28,greater,59.0,,The Weather Company,https://weather.com/kalshi,0.0,0.01,0.99,1.0,8793.0,0.0,393.0,0.0,2026-09-29T05:00:00Z,active,2026-09-28T22:32:31.491457+00:00
KXLOWTTTN,KXLOWTTTN-26SEP28-T52,Trenton Daily low temp ,KTTN,2026-09-28,less,,52.0,The Weather Company,https://weather.com/kalshi,0.0,0.02,0.98,1.0,202.0,0.0,195.72,0.0,2026-09-29T05:00:00Z,active,2026-09-28T22:32:31.491457+00:00
KXLOWTTTN,KXLOWTTTN-26SEP28-B58.5,Trenton Daily low temp ,KTTN,2026-09-28,between,58.0,59.0,The Weather Company,https://weather.com/kalshi,0.72,0.87,0.13,0.28,1.0,1.0,134.39,0.0,2026-09-29T05:00:00Z,active,2026-09-28T22:32:31.491457+00:00
KXLOWTTTN,KXLOWTTTN-26SEP28-B56.5,Trenton Daily low temp ,KTTN,2026-09-28,between,56.0,57.0,The Weather Company,https://weather.com/kalshi,0.04,0.23,0.77,0.96,1.0,10.0,57.12,0.0,2026-09-29T05:00:00Z,active,2026-09-28T22:32:31.491457+00:00
KXLOWTTTN,KXLOWTTTN-26SEP28-B54.5,Trenton Daily low temp ,KTTN,2026-09-28,between,54.0,55.0,The Weather Company,https://weather.com/kalshi,0.01,0.08,0.92,0.99,10.0,30.0,76.01,0.0,2026-09-29T05:00:00Z,active,2026-09-28T22:32:31.491457+00:00
KXLOWTTTN,KXLOWTTTN-26SEP28-B52.5,Trenton Daily low temp ,KTTN,2026-09-28,between,52.0,53.0,The Weather Company,https://weather.com/kalshi,0.0,0.03,0.97,1.0,8.0,0.0,144.0,0.0,2026-09-29T05:00:00Z,active,2026-09-28T22:32:31.491457+00:00
KXLOWTSDF,KXLOWTSDF-26SEP29-T52,Lowest Temperature SDX,KSDF,2026-09-29,greater,52.0,,The Weather Company,https://weather.com/kalshi,0.79,0.9,0.1,0.21,39.0,10.0,3.0,0.0,2026-09-30T05:00:00Z,active,2026-09-28T22:32:31.491457+00:00
KXLOWTSDF,KXLOWTSDF-26SEP29-T45,Lowest Temperature SDX,KSDF,2026-09-29,less,,45.0,The Weather Company,https://weather.com/kalshi,0.0,0.02,0.98,1.0,19.0,0.0,0.0,0.0,2026-09-30T05:00:00Z,active,2026-09-28T22:32:31.491457+00:00
KXLOWTSDF,KXLOWTSDF-26SEP29-B51.5,Lowest Temperature SDX,KSDF,2026-09-29,between,51.0,52.0,The Weather Company,https://weather.com/kalshi,0.07,0.18,0.82,0.93,10.0,89.0,0.0,0.0,2026-09-30T05:00:00Z,active,2026-09-28T22:32:31.491457+00:00
KXLOWTSDF,KXLOWTSDF-26SEP29-B49.5,Lowest Temperature SDX,KSDF,2026-09-29,between,49.0,50.0,The Weather Company,https://weather.com/kalshi,0.02,0.06,0.94,0.98,1.0,39.0,0.0,0.0,2026-09-30T05:00:00Z,active,2026-09-28T22:32:31.491457+00:00
KXLOWTSDF,KXLOWTSDF-26SEP29-B47.5,Lowest Temperature SDX,KSDF,2026-09-29,between,47.0,48.0,The Weather Company,https://weather.com/kalshi,0.01,0.03,0.97,0.99,2.0,50.0,1.01,0.0,2026-09-30T05:00:00Z,active,2026-09-28T22:32:31.491457+00:00
KXLOWTSDF,KXLOWTSDF-26SEP29-B45.5,Lowest Temperature SDX,KSDF,2026-09-29,between,45.0,46.0,The Weather Company,https://weather.com/kalshi,0.01,0.03,0.97,0.99,2.0,34.86,30.42,0.0,2026-09-30T05:00:00Z,active,2026-09-28T22:32:31.491457+00:00
KXLOWTSDF,KXLOWTSDF-26SEP28-T55,Lowest Temperature SDX,KSDF,2026-09-28,greater,55.0,,The Weather Company,https://weather.com/kalshi,0.0,0.01,0.99,1.0,1569.49,0.0,140.65,0.0,2026-09-29T05:00:00Z,active,2026-09-28T22:32:31.491457+00:00
KXLOWTSDF,KXLOWTSDF-26SEP28-T48,Lowest Temperature SDX,KSDF,2026-09-28,less,,48.0,The Weather Company,https://weather.com/kalshi,0.0,0.01,0.99,1.0,170.0,0.0,43.8,0.0,2026-09-29T05:00:00Z,active,2026-09-28T22:32:31.491457+00:00
KXLOWTSDF,KXLOWTSDF-26SEP28-B54.5,Lowest Temperature SDX,KSDF,2026-09-28,between,54.0,55.0,The Weather Company,https://weather.com/kalshi,0.0,0.01,0.99,1.0,1004.0,0.0,133.04,0.0,2026-09-29T05:00:00Z,active,2026-09-28T22:32:31.491457+00:00
KXLOWTSDF,KXLOWTSDF-26SEP28-B52.5,Lowest Temperature SDX,KSDF,2026-09-28,between,52.0,53.0,The Weather Company,https://weather.com/kalshi,0.98,1.0,0.0,0.02,0.0,265.0,344.45,0.0,2026-09-29T05:00:00Z,active,2026-09-28T22:32:31.491457+00:00
KXLOWTSDF,KXLOWTSDF-26SEP28-B50.5,Lowest Temperature SDX,KSDF,2026-09-28,between,50.0,51.0,The Weather Company,https://weather.com/kalshi,0.0,0.02,0.98,1.0,25.0,0.0,215.08,0.0,2026-09-29T05:00:00Z,active,2026-09-28T22:32:31.491457+00:00
KXLOWTSDF,KXLOWTSDF-26SEP28-B48.5,Lowest Temperature SDX,KSDF,2026-09-28,between,48.0,49.0,The Weather Company,https://weather.com/kalshi,0.0,0.02,0.98,1.0,82.0,0.0,113.65,0.0,2026-09-29T05:00:00Z,active,2026-09-28T22:32:31.491457+00:00
KXLOWTEWR,KXLOWTEWR-26SEP29-T58,"Newark, NJ (EWR) Daily Low Temp",KEWR,2026-09-29,greater,58.0,,The Weather Company,https://weather.com/kalshi,0.02,0.4,0.6,0.98,1.0,49.0,45.0,0.0,2026-09-30T05:00:00Z,active,2026-09-28T22:32:31.491457+00:00
KXLOWTEWR,KXLOWTEWR-26SEP29-T51,"Newark, NJ (EWR) Daily Low Temp",KEWR,2026-09-29,less,,51.0,The Weather Company,https://weather.com/kalshi,0.01,0.03,0.97,0.99,2.0,96.86,15.14,0.0,2026-09-30T05:00:00Z,active,2026-09-28T22:32:31.491457+00:00
KXLOWTEWR,KXLOWTEWR-26SEP29-B57.5,"Newark, NJ (EWR) Daily Low Temp",KEWR,2026-09-29,between,57.0,58.0,The Weather Company,https://weather.com/kalshi,0.3,0.35,0.65,0.7,10.0,4.0,23.0,0.0,2026-09-30T05:00:00Z,active,2026-09-28T22:32:31.491457+00:00
KXLOWTEWR,KXLOWTEWR-26SEP29-B55.5,"Newark, NJ (EWR) Daily Low Temp",KEWR,2026-09-29,between,55.0,56.0,The Weather Company,https://weather.com/kalshi,0.04,0.24,0.76,0.96,10.0,10.0,0.0,0.0,2026-09-30T05:00:00Z,active,2026-09-28T22:32:31.491457+00:00
KXLOWTEWR,KXLOWTEWR-26SEP29-B53.5,"Newark, NJ (EWR) Daily Low Temp",KEWR,2026-09-29,between,53.0,54.0,The Weather Company,https://weather.com/kalshi,0.01,0.08,0.92,0.99,1.0,130.0,1.04,0.0,2026-09-30T05:00:00Z,active,2026-09-28T22:32:31.491457+00:00
KXLOWTEWR,KXLOWTEWR-26SEP29-B51.5,"Newark, NJ (EWR) Daily Low Temp",KEWR,2026-09-29,between,51.0,52.0,The Weather Company,https://weather.com/kalshi,0.01,0.03,0.97,0.99,1.0,80.0,15.28,0.0,2026-09-30T05:00:00Z,active,2026-09-28T22:32:31.491457+00:00
KXLOWTEWR,KXLOWTEWR-26SEP28-T61,"Newark, NJ (EWR) Daily Low Temp",KEWR,2026-09-28,greater,61.0,,The Weather Company,https://weather.com/kalshi,0.0,0.01,0.99,1.0,12298.0,0.0,440.0,0.0,2026-09-29T05:00:00Z,active,2026-09-28T22:32:31.491457+00:00
KXLOWTEWR,KXLOWTEWR-26SEP28-T54,"Newark, NJ (EWR) Daily Low Temp",KEWR,2026-09-28,less,,54.0,The Weather Company,https://weather.com/kalshi,0.0,0.03,0.97,1.0,1.0,0.0,62.0,0.0,2026-09-29T05:00:00Z,active,2026-09-28T22:32:31.491457+00:00
KXLOWTEWR,KXLOWTEWR-26SEP28-B60.5,"Newark, NJ (EWR) Daily Low Temp",KEWR,2026-09-28,between,60.0,61.0,The Weather Company,https://weather.com/kalshi,0.0,0.01,0.99,1.0,9888.0,0.0,295.0,0.0,2026-09-29T05:00:00Z,active,2026-09-28T22:32:31.491457+00:00
KXLOWTEWR,KXLOWTEWR-26SEP28-B58.5,"Newark, NJ (EWR) Daily Low Temp",KEWR,2026-09-28,between,58.0,59.0,The Weather Company,https://weather.com/kalshi,0.92,0.95,0.05,0.08,1.0,2.0,144.0,0.0,2026-09-29T05:00:00Z,active,2026-09-28T22:32:31.491457+00:00
KXLOWTEWR,KXLOWTEWR-26SEP28-B56.5,"Newark, NJ (EWR) Daily Low Temp",KEWR,2026-09-28,between,56.0,57.0,The Weather Company,https://weather.com/kalshi,0.03,0.18,0.82,0.97,1.0,0.4,68.66,0.0,2026-09-29T05:00:00Z,active,2026-09-28T22:32:31.491457+00:00
KXLOWTEWR,KXLOWTEWR-26SEP28-B54.5,"Newark, NJ (EWR) Daily Low Temp",KEWR,2026-09-28,between,54.0,55.0,The Weather Company,https://weather.com/kalshi,0.0,0.03,0.97,1.0,6.0,0.0,229.09,0.0,2026-09-29T05:00:00Z,active,2026-09-28T22:32:31.491457+00:00
KXLOWTHOU,KXLOWTHOU-26SEP29-T77,Low Temperature Houston,KHOU,2026-09-29,greater,77.0,,The Weather Company,https://weather.com/kalshi,0.08,0.1,0.9,0.92,1.0,12.0,21.0,0.0,2026-09-30T06:00:00Z,active,2026-09-28T22:32:31.491457+00:00
KXLOWTHOU,KXLOWTHOU-26SEP29-T70,Low Temperature Houston,KHOU,2026-09-29,less,,70.0,The Weather Company,https://weather.com/kalshi,0.0,0.01,0.99,1.0,65.0,0.0,0.0,0.0,2026-09-30T06:00:00Z,active,2026-09-28T22:32:31.491457+00:00
KXLOWTHOU,KXLOWTHOU-26SEP29-B76.5,Low Temperature Houston,KHOU,2026-09-29,between,76.0,77.0,The Weather Company,https://weather.com/kalshi,0.57,0.6,0.4,0.43,16.0,85.0,47.0,0.0,2026-09-30T06:00:00Z,active,2026-09-28T22:32:31.491457+00:00
KXLOWTHOU,KXLOWTHOU-26SEP29-B74.5,Low Temperature Houston,KHOU,2026-09-29,between,74.0,75.0,The Weather Company,https://weather.com/kalshi,0.25,0.3,0.7,0.75,27.0,25.0,19.0,0.0,2026-09-30T06:00:00Z,active,2026-09-28T22:32:31.491457+00:00
KXLOWTHOU,KXLOWTHOU-26SEP29-B72.5,Low Temperature Houston,KHOU,2026-09-29,between,72.0,73.0,The Weather Company,https://weather.com/kalshi,0.02,0.03,0.97,0.98,13.0,52.99,1.01,0.0,2026-09-30T06:00:00Z,active,2026-09-28T22:32:31.491457+00:00
KXLOWTHOU,KXLOWTHOU-26SEP29-B70.5,Low Temperature Houston,KHOU,2026-09-29,between,70.0,71.0,The Weather Company,https://weather.com/kalshi,0.0,0.02,0.98,1.0,1.0,0.0,189.53,0.0,2026-09-30T06:00:00Z,active,2026-09-28T22:32:31.491457+00:00
KXLOWTHOU,KXLOWTHOU-26SEP28-T77,Low Temperature Houston,KHOU,2026-09-28,greater,77.0,,The Weather Company,https://weather.com/kalshi,0.0,0.01,0.99,1.0,9920.15,0.0,496.51,0.0,2026-09-29T06:00:00Z,active,2026-09-28T22:32:31.491457+00:00
KXLOWTHOU,KXLOWTHOU-26SEP28-T70,Low Temperature Houston,KHOU,2026-09-28,less,,70.0,The Weather Company,https://weather.com/kalshi,0.0,0.01,0.99,1.0,1.0,0.0,37.0,0.0,2026-09-29T06:00:00Z,active,2026-09-28T22:32:31.491457+00:00
KXLOWTHOU,KXLOWTHOU-26SEP28-B76.5,Low Temperature Houston,KHOU,2026-09-28,between,76.0,77.0,The Weather Company,https://weather.com/kalshi,0.98,0.99,0.01,0.02,200.19,1.0,1076.29,0.0,2026-09-29T06:00:00Z,active,2026-09-28T22:32:31.491457+00:00
KXLOWTHOU,KXLOWTHOU-26SEP28-B74.5,Low Temperature Houston,KHOU,2026-09-28,between,74.0,75.0,The Weather Company,https://weather.com/kalshi,0.01,0.03,0.97,0.99,56.0,60.0,239.64,0.0,2026-09-29T06:00:00Z,active,2026-09-28T22:32:31.491457+00:00
KXLOWTHOU,KXLOWTHOU-26SEP28-B72.5,Low Temperature Houston,KHOU,2026-09-28,between,72.0,73.0,The Weather Company,https://weather.com/kalshi,0.0,0.02,0.98,1.0,92.8,0.0,440.51,0.0,2026-09-29T06:00:00Z,active,2026-09-28T22:32:31.491457+00:00
KXLOWTHOU,KXLOWTHOU-26SEP28-B70.5,Low Temperature Houston,KHOU,2026-09-28,between,70.0,71.0,The Weather Company,https://weather.com/kalshi,0.0,0.02,0.98,1.0,67.0,0.0,256.77,0.0,2026-09-29T06:00:00Z,active,2026-09-28T22:32:31.491457+00:00
KXHIGHTTTN,KXHIGHTTTN-26SEP29-T78,"Trenton, NJ Daily Max Temp",KTTN,2026-09-29,greater,78.0,,The Weather Company,https://weather.com/kalshi,0.0,0.02,0.98,1.0,70.0,0.0,40.0,0.0,2026-09-30T05:00:00Z,active,2026-09-28T22:32:31.491457+00:00
KXHIGHTTTN,KXHIGHTTTN-26SEP29-T71,"Trenton, NJ Daily Max Temp",KTTN,2026-09-29,less,,71.0,The Weather Company,https://weather.com/kalshi,0.13,0.28,0.72,0.87,18.0,10.0,4.1,0.0,2026-09-30T05:00:00Z,active,2026-09-28T22:32:31.491457+00:00
KXHIGHTTTN,KXHIGHTTTN-26SEP29-B77.5,"Trenton, NJ Daily Max Temp",KTTN,2026-09-29,between,77.0,78.0,The Weather Company,https://weather.com/kalshi,0.0,0.02,0.98,1.0,10.0,0.0,105.28,0.0,2026-09-30T05:00:00Z,active,2026-09-28T22:32:31.491457+00:00
KXHIGHTTTN,KXHIGHTTTN-26SEP29-B75.5,"Trenton, NJ Daily Max Temp",KTTN,2026-09-29,between,75.0,76.0,The Weather Company,https://weather.com/kalshi,0.01,0.03,0.97,0.99,17.0,98.0,5.09,0.0,2026-09-30T05:00:00Z,active,2026-09-28T22:32:31.491457+00:00
KXHIGHTTTN,KXHIGHTTTN-26SEP29-B73.5,"Trenton, NJ Daily Max Temp",KTTN,2026-09-29,between,73.0,74.0,The Weather Company,https://weather.com/kalshi,0.23,0.26,0.74,0.77,20.0,44.0,30.87,0.0,2026-09-30T05:00:00Z,active,2026-09-28T22:32:31.491457+00:00
KXHIGHTTTN,KXHIGHTTTN-26SEP29-B71.5,"Trenton, NJ Daily Max Temp",KTTN,2026-09-29,between,71.0,72.0,The Weather Company,https://weather.com/kalshi,0.38,0.5,0.5,0.62,20.0,10.0,4.0,0.0,2026-09-30T05:00:00Z,active,2026-09-28T22:32:31.491457+00:00
KXHIGHTTTN,KXHIGHTTTN-26SEP28-T71,"Trenton, NJ Daily Max Temp",KTTN,2026-09-28,greater,71.0,,The Weather Company,https://weather.com/kalshi,0.0,0.01,0.99,1.0,2208.0,0.0,227.87,0.0,2026-09-29T05:00:00Z,active,2026-09-28T22:32:31.491457+00:00
KXHIGHTTTN,KXHIGHTTTN-26SEP28-T64,"Trenton, NJ Daily Max Temp",KTTN,2026-09-28,less,,64.0,The Weather Company,https://weather.com/kalshi,0.0,0.01,0.99,1.0,9862.0,0.0,691.64,0.0,2026-09-29T05:00:00Z,active,2026-09-28T22:32:31.491457+00:00
KXHIGHTTTN,KXHIGHTTTN-26SEP28-B70.5,"Trenton, NJ Daily Max Temp",KTTN,2026-09-28,between,70.0,71.0,The Weather Company,https://weather.com/kalshi,0.0,0.01,0.99,1.0,1796.0,0.0,244.0,0.0,2026-09-29T05:00:00Z,active,2026-09-28T22:32:31.491457+00:00
KXHIGHTTTN,KXHIGHTTTN-26SEP28-B68.5,"Trenton, NJ Daily Max Temp",KTTN,2026-09-28,between,68.0,69.0,The Weather Company,https://weather.com/kalshi,0.0,0.01,0.99,1.0,4443.0,0.0,222.09,0.0,2026-09-29T05:00:00Z,active,2026-09-28T22:32:31.491457+00:00
KXHIGHTTTN,KXHIGHTTTN-26SEP28-B66.5,"Trenton, NJ Daily Max Temp",KTTN,2026-09-28,between,66.0,67.0,The Weather Company,https://weather.com/kalshi,0.99,1.0,0.0,0.01,0.0,3620.0,924.09,0.0,2026-09-29T05:00:00Z,active,2026-09-28T22:32:31.491457+00:00
KXHIGHTTTN,KXHIGHTTTN-26SEP28-B64.5,"Trenton, NJ Daily Max Temp",KTTN,2026-09-28,between,64.0,65.0,The Weather Company,https://weather.com/kalshi,0.0,0.01,0.99,1.0,9757.0,0.0,503.65,0.0,2026-09-29T05:00:00Z,active,2026-09-28T22:32:31.491457+00:00
KXHIGHTNOLA,KXHIGHTNOLA-26SEP29-T94,New Orleans Max temp Daily,KMSY,2026-09-29,greater,94.0,,The Weather Company,https://weather.com/kalshi,0.0,0.01,0.99,1.0,501.0,0.0,256.7,0.0,2026-09-30T06:00:00Z,active,2026-09-28T22:32:31.491457+00:00
KXHIGHTNOLA,KXHIGHTNOLA-26SEP29-T87,New Orleans Max temp Daily,KMSY,2026-09-29,less,,87.0,The Weather Company,https://weather.com/kalshi,0.01,0.02,0.98,0.99,487.66,126.16,713.84,0.0,2026-09-30T06:00:00Z,active,2026-09-28T22:32:31.491457+00:00
KXHIGHTNOLA,KXHIGHTNOLA-26SEP29-B93.5,New Orleans Max temp Daily,KMSY,2026-09-29,between,93.0,94.0,The Weather Company,https://weather.com/kalshi,0.01,0.02,0.98,0.99,66.3,424.0,354.65,0.0,2026-09-30T06:00:00Z,active,2026-09-28T22:32:31.491457+00:00
KXHIGHTNOLA,KXHIGHTNOLA-26SEP29-B91.5,New Orleans Max temp Daily,KMSY,2026-09-29,between,91.0,92.0,The Weather Company,https://weather.com/kalshi,0.37,0.38,0.62,0.63,1.0,64.2,360.0,0.0,2026-09-30T06:00:00Z,active,2026-09-28T22:32:31.491457+00:00
KXHIGHTNOLA,KXHIGHTNOLA-26SEP29-B89.5,New Orleans Max temp Daily,KMSY,2026-09-29,between,89.0,90.0,The Weather Company,https://weather.com/kalshi,0.53,0.54,0.46,0.47,3.0,23.1,495.46,0.0,2026-09-30T06:00:00Z,active,2026-09-28T22:32:31.491457+00:00
KXHIGHTNOLA,KXHIGHTNOLA-26SEP29-B87.5,New Orleans Max temp Daily,KMSY,2026-09-29,between,87.0,88.0,The Weather Company,https://weather.com/kalshi,0.08,0.09,0.91,0.92,5.6,5.0,14.0,0.0,2026-09-30T06:00:00Z,active,2026-09-28T22:32:31.491457+00:00
KXHIGHTNOLA,KXHIGHTNOLA-26SEP28-T94,New Orleans Max temp Daily,KMSY,2026-09-28,greater,94.0,,The Weather Company,https://weather.com/kalshi,0.0,0.01,0.99,1.0,7716.01,0.0,4088.42,0.0,2026-09-29T06:00:00Z,active,2026-09-28T22:32:31.491457+00:00
KXHIGHTNOLA,KXHIGHTNOLA-26SEP28-T87,New Orleans Max temp Daily,KMSY,2026-09-28,less,,87.0,The Weather Company,https://weather.com/kalshi,0.0,0.01,0.99,1.0,46488.48,0.0,1201.76,0.0,2026-09-29T06:00:00Z,active,2026-09-28T22:32:31.491457+00:00
KXHIGHTNOLA,KXHIGHTNOLA-26SEP28-B93.5,New Orleans Max temp Daily,KMSY,2026-09-28,between,93.0,94.0,The Weather Company,https://weather.com/kalshi,0.0,0.01,0.99,1.0,5034.0,0.0,5242.81,0.0,2026-09-29T06:00:00Z,active,2026-09-28T22:32:31.491457+00:00
KXHIGHTNOLA,KXHIGHTNOLA-26SEP28-B91.5,New Orleans Max temp Daily,KMSY,2026-09-28,between,91.0,92.0,The Weather Company,https://weather.com/kalshi,0.99,1.0,0.0,0.01,0.0,5269.02,9022.29,0.0,2026-09-29T06:00:00Z,active,2026-09-28T22:32:31.491457+00:00
KXHIGHTNOLA,KXHIGHTNOLA-26SEP28-B89.5,New Orleans Max temp Daily,KMSY,2026-09-28,between,89.0,90.0,The Weather Company,https://weather.com/kalshi,0.0,0.01,0.99,1.0,38870.0,0.0,8262.9,0.0,2026-09-29T06:00:00Z,active,2026-09-28T22:32:31.491457+00:00
KXHIGHTNOLA,KXHIGHTNOLA-26SEP28-B87.5,New Orleans Max temp Daily,KMSY,2026-09-28,between,87.0,88.0,The Weather Company,https://weather.com/kalshi,0.0,0.01,0.99,1.0,45758.45,0.0,1458.92,0.0,2026-09-29T06:00:00Z,active,2026-09-28T22:32:31.491457+00:00
KXHIGHTHOU,KXHIGHTHOU-26SEP29-T95,Daily High Temperature Houston,KHOU,2026-09-29,greater,95.0,,The Weather Company,https://weather.com/kalshi,0.0,0.01,0.99,1.0,0.67,0.0,218.0,0.0,2026-09-30T06:00:00Z,active,2026-09-28T22:32:31.491457+00:00
KXHIGHTHOU,KXHIGHTHOU-26SEP29-T88,Daily High Temperature Houston,KHOU,2026-09-29,less,,88.0,The Weather Company,https://weather.com/kalshi,0.01,0.02,0.98,0.99,201.24,518.47,334.29,0.0,2026-09-30T06:00:00Z,active,2026-09-28T22:32:31.491457+00:00
KXHIGHTHOU,KXHIGHTHOU-26SEP29-B94.5,Daily High Temperature Houston,KHOU,2026-09-29,between,94.0,95.0,The Weather Company,https://weather.com/kalshi,0.11,0.12,0.88,0.89,25.0,1.0,133.0,0.0,2026-09-30T06:00:00Z,active,2026-09-28T22:32:31.491457+00:00
KXHIGHTHOU,KXHIGHTHOU-26SEP29-B92.5,Daily High Temperature Houston,KHOU,2026-09-29,between,92.0,93.0,The Weather Company,https://weather.com/kalshi,0.62,0.63,0.37,0.38,28.0,36.0,436.21,0.0,2026-09-30T06:00:00Z,active,2026-09-28T22:32:31.491457+00:00
KXHIGHTHOU,KXHIGHTHOU-26SEP29-B90.5,Daily High Temperature Houston,KHOU,2026-09-29,between,90.0,91.0,The Weather Company,https://weather.com/kalshi,0.26,0.27,0.73,0.74,7.0,282.42,52.0,0.0,2026-09-30T06:00:00Z,active,2026-09-28T22:32:31.491457+00:00
KXHIGHTHOU,KXHIGHTHOU-26SEP29-B88.5,Daily High Temperature Houston,KHOU,2026-09-29,between,88.0,89.0,The Weather Company,https://weather.com/kalshi,0.03,0.04,0.96,0.97,203.0,389.0,229.38,0.0,2026-09-30T06:00:00Z,active,2026-09-28T22:32:31.491457+00:00
KXHIGHTHOU,KXHIGHTHOU-26SEP28-T97,Daily High Temperature Houston,KHOU,2026-09-28,greater,97.0,,The Weather Company,https://weather.com/kalshi,0.0,0.01,0.99,1.0,13886.97,0.0,210.0,0.0,2026-09-29T06:00:00Z,active,2026-09-28T22:32:31.491457+00:00
KXHIGHTHOU,KXHIGHTHOU-26SEP28-T90,Daily High Temperature Houston,KHOU,2026-09-28,less,,90.0,The Weather Company,https://weather.com/kalshi,0.0,0.01,0.99,1.0,50271.71,0.0,839.25,0.0,2026-09-29T06:00:00Z,active,2026-09-28T22:32:31.491457+00:00
KXHIGHTHOU,KXHIGHTHOU-26SEP28-B96.5,Daily High Temperature Houston,KHOU,2026-09-28,between,96.0,97.0,The Weather Company,https://weather.com/kalshi,0.0,0.01,0.99,1.0,6660.0,0.0,670.72,0.0,2026-09-29T06:00:00Z,active,2026-09-28T22:32:31.491457+00:00
KXHIGHTHOU,KXHIGHTHOU-26SEP28-B94.5,Daily High Temperature Houston,KHOU,2026-09-28,between,94.0,95.0,The Weather Company,https://weather.com/kalshi,0.0,0.01,0.99,1.0,4498.33,0.0,6622.43,0.0,2026-09-29T06:00:00Z,active,2026-09-28T22:32:31.491457+00:00
KXHIGHTHOU,KXHIGHTHOU-26SEP28-B92.5,Daily High Temperature Houston,KHOU,2026-09-28,between,92.0,93.0,The Weather Company,https://weather.com/kalshi,0.99,1.0,0.0,0.01,0.0,5335.61,5848.06,0.0,2026-09-29T06:00:00Z,active,2026-09-28T22:32:31.491457+00:00
KXHIGHTHOU,KXHIGHTHOU-26SEP28-B90.5,Daily High Temperature Houston,KHOU,2026-09-28,between,90.0,91.0,The Weather Company,https://weather.com/kalshi,0.0,0.01,0.99,1.0,47222.62,0.0,5506.28,0.0,2026-09-29T06:00:00Z,active,2026-09-28T22:32:31.491457+00:00
KXHIGHTLV,KXHIGHTLV-26SEP29-T89,Las Vegas Max Daily Temperature,KLAS,2026-09-29,greater,89.0,,The Weather Company,https://weather.com/kalshi,0.01,0.02,0.98,0.99,231.74,76.85,445.95,0.0,2026-09-30T08:00:00Z,active,2026-09-28T22:32:31.491457+00:00
KXHIGHTLV,KXHIGHTLV-26SEP29-T82,Las Vegas Max Daily Temperature,KLAS,2026-09-29,less,,82.0,The Weather Company,https://weather.com/kalshi,0.64,0.67,0.33,0.36,0.5,50.0,985.0,0.0,2026-09-30T08:00:00Z,active,2026-09-28T22:32:31.491457+00:00
KXHIGHTLV,KXHIGHTLV-26SEP29-B88.5,Las Vegas Max Daily Temperature,KLAS,2026-09-29,between,88.0,89.0,The Weather Company,https://weather.com/kalshi,0.01,0.02,0.98,0.99,71.0,1130.8,281.62,0.0,2026-09-30T08:00:00Z,active,2026-09-28T22:32:31.491457+00:00
KXHIGHTLV,KXHIGHTLV-26SEP29-B86.5,Las Vegas Max Daily Temperature,KLAS,2026-09-29,between,86.0,87.0,The Weather Company,https://weather.com/kalshi,0.03,0.04,0.96,0.97,6.6,16.3,167.31,0.0,2026-09-30T08:00:00Z,active,2026-09-28T22:32:31.491457+00:00
KXHIGHTLV,KXHIGHTLV-26SEP29-B84.5,Las Vegas Max Daily Temperature,KLAS,2026-09-29,between,84.0,85.0,The Weather Company,https://weather.com/kalshi,0.08,0.09,0.91,0.92,8.0,6.2,30.66,0.0,2026-09-30T08:00:00Z,active,2026-09-28T22:32:31.491457+00:00
KXHIGHTLV,KXHIGHTLV-26SEP29-B82.5,Las Vegas Max Daily Temperature,KLAS,2026-09-29,between,82.0,83.0,The Weather Company,https://weather.com/kalshi,0.19,0.21,0.79,0.81,4.1,4.89,104.09,0.0,2026-09-30T08:00:00Z,active,2026-09-28T22:32:31.491457+00:00
KXHIGHTLV,KXHIGHTLV-26SEP28-T87,Las Vegas Max Daily Temperature,KLAS,2026-09-28,greater,87.0,,The Weather Company,https://weather.com/kalshi,0.0,0.01,0.99,1.0,97.93,0.0,1838.07,0.0,2026-09-29T08:00:00Z,active,2026-09-28T22:32:31.491457+00:00
KXHIGHTLV,KXHIGHTLV-26SEP28-T80,Las Vegas Max Daily Temperature,KLAS,2026-09-28,less,,80.0,The Weather Company,https://weather.com/kalshi,0.0,0.01,0.99,1.0,43787.33,0.0,3681.36,0.0,2026-09-29T08:00:00Z,active,2026-09-28T22:32:31.491457+00:00
KXHIGHTLV,KXHIGHTLV-26SEP28-B86.5,Las Vegas Max Daily Temperature,KLAS,2026-09-28,between,86.0,87.0,The Weather Company,https://weather.com/kalshi,0.0,0.01,0.99,1.0,4496.75,0.0,4432.64,0.0,2026-09-29T08:00:00Z,active,2026-09-28T22:32:31.491457+00:00
KXHIGHTLV,KXHIGHTLV-26SEP28-B84.5,Las Vegas Max Daily Temperature,KLAS,2026-09-28,between,84.0,85.0,The Weather Company,https://weather.com/kalshi,0.03,0.04,0.96,0.97,2.0,38.0,3910.42,0.0,2026-09-29T08:00:00Z,active,2026-09-28T22:32:31.491457+00:00
KXHIGHTLV,KXHIGHTLV-26SEP28-B82.5,Las Vegas Max Daily Temperature,KLAS,2026-09-28,between,82.0,83.0,The Weather Company,https://weather.com/kalshi,0.96,0.97,0.03,0.04,13.0,31.62,7987.29,0.0,2026-09-29T08:00:00Z,active,2026-09-28T22:32:31.491457+00:00
KXHIGHTLV,KXHIGHTLV-26SEP28-B80.5,Las Vegas Max Daily Temperature,KLAS,2026-09-28,between,80.0,81.0,The Weather Company,https://weather.com/kalshi,0.0,0.01,0.99,1.0,41972.11,0.0,5056.29,0.0,2026-09-29T08:00:00Z,active,2026-09-28T22:32:31.491457+00:00
KXLOWTPHIL,KXLOWTPHIL-26SEP29-T59,Lowest temperature in Philadelphia,KPHL,2026-09-29,greater,59.0,,The Weather Company,https://weather.com/kalshi,0.84,0.93,0.07,0.16,97.0,1.0,241.6,0.0,2026-09-30T05:00:00Z,active,2026-09-28T22:32:31.491457+00:00
KXLOWTPHIL,KXLOWTPHIL-26SEP29-T52,Lowest temperature in Philadelphia,KPHL,2026-09-29,less,,52.0,The Weather Company,https://weather.com/kalshi,0.0,0.01,0.99,1.0,19.0,0.0,14.0,0.0,2026-09-30T05:00:00Z,active,2026-09-28T22:32:31.491457+00:00
KXLOWTPHIL,KXLOWTPHIL-26SEP29-B58.5,Lowest temperature in Philadelphia,KPHL,2026-09-29,between,58.0,59.0,The Weather Company,https://weather.com/kalshi,0.09,0.1,0.9,0.91,15.0,13.0,127.96,0.0,2026-09-30T05:00:00Z,active,2026-09-28T22:32:31.491457+00:00
KXLOWTPHIL,KXLOWTPHIL-26SEP29-B56.5,Lowest temperature in Philadelphia,KPHL,2026-09-29,between,56.0,57.0,The Weather Company,https://weather.com/kalshi,0.0,0.01,0.99,1.0,101.0,0.0,371.0,0.0,2026-09-30T05:00:00Z,active,2026-09-28T22:32:31.491457+00:00
KXLOWTPHIL,KXLOWTPHIL-26SEP29-B54.5,Lowest temperature in Philadelphia,KPHL,2026-09-29,between,54.0,55.0,The Weather Company,https://weather.com/kalshi,0.0,0.02,0.98,1.0,1.0,0.0,212.59,0.0,2026-09-30T05:00:00Z,active,2026-09-28T22:32:31.491457+00:00
KXLOWTPHIL,KXLOWTPHIL-26SEP29-B52.5,Lowest temperature in Philadelphia,KPHL,2026-09-29,between,52.0,53.0,The Weather Company,https://weather.com/kalshi,0.0,0.02,0.98,1.0,7.0,0.0,205.53,0.0,2026-09-30T05:00:00Z,active,2026-09-28T22:32:31.491457+00:00
KXLOWTPHIL,KXLOWTPHIL-26SEP28-T61,Lowest temperature in Philadelphia,KPHL,2026-09-28,greater,61.0,,The Weather Company,https://weather.com/kalshi,0.0,0.01,0.99,1.0,9816.15,0.0,810.0,0.0,2026-09-29T05:00:00Z,active,2026-09-28T22:32:31.491457+00:00
KXLOWTPHIL,KXLOWTPHIL-26SEP28-T54,Lowest temperature in Philadelphia,KPHL,2026-09-28,less,,54.0,The Weather Company,https://weather.com/kalshi,0.0,0.01,0.99,1.0,56.0,0.0,453.07,0.0,2026-09-29T05:00:00Z,active,2026-09-28T22:32:31.491457+00:00
KXLOWTPHIL,KXLOWTPHIL-26SEP28-B60.5,Lowest temperature in Philadelphia,KPHL,2026-09-28,between,60.0,61.0,The Weather Company,https://weather.com/kalshi,0.96,0.99,0.01,0.04,231.64,51.0,1202.35,0.0,2026-09-29T05:00:00Z,active,2026-09-28T22:32:31.491457+00:00
KXLOWTPHIL,KXLOWTPHIL-26SEP28-B58.5,Lowest temperature in Philadelphia,KPHL,2026-09-28,between,58.0,59.0,The Weather Company,https://weather.com/kalshi,0.0,0.01,0.99,1.0,50.0,0.0,478.0,0.0,2026-09-29T05:00:00Z,active,2026-09-28T22:32:31.491457+00:00
KXLOWTPHIL,KXLOWTPHIL-26SEP28-B56.5,Lowest temperature in Philadelphia,KPHL,2026-09-28,between,56.0,57.0,The Weather Company,https://weather.com/kalshi,0.0,0.02,0.98,1.0,256.0,0.0,331.59,0.0,2026-09-29T05:00:00Z,active,2026-09-28T22:32:31.491457+00:00
KXLOWTPHIL,KXLOWTPHIL-26SEP28-B54.5,Lowest temperature in Philadelphia,KPHL,2026-09-28,between,54.0,55.0,The Weather Company,https://weather.com/kalshi,0.0,0.02,0.98,1.0,267.0,0.0,341.48,0.0,2026-09-29T05:00:00Z,active,2026-09-28T22:32:31.491457+00:00
KXLOWTLV,KXLOWTLV-26SEP29-T66,Las Vegas Daily Low Temperature,KLAS,2026-09-29,greater,66.0,,The Weather Company,https://weather.com/kalshi,0.13,0.14,0.86,0.87,1.0,156.87,100.0,0.0,2026-09-30T08:00:00Z,active,2026-09-28T22:32:31.491457+00:00
KXLOWTLV,KXLOWTLV-26SEP29-T59,Las Vegas Daily Low Temperature,KLAS,2026-09-29,less,,59.0,The Weather Company,https://weather.com/kalshi,0.0,0.01,0.99,1.0,32.0,0.0,1.0,0.0,2026-09-30T08:00:00Z,active,2026-09-28T22:32:31.491457+00:00
KXLOWTLV,KXLOWTLV-26SEP29-B65.5,Las Vegas Daily Low Temperature,KLAS,2026-09-29,between,65.0,66.0,The Weather Company,https://weather.com/kalshi,0.37,0.43,0.57,0.63,4.0,75.0,108.0,0.0,2026-09-30T08:00:00Z,active,2026-09-28T22:32:31.491457+00:00
KXLOWTLV,KXLOWTLV-26SEP29-B63.5,Las Vegas Daily Low Temperature,KLAS,2026-09-29,between,63.0,64.0,The Weather Company,https://weather.com/kalshi,0.32,0.34,0.66,0.68,86.67,50.0,82.0,0.0,2026-09-30T08:00:00Z,active,2026-09-28T22:32:31.491457+00:00
KXLOWTLV,KXLOWTLV-26SEP29-B61.5,Las Vegas Daily Low Temperature,KLAS,2026-09-29,between,61.0,62.0,The Weather Company,https://weather.com/kalshi,0.06,0.09,0.91,0.94,1.0,45.0,42.1,0.0,2026-09-30T08:00:00Z,active,2026-09-28T22:32:31.491457+00:00
KXLOWTLV,KXLOWTLV-26SEP29-B59.5,Las Vegas Daily Low Temperature,KLAS,2026-09-29,between,59.0,60.0,The Weather Company,https://weather.com/kalshi,0.01,0.02,0.98,0.99,1.0,71.86,16.14,0.0,2026-09-30T08:00:00Z,active,2026-09-28T22:32:31.491457+00:00
KXLOWTLV,KXLOWTLV-26SEP28-T70,Las Vegas Daily Low Temperature,KLAS,2026-09-28,greater,70.0,,The Weather Company,https://weather.com/kalshi,0.1,0.12,0.88,0.9,1.0,9.0,1051.99,0.0,2026-09-29T08:00:00Z,active,2026-09-28T22:32:31.491457+00:00
KXLOWTLV,KXLOWTLV-26SEP28-T63,Las Vegas Daily Low Temperature,KLAS,2026-09-28,less,,63.0,The Weather Company,https://weather.com/kalshi,0.01,0.02,0.98,0.99,100.0,100.0,312.0,0.0,2026-09-29T08:00:00Z,active,2026-09-28T22:32:31.491457+00:00
KXLOWTLV,KXLOWTLV-26SEP28-B69.5,Las Vegas Daily Low Temperature,KLAS,2026-09-28,between,69.0,70.0,The Weather Company,https://weather.com/kalshi,0.2,0.26,0.74,0.8,29.0,9.0,420.07,0.0,2026-09-29T08:00:00Z,active,2026-09-28T22:32:31.491457+00:00
KXLOWTLV,KXLOWTLV-26SEP28-B67.5,Las Vegas Daily Low Temperature,KLAS,2026-09-28,between,67.0,68.0,The Weather Company,https://weather.com/kalshi,0.51,0.59,0.41,0.49,17.0,75.0,690.57,0.0,2026-09-29T08:00:00Z,active,2026-09-28T22:32:31.491457+00:00
KXLOWTLV,KXLOWTLV-26SEP28-B65.5,Las Vegas Daily Low Temperature,KLAS,2026-09-28,between,65.0,66.0,The Weather Company,https://weather.com/kalshi,0.05,0.09,0.91,0.95,29.0,14.0,586.29,0.0,2026-09-29T08:00:00Z,active,2026-09-28T22:32:31.491457+00:00
KXLOWTLV,KXLOWTLV-26SEP28-B63.5,Las Vegas Daily Low Temperature,KLAS,2026-09-28,between,63.0,64.0,The Weather Company,https://weather.com/kalshi,0.01,0.02,0.98,0.99,75.0,67.0,650.91,0.0,2026-09-29T08:00:00Z,active,2026-09-28T22:32:31.491457+00:00
KXHIGHMIA,KXHIGHMIA-26SEP29-T90,Highest temperature in Miami,KMIA,2026-09-29,greater,90.0,,The Weather Company,https://weather.com/kalshi,0.01,0.02,0.98,0.99,47.0,397.32,1245.86,0.0,2026-09-30T05:00:00Z,active,2026-09-28T22:32:31.491457+00:00
KXHIGHMIA,KXHIGHMIA-26SEP29-T83,Highest temperature in Miami,KMIA,2026-09-29,less,,83.0,The Weather Company,https://weather.com/kalshi,0.18,0.19,0.81,0.82,52.0,131.0,3650.94,0.0,2026-09-30T05:00:00Z,active,2026-09-28T22:32:31.491457+00:00
KXHIGHMIA,KXHIGHMIA-26SEP29-B89.5,Highest temperature in Miami,KMIA,2026-09-29,between,89.0,90.0,The Weather Company,https://weather.com/kalshi,0.04,0.05,0.95,0.96,40.71,39.0,625.8,0.0,2026-09-30T05:00:00Z,active,2026-09-28T22:32:31.491457+00:00
KXHIGHMIA,KXHIGHMIA-26SEP29-B87.5,Highest temperature in Miami,KMIA,2026-09-29,between,87.0,88.0,The Weather Company,https://weather.com/kalshi,0.25,0.26,0.74,0.75,49.0,173.0,947.78,0.0,2026-09-30T05:00:00Z,active,2026-09-28T22:32:31.491457+00:00
KXHIGHMIA,KXHIGHMIA-26SEP29-B85.5,Highest temperature in Miami,KMIA,2026-09-29,between,85.0,86.0,The Weather Company,https://weather.com/kalshi,0.28,0.29,0.71,0.72,28.0,71.64,1638.99,0.0,2026-09-30T05:00:00Z,active,2026-09-28T22:32:31.491457+00:00
KXHIGHMIA,KXHIGHMIA-26SEP29-B83.5,Highest temperature in Miami,KMIA,2026-09-29,between,83.0,84.0,The Weather Company,https://weather.com/kalshi,0.19,0.2,0.8,0.81,78.0,10.0,1353.26,0.0,2026-09-30T05:00:00Z,active,2026-09-28T22:32:31.491457+00:00
KXHIGHMIA,KXHIGHMIA-26SEP28-T90,Highest temperature in Miami,KMIA,2026-09-28,greater,90.0,,The Weather Company,https://weather.com/kalshi,0.0,0.01,0.99,1.0,13535.71,0.0,52020.4,0.0,2026-09-29T05:00:00Z,active,2026-09-28T22:32:31.491457+00:00
KXHIGHMIA,KXHIGHMIA-26SEP28-T83,Highest temperature in Miami,KMIA,2026-09-28,less,,83.0,The Weather Company,https://weather.com/kalshi,0.0,0.01,0.99,1.0,93859.04,0.0,1715.25,0.0,2026-09-29T05:00:00Z,active,2026-09-28T22:32:31.491457+00:00
KXHIGHMIA,KXHIGHMIA-26SEP28-B89.5,Highest temperature in Miami,KMIA,2026-09-28,between,89.0,90.0,The Weather Company,https://weather.com/kalshi,0.99,1.0,0.0,0.01,0.0,18607.04,30877.89,0.0,2026-09-29T05:00:00Z,active,2026-09-28T22:32:31.491457+00:00
KXHIGHMIA,KXHIGHMIA-26SEP28-B87.5,Highest temperature in Miami,KMIA,2026-09-28,between,87.0,88.0,The Weather Company,https://weather.com/kalshi,0.0,0.01,0.99,1.0,53365.23,0.0,46107.85,0.0,2026-09-29T05:00:00Z,active,2026-09-28T22:32:31.491457+00:00
KXHIGHMIA,KXHIGHMIA-26SEP28-B85.5,Highest temperature in Miami,KMIA,2026-09-28,between,85.0,86.0,The Weather Company,https://weather.com/kalshi,0.0,0.01,0.99,1.0,76616.61,0.0,26621.11,0.0,2026-09-29T05:00:00Z,active,2026-09-28T22:32:31.491457+00:00
KXHIGHMIA,KXHIGHMIA-26SEP28-B83.5,Highest temperature in Miami,KMIA,2026-09-28,between,83.0,84.0,The Weather Company,https://weather.com/kalshi,0.0,0.01,0.99,1.0,87108.49,0.0,7332.33,0.0,2026-09-29T05:00:00Z,active,2026-09-28T22:32:31.491457+00:00
KXHIGHPHIL,KXHIGHPHIL-26SEP29-T78,Highest temperature in Philadelphia,KPHL,2026-09-29,greater,78.0,,The Weather Company,https://weather.com/kalshi,0.01,0.03,0.97,0.99,179.0,243.0,401.15,0.0,2026-09-30T05:00:00Z,active,2026-09-28T22:32:31.491457+00:00
KXHIGHPHIL,KXHIGHPHIL-26SEP29-T71,Highest temperature in Philadelphia,KPHL,2026-09-29,less,,71.0,The Weather Company,https://weather.com/kalshi,0.0,0.02,0.98,1.0,125.0,0.0,273.0,0.0,2026-09-30T05:00:00Z,active,2026-09-28T22:32:31.491457+00:00
KXHIGHPHIL,KXHIGHPHIL-26SEP29-B77.5,Highest temperature in Philadelphia,KPHL,2026-09-29,between,77.0,78.0,The Weather Company,https://weather.com/kalshi,0.22,0.23,0.77,0.78,104.0,59.39,711.99,0.0,2026-09-30T05:00:00Z,active,2026-09-28T22:32:31.491457+00:00
KXHIGHPHIL,KXHIGHPHIL-26SEP29-B75.5,Highest temperature in Philadelphia,KPHL,2026-09-29,between,75.0,76.0,The Weather Company,https://weather.com/kalshi,0.52,0.53,0.47,0.48,57.0,38.0,446.55,0.0,2026-09-30T05:00:00Z,active,2026-09-28T22:32:31.491457+00:00
KXHIGHPHIL,KXHIGHPHIL-26SEP29-B73.5,Highest temperature in Philadelphia,KPHL,2026-09-29,between,73.0,74.0,The Weather Company,https://weather.com/kalshi,0.24,0.25,0.75,0.76,76.0,343.56,782.85,0.0,2026-09-30T05:00:00Z,active,2026-09-28T22:32:31.491457+00:00
KXHIGHPHIL,KXHIGHPHIL-26SEP29-B71.5,Highest temperature in Philadelphia,KPHL,2026-09-29,between,71.0,72.0,The Weather Company,https://weather.com/kalshi,0.02,0.03,0.97,0.98,78.0,269.0,42.56,0.0,2026-09-30T05:00:00Z,active,2026-09-28T22:32:31.491457+00:00
KXHIGHPHIL,KXHIGHPHIL-26SEP28-T72,Highest temperature in Philadelphia,KPHL,2026-09-28,greater,72.0,,The Weather Company,https://weather.com/kalshi,0.0,0.01,0.99,1.0,10235.03,0.0,1532.59,0.0,2026-09-29T05:00:00Z,active,2026-09-28T22:32:31.491457+00:00
KXHIGHPHIL,KXHIGHPHIL-26SEP28-T65,Highest temperature in Philadelphia,KPHL,2026-09-28,less,,65.0,The Weather Company,https://weather.com/kalshi,0.0,0.01,0.99,1.0,44091.88,0.0,3249.5,0.0,2026-09-29T05:00:00Z,active,2026-09-28T22:32:31.491457+00:00
KXHIGHPHIL,KXHIGHPHIL-26SEP28-B71.5,Highest temperature in Philadelphia,KPHL,2026-09-28,between,71.0,72.0,The Weather Company,https://weather.com/kalshi,0.0,0.01,0.99,1.0,3957.0,0.0,6415.25,0.0,2026-09-29T05:00:00Z,active,2026-09-28T22:32:31.491457+00:00
KXHIGHPHIL,KXHIGHPHIL-26SEP28-B69.5,Highest temperature in Philadelphia,KPHL,2026-09-28,between,69.0,70.0,The Weather Company,https://weather.com/kalshi,0.99,1.0,0.0,0.01,0.0,3760.22,12148.95,0.0,2026-09-29T05:00:00Z,active,2026-09-28T22:32:31.491457+00:00
KXHIGHPHIL,KXHIGHPHIL-26SEP28-B67.5,Highest temperature in Philadelphia,KPHL,2026-09-28,between,67.0,68.0,The Weather Company,https://weather.com/kalshi,0.0,0.01,0.99,1.0,42705.95,0.0,11726.19,0.0,2026-09-29T05:00:00Z,active,2026-09-28T22:32:31.491457+00:00
KXHIGHPHIL,KXHIGHPHIL-26SEP28-B65.5,Highest temperature in Philadelphia,KPHL,2026-09-28,between,65.0,66.0,The Weather Company,https://weather.com/kalshi,0.0,0.01,0.99,1.0,43304.49,0.0,7226.57,0.0,2026-09-29T05:00:00Z,active,2026-09-28T22:32:31.491457+00:00
KXLOWTDAL,KXLOWTDAL-26SEP29-T75,Lowest temperature Dallas,KDFW,2026-09-29,greater,75.0,,The Weather Company,https://weather.com/kalshi,0.47,0.65,0.35,0.53,2.0,41.0,107.0,0.0,2026-09-30T06:00:00Z,active,2026-09-28T22:32:31.491457+00:00
KXLOWTDAL,KXLOWTDAL-26SEP29-T68,Lowest temperature Dallas,KDFW,2026-09-29,less,,68.0,The Weather Company,https://weather.com/kalshi,0.0,0.01,0.99,1.0,14.0,0.0,14.0,0.0,2026-09-30T06:00:00Z,active,2026-09-28T22:32:31.491457+00:00
KXLOWTDAL,KXLOWTDAL-26SEP29-B74.5,Lowest temperature Dallas,KDFW,2026-09-29,between,74.0,75.0,The Weather Company,https://weather.com/kalshi,0.26,0.35,0.65,0.74,10.0,78.0,23.0,0.0,2026-09-30T06:00:00Z,active,2026-09-28T22:32:31.491457+00:00
KXLOWTDAL,KXLOWTDAL-26SEP29-B72.5,Lowest temperature Dallas,KDFW,2026-09-29,between,72.0,73.0,The Weather Company,https://weather.com/kalshi,0.04,0.19,0.81,0.96,10.0,89.0,205.0,0.0,2026-09-30T06:00:00Z,active,2026-09-28T22:32:31.491457+00:00
KXLOWTDAL,KXLOWTDAL-26SEP29-B70.5,Lowest temperature Dallas,KDFW,2026-09-29,between,70.0,71.0,The Weather Company,https://weather.com/kalshi,0.01,0.02,0.98,0.99,1.0,10.0,190.53,0.0,2026-09-30T06:00:00Z,active,2026-09-28T22:32:31.491457+00:00
KXLOWTDAL,KXLOWTDAL-26SEP29-B68.5,Lowest temperature Dallas,KDFW,2026-09-29,between,68.0,69.0,The Weather Company,https://weather.com/kalshi,0.01,0.02,0.98,0.99,1.0,47.0,194.53,0.0,2026-09-30T06:00:00Z,active,2026-09-28T22:32:31.491457+00:00
KXLOWTDAL,KXLOWTDAL-26SEP28-T76,Lowest temperature Dallas,KDFW,2026-09-28,greater,76.0,,The Weather Company,https://weather.com/kalshi,0.97,0.98,0.02,0.03,50.0,89.01,1096.55,0.0,2026-09-29T06:00:00Z,active,2026-09-28T22:32:31.491457+00:00
KXLOWTDAL,KXLOWTDAL-26SEP28-T69,Lowest temperature Dallas,KDFW,2026-09-28,less,,69.0,The Weather Company,https://weather.com/kalshi,0.0,0.01,0.99,1.0,11.0,0.0,15.0,0.0,2026-09-29T06:00:00Z,active,2026-09-28T22:32:31.491457+00:00
KXLOWTDAL,KXLOWTDAL-26SEP28-B75.5,Lowest temperature Dallas,KDFW,2026-09-28,between,75.0,76.0,The Weather Company,https://weather.com/kalshi,0.01,0.02,0.98,0.99,24.0,1.0,141.73,0.0,2026-09-29T06:00:00Z,active,2026-09-28T22:32:31.491457+00:00
KXLOWTDAL,KXLOWTDAL-26SEP28-B73.5,Lowest temperature Dallas,KDFW,2026-09-28,between,73.0,74.0,The Weather Company,https://weather.com/kalshi,0.02,0.03,0.97,0.98,58.0,9.01,292.57,0.0,2026-09-29T06:00:00Z,active,2026-09-28T22:32:31.491457+00:00
KXLOWTDAL,KXLOWTDAL-26SEP28-B71.5,Lowest temperature Dallas,KDFW,2026-09-28,between,71.0,72.0,The Weather Company,https://weather.com/kalshi,0.0,0.02,0.98,1.0,28.0,0.0,238.41,0.0,2026-09-29T06:00:00Z,active,2026-09-28T22:32:31.491457+00:00
KXLOWTDAL,KXLOWTDAL-26SEP28-B69.5,Lowest temperature Dallas,KDFW,2026-09-28,between,69.0,70.0,The Weather Company,https://weather.com/kalshi,0.0,0.01,0.99,1.0,12.0,0.0,160.0,0.0,2026-09-29T06:00:00Z,active,2026-09-28T22:32:31.491457+00:00
KXHIGHTSAN,KXHIGHTSAN-26SEP29-T83,High Temperature San Diego,KSAN,2026-09-29,greater,83.0,,The Weather Company,https://weather.com/kalshi,0.01,0.02,0.98,0.99,1.0,57.0,15.14,0.0,2026-09-30T08:00:00Z,active,2026-09-28T22:32:31.491457+00:00
KXHIGHTSAN,KXHIGHTSAN-26SEP29-T76,High Temperature San Diego,KSAN,2026-09-29,less,,76.0,The Weather Company,https://weather.com/kalshi,0.02,0.03,0.97,0.98,2.0,39.0,15.28,0.0,2026-09-30T08:00:00Z,active,2026-09-28T22:32:31.491457+00:00
KXHIGHTSAN,KXHIGHTSAN-26SEP29-B82.5,High Temperature San Diego,KSAN,2026-09-29,between,82.0,83.0,The Weather Company,https://weather.com/kalshi,0.03,0.18,0.82,0.97,50.0,25.0,5.24,0.0,2026-09-30T08:00:00Z,active,2026-09-28T22:32:31.491457+00:00
KXHIGHTSAN,KXHIGHTSAN-26SEP29-B80.5,High Temperature San Diego,KSAN,2026-09-29,between,80.0,81.0,The Weather Company,https://weather.com/kalshi,0.12,0.22,0.78,0.88,36.0,12.0,10.0,0.0,2026-09-30T08:00:00Z,active,2026-09-28T22:32:31.491457+00:00
KXHIGHTSAN,KXHIGHTSAN-26SEP29-B78.5,High Temperature San Diego,KSAN,2026-09-29,between,78.0,79.0,The Weather Company,https://weather.com/kalshi,0.23,0.58,0.42,0.77,1.0,84.0,166.28,0.0,2026-09-30T08:00:00Z,active,2026-09-28T22:32:31.491457+00:00
KXHIGHTSAN,KXHIGHTSAN-26SEP29-B76.5,High Temperature San Diego,KSAN,2026-09-29,between,76.0,77.0,The Weather Company,https://weather.com/kalshi,0.05,0.06,0.94,0.95,4.0,425.0,6.19,0.0,2026-09-30T08:00:00Z,active,2026-09-28T22:32:31.491457+00:00
KXHIGHTSAN,KXHIGHTSAN-26SEP28-T82,High Temperature San Diego,KSAN,2026-09-28,greater,82.0,,The Weather Company,https://weather.com/kalshi,0.01,0.02,0.98,0.99,54.0,38.0,58.77,0.0,2026-09-29T08:00:00Z,active,2026-09-28T22:32:31.491457+00:00
KXHIGHTSAN,KXHIGHTSAN-26SEP28-T75,High Temperature San Diego,KSAN,2026-09-28,less,,75.0,The Weather Company,https://weather.com/kalshi,0.0,0.01,0.99,1.0,6252.15,0.0,37.33,0.0,2026-09-29T08:00:00Z,active,2026-09-28T22:32:31.491457+00:00
KXHIGHTSAN,KXHIGHTSAN-26SEP28-B81.5,High Temperature San Diego,KSAN,2026-09-28,between,81.0,82.0,The Weather Company,https://weather.com/kalshi,0.02,0.16,0.84,0.98,10.0,69.0,114.55,0.0,2026-09-29T08:00:00Z,active,2026-09-28T22:32:31.491457+00:00
KXHIGHTSAN,KXHIGHTSAN-26SEP28-B79.5,High Temperature San Diego,KSAN,2026-09-28,between,79.0,80.0,The Weather Company,https://weather.com/kalshi,0.28,0.81,0.19,0.72,41.0,10.0,191.32,0.0,2026-09-29T08:00:00Z,active,2026-09-28T22:32:31.491457+00:00
KXHIGHTSAN,KXHIGHTSAN-26SEP28-B77.5,High Temperature San Diego,KSAN,2026-09-28,between,77.0,78.0,The Weather Company,https://weather.com/kalshi,0.24,0.25,0.75,0.76,2.0,45.38,641.09,0.0,2026-09-29T08:00:00Z,active,2026-09-28T22:32:31.491457+00:00
KXHIGHTSAN,KXHIGHTSAN-26SEP28-B75.5,High Temperature San Diego,KSAN,2026-09-28,between,75.0,76.0,The Weather Company,https://weather.com/kalshi,0.0,0.01,0.99,1.0,5950.15,0.0,704.7,0.0,2026-09-29T08:00:00Z,active,2026-09-28T22:32:31.491457+00:00
KXLOWTSATX,KXLOWTSATX-26SEP29-T76,Lowest Temperature SATX,KSAT,2026-09-29,greater,76.0,,The Weather Company,https://weather.com/kalshi,0.23,0.34,0.66,0.77,92.0,10.0,55.61,0.0,2026-09-30T06:00:00Z,active,2026-09-28T22:32:31.491457+00:00
KXLOWTSATX,KXLOWTSATX-26SEP29-T69,Lowest Temperature SATX,KSAT,2026-09-29,less,,69.0,The Weather Company,https://weather.com/kalshi,0.0,0.01,0.99,1.0,27.0,0.0,0.0,0.0,2026-09-30T06:00:00Z,active,2026-09-28T22:32:31.491457+00:00
KXLOWTSATX,KXLOWTSATX-26SEP29-B75.5,Lowest Temperature SATX,KSAT,2026-09-29,between,75.0,76.0,The Weather Company,https://weather.com/kalshi,0.51,0.62,0.38,0.49,10.0,89.0,45.52,0.0,2026-09-30T06:00:00Z,active,2026-09-28T22:32:31.491457+00:00
KXLOWTSATX,KXLOWTSATX-26SEP29-B73.5,Lowest Temperature SATX,KSAT,2026-09-29,between,73.0,74.0,The Weather Company,https://weather.com/kalshi,0.05,0.15,0.85,0.95,10.0,11.0,16.0,0.0,2026-09-30T06:00:00Z,active,2026-09-28T22:32:31.491457+00:00
KXLOWTSATX,KXLOWTSATX-26SEP29-B71.5,Lowest Temperature SATX,KSAT,2026-09-29,between,71.0,72.0,The Weather Company,https://weather.com/kalshi,0.02,0.03,0.97,0.98,1.0,53.0,10.28,0.0,2026-09-30T06:00:00Z,active,2026-09-28T22:32:31.491457+00:00
KXLOWTSATX,KXLOWTSATX-26SEP29-B69.5,Lowest Temperature SATX,KSAT,2026-09-29,between,69.0,70.0,The Weather Company,https://weather.com/kalshi,0.01,0.02,0.98,0.99,1.0,49.0,189.56,0.0,2026-09-30T06:00:00Z,active,2026-09-28T22:32:31.491457+00:00
KXLOWTSATX,KXLOWTSATX-26SEP28-T76,Lowest Temperature SATX,KSAT,2026-09-28,greater,76.0,,The Weather Company,https://weather.com/kalshi,0.0,0.01,0.99,1.0,3528.15,0.0,449.62,0.0,2026-09-29T06:00:00Z,active,2026-09-28T22:32:31.491457+00:00
KXLOWTSATX,KXLOWTSATX-26SEP28-T69,Lowest Temperature SATX,KSAT,2026-09-28,less,,69.0,The Weather Company,https://weather.com/kalshi,0.0,0.02,0.98,1.0,85.0,0.0,32.0,0.0,2026-09-29T06:00:00Z,active,2026-09-28T22:32:31.491457+00:00
KXLOWTSATX,KXLOWTSATX-26SEP28-B75.5,Lowest Temperature SATX,KSAT,2026-09-28,between,75.0,76.0,The Weather Company,https://weather.com/kalshi,0.0,0.01,0.99,1.0,3225.64,0.0,668.85,0.0,2026-09-29T06:00:00Z,active,2026-09-28T22:32:31.491457+00:00
KXLOWTSATX,KXLOWTSATX-26SEP28-B73.5,Lowest Temperature SATX,KSAT,2026-09-28,between,73.0,74.0,The Weather Company,https://weather.com/kalshi,0.98,1.0,0.0,0.02,0.0,79.0,995.72,0.0,2026-09-29T06:00:00Z,active,2026-09-28T22:32:31.491457+00:00
KXLOWTSATX,KXLOWTSATX-26SEP28-B71.5,Lowest Temperature SATX,KSAT,2026-09-28,between,71.0,72.0,The Weather Company,https://weather.com/kalshi,0.0,0.02,0.98,1.0,1.0,0.0,242.69,0.0,2026-09-29T06:00:00Z,active,2026-09-28T22:32:31.491457+00:00
KXLOWTSATX,KXLOWTSATX-26SEP28-B69.5,Lowest Temperature SATX,KSAT,2026-09-28,between,69.0,70.0,The Weather Company,https://weather.com/kalshi,0.0,0.03,0.97,1.0,50.0,0.0,179.0,0.0,2026-09-29T06:00:00Z,active,2026-09-28T22:32:31.491457+00:00
KXLOWTSAN,KXLOWTSAN-26SEP29-T67,Low Temperature San Diego,KSAN,2026-09-29,greater,67.0,,The Weather Company,https://weather.com/kalshi,0.02,0.18,0.82,0.98,10.0,50.0,21.07,0.0,2026-09-30T08:00:00Z,active,2026-09-28T22:32:31.491457+00:00
KXLOWTSAN,KXLOWTSAN-26SEP29-T60,Low Temperature San Diego,KSAN,2026-09-29,less,,60.0,The Weather Company,https://weather.com/kalshi,0.0,0.03,0.97,1.0,12.0,0.0,0.0,0.0,2026-09-30T08:00:00Z,active,2026-09-28T22:32:31.491457+00:00
KXLOWTSAN,KXLOWTSAN-26SEP29-B66.5,Low Temperature San Diego,KSAN,2026-09-29,between,66.0,67.0,The Weather Company,https://weather.com/kalshi,0.2,0.4,0.6,0.8,11.0,10.0,37.0,0.0,2026-09-30T08:00:00Z,active,2026-09-28T22:32:31.491457+00:00
KXLOWTSAN,KXLOWTSAN-26SEP29-B64.5,Low Temperature San Diego,KSAN,2026-09-29,between,64.0,65.0,The Weather Company,https://weather.com/kalshi,0.03,0.61,0.39,0.97,1.0,5.0,43.0,0.0,2026-09-30T08:00:00Z,active,2026-09-28T22:32:31.491457+00:00
KXLOWTSAN,KXLOWTSAN-26SEP29-B62.5,Low Temperature San Diego,KSAN,2026-09-29,between,62.0,63.0,The Weather Company,https://weather.com/kalshi,0.03,0.09,0.91,0.97,1.0,10.0,25.01,0.0,2026-09-30T08:00:00Z,active,2026-09-28T22:32:31.491457+00:00
KXLOWTSAN,KXLOWTSAN-26SEP29-B60.5,Low Temperature San Diego,KSAN,2026-09-29,between,60.0,61.0,The Weather Company,https://weather.com/kalshi,0.01,0.06,0.94,0.99,1.0,50.0,15.28,0.0,2026-09-30T08:00:00Z,active,2026-09-28T22:32:31.491457+00:00
KXLOWTSAN,KXLOWTSAN-26SEP28-T69,Low Temperature San Diego,KSAN,2026-09-28,greater,69.0,,The Weather Company,https://weather.com/kalshi,0.07,0.1,0.9,0.93,12.0,10.0,88.48,0.0,2026-09-29T08:00:00Z,active,2026-09-28T22:32:31.491457+00:00
KXLOWTSAN,KXLOWTSAN-26SEP28-T62,Low Temperature San Diego,KSAN,2026-09-28,less,,62.0,The Weather Company,https://weather.com/kalshi,0.0,0.02,0.98,1.0,16.0,0.0,0.0,0.0,2026-09-29T08:00:00Z,active,2026-09-28T22:32:31.491457+00:00
KXLOWTSAN,KXLOWTSAN-26SEP28-B68.5,Low Temperature San Diego,KSAN,2026-09-28,between,68.0,69.0,The Weather Company,https://weather.com/kalshi,0.58,0.78,0.22,0.42,10.0,10.0,83.5,0.0,2026-09-29T08:00:00Z,active,2026-09-28T22:32:31.491457+00:00
KXLOWTSAN,KXLOWTSAN-26SEP28-B66.5,Low Temperature San Diego,KSAN,2026-09-28,between,66.0,67.0,The Weather Company,https://weather.com/kalshi,0.04,0.23,0.77,0.96,1.0,10.0,20.5,0.0,2026-09-29T08:00:00Z,active,2026-09-28T22:32:31.491457+00:00
KXLOWTSAN,KXLOWTSAN-26SEP28-B64.5,Low Temperature San Diego,KSAN,2026-09-28,between,64.0,65.0,The Weather Company,https://weather.com/kalshi,0.01,0.03,0.97,0.99,6.0,51.0,13.5,0.0,2026-09-29T08:00:00Z,active,2026-09-28T22:32:31.491457+00:00
KXLOWTSAN,KXLOWTSAN-26SEP28-B62.5,Low Temperature San Diego,KSAN,2026-09-28,between,62.0,63.0,The Weather Company,https://weather.com/kalshi,0.0,0.02,0.98,1.0,1.0,0.0,15.14,0.0,2026-09-29T08:00:00Z,active,2026-09-28T22:32:31.491457+00:00
KXLOWTBOS,KXLOWTBOS-26SEP29-T62,Low Temperature Boston,KBOS,2026-09-29,greater,62.0,,The Weather Company,https://weather.com/kalshi,0.0,0.01,0.99,1.0,2475.0,0.0,86.28,0.0,2026-09-30T05:00:00Z,active,2026-09-28T22:32:31.491457+00:00
KXLOWTBOS,KXLOWTBOS-26SEP29-T55,Low Temperature Boston,KBOS,2026-09-29,less,,55.0,The Weather Company,https://weather.com/kalshi,0.38,0.54,0.46,0.62,14.0,11.0,401.41,0.0,2026-09-30T05:00:00Z,active,2026-09-28T22:32:31.491457+00:00
KXLOWTBOS,KXLOWTBOS-26SEP29-B61.5,Low Temperature Boston,KBOS,2026-09-29,between,61.0,62.0,The Weather Company,https://weather.com/kalshi,0.0,0.01,0.99,1.0,2475.0,0.0,239.55,0.0,2026-09-30T05:00:00Z,active,2026-09-28T22:32:31.491457+00:00
KXLOWTBOS,KXLOWTBOS-26SEP29-B59.5,Low Temperature Boston,KBOS,2026-09-29,between,59.0,60.0,The Weather Company,https://weather.com/kalshi,0.01,0.02,0.98,0.99,1.0,4.41,190.59,0.0,2026-09-30T05:00:00Z,active,2026-09-28T22:32:31.491457+00:00
KXLOWTBOS,KXLOWTBOS-26SEP29-B57.5,Low Temperature Boston,KBOS,2026-09-29,between,57.0,58.0,The Weather Company,https://weather.com/kalshi,0.05,0.07,0.93,0.95,2.0,10.0,12.0,0.0,2026-09-30T05:00:00Z,active,2026-09-28T22:32:31.491457+00:00
KXLOWTBOS,KXLOWTBOS-26SEP29-B55.5,Low Temperature Boston,KBOS,2026-09-29,between,55.0,56.0,The Weather Company,https://weather.com/kalshi,0.33,0.44,0.56,0.67,10.0,89.0,136.0,0.0,2026-09-30T05:00:00Z,active,2026-09-28T22:32:31.491457+00:00
KXLOWTBOS,KXLOWTBOS-26SEP28-T63,Low Temperature Boston,KBOS,2026-09-28,greater,63.0,,The Weather Company,https://weather.com/kalshi,0.0,0.01,0.99,1.0,11346.0,0.0,33.22,0.0,2026-09-29T05:00:00Z,active,2026-09-28T22:32:31.491457+00:00
KXLOWTBOS,KXLOWTBOS-26SEP28-T56,Low Temperature Boston,KBOS,2026-09-28,less,,56.0,The Weather Company,https://weather.com/kalshi,0.57,0.67,0.33,0.43,50.0,6.0,926.02,0.0,2026-09-29T05:00:00Z,active,2026-09-28T22:32:31.491457+00:00
KXLOWTBOS,KXLOWTBOS-26SEP28-B62.5,Low Temperature Boston,KBOS,2026-09-28,between,62.0,63.0,The Weather Company,https://weather.com/kalshi,0.0,0.01,0.99,1.0,11326.0,0.0,76.0,0.0,2026-09-29T05:00:00Z,active,2026-09-28T22:32:31.491457+00:00
KXLOWTBOS,KXLOWTBOS-26SEP28-B60.5,Low Temperature Boston,KBOS,2026-09-28,between,60.0,61.0,The Weather Company,https://weather.com/kalshi,0.0,0.01,0.99,1.0,12841.15,0.0,195.0,0.0,2026-09-29T05:00:00Z,active,2026-09-28T22:32:31.491457+00:00
KXLOWTBOS,KXLOWTBOS-26SEP28-B58.5,Low Temperature Boston,KBOS,2026-09-28,between,58.0,59.0,The Weather Company,https://weather.com/kalshi,0.0,0.01,0.99,1.0,11341.15,0.0,214.0,0.0,2026-09-29T05:00:00Z,active,2026-09-28T22:32:31.491457+00:00
KXLOWTBOS,KXLOWTBOS-26SEP28-B56.5,Low Temperature Boston,KBOS,2026-09-28,between,56.0,57.0,The Weather Company,https://weather.com/kalshi,0.33,0.46,0.54,0.67,62.0,50.0,1412.57,0.0,2026-09-29T05:00:00Z,active,2026-09-28T22:32:31.491457+00:00
KXLOWTNOLA,KXLOWTNOLA-26SEP29-T74,NOLA Low Temperature,KMSY,2026-09-29,greater,74.0,,The Weather Company,https://weather.com/kalshi,0.02,0.1,0.9,0.98,1.0,54.0,16.0,0.0,2026-09-30T06:00:00Z,active,2026-09-28T22:32:31.491457+00:00
KXLOWTNOLA,KXLOWTNOLA-26SEP29-T67,NOLA Low Temperature,KMSY,2026-09-29,less,,67.0,The Weather Company,https://weather.com/kalshi,0.0,0.01,0.99,1.0,28.0,0.0,0.0,0.0,2026-09-30T06:00:00Z,active,2026-09-28T22:32:31.491457+00:00
KXLOWTNOLA,KXLOWTNOLA-26SEP29-B73.5,NOLA Low Temperature,KMSY,2026-09-29,between,73.0,74.0,The Weather Company,https://weather.com/kalshi,0.36,0.49,0.51,0.64,10.0,16.0,101.0,0.0,2026-09-30T06:00:00Z,active,2026-09-28T22:32:31.491457+00:00
KXLOWTNOLA,KXLOWTNOLA-26SEP29-B71.5,NOLA Low Temperature,KMSY,2026-09-29,between,71.0,72.0,The Weather Company,https://weather.com/kalshi,0.35,0.41,0.59,0.65,11.0,62.0,4.0,0.0,2026-09-30T06:00:00Z,active,2026-09-28T22:32:31.491457+00:00
KXLOWTNOLA,KXLOWTNOLA-26SEP29-B69.5,NOLA Low Temperature,KMSY,2026-09-29,between,69.0,70.0,The Weather Company,https://weather.com/kalshi,0.1,0.11,0.89,0.9,2.0,134.02,28.15,0.0,2026-09-30T06:00:00Z,active,2026-09-28T22:32:31.491457+00:00
KXLOWTNOLA,KXLOWTNOLA-26SEP29-B67.5,NOLA Low Temperature,KMSY,2026-09-29,between,67.0,68.0,The Weather Company,https://weather.com/kalshi,0.01,0.02,0.98,0.99,1.0,37.43,205.0,0.0,2026-09-30T06:00:00Z,active,2026-09-28T22:32:31.491457+00:00
KXLOWTNOLA,KXLOWTNOLA-26SEP28-T74,NOLA Low Temperature,KMSY,2026-09-28,greater,74.0,,The Weather Company,https://weather.com/kalshi,0.0,0.01,0.99,1.0,16102.07,0.0,355.36,0.0,2026-09-29T06:00:00Z,active,2026-09-28T22:32:31.491457+00:00
KXLOWTNOLA,KXLOWTNOLA-26SEP28-T67,NOLA Low Temperature,KMSY,2026-09-28,less,,67.0,The Weather Company,https://weather.com/kalshi,0.0,0.01,0.99,1.0,1.0,0.0,208.14,0.0,2026-09-29T06:00:00Z,active,2026-09-28T22:32:31.491457+00:00
KXLOWTNOLA,KXLOWTNOLA-26SEP28-B73.5,NOLA Low Temperature,KMSY,2026-09-28,between,73.0,74.0,The Weather Company,https://weather.com/kalshi,0.0,0.01,0.99,1.0,28669.15,0.0,768.65,0.0,2026-09-29T06:00:00Z,active,2026-09-28T22:32:31.491457+00:00
KXLOWTNOLA,KXLOWTNOLA-26SEP28-B71.5,NOLA Low Temperature,KMSY,2026-09-28,between,71.0,72.0,The Weather Company,https://weather.com/kalshi,0.96,0.98,0.02,0.04,50.0,13.0,784.38,0.0,2026-09-29T06:00:00Z,active,2026-09-28T22:32:31.491457+00:00
KXLOWTNOLA,KXLOWTNOLA-26SEP28-B69.5,NOLA Low Temperature,KMSY,2026-09-28,between,69.0,70.0,The Weather Company,https://weather.com/kalshi,0.01,0.04,0.96,0.99,81.0,95.0,223.19,0.0,2026-09-29T06:00:00Z,active,2026-09-28T22:32:31.491457+00:00
KXLOWTNOLA,KXLOWTNOLA-26SEP28-B67.5,NOLA Low Temperature,KMSY,2026-09-28,between,67.0,68.0,The Weather Company,https://weather.com/kalshi,0.0,0.02,0.98,1.0,1.0,0.0,521.7,0.0,2026-09-29T06:00:00Z,active,2026-09-28T22:32:31.491457+00:00
KXHIGHTSFO,KXHIGHTSFO-26SEP29-T80,San Francisco High Temperature Daily,KSFO,2026-09-29,greater,80.0,,The Weather Company,https://weather.com/kalshi,0.27,0.28,0.72,0.73,132.68,61.0,1047.6,0.0,2026-09-30T08:00:00Z,active,2026-09-28T22:32:31.491457+00:00
KXHIGHTSFO,KXHIGHTSFO-26SEP29-T73,San Francisco High Temperature Daily,KSFO,2026-09-29,less,,73.0,The Weather Company,https://weather.com/kalshi,0.02,0.03,0.97,0.98,37.0,127.39,454.85,0.0,2026-09-30T08:00:00Z,active,2026-09-28T22:32:31.491457+00:00
KXHIGHTSFO,KXHIGHTSFO-26SEP29-B79.5,San Francisco High Temperature Daily,KSFO,2026-09-29,between,79.0,80.0,The Weather Company,https://weather.com/kalshi,0.22,0.25,0.75,0.78,9.7,39.28,115.69,0.0,2026-09-30T08:00:00Z,active,2026-09-28T22:32:31.491457+00:00
KXHIGHTSFO,KXHIGHTSFO-26SEP29-B77.5,San Francisco High Temperature Daily,KSFO,2026-09-29,between,77.0,78.0,The Weather Company,https://weather.com/kalshi,0.25,0.26,0.74,0.75,1.0,34.0,125.39,0.0,2026-09-30T08:00:00Z,active,2026-09-28T22:32:31.491457+00:00
KXHIGHTSFO,KXHIGHTSFO-26SEP29-B75.5,San Francisco High Temperature Daily,KSFO,2026-09-29,between,75.0,76.0,The Weather Company,https://weather.com/kalshi,0.15,0.16,0.84,0.85,28.0,32.3,267.32,0.0,2026-09-30T08:00:00Z,active,2026-09-28T22:32:31.491457+00:00
KXHIGHTSFO,KXHIGHTSFO-26SEP29-B73.5,San Francisco High Temperature Daily,KSFO,2026-09-29,between,73.0,74.0,The Weather Company,https://weather.com/kalshi,0.05,0.06,0.94,0.95,2.0,568.0,250.74,0.0,2026-09-30T08:00:00Z,active,2026-09-28T22:32:31.491457+00:00
KXHIGHTSFO,KXHIGHTSFO-26SEP28-T75,San Francisco High Temperature Daily,KSFO,2026-09-28,greater,75.0,,The Weather Company,https://weather.com/kalshi,0.0,0.01,0.99,1.0,3443.0,0.0,1839.24,0.0,2026-09-29T08:00:00Z,active,2026-09-28T22:32:31.491457+00:00
KXHIGHTSFO,KXHIGHTSFO-26SEP28-T68,San Francisco High Temperature Daily,KSFO,2026-09-28,less,,68.0,The Weather Company,https://weather.com/kalshi,0.0,0.01,0.99,1.0,49862.6,0.0,4159.53,0.0,2026-09-29T08:00:00Z,active,2026-09-28T22:32:31.491457+00:00
KXHIGHTSFO,KXHIGHTSFO-26SEP28-B74.5,San Francisco High Temperature Daily,KSFO,2026-09-28,between,74.0,75.0,The Weather Company,https://weather.com/kalshi,0.0,0.01,0.99,1.0,1331.0,0.0,2327.5,0.0,2026-09-29T08:00:00Z,active,2026-09-28T22:32:31.491457+00:00
KXHIGHTSFO,KXHIGHTSFO-26SEP28-B72.5,San Francisco High Temperature Daily,KSFO,2026-09-28,between,72.0,73.0,The Weather Company,https://weather.com/kalshi,0.01,0.02,0.98,0.99,342.0,120.25,5323.65,0.0,2026-09-29T08:00:00Z,active,2026-09-28T22:32:31.491457+00:00
KXHIGHTSFO,KXHIGHTSFO-26SEP28-B70.5,San Francisco High Temperature Daily,KSFO,2026-09-28,between,70.0,71.0,The Weather Company,https://weather.com/kalshi,0.45,0.49,0.51,0.55,75.0,75.3,6095.4,0.0,2026-09-29T08:00:00Z,active,2026-09-28T22:32:31.491457+00:00
KXHIGHTSFO,KXHIGHTSFO-26SEP28-B68.5,San Francisco High Temperature Daily,KSFO,2026-09-28,between,68.0,69.0,The Weather Company,https://weather.com/kalshi,0.51,0.52,0.48,0.49,1.46,25.0,9852.72,0.0,2026-09-29T08:00:00Z,active,2026-09-28T22:32:31.491457+00:00
KXHIGHCHI,KXHIGHCHI-26SEP29-T81,Highest temperature in Chicago,KMDW,2026-09-29,greater,81.0,,The Weather Company,https://weather.com/kalshi,0.01,0.02,0.98,0.99,254.0,450.21,369.79,0.0,2026-09-30T06:00:00Z,active,2026-09-28T22:32:31.491457+00:00
KXHIGHCHI,KXHIGHCHI-26SEP29-T74,Highest temperature in Chicago,KMDW,2026-09-29,less,,74.0,The Weather Company,https://weather.com/kalshi,0.02,0.03,0.97,0.98,56.0,7.0,726.86,0.0,2026-09-30T06:00:00Z,active,2026-09-28T22:32:31.491457+00:00
KXHIGHCHI,KXHIGHCHI-26SEP29-B80.5,Highest temperature in Chicago,KMDW,2026-09-29,between,80.0,81.0,The Weather Company,https://weather.com/kalshi,0.05,0.06,0.94,0.95,129.4,19.0,123.83,0.0,2026-09-30T06:00:00Z,active,2026-09-28T22:32:31.491457+00:00
KXHIGHCHI,KXHIGHCHI-26SEP29-B78.5,Highest temperature in Chicago,KMDW,2026-09-29,between,78.0,79.0,The Weather Company,https://weather.com/kalshi,0.34,0.35,0.65,0.66,36.0,155.88,582.1,0.0,2026-09-30T06:00:00Z,active,2026-09-28T22:32:31.491457+00:00
KXHIGHCHI,KXHIGHCHI-26SEP29-B76.5,Highest temperature in Chicago,KMDW,2026-09-29,between,76.0,77.0,The Weather Company,https://weather.com/kalshi,0.49,0.5,0.5,0.51,105.0,21.0,446.27,0.0,2026-09-30T06:00:00Z,active,2026-09-28T22:32:31.491457+00:00
KXHIGHCHI,KXHIGHCHI-26SEP29-B74.5,Highest temperature in Chicago,KMDW,2026-09-29,between,74.0,75.0,The Weather Company,https://weather.com/kalshi,0.1,0.12,0.88,0.9,37.0,103.0,343.16,0.0,2026-09-30T06:00:00Z,active,2026-09-28T22:32:31.491457+00:00
KXHIGHCHI,KXHIGHCHI-26SEP28-T76,Highest temperature in Chicago,KMDW,2026-09-28,greater,76.0,,The Weather Company,https://weather.com/kalshi,0.0,0.01,0.99,1.0,8037.0,0.0,3650.32,0.0,2026-09-29T06:00:00Z,active,2026-09-28T22:32:31.491457+00:00
KXHIGHCHI,KXHIGHCHI-26SEP28-T69,Highest temperature in Chicago,KMDW,2026-09-28,less,,69.0,The Weather Company,https://weather.com/kalshi,0.0,0.01,0.99,1.0,57660.89,0.0,14108.88,0.0,2026-09-29T06:00:00Z,active,2026-09-28T22:32:31.491457+00:00
KXHIGHCHI,KXHIGHCHI-26SEP28-B75.5,Highest temperature in Chicago,KMDW,2026-09-28,between,75.0,76.0,The Weather Company,https://weather.com/kalshi,0.0,0.01,0.99,1.0,10173.58,0.0,9561.04,0.0,2026-09-29T06:00:00Z,active,2026-09-28T22:32:31.491457+00:00
KXHIGHCHI,KXHIGHCHI-26SEP28-B73.5,Highest temperature in Chicago,KMDW,2026-09-28,between,73.0,74.0,The Weather Company,https://weather.com/kalshi,0.99,1.0,0.0,0.01,0.0,11516.47,19799.6,0.0,2026-09-29T06:00:00Z,active,2026-09-28T22:32:31.491457+00:00
KXHIGHCHI,KXHIGHCHI-26SEP28-B71.5,Highest temperature in Chicago,KMDW,2026-09-28,between,71.0,72.0,The Weather Company,https://weather.com/kalshi,0.0,0.01,0.99,1.0,59591.8,0.0,18616.04,0.0,2026-09-29T06:00:00Z,active,2026-09-28T22:32:31.491457+00:00
KXHIGHCHI,KXHIGHCHI-26SEP28-B69.5,Highest temperature in Chicago,KMDW,2026-09-28,between,69.0,70.0,The Weather Company,https://weather.com/kalshi,0.0,0.01,0.99,1.0,57875.92,0.0,14387.59,0.0,2026-09-29T06:00:00Z,active,2026-09-28T22:32:31.491457+00:00
KXLOWTSEA,KXLOWTSEA-26SEP29-T56,Low Temperature Seattle,KSEA,2026-09-29,greater,56.0,,The Weather Company,https://weather.com/kalshi,0.0,0.02,0.98,1.0,25.0,0.0,200.01,0.0,2026-09-30T08:00:00Z,active,2026-09-28T22:32:31.491457+00:00
KXLOWTSEA,KXLOWTSEA-26SEP29-T49,Low Temperature Seattle,KSEA,2026-09-29,less,,49.0,The Weather Company,https://weather.com/kalshi,0.0,0.03,0.97,1.0,1.0,0.0,30.0,0.0,2026-09-30T08:00:00Z,active,2026-09-28T22:32:31.491457+00:00
KXLOWTSEA,KXLOWTSEA-26SEP29-B55.5,Low Temperature Seattle,KSEA,2026-09-29,between,55.0,56.0,The Weather Company,https://weather.com/kalshi,0.37,0.46,0.54,0.63,13.0,30.41,82.75,0.0,2026-09-30T08:00:00Z,active,2026-09-28T22:32:31.491457+00:00
KXLOWTSEA,KXLOWTSEA-26SEP29-B53.5,Low Temperature Seattle,KSEA,2026-09-29,between,53.0,54.0,The Weather Company,https://weather.com/kalshi,0.23,0.6,0.4,0.77,1.0,8.0,49.04,0.0,2026-09-30T08:00:00Z,active,2026-09-28T22:32:31.491457+00:00
KXLOWTSEA,KXLOWTSEA-26SEP29-B51.5,Low Temperature Seattle,KSEA,2026-09-29,between,51.0,52.0,The Weather Company,https://weather.com/kalshi,0.02,0.1,0.9,0.98,1.0,50.0,66.09,0.0,2026-09-30T08:00:00Z,active,2026-09-28T22:32:31.491457+00:00
KXLOWTSEA,KXLOWTSEA-26SEP29-B49.5,Low Temperature Seattle,KSEA,2026-09-29,between,49.0,50.0,The Weather Company,https://weather.com/kalshi,0.01,0.03,0.97,0.99,1.0,109.0,16.28,0.0,2026-09-30T08:00:00Z,active,2026-09-28T22:32:31.491457+00:00
KXLOWTSEA,KXLOWTSEA-26SEP28-T46,Low Temperature Seattle,KSEA,2026-09-28,greater,46.0,,The Weather Company,https://weather.com/kalshi,0.0,0.01,0.99,1.0,16965.64,0.0,1181.29,0.0,2026-09-29T08:00:00Z,active,2026-09-28T22:32:31.491457+00:00
KXLOWTSEA,KXLOWTSEA-26SEP28-T39,Low Temperature Seattle,KSEA,2026-09-28,less,,39.0,The Weather Company,https://weather.com/kalshi,0.0,0.01,0.99,1.0,16.0,0.0,0.0,0.0,2026-09-29T08:00:00Z,active,2026-09-28T22:32:31.491457+00:00
KXLOWTSEA,KXLOWTSEA-26SEP28-B45.5,Low Temperature Seattle,KSEA,2026-09-28,between,45.0,46.0,The Weather Company,https://weather.com/kalshi,0.99,1.0,0.0,0.01,0.0,110.0,1193.77,0.0,2026-09-29T08:00:00Z,active,2026-09-28T22:32:31.491457+00:00
KXLOWTSEA,KXLOWTSEA-26SEP28-B43.5,Low Temperature Seattle,KSEA,2026-09-28,between,43.0,44.0,The Weather Company,https://weather.com/kalshi,0.0,0.02,0.98,1.0,454.0,0.0,955.64,0.0,2026-09-29T08:00:00Z,active,2026-09-28T22:32:31.491457+00:00
KXLOWTSEA,KXLOWTSEA-26SEP28-B41.5,Low Temperature Seattle,KSEA,2026-09-28,between,41.0,42.0,The Weather Company,https://weather.com/kalshi,0.0,0.01,0.99,1.0,16.0,0.0,698.78,0.0,2026-09-29T08:00:00Z,active,2026-09-28T22:32:31.491457+00:00
KXLOWTSEA,KXLOWTSEA-26SEP28-B39.5,Low Temperature Seattle,KSEA,2026-09-28,between,39.0,40.0,The Weather Company,https://weather.com/kalshi,0.0,0.02,0.98,1.0,249.65,0.0,308.35,0.0,2026-09-29T08:00:00Z,active,2026-09-28T22:32:31.491457+00:00
KXLOWTSFO,KXLOWTSFO-26SEP29-T57,Lowest Temperature San Francisco,KSFO,2026-09-29,greater,57.0,,The Weather Company,https://weather.com/kalshi,0.0,0.02,0.98,1.0,75.0,0.0,322.71,0.0,2026-09-30T08:00:00Z,active,2026-09-28T22:32:31.491457+00:00
KXLOWTSFO,KXLOWTSFO-26SEP29-T50,Lowest Temperature San Francisco,KSFO,2026-09-29,less,,50.0,The Weather Company,https://weather.com/kalshi,0.0,0.03,0.97,1.0,1.0,0.0,30.0,0.0,2026-09-30T08:00:00Z,active,2026-09-28T22:32:31.491457+00:00
KXLOWTSFO,KXLOWTSFO-26SEP29-B56.5,Lowest Temperature San Francisco,KSFO,2026-09-29,between,56.0,57.0,The Weather Company,https://weather.com/kalshi,0.24,0.29,0.71,0.76,50.0,10.0,161.93,0.0,2026-09-30T08:00:00Z,active,2026-09-28T22:32:31.491457+00:00
KXLOWTSFO,KXLOWTSFO-26SEP29-B54.5,Lowest Temperature San Francisco,KSFO,2026-09-29,between,54.0,55.0,The Weather Company,https://weather.com/kalshi,0.52,0.6,0.4,0.48,5.0,1.55,50.55,0.0,2026-09-30T08:00:00Z,active,2026-09-28T22:32:31.491457+00:00
KXLOWTSFO,KXLOWTSFO-26SEP29-B52.5,Lowest Temperature San Francisco,KSFO,2026-09-29,between,52.0,53.0,The Weather Company,https://weather.com/kalshi,0.13,0.14,0.86,0.87,1.0,148.0,25.0,0.0,2026-09-30T08:00:00Z,active,2026-09-28T22:32:31.491457+00:00
KXLOWTSFO,KXLOWTSFO-26SEP29-B50.5,Lowest Temperature San Francisco,KSFO,2026-09-29,between,50.0,51.0,The Weather Company,https://weather.com/kalshi,0.01,0.02,0.98,0.99,11.0,111.0,15.28,0.0,2026-09-30T08:00:00Z,active,2026-09-28T22:32:31.491457+00:00
KXLOWTSFO,KXLOWTSFO-26SEP28-T56,Lowest Temperature San Francisco,KSFO,2026-09-28,greater,56.0,,The Weather Company,https://weather.com/kalshi,0.79,0.93,0.07,0.21,39.0,11.0,840.32,0.0,2026-09-29T08:00:00Z,active,2026-09-28T22:32:31.491457+00:00
KXLOWTSFO,KXLOWTSFO-26SEP28-T49,Lowest Temperature San Francisco,KSFO,2026-09-28,less,,49.0,The Weather Company,https://weather.com/kalshi,0.0,0.01,0.99,1.0,15.0,0.0,332.0,0.0,2026-09-29T08:00:00Z,active,2026-09-28T22:32:31.491457+00:00
KXLOWTSFO,KXLOWTSFO-26SEP28-B55.5,Lowest Temperature San Francisco,KSFO,2026-09-28,between,55.0,56.0,The Weather Company,https://weather.com/kalshi,0.02,0.17,0.83,0.98,1.0,39.0,99.73,0.0,2026-09-29T08:00:00Z,active,2026-09-28T22:32:31.491457+00:00
KXLOWTSFO,KXLOWTSFO-26SEP28-B53.5,Lowest Temperature San Francisco,KSFO,2026-09-28,between,53.0,54.0,The Weather Company,https://weather.com/kalshi,0.01,0.02,0.98,0.99,13.0,158.0,312.89,0.0,2026-09-29T08:00:00Z,active,2026-09-28T22:32:31.491457+00:00
KXLOWTSFO,KXLOWTSFO-26SEP28-B51.5,Lowest Temperature San Francisco,KSFO,2026-09-28,between,51.0,52.0,The Weather Company,https://weather.com/kalshi,0.0,0.01,0.99,1.0,15.0,0.0,214.0,0.0,2026-09-29T08:00:00Z,active,2026-09-28T22:32:31.491457+00:00
KXLOWTSFO,KXLOWTSFO-26SEP28-B49.5,Lowest Temperature San Francisco,KSFO,2026-09-28,between,49.0,50.0,The Weather Company,https://weather.com/kalshi,0.0,0.01,0.99,1.0,15.0,0.0,337.22,0.0,2026-09-29T08:00:00Z,active,2026-09-28T22:32:31.491457+00:00
KXHIGHTBOS,KXHIGHTBOS-26SEP29-T69,Boston Maximum Daily Temperature,KBOS,2026-09-29,greater,69.0,,The Weather Company,https://weather.com/kalshi,0.05,0.06,0.94,0.95,86.0,22.0,401.79,0.0,2026-09-30T05:00:00Z,active,2026-09-28T22:32:31.491457+00:00
KXHIGHTBOS,KXHIGHTBOS-26SEP29-T62,Boston Maximum Daily Temperature,KBOS,2026-09-29,less,,62.0,The Weather Company,https://weather.com/kalshi,0.01,0.02,0.98,0.99,179.5,699.22,218.78,0.0,2026-09-30T05:00:00Z,active,2026-09-28T22:32:31.491457+00:00
KXHIGHTBOS,KXHIGHTBOS-26SEP29-B68.5,Boston Maximum Daily Temperature,KBOS,2026-09-29,between,68.0,69.0,The Weather Company,https://weather.com/kalshi,0.3,0.31,0.69,0.7,4.49,13.2,243.44,0.0,2026-09-30T05:00:00Z,active,2026-09-28T22:32:31.491457+00:00
KXHIGHTBOS,KXHIGHTBOS-26SEP29-B66.5,Boston Maximum Daily Temperature,KBOS,2026-09-29,between,66.0,67.0,The Weather Company,https://weather.com/kalshi,0.37,0.38,0.62,0.63,73.4,5.94,549.91,0.0,2026-09-30T05:00:00Z,active,2026-09-28T22:32:31.491457+00:00
KXHIGHTBOS,KXHIGHTBOS-26SEP29-B64.5,Boston Maximum Daily Temperature,KBOS,2026-09-29,between,64.0,65.0,The Weather Company,https://weather.com/kalshi,0.17,0.19,0.81,0.83,6.8,8.0,65.55,0.0,2026-09-30T05:00:00Z,active,2026-09-28T22:32:31.491457+00:00
KXHIGHTBOS,KXHIGHTBOS-26SEP29-B62.5,Boston Maximum Daily Temperature,KBOS,2026-09-29,between,62.0,63.0,The Weather Company,https://weather.com/kalshi,0.05,0.06,0.94,0.95,42.0,1.0,76.23,0.0,2026-09-30T05:00:00Z,active,2026-09-28T22:32:31.491457+00:00
KXHIGHTBOS,KXHIGHTBOS-26SEP28-T66,Boston Maximum Daily Temperature,KBOS,2026-09-28,greater,66.0,,The Weather Company,https://weather.com/kalshi,0.0,0.01,0.99,1.0,8720.11,0.0,473.0,0.0,2026-09-29T05:00:00Z,active,2026-09-28T22:32:31.491457+00:00
KXHIGHTBOS,KXHIGHTBOS-26SEP28-T59,Boston Maximum Daily Temperature,KBOS,2026-09-28,less,,59.0,The Weather Company,https://weather.com/kalshi,0.89,0.94,0.06,0.11,55.83,42.0,6078.58,0.0,2026-09-29T05:00:00Z,active,2026-09-28T22:32:31.491457+00:00
KXHIGHTBOS,KXHIGHTBOS-26SEP28-B65.5,Boston Maximum Daily Temperature,KBOS,2026-09-28,between,65.0,66.0,The Weather Company,https://weather.com/kalshi,0.0,0.01,0.99,1.0,8041.26,0.0,737.83,0.0,2026-09-29T05:00:00Z,active,2026-09-28T22:32:31.491457+00:00
KXHIGHTBOS,KXHIGHTBOS-26SEP28-B63.5,Boston Maximum Daily Temperature,KBOS,2026-09-28,between,63.0,64.0,The Weather Company,https://weather.com/kalshi,0.0,0.01,0.99,1.0,109.2,0.0,2200.04,0.0,2026-09-29T05:00:00Z,active,2026-09-28T22:32:31.491457+00:00
KXHIGHTBOS,KXHIGHTBOS-26SEP28-B61.5,Boston Maximum Daily Temperature,KBOS,2026-09-28,between,61.0,62.0,The Weather Company,https://weather.com/kalshi,0.01,0.03,0.97,0.99,145.0,17.0,3775.69,0.0,2026-09-29T05:00:00Z,active,2026-09-28T22:32:31.491457+00:00
KXHIGHTBOS,KXHIGHTBOS-26SEP28-B59.5,Boston Maximum Daily Temperature,KBOS,2026-09-28,between,59.0,60.0,The Weather Company,https://weather.com/kalshi,0.08,0.09,0.91,0.92,77.08,10.0,5426.5,0.0,2026-09-29T05:00:00Z,active,2026-09-28T22:32:31.491457+00:00
