series_ticker,market_ticker,city_label,station_id,target_date,strike_type,floor_strike,cap_strike,settlement_source_name,settlement_source_url,yes_bid,yes_ask,no_bid,no_ask,yes_ask_size,yes_bid_size,volume,liquidity,close_time,status,pulled_at
KXLOWTDAL,KXLOWTDAL-26SEP19-T78,Lowest temperature Dallas,KDFW,2026-09-19,greater,78.0,,The Weather Company,https://weather.com/kalshi,0.04,0.17,0.83,0.96,5.0,5.0,1.51,0.0,2026-09-20T06:00:00Z,active,2026-09-18T19:35:09.531474+00:00
KXLOWTDAL,KXLOWTDAL-26SEP19-T71,Lowest temperature Dallas,KDFW,2026-09-19,less,,71.0,The Weather Company,https://weather.com/kalshi,0.0,0.01,0.99,1.0,15.0,0.0,15.0,0.0,2026-09-20T06:00:00Z,active,2026-09-18T19:35:09.531474+00:00
KXLOWTDAL,KXLOWTDAL-26SEP19-B77.5,Lowest temperature Dallas,KDFW,2026-09-19,between,77.0,78.0,The Weather Company,https://weather.com/kalshi,0.45,0.56,0.44,0.55,25.0,25.0,122.51,0.0,2026-09-20T06:00:00Z,active,2026-09-18T19:35:09.531474+00:00
KXLOWTDAL,KXLOWTDAL-26SEP19-B75.5,Lowest temperature Dallas,KDFW,2026-09-19,between,75.0,76.0,The Weather Company,https://weather.com/kalshi,0.28,0.36,0.64,0.72,6.0,6.0,1.51,0.0,2026-09-20T06:00:00Z,active,2026-09-18T19:35:09.531474+00:00
KXLOWTDAL,KXLOWTDAL-26SEP19-B73.5,Lowest temperature Dallas,KDFW,2026-09-19,between,73.0,74.0,The Weather Company,https://weather.com/kalshi,0.01,0.04,0.96,0.99,4.0,297.93,9.58,0.0,2026-09-20T06:00:00Z,active,2026-09-18T19:35:09.531474+00:00
KXLOWTDAL,KXLOWTDAL-26SEP19-B71.5,Lowest temperature Dallas,KDFW,2026-09-19,between,71.0,72.0,The Weather Company,https://weather.com/kalshi,0.01,0.04,0.96,0.99,32.0,99.82,21.69,0.0,2026-09-20T06:00:00Z,active,2026-09-18T19:35:09.531474+00:00
KXLOWTDAL,KXLOWTDAL-26SEP18-T80,Lowest temperature Dallas,KDFW,2026-09-18,greater,80.0,,The Weather Company,https://weather.com/kalshi,0.0,0.01,0.99,1.0,22579.15,0.0,150.27,0.0,2026-09-19T06:00:00Z,active,2026-09-18T19:35:09.531474+00:00
KXLOWTDAL,KXLOWTDAL-26SEP18-T73,Lowest temperature Dallas,KDFW,2026-09-18,less,,73.0,The Weather Company,https://weather.com/kalshi,0.0,0.01,0.99,1.0,258.0,0.0,70.0,0.0,2026-09-19T06:00:00Z,active,2026-09-18T19:35:09.531474+00:00
KXLOWTDAL,KXLOWTDAL-26SEP18-B79.5,Lowest temperature Dallas,KDFW,2026-09-18,between,79.0,80.0,The Weather Company,https://weather.com/kalshi,0.0,0.01,0.99,1.0,18333.15,0.0,962.05,0.0,2026-09-19T06:00:00Z,active,2026-09-18T19:35:09.531474+00:00
KXLOWTDAL,KXLOWTDAL-26SEP18-B77.5,Lowest temperature Dallas,KDFW,2026-09-18,between,77.0,78.0,The Weather Company,https://weather.com/kalshi,0.98,1.0,0.0,0.02,0.0,370.0,1908.1,0.0,2026-09-19T06:00:00Z,active,2026-09-18T19:35:09.531474+00:00
KXLOWTDAL,KXLOWTDAL-26SEP18-B75.5,Lowest temperature Dallas,KDFW,2026-09-18,between,75.0,76.0,The Weather Company,https://weather.com/kalshi,0.0,0.02,0.98,1.0,346.0,0.0,353.9,0.0,2026-09-19T06:00:00Z,active,2026-09-18T19:35:09.531474+00:00
KXLOWTDAL,KXLOWTDAL-26SEP18-B73.5,Lowest temperature Dallas,KDFW,2026-09-18,between,73.0,74.0,The Weather Company,https://weather.com/kalshi,0.0,0.01,0.99,1.0,380.56,0.0,707.56,0.0,2026-09-19T06:00:00Z,active,2026-09-18T19:35:09.531474+00:00
KXHIGHMIA,KXHIGHMIA-26SEP19-T91,Highest temperature in Miami,KMIA,2026-09-19,greater,91.0,,The Weather Company,https://weather.com/kalshi,0.02,0.03,0.97,0.98,49.24,28.21,847.53,0.0,2026-09-20T05:00:00Z,active,2026-09-18T19:35:09.531474+00:00
KXHIGHMIA,KXHIGHMIA-26SEP19-T84,Highest temperature in Miami,KMIA,2026-09-19,less,,84.0,The Weather Company,https://weather.com/kalshi,0.01,0.02,0.98,0.99,18.0,1283.48,409.39,0.0,2026-09-20T05:00:00Z,active,2026-09-18T19:35:09.531474+00:00
KXHIGHMIA,KXHIGHMIA-26SEP19-B90.5,Highest temperature in Miami,KMIA,2026-09-19,between,90.0,91.0,The Weather Company,https://weather.com/kalshi,0.19,0.2,0.8,0.81,65.36,1.08,762.03,0.0,2026-09-20T05:00:00Z,active,2026-09-18T19:35:09.531474+00:00
KXHIGHMIA,KXHIGHMIA-26SEP19-B88.5,Highest temperature in Miami,KMIA,2026-09-19,between,88.0,89.0,The Weather Company,https://weather.com/kalshi,0.46,0.48,0.52,0.54,31.0,26.0,369.48,0.0,2026-09-20T05:00:00Z,active,2026-09-18T19:35:09.531474+00:00
KXHIGHMIA,KXHIGHMIA-26SEP19-B86.5,Highest temperature in Miami,KMIA,2026-09-19,between,86.0,87.0,The Weather Company,https://weather.com/kalshi,0.25,0.26,0.74,0.75,52.0,38.0,945.14,0.0,2026-09-20T05:00:00Z,active,2026-09-18T19:35:09.531474+00:00
KXHIGHMIA,KXHIGHMIA-26SEP19-B84.5,Highest temperature in Miami,KMIA,2026-09-19,between,84.0,85.0,The Weather Company,https://weather.com/kalshi,0.04,0.05,0.95,0.96,266.0,268.85,542.63,0.0,2026-09-20T05:00:00Z,active,2026-09-18T19:35:09.531474+00:00
KXHIGHMIA,KXHIGHMIA-26SEP18-T92,Highest temperature in Miami,KMIA,2026-09-18,greater,92.0,,The Weather Company,https://weather.com/kalshi,0.0,0.01,0.99,1.0,20474.57,0.0,13128.01,0.0,2026-09-19T05:00:00Z,active,2026-09-18T19:35:09.531474+00:00
KXHIGHMIA,KXHIGHMIA-26SEP18-T85,Highest temperature in Miami,KMIA,2026-09-18,less,,85.0,The Weather Company,https://weather.com/kalshi,0.0,0.01,0.99,1.0,183737.18,0.0,14804.43,0.0,2026-09-19T05:00:00Z,active,2026-09-18T19:35:09.531474+00:00
KXHIGHMIA,KXHIGHMIA-26SEP18-B91.5,Highest temperature in Miami,KMIA,2026-09-18,between,91.0,92.0,The Weather Company,https://weather.com/kalshi,0.0,0.01,0.99,1.0,20999.97,0.0,33703.42,0.0,2026-09-19T05:00:00Z,active,2026-09-18T19:35:09.531474+00:00
KXHIGHMIA,KXHIGHMIA-26SEP18-B89.5,Highest temperature in Miami,KMIA,2026-09-18,between,89.0,90.0,The Weather Company,https://weather.com/kalshi,0.99,1.0,0.0,0.01,0.0,27464.36,30740.17,0.0,2026-09-19T05:00:00Z,active,2026-09-18T19:35:09.531474+00:00
KXHIGHMIA,KXHIGHMIA-26SEP18-B87.5,Highest temperature in Miami,KMIA,2026-09-18,between,87.0,88.0,The Weather Company,https://weather.com/kalshi,0.0,0.01,0.99,1.0,122524.29,0.0,56498.01,0.0,2026-09-19T05:00:00Z,active,2026-09-18T19:35:09.531474+00:00
KXHIGHMIA,KXHIGHMIA-26SEP18-B85.5,Highest temperature in Miami,KMIA,2026-09-18,between,85.0,86.0,The Weather Company,https://weather.com/kalshi,0.0,0.01,0.99,1.0,146806.31,0.0,43762.62,0.0,2026-09-19T05:00:00Z,active,2026-09-18T19:35:09.531474+00:00
KXLOWTSFO,KXLOWTSFO-26SEP19-T60,Lowest Temperature San Francisco,KSFO,2026-09-19,greater,60.0,,The Weather Company,https://weather.com/kalshi,0.01,0.05,0.95,0.99,25.0,93.96,20.04,0.0,2026-09-20T08:00:00Z,active,2026-09-18T19:35:09.531474+00:00
KXLOWTSFO,KXLOWTSFO-26SEP19-T53,Lowest Temperature San Francisco,KSFO,2026-09-19,less,,53.0,The Weather Company,https://weather.com/kalshi,0.0,0.02,0.98,1.0,5.0,0.0,36.0,0.0,2026-09-20T08:00:00Z,active,2026-09-18T19:35:09.531474+00:00
KXLOWTSFO,KXLOWTSFO-26SEP19-B59.5,Lowest Temperature San Francisco,KSFO,2026-09-19,between,59.0,60.0,The Weather Company,https://weather.com/kalshi,0.31,0.42,0.58,0.69,4.0,25.0,115.0,0.0,2026-09-20T08:00:00Z,active,2026-09-18T19:35:09.531474+00:00
KXLOWTSFO,KXLOWTSFO-26SEP19-B57.5,Lowest Temperature San Francisco,KSFO,2026-09-19,between,57.0,58.0,The Weather Company,https://weather.com/kalshi,0.57,0.64,0.36,0.43,5.0,4.55,76.93,0.0,2026-09-20T08:00:00Z,active,2026-09-18T19:35:09.531474+00:00
KXLOWTSFO,KXLOWTSFO-26SEP19-B55.5,Lowest Temperature San Francisco,KSFO,2026-09-19,between,55.0,56.0,The Weather Company,https://weather.com/kalshi,0.02,0.11,0.89,0.98,5.0,6.0,48.0,0.0,2026-09-20T08:00:00Z,active,2026-09-18T19:35:09.531474+00:00
KXLOWTSFO,KXLOWTSFO-26SEP19-B53.5,Lowest Temperature San Francisco,KSFO,2026-09-19,between,53.0,54.0,The Weather Company,https://weather.com/kalshi,0.01,0.05,0.95,0.99,5.0,64.86,20.14,0.0,2026-09-20T08:00:00Z,active,2026-09-18T19:35:09.531474+00:00
KXLOWTSFO,KXLOWTSFO-26SEP18-T60,Lowest Temperature San Francisco,KSFO,2026-09-18,greater,60.0,,The Weather Company,https://weather.com/kalshi,0.0,0.01,0.99,1.0,22824.15,0.0,314.42,0.0,2026-09-19T08:00:00Z,active,2026-09-18T19:35:09.531474+00:00
KXLOWTSFO,KXLOWTSFO-26SEP18-T53,Lowest Temperature San Francisco,KSFO,2026-09-18,less,,53.0,The Weather Company,https://weather.com/kalshi,0.0,0.01,0.99,1.0,157.0,0.0,60.32,0.0,2026-09-19T08:00:00Z,active,2026-09-18T19:35:09.531474+00:00
KXLOWTSFO,KXLOWTSFO-26SEP18-B59.5,Lowest Temperature San Francisco,KSFO,2026-09-18,between,59.0,60.0,The Weather Company,https://weather.com/kalshi,0.0,0.01,0.99,1.0,24750.15,0.0,689.27,0.0,2026-09-19T08:00:00Z,active,2026-09-18T19:35:09.531474+00:00
KXLOWTSFO,KXLOWTSFO-26SEP18-B57.5,Lowest Temperature San Francisco,KSFO,2026-09-18,between,57.0,58.0,The Weather Company,https://weather.com/kalshi,0.89,0.98,0.02,0.11,35.0,25.0,759.34,0.0,2026-09-19T08:00:00Z,active,2026-09-18T19:35:09.531474+00:00
KXLOWTSFO,KXLOWTSFO-26SEP18-B55.5,Lowest Temperature San Francisco,KSFO,2026-09-18,between,55.0,56.0,The Weather Company,https://weather.com/kalshi,0.02,0.1,0.9,0.98,14.0,1.0,292.41,0.0,2026-09-19T08:00:00Z,active,2026-09-18T19:35:09.531474+00:00
KXLOWTSFO,KXLOWTSFO-26SEP18-B53.5,Lowest Temperature San Francisco,KSFO,2026-09-18,between,53.0,54.0,The Weather Company,https://weather.com/kalshi,0.0,0.08,0.92,1.0,10.0,0.0,173.64,0.0,2026-09-19T08:00:00Z,active,2026-09-18T19:35:09.531474+00:00
KXLOWTPHX,KXLOWTPHX-26SEP19-T79,Low Temperature Phoenix,KPHX,2026-09-19,greater,79.0,,The Weather Company,https://weather.com/kalshi,0.39,0.49,0.51,0.61,0.52,1.0,143.0,0.0,2026-09-20T07:00:00Z,active,2026-09-18T19:35:09.531474+00:00
KXLOWTPHX,KXLOWTPHX-26SEP19-T72,Low Temperature Phoenix,KPHX,2026-09-19,less,,72.0,The Weather Company,https://weather.com/kalshi,0.0,0.01,0.99,1.0,24.0,0.0,0.0,0.0,2026-09-20T07:00:00Z,active,2026-09-18T19:35:09.531474+00:00
KXLOWTPHX,KXLOWTPHX-26SEP19-B78.5,Low Temperature Phoenix,KPHX,2026-09-19,between,78.0,79.0,The Weather Company,https://weather.com/kalshi,0.2,0.29,0.71,0.8,5.0,7.0,66.0,0.0,2026-09-20T07:00:00Z,active,2026-09-18T19:35:09.531474+00:00
KXLOWTPHX,KXLOWTPHX-26SEP19-B76.5,Low Temperature Phoenix,KPHX,2026-09-19,between,76.0,77.0,The Weather Company,https://weather.com/kalshi,0.08,0.17,0.83,0.92,5.0,1.0,0.0,0.0,2026-09-20T07:00:00Z,active,2026-09-18T19:35:09.531474+00:00
KXLOWTPHX,KXLOWTPHX-26SEP19-B74.5,Low Temperature Phoenix,KPHX,2026-09-19,between,74.0,75.0,The Weather Company,https://weather.com/kalshi,0.04,0.07,0.93,0.96,5.0,48.0,10.09,0.0,2026-09-20T07:00:00Z,active,2026-09-18T19:35:09.531474+00:00
KXLOWTPHX,KXLOWTPHX-26SEP19-B72.5,Low Temperature Phoenix,KPHX,2026-09-19,between,72.0,73.0,The Weather Company,https://weather.com/kalshi,0.02,0.04,0.96,0.98,5.0,40.0,229.36,0.0,2026-09-20T07:00:00Z,active,2026-09-18T19:35:09.531474+00:00
KXLOWTPHX,KXLOWTPHX-26SEP18-T80,Low Temperature Phoenix,KPHX,2026-09-18,greater,80.0,,The Weather Company,https://weather.com/kalshi,0.0,0.01,0.99,1.0,41027.44,0.0,987.16,0.0,2026-09-19T07:00:00Z,active,2026-09-18T19:35:09.531474+00:00
KXLOWTPHX,KXLOWTPHX-26SEP18-T73,Low Temperature Phoenix,KPHX,2026-09-18,less,,73.0,The Weather Company,https://weather.com/kalshi,0.0,0.01,0.99,1.0,160.01,0.0,58.47,0.0,2026-09-19T07:00:00Z,active,2026-09-18T19:35:09.531474+00:00
KXLOWTPHX,KXLOWTPHX-26SEP18-B79.5,Low Temperature Phoenix,KPHX,2026-09-18,between,79.0,80.0,The Weather Company,https://weather.com/kalshi,0.98,1.0,0.0,0.02,0.0,800.31,2973.93,0.0,2026-09-19T07:00:00Z,active,2026-09-18T19:35:09.531474+00:00
KXLOWTPHX,KXLOWTPHX-26SEP18-B77.5,Low Temperature Phoenix,KPHX,2026-09-18,between,77.0,78.0,The Weather Company,https://weather.com/kalshi,0.0,0.02,0.98,1.0,389.0,0.0,1800.01,0.0,2026-09-19T07:00:00Z,active,2026-09-18T19:35:09.531474+00:00
KXLOWTPHX,KXLOWTPHX-26SEP18-B75.5,Low Temperature Phoenix,KPHX,2026-09-18,between,75.0,76.0,The Weather Company,https://weather.com/kalshi,0.0,0.02,0.98,1.0,450.0,0.0,299.98,0.0,2026-09-19T07:00:00Z,active,2026-09-18T19:35:09.531474+00:00
KXLOWTPHX,KXLOWTPHX-26SEP18-B73.5,Low Temperature Phoenix,KPHX,2026-09-18,between,73.0,74.0,The Weather Company,https://weather.com/kalshi,0.0,0.01,0.99,1.0,0.45,0.0,309.02,0.0,2026-09-19T07:00:00Z,active,2026-09-18T19:35:09.531474+00:00
KXLOWTSDF,KXLOWTSDF-26SEP19-T72,Lowest Temperature SDX,KSDF,2026-09-19,greater,72.0,,The Weather Company,https://weather.com/kalshi,0.66,0.84,0.16,0.34,5.0,5.0,20.18,0.0,2026-09-20T05:00:00Z,active,2026-09-18T19:35:09.531474+00:00
KXLOWTSDF,KXLOWTSDF-26SEP19-T65,Lowest Temperature SDX,KSDF,2026-09-19,less,,65.0,The Weather Company,https://weather.com/kalshi,0.01,0.1,0.9,0.99,25.0,47.0,24.0,0.0,2026-09-20T05:00:00Z,active,2026-09-18T19:35:09.531474+00:00
KXLOWTSDF,KXLOWTSDF-26SEP19-B71.5,Lowest Temperature SDX,KSDF,2026-09-19,between,71.0,72.0,The Weather Company,https://weather.com/kalshi,0.12,0.3,0.7,0.88,5.0,5.0,20.18,0.0,2026-09-20T05:00:00Z,active,2026-09-18T19:35:09.531474+00:00
KXLOWTSDF,KXLOWTSDF-26SEP19-B69.5,Lowest Temperature SDX,KSDF,2026-09-19,between,69.0,70.0,The Weather Company,https://weather.com/kalshi,0.01,0.1,0.9,0.99,25.0,75.0,5.18,0.0,2026-09-20T05:00:00Z,active,2026-09-18T19:35:09.531474+00:00
KXLOWTSDF,KXLOWTSDF-26SEP19-B67.5,Lowest Temperature SDX,KSDF,2026-09-19,between,67.0,68.0,The Weather Company,https://weather.com/kalshi,0.01,0.1,0.9,0.99,25.0,66.93,28.25,0.0,2026-09-20T05:00:00Z,active,2026-09-18T19:35:09.531474+00:00
KXLOWTSDF,KXLOWTSDF-26SEP19-B65.5,Lowest Temperature SDX,KSDF,2026-09-19,between,65.0,66.0,The Weather Company,https://weather.com/kalshi,0.01,0.1,0.9,0.99,25.0,59.73,40.45,0.0,2026-09-20T05:00:00Z,active,2026-09-18T19:35:09.531474+00:00
KXLOWTSDF,KXLOWTSDF-26SEP18-T76,Lowest Temperature SDX,KSDF,2026-09-18,greater,76.0,,The Weather Company,https://weather.com/kalshi,0.6,0.71,0.29,0.4,50.0,10.0,453.0,0.0,2026-09-19T05:00:00Z,active,2026-09-18T19:35:09.531474+00:00
KXLOWTSDF,KXLOWTSDF-26SEP18-T69,Lowest Temperature SDX,KSDF,2026-09-18,less,,69.0,The Weather Company,https://weather.com/kalshi,0.0,0.1,0.9,1.0,50.0,0.0,0.0,0.0,2026-09-19T05:00:00Z,active,2026-09-18T19:35:09.531474+00:00
KXLOWTSDF,KXLOWTSDF-26SEP18-B75.5,Lowest Temperature SDX,KSDF,2026-09-18,between,75.0,76.0,The Weather Company,https://weather.com/kalshi,0.23,0.41,0.59,0.77,5.0,5.0,75.0,0.0,2026-09-19T05:00:00Z,active,2026-09-18T19:35:09.531474+00:00
KXLOWTSDF,KXLOWTSDF-26SEP18-B73.5,Lowest Temperature SDX,KSDF,2026-09-18,between,73.0,74.0,The Weather Company,https://weather.com/kalshi,0.0,0.14,0.86,1.0,79.0,0.0,79.0,0.0,2026-09-19T05:00:00Z,active,2026-09-18T19:35:09.531474+00:00
KXLOWTSDF,KXLOWTSDF-26SEP18-B71.5,Lowest Temperature SDX,KSDF,2026-09-18,between,71.0,72.0,The Weather Company,https://weather.com/kalshi,0.0,0.1,0.9,1.0,79.0,0.0,83.67,0.0,2026-09-19T05:00:00Z,active,2026-09-18T19:35:09.531474+00:00
KXLOWTSDF,KXLOWTSDF-26SEP18-B69.5,Lowest Temperature SDX,KSDF,2026-09-18,between,69.0,70.0,The Weather Company,https://weather.com/kalshi,0.0,0.09,0.91,1.0,79.0,0.0,76.4,0.0,2026-09-19T05:00:00Z,active,2026-09-18T19:35:09.531474+00:00
KXLOWTTTN,KXLOWTTTN-26SEP19-T57,Trenton Daily low temp ,KTTN,2026-09-19,greater,57.0,,The Weather Company,https://weather.com/kalshi,0.82,0.93,0.07,0.18,6.0,25.0,25.0,0.0,2026-09-20T05:00:00Z,active,2026-09-18T19:35:09.531474+00:00
KXLOWTTTN,KXLOWTTTN-26SEP19-T50,Trenton Daily low temp ,KTTN,2026-09-19,less,,50.0,The Weather Company,https://weather.com/kalshi,0.0,0.01,0.99,1.0,6.27,0.0,61.0,0.0,2026-09-20T05:00:00Z,active,2026-09-18T19:35:09.531474+00:00
KXLOWTTTN,KXLOWTTTN-26SEP19-B56.5,Trenton Daily low temp ,KTTN,2026-09-19,between,56.0,57.0,The Weather Company,https://weather.com/kalshi,0.02,0.14,0.86,0.98,10.0,56.0,13.0,0.0,2026-09-20T05:00:00Z,active,2026-09-18T19:35:09.531474+00:00
KXLOWTTTN,KXLOWTTTN-26SEP19-B54.5,Trenton Daily low temp ,KTTN,2026-09-19,between,54.0,55.0,The Weather Company,https://weather.com/kalshi,0.02,0.1,0.9,0.98,25.0,29.0,13.0,0.0,2026-09-20T05:00:00Z,active,2026-09-18T19:35:09.531474+00:00
KXLOWTTTN,KXLOWTTTN-26SEP19-B52.5,Trenton Daily low temp ,KTTN,2026-09-19,between,52.0,53.0,The Weather Company,https://weather.com/kalshi,0.02,0.1,0.9,0.98,25.0,29.0,14.0,0.0,2026-09-20T05:00:00Z,active,2026-09-18T19:35:09.531474+00:00
KXLOWTTTN,KXLOWTTTN-26SEP19-B50.5,Trenton Daily low temp ,KTTN,2026-09-19,between,50.0,51.0,The Weather Company,https://weather.com/kalshi,0.02,0.1,0.9,0.98,25.0,29.0,28.11,0.0,2026-09-20T05:00:00Z,active,2026-09-18T19:35:09.531474+00:00
KXLOWTTTN,KXLOWTTTN-26SEP18-T67,Trenton Daily low temp ,KTTN,2026-09-18,greater,67.0,,The Weather Company,https://weather.com/kalshi,0.08,0.2,0.8,0.92,10.0,25.0,59.0,0.0,2026-09-19T05:00:00Z,active,2026-09-18T19:35:09.531474+00:00
KXLOWTTTN,KXLOWTTTN-26SEP18-T60,Trenton Daily low temp ,KTTN,2026-09-18,less,,60.0,The Weather Company,https://weather.com/kalshi,0.0,0.02,0.98,1.0,201.0,0.0,60.47,0.0,2026-09-19T05:00:00Z,active,2026-09-18T19:35:09.531474+00:00
KXLOWTTTN,KXLOWTTTN-26SEP18-B66.5,Trenton Daily low temp ,KTTN,2026-09-18,between,66.0,67.0,The Weather Company,https://weather.com/kalshi,0.39,0.55,0.45,0.61,25.0,10.0,107.0,0.0,2026-09-19T05:00:00Z,active,2026-09-18T19:35:09.531474+00:00
KXLOWTTTN,KXLOWTTTN-26SEP18-B64.5,Trenton Daily low temp ,KTTN,2026-09-18,between,64.0,65.0,The Weather Company,https://weather.com/kalshi,0.18,0.33,0.67,0.82,10.0,25.0,8.0,0.0,2026-09-19T05:00:00Z,active,2026-09-18T19:35:09.531474+00:00
KXLOWTTTN,KXLOWTTTN-26SEP18-B62.5,Trenton Daily low temp ,KTTN,2026-09-18,between,62.0,63.0,The Weather Company,https://weather.com/kalshi,0.0,0.15,0.85,1.0,32.26,0.0,61.26,0.0,2026-09-19T05:00:00Z,active,2026-09-18T19:35:09.531474+00:00
KXLOWTTTN,KXLOWTTTN-26SEP18-B60.5,Trenton Daily low temp ,KTTN,2026-09-18,between,60.0,61.0,The Weather Company,https://weather.com/kalshi,0.0,0.02,0.98,1.0,100.0,0.0,50.37,0.0,2026-09-19T05:00:00Z,active,2026-09-18T19:35:09.531474+00:00
KXHIGHTOKC,KXHIGHTOKC-26SEP19-T96,Oklahoma City Maximum High Temperature,KOKC,2026-09-19,less,,96.0,The Weather Company,https://weather.com/kalshi,0.02,0.03,0.97,0.98,2.0,49.23,44.01,0.0,2026-09-20T06:00:00Z,active,2026-09-18T19:35:09.531474+00:00
KXHIGHTOKC,KXHIGHTOKC-26SEP19-T103,Oklahoma City Maximum High Temperature,KOKC,2026-09-19,greater,103.0,,The Weather Company,https://weather.com/kalshi,0.0,0.01,0.99,1.0,8.0,0.0,259.05,0.0,2026-09-20T06:00:00Z,active,2026-09-18T19:35:09.531474+00:00
KXHIGHTOKC,KXHIGHTOKC-26SEP19-B98.5,Oklahoma City Maximum High Temperature,KOKC,2026-09-19,between,98.0,99.0,The Weather Company,https://weather.com/kalshi,0.49,0.52,0.48,0.51,145.09,1.0,508.85,0.0,2026-09-20T06:00:00Z,active,2026-09-18T19:35:09.531474+00:00
KXHIGHTOKC,KXHIGHTOKC-26SEP19-B96.5,Oklahoma City Maximum High Temperature,KOKC,2026-09-19,between,96.0,97.0,The Weather Company,https://weather.com/kalshi,0.11,0.13,0.87,0.89,3.88,5.99,622.63,0.0,2026-09-20T06:00:00Z,active,2026-09-18T19:35:09.531474+00:00
KXHIGHTOKC,KXHIGHTOKC-26SEP19-B102.5,Oklahoma City Maximum High Temperature,KOKC,2026-09-19,between,102.0,103.0,The Weather Company,https://weather.com/kalshi,0.02,0.03,0.97,0.98,3.59,7.24,334.91,0.0,2026-09-20T06:00:00Z,active,2026-09-18T19:35:09.531474+00:00
KXHIGHTOKC,KXHIGHTOKC-26SEP19-B100.5,Oklahoma City Maximum High Temperature,KOKC,2026-09-19,between,100.0,101.0,The Weather Company,https://weather.com/kalshi,0.37,0.38,0.62,0.63,13.14,101.0,739.69,0.0,2026-09-20T06:00:00Z,active,2026-09-18T19:35:09.531474+00:00
KXHIGHTOKC,KXHIGHTOKC-26SEP18-T96,Oklahoma City Maximum High Temperature,KOKC,2026-09-18,less,,96.0,The Weather Company,https://weather.com/kalshi,0.0,0.01,0.99,1.0,41254.3,0.0,1083.6,0.0,2026-09-19T06:00:00Z,active,2026-09-18T19:35:09.531474+00:00
KXHIGHTOKC,KXHIGHTOKC-26SEP18-T103,Oklahoma City Maximum High Temperature,KOKC,2026-09-18,greater,103.0,,The Weather Company,https://weather.com/kalshi,0.0,0.01,0.99,1.0,2692.22,0.0,60.0,0.0,2026-09-19T06:00:00Z,active,2026-09-18T19:35:09.531474+00:00
KXHIGHTOKC,KXHIGHTOKC-26SEP18-B98.5,Oklahoma City Maximum High Temperature,KOKC,2026-09-18,between,98.0,99.0,The Weather Company,https://weather.com/kalshi,0.53,0.57,0.43,0.47,49.0,5.1,3604.48,0.0,2026-09-19T06:00:00Z,active,2026-09-18T19:35:09.531474+00:00
KXHIGHTOKC,KXHIGHTOKC-26SEP18-B96.5,Oklahoma City Maximum High Temperature,KOKC,2026-09-18,between,96.0,97.0,The Weather Company,https://weather.com/kalshi,0.0,0.01,0.99,1.0,40808.15,0.0,2342.25,0.0,2026-09-19T06:00:00Z,active,2026-09-18T19:35:09.531474+00:00
KXHIGHTOKC,KXHIGHTOKC-26SEP18-B102.5,Oklahoma City Maximum High Temperature,KOKC,2026-09-18,between,102.0,103.0,The Weather Company,https://weather.com/kalshi,0.0,0.01,0.99,1.0,3.0,0.0,802.53,0.0,2026-09-19T06:00:00Z,active,2026-09-18T19:35:09.531474+00:00
KXHIGHTOKC,KXHIGHTOKC-26SEP18-B100.5,Oklahoma City Maximum High Temperature,KOKC,2026-09-18,between,100.0,101.0,The Weather Company,https://weather.com/kalshi,0.44,0.45,0.55,0.56,8.0,25.5,3466.07,0.0,2026-09-19T06:00:00Z,active,2026-09-18T19:35:09.531474+00:00
KXHIGHTATL,KXHIGHTATL-26SEP19-T99,Atlanta Max Temperature,KATL,2026-09-19,greater,99.0,,The Weather Company,https://weather.com/kalshi,0.0,0.01,0.99,1.0,30.0,0.0,231.02,0.0,2026-09-20T05:00:00Z,active,2026-09-18T19:35:09.531474+00:00
KXHIGHTATL,KXHIGHTATL-26SEP19-T92,Atlanta Max Temperature,KATL,2026-09-19,less,,92.0,The Weather Company,https://weather.com/kalshi,0.15,0.16,0.84,0.85,37.0,244.04,505.98,0.0,2026-09-20T05:00:00Z,active,2026-09-18T19:35:09.531474+00:00
KXHIGHTATL,KXHIGHTATL-26SEP19-B98.5,Atlanta Max Temperature,KATL,2026-09-19,between,98.0,99.0,The Weather Company,https://weather.com/kalshi,0.02,0.03,0.97,0.98,11.24,0.94,86.3,0.0,2026-09-20T05:00:00Z,active,2026-09-18T19:35:09.531474+00:00
KXHIGHTATL,KXHIGHTATL-26SEP19-B96.5,Atlanta Max Temperature,KATL,2026-09-19,between,96.0,97.0,The Weather Company,https://weather.com/kalshi,0.08,0.09,0.91,0.92,2.98,23.0,306.04,0.0,2026-09-20T05:00:00Z,active,2026-09-18T19:35:09.531474+00:00
KXHIGHTATL,KXHIGHTATL-26SEP19-B94.5,Atlanta Max Temperature,KATL,2026-09-19,between,94.0,95.0,The Weather Company,https://weather.com/kalshi,0.34,0.37,0.63,0.66,1.08,18.18,516.75,0.0,2026-09-20T05:00:00Z,active,2026-09-18T19:35:09.531474+00:00
KXHIGHTATL,KXHIGHTATL-26SEP19-B92.5,Atlanta Max Temperature,KATL,2026-09-19,between,92.0,93.0,The Weather Company,https://weather.com/kalshi,0.28,0.31,0.69,0.72,23.0,5.0,407.63,0.0,2026-09-20T05:00:00Z,active,2026-09-18T19:35:09.531474+00:00
KXHIGHTATL,KXHIGHTATL-26SEP18-T93,Atlanta Max Temperature,KATL,2026-09-18,less,,93.0,The Weather Company,https://weather.com/kalshi,0.0,0.01,0.99,1.0,51130.83,0.0,2237.07,0.0,2026-09-19T05:00:00Z,active,2026-09-18T19:35:09.531474+00:00
KXHIGHTATL,KXHIGHTATL-26SEP18-T100,Atlanta Max Temperature,KATL,2026-09-18,greater,100.0,,The Weather Company,https://weather.com/kalshi,0.0,0.01,0.99,1.0,8666.22,0.0,755.77,0.0,2026-09-19T05:00:00Z,active,2026-09-18T19:35:09.531474+00:00
KXHIGHTATL,KXHIGHTATL-26SEP18-B99.5,Atlanta Max Temperature,KATL,2026-09-18,between,99.0,100.0,The Weather Company,https://weather.com/kalshi,0.0,0.01,0.99,1.0,288.63,0.0,1535.7,0.0,2026-09-19T05:00:00Z,active,2026-09-18T19:35:09.531474+00:00
KXHIGHTATL,KXHIGHTATL-26SEP18-B97.5,Atlanta Max Temperature,KATL,2026-09-18,between,97.0,98.0,The Weather Company,https://weather.com/kalshi,0.0,0.01,0.99,1.0,81.0,0.0,4229.8,0.0,2026-09-19T05:00:00Z,active,2026-09-18T19:35:09.531474+00:00
KXHIGHTATL,KXHIGHTATL-26SEP18-B95.5,Atlanta Max Temperature,KATL,2026-09-18,between,95.0,96.0,The Weather Company,https://weather.com/kalshi,0.19,0.22,0.78,0.81,1.0,19.0,4110.15,0.0,2026-09-19T05:00:00Z,active,2026-09-18T19:35:09.531474+00:00
KXHIGHTATL,KXHIGHTATL-26SEP18-B93.5,Atlanta Max Temperature,KATL,2026-09-18,between,93.0,94.0,The Weather Company,https://weather.com/kalshi,0.74,0.8,0.2,0.26,1.51,14.0,7167.51,0.0,2026-09-19T05:00:00Z,active,2026-09-18T19:35:09.531474+00:00
KXHIGHTSATX,KXHIGHTSATX-26SEP19-T95,San Antonio Daily Maximum Temperature,KSAT,2026-09-19,less,,95.0,The Weather Company,https://weather.com/kalshi,0.16,0.17,0.83,0.84,1.38,1.0,301.25,0.0,2026-09-20T06:00:00Z,active,2026-09-18T19:35:09.531474+00:00
KXHIGHTSATX,KXHIGHTSATX-26SEP19-T102,San Antonio Daily Maximum Temperature,KSAT,2026-09-19,greater,102.0,,The Weather Company,https://weather.com/kalshi,0.01,0.02,0.98,0.99,90.24,0.99,158.01,0.0,2026-09-20T06:00:00Z,active,2026-09-18T19:35:09.531474+00:00
KXHIGHTSATX,KXHIGHTSATX-26SEP19-B99.5,San Antonio Daily Maximum Temperature,KSAT,2026-09-19,between,99.0,100.0,The Weather Company,https://weather.com/kalshi,0.04,0.05,0.95,0.96,3.0,263.97,10.97,0.0,2026-09-20T06:00:00Z,active,2026-09-18T19:35:09.531474+00:00
KXHIGHTSATX,KXHIGHTSATX-26SEP19-B97.5,San Antonio Daily Maximum Temperature,KSAT,2026-09-19,between,97.0,98.0,The Weather Company,https://weather.com/kalshi,0.36,0.37,0.63,0.64,5.38,0.77,392.7,0.0,2026-09-20T06:00:00Z,active,2026-09-18T19:35:09.531474+00:00
KXHIGHTSATX,KXHIGHTSATX-26SEP19-B95.5,San Antonio Daily Maximum Temperature,KSAT,2026-09-19,between,95.0,96.0,The Weather Company,https://weather.com/kalshi,0.46,0.47,0.53,0.54,19.0,59.0,661.41,0.0,2026-09-20T06:00:00Z,active,2026-09-18T19:35:09.531474+00:00
KXHIGHTSATX,KXHIGHTSATX-26SEP19-B101.5,San Antonio Daily Maximum Temperature,KSAT,2026-09-19,between,101.0,102.0,The Weather Company,https://weather.com/kalshi,0.01,0.02,0.98,0.99,6.0,45.02,203.53,0.0,2026-09-20T06:00:00Z,active,2026-09-18T19:35:09.531474+00:00
KXHIGHTSATX,KXHIGHTSATX-26SEP18-T96,San Antonio Daily Maximum Temperature,KSAT,2026-09-18,less,,96.0,The Weather Company,https://weather.com/kalshi,0.97,0.98,0.02,0.03,7.17,8.0,3622.73,0.0,2026-09-19T06:00:00Z,active,2026-09-18T19:35:09.531474+00:00
KXHIGHTSATX,KXHIGHTSATX-26SEP18-T103,San Antonio Daily Maximum Temperature,KSAT,2026-09-18,greater,103.0,,The Weather Company,https://weather.com/kalshi,0.0,0.01,0.99,1.0,10093.24,0.0,146.0,0.0,2026-09-19T06:00:00Z,active,2026-09-18T19:35:09.531474+00:00
KXHIGHTSATX,KXHIGHTSATX-26SEP18-B98.5,San Antonio Daily Maximum Temperature,KSAT,2026-09-18,between,98.0,99.0,The Weather Company,https://weather.com/kalshi,0.0,0.01,0.99,1.0,152.74,0.0,1302.69,0.0,2026-09-19T06:00:00Z,active,2026-09-18T19:35:09.531474+00:00
KXHIGHTSATX,KXHIGHTSATX-26SEP18-B96.5,San Antonio Daily Maximum Temperature,KSAT,2026-09-18,between,96.0,97.0,The Weather Company,https://weather.com/kalshi,0.01,0.03,0.97,0.99,6.0,77.99,2505.07,0.0,2026-09-19T06:00:00Z,active,2026-09-18T19:35:09.531474+00:00
KXHIGHTSATX,KXHIGHTSATX-26SEP18-B102.5,San Antonio Daily Maximum Temperature,KSAT,2026-09-18,between,102.0,103.0,The Weather Company,https://weather.com/kalshi,0.0,0.01,0.99,1.0,9492.24,0.0,294.26,0.0,2026-09-19T06:00:00Z,active,2026-09-18T19:35:09.531474+00:00
KXHIGHTSATX,KXHIGHTSATX-26SEP18-B100.5,San Antonio Daily Maximum Temperature,KSAT,2026-09-18,between,100.0,101.0,The Weather Company,https://weather.com/kalshi,0.0,0.01,0.99,1.0,732.57,0.0,333.34,0.0,2026-09-19T06:00:00Z,active,2026-09-18T19:35:09.531474+00:00
KXHIGHLAX,KXHIGHLAX-26SEP19-T85,Highest temperature in Los Angeles,KLAX,2026-09-19,greater,85.0,,The Weather Company,https://weather.com/kalshi,0.0,0.01,0.99,1.0,4817.0,0.0,2306.0,0.0,2026-09-20T08:00:00Z,active,2026-09-18T19:35:09.531474+00:00
KXHIGHLAX,KXHIGHLAX-26SEP19-T78,Highest temperature in Los Angeles,KLAX,2026-09-19,less,,78.0,The Weather Company,https://weather.com/kalshi,0.32,0.33,0.67,0.68,69.57,178.65,2297.77,0.0,2026-09-20T08:00:00Z,active,2026-09-18T19:35:09.531474+00:00
KXHIGHLAX,KXHIGHLAX-26SEP19-B84.5,Highest temperature in Los Angeles,KLAX,2026-09-19,between,84.0,85.0,The Weather Company,https://weather.com/kalshi,0.01,0.03,0.97,0.99,107.0,1866.0,1420.07,0.0,2026-09-20T08:00:00Z,active,2026-09-18T19:35:09.531474+00:00
KXHIGHLAX,KXHIGHLAX-26SEP19-B82.5,Highest temperature in Los Angeles,KLAX,2026-09-19,between,82.0,83.0,The Weather Company,https://weather.com/kalshi,0.04,0.05,0.95,0.96,84.0,67.0,668.02,0.0,2026-09-20T08:00:00Z,active,2026-09-18T19:35:09.531474+00:00
KXHIGHLAX,KXHIGHLAX-26SEP19-B80.5,Highest temperature in Los Angeles,KLAX,2026-09-19,between,80.0,81.0,The Weather Company,https://weather.com/kalshi,0.14,0.15,0.85,0.86,46.41,95.43,1765.37,0.0,2026-09-20T08:00:00Z,active,2026-09-18T19:35:09.531474+00:00
KXHIGHLAX,KXHIGHLAX-26SEP19-B78.5,Highest temperature in Los Angeles,KLAX,2026-09-19,between,78.0,79.0,The Weather Company,https://weather.com/kalshi,0.44,0.45,0.55,0.56,22.0,62.04,522.03,0.0,2026-09-20T08:00:00Z,active,2026-09-18T19:35:09.531474+00:00
KXHIGHLAX,KXHIGHLAX-26SEP18-T79,Highest temperature in Los Angeles,KLAX,2026-09-18,greater,79.0,,The Weather Company,https://weather.com/kalshi,0.04,0.05,0.95,0.96,307.0,10.0,65660.21,0.0,2026-09-19T08:00:00Z,active,2026-09-18T19:35:09.531474+00:00
KXHIGHLAX,KXHIGHLAX-26SEP18-T72,Highest temperature in Los Angeles,KLAX,2026-09-18,less,,72.0,The Weather Company,https://weather.com/kalshi,0.0,0.01,0.99,1.0,192312.27,0.0,4072.68,0.0,2026-09-19T08:00:00Z,active,2026-09-18T19:35:09.531474+00:00
KXHIGHLAX,KXHIGHLAX-26SEP18-B78.5,Highest temperature in Los Angeles,KLAX,2026-09-18,between,78.0,79.0,The Weather Company,https://weather.com/kalshi,0.45,0.49,0.51,0.55,73.0,32.57,44605.77,0.0,2026-09-19T08:00:00Z,active,2026-09-18T19:35:09.531474+00:00
KXHIGHLAX,KXHIGHLAX-26SEP18-B76.5,Highest temperature in Los Angeles,KLAX,2026-09-18,between,76.0,77.0,The Weather Company,https://weather.com/kalshi,0.47,0.48,0.52,0.53,4.0,140.09,46033.63,0.0,2026-09-19T08:00:00Z,active,2026-09-18T19:35:09.531474+00:00
KXHIGHLAX,KXHIGHLAX-26SEP18-B74.5,Highest temperature in Los Angeles,KLAX,2026-09-18,between,74.0,75.0,The Weather Company,https://weather.com/kalshi,0.0,0.01,0.99,1.0,157314.15,0.0,29935.95,0.0,2026-09-19T08:00:00Z,active,2026-09-18T19:35:09.531474+00:00
KXHIGHLAX,KXHIGHLAX-26SEP18-B72.5,Highest temperature in Los Angeles,KLAX,2026-09-18,between,72.0,73.0,The Weather Company,https://weather.com/kalshi,0.0,0.01,0.99,1.0,162985.07,0.0,1673.75,0.0,2026-09-19T08:00:00Z,active,2026-09-18T19:35:09.531474+00:00
KXHIGHTTTN,KXHIGHTTTN-26SEP19-T78,"Trenton, NJ Daily Max Temp",KTTN,2026-09-19,greater,78.0,,The Weather Company,https://weather.com/kalshi,0.01,0.02,0.98,0.99,6.0,30.0,0.0,0.0,2026-09-20T05:00:00Z,active,2026-09-18T19:35:09.531474+00:00
KXHIGHTTTN,KXHIGHTTTN-26SEP19-T71,"Trenton, NJ Daily Max Temp",KTTN,2026-09-19,less,,71.0,The Weather Company,https://weather.com/kalshi,0.06,0.16,0.84,0.94,25.0,47.0,0.0,0.0,2026-09-20T05:00:00Z,active,2026-09-18T19:35:09.531474+00:00
KXHIGHTTTN,KXHIGHTTTN-26SEP19-B77.5,"Trenton, NJ Daily Max Temp",KTTN,2026-09-19,between,77.0,78.0,The Weather Company,https://weather.com/kalshi,0.02,0.1,0.9,0.98,19.0,29.0,50.0,0.0,2026-09-20T05:00:00Z,active,2026-09-18T19:35:09.531474+00:00
KXHIGHTTTN,KXHIGHTTTN-26SEP19-B75.5,"Trenton, NJ Daily Max Temp",KTTN,2026-09-19,between,75.0,76.0,The Weather Company,https://weather.com/kalshi,0.04,0.14,0.86,0.96,25.0,47.0,0.0,0.0,2026-09-20T05:00:00Z,active,2026-09-18T19:35:09.531474+00:00
KXHIGHTTTN,KXHIGHTTTN-26SEP19-B73.5,"Trenton, NJ Daily Max Temp",KTTN,2026-09-19,between,73.0,74.0,The Weather Company,https://weather.com/kalshi,0.38,0.48,0.52,0.62,3.0,2.0,2.0,0.0,2026-09-20T05:00:00Z,active,2026-09-18T19:35:09.531474+00:00
KXHIGHTTTN,KXHIGHTTTN-26SEP19-B71.5,"Trenton, NJ Daily Max Temp",KTTN,2026-09-19,between,71.0,72.0,The Weather Company,https://weather.com/kalshi,0.41,0.52,0.48,0.59,5.0,5.0,0.0,0.0,2026-09-20T05:00:00Z,active,2026-09-18T19:35:09.531474+00:00
KXHIGHTTTN,KXHIGHTTTN-26SEP18-T87,"Trenton, NJ Daily Max Temp",KTTN,2026-09-18,greater,87.0,,The Weather Company,https://weather.com/kalshi,0.0,0.07,0.93,1.0,36.38,0.0,51.38,0.0,2026-09-19T05:00:00Z,active,2026-09-18T19:35:09.531474+00:00
KXHIGHTTTN,KXHIGHTTTN-26SEP18-T80,"Trenton, NJ Daily Max Temp",KTTN,2026-09-18,less,,80.0,The Weather Company,https://weather.com/kalshi,0.0,0.01,0.99,1.0,8528.32,0.0,326.51,0.0,2026-09-19T05:00:00Z,active,2026-09-18T19:35:09.531474+00:00
KXHIGHTTTN,KXHIGHTTTN-26SEP18-B86.5,"Trenton, NJ Daily Max Temp",KTTN,2026-09-18,between,86.0,87.0,The Weather Company,https://weather.com/kalshi,0.0,0.07,0.93,1.0,17.18,0.0,40.18,0.0,2026-09-19T05:00:00Z,active,2026-09-18T19:35:09.531474+00:00
KXHIGHTTTN,KXHIGHTTTN-26SEP18-B84.5,"Trenton, NJ Daily Max Temp",KTTN,2026-09-18,between,84.0,85.0,The Weather Company,https://weather.com/kalshi,0.2,0.33,0.67,0.8,16.0,1.0,161.8,0.0,2026-09-19T05:00:00Z,active,2026-09-18T19:35:09.531474+00:00
KXHIGHTTTN,KXHIGHTTTN-26SEP18-B82.5,"Trenton, NJ Daily Max Temp",KTTN,2026-09-18,between,82.0,83.0,The Weather Company,https://weather.com/kalshi,0.67,0.8,0.2,0.33,1.0,10.0,227.28,0.0,2026-09-19T05:00:00Z,active,2026-09-18T19:35:09.531474+00:00
KXHIGHTTTN,KXHIGHTTTN-26SEP18-B80.5,"Trenton, NJ Daily Max Temp",KTTN,2026-09-18,between,80.0,81.0,The Weather Company,https://weather.com/kalshi,0.0,0.01,0.99,1.0,8505.0,0.0,434.0,0.0,2026-09-19T05:00:00Z,active,2026-09-18T19:35:09.531474+00:00
KXLOWTDEN,KXLOWTDEN-26SEP19-T57,Lowest temperature in Denver,KDEN,2026-09-19,greater,57.0,,The Weather Company,https://weather.com/kalshi,0.06,0.09,0.91,0.94,3.87,46.01,7.0,0.0,2026-09-20T07:00:00Z,active,2026-09-18T19:35:09.531474+00:00
KXLOWTDEN,KXLOWTDEN-26SEP19-T50,Lowest temperature in Denver,KDEN,2026-09-19,less,,50.0,The Weather Company,https://weather.com/kalshi,0.02,0.07,0.93,0.98,1.0,6.87,25.05,0.0,2026-09-20T07:00:00Z,active,2026-09-18T19:35:09.531474+00:00
KXLOWTDEN,KXLOWTDEN-26SEP19-B56.5,Lowest temperature in Denver,KDEN,2026-09-19,between,56.0,57.0,The Weather Company,https://weather.com/kalshi,0.21,0.24,0.76,0.79,1.29,30.0,6.87,0.0,2026-09-20T07:00:00Z,active,2026-09-18T19:35:09.531474+00:00
KXLOWTDEN,KXLOWTDEN-26SEP19-B54.5,Lowest temperature in Denver,KDEN,2026-09-19,between,54.0,55.0,The Weather Company,https://weather.com/kalshi,0.36,0.37,0.63,0.64,1.0,5.73,52.0,0.0,2026-09-20T07:00:00Z,active,2026-09-18T19:35:09.531474+00:00
KXLOWTDEN,KXLOWTDEN-26SEP19-B52.5,Lowest temperature in Denver,KDEN,2026-09-19,between,52.0,53.0,The Weather Company,https://weather.com/kalshi,0.18,0.22,0.78,0.82,33.87,33.94,26.0,0.0,2026-09-20T07:00:00Z,active,2026-09-18T19:35:09.531474+00:00
KXLOWTDEN,KXLOWTDEN-26SEP19-B50.5,Lowest temperature in Denver,KDEN,2026-09-19,between,50.0,51.0,The Weather Company,https://weather.com/kalshi,0.07,0.08,0.92,0.93,28.87,1.0,11.96,0.0,2026-09-20T07:00:00Z,active,2026-09-18T19:35:09.531474+00:00
KXLOWTDEN,KXLOWTDEN-26SEP18-T62,Lowest temperature in Denver,KDEN,2026-09-18,greater,62.0,,The Weather Company,https://weather.com/kalshi,0.0,0.01,0.99,1.0,15298.32,0.0,1904.83,0.0,2026-09-19T07:00:00Z,active,2026-09-18T19:35:09.531474+00:00
KXLOWTDEN,KXLOWTDEN-26SEP18-T55,Lowest temperature in Denver,KDEN,2026-09-18,less,,55.0,The Weather Company,https://weather.com/kalshi,0.0,0.03,0.97,1.0,5.0,0.0,203.55,0.0,2026-09-19T07:00:00Z,active,2026-09-18T19:35:09.531474+00:00
KXLOWTDEN,KXLOWTDEN-26SEP18-B61.5,Lowest temperature in Denver,KDEN,2026-09-18,between,61.0,62.0,The Weather Company,https://weather.com/kalshi,0.0,0.01,0.99,1.0,21241.13,0.0,24379.05,0.0,2026-09-19T07:00:00Z,active,2026-09-18T19:35:09.531474+00:00
KXLOWTDEN,KXLOWTDEN-26SEP18-B59.5,Lowest temperature in Denver,KDEN,2026-09-18,between,59.0,60.0,The Weather Company,https://weather.com/kalshi,0.63,0.73,0.27,0.37,5.0,2.0,1040.46,0.0,2026-09-19T07:00:00Z,active,2026-09-18T19:35:09.531474+00:00
KXLOWTDEN,KXLOWTDEN-26SEP18-B57.5,Lowest temperature in Denver,KDEN,2026-09-18,between,57.0,58.0,The Weather Company,https://weather.com/kalshi,0.23,0.34,0.66,0.77,5.0,3.0,802.61,0.0,2026-09-19T07:00:00Z,active,2026-09-18T19:35:09.531474+00:00
KXLOWTDEN,KXLOWTDEN-26SEP18-B55.5,Lowest temperature in Denver,KDEN,2026-09-18,between,55.0,56.0,The Weather Company,https://weather.com/kalshi,0.05,0.11,0.89,0.95,5.0,6.0,498.65,0.0,2026-09-19T07:00:00Z,active,2026-09-18T19:35:09.531474+00:00
KXHIGHTPHX,KXHIGHTPHX-26SEP19-T99,Phoenix High Temperature Daily,KPHX,2026-09-19,less,,99.0,The Weather Company,https://weather.com/kalshi,0.02,0.03,0.97,0.98,84.0,36.0,245.3,0.0,2026-09-20T07:00:00Z,active,2026-09-18T19:35:09.531474+00:00
KXHIGHTPHX,KXHIGHTPHX-26SEP19-T106,Phoenix High Temperature Daily,KPHX,2026-09-19,greater,106.0,,The Weather Company,https://weather.com/kalshi,0.0,0.01,0.99,1.0,176.29,0.0,412.0,0.0,2026-09-20T07:00:00Z,active,2026-09-18T19:35:09.531474+00:00
KXHIGHTPHX,KXHIGHTPHX-26SEP19-B99.5,Phoenix High Temperature Daily,KPHX,2026-09-19,between,99.0,100.0,The Weather Company,https://weather.com/kalshi,0.01,0.03,0.97,0.99,87.0,1073.5,167.21,0.0,2026-09-20T07:00:00Z,active,2026-09-18T19:35:09.531474+00:00
KXHIGHTPHX,KXHIGHTPHX-26SEP19-B105.5,Phoenix High Temperature Daily,KPHX,2026-09-19,between,105.0,106.0,The Weather Company,https://weather.com/kalshi,0.11,0.12,0.88,0.89,114.01,9.0,189.21,0.0,2026-09-20T07:00:00Z,active,2026-09-18T19:35:09.531474+00:00
KXHIGHTPHX,KXHIGHTPHX-26SEP19-B103.5,Phoenix High Temperature Daily,KPHX,2026-09-19,between,103.0,104.0,The Weather Company,https://weather.com/kalshi,0.59,0.6,0.4,0.41,8.0,3.3,192.71,0.0,2026-09-20T07:00:00Z,active,2026-09-18T19:35:09.531474+00:00
KXHIGHTPHX,KXHIGHTPHX-26SEP19-B101.5,Phoenix High Temperature Daily,KPHX,2026-09-19,between,101.0,102.0,The Weather Company,https://weather.com/kalshi,0.31,0.32,0.68,0.69,46.85,6.28,267.66,0.0,2026-09-20T07:00:00Z,active,2026-09-18T19:35:09.531474+00:00
KXHIGHTPHX,KXHIGHTPHX-26SEP18-T98,Phoenix High Temperature Daily,KPHX,2026-09-18,less,,98.0,The Weather Company,https://weather.com/kalshi,0.0,0.01,0.99,1.0,180589.78,0.0,4123.79,0.0,2026-09-19T07:00:00Z,active,2026-09-18T19:35:09.531474+00:00
KXHIGHTPHX,KXHIGHTPHX-26SEP18-T105,Phoenix High Temperature Daily,KPHX,2026-09-18,greater,105.0,,The Weather Company,https://weather.com/kalshi,0.0,0.01,0.99,1.0,781.44,0.0,2998.61,0.0,2026-09-19T07:00:00Z,active,2026-09-18T19:35:09.531474+00:00
KXHIGHTPHX,KXHIGHTPHX-26SEP18-B98.5,Phoenix High Temperature Daily,KPHX,2026-09-18,between,98.0,99.0,The Weather Company,https://weather.com/kalshi,0.06,0.15,0.85,0.94,57.0,83.0,7988.76,0.0,2026-09-19T07:00:00Z,active,2026-09-18T19:35:09.531474+00:00
KXHIGHTPHX,KXHIGHTPHX-26SEP18-B104.5,Phoenix High Temperature Daily,KPHX,2026-09-18,between,104.0,105.0,The Weather Company,https://weather.com/kalshi,0.02,0.03,0.97,0.98,37.0,99.16,4371.15,0.0,2026-09-19T07:00:00Z,active,2026-09-18T19:35:09.531474+00:00
KXHIGHTPHX,KXHIGHTPHX-26SEP18-B102.5,Phoenix High Temperature Daily,KPHX,2026-09-18,between,102.0,103.0,The Weather Company,https://weather.com/kalshi,0.5,0.57,0.43,0.5,56.01,28.0,4813.81,0.0,2026-09-19T07:00:00Z,active,2026-09-18T19:35:09.531474+00:00
KXHIGHTPHX,KXHIGHTPHX-26SEP18-B100.5,Phoenix High Temperature Daily,KPHX,2026-09-18,between,100.0,101.0,The Weather Company,https://weather.com/kalshi,0.32,0.42,0.58,0.68,27.0,8.0,5102.03,0.0,2026-09-19T07:00:00Z,active,2026-09-18T19:35:09.531474+00:00
KXHIGHTSEA,KXHIGHTSEA-26SEP19-T77,Seattle Maximum Temperature Daily,KSEA,2026-09-19,greater,77.0,,The Weather Company,https://weather.com/kalshi,0.01,0.02,0.98,0.99,87.24,26.0,436.67,0.0,2026-09-20T08:00:00Z,active,2026-09-18T19:35:09.531474+00:00
KXHIGHTSEA,KXHIGHTSEA-26SEP19-T70,Seattle Maximum Temperature Daily,KSEA,2026-09-19,less,,70.0,The Weather Company,https://weather.com/kalshi,0.29,0.31,0.69,0.71,11.45,7.0,707.66,0.0,2026-09-20T08:00:00Z,active,2026-09-18T19:35:09.531474+00:00
KXHIGHTSEA,KXHIGHTSEA-26SEP19-B76.5,Seattle Maximum Temperature Daily,KSEA,2026-09-19,between,76.0,77.0,The Weather Company,https://weather.com/kalshi,0.03,0.04,0.96,0.97,39.13,24.35,75.65,0.0,2026-09-20T08:00:00Z,active,2026-09-18T19:35:09.531474+00:00
KXHIGHTSEA,KXHIGHTSEA-26SEP19-B74.5,Seattle Maximum Temperature Daily,KSEA,2026-09-19,between,74.0,75.0,The Weather Company,https://weather.com/kalshi,0.05,0.06,0.94,0.95,15.8,37.89,1431.04,0.0,2026-09-20T08:00:00Z,active,2026-09-18T19:35:09.531474+00:00
KXHIGHTSEA,KXHIGHTSEA-26SEP19-B72.5,Seattle Maximum Temperature Daily,KSEA,2026-09-19,between,72.0,73.0,The Weather Company,https://weather.com/kalshi,0.28,0.29,0.71,0.72,51.97,1.0,70.28,0.0,2026-09-20T08:00:00Z,active,2026-09-18T19:35:09.531474+00:00
KXHIGHTSEA,KXHIGHTSEA-26SEP19-B70.5,Seattle Maximum Temperature Daily,KSEA,2026-09-19,between,70.0,71.0,The Weather Company,https://weather.com/kalshi,0.38,0.4,0.6,0.62,81.77,5.86,165.51,0.0,2026-09-20T08:00:00Z,active,2026-09-18T19:35:09.531474+00:00
KXHIGHTSEA,KXHIGHTSEA-26SEP18-T76,Seattle Maximum Temperature Daily,KSEA,2026-09-18,greater,76.0,,The Weather Company,https://weather.com/kalshi,0.0,0.01,0.99,1.0,1695.87,0.0,1050.75,0.0,2026-09-19T08:00:00Z,active,2026-09-18T19:35:09.531474+00:00
KXHIGHTSEA,KXHIGHTSEA-26SEP18-T69,Seattle Maximum Temperature Daily,KSEA,2026-09-18,less,,69.0,The Weather Company,https://weather.com/kalshi,0.07,0.1,0.9,0.93,9.0,22.0,6260.59,0.0,2026-09-19T08:00:00Z,active,2026-09-18T19:35:09.531474+00:00
KXHIGHTSEA,KXHIGHTSEA-26SEP18-B75.5,Seattle Maximum Temperature Daily,KSEA,2026-09-18,between,75.0,76.0,The Weather Company,https://weather.com/kalshi,0.01,0.03,0.97,0.99,133.0,307.24,2068.73,0.0,2026-09-19T08:00:00Z,active,2026-09-18T19:35:09.531474+00:00
KXHIGHTSEA,KXHIGHTSEA-26SEP18-B73.5,Seattle Maximum Temperature Daily,KSEA,2026-09-18,between,73.0,74.0,The Weather Company,https://weather.com/kalshi,0.04,0.06,0.94,0.96,10.0,158.71,6060.94,0.0,2026-09-19T08:00:00Z,active,2026-09-18T19:35:09.531474+00:00
KXHIGHTSEA,KXHIGHTSEA-26SEP18-B71.5,Seattle Maximum Temperature Daily,KSEA,2026-09-18,between,71.0,72.0,The Weather Company,https://weather.com/kalshi,0.38,0.41,0.59,0.62,8.0,10.0,3166.91,0.0,2026-09-19T08:00:00Z,active,2026-09-18T19:35:09.531474+00:00
KXHIGHTSEA,KXHIGHTSEA-26SEP18-B69.5,Seattle Maximum Temperature Daily,KSEA,2026-09-18,between,69.0,70.0,The Weather Company,https://weather.com/kalshi,0.41,0.47,0.53,0.59,12.9,20.0,2903.57,0.0,2026-09-19T08:00:00Z,active,2026-09-18T19:35:09.531474+00:00
KXHIGHPHIL,KXHIGHPHIL-26SEP19-T81,Highest temperature in Philadelphia,KPHL,2026-09-19,greater,81.0,,The Weather Company,https://weather.com/kalshi,0.01,0.02,0.98,0.99,333.23,261.49,398.73,0.0,2026-09-20T05:00:00Z,active,2026-09-18T19:35:09.531474+00:00
KXHIGHPHIL,KXHIGHPHIL-26SEP19-T74,Highest temperature in Philadelphia,KPHL,2026-09-19,less,,74.0,The Weather Company,https://weather.com/kalshi,0.07,0.08,0.92,0.93,41.0,2.78,36.22,0.0,2026-09-20T05:00:00Z,active,2026-09-18T19:35:09.531474+00:00
KXHIGHPHIL,KXHIGHPHIL-26SEP19-B80.5,Highest temperature in Philadelphia,KPHL,2026-09-19,between,80.0,81.0,The Weather Company,https://weather.com/kalshi,0.06,0.07,0.93,0.94,28.0,0.78,2.0,0.0,2026-09-20T05:00:00Z,active,2026-09-18T19:35:09.531474+00:00
KXHIGHPHIL,KXHIGHPHIL-26SEP19-B78.5,Highest temperature in Philadelphia,KPHL,2026-09-19,between,78.0,79.0,The Weather Company,https://weather.com/kalshi,0.2,0.25,0.75,0.8,31.29,14.99,98.12,0.0,2026-09-20T05:00:00Z,active,2026-09-18T19:35:09.531474+00:00
KXHIGHPHIL,KXHIGHPHIL-26SEP19-B76.5,Highest temperature in Philadelphia,KPHL,2026-09-19,between,76.0,77.0,The Weather Company,https://weather.com/kalshi,0.41,0.43,0.57,0.59,24.36,25.0,75.25,0.0,2026-09-20T05:00:00Z,active,2026-09-18T19:35:09.531474+00:00
KXHIGHPHIL,KXHIGHPHIL-26SEP19-B74.5,Highest temperature in Philadelphia,KPHL,2026-09-19,between,74.0,75.0,The Weather Company,https://weather.com/kalshi,0.16,0.17,0.83,0.84,1.0,25.0,141.77,0.0,2026-09-20T05:00:00Z,active,2026-09-18T19:35:09.531474+00:00
KXHIGHPHIL,KXHIGHPHIL-26SEP18-T88,Highest temperature in Philadelphia,KPHL,2026-09-18,greater,88.0,,The Weather Company,https://weather.com/kalshi,0.0,0.01,0.99,1.0,314.41,0.0,1239.13,0.0,2026-09-19T05:00:00Z,active,2026-09-18T19:35:09.531474+00:00
KXHIGHPHIL,KXHIGHPHIL-26SEP18-T81,Highest temperature in Philadelphia,KPHL,2026-09-18,less,,81.0,The Weather Company,https://weather.com/kalshi,0.0,0.01,0.99,1.0,103722.47,0.0,1709.76,0.0,2026-09-19T05:00:00Z,active,2026-09-18T19:35:09.531474+00:00
KXHIGHPHIL,KXHIGHPHIL-26SEP18-B87.5,Highest temperature in Philadelphia,KPHL,2026-09-18,between,87.0,88.0,The Weather Company,https://weather.com/kalshi,0.01,0.03,0.97,0.99,15.0,571.95,4546.49,0.0,2026-09-19T05:00:00Z,active,2026-09-18T19:35:09.531474+00:00
KXHIGHPHIL,KXHIGHPHIL-26SEP18-B85.5,Highest temperature in Philadelphia,KPHL,2026-09-18,between,85.0,86.0,The Weather Company,https://weather.com/kalshi,0.97,0.98,0.02,0.03,16.51,4.83,6014.07,0.0,2026-09-19T05:00:00Z,active,2026-09-18T19:35:09.531474+00:00
KXHIGHPHIL,KXHIGHPHIL-26SEP18-B83.5,Highest temperature in Philadelphia,KPHL,2026-09-18,between,83.0,84.0,The Weather Company,https://weather.com/kalshi,0.0,0.01,0.99,1.0,101130.9,0.0,8856.07,0.0,2026-09-19T05:00:00Z,active,2026-09-18T19:35:09.531474+00:00
KXHIGHPHIL,KXHIGHPHIL-26SEP18-B81.5,Highest temperature in Philadelphia,KPHL,2026-09-18,between,81.0,82.0,The Weather Company,https://weather.com/kalshi,0.0,0.01,0.99,1.0,102079.79,0.0,3846.72,0.0,2026-09-19T05:00:00Z,active,2026-09-18T19:35:09.531474+00:00
KXHIGHTHOU,KXHIGHTHOU-26SEP19-T99,Daily High Temperature Houston,KHOU,2026-09-19,greater,99.0,,The Weather Company,https://weather.com/kalshi,0.01,0.02,0.98,0.99,20.47,25.68,645.33,0.0,2026-09-20T06:00:00Z,active,2026-09-18T19:35:09.531474+00:00
KXHIGHTHOU,KXHIGHTHOU-26SEP19-T92,Daily High Temperature Houston,KHOU,2026-09-19,less,,92.0,The Weather Company,https://weather.com/kalshi,0.12,0.13,0.87,0.88,3.64,1.0,48.0,0.0,2026-09-20T06:00:00Z,active,2026-09-18T19:35:09.531474+00:00
KXHIGHTHOU,KXHIGHTHOU-26SEP19-B98.5,Daily High Temperature Houston,KHOU,2026-09-19,between,98.0,99.0,The Weather Company,https://weather.com/kalshi,0.01,0.03,0.97,0.99,15.0,211.32,42.97,0.0,2026-09-20T06:00:00Z,active,2026-09-18T19:35:09.531474+00:00
KXHIGHTHOU,KXHIGHTHOU-26SEP19-B96.5,Daily High Temperature Houston,KHOU,2026-09-19,between,96.0,97.0,The Weather Company,https://weather.com/kalshi,0.06,0.07,0.93,0.94,5.61,149.0,128.4,0.0,2026-09-20T06:00:00Z,active,2026-09-18T19:35:09.531474+00:00
KXHIGHTHOU,KXHIGHTHOU-26SEP19-B94.5,Daily High Temperature Houston,KHOU,2026-09-19,between,94.0,95.0,The Weather Company,https://weather.com/kalshi,0.31,0.35,0.65,0.69,1.0,30.01,64.68,0.0,2026-09-20T06:00:00Z,active,2026-09-18T19:35:09.531474+00:00
KXHIGHTHOU,KXHIGHTHOU-26SEP19-B92.5,Daily High Temperature Houston,KHOU,2026-09-19,between,92.0,93.0,The Weather Company,https://weather.com/kalshi,0.43,0.44,0.56,0.57,18.93,22.09,223.94,0.0,2026-09-20T06:00:00Z,active,2026-09-18T19:35:09.531474+00:00
KXHIGHTHOU,KXHIGHTHOU-26SEP18-T97,Daily High Temperature Houston,KHOU,2026-09-18,greater,97.0,,The Weather Company,https://weather.com/kalshi,0.0,0.01,0.99,1.0,148.39,0.0,1526.6,0.0,2026-09-19T06:00:00Z,active,2026-09-18T19:35:09.531474+00:00
KXHIGHTHOU,KXHIGHTHOU-26SEP18-T90,Daily High Temperature Houston,KHOU,2026-09-18,less,,90.0,The Weather Company,https://weather.com/kalshi,0.0,0.01,0.99,1.0,54348.39,0.0,709.14,0.0,2026-09-19T06:00:00Z,active,2026-09-18T19:35:09.531474+00:00
KXHIGHTHOU,KXHIGHTHOU-26SEP18-B96.5,Daily High Temperature Houston,KHOU,2026-09-18,between,96.0,97.0,The Weather Company,https://weather.com/kalshi,0.0,0.01,0.99,1.0,50.88,0.0,2327.9,0.0,2026-09-19T06:00:00Z,active,2026-09-18T19:35:09.531474+00:00
KXHIGHTHOU,KXHIGHTHOU-26SEP18-B94.5,Daily High Temperature Houston,KHOU,2026-09-18,between,94.0,95.0,The Weather Company,https://weather.com/kalshi,0.27,0.34,0.66,0.73,151.16,5.0,2638.31,0.0,2026-09-19T06:00:00Z,active,2026-09-18T19:35:09.531474+00:00
KXHIGHTHOU,KXHIGHTHOU-26SEP18-B92.5,Daily High Temperature Houston,KHOU,2026-09-18,between,92.0,93.0,The Weather Company,https://weather.com/kalshi,0.64,0.75,0.25,0.36,7.0,9.3,3350.58,0.0,2026-09-19T06:00:00Z,active,2026-09-18T19:35:09.531474+00:00
KXHIGHTHOU,KXHIGHTHOU-26SEP18-B90.5,Daily High Temperature Houston,KHOU,2026-09-18,between,90.0,91.0,The Weather Company,https://weather.com/kalshi,0.0,0.01,0.99,1.0,6.11,0.0,1552.5,0.0,2026-09-19T06:00:00Z,active,2026-09-18T19:35:09.531474+00:00
KXHIGHTSDF,KXHIGHTSDF-26SEP19-T98,HIGHEST Temperature SATX,KSDF,2026-09-19,greater,98.0,,The Weather Company,https://weather.com/kalshi,0.0,0.02,0.98,1.0,25.0,0.0,0.0,0.0,2026-09-20T05:00:00Z,active,2026-09-18T19:35:09.531474+00:00
KXHIGHTSDF,KXHIGHTSDF-26SEP19-T91,HIGHEST Temperature SATX,KSDF,2026-09-19,less,,91.0,The Weather Company,https://weather.com/kalshi,0.02,0.1,0.9,0.98,25.0,29.0,0.0,0.0,2026-09-20T05:00:00Z,active,2026-09-18T19:35:09.531474+00:00
KXHIGHTSDF,KXHIGHTSDF-26SEP19-B97.5,HIGHEST Temperature SATX,KSDF,2026-09-19,between,97.0,98.0,The Weather Company,https://weather.com/kalshi,0.02,0.12,0.88,0.98,19.0,47.0,0.0,0.0,2026-09-20T05:00:00Z,active,2026-09-18T19:35:09.531474+00:00
KXHIGHTSDF,KXHIGHTSDF-26SEP19-B95.5,HIGHEST Temperature SATX,KSDF,2026-09-19,between,95.0,96.0,The Weather Company,https://weather.com/kalshi,0.4,0.58,0.42,0.6,5.0,5.0,0.0,0.0,2026-09-20T05:00:00Z,active,2026-09-18T19:35:09.531474+00:00
KXHIGHTSDF,KXHIGHTSDF-26SEP19-B93.5,HIGHEST Temperature SATX,KSDF,2026-09-19,between,93.0,94.0,The Weather Company,https://weather.com/kalshi,0.35,0.46,0.54,0.65,5.0,19.0,80.0,0.0,2026-09-20T05:00:00Z,active,2026-09-18T19:35:09.531474+00:00
KXHIGHTSDF,KXHIGHTSDF-26SEP19-B91.5,HIGHEST Temperature SATX,KSDF,2026-09-19,between,91.0,92.0,The Weather Company,https://weather.com/kalshi,0.03,0.13,0.87,0.97,19.0,47.0,0.0,0.0,2026-09-20T05:00:00Z,active,2026-09-18T19:35:09.531474+00:00
KXHIGHTSDF,KXHIGHTSDF-26SEP18-T97,HIGHEST Temperature SATX,KSDF,2026-09-18,greater,97.0,,The Weather Company,https://weather.com/kalshi,0.0,0.01,0.99,1.0,2.31,0.0,45.0,0.0,2026-09-19T05:00:00Z,active,2026-09-18T19:35:09.531474+00:00
KXHIGHTSDF,KXHIGHTSDF-26SEP18-T90,HIGHEST Temperature SATX,KSDF,2026-09-18,less,,90.0,The Weather Company,https://weather.com/kalshi,0.0,0.01,0.99,1.0,552.47,0.0,28.8,0.0,2026-09-19T05:00:00Z,active,2026-09-18T19:35:09.531474+00:00
KXHIGHTSDF,KXHIGHTSDF-26SEP18-B96.5,HIGHEST Temperature SATX,KSDF,2026-09-18,between,96.0,97.0,The Weather Company,https://weather.com/kalshi,0.0,0.05,0.95,1.0,25.0,0.0,303.8,0.0,2026-09-19T05:00:00Z,active,2026-09-18T19:35:09.531474+00:00
KXHIGHTSDF,KXHIGHTSDF-26SEP18-B94.5,HIGHEST Temperature SATX,KSDF,2026-09-18,between,94.0,95.0,The Weather Company,https://weather.com/kalshi,0.27,0.38,0.62,0.73,6.0,50.0,245.72,0.0,2026-09-19T05:00:00Z,active,2026-09-18T19:35:09.531474+00:00
KXHIGHTSDF,KXHIGHTSDF-26SEP18-B92.5,HIGHEST Temperature SATX,KSDF,2026-09-18,between,92.0,93.0,The Weather Company,https://weather.com/kalshi,0.57,0.7,0.3,0.43,50.0,10.0,647.63,0.0,2026-09-19T05:00:00Z,active,2026-09-18T19:35:09.531474+00:00
KXHIGHTSDF,KXHIGHTSDF-26SEP18-B90.5,HIGHEST Temperature SATX,KSDF,2026-09-18,between,90.0,91.0,The Weather Company,https://weather.com/kalshi,0.0,0.01,0.99,1.0,546.0,0.0,89.71,0.0,2026-09-19T05:00:00Z,active,2026-09-18T19:35:09.531474+00:00
KXLOWTMIN,KXLOWTMIN-26SEP19-T58,Low  temperature Minnesota,KMSP,2026-09-19,greater,58.0,,The Weather Company,https://weather.com/kalshi,0.26,0.36,0.64,0.74,2.6,0.26,126.0,0.0,2026-09-20T06:00:00Z,active,2026-09-18T19:35:09.531474+00:00
KXLOWTMIN,KXLOWTMIN-26SEP19-T51,Low  temperature Minnesota,KMSP,2026-09-19,less,,51.0,The Weather Company,https://weather.com/kalshi,0.0,0.02,0.98,1.0,3.0,0.0,107.19,0.0,2026-09-20T06:00:00Z,active,2026-09-18T19:35:09.531474+00:00
KXLOWTMIN,KXLOWTMIN-26SEP19-B57.5,Low  temperature Minnesota,KMSP,2026-09-19,between,57.0,58.0,The Weather Company,https://weather.com/kalshi,0.32,0.42,0.58,0.68,0.36,27.6,63.52,0.0,2026-09-20T06:00:00Z,active,2026-09-18T19:35:09.531474+00:00
KXLOWTMIN,KXLOWTMIN-26SEP19-B55.5,Low  temperature Minnesota,KMSP,2026-09-19,between,55.0,56.0,The Weather Company,https://weather.com/kalshi,0.13,0.2,0.8,0.87,5.0,0.04,40.0,0.0,2026-09-20T06:00:00Z,active,2026-09-18T19:35:09.531474+00:00
KXLOWTMIN,KXLOWTMIN-26SEP19-B53.5,Low  temperature Minnesota,KMSP,2026-09-19,between,53.0,54.0,The Weather Company,https://weather.com/kalshi,0.06,0.08,0.92,0.94,36.5,5.0,44.0,0.0,2026-09-20T06:00:00Z,active,2026-09-18T19:35:09.531474+00:00
KXLOWTMIN,KXLOWTMIN-26SEP19-B51.5,Low  temperature Minnesota,KMSP,2026-09-19,between,51.0,52.0,The Weather Company,https://weather.com/kalshi,0.02,0.06,0.94,0.98,8.0,44.82,13.18,0.0,2026-09-20T06:00:00Z,active,2026-09-18T19:35:09.531474+00:00
KXLOWTMIN,KXLOWTMIN-26SEP18-T59,Low  temperature Minnesota,KMSP,2026-09-18,greater,59.0,,The Weather Company,https://weather.com/kalshi,0.09,0.19,0.81,0.91,4.27,50.0,1216.0,0.0,2026-09-19T06:00:00Z,active,2026-09-18T19:35:09.531474+00:00
KXLOWTMIN,KXLOWTMIN-26SEP18-T52,Low  temperature Minnesota,KMSP,2026-09-18,less,,52.0,The Weather Company,https://weather.com/kalshi,0.0,0.01,0.99,1.0,3.0,0.0,109.19,0.0,2026-09-19T06:00:00Z,active,2026-09-18T19:35:09.531474+00:00
KXLOWTMIN,KXLOWTMIN-26SEP18-B58.5,Low  temperature Minnesota,KMSP,2026-09-18,between,58.0,59.0,The Weather Company,https://weather.com/kalshi,0.35,0.49,0.51,0.65,64.39,10.0,283.99,0.0,2026-09-19T06:00:00Z,active,2026-09-18T19:35:09.531474+00:00
KXLOWTMIN,KXLOWTMIN-26SEP18-B56.5,Low  temperature Minnesota,KMSP,2026-09-18,between,56.0,57.0,The Weather Company,https://weather.com/kalshi,0.22,0.33,0.67,0.78,3.06,79.0,23.0,0.0,2026-09-19T06:00:00Z,active,2026-09-18T19:35:09.531474+00:00
KXLOWTMIN,KXLOWTMIN-26SEP18-B54.5,Low  temperature Minnesota,KMSP,2026-09-18,between,54.0,55.0,The Weather Company,https://weather.com/kalshi,0.01,0.05,0.95,0.99,5.0,146.0,206.66,0.0,2026-09-19T06:00:00Z,active,2026-09-18T19:35:09.531474+00:00
KXLOWTMIN,KXLOWTMIN-26SEP18-B52.5,Low  temperature Minnesota,KMSP,2026-09-18,between,52.0,53.0,The Weather Company,https://weather.com/kalshi,0.0,0.04,0.96,1.0,8.0,0.0,182.0,0.0,2026-09-19T06:00:00Z,active,2026-09-18T19:35:09.531474+00:00
KXLOWTMIA,KXLOWTMIA-26SEP19-T78,Lowest temperature in Miami,KMIA,2026-09-19,greater,78.0,,The Weather Company,https://weather.com/kalshi,0.05,0.06,0.94,0.95,32.69,2.0,21.18,0.0,2026-09-20T05:00:00Z,active,2026-09-18T19:35:09.531474+00:00
KXLOWTMIA,KXLOWTMIA-26SEP19-T71,Lowest temperature in Miami,KMIA,2026-09-19,less,,71.0,The Weather Company,https://weather.com/kalshi,0.05,0.06,0.94,0.95,26.0,21.0,24.37,0.0,2026-09-20T05:00:00Z,active,2026-09-18T19:35:09.531474+00:00
KXLOWTMIA,KXLOWTMIA-26SEP19-B77.5,Lowest temperature in Miami,KMIA,2026-09-19,between,77.0,78.0,The Weather Company,https://weather.com/kalshi,0.1,0.11,0.89,0.9,1.0,2.0,11.0,0.0,2026-09-20T05:00:00Z,active,2026-09-18T19:35:09.531474+00:00
KXLOWTMIA,KXLOWTMIA-26SEP19-B75.5,Lowest temperature in Miami,KMIA,2026-09-19,between,75.0,76.0,The Weather Company,https://weather.com/kalshi,0.35,0.39,0.61,0.65,19.0,1.01,143.0,0.0,2026-09-20T05:00:00Z,active,2026-09-18T19:35:09.531474+00:00
KXLOWTMIA,KXLOWTMIA-26SEP19-B73.5,Lowest temperature in Miami,KMIA,2026-09-19,between,73.0,74.0,The Weather Company,https://weather.com/kalshi,0.22,0.33,0.67,0.78,1.57,3.82,7.0,0.0,2026-09-20T05:00:00Z,active,2026-09-18T19:35:09.531474+00:00
KXLOWTMIA,KXLOWTMIA-26SEP19-B71.5,Lowest temperature in Miami,KMIA,2026-09-19,between,71.0,72.0,The Weather Company,https://weather.com/kalshi,0.09,0.13,0.87,0.91,9.0,3.0,15.03,0.0,2026-09-20T05:00:00Z,active,2026-09-18T19:35:09.531474+00:00
KXLOWTMIA,KXLOWTMIA-26SEP18-T80,Lowest temperature in Miami,KMIA,2026-09-18,greater,80.0,,The Weather Company,https://weather.com/kalshi,0.0,0.01,0.99,1.0,23477.49,0.0,287.51,0.0,2026-09-19T05:00:00Z,active,2026-09-18T19:35:09.531474+00:00
KXLOWTMIA,KXLOWTMIA-26SEP18-T73,Lowest temperature in Miami,KMIA,2026-09-18,less,,73.0,The Weather Company,https://weather.com/kalshi,0.05,0.09,0.91,0.95,15.98,0.03,724.16,0.0,2026-09-19T05:00:00Z,active,2026-09-18T19:35:09.531474+00:00
KXLOWTMIA,KXLOWTMIA-26SEP18-B79.5,Lowest temperature in Miami,KMIA,2026-09-18,between,79.0,80.0,The Weather Company,https://weather.com/kalshi,0.0,0.01,0.99,1.0,26898.49,0.0,1182.34,0.0,2026-09-19T05:00:00Z,active,2026-09-18T19:35:09.531474+00:00
KXLOWTMIA,KXLOWTMIA-26SEP18-B77.5,Lowest temperature in Miami,KMIA,2026-09-18,between,77.0,78.0,The Weather Company,https://weather.com/kalshi,0.19,0.28,0.72,0.81,1.17,2.33,970.59,0.0,2026-09-19T05:00:00Z,active,2026-09-18T19:35:09.531474+00:00
KXLOWTMIA,KXLOWTMIA-26SEP18-B75.5,Lowest temperature in Miami,KMIA,2026-09-18,between,75.0,76.0,The Weather Company,https://weather.com/kalshi,0.35,0.6,0.4,0.65,15.0,10.0,360.3,0.0,2026-09-19T05:00:00Z,active,2026-09-18T19:35:09.531474+00:00
KXLOWTMIA,KXLOWTMIA-26SEP18-B73.5,Lowest temperature in Miami,KMIA,2026-09-18,between,73.0,74.0,The Weather Company,https://weather.com/kalshi,0.15,0.26,0.74,0.85,5.0,0.16,530.06,0.0,2026-09-19T05:00:00Z,active,2026-09-18T19:35:09.531474+00:00
KXLOWTCHI,KXLOWTCHI-26SEP19-T64,Lowest Temperature Chicago,KMDW,2026-09-19,greater,64.0,,The Weather Company,https://weather.com/kalshi,0.41,0.48,0.52,0.59,1.4,25.0,136.2,0.0,2026-09-20T06:00:00Z,active,2026-09-18T19:35:09.531474+00:00
KXLOWTCHI,KXLOWTCHI-26SEP19-T57,Lowest Temperature Chicago,KMDW,2026-09-19,less,,57.0,The Weather Company,https://weather.com/kalshi,0.03,0.04,0.96,0.97,56.0,1.0,30.38,0.0,2026-09-20T06:00:00Z,active,2026-09-18T19:35:09.531474+00:00
KXLOWTCHI,KXLOWTCHI-26SEP19-B63.5,Lowest Temperature Chicago,KMDW,2026-09-19,between,63.0,64.0,The Weather Company,https://weather.com/kalshi,0.31,0.39,0.61,0.69,2.2,2.01,101.0,0.0,2026-09-20T06:00:00Z,active,2026-09-18T19:35:09.531474+00:00
KXLOWTCHI,KXLOWTCHI-26SEP19-B61.5,Lowest Temperature Chicago,KMDW,2026-09-19,between,61.0,62.0,The Weather Company,https://weather.com/kalshi,0.14,0.2,0.8,0.86,7.98,7.0,30.11,0.0,2026-09-20T06:00:00Z,active,2026-09-18T19:35:09.531474+00:00
KXLOWTCHI,KXLOWTCHI-26SEP19-B59.5,Lowest Temperature Chicago,KMDW,2026-09-19,between,59.0,60.0,The Weather Company,https://weather.com/kalshi,0.07,0.08,0.92,0.93,30.0,2.0,0.0,0.0,2026-09-20T06:00:00Z,active,2026-09-18T19:35:09.531474+00:00
KXLOWTCHI,KXLOWTCHI-26SEP19-B57.5,Lowest Temperature Chicago,KMDW,2026-09-19,between,57.0,58.0,The Weather Company,https://weather.com/kalshi,0.04,0.05,0.95,0.96,38.0,1.0,18.39,0.0,2026-09-20T06:00:00Z,active,2026-09-18T19:35:09.531474+00:00
KXLOWTCHI,KXLOWTCHI-26SEP18-T67,Lowest Temperature Chicago,KMDW,2026-09-18,greater,67.0,,The Weather Company,https://weather.com/kalshi,0.0,0.01,0.99,1.0,17389.67,0.0,884.51,0.0,2026-09-19T06:00:00Z,active,2026-09-18T19:35:09.531474+00:00
KXLOWTCHI,KXLOWTCHI-26SEP18-T60,Lowest Temperature Chicago,KMDW,2026-09-18,less,,60.0,The Weather Company,https://weather.com/kalshi,0.0,0.01,0.99,1.0,177.0,0.0,84.55,0.0,2026-09-19T06:00:00Z,active,2026-09-18T19:35:09.531474+00:00
KXLOWTCHI,KXLOWTCHI-26SEP18-B66.5,Lowest Temperature Chicago,KMDW,2026-09-18,between,66.0,67.0,The Weather Company,https://weather.com/kalshi,0.82,0.89,0.11,0.18,45.0,5.0,1303.62,0.0,2026-09-19T06:00:00Z,active,2026-09-18T19:35:09.531474+00:00
KXLOWTCHI,KXLOWTCHI-26SEP18-B64.5,Lowest Temperature Chicago,KMDW,2026-09-18,between,64.0,65.0,The Weather Company,https://weather.com/kalshi,0.14,0.24,0.76,0.86,4.0,50.0,506.33,0.0,2026-09-19T06:00:00Z,active,2026-09-18T19:35:09.531474+00:00
KXLOWTCHI,KXLOWTCHI-26SEP18-B62.5,Lowest Temperature Chicago,KMDW,2026-09-18,between,62.0,63.0,The Weather Company,https://weather.com/kalshi,0.0,0.05,0.95,1.0,1.0,0.0,272.68,0.0,2026-09-19T06:00:00Z,active,2026-09-18T19:35:09.531474+00:00
KXLOWTCHI,KXLOWTCHI-26SEP18-B60.5,Lowest Temperature Chicago,KMDW,2026-09-18,between,60.0,61.0,The Weather Company,https://weather.com/kalshi,0.0,0.01,0.99,1.0,32.85,0.0,223.55,0.0,2026-09-19T06:00:00Z,active,2026-09-18T19:35:09.531474+00:00
KXLOWTAUS,KXLOWTAUS-26SEP19-T74,Lowest temperature in Austin,KAUS,2026-09-19,greater,74.0,,The Weather Company,https://weather.com/kalshi,0.02,0.05,0.95,0.98,9.0,55.85,93.15,0.0,2026-09-20T06:00:00Z,active,2026-09-18T19:35:09.531474+00:00
KXLOWTAUS,KXLOWTAUS-26SEP19-T67,Lowest temperature in Austin,KAUS,2026-09-19,less,,67.0,The Weather Company,https://weather.com/kalshi,0.01,0.02,0.98,0.99,5.0,1.0,207.0,0.0,2026-09-20T06:00:00Z,active,2026-09-18T19:35:09.531474+00:00
KXLOWTAUS,KXLOWTAUS-26SEP19-B73.5,Lowest temperature in Austin,KAUS,2026-09-19,between,73.0,74.0,The Weather Company,https://weather.com/kalshi,0.13,0.19,0.81,0.87,3.99,5.0,24.0,0.0,2026-09-20T06:00:00Z,active,2026-09-18T19:35:09.531474+00:00
KXLOWTAUS,KXLOWTAUS-26SEP19-B71.5,Lowest temperature in Austin,KAUS,2026-09-19,between,71.0,72.0,The Weather Company,https://weather.com/kalshi,0.44,0.5,0.5,0.56,5.42,4.01,94.0,0.0,2026-09-20T06:00:00Z,active,2026-09-18T19:35:09.531474+00:00
KXLOWTAUS,KXLOWTAUS-26SEP19-B69.5,Lowest temperature in Austin,KAUS,2026-09-19,between,69.0,70.0,The Weather Company,https://weather.com/kalshi,0.23,0.28,0.72,0.77,4.0,25.0,1.0,0.0,2026-09-20T06:00:00Z,active,2026-09-18T19:35:09.531474+00:00
KXLOWTAUS,KXLOWTAUS-26SEP19-B67.5,Lowest temperature in Austin,KAUS,2026-09-19,between,67.0,68.0,The Weather Company,https://weather.com/kalshi,0.06,0.08,0.92,0.94,9.0,5.36,12.31,0.0,2026-09-20T06:00:00Z,active,2026-09-18T19:35:09.531474+00:00
KXLOWTAUS,KXLOWTAUS-26SEP18-T76,Lowest temperature in Austin,KAUS,2026-09-18,greater,76.0,,The Weather Company,https://weather.com/kalshi,0.0,0.01,0.99,1.0,18367.56,0.0,387.34,0.0,2026-09-19T06:00:00Z,active,2026-09-18T19:35:09.531474+00:00
KXLOWTAUS,KXLOWTAUS-26SEP18-T69,Lowest temperature in Austin,KAUS,2026-09-18,less,,69.0,The Weather Company,https://weather.com/kalshi,0.0,0.02,0.98,1.0,654.41,0.0,898.02,0.0,2026-09-19T06:00:00Z,active,2026-09-18T19:35:09.531474+00:00
KXLOWTAUS,KXLOWTAUS-26SEP18-B75.5,Lowest temperature in Austin,KAUS,2026-09-18,between,75.0,76.0,The Weather Company,https://weather.com/kalshi,0.0,0.01,0.99,1.0,21814.05,0.0,822.37,0.0,2026-09-19T06:00:00Z,active,2026-09-18T19:35:09.531474+00:00
KXLOWTAUS,KXLOWTAUS-26SEP18-B73.5,Lowest temperature in Austin,KAUS,2026-09-18,between,73.0,74.0,The Weather Company,https://weather.com/kalshi,0.0,0.01,0.99,1.0,17355.23,0.0,1325.08,0.0,2026-09-19T06:00:00Z,active,2026-09-18T19:35:09.531474+00:00
KXLOWTAUS,KXLOWTAUS-26SEP18-B71.5,Lowest temperature in Austin,KAUS,2026-09-18,between,71.0,72.0,The Weather Company,https://weather.com/kalshi,0.98,1.0,0.0,0.02,0.0,697.91,2714.03,0.0,2026-09-19T06:00:00Z,active,2026-09-18T19:35:09.531474+00:00
KXLOWTAUS,KXLOWTAUS-26SEP18-B69.5,Lowest temperature in Austin,KAUS,2026-09-18,between,69.0,70.0,The Weather Company,https://weather.com/kalshi,0.0,0.02,0.98,1.0,654.0,0.0,1131.53,0.0,2026-09-19T06:00:00Z,active,2026-09-18T19:35:09.531474+00:00
KXLOWTNYC,KXLOWTNYC-26SEP19-T64,Lowest temperature in NYC,KNYC,2026-09-19,greater,64.0,,The Weather Company,https://weather.com/kalshi,0.01,0.04,0.96,0.99,4.0,174.0,108.59,0.0,2026-09-20T05:00:00Z,active,2026-09-18T19:35:09.531474+00:00
KXLOWTNYC,KXLOWTNYC-26SEP19-T57,Lowest temperature in NYC,KNYC,2026-09-19,less,,57.0,The Weather Company,https://weather.com/kalshi,0.03,0.04,0.96,0.97,4.0,133.02,46.77,0.0,2026-09-20T05:00:00Z,active,2026-09-18T19:35:09.531474+00:00
KXLOWTNYC,KXLOWTNYC-26SEP19-B63.5,Lowest temperature in NYC,KNYC,2026-09-19,between,63.0,64.0,The Weather Company,https://weather.com/kalshi,0.04,0.1,0.9,0.96,29.59,58.05,31.0,0.0,2026-09-20T05:00:00Z,active,2026-09-18T19:35:09.531474+00:00
KXLOWTNYC,KXLOWTNYC-26SEP19-B61.5,Lowest temperature in NYC,KNYC,2026-09-19,between,61.0,62.0,The Weather Company,https://weather.com/kalshi,0.36,0.47,0.53,0.64,6.0,4.49,226.0,0.0,2026-09-20T05:00:00Z,active,2026-09-18T19:35:09.531474+00:00
KXLOWTNYC,KXLOWTNYC-26SEP19-B59.5,Lowest temperature in NYC,KNYC,2026-09-19,between,59.0,60.0,The Weather Company,https://weather.com/kalshi,0.34,0.42,0.58,0.66,1.67,1.0,190.0,0.0,2026-09-20T05:00:00Z,active,2026-09-18T19:35:09.531474+00:00
KXLOWTNYC,KXLOWTNYC-26SEP19-B57.5,Lowest temperature in NYC,KNYC,2026-09-19,between,57.0,58.0,The Weather Company,https://weather.com/kalshi,0.08,0.14,0.86,0.92,7.48,19.24,52.0,0.0,2026-09-20T05:00:00Z,active,2026-09-18T19:35:09.531474+00:00
KXLOWTNYC,KXLOWTNYC-26SEP18-T72,Lowest temperature in NYC,KNYC,2026-09-18,greater,72.0,,The Weather Company,https://weather.com/kalshi,0.01,0.02,0.98,0.99,11.0,217.57,1155.59,0.0,2026-09-19T05:00:00Z,active,2026-09-18T19:35:09.531474+00:00
KXLOWTNYC,KXLOWTNYC-26SEP18-T65,Lowest temperature in NYC,KNYC,2026-09-18,less,,65.0,The Weather Company,https://weather.com/kalshi,0.01,0.06,0.94,0.99,5.0,236.67,618.18,0.0,2026-09-19T05:00:00Z,active,2026-09-18T19:35:09.531474+00:00
KXLOWTNYC,KXLOWTNYC-26SEP18-B71.5,Lowest temperature in NYC,KNYC,2026-09-18,between,71.0,72.0,The Weather Company,https://weather.com/kalshi,0.08,0.17,0.83,0.92,6.0,5.0,1014.75,0.0,2026-09-19T05:00:00Z,active,2026-09-18T19:35:09.531474+00:00
KXLOWTNYC,KXLOWTNYC-26SEP18-B69.5,Lowest temperature in NYC,KNYC,2026-09-18,between,69.0,70.0,The Weather Company,https://weather.com/kalshi,0.25,0.36,0.64,0.75,8.0,2.0,150.76,0.0,2026-09-19T05:00:00Z,active,2026-09-18T19:35:09.531474+00:00
KXLOWTNYC,KXLOWTNYC-26SEP18-B67.5,Lowest temperature in NYC,KNYC,2026-09-18,between,67.0,68.0,The Weather Company,https://weather.com/kalshi,0.44,0.49,0.51,0.56,6.79,0.26,413.11,0.0,2026-09-19T05:00:00Z,active,2026-09-18T19:35:09.531474+00:00
KXLOWTNYC,KXLOWTNYC-26SEP18-B65.5,Lowest temperature in NYC,KNYC,2026-09-18,between,65.0,66.0,The Weather Company,https://weather.com/kalshi,0.08,0.13,0.87,0.92,5.0,2.06,509.09,0.0,2026-09-19T05:00:00Z,active,2026-09-18T19:35:09.531474+00:00
KXHIGHTEWR,KXHIGHTEWR-26SEP19-T77,"Newark, NJ (EWR) Daily Max Temp",KEWR,2026-09-19,greater,77.0,,The Weather Company,https://weather.com/kalshi,0.01,0.02,0.98,0.99,6.0,30.0,0.0,0.0,2026-09-20T05:00:00Z,active,2026-09-18T19:35:09.531474+00:00
KXHIGHTEWR,KXHIGHTEWR-26SEP19-T70,"Newark, NJ (EWR) Daily Max Temp",KEWR,2026-09-19,less,,70.0,The Weather Company,https://weather.com/kalshi,0.04,0.15,0.85,0.96,5.0,54.0,0.0,0.0,2026-09-20T05:00:00Z,active,2026-09-18T19:35:09.531474+00:00
KXHIGHTEWR,KXHIGHTEWR-26SEP19-B76.5,"Newark, NJ (EWR) Daily Max Temp",KEWR,2026-09-19,between,76.0,77.0,The Weather Company,https://weather.com/kalshi,0.04,0.14,0.86,0.96,25.0,29.0,0.0,0.0,2026-09-20T05:00:00Z,active,2026-09-18T19:35:09.531474+00:00
KXHIGHTEWR,KXHIGHTEWR-26SEP19-B74.5,"Newark, NJ (EWR) Daily Max Temp",KEWR,2026-09-19,between,74.0,75.0,The Weather Company,https://weather.com/kalshi,0.16,0.3,0.7,0.84,5.0,5.0,0.0,0.0,2026-09-20T05:00:00Z,active,2026-09-18T19:35:09.531474+00:00
KXHIGHTEWR,KXHIGHTEWR-26SEP19-B72.5,"Newark, NJ (EWR) Daily Max Temp",KEWR,2026-09-19,between,72.0,73.0,The Weather Company,https://weather.com/kalshi,0.34,0.49,0.51,0.66,5.0,5.0,0.0,0.0,2026-09-20T05:00:00Z,active,2026-09-18T19:35:09.531474+00:00
KXHIGHTEWR,KXHIGHTEWR-26SEP19-B70.5,"Newark, NJ (EWR) Daily Max Temp",KEWR,2026-09-19,between,70.0,71.0,The Weather Company,https://weather.com/kalshi,0.14,0.25,0.75,0.86,5.0,25.0,59.0,0.0,2026-09-20T05:00:00Z,active,2026-09-18T19:35:09.531474+00:00
KXHIGHTEWR,KXHIGHTEWR-26SEP18-T87,"Newark, NJ (EWR) Daily Max Temp",KEWR,2026-09-18,greater,87.0,,The Weather Company,https://weather.com/kalshi,0.01,0.03,0.97,0.99,10.66,0.91,169.09,0.0,2026-09-19T05:00:00Z,active,2026-09-18T19:35:09.531474+00:00
KXHIGHTEWR,KXHIGHTEWR-26SEP18-T80,"Newark, NJ (EWR) Daily Max Temp",KEWR,2026-09-18,less,,80.0,The Weather Company,https://weather.com/kalshi,0.0,0.01,0.99,1.0,8726.29,0.0,57.15,0.0,2026-09-19T05:00:00Z,active,2026-09-18T19:35:09.531474+00:00
KXHIGHTEWR,KXHIGHTEWR-26SEP18-B86.5,"Newark, NJ (EWR) Daily Max Temp",KEWR,2026-09-18,between,86.0,87.0,The Weather Company,https://weather.com/kalshi,0.09,0.24,0.76,0.91,5.0,5.0,120.13,0.0,2026-09-19T05:00:00Z,active,2026-09-18T19:35:09.531474+00:00
KXHIGHTEWR,KXHIGHTEWR-26SEP18-B84.5,"Newark, NJ (EWR) Daily Max Temp",KEWR,2026-09-18,between,84.0,85.0,The Weather Company,https://weather.com/kalshi,0.75,0.86,0.14,0.25,46.0,5.0,239.82,0.0,2026-09-19T05:00:00Z,active,2026-09-18T19:35:09.531474+00:00
KXHIGHTEWR,KXHIGHTEWR-26SEP18-B82.5,"Newark, NJ (EWR) Daily Max Temp",KEWR,2026-09-18,between,82.0,83.0,The Weather Company,https://weather.com/kalshi,0.0,0.01,0.99,1.0,8451.0,0.0,824.84,0.0,2026-09-19T05:00:00Z,active,2026-09-18T19:35:09.531474+00:00
KXHIGHTEWR,KXHIGHTEWR-26SEP18-B80.5,"Newark, NJ (EWR) Daily Max Temp",KEWR,2026-09-18,between,80.0,81.0,The Weather Company,https://weather.com/kalshi,0.0,0.01,0.99,1.0,8699.0,0.0,70.05,0.0,2026-09-19T05:00:00Z,active,2026-09-18T19:35:09.531474+00:00
KXHIGHTSAN,KXHIGHTSAN-26SEP19-T81,High Temperature San Diego,KSAN,2026-09-19,greater,81.0,,The Weather Company,https://weather.com/kalshi,0.03,0.14,0.86,0.97,25.0,5.0,11.0,0.0,2026-09-20T08:00:00Z,active,2026-09-18T19:35:09.531474+00:00
KXHIGHTSAN,KXHIGHTSAN-26SEP19-T74,High Temperature San Diego,KSAN,2026-09-19,less,,74.0,The Weather Company,https://weather.com/kalshi,0.02,0.13,0.87,0.98,25.0,123.0,10.0,0.0,2026-09-20T08:00:00Z,active,2026-09-18T19:35:09.531474+00:00
KXHIGHTSAN,KXHIGHTSAN-26SEP19-B80.5,High Temperature San Diego,KSAN,2026-09-19,between,80.0,81.0,The Weather Company,https://weather.com/kalshi,0.1,0.22,0.78,0.9,10.0,25.0,10.0,0.0,2026-09-20T08:00:00Z,active,2026-09-18T19:35:09.531474+00:00
KXHIGHTSAN,KXHIGHTSAN-26SEP19-B78.5,High Temperature San Diego,KSAN,2026-09-19,between,78.0,79.0,The Weather Company,https://weather.com/kalshi,0.29,0.4,0.6,0.71,5.0,25.0,40.0,0.0,2026-09-20T08:00:00Z,active,2026-09-18T19:35:09.531474+00:00
KXHIGHTSAN,KXHIGHTSAN-26SEP19-B76.5,High Temperature San Diego,KSAN,2026-09-19,between,76.0,77.0,The Weather Company,https://weather.com/kalshi,0.3,0.43,0.57,0.7,5.0,5.0,72.0,0.0,2026-09-20T08:00:00Z,active,2026-09-18T19:35:09.531474+00:00
KXHIGHTSAN,KXHIGHTSAN-26SEP19-B74.5,High Temperature San Diego,KSAN,2026-09-19,between,74.0,75.0,The Weather Company,https://weather.com/kalshi,0.04,0.08,0.92,0.96,5.0,29.0,10.0,0.0,2026-09-20T08:00:00Z,active,2026-09-18T19:35:09.531474+00:00
KXHIGHTSAN,KXHIGHTSAN-26SEP18-T80,High Temperature San Diego,KSAN,2026-09-18,greater,80.0,,The Weather Company,https://weather.com/kalshi,0.01,0.02,0.98,0.99,8.0,6.59,88.41,0.0,2026-09-19T08:00:00Z,active,2026-09-18T19:35:09.531474+00:00
KXHIGHTSAN,KXHIGHTSAN-26SEP18-T73,High Temperature San Diego,KSAN,2026-09-18,less,,73.0,The Weather Company,https://weather.com/kalshi,0.0,0.01,0.99,1.0,4573.73,0.0,15.18,0.0,2026-09-19T08:00:00Z,active,2026-09-18T19:35:09.531474+00:00
KXHIGHTSAN,KXHIGHTSAN-26SEP18-B79.5,High Temperature San Diego,KSAN,2026-09-18,between,79.0,80.0,The Weather Company,https://weather.com/kalshi,0.25,0.36,0.64,0.75,50.0,1.0,222.15,0.0,2026-09-19T08:00:00Z,active,2026-09-18T19:35:09.531474+00:00
KXHIGHTSAN,KXHIGHTSAN-26SEP18-B77.5,High Temperature San Diego,KSAN,2026-09-18,between,77.0,78.0,The Weather Company,https://weather.com/kalshi,0.56,0.68,0.32,0.44,1.0,10.0,542.5,0.0,2026-09-19T08:00:00Z,active,2026-09-18T19:35:09.531474+00:00
KXHIGHTSAN,KXHIGHTSAN-26SEP18-B75.5,High Temperature San Diego,KSAN,2026-09-18,between,75.0,76.0,The Weather Company,https://weather.com/kalshi,0.0,0.01,0.99,1.0,4522.26,0.0,451.49,0.0,2026-09-19T08:00:00Z,active,2026-09-18T19:35:09.531474+00:00
KXHIGHTSAN,KXHIGHTSAN-26SEP18-B73.5,High Temperature San Diego,KSAN,2026-09-18,between,73.0,74.0,The Weather Company,https://weather.com/kalshi,0.0,0.01,0.99,1.0,4658.82,0.0,109.85,0.0,2026-09-19T08:00:00Z,active,2026-09-18T19:35:09.531474+00:00
KXHIGHTMIN,KXHIGHTMIN-26SEP19-T70,Minneapolis Daily High Temperature,KMSP,2026-09-19,greater,70.0,,The Weather Company,https://weather.com/kalshi,0.0,0.01,0.99,1.0,3.0,0.0,354.0,0.0,2026-09-20T06:00:00Z,active,2026-09-18T19:35:09.531474+00:00
KXHIGHTMIN,KXHIGHTMIN-26SEP19-T63,Minneapolis Daily High Temperature,KMSP,2026-09-19,less,,63.0,The Weather Company,https://weather.com/kalshi,0.41,0.49,0.51,0.59,9.07,1.0,441.54,0.0,2026-09-20T06:00:00Z,active,2026-09-18T19:35:09.531474+00:00
KXHIGHTMIN,KXHIGHTMIN-26SEP19-B69.5,Minneapolis Daily High Temperature,KMSP,2026-09-19,between,69.0,70.0,The Weather Company,https://weather.com/kalshi,0.01,0.04,0.96,0.99,70.0,1038.0,324.0,0.0,2026-09-20T06:00:00Z,active,2026-09-18T19:35:09.531474+00:00
KXHIGHTMIN,KXHIGHTMIN-26SEP19-B67.5,Minneapolis Daily High Temperature,KMSP,2026-09-19,between,67.0,68.0,The Weather Company,https://weather.com/kalshi,0.05,0.12,0.88,0.95,9.85,0.01,8.4,0.0,2026-09-20T06:00:00Z,active,2026-09-18T19:35:09.531474+00:00
KXHIGHTMIN,KXHIGHTMIN-26SEP19-B65.5,Minneapolis Daily High Temperature,KMSP,2026-09-19,between,65.0,66.0,The Weather Company,https://weather.com/kalshi,0.12,0.2,0.8,0.88,2.8,1.18,145.24,0.0,2026-09-20T06:00:00Z,active,2026-09-18T19:35:09.531474+00:00
KXHIGHTMIN,KXHIGHTMIN-26SEP19-B63.5,Minneapolis Daily High Temperature,KMSP,2026-09-19,between,63.0,64.0,The Weather Company,https://weather.com/kalshi,0.16,0.23,0.77,0.84,30.58,2.55,172.06,0.0,2026-09-20T06:00:00Z,active,2026-09-18T19:35:09.531474+00:00
KXHIGHTMIN,KXHIGHTMIN-26SEP18-T68,Minneapolis Daily High Temperature,KMSP,2026-09-18,greater,68.0,,The Weather Company,https://weather.com/kalshi,0.0,0.01,0.99,1.0,154.0,0.0,803.46,0.0,2026-09-19T06:00:00Z,active,2026-09-18T19:35:09.531474+00:00
KXHIGHTMIN,KXHIGHTMIN-26SEP18-T61,Minneapolis Daily High Temperature,KMSP,2026-09-18,less,,61.0,The Weather Company,https://weather.com/kalshi,0.0,0.01,0.99,1.0,95215.08,0.0,1811.54,0.0,2026-09-19T06:00:00Z,active,2026-09-18T19:35:09.531474+00:00
KXHIGHTMIN,KXHIGHTMIN-26SEP18-B67.5,Minneapolis Daily High Temperature,KMSP,2026-09-18,between,67.0,68.0,The Weather Company,https://weather.com/kalshi,0.0,0.01,0.99,1.0,54.0,0.0,2183.99,0.0,2026-09-19T06:00:00Z,active,2026-09-18T19:35:09.531474+00:00
KXHIGHTMIN,KXHIGHTMIN-26SEP18-B65.5,Minneapolis Daily High Temperature,KMSP,2026-09-18,between,65.0,66.0,The Weather Company,https://weather.com/kalshi,0.02,0.06,0.94,0.98,18.0,40.97,4384.27,0.0,2026-09-19T06:00:00Z,active,2026-09-18T19:35:09.531474+00:00
KXHIGHTMIN,KXHIGHTMIN-26SEP18-B63.5,Minneapolis Daily High Temperature,KMSP,2026-09-18,between,63.0,64.0,The Weather Company,https://weather.com/kalshi,0.77,0.88,0.12,0.23,7.0,32.0,4435.08,0.0,2026-09-19T06:00:00Z,active,2026-09-18T19:35:09.531474+00:00
KXHIGHTMIN,KXHIGHTMIN-26SEP18-B61.5,Minneapolis Daily High Temperature,KMSP,2026-09-18,between,61.0,62.0,The Weather Company,https://weather.com/kalshi,0.08,0.15,0.85,0.92,40.0,88.97,23882.7,0.0,2026-09-19T06:00:00Z,active,2026-09-18T19:35:09.531474+00:00
KXLOWTLAX,KXLOWTLAX-26SEP19-T69,Lowest Temperature in LA,KLAX,2026-09-19,greater,69.0,,The Weather Company,https://weather.com/kalshi,0.0,0.01,0.99,1.0,4.0,0.0,254.0,0.0,2026-09-20T08:00:00Z,active,2026-09-18T19:35:09.531474+00:00
KXLOWTLAX,KXLOWTLAX-26SEP19-T62,Lowest Temperature in LA,KLAX,2026-09-19,less,,62.0,The Weather Company,https://weather.com/kalshi,0.02,0.03,0.97,0.98,41.0,2.0,50.27,0.0,2026-09-20T08:00:00Z,active,2026-09-18T19:35:09.531474+00:00
KXLOWTLAX,KXLOWTLAX-26SEP19-B68.5,Lowest Temperature in LA,KLAX,2026-09-19,between,68.0,69.0,The Weather Company,https://weather.com/kalshi,0.05,0.06,0.94,0.95,4.0,1.0,0.0,0.0,2026-09-20T08:00:00Z,active,2026-09-18T19:35:09.531474+00:00
KXLOWTLAX,KXLOWTLAX-26SEP19-B66.5,Lowest Temperature in LA,KLAX,2026-09-19,between,66.0,67.0,The Weather Company,https://weather.com/kalshi,0.4,0.47,0.53,0.6,5.0,13.88,36.0,0.0,2026-09-20T08:00:00Z,active,2026-09-18T19:35:09.531474+00:00
KXLOWTLAX,KXLOWTLAX-26SEP19-B64.5,Lowest Temperature in LA,KLAX,2026-09-19,between,64.0,65.0,The Weather Company,https://weather.com/kalshi,0.4,0.51,0.49,0.6,5.0,5.0,127.15,0.0,2026-09-20T08:00:00Z,active,2026-09-18T19:35:09.531474+00:00
KXLOWTLAX,KXLOWTLAX-26SEP19-B62.5,Lowest Temperature in LA,KLAX,2026-09-19,between,62.0,63.0,The Weather Company,https://weather.com/kalshi,0.03,0.05,0.95,0.97,4.0,1.0,139.32,0.0,2026-09-20T08:00:00Z,active,2026-09-18T19:35:09.531474+00:00
KXLOWTLAX,KXLOWTLAX-26SEP18-T66,Lowest Temperature in LA,KLAX,2026-09-18,greater,66.0,,The Weather Company,https://weather.com/kalshi,0.0,0.01,0.99,1.0,23595.15,0.0,927.53,0.0,2026-09-19T08:00:00Z,active,2026-09-18T19:35:09.531474+00:00
KXLOWTLAX,KXLOWTLAX-26SEP18-T59,Lowest Temperature in LA,KLAX,2026-09-18,less,,59.0,The Weather Company,https://weather.com/kalshi,0.0,0.01,0.99,1.0,111.0,0.0,226.0,0.0,2026-09-19T08:00:00Z,active,2026-09-18T19:35:09.531474+00:00
KXLOWTLAX,KXLOWTLAX-26SEP18-B65.5,Lowest Temperature in LA,KLAX,2026-09-18,between,65.0,66.0,The Weather Company,https://weather.com/kalshi,0.97,0.98,0.02,0.03,53.08,102.0,1305.08,0.0,2026-09-19T08:00:00Z,active,2026-09-18T19:35:09.531474+00:00
KXLOWTLAX,KXLOWTLAX-26SEP18-B63.5,Lowest Temperature in LA,KLAX,2026-09-18,between,63.0,64.0,The Weather Company,https://weather.com/kalshi,0.01,0.02,0.98,0.99,150.0,249.68,2262.6,0.0,2026-09-19T08:00:00Z,active,2026-09-18T19:35:09.531474+00:00
KXLOWTLAX,KXLOWTLAX-26SEP18-B61.5,Lowest Temperature in LA,KLAX,2026-09-18,between,61.0,62.0,The Weather Company,https://weather.com/kalshi,0.0,0.02,0.98,1.0,651.03,0.0,1204.79,0.0,2026-09-19T08:00:00Z,active,2026-09-18T19:35:09.531474+00:00
KXLOWTLAX,KXLOWTLAX-26SEP18-B59.5,Lowest Temperature in LA,KLAX,2026-09-18,between,59.0,60.0,The Weather Company,https://weather.com/kalshi,0.0,0.01,0.99,1.0,4.0,0.0,382.54,0.0,2026-09-19T08:00:00Z,active,2026-09-18T19:35:09.531474+00:00
KXHIGHTSFO,KXHIGHTSFO-26SEP19-T77,San Francisco High Temperature Daily,KSFO,2026-09-19,greater,77.0,,The Weather Company,https://weather.com/kalshi,0.01,0.03,0.97,0.99,47.36,716.0,204.06,0.0,2026-09-20T08:00:00Z,active,2026-09-18T19:35:09.531474+00:00
KXHIGHTSFO,KXHIGHTSFO-26SEP19-T70,San Francisco High Temperature Daily,KSFO,2026-09-19,less,,70.0,The Weather Company,https://weather.com/kalshi,0.1,0.11,0.89,0.9,0.78,1.0,254.12,0.0,2026-09-20T08:00:00Z,active,2026-09-18T19:35:09.531474+00:00
KXHIGHTSFO,KXHIGHTSFO-26SEP19-B76.5,San Francisco High Temperature Daily,KSFO,2026-09-19,between,76.0,77.0,The Weather Company,https://weather.com/kalshi,0.07,0.11,0.89,0.93,2.62,0.28,41.27,0.0,2026-09-20T08:00:00Z,active,2026-09-18T19:35:09.531474+00:00
KXHIGHTSFO,KXHIGHTSFO-26SEP19-B74.5,San Francisco High Temperature Daily,KSFO,2026-09-19,between,74.0,75.0,The Weather Company,https://weather.com/kalshi,0.22,0.23,0.77,0.78,4.05,5.0,31.0,0.0,2026-09-20T08:00:00Z,active,2026-09-18T19:35:09.531474+00:00
KXHIGHTSFO,KXHIGHTSFO-26SEP19-B72.5,San Francisco High Temperature Daily,KSFO,2026-09-19,between,72.0,73.0,The Weather Company,https://weather.com/kalshi,0.39,0.4,0.6,0.61,27.9,9.17,101.1,0.0,2026-09-20T08:00:00Z,active,2026-09-18T19:35:09.531474+00:00
KXHIGHTSFO,KXHIGHTSFO-26SEP19-B70.5,San Francisco High Temperature Daily,KSFO,2026-09-19,between,70.0,71.0,The Weather Company,https://weather.com/kalshi,0.24,0.25,0.75,0.76,24.0,1.0,73.11,0.0,2026-09-20T08:00:00Z,active,2026-09-18T19:35:09.531474+00:00
KXHIGHTSFO,KXHIGHTSFO-26SEP18-T76,San Francisco High Temperature Daily,KSFO,2026-09-18,greater,76.0,,The Weather Company,https://weather.com/kalshi,0.0,0.01,0.99,1.0,229.4,0.0,780.18,0.0,2026-09-19T08:00:00Z,active,2026-09-18T19:35:09.531474+00:00
KXHIGHTSFO,KXHIGHTSFO-26SEP18-T69,San Francisco High Temperature Daily,KSFO,2026-09-18,less,,69.0,The Weather Company,https://weather.com/kalshi,0.13,0.14,0.86,0.87,9.0,7.7,3247.25,0.0,2026-09-19T08:00:00Z,active,2026-09-18T19:35:09.531474+00:00
KXHIGHTSFO,KXHIGHTSFO-26SEP18-B75.5,San Francisco High Temperature Daily,KSFO,2026-09-18,between,75.0,76.0,The Weather Company,https://weather.com/kalshi,0.0,0.01,0.99,1.0,235.36,0.0,1062.87,0.0,2026-09-19T08:00:00Z,active,2026-09-18T19:35:09.531474+00:00
KXHIGHTSFO,KXHIGHTSFO-26SEP18-B73.5,San Francisco High Temperature Daily,KSFO,2026-09-18,between,73.0,74.0,The Weather Company,https://weather.com/kalshi,0.06,0.08,0.92,0.94,109.0,5.5,2114.89,0.0,2026-09-19T08:00:00Z,active,2026-09-18T19:35:09.531474+00:00
KXHIGHTSFO,KXHIGHTSFO-26SEP18-B71.5,San Francisco High Temperature Daily,KSFO,2026-09-18,between,71.0,72.0,The Weather Company,https://weather.com/kalshi,0.29,0.35,0.65,0.71,57.0,9.0,3042.8,0.0,2026-09-19T08:00:00Z,active,2026-09-18T19:35:09.531474+00:00
KXHIGHTSFO,KXHIGHTSFO-26SEP18-B69.5,San Francisco High Temperature Daily,KSFO,2026-09-18,between,69.0,70.0,The Weather Company,https://weather.com/kalshi,0.42,0.43,0.57,0.58,48.0,11.0,1848.75,0.0,2026-09-19T08:00:00Z,active,2026-09-18T19:35:09.531474+00:00
KXLOWTEWR,KXLOWTEWR-26SEP19-T61,"Newark, NJ (EWR) Daily Low Temp",KEWR,2026-09-19,greater,61.0,,The Weather Company,https://weather.com/kalshi,0.37,0.48,0.52,0.63,25.0,25.0,54.0,0.0,2026-09-20T05:00:00Z,active,2026-09-18T19:35:09.531474+00:00
KXLOWTEWR,KXLOWTEWR-26SEP19-T54,"Newark, NJ (EWR) Daily Low Temp",KEWR,2026-09-19,less,,54.0,The Weather Company,https://weather.com/kalshi,0.01,0.1,0.9,0.99,25.0,25.73,48.27,0.0,2026-09-20T05:00:00Z,active,2026-09-18T19:35:09.531474+00:00
KXLOWTEWR,KXLOWTEWR-26SEP19-B60.5,"Newark, NJ (EWR) Daily Low Temp",KEWR,2026-09-19,between,60.0,61.0,The Weather Company,https://weather.com/kalshi,0.26,0.44,0.56,0.74,5.0,5.0,2.23,0.0,2026-09-20T05:00:00Z,active,2026-09-18T19:35:09.531474+00:00
KXLOWTEWR,KXLOWTEWR-26SEP19-B58.5,"Newark, NJ (EWR) Daily Low Temp",KEWR,2026-09-19,between,58.0,59.0,The Weather Company,https://weather.com/kalshi,0.1,0.25,0.75,0.9,10.0,25.0,26.0,0.0,2026-09-20T05:00:00Z,active,2026-09-18T19:35:09.531474+00:00
KXLOWTEWR,KXLOWTEWR-26SEP19-B56.5,"Newark, NJ (EWR) Daily Low Temp",KEWR,2026-09-19,between,56.0,57.0,The Weather Company,https://weather.com/kalshi,0.05,0.16,0.84,0.95,25.0,74.0,0.0,0.0,2026-09-20T05:00:00Z,active,2026-09-18T19:35:09.531474+00:00
KXLOWTEWR,KXLOWTEWR-26SEP19-B54.5,"Newark, NJ (EWR) Daily Low Temp",KEWR,2026-09-19,between,54.0,55.0,The Weather Company,https://weather.com/kalshi,0.02,0.1,0.9,0.98,25.0,29.0,10.09,0.0,2026-09-20T05:00:00Z,active,2026-09-18T19:35:09.531474+00:00
KXLOWTEWR,KXLOWTEWR-26SEP18-T71,"Newark, NJ (EWR) Daily Low Temp",KEWR,2026-09-18,greater,71.0,,The Weather Company,https://weather.com/kalshi,0.01,0.03,0.97,0.99,99.0,80.0,10.22,0.0,2026-09-19T05:00:00Z,active,2026-09-18T19:35:09.531474+00:00
KXLOWTEWR,KXLOWTEWR-26SEP18-T64,"Newark, NJ (EWR) Daily Low Temp",KEWR,2026-09-18,less,,64.0,The Weather Company,https://weather.com/kalshi,0.01,0.08,0.92,0.99,72.0,30.0,25.48,0.0,2026-09-19T05:00:00Z,active,2026-09-18T19:35:09.531474+00:00
KXLOWTEWR,KXLOWTEWR-26SEP18-B70.5,"Newark, NJ (EWR) Daily Low Temp",KEWR,2026-09-18,between,70.0,71.0,The Weather Company,https://weather.com/kalshi,0.21,0.38,0.62,0.79,10.0,79.0,101.0,0.0,2026-09-19T05:00:00Z,active,2026-09-18T19:35:09.531474+00:00
KXLOWTEWR,KXLOWTEWR-26SEP18-B68.5,"Newark, NJ (EWR) Daily Low Temp",KEWR,2026-09-18,between,68.0,69.0,The Weather Company,https://weather.com/kalshi,0.32,0.4,0.6,0.68,4.0,50.0,110.0,0.0,2026-09-19T05:00:00Z,active,2026-09-18T19:35:09.531474+00:00
KXLOWTEWR,KXLOWTEWR-26SEP18-B66.5,"Newark, NJ (EWR) Daily Low Temp",KEWR,2026-09-18,between,66.0,67.0,The Weather Company,https://weather.com/kalshi,0.03,0.17,0.83,0.97,10.0,1.0,84.0,0.0,2026-09-19T05:00:00Z,active,2026-09-18T19:35:09.531474+00:00
KXLOWTEWR,KXLOWTEWR-26SEP18-B64.5,"Newark, NJ (EWR) Daily Low Temp",KEWR,2026-09-18,between,64.0,65.0,The Weather Company,https://weather.com/kalshi,0.01,0.12,0.88,0.99,60.18,80.0,25.18,0.0,2026-09-19T05:00:00Z,active,2026-09-18T19:35:09.531474+00:00
KXHIGHTDAL,KXHIGHTDAL-26SEP19-T97,Dallas Maximum Temperature,KDFW,2026-09-19,less,,97.0,The Weather Company,https://weather.com/kalshi,0.05,0.06,0.94,0.95,58.0,198.0,642.0,0.0,2026-09-20T06:00:00Z,active,2026-09-18T19:35:09.531474+00:00
KXHIGHTDAL,KXHIGHTDAL-26SEP19-T104,Dallas Maximum Temperature,KDFW,2026-09-19,greater,104.0,,The Weather Company,https://weather.com/kalshi,0.0,0.01,0.99,1.0,17.0,0.0,405.49,0.0,2026-09-20T06:00:00Z,active,2026-09-18T19:35:09.531474+00:00
KXHIGHTDAL,KXHIGHTDAL-26SEP19-B99.5,Dallas Maximum Temperature,KDFW,2026-09-19,between,99.0,100.0,The Weather Company,https://weather.com/kalshi,0.31,0.34,0.66,0.69,30.78,29.46,988.36,0.0,2026-09-20T06:00:00Z,active,2026-09-18T19:35:09.531474+00:00
KXHIGHTDAL,KXHIGHTDAL-26SEP19-B97.5,Dallas Maximum Temperature,KDFW,2026-09-19,between,97.0,98.0,The Weather Company,https://weather.com/kalshi,0.53,0.54,0.46,0.47,24.0,12.0,480.0,0.0,2026-09-20T06:00:00Z,active,2026-09-18T19:35:09.531474+00:00
KXHIGHTDAL,KXHIGHTDAL-26SEP19-B103.5,Dallas Maximum Temperature,KDFW,2026-09-19,between,103.0,104.0,The Weather Company,https://weather.com/kalshi,0.01,0.02,0.98,0.99,138.0,229.52,183.33,0.0,2026-09-20T06:00:00Z,active,2026-09-18T19:35:09.531474+00:00
KXHIGHTDAL,KXHIGHTDAL-26SEP19-B101.5,Dallas Maximum Temperature,KDFW,2026-09-19,between,101.0,102.0,The Weather Company,https://weather.com/kalshi,0.04,0.05,0.95,0.96,164.0,147.0,104.27,0.0,2026-09-20T06:00:00Z,active,2026-09-18T19:35:09.531474+00:00
KXHIGHTDAL,KXHIGHTDAL-26SEP18-T97,Dallas Maximum Temperature,KDFW,2026-09-18,less,,97.0,The Weather Company,https://weather.com/kalshi,0.03,0.04,0.96,0.97,23.0,1.0,4449.85,0.0,2026-09-19T06:00:00Z,active,2026-09-18T19:35:09.531474+00:00
KXHIGHTDAL,KXHIGHTDAL-26SEP18-T104,Dallas Maximum Temperature,KDFW,2026-09-18,greater,104.0,,The Weather Company,https://weather.com/kalshi,0.0,0.01,0.99,1.0,10766.6,0.0,521.86,0.0,2026-09-19T06:00:00Z,active,2026-09-18T19:35:09.531474+00:00
KXHIGHTDAL,KXHIGHTDAL-26SEP18-B99.5,Dallas Maximum Temperature,KDFW,2026-09-18,between,99.0,100.0,The Weather Company,https://weather.com/kalshi,0.26,0.31,0.69,0.74,18.0,17.0,10038.3,0.0,2026-09-19T06:00:00Z,active,2026-09-18T19:35:09.531474+00:00
KXHIGHTDAL,KXHIGHTDAL-26SEP18-B97.5,Dallas Maximum Temperature,KDFW,2026-09-18,between,97.0,98.0,The Weather Company,https://weather.com/kalshi,0.68,0.72,0.28,0.32,8.0,15.0,8201.27,0.0,2026-09-19T06:00:00Z,active,2026-09-18T19:35:09.531474+00:00
KXHIGHTDAL,KXHIGHTDAL-26SEP18-B103.5,Dallas Maximum Temperature,KDFW,2026-09-18,between,103.0,104.0,The Weather Company,https://weather.com/kalshi,0.0,0.01,0.99,1.0,2232.89,0.0,533.05,0.0,2026-09-19T06:00:00Z,active,2026-09-18T19:35:09.531474+00:00
KXHIGHTDAL,KXHIGHTDAL-26SEP18-B101.5,Dallas Maximum Temperature,KDFW,2026-09-18,between,101.0,102.0,The Weather Company,https://weather.com/kalshi,0.0,0.01,0.99,1.0,111.76,0.0,3338.54,0.0,2026-09-19T06:00:00Z,active,2026-09-18T19:35:09.531474+00:00
KXLOWTSATX,KXLOWTSATX-26SEP19-T76,Lowest Temperature SATX,KSAT,2026-09-19,greater,76.0,,The Weather Company,https://weather.com/kalshi,0.3,0.34,0.66,0.7,7.0,10.0,269.42,0.0,2026-09-20T06:00:00Z,active,2026-09-18T19:35:09.531474+00:00
KXLOWTSATX,KXLOWTSATX-26SEP19-T69,Lowest Temperature SATX,KSAT,2026-09-19,less,,69.0,The Weather Company,https://weather.com/kalshi,0.0,0.01,0.99,1.0,21.0,0.0,3.0,0.0,2026-09-20T06:00:00Z,active,2026-09-18T19:35:09.531474+00:00
KXLOWTSATX,KXLOWTSATX-26SEP19-B75.5,Lowest Temperature SATX,KSAT,2026-09-19,between,75.0,76.0,The Weather Company,https://weather.com/kalshi,0.44,0.51,0.49,0.56,4.32,4.0,10.0,0.0,2026-09-20T06:00:00Z,active,2026-09-18T19:35:09.531474+00:00
KXLOWTSATX,KXLOWTSATX-26SEP19-B73.5,Lowest Temperature SATX,KSAT,2026-09-19,between,73.0,74.0,The Weather Company,https://weather.com/kalshi,0.06,0.1,0.9,0.94,1.73,3.0,3.0,0.0,2026-09-20T06:00:00Z,active,2026-09-18T19:35:09.531474+00:00
KXLOWTSATX,KXLOWTSATX-26SEP19-B71.5,Lowest Temperature SATX,KSAT,2026-09-19,between,71.0,72.0,The Weather Company,https://weather.com/kalshi,0.03,0.05,0.95,0.97,0.46,4.0,4.0,0.0,2026-09-20T06:00:00Z,active,2026-09-18T19:35:09.531474+00:00
KXLOWTSATX,KXLOWTSATX-26SEP19-B69.5,Lowest Temperature SATX,KSAT,2026-09-19,between,69.0,70.0,The Weather Company,https://weather.com/kalshi,0.02,0.05,0.95,0.98,1.45,3.0,46.37,0.0,2026-09-20T06:00:00Z,active,2026-09-18T19:35:09.531474+00:00
KXLOWTSATX,KXLOWTSATX-26SEP18-T77,Lowest Temperature SATX,KSAT,2026-09-18,greater,77.0,,The Weather Company,https://weather.com/kalshi,0.0,0.01,0.99,1.0,17191.42,0.0,906.65,0.0,2026-09-19T06:00:00Z,active,2026-09-18T19:35:09.531474+00:00
KXLOWTSATX,KXLOWTSATX-26SEP18-T70,Lowest Temperature SATX,KSAT,2026-09-18,less,,70.0,The Weather Company,https://weather.com/kalshi,0.0,0.02,0.98,1.0,10.0,0.0,4.0,0.0,2026-09-19T06:00:00Z,active,2026-09-18T19:35:09.531474+00:00
KXLOWTSATX,KXLOWTSATX-26SEP18-B76.5,Lowest Temperature SATX,KSAT,2026-09-18,between,76.0,77.0,The Weather Company,https://weather.com/kalshi,0.85,0.97,0.03,0.15,50.0,10.0,1201.3,0.0,2026-09-19T06:00:00Z,active,2026-09-18T19:35:09.531474+00:00
KXLOWTSATX,KXLOWTSATX-26SEP18-B74.5,Lowest Temperature SATX,KSAT,2026-09-18,between,74.0,75.0,The Weather Company,https://weather.com/kalshi,0.03,0.14,0.86,0.97,7.04,2.96,746.21,0.0,2026-09-19T06:00:00Z,active,2026-09-18T19:35:09.531474+00:00
KXLOWTSATX,KXLOWTSATX-26SEP18-B72.5,Lowest Temperature SATX,KSAT,2026-09-18,between,72.0,73.0,The Weather Company,https://weather.com/kalshi,0.0,0.09,0.91,1.0,5.0,0.0,142.12,0.0,2026-09-19T06:00:00Z,active,2026-09-18T19:35:09.531474+00:00
KXLOWTSATX,KXLOWTSATX-26SEP18-B70.5,Lowest Temperature SATX,KSAT,2026-09-18,between,70.0,71.0,The Weather Company,https://weather.com/kalshi,0.0,0.02,0.98,1.0,10.77,0.0,74.32,0.0,2026-09-19T06:00:00Z,active,2026-09-18T19:35:09.531474+00:00
KXHIGHTNOLA,KXHIGHTNOLA-26SEP19-T97,New Orleans Max temp Daily,KMSY,2026-09-19,greater,97.0,,The Weather Company,https://weather.com/kalshi,0.0,0.01,0.99,1.0,1.0,0.0,153.46,0.0,2026-09-20T06:00:00Z,active,2026-09-18T19:35:09.531474+00:00
KXHIGHTNOLA,KXHIGHTNOLA-26SEP19-T90,New Orleans Max temp Daily,KMSY,2026-09-19,less,,90.0,The Weather Company,https://weather.com/kalshi,0.03,0.04,0.96,0.97,3.7,134.21,45.0,0.0,2026-09-20T06:00:00Z,active,2026-09-18T19:35:09.531474+00:00
KXHIGHTNOLA,KXHIGHTNOLA-26SEP19-B96.5,New Orleans Max temp Daily,KMSY,2026-09-19,between,96.0,97.0,The Weather Company,https://weather.com/kalshi,0.03,0.05,0.95,0.97,16.7,52.21,61.0,0.0,2026-09-20T06:00:00Z,active,2026-09-18T19:35:09.531474+00:00
KXHIGHTNOLA,KXHIGHTNOLA-26SEP19-B94.5,New Orleans Max temp Daily,KMSY,2026-09-19,between,94.0,95.0,The Weather Company,https://weather.com/kalshi,0.2,0.23,0.77,0.8,36.0,23.0,116.0,0.0,2026-09-20T06:00:00Z,active,2026-09-18T19:35:09.531474+00:00
KXHIGHTNOLA,KXHIGHTNOLA-26SEP19-B92.5,New Orleans Max temp Daily,KMSY,2026-09-19,between,92.0,93.0,The Weather Company,https://weather.com/kalshi,0.59,0.62,0.38,0.41,1.68,1.0,74.59,0.0,2026-09-20T06:00:00Z,active,2026-09-18T19:35:09.531474+00:00
KXHIGHTNOLA,KXHIGHTNOLA-26SEP19-B90.5,New Orleans Max temp Daily,KMSY,2026-09-19,between,90.0,91.0,The Weather Company,https://weather.com/kalshi,0.14,0.17,0.83,0.86,0.53,1.0,143.74,0.0,2026-09-20T06:00:00Z,active,2026-09-18T19:35:09.531474+00:00
KXHIGHTNOLA,KXHIGHTNOLA-26SEP18-T95,New Orleans Max temp Daily,KMSY,2026-09-18,greater,95.0,,The Weather Company,https://weather.com/kalshi,0.0,0.01,0.99,1.0,1188.8,0.0,287.0,0.0,2026-09-19T06:00:00Z,active,2026-09-18T19:35:09.531474+00:00
KXHIGHTNOLA,KXHIGHTNOLA-26SEP18-T88,New Orleans Max temp Daily,KMSY,2026-09-18,less,,88.0,The Weather Company,https://weather.com/kalshi,0.0,0.01,0.99,1.0,147556.15,0.0,984.42,0.0,2026-09-19T06:00:00Z,active,2026-09-18T19:35:09.531474+00:00
KXHIGHTNOLA,KXHIGHTNOLA-26SEP18-B94.5,New Orleans Max temp Daily,KMSY,2026-09-18,between,94.0,95.0,The Weather Company,https://weather.com/kalshi,0.0,0.02,0.98,1.0,18.0,0.0,1705.46,0.0,2026-09-19T06:00:00Z,active,2026-09-18T19:35:09.531474+00:00
KXHIGHTNOLA,KXHIGHTNOLA-26SEP18-B92.5,New Orleans Max temp Daily,KMSY,2026-09-18,between,92.0,93.0,The Weather Company,https://weather.com/kalshi,0.08,0.14,0.86,0.92,10.0,52.58,1537.15,0.0,2026-09-19T06:00:00Z,active,2026-09-18T19:35:09.531474+00:00
KXHIGHTNOLA,KXHIGHTNOLA-26SEP18-B90.5,New Orleans Max temp Daily,KMSY,2026-09-18,between,90.0,91.0,The Weather Company,https://weather.com/kalshi,0.81,0.88,0.12,0.19,33.22,10.0,1315.3,0.0,2026-09-19T06:00:00Z,active,2026-09-18T19:35:09.531474+00:00
KXHIGHTNOLA,KXHIGHTNOLA-26SEP18-B88.5,New Orleans Max temp Daily,KMSY,2026-09-18,between,88.0,89.0,The Weather Company,https://weather.com/kalshi,0.03,0.04,0.96,0.97,22.0,18.0,746.85,0.0,2026-09-19T06:00:00Z,active,2026-09-18T19:35:09.531474+00:00
KXLOWTPHIL,KXLOWTPHIL-26SEP19-T64,Lowest temperature in Philadelphia,KPHL,2026-09-19,greater,64.0,,The Weather Company,https://weather.com/kalshi,0.58,0.68,0.32,0.42,3.99,6.0,198.73,0.0,2026-09-20T05:00:00Z,active,2026-09-18T19:35:09.531474+00:00
KXLOWTPHIL,KXLOWTPHIL-26SEP19-T57,Lowest temperature in Philadelphia,KPHL,2026-09-19,less,,57.0,The Weather Company,https://weather.com/kalshi,0.0,0.01,0.99,1.0,174.0,0.0,15.0,0.0,2026-09-20T05:00:00Z,active,2026-09-18T19:35:09.531474+00:00
KXLOWTPHIL,KXLOWTPHIL-26SEP19-B63.5,Lowest temperature in Philadelphia,KPHL,2026-09-19,between,63.0,64.0,The Weather Company,https://weather.com/kalshi,0.27,0.29,0.71,0.73,31.0,16.97,54.73,0.0,2026-09-20T05:00:00Z,active,2026-09-18T19:35:09.531474+00:00
KXLOWTPHIL,KXLOWTPHIL-26SEP19-B61.5,Lowest temperature in Philadelphia,KPHL,2026-09-19,between,61.0,62.0,The Weather Company,https://weather.com/kalshi,0.05,0.07,0.93,0.95,28.3,12.12,35.73,0.0,2026-09-20T05:00:00Z,active,2026-09-18T19:35:09.531474+00:00
KXLOWTPHIL,KXLOWTPHIL-26SEP19-B59.5,Lowest temperature in Philadelphia,KPHL,2026-09-19,between,59.0,60.0,The Weather Company,https://weather.com/kalshi,0.01,0.03,0.97,0.99,49.3,119.64,37.78,0.0,2026-09-20T05:00:00Z,active,2026-09-18T19:35:09.531474+00:00
KXLOWTPHIL,KXLOWTPHIL-26SEP19-B57.5,Lowest temperature in Philadelphia,KPHL,2026-09-19,between,57.0,58.0,The Weather Company,https://weather.com/kalshi,0.0,0.02,0.98,1.0,31.0,0.0,124.05,0.0,2026-09-20T05:00:00Z,active,2026-09-18T19:35:09.531474+00:00
KXLOWTPHIL,KXLOWTPHIL-26SEP18-T71,Lowest temperature in Philadelphia,KPHL,2026-09-18,greater,71.0,,The Weather Company,https://weather.com/kalshi,0.3,0.4,0.6,0.7,75.0,6.0,648.64,0.0,2026-09-19T05:00:00Z,active,2026-09-18T19:35:09.531474+00:00
KXLOWTPHIL,KXLOWTPHIL-26SEP18-T64,Lowest temperature in Philadelphia,KPHL,2026-09-18,less,,64.0,The Weather Company,https://weather.com/kalshi,0.0,0.02,0.98,1.0,171.11,0.0,31.89,0.0,2026-09-19T05:00:00Z,active,2026-09-18T19:35:09.531474+00:00
KXLOWTPHIL,KXLOWTPHIL-26SEP18-B70.5,Lowest temperature in Philadelphia,KPHL,2026-09-18,between,70.0,71.0,The Weather Company,https://weather.com/kalshi,0.5,0.51,0.49,0.5,4.0,6.0,160.17,0.0,2026-09-19T05:00:00Z,active,2026-09-18T19:35:09.531474+00:00
KXLOWTPHIL,KXLOWTPHIL-26SEP18-B68.5,Lowest temperature in Philadelphia,KPHL,2026-09-18,between,68.0,69.0,The Weather Company,https://weather.com/kalshi,0.01,0.12,0.88,0.99,5.0,189.23,197.94,0.0,2026-09-19T05:00:00Z,active,2026-09-18T19:35:09.531474+00:00
KXLOWTPHIL,KXLOWTPHIL-26SEP18-B66.5,Lowest temperature in Philadelphia,KPHL,2026-09-18,between,66.0,67.0,The Weather Company,https://weather.com/kalshi,0.0,0.01,0.99,1.0,133.62,0.0,111.77,0.0,2026-09-19T05:00:00Z,active,2026-09-18T19:35:09.531474+00:00
KXLOWTPHIL,KXLOWTPHIL-26SEP18-B64.5,Lowest temperature in Philadelphia,KPHL,2026-09-18,between,64.0,65.0,The Weather Company,https://weather.com/kalshi,0.0,0.01,0.99,1.0,189.35,0.0,130.12,0.0,2026-09-19T05:00:00Z,active,2026-09-18T19:35:09.531474+00:00
KXLOWTOKC,KXLOWTOKC-26SEP19-T76,Low Temperature Oklahoma City,KOKC,2026-09-19,greater,76.0,,The Weather Company,https://weather.com/kalshi,0.04,0.07,0.93,0.96,5.0,29.05,20.37,0.0,2026-09-20T06:00:00Z,active,2026-09-18T19:35:09.531474+00:00
KXLOWTOKC,KXLOWTOKC-26SEP19-T69,Low Temperature Oklahoma City,KOKC,2026-09-19,less,,69.0,The Weather Company,https://weather.com/kalshi,0.03,0.06,0.94,0.97,5.0,1.0,23.34,0.0,2026-09-20T06:00:00Z,active,2026-09-18T19:35:09.531474+00:00
KXLOWTOKC,KXLOWTOKC-26SEP19-B75.5,Low Temperature Oklahoma City,KOKC,2026-09-19,between,75.0,76.0,The Weather Company,https://weather.com/kalshi,0.12,0.17,0.83,0.88,34.78,36.0,58.45,0.0,2026-09-20T06:00:00Z,active,2026-09-18T19:35:09.531474+00:00
KXLOWTOKC,KXLOWTOKC-26SEP19-B73.5,Low Temperature Oklahoma City,KOKC,2026-09-19,between,73.0,74.0,The Weather Company,https://weather.com/kalshi,0.29,0.4,0.6,0.71,25.57,0.03,32.0,0.0,2026-09-20T06:00:00Z,active,2026-09-18T19:35:09.531474+00:00
KXLOWTOKC,KXLOWTOKC-26SEP19-B71.5,Low Temperature Oklahoma City,KOKC,2026-09-19,between,71.0,72.0,The Weather Company,https://weather.com/kalshi,0.22,0.29,0.71,0.78,8.0,6.0,93.19,0.0,2026-09-20T06:00:00Z,active,2026-09-18T19:35:09.531474+00:00
KXLOWTOKC,KXLOWTOKC-26SEP19-B69.5,Low Temperature Oklahoma City,KOKC,2026-09-19,between,69.0,70.0,The Weather Company,https://weather.com/kalshi,0.09,0.15,0.85,0.91,10.26,1.0,1.0,0.0,2026-09-20T06:00:00Z,active,2026-09-18T19:35:09.531474+00:00
KXLOWTOKC,KXLOWTOKC-26SEP18-T76,Low Temperature Oklahoma City,KOKC,2026-09-18,greater,76.0,,The Weather Company,https://weather.com/kalshi,0.0,0.01,0.99,1.0,17089.16,0.0,611.45,0.0,2026-09-19T06:00:00Z,active,2026-09-18T19:35:09.531474+00:00
KXLOWTOKC,KXLOWTOKC-26SEP18-T69,Low Temperature Oklahoma City,KOKC,2026-09-18,less,,69.0,The Weather Company,https://weather.com/kalshi,0.0,0.01,0.99,1.0,456.0,0.0,259.7,0.0,2026-09-19T06:00:00Z,active,2026-09-18T19:35:09.531474+00:00
KXLOWTOKC,KXLOWTOKC-26SEP18-B75.5,Low Temperature Oklahoma City,KOKC,2026-09-18,between,75.0,76.0,The Weather Company,https://weather.com/kalshi,0.0,0.01,0.99,1.0,17142.16,0.0,623.56,0.0,2026-09-19T06:00:00Z,active,2026-09-18T19:35:09.531474+00:00
KXLOWTOKC,KXLOWTOKC-26SEP18-B73.5,Low Temperature Oklahoma City,KOKC,2026-09-18,between,73.0,74.0,The Weather Company,https://weather.com/kalshi,0.0,0.01,0.99,1.0,16975.15,0.0,752.04,0.0,2026-09-19T06:00:00Z,active,2026-09-18T19:35:09.531474+00:00
KXLOWTOKC,KXLOWTOKC-26SEP18-B71.5,Low Temperature Oklahoma City,KOKC,2026-09-18,between,71.0,72.0,The Weather Company,https://weather.com/kalshi,0.98,1.0,0.0,0.02,0.0,682.0,1396.87,0.0,2026-09-19T06:00:00Z,active,2026-09-18T19:35:09.531474+00:00
KXLOWTOKC,KXLOWTOKC-26SEP18-B69.5,Low Temperature Oklahoma City,KOKC,2026-09-18,between,69.0,70.0,The Weather Company,https://weather.com/kalshi,0.0,0.01,0.99,1.0,456.0,0.0,266.0,0.0,2026-09-19T06:00:00Z,active,2026-09-18T19:35:09.531474+00:00
KXLOWTBOS,KXLOWTBOS-26SEP19-T56,Low Temperature Boston,KBOS,2026-09-19,greater,56.0,,The Weather Company,https://weather.com/kalshi,0.03,0.09,0.91,0.97,6.0,52.0,81.23,0.0,2026-09-20T05:00:00Z,active,2026-09-18T19:35:09.531474+00:00
KXLOWTBOS,KXLOWTBOS-26SEP19-T49,Low Temperature Boston,KBOS,2026-09-19,less,,49.0,The Weather Company,https://weather.com/kalshi,0.01,0.02,0.98,0.99,6.0,13.0,31.0,0.0,2026-09-20T05:00:00Z,active,2026-09-18T19:35:09.531474+00:00
KXLOWTBOS,KXLOWTBOS-26SEP19-B55.5,Low Temperature Boston,KBOS,2026-09-19,between,55.0,56.0,The Weather Company,https://weather.com/kalshi,0.24,0.32,0.68,0.76,6.0,1.0,261.34,0.0,2026-09-20T05:00:00Z,active,2026-09-18T19:35:09.531474+00:00
KXLOWTBOS,KXLOWTBOS-26SEP19-B53.5,Low Temperature Boston,KBOS,2026-09-19,between,53.0,54.0,The Weather Company,https://weather.com/kalshi,0.44,0.5,0.5,0.56,25.0,4.0,124.05,0.0,2026-09-20T05:00:00Z,active,2026-09-18T19:35:09.531474+00:00
KXLOWTBOS,KXLOWTBOS-26SEP19-B51.5,Low Temperature Boston,KBOS,2026-09-19,between,51.0,52.0,The Weather Company,https://weather.com/kalshi,0.09,0.2,0.8,0.91,25.0,5.0,82.05,0.0,2026-09-20T05:00:00Z,active,2026-09-18T19:35:09.531474+00:00
KXLOWTBOS,KXLOWTBOS-26SEP19-B49.5,Low Temperature Boston,KBOS,2026-09-19,between,49.0,50.0,The Weather Company,https://weather.com/kalshi,0.02,0.06,0.94,0.98,6.0,5.91,6.14,0.0,2026-09-20T05:00:00Z,active,2026-09-18T19:35:09.531474+00:00
KXLOWTBOS,KXLOWTBOS-26SEP18-T66,Low Temperature Boston,KBOS,2026-09-18,greater,66.0,,The Weather Company,https://weather.com/kalshi,0.0,0.01,0.99,1.0,16110.0,0.0,417.46,0.0,2026-09-19T05:00:00Z,active,2026-09-18T19:35:09.531474+00:00
KXLOWTBOS,KXLOWTBOS-26SEP18-T59,Low Temperature Boston,KBOS,2026-09-18,less,,59.0,The Weather Company,https://weather.com/kalshi,0.01,0.06,0.94,0.99,36.0,44.0,931.8,0.0,2026-09-19T05:00:00Z,active,2026-09-18T19:35:09.531474+00:00
KXLOWTBOS,KXLOWTBOS-26SEP18-B65.5,Low Temperature Boston,KBOS,2026-09-18,between,65.0,66.0,The Weather Company,https://weather.com/kalshi,0.01,0.03,0.97,0.99,75.0,8.23,939.08,0.0,2026-09-19T05:00:00Z,active,2026-09-18T19:35:09.531474+00:00
KXLOWTBOS,KXLOWTBOS-26SEP18-B63.5,Low Temperature Boston,KBOS,2026-09-18,between,63.0,64.0,The Weather Company,https://weather.com/kalshi,0.28,0.35,0.65,0.72,2.0,6.0,225.43,0.0,2026-09-19T05:00:00Z,active,2026-09-18T19:35:09.531474+00:00
KXLOWTBOS,KXLOWTBOS-26SEP18-B61.5,Low Temperature Boston,KBOS,2026-09-18,between,61.0,62.0,The Weather Company,https://weather.com/kalshi,0.44,0.53,0.47,0.56,129.0,0.01,346.08,0.0,2026-09-19T05:00:00Z,active,2026-09-18T19:35:09.531474+00:00
KXLOWTBOS,KXLOWTBOS-26SEP18-B59.5,Low Temperature Boston,KBOS,2026-09-18,between,59.0,60.0,The Weather Company,https://weather.com/kalshi,0.07,0.18,0.82,0.93,5.38,4.62,190.0,0.0,2026-09-19T05:00:00Z,active,2026-09-18T19:35:09.531474+00:00
KXHIGHCHI,KXHIGHCHI-26SEP19-T79,Highest temperature in Chicago,KMDW,2026-09-19,greater,79.0,,The Weather Company,https://weather.com/kalshi,0.07,0.08,0.92,0.93,74.71,78.39,1754.68,0.0,2026-09-20T06:00:00Z,active,2026-09-18T19:35:09.531474+00:00
KXHIGHCHI,KXHIGHCHI-26SEP19-T72,Highest temperature in Chicago,KMDW,2026-09-19,less,,72.0,The Weather Company,https://weather.com/kalshi,0.1,0.11,0.89,0.9,1.38,4.13,1510.81,0.0,2026-09-20T06:00:00Z,active,2026-09-18T19:35:09.531474+00:00
KXHIGHCHI,KXHIGHCHI-26SEP19-B78.5,Highest temperature in Chicago,KMDW,2026-09-19,between,78.0,79.0,The Weather Company,https://weather.com/kalshi,0.08,0.09,0.91,0.92,17.02,226.7,107.71,0.0,2026-09-20T06:00:00Z,active,2026-09-18T19:35:09.531474+00:00
KXHIGHCHI,KXHIGHCHI-26SEP19-B76.5,Highest temperature in Chicago,KMDW,2026-09-19,between,76.0,77.0,The Weather Company,https://weather.com/kalshi,0.2,0.22,0.78,0.8,29.0,5.0,300.26,0.0,2026-09-20T06:00:00Z,active,2026-09-18T19:35:09.531474+00:00
KXHIGHCHI,KXHIGHCHI-26SEP19-B74.5,Highest temperature in Chicago,KMDW,2026-09-19,between,74.0,75.0,The Weather Company,https://weather.com/kalshi,0.33,0.34,0.66,0.67,31.9,18.0,823.15,0.0,2026-09-20T06:00:00Z,active,2026-09-18T19:35:09.531474+00:00
KXHIGHCHI,KXHIGHCHI-26SEP19-B72.5,Highest temperature in Chicago,KMDW,2026-09-19,between,72.0,73.0,The Weather Company,https://weather.com/kalshi,0.21,0.23,0.77,0.79,26.0,1.0,1261.75,0.0,2026-09-20T06:00:00Z,active,2026-09-18T19:35:09.531474+00:00
KXHIGHCHI,KXHIGHCHI-26SEP18-T77,Highest temperature in Chicago,KMDW,2026-09-18,greater,77.0,,The Weather Company,https://weather.com/kalshi,0.0,0.01,0.99,1.0,2687.11,0.0,6191.79,0.0,2026-09-19T06:00:00Z,active,2026-09-18T19:35:09.531474+00:00
KXHIGHCHI,KXHIGHCHI-26SEP18-T70,Highest temperature in Chicago,KMDW,2026-09-18,less,,70.0,The Weather Company,https://weather.com/kalshi,0.0,0.01,0.99,1.0,136084.9,0.0,3922.4,0.0,2026-09-19T06:00:00Z,active,2026-09-18T19:35:09.531474+00:00
KXHIGHCHI,KXHIGHCHI-26SEP18-B76.5,Highest temperature in Chicago,KMDW,2026-09-18,between,76.0,77.0,The Weather Company,https://weather.com/kalshi,0.0,0.01,0.99,1.0,2357.03,0.0,5348.79,0.0,2026-09-19T06:00:00Z,active,2026-09-18T19:35:09.531474+00:00
KXHIGHCHI,KXHIGHCHI-26SEP18-B74.5,Highest temperature in Chicago,KMDW,2026-09-18,between,74.0,75.0,The Weather Company,https://weather.com/kalshi,0.01,0.03,0.97,0.99,36.0,24.83,13501.77,0.0,2026-09-19T06:00:00Z,active,2026-09-18T19:35:09.531474+00:00
KXHIGHCHI,KXHIGHCHI-26SEP18-B72.5,Highest temperature in Chicago,KMDW,2026-09-18,between,72.0,73.0,The Weather Company,https://weather.com/kalshi,0.97,0.99,0.01,0.03,1555.65,5.0,11508.12,0.0,2026-09-19T06:00:00Z,active,2026-09-18T19:35:09.531474+00:00
KXHIGHCHI,KXHIGHCHI-26SEP18-B70.5,Highest temperature in Chicago,KMDW,2026-09-18,between,70.0,71.0,The Weather Company,https://weather.com/kalshi,0.0,0.01,0.99,1.0,148063.33,0.0,24973.83,0.0,2026-09-19T06:00:00Z,active,2026-09-18T19:35:09.531474+00:00
KXHIGHDEN,KXHIGHDEN-26SEP19-T80,Highest temperature in Denver,KDEN,2026-09-19,greater,80.0,,The Weather Company,https://weather.com/kalshi,0.06,0.1,0.9,0.94,46.24,4.8,167.1,0.0,2026-09-20T07:00:00Z,active,2026-09-18T19:35:09.531474+00:00
KXHIGHDEN,KXHIGHDEN-26SEP19-T73,Highest temperature in Denver,KDEN,2026-09-19,less,,73.0,The Weather Company,https://weather.com/kalshi,0.04,0.05,0.95,0.96,134.0,1.0,382.67,0.0,2026-09-20T07:00:00Z,active,2026-09-18T19:35:09.531474+00:00
KXHIGHDEN,KXHIGHDEN-26SEP19-B79.5,Highest temperature in Denver,KDEN,2026-09-19,between,79.0,80.0,The Weather Company,https://weather.com/kalshi,0.29,0.32,0.68,0.71,20.0,40.65,226.13,0.0,2026-09-20T07:00:00Z,active,2026-09-18T19:35:09.531474+00:00
KXHIGHDEN,KXHIGHDEN-26SEP19-B77.5,Highest temperature in Denver,KDEN,2026-09-19,between,77.0,78.0,The Weather Company,https://weather.com/kalshi,0.35,0.36,0.64,0.65,3.0,2.06,115.0,0.0,2026-09-20T07:00:00Z,active,2026-09-18T19:35:09.531474+00:00
KXHIGHDEN,KXHIGHDEN-26SEP19-B75.5,Highest temperature in Denver,KDEN,2026-09-19,between,75.0,76.0,The Weather Company,https://weather.com/kalshi,0.14,0.15,0.85,0.86,158.72,1.0,51.0,0.0,2026-09-20T07:00:00Z,active,2026-09-18T19:35:09.531474+00:00
KXHIGHDEN,KXHIGHDEN-26SEP19-B73.5,Highest temperature in Denver,KDEN,2026-09-19,between,73.0,74.0,The Weather Company,https://weather.com/kalshi,0.04,0.05,0.95,0.96,2.0,388.0,348.38,0.0,2026-09-20T07:00:00Z,active,2026-09-18T19:35:09.531474+00:00
KXHIGHDEN,KXHIGHDEN-26SEP18-T85,Highest temperature in Denver,KDEN,2026-09-18,greater,85.0,,The Weather Company,https://weather.com/kalshi,0.27,0.33,0.67,0.73,61.0,14.0,4002.77,0.0,2026-09-19T07:00:00Z,active,2026-09-18T19:35:09.531474+00:00
KXHIGHDEN,KXHIGHDEN-26SEP18-T78,Highest temperature in Denver,KDEN,2026-09-18,less,,78.0,The Weather Company,https://weather.com/kalshi,0.0,0.01,0.99,1.0,28944.6,0.0,679.08,0.0,2026-09-19T07:00:00Z,active,2026-09-18T19:35:09.531474+00:00
KXHIGHDEN,KXHIGHDEN-26SEP18-B84.5,Highest temperature in Denver,KDEN,2026-09-18,between,84.0,85.0,The Weather Company,https://weather.com/kalshi,0.51,0.61,0.39,0.49,51.0,11.0,4426.33,0.0,2026-09-19T07:00:00Z,active,2026-09-18T19:35:09.531474+00:00
KXHIGHDEN,KXHIGHDEN-26SEP18-B82.5,Highest temperature in Denver,KDEN,2026-09-18,between,82.0,83.0,The Weather Company,https://weather.com/kalshi,0.07,0.16,0.84,0.93,13.04,91.96,3236.36,0.0,2026-09-19T07:00:00Z,active,2026-09-18T19:35:09.531474+00:00
KXHIGHDEN,KXHIGHDEN-26SEP18-B80.5,Highest temperature in Denver,KDEN,2026-09-18,between,80.0,81.0,The Weather Company,https://weather.com/kalshi,0.0,0.01,0.99,1.0,22839.57,0.0,2925.41,0.0,2026-09-19T07:00:00Z,active,2026-09-18T19:35:09.531474+00:00
KXHIGHDEN,KXHIGHDEN-26SEP18-B78.5,Highest temperature in Denver,KDEN,2026-09-18,between,78.0,79.0,The Weather Company,https://weather.com/kalshi,0.0,0.01,0.99,1.0,24096.76,0.0,1247.29,0.0,2026-09-19T07:00:00Z,active,2026-09-18T19:35:09.531474+00:00
KXLOWTATL,KXLOWTATL-26SEP19-T75,Low Temperature Atlanta,KATL,2026-09-19,greater,75.0,,The Weather Company,https://weather.com/kalshi,0.04,0.09,0.91,0.96,7.0,29.0,41.0,0.0,2026-09-20T05:00:00Z,active,2026-09-18T19:35:09.531474+00:00
KXLOWTATL,KXLOWTATL-26SEP19-T68,Low Temperature Atlanta,KATL,2026-09-19,less,,68.0,The Weather Company,https://weather.com/kalshi,0.01,0.04,0.96,0.99,7.0,22.0,62.0,0.0,2026-09-20T05:00:00Z,active,2026-09-18T19:35:09.531474+00:00
KXLOWTATL,KXLOWTATL-26SEP19-B74.5,Low Temperature Atlanta,KATL,2026-09-19,between,74.0,75.0,The Weather Company,https://weather.com/kalshi,0.45,0.56,0.44,0.55,30.0,26.0,14.0,0.0,2026-09-20T05:00:00Z,active,2026-09-18T19:35:09.531474+00:00
KXLOWTATL,KXLOWTATL-26SEP19-B72.5,Low Temperature Atlanta,KATL,2026-09-19,between,72.0,73.0,The Weather Company,https://weather.com/kalshi,0.3,0.4,0.6,0.7,28.89,3.01,38.0,0.0,2026-09-20T05:00:00Z,active,2026-09-18T19:35:09.531474+00:00
KXLOWTATL,KXLOWTATL-26SEP19-B70.5,Low Temperature Atlanta,KATL,2026-09-19,between,70.0,71.0,The Weather Company,https://weather.com/kalshi,0.02,0.05,0.95,0.98,7.0,41.0,0.0,0.0,2026-09-20T05:00:00Z,active,2026-09-18T19:35:09.531474+00:00
KXLOWTATL,KXLOWTATL-26SEP19-B68.5,Low Temperature Atlanta,KATL,2026-09-19,between,68.0,69.0,The Weather Company,https://weather.com/kalshi,0.01,0.03,0.97,0.99,7.54,122.72,51.28,0.0,2026-09-20T05:00:00Z,active,2026-09-18T19:35:09.531474+00:00
KXLOWTATL,KXLOWTATL-26SEP18-T73,Low Temperature Atlanta,KATL,2026-09-18,greater,73.0,,The Weather Company,https://weather.com/kalshi,0.0,0.01,0.99,1.0,22111.26,0.0,1034.51,0.0,2026-09-19T05:00:00Z,active,2026-09-18T19:35:09.531474+00:00
KXLOWTATL,KXLOWTATL-26SEP18-T66,Low Temperature Atlanta,KATL,2026-09-18,less,,66.0,The Weather Company,https://weather.com/kalshi,0.0,0.01,0.99,1.0,5.0,0.0,31.0,0.0,2026-09-19T05:00:00Z,active,2026-09-18T19:35:09.531474+00:00
KXLOWTATL,KXLOWTATL-26SEP18-B72.5,Low Temperature Atlanta,KATL,2026-09-18,between,72.0,73.0,The Weather Company,https://weather.com/kalshi,0.0,0.01,0.99,1.0,17400.66,0.0,651.53,0.0,2026-09-19T05:00:00Z,active,2026-09-18T19:35:09.531474+00:00
KXLOWTATL,KXLOWTATL-26SEP18-B70.5,Low Temperature Atlanta,KATL,2026-09-18,between,70.0,71.0,The Weather Company,https://weather.com/kalshi,0.97,0.98,0.02,0.03,78.97,70.86,613.24,0.0,2026-09-19T05:00:00Z,active,2026-09-18T19:35:09.531474+00:00
KXLOWTATL,KXLOWTATL-26SEP18-B68.5,Low Temperature Atlanta,KATL,2026-09-18,between,68.0,69.0,The Weather Company,https://weather.com/kalshi,0.01,0.03,0.97,0.99,96.0,20.14,398.01,0.0,2026-09-19T05:00:00Z,active,2026-09-18T19:35:09.531474+00:00
KXLOWTATL,KXLOWTATL-26SEP18-B66.5,Low Temperature Atlanta,KATL,2026-09-18,between,66.0,67.0,The Weather Company,https://weather.com/kalshi,0.0,0.01,0.99,1.0,41.46,0.0,123.46,0.0,2026-09-19T05:00:00Z,active,2026-09-18T19:35:09.531474+00:00
KXLOWTDC,KXLOWTDC-26SEP19-T66,Lowest Temperature DC ,KDCA,2026-09-19,greater,66.0,,The Weather Company,https://weather.com/kalshi,0.57,0.68,0.32,0.43,6.0,5.0,172.38,0.0,2026-09-20T05:00:00Z,active,2026-09-18T19:35:09.531474+00:00
KXLOWTDC,KXLOWTDC-26SEP19-T59,Lowest Temperature DC ,KDCA,2026-09-19,less,,59.0,The Weather Company,https://weather.com/kalshi,0.0,0.01,0.99,1.0,14.0,0.0,14.0,0.0,2026-09-20T05:00:00Z,active,2026-09-18T19:35:09.531474+00:00
KXLOWTDC,KXLOWTDC-26SEP19-B65.5,Lowest Temperature DC ,KDCA,2026-09-19,between,65.0,66.0,The Weather Company,https://weather.com/kalshi,0.26,0.37,0.63,0.74,5.0,19.0,95.0,0.0,2026-09-20T05:00:00Z,active,2026-09-18T19:35:09.531474+00:00
KXLOWTDC,KXLOWTDC-26SEP19-B63.5,Lowest Temperature DC ,KDCA,2026-09-19,between,63.0,64.0,The Weather Company,https://weather.com/kalshi,0.07,0.08,0.92,0.93,5.0,0.38,20.0,0.0,2026-09-20T05:00:00Z,active,2026-09-18T19:35:09.531474+00:00
KXLOWTDC,KXLOWTDC-26SEP19-B61.5,Lowest Temperature DC ,KDCA,2026-09-19,between,61.0,62.0,The Weather Company,https://weather.com/kalshi,0.01,0.04,0.96,0.99,5.0,161.0,49.38,0.0,2026-09-20T05:00:00Z,active,2026-09-18T19:35:09.531474+00:00
KXLOWTDC,KXLOWTDC-26SEP19-B59.5,Lowest Temperature DC ,KDCA,2026-09-19,between,59.0,60.0,The Weather Company,https://weather.com/kalshi,0.01,0.04,0.96,0.99,9.0,59.01,89.37,0.0,2026-09-20T05:00:00Z,active,2026-09-18T19:35:09.531474+00:00
KXLOWTDC,KXLOWTDC-26SEP18-T74,Lowest Temperature DC ,KDCA,2026-09-18,greater,74.0,,The Weather Company,https://weather.com/kalshi,0.0,0.01,0.99,1.0,17126.15,0.0,692.01,0.0,2026-09-19T05:00:00Z,active,2026-09-18T19:35:09.531474+00:00
KXLOWTDC,KXLOWTDC-26SEP18-T67,Lowest Temperature DC ,KDCA,2026-09-18,less,,67.0,The Weather Company,https://weather.com/kalshi,0.0,0.02,0.98,1.0,110.0,0.0,14.0,0.0,2026-09-19T05:00:00Z,active,2026-09-18T19:35:09.531474+00:00
KXLOWTDC,KXLOWTDC-26SEP18-B73.5,Lowest Temperature DC ,KDCA,2026-09-18,between,73.0,74.0,The Weather Company,https://weather.com/kalshi,0.64,0.74,0.26,0.36,4.0,1.01,596.78,0.0,2026-09-19T05:00:00Z,active,2026-09-18T19:35:09.531474+00:00
KXLOWTDC,KXLOWTDC-26SEP18-B71.5,Lowest Temperature DC ,KDCA,2026-09-18,between,71.0,72.0,The Weather Company,https://weather.com/kalshi,0.21,0.31,0.69,0.79,0.72,6.0,698.53,0.0,2026-09-19T05:00:00Z,active,2026-09-18T19:35:09.531474+00:00
KXLOWTDC,KXLOWTDC-26SEP18-B69.5,Lowest Temperature DC ,KDCA,2026-09-18,between,69.0,70.0,The Weather Company,https://weather.com/kalshi,0.0,0.1,0.9,1.0,1.0,0.0,225.14,0.0,2026-09-19T05:00:00Z,active,2026-09-18T19:35:09.531474+00:00
KXLOWTDC,KXLOWTDC-26SEP18-B67.5,Lowest Temperature DC ,KDCA,2026-09-18,between,67.0,68.0,The Weather Company,https://weather.com/kalshi,0.0,0.01,0.99,1.0,21.15,0.0,96.08,0.0,2026-09-19T05:00:00Z,active,2026-09-18T19:35:09.531474+00:00
KXLOWTHOU,KXLOWTHOU-26SEP19-T77,Low Temperature Houston,KHOU,2026-09-19,greater,77.0,,The Weather Company,https://weather.com/kalshi,0.03,0.11,0.89,0.97,25.0,12.0,10.9,0.0,2026-09-20T06:00:00Z,active,2026-09-18T19:35:09.531474+00:00
KXLOWTHOU,KXLOWTHOU-26SEP19-T70,Low Temperature Houston,KHOU,2026-09-19,less,,70.0,The Weather Company,https://weather.com/kalshi,0.0,0.01,0.99,1.0,18.0,0.0,6.0,0.0,2026-09-20T06:00:00Z,active,2026-09-18T19:35:09.531474+00:00
KXLOWTHOU,KXLOWTHOU-26SEP19-B76.5,Low Temperature Houston,KHOU,2026-09-19,between,76.0,77.0,The Weather Company,https://weather.com/kalshi,0.32,0.42,0.58,0.68,25.0,11.27,21.28,0.0,2026-09-20T06:00:00Z,active,2026-09-18T19:35:09.531474+00:00
KXLOWTHOU,KXLOWTHOU-26SEP19-B74.5,Low Temperature Houston,KHOU,2026-09-19,between,74.0,75.0,The Weather Company,https://weather.com/kalshi,0.43,0.52,0.48,0.57,2.0,25.0,28.0,0.0,2026-09-20T06:00:00Z,active,2026-09-18T19:35:09.531474+00:00
KXLOWTHOU,KXLOWTHOU-26SEP19-B72.5,Low Temperature Houston,KHOU,2026-09-19,between,72.0,73.0,The Weather Company,https://weather.com/kalshi,0.05,0.16,0.84,0.95,27.0,29.0,29.0,0.0,2026-09-20T06:00:00Z,active,2026-09-18T19:35:09.531474+00:00
KXLOWTHOU,KXLOWTHOU-26SEP19-B70.5,Low Temperature Houston,KHOU,2026-09-19,between,70.0,71.0,The Weather Company,https://weather.com/kalshi,0.02,0.05,0.95,0.98,25.0,29.0,15.14,0.0,2026-09-20T06:00:00Z,active,2026-09-18T19:35:09.531474+00:00
KXLOWTHOU,KXLOWTHOU-26SEP18-T79,Low Temperature Houston,KHOU,2026-09-18,greater,79.0,,The Weather Company,https://weather.com/kalshi,0.0,0.01,0.99,1.0,20930.15,0.0,468.08,0.0,2026-09-19T06:00:00Z,active,2026-09-18T19:35:09.531474+00:00
KXLOWTHOU,KXLOWTHOU-26SEP18-T72,Low Temperature Houston,KHOU,2026-09-18,less,,72.0,The Weather Company,https://weather.com/kalshi,0.0,0.02,0.98,1.0,116.0,0.0,1.0,0.0,2026-09-19T06:00:00Z,active,2026-09-18T19:35:09.531474+00:00
KXLOWTHOU,KXLOWTHOU-26SEP18-B78.5,Low Temperature Houston,KHOU,2026-09-18,between,78.0,79.0,The Weather Company,https://weather.com/kalshi,0.0,0.01,0.99,1.0,16849.61,0.0,580.27,0.0,2026-09-19T06:00:00Z,active,2026-09-18T19:35:09.531474+00:00
KXLOWTHOU,KXLOWTHOU-26SEP18-B76.5,Low Temperature Houston,KHOU,2026-09-18,between,76.0,77.0,The Weather Company,https://weather.com/kalshi,0.9,0.98,0.02,0.1,55.81,50.0,749.8,0.0,2026-09-19T06:00:00Z,active,2026-09-18T19:35:09.531474+00:00
KXLOWTHOU,KXLOWTHOU-26SEP18-B74.5,Low Temperature Houston,KHOU,2026-09-18,between,74.0,75.0,The Weather Company,https://weather.com/kalshi,0.02,0.09,0.91,0.98,6.0,29.0,150.13,0.0,2026-09-19T06:00:00Z,active,2026-09-18T19:35:09.531474+00:00
KXLOWTHOU,KXLOWTHOU-26SEP18-B72.5,Low Temperature Houston,KHOU,2026-09-18,between,72.0,73.0,The Weather Company,https://weather.com/kalshi,0.0,0.04,0.96,1.0,6.0,0.0,93.0,0.0,2026-09-19T06:00:00Z,active,2026-09-18T19:35:09.531474+00:00
KXLOWTLV,KXLOWTLV-26SEP19-T71,Las Vegas Daily Low Temperature,KLAS,2026-09-19,greater,71.0,,The Weather Company,https://weather.com/kalshi,0.41,0.43,0.57,0.59,2.88,14.0,486.42,0.0,2026-09-20T08:00:00Z,active,2026-09-18T19:35:09.531474+00:00
KXLOWTLV,KXLOWTLV-26SEP19-T64,Las Vegas Daily Low Temperature,KLAS,2026-09-19,less,,64.0,The Weather Company,https://weather.com/kalshi,0.0,0.01,0.99,1.0,27.0,0.0,1.0,0.0,2026-09-20T08:00:00Z,active,2026-09-18T19:35:09.531474+00:00
KXLOWTLV,KXLOWTLV-26SEP19-B70.5,Las Vegas Daily Low Temperature,KLAS,2026-09-19,between,70.0,71.0,The Weather Company,https://weather.com/kalshi,0.37,0.42,0.58,0.63,4.0,5.49,229.0,0.0,2026-09-20T08:00:00Z,active,2026-09-18T19:35:09.531474+00:00
KXLOWTLV,KXLOWTLV-26SEP19-B68.5,Las Vegas Daily Low Temperature,KLAS,2026-09-19,between,68.0,69.0,The Weather Company,https://weather.com/kalshi,0.07,0.18,0.82,0.93,1.0,19.0,0.0,0.0,2026-09-20T08:00:00Z,active,2026-09-18T19:35:09.531474+00:00
KXLOWTLV,KXLOWTLV-26SEP19-B66.5,Las Vegas Daily Low Temperature,KLAS,2026-09-19,between,66.0,67.0,The Weather Company,https://weather.com/kalshi,0.02,0.08,0.92,0.98,29.0,87.0,102.16,0.0,2026-09-20T08:00:00Z,active,2026-09-18T19:35:09.531474+00:00
KXLOWTLV,KXLOWTLV-26SEP19-B64.5,Las Vegas Daily Low Temperature,KLAS,2026-09-19,between,64.0,65.0,The Weather Company,https://weather.com/kalshi,0.01,0.04,0.96,0.99,4.0,22.0,40.36,0.0,2026-09-20T08:00:00Z,active,2026-09-18T19:35:09.531474+00:00
KXLOWTLV,KXLOWTLV-26SEP18-T76,Las Vegas Daily Low Temperature,KLAS,2026-09-18,greater,76.0,,The Weather Company,https://weather.com/kalshi,0.0,0.01,0.99,1.0,23191.65,0.0,1795.96,0.0,2026-09-19T08:00:00Z,active,2026-09-18T19:35:09.531474+00:00
KXLOWTLV,KXLOWTLV-26SEP18-T69,Las Vegas Daily Low Temperature,KLAS,2026-09-18,less,,69.0,The Weather Company,https://weather.com/kalshi,0.0,0.02,0.98,1.0,300.0,0.0,113.0,0.0,2026-09-19T08:00:00Z,active,2026-09-18T19:35:09.531474+00:00
KXLOWTLV,KXLOWTLV-26SEP18-B75.5,Las Vegas Daily Low Temperature,KLAS,2026-09-18,between,75.0,76.0,The Weather Company,https://weather.com/kalshi,0.87,0.98,0.02,0.13,236.0,51.0,1346.39,0.0,2026-09-19T08:00:00Z,active,2026-09-18T19:35:09.531474+00:00
KXLOWTLV,KXLOWTLV-26SEP18-B73.5,Las Vegas Daily Low Temperature,KLAS,2026-09-18,between,73.0,74.0,The Weather Company,https://weather.com/kalshi,0.02,0.12,0.88,0.98,4.0,187.0,480.75,0.0,2026-09-19T08:00:00Z,active,2026-09-18T19:35:09.531474+00:00
KXLOWTLV,KXLOWTLV-26SEP18-B71.5,Las Vegas Daily Low Temperature,KLAS,2026-09-18,between,71.0,72.0,The Weather Company,https://weather.com/kalshi,0.0,0.09,0.91,1.0,4.0,0.0,340.86,0.0,2026-09-19T08:00:00Z,active,2026-09-18T19:35:09.531474+00:00
KXLOWTLV,KXLOWTLV-26SEP18-B69.5,Las Vegas Daily Low Temperature,KLAS,2026-09-18,between,69.0,70.0,The Weather Company,https://weather.com/kalshi,0.0,0.02,0.98,1.0,607.98,0.0,899.07,0.0,2026-09-19T08:00:00Z,active,2026-09-18T19:35:09.531474+00:00
KXLOWTSAN,KXLOWTSAN-26SEP19-T65,Low Temperature San Diego,KSAN,2026-09-19,greater,65.0,,The Weather Company,https://weather.com/kalshi,0.82,0.91,0.09,0.18,22.0,25.0,117.0,0.0,2026-09-20T08:00:00Z,active,2026-09-18T19:35:09.531474+00:00
KXLOWTSAN,KXLOWTSAN-26SEP19-T58,Low Temperature San Diego,KSAN,2026-09-19,less,,58.0,The Weather Company,https://weather.com/kalshi,0.01,0.1,0.9,0.99,25.0,22.0,0.0,0.0,2026-09-20T08:00:00Z,active,2026-09-18T19:35:09.531474+00:00
KXLOWTSAN,KXLOWTSAN-26SEP19-B64.5,Low Temperature San Diego,KSAN,2026-09-19,between,64.0,65.0,The Weather Company,https://weather.com/kalshi,0.07,0.18,0.82,0.93,5.0,19.0,86.0,0.0,2026-09-20T08:00:00Z,active,2026-09-18T19:35:09.531474+00:00
KXLOWTSAN,KXLOWTSAN-26SEP19-B62.5,Low Temperature San Diego,KSAN,2026-09-19,between,62.0,63.0,The Weather Company,https://weather.com/kalshi,0.02,0.1,0.9,0.98,25.0,29.0,4.0,0.0,2026-09-20T08:00:00Z,active,2026-09-18T19:35:09.531474+00:00
KXLOWTSAN,KXLOWTSAN-26SEP19-B60.5,Low Temperature San Diego,KSAN,2026-09-19,between,60.0,61.0,The Weather Company,https://weather.com/kalshi,0.01,0.08,0.92,0.99,2.0,22.0,80.0,0.0,2026-09-20T08:00:00Z,active,2026-09-18T19:35:09.531474+00:00
KXLOWTSAN,KXLOWTSAN-26SEP19-B58.5,Low Temperature San Diego,KSAN,2026-09-19,between,58.0,59.0,The Weather Company,https://weather.com/kalshi,0.01,0.08,0.92,0.99,0.58,22.0,85.58,0.0,2026-09-20T08:00:00Z,active,2026-09-18T19:35:09.531474+00:00
KXLOWTSAN,KXLOWTSAN-26SEP18-T66,Low Temperature San Diego,KSAN,2026-09-18,greater,66.0,,The Weather Company,https://weather.com/kalshi,0.88,0.99,0.01,0.12,65.47,72.0,224.73,0.0,2026-09-19T08:00:00Z,active,2026-09-18T19:35:09.531474+00:00
KXLOWTSAN,KXLOWTSAN-26SEP18-T59,Low Temperature San Diego,KSAN,2026-09-18,less,,59.0,The Weather Company,https://weather.com/kalshi,0.0,0.02,0.98,1.0,275.0,0.0,4.0,0.0,2026-09-19T08:00:00Z,active,2026-09-18T19:35:09.531474+00:00
KXLOWTSAN,KXLOWTSAN-26SEP18-B65.5,Low Temperature San Diego,KSAN,2026-09-18,between,65.0,66.0,The Weather Company,https://weather.com/kalshi,0.01,0.12,0.88,0.99,5.0,80.0,164.44,0.0,2026-09-19T08:00:00Z,active,2026-09-18T19:35:09.531474+00:00
KXLOWTSAN,KXLOWTSAN-26SEP18-B63.5,Low Temperature San Diego,KSAN,2026-09-18,between,63.0,64.0,The Weather Company,https://weather.com/kalshi,0.0,0.1,0.9,1.0,50.0,0.0,34.0,0.0,2026-09-19T08:00:00Z,active,2026-09-18T19:35:09.531474+00:00
KXLOWTSAN,KXLOWTSAN-26SEP18-B61.5,Low Temperature San Diego,KSAN,2026-09-18,between,61.0,62.0,The Weather Company,https://weather.com/kalshi,0.0,0.02,0.98,1.0,450.0,0.0,256.0,0.0,2026-09-19T08:00:00Z,active,2026-09-18T19:35:09.531474+00:00
KXLOWTSAN,KXLOWTSAN-26SEP18-B59.5,Low Temperature San Diego,KSAN,2026-09-18,between,59.0,60.0,The Weather Company,https://weather.com/kalshi,0.0,0.02,0.98,1.0,340.0,0.0,54.37,0.0,2026-09-19T08:00:00Z,active,2026-09-18T19:35:09.531474+00:00
KXHIGHNY,KXHIGHNY-26SEP19-T76,Highest temperature in NYC,KNYC,2026-09-19,greater,76.0,,The Weather Company,https://weather.com/kalshi,0.0,0.01,0.99,1.0,11.0,0.0,1170.02,0.0,2026-09-20T05:00:00Z,active,2026-09-18T19:35:09.531474+00:00
KXHIGHNY,KXHIGHNY-26SEP19-T69,Highest temperature in NYC,KNYC,2026-09-19,less,,69.0,The Weather Company,https://weather.com/kalshi,0.15,0.18,0.82,0.85,36.0,1.0,1096.01,0.0,2026-09-20T05:00:00Z,active,2026-09-18T19:35:09.531474+00:00
KXHIGHNY,KXHIGHNY-26SEP19-B75.5,Highest temperature in NYC,KNYC,2026-09-19,between,75.0,76.0,The Weather Company,https://weather.com/kalshi,0.01,0.02,0.98,0.99,31.88,364.52,1470.19,0.0,2026-09-20T05:00:00Z,active,2026-09-18T19:35:09.531474+00:00
KXHIGHNY,KXHIGHNY-26SEP19-B73.5,Highest temperature in NYC,KNYC,2026-09-19,between,73.0,74.0,The Weather Company,https://weather.com/kalshi,0.06,0.07,0.93,0.94,146.0,31.29,302.02,0.0,2026-09-20T05:00:00Z,active,2026-09-18T19:35:09.531474+00:00
KXHIGHNY,KXHIGHNY-26SEP19-B71.5,Highest temperature in NYC,KNYC,2026-09-19,between,71.0,72.0,The Weather Company,https://weather.com/kalshi,0.36,0.38,0.62,0.64,37.0,8.48,1204.85,0.0,2026-09-20T05:00:00Z,active,2026-09-18T19:35:09.531474+00:00
KXHIGHNY,KXHIGHNY-26SEP19-B69.5,Highest temperature in NYC,KNYC,2026-09-19,between,69.0,70.0,The Weather Company,https://weather.com/kalshi,0.42,0.43,0.57,0.58,30.0,1.0,1263.57,0.0,2026-09-20T05:00:00Z,active,2026-09-18T19:35:09.531474+00:00
KXHIGHNY,KXHIGHNY-26SEP18-T87,Highest temperature in NYC,KNYC,2026-09-18,greater,87.0,,The Weather Company,https://weather.com/kalshi,0.0,0.01,0.99,1.0,56380.84,0.0,1338.35,0.0,2026-09-19T05:00:00Z,active,2026-09-18T19:35:09.531474+00:00
KXHIGHNY,KXHIGHNY-26SEP18-T80,Highest temperature in NYC,KNYC,2026-09-18,less,,80.0,The Weather Company,https://weather.com/kalshi,0.0,0.01,0.99,1.0,83722.36,0.0,20981.76,0.0,2026-09-19T05:00:00Z,active,2026-09-18T19:35:09.531474+00:00
KXHIGHNY,KXHIGHNY-26SEP18-B86.5,Highest temperature in NYC,KNYC,2026-09-18,between,86.0,87.0,The Weather Company,https://weather.com/kalshi,0.0,0.01,0.99,1.0,54720.5,0.0,1263.02,0.0,2026-09-19T05:00:00Z,active,2026-09-18T19:35:09.531474+00:00
KXHIGHNY,KXHIGHNY-26SEP18-B84.5,Highest temperature in NYC,KNYC,2026-09-18,between,84.0,85.0,The Weather Company,https://weather.com/kalshi,0.0,0.01,0.99,1.0,34516.3,0.0,19598.68,0.0,2026-09-19T05:00:00Z,active,2026-09-18T19:35:09.531474+00:00
KXHIGHNY,KXHIGHNY-26SEP18-B82.5,Highest temperature in NYC,KNYC,2026-09-18,between,82.0,83.0,The Weather Company,https://weather.com/kalshi,0.02,0.03,0.97,0.98,0.94,203.68,42503.5,0.0,2026-09-19T05:00:00Z,active,2026-09-18T19:35:09.531474+00:00
KXHIGHNY,KXHIGHNY-26SEP18-B80.5,Highest temperature in NYC,KNYC,2026-09-18,between,80.0,81.0,The Weather Company,https://weather.com/kalshi,0.95,0.98,0.02,0.05,131.0,65.0,28329.39,0.0,2026-09-19T05:00:00Z,active,2026-09-18T19:35:09.531474+00:00
KXHIGHTBOS,KXHIGHTBOS-26SEP19-T68,Boston Maximum Daily Temperature,KBOS,2026-09-19,greater,68.0,,The Weather Company,https://weather.com/kalshi,0.01,0.02,0.98,0.99,199.88,700.49,481.75,0.0,2026-09-20T05:00:00Z,active,2026-09-18T19:35:09.531474+00:00
KXHIGHTBOS,KXHIGHTBOS-26SEP19-T61,Boston Maximum Daily Temperature,KBOS,2026-09-19,less,,61.0,The Weather Company,https://weather.com/kalshi,0.09,0.11,0.89,0.91,10.0,1.02,52.0,0.0,2026-09-20T05:00:00Z,active,2026-09-18T19:35:09.531474+00:00
KXHIGHTBOS,KXHIGHTBOS-26SEP19-B67.5,Boston Maximum Daily Temperature,KBOS,2026-09-19,between,67.0,68.0,The Weather Company,https://weather.com/kalshi,0.03,0.04,0.96,0.97,21.0,19.13,97.2,0.0,2026-09-20T05:00:00Z,active,2026-09-18T19:35:09.531474+00:00
KXHIGHTBOS,KXHIGHTBOS-26SEP19-B65.5,Boston Maximum Daily Temperature,KBOS,2026-09-19,between,65.0,66.0,The Weather Company,https://weather.com/kalshi,0.1,0.12,0.88,0.9,2.0,23.0,6.0,0.0,2026-09-20T05:00:00Z,active,2026-09-18T19:35:09.531474+00:00
KXHIGHTBOS,KXHIGHTBOS-26SEP19-B63.5,Boston Maximum Daily Temperature,KBOS,2026-09-19,between,63.0,64.0,The Weather Company,https://weather.com/kalshi,0.48,0.49,0.51,0.52,38.0,53.0,202.0,0.0,2026-09-20T05:00:00Z,active,2026-09-18T19:35:09.531474+00:00
KXHIGHTBOS,KXHIGHTBOS-26SEP19-B61.5,Boston Maximum Daily Temperature,KBOS,2026-09-19,between,61.0,62.0,The Weather Company,https://weather.com/kalshi,0.26,0.29,0.71,0.74,30.3,17.0,63.9,0.0,2026-09-20T05:00:00Z,active,2026-09-18T19:35:09.531474+00:00
KXHIGHTBOS,KXHIGHTBOS-26SEP18-T81,Boston Maximum Daily Temperature,KBOS,2026-09-18,greater,81.0,,The Weather Company,https://weather.com/kalshi,0.02,0.04,0.96,0.98,52.0,100.0,6034.84,0.0,2026-09-19T05:00:00Z,active,2026-09-18T19:35:09.531474+00:00
KXHIGHTBOS,KXHIGHTBOS-26SEP18-T74,Boston Maximum Daily Temperature,KBOS,2026-09-18,less,,74.0,The Weather Company,https://weather.com/kalshi,0.0,0.01,0.99,1.0,104273.82,0.0,846.47,0.0,2026-09-19T05:00:00Z,active,2026-09-18T19:35:09.531474+00:00
KXHIGHTBOS,KXHIGHTBOS-26SEP18-B80.5,Boston Maximum Daily Temperature,KBOS,2026-09-18,between,80.0,81.0,The Weather Company,https://weather.com/kalshi,0.97,0.98,0.02,0.03,41.0,76.0,4194.88,0.0,2026-09-19T05:00:00Z,active,2026-09-18T19:35:09.531474+00:00
KXHIGHTBOS,KXHIGHTBOS-26SEP18-B78.5,Boston Maximum Daily Temperature,KBOS,2026-09-18,between,78.0,79.0,The Weather Company,https://weather.com/kalshi,0.0,0.01,0.99,1.0,134713.01,0.0,4562.31,0.0,2026-09-19T05:00:00Z,active,2026-09-18T19:35:09.531474+00:00
KXHIGHTBOS,KXHIGHTBOS-26SEP18-B76.5,Boston Maximum Daily Temperature,KBOS,2026-09-18,between,76.0,77.0,The Weather Company,https://weather.com/kalshi,0.0,0.01,0.99,1.0,117187.78,0.0,3344.93,0.0,2026-09-19T05:00:00Z,active,2026-09-18T19:35:09.531474+00:00
KXHIGHTBOS,KXHIGHTBOS-26SEP18-B74.5,Boston Maximum Daily Temperature,KBOS,2026-09-18,between,74.0,75.0,The Weather Company,https://weather.com/kalshi,0.0,0.01,0.99,1.0,109854.0,0.0,1307.77,0.0,2026-09-19T05:00:00Z,active,2026-09-18T19:35:09.531474+00:00
KXHIGHTDC,KXHIGHTDC-26SEP19-T84,Washington DC Daily Max Temp,KDCA,2026-09-19,greater,84.0,,The Weather Company,https://weather.com/kalshi,0.0,0.02,0.98,1.0,37.0,0.0,188.0,0.0,2026-09-20T05:00:00Z,active,2026-09-18T19:35:09.531474+00:00
KXHIGHTDC,KXHIGHTDC-26SEP19-T77,Washington DC Daily Max Temp,KDCA,2026-09-19,less,,77.0,The Weather Company,https://weather.com/kalshi,0.08,0.1,0.9,0.92,2.0,1.0,14.0,0.0,2026-09-20T05:00:00Z,active,2026-09-18T19:35:09.531474+00:00
KXHIGHTDC,KXHIGHTDC-26SEP19-B83.5,Washington DC Daily Max Temp,KDCA,2026-09-19,between,83.0,84.0,The Weather Company,https://weather.com/kalshi,0.03,0.04,0.96,0.97,185.52,74.87,175.97,0.0,2026-09-20T05:00:00Z,active,2026-09-18T19:35:09.531474+00:00
KXHIGHTDC,KXHIGHTDC-26SEP19-B81.5,Washington DC Daily Max Temp,KDCA,2026-09-19,between,81.0,82.0,The Weather Company,https://weather.com/kalshi,0.22,0.24,0.76,0.78,6.0,25.39,23.44,0.0,2026-09-20T05:00:00Z,active,2026-09-18T19:35:09.531474+00:00
KXHIGHTDC,KXHIGHTDC-26SEP19-B79.5,Washington DC Daily Max Temp,KDCA,2026-09-19,between,79.0,80.0,The Weather Company,https://weather.com/kalshi,0.39,0.4,0.6,0.61,158.93,1.71,102.0,0.0,2026-09-20T05:00:00Z,active,2026-09-18T19:35:09.531474+00:00
KXHIGHTDC,KXHIGHTDC-26SEP19-B77.5,Washington DC Daily Max Temp,KDCA,2026-09-19,between,77.0,78.0,The Weather Company,https://weather.com/kalshi,0.21,0.23,0.77,0.79,5.45,25.0,12.78,0.0,2026-09-20T05:00:00Z,active,2026-09-18T19:35:09.531474+00:00
KXHIGHTDC,KXHIGHTDC-26SEP18-T90,Washington DC Daily Max Temp,KDCA,2026-09-18,greater,90.0,,The Weather Company,https://weather.com/kalshi,0.0,0.01,0.99,1.0,139.0,0.0,2484.96,0.0,2026-09-19T05:00:00Z,active,2026-09-18T19:35:09.531474+00:00
KXHIGHTDC,KXHIGHTDC-26SEP18-T83,Washington DC Daily Max Temp,KDCA,2026-09-18,less,,83.0,The Weather Company,https://weather.com/kalshi,0.0,0.01,0.99,1.0,85620.72,0.0,1636.68,0.0,2026-09-19T05:00:00Z,active,2026-09-18T19:35:09.531474+00:00
KXHIGHTDC,KXHIGHTDC-26SEP18-B89.5,Washington DC Daily Max Temp,KDCA,2026-09-18,between,89.0,90.0,The Weather Company,https://weather.com/kalshi,0.03,0.11,0.89,0.97,5.0,99.0,3692.25,0.0,2026-09-19T05:00:00Z,active,2026-09-18T19:35:09.531474+00:00
KXHIGHTDC,KXHIGHTDC-26SEP18-B87.5,Washington DC Daily Max Temp,KDCA,2026-09-18,between,87.0,88.0,The Weather Company,https://weather.com/kalshi,0.91,0.95,0.05,0.09,33.97,1.0,5440.36,0.0,2026-09-19T05:00:00Z,active,2026-09-18T19:35:09.531474+00:00
KXHIGHTDC,KXHIGHTDC-26SEP18-B85.5,Washington DC Daily Max Temp,KDCA,2026-09-18,between,85.0,86.0,The Weather Company,https://weather.com/kalshi,0.0,0.01,0.99,1.0,90083.89,0.0,11738.27,0.0,2026-09-19T05:00:00Z,active,2026-09-18T19:35:09.531474+00:00
KXHIGHTDC,KXHIGHTDC-26SEP18-B83.5,Washington DC Daily Max Temp,KDCA,2026-09-18,between,83.0,84.0,The Weather Company,https://weather.com/kalshi,0.0,0.01,0.99,1.0,85108.73,0.0,1861.05,0.0,2026-09-19T05:00:00Z,active,2026-09-18T19:35:09.531474+00:00
KXHIGHAUS,KXHIGHAUS-26SEP19-T96,Highest temperature in Austin,KAUS,2026-09-19,less,,96.0,The Weather Company,https://weather.com/kalshi,0.02,0.03,0.97,0.98,44.0,108.49,498.7,0.0,2026-09-20T06:00:00Z,active,2026-09-18T19:35:09.531474+00:00
KXHIGHAUS,KXHIGHAUS-26SEP19-T103,Highest temperature in Austin,KAUS,2026-09-19,greater,103.0,,The Weather Company,https://weather.com/kalshi,0.01,0.02,0.98,0.99,229.0,70.0,342.52,0.0,2026-09-20T06:00:00Z,active,2026-09-18T19:35:09.531474+00:00
KXHIGHAUS,KXHIGHAUS-26SEP19-B98.5,Highest temperature in Austin,KAUS,2026-09-19,between,98.0,99.0,The Weather Company,https://weather.com/kalshi,0.55,0.56,0.44,0.45,142.7,2.0,406.83,0.0,2026-09-20T06:00:00Z,active,2026-09-18T19:35:09.531474+00:00
KXHIGHAUS,KXHIGHAUS-26SEP19-B96.5,Highest temperature in Austin,KAUS,2026-09-19,between,96.0,97.0,The Weather Company,https://weather.com/kalshi,0.17,0.2,0.8,0.83,45.33,74.19,775.63,0.0,2026-09-20T06:00:00Z,active,2026-09-18T19:35:09.531474+00:00
KXHIGHAUS,KXHIGHAUS-26SEP19-B102.5,Highest temperature in Austin,KAUS,2026-09-19,between,102.0,103.0,The Weather Company,https://weather.com/kalshi,0.03,0.04,0.96,0.97,48.0,158.0,99.0,0.0,2026-09-20T06:00:00Z,active,2026-09-18T19:35:09.531474+00:00
KXHIGHAUS,KXHIGHAUS-26SEP19-B100.5,Highest temperature in Austin,KAUS,2026-09-19,between,100.0,101.0,The Weather Company,https://weather.com/kalshi,0.25,0.26,0.74,0.75,10.0,126.0,421.02,0.0,2026-09-20T06:00:00Z,active,2026-09-18T19:35:09.531474+00:00
KXHIGHAUS,KXHIGHAUS-26SEP18-T96,Highest temperature in Austin,KAUS,2026-09-18,less,,96.0,The Weather Company,https://weather.com/kalshi,0.0,0.01,0.99,1.0,55494.08,0.0,4422.73,0.0,2026-09-19T06:00:00Z,active,2026-09-18T19:35:09.531474+00:00
KXHIGHAUS,KXHIGHAUS-26SEP18-T103,Highest temperature in Austin,KAUS,2026-09-18,greater,103.0,,The Weather Company,https://weather.com/kalshi,0.0,0.01,0.99,1.0,3228.7,0.0,380.0,0.0,2026-09-19T06:00:00Z,active,2026-09-18T19:35:09.531474+00:00
KXHIGHAUS,KXHIGHAUS-26SEP18-B98.5,Highest temperature in Austin,KAUS,2026-09-18,between,98.0,99.0,The Weather Company,https://weather.com/kalshi,0.7,0.71,0.29,0.3,81.0,8.0,4860.43,0.0,2026-09-19T06:00:00Z,active,2026-09-18T19:35:09.531474+00:00
KXHIGHAUS,KXHIGHAUS-26SEP18-B96.5,Highest temperature in Austin,KAUS,2026-09-18,between,96.0,97.0,The Weather Company,https://weather.com/kalshi,0.21,0.24,0.76,0.79,28.0,19.89,6792.81,0.0,2026-09-19T06:00:00Z,active,2026-09-18T19:35:09.531474+00:00
KXHIGHAUS,KXHIGHAUS-26SEP18-B102.5,Highest temperature in Austin,KAUS,2026-09-18,between,102.0,103.0,The Weather Company,https://weather.com/kalshi,0.0,0.01,0.99,1.0,579.01,0.0,1298.72,0.0,2026-09-19T06:00:00Z,active,2026-09-18T19:35:09.531474+00:00
KXHIGHAUS,KXHIGHAUS-26SEP18-B100.5,Highest temperature in Austin,KAUS,2026-09-18,between,100.0,101.0,The Weather Company,https://weather.com/kalshi,0.04,0.07,0.93,0.96,25.0,269.0,4585.68,0.0,2026-09-19T06:00:00Z,active,2026-09-18T19:35:09.531474+00:00
KXHIGHTLV,KXHIGHTLV-26SEP19-T98,Las Vegas Max Daily Temperature,KLAS,2026-09-19,greater,98.0,,The Weather Company,https://weather.com/kalshi,0.01,0.02,0.98,0.99,241.54,102.61,366.39,0.0,2026-09-20T08:00:00Z,active,2026-09-18T19:35:09.531474+00:00
KXHIGHTLV,KXHIGHTLV-26SEP19-T91,Las Vegas Max Daily Temperature,KLAS,2026-09-19,less,,91.0,The Weather Company,https://weather.com/kalshi,0.01,0.02,0.98,0.99,508.0,1.0,490.0,0.0,2026-09-20T08:00:00Z,active,2026-09-18T19:35:09.531474+00:00
KXHIGHTLV,KXHIGHTLV-26SEP19-B97.5,Las Vegas Max Daily Temperature,KLAS,2026-09-19,between,97.0,98.0,The Weather Company,https://weather.com/kalshi,0.1,0.11,0.89,0.9,2.0,0.66,24.0,0.0,2026-09-20T08:00:00Z,active,2026-09-18T19:35:09.531474+00:00
KXHIGHTLV,KXHIGHTLV-26SEP19-B95.5,Las Vegas Max Daily Temperature,KLAS,2026-09-19,between,95.0,96.0,The Weather Company,https://weather.com/kalshi,0.55,0.6,0.4,0.45,3.0,1.0,483.22,0.0,2026-09-20T08:00:00Z,active,2026-09-18T19:35:09.531474+00:00
KXHIGHTLV,KXHIGHTLV-26SEP19-B93.5,Las Vegas Max Daily Temperature,KLAS,2026-09-19,between,93.0,94.0,The Weather Company,https://weather.com/kalshi,0.3,0.31,0.69,0.7,23.0,0.28,224.72,0.0,2026-09-20T08:00:00Z,active,2026-09-18T19:35:09.531474+00:00
KXHIGHTLV,KXHIGHTLV-26SEP19-B91.5,Las Vegas Max Daily Temperature,KLAS,2026-09-19,between,91.0,92.0,The Weather Company,https://weather.com/kalshi,0.02,0.03,0.97,0.98,50.0,81.0,92.0,0.0,2026-09-20T08:00:00Z,active,2026-09-18T19:35:09.531474+00:00
KXHIGHTLV,KXHIGHTLV-26SEP18-T93,Las Vegas Max Daily Temperature,KLAS,2026-09-18,less,,93.0,The Weather Company,https://weather.com/kalshi,0.0,0.01,0.99,1.0,203.72,0.0,525.99,0.0,2026-09-19T08:00:00Z,active,2026-09-18T19:35:09.531474+00:00
KXHIGHTLV,KXHIGHTLV-26SEP18-T100,Las Vegas Max Daily Temperature,KLAS,2026-09-18,greater,100.0,,The Weather Company,https://weather.com/kalshi,0.0,0.01,0.99,1.0,1214.54,0.0,314.0,0.0,2026-09-19T08:00:00Z,active,2026-09-18T19:35:09.531474+00:00
KXHIGHTLV,KXHIGHTLV-26SEP18-B99.5,Las Vegas Max Daily Temperature,KLAS,2026-09-18,between,99.0,100.0,The Weather Company,https://weather.com/kalshi,0.0,0.01,0.99,1.0,81.52,0.0,1114.76,0.0,2026-09-19T08:00:00Z,active,2026-09-18T19:35:09.531474+00:00
KXHIGHTLV,KXHIGHTLV-26SEP18-B97.5,Las Vegas Max Daily Temperature,KLAS,2026-09-18,between,97.0,98.0,The Weather Company,https://weather.com/kalshi,0.12,0.22,0.78,0.88,13.0,10.0,2828.79,0.0,2026-09-19T08:00:00Z,active,2026-09-18T19:35:09.531474+00:00
KXHIGHTLV,KXHIGHTLV-26SEP18-B95.5,Las Vegas Max Daily Temperature,KLAS,2026-09-18,between,95.0,96.0,The Weather Company,https://weather.com/kalshi,0.77,0.87,0.13,0.23,12.0,7.0,2082.02,0.0,2026-09-19T08:00:00Z,active,2026-09-18T19:35:09.531474+00:00
KXHIGHTLV,KXHIGHTLV-26SEP18-B93.5,Las Vegas Max Daily Temperature,KLAS,2026-09-18,between,93.0,94.0,The Weather Company,https://weather.com/kalshi,0.02,0.03,0.97,0.98,1234.63,38.91,1944.01,0.0,2026-09-19T08:00:00Z,active,2026-09-18T19:35:09.531474+00:00
KXLOWTSEA,KXLOWTSEA-26SEP19-T53,Low Temperature Seattle,KSEA,2026-09-19,greater,53.0,,The Weather Company,https://weather.com/kalshi,0.13,0.18,0.82,0.87,25.0,1.0,7.0,0.0,2026-09-20T08:00:00Z,active,2026-09-18T19:35:09.531474+00:00
KXLOWTSEA,KXLOWTSEA-26SEP19-T46,Low Temperature Seattle,KSEA,2026-09-19,less,,46.0,The Weather Company,https://weather.com/kalshi,0.0,0.01,0.99,1.0,23.0,0.0,1.0,0.0,2026-09-20T08:00:00Z,active,2026-09-18T19:35:09.531474+00:00
KXLOWTSEA,KXLOWTSEA-26SEP19-B52.5,Low Temperature Seattle,KSEA,2026-09-19,between,52.0,53.0,The Weather Company,https://weather.com/kalshi,0.34,0.49,0.51,0.66,3.0,7.0,6.0,0.0,2026-09-20T08:00:00Z,active,2026-09-18T19:35:09.531474+00:00
KXLOWTSEA,KXLOWTSEA-26SEP19-B50.5,Low Temperature Seattle,KSEA,2026-09-19,between,50.0,51.0,The Weather Company,https://weather.com/kalshi,0.33,0.48,0.52,0.67,5.0,5.0,0.0,0.0,2026-09-20T08:00:00Z,active,2026-09-18T19:35:09.531474+00:00
KXLOWTSEA,KXLOWTSEA-26SEP19-B48.5,Low Temperature Seattle,KSEA,2026-09-19,between,48.0,49.0,The Weather Company,https://weather.com/kalshi,0.02,0.11,0.89,0.98,6.0,29.0,8.07,0.0,2026-09-20T08:00:00Z,active,2026-09-18T19:35:09.531474+00:00
KXLOWTSEA,KXLOWTSEA-26SEP19-B46.5,Low Temperature Seattle,KSEA,2026-09-19,between,46.0,47.0,The Weather Company,https://weather.com/kalshi,0.02,0.05,0.95,0.98,4.0,30.0,20.18,0.0,2026-09-20T08:00:00Z,active,2026-09-18T19:35:09.531474+00:00
KXLOWTSEA,KXLOWTSEA-26SEP18-T54,Low Temperature Seattle,KSEA,2026-09-18,greater,54.0,,The Weather Company,https://weather.com/kalshi,0.82,0.93,0.07,0.18,100.0,6.0,913.95,0.0,2026-09-19T08:00:00Z,active,2026-09-18T19:35:09.531474+00:00
KXLOWTSEA,KXLOWTSEA-26SEP18-T47,Low Temperature Seattle,KSEA,2026-09-18,less,,47.0,The Weather Company,https://weather.com/kalshi,0.0,0.01,0.99,1.0,152.0,0.0,0.0,0.0,2026-09-19T08:00:00Z,active,2026-09-18T19:35:09.531474+00:00
KXLOWTSEA,KXLOWTSEA-26SEP18-B53.5,Low Temperature Seattle,KSEA,2026-09-18,between,53.0,54.0,The Weather Company,https://weather.com/kalshi,0.05,0.18,0.82,0.95,10.0,79.0,160.24,0.0,2026-09-19T08:00:00Z,active,2026-09-18T19:35:09.531474+00:00
KXLOWTSEA,KXLOWTSEA-26SEP18-B51.5,Low Temperature Seattle,KSEA,2026-09-18,between,51.0,52.0,The Weather Company,https://weather.com/kalshi,0.0,0.02,0.98,1.0,298.0,0.0,365.47,0.0,2026-09-19T08:00:00Z,active,2026-09-18T19:35:09.531474+00:00
KXLOWTSEA,KXLOWTSEA-26SEP18-B49.5,Low Temperature Seattle,KSEA,2026-09-18,between,49.0,50.0,The Weather Company,https://weather.com/kalshi,0.0,0.02,0.98,1.0,48.0,0.0,74.0,0.0,2026-09-19T08:00:00Z,active,2026-09-18T19:35:09.531474+00:00
KXLOWTSEA,KXLOWTSEA-26SEP18-B47.5,Low Temperature Seattle,KSEA,2026-09-18,between,47.0,48.0,The Weather Company,https://weather.com/kalshi,0.0,0.02,0.98,1.0,646.46,0.0,248.46,0.0,2026-09-19T08:00:00Z,active,2026-09-18T19:35:09.531474+00:00
KXLOWTNOLA,KXLOWTNOLA-26SEP19-T76,NOLA Low Temperature,KMSY,2026-09-19,greater,76.0,,The Weather Company,https://weather.com/kalshi,0.03,0.13,0.87,0.97,25.0,1.0,16.14,0.0,2026-09-20T06:00:00Z,active,2026-09-18T19:35:09.531474+00:00
KXLOWTNOLA,KXLOWTNOLA-26SEP19-T69,NOLA Low Temperature,KMSY,2026-09-19,less,,69.0,The Weather Company,https://weather.com/kalshi,0.0,0.01,0.99,1.0,24.0,0.0,0.0,0.0,2026-09-20T06:00:00Z,active,2026-09-18T19:35:09.531474+00:00
KXLOWTNOLA,KXLOWTNOLA-26SEP19-B75.5,NOLA Low Temperature,KMSY,2026-09-19,between,75.0,76.0,The Weather Company,https://weather.com/kalshi,0.25,0.56,0.44,0.75,28.0,10.0,107.0,0.0,2026-09-20T06:00:00Z,active,2026-09-18T19:35:09.531474+00:00
KXLOWTNOLA,KXLOWTNOLA-26SEP19-B73.5,NOLA Low Temperature,KMSY,2026-09-19,between,73.0,74.0,The Weather Company,https://weather.com/kalshi,0.38,0.52,0.48,0.62,5.0,5.0,4.0,0.0,2026-09-20T06:00:00Z,active,2026-09-18T19:35:09.531474+00:00
KXLOWTNOLA,KXLOWTNOLA-26SEP19-B71.5,NOLA Low Temperature,KMSY,2026-09-19,between,71.0,72.0,The Weather Company,https://weather.com/kalshi,0.07,0.18,0.82,0.93,25.0,5.0,0.0,0.0,2026-09-20T06:00:00Z,active,2026-09-18T19:35:09.531474+00:00
KXLOWTNOLA,KXLOWTNOLA-26SEP19-B69.5,NOLA Low Temperature,KMSY,2026-09-19,between,69.0,70.0,The Weather Company,https://weather.com/kalshi,0.02,0.07,0.93,0.98,25.0,29.0,15.14,0.0,2026-09-20T06:00:00Z,active,2026-09-18T19:35:09.531474+00:00
KXLOWTNOLA,KXLOWTNOLA-26SEP18-T77,NOLA Low Temperature,KMSY,2026-09-18,greater,77.0,,The Weather Company,https://weather.com/kalshi,0.0,0.01,0.99,1.0,24095.16,0.0,70.18,0.0,2026-09-19T06:00:00Z,active,2026-09-18T19:35:09.531474+00:00
KXLOWTNOLA,KXLOWTNOLA-26SEP18-T70,NOLA Low Temperature,KMSY,2026-09-18,less,,70.0,The Weather Company,https://weather.com/kalshi,0.0,0.02,0.98,1.0,382.0,0.0,65.33,0.0,2026-09-19T06:00:00Z,active,2026-09-18T19:35:09.531474+00:00
KXLOWTNOLA,KXLOWTNOLA-26SEP18-B76.5,NOLA Low Temperature,KMSY,2026-09-18,between,76.0,77.0,The Weather Company,https://weather.com/kalshi,0.0,0.01,0.99,1.0,37604.16,0.0,457.84,0.0,2026-09-19T06:00:00Z,active,2026-09-18T19:35:09.531474+00:00
KXLOWTNOLA,KXLOWTNOLA-26SEP18-B74.5,NOLA Low Temperature,KMSY,2026-09-18,between,74.0,75.0,The Weather Company,https://weather.com/kalshi,0.0,0.01,0.99,1.0,17574.41,0.0,1246.83,0.0,2026-09-19T06:00:00Z,active,2026-09-18T19:35:09.531474+00:00
KXLOWTNOLA,KXLOWTNOLA-26SEP18-B72.5,NOLA Low Temperature,KMSY,2026-09-18,between,72.0,73.0,The Weather Company,https://weather.com/kalshi,0.98,1.0,0.0,0.02,0.0,350.0,2669.46,0.0,2026-09-19T06:00:00Z,active,2026-09-18T19:35:09.531474+00:00
KXLOWTNOLA,KXLOWTNOLA-26SEP18-B70.5,NOLA Low Temperature,KMSY,2026-09-18,between,70.0,71.0,The Weather Company,https://weather.com/kalshi,0.0,0.02,0.98,1.0,356.0,0.0,164.65,0.0,2026-09-19T06:00:00Z,active,2026-09-18T19:35:09.531474+00:00
