series_ticker,market_ticker,city_label,station_id,target_date,strike_type,floor_strike,cap_strike,settlement_source_name,settlement_source_url,yes_bid,yes_ask,no_bid,no_ask,yes_ask_size,yes_bid_size,volume,liquidity,close_time,status,pulled_at
KXLOWTSDF,KXLOWTSDF-26OCT09-T54,Lowest Temperature SDX,KSDF,2026-10-09,greater,54.0,,The Weather Company,https://weather.com/kalshi,0.05,0.19,0.81,0.95,10.0,25.0,32.0,,2026-10-10T05:00:00Z,active,2026-10-08T22:03:48.610664+00:00
KXLOWTSDF,KXLOWTSDF-26OCT09-T47,Lowest Temperature SDX,KSDF,2026-10-09,less,,47.0,The Weather Company,https://weather.com/kalshi,0.0,0.01,0.99,1.0,1.0,0.0,20.0,,2026-10-10T05:00:00Z,active,2026-10-08T22:03:48.610664+00:00
KXLOWTSDF,KXLOWTSDF-26OCT09-B53.5,Lowest Temperature SDX,KSDF,2026-10-09,between,53.0,54.0,The Weather Company,https://weather.com/kalshi,0.4,0.54,0.46,0.6,19.0,3.0,9.0,,2026-10-10T05:00:00Z,active,2026-10-08T22:03:48.610664+00:00
KXLOWTSDF,KXLOWTSDF-26OCT09-B51.5,Lowest Temperature SDX,KSDF,2026-10-09,between,51.0,52.0,The Weather Company,https://weather.com/kalshi,0.28,0.48,0.52,0.72,10.0,10.0,20.0,,2026-10-10T05:00:00Z,active,2026-10-08T22:03:48.610664+00:00
KXLOWTSDF,KXLOWTSDF-26OCT09-B49.5,Lowest Temperature SDX,KSDF,2026-10-09,between,49.0,50.0,The Weather Company,https://weather.com/kalshi,0.03,0.09,0.91,0.97,4.0,15.0,0.0,,2026-10-10T05:00:00Z,active,2026-10-08T22:03:48.610664+00:00
KXLOWTSDF,KXLOWTSDF-26OCT09-B47.5,Lowest Temperature SDX,KSDF,2026-10-09,between,47.0,48.0,The Weather Company,https://weather.com/kalshi,0.0,0.1,0.9,1.0,13.0,0.0,185.93,,2026-10-10T05:00:00Z,active,2026-10-08T22:03:48.610664+00:00
KXLOWTSDF,KXLOWTSDF-26OCT08-T58,Lowest Temperature SDX,KSDF,2026-10-08,greater,58.0,,The Weather Company,https://weather.com/kalshi,0.9,0.99,0.01,0.1,305.91,10.0,296.13,,2026-10-09T05:00:00Z,active,2026-10-08T22:03:48.610664+00:00
KXLOWTSDF,KXLOWTSDF-26OCT08-T51,Lowest Temperature SDX,KSDF,2026-10-08,less,,51.0,The Weather Company,https://weather.com/kalshi,0.0,0.01,0.99,1.0,351.0,0.0,83.0,,2026-10-09T05:00:00Z,active,2026-10-08T22:03:48.610664+00:00
KXLOWTSDF,KXLOWTSDF-26OCT08-B57.5,Lowest Temperature SDX,KSDF,2026-10-08,between,57.0,58.0,The Weather Company,https://weather.com/kalshi,0.0,0.04,0.96,1.0,10.0,0.0,96.06,,2026-10-09T05:00:00Z,active,2026-10-08T22:03:48.610664+00:00
KXLOWTSDF,KXLOWTSDF-26OCT08-B55.5,Lowest Temperature SDX,KSDF,2026-10-08,between,55.0,56.0,The Weather Company,https://weather.com/kalshi,0.0,0.1,0.9,1.0,10.0,0.0,115.0,,2026-10-09T05:00:00Z,active,2026-10-08T22:03:48.610664+00:00
KXLOWTSDF,KXLOWTSDF-26OCT08-B53.5,Lowest Temperature SDX,KSDF,2026-10-08,between,53.0,54.0,The Weather Company,https://weather.com/kalshi,0.0,0.01,0.99,1.0,1.0,0.0,177.0,,2026-10-09T05:00:00Z,active,2026-10-08T22:03:48.610664+00:00
KXLOWTSDF,KXLOWTSDF-26OCT08-B51.5,Lowest Temperature SDX,KSDF,2026-10-08,between,51.0,52.0,The Weather Company,https://weather.com/kalshi,0.0,0.01,0.99,1.0,279.0,0.0,116.74,,2026-10-09T05:00:00Z,active,2026-10-08T22:03:48.610664+00:00
KXLOWTDAL,KXLOWTDAL-26OCT09-T68,Lowest temperature Dallas,KDFW,2026-10-09,greater,68.0,,The Weather Company,https://weather.com/kalshi,0.01,0.02,0.98,0.99,1.0,10.0,162.02,,2026-10-10T06:00:00Z,active,2026-10-08T22:03:48.610664+00:00
KXLOWTDAL,KXLOWTDAL-26OCT09-T61,Lowest temperature Dallas,KDFW,2026-10-09,less,,61.0,The Weather Company,https://weather.com/kalshi,0.0,0.01,0.99,1.0,10.0,0.0,14.0,,2026-10-10T06:00:00Z,active,2026-10-08T22:03:48.610664+00:00
KXLOWTDAL,KXLOWTDAL-26OCT09-B67.5,Lowest temperature Dallas,KDFW,2026-10-09,between,67.0,68.0,The Weather Company,https://weather.com/kalshi,0.19,0.21,0.79,0.81,6.0,5.0,302.0,,2026-10-10T06:00:00Z,active,2026-10-08T22:03:48.610664+00:00
KXLOWTDAL,KXLOWTDAL-26OCT09-B65.5,Lowest temperature Dallas,KDFW,2026-10-09,between,65.0,66.0,The Weather Company,https://weather.com/kalshi,0.47,0.55,0.45,0.53,16.0,11.0,148.49,,2026-10-10T06:00:00Z,active,2026-10-08T22:03:48.610664+00:00
KXLOWTDAL,KXLOWTDAL-26OCT09-B63.5,Lowest temperature Dallas,KDFW,2026-10-09,between,63.0,64.0,The Weather Company,https://weather.com/kalshi,0.19,0.23,0.77,0.81,4.0,67.0,156.0,,2026-10-10T06:00:00Z,active,2026-10-08T22:03:48.610664+00:00
KXLOWTDAL,KXLOWTDAL-26OCT09-B61.5,Lowest temperature Dallas,KDFW,2026-10-09,between,61.0,62.0,The Weather Company,https://weather.com/kalshi,0.02,0.1,0.9,0.98,7.0,48.91,5.09,,2026-10-10T06:00:00Z,active,2026-10-08T22:03:48.610664+00:00
KXLOWTDAL,KXLOWTDAL-26OCT08-T65,Lowest temperature Dallas,KDFW,2026-10-08,greater,65.0,,The Weather Company,https://weather.com/kalshi,0.0,0.01,0.99,1.0,22893.15,0.0,380.95,,2026-10-09T06:00:00Z,active,2026-10-08T22:03:48.610664+00:00
KXLOWTDAL,KXLOWTDAL-26OCT08-T58,Lowest temperature Dallas,KDFW,2026-10-08,less,,58.0,The Weather Company,https://weather.com/kalshi,0.0,0.01,0.99,1.0,616.0,0.0,14.0,,2026-10-09T06:00:00Z,active,2026-10-08T22:03:48.610664+00:00
KXLOWTDAL,KXLOWTDAL-26OCT08-B64.5,Lowest temperature Dallas,KDFW,2026-10-08,between,64.0,65.0,The Weather Company,https://weather.com/kalshi,0.94,1.0,0.0,0.06,0.0,20.0,2003.29,,2026-10-09T06:00:00Z,active,2026-10-08T22:03:48.610664+00:00
KXLOWTDAL,KXLOWTDAL-26OCT08-B62.5,Lowest temperature Dallas,KDFW,2026-10-08,between,62.0,63.0,The Weather Company,https://weather.com/kalshi,0.0,0.02,0.98,1.0,6.0,0.0,895.26,,2026-10-09T06:00:00Z,active,2026-10-08T22:03:48.610664+00:00
KXLOWTDAL,KXLOWTDAL-26OCT08-B60.5,Lowest temperature Dallas,KDFW,2026-10-08,between,60.0,61.0,The Weather Company,https://weather.com/kalshi,0.0,0.04,0.96,1.0,25.0,0.0,480.18,,2026-10-09T06:00:00Z,active,2026-10-08T22:03:48.610664+00:00
KXLOWTDAL,KXLOWTDAL-26OCT08-B58.5,Lowest temperature Dallas,KDFW,2026-10-08,between,58.0,59.0,The Weather Company,https://weather.com/kalshi,0.0,0.01,0.99,1.0,325.0,0.0,396.45,,2026-10-09T06:00:00Z,active,2026-10-08T22:03:48.610664+00:00
KXHIGHTSDF,KXHIGHTSDF-26OCT09-T90,HIGHEST Temperature SATX,KSDF,2026-10-09,greater,90.0,,The Weather Company,https://weather.com/kalshi,0.0,0.03,0.97,1.0,16.0,0.0,100.19,,2026-10-10T05:00:00Z,active,2026-10-08T22:03:48.610664+00:00
KXHIGHTSDF,KXHIGHTSDF-26OCT09-T83,HIGHEST Temperature SATX,KSDF,2026-10-09,less,,83.0,The Weather Company,https://weather.com/kalshi,0.01,0.06,0.94,0.99,21.0,71.0,31.56,,2026-10-10T05:00:00Z,active,2026-10-08T22:03:48.610664+00:00
KXHIGHTSDF,KXHIGHTSDF-26OCT09-B89.5,HIGHEST Temperature SATX,KSDF,2026-10-09,between,89.0,90.0,The Weather Company,https://weather.com/kalshi,0.01,0.04,0.96,0.99,1.0,89.0,29.0,,2026-10-10T05:00:00Z,active,2026-10-08T22:03:48.610664+00:00
KXHIGHTSDF,KXHIGHTSDF-26OCT09-B87.5,HIGHEST Temperature SATX,KSDF,2026-10-09,between,87.0,88.0,The Weather Company,https://weather.com/kalshi,0.15,0.27,0.73,0.85,8.0,9.0,32.0,,2026-10-10T05:00:00Z,active,2026-10-08T22:03:48.610664+00:00
KXHIGHTSDF,KXHIGHTSDF-26OCT09-B85.5,HIGHEST Temperature SATX,KSDF,2026-10-09,between,85.0,86.0,The Weather Company,https://weather.com/kalshi,0.69,0.81,0.19,0.31,1.0,10.0,5.0,,2026-10-10T05:00:00Z,active,2026-10-08T22:03:48.610664+00:00
KXHIGHTSDF,KXHIGHTSDF-26OCT09-B83.5,HIGHEST Temperature SATX,KSDF,2026-10-09,between,83.0,84.0,The Weather Company,https://weather.com/kalshi,0.02,0.09,0.91,0.98,9.0,48.0,0.0,,2026-10-10T05:00:00Z,active,2026-10-08T22:03:48.610664+00:00
KXHIGHTSDF,KXHIGHTSDF-26OCT08-T87,HIGHEST Temperature SATX,KSDF,2026-10-08,greater,87.0,,The Weather Company,https://weather.com/kalshi,0.0,0.01,0.99,1.0,1626.13,0.0,223.27,,2026-10-09T05:00:00Z,active,2026-10-08T22:03:48.610664+00:00
KXHIGHTSDF,KXHIGHTSDF-26OCT08-T80,HIGHEST Temperature SATX,KSDF,2026-10-08,less,,80.0,The Weather Company,https://weather.com/kalshi,0.0,0.01,0.99,1.0,2106.0,0.0,512.08,,2026-10-09T05:00:00Z,active,2026-10-08T22:03:48.610664+00:00
KXHIGHTSDF,KXHIGHTSDF-26OCT08-B86.5,HIGHEST Temperature SATX,KSDF,2026-10-08,between,86.0,87.0,The Weather Company,https://weather.com/kalshi,0.0,0.01,0.99,1.0,1549.0,0.0,438.07,,2026-10-09T05:00:00Z,active,2026-10-08T22:03:48.610664+00:00
KXHIGHTSDF,KXHIGHTSDF-26OCT08-B84.5,HIGHEST Temperature SATX,KSDF,2026-10-08,between,84.0,85.0,The Weather Company,https://weather.com/kalshi,0.99,1.0,0.0,0.01,0.0,1500.0,1093.26,,2026-10-09T05:00:00Z,active,2026-10-08T22:03:48.610664+00:00
KXHIGHTSDF,KXHIGHTSDF-26OCT08-B82.5,HIGHEST Temperature SATX,KSDF,2026-10-08,between,82.0,83.0,The Weather Company,https://weather.com/kalshi,0.0,0.01,0.99,1.0,2897.5,0.0,473.05,,2026-10-09T05:00:00Z,active,2026-10-08T22:03:48.610664+00:00
KXHIGHTSDF,KXHIGHTSDF-26OCT08-B80.5,HIGHEST Temperature SATX,KSDF,2026-10-08,between,80.0,81.0,The Weather Company,https://weather.com/kalshi,0.0,0.01,0.99,1.0,2896.0,0.0,303.01,,2026-10-09T05:00:00Z,active,2026-10-08T22:03:48.610664+00:00
KXLOWTHOU,KXLOWTHOU-26OCT09-T72,Low Temperature Houston,KHOU,2026-10-09,greater,72.0,,The Weather Company,https://weather.com/kalshi,0.01,0.03,0.97,0.99,14.0,95.0,157.93,,2026-10-10T06:00:00Z,active,2026-10-08T22:03:48.610664+00:00
KXLOWTHOU,KXLOWTHOU-26OCT09-T65,Low Temperature Houston,KHOU,2026-10-09,less,,65.0,The Weather Company,https://weather.com/kalshi,0.0,0.01,0.99,1.0,19.0,0.0,0.0,,2026-10-10T06:00:00Z,active,2026-10-08T22:03:48.610664+00:00
KXLOWTHOU,KXLOWTHOU-26OCT09-B71.5,Low Temperature Houston,KHOU,2026-10-09,between,71.0,72.0,The Weather Company,https://weather.com/kalshi,0.09,0.14,0.86,0.91,3.0,116.0,91.0,,2026-10-10T06:00:00Z,active,2026-10-08T22:03:48.610664+00:00
KXLOWTHOU,KXLOWTHOU-26OCT09-B69.5,Low Temperature Houston,KHOU,2026-10-09,between,69.0,70.0,The Weather Company,https://weather.com/kalshi,0.55,0.64,0.36,0.45,40.0,8.0,144.0,,2026-10-10T06:00:00Z,active,2026-10-08T22:03:48.610664+00:00
KXLOWTHOU,KXLOWTHOU-26OCT09-B67.5,Low Temperature Houston,KHOU,2026-10-09,between,67.0,68.0,The Weather Company,https://weather.com/kalshi,0.18,0.3,0.7,0.82,3.0,21.0,67.0,,2026-10-10T06:00:00Z,active,2026-10-08T22:03:48.610664+00:00
KXLOWTHOU,KXLOWTHOU-26OCT09-B65.5,Low Temperature Houston,KHOU,2026-10-09,between,65.0,66.0,The Weather Company,https://weather.com/kalshi,0.02,0.12,0.88,0.98,3.0,44.0,0.0,,2026-10-10T06:00:00Z,active,2026-10-08T22:03:48.610664+00:00
KXLOWTHOU,KXLOWTHOU-26OCT08-T75,Low Temperature Houston,KHOU,2026-10-08,greater,75.0,,The Weather Company,https://weather.com/kalshi,0.0,0.01,0.99,1.0,14980.15,0.0,405.66,,2026-10-09T06:00:00Z,active,2026-10-08T22:03:48.610664+00:00
KXLOWTHOU,KXLOWTHOU-26OCT08-T68,Low Temperature Houston,KHOU,2026-10-08,less,,68.0,The Weather Company,https://weather.com/kalshi,0.0,0.01,0.99,1.0,314.0,0.0,2.0,,2026-10-09T06:00:00Z,active,2026-10-08T22:03:48.610664+00:00
KXLOWTHOU,KXLOWTHOU-26OCT08-B74.5,Low Temperature Houston,KHOU,2026-10-08,between,74.0,75.0,The Weather Company,https://weather.com/kalshi,0.87,0.9,0.1,0.13,3.0,1.0,579.16,,2026-10-09T06:00:00Z,active,2026-10-08T22:03:48.610664+00:00
KXLOWTHOU,KXLOWTHOU-26OCT08-B72.5,Low Temperature Houston,KHOU,2026-10-08,between,72.0,73.0,The Weather Company,https://weather.com/kalshi,0.09,0.1,0.9,0.91,16.0,6.0,359.6,,2026-10-09T06:00:00Z,active,2026-10-08T22:03:48.610664+00:00
KXLOWTHOU,KXLOWTHOU-26OCT08-B70.5,Low Temperature Houston,KHOU,2026-10-08,between,70.0,71.0,The Weather Company,https://weather.com/kalshi,0.0,0.01,0.99,1.0,53.0,0.0,217.1,,2026-10-09T06:00:00Z,active,2026-10-08T22:03:48.610664+00:00
KXLOWTHOU,KXLOWTHOU-26OCT08-B68.5,Low Temperature Houston,KHOU,2026-10-08,between,68.0,69.0,The Weather Company,https://weather.com/kalshi,0.0,0.01,0.99,1.0,102.0,0.0,187.61,,2026-10-09T06:00:00Z,active,2026-10-08T22:03:48.610664+00:00
KXLOWTDC,KXLOWTDC-26OCT09-T55,Lowest Temperature DC ,KDCA,2026-10-09,greater,55.0,,The Weather Company,https://weather.com/kalshi,0.07,0.13,0.87,0.93,4.0,10.0,33.0,,2026-10-10T05:00:00Z,active,2026-10-08T22:03:48.610664+00:00
KXLOWTDC,KXLOWTDC-26OCT09-T48,Lowest Temperature DC ,KDCA,2026-10-09,less,,48.0,The Weather Company,https://weather.com/kalshi,0.0,0.01,0.99,1.0,4.0,0.0,14.0,,2026-10-10T05:00:00Z,active,2026-10-08T22:03:48.610664+00:00
KXLOWTDC,KXLOWTDC-26OCT09-B54.5,Lowest Temperature DC ,KDCA,2026-10-09,between,54.0,55.0,The Weather Company,https://weather.com/kalshi,0.29,0.35,0.65,0.71,4.0,25.0,68.0,,2026-10-10T05:00:00Z,active,2026-10-08T22:03:48.610664+00:00
KXLOWTDC,KXLOWTDC-26OCT09-B52.5,Lowest Temperature DC ,KDCA,2026-10-09,between,52.0,53.0,The Weather Company,https://weather.com/kalshi,0.42,0.45,0.55,0.58,3.0,10.0,65.64,,2026-10-10T05:00:00Z,active,2026-10-08T22:03:48.610664+00:00
KXLOWTDC,KXLOWTDC-26OCT09-B50.5,Lowest Temperature DC ,KDCA,2026-10-09,between,50.0,51.0,The Weather Company,https://weather.com/kalshi,0.09,0.17,0.83,0.91,4.0,9.0,121.0,,2026-10-10T05:00:00Z,active,2026-10-08T22:03:48.610664+00:00
KXLOWTDC,KXLOWTDC-26OCT09-B48.5,Lowest Temperature DC ,KDCA,2026-10-09,between,48.0,49.0,The Weather Company,https://weather.com/kalshi,0.0,0.02,0.98,1.0,4.0,0.0,185.95,,2026-10-10T05:00:00Z,active,2026-10-08T22:03:48.610664+00:00
KXLOWTDC,KXLOWTDC-26OCT08-T57,Lowest Temperature DC ,KDCA,2026-10-08,greater,57.0,,The Weather Company,https://weather.com/kalshi,0.71,0.81,0.19,0.29,1.0,14.0,1135.73,,2026-10-09T05:00:00Z,active,2026-10-08T22:03:48.610664+00:00
KXLOWTDC,KXLOWTDC-26OCT08-T50,Lowest Temperature DC ,KDCA,2026-10-08,less,,50.0,The Weather Company,https://weather.com/kalshi,0.0,0.01,0.99,1.0,309.0,0.0,95.35,,2026-10-09T05:00:00Z,active,2026-10-08T22:03:48.610664+00:00
KXLOWTDC,KXLOWTDC-26OCT08-B56.5,Lowest Temperature DC ,KDCA,2026-10-08,between,56.0,57.0,The Weather Company,https://weather.com/kalshi,0.19,0.22,0.78,0.81,9.0,0.99,1001.8,,2026-10-09T05:00:00Z,active,2026-10-08T22:03:48.610664+00:00
KXLOWTDC,KXLOWTDC-26OCT08-B54.5,Lowest Temperature DC ,KDCA,2026-10-08,between,54.0,55.0,The Weather Company,https://weather.com/kalshi,0.01,0.08,0.92,0.99,27.0,10.0,392.55,,2026-10-09T05:00:00Z,active,2026-10-08T22:03:48.610664+00:00
KXLOWTDC,KXLOWTDC-26OCT08-B52.5,Lowest Temperature DC ,KDCA,2026-10-08,between,52.0,53.0,The Weather Company,https://weather.com/kalshi,0.0,0.01,0.99,1.0,3.35,0.0,271.0,,2026-10-09T05:00:00Z,active,2026-10-08T22:03:48.610664+00:00
KXLOWTDC,KXLOWTDC-26OCT08-B50.5,Lowest Temperature DC ,KDCA,2026-10-08,between,50.0,51.0,The Weather Company,https://weather.com/kalshi,0.0,0.01,0.99,1.0,74.0,0.0,438.82,,2026-10-09T05:00:00Z,active,2026-10-08T22:03:48.610664+00:00
KXLOWTMIN,KXLOWTMIN-26OCT09-T50,Low  temperature Minnesota,KMSP,2026-10-09,greater,50.0,,The Weather Company,https://weather.com/kalshi,0.1,0.14,0.86,0.9,11.0,120.0,97.0,,2026-10-10T06:00:00Z,active,2026-10-08T22:03:48.610664+00:00
KXLOWTMIN,KXLOWTMIN-26OCT09-T43,Low  temperature Minnesota,KMSP,2026-10-09,less,,43.0,The Weather Company,https://weather.com/kalshi,0.0,0.02,0.98,1.0,3.0,0.0,115.56,,2026-10-10T06:00:00Z,active,2026-10-08T22:03:48.610664+00:00
KXLOWTMIN,KXLOWTMIN-26OCT09-B49.5,Low  temperature Minnesota,KMSP,2026-10-09,between,49.0,50.0,The Weather Company,https://weather.com/kalshi,0.42,0.47,0.53,0.58,14.0,25.0,53.0,,2026-10-10T06:00:00Z,active,2026-10-08T22:03:48.610664+00:00
KXLOWTMIN,KXLOWTMIN-26OCT09-B47.5,Low  temperature Minnesota,KMSP,2026-10-09,between,47.0,48.0,The Weather Company,https://weather.com/kalshi,0.31,0.39,0.61,0.69,3.0,10.0,33.0,,2026-10-10T06:00:00Z,active,2026-10-08T22:03:48.610664+00:00
KXLOWTMIN,KXLOWTMIN-26OCT09-B45.5,Low  temperature Minnesota,KMSP,2026-10-09,between,45.0,46.0,The Weather Company,https://weather.com/kalshi,0.04,0.09,0.91,0.96,4.0,15.0,11.0,,2026-10-10T06:00:00Z,active,2026-10-08T22:03:48.610664+00:00
KXLOWTMIN,KXLOWTMIN-26OCT09-B43.5,Low  temperature Minnesota,KMSP,2026-10-09,between,43.0,44.0,The Weather Company,https://weather.com/kalshi,0.0,0.01,0.99,1.0,3.0,0.0,255.1,,2026-10-10T06:00:00Z,active,2026-10-08T22:03:48.610664+00:00
KXLOWTMIN,KXLOWTMIN-26OCT08-T50,Low  temperature Minnesota,KMSP,2026-10-08,greater,50.0,,The Weather Company,https://weather.com/kalshi,0.0,0.01,0.99,1.0,23792.15,0.0,687.57,,2026-10-09T06:00:00Z,active,2026-10-08T22:03:48.610664+00:00
KXLOWTMIN,KXLOWTMIN-26OCT08-T43,Low  temperature Minnesota,KMSP,2026-10-08,less,,43.0,The Weather Company,https://weather.com/kalshi,0.0,0.01,0.99,1.0,393.0,0.0,321.09,,2026-10-09T06:00:00Z,active,2026-10-08T22:03:48.610664+00:00
KXLOWTMIN,KXLOWTMIN-26OCT08-B49.5,Low  temperature Minnesota,KMSP,2026-10-08,between,49.0,50.0,The Weather Company,https://weather.com/kalshi,0.0,0.01,0.99,1.0,18576.47,0.0,517.65,,2026-10-09T06:00:00Z,active,2026-10-08T22:03:48.610664+00:00
KXLOWTMIN,KXLOWTMIN-26OCT08-B47.5,Low  temperature Minnesota,KMSP,2026-10-08,between,47.0,48.0,The Weather Company,https://weather.com/kalshi,0.96,1.0,0.0,0.04,0.0,14.91,1963.28,,2026-10-09T06:00:00Z,active,2026-10-08T22:03:48.610664+00:00
KXLOWTMIN,KXLOWTMIN-26OCT08-B45.5,Low  temperature Minnesota,KMSP,2026-10-08,between,45.0,46.0,The Weather Company,https://weather.com/kalshi,0.0,0.05,0.95,1.0,8.0,0.0,1015.0,,2026-10-09T06:00:00Z,active,2026-10-08T22:03:48.610664+00:00
KXLOWTMIN,KXLOWTMIN-26OCT08-B43.5,Low  temperature Minnesota,KMSP,2026-10-08,between,43.0,44.0,The Weather Company,https://weather.com/kalshi,0.0,0.01,0.99,1.0,1.0,0.0,422.28,,2026-10-09T06:00:00Z,active,2026-10-08T22:03:48.610664+00:00
KXHIGHPHIL,KXHIGHPHIL-26OCT09-T77,Highest temperature in Philadelphia,KPHL,2026-10-09,greater,77.0,,The Weather Company,https://weather.com/kalshi,0.03,0.04,0.96,0.97,123.0,99.33,807.95,,2026-10-10T05:00:00Z,active,2026-10-08T22:03:48.610664+00:00
KXHIGHPHIL,KXHIGHPHIL-26OCT09-T70,Highest temperature in Philadelphia,KPHL,2026-10-09,less,,70.0,The Weather Company,https://weather.com/kalshi,0.0,0.01,0.99,1.0,43.67,0.0,265.15,,2026-10-10T05:00:00Z,active,2026-10-08T22:03:48.610664+00:00
KXHIGHPHIL,KXHIGHPHIL-26OCT09-B76.5,Highest temperature in Philadelphia,KPHL,2026-10-09,between,76.0,77.0,The Weather Company,https://weather.com/kalshi,0.41,0.42,0.58,0.59,111.41,4.26,762.31,,2026-10-10T05:00:00Z,active,2026-10-08T22:03:48.610664+00:00
KXHIGHPHIL,KXHIGHPHIL-26OCT09-B74.5,Highest temperature in Philadelphia,KPHL,2026-10-09,between,74.0,75.0,The Weather Company,https://weather.com/kalshi,0.46,0.52,0.48,0.54,93.0,29.0,768.69,,2026-10-10T05:00:00Z,active,2026-10-08T22:03:48.610664+00:00
KXHIGHPHIL,KXHIGHPHIL-26OCT09-B72.5,Highest temperature in Philadelphia,KPHL,2026-10-09,between,72.0,73.0,The Weather Company,https://weather.com/kalshi,0.07,0.08,0.92,0.93,41.0,75.07,531.67,,2026-10-10T05:00:00Z,active,2026-10-08T22:03:48.610664+00:00
KXHIGHPHIL,KXHIGHPHIL-26OCT09-B70.5,Highest temperature in Philadelphia,KPHL,2026-10-09,between,70.0,71.0,The Weather Company,https://weather.com/kalshi,0.01,0.02,0.98,0.99,135.0,478.33,648.67,,2026-10-10T05:00:00Z,active,2026-10-08T22:03:48.610664+00:00
KXHIGHPHIL,KXHIGHPHIL-26OCT08-T80,Highest temperature in Philadelphia,KPHL,2026-10-08,greater,80.0,,The Weather Company,https://weather.com/kalshi,0.0,0.01,0.99,1.0,7875.59,0.0,13125.35,,2026-10-09T05:00:00Z,active,2026-10-08T22:03:48.610664+00:00
KXHIGHPHIL,KXHIGHPHIL-26OCT08-T73,Highest temperature in Philadelphia,KPHL,2026-10-08,less,,73.0,The Weather Company,https://weather.com/kalshi,0.0,0.01,0.99,1.0,142869.31,0.0,559.02,,2026-10-09T05:00:00Z,active,2026-10-08T22:03:48.610664+00:00
KXHIGHPHIL,KXHIGHPHIL-26OCT08-B79.5,Highest temperature in Philadelphia,KPHL,2026-10-08,between,79.0,80.0,The Weather Company,https://weather.com/kalshi,0.99,1.0,0.0,0.01,0.0,8858.75,10485.46,,2026-10-09T05:00:00Z,active,2026-10-08T22:03:48.610664+00:00
KXHIGHPHIL,KXHIGHPHIL-26OCT08-B77.5,Highest temperature in Philadelphia,KPHL,2026-10-08,between,77.0,78.0,The Weather Company,https://weather.com/kalshi,0.0,0.01,0.99,1.0,101461.92,0.0,17782.35,,2026-10-09T05:00:00Z,active,2026-10-08T22:03:48.610664+00:00
KXHIGHPHIL,KXHIGHPHIL-26OCT08-B75.5,Highest temperature in Philadelphia,KPHL,2026-10-08,between,75.0,76.0,The Weather Company,https://weather.com/kalshi,0.0,0.01,0.99,1.0,105156.34,0.0,9160.3,,2026-10-09T05:00:00Z,active,2026-10-08T22:03:48.610664+00:00
KXHIGHPHIL,KXHIGHPHIL-26OCT08-B73.5,Highest temperature in Philadelphia,KPHL,2026-10-08,between,73.0,74.0,The Weather Company,https://weather.com/kalshi,0.0,0.01,0.99,1.0,130234.27,0.0,1881.73,,2026-10-09T05:00:00Z,active,2026-10-08T22:03:48.610664+00:00
KXLOWTSFO,KXLOWTSFO-26OCT09-T61,Lowest Temperature San Francisco,KSFO,2026-10-09,greater,61.0,,The Weather Company,https://weather.com/kalshi,0.0,0.02,0.98,1.0,21.0,0.0,70.0,,2026-10-10T08:00:00Z,active,2026-10-08T22:03:48.610664+00:00
KXLOWTSFO,KXLOWTSFO-26OCT09-T54,Lowest Temperature San Francisco,KSFO,2026-10-09,less,,54.0,The Weather Company,https://weather.com/kalshi,0.0,0.05,0.95,1.0,25.0,0.0,20.0,,2026-10-10T08:00:00Z,active,2026-10-08T22:03:48.610664+00:00
KXLOWTSFO,KXLOWTSFO-26OCT09-B60.5,Lowest Temperature San Francisco,KSFO,2026-10-09,between,60.0,61.0,The Weather Company,https://weather.com/kalshi,0.02,0.04,0.96,0.98,12.0,29.0,10.0,,2026-10-10T08:00:00Z,active,2026-10-08T22:03:48.610664+00:00
KXLOWTSFO,KXLOWTSFO-26OCT09-B58.5,Lowest Temperature San Francisco,KSFO,2026-10-09,between,58.0,59.0,The Weather Company,https://weather.com/kalshi,0.24,0.35,0.65,0.76,10.0,2.0,0.0,,2026-10-10T08:00:00Z,active,2026-10-08T22:03:48.610664+00:00
KXLOWTSFO,KXLOWTSFO-26OCT09-B56.5,Lowest Temperature San Francisco,KSFO,2026-10-09,between,56.0,57.0,The Weather Company,https://weather.com/kalshi,0.55,0.66,0.34,0.45,5.0,5.0,22.0,,2026-10-10T08:00:00Z,active,2026-10-08T22:03:48.610664+00:00
KXLOWTSFO,KXLOWTSFO-26OCT09-B54.5,Lowest Temperature San Francisco,KSFO,2026-10-09,between,54.0,55.0,The Weather Company,https://weather.com/kalshi,0.07,0.1,0.9,0.93,2.0,120.0,25.0,,2026-10-10T08:00:00Z,active,2026-10-08T22:03:48.610664+00:00
KXLOWTSFO,KXLOWTSFO-26OCT08-T60,Lowest Temperature San Francisco,KSFO,2026-10-08,greater,60.0,,The Weather Company,https://weather.com/kalshi,0.0,0.01,0.99,1.0,18934.0,0.0,160.65,,2026-10-09T08:00:00Z,active,2026-10-08T22:03:48.610664+00:00
KXLOWTSFO,KXLOWTSFO-26OCT08-T53,Lowest Temperature San Francisco,KSFO,2026-10-08,less,,53.0,The Weather Company,https://weather.com/kalshi,0.0,0.01,0.99,1.0,171.52,0.0,22.48,,2026-10-09T08:00:00Z,active,2026-10-08T22:03:48.610664+00:00
KXLOWTSFO,KXLOWTSFO-26OCT08-B59.5,Lowest Temperature San Francisco,KSFO,2026-10-08,between,59.0,60.0,The Weather Company,https://weather.com/kalshi,0.0,0.01,0.99,1.0,21142.98,0.0,631.05,,2026-10-09T08:00:00Z,active,2026-10-08T22:03:48.610664+00:00
KXLOWTSFO,KXLOWTSFO-26OCT08-B57.5,Lowest Temperature San Francisco,KSFO,2026-10-08,between,57.0,58.0,The Weather Company,https://weather.com/kalshi,0.0,0.01,0.99,1.0,21099.98,0.0,134.29,,2026-10-09T08:00:00Z,active,2026-10-08T22:03:48.610664+00:00
KXLOWTSFO,KXLOWTSFO-26OCT08-B55.5,Lowest Temperature San Francisco,KSFO,2026-10-08,between,55.0,56.0,The Weather Company,https://weather.com/kalshi,0.98,0.99,0.01,0.02,339.68,133.0,567.36,,2026-10-09T08:00:00Z,active,2026-10-08T22:03:48.610664+00:00
KXLOWTSFO,KXLOWTSFO-26OCT08-B53.5,Lowest Temperature San Francisco,KSFO,2026-10-08,between,53.0,54.0,The Weather Company,https://weather.com/kalshi,0.0,0.01,0.99,1.0,25.0,0.0,239.21,,2026-10-09T08:00:00Z,active,2026-10-08T22:03:48.610664+00:00
KXHIGHTLV,KXHIGHTLV-26OCT09-T94,Las Vegas Max Daily Temperature,KLAS,2026-10-09,less,,94.0,The Weather Company,https://weather.com/kalshi,0.0,0.01,0.99,1.0,339.18,0.0,545.74,,2026-10-10T08:00:00Z,active,2026-10-08T22:03:48.610664+00:00
KXHIGHTLV,KXHIGHTLV-26OCT09-T101,Las Vegas Max Daily Temperature,KLAS,2026-10-09,greater,101.0,,The Weather Company,https://weather.com/kalshi,0.0,0.01,0.99,1.0,503.0,0.0,304.0,,2026-10-10T08:00:00Z,active,2026-10-08T22:03:48.610664+00:00
KXHIGHTLV,KXHIGHTLV-26OCT09-B98.5,Las Vegas Max Daily Temperature,KLAS,2026-10-09,between,98.0,99.0,The Weather Company,https://weather.com/kalshi,0.11,0.14,0.86,0.89,22.06,9.0,102.21,,2026-10-10T08:00:00Z,active,2026-10-08T22:03:48.610664+00:00
KXHIGHTLV,KXHIGHTLV-26OCT09-B96.5,Las Vegas Max Daily Temperature,KLAS,2026-10-09,between,96.0,97.0,The Weather Company,https://weather.com/kalshi,0.66,0.73,0.27,0.34,19.0,3.0,201.72,,2026-10-10T08:00:00Z,active,2026-10-08T22:03:48.610664+00:00
KXHIGHTLV,KXHIGHTLV-26OCT09-B94.5,Las Vegas Max Daily Temperature,KLAS,2026-10-09,between,94.0,95.0,The Weather Company,https://weather.com/kalshi,0.11,0.12,0.88,0.89,7.06,7.0,450.04,,2026-10-10T08:00:00Z,active,2026-10-08T22:03:48.610664+00:00
KXHIGHTLV,KXHIGHTLV-26OCT09-B100.5,Las Vegas Max Daily Temperature,KLAS,2026-10-09,between,100.0,101.0,The Weather Company,https://weather.com/kalshi,0.0,0.02,0.98,1.0,92.24,0.0,694.24,,2026-10-10T08:00:00Z,active,2026-10-08T22:03:48.610664+00:00
KXHIGHTLV,KXHIGHTLV-26OCT08-T95,Las Vegas Max Daily Temperature,KLAS,2026-10-08,less,,95.0,The Weather Company,https://weather.com/kalshi,0.0,0.01,0.99,1.0,117572.24,0.0,712.48,,2026-10-09T08:00:00Z,active,2026-10-08T22:03:48.610664+00:00
KXHIGHTLV,KXHIGHTLV-26OCT08-T102,Las Vegas Max Daily Temperature,KLAS,2026-10-08,greater,102.0,,The Weather Company,https://weather.com/kalshi,0.0,0.01,0.99,1.0,1497.51,0.0,503.65,,2026-10-09T08:00:00Z,active,2026-10-08T22:03:48.610664+00:00
KXHIGHTLV,KXHIGHTLV-26OCT08-B99.5,Las Vegas Max Daily Temperature,KLAS,2026-10-08,between,99.0,100.0,The Weather Company,https://weather.com/kalshi,0.69,0.81,0.19,0.31,1.0,1.35,3328.85,,2026-10-09T08:00:00Z,active,2026-10-08T22:03:48.610664+00:00
KXHIGHTLV,KXHIGHTLV-26OCT08-B97.5,Las Vegas Max Daily Temperature,KLAS,2026-10-08,between,97.0,98.0,The Weather Company,https://weather.com/kalshi,0.2,0.32,0.68,0.8,10.0,24.17,3789.79,,2026-10-09T08:00:00Z,active,2026-10-08T22:03:48.610664+00:00
KXHIGHTLV,KXHIGHTLV-26OCT08-B95.5,Las Vegas Max Daily Temperature,KLAS,2026-10-08,between,95.0,96.0,The Weather Company,https://weather.com/kalshi,0.0,0.01,0.99,1.0,125941.94,0.0,1492.06,,2026-10-09T08:00:00Z,active,2026-10-08T22:03:48.610664+00:00
KXHIGHTLV,KXHIGHTLV-26OCT08-B101.5,Las Vegas Max Daily Temperature,KLAS,2026-10-08,between,101.0,102.0,The Weather Company,https://weather.com/kalshi,0.01,0.02,0.98,0.99,55.0,2224.09,1657.3,,2026-10-09T08:00:00Z,active,2026-10-08T22:03:48.610664+00:00
KXHIGHTPHX,KXHIGHTPHX-26OCT09-T99,Phoenix High Temperature Daily,KPHX,2026-10-09,less,,99.0,The Weather Company,https://weather.com/kalshi,0.0,0.01,0.99,1.0,109.0,0.0,628.73,,2026-10-10T07:00:00Z,active,2026-10-08T22:03:48.610664+00:00
KXHIGHTPHX,KXHIGHTPHX-26OCT09-T106,Phoenix High Temperature Daily,KPHX,2026-10-09,greater,106.0,,The Weather Company,https://weather.com/kalshi,0.0,0.01,0.99,1.0,199.0,0.0,304.14,,2026-10-10T07:00:00Z,active,2026-10-08T22:03:48.610664+00:00
KXHIGHTPHX,KXHIGHTPHX-26OCT09-B99.5,Phoenix High Temperature Daily,KPHX,2026-10-09,between,99.0,100.0,The Weather Company,https://weather.com/kalshi,0.01,0.02,0.98,0.99,7.0,445.97,398.03,,2026-10-10T07:00:00Z,active,2026-10-08T22:03:48.610664+00:00
KXHIGHTPHX,KXHIGHTPHX-26OCT09-B105.5,Phoenix High Temperature Daily,KPHX,2026-10-09,between,105.0,106.0,The Weather Company,https://weather.com/kalshi,0.03,0.04,0.96,0.97,35.0,117.04,515.09,,2026-10-10T07:00:00Z,active,2026-10-08T22:03:48.610664+00:00
KXHIGHTPHX,KXHIGHTPHX-26OCT09-B103.5,Phoenix High Temperature Daily,KPHX,2026-10-09,between,103.0,104.0,The Weather Company,https://weather.com/kalshi,0.63,0.68,0.32,0.37,18.0,5.0,303.53,,2026-10-10T07:00:00Z,active,2026-10-08T22:03:48.610664+00:00
KXHIGHTPHX,KXHIGHTPHX-26OCT09-B101.5,Phoenix High Temperature Daily,KPHX,2026-10-09,between,101.0,102.0,The Weather Company,https://weather.com/kalshi,0.27,0.33,0.67,0.73,197.96,2.0,367.66,,2026-10-10T07:00:00Z,active,2026-10-08T22:03:48.610664+00:00
KXHIGHTPHX,KXHIGHTPHX-26OCT08-T107,Phoenix High Temperature Daily,KPHX,2026-10-08,greater,107.0,,The Weather Company,https://weather.com/kalshi,0.0,0.01,0.99,1.0,11935.44,0.0,577.0,,2026-10-09T07:00:00Z,active,2026-10-08T22:03:48.610664+00:00
KXHIGHTPHX,KXHIGHTPHX-26OCT08-T100,Phoenix High Temperature Daily,KPHX,2026-10-08,less,,100.0,The Weather Company,https://weather.com/kalshi,0.0,0.01,0.99,1.0,80971.75,0.0,3271.29,,2026-10-09T07:00:00Z,active,2026-10-08T22:03:48.610664+00:00
KXHIGHTPHX,KXHIGHTPHX-26OCT08-B106.5,Phoenix High Temperature Daily,KPHX,2026-10-08,between,106.0,107.0,The Weather Company,https://weather.com/kalshi,0.0,0.01,0.99,1.0,112.0,0.0,2334.19,,2026-10-09T07:00:00Z,active,2026-10-08T22:03:48.610664+00:00
KXHIGHTPHX,KXHIGHTPHX-26OCT08-B104.5,Phoenix High Temperature Daily,KPHX,2026-10-08,between,104.0,105.0,The Weather Company,https://weather.com/kalshi,0.26,0.44,0.56,0.74,5.0,14.0,10099.97,,2026-10-09T07:00:00Z,active,2026-10-08T22:03:48.610664+00:00
KXHIGHTPHX,KXHIGHTPHX-26OCT08-B102.5,Phoenix High Temperature Daily,KPHX,2026-10-08,between,102.0,103.0,The Weather Company,https://weather.com/kalshi,0.53,0.7,0.3,0.47,77.03,3.0,9503.65,,2026-10-09T07:00:00Z,active,2026-10-08T22:03:48.610664+00:00
KXHIGHTPHX,KXHIGHTPHX-26OCT08-B100.5,Phoenix High Temperature Daily,KPHX,2026-10-08,between,100.0,101.0,The Weather Company,https://weather.com/kalshi,0.0,0.01,0.99,1.0,44939.35,0.0,15460.29,,2026-10-09T07:00:00Z,active,2026-10-08T22:03:48.610664+00:00
KXLOWTNOLA,KXLOWTNOLA-26OCT09-T73,NOLA Low Temperature,KMSY,2026-10-09,greater,73.0,,The Weather Company,https://weather.com/kalshi,0.09,0.17,0.83,0.91,9.0,3.0,0.0,,2026-10-10T06:00:00Z,active,2026-10-08T22:03:48.610664+00:00
KXLOWTNOLA,KXLOWTNOLA-26OCT09-T66,NOLA Low Temperature,KMSY,2026-10-09,less,,66.0,The Weather Company,https://weather.com/kalshi,0.0,0.01,0.99,1.0,19.0,0.0,0.0,,2026-10-10T06:00:00Z,active,2026-10-08T22:03:48.610664+00:00
KXLOWTNOLA,KXLOWTNOLA-26OCT09-B72.5,NOLA Low Temperature,KMSY,2026-10-09,between,72.0,73.0,The Weather Company,https://weather.com/kalshi,0.29,0.37,0.63,0.71,9.0,6.0,51.0,,2026-10-10T06:00:00Z,active,2026-10-08T22:03:48.610664+00:00
KXLOWTNOLA,KXLOWTNOLA-26OCT09-B70.5,NOLA Low Temperature,KMSY,2026-10-09,between,70.0,71.0,The Weather Company,https://weather.com/kalshi,0.34,0.44,0.56,0.66,4.0,20.0,1.0,,2026-10-10T06:00:00Z,active,2026-10-08T22:03:48.610664+00:00
KXLOWTNOLA,KXLOWTNOLA-26OCT09-B68.5,NOLA Low Temperature,KMSY,2026-10-09,between,68.0,69.0,The Weather Company,https://weather.com/kalshi,0.05,0.11,0.89,0.95,15.0,33.0,27.0,,2026-10-10T06:00:00Z,active,2026-10-08T22:03:48.610664+00:00
KXLOWTNOLA,KXLOWTNOLA-26OCT09-B66.5,NOLA Low Temperature,KMSY,2026-10-09,between,66.0,67.0,The Weather Company,https://weather.com/kalshi,0.01,0.04,0.96,0.99,39.0,47.99,31.01,,2026-10-10T06:00:00Z,active,2026-10-08T22:03:48.610664+00:00
KXLOWTNOLA,KXLOWTNOLA-26OCT08-T74,NOLA Low Temperature,KMSY,2026-10-08,greater,74.0,,The Weather Company,https://weather.com/kalshi,0.92,0.94,0.06,0.08,31.7,0.48,938.65,,2026-10-09T06:00:00Z,active,2026-10-08T22:03:48.610664+00:00
KXLOWTNOLA,KXLOWTNOLA-26OCT08-T67,NOLA Low Temperature,KMSY,2026-10-08,less,,67.0,The Weather Company,https://weather.com/kalshi,0.0,0.01,0.99,1.0,536.0,0.0,84.38,,2026-10-09T06:00:00Z,active,2026-10-08T22:03:48.610664+00:00
KXLOWTNOLA,KXLOWTNOLA-26OCT08-B73.5,NOLA Low Temperature,KMSY,2026-10-08,between,73.0,74.0,The Weather Company,https://weather.com/kalshi,0.05,0.11,0.89,0.95,10.0,10.0,238.3,,2026-10-09T06:00:00Z,active,2026-10-08T22:03:48.610664+00:00
KXLOWTNOLA,KXLOWTNOLA-26OCT08-B71.5,NOLA Low Temperature,KMSY,2026-10-08,between,71.0,72.0,The Weather Company,https://weather.com/kalshi,0.01,0.05,0.95,0.99,31.0,10.0,444.53,,2026-10-09T06:00:00Z,active,2026-10-08T22:03:48.610664+00:00
KXLOWTNOLA,KXLOWTNOLA-26OCT08-B69.5,NOLA Low Temperature,KMSY,2026-10-08,between,69.0,70.0,The Weather Company,https://weather.com/kalshi,0.0,0.02,0.98,1.0,175.0,0.0,857.14,,2026-10-09T06:00:00Z,active,2026-10-08T22:03:48.610664+00:00
KXLOWTNOLA,KXLOWTNOLA-26OCT08-B67.5,NOLA Low Temperature,KMSY,2026-10-08,between,67.0,68.0,The Weather Company,https://weather.com/kalshi,0.0,0.01,0.99,1.0,506.0,0.0,224.5,,2026-10-09T06:00:00Z,active,2026-10-08T22:03:48.610664+00:00
KXHIGHCHI,KXHIGHCHI-26OCT09-T78,Highest temperature in Chicago,KMDW,2026-10-09,greater,78.0,,The Weather Company,https://weather.com/kalshi,0.01,0.02,0.98,0.99,216.56,81.89,323.11,,2026-10-10T06:00:00Z,active,2026-10-08T22:03:48.610664+00:00
KXHIGHCHI,KXHIGHCHI-26OCT09-T71,Highest temperature in Chicago,KMDW,2026-10-09,less,,71.0,The Weather Company,https://weather.com/kalshi,0.51,0.52,0.48,0.49,16.01,3.0,1373.95,,2026-10-10T06:00:00Z,active,2026-10-08T22:03:48.610664+00:00
KXHIGHCHI,KXHIGHCHI-26OCT09-B77.5,Highest temperature in Chicago,KMDW,2026-10-09,between,77.0,78.0,The Weather Company,https://weather.com/kalshi,0.01,0.02,0.98,0.99,158.56,525.39,310.39,,2026-10-10T06:00:00Z,active,2026-10-08T22:03:48.610664+00:00
KXHIGHCHI,KXHIGHCHI-26OCT09-B75.5,Highest temperature in Chicago,KMDW,2026-10-09,between,75.0,76.0,The Weather Company,https://weather.com/kalshi,0.07,0.09,0.91,0.93,219.56,52.46,445.07,,2026-10-10T06:00:00Z,active,2026-10-08T22:03:48.610664+00:00
KXHIGHCHI,KXHIGHCHI-26OCT09-B73.5,Highest temperature in Chicago,KMDW,2026-10-09,between,73.0,74.0,The Weather Company,https://weather.com/kalshi,0.1,0.11,0.89,0.9,79.06,30.39,555.03,,2026-10-10T06:00:00Z,active,2026-10-08T22:03:48.610664+00:00
KXHIGHCHI,KXHIGHCHI-26OCT09-B71.5,Highest temperature in Chicago,KMDW,2026-10-09,between,71.0,72.0,The Weather Company,https://weather.com/kalshi,0.3,0.32,0.68,0.7,2.0,2.0,583.99,,2026-10-10T06:00:00Z,active,2026-10-08T22:03:48.610664+00:00
KXHIGHCHI,KXHIGHCHI-26OCT08-T75,Highest temperature in Chicago,KMDW,2026-10-08,greater,75.0,,The Weather Company,https://weather.com/kalshi,0.0,0.01,0.99,1.0,6166.11,0.0,1720.47,,2026-10-09T06:00:00Z,active,2026-10-08T22:03:48.610664+00:00
KXHIGHCHI,KXHIGHCHI-26OCT08-T68,Highest temperature in Chicago,KMDW,2026-10-08,less,,68.0,The Weather Company,https://weather.com/kalshi,0.0,0.01,0.99,1.0,177229.54,0.0,986.03,,2026-10-09T06:00:00Z,active,2026-10-08T22:03:48.610664+00:00
KXHIGHCHI,KXHIGHCHI-26OCT08-B74.5,Highest temperature in Chicago,KMDW,2026-10-08,between,74.0,75.0,The Weather Company,https://weather.com/kalshi,0.02,0.03,0.97,0.98,20.0,1.0,15898.67,,2026-10-09T06:00:00Z,active,2026-10-08T22:03:48.610664+00:00
KXHIGHCHI,KXHIGHCHI-26OCT08-B72.5,Highest temperature in Chicago,KMDW,2026-10-08,between,72.0,73.0,The Weather Company,https://weather.com/kalshi,0.97,0.98,0.02,0.03,12.91,308.0,11798.68,,2026-10-09T06:00:00Z,active,2026-10-08T22:03:48.610664+00:00
KXHIGHCHI,KXHIGHCHI-26OCT08-B70.5,Highest temperature in Chicago,KMDW,2026-10-08,between,70.0,71.0,The Weather Company,https://weather.com/kalshi,0.0,0.01,0.99,1.0,148405.41,0.0,17202.87,,2026-10-09T06:00:00Z,active,2026-10-08T22:03:48.610664+00:00
KXHIGHCHI,KXHIGHCHI-26OCT08-B68.5,Highest temperature in Chicago,KMDW,2026-10-08,between,68.0,69.0,The Weather Company,https://weather.com/kalshi,0.0,0.01,0.99,1.0,174487.98,0.0,5106.56,,2026-10-09T06:00:00Z,active,2026-10-08T22:03:48.610664+00:00
KXHIGHTHOU,KXHIGHTHOU-26OCT09-T94,Daily High Temperature Houston,KHOU,2026-10-09,greater,94.0,,The Weather Company,https://weather.com/kalshi,0.01,0.02,0.98,0.99,24.0,695.86,277.14,,2026-10-10T06:00:00Z,active,2026-10-08T22:03:48.610664+00:00
KXHIGHTHOU,KXHIGHTHOU-26OCT09-T87,Daily High Temperature Houston,KHOU,2026-10-09,less,,87.0,The Weather Company,https://weather.com/kalshi,0.01,0.02,0.98,0.99,74.0,528.82,303.25,,2026-10-10T06:00:00Z,active,2026-10-08T22:03:48.610664+00:00
KXHIGHTHOU,KXHIGHTHOU-26OCT09-B93.5,Daily High Temperature Houston,KHOU,2026-10-09,between,93.0,94.0,The Weather Company,https://weather.com/kalshi,0.16,0.18,0.82,0.84,2.16,39.0,108.0,,2026-10-10T06:00:00Z,active,2026-10-08T22:03:48.610664+00:00
KXHIGHTHOU,KXHIGHTHOU-26OCT09-B91.5,Daily High Temperature Houston,KHOU,2026-10-09,between,91.0,92.0,The Weather Company,https://weather.com/kalshi,0.55,0.59,0.41,0.45,31.0,7.0,994.14,,2026-10-10T06:00:00Z,active,2026-10-08T22:03:48.610664+00:00
KXHIGHTHOU,KXHIGHTHOU-26OCT09-B89.5,Daily High Temperature Houston,KHOU,2026-10-09,between,89.0,90.0,The Weather Company,https://weather.com/kalshi,0.18,0.21,0.79,0.82,5.0,78.48,105.38,,2026-10-10T06:00:00Z,active,2026-10-08T22:03:48.610664+00:00
KXHIGHTHOU,KXHIGHTHOU-26OCT09-B87.5,Daily High Temperature Houston,KHOU,2026-10-09,between,87.0,88.0,The Weather Company,https://weather.com/kalshi,0.01,0.02,0.98,0.99,16.0,775.06,651.38,,2026-10-10T06:00:00Z,active,2026-10-08T22:03:48.610664+00:00
KXHIGHTHOU,KXHIGHTHOU-26OCT08-T97,Daily High Temperature Houston,KHOU,2026-10-08,greater,97.0,,The Weather Company,https://weather.com/kalshi,0.0,0.01,0.99,1.0,19284.16,0.0,316.51,,2026-10-09T06:00:00Z,active,2026-10-08T22:03:48.610664+00:00
KXHIGHTHOU,KXHIGHTHOU-26OCT08-T90,Daily High Temperature Houston,KHOU,2026-10-08,less,,90.0,The Weather Company,https://weather.com/kalshi,0.0,0.01,0.99,1.0,81400.69,0.0,2330.76,,2026-10-09T06:00:00Z,active,2026-10-08T22:03:48.610664+00:00
KXHIGHTHOU,KXHIGHTHOU-26OCT08-B96.5,Daily High Temperature Houston,KHOU,2026-10-08,between,96.0,97.0,The Weather Company,https://weather.com/kalshi,0.0,0.01,0.99,1.0,9133.94,0.0,836.0,,2026-10-09T06:00:00Z,active,2026-10-08T22:03:48.610664+00:00
KXHIGHTHOU,KXHIGHTHOU-26OCT08-B94.5,Daily High Temperature Houston,KHOU,2026-10-08,between,94.0,95.0,The Weather Company,https://weather.com/kalshi,0.0,0.01,0.99,1.0,5571.0,0.0,7400.14,,2026-10-09T06:00:00Z,active,2026-10-08T22:03:48.610664+00:00
KXHIGHTHOU,KXHIGHTHOU-26OCT08-B92.5,Daily High Temperature Houston,KHOU,2026-10-08,between,92.0,93.0,The Weather Company,https://weather.com/kalshi,0.99,1.0,0.0,0.01,0.0,7573.2,8526.74,,2026-10-09T06:00:00Z,active,2026-10-08T22:03:48.610664+00:00
KXHIGHTHOU,KXHIGHTHOU-26OCT08-B90.5,Daily High Temperature Houston,KHOU,2026-10-08,between,90.0,91.0,The Weather Company,https://weather.com/kalshi,0.0,0.01,0.99,1.0,100929.7,0.0,7758.48,,2026-10-09T06:00:00Z,active,2026-10-08T22:03:48.610664+00:00
KXHIGHTSATX,KXHIGHTSATX-26OCT09-T95,San Antonio Daily Maximum Temperature,KSAT,2026-10-09,greater,95.0,,The Weather Company,https://weather.com/kalshi,0.0,0.01,0.99,1.0,59.0,0.0,150.0,,2026-10-10T06:00:00Z,active,2026-10-08T22:03:48.610664+00:00
KXHIGHTSATX,KXHIGHTSATX-26OCT09-T88,San Antonio Daily Maximum Temperature,KSAT,2026-10-09,less,,88.0,The Weather Company,https://weather.com/kalshi,0.01,0.03,0.97,0.99,32.0,481.78,207.22,,2026-10-10T06:00:00Z,active,2026-10-08T22:03:48.610664+00:00
KXHIGHTSATX,KXHIGHTSATX-26OCT09-B94.5,San Antonio Daily Maximum Temperature,KSAT,2026-10-09,between,94.0,95.0,The Weather Company,https://weather.com/kalshi,0.01,0.02,0.98,0.99,65.0,462.07,266.93,,2026-10-10T06:00:00Z,active,2026-10-08T22:03:48.610664+00:00
KXHIGHTSATX,KXHIGHTSATX-26OCT09-B92.5,San Antonio Daily Maximum Temperature,KSAT,2026-10-09,between,92.0,93.0,The Weather Company,https://weather.com/kalshi,0.18,0.19,0.81,0.82,1.0,98.12,7.0,,2026-10-10T06:00:00Z,active,2026-10-08T22:03:48.610664+00:00
KXHIGHTSATX,KXHIGHTSATX-26OCT09-B90.5,San Antonio Daily Maximum Temperature,KSAT,2026-10-09,between,90.0,91.0,The Weather Company,https://weather.com/kalshi,0.66,0.67,0.33,0.34,15.0,5.0,148.0,,2026-10-10T06:00:00Z,active,2026-10-08T22:03:48.610664+00:00
KXHIGHTSATX,KXHIGHTSATX-26OCT09-B88.5,San Antonio Daily Maximum Temperature,KSAT,2026-10-09,between,88.0,89.0,The Weather Company,https://weather.com/kalshi,0.08,0.09,0.91,0.92,60.0,6.0,18.79,,2026-10-10T06:00:00Z,active,2026-10-08T22:03:48.610664+00:00
KXHIGHTSATX,KXHIGHTSATX-26OCT08-T93,San Antonio Daily Maximum Temperature,KSAT,2026-10-08,greater,93.0,,The Weather Company,https://weather.com/kalshi,0.0,0.01,0.99,1.0,264.74,0.0,437.27,,2026-10-09T06:00:00Z,active,2026-10-08T22:03:48.610664+00:00
KXHIGHTSATX,KXHIGHTSATX-26OCT08-T86,San Antonio Daily Maximum Temperature,KSAT,2026-10-08,less,,86.0,The Weather Company,https://weather.com/kalshi,0.0,0.01,0.99,1.0,17922.93,0.0,612.23,,2026-10-09T06:00:00Z,active,2026-10-08T22:03:48.610664+00:00
KXHIGHTSATX,KXHIGHTSATX-26OCT08-B92.5,San Antonio Daily Maximum Temperature,KSAT,2026-10-08,between,92.0,93.0,The Weather Company,https://weather.com/kalshi,0.0,0.02,0.98,1.0,5.0,0.0,1212.82,,2026-10-09T06:00:00Z,active,2026-10-08T22:03:48.610664+00:00
KXHIGHTSATX,KXHIGHTSATX-26OCT08-B90.5,San Antonio Daily Maximum Temperature,KSAT,2026-10-08,between,90.0,91.0,The Weather Company,https://weather.com/kalshi,0.97,0.99,0.01,0.03,288.2,10.0,2691.82,,2026-10-09T06:00:00Z,active,2026-10-08T22:03:48.610664+00:00
KXHIGHTSATX,KXHIGHTSATX-26OCT08-B88.5,San Antonio Daily Maximum Temperature,KSAT,2026-10-08,between,88.0,89.0,The Weather Company,https://weather.com/kalshi,0.0,0.01,0.99,1.0,5890.15,0.0,4579.67,,2026-10-09T06:00:00Z,active,2026-10-08T22:03:48.610664+00:00
KXHIGHTSATX,KXHIGHTSATX-26OCT08-B86.5,San Antonio Daily Maximum Temperature,KSAT,2026-10-08,between,86.0,87.0,The Weather Company,https://weather.com/kalshi,0.0,0.01,0.99,1.0,6158.41,0.0,857.39,,2026-10-09T06:00:00Z,active,2026-10-08T22:03:48.610664+00:00
KXLOWTPHIL,KXLOWTPHIL-26OCT09-T55,Lowest temperature in Philadelphia,KPHL,2026-10-09,greater,55.0,,The Weather Company,https://weather.com/kalshi,0.03,0.04,0.96,0.97,7.0,15.0,128.0,,2026-10-10T05:00:00Z,active,2026-10-08T22:03:48.610664+00:00
KXLOWTPHIL,KXLOWTPHIL-26OCT09-T48,Lowest temperature in Philadelphia,KPHL,2026-10-09,less,,48.0,The Weather Company,https://weather.com/kalshi,0.0,0.01,0.99,1.0,2.0,0.0,17.0,,2026-10-10T05:00:00Z,active,2026-10-08T22:03:48.610664+00:00
KXLOWTPHIL,KXLOWTPHIL-26OCT09-B54.5,Lowest temperature in Philadelphia,KPHL,2026-10-09,between,54.0,55.0,The Weather Company,https://weather.com/kalshi,0.31,0.36,0.64,0.69,10.0,88.39,74.0,,2026-10-10T05:00:00Z,active,2026-10-08T22:03:48.610664+00:00
KXLOWTPHIL,KXLOWTPHIL-26OCT09-B52.5,Lowest temperature in Philadelphia,KPHL,2026-10-09,between,52.0,53.0,The Weather Company,https://weather.com/kalshi,0.44,0.49,0.51,0.56,10.0,4.0,85.0,,2026-10-10T05:00:00Z,active,2026-10-08T22:03:48.610664+00:00
KXLOWTPHIL,KXLOWTPHIL-26OCT09-B50.5,Lowest temperature in Philadelphia,KPHL,2026-10-09,between,50.0,51.0,The Weather Company,https://weather.com/kalshi,0.06,0.14,0.86,0.94,4.0,9.0,30.0,,2026-10-10T05:00:00Z,active,2026-10-08T22:03:48.610664+00:00
KXLOWTPHIL,KXLOWTPHIL-26OCT09-B48.5,Lowest temperature in Philadelphia,KPHL,2026-10-09,between,48.0,49.0,The Weather Company,https://weather.com/kalshi,0.0,0.02,0.98,1.0,6.0,0.0,435.29,,2026-10-10T05:00:00Z,active,2026-10-08T22:03:48.610664+00:00
KXLOWTPHIL,KXLOWTPHIL-26OCT08-T57,Lowest temperature in Philadelphia,KPHL,2026-10-08,greater,57.0,,The Weather Company,https://weather.com/kalshi,0.82,0.87,0.13,0.18,18.0,5.0,1250.49,,2026-10-09T05:00:00Z,active,2026-10-08T22:03:48.610664+00:00
KXLOWTPHIL,KXLOWTPHIL-26OCT08-T50,Lowest temperature in Philadelphia,KPHL,2026-10-08,less,,50.0,The Weather Company,https://weather.com/kalshi,0.0,0.01,0.99,1.0,1467.0,0.0,211.49,,2026-10-09T05:00:00Z,active,2026-10-08T22:03:48.610664+00:00
KXLOWTPHIL,KXLOWTPHIL-26OCT08-B56.5,Lowest temperature in Philadelphia,KPHL,2026-10-08,between,56.0,57.0,The Weather Company,https://weather.com/kalshi,0.03,0.15,0.85,0.97,1.0,1.0,399.08,,2026-10-09T05:00:00Z,active,2026-10-08T22:03:48.610664+00:00
KXLOWTPHIL,KXLOWTPHIL-26OCT08-B54.5,Lowest temperature in Philadelphia,KPHL,2026-10-08,between,54.0,55.0,The Weather Company,https://weather.com/kalshi,0.0,0.01,0.99,1.0,158.28,0.0,437.88,,2026-10-09T05:00:00Z,active,2026-10-08T22:03:48.610664+00:00
KXLOWTPHIL,KXLOWTPHIL-26OCT08-B52.5,Lowest temperature in Philadelphia,KPHL,2026-10-08,between,52.0,53.0,The Weather Company,https://weather.com/kalshi,0.0,0.01,0.99,1.0,115.0,0.0,258.02,,2026-10-09T05:00:00Z,active,2026-10-08T22:03:48.610664+00:00
KXLOWTPHIL,KXLOWTPHIL-26OCT08-B50.5,Lowest temperature in Philadelphia,KPHL,2026-10-08,between,50.0,51.0,The Weather Company,https://weather.com/kalshi,0.0,0.01,0.99,1.0,300.0,0.0,223.08,,2026-10-09T05:00:00Z,active,2026-10-08T22:03:48.610664+00:00
KXHIGHTTTN,KXHIGHTTTN-26OCT09-T76,"Trenton, NJ Daily Max Temp",KTTN,2026-10-09,greater,76.0,,The Weather Company,https://weather.com/kalshi,0.01,0.02,0.98,0.99,39.0,1.0,156.94,,2026-10-10T05:00:00Z,active,2026-10-08T22:03:48.610664+00:00
KXHIGHTTTN,KXHIGHTTTN-26OCT09-T69,"Trenton, NJ Daily Max Temp",KTTN,2026-10-09,less,,69.0,The Weather Company,https://weather.com/kalshi,0.01,0.02,0.98,0.99,12.0,1.0,156.94,,2026-10-10T05:00:00Z,active,2026-10-08T22:03:48.610664+00:00
KXHIGHTTTN,KXHIGHTTTN-26OCT09-B75.5,"Trenton, NJ Daily Max Temp",KTTN,2026-10-09,between,75.0,76.0,The Weather Company,https://weather.com/kalshi,0.02,0.06,0.94,0.98,15.0,48.0,0.0,,2026-10-10T05:00:00Z,active,2026-10-08T22:03:48.610664+00:00
KXHIGHTTTN,KXHIGHTTTN-26OCT09-B73.5,"Trenton, NJ Daily Max Temp",KTTN,2026-10-09,between,73.0,74.0,The Weather Company,https://weather.com/kalshi,0.45,0.58,0.42,0.55,9.0,10.0,33.0,,2026-10-10T05:00:00Z,active,2026-10-08T22:03:48.610664+00:00
KXHIGHTTTN,KXHIGHTTTN-26OCT09-B71.5,"Trenton, NJ Daily Max Temp",KTTN,2026-10-09,between,71.0,72.0,The Weather Company,https://weather.com/kalshi,0.32,0.42,0.58,0.68,1.0,10.0,9.0,,2026-10-10T05:00:00Z,active,2026-10-08T22:03:48.610664+00:00
KXHIGHTTTN,KXHIGHTTTN-26OCT09-B69.5,"Trenton, NJ Daily Max Temp",KTTN,2026-10-09,between,69.0,70.0,The Weather Company,https://weather.com/kalshi,0.02,0.09,0.91,0.98,15.0,48.0,0.0,,2026-10-10T05:00:00Z,active,2026-10-08T22:03:48.610664+00:00
KXHIGHTTTN,KXHIGHTTTN-26OCT08-T79,"Trenton, NJ Daily Max Temp",KTTN,2026-10-08,greater,79.0,,The Weather Company,https://weather.com/kalshi,0.0,0.01,0.99,1.0,8586.13,0.0,204.27,,2026-10-09T05:00:00Z,active,2026-10-08T22:03:48.610664+00:00
KXHIGHTTTN,KXHIGHTTTN-26OCT08-T72,"Trenton, NJ Daily Max Temp",KTTN,2026-10-08,less,,72.0,The Weather Company,https://weather.com/kalshi,0.0,0.01,0.99,1.0,11784.69,0.0,291.33,,2026-10-09T05:00:00Z,active,2026-10-08T22:03:48.610664+00:00
KXHIGHTTTN,KXHIGHTTTN-26OCT08-B78.5,"Trenton, NJ Daily Max Temp",KTTN,2026-10-08,between,78.0,79.0,The Weather Company,https://weather.com/kalshi,0.0,0.01,0.99,1.0,1713.0,0.0,572.06,,2026-10-09T05:00:00Z,active,2026-10-08T22:03:48.610664+00:00
KXHIGHTTTN,KXHIGHTTTN-26OCT08-B76.5,"Trenton, NJ Daily Max Temp",KTTN,2026-10-08,between,76.0,77.0,The Weather Company,https://weather.com/kalshi,0.0,0.01,0.99,1.0,3611.0,0.0,3079.61,,2026-10-09T05:00:00Z,active,2026-10-08T22:03:48.610664+00:00
KXHIGHTTTN,KXHIGHTTTN-26OCT08-B74.5,"Trenton, NJ Daily Max Temp",KTTN,2026-10-08,between,74.0,75.0,The Weather Company,https://weather.com/kalshi,0.99,1.0,0.0,0.01,0.0,3796.0,2835.76,,2026-10-09T05:00:00Z,active,2026-10-08T22:03:48.610664+00:00
KXHIGHTTTN,KXHIGHTTTN-26OCT08-B72.5,"Trenton, NJ Daily Max Temp",KTTN,2026-10-08,between,72.0,73.0,The Weather Company,https://weather.com/kalshi,0.0,0.01,0.99,1.0,12096.0,0.0,596.73,,2026-10-09T05:00:00Z,active,2026-10-08T22:03:48.610664+00:00
KXHIGHNY,KXHIGHNY-26OCT09-T76,Highest temperature in NYC,KNYC,2026-10-09,greater,76.0,,The Weather Company,https://weather.com/kalshi,0.0,0.01,0.99,1.0,5115.0,0.0,808.64,,2026-10-10T05:00:00Z,active,2026-10-08T22:03:48.610664+00:00
KXHIGHNY,KXHIGHNY-26OCT09-T69,Highest temperature in NYC,KNYC,2026-10-09,less,,69.0,The Weather Company,https://weather.com/kalshi,0.05,0.06,0.94,0.95,36.0,368.49,639.58,,2026-10-10T05:00:00Z,active,2026-10-08T22:03:48.610664+00:00
KXHIGHNY,KXHIGHNY-26OCT09-B75.5,Highest temperature in NYC,KNYC,2026-10-09,between,75.0,76.0,The Weather Company,https://weather.com/kalshi,0.01,0.02,0.98,0.99,195.21,475.5,496.29,,2026-10-10T05:00:00Z,active,2026-10-08T22:03:48.610664+00:00
KXHIGHNY,KXHIGHNY-26OCT09-B73.5,Highest temperature in NYC,KNYC,2026-10-09,between,73.0,74.0,The Weather Company,https://weather.com/kalshi,0.1,0.11,0.89,0.9,42.06,116.0,1030.82,,2026-10-10T05:00:00Z,active,2026-10-08T22:03:48.610664+00:00
KXHIGHNY,KXHIGHNY-26OCT09-B71.5,Highest temperature in NYC,KNYC,2026-10-09,between,71.0,72.0,The Weather Company,https://weather.com/kalshi,0.48,0.49,0.51,0.52,120.0,5.0,1232.78,,2026-10-10T05:00:00Z,active,2026-10-08T22:03:48.610664+00:00
KXHIGHNY,KXHIGHNY-26OCT09-B69.5,Highest temperature in NYC,KNYC,2026-10-09,between,69.0,70.0,The Weather Company,https://weather.com/kalshi,0.37,0.38,0.62,0.63,4.0,91.25,1249.18,,2026-10-10T05:00:00Z,active,2026-10-08T22:03:48.610664+00:00
KXHIGHNY,KXHIGHNY-26OCT08-T79,Highest temperature in NYC,KNYC,2026-10-08,greater,79.0,,The Weather Company,https://weather.com/kalshi,0.0,0.01,0.99,1.0,35996.98,0.0,2046.24,,2026-10-09T05:00:00Z,active,2026-10-08T22:03:48.610664+00:00
KXHIGHNY,KXHIGHNY-26OCT08-T72,Highest temperature in NYC,KNYC,2026-10-08,less,,72.0,The Weather Company,https://weather.com/kalshi,0.0,0.01,0.99,1.0,170727.05,0.0,12502.08,,2026-10-09T05:00:00Z,active,2026-10-08T22:03:48.610664+00:00
KXHIGHNY,KXHIGHNY-26OCT08-B78.5,Highest temperature in NYC,KNYC,2026-10-08,between,78.0,79.0,The Weather Company,https://weather.com/kalshi,0.0,0.01,0.99,1.0,39169.88,0.0,9312.37,,2026-10-09T05:00:00Z,active,2026-10-08T22:03:48.610664+00:00
KXHIGHNY,KXHIGHNY-26OCT08-B76.5,Highest temperature in NYC,KNYC,2026-10-08,between,76.0,77.0,The Weather Company,https://weather.com/kalshi,0.0,0.01,0.99,1.0,37986.15,0.0,34295.92,,2026-10-09T05:00:00Z,active,2026-10-08T22:03:48.610664+00:00
KXHIGHNY,KXHIGHNY-26OCT08-B74.5,Highest temperature in NYC,KNYC,2026-10-08,between,74.0,75.0,The Weather Company,https://weather.com/kalshi,0.0,0.01,0.99,1.0,24139.15,0.0,41825.12,,2026-10-09T05:00:00Z,active,2026-10-08T22:03:48.610664+00:00
KXHIGHNY,KXHIGHNY-26OCT08-B72.5,Highest temperature in NYC,KNYC,2026-10-08,between,72.0,73.0,The Weather Company,https://weather.com/kalshi,0.99,1.0,0.0,0.01,0.0,24975.74,42113.72,,2026-10-09T05:00:00Z,active,2026-10-08T22:03:48.610664+00:00
KXLOWTPHX,KXLOWTPHX-26OCT09-T82,Low Temperature Phoenix,KPHX,2026-10-09,greater,82.0,,The Weather Company,https://weather.com/kalshi,0.1,0.17,0.83,0.9,1.0,10.0,78.0,,2026-10-10T07:00:00Z,active,2026-10-08T22:03:48.610664+00:00
KXLOWTPHX,KXLOWTPHX-26OCT09-T75,Low Temperature Phoenix,KPHX,2026-10-09,less,,75.0,The Weather Company,https://weather.com/kalshi,0.0,0.01,0.99,1.0,19.0,0.0,0.0,,2026-10-10T07:00:00Z,active,2026-10-08T22:03:48.610664+00:00
KXLOWTPHX,KXLOWTPHX-26OCT09-B81.5,Low Temperature Phoenix,KPHX,2026-10-09,between,81.0,82.0,The Weather Company,https://weather.com/kalshi,0.42,0.46,0.54,0.58,6.0,1.0,111.0,,2026-10-10T07:00:00Z,active,2026-10-08T22:03:48.610664+00:00
KXLOWTPHX,KXLOWTPHX-26OCT09-B79.5,Low Temperature Phoenix,KPHX,2026-10-09,between,79.0,80.0,The Weather Company,https://weather.com/kalshi,0.3,0.36,0.64,0.7,15.0,6.0,75.87,,2026-10-10T07:00:00Z,active,2026-10-08T22:03:48.610664+00:00
KXLOWTPHX,KXLOWTPHX-26OCT09-B77.5,Low Temperature Phoenix,KPHX,2026-10-09,between,77.0,78.0,The Weather Company,https://weather.com/kalshi,0.02,0.09,0.91,0.98,7.0,69.0,57.0,,2026-10-10T07:00:00Z,active,2026-10-08T22:03:48.610664+00:00
KXLOWTPHX,KXLOWTPHX-26OCT09-B75.5,Low Temperature Phoenix,KPHX,2026-10-09,between,75.0,76.0,The Weather Company,https://weather.com/kalshi,0.01,0.03,0.97,0.99,12.0,10.0,189.94,,2026-10-10T07:00:00Z,active,2026-10-08T22:03:48.610664+00:00
KXLOWTPHX,KXLOWTPHX-26OCT08-T80,Low Temperature Phoenix,KPHX,2026-10-08,greater,80.0,,The Weather Company,https://weather.com/kalshi,0.9,0.99,0.01,0.1,38.17,13.0,1709.17,,2026-10-09T07:00:00Z,active,2026-10-08T22:03:48.610664+00:00
KXLOWTPHX,KXLOWTPHX-26OCT08-T73,Low Temperature Phoenix,KPHX,2026-10-08,less,,73.0,The Weather Company,https://weather.com/kalshi,0.0,0.01,0.99,1.0,461.0,0.0,17.0,,2026-10-09T07:00:00Z,active,2026-10-08T22:03:48.610664+00:00
KXLOWTPHX,KXLOWTPHX-26OCT08-B79.5,Low Temperature Phoenix,KPHX,2026-10-08,between,79.0,80.0,The Weather Company,https://weather.com/kalshi,0.01,0.06,0.94,0.99,5.0,57.82,726.74,,2026-10-09T07:00:00Z,active,2026-10-08T22:03:48.610664+00:00
KXLOWTPHX,KXLOWTPHX-26OCT08-B77.5,Low Temperature Phoenix,KPHX,2026-10-08,between,77.0,78.0,The Weather Company,https://weather.com/kalshi,0.0,0.02,0.98,1.0,511.98,0.0,1107.04,,2026-10-09T07:00:00Z,active,2026-10-08T22:03:48.610664+00:00
KXLOWTPHX,KXLOWTPHX-26OCT08-B75.5,Low Temperature Phoenix,KPHX,2026-10-08,between,75.0,76.0,The Weather Company,https://weather.com/kalshi,0.0,0.01,0.99,1.0,9.0,0.0,527.87,,2026-10-09T07:00:00Z,active,2026-10-08T22:03:48.610664+00:00
KXLOWTPHX,KXLOWTPHX-26OCT08-B73.5,Low Temperature Phoenix,KPHX,2026-10-08,between,73.0,74.0,The Weather Company,https://weather.com/kalshi,0.0,0.01,0.99,1.0,39.0,0.0,392.73,,2026-10-09T07:00:00Z,active,2026-10-08T22:03:48.610664+00:00
KXHIGHTATL,KXHIGHTATL-26OCT09-T83,Atlanta Max Temperature,KATL,2026-10-09,greater,83.0,,The Weather Company,https://weather.com/kalshi,0.0,0.01,0.99,1.0,5.0,0.0,357.21,,2026-10-10T05:00:00Z,active,2026-10-08T22:03:48.610664+00:00
KXHIGHTATL,KXHIGHTATL-26OCT09-T76,Atlanta Max Temperature,KATL,2026-10-09,less,,76.0,The Weather Company,https://weather.com/kalshi,0.66,0.69,0.31,0.34,29.0,10.0,1362.13,,2026-10-10T05:00:00Z,active,2026-10-08T22:03:48.610664+00:00
KXHIGHTATL,KXHIGHTATL-26OCT09-B82.5,Atlanta Max Temperature,KATL,2026-10-09,between,82.0,83.0,The Weather Company,https://weather.com/kalshi,0.02,0.04,0.96,0.98,51.0,55.0,787.95,,2026-10-10T05:00:00Z,active,2026-10-08T22:03:48.610664+00:00
KXHIGHTATL,KXHIGHTATL-26OCT09-B80.5,Atlanta Max Temperature,KATL,2026-10-09,between,80.0,81.0,The Weather Company,https://weather.com/kalshi,0.01,0.03,0.97,0.99,5.0,670.42,410.58,,2026-10-10T05:00:00Z,active,2026-10-08T22:03:48.610664+00:00
KXHIGHTATL,KXHIGHTATL-26OCT09-B78.5,Atlanta Max Temperature,KATL,2026-10-09,between,78.0,79.0,The Weather Company,https://weather.com/kalshi,0.05,0.06,0.94,0.95,5.0,14.01,513.0,,2026-10-10T05:00:00Z,active,2026-10-08T22:03:48.610664+00:00
KXHIGHTATL,KXHIGHTATL-26OCT09-B76.5,Atlanta Max Temperature,KATL,2026-10-09,between,76.0,77.0,The Weather Company,https://weather.com/kalshi,0.21,0.22,0.78,0.79,5.0,31.0,470.07,,2026-10-10T05:00:00Z,active,2026-10-08T22:03:48.610664+00:00
KXHIGHTATL,KXHIGHTATL-26OCT08-T89,Atlanta Max Temperature,KATL,2026-10-08,greater,89.0,,The Weather Company,https://weather.com/kalshi,0.0,0.01,0.99,1.0,18910.32,0.0,361.38,,2026-10-09T05:00:00Z,active,2026-10-08T22:03:48.610664+00:00
KXHIGHTATL,KXHIGHTATL-26OCT08-T82,Atlanta Max Temperature,KATL,2026-10-08,less,,82.0,The Weather Company,https://weather.com/kalshi,0.0,0.01,0.99,1.0,121806.59,0.0,2322.64,,2026-10-09T05:00:00Z,active,2026-10-08T22:03:48.610664+00:00
KXHIGHTATL,KXHIGHTATL-26OCT08-B88.5,Atlanta Max Temperature,KATL,2026-10-08,between,88.0,89.0,The Weather Company,https://weather.com/kalshi,0.0,0.01,0.99,1.0,10939.81,0.0,1552.05,,2026-10-09T05:00:00Z,active,2026-10-08T22:03:48.610664+00:00
KXHIGHTATL,KXHIGHTATL-26OCT08-B86.5,Atlanta Max Temperature,KATL,2026-10-08,between,86.0,87.0,The Weather Company,https://weather.com/kalshi,0.0,0.01,0.99,1.0,17151.72,0.0,10842.42,,2026-10-09T05:00:00Z,active,2026-10-08T22:03:48.610664+00:00
KXHIGHTATL,KXHIGHTATL-26OCT08-B84.5,Atlanta Max Temperature,KATL,2026-10-08,between,84.0,85.0,The Weather Company,https://weather.com/kalshi,0.99,1.0,0.0,0.01,0.0,15121.36,9395.12,,2026-10-09T05:00:00Z,active,2026-10-08T22:03:48.610664+00:00
KXHIGHTATL,KXHIGHTATL-26OCT08-B82.5,Atlanta Max Temperature,KATL,2026-10-08,between,82.0,83.0,The Weather Company,https://weather.com/kalshi,0.0,0.01,0.99,1.0,127764.78,0.0,10508.86,,2026-10-09T05:00:00Z,active,2026-10-08T22:03:48.610664+00:00
KXLOWTATL,KXLOWTATL-26OCT09-T65,Low Temperature Atlanta,KATL,2026-10-09,greater,65.0,,The Weather Company,https://weather.com/kalshi,0.17,0.25,0.75,0.83,4.0,88.0,141.09,,2026-10-10T05:00:00Z,active,2026-10-08T22:03:48.610664+00:00
KXLOWTATL,KXLOWTATL-26OCT09-T58,Low Temperature Atlanta,KATL,2026-10-09,less,,58.0,The Weather Company,https://weather.com/kalshi,0.01,0.02,0.98,0.99,1.0,248.0,188.94,,2026-10-10T05:00:00Z,active,2026-10-08T22:03:48.610664+00:00
KXLOWTATL,KXLOWTATL-26OCT09-B64.5,Low Temperature Atlanta,KATL,2026-10-09,between,64.0,65.0,The Weather Company,https://weather.com/kalshi,0.34,0.42,0.58,0.66,5.0,22.0,72.0,,2026-10-10T05:00:00Z,active,2026-10-08T22:03:48.610664+00:00
KXLOWTATL,KXLOWTATL-26OCT09-B62.5,Low Temperature Atlanta,KATL,2026-10-09,between,62.0,63.0,The Weather Company,https://weather.com/kalshi,0.26,0.38,0.62,0.74,5.0,10.0,101.21,,2026-10-10T05:00:00Z,active,2026-10-08T22:03:48.610664+00:00
KXLOWTATL,KXLOWTATL-26OCT09-B60.5,Low Temperature Atlanta,KATL,2026-10-09,between,60.0,61.0,The Weather Company,https://weather.com/kalshi,0.03,0.14,0.86,0.97,3.0,25.0,31.0,,2026-10-10T05:00:00Z,active,2026-10-08T22:03:48.610664+00:00
KXLOWTATL,KXLOWTATL-26OCT09-B58.5,Low Temperature Atlanta,KATL,2026-10-09,between,58.0,59.0,The Weather Company,https://weather.com/kalshi,0.04,0.05,0.95,0.96,8.0,6.0,223.93,,2026-10-10T05:00:00Z,active,2026-10-08T22:03:48.610664+00:00
KXLOWTATL,KXLOWTATL-26OCT08-T59,Low Temperature Atlanta,KATL,2026-10-08,greater,59.0,,The Weather Company,https://weather.com/kalshi,0.0,0.01,0.99,1.0,34731.15,0.0,1281.72,,2026-10-09T05:00:00Z,active,2026-10-08T22:03:48.610664+00:00
KXLOWTATL,KXLOWTATL-26OCT08-T52,Low Temperature Atlanta,KATL,2026-10-08,less,,52.0,The Weather Company,https://weather.com/kalshi,0.0,0.01,0.99,1.0,748.0,0.0,403.0,,2026-10-09T05:00:00Z,active,2026-10-08T22:03:48.610664+00:00
KXLOWTATL,KXLOWTATL-26OCT08-B58.5,Low Temperature Atlanta,KATL,2026-10-08,between,58.0,59.0,The Weather Company,https://weather.com/kalshi,0.98,1.0,0.0,0.02,0.0,10.0,1255.16,,2026-10-09T05:00:00Z,active,2026-10-08T22:03:48.610664+00:00
KXLOWTATL,KXLOWTATL-26OCT08-B56.5,Low Temperature Atlanta,KATL,2026-10-08,between,56.0,57.0,The Weather Company,https://weather.com/kalshi,0.0,0.01,0.99,1.0,15.0,0.0,851.81,,2026-10-09T05:00:00Z,active,2026-10-08T22:03:48.610664+00:00
KXLOWTATL,KXLOWTATL-26OCT08-B54.5,Low Temperature Atlanta,KATL,2026-10-08,between,54.0,55.0,The Weather Company,https://weather.com/kalshi,0.0,0.01,0.99,1.0,191.0,0.0,544.72,,2026-10-09T05:00:00Z,active,2026-10-08T22:03:48.610664+00:00
KXLOWTATL,KXLOWTATL-26OCT08-B52.5,Low Temperature Atlanta,KATL,2026-10-08,between,52.0,53.0,The Weather Company,https://weather.com/kalshi,0.0,0.01,0.99,1.0,554.0,0.0,607.37,,2026-10-09T05:00:00Z,active,2026-10-08T22:03:48.610664+00:00
KXHIGHTMIN,KXHIGHTMIN-26OCT09-T79,Minneapolis Daily High Temperature,KMSP,2026-10-09,greater,79.0,,The Weather Company,https://weather.com/kalshi,0.0,0.01,0.99,1.0,5.0,0.0,281.0,,2026-10-10T06:00:00Z,active,2026-10-08T22:03:48.610664+00:00
KXHIGHTMIN,KXHIGHTMIN-26OCT09-T72,Minneapolis Daily High Temperature,KMSP,2026-10-09,less,,72.0,The Weather Company,https://weather.com/kalshi,0.06,0.08,0.92,0.94,33.0,43.0,59.0,,2026-10-10T06:00:00Z,active,2026-10-08T22:03:48.610664+00:00
KXHIGHTMIN,KXHIGHTMIN-26OCT09-B78.5,Minneapolis Daily High Temperature,KMSP,2026-10-09,between,78.0,79.0,The Weather Company,https://weather.com/kalshi,0.01,0.02,0.98,0.99,3.0,287.31,293.77,,2026-10-10T06:00:00Z,active,2026-10-08T22:03:48.610664+00:00
KXHIGHTMIN,KXHIGHTMIN-26OCT09-B76.5,Minneapolis Daily High Temperature,KMSP,2026-10-09,between,76.0,77.0,The Weather Company,https://weather.com/kalshi,0.09,0.1,0.9,0.91,20.0,311.57,465.3,,2026-10-10T06:00:00Z,active,2026-10-08T22:03:48.610664+00:00
KXHIGHTMIN,KXHIGHTMIN-26OCT09-B74.5,Minneapolis Daily High Temperature,KMSP,2026-10-09,between,74.0,75.0,The Weather Company,https://weather.com/kalshi,0.42,0.43,0.57,0.58,26.0,10.0,307.57,,2026-10-10T06:00:00Z,active,2026-10-08T22:03:48.610664+00:00
KXHIGHTMIN,KXHIGHTMIN-26OCT09-B72.5,Minneapolis Daily High Temperature,KMSP,2026-10-09,between,72.0,73.0,The Weather Company,https://weather.com/kalshi,0.39,0.4,0.6,0.61,115.78,6.0,505.54,,2026-10-10T06:00:00Z,active,2026-10-08T22:03:48.610664+00:00
KXHIGHTMIN,KXHIGHTMIN-26OCT08-T72,Minneapolis Daily High Temperature,KMSP,2026-10-08,greater,72.0,,The Weather Company,https://weather.com/kalshi,0.0,0.01,0.99,1.0,14158.29,0.0,434.51,,2026-10-09T06:00:00Z,active,2026-10-08T22:03:48.610664+00:00
KXHIGHTMIN,KXHIGHTMIN-26OCT08-T65,Minneapolis Daily High Temperature,KMSP,2026-10-08,less,,65.0,The Weather Company,https://weather.com/kalshi,0.0,0.01,0.99,1.0,101259.48,0.0,1136.5,,2026-10-09T06:00:00Z,active,2026-10-08T22:03:48.610664+00:00
KXHIGHTMIN,KXHIGHTMIN-26OCT08-B71.5,Minneapolis Daily High Temperature,KMSP,2026-10-08,between,71.0,72.0,The Weather Company,https://weather.com/kalshi,0.0,0.01,0.99,1.0,2095.99,0.0,950.59,,2026-10-09T06:00:00Z,active,2026-10-08T22:03:48.610664+00:00
KXHIGHTMIN,KXHIGHTMIN-26OCT08-B69.5,Minneapolis Daily High Temperature,KMSP,2026-10-08,between,69.0,70.0,The Weather Company,https://weather.com/kalshi,0.0,0.01,0.99,1.0,5226.73,0.0,9357.47,,2026-10-09T06:00:00Z,active,2026-10-08T22:03:48.610664+00:00
KXHIGHTMIN,KXHIGHTMIN-26OCT08-B67.5,Minneapolis Daily High Temperature,KMSP,2026-10-08,between,67.0,68.0,The Weather Company,https://weather.com/kalshi,0.99,1.0,0.0,0.01,0.0,7311.48,6255.93,,2026-10-09T06:00:00Z,active,2026-10-08T22:03:48.610664+00:00
KXHIGHTMIN,KXHIGHTMIN-26OCT08-B65.5,Minneapolis Daily High Temperature,KMSP,2026-10-08,between,65.0,66.0,The Weather Company,https://weather.com/kalshi,0.0,0.01,0.99,1.0,31464.0,0.0,8427.35,,2026-10-09T06:00:00Z,active,2026-10-08T22:03:48.610664+00:00
KXHIGHMIA,KXHIGHMIA-26OCT09-T93,Highest temperature in Miami,KMIA,2026-10-09,greater,93.0,,The Weather Company,https://weather.com/kalshi,0.01,0.02,0.98,0.99,120.0,232.15,453.63,,2026-10-10T05:00:00Z,active,2026-10-08T22:03:48.610664+00:00
KXHIGHMIA,KXHIGHMIA-26OCT09-T86,Highest temperature in Miami,KMIA,2026-10-09,less,,86.0,The Weather Company,https://weather.com/kalshi,0.0,0.01,0.99,1.0,4274.86,0.0,513.0,,2026-10-10T05:00:00Z,active,2026-10-08T22:03:48.610664+00:00
KXHIGHMIA,KXHIGHMIA-26OCT09-B92.5,Highest temperature in Miami,KMIA,2026-10-09,between,92.0,93.0,The Weather Company,https://weather.com/kalshi,0.06,0.07,0.93,0.94,341.0,59.0,369.05,,2026-10-10T05:00:00Z,active,2026-10-08T22:03:48.610664+00:00
KXHIGHMIA,KXHIGHMIA-26OCT09-B90.5,Highest temperature in Miami,KMIA,2026-10-09,between,90.0,91.0,The Weather Company,https://weather.com/kalshi,0.63,0.64,0.36,0.37,107.0,53.0,897.8,,2026-10-10T05:00:00Z,active,2026-10-08T22:03:48.610664+00:00
KXHIGHMIA,KXHIGHMIA-26OCT09-B88.5,Highest temperature in Miami,KMIA,2026-10-09,between,88.0,89.0,The Weather Company,https://weather.com/kalshi,0.23,0.24,0.76,0.77,42.0,10.0,1655.24,,2026-10-10T05:00:00Z,active,2026-10-08T22:03:48.610664+00:00
KXHIGHMIA,KXHIGHMIA-26OCT09-B86.5,Highest temperature in Miami,KMIA,2026-10-09,between,86.0,87.0,The Weather Company,https://weather.com/kalshi,0.01,0.02,0.98,0.99,42.0,945.0,575.25,,2026-10-10T05:00:00Z,active,2026-10-08T22:03:48.610664+00:00
KXHIGHMIA,KXHIGHMIA-26OCT08-T92,Highest temperature in Miami,KMIA,2026-10-08,greater,92.0,,The Weather Company,https://weather.com/kalshi,0.0,0.01,0.99,1.0,14862.75,0.0,4208.22,,2026-10-09T05:00:00Z,active,2026-10-08T22:03:48.610664+00:00
KXHIGHMIA,KXHIGHMIA-26OCT08-T85,Highest temperature in Miami,KMIA,2026-10-08,less,,85.0,The Weather Company,https://weather.com/kalshi,0.0,0.01,0.99,1.0,183145.99,0.0,4909.49,,2026-10-09T05:00:00Z,active,2026-10-08T22:03:48.610664+00:00
KXHIGHMIA,KXHIGHMIA-26OCT08-B91.5,Highest temperature in Miami,KMIA,2026-10-08,between,91.0,92.0,The Weather Company,https://weather.com/kalshi,0.0,0.01,0.99,1.0,30271.4,0.0,37297.09,,2026-10-09T05:00:00Z,active,2026-10-08T22:03:48.610664+00:00
KXHIGHMIA,KXHIGHMIA-26OCT08-B89.5,Highest temperature in Miami,KMIA,2026-10-08,between,89.0,90.0,The Weather Company,https://weather.com/kalshi,0.99,1.0,0.0,0.01,0.0,33782.76,35657.08,,2026-10-09T05:00:00Z,active,2026-10-08T22:03:48.610664+00:00
KXHIGHMIA,KXHIGHMIA-26OCT08-B87.5,Highest temperature in Miami,KMIA,2026-10-08,between,87.0,88.0,The Weather Company,https://weather.com/kalshi,0.0,0.01,0.99,1.0,170284.51,0.0,44242.91,,2026-10-09T05:00:00Z,active,2026-10-08T22:03:48.610664+00:00
KXHIGHMIA,KXHIGHMIA-26OCT08-B85.5,Highest temperature in Miami,KMIA,2026-10-08,between,85.0,86.0,The Weather Company,https://weather.com/kalshi,0.0,0.01,0.99,1.0,160380.14,0.0,10152.81,,2026-10-09T05:00:00Z,active,2026-10-08T22:03:48.610664+00:00
KXLOWTDEN,KXLOWTDEN-26OCT09-T56,Lowest temperature in Denver,KDEN,2026-10-09,greater,56.0,,The Weather Company,https://weather.com/kalshi,0.11,0.17,0.83,0.89,24.0,1.0,15.86,,2026-10-10T07:00:00Z,active,2026-10-08T22:03:48.610664+00:00
KXLOWTDEN,KXLOWTDEN-26OCT09-T49,Lowest temperature in Denver,KDEN,2026-10-09,less,,49.0,The Weather Company,https://weather.com/kalshi,0.0,0.01,0.99,1.0,2.0,0.0,16.0,,2026-10-10T07:00:00Z,active,2026-10-08T22:03:48.610664+00:00
KXLOWTDEN,KXLOWTDEN-26OCT09-B55.5,Lowest temperature in Denver,KDEN,2026-10-09,between,55.0,56.0,The Weather Company,https://weather.com/kalshi,0.32,0.33,0.67,0.68,10.0,1.0,23.0,,2026-10-10T07:00:00Z,active,2026-10-08T22:03:48.610664+00:00
KXLOWTDEN,KXLOWTDEN-26OCT09-B53.5,Lowest temperature in Denver,KDEN,2026-10-09,between,53.0,54.0,The Weather Company,https://weather.com/kalshi,0.25,0.34,0.66,0.75,11.0,30.0,8.0,,2026-10-10T07:00:00Z,active,2026-10-08T22:03:48.610664+00:00
KXLOWTDEN,KXLOWTDEN-26OCT09-B51.5,Lowest temperature in Denver,KDEN,2026-10-09,between,51.0,52.0,The Weather Company,https://weather.com/kalshi,0.17,0.23,0.77,0.83,9.0,22.0,19.0,,2026-10-10T07:00:00Z,active,2026-10-08T22:03:48.610664+00:00
KXLOWTDEN,KXLOWTDEN-26OCT09-B49.5,Lowest temperature in Denver,KDEN,2026-10-09,between,49.0,50.0,The Weather Company,https://weather.com/kalshi,0.03,0.04,0.96,0.97,7.0,15.0,5.14,,2026-10-10T07:00:00Z,active,2026-10-08T22:03:48.610664+00:00
KXLOWTDEN,KXLOWTDEN-26OCT08-T57,Lowest temperature in Denver,KDEN,2026-10-08,greater,57.0,,The Weather Company,https://weather.com/kalshi,0.78,0.84,0.16,0.22,43.64,4.0,724.76,,2026-10-09T07:00:00Z,active,2026-10-08T22:03:48.610664+00:00
KXLOWTDEN,KXLOWTDEN-26OCT08-T50,Lowest temperature in Denver,KDEN,2026-10-08,less,,50.0,The Weather Company,https://weather.com/kalshi,0.0,0.01,0.99,1.0,389.0,0.0,275.02,,2026-10-09T07:00:00Z,active,2026-10-08T22:03:48.610664+00:00
KXLOWTDEN,KXLOWTDEN-26OCT08-B56.5,Lowest temperature in Denver,KDEN,2026-10-08,between,56.0,57.0,The Weather Company,https://weather.com/kalshi,0.18,0.22,0.78,0.82,1.0,3.0,337.09,,2026-10-09T07:00:00Z,active,2026-10-08T22:03:48.610664+00:00
KXLOWTDEN,KXLOWTDEN-26OCT08-B54.5,Lowest temperature in Denver,KDEN,2026-10-08,between,54.0,55.0,The Weather Company,https://weather.com/kalshi,0.01,0.02,0.98,0.99,26.0,11.0,652.69,,2026-10-09T07:00:00Z,active,2026-10-08T22:03:48.610664+00:00
KXLOWTDEN,KXLOWTDEN-26OCT08-B52.5,Lowest temperature in Denver,KDEN,2026-10-08,between,52.0,53.0,The Weather Company,https://weather.com/kalshi,0.01,0.02,0.98,0.99,62.0,11.0,649.94,,2026-10-09T07:00:00Z,active,2026-10-08T22:03:48.610664+00:00
KXLOWTDEN,KXLOWTDEN-26OCT08-B50.5,Lowest temperature in Denver,KDEN,2026-10-08,between,50.0,51.0,The Weather Company,https://weather.com/kalshi,0.0,0.01,0.99,1.0,213.0,0.0,287.65,,2026-10-09T07:00:00Z,active,2026-10-08T22:03:48.610664+00:00
KXHIGHTBOS,KXHIGHTBOS-26OCT09-T71,Boston Maximum Daily Temperature,KBOS,2026-10-09,greater,71.0,,The Weather Company,https://weather.com/kalshi,0.01,0.02,0.98,0.99,93.25,270.0,460.85,,2026-10-10T05:00:00Z,active,2026-10-08T22:03:48.610664+00:00
KXHIGHTBOS,KXHIGHTBOS-26OCT09-T64,Boston Maximum Daily Temperature,KBOS,2026-10-09,less,,64.0,The Weather Company,https://weather.com/kalshi,0.01,0.02,0.98,0.99,65.0,627.69,268.3,,2026-10-10T05:00:00Z,active,2026-10-08T22:03:48.610664+00:00
KXHIGHTBOS,KXHIGHTBOS-26OCT09-B70.5,Boston Maximum Daily Temperature,KBOS,2026-10-09,between,70.0,71.0,The Weather Company,https://weather.com/kalshi,0.34,0.35,0.65,0.66,4.0,9.0,241.07,,2026-10-10T05:00:00Z,active,2026-10-08T22:03:48.610664+00:00
KXHIGHTBOS,KXHIGHTBOS-26OCT09-B68.5,Boston Maximum Daily Temperature,KBOS,2026-10-09,between,68.0,69.0,The Weather Company,https://weather.com/kalshi,0.55,0.56,0.44,0.45,9.0,2.0,89.63,,2026-10-10T05:00:00Z,active,2026-10-08T22:03:48.610664+00:00
KXHIGHTBOS,KXHIGHTBOS-26OCT09-B66.5,Boston Maximum Daily Temperature,KBOS,2026-10-09,between,66.0,67.0,The Weather Company,https://weather.com/kalshi,0.08,0.09,0.91,0.92,3.0,67.96,96.99,,2026-10-10T05:00:00Z,active,2026-10-08T22:03:48.610664+00:00
KXHIGHTBOS,KXHIGHTBOS-26OCT09-B64.5,Boston Maximum Daily Temperature,KBOS,2026-10-09,between,64.0,65.0,The Weather Company,https://weather.com/kalshi,0.01,0.02,0.98,0.99,47.0,884.07,305.92,,2026-10-10T05:00:00Z,active,2026-10-08T22:03:48.610664+00:00
KXHIGHTBOS,KXHIGHTBOS-26OCT08-T75,Boston Maximum Daily Temperature,KBOS,2026-10-08,greater,75.0,,The Weather Company,https://weather.com/kalshi,0.0,0.01,0.99,1.0,6673.36,0.0,6917.66,,2026-10-09T05:00:00Z,active,2026-10-08T22:03:48.610664+00:00
KXHIGHTBOS,KXHIGHTBOS-26OCT08-T68,Boston Maximum Daily Temperature,KBOS,2026-10-08,less,,68.0,The Weather Company,https://weather.com/kalshi,0.0,0.01,0.99,1.0,95239.88,0.0,871.5,,2026-10-09T05:00:00Z,active,2026-10-08T22:03:48.610664+00:00
KXHIGHTBOS,KXHIGHTBOS-26OCT08-B74.5,Boston Maximum Daily Temperature,KBOS,2026-10-08,between,74.0,75.0,The Weather Company,https://weather.com/kalshi,0.0,0.01,0.99,1.0,6854.25,0.0,8728.52,,2026-10-09T05:00:00Z,active,2026-10-08T22:03:48.610664+00:00
KXHIGHTBOS,KXHIGHTBOS-26OCT08-B72.5,Boston Maximum Daily Temperature,KBOS,2026-10-08,between,72.0,73.0,The Weather Company,https://weather.com/kalshi,0.99,1.0,0.0,0.01,0.0,9746.81,9843.72,,2026-10-09T05:00:00Z,active,2026-10-08T22:03:48.610664+00:00
KXHIGHTBOS,KXHIGHTBOS-26OCT08-B70.5,Boston Maximum Daily Temperature,KBOS,2026-10-08,between,70.0,71.0,The Weather Company,https://weather.com/kalshi,0.0,0.01,0.99,1.0,99986.08,0.0,3708.61,,2026-10-09T05:00:00Z,active,2026-10-08T22:03:48.610664+00:00
KXHIGHTBOS,KXHIGHTBOS-26OCT08-B68.5,Boston Maximum Daily Temperature,KBOS,2026-10-08,between,68.0,69.0,The Weather Company,https://weather.com/kalshi,0.0,0.01,0.99,1.0,100127.54,0.0,1174.07,,2026-10-09T05:00:00Z,active,2026-10-08T22:03:48.610664+00:00
KXLOWTSAN,KXLOWTSAN-26OCT09-T71,Low Temperature San Diego,KSAN,2026-10-09,greater,71.0,,The Weather Company,https://weather.com/kalshi,0.02,0.11,0.89,0.98,3.0,29.0,0.0,,2026-10-10T08:00:00Z,active,2026-10-08T22:03:48.610664+00:00
KXLOWTSAN,KXLOWTSAN-26OCT09-T64,Low Temperature San Diego,KSAN,2026-10-09,less,,64.0,The Weather Company,https://weather.com/kalshi,0.01,0.04,0.96,0.99,22.0,49.0,0.0,,2026-10-10T08:00:00Z,active,2026-10-08T22:03:48.610664+00:00
KXLOWTSAN,KXLOWTSAN-26OCT09-B70.5,Low Temperature San Diego,KSAN,2026-10-09,between,70.0,71.0,The Weather Company,https://weather.com/kalshi,0.07,0.19,0.81,0.93,10.0,54.0,20.0,,2026-10-10T08:00:00Z,active,2026-10-08T22:03:48.610664+00:00
KXLOWTSAN,KXLOWTSAN-26OCT09-B68.5,Low Temperature San Diego,KSAN,2026-10-09,between,68.0,69.0,The Weather Company,https://weather.com/kalshi,0.72,0.88,0.12,0.28,10.0,10.0,16.0,,2026-10-10T08:00:00Z,active,2026-10-08T22:03:48.610664+00:00
KXLOWTSAN,KXLOWTSAN-26OCT09-B66.5,Low Temperature San Diego,KSAN,2026-10-09,between,66.0,67.0,The Weather Company,https://weather.com/kalshi,0.02,0.13,0.87,0.98,10.0,54.0,0.0,,2026-10-10T08:00:00Z,active,2026-10-08T22:03:48.610664+00:00
KXLOWTSAN,KXLOWTSAN-26OCT09-B64.5,Low Temperature San Diego,KSAN,2026-10-09,between,64.0,65.0,The Weather Company,https://weather.com/kalshi,0.02,0.11,0.89,0.98,10.0,29.0,0.0,,2026-10-10T08:00:00Z,active,2026-10-08T22:03:48.610664+00:00
KXLOWTSAN,KXLOWTSAN-26OCT08-T72,Low Temperature San Diego,KSAN,2026-10-08,greater,72.0,,The Weather Company,https://weather.com/kalshi,0.0,0.01,0.99,1.0,2589.15,0.0,90.8,,2026-10-09T08:00:00Z,active,2026-10-08T22:03:48.610664+00:00
KXLOWTSAN,KXLOWTSAN-26OCT08-T65,Low Temperature San Diego,KSAN,2026-10-08,less,,65.0,The Weather Company,https://weather.com/kalshi,0.0,0.01,0.99,1.0,4.0,0.0,280.18,,2026-10-09T08:00:00Z,active,2026-10-08T22:03:48.610664+00:00
KXLOWTSAN,KXLOWTSAN-26OCT08-B71.5,Low Temperature San Diego,KSAN,2026-10-08,between,71.0,72.0,The Weather Company,https://weather.com/kalshi,0.86,0.97,0.03,0.14,77.0,10.0,258.0,,2026-10-09T08:00:00Z,active,2026-10-08T22:03:48.610664+00:00
KXLOWTSAN,KXLOWTSAN-26OCT08-B69.5,Low Temperature San Diego,KSAN,2026-10-08,between,69.0,70.0,The Weather Company,https://weather.com/kalshi,0.05,0.15,0.85,0.95,16.0,27.0,267.8,,2026-10-09T08:00:00Z,active,2026-10-08T22:03:48.610664+00:00
KXLOWTSAN,KXLOWTSAN-26OCT08-B67.5,Low Temperature San Diego,KSAN,2026-10-08,between,67.0,68.0,The Weather Company,https://weather.com/kalshi,0.0,0.02,0.98,1.0,15.0,0.0,195.94,,2026-10-09T08:00:00Z,active,2026-10-08T22:03:48.610664+00:00
KXLOWTSAN,KXLOWTSAN-26OCT08-B65.5,Low Temperature San Diego,KSAN,2026-10-08,between,65.0,66.0,The Weather Company,https://weather.com/kalshi,0.0,0.01,0.99,1.0,1.0,0.0,120.28,,2026-10-09T08:00:00Z,active,2026-10-08T22:03:48.610664+00:00
KXHIGHTSEA,KXHIGHTSEA-26OCT09-T66,Seattle Maximum Temperature Daily,KSEA,2026-10-09,greater,66.0,,The Weather Company,https://weather.com/kalshi,0.01,0.02,0.98,0.99,185.0,24.72,335.06,,2026-10-10T08:00:00Z,active,2026-10-08T22:03:48.610664+00:00
KXHIGHTSEA,KXHIGHTSEA-26OCT09-T59,Seattle Maximum Temperature Daily,KSEA,2026-10-09,less,,59.0,The Weather Company,https://weather.com/kalshi,0.08,0.09,0.91,0.92,16.0,5.0,145.21,,2026-10-10T08:00:00Z,active,2026-10-08T22:03:48.610664+00:00
KXHIGHTSEA,KXHIGHTSEA-26OCT09-B65.5,Seattle Maximum Temperature Daily,KSEA,2026-10-09,between,65.0,66.0,The Weather Company,https://weather.com/kalshi,0.03,0.04,0.96,0.97,117.0,44.92,11.08,,2026-10-10T08:00:00Z,active,2026-10-08T22:03:48.610664+00:00
KXHIGHTSEA,KXHIGHTSEA-26OCT09-B63.5,Seattle Maximum Temperature Daily,KSEA,2026-10-09,between,63.0,64.0,The Weather Company,https://weather.com/kalshi,0.2,0.22,0.78,0.8,8.0,15.0,650.93,,2026-10-10T08:00:00Z,active,2026-10-08T22:03:48.610664+00:00
KXHIGHTSEA,KXHIGHTSEA-26OCT09-B61.5,Seattle Maximum Temperature Daily,KSEA,2026-10-09,between,61.0,62.0,The Weather Company,https://weather.com/kalshi,0.41,0.42,0.58,0.59,19.0,126.16,204.04,,2026-10-10T08:00:00Z,active,2026-10-08T22:03:48.610664+00:00
KXHIGHTSEA,KXHIGHTSEA-26OCT09-B59.5,Seattle Maximum Temperature Daily,KSEA,2026-10-09,between,59.0,60.0,The Weather Company,https://weather.com/kalshi,0.27,0.28,0.72,0.73,12.0,8.0,389.51,,2026-10-10T08:00:00Z,active,2026-10-08T22:03:48.610664+00:00
KXHIGHTSEA,KXHIGHTSEA-26OCT08-T75,Seattle Maximum Temperature Daily,KSEA,2026-10-08,greater,75.0,,The Weather Company,https://weather.com/kalshi,0.0,0.01,0.99,1.0,16765.13,0.0,398.73,,2026-10-09T08:00:00Z,active,2026-10-08T22:03:48.610664+00:00
KXHIGHTSEA,KXHIGHTSEA-26OCT08-T68,Seattle Maximum Temperature Daily,KSEA,2026-10-08,less,,68.0,The Weather Company,https://weather.com/kalshi,0.67,0.75,0.25,0.33,15.0,0.22,5865.23,,2026-10-09T08:00:00Z,active,2026-10-08T22:03:48.610664+00:00
KXHIGHTSEA,KXHIGHTSEA-26OCT08-B74.5,Seattle Maximum Temperature Daily,KSEA,2026-10-08,between,74.0,75.0,The Weather Company,https://weather.com/kalshi,0.0,0.01,0.99,1.0,16595.85,0.0,667.54,,2026-10-09T08:00:00Z,active,2026-10-08T22:03:48.610664+00:00
KXHIGHTSEA,KXHIGHTSEA-26OCT08-B72.5,Seattle Maximum Temperature Daily,KSEA,2026-10-08,between,72.0,73.0,The Weather Company,https://weather.com/kalshi,0.0,0.01,0.99,1.0,199.1,0.0,793.0,,2026-10-09T08:00:00Z,active,2026-10-08T22:03:48.610664+00:00
KXHIGHTSEA,KXHIGHTSEA-26OCT08-B70.5,Seattle Maximum Temperature Daily,KSEA,2026-10-08,between,70.0,71.0,The Weather Company,https://weather.com/kalshi,0.0,0.02,0.98,1.0,53.0,0.0,4517.49,,2026-10-09T08:00:00Z,active,2026-10-08T22:03:48.610664+00:00
KXHIGHTSEA,KXHIGHTSEA-26OCT08-B68.5,Seattle Maximum Temperature Daily,KSEA,2026-10-08,between,68.0,69.0,The Weather Company,https://weather.com/kalshi,0.26,0.35,0.65,0.74,2.0,2.0,5766.0,,2026-10-09T08:00:00Z,active,2026-10-08T22:03:48.610664+00:00
KXLOWTCHI,KXLOWTCHI-26OCT09-T53,Lowest Temperature Chicago,KMDW,2026-10-09,greater,53.0,,The Weather Company,https://weather.com/kalshi,0.36,0.43,0.57,0.64,10.0,10.0,80.0,,2026-10-10T06:00:00Z,active,2026-10-08T22:03:48.610664+00:00
KXLOWTCHI,KXLOWTCHI-26OCT09-T46,Lowest Temperature Chicago,KMDW,2026-10-09,less,,46.0,The Weather Company,https://weather.com/kalshi,0.01,0.02,0.98,0.99,10.0,10.0,111.28,,2026-10-10T06:00:00Z,active,2026-10-08T22:03:48.610664+00:00
KXLOWTCHI,KXLOWTCHI-26OCT09-B52.5,Lowest Temperature Chicago,KMDW,2026-10-09,between,52.0,53.0,The Weather Company,https://weather.com/kalshi,0.3,0.43,0.57,0.7,3.0,25.0,29.79,,2026-10-10T06:00:00Z,active,2026-10-08T22:03:48.610664+00:00
KXLOWTCHI,KXLOWTCHI-26OCT09-B50.5,Lowest Temperature Chicago,KMDW,2026-10-09,between,50.0,51.0,The Weather Company,https://weather.com/kalshi,0.15,0.28,0.72,0.85,20.0,25.0,25.0,,2026-10-10T06:00:00Z,active,2026-10-08T22:03:48.610664+00:00
KXLOWTCHI,KXLOWTCHI-26OCT09-B48.5,Lowest Temperature Chicago,KMDW,2026-10-09,between,48.0,49.0,The Weather Company,https://weather.com/kalshi,0.03,0.04,0.96,0.97,1.0,115.0,15.0,,2026-10-10T06:00:00Z,active,2026-10-08T22:03:48.610664+00:00
KXLOWTCHI,KXLOWTCHI-26OCT09-B46.5,Lowest Temperature Chicago,KMDW,2026-10-09,between,46.0,47.0,The Weather Company,https://weather.com/kalshi,0.02,0.03,0.97,0.98,34.0,66.86,101.14,,2026-10-10T06:00:00Z,active,2026-10-08T22:03:48.610664+00:00
KXLOWTCHI,KXLOWTCHI-26OCT08-T55,Lowest Temperature Chicago,KMDW,2026-10-08,greater,55.0,,The Weather Company,https://weather.com/kalshi,0.0,0.01,0.99,1.0,28097.15,0.0,325.05,,2026-10-09T06:00:00Z,active,2026-10-08T22:03:48.610664+00:00
KXLOWTCHI,KXLOWTCHI-26OCT08-T48,Lowest Temperature Chicago,KMDW,2026-10-08,less,,48.0,The Weather Company,https://weather.com/kalshi,0.0,0.01,0.99,1.0,85.0,0.0,533.97,,2026-10-09T06:00:00Z,active,2026-10-08T22:03:48.610664+00:00
KXLOWTCHI,KXLOWTCHI-26OCT08-B54.5,Lowest Temperature Chicago,KMDW,2026-10-08,between,54.0,55.0,The Weather Company,https://weather.com/kalshi,0.0,0.01,0.99,1.0,35208.79,0.0,819.21,,2026-10-09T06:00:00Z,active,2026-10-08T22:03:48.610664+00:00
KXLOWTCHI,KXLOWTCHI-26OCT08-B52.5,Lowest Temperature Chicago,KMDW,2026-10-08,between,52.0,53.0,The Weather Company,https://weather.com/kalshi,0.98,0.99,0.01,0.02,130.02,386.91,988.96,,2026-10-09T06:00:00Z,active,2026-10-08T22:03:48.610664+00:00
KXLOWTCHI,KXLOWTCHI-26OCT08-B50.5,Lowest Temperature Chicago,KMDW,2026-10-08,between,50.0,51.0,The Weather Company,https://weather.com/kalshi,0.01,0.03,0.97,0.99,21.54,219.0,596.88,,2026-10-09T06:00:00Z,active,2026-10-08T22:03:48.610664+00:00
KXLOWTCHI,KXLOWTCHI-26OCT08-B48.5,Lowest Temperature Chicago,KMDW,2026-10-08,between,48.0,49.0,The Weather Company,https://weather.com/kalshi,0.0,0.01,0.99,1.0,4.0,0.0,501.13,,2026-10-09T06:00:00Z,active,2026-10-08T22:03:48.610664+00:00
KXLOWTBOS,KXLOWTBOS-26OCT09-T55,Low Temperature Boston,KBOS,2026-10-09,greater,55.0,,The Weather Company,https://weather.com/kalshi,0.02,0.03,0.97,0.98,1.0,123.82,195.83,,2026-10-10T05:00:00Z,active,2026-10-08T22:03:48.610664+00:00
KXLOWTBOS,KXLOWTBOS-26OCT09-T48,Low Temperature Boston,KBOS,2026-10-09,less,,48.0,The Weather Company,https://weather.com/kalshi,0.0,0.03,0.97,1.0,21.0,0.0,63.0,,2026-10-10T05:00:00Z,active,2026-10-08T22:03:48.610664+00:00
KXLOWTBOS,KXLOWTBOS-26OCT09-B54.5,Low Temperature Boston,KBOS,2026-10-09,between,54.0,55.0,The Weather Company,https://weather.com/kalshi,0.11,0.17,0.83,0.89,19.0,103.0,114.0,,2026-10-10T05:00:00Z,active,2026-10-08T22:03:48.610664+00:00
KXLOWTBOS,KXLOWTBOS-26OCT09-B52.5,Low Temperature Boston,KBOS,2026-10-09,between,52.0,53.0,The Weather Company,https://weather.com/kalshi,0.5,0.51,0.49,0.5,80.0,9.0,40.0,,2026-10-10T05:00:00Z,active,2026-10-08T22:03:48.610664+00:00
KXLOWTBOS,KXLOWTBOS-26OCT09-B50.5,Low Temperature Boston,KBOS,2026-10-09,between,50.0,51.0,The Weather Company,https://weather.com/kalshi,0.27,0.37,0.63,0.73,131.0,5.0,38.0,,2026-10-10T05:00:00Z,active,2026-10-08T22:03:48.610664+00:00
KXLOWTBOS,KXLOWTBOS-26OCT09-B48.5,Low Temperature Boston,KBOS,2026-10-09,between,48.0,49.0,The Weather Company,https://weather.com/kalshi,0.03,0.06,0.94,0.97,7.0,19.0,6.0,,2026-10-10T05:00:00Z,active,2026-10-08T22:03:48.610664+00:00
KXLOWTBOS,KXLOWTBOS-26OCT08-T58,Low Temperature Boston,KBOS,2026-10-08,greater,58.0,,The Weather Company,https://weather.com/kalshi,0.0,0.01,0.99,1.0,20108.15,0.0,204.09,,2026-10-09T05:00:00Z,active,2026-10-08T22:03:48.610664+00:00
KXLOWTBOS,KXLOWTBOS-26OCT08-T51,Low Temperature Boston,KBOS,2026-10-08,less,,51.0,The Weather Company,https://weather.com/kalshi,0.01,0.05,0.95,0.99,12.0,10.0,435.89,,2026-10-09T05:00:00Z,active,2026-10-08T22:03:48.610664+00:00
KXLOWTBOS,KXLOWTBOS-26OCT08-B57.5,Low Temperature Boston,KBOS,2026-10-08,between,57.0,58.0,The Weather Company,https://weather.com/kalshi,0.0,0.01,0.99,1.0,20732.13,0.0,650.02,,2026-10-09T05:00:00Z,active,2026-10-08T22:03:48.610664+00:00
KXLOWTBOS,KXLOWTBOS-26OCT08-B55.5,Low Temperature Boston,KBOS,2026-10-08,between,55.0,56.0,The Weather Company,https://weather.com/kalshi,0.85,0.88,0.12,0.15,10.0,5.0,381.15,,2026-10-09T05:00:00Z,active,2026-10-08T22:03:48.610664+00:00
KXLOWTBOS,KXLOWTBOS-26OCT08-B53.5,Low Temperature Boston,KBOS,2026-10-08,between,53.0,54.0,The Weather Company,https://weather.com/kalshi,0.03,0.12,0.88,0.97,31.0,49.0,190.13,,2026-10-09T05:00:00Z,active,2026-10-08T22:03:48.610664+00:00
KXLOWTBOS,KXLOWTBOS-26OCT08-B51.5,Low Temperature Boston,KBOS,2026-10-08,between,51.0,52.0,The Weather Company,https://weather.com/kalshi,0.01,0.03,0.97,0.99,6.0,219.0,376.26,,2026-10-09T05:00:00Z,active,2026-10-08T22:03:48.610664+00:00
KXHIGHAUS,KXHIGHAUS-26OCT09-T95,Highest temperature in Austin,KAUS,2026-10-09,greater,95.0,,The Weather Company,https://weather.com/kalshi,0.01,0.02,0.98,0.99,132.0,578.04,330.96,,2026-10-10T06:00:00Z,active,2026-10-08T22:03:48.610664+00:00
KXHIGHAUS,KXHIGHAUS-26OCT09-T88,Highest temperature in Austin,KAUS,2026-10-09,less,,88.0,The Weather Company,https://weather.com/kalshi,0.0,0.01,0.99,1.0,368.11,0.0,427.0,,2026-10-10T06:00:00Z,active,2026-10-08T22:03:48.610664+00:00
KXHIGHAUS,KXHIGHAUS-26OCT09-B94.5,Highest temperature in Austin,KAUS,2026-10-09,between,94.0,95.0,The Weather Company,https://weather.com/kalshi,0.21,0.23,0.77,0.79,36.18,52.25,299.87,,2026-10-10T06:00:00Z,active,2026-10-08T22:03:48.610664+00:00
KXHIGHAUS,KXHIGHAUS-26OCT09-B92.5,Highest temperature in Austin,KAUS,2026-10-09,between,92.0,93.0,The Weather Company,https://weather.com/kalshi,0.66,0.68,0.32,0.34,64.63,9.54,733.72,,2026-10-10T06:00:00Z,active,2026-10-08T22:03:48.610664+00:00
KXHIGHAUS,KXHIGHAUS-26OCT09-B90.5,Highest temperature in Austin,KAUS,2026-10-09,between,90.0,91.0,The Weather Company,https://weather.com/kalshi,0.1,0.11,0.89,0.9,26.06,59.0,529.0,,2026-10-10T06:00:00Z,active,2026-10-08T22:03:48.610664+00:00
KXHIGHAUS,KXHIGHAUS-26OCT09-B88.5,Highest temperature in Austin,KAUS,2026-10-09,between,88.0,89.0,The Weather Company,https://weather.com/kalshi,0.01,0.02,0.98,0.99,101.0,1054.0,345.93,,2026-10-10T06:00:00Z,active,2026-10-08T22:03:48.610664+00:00
KXHIGHAUS,KXHIGHAUS-26OCT08-T93,Highest temperature in Austin,KAUS,2026-10-08,greater,93.0,,The Weather Company,https://weather.com/kalshi,0.0,0.01,0.99,1.0,5000.0,0.0,8319.53,,2026-10-09T06:00:00Z,active,2026-10-08T22:03:48.610664+00:00
KXHIGHAUS,KXHIGHAUS-26OCT08-T86,Highest temperature in Austin,KAUS,2026-10-08,less,,86.0,The Weather Company,https://weather.com/kalshi,0.0,0.01,0.99,1.0,123588.85,0.0,1173.55,,2026-10-09T06:00:00Z,active,2026-10-08T22:03:48.610664+00:00
KXHIGHAUS,KXHIGHAUS-26OCT08-B92.5,Highest temperature in Austin,KAUS,2026-10-08,between,92.0,93.0,The Weather Company,https://weather.com/kalshi,0.99,1.0,0.0,0.01,0.0,5421.18,14112.55,,2026-10-09T06:00:00Z,active,2026-10-08T22:03:48.610664+00:00
KXHIGHAUS,KXHIGHAUS-26OCT08-B90.5,Highest temperature in Austin,KAUS,2026-10-08,between,90.0,91.0,The Weather Company,https://weather.com/kalshi,0.0,0.01,0.99,1.0,43045.72,0.0,11900.38,,2026-10-09T06:00:00Z,active,2026-10-08T22:03:48.610664+00:00
KXHIGHAUS,KXHIGHAUS-26OCT08-B88.5,Highest temperature in Austin,KAUS,2026-10-08,between,88.0,89.0,The Weather Company,https://weather.com/kalshi,0.0,0.01,0.99,1.0,125328.61,0.0,5871.25,,2026-10-09T06:00:00Z,active,2026-10-08T22:03:48.610664+00:00
KXHIGHAUS,KXHIGHAUS-26OCT08-B86.5,Highest temperature in Austin,KAUS,2026-10-08,between,86.0,87.0,The Weather Company,https://weather.com/kalshi,0.0,0.01,0.99,1.0,145421.34,0.0,1227.11,,2026-10-09T06:00:00Z,active,2026-10-08T22:03:48.610664+00:00
KXHIGHLAX,KXHIGHLAX-26OCT09-T86,Highest temperature in Los Angeles,KLAX,2026-10-09,greater,86.0,,The Weather Company,https://weather.com/kalshi,0.01,0.02,0.98,0.99,951.78,1223.6,3113.71,,2026-10-10T08:00:00Z,active,2026-10-08T22:03:48.610664+00:00
KXHIGHLAX,KXHIGHLAX-26OCT09-T79,Highest temperature in Los Angeles,KLAX,2026-10-09,less,,79.0,The Weather Company,https://weather.com/kalshi,0.74,0.75,0.25,0.26,93.9,14.0,3632.96,,2026-10-10T08:00:00Z,active,2026-10-08T22:03:48.610664+00:00
KXHIGHLAX,KXHIGHLAX-26OCT09-B85.5,Highest temperature in Los Angeles,KLAX,2026-10-09,between,85.0,86.0,The Weather Company,https://weather.com/kalshi,0.01,0.02,0.98,0.99,318.98,1404.67,1298.19,,2026-10-10T08:00:00Z,active,2026-10-08T22:03:48.610664+00:00
KXHIGHLAX,KXHIGHLAX-26OCT09-B83.5,Highest temperature in Los Angeles,KLAX,2026-10-09,between,83.0,84.0,The Weather Company,https://weather.com/kalshi,0.01,0.02,0.98,0.99,4.0,1752.56,717.19,,2026-10-10T08:00:00Z,active,2026-10-08T22:03:48.610664+00:00
KXHIGHLAX,KXHIGHLAX-26OCT09-B81.5,Highest temperature in Los Angeles,KLAX,2026-10-09,between,81.0,82.0,The Weather Company,https://weather.com/kalshi,0.06,0.07,0.93,0.94,106.88,18.52,1556.94,,2026-10-10T08:00:00Z,active,2026-10-08T22:03:48.610664+00:00
KXHIGHLAX,KXHIGHLAX-26OCT09-B79.5,Highest temperature in Los Angeles,KLAX,2026-10-09,between,79.0,80.0,The Weather Company,https://weather.com/kalshi,0.19,0.2,0.8,0.81,56.01,204.5,1567.89,,2026-10-10T08:00:00Z,active,2026-10-08T22:03:48.610664+00:00
KXHIGHLAX,KXHIGHLAX-26OCT08-T90,Highest temperature in Los Angeles,KLAX,2026-10-08,greater,90.0,,The Weather Company,https://weather.com/kalshi,0.0,0.01,0.99,1.0,308799.85,0.0,229287.35,,2026-10-09T08:00:00Z,active,2026-10-08T22:03:48.610664+00:00
KXHIGHLAX,KXHIGHLAX-26OCT08-T83,Highest temperature in Los Angeles,KLAX,2026-10-08,less,,83.0,The Weather Company,https://weather.com/kalshi,0.99,1.0,0.0,0.01,0.0,98666.39,78618.33,,2026-10-09T08:00:00Z,active,2026-10-08T22:03:48.610664+00:00
KXHIGHLAX,KXHIGHLAX-26OCT08-B89.5,Highest temperature in Los Angeles,KLAX,2026-10-08,between,89.0,90.0,The Weather Company,https://weather.com/kalshi,0.0,0.01,0.99,1.0,233081.12,0.0,95782.44,,2026-10-09T08:00:00Z,active,2026-10-08T22:03:48.610664+00:00
KXHIGHLAX,KXHIGHLAX-26OCT08-B87.5,Highest temperature in Los Angeles,KLAX,2026-10-08,between,87.0,88.0,The Weather Company,https://weather.com/kalshi,0.0,0.01,0.99,1.0,128606.91,0.0,43266.06,,2026-10-09T08:00:00Z,active,2026-10-08T22:03:48.610664+00:00
KXHIGHLAX,KXHIGHLAX-26OCT08-B85.5,Highest temperature in Los Angeles,KLAX,2026-10-08,between,85.0,86.0,The Weather Company,https://weather.com/kalshi,0.0,0.01,0.99,1.0,42216.35,0.0,55084.79,,2026-10-09T08:00:00Z,active,2026-10-08T22:03:48.610664+00:00
KXHIGHLAX,KXHIGHLAX-26OCT08-B83.5,Highest temperature in Los Angeles,KLAX,2026-10-08,between,83.0,84.0,The Weather Company,https://weather.com/kalshi,0.0,0.01,0.99,1.0,97216.85,0.0,81449.08,,2026-10-09T08:00:00Z,active,2026-10-08T22:03:48.610664+00:00
KXLOWTSEA,KXLOWTSEA-26OCT09-T53,Low Temperature Seattle,KSEA,2026-10-09,greater,53.0,,The Weather Company,https://weather.com/kalshi,0.0,0.06,0.94,1.0,25.0,0.0,124.0,,2026-10-10T08:00:00Z,active,2026-10-08T22:03:48.610664+00:00
KXLOWTSEA,KXLOWTSEA-26OCT09-T46,Low Temperature Seattle,KSEA,2026-10-09,less,,46.0,The Weather Company,https://weather.com/kalshi,0.0,0.01,0.99,1.0,18.0,0.0,0.0,,2026-10-10T08:00:00Z,active,2026-10-08T22:03:48.610664+00:00
KXLOWTSEA,KXLOWTSEA-26OCT09-B52.5,Low Temperature Seattle,KSEA,2026-10-09,between,52.0,53.0,The Weather Company,https://weather.com/kalshi,0.1,0.12,0.88,0.9,3.0,19.0,41.0,,2026-10-10T08:00:00Z,active,2026-10-08T22:03:48.610664+00:00
KXLOWTSEA,KXLOWTSEA-26OCT09-B50.5,Low Temperature Seattle,KSEA,2026-10-09,between,50.0,51.0,The Weather Company,https://weather.com/kalshi,0.46,0.58,0.42,0.54,8.0,10.0,7.0,,2026-10-10T08:00:00Z,active,2026-10-08T22:03:48.610664+00:00
KXLOWTSEA,KXLOWTSEA-26OCT09-B48.5,Low Temperature Seattle,KSEA,2026-10-09,between,48.0,49.0,The Weather Company,https://weather.com/kalshi,0.31,0.35,0.65,0.69,10.0,9.0,39.0,,2026-10-10T08:00:00Z,active,2026-10-08T22:03:48.610664+00:00
KXLOWTSEA,KXLOWTSEA-26OCT09-B46.5,Low Temperature Seattle,KSEA,2026-10-09,between,46.0,47.0,The Weather Company,https://weather.com/kalshi,0.01,0.07,0.93,0.99,10.0,29.0,70.0,,2026-10-10T08:00:00Z,active,2026-10-08T22:03:48.610664+00:00
KXLOWTSEA,KXLOWTSEA-26OCT08-T52,Low Temperature Seattle,KSEA,2026-10-08,greater,52.0,,The Weather Company,https://weather.com/kalshi,0.0,0.01,0.99,1.0,26786.52,0.0,92.63,,2026-10-09T08:00:00Z,active,2026-10-08T22:03:48.610664+00:00
KXLOWTSEA,KXLOWTSEA-26OCT08-T45,Low Temperature Seattle,KSEA,2026-10-08,less,,45.0,The Weather Company,https://weather.com/kalshi,0.0,0.01,0.99,1.0,514.0,0.0,5.0,,2026-10-09T08:00:00Z,active,2026-10-08T22:03:48.610664+00:00
KXLOWTSEA,KXLOWTSEA-26OCT08-B51.5,Low Temperature Seattle,KSEA,2026-10-08,between,51.0,52.0,The Weather Company,https://weather.com/kalshi,0.97,0.98,0.02,0.03,29.0,111.79,971.42,,2026-10-09T08:00:00Z,active,2026-10-08T22:03:48.610664+00:00
KXLOWTSEA,KXLOWTSEA-26OCT08-B49.5,Low Temperature Seattle,KSEA,2026-10-08,between,49.0,50.0,The Weather Company,https://weather.com/kalshi,0.0,0.02,0.98,1.0,31.0,0.0,330.88,,2026-10-09T08:00:00Z,active,2026-10-08T22:03:48.610664+00:00
KXLOWTSEA,KXLOWTSEA-26OCT08-B47.5,Low Temperature Seattle,KSEA,2026-10-08,between,47.0,48.0,The Weather Company,https://weather.com/kalshi,0.0,0.02,0.98,1.0,43.0,0.0,246.0,,2026-10-09T08:00:00Z,active,2026-10-08T22:03:48.610664+00:00
KXLOWTSEA,KXLOWTSEA-26OCT08-B45.5,Low Temperature Seattle,KSEA,2026-10-08,between,45.0,46.0,The Weather Company,https://weather.com/kalshi,0.0,0.01,0.99,1.0,21.0,0.0,180.38,,2026-10-09T08:00:00Z,active,2026-10-08T22:03:48.610664+00:00
KXHIGHTSFO,KXHIGHTSFO-26OCT09-T77,San Francisco High Temperature Daily,KSFO,2026-10-09,greater,77.0,,The Weather Company,https://weather.com/kalshi,0.01,0.02,0.98,0.99,283.0,139.88,222.12,,2026-10-10T08:00:00Z,active,2026-10-08T22:03:48.610664+00:00
KXHIGHTSFO,KXHIGHTSFO-26OCT09-T70,San Francisco High Temperature Daily,KSFO,2026-10-09,less,,70.0,The Weather Company,https://weather.com/kalshi,0.76,0.77,0.23,0.24,75.54,4.0,612.96,,2026-10-10T08:00:00Z,active,2026-10-08T22:03:48.610664+00:00
KXHIGHTSFO,KXHIGHTSFO-26OCT09-B76.5,San Francisco High Temperature Daily,KSFO,2026-10-09,between,76.0,77.0,The Weather Company,https://weather.com/kalshi,0.02,0.03,0.97,0.98,1.0,96.87,64.13,,2026-10-10T08:00:00Z,active,2026-10-08T22:03:48.610664+00:00
KXHIGHTSFO,KXHIGHTSFO-26OCT09-B74.5,San Francisco High Temperature Daily,KSFO,2026-10-09,between,74.0,75.0,The Weather Company,https://weather.com/kalshi,0.03,0.04,0.96,0.97,20.0,36.86,52.14,,2026-10-10T08:00:00Z,active,2026-10-08T22:03:48.610664+00:00
KXHIGHTSFO,KXHIGHTSFO-26OCT09-B72.5,San Francisco High Temperature Daily,KSFO,2026-10-09,between,72.0,73.0,The Weather Company,https://weather.com/kalshi,0.05,0.07,0.93,0.95,10.0,69.95,87.09,,2026-10-10T08:00:00Z,active,2026-10-08T22:03:48.610664+00:00
KXHIGHTSFO,KXHIGHTSFO-26OCT09-B70.5,San Francisco High Temperature Daily,KSFO,2026-10-09,between,70.0,71.0,The Weather Company,https://weather.com/kalshi,0.12,0.13,0.87,0.88,94.7,203.6,137.82,,2026-10-10T08:00:00Z,active,2026-10-08T22:03:48.610664+00:00
KXHIGHTSFO,KXHIGHTSFO-26OCT08-T84,San Francisco High Temperature Daily,KSFO,2026-10-08,greater,84.0,,The Weather Company,https://weather.com/kalshi,0.0,0.01,0.99,1.0,9695.33,0.0,429.81,,2026-10-09T08:00:00Z,active,2026-10-08T22:03:48.610664+00:00
KXHIGHTSFO,KXHIGHTSFO-26OCT08-T77,San Francisco High Temperature Daily,KSFO,2026-10-08,less,,77.0,The Weather Company,https://weather.com/kalshi,0.97,0.99,0.01,0.03,551.17,22.0,10617.98,,2026-10-09T08:00:00Z,active,2026-10-08T22:03:48.610664+00:00
KXHIGHTSFO,KXHIGHTSFO-26OCT08-B83.5,San Francisco High Temperature Daily,KSFO,2026-10-08,between,83.0,84.0,The Weather Company,https://weather.com/kalshi,0.0,0.01,0.99,1.0,8534.84,0.0,612.27,,2026-10-09T08:00:00Z,active,2026-10-08T22:03:48.610664+00:00
KXHIGHTSFO,KXHIGHTSFO-26OCT08-B81.5,San Francisco High Temperature Daily,KSFO,2026-10-08,between,81.0,82.0,The Weather Company,https://weather.com/kalshi,0.0,0.01,0.99,1.0,9631.49,0.0,2253.29,,2026-10-09T08:00:00Z,active,2026-10-08T22:03:48.610664+00:00
KXHIGHTSFO,KXHIGHTSFO-26OCT08-B79.5,San Francisco High Temperature Daily,KSFO,2026-10-08,between,79.0,80.0,The Weather Company,https://weather.com/kalshi,0.0,0.01,0.99,1.0,425.0,0.0,4132.57,,2026-10-09T08:00:00Z,active,2026-10-08T22:03:48.610664+00:00
KXHIGHTSFO,KXHIGHTSFO-26OCT08-B77.5,San Francisco High Temperature Daily,KSFO,2026-10-08,between,77.0,78.0,The Weather Company,https://weather.com/kalshi,0.0,0.01,0.99,1.0,420.0,0.0,7421.16,,2026-10-09T08:00:00Z,active,2026-10-08T22:03:48.610664+00:00
KXLOWTNYC,KXLOWTNYC-26OCT09-T57,Lowest temperature in NYC,KNYC,2026-10-09,greater,57.0,,The Weather Company,https://weather.com/kalshi,0.0,0.02,0.98,1.0,39.09,0.0,398.04,,2026-10-10T05:00:00Z,active,2026-10-08T22:03:48.610664+00:00
KXLOWTNYC,KXLOWTNYC-26OCT09-T50,Lowest temperature in NYC,KNYC,2026-10-09,less,,50.0,The Weather Company,https://weather.com/kalshi,0.01,0.04,0.96,0.99,33.0,225.0,249.76,,2026-10-10T05:00:00Z,active,2026-10-08T22:03:48.610664+00:00
KXLOWTNYC,KXLOWTNYC-26OCT09-B56.5,Lowest temperature in NYC,KNYC,2026-10-09,between,56.0,57.0,The Weather Company,https://weather.com/kalshi,0.09,0.1,0.9,0.91,1.5,96.26,176.01,,2026-10-10T05:00:00Z,active,2026-10-08T22:03:48.610664+00:00
KXLOWTNYC,KXLOWTNYC-26OCT09-B54.5,Lowest temperature in NYC,KNYC,2026-10-09,between,54.0,55.0,The Weather Company,https://weather.com/kalshi,0.39,0.42,0.58,0.61,11.0,10.0,112.97,,2026-10-10T05:00:00Z,active,2026-10-08T22:03:48.610664+00:00
KXLOWTNYC,KXLOWTNYC-26OCT09-B52.5,Lowest temperature in NYC,KNYC,2026-10-09,between,52.0,53.0,The Weather Company,https://weather.com/kalshi,0.36,0.37,0.63,0.64,54.0,1.0,174.0,,2026-10-10T05:00:00Z,active,2026-10-08T22:03:48.610664+00:00
KXLOWTNYC,KXLOWTNYC-26OCT09-B50.5,Lowest temperature in NYC,KNYC,2026-10-09,between,50.0,51.0,The Weather Company,https://weather.com/kalshi,0.07,0.12,0.88,0.93,6.0,25.0,58.28,,2026-10-10T05:00:00Z,active,2026-10-08T22:03:48.610664+00:00
KXLOWTNYC,KXLOWTNYC-26OCT08-T58,Lowest temperature in NYC,KNYC,2026-10-08,greater,58.0,,The Weather Company,https://weather.com/kalshi,0.0,0.01,0.99,1.0,21904.49,0.0,561.75,,2026-10-09T05:00:00Z,active,2026-10-08T22:03:48.610664+00:00
KXLOWTNYC,KXLOWTNYC-26OCT08-T51,Lowest temperature in NYC,KNYC,2026-10-08,less,,51.0,The Weather Company,https://weather.com/kalshi,0.0,0.01,0.99,1.0,961.49,0.0,357.1,,2026-10-09T05:00:00Z,active,2026-10-08T22:03:48.610664+00:00
KXLOWTNYC,KXLOWTNYC-26OCT08-B57.5,Lowest temperature in NYC,KNYC,2026-10-08,between,57.0,58.0,The Weather Company,https://weather.com/kalshi,0.7,0.74,0.26,0.3,9.0,3.0,1043.53,,2026-10-09T05:00:00Z,active,2026-10-08T22:03:48.610664+00:00
KXLOWTNYC,KXLOWTNYC-26OCT08-B55.5,Lowest temperature in NYC,KNYC,2026-10-08,between,55.0,56.0,The Weather Company,https://weather.com/kalshi,0.21,0.31,0.69,0.79,16.0,1.0,963.72,,2026-10-09T05:00:00Z,active,2026-10-08T22:03:48.610664+00:00
KXLOWTNYC,KXLOWTNYC-26OCT08-B53.5,Lowest temperature in NYC,KNYC,2026-10-08,between,53.0,54.0,The Weather Company,https://weather.com/kalshi,0.0,0.02,0.98,1.0,86.63,0.0,826.26,,2026-10-09T05:00:00Z,active,2026-10-08T22:03:48.610664+00:00
KXLOWTNYC,KXLOWTNYC-26OCT08-B51.5,Lowest temperature in NYC,KNYC,2026-10-08,between,51.0,52.0,The Weather Company,https://weather.com/kalshi,0.0,0.01,0.99,1.0,662.49,0.0,1080.3,,2026-10-09T05:00:00Z,active,2026-10-08T22:03:48.610664+00:00
KXLOWTOKC,KXLOWTOKC-26OCT09-T65,Low Temperature Oklahoma City,KOKC,2026-10-09,greater,65.0,,The Weather Company,https://weather.com/kalshi,0.03,0.11,0.89,0.97,9.0,13.57,21.43,,2026-10-10T06:00:00Z,active,2026-10-08T22:03:48.610664+00:00
KXLOWTOKC,KXLOWTOKC-26OCT09-T58,Low Temperature Oklahoma City,KOKC,2026-10-09,less,,58.0,The Weather Company,https://weather.com/kalshi,0.06,0.16,0.84,0.94,3.0,29.0,379.0,,2026-10-10T06:00:00Z,active,2026-10-08T22:03:48.610664+00:00
KXLOWTOKC,KXLOWTOKC-26OCT09-B64.5,Low Temperature Oklahoma City,KOKC,2026-10-09,between,64.0,65.0,The Weather Company,https://weather.com/kalshi,0.06,0.24,0.76,0.94,10.0,25.0,5.14,,2026-10-10T06:00:00Z,active,2026-10-08T22:03:48.610664+00:00
KXLOWTOKC,KXLOWTOKC-26OCT09-B62.5,Low Temperature Oklahoma City,KOKC,2026-10-09,between,62.0,63.0,The Weather Company,https://weather.com/kalshi,0.23,0.41,0.59,0.77,25.0,7.0,0.0,,2026-10-10T06:00:00Z,active,2026-10-08T22:03:48.610664+00:00
KXLOWTOKC,KXLOWTOKC-26OCT09-B60.5,Low Temperature Oklahoma City,KOKC,2026-10-09,between,60.0,61.0,The Weather Company,https://weather.com/kalshi,0.17,0.37,0.63,0.83,10.0,3.0,99.0,,2026-10-10T06:00:00Z,active,2026-10-08T22:03:48.610664+00:00
KXLOWTOKC,KXLOWTOKC-26OCT09-B58.5,Low Temperature Oklahoma City,KOKC,2026-10-09,between,58.0,59.0,The Weather Company,https://weather.com/kalshi,0.14,0.24,0.76,0.86,29.0,25.0,97.0,,2026-10-10T06:00:00Z,active,2026-10-08T22:03:48.610664+00:00
KXLOWTOKC,KXLOWTOKC-26OCT08-T67,Low Temperature Oklahoma City,KOKC,2026-10-08,greater,67.0,,The Weather Company,https://weather.com/kalshi,0.0,0.01,0.99,1.0,20561.15,0.0,408.14,,2026-10-09T06:00:00Z,active,2026-10-08T22:03:48.610664+00:00
KXLOWTOKC,KXLOWTOKC-26OCT08-T60,Low Temperature Oklahoma City,KOKC,2026-10-08,less,,60.0,The Weather Company,https://weather.com/kalshi,0.0,0.01,0.99,1.0,10.0,0.0,1753.38,,2026-10-09T06:00:00Z,active,2026-10-08T22:03:48.610664+00:00
KXLOWTOKC,KXLOWTOKC-26OCT08-B66.5,Low Temperature Oklahoma City,KOKC,2026-10-08,between,66.0,67.0,The Weather Company,https://weather.com/kalshi,0.0,0.01,0.99,1.0,19580.15,0.0,178.0,,2026-10-09T06:00:00Z,active,2026-10-08T22:03:48.610664+00:00
KXLOWTOKC,KXLOWTOKC-26OCT08-B64.5,Low Temperature Oklahoma City,KOKC,2026-10-08,between,64.0,65.0,The Weather Company,https://weather.com/kalshi,0.0,0.01,0.99,1.0,19159.15,0.0,356.03,,2026-10-09T06:00:00Z,active,2026-10-08T22:03:48.610664+00:00
KXLOWTOKC,KXLOWTOKC-26OCT08-B62.5,Low Temperature Oklahoma City,KOKC,2026-10-08,between,62.0,63.0,The Weather Company,https://weather.com/kalshi,0.99,1.0,0.0,0.01,0.0,315.0,1444.62,,2026-10-09T06:00:00Z,active,2026-10-08T22:03:48.610664+00:00
KXLOWTOKC,KXLOWTOKC-26OCT08-B60.5,Low Temperature Oklahoma City,KOKC,2026-10-08,between,60.0,61.0,The Weather Company,https://weather.com/kalshi,0.01,0.03,0.97,0.99,10.0,10.0,840.71,,2026-10-09T06:00:00Z,active,2026-10-08T22:03:48.610664+00:00
KXHIGHTDAL,KXHIGHTDAL-26OCT09-T93,Dallas Maximum Temperature,KDFW,2026-10-09,greater,93.0,,The Weather Company,https://weather.com/kalshi,0.01,0.02,0.98,0.99,107.0,639.47,267.53,,2026-10-10T06:00:00Z,active,2026-10-08T22:03:48.610664+00:00
KXHIGHTDAL,KXHIGHTDAL-26OCT09-T86,Dallas Maximum Temperature,KDFW,2026-10-09,less,,86.0,The Weather Company,https://weather.com/kalshi,0.0,0.01,0.99,1.0,57.0,0.0,480.05,,2026-10-10T06:00:00Z,active,2026-10-08T22:03:48.610664+00:00
KXHIGHTDAL,KXHIGHTDAL-26OCT09-B92.5,Dallas Maximum Temperature,KDFW,2026-10-09,between,92.0,93.0,The Weather Company,https://weather.com/kalshi,0.08,0.09,0.91,0.92,65.01,362.24,381.5,,2026-10-10T06:00:00Z,active,2026-10-08T22:03:48.610664+00:00
KXHIGHTDAL,KXHIGHTDAL-26OCT09-B90.5,Dallas Maximum Temperature,KDFW,2026-10-09,between,90.0,91.0,The Weather Company,https://weather.com/kalshi,0.66,0.67,0.33,0.34,19.0,4.0,593.45,,2026-10-10T06:00:00Z,active,2026-10-08T22:03:48.610664+00:00
KXHIGHTDAL,KXHIGHTDAL-26OCT09-B88.5,Dallas Maximum Temperature,KDFW,2026-10-09,between,88.0,89.0,The Weather Company,https://weather.com/kalshi,0.25,0.26,0.74,0.75,33.0,12.5,553.5,,2026-10-10T06:00:00Z,active,2026-10-08T22:03:48.610664+00:00
KXHIGHTDAL,KXHIGHTDAL-26OCT09-B86.5,Dallas Maximum Temperature,KDFW,2026-10-09,between,86.0,87.0,The Weather Company,https://weather.com/kalshi,0.01,0.02,0.98,0.99,26.01,786.38,368.62,,2026-10-10T06:00:00Z,active,2026-10-08T22:03:48.610664+00:00
KXHIGHTDAL,KXHIGHTDAL-26OCT08-T90,Dallas Maximum Temperature,KDFW,2026-10-08,greater,90.0,,The Weather Company,https://weather.com/kalshi,0.05,0.16,0.84,0.95,10.0,24.0,9273.97,,2026-10-09T06:00:00Z,active,2026-10-08T22:03:48.610664+00:00
KXHIGHTDAL,KXHIGHTDAL-26OCT08-T83,Dallas Maximum Temperature,KDFW,2026-10-08,less,,83.0,The Weather Company,https://weather.com/kalshi,0.0,0.01,0.99,1.0,101686.88,0.0,819.08,,2026-10-09T06:00:00Z,active,2026-10-08T22:03:48.610664+00:00
KXHIGHTDAL,KXHIGHTDAL-26OCT08-B89.5,Dallas Maximum Temperature,KDFW,2026-10-08,between,89.0,90.0,The Weather Company,https://weather.com/kalshi,0.83,0.97,0.03,0.17,98.0,15.0,7174.62,,2026-10-09T06:00:00Z,active,2026-10-08T22:03:48.610664+00:00
KXHIGHTDAL,KXHIGHTDAL-26OCT08-B87.5,Dallas Maximum Temperature,KDFW,2026-10-08,between,87.0,88.0,The Weather Company,https://weather.com/kalshi,0.0,0.01,0.99,1.0,98896.53,0.0,6218.61,,2026-10-09T06:00:00Z,active,2026-10-08T22:03:48.610664+00:00
KXHIGHTDAL,KXHIGHTDAL-26OCT08-B85.5,Dallas Maximum Temperature,KDFW,2026-10-08,between,85.0,86.0,The Weather Company,https://weather.com/kalshi,0.0,0.01,0.99,1.0,99784.73,0.0,1201.95,,2026-10-09T06:00:00Z,active,2026-10-08T22:03:48.610664+00:00
KXHIGHTDAL,KXHIGHTDAL-26OCT08-B83.5,Dallas Maximum Temperature,KDFW,2026-10-08,between,83.0,84.0,The Weather Company,https://weather.com/kalshi,0.0,0.01,0.99,1.0,99625.88,0.0,626.58,,2026-10-09T06:00:00Z,active,2026-10-08T22:03:48.610664+00:00
KXHIGHTDC,KXHIGHTDC-26OCT09-T79,Washington DC Daily Max Temp,KDCA,2026-10-09,greater,79.0,,The Weather Company,https://weather.com/kalshi,0.01,0.02,0.98,0.99,92.0,551.18,267.82,,2026-10-10T05:00:00Z,active,2026-10-08T22:03:48.610664+00:00
KXHIGHTDC,KXHIGHTDC-26OCT09-T72,Washington DC Daily Max Temp,KDCA,2026-10-09,less,,72.0,The Weather Company,https://weather.com/kalshi,0.01,0.02,0.98,0.99,68.0,99.78,204.22,,2026-10-10T05:00:00Z,active,2026-10-08T22:03:48.610664+00:00
KXHIGHTDC,KXHIGHTDC-26OCT09-B78.5,Washington DC Daily Max Temp,KDCA,2026-10-09,between,78.0,79.0,The Weather Company,https://weather.com/kalshi,0.07,0.08,0.92,0.93,103.0,131.0,116.0,,2026-10-10T05:00:00Z,active,2026-10-08T22:03:48.610664+00:00
KXHIGHTDC,KXHIGHTDC-26OCT09-B76.5,Washington DC Daily Max Temp,KDCA,2026-10-09,between,76.0,77.0,The Weather Company,https://weather.com/kalshi,0.56,0.63,0.37,0.44,4.56,59.82,304.12,,2026-10-10T05:00:00Z,active,2026-10-08T22:03:48.610664+00:00
KXHIGHTDC,KXHIGHTDC-26OCT09-B74.5,Washington DC Daily Max Temp,KDCA,2026-10-09,between,74.0,75.0,The Weather Company,https://weather.com/kalshi,0.22,0.24,0.76,0.78,5.0,1.0,259.0,,2026-10-10T05:00:00Z,active,2026-10-08T22:03:48.610664+00:00
KXHIGHTDC,KXHIGHTDC-26OCT09-B72.5,Washington DC Daily Max Temp,KDCA,2026-10-09,between,72.0,73.0,The Weather Company,https://weather.com/kalshi,0.02,0.05,0.95,0.98,9.0,236.91,58.09,,2026-10-10T05:00:00Z,active,2026-10-08T22:03:48.610664+00:00
KXHIGHTDC,KXHIGHTDC-26OCT08-T83,Washington DC Daily Max Temp,KDCA,2026-10-08,greater,83.0,,The Weather Company,https://weather.com/kalshi,0.0,0.01,0.99,1.0,10500.16,0.0,1919.44,,2026-10-09T05:00:00Z,active,2026-10-08T22:03:48.610664+00:00
KXHIGHTDC,KXHIGHTDC-26OCT08-T76,Washington DC Daily Max Temp,KDCA,2026-10-08,less,,76.0,The Weather Company,https://weather.com/kalshi,0.0,0.01,0.99,1.0,169924.1,0.0,846.63,,2026-10-09T05:00:00Z,active,2026-10-08T22:03:48.610664+00:00
KXHIGHTDC,KXHIGHTDC-26OCT08-B82.5,Washington DC Daily Max Temp,KDCA,2026-10-08,between,82.0,83.0,The Weather Company,https://weather.com/kalshi,0.0,0.01,0.99,1.0,2746.0,0.0,7449.25,,2026-10-09T05:00:00Z,active,2026-10-08T22:03:48.610664+00:00
KXHIGHTDC,KXHIGHTDC-26OCT08-B80.5,Washington DC Daily Max Temp,KDCA,2026-10-08,between,80.0,81.0,The Weather Company,https://weather.com/kalshi,0.99,1.0,0.0,0.01,0.0,4675.43,7029.97,,2026-10-09T05:00:00Z,active,2026-10-08T22:03:48.610664+00:00
KXHIGHTDC,KXHIGHTDC-26OCT08-B78.5,Washington DC Daily Max Temp,KDCA,2026-10-08,between,78.0,79.0,The Weather Company,https://weather.com/kalshi,0.0,0.01,0.99,1.0,46598.15,0.0,41733.81,,2026-10-09T05:00:00Z,active,2026-10-08T22:03:48.610664+00:00
KXHIGHTDC,KXHIGHTDC-26OCT08-B76.5,Washington DC Daily Max Temp,KDCA,2026-10-08,between,76.0,77.0,The Weather Company,https://weather.com/kalshi,0.0,0.01,0.99,1.0,168089.36,0.0,2080.87,,2026-10-09T05:00:00Z,active,2026-10-08T22:03:48.610664+00:00
KXHIGHTOKC,KXHIGHTOKC-26OCT09-T94,Oklahoma City Maximum High Temperature,KOKC,2026-10-09,greater,94.0,,The Weather Company,https://weather.com/kalshi,0.0,0.02,0.98,1.0,149.0,0.0,269.66,,2026-10-10T06:00:00Z,active,2026-10-08T22:03:48.610664+00:00
KXHIGHTOKC,KXHIGHTOKC-26OCT09-T87,Oklahoma City Maximum High Temperature,KOKC,2026-10-09,less,,87.0,The Weather Company,https://weather.com/kalshi,0.01,0.02,0.98,0.99,16.24,459.07,285.93,,2026-10-10T06:00:00Z,active,2026-10-08T22:03:48.610664+00:00
KXHIGHTOKC,KXHIGHTOKC-26OCT09-B93.5,Oklahoma City Maximum High Temperature,KOKC,2026-10-09,between,93.0,94.0,The Weather Company,https://weather.com/kalshi,0.01,0.02,0.98,0.99,55.0,601.04,395.42,,2026-10-10T06:00:00Z,active,2026-10-08T22:03:48.610664+00:00
KXHIGHTOKC,KXHIGHTOKC-26OCT09-B91.5,Oklahoma City Maximum High Temperature,KOKC,2026-10-09,between,91.0,92.0,The Weather Company,https://weather.com/kalshi,0.21,0.23,0.77,0.79,25.0,14.0,677.0,,2026-10-10T06:00:00Z,active,2026-10-08T22:03:48.610664+00:00
KXHIGHTOKC,KXHIGHTOKC-26OCT09-B89.5,Oklahoma City Maximum High Temperature,KOKC,2026-10-09,between,89.0,90.0,The Weather Company,https://weather.com/kalshi,0.64,0.67,0.33,0.36,97.94,6.0,635.06,,2026-10-10T06:00:00Z,active,2026-10-08T22:03:48.610664+00:00
KXHIGHTOKC,KXHIGHTOKC-26OCT09-B87.5,Oklahoma City Maximum High Temperature,KOKC,2026-10-09,between,87.0,88.0,The Weather Company,https://weather.com/kalshi,0.11,0.12,0.88,0.89,26.06,75.0,174.89,,2026-10-10T06:00:00Z,active,2026-10-08T22:03:48.610664+00:00
KXHIGHTOKC,KXHIGHTOKC-26OCT08-T93,Oklahoma City Maximum High Temperature,KOKC,2026-10-08,greater,93.0,,The Weather Company,https://weather.com/kalshi,0.0,0.01,0.99,1.0,9401.46,0.0,233.0,,2026-10-09T06:00:00Z,active,2026-10-08T22:03:48.610664+00:00
KXHIGHTOKC,KXHIGHTOKC-26OCT08-T86,Oklahoma City Maximum High Temperature,KOKC,2026-10-08,less,,86.0,The Weather Company,https://weather.com/kalshi,0.0,0.01,0.99,1.0,101427.34,0.0,676.68,,2026-10-09T06:00:00Z,active,2026-10-08T22:03:48.610664+00:00
KXHIGHTOKC,KXHIGHTOKC-26OCT08-B92.5,Oklahoma City Maximum High Temperature,KOKC,2026-10-08,between,92.0,93.0,The Weather Company,https://weather.com/kalshi,0.0,0.01,0.99,1.0,254.19,0.0,841.74,,2026-10-09T06:00:00Z,active,2026-10-08T22:03:48.610664+00:00
KXHIGHTOKC,KXHIGHTOKC-26OCT08-B90.5,Oklahoma City Maximum High Temperature,KOKC,2026-10-08,between,90.0,91.0,The Weather Company,https://weather.com/kalshi,0.0,0.01,0.99,1.0,35.69,0.0,4649.49,,2026-10-09T06:00:00Z,active,2026-10-08T22:03:48.610664+00:00
KXHIGHTOKC,KXHIGHTOKC-26OCT08-B88.5,Oklahoma City Maximum High Temperature,KOKC,2026-10-08,between,88.0,89.0,The Weather Company,https://weather.com/kalshi,0.03,0.04,0.96,0.97,5.0,24.0,7911.92,,2026-10-09T06:00:00Z,active,2026-10-08T22:03:48.610664+00:00
KXHIGHTOKC,KXHIGHTOKC-26OCT08-B86.5,Oklahoma City Maximum High Temperature,KOKC,2026-10-08,between,86.0,87.0,The Weather Company,https://weather.com/kalshi,0.89,0.97,0.03,0.11,44.49,37.0,9363.36,,2026-10-09T06:00:00Z,active,2026-10-08T22:03:48.610664+00:00
KXLOWTAUS,KXLOWTAUS-26OCT09-T66,Lowest temperature in Austin,KAUS,2026-10-09,greater,66.0,,The Weather Company,https://weather.com/kalshi,0.03,0.05,0.95,0.97,33.0,29.0,10.24,,2026-10-10T06:00:00Z,active,2026-10-08T22:03:48.610664+00:00
KXLOWTAUS,KXLOWTAUS-26OCT09-T59,Lowest temperature in Austin,KAUS,2026-10-09,less,,59.0,The Weather Company,https://weather.com/kalshi,0.03,0.04,0.96,0.97,1.0,17.72,56.28,,2026-10-10T06:00:00Z,active,2026-10-08T22:03:48.610664+00:00
KXLOWTAUS,KXLOWTAUS-26OCT09-B65.5,Lowest temperature in Austin,KAUS,2026-10-09,between,65.0,66.0,The Weather Company,https://weather.com/kalshi,0.07,0.11,0.89,0.93,1.0,29.0,61.0,,2026-10-10T06:00:00Z,active,2026-10-08T22:03:48.610664+00:00
KXLOWTAUS,KXLOWTAUS-26OCT09-B63.5,Lowest temperature in Austin,KAUS,2026-10-09,between,63.0,64.0,The Weather Company,https://weather.com/kalshi,0.21,0.22,0.78,0.79,4.0,19.0,56.0,,2026-10-10T06:00:00Z,active,2026-10-08T22:03:48.610664+00:00
KXLOWTAUS,KXLOWTAUS-26OCT09-B61.5,Lowest temperature in Austin,KAUS,2026-10-09,between,61.0,62.0,The Weather Company,https://weather.com/kalshi,0.41,0.43,0.57,0.59,10.0,9.0,176.0,,2026-10-10T06:00:00Z,active,2026-10-08T22:03:48.610664+00:00
KXLOWTAUS,KXLOWTAUS-26OCT09-B59.5,Lowest temperature in Austin,KAUS,2026-10-09,between,59.0,60.0,The Weather Company,https://weather.com/kalshi,0.06,0.19,0.81,0.94,70.0,25.0,209.0,,2026-10-10T06:00:00Z,active,2026-10-08T22:03:48.610664+00:00
KXLOWTAUS,KXLOWTAUS-26OCT08-T68,Lowest temperature in Austin,KAUS,2026-10-08,greater,68.0,,The Weather Company,https://weather.com/kalshi,0.0,0.01,0.99,1.0,17907.01,0.0,387.0,,2026-10-09T06:00:00Z,active,2026-10-08T22:03:48.610664+00:00
KXLOWTAUS,KXLOWTAUS-26OCT08-T61,Lowest temperature in Austin,KAUS,2026-10-08,less,,61.0,The Weather Company,https://weather.com/kalshi,0.99,1.0,0.0,0.01,0.0,1705.4,6282.6,,2026-10-09T06:00:00Z,active,2026-10-08T22:03:48.610664+00:00
KXLOWTAUS,KXLOWTAUS-26OCT08-B67.5,Lowest temperature in Austin,KAUS,2026-10-08,between,67.0,68.0,The Weather Company,https://weather.com/kalshi,0.0,0.01,0.99,1.0,19236.12,0.0,537.03,,2026-10-09T06:00:00Z,active,2026-10-08T22:03:48.610664+00:00
KXLOWTAUS,KXLOWTAUS-26OCT08-B65.5,Lowest temperature in Austin,KAUS,2026-10-08,between,65.0,66.0,The Weather Company,https://weather.com/kalshi,0.0,0.01,0.99,1.0,18244.08,0.0,569.07,,2026-10-09T06:00:00Z,active,2026-10-08T22:03:48.610664+00:00
KXLOWTAUS,KXLOWTAUS-26OCT08-B63.5,Lowest temperature in Austin,KAUS,2026-10-08,between,63.0,64.0,The Weather Company,https://weather.com/kalshi,0.0,0.01,0.99,1.0,22136.9,0.0,1222.1,,2026-10-09T06:00:00Z,active,2026-10-08T22:03:48.610664+00:00
KXLOWTAUS,KXLOWTAUS-26OCT08-B61.5,Lowest temperature in Austin,KAUS,2026-10-08,between,61.0,62.0,The Weather Company,https://weather.com/kalshi,0.0,0.01,0.99,1.0,12980.49,0.0,2916.54,,2026-10-09T06:00:00Z,active,2026-10-08T22:03:48.610664+00:00
KXHIGHTEWR,KXHIGHTEWR-26OCT09-T77,"Newark, NJ (EWR) Daily Max Temp",KEWR,2026-10-09,greater,77.0,,The Weather Company,https://weather.com/kalshi,0.0,0.01,0.99,1.0,0.01,0.0,134.97,,2026-10-10T05:00:00Z,active,2026-10-08T22:03:48.610664+00:00
KXHIGHTEWR,KXHIGHTEWR-26OCT09-T70,"Newark, NJ (EWR) Daily Max Temp",KEWR,2026-10-09,less,,70.0,The Weather Company,https://weather.com/kalshi,0.02,0.07,0.93,0.98,29.0,1.97,846.53,,2026-10-10T05:00:00Z,active,2026-10-08T22:03:48.610664+00:00
KXHIGHTEWR,KXHIGHTEWR-26OCT09-B76.5,"Newark, NJ (EWR) Daily Max Temp",KEWR,2026-10-09,between,76.0,77.0,The Weather Company,https://weather.com/kalshi,0.0,0.02,0.98,1.0,24.0,0.0,496.0,,2026-10-10T05:00:00Z,active,2026-10-08T22:03:48.610664+00:00
KXHIGHTEWR,KXHIGHTEWR-26OCT09-B74.5,"Newark, NJ (EWR) Daily Max Temp",KEWR,2026-10-09,between,74.0,75.0,The Weather Company,https://weather.com/kalshi,0.47,0.63,0.37,0.53,18.0,3.0,292.02,,2026-10-10T05:00:00Z,active,2026-10-08T22:03:48.610664+00:00
KXHIGHTEWR,KXHIGHTEWR-26OCT09-B72.5,"Newark, NJ (EWR) Daily Max Temp",KEWR,2026-10-09,between,72.0,73.0,The Weather Company,https://weather.com/kalshi,0.32,0.41,0.59,0.68,7.44,1.0,7467.68,,2026-10-10T05:00:00Z,active,2026-10-08T22:03:48.610664+00:00
KXHIGHTEWR,KXHIGHTEWR-26OCT09-B70.5,"Newark, NJ (EWR) Daily Max Temp",KEWR,2026-10-09,between,70.0,71.0,The Weather Company,https://weather.com/kalshi,0.0,0.02,0.98,1.0,24.0,0.0,143.09,,2026-10-10T05:00:00Z,active,2026-10-08T22:03:48.610664+00:00
KXHIGHTEWR,KXHIGHTEWR-26OCT08-T80,"Newark, NJ (EWR) Daily Max Temp",KEWR,2026-10-08,greater,80.0,,The Weather Company,https://weather.com/kalshi,0.0,0.01,0.99,1.0,1544.0,0.0,704.54,,2026-10-09T05:00:00Z,active,2026-10-08T22:03:48.610664+00:00
KXHIGHTEWR,KXHIGHTEWR-26OCT08-T73,"Newark, NJ (EWR) Daily Max Temp",KEWR,2026-10-08,less,,73.0,The Weather Company,https://weather.com/kalshi,0.0,0.01,0.99,1.0,9716.0,0.0,438.0,,2026-10-09T05:00:00Z,active,2026-10-08T22:03:48.610664+00:00
KXHIGHTEWR,KXHIGHTEWR-26OCT08-B79.5,"Newark, NJ (EWR) Daily Max Temp",KEWR,2026-10-08,between,79.0,80.0,The Weather Company,https://weather.com/kalshi,0.0,0.01,0.99,1.0,2167.0,0.0,1432.49,,2026-10-09T05:00:00Z,active,2026-10-08T22:03:48.610664+00:00
KXHIGHTEWR,KXHIGHTEWR-26OCT08-B77.5,"Newark, NJ (EWR) Daily Max Temp",KEWR,2026-10-08,between,77.0,78.0,The Weather Company,https://weather.com/kalshi,0.99,1.0,0.0,0.01,0.0,2931.76,950.14,,2026-10-09T05:00:00Z,active,2026-10-08T22:03:48.610664+00:00
KXHIGHTEWR,KXHIGHTEWR-26OCT08-B75.5,"Newark, NJ (EWR) Daily Max Temp",KEWR,2026-10-08,between,75.0,76.0,The Weather Company,https://weather.com/kalshi,0.0,0.01,0.99,1.0,10164.0,0.0,1216.86,,2026-10-09T05:00:00Z,active,2026-10-08T22:03:48.610664+00:00
KXHIGHTEWR,KXHIGHTEWR-26OCT08-B73.5,"Newark, NJ (EWR) Daily Max Temp",KEWR,2026-10-08,between,73.0,74.0,The Weather Company,https://weather.com/kalshi,0.0,0.01,0.99,1.0,9520.0,0.0,283.16,,2026-10-09T05:00:00Z,active,2026-10-08T22:03:48.610664+00:00
KXHIGHTNOLA,KXHIGHTNOLA-26OCT09-T85,New Orleans Max temp Daily,KMSY,2026-10-09,greater,85.0,,The Weather Company,https://weather.com/kalshi,0.01,0.02,0.98,0.99,753.71,439.06,273.87,,2026-10-10T06:00:00Z,active,2026-10-08T22:03:48.610664+00:00
KXHIGHTNOLA,KXHIGHTNOLA-26OCT09-T78,New Orleans Max temp Daily,KMSY,2026-10-09,less,,78.0,The Weather Company,https://weather.com/kalshi,0.01,0.02,0.98,0.99,38.0,668.79,331.21,,2026-10-10T06:00:00Z,active,2026-10-08T22:03:48.610664+00:00
KXHIGHTNOLA,KXHIGHTNOLA-26OCT09-B84.5,New Orleans Max temp Daily,KMSY,2026-10-09,between,84.0,85.0,The Weather Company,https://weather.com/kalshi,0.31,0.32,0.68,0.69,308.54,7.0,141.39,,2026-10-10T06:00:00Z,active,2026-10-08T22:03:48.610664+00:00
KXHIGHTNOLA,KXHIGHTNOLA-26OCT09-B82.5,New Orleans Max temp Daily,KMSY,2026-10-09,between,82.0,83.0,The Weather Company,https://weather.com/kalshi,0.44,0.45,0.55,0.56,1.0,32.0,270.0,,2026-10-10T06:00:00Z,active,2026-10-08T22:03:48.610664+00:00
KXHIGHTNOLA,KXHIGHTNOLA-26OCT09-B80.5,New Orleans Max temp Daily,KMSY,2026-10-09,between,80.0,81.0,The Weather Company,https://weather.com/kalshi,0.14,0.15,0.85,0.86,37.06,363.38,94.0,,2026-10-10T06:00:00Z,active,2026-10-08T22:03:48.610664+00:00
KXHIGHTNOLA,KXHIGHTNOLA-26OCT09-B78.5,New Orleans Max temp Daily,KMSY,2026-10-09,between,78.0,79.0,The Weather Company,https://weather.com/kalshi,0.03,0.04,0.96,0.97,72.66,78.86,268.19,,2026-10-10T06:00:00Z,active,2026-10-08T22:03:48.610664+00:00
KXHIGHTNOLA,KXHIGHTNOLA-26OCT08-T88,New Orleans Max temp Daily,KMSY,2026-10-08,greater,88.0,,The Weather Company,https://weather.com/kalshi,0.0,0.01,0.99,1.0,66.9,0.0,1140.53,,2026-10-09T06:00:00Z,active,2026-10-08T22:03:48.610664+00:00
KXHIGHTNOLA,KXHIGHTNOLA-26OCT08-T81,New Orleans Max temp Daily,KMSY,2026-10-08,less,,81.0,The Weather Company,https://weather.com/kalshi,0.0,0.01,0.99,1.0,96423.67,0.0,196.45,,2026-10-09T06:00:00Z,active,2026-10-08T22:03:48.610664+00:00
KXHIGHTNOLA,KXHIGHTNOLA-26OCT08-B87.5,New Orleans Max temp Daily,KMSY,2026-10-08,between,87.0,88.0,The Weather Company,https://weather.com/kalshi,0.0,0.01,0.99,1.0,2500.0,0.0,4117.55,,2026-10-09T06:00:00Z,active,2026-10-08T22:03:48.610664+00:00
KXHIGHTNOLA,KXHIGHTNOLA-26OCT08-B85.5,New Orleans Max temp Daily,KMSY,2026-10-08,between,85.0,86.0,The Weather Company,https://weather.com/kalshi,0.99,1.0,0.0,0.01,0.0,2300.0,3741.88,,2026-10-09T06:00:00Z,active,2026-10-08T22:03:48.610664+00:00
KXHIGHTNOLA,KXHIGHTNOLA-26OCT08-B83.5,New Orleans Max temp Daily,KMSY,2026-10-08,between,83.0,84.0,The Weather Company,https://weather.com/kalshi,0.0,0.01,0.99,1.0,38780.3,0.0,5623.34,,2026-10-09T06:00:00Z,active,2026-10-08T22:03:48.610664+00:00
KXHIGHTNOLA,KXHIGHTNOLA-26OCT08-B81.5,New Orleans Max temp Daily,KMSY,2026-10-08,between,81.0,82.0,The Weather Company,https://weather.com/kalshi,0.0,0.01,0.99,1.0,96814.05,0.0,760.26,,2026-10-09T06:00:00Z,active,2026-10-08T22:03:48.610664+00:00
KXLOWTSATX,KXLOWTSATX-26OCT09-T70,Lowest Temperature SATX,KSAT,2026-10-09,greater,70.0,,The Weather Company,https://weather.com/kalshi,0.03,0.07,0.93,0.97,26.0,25.0,0.0,,2026-10-10T06:00:00Z,active,2026-10-08T22:03:48.610664+00:00
KXLOWTSATX,KXLOWTSATX-26OCT09-T63,Lowest Temperature SATX,KSAT,2026-10-09,less,,63.0,The Weather Company,https://weather.com/kalshi,0.0,0.01,0.99,1.0,19.0,0.0,0.0,,2026-10-10T06:00:00Z,active,2026-10-08T22:03:48.610664+00:00
KXLOWTSATX,KXLOWTSATX-26OCT09-B69.5,Lowest Temperature SATX,KSAT,2026-10-09,between,69.0,70.0,The Weather Company,https://weather.com/kalshi,0.25,0.39,0.61,0.75,19.0,3.0,72.0,,2026-10-10T06:00:00Z,active,2026-10-08T22:03:48.610664+00:00
KXLOWTSATX,KXLOWTSATX-26OCT09-B67.5,Lowest Temperature SATX,KSAT,2026-10-09,between,67.0,68.0,The Weather Company,https://weather.com/kalshi,0.39,0.52,0.48,0.61,6.0,15.0,63.0,,2026-10-10T06:00:00Z,active,2026-10-08T22:03:48.610664+00:00
KXLOWTSATX,KXLOWTSATX-26OCT09-B65.5,Lowest Temperature SATX,KSAT,2026-10-09,between,65.0,66.0,The Weather Company,https://weather.com/kalshi,0.16,0.23,0.77,0.84,7.0,29.0,70.0,,2026-10-10T06:00:00Z,active,2026-10-08T22:03:48.610664+00:00
KXLOWTSATX,KXLOWTSATX-26OCT09-B63.5,Lowest Temperature SATX,KSAT,2026-10-09,between,63.0,64.0,The Weather Company,https://weather.com/kalshi,0.02,0.05,0.95,0.98,3.0,29.0,15.0,,2026-10-10T06:00:00Z,active,2026-10-08T22:03:48.610664+00:00
KXLOWTSATX,KXLOWTSATX-26OCT08-T70,Lowest Temperature SATX,KSAT,2026-10-08,greater,70.0,,The Weather Company,https://weather.com/kalshi,0.0,0.01,0.99,1.0,12152.15,0.0,255.26,,2026-10-09T06:00:00Z,active,2026-10-08T22:03:48.610664+00:00
KXLOWTSATX,KXLOWTSATX-26OCT08-T63,Lowest Temperature SATX,KSAT,2026-10-08,less,,63.0,The Weather Company,https://weather.com/kalshi,0.0,0.01,0.99,1.0,12.0,0.0,552.72,,2026-10-09T06:00:00Z,active,2026-10-08T22:03:48.610664+00:00
KXLOWTSATX,KXLOWTSATX-26OCT08-B69.5,Lowest Temperature SATX,KSAT,2026-10-08,between,69.0,70.0,The Weather Company,https://weather.com/kalshi,0.0,0.01,0.99,1.0,12113.15,0.0,332.57,,2026-10-09T06:00:00Z,active,2026-10-08T22:03:48.610664+00:00
KXLOWTSATX,KXLOWTSATX-26OCT08-B67.5,Lowest Temperature SATX,KSAT,2026-10-08,between,67.0,68.0,The Weather Company,https://weather.com/kalshi,0.0,0.01,0.99,1.0,11688.0,0.0,291.0,,2026-10-09T06:00:00Z,active,2026-10-08T22:03:48.610664+00:00
KXLOWTSATX,KXLOWTSATX-26OCT08-B65.5,Lowest Temperature SATX,KSAT,2026-10-08,between,65.0,66.0,The Weather Company,https://weather.com/kalshi,0.0,0.01,0.99,1.0,16737.15,0.0,708.87,,2026-10-09T06:00:00Z,active,2026-10-08T22:03:48.610664+00:00
KXLOWTSATX,KXLOWTSATX-26OCT08-B63.5,Lowest Temperature SATX,KSAT,2026-10-08,between,63.0,64.0,The Weather Company,https://weather.com/kalshi,0.98,0.99,0.01,0.02,63.01,528.0,1807.82,,2026-10-09T06:00:00Z,active,2026-10-08T22:03:48.610664+00:00
KXHIGHDEN,KXHIGHDEN-26OCT09-T89,Highest temperature in Denver,KDEN,2026-10-09,greater,89.0,,The Weather Company,https://weather.com/kalshi,0.01,0.02,0.98,0.99,31.24,439.13,349.87,,2026-10-10T07:00:00Z,active,2026-10-08T22:03:48.610664+00:00
KXHIGHDEN,KXHIGHDEN-26OCT09-T82,Highest temperature in Denver,KDEN,2026-10-09,less,,82.0,The Weather Company,https://weather.com/kalshi,0.01,0.02,0.98,0.99,304.0,272.8,283.2,,2026-10-10T07:00:00Z,active,2026-10-08T22:03:48.610664+00:00
KXHIGHDEN,KXHIGHDEN-26OCT09-B88.5,Highest temperature in Denver,KDEN,2026-10-09,between,88.0,89.0,The Weather Company,https://weather.com/kalshi,0.11,0.12,0.88,0.89,31.06,294.87,514.33,,2026-10-10T07:00:00Z,active,2026-10-08T22:03:48.610664+00:00
KXHIGHDEN,KXHIGHDEN-26OCT09-B86.5,Highest temperature in Denver,KDEN,2026-10-09,between,86.0,87.0,The Weather Company,https://weather.com/kalshi,0.43,0.45,0.55,0.57,75.99,41.01,2314.24,,2026-10-10T07:00:00Z,active,2026-10-08T22:03:48.610664+00:00
KXHIGHDEN,KXHIGHDEN-26OCT09-B84.5,Highest temperature in Denver,KDEN,2026-10-09,between,84.0,85.0,The Weather Company,https://weather.com/kalshi,0.4,0.41,0.59,0.6,146.24,83.0,554.76,,2026-10-10T07:00:00Z,active,2026-10-08T22:03:48.610664+00:00
KXHIGHDEN,KXHIGHDEN-26OCT09-B82.5,Highest temperature in Denver,KDEN,2026-10-09,between,82.0,83.0,The Weather Company,https://weather.com/kalshi,0.01,0.02,0.98,0.99,3.63,1265.0,381.02,,2026-10-10T07:00:00Z,active,2026-10-08T22:03:48.610664+00:00
KXHIGHDEN,KXHIGHDEN-26OCT08-T88,Highest temperature in Denver,KDEN,2026-10-08,greater,88.0,,The Weather Company,https://weather.com/kalshi,0.0,0.01,0.99,1.0,12607.75,0.0,827.69,,2026-10-09T07:00:00Z,active,2026-10-08T22:03:48.610664+00:00
KXHIGHDEN,KXHIGHDEN-26OCT08-T81,Highest temperature in Denver,KDEN,2026-10-08,less,,81.0,The Weather Company,https://weather.com/kalshi,0.0,0.01,0.99,1.0,66720.31,0.0,1475.53,,2026-10-09T07:00:00Z,active,2026-10-08T22:03:48.610664+00:00
KXHIGHDEN,KXHIGHDEN-26OCT08-B87.5,Highest temperature in Denver,KDEN,2026-10-08,between,87.0,88.0,The Weather Company,https://weather.com/kalshi,0.0,0.01,0.99,1.0,196.16,0.0,4023.99,,2026-10-09T07:00:00Z,active,2026-10-08T22:03:48.610664+00:00
KXHIGHDEN,KXHIGHDEN-26OCT08-B85.5,Highest temperature in Denver,KDEN,2026-10-08,between,85.0,86.0,The Weather Company,https://weather.com/kalshi,0.35,0.46,0.54,0.65,1.0,35.0,13890.76,,2026-10-09T07:00:00Z,active,2026-10-08T22:03:48.610664+00:00
KXHIGHDEN,KXHIGHDEN-26OCT08-B83.5,Highest temperature in Denver,KDEN,2026-10-08,between,83.0,84.0,The Weather Company,https://weather.com/kalshi,0.49,0.55,0.45,0.51,1.21,2.0,11956.91,,2026-10-09T07:00:00Z,active,2026-10-08T22:03:48.610664+00:00
KXHIGHDEN,KXHIGHDEN-26OCT08-B81.5,Highest temperature in Denver,KDEN,2026-10-08,between,81.0,82.0,The Weather Company,https://weather.com/kalshi,0.0,0.01,0.99,1.0,66614.04,0.0,2945.05,,2026-10-09T07:00:00Z,active,2026-10-08T22:03:48.610664+00:00
KXLOWTMIA,KXLOWTMIA-26OCT09-T80,Lowest temperature in Miami,KMIA,2026-10-09,greater,80.0,,The Weather Company,https://weather.com/kalshi,0.29,0.32,0.68,0.71,12.0,10.0,64.0,,2026-10-10T05:00:00Z,active,2026-10-08T22:03:48.610664+00:00
KXLOWTMIA,KXLOWTMIA-26OCT09-T73,Lowest temperature in Miami,KMIA,2026-10-09,less,,73.0,The Weather Company,https://weather.com/kalshi,0.01,0.02,0.98,0.99,122.0,50.72,331.22,,2026-10-10T05:00:00Z,active,2026-10-08T22:03:48.610664+00:00
KXLOWTMIA,KXLOWTMIA-26OCT09-B79.5,Lowest temperature in Miami,KMIA,2026-10-09,between,79.0,80.0,The Weather Company,https://weather.com/kalshi,0.44,0.5,0.5,0.56,13.0,15.0,26.0,,2026-10-10T05:00:00Z,active,2026-10-08T22:03:48.610664+00:00
KXLOWTMIA,KXLOWTMIA-26OCT09-B77.5,Lowest temperature in Miami,KMIA,2026-10-09,between,77.0,78.0,The Weather Company,https://weather.com/kalshi,0.12,0.17,0.83,0.88,10.0,10.0,38.0,,2026-10-10T05:00:00Z,active,2026-10-08T22:03:48.610664+00:00
KXLOWTMIA,KXLOWTMIA-26OCT09-B75.5,Lowest temperature in Miami,KMIA,2026-10-09,between,75.0,76.0,The Weather Company,https://weather.com/kalshi,0.03,0.06,0.94,0.97,1.0,54.0,13.0,,2026-10-10T05:00:00Z,active,2026-10-08T22:03:48.610664+00:00
KXLOWTMIA,KXLOWTMIA-26OCT09-B73.5,Lowest temperature in Miami,KMIA,2026-10-09,between,73.0,74.0,The Weather Company,https://weather.com/kalshi,0.01,0.02,0.98,0.99,43.0,20.07,211.93,,2026-10-10T05:00:00Z,active,2026-10-08T22:03:48.610664+00:00
KXLOWTMIA,KXLOWTMIA-26OCT08-T78,Lowest temperature in Miami,KMIA,2026-10-08,greater,78.0,,The Weather Company,https://weather.com/kalshi,0.0,0.01,0.99,1.0,18188.0,0.0,621.88,,2026-10-09T05:00:00Z,active,2026-10-08T22:03:48.610664+00:00
KXLOWTMIA,KXLOWTMIA-26OCT08-T71,Lowest temperature in Miami,KMIA,2026-10-08,less,,71.0,The Weather Company,https://weather.com/kalshi,0.0,0.01,0.99,1.0,400.0,0.0,351.0,,2026-10-09T05:00:00Z,active,2026-10-08T22:03:48.610664+00:00
KXLOWTMIA,KXLOWTMIA-26OCT08-B77.5,Lowest temperature in Miami,KMIA,2026-10-08,between,77.0,78.0,The Weather Company,https://weather.com/kalshi,0.97,0.98,0.02,0.03,68.74,28.0,653.45,,2026-10-09T05:00:00Z,active,2026-10-08T22:03:48.610664+00:00
KXLOWTMIA,KXLOWTMIA-26OCT08-B75.5,Lowest temperature in Miami,KMIA,2026-10-08,between,75.0,76.0,The Weather Company,https://weather.com/kalshi,0.01,0.04,0.96,0.99,85.36,280.0,561.57,,2026-10-09T05:00:00Z,active,2026-10-08T22:03:48.610664+00:00
KXLOWTMIA,KXLOWTMIA-26OCT08-B73.5,Lowest temperature in Miami,KMIA,2026-10-08,between,73.0,74.0,The Weather Company,https://weather.com/kalshi,0.0,0.03,0.97,1.0,6.0,0.0,430.45,,2026-10-09T05:00:00Z,active,2026-10-08T22:03:48.610664+00:00
KXLOWTMIA,KXLOWTMIA-26OCT08-B71.5,Lowest temperature in Miami,KMIA,2026-10-08,between,71.0,72.0,The Weather Company,https://weather.com/kalshi,0.0,0.01,0.99,1.0,208.0,0.0,231.08,,2026-10-09T05:00:00Z,active,2026-10-08T22:03:48.610664+00:00
KXLOWTLV,KXLOWTLV-26OCT09-T73,Las Vegas Daily Low Temperature,KLAS,2026-10-09,greater,73.0,,The Weather Company,https://weather.com/kalshi,0.47,0.55,0.45,0.53,20.0,68.0,61.0,,2026-10-10T08:00:00Z,active,2026-10-08T22:03:48.610664+00:00
KXLOWTLV,KXLOWTLV-26OCT09-T66,Las Vegas Daily Low Temperature,KLAS,2026-10-09,less,,66.0,The Weather Company,https://weather.com/kalshi,0.0,0.01,0.99,1.0,40.0,0.0,0.0,,2026-10-10T08:00:00Z,active,2026-10-08T22:03:48.610664+00:00
KXLOWTLV,KXLOWTLV-26OCT09-B72.5,Las Vegas Daily Low Temperature,KLAS,2026-10-09,between,72.0,73.0,The Weather Company,https://weather.com/kalshi,0.34,0.4,0.6,0.66,29.0,28.0,34.0,,2026-10-10T08:00:00Z,active,2026-10-08T22:03:48.610664+00:00
KXLOWTLV,KXLOWTLV-26OCT09-B70.5,Las Vegas Daily Low Temperature,KLAS,2026-10-09,between,70.0,71.0,The Weather Company,https://weather.com/kalshi,0.05,0.13,0.87,0.95,57.0,25.0,78.0,,2026-10-10T08:00:00Z,active,2026-10-08T22:03:48.610664+00:00
KXLOWTLV,KXLOWTLV-26OCT09-B68.5,Las Vegas Daily Low Temperature,KLAS,2026-10-09,between,68.0,69.0,The Weather Company,https://weather.com/kalshi,0.01,0.02,0.98,0.99,11.0,10.0,159.0,,2026-10-10T08:00:00Z,active,2026-10-08T22:03:48.610664+00:00
KXLOWTLV,KXLOWTLV-26OCT09-B66.5,Las Vegas Daily Low Temperature,KLAS,2026-10-09,between,66.0,67.0,The Weather Company,https://weather.com/kalshi,0.0,0.02,0.98,1.0,14.0,0.0,48.0,,2026-10-10T08:00:00Z,active,2026-10-08T22:03:48.610664+00:00
KXLOWTLV,KXLOWTLV-26OCT08-T74,Las Vegas Daily Low Temperature,KLAS,2026-10-08,greater,74.0,,The Weather Company,https://weather.com/kalshi,0.0,0.01,0.99,1.0,26993.15,0.0,701.1,,2026-10-09T08:00:00Z,active,2026-10-08T22:03:48.610664+00:00
KXLOWTLV,KXLOWTLV-26OCT08-T67,Las Vegas Daily Low Temperature,KLAS,2026-10-08,less,,67.0,The Weather Company,https://weather.com/kalshi,0.0,0.01,0.99,1.0,447.0,0.0,325.0,,2026-10-09T08:00:00Z,active,2026-10-08T22:03:48.610664+00:00
KXLOWTLV,KXLOWTLV-26OCT08-B73.5,Las Vegas Daily Low Temperature,KLAS,2026-10-08,between,73.0,74.0,The Weather Company,https://weather.com/kalshi,0.97,0.99,0.01,0.03,386.0,22.0,1366.54,,2026-10-09T08:00:00Z,active,2026-10-08T22:03:48.610664+00:00
KXLOWTLV,KXLOWTLV-26OCT08-B71.5,Las Vegas Daily Low Temperature,KLAS,2026-10-08,between,71.0,72.0,The Weather Company,https://weather.com/kalshi,0.0,0.01,0.99,1.0,394.0,0.0,604.11,,2026-10-09T08:00:00Z,active,2026-10-08T22:03:48.610664+00:00
KXLOWTLV,KXLOWTLV-26OCT08-B69.5,Las Vegas Daily Low Temperature,KLAS,2026-10-08,between,69.0,70.0,The Weather Company,https://weather.com/kalshi,0.0,0.01,0.99,1.0,39.0,0.0,343.24,,2026-10-09T08:00:00Z,active,2026-10-08T22:03:48.610664+00:00
KXLOWTLV,KXLOWTLV-26OCT08-B67.5,Las Vegas Daily Low Temperature,KLAS,2026-10-08,between,67.0,68.0,The Weather Company,https://weather.com/kalshi,0.0,0.01,0.99,1.0,339.0,0.0,492.93,,2026-10-09T08:00:00Z,active,2026-10-08T22:03:48.610664+00:00
KXLOWTEWR,KXLOWTEWR-26OCT09-T55,"Newark, NJ (EWR) Daily Low Temp",KEWR,2026-10-09,greater,55.0,,The Weather Company,https://weather.com/kalshi,0.0,0.02,0.98,1.0,5.0,0.0,97.0,,2026-10-10T05:00:00Z,active,2026-10-08T22:03:48.610664+00:00
KXLOWTEWR,KXLOWTEWR-26OCT09-T48,"Newark, NJ (EWR) Daily Low Temp",KEWR,2026-10-09,less,,48.0,The Weather Company,https://weather.com/kalshi,0.03,0.1,0.9,0.97,29.0,25.0,0.0,,2026-10-10T05:00:00Z,active,2026-10-08T22:03:48.610664+00:00
KXLOWTEWR,KXLOWTEWR-26OCT09-B54.5,"Newark, NJ (EWR) Daily Low Temp",KEWR,2026-10-09,between,54.0,55.0,The Weather Company,https://weather.com/kalshi,0.03,0.18,0.82,0.97,10.0,25.0,0.0,,2026-10-10T05:00:00Z,active,2026-10-08T22:03:48.610664+00:00
KXLOWTEWR,KXLOWTEWR-26OCT09-B52.5,"Newark, NJ (EWR) Daily Low Temp",KEWR,2026-10-09,between,52.0,53.0,The Weather Company,https://weather.com/kalshi,0.19,0.39,0.61,0.81,10.0,10.0,3.0,,2026-10-10T05:00:00Z,active,2026-10-08T22:03:48.610664+00:00
KXLOWTEWR,KXLOWTEWR-26OCT09-B50.5,"Newark, NJ (EWR) Daily Low Temp",KEWR,2026-10-09,between,50.0,51.0,The Weather Company,https://weather.com/kalshi,0.29,0.49,0.51,0.71,10.0,10.0,33.0,,2026-10-10T05:00:00Z,active,2026-10-08T22:03:48.610664+00:00
KXLOWTEWR,KXLOWTEWR-26OCT09-B48.5,"Newark, NJ (EWR) Daily Low Temp",KEWR,2026-10-09,between,48.0,49.0,The Weather Company,https://weather.com/kalshi,0.07,0.27,0.73,0.93,10.0,10.0,16.0,,2026-10-10T05:00:00Z,active,2026-10-08T22:03:48.610664+00:00
KXLOWTEWR,KXLOWTEWR-26OCT08-T56,"Newark, NJ (EWR) Daily Low Temp",KEWR,2026-10-08,greater,56.0,,The Weather Company,https://weather.com/kalshi,0.0,0.01,0.99,1.0,10138.0,0.0,165.0,,2026-10-09T05:00:00Z,active,2026-10-08T22:03:48.610664+00:00
KXLOWTEWR,KXLOWTEWR-26OCT08-T49,"Newark, NJ (EWR) Daily Low Temp",KEWR,2026-10-08,less,,49.0,The Weather Company,https://weather.com/kalshi,0.0,0.01,0.99,1.0,241.0,0.0,76.0,,2026-10-09T05:00:00Z,active,2026-10-08T22:03:48.610664+00:00
KXLOWTEWR,KXLOWTEWR-26OCT08-B55.5,"Newark, NJ (EWR) Daily Low Temp",KEWR,2026-10-08,between,55.0,56.0,The Weather Company,https://weather.com/kalshi,0.96,0.99,0.01,0.04,243.0,10.0,227.29,,2026-10-09T05:00:00Z,active,2026-10-08T22:03:48.610664+00:00
KXLOWTEWR,KXLOWTEWR-26OCT08-B53.5,"Newark, NJ (EWR) Daily Low Temp",KEWR,2026-10-08,between,53.0,54.0,The Weather Company,https://weather.com/kalshi,0.01,0.06,0.94,0.99,25.0,49.0,194.0,,2026-10-09T05:00:00Z,active,2026-10-08T22:03:48.610664+00:00
KXLOWTEWR,KXLOWTEWR-26OCT08-B51.5,"Newark, NJ (EWR) Daily Low Temp",KEWR,2026-10-08,between,51.0,52.0,The Weather Company,https://weather.com/kalshi,0.0,0.02,0.98,1.0,25.0,0.0,300.03,,2026-10-09T05:00:00Z,active,2026-10-08T22:03:48.610664+00:00
KXLOWTEWR,KXLOWTEWR-26OCT08-B49.5,"Newark, NJ (EWR) Daily Low Temp",KEWR,2026-10-08,between,49.0,50.0,The Weather Company,https://weather.com/kalshi,0.0,0.01,0.99,1.0,4.0,0.0,357.0,,2026-10-09T05:00:00Z,active,2026-10-08T22:03:48.610664+00:00
KXLOWTLAX,KXLOWTLAX-26OCT09-T71,Lowest Temperature in LA,KLAX,2026-10-09,greater,71.0,,The Weather Company,https://weather.com/kalshi,0.01,0.05,0.95,0.99,4.0,35.07,180.3,,2026-10-10T08:00:00Z,active,2026-10-08T22:03:48.610664+00:00
KXLOWTLAX,KXLOWTLAX-26OCT09-T64,Lowest Temperature in LA,KLAX,2026-10-09,less,,64.0,The Weather Company,https://weather.com/kalshi,0.0,0.02,0.98,1.0,21.0,0.0,254.11,,2026-10-10T08:00:00Z,active,2026-10-08T22:03:48.610664+00:00
KXLOWTLAX,KXLOWTLAX-26OCT09-B70.5,Lowest Temperature in LA,KLAX,2026-10-09,between,70.0,71.0,The Weather Company,https://weather.com/kalshi,0.04,0.05,0.95,0.96,5.0,25.0,35.0,,2026-10-10T08:00:00Z,active,2026-10-08T22:03:48.610664+00:00
KXLOWTLAX,KXLOWTLAX-26OCT09-B68.5,Lowest Temperature in LA,KLAX,2026-10-09,between,68.0,69.0,The Weather Company,https://weather.com/kalshi,0.67,0.69,0.31,0.33,4.0,75.0,89.0,,2026-10-10T08:00:00Z,active,2026-10-08T22:03:48.610664+00:00
KXLOWTLAX,KXLOWTLAX-26OCT09-B66.5,Lowest Temperature in LA,KLAX,2026-10-09,between,66.0,67.0,The Weather Company,https://weather.com/kalshi,0.2,0.31,0.69,0.8,16.0,71.0,32.0,,2026-10-10T08:00:00Z,active,2026-10-08T22:03:48.610664+00:00
KXLOWTLAX,KXLOWTLAX-26OCT09-B64.5,Lowest Temperature in LA,KLAX,2026-10-09,between,64.0,65.0,The Weather Company,https://weather.com/kalshi,0.01,0.02,0.98,0.99,36.0,126.0,98.0,,2026-10-10T08:00:00Z,active,2026-10-08T22:03:48.610664+00:00
KXLOWTLAX,KXLOWTLAX-26OCT08-T72,Lowest Temperature in LA,KLAX,2026-10-08,greater,72.0,,The Weather Company,https://weather.com/kalshi,0.0,0.01,0.99,1.0,22027.87,0.0,1257.14,,2026-10-09T08:00:00Z,active,2026-10-08T22:03:48.610664+00:00
KXLOWTLAX,KXLOWTLAX-26OCT08-T65,Lowest Temperature in LA,KLAX,2026-10-08,less,,65.0,The Weather Company,https://weather.com/kalshi,0.0,0.01,0.99,1.0,14.0,0.0,782.86,,2026-10-09T08:00:00Z,active,2026-10-08T22:03:48.610664+00:00
KXLOWTLAX,KXLOWTLAX-26OCT08-B71.5,Lowest Temperature in LA,KLAX,2026-10-08,between,71.0,72.0,The Weather Company,https://weather.com/kalshi,0.0,0.01,0.99,1.0,30624.03,0.0,1141.33,,2026-10-09T08:00:00Z,active,2026-10-08T22:03:48.610664+00:00
KXLOWTLAX,KXLOWTLAX-26OCT08-B69.5,Lowest Temperature in LA,KLAX,2026-10-08,between,69.0,70.0,The Weather Company,https://weather.com/kalshi,0.93,0.98,0.02,0.07,27.32,25.0,1460.92,,2026-10-09T08:00:00Z,active,2026-10-08T22:03:48.610664+00:00
KXLOWTLAX,KXLOWTLAX-26OCT08-B67.5,Lowest Temperature in LA,KLAX,2026-10-08,between,67.0,68.0,The Weather Company,https://weather.com/kalshi,0.04,0.06,0.94,0.96,4.0,2.0,612.93,,2026-10-09T08:00:00Z,active,2026-10-08T22:03:48.610664+00:00
KXLOWTLAX,KXLOWTLAX-26OCT08-B65.5,Lowest Temperature in LA,KLAX,2026-10-08,between,65.0,66.0,The Weather Company,https://weather.com/kalshi,0.0,0.04,0.96,1.0,4.0,0.0,974.54,,2026-10-09T08:00:00Z,active,2026-10-08T22:03:48.610664+00:00
KXHIGHTSAN,KXHIGHTSAN-26OCT09-T87,High Temperature San Diego,KSAN,2026-10-09,greater,87.0,,The Weather Company,https://weather.com/kalshi,0.01,0.02,0.98,0.99,151.0,10.0,72.3,,2026-10-10T08:00:00Z,active,2026-10-08T22:03:48.610664+00:00
KXHIGHTSAN,KXHIGHTSAN-26OCT09-T80,High Temperature San Diego,KSAN,2026-10-09,less,,80.0,The Weather Company,https://weather.com/kalshi,0.31,0.33,0.67,0.69,35.0,64.0,79.52,,2026-10-10T08:00:00Z,active,2026-10-08T22:03:48.610664+00:00
KXHIGHTSAN,KXHIGHTSAN-26OCT09-B86.5,High Temperature San Diego,KSAN,2026-10-09,between,86.0,87.0,The Weather Company,https://weather.com/kalshi,0.01,0.02,0.98,0.99,187.0,151.53,68.47,,2026-10-10T08:00:00Z,active,2026-10-08T22:03:48.610664+00:00
KXHIGHTSAN,KXHIGHTSAN-26OCT09-B84.5,High Temperature San Diego,KSAN,2026-10-09,between,84.0,85.0,The Weather Company,https://weather.com/kalshi,0.03,0.1,0.9,0.97,200.0,1.0,11.0,,2026-10-10T08:00:00Z,active,2026-10-08T22:03:48.610664+00:00
KXHIGHTSAN,KXHIGHTSAN-26OCT09-B82.5,High Temperature San Diego,KSAN,2026-10-09,between,82.0,83.0,The Weather Company,https://weather.com/kalshi,0.1,0.23,0.77,0.9,25.0,11.0,5.0,,2026-10-10T08:00:00Z,active,2026-10-08T22:03:48.610664+00:00
KXHIGHTSAN,KXHIGHTSAN-26OCT09-B80.5,High Temperature San Diego,KSAN,2026-10-09,between,80.0,81.0,The Weather Company,https://weather.com/kalshi,0.4,0.42,0.58,0.6,25.0,5.0,164.0,,2026-10-10T08:00:00Z,active,2026-10-08T22:03:48.610664+00:00
KXHIGHTSAN,KXHIGHTSAN-26OCT08-T92,High Temperature San Diego,KSAN,2026-10-08,greater,92.0,,The Weather Company,https://weather.com/kalshi,0.0,0.01,0.99,1.0,2072.6,0.0,88.71,,2026-10-09T08:00:00Z,active,2026-10-08T22:03:48.610664+00:00
KXHIGHTSAN,KXHIGHTSAN-26OCT08-T85,High Temperature San Diego,KSAN,2026-10-08,less,,85.0,The Weather Company,https://weather.com/kalshi,0.97,0.99,0.01,0.03,410.0,4.0,793.2,,2026-10-09T08:00:00Z,active,2026-10-08T22:03:48.610664+00:00
KXHIGHTSAN,KXHIGHTSAN-26OCT08-B91.5,High Temperature San Diego,KSAN,2026-10-08,between,91.0,92.0,The Weather Company,https://weather.com/kalshi,0.0,0.01,0.99,1.0,1614.61,0.0,259.76,,2026-10-09T08:00:00Z,active,2026-10-08T22:03:48.610664+00:00
KXHIGHTSAN,KXHIGHTSAN-26OCT08-B89.5,High Temperature San Diego,KSAN,2026-10-08,between,89.0,90.0,The Weather Company,https://weather.com/kalshi,0.0,0.01,0.99,1.0,1525.0,0.0,884.11,,2026-10-09T08:00:00Z,active,2026-10-08T22:03:48.610664+00:00
KXHIGHTSAN,KXHIGHTSAN-26OCT08-B87.5,High Temperature San Diego,KSAN,2026-10-08,between,87.0,88.0,The Weather Company,https://weather.com/kalshi,0.0,0.03,0.97,1.0,70.0,0.0,527.3,,2026-10-09T08:00:00Z,active,2026-10-08T22:03:48.610664+00:00
KXHIGHTSAN,KXHIGHTSAN-26OCT08-B85.5,High Temperature San Diego,KSAN,2026-10-08,between,85.0,86.0,The Weather Company,https://weather.com/kalshi,0.0,0.03,0.97,1.0,45.0,0.0,689.6,,2026-10-09T08:00:00Z,active,2026-10-08T22:03:48.610664+00:00
KXLOWTTTN,KXLOWTTTN-26OCT09-T52,Trenton Daily low temp ,KTTN,2026-10-09,greater,52.0,,The Weather Company,https://weather.com/kalshi,0.02,0.03,0.97,0.98,12.0,29.0,6.0,,2026-10-10T05:00:00Z,active,2026-10-08T22:03:48.610664+00:00
KXLOWTTTN,KXLOWTTTN-26OCT09-T45,Trenton Daily low temp ,KTTN,2026-10-09,less,,45.0,The Weather Company,https://weather.com/kalshi,0.19,0.38,0.62,0.81,10.0,12.0,96.0,,2026-10-10T05:00:00Z,active,2026-10-08T22:03:48.610664+00:00
KXLOWTTTN,KXLOWTTTN-26OCT09-B51.5,Trenton Daily low temp ,KTTN,2026-10-09,between,51.0,52.0,The Weather Company,https://weather.com/kalshi,0.02,0.04,0.96,0.98,11.0,29.0,0.0,,2026-10-10T05:00:00Z,active,2026-10-08T22:03:48.610664+00:00
KXLOWTTTN,KXLOWTTTN-26OCT09-B49.5,Trenton Daily low temp ,KTTN,2026-10-09,between,49.0,50.0,The Weather Company,https://weather.com/kalshi,0.03,0.15,0.85,0.97,10.0,15.0,0.0,,2026-10-10T05:00:00Z,active,2026-10-08T22:03:48.610664+00:00
KXLOWTTTN,KXLOWTTTN-26OCT09-B47.5,Trenton Daily low temp ,KTTN,2026-10-09,between,47.0,48.0,The Weather Company,https://weather.com/kalshi,0.12,0.25,0.75,0.88,10.0,3.0,26.0,,2026-10-10T05:00:00Z,active,2026-10-08T22:03:48.610664+00:00
KXLOWTTTN,KXLOWTTTN-26OCT09-B45.5,Trenton Daily low temp ,KTTN,2026-10-09,between,45.0,46.0,The Weather Company,https://weather.com/kalshi,0.36,0.56,0.44,0.64,10.0,3.0,63.0,,2026-10-10T05:00:00Z,active,2026-10-08T22:03:48.610664+00:00
KXLOWTTTN,KXLOWTTTN-26OCT08-T54,Trenton Daily low temp ,KTTN,2026-10-08,greater,54.0,,The Weather Company,https://weather.com/kalshi,0.0,0.01,0.99,1.0,10029.5,0.0,165.07,,2026-10-09T05:00:00Z,active,2026-10-08T22:03:48.610664+00:00
KXLOWTTTN,KXLOWTTTN-26OCT08-T47,Trenton Daily low temp ,KTTN,2026-10-08,less,,47.0,The Weather Company,https://weather.com/kalshi,0.0,0.01,0.99,1.0,26.0,0.0,405.26,,2026-10-09T05:00:00Z,active,2026-10-08T22:03:48.610664+00:00
KXLOWTTTN,KXLOWTTTN-26OCT08-B53.5,Trenton Daily low temp ,KTTN,2026-10-08,between,53.0,54.0,The Weather Company,https://weather.com/kalshi,0.0,0.01,0.99,1.0,10364.5,0.0,412.5,,2026-10-09T05:00:00Z,active,2026-10-08T22:03:48.610664+00:00
KXLOWTTTN,KXLOWTTTN-26OCT08-B51.5,Trenton Daily low temp ,KTTN,2026-10-08,between,51.0,52.0,The Weather Company,https://weather.com/kalshi,0.0,0.01,0.99,1.0,10694.49,0.0,493.01,,2026-10-09T05:00:00Z,active,2026-10-08T22:03:48.610664+00:00
KXLOWTTTN,KXLOWTTTN-26OCT08-B49.5,Trenton Daily low temp ,KTTN,2026-10-08,between,49.0,50.0,The Weather Company,https://weather.com/kalshi,0.98,1.0,0.0,0.02,0.0,142.0,978.51,,2026-10-09T05:00:00Z,active,2026-10-08T22:03:48.610664+00:00
KXLOWTTTN,KXLOWTTTN-26OCT08-B47.5,Trenton Daily low temp ,KTTN,2026-10-08,between,47.0,48.0,The Weather Company,https://weather.com/kalshi,0.0,0.02,0.98,1.0,25.0,0.0,279.08,,2026-10-09T05:00:00Z,active,2026-10-08T22:03:48.610664+00:00
