series_ticker,market_ticker,city_label,station_id,target_date,strike_type,floor_strike,cap_strike,settlement_source_name,settlement_source_url,yes_bid,yes_ask,no_bid,no_ask,yes_ask_size,yes_bid_size,volume,liquidity,close_time,status,pulled_at
KXHIGHAUS,KXHIGHAUS-26OCT10-T98,Highest temperature in Austin,KAUS,2026-10-10,greater,98.0,,The Weather Company,https://weather.com/kalshi,0.0,0.01,0.99,1.0,502.72,0.0,387.0,,2026-10-11T06:00:00Z,active,2026-10-09T21:40:15.619612+00:00
KXHIGHAUS,KXHIGHAUS-26OCT10-T91,Highest temperature in Austin,KAUS,2026-10-10,less,,91.0,The Weather Company,https://weather.com/kalshi,0.04,0.05,0.95,0.96,35.0,1.0,501.05,,2026-10-11T06:00:00Z,active,2026-10-09T21:40:15.619612+00:00
KXHIGHAUS,KXHIGHAUS-26OCT10-B97.5,Highest temperature in Austin,KAUS,2026-10-10,between,97.0,98.0,The Weather Company,https://weather.com/kalshi,0.0,0.01,0.99,1.0,182.66,0.0,512.0,,2026-10-11T06:00:00Z,active,2026-10-09T21:40:15.619612+00:00
KXHIGHAUS,KXHIGHAUS-26OCT10-B95.5,Highest temperature in Austin,KAUS,2026-10-10,between,95.0,96.0,The Weather Company,https://weather.com/kalshi,0.05,0.06,0.94,0.95,92.0,7.0,36.0,,2026-10-11T06:00:00Z,active,2026-10-09T21:40:15.619612+00:00
KXHIGHAUS,KXHIGHAUS-26OCT10-B93.5,Highest temperature in Austin,KAUS,2026-10-10,between,93.0,94.0,The Weather Company,https://weather.com/kalshi,0.45,0.46,0.54,0.55,181.52,46.0,664.29,,2026-10-11T06:00:00Z,active,2026-10-09T21:40:15.619612+00:00
KXHIGHAUS,KXHIGHAUS-26OCT10-B91.5,Highest temperature in Austin,KAUS,2026-10-10,between,91.0,92.0,The Weather Company,https://weather.com/kalshi,0.44,0.45,0.55,0.56,20.0,21.0,505.69,,2026-10-11T06:00:00Z,active,2026-10-09T21:40:15.619612+00:00
KXHIGHAUS,KXHIGHAUS-26OCT09-T95,Highest temperature in Austin,KAUS,2026-10-09,greater,95.0,,The Weather Company,https://weather.com/kalshi,0.0,0.01,0.99,1.0,392.91,0.0,1401.3,,2026-10-10T06:00:00Z,active,2026-10-09T21:40:15.619612+00:00
KXHIGHAUS,KXHIGHAUS-26OCT09-T88,Highest temperature in Austin,KAUS,2026-10-09,less,,88.0,The Weather Company,https://weather.com/kalshi,0.0,0.01,0.99,1.0,66327.13,0.0,643.0,,2026-10-10T06:00:00Z,active,2026-10-09T21:40:15.619612+00:00
KXHIGHAUS,KXHIGHAUS-26OCT09-B94.5,Highest temperature in Austin,KAUS,2026-10-09,between,94.0,95.0,The Weather Company,https://weather.com/kalshi,0.01,0.02,0.98,0.99,11.0,1792.07,9564.99,,2026-10-10T06:00:00Z,active,2026-10-09T21:40:15.619612+00:00
KXHIGHAUS,KXHIGHAUS-26OCT09-B92.5,Highest temperature in Austin,KAUS,2026-10-09,between,92.0,93.0,The Weather Company,https://weather.com/kalshi,0.97,0.98,0.02,0.03,95.0,15.36,13624.97,,2026-10-10T06:00:00Z,active,2026-10-09T21:40:15.619612+00:00
KXHIGHAUS,KXHIGHAUS-26OCT09-B90.5,Highest temperature in Austin,KAUS,2026-10-09,between,90.0,91.0,The Weather Company,https://weather.com/kalshi,0.0,0.01,0.99,1.0,47896.28,0.0,12813.49,,2026-10-10T06:00:00Z,active,2026-10-09T21:40:15.619612+00:00
KXHIGHAUS,KXHIGHAUS-26OCT09-B88.5,Highest temperature in Austin,KAUS,2026-10-09,between,88.0,89.0,The Weather Company,https://weather.com/kalshi,0.0,0.01,0.99,1.0,87679.75,0.0,4471.7,,2026-10-10T06:00:00Z,active,2026-10-09T21:40:15.619612+00:00
KXLOWTHOU,KXLOWTHOU-26OCT10-T72,Low Temperature Houston,KHOU,2026-10-10,greater,72.0,,The Weather Company,https://weather.com/kalshi,0.01,0.05,0.95,0.99,4.0,31.0,144.66,,2026-10-11T06:00:00Z,active,2026-10-09T21:40:15.619612+00:00
KXLOWTHOU,KXLOWTHOU-26OCT10-T65,Low Temperature Houston,KHOU,2026-10-10,less,,65.0,The Weather Company,https://weather.com/kalshi,0.0,0.01,0.99,1.0,18.0,0.0,0.0,,2026-10-11T06:00:00Z,active,2026-10-09T21:40:15.619612+00:00
KXLOWTHOU,KXLOWTHOU-26OCT10-B71.5,Low Temperature Houston,KHOU,2026-10-10,between,71.0,72.0,The Weather Company,https://weather.com/kalshi,0.1,0.17,0.83,0.9,21.0,25.0,46.11,,2026-10-11T06:00:00Z,active,2026-10-09T21:40:15.619612+00:00
KXLOWTHOU,KXLOWTHOU-26OCT10-B69.5,Low Temperature Houston,KHOU,2026-10-10,between,69.0,70.0,The Weather Company,https://weather.com/kalshi,0.49,0.54,0.46,0.51,10.0,5.0,27.0,,2026-10-11T06:00:00Z,active,2026-10-09T21:40:15.619612+00:00
KXLOWTHOU,KXLOWTHOU-26OCT10-B67.5,Low Temperature Houston,KHOU,2026-10-10,between,67.0,68.0,The Weather Company,https://weather.com/kalshi,0.26,0.37,0.63,0.74,10.0,10.0,3.0,,2026-10-11T06:00:00Z,active,2026-10-09T21:40:15.619612+00:00
KXLOWTHOU,KXLOWTHOU-26OCT10-B65.5,Low Temperature Houston,KHOU,2026-10-10,between,65.0,66.0,The Weather Company,https://weather.com/kalshi,0.03,0.08,0.92,0.97,5.0,29.0,5.11,,2026-10-11T06:00:00Z,active,2026-10-09T21:40:15.619612+00:00
KXLOWTHOU,KXLOWTHOU-26OCT09-T72,Low Temperature Houston,KHOU,2026-10-09,greater,72.0,,The Weather Company,https://weather.com/kalshi,0.0,0.01,0.99,1.0,22361.15,0.0,203.93,,2026-10-10T06:00:00Z,active,2026-10-09T21:40:15.619612+00:00
KXLOWTHOU,KXLOWTHOU-26OCT09-T65,Low Temperature Houston,KHOU,2026-10-09,less,,65.0,The Weather Company,https://weather.com/kalshi,0.0,0.02,0.98,1.0,446.0,0.0,555.27,,2026-10-10T06:00:00Z,active,2026-10-09T21:40:15.619612+00:00
KXLOWTHOU,KXLOWTHOU-26OCT09-B71.5,Low Temperature Houston,KHOU,2026-10-09,between,71.0,72.0,The Weather Company,https://weather.com/kalshi,0.0,0.01,0.99,1.0,22069.15,0.0,422.0,,2026-10-10T06:00:00Z,active,2026-10-09T21:40:15.619612+00:00
KXLOWTHOU,KXLOWTHOU-26OCT09-B69.5,Low Temperature Houston,KHOU,2026-10-09,between,69.0,70.0,The Weather Company,https://weather.com/kalshi,0.0,0.01,0.99,1.0,21249.15,0.0,334.0,,2026-10-10T06:00:00Z,active,2026-10-09T21:40:15.619612+00:00
KXLOWTHOU,KXLOWTHOU-26OCT09-B67.5,Low Temperature Houston,KHOU,2026-10-09,between,67.0,68.0,The Weather Company,https://weather.com/kalshi,0.0,0.01,0.99,1.0,22092.12,0.0,897.07,,2026-10-10T06:00:00Z,active,2026-10-09T21:40:15.619612+00:00
KXLOWTHOU,KXLOWTHOU-26OCT09-B65.5,Low Temperature Houston,KHOU,2026-10-09,between,65.0,66.0,The Weather Company,https://weather.com/kalshi,0.98,1.0,0.0,0.02,0.0,810.0,963.28,,2026-10-10T06:00:00Z,active,2026-10-09T21:40:15.619612+00:00
KXHIGHTSFO,KXHIGHTSFO-26OCT10-T68,San Francisco High Temperature Daily,KSFO,2026-10-10,greater,68.0,,The Weather Company,https://weather.com/kalshi,0.01,0.02,0.98,0.99,421.24,4.0,210.91,,2026-10-11T08:00:00Z,active,2026-10-09T21:40:15.619612+00:00
KXHIGHTSFO,KXHIGHTSFO-26OCT10-T61,San Francisco High Temperature Daily,KSFO,2026-10-10,less,,61.0,The Weather Company,https://weather.com/kalshi,0.03,0.04,0.96,0.97,43.0,65.36,360.11,,2026-10-11T08:00:00Z,active,2026-10-09T21:40:15.619612+00:00
KXHIGHTSFO,KXHIGHTSFO-26OCT10-B67.5,San Francisco High Temperature Daily,KSFO,2026-10-10,between,67.0,68.0,The Weather Company,https://weather.com/kalshi,0.03,0.04,0.96,0.97,29.58,172.09,113.33,,2026-10-11T08:00:00Z,active,2026-10-09T21:40:15.619612+00:00
KXHIGHTSFO,KXHIGHTSFO-26OCT10-B65.5,San Francisco High Temperature Daily,KSFO,2026-10-10,between,65.0,66.0,The Weather Company,https://weather.com/kalshi,0.32,0.35,0.65,0.68,25.0,110.0,565.44,,2026-10-11T08:00:00Z,active,2026-10-09T21:40:15.619612+00:00
KXHIGHTSFO,KXHIGHTSFO-26OCT10-B63.5,San Francisco High Temperature Daily,KSFO,2026-10-10,between,63.0,64.0,The Weather Company,https://weather.com/kalshi,0.48,0.49,0.51,0.52,113.35,5.0,382.23,,2026-10-11T08:00:00Z,active,2026-10-09T21:40:15.619612+00:00
KXHIGHTSFO,KXHIGHTSFO-26OCT10-B61.5,San Francisco High Temperature Daily,KSFO,2026-10-10,between,61.0,62.0,The Weather Company,https://weather.com/kalshi,0.14,0.15,0.85,0.86,56.0,1.0,411.49,,2026-10-11T08:00:00Z,active,2026-10-09T21:40:15.619612+00:00
KXHIGHTSFO,KXHIGHTSFO-26OCT09-T77,San Francisco High Temperature Daily,KSFO,2026-10-09,greater,77.0,,The Weather Company,https://weather.com/kalshi,0.0,0.01,0.99,1.0,8982.5,0.0,612.3,,2026-10-10T08:00:00Z,active,2026-10-09T21:40:15.619612+00:00
KXHIGHTSFO,KXHIGHTSFO-26OCT09-T70,San Francisco High Temperature Daily,KSFO,2026-10-09,less,,70.0,The Weather Company,https://weather.com/kalshi,0.0,0.01,0.99,1.0,173002.66,0.0,12466.46,,2026-10-10T08:00:00Z,active,2026-10-09T21:40:15.619612+00:00
KXHIGHTSFO,KXHIGHTSFO-26OCT09-B76.5,San Francisco High Temperature Daily,KSFO,2026-10-09,between,76.0,77.0,The Weather Company,https://weather.com/kalshi,0.0,0.01,0.99,1.0,8376.56,0.0,617.45,,2026-10-10T08:00:00Z,active,2026-10-09T21:40:15.619612+00:00
KXHIGHTSFO,KXHIGHTSFO-26OCT09-B74.5,San Francisco High Temperature Daily,KSFO,2026-10-09,between,74.0,75.0,The Weather Company,https://weather.com/kalshi,0.0,0.01,0.99,1.0,21.36,0.0,1164.48,,2026-10-10T08:00:00Z,active,2026-10-09T21:40:15.619612+00:00
KXHIGHTSFO,KXHIGHTSFO-26OCT09-B72.5,San Francisco High Temperature Daily,KSFO,2026-10-09,between,72.0,73.0,The Weather Company,https://weather.com/kalshi,0.02,0.03,0.97,0.98,20.0,38.31,6969.74,,2026-10-10T08:00:00Z,active,2026-10-09T21:40:15.619612+00:00
KXHIGHTSFO,KXHIGHTSFO-26OCT09-B70.5,San Francisco High Temperature Daily,KSFO,2026-10-09,between,70.0,71.0,The Weather Company,https://weather.com/kalshi,0.96,0.98,0.02,0.04,41.0,126.39,6428.7,,2026-10-10T08:00:00Z,active,2026-10-09T21:40:15.619612+00:00
KXHIGHTDAL,KXHIGHTDAL-26OCT10-T94,Dallas Maximum Temperature,KDFW,2026-10-10,greater,94.0,,The Weather Company,https://weather.com/kalshi,0.0,0.01,0.99,1.0,56.0,0.0,969.2,,2026-10-11T06:00:00Z,active,2026-10-09T21:40:15.619612+00:00
KXHIGHTDAL,KXHIGHTDAL-26OCT10-T87,Dallas Maximum Temperature,KDFW,2026-10-10,less,,87.0,The Weather Company,https://weather.com/kalshi,0.01,0.02,0.98,0.99,162.24,91.83,659.17,,2026-10-11T06:00:00Z,active,2026-10-09T21:40:15.619612+00:00
KXHIGHTDAL,KXHIGHTDAL-26OCT10-B93.5,Dallas Maximum Temperature,KDFW,2026-10-10,between,93.0,94.0,The Weather Company,https://weather.com/kalshi,0.08,0.09,0.91,0.92,69.0,75.81,594.4,,2026-10-11T06:00:00Z,active,2026-10-09T21:40:15.619612+00:00
KXHIGHTDAL,KXHIGHTDAL-26OCT10-B91.5,Dallas Maximum Temperature,KDFW,2026-10-10,between,91.0,92.0,The Weather Company,https://weather.com/kalshi,0.58,0.59,0.41,0.42,110.0,12.47,782.15,,2026-10-11T06:00:00Z,active,2026-10-09T21:40:15.619612+00:00
KXHIGHTDAL,KXHIGHTDAL-26OCT10-B89.5,Dallas Maximum Temperature,KDFW,2026-10-10,between,89.0,90.0,The Weather Company,https://weather.com/kalshi,0.33,0.35,0.65,0.67,51.0,6.0,796.83,,2026-10-11T06:00:00Z,active,2026-10-09T21:40:15.619612+00:00
KXHIGHTDAL,KXHIGHTDAL-26OCT10-B87.5,Dallas Maximum Temperature,KDFW,2026-10-10,between,87.0,88.0,The Weather Company,https://weather.com/kalshi,0.03,0.04,0.96,0.97,177.0,348.92,377.39,,2026-10-11T06:00:00Z,active,2026-10-09T21:40:15.619612+00:00
KXHIGHTDAL,KXHIGHTDAL-26OCT09-T93,Dallas Maximum Temperature,KDFW,2026-10-09,greater,93.0,,The Weather Company,https://weather.com/kalshi,0.0,0.01,0.99,1.0,0.32,0.0,1809.19,,2026-10-10T06:00:00Z,active,2026-10-09T21:40:15.619612+00:00
KXHIGHTDAL,KXHIGHTDAL-26OCT09-T86,Dallas Maximum Temperature,KDFW,2026-10-09,less,,86.0,The Weather Company,https://weather.com/kalshi,0.0,0.01,0.99,1.0,111070.77,0.0,879.9,,2026-10-10T06:00:00Z,active,2026-10-09T21:40:15.619612+00:00
KXHIGHTDAL,KXHIGHTDAL-26OCT09-B92.5,Dallas Maximum Temperature,KDFW,2026-10-09,between,92.0,93.0,The Weather Company,https://weather.com/kalshi,0.0,0.19,0.81,1.0,50.85,0.0,9036.4,,2026-10-10T06:00:00Z,active,2026-10-09T21:40:15.619612+00:00
KXHIGHTDAL,KXHIGHTDAL-26OCT09-B90.5,Dallas Maximum Temperature,KDFW,2026-10-09,between,90.0,91.0,The Weather Company,https://weather.com/kalshi,0.82,0.98,0.02,0.18,84.47,7.0,6783.25,,2026-10-10T06:00:00Z,active,2026-10-09T21:40:15.619612+00:00
KXHIGHTDAL,KXHIGHTDAL-26OCT09-B88.5,Dallas Maximum Temperature,KDFW,2026-10-09,between,88.0,89.0,The Weather Company,https://weather.com/kalshi,0.0,0.01,0.99,1.0,53687.94,0.0,5759.84,,2026-10-10T06:00:00Z,active,2026-10-09T21:40:15.619612+00:00
KXHIGHTDAL,KXHIGHTDAL-26OCT09-B86.5,Dallas Maximum Temperature,KDFW,2026-10-09,between,86.0,87.0,The Weather Company,https://weather.com/kalshi,0.0,0.01,0.99,1.0,111029.69,0.0,2590.31,,2026-10-10T06:00:00Z,active,2026-10-09T21:40:15.619612+00:00
KXHIGHDEN,KXHIGHDEN-26OCT10-T87,Highest temperature in Denver,KDEN,2026-10-10,greater,87.0,,The Weather Company,https://weather.com/kalshi,0.01,0.02,0.98,0.99,26.24,435.29,177.71,,2026-10-11T07:00:00Z,active,2026-10-09T21:40:15.619612+00:00
KXHIGHDEN,KXHIGHDEN-26OCT10-T80,Highest temperature in Denver,KDEN,2026-10-10,less,,80.0,The Weather Company,https://weather.com/kalshi,0.01,0.02,0.98,0.99,84.0,248.16,339.84,,2026-10-11T07:00:00Z,active,2026-10-09T21:40:15.619612+00:00
KXHIGHDEN,KXHIGHDEN-26OCT10-B86.5,Highest temperature in Denver,KDEN,2026-10-10,between,86.0,87.0,The Weather Company,https://weather.com/kalshi,0.06,0.07,0.93,0.94,80.0,13.95,105.33,,2026-10-11T07:00:00Z,active,2026-10-09T21:40:15.619612+00:00
KXHIGHDEN,KXHIGHDEN-26OCT10-B84.5,Highest temperature in Denver,KDEN,2026-10-10,between,84.0,85.0,The Weather Company,https://weather.com/kalshi,0.45,0.49,0.51,0.55,6.65,17.82,410.42,,2026-10-11T07:00:00Z,active,2026-10-09T21:40:15.619612+00:00
KXHIGHDEN,KXHIGHDEN-26OCT10-B82.5,Highest temperature in Denver,KDEN,2026-10-10,between,82.0,83.0,The Weather Company,https://weather.com/kalshi,0.36,0.37,0.63,0.64,37.0,24.0,311.63,,2026-10-11T07:00:00Z,active,2026-10-09T21:40:15.619612+00:00
KXHIGHDEN,KXHIGHDEN-26OCT10-B80.5,Highest temperature in Denver,KDEN,2026-10-10,between,80.0,81.0,The Weather Company,https://weather.com/kalshi,0.05,0.06,0.94,0.95,50.0,1.96,41.04,,2026-10-11T07:00:00Z,active,2026-10-09T21:40:15.619612+00:00
KXHIGHDEN,KXHIGHDEN-26OCT09-T89,Highest temperature in Denver,KDEN,2026-10-09,greater,89.0,,The Weather Company,https://weather.com/kalshi,0.0,0.01,0.99,1.0,126.0,0.0,2161.07,,2026-10-10T07:00:00Z,active,2026-10-09T21:40:15.619612+00:00
KXHIGHDEN,KXHIGHDEN-26OCT09-T82,Highest temperature in Denver,KDEN,2026-10-09,less,,82.0,The Weather Company,https://weather.com/kalshi,0.0,0.01,0.99,1.0,33718.72,0.0,1537.93,,2026-10-10T07:00:00Z,active,2026-10-09T21:40:15.619612+00:00
KXHIGHDEN,KXHIGHDEN-26OCT09-B88.5,Highest temperature in Denver,KDEN,2026-10-09,between,88.0,89.0,The Weather Company,https://weather.com/kalshi,0.03,0.04,0.96,0.97,9.1,1.0,8562.6,,2026-10-10T07:00:00Z,active,2026-10-09T21:40:15.619612+00:00
KXHIGHDEN,KXHIGHDEN-26OCT09-B86.5,Highest temperature in Denver,KDEN,2026-10-09,between,86.0,87.0,The Weather Company,https://weather.com/kalshi,0.95,0.97,0.03,0.05,2.0,1.14,7902.47,,2026-10-10T07:00:00Z,active,2026-10-09T21:40:15.619612+00:00
KXHIGHDEN,KXHIGHDEN-26OCT09-B84.5,Highest temperature in Denver,KDEN,2026-10-09,between,84.0,85.0,The Weather Company,https://weather.com/kalshi,0.0,0.01,0.99,1.0,24133.97,0.0,8422.42,,2026-10-10T07:00:00Z,active,2026-10-09T21:40:15.619612+00:00
KXHIGHDEN,KXHIGHDEN-26OCT09-B82.5,Highest temperature in Denver,KDEN,2026-10-09,between,82.0,83.0,The Weather Company,https://weather.com/kalshi,0.0,0.01,0.99,1.0,29297.94,0.0,1069.1,,2026-10-10T07:00:00Z,active,2026-10-09T21:40:15.619612+00:00
KXHIGHTATL,KXHIGHTATL-26OCT10-T76,Atlanta Max Temperature,KATL,2026-10-10,greater,76.0,,The Weather Company,https://weather.com/kalshi,0.01,0.02,0.98,0.99,82.24,71.99,353.59,,2026-10-11T05:00:00Z,active,2026-10-09T21:40:15.619612+00:00
KXHIGHTATL,KXHIGHTATL-26OCT10-T69,Atlanta Max Temperature,KATL,2026-10-10,less,,69.0,The Weather Company,https://weather.com/kalshi,0.26,0.27,0.73,0.74,210.76,92.0,876.14,,2026-10-11T05:00:00Z,active,2026-10-09T21:40:15.619612+00:00
KXHIGHTATL,KXHIGHTATL-26OCT10-B75.5,Atlanta Max Temperature,KATL,2026-10-10,between,75.0,76.0,The Weather Company,https://weather.com/kalshi,0.01,0.02,0.98,0.99,65.0,791.06,224.94,,2026-10-11T05:00:00Z,active,2026-10-09T21:40:15.619612+00:00
KXHIGHTATL,KXHIGHTATL-26OCT10-B73.5,Atlanta Max Temperature,KATL,2026-10-10,between,73.0,74.0,The Weather Company,https://weather.com/kalshi,0.06,0.07,0.93,0.94,15.0,5.0,493.69,,2026-10-11T05:00:00Z,active,2026-10-09T21:40:15.619612+00:00
KXHIGHTATL,KXHIGHTATL-26OCT10-B71.5,Atlanta Max Temperature,KATL,2026-10-10,between,71.0,72.0,The Weather Company,https://weather.com/kalshi,0.22,0.25,0.75,0.78,45.0,25.06,687.37,,2026-10-11T05:00:00Z,active,2026-10-09T21:40:15.619612+00:00
KXHIGHTATL,KXHIGHTATL-26OCT10-B69.5,Atlanta Max Temperature,KATL,2026-10-10,between,69.0,70.0,The Weather Company,https://weather.com/kalshi,0.34,0.35,0.65,0.66,3.0,5.0,442.71,,2026-10-11T05:00:00Z,active,2026-10-09T21:40:15.619612+00:00
KXHIGHTATL,KXHIGHTATL-26OCT09-T83,Atlanta Max Temperature,KATL,2026-10-09,greater,83.0,,The Weather Company,https://weather.com/kalshi,0.0,0.01,0.99,1.0,8882.48,0.0,1657.62,,2026-10-10T05:00:00Z,active,2026-10-09T21:40:15.619612+00:00
KXHIGHTATL,KXHIGHTATL-26OCT09-T76,Atlanta Max Temperature,KATL,2026-10-09,less,,76.0,The Weather Company,https://weather.com/kalshi,0.95,0.99,0.01,0.05,1641.37,15.0,16680.06,,2026-10-10T05:00:00Z,active,2026-10-09T21:40:15.619612+00:00
KXHIGHTATL,KXHIGHTATL-26OCT09-B82.5,Atlanta Max Temperature,KATL,2026-10-09,between,82.0,83.0,The Weather Company,https://weather.com/kalshi,0.0,0.01,0.99,1.0,8726.48,0.0,1759.7,,2026-10-10T05:00:00Z,active,2026-10-09T21:40:15.619612+00:00
KXHIGHTATL,KXHIGHTATL-26OCT09-B80.5,Atlanta Max Temperature,KATL,2026-10-09,between,80.0,81.0,The Weather Company,https://weather.com/kalshi,0.0,0.01,0.99,1.0,8537.68,0.0,2471.65,,2026-10-10T05:00:00Z,active,2026-10-09T21:40:15.619612+00:00
KXHIGHTATL,KXHIGHTATL-26OCT09-B78.5,Atlanta Max Temperature,KATL,2026-10-09,between,78.0,79.0,The Weather Company,https://weather.com/kalshi,0.0,0.01,0.99,1.0,405.0,0.0,5023.74,,2026-10-10T05:00:00Z,active,2026-10-09T21:40:15.619612+00:00
KXHIGHTATL,KXHIGHTATL-26OCT09-B76.5,Atlanta Max Temperature,KATL,2026-10-09,between,76.0,77.0,The Weather Company,https://weather.com/kalshi,0.0,0.03,0.97,1.0,5.0,0.0,8939.66,,2026-10-10T05:00:00Z,active,2026-10-09T21:40:15.619612+00:00
KXLOWTNOLA,KXLOWTNOLA-26OCT10-T69,NOLA Low Temperature,KMSY,2026-10-10,greater,69.0,,The Weather Company,https://weather.com/kalshi,0.03,0.1,0.9,0.97,10.0,20.21,90.34,,2026-10-11T06:00:00Z,active,2026-10-09T21:40:15.619612+00:00
KXLOWTNOLA,KXLOWTNOLA-26OCT10-T62,NOLA Low Temperature,KMSY,2026-10-10,less,,62.0,The Weather Company,https://weather.com/kalshi,0.0,0.01,0.99,1.0,18.0,0.0,0.0,,2026-10-11T06:00:00Z,active,2026-10-09T21:40:15.619612+00:00
KXLOWTNOLA,KXLOWTNOLA-26OCT10-B68.5,NOLA Low Temperature,KMSY,2026-10-10,between,68.0,69.0,The Weather Company,https://weather.com/kalshi,0.26,0.46,0.54,0.74,10.0,25.0,62.0,,2026-10-11T06:00:00Z,active,2026-10-09T21:40:15.619612+00:00
KXLOWTNOLA,KXLOWTNOLA-26OCT10-B66.5,NOLA Low Temperature,KMSY,2026-10-10,between,66.0,67.0,The Weather Company,https://weather.com/kalshi,0.29,0.43,0.57,0.71,25.0,3.0,26.0,,2026-10-11T06:00:00Z,active,2026-10-09T21:40:15.619612+00:00
KXLOWTNOLA,KXLOWTNOLA-26OCT10-B64.5,NOLA Low Temperature,KMSY,2026-10-10,between,64.0,65.0,The Weather Company,https://weather.com/kalshi,0.16,0.19,0.81,0.84,11.0,8.0,6.0,,2026-10-11T06:00:00Z,active,2026-10-09T21:40:15.619612+00:00
KXLOWTNOLA,KXLOWTNOLA-26OCT10-B62.5,NOLA Low Temperature,KMSY,2026-10-10,between,62.0,63.0,The Weather Company,https://weather.com/kalshi,0.02,0.07,0.93,0.98,15.0,23.63,20.37,,2026-10-11T06:00:00Z,active,2026-10-09T21:40:15.619612+00:00
KXLOWTNOLA,KXLOWTNOLA-26OCT09-T73,NOLA Low Temperature,KMSY,2026-10-09,greater,73.0,,The Weather Company,https://weather.com/kalshi,0.06,0.13,0.87,0.94,3.0,30.0,186.97,,2026-10-10T06:00:00Z,active,2026-10-09T21:40:15.619612+00:00
KXLOWTNOLA,KXLOWTNOLA-26OCT09-T66,NOLA Low Temperature,KMSY,2026-10-09,less,,66.0,The Weather Company,https://weather.com/kalshi,0.0,0.01,0.99,1.0,1.0,0.0,0.0,,2026-10-10T06:00:00Z,active,2026-10-09T21:40:15.619612+00:00
KXLOWTNOLA,KXLOWTNOLA-26OCT09-B72.5,NOLA Low Temperature,KMSY,2026-10-09,between,72.0,73.0,The Weather Company,https://weather.com/kalshi,0.42,0.5,0.5,0.58,1.0,1.0,191.44,,2026-10-10T06:00:00Z,active,2026-10-09T21:40:15.619612+00:00
KXLOWTNOLA,KXLOWTNOLA-26OCT09-B70.5,NOLA Low Temperature,KMSY,2026-10-09,between,70.0,71.0,The Weather Company,https://weather.com/kalshi,0.3,0.44,0.56,0.7,8.0,1.0,72.69,,2026-10-10T06:00:00Z,active,2026-10-09T21:40:15.619612+00:00
KXLOWTNOLA,KXLOWTNOLA-26OCT09-B68.5,NOLA Low Temperature,KMSY,2026-10-09,between,68.0,69.0,The Weather Company,https://weather.com/kalshi,0.03,0.11,0.89,0.97,6.0,27.97,216.91,,2026-10-10T06:00:00Z,active,2026-10-09T21:40:15.619612+00:00
KXLOWTNOLA,KXLOWTNOLA-26OCT09-B66.5,NOLA Low Temperature,KMSY,2026-10-09,between,66.0,67.0,The Weather Company,https://weather.com/kalshi,0.01,0.04,0.96,0.99,13.0,10.0,187.22,,2026-10-10T06:00:00Z,active,2026-10-09T21:40:15.619612+00:00
KXLOWTNYC,KXLOWTNYC-26OCT10-T55,Lowest temperature in NYC,KNYC,2026-10-10,greater,55.0,,The Weather Company,https://weather.com/kalshi,0.06,0.2,0.8,0.94,10.0,3.0,72.0,,2026-10-11T05:00:00Z,active,2026-10-09T21:40:15.619612+00:00
KXLOWTNYC,KXLOWTNYC-26OCT10-T48,Lowest temperature in NYC,KNYC,2026-10-10,less,,48.0,The Weather Company,https://weather.com/kalshi,0.01,0.02,0.98,0.99,84.0,236.72,245.28,,2026-10-11T05:00:00Z,active,2026-10-09T21:40:15.619612+00:00
KXLOWTNYC,KXLOWTNYC-26OCT10-B54.5,Lowest temperature in NYC,KNYC,2026-10-10,between,54.0,55.0,The Weather Company,https://weather.com/kalshi,0.41,0.48,0.52,0.59,30.28,10.0,70.57,,2026-10-11T05:00:00Z,active,2026-10-09T21:40:15.619612+00:00
KXLOWTNYC,KXLOWTNYC-26OCT10-B52.5,Lowest temperature in NYC,KNYC,2026-10-10,between,52.0,53.0,The Weather Company,https://weather.com/kalshi,0.23,0.28,0.72,0.77,20.0,26.61,17.0,,2026-10-11T05:00:00Z,active,2026-10-09T21:40:15.619612+00:00
KXLOWTNYC,KXLOWTNYC-26OCT10-B50.5,Lowest temperature in NYC,KNYC,2026-10-10,between,50.0,51.0,The Weather Company,https://weather.com/kalshi,0.04,0.06,0.94,0.96,123.0,0.14,3.11,,2026-10-11T05:00:00Z,active,2026-10-09T21:40:15.619612+00:00
KXLOWTNYC,KXLOWTNYC-26OCT10-B48.5,Lowest temperature in NYC,KNYC,2026-10-10,between,48.0,49.0,The Weather Company,https://weather.com/kalshi,0.01,0.02,0.98,0.99,55.0,135.34,183.66,,2026-10-11T05:00:00Z,active,2026-10-09T21:40:15.619612+00:00
KXLOWTNYC,KXLOWTNYC-26OCT09-T57,Lowest temperature in NYC,KNYC,2026-10-09,greater,57.0,,The Weather Company,https://weather.com/kalshi,0.0,0.01,0.99,1.0,21559.34,0.0,3901.7,,2026-10-10T05:00:00Z,active,2026-10-09T21:40:15.619612+00:00
KXLOWTNYC,KXLOWTNYC-26OCT09-T50,Lowest temperature in NYC,KNYC,2026-10-09,less,,50.0,The Weather Company,https://weather.com/kalshi,0.0,0.01,0.99,1.0,323.0,0.0,511.76,,2026-10-10T05:00:00Z,active,2026-10-09T21:40:15.619612+00:00
KXLOWTNYC,KXLOWTNYC-26OCT09-B56.5,Lowest temperature in NYC,KNYC,2026-10-09,between,56.0,57.0,The Weather Company,https://weather.com/kalshi,0.0,0.01,0.99,1.0,7258.65,0.0,2499.31,,2026-10-10T05:00:00Z,active,2026-10-09T21:40:15.619612+00:00
KXLOWTNYC,KXLOWTNYC-26OCT09-B54.5,Lowest temperature in NYC,KNYC,2026-10-09,between,54.0,55.0,The Weather Company,https://weather.com/kalshi,0.0,0.01,0.99,1.0,1198.0,0.0,9628.72,,2026-10-10T05:00:00Z,active,2026-10-09T21:40:15.619612+00:00
KXLOWTNYC,KXLOWTNYC-26OCT09-B52.5,Lowest temperature in NYC,KNYC,2026-10-09,between,52.0,53.0,The Weather Company,https://weather.com/kalshi,0.96,0.99,0.01,0.04,693.59,187.2,2571.56,,2026-10-10T05:00:00Z,active,2026-10-09T21:40:15.619612+00:00
KXLOWTNYC,KXLOWTNYC-26OCT09-B50.5,Lowest temperature in NYC,KNYC,2026-10-09,between,50.0,51.0,The Weather Company,https://weather.com/kalshi,0.01,0.03,0.97,0.99,26.0,210.0,1431.69,,2026-10-10T05:00:00Z,active,2026-10-09T21:40:15.619612+00:00
KXLOWTCHI,KXLOWTCHI-26OCT10-T62,Lowest Temperature Chicago,KMDW,2026-10-10,greater,62.0,,The Weather Company,https://weather.com/kalshi,0.09,0.14,0.86,0.91,14.0,3.0,61.0,,2026-10-11T06:00:00Z,active,2026-10-09T21:40:15.619612+00:00
KXLOWTCHI,KXLOWTCHI-26OCT10-T55,Lowest Temperature Chicago,KMDW,2026-10-10,less,,55.0,The Weather Company,https://weather.com/kalshi,0.02,0.05,0.95,0.98,83.0,53.44,30.56,,2026-10-11T06:00:00Z,active,2026-10-09T21:40:15.619612+00:00
KXLOWTCHI,KXLOWTCHI-26OCT10-B61.5,Lowest Temperature Chicago,KMDW,2026-10-10,between,61.0,62.0,The Weather Company,https://weather.com/kalshi,0.33,0.35,0.65,0.67,10.0,2.0,48.0,,2026-10-11T06:00:00Z,active,2026-10-09T21:40:15.619612+00:00
KXLOWTCHI,KXLOWTCHI-26OCT10-B59.5,Lowest Temperature Chicago,KMDW,2026-10-10,between,59.0,60.0,The Weather Company,https://weather.com/kalshi,0.26,0.4,0.6,0.74,14.0,10.0,17.09,,2026-10-11T06:00:00Z,active,2026-10-09T21:40:15.619612+00:00
KXLOWTCHI,KXLOWTCHI-26OCT10-B57.5,Lowest Temperature Chicago,KMDW,2026-10-10,between,57.0,58.0,The Weather Company,https://weather.com/kalshi,0.1,0.16,0.84,0.9,10.0,3.0,22.0,,2026-10-11T06:00:00Z,active,2026-10-09T21:40:15.619612+00:00
KXLOWTCHI,KXLOWTCHI-26OCT10-B55.5,Lowest Temperature Chicago,KMDW,2026-10-10,between,55.0,56.0,The Weather Company,https://weather.com/kalshi,0.03,0.05,0.95,0.97,7.0,15.0,105.18,,2026-10-11T06:00:00Z,active,2026-10-09T21:40:15.619612+00:00
KXLOWTCHI,KXLOWTCHI-26OCT09-T53,Lowest Temperature Chicago,KMDW,2026-10-09,greater,53.0,,The Weather Company,https://weather.com/kalshi,0.99,1.0,0.0,0.01,0.0,2124.0,1594.66,,2026-10-10T06:00:00Z,active,2026-10-09T21:40:15.619612+00:00
KXLOWTCHI,KXLOWTCHI-26OCT09-T46,Lowest Temperature Chicago,KMDW,2026-10-09,less,,46.0,The Weather Company,https://weather.com/kalshi,0.0,0.01,0.99,1.0,611.0,0.0,355.28,,2026-10-10T06:00:00Z,active,2026-10-09T21:40:15.619612+00:00
KXLOWTCHI,KXLOWTCHI-26OCT09-B52.5,Lowest Temperature Chicago,KMDW,2026-10-09,between,52.0,53.0,The Weather Company,https://weather.com/kalshi,0.0,0.01,0.99,1.0,914.0,0.0,266.34,,2026-10-10T06:00:00Z,active,2026-10-09T21:40:15.619612+00:00
KXLOWTCHI,KXLOWTCHI-26OCT09-B50.5,Lowest Temperature Chicago,KMDW,2026-10-09,between,50.0,51.0,The Weather Company,https://weather.com/kalshi,0.0,0.01,0.99,1.0,144.0,0.0,329.0,,2026-10-10T06:00:00Z,active,2026-10-09T21:40:15.619612+00:00
KXLOWTCHI,KXLOWTCHI-26OCT09-B48.5,Lowest Temperature Chicago,KMDW,2026-10-09,between,48.0,49.0,The Weather Company,https://weather.com/kalshi,0.0,0.01,0.99,1.0,340.0,0.0,411.0,,2026-10-10T06:00:00Z,active,2026-10-09T21:40:15.619612+00:00
KXLOWTCHI,KXLOWTCHI-26OCT09-B46.5,Lowest Temperature Chicago,KMDW,2026-10-09,between,46.0,47.0,The Weather Company,https://weather.com/kalshi,0.0,0.01,0.99,1.0,431.0,0.0,320.0,,2026-10-10T06:00:00Z,active,2026-10-09T21:40:15.619612+00:00
KXLOWTSFO,KXLOWTSFO-26OCT10-T57,Lowest Temperature San Francisco,KSFO,2026-10-10,greater,57.0,,The Weather Company,https://weather.com/kalshi,0.02,0.07,0.93,0.98,51.0,35.0,10.0,,2026-10-11T08:00:00Z,active,2026-10-09T21:40:15.619612+00:00
KXLOWTSFO,KXLOWTSFO-26OCT10-T50,Lowest Temperature San Francisco,KSFO,2026-10-10,less,,50.0,The Weather Company,https://weather.com/kalshi,0.0,0.01,0.99,1.0,19.0,0.0,0.0,,2026-10-11T08:00:00Z,active,2026-10-09T21:40:15.619612+00:00
KXLOWTSFO,KXLOWTSFO-26OCT10-B56.5,Lowest Temperature San Francisco,KSFO,2026-10-10,between,56.0,57.0,The Weather Company,https://weather.com/kalshi,0.2,0.26,0.74,0.8,10.0,8.0,67.46,,2026-10-11T08:00:00Z,active,2026-10-09T21:40:15.619612+00:00
KXLOWTSFO,KXLOWTSFO-26OCT10-B54.5,Lowest Temperature San Francisco,KSFO,2026-10-10,between,54.0,55.0,The Weather Company,https://weather.com/kalshi,0.44,0.61,0.39,0.56,10.0,4.0,66.0,,2026-10-11T08:00:00Z,active,2026-10-09T21:40:15.619612+00:00
KXLOWTSFO,KXLOWTSFO-26OCT10-B52.5,Lowest Temperature San Francisco,KSFO,2026-10-10,between,52.0,53.0,The Weather Company,https://weather.com/kalshi,0.03,0.14,0.86,0.97,3.0,34.4,40.0,,2026-10-11T08:00:00Z,active,2026-10-09T21:40:15.619612+00:00
KXLOWTSFO,KXLOWTSFO-26OCT10-B50.5,Lowest Temperature San Francisco,KSFO,2026-10-10,between,50.0,51.0,The Weather Company,https://weather.com/kalshi,0.01,0.05,0.95,0.99,7.0,10.0,220.66,,2026-10-11T08:00:00Z,active,2026-10-09T21:40:15.619612+00:00
KXLOWTSFO,KXLOWTSFO-26OCT09-T61,Lowest Temperature San Francisco,KSFO,2026-10-09,greater,61.0,,The Weather Company,https://weather.com/kalshi,0.0,0.01,0.99,1.0,23969.8,0.0,92.35,,2026-10-10T08:00:00Z,active,2026-10-09T21:40:15.619612+00:00
KXLOWTSFO,KXLOWTSFO-26OCT09-T54,Lowest Temperature San Francisco,KSFO,2026-10-09,less,,54.0,The Weather Company,https://weather.com/kalshi,0.0,0.01,0.99,1.0,70.0,0.0,237.98,,2026-10-10T08:00:00Z,active,2026-10-09T21:40:15.619612+00:00
KXLOWTSFO,KXLOWTSFO-26OCT09-B60.5,Lowest Temperature San Francisco,KSFO,2026-10-09,between,60.0,61.0,The Weather Company,https://weather.com/kalshi,0.0,0.01,0.99,1.0,22690.8,0.0,288.36,,2026-10-10T08:00:00Z,active,2026-10-09T21:40:15.619612+00:00
KXLOWTSFO,KXLOWTSFO-26OCT09-B58.5,Lowest Temperature San Francisco,KSFO,2026-10-09,between,58.0,59.0,The Weather Company,https://weather.com/kalshi,0.0,0.01,0.99,1.0,22195.8,0.0,93.35,,2026-10-10T08:00:00Z,active,2026-10-09T21:40:15.619612+00:00
KXLOWTSFO,KXLOWTSFO-26OCT09-B56.5,Lowest Temperature San Francisco,KSFO,2026-10-09,between,56.0,57.0,The Weather Company,https://weather.com/kalshi,0.96,0.98,0.02,0.04,27.0,243.0,770.03,,2026-10-10T08:00:00Z,active,2026-10-09T21:40:15.619612+00:00
KXLOWTSFO,KXLOWTSFO-26OCT09-B54.5,Lowest Temperature San Francisco,KSFO,2026-10-09,between,54.0,55.0,The Weather Company,https://weather.com/kalshi,0.02,0.04,0.96,0.98,36.0,29.0,326.81,,2026-10-10T08:00:00Z,active,2026-10-09T21:40:15.619612+00:00
KXLOWTSAN,KXLOWTSAN-26OCT10-T70,Low Temperature San Diego,KSAN,2026-10-10,greater,70.0,,The Weather Company,https://weather.com/kalshi,0.05,0.25,0.75,0.95,3.0,10.0,33.0,,2026-10-11T08:00:00Z,active,2026-10-09T21:40:15.619612+00:00
KXLOWTSAN,KXLOWTSAN-26OCT10-T63,Low Temperature San Diego,KSAN,2026-10-10,less,,63.0,The Weather Company,https://weather.com/kalshi,0.0,0.04,0.96,1.0,10.0,0.0,49.0,,2026-10-11T08:00:00Z,active,2026-10-09T21:40:15.619612+00:00
KXLOWTSAN,KXLOWTSAN-26OCT10-B69.5,Low Temperature San Diego,KSAN,2026-10-10,between,69.0,70.0,The Weather Company,https://weather.com/kalshi,0.71,0.91,0.09,0.29,10.0,7.0,6.0,,2026-10-11T08:00:00Z,active,2026-10-09T21:40:15.619612+00:00
KXLOWTSAN,KXLOWTSAN-26OCT10-B67.5,Low Temperature San Diego,KSAN,2026-10-10,between,67.0,68.0,The Weather Company,https://weather.com/kalshi,0.02,0.12,0.88,0.98,3.0,29.0,0.0,,2026-10-11T08:00:00Z,active,2026-10-09T21:40:15.619612+00:00
KXLOWTSAN,KXLOWTSAN-26OCT10-B65.5,Low Temperature San Diego,KSAN,2026-10-10,between,65.0,66.0,The Weather Company,https://weather.com/kalshi,0.02,0.09,0.91,0.98,3.0,23.91,5.09,,2026-10-11T08:00:00Z,active,2026-10-09T21:40:15.619612+00:00
KXLOWTSAN,KXLOWTSAN-26OCT10-B63.5,Low Temperature San Diego,KSAN,2026-10-10,between,63.0,64.0,The Weather Company,https://weather.com/kalshi,0.01,0.09,0.91,0.99,4.0,70.0,29.0,,2026-10-11T08:00:00Z,active,2026-10-09T21:40:15.619612+00:00
KXLOWTSAN,KXLOWTSAN-26OCT09-T71,Low Temperature San Diego,KSAN,2026-10-09,greater,71.0,,The Weather Company,https://weather.com/kalshi,0.0,0.01,0.99,1.0,3750.15,0.0,74.0,,2026-10-10T08:00:00Z,active,2026-10-09T21:40:15.619612+00:00
KXLOWTSAN,KXLOWTSAN-26OCT09-T64,Low Temperature San Diego,KSAN,2026-10-09,less,,64.0,The Weather Company,https://weather.com/kalshi,0.0,0.01,0.99,1.0,540.0,0.0,284.0,,2026-10-10T08:00:00Z,active,2026-10-09T21:40:15.619612+00:00
KXLOWTSAN,KXLOWTSAN-26OCT09-B70.5,Low Temperature San Diego,KSAN,2026-10-09,between,70.0,71.0,The Weather Company,https://weather.com/kalshi,0.01,0.02,0.98,0.99,53.44,202.23,1150.1,,2026-10-10T08:00:00Z,active,2026-10-09T21:40:15.619612+00:00
KXLOWTSAN,KXLOWTSAN-26OCT09-B68.5,Low Temperature San Diego,KSAN,2026-10-09,between,68.0,69.0,The Weather Company,https://weather.com/kalshi,0.98,0.99,0.01,0.02,429.46,53.0,322.15,,2026-10-10T08:00:00Z,active,2026-10-09T21:40:15.619612+00:00
KXLOWTSAN,KXLOWTSAN-26OCT09-B66.5,Low Temperature San Diego,KSAN,2026-10-09,between,66.0,67.0,The Weather Company,https://weather.com/kalshi,0.0,0.02,0.98,1.0,25.0,0.0,156.0,,2026-10-10T08:00:00Z,active,2026-10-09T21:40:15.619612+00:00
KXLOWTSAN,KXLOWTSAN-26OCT09-B64.5,Low Temperature San Diego,KSAN,2026-10-09,between,64.0,65.0,The Weather Company,https://weather.com/kalshi,0.0,0.07,0.93,1.0,7.0,0.0,284.0,,2026-10-10T08:00:00Z,active,2026-10-09T21:40:15.619612+00:00
KXLOWTPHIL,KXLOWTPHIL-26OCT10-T54,Lowest temperature in Philadelphia,KPHL,2026-10-10,greater,54.0,,The Weather Company,https://weather.com/kalshi,0.58,0.62,0.38,0.42,14.0,20.0,242.0,,2026-10-11T05:00:00Z,active,2026-10-09T21:40:15.619612+00:00
KXLOWTPHIL,KXLOWTPHIL-26OCT10-T47,Lowest temperature in Philadelphia,KPHL,2026-10-10,less,,47.0,The Weather Company,https://weather.com/kalshi,0.0,0.01,0.99,1.0,187.0,0.0,14.0,,2026-10-11T05:00:00Z,active,2026-10-09T21:40:15.619612+00:00
KXLOWTPHIL,KXLOWTPHIL-26OCT10-B53.5,Lowest temperature in Philadelphia,KPHL,2026-10-10,between,53.0,54.0,The Weather Company,https://weather.com/kalshi,0.29,0.34,0.66,0.71,3.0,11.0,81.86,,2026-10-11T05:00:00Z,active,2026-10-09T21:40:15.619612+00:00
KXLOWTPHIL,KXLOWTPHIL-26OCT10-B51.5,Lowest temperature in Philadelphia,KPHL,2026-10-10,between,51.0,52.0,The Weather Company,https://weather.com/kalshi,0.04,0.09,0.91,0.96,6.0,33.44,103.0,,2026-10-11T05:00:00Z,active,2026-10-09T21:40:15.619612+00:00
KXLOWTPHIL,KXLOWTPHIL-26OCT10-B49.5,Lowest temperature in Philadelphia,KPHL,2026-10-10,between,49.0,50.0,The Weather Company,https://weather.com/kalshi,0.01,0.02,0.98,0.99,21.0,43.34,145.66,,2026-10-11T05:00:00Z,active,2026-10-09T21:40:15.619612+00:00
KXLOWTPHIL,KXLOWTPHIL-26OCT10-B47.5,Lowest temperature in Philadelphia,KPHL,2026-10-10,between,47.0,48.0,The Weather Company,https://weather.com/kalshi,0.0,0.01,0.99,1.0,1.0,0.0,144.65,,2026-10-11T05:00:00Z,active,2026-10-09T21:40:15.619612+00:00
KXLOWTPHIL,KXLOWTPHIL-26OCT09-T55,Lowest temperature in Philadelphia,KPHL,2026-10-09,greater,55.0,,The Weather Company,https://weather.com/kalshi,0.0,0.01,0.99,1.0,24046.15,0.0,725.07,,2026-10-10T05:00:00Z,active,2026-10-09T21:40:15.619612+00:00
KXLOWTPHIL,KXLOWTPHIL-26OCT09-T48,Lowest temperature in Philadelphia,KPHL,2026-10-09,less,,48.0,The Weather Company,https://weather.com/kalshi,0.0,0.01,0.99,1.0,547.0,0.0,85.0,,2026-10-10T05:00:00Z,active,2026-10-09T21:40:15.619612+00:00
KXLOWTPHIL,KXLOWTPHIL-26OCT09-B54.5,Lowest temperature in Philadelphia,KPHL,2026-10-09,between,54.0,55.0,The Weather Company,https://weather.com/kalshi,0.0,0.01,0.99,1.0,17670.87,0.0,1149.98,,2026-10-10T05:00:00Z,active,2026-10-09T21:40:15.619612+00:00
KXLOWTPHIL,KXLOWTPHIL-26OCT09-B52.5,Lowest temperature in Philadelphia,KPHL,2026-10-09,between,52.0,53.0,The Weather Company,https://weather.com/kalshi,0.99,1.0,0.0,0.01,0.0,1111.07,1116.87,,2026-10-10T05:00:00Z,active,2026-10-09T21:40:15.619612+00:00
KXLOWTPHIL,KXLOWTPHIL-26OCT09-B50.5,Lowest temperature in Philadelphia,KPHL,2026-10-09,between,50.0,51.0,The Weather Company,https://weather.com/kalshi,0.0,0.01,0.99,1.0,2071.66,0.0,437.36,,2026-10-10T05:00:00Z,active,2026-10-09T21:40:15.619612+00:00
KXLOWTPHIL,KXLOWTPHIL-26OCT09-B48.5,Lowest temperature in Philadelphia,KPHL,2026-10-09,between,48.0,49.0,The Weather Company,https://weather.com/kalshi,0.0,0.01,0.99,1.0,425.0,0.0,517.29,,2026-10-10T05:00:00Z,active,2026-10-09T21:40:15.619612+00:00
KXLOWTDEN,KXLOWTDEN-26OCT10-T59,Lowest temperature in Denver,KDEN,2026-10-10,greater,59.0,,The Weather Company,https://weather.com/kalshi,0.12,0.2,0.8,0.88,8.0,10.0,30.35,,2026-10-11T07:00:00Z,active,2026-10-09T21:40:15.619612+00:00
KXLOWTDEN,KXLOWTDEN-26OCT10-T52,Lowest temperature in Denver,KDEN,2026-10-10,less,,52.0,The Weather Company,https://weather.com/kalshi,0.01,0.03,0.97,0.99,64.0,11.03,174.97,,2026-10-11T07:00:00Z,active,2026-10-09T21:40:15.619612+00:00
KXLOWTDEN,KXLOWTDEN-26OCT10-B58.5,Lowest temperature in Denver,KDEN,2026-10-10,between,58.0,59.0,The Weather Company,https://weather.com/kalshi,0.17,0.28,0.72,0.83,19.0,7.0,0.0,,2026-10-11T07:00:00Z,active,2026-10-09T21:40:15.619612+00:00
KXLOWTDEN,KXLOWTDEN-26OCT10-B56.5,Lowest temperature in Denver,KDEN,2026-10-10,between,56.0,57.0,The Weather Company,https://weather.com/kalshi,0.2,0.4,0.6,0.8,3.0,11.0,1.0,,2026-10-11T07:00:00Z,active,2026-10-09T21:40:15.619612+00:00
KXLOWTDEN,KXLOWTDEN-26OCT10-B54.5,Lowest temperature in Denver,KDEN,2026-10-10,between,54.0,55.0,The Weather Company,https://weather.com/kalshi,0.16,0.27,0.73,0.84,10.0,10.0,0.0,,2026-10-11T07:00:00Z,active,2026-10-09T21:40:15.619612+00:00
KXLOWTDEN,KXLOWTDEN-26OCT10-B52.5,Lowest temperature in Denver,KDEN,2026-10-10,between,52.0,53.0,The Weather Company,https://weather.com/kalshi,0.02,0.06,0.94,0.98,10.0,44.0,18.11,,2026-10-11T07:00:00Z,active,2026-10-09T21:40:15.619612+00:00
KXLOWTDEN,KXLOWTDEN-26OCT09-T56,Lowest temperature in Denver,KDEN,2026-10-09,greater,56.0,,The Weather Company,https://weather.com/kalshi,0.0,0.01,0.99,1.0,14613.44,0.0,1243.12,,2026-10-10T07:00:00Z,active,2026-10-09T21:40:15.619612+00:00
KXLOWTDEN,KXLOWTDEN-26OCT09-T49,Lowest temperature in Denver,KDEN,2026-10-09,less,,49.0,The Weather Company,https://weather.com/kalshi,0.0,0.01,0.99,1.0,394.0,0.0,191.18,,2026-10-10T07:00:00Z,active,2026-10-09T21:40:15.619612+00:00
KXLOWTDEN,KXLOWTDEN-26OCT09-B55.5,Lowest temperature in Denver,KDEN,2026-10-09,between,55.0,56.0,The Weather Company,https://weather.com/kalshi,0.98,0.99,0.01,0.02,640.77,348.0,1334.18,,2026-10-10T07:00:00Z,active,2026-10-09T21:40:15.619612+00:00
KXLOWTDEN,KXLOWTDEN-26OCT09-B53.5,Lowest temperature in Denver,KDEN,2026-10-09,between,53.0,54.0,The Weather Company,https://weather.com/kalshi,0.0,0.02,0.98,1.0,5.0,0.0,767.77,,2026-10-10T07:00:00Z,active,2026-10-09T21:40:15.619612+00:00
KXLOWTDEN,KXLOWTDEN-26OCT09-B51.5,Lowest temperature in Denver,KDEN,2026-10-09,between,51.0,52.0,The Weather Company,https://weather.com/kalshi,0.0,0.01,0.99,1.0,250.0,0.0,505.24,,2026-10-10T07:00:00Z,active,2026-10-09T21:40:15.619612+00:00
KXLOWTDEN,KXLOWTDEN-26OCT09-B49.5,Lowest temperature in Denver,KDEN,2026-10-09,between,49.0,50.0,The Weather Company,https://weather.com/kalshi,0.0,0.01,0.99,1.0,345.0,0.0,225.14,,2026-10-10T07:00:00Z,active,2026-10-09T21:40:15.619612+00:00
KXLOWTSEA,KXLOWTSEA-26OCT10-T48,Low Temperature Seattle,KSEA,2026-10-10,greater,48.0,,The Weather Company,https://weather.com/kalshi,0.0,0.1,0.9,1.0,12.0,0.0,160.65,,2026-10-11T08:00:00Z,active,2026-10-09T21:40:15.619612+00:00
KXLOWTSEA,KXLOWTSEA-26OCT10-T41,Low Temperature Seattle,KSEA,2026-10-10,less,,41.0,The Weather Company,https://weather.com/kalshi,0.0,0.01,0.99,1.0,19.0,0.0,0.0,,2026-10-11T08:00:00Z,active,2026-10-09T21:40:15.619612+00:00
KXLOWTSEA,KXLOWTSEA-26OCT10-B47.5,Low Temperature Seattle,KSEA,2026-10-10,between,47.0,48.0,The Weather Company,https://weather.com/kalshi,0.17,0.29,0.71,0.83,10.0,12.0,19.0,,2026-10-11T08:00:00Z,active,2026-10-09T21:40:15.619612+00:00
KXLOWTSEA,KXLOWTSEA-26OCT10-B45.5,Low Temperature Seattle,KSEA,2026-10-10,between,45.0,46.0,The Weather Company,https://weather.com/kalshi,0.55,0.58,0.42,0.45,9.0,10.0,10.7,,2026-10-11T08:00:00Z,active,2026-10-09T21:40:15.619612+00:00
KXLOWTSEA,KXLOWTSEA-26OCT10-B43.5,Low Temperature Seattle,KSEA,2026-10-10,between,43.0,44.0,The Weather Company,https://weather.com/kalshi,0.12,0.18,0.82,0.88,10.0,3.0,23.0,,2026-10-11T08:00:00Z,active,2026-10-09T21:40:15.619612+00:00
KXLOWTSEA,KXLOWTSEA-26OCT10-B41.5,Low Temperature Seattle,KSEA,2026-10-10,between,41.0,42.0,The Weather Company,https://weather.com/kalshi,0.01,0.07,0.93,0.99,26.0,12.0,173.65,,2026-10-11T08:00:00Z,active,2026-10-09T21:40:15.619612+00:00
KXLOWTSEA,KXLOWTSEA-26OCT09-T53,Low Temperature Seattle,KSEA,2026-10-09,greater,53.0,,The Weather Company,https://weather.com/kalshi,0.0,0.01,0.99,1.0,20666.0,0.0,178.0,,2026-10-10T08:00:00Z,active,2026-10-09T21:40:15.619612+00:00
KXLOWTSEA,KXLOWTSEA-26OCT09-T46,Low Temperature Seattle,KSEA,2026-10-09,less,,46.0,The Weather Company,https://weather.com/kalshi,0.01,0.02,0.98,0.99,98.0,301.0,183.18,,2026-10-10T08:00:00Z,active,2026-10-09T21:40:15.619612+00:00
KXLOWTSEA,KXLOWTSEA-26OCT09-B52.5,Low Temperature Seattle,KSEA,2026-10-09,between,52.0,53.0,The Weather Company,https://weather.com/kalshi,0.01,0.07,0.93,0.99,14.0,221.0,918.48,,2026-10-10T08:00:00Z,active,2026-10-09T21:40:15.619612+00:00
KXLOWTSEA,KXLOWTSEA-26OCT09-B50.5,Low Temperature Seattle,KSEA,2026-10-09,between,50.0,51.0,The Weather Company,https://weather.com/kalshi,0.26,0.34,0.66,0.74,2.0,1.0,344.46,,2026-10-10T08:00:00Z,active,2026-10-09T21:40:15.619612+00:00
KXLOWTSEA,KXLOWTSEA-26OCT09-B48.5,Low Temperature Seattle,KSEA,2026-10-09,between,48.0,49.0,The Weather Company,https://weather.com/kalshi,0.28,0.56,0.44,0.72,2.0,86.0,384.38,,2026-10-10T08:00:00Z,active,2026-10-09T21:40:15.619612+00:00
KXLOWTSEA,KXLOWTSEA-26OCT09-B46.5,Low Temperature Seattle,KSEA,2026-10-09,between,46.0,47.0,The Weather Company,https://weather.com/kalshi,0.01,0.08,0.92,0.99,15.0,333.0,437.23,,2026-10-10T08:00:00Z,active,2026-10-09T21:40:15.619612+00:00
KXLOWTBOS,KXLOWTBOS-26OCT10-T48,Low Temperature Boston,KBOS,2026-10-10,greater,48.0,,The Weather Company,https://weather.com/kalshi,0.3,0.5,0.5,0.7,10.0,10.0,148.01,,2026-10-11T05:00:00Z,active,2026-10-09T21:40:15.619612+00:00
KXLOWTBOS,KXLOWTBOS-26OCT10-T41,Low Temperature Boston,KBOS,2026-10-10,less,,41.0,The Weather Company,https://weather.com/kalshi,0.0,0.02,0.98,1.0,25.0,0.0,117.0,,2026-10-11T05:00:00Z,active,2026-10-09T21:40:15.619612+00:00
KXLOWTBOS,KXLOWTBOS-26OCT10-B47.5,Low Temperature Boston,KBOS,2026-10-10,between,47.0,48.0,The Weather Company,https://weather.com/kalshi,0.3,0.49,0.51,0.7,10.0,10.0,47.0,,2026-10-11T05:00:00Z,active,2026-10-09T21:40:15.619612+00:00
KXLOWTBOS,KXLOWTBOS-26OCT10-B45.5,Low Temperature Boston,KBOS,2026-10-10,between,45.0,46.0,The Weather Company,https://weather.com/kalshi,0.05,0.15,0.85,0.95,19.0,10.0,71.0,,2026-10-11T05:00:00Z,active,2026-10-09T21:40:15.619612+00:00
KXLOWTBOS,KXLOWTBOS-26OCT10-B43.5,Low Temperature Boston,KBOS,2026-10-10,between,43.0,44.0,The Weather Company,https://weather.com/kalshi,0.02,0.05,0.95,0.98,7.0,37.0,31.0,,2026-10-11T05:00:00Z,active,2026-10-09T21:40:15.619612+00:00
KXLOWTBOS,KXLOWTBOS-26OCT10-B41.5,Low Temperature Boston,KBOS,2026-10-10,between,41.0,42.0,The Weather Company,https://weather.com/kalshi,0.0,0.02,0.98,1.0,25.0,0.0,190.08,,2026-10-11T05:00:00Z,active,2026-10-09T21:40:15.619612+00:00
KXLOWTBOS,KXLOWTBOS-26OCT09-T55,Low Temperature Boston,KBOS,2026-10-09,greater,55.0,,The Weather Company,https://weather.com/kalshi,0.0,0.01,0.99,1.0,36219.15,0.0,579.84,,2026-10-10T05:00:00Z,active,2026-10-09T21:40:15.619612+00:00
KXLOWTBOS,KXLOWTBOS-26OCT09-T48,Low Temperature Boston,KBOS,2026-10-09,less,,48.0,The Weather Company,https://weather.com/kalshi,0.0,0.01,0.99,1.0,453.0,0.0,89.0,,2026-10-10T05:00:00Z,active,2026-10-09T21:40:15.619612+00:00
KXLOWTBOS,KXLOWTBOS-26OCT09-B54.5,Low Temperature Boston,KBOS,2026-10-09,between,54.0,55.0,The Weather Company,https://weather.com/kalshi,0.71,0.89,0.11,0.29,50.0,1.0,426.1,,2026-10-10T05:00:00Z,active,2026-10-09T21:40:15.619612+00:00
KXLOWTBOS,KXLOWTBOS-26OCT09-B52.5,Low Temperature Boston,KBOS,2026-10-09,between,52.0,53.0,The Weather Company,https://weather.com/kalshi,0.09,0.15,0.85,0.91,5.0,1.0,238.46,,2026-10-10T05:00:00Z,active,2026-10-09T21:40:15.619612+00:00
KXLOWTBOS,KXLOWTBOS-26OCT09-B50.5,Low Temperature Boston,KBOS,2026-10-09,between,50.0,51.0,The Weather Company,https://weather.com/kalshi,0.0,0.06,0.94,1.0,11.0,0.0,336.87,,2026-10-10T05:00:00Z,active,2026-10-09T21:40:15.619612+00:00
KXLOWTBOS,KXLOWTBOS-26OCT09-B48.5,Low Temperature Boston,KBOS,2026-10-09,between,48.0,49.0,The Weather Company,https://weather.com/kalshi,0.0,0.01,0.99,1.0,302.0,0.0,184.0,,2026-10-10T05:00:00Z,active,2026-10-09T21:40:15.619612+00:00
KXHIGHTSAN,KXHIGHTSAN-26OCT10-T83,High Temperature San Diego,KSAN,2026-10-10,greater,83.0,,The Weather Company,https://weather.com/kalshi,0.0,0.02,0.98,1.0,6.0,0.0,232.73,,2026-10-11T08:00:00Z,active,2026-10-09T21:40:15.619612+00:00
KXHIGHTSAN,KXHIGHTSAN-26OCT10-T76,High Temperature San Diego,KSAN,2026-10-10,less,,76.0,The Weather Company,https://weather.com/kalshi,0.05,0.08,0.92,0.95,6.0,28.0,43.21,,2026-10-11T08:00:00Z,active,2026-10-09T21:40:15.619612+00:00
KXHIGHTSAN,KXHIGHTSAN-26OCT10-B82.5,High Temperature San Diego,KSAN,2026-10-10,between,82.0,83.0,The Weather Company,https://weather.com/kalshi,0.03,0.06,0.94,0.97,19.0,18.0,15.45,,2026-10-11T08:00:00Z,active,2026-10-09T21:40:15.619612+00:00
KXHIGHTSAN,KXHIGHTSAN-26OCT10-B80.5,High Temperature San Diego,KSAN,2026-10-10,between,80.0,81.0,The Weather Company,https://weather.com/kalshi,0.15,0.2,0.8,0.85,15.0,13.0,6.0,,2026-10-11T08:00:00Z,active,2026-10-09T21:40:15.619612+00:00
KXHIGHTSAN,KXHIGHTSAN-26OCT10-B78.5,High Temperature San Diego,KSAN,2026-10-10,between,78.0,79.0,The Weather Company,https://weather.com/kalshi,0.4,0.46,0.54,0.6,30.0,10.0,6.0,,2026-10-11T08:00:00Z,active,2026-10-09T21:40:15.619612+00:00
KXHIGHTSAN,KXHIGHTSAN-26OCT10-B76.5,High Temperature San Diego,KSAN,2026-10-10,between,76.0,77.0,The Weather Company,https://weather.com/kalshi,0.18,0.28,0.72,0.82,10.0,18.0,1.0,,2026-10-11T08:00:00Z,active,2026-10-09T21:40:15.619612+00:00
KXHIGHTSAN,KXHIGHTSAN-26OCT09-T87,High Temperature San Diego,KSAN,2026-10-09,greater,87.0,,The Weather Company,https://weather.com/kalshi,0.01,0.02,0.98,0.99,527.0,10.0,140.02,,2026-10-10T08:00:00Z,active,2026-10-09T21:40:15.619612+00:00
KXHIGHTSAN,KXHIGHTSAN-26OCT09-T80,High Temperature San Diego,KSAN,2026-10-09,less,,80.0,The Weather Company,https://weather.com/kalshi,0.0,0.01,0.99,1.0,6182.77,0.0,2247.13,,2026-10-10T08:00:00Z,active,2026-10-09T21:40:15.619612+00:00
KXHIGHTSAN,KXHIGHTSAN-26OCT09-B86.5,High Temperature San Diego,KSAN,2026-10-09,between,86.0,87.0,The Weather Company,https://weather.com/kalshi,0.01,0.02,0.98,0.99,55.0,10.0,323.44,,2026-10-10T08:00:00Z,active,2026-10-09T21:40:15.619612+00:00
KXHIGHTSAN,KXHIGHTSAN-26OCT09-B84.5,High Temperature San Diego,KSAN,2026-10-09,between,84.0,85.0,The Weather Company,https://weather.com/kalshi,0.01,0.03,0.97,0.99,14.0,10.0,422.9,,2026-10-10T08:00:00Z,active,2026-10-09T21:40:15.619612+00:00
KXHIGHTSAN,KXHIGHTSAN-26OCT09-B82.5,High Temperature San Diego,KSAN,2026-10-09,between,82.0,83.0,The Weather Company,https://weather.com/kalshi,0.0,0.02,0.98,1.0,13.33,0.0,627.97,,2026-10-10T08:00:00Z,active,2026-10-09T21:40:15.619612+00:00
KXHIGHTSAN,KXHIGHTSAN-26OCT09-B80.5,High Temperature San Diego,KSAN,2026-10-09,between,80.0,81.0,The Weather Company,https://weather.com/kalshi,0.89,0.99,0.01,0.11,343.52,8.72,1623.54,,2026-10-10T08:00:00Z,active,2026-10-09T21:40:15.619612+00:00
KXLOWTLV,KXLOWTLV-26OCT10-T72,Las Vegas Daily Low Temperature,KLAS,2026-10-10,greater,72.0,,The Weather Company,https://weather.com/kalshi,0.61,0.66,0.34,0.39,4.0,10.0,129.57,,2026-10-11T08:00:00Z,active,2026-10-09T21:40:15.619612+00:00
KXLOWTLV,KXLOWTLV-26OCT10-T65,Las Vegas Daily Low Temperature,KLAS,2026-10-10,less,,65.0,The Weather Company,https://weather.com/kalshi,0.02,0.05,0.95,0.98,23.0,127.0,42.0,,2026-10-11T08:00:00Z,active,2026-10-09T21:40:15.619612+00:00
KXLOWTLV,KXLOWTLV-26OCT10-B71.5,Las Vegas Daily Low Temperature,KLAS,2026-10-10,between,71.0,72.0,The Weather Company,https://weather.com/kalshi,0.16,0.26,0.74,0.84,3.0,33.3,0.0,,2026-10-11T08:00:00Z,active,2026-10-09T21:40:15.619612+00:00
KXLOWTLV,KXLOWTLV-26OCT10-B69.5,Las Vegas Daily Low Temperature,KLAS,2026-10-10,between,69.0,70.0,The Weather Company,https://weather.com/kalshi,0.04,0.12,0.88,0.96,3.0,28.0,16.0,,2026-10-11T08:00:00Z,active,2026-10-09T21:40:15.619612+00:00
KXLOWTLV,KXLOWTLV-26OCT10-B67.5,Las Vegas Daily Low Temperature,KLAS,2026-10-10,between,67.0,68.0,The Weather Company,https://weather.com/kalshi,0.04,0.06,0.94,0.96,5.0,29.0,0.0,,2026-10-11T08:00:00Z,active,2026-10-09T21:40:15.619612+00:00
KXLOWTLV,KXLOWTLV-26OCT10-B65.5,Las Vegas Daily Low Temperature,KLAS,2026-10-10,between,65.0,66.0,The Weather Company,https://weather.com/kalshi,0.03,0.04,0.96,0.97,7.0,973.0,171.67,,2026-10-11T08:00:00Z,active,2026-10-09T21:40:15.619612+00:00
KXLOWTLV,KXLOWTLV-26OCT09-T73,Las Vegas Daily Low Temperature,KLAS,2026-10-09,greater,73.0,,The Weather Company,https://weather.com/kalshi,0.98,0.99,0.01,0.02,33.0,432.0,1481.53,,2026-10-10T08:00:00Z,active,2026-10-09T21:40:15.619612+00:00
KXLOWTLV,KXLOWTLV-26OCT09-T66,Las Vegas Daily Low Temperature,KLAS,2026-10-09,less,,66.0,The Weather Company,https://weather.com/kalshi,0.0,0.01,0.99,1.0,376.0,0.0,32.0,,2026-10-10T08:00:00Z,active,2026-10-09T21:40:15.619612+00:00
KXLOWTLV,KXLOWTLV-26OCT09-B72.5,Las Vegas Daily Low Temperature,KLAS,2026-10-09,between,72.0,73.0,The Weather Company,https://weather.com/kalshi,0.0,0.02,0.98,1.0,331.0,0.0,398.71,,2026-10-10T08:00:00Z,active,2026-10-09T21:40:15.619612+00:00
KXLOWTLV,KXLOWTLV-26OCT09-B70.5,Las Vegas Daily Low Temperature,KLAS,2026-10-09,between,70.0,71.0,The Weather Company,https://weather.com/kalshi,0.0,0.01,0.99,1.0,400.0,0.0,959.92,,2026-10-10T08:00:00Z,active,2026-10-09T21:40:15.619612+00:00
KXLOWTLV,KXLOWTLV-26OCT09-B68.5,Las Vegas Daily Low Temperature,KLAS,2026-10-09,between,68.0,69.0,The Weather Company,https://weather.com/kalshi,0.0,0.01,0.99,1.0,410.0,0.0,206.0,,2026-10-10T08:00:00Z,active,2026-10-09T21:40:15.619612+00:00
KXLOWTLV,KXLOWTLV-26OCT09-B66.5,Las Vegas Daily Low Temperature,KLAS,2026-10-09,between,66.0,67.0,The Weather Company,https://weather.com/kalshi,0.0,0.01,0.99,1.0,407.0,0.0,80.0,,2026-10-10T08:00:00Z,active,2026-10-09T21:40:15.619612+00:00
KXHIGHTSATX,KXHIGHTSATX-26OCT10-T96,San Antonio Daily Maximum Temperature,KSAT,2026-10-10,greater,96.0,,The Weather Company,https://weather.com/kalshi,0.0,0.01,0.99,1.0,70.0,0.0,240.0,,2026-10-11T06:00:00Z,active,2026-10-09T21:40:15.619612+00:00
KXHIGHTSATX,KXHIGHTSATX-26OCT10-T89,San Antonio Daily Maximum Temperature,KSAT,2026-10-10,less,,89.0,The Weather Company,https://weather.com/kalshi,0.02,0.03,0.97,0.98,74.24,69.0,322.21,,2026-10-11T06:00:00Z,active,2026-10-09T21:40:15.619612+00:00
KXHIGHTSATX,KXHIGHTSATX-26OCT10-B95.5,San Antonio Daily Maximum Temperature,KSAT,2026-10-10,between,95.0,96.0,The Weather Company,https://weather.com/kalshi,0.0,0.02,0.98,1.0,104.0,0.0,329.54,,2026-10-11T06:00:00Z,active,2026-10-09T21:40:15.619612+00:00
KXHIGHTSATX,KXHIGHTSATX-26OCT10-B93.5,San Antonio Daily Maximum Temperature,KSAT,2026-10-10,between,93.0,94.0,The Weather Company,https://weather.com/kalshi,0.04,0.06,0.94,0.96,24.0,151.0,24.0,,2026-10-11T06:00:00Z,active,2026-10-09T21:40:15.619612+00:00
KXHIGHTSATX,KXHIGHTSATX-26OCT10-B91.5,San Antonio Daily Maximum Temperature,KSAT,2026-10-10,between,91.0,92.0,The Weather Company,https://weather.com/kalshi,0.37,0.38,0.62,0.63,16.0,5.0,196.0,,2026-10-11T06:00:00Z,active,2026-10-09T21:40:15.619612+00:00
KXHIGHTSATX,KXHIGHTSATX-26OCT10-B89.5,San Antonio Daily Maximum Temperature,KSAT,2026-10-10,between,89.0,90.0,The Weather Company,https://weather.com/kalshi,0.54,0.55,0.45,0.46,18.0,40.0,498.87,,2026-10-11T06:00:00Z,active,2026-10-09T21:40:15.619612+00:00
KXHIGHTSATX,KXHIGHTSATX-26OCT09-T95,San Antonio Daily Maximum Temperature,KSAT,2026-10-09,greater,95.0,,The Weather Company,https://weather.com/kalshi,0.0,0.01,0.99,1.0,84.0,0.0,851.0,,2026-10-10T06:00:00Z,active,2026-10-09T21:40:15.619612+00:00
KXHIGHTSATX,KXHIGHTSATX-26OCT09-T88,San Antonio Daily Maximum Temperature,KSAT,2026-10-09,less,,88.0,The Weather Company,https://weather.com/kalshi,0.0,0.01,0.99,1.0,7281.15,0.0,622.47,,2026-10-10T06:00:00Z,active,2026-10-09T21:40:15.619612+00:00
KXHIGHTSATX,KXHIGHTSATX-26OCT09-B94.5,San Antonio Daily Maximum Temperature,KSAT,2026-10-09,between,94.0,95.0,The Weather Company,https://weather.com/kalshi,0.0,0.02,0.98,1.0,151.0,0.0,868.01,,2026-10-10T06:00:00Z,active,2026-10-09T21:40:15.619612+00:00
KXHIGHTSATX,KXHIGHTSATX-26OCT09-B92.5,San Antonio Daily Maximum Temperature,KSAT,2026-10-09,between,92.0,93.0,The Weather Company,https://weather.com/kalshi,0.01,0.02,0.98,0.99,40.0,220.32,1217.02,,2026-10-10T06:00:00Z,active,2026-10-09T21:40:15.619612+00:00
KXHIGHTSATX,KXHIGHTSATX-26OCT09-B90.5,San Antonio Daily Maximum Temperature,KSAT,2026-10-09,between,90.0,91.0,The Weather Company,https://weather.com/kalshi,0.88,0.99,0.01,0.12,509.0,31.0,1622.34,,2026-10-10T06:00:00Z,active,2026-10-09T21:40:15.619612+00:00
KXHIGHTSATX,KXHIGHTSATX-26OCT09-B88.5,San Antonio Daily Maximum Temperature,KSAT,2026-10-09,between,88.0,89.0,The Weather Company,https://weather.com/kalshi,0.01,0.04,0.96,0.99,84.0,50.0,2131.03,,2026-10-10T06:00:00Z,active,2026-10-09T21:40:15.619612+00:00
KXHIGHMIA,KXHIGHMIA-26OCT10-T94,Highest temperature in Miami,KMIA,2026-10-10,greater,94.0,,The Weather Company,https://weather.com/kalshi,0.01,0.02,0.98,0.99,44.0,239.42,436.81,,2026-10-11T05:00:00Z,active,2026-10-09T21:40:15.619612+00:00
KXHIGHMIA,KXHIGHMIA-26OCT10-T87,Highest temperature in Miami,KMIA,2026-10-10,less,,87.0,The Weather Company,https://weather.com/kalshi,0.0,0.01,0.99,1.0,2000.0,0.0,5735.71,,2026-10-11T05:00:00Z,active,2026-10-09T21:40:15.619612+00:00
KXHIGHMIA,KXHIGHMIA-26OCT10-B93.5,Highest temperature in Miami,KMIA,2026-10-10,between,93.0,94.0,The Weather Company,https://weather.com/kalshi,0.05,0.06,0.94,0.95,62.44,94.0,239.01,,2026-10-11T05:00:00Z,active,2026-10-09T21:40:15.619612+00:00
KXHIGHMIA,KXHIGHMIA-26OCT10-B91.5,Highest temperature in Miami,KMIA,2026-10-10,between,91.0,92.0,The Weather Company,https://weather.com/kalshi,0.51,0.52,0.48,0.49,18.0,29.0,1672.89,,2026-10-11T05:00:00Z,active,2026-10-09T21:40:15.619612+00:00
KXHIGHMIA,KXHIGHMIA-26OCT10-B89.5,Highest temperature in Miami,KMIA,2026-10-10,between,89.0,90.0,The Weather Company,https://weather.com/kalshi,0.38,0.4,0.6,0.62,11.72,13.0,1032.07,,2026-10-11T05:00:00Z,active,2026-10-09T21:40:15.619612+00:00
KXHIGHMIA,KXHIGHMIA-26OCT10-B87.5,Highest temperature in Miami,KMIA,2026-10-10,between,87.0,88.0,The Weather Company,https://weather.com/kalshi,0.04,0.05,0.95,0.96,43.0,30.0,802.64,,2026-10-11T05:00:00Z,active,2026-10-09T21:40:15.619612+00:00
KXHIGHMIA,KXHIGHMIA-26OCT09-T93,Highest temperature in Miami,KMIA,2026-10-09,greater,93.0,,The Weather Company,https://weather.com/kalshi,0.0,0.01,0.99,1.0,12307.46,0.0,2853.44,,2026-10-10T05:00:00Z,active,2026-10-09T21:40:15.619612+00:00
KXHIGHMIA,KXHIGHMIA-26OCT09-T86,Highest temperature in Miami,KMIA,2026-10-09,less,,86.0,The Weather Company,https://weather.com/kalshi,0.0,0.01,0.99,1.0,168358.65,0.0,2036.43,,2026-10-10T05:00:00Z,active,2026-10-09T21:40:15.619612+00:00
KXHIGHMIA,KXHIGHMIA-26OCT09-B92.5,Highest temperature in Miami,KMIA,2026-10-09,between,92.0,93.0,The Weather Company,https://weather.com/kalshi,0.0,0.01,0.99,1.0,13018.55,0.0,11233.84,,2026-10-10T05:00:00Z,active,2026-10-09T21:40:15.619612+00:00
KXHIGHMIA,KXHIGHMIA-26OCT09-B90.5,Highest temperature in Miami,KMIA,2026-10-09,between,90.0,91.0,The Weather Company,https://weather.com/kalshi,0.99,1.0,0.0,0.01,0.0,12070.26,27771.26,,2026-10-10T05:00:00Z,active,2026-10-09T21:40:15.619612+00:00
KXHIGHMIA,KXHIGHMIA-26OCT09-B88.5,Highest temperature in Miami,KMIA,2026-10-09,between,88.0,89.0,The Weather Company,https://weather.com/kalshi,0.0,0.01,0.99,1.0,168138.57,0.0,58951.78,,2026-10-10T05:00:00Z,active,2026-10-09T21:40:15.619612+00:00
KXHIGHMIA,KXHIGHMIA-26OCT09-B86.5,Highest temperature in Miami,KMIA,2026-10-09,between,86.0,87.0,The Weather Company,https://weather.com/kalshi,0.0,0.01,0.99,1.0,188321.53,0.0,16964.52,,2026-10-10T05:00:00Z,active,2026-10-09T21:40:15.619612+00:00
KXLOWTAUS,KXLOWTAUS-26OCT10-T67,Lowest temperature in Austin,KAUS,2026-10-10,greater,67.0,,The Weather Company,https://weather.com/kalshi,0.01,0.03,0.97,0.99,32.0,248.02,225.98,,2026-10-11T06:00:00Z,active,2026-10-09T21:40:15.619612+00:00
KXLOWTAUS,KXLOWTAUS-26OCT10-T60,Lowest temperature in Austin,KAUS,2026-10-10,less,,60.0,The Weather Company,https://weather.com/kalshi,0.78,0.81,0.19,0.22,7.18,44.08,444.92,,2026-10-11T06:00:00Z,active,2026-10-09T21:40:15.619612+00:00
KXLOWTAUS,KXLOWTAUS-26OCT10-B66.5,Lowest temperature in Austin,KAUS,2026-10-10,between,66.0,67.0,The Weather Company,https://weather.com/kalshi,0.01,0.03,0.97,0.99,32.0,355.0,100.0,,2026-10-11T06:00:00Z,active,2026-10-09T21:40:15.619612+00:00
KXLOWTAUS,KXLOWTAUS-26OCT10-B64.5,Lowest temperature in Austin,KAUS,2026-10-10,between,64.0,65.0,The Weather Company,https://weather.com/kalshi,0.03,0.05,0.95,0.97,7.0,41.92,5.08,,2026-10-11T06:00:00Z,active,2026-10-09T21:40:15.619612+00:00
KXLOWTAUS,KXLOWTAUS-26OCT10-B62.5,Lowest temperature in Austin,KAUS,2026-10-10,between,62.0,63.0,The Weather Company,https://weather.com/kalshi,0.04,0.09,0.91,0.96,14.0,103.0,74.1,,2026-10-11T06:00:00Z,active,2026-10-09T21:40:15.619612+00:00
KXLOWTAUS,KXLOWTAUS-26OCT10-B60.5,Lowest temperature in Austin,KAUS,2026-10-10,between,60.0,61.0,The Weather Company,https://weather.com/kalshi,0.12,0.17,0.83,0.88,36.0,3.0,121.49,,2026-10-11T06:00:00Z,active,2026-10-09T21:40:15.619612+00:00
KXLOWTAUS,KXLOWTAUS-26OCT09-T66,Lowest temperature in Austin,KAUS,2026-10-09,greater,66.0,,The Weather Company,https://weather.com/kalshi,0.0,0.01,0.99,1.0,28971.04,0.0,791.49,,2026-10-10T06:00:00Z,active,2026-10-09T21:40:15.619612+00:00
KXLOWTAUS,KXLOWTAUS-26OCT09-T59,Lowest temperature in Austin,KAUS,2026-10-09,less,,59.0,The Weather Company,https://weather.com/kalshi,0.0,0.01,0.99,1.0,182.0,0.0,514.0,,2026-10-10T06:00:00Z,active,2026-10-09T21:40:15.619612+00:00
KXLOWTAUS,KXLOWTAUS-26OCT09-B65.5,Lowest temperature in Austin,KAUS,2026-10-09,between,65.0,66.0,The Weather Company,https://weather.com/kalshi,0.0,0.01,0.99,1.0,26547.14,0.0,601.68,,2026-10-10T06:00:00Z,active,2026-10-09T21:40:15.619612+00:00
KXLOWTAUS,KXLOWTAUS-26OCT09-B63.5,Lowest temperature in Austin,KAUS,2026-10-09,between,63.0,64.0,The Weather Company,https://weather.com/kalshi,0.78,0.96,0.04,0.22,104.18,10.0,2071.89,,2026-10-10T06:00:00Z,active,2026-10-09T21:40:15.619612+00:00
KXLOWTAUS,KXLOWTAUS-26OCT09-B61.5,Lowest temperature in Austin,KAUS,2026-10-09,between,61.0,62.0,The Weather Company,https://weather.com/kalshi,0.07,0.1,0.9,0.93,1.0,25.0,2300.76,,2026-10-10T06:00:00Z,active,2026-10-09T21:40:15.619612+00:00
KXLOWTAUS,KXLOWTAUS-26OCT09-B59.5,Lowest temperature in Austin,KAUS,2026-10-09,between,59.0,60.0,The Weather Company,https://weather.com/kalshi,0.0,0.02,0.98,1.0,440.0,0.0,486.93,,2026-10-10T06:00:00Z,active,2026-10-09T21:40:15.619612+00:00
KXLOWTATL,KXLOWTATL-26OCT10-T63,Low Temperature Atlanta,KATL,2026-10-10,greater,63.0,,The Weather Company,https://weather.com/kalshi,0.03,0.04,0.96,0.97,4.0,18.0,102.14,,2026-10-11T05:00:00Z,active,2026-10-09T21:40:15.619612+00:00
KXLOWTATL,KXLOWTATL-26OCT10-T56,Low Temperature Atlanta,KATL,2026-10-10,less,,56.0,The Weather Company,https://weather.com/kalshi,0.0,0.02,0.98,1.0,32.0,0.0,166.65,,2026-10-11T05:00:00Z,active,2026-10-09T21:40:15.619612+00:00
KXLOWTATL,KXLOWTATL-26OCT10-B62.5,Low Temperature Atlanta,KATL,2026-10-10,between,62.0,63.0,The Weather Company,https://weather.com/kalshi,0.09,0.27,0.73,0.91,10.0,28.01,119.0,,2026-10-11T05:00:00Z,active,2026-10-09T21:40:15.619612+00:00
KXLOWTATL,KXLOWTATL-26OCT10-B60.5,Low Temperature Atlanta,KATL,2026-10-10,between,60.0,61.0,The Weather Company,https://weather.com/kalshi,0.45,0.56,0.44,0.55,3.2,10.0,108.0,,2026-10-11T05:00:00Z,active,2026-10-09T21:40:15.619612+00:00
KXLOWTATL,KXLOWTATL-26OCT10-B58.5,Low Temperature Atlanta,KATL,2026-10-10,between,58.0,59.0,The Weather Company,https://weather.com/kalshi,0.12,0.17,0.83,0.88,10.0,7.0,0.0,,2026-10-11T05:00:00Z,active,2026-10-09T21:40:15.619612+00:00
KXLOWTATL,KXLOWTATL-26OCT10-B56.5,Low Temperature Atlanta,KATL,2026-10-10,between,56.0,57.0,The Weather Company,https://weather.com/kalshi,0.01,0.06,0.94,0.99,15.0,10.0,230.94,,2026-10-11T05:00:00Z,active,2026-10-09T21:40:15.619612+00:00
KXLOWTATL,KXLOWTATL-26OCT09-T65,Low Temperature Atlanta,KATL,2026-10-09,greater,65.0,,The Weather Company,https://weather.com/kalshi,0.0,0.01,0.99,1.0,25506.33,0.0,1183.91,,2026-10-10T05:00:00Z,active,2026-10-09T21:40:15.619612+00:00
KXLOWTATL,KXLOWTATL-26OCT09-T58,Low Temperature Atlanta,KATL,2026-10-09,less,,58.0,The Weather Company,https://weather.com/kalshi,0.01,0.02,0.98,0.99,25.24,973.02,451.68,,2026-10-10T05:00:00Z,active,2026-10-09T21:40:15.619612+00:00
KXLOWTATL,KXLOWTATL-26OCT09-B64.5,Low Temperature Atlanta,KATL,2026-10-09,between,64.0,65.0,The Weather Company,https://weather.com/kalshi,0.13,0.74,0.26,0.87,27.0,10.0,805.38,,2026-10-10T05:00:00Z,active,2026-10-09T21:40:15.619612+00:00
KXLOWTATL,KXLOWTATL-26OCT09-B62.5,Low Temperature Atlanta,KATL,2026-10-09,between,62.0,63.0,The Weather Company,https://weather.com/kalshi,0.21,0.39,0.61,0.79,2.0,2.0,427.26,,2026-10-10T05:00:00Z,active,2026-10-09T21:40:15.619612+00:00
KXLOWTATL,KXLOWTATL-26OCT09-B60.5,Low Temperature Atlanta,KATL,2026-10-09,between,60.0,61.0,The Weather Company,https://weather.com/kalshi,0.1,0.11,0.89,0.9,1.0,1.0,287.99,,2026-10-10T05:00:00Z,active,2026-10-09T21:40:15.619612+00:00
KXLOWTATL,KXLOWTATL-26OCT09-B58.5,Low Temperature Atlanta,KATL,2026-10-09,between,58.0,59.0,The Weather Company,https://weather.com/kalshi,0.03,0.08,0.92,0.97,33.0,797.11,1457.35,,2026-10-10T05:00:00Z,active,2026-10-09T21:40:15.619612+00:00
KXHIGHTSDF,KXHIGHTSDF-26OCT10-T78,HIGHEST Temperature SATX,KSDF,2026-10-10,greater,78.0,,The Weather Company,https://weather.com/kalshi,0.01,0.02,0.98,0.99,16.0,3.0,183.81,,2026-10-11T05:00:00Z,active,2026-10-09T21:40:15.619612+00:00
KXHIGHTSDF,KXHIGHTSDF-26OCT10-T71,HIGHEST Temperature SATX,KSDF,2026-10-10,less,,71.0,The Weather Company,https://weather.com/kalshi,0.24,0.25,0.75,0.76,15.0,86.0,53.0,,2026-10-11T05:00:00Z,active,2026-10-09T21:40:15.619612+00:00
KXHIGHTSDF,KXHIGHTSDF-26OCT10-B77.5,HIGHEST Temperature SATX,KSDF,2026-10-10,between,77.0,78.0,The Weather Company,https://weather.com/kalshi,0.01,0.02,0.98,0.99,124.0,3.0,159.67,,2026-10-11T05:00:00Z,active,2026-10-09T21:40:15.619612+00:00
KXHIGHTSDF,KXHIGHTSDF-26OCT10-B75.5,HIGHEST Temperature SATX,KSDF,2026-10-10,between,75.0,76.0,The Weather Company,https://weather.com/kalshi,0.03,0.09,0.91,0.97,6.0,57.0,11.07,,2026-10-11T05:00:00Z,active,2026-10-09T21:40:15.619612+00:00
KXHIGHTSDF,KXHIGHTSDF-26OCT10-B73.5,HIGHEST Temperature SATX,KSDF,2026-10-10,between,73.0,74.0,The Weather Company,https://weather.com/kalshi,0.13,0.45,0.55,0.87,3.0,23.0,56.0,,2026-10-11T05:00:00Z,active,2026-10-09T21:40:15.619612+00:00
KXHIGHTSDF,KXHIGHTSDF-26OCT10-B71.5,HIGHEST Temperature SATX,KSDF,2026-10-10,between,71.0,72.0,The Weather Company,https://weather.com/kalshi,0.23,0.33,0.67,0.77,15.0,25.0,44.0,,2026-10-11T05:00:00Z,active,2026-10-09T21:40:15.619612+00:00
KXHIGHTSDF,KXHIGHTSDF-26OCT09-T90,HIGHEST Temperature SATX,KSDF,2026-10-09,greater,90.0,,The Weather Company,https://weather.com/kalshi,0.0,0.01,0.99,1.0,115.18,0.0,258.17,,2026-10-10T05:00:00Z,active,2026-10-09T21:40:15.619612+00:00
KXHIGHTSDF,KXHIGHTSDF-26OCT09-T83,HIGHEST Temperature SATX,KSDF,2026-10-09,less,,83.0,The Weather Company,https://weather.com/kalshi,0.0,0.01,0.99,1.0,3351.16,0.0,194.54,,2026-10-10T05:00:00Z,active,2026-10-09T21:40:15.619612+00:00
KXHIGHTSDF,KXHIGHTSDF-26OCT09-B89.5,HIGHEST Temperature SATX,KSDF,2026-10-09,between,89.0,90.0,The Weather Company,https://weather.com/kalshi,0.0,0.01,0.99,1.0,1525.0,0.0,589.32,,2026-10-10T05:00:00Z,active,2026-10-09T21:40:15.619612+00:00
KXHIGHTSDF,KXHIGHTSDF-26OCT09-B87.5,HIGHEST Temperature SATX,KSDF,2026-10-09,between,87.0,88.0,The Weather Company,https://weather.com/kalshi,0.0,0.01,0.99,1.0,1525.0,0.0,400.18,,2026-10-10T05:00:00Z,active,2026-10-09T21:40:15.619612+00:00
KXHIGHTSDF,KXHIGHTSDF-26OCT09-B85.5,HIGHEST Temperature SATX,KSDF,2026-10-09,between,85.0,86.0,The Weather Company,https://weather.com/kalshi,0.99,1.0,0.0,0.01,0.0,1475.0,926.91,,2026-10-10T05:00:00Z,active,2026-10-09T21:40:15.619612+00:00
KXHIGHTSDF,KXHIGHTSDF-26OCT09-B83.5,HIGHEST Temperature SATX,KSDF,2026-10-09,between,83.0,84.0,The Weather Company,https://weather.com/kalshi,0.0,0.01,0.99,1.0,2707.0,0.0,216.86,,2026-10-10T05:00:00Z,active,2026-10-09T21:40:15.619612+00:00
KXLOWTEWR,KXLOWTEWR-26OCT10-T52,"Newark, NJ (EWR) Daily Low Temp",KEWR,2026-10-10,greater,52.0,,The Weather Company,https://weather.com/kalshi,0.32,0.5,0.5,0.68,10.0,6.0,56.0,,2026-10-11T05:00:00Z,active,2026-10-09T21:40:15.619612+00:00
KXLOWTEWR,KXLOWTEWR-26OCT10-T45,"Newark, NJ (EWR) Daily Low Temp",KEWR,2026-10-10,less,,45.0,The Weather Company,https://weather.com/kalshi,0.01,0.02,0.98,0.99,4.0,225.0,172.66,,2026-10-11T05:00:00Z,active,2026-10-09T21:40:15.619612+00:00
KXLOWTEWR,KXLOWTEWR-26OCT10-B51.5,"Newark, NJ (EWR) Daily Low Temp",KEWR,2026-10-10,between,51.0,52.0,The Weather Company,https://weather.com/kalshi,0.07,0.11,0.89,0.93,0.01,14.0,5559.4,,2026-10-11T05:00:00Z,active,2026-10-09T21:40:15.619612+00:00
KXLOWTEWR,KXLOWTEWR-26OCT10-B49.5,"Newark, NJ (EWR) Daily Low Temp",KEWR,2026-10-10,between,49.0,50.0,The Weather Company,https://weather.com/kalshi,0.21,0.31,0.69,0.79,10.0,1.0,57.0,,2026-10-11T05:00:00Z,active,2026-10-09T21:40:15.619612+00:00
KXLOWTEWR,KXLOWTEWR-26OCT10-B47.5,"Newark, NJ (EWR) Daily Low Temp",KEWR,2026-10-10,between,47.0,48.0,The Weather Company,https://weather.com/kalshi,0.14,0.24,0.76,0.86,10.0,1.0,47.0,,2026-10-11T05:00:00Z,active,2026-10-09T21:40:15.619612+00:00
KXLOWTEWR,KXLOWTEWR-26OCT10-B45.5,"Newark, NJ (EWR) Daily Low Temp",KEWR,2026-10-10,between,45.0,46.0,The Weather Company,https://weather.com/kalshi,0.02,0.04,0.96,0.98,1.0,2.0,192.66,,2026-10-11T05:00:00Z,active,2026-10-09T21:40:15.619612+00:00
KXLOWTEWR,KXLOWTEWR-26OCT09-T55,"Newark, NJ (EWR) Daily Low Temp",KEWR,2026-10-09,greater,55.0,,The Weather Company,https://weather.com/kalshi,0.0,0.01,0.99,1.0,9859.0,0.0,385.74,,2026-10-10T05:00:00Z,active,2026-10-09T21:40:15.619612+00:00
KXLOWTEWR,KXLOWTEWR-26OCT09-T48,"Newark, NJ (EWR) Daily Low Temp",KEWR,2026-10-09,less,,48.0,The Weather Company,https://weather.com/kalshi,0.99,1.0,0.0,0.01,0.0,902.0,812.98,,2026-10-10T05:00:00Z,active,2026-10-09T21:40:15.619612+00:00
KXLOWTEWR,KXLOWTEWR-26OCT09-B54.5,"Newark, NJ (EWR) Daily Low Temp",KEWR,2026-10-09,between,54.0,55.0,The Weather Company,https://weather.com/kalshi,0.0,0.01,0.99,1.0,10774.73,0.0,5927.09,,2026-10-10T05:00:00Z,active,2026-10-09T21:40:15.619612+00:00
KXLOWTEWR,KXLOWTEWR-26OCT09-B52.5,"Newark, NJ (EWR) Daily Low Temp",KEWR,2026-10-09,between,52.0,53.0,The Weather Company,https://weather.com/kalshi,0.0,0.01,0.99,1.0,9746.0,0.0,363.58,,2026-10-10T05:00:00Z,active,2026-10-09T21:40:15.619612+00:00
KXLOWTEWR,KXLOWTEWR-26OCT09-B50.5,"Newark, NJ (EWR) Daily Low Temp",KEWR,2026-10-09,between,50.0,51.0,The Weather Company,https://weather.com/kalshi,0.0,0.01,0.99,1.0,10405.49,0.0,727.51,,2026-10-10T05:00:00Z,active,2026-10-09T21:40:15.619612+00:00
KXLOWTEWR,KXLOWTEWR-26OCT09-B48.5,"Newark, NJ (EWR) Daily Low Temp",KEWR,2026-10-09,between,48.0,49.0,The Weather Company,https://weather.com/kalshi,0.0,0.01,0.99,1.0,9423.83,0.0,854.35,,2026-10-10T05:00:00Z,active,2026-10-09T21:40:15.619612+00:00
KXHIGHTNOLA,KXHIGHTNOLA-26OCT10-T86,New Orleans Max temp Daily,KMSY,2026-10-10,greater,86.0,,The Weather Company,https://weather.com/kalshi,0.01,0.02,0.98,0.99,485.24,75.0,192.51,,2026-10-11T06:00:00Z,active,2026-10-09T21:40:15.619612+00:00
KXHIGHTNOLA,KXHIGHTNOLA-26OCT10-T79,New Orleans Max temp Daily,KMSY,2026-10-10,less,,79.0,The Weather Company,https://weather.com/kalshi,0.02,0.03,0.97,0.98,68.0,195.34,433.66,,2026-10-11T06:00:00Z,active,2026-10-09T21:40:15.619612+00:00
KXHIGHTNOLA,KXHIGHTNOLA-26OCT10-B85.5,New Orleans Max temp Daily,KMSY,2026-10-10,between,85.0,86.0,The Weather Company,https://weather.com/kalshi,0.06,0.07,0.93,0.94,6.0,310.93,93.08,,2026-10-11T06:00:00Z,active,2026-10-09T21:40:15.619612+00:00
KXHIGHTNOLA,KXHIGHTNOLA-26OCT10-B83.5,New Orleans Max temp Daily,KMSY,2026-10-10,between,83.0,84.0,The Weather Company,https://weather.com/kalshi,0.49,0.5,0.5,0.51,4.0,7.0,241.62,,2026-10-11T06:00:00Z,active,2026-10-09T21:40:15.619612+00:00
KXHIGHTNOLA,KXHIGHTNOLA-26OCT10-B81.5,New Orleans Max temp Daily,KMSY,2026-10-10,between,81.0,82.0,The Weather Company,https://weather.com/kalshi,0.26,0.29,0.71,0.74,12.16,1.0,35.14,,2026-10-11T06:00:00Z,active,2026-10-09T21:40:15.619612+00:00
KXHIGHTNOLA,KXHIGHTNOLA-26OCT10-B79.5,New Orleans Max temp Daily,KMSY,2026-10-10,between,79.0,80.0,The Weather Company,https://weather.com/kalshi,0.09,0.1,0.9,0.91,7.0,27.0,430.0,,2026-10-11T06:00:00Z,active,2026-10-09T21:40:15.619612+00:00
KXHIGHTNOLA,KXHIGHTNOLA-26OCT09-T85,New Orleans Max temp Daily,KMSY,2026-10-09,greater,85.0,,The Weather Company,https://weather.com/kalshi,0.0,0.01,0.99,1.0,305.0,0.0,2685.62,,2026-10-10T06:00:00Z,active,2026-10-09T21:40:15.619612+00:00
KXHIGHTNOLA,KXHIGHTNOLA-26OCT09-T78,New Orleans Max temp Daily,KMSY,2026-10-09,less,,78.0,The Weather Company,https://weather.com/kalshi,0.0,0.01,0.99,1.0,98537.61,0.0,1112.0,,2026-10-10T06:00:00Z,active,2026-10-09T21:40:15.619612+00:00
KXHIGHTNOLA,KXHIGHTNOLA-26OCT09-B84.5,New Orleans Max temp Daily,KMSY,2026-10-09,between,84.0,85.0,The Weather Company,https://weather.com/kalshi,0.99,1.0,0.0,0.01,0.0,928.82,5988.5,,2026-10-10T06:00:00Z,active,2026-10-09T21:40:15.619612+00:00
KXHIGHTNOLA,KXHIGHTNOLA-26OCT09-B82.5,New Orleans Max temp Daily,KMSY,2026-10-09,between,82.0,83.0,The Weather Company,https://weather.com/kalshi,0.0,0.01,0.99,1.0,112510.28,0.0,5910.51,,2026-10-10T06:00:00Z,active,2026-10-09T21:40:15.619612+00:00
KXHIGHTNOLA,KXHIGHTNOLA-26OCT09-B80.5,New Orleans Max temp Daily,KMSY,2026-10-09,between,80.0,81.0,The Weather Company,https://weather.com/kalshi,0.0,0.01,0.99,1.0,103479.55,0.0,4447.18,,2026-10-10T06:00:00Z,active,2026-10-09T21:40:15.619612+00:00
KXHIGHTNOLA,KXHIGHTNOLA-26OCT09-B78.5,New Orleans Max temp Daily,KMSY,2026-10-09,between,78.0,79.0,The Weather Company,https://weather.com/kalshi,0.0,0.01,0.99,1.0,105299.02,0.0,3774.23,,2026-10-10T06:00:00Z,active,2026-10-09T21:40:15.619612+00:00
KXHIGHTSEA,KXHIGHTSEA-26OCT10-T63,Seattle Maximum Temperature Daily,KSEA,2026-10-10,greater,63.0,,The Weather Company,https://weather.com/kalshi,0.0,0.01,0.99,1.0,54.0,0.0,305.0,,2026-10-11T08:00:00Z,active,2026-10-09T21:40:15.619612+00:00
KXHIGHTSEA,KXHIGHTSEA-26OCT10-T56,Seattle Maximum Temperature Daily,KSEA,2026-10-10,less,,56.0,The Weather Company,https://weather.com/kalshi,0.03,0.04,0.96,0.97,72.24,80.0,184.23,,2026-10-11T08:00:00Z,active,2026-10-09T21:40:15.619612+00:00
KXHIGHTSEA,KXHIGHTSEA-26OCT10-B62.5,Seattle Maximum Temperature Daily,KSEA,2026-10-10,between,62.0,63.0,The Weather Company,https://weather.com/kalshi,0.01,0.02,0.98,0.99,103.0,175.84,346.16,,2026-10-11T08:00:00Z,active,2026-10-09T21:40:15.619612+00:00
KXHIGHTSEA,KXHIGHTSEA-26OCT10-B60.5,Seattle Maximum Temperature Daily,KSEA,2026-10-10,between,60.0,61.0,The Weather Company,https://weather.com/kalshi,0.06,0.07,0.93,0.94,46.0,155.32,39.0,,2026-10-11T08:00:00Z,active,2026-10-09T21:40:15.619612+00:00
KXHIGHTSEA,KXHIGHTSEA-26OCT10-B58.5,Seattle Maximum Temperature Daily,KSEA,2026-10-10,between,58.0,59.0,The Weather Company,https://weather.com/kalshi,0.48,0.49,0.51,0.52,1.0,1.0,429.0,,2026-10-11T08:00:00Z,active,2026-10-09T21:40:15.619612+00:00
KXHIGHTSEA,KXHIGHTSEA-26OCT10-B56.5,Seattle Maximum Temperature Daily,KSEA,2026-10-10,between,56.0,57.0,The Weather Company,https://weather.com/kalshi,0.35,0.36,0.64,0.65,177.0,40.0,174.0,,2026-10-11T08:00:00Z,active,2026-10-09T21:40:15.619612+00:00
KXHIGHTSEA,KXHIGHTSEA-26OCT09-T66,Seattle Maximum Temperature Daily,KSEA,2026-10-09,greater,66.0,,The Weather Company,https://weather.com/kalshi,0.0,0.01,0.99,1.0,382.27,0.0,884.09,,2026-10-10T08:00:00Z,active,2026-10-09T21:40:15.619612+00:00
KXHIGHTSEA,KXHIGHTSEA-26OCT09-T59,Seattle Maximum Temperature Daily,KSEA,2026-10-09,less,,59.0,The Weather Company,https://weather.com/kalshi,0.84,0.88,0.12,0.16,19.0,1.0,12655.47,,2026-10-10T08:00:00Z,active,2026-10-09T21:40:15.619612+00:00
KXHIGHTSEA,KXHIGHTSEA-26OCT09-B65.5,Seattle Maximum Temperature Daily,KSEA,2026-10-09,between,65.0,66.0,The Weather Company,https://weather.com/kalshi,0.0,0.01,0.99,1.0,249.24,0.0,2973.38,,2026-10-10T08:00:00Z,active,2026-10-09T21:40:15.619612+00:00
KXHIGHTSEA,KXHIGHTSEA-26OCT09-B63.5,Seattle Maximum Temperature Daily,KSEA,2026-10-09,between,63.0,64.0,The Weather Company,https://weather.com/kalshi,0.0,0.01,0.99,1.0,80.27,0.0,5903.67,,2026-10-10T08:00:00Z,active,2026-10-09T21:40:15.619612+00:00
KXHIGHTSEA,KXHIGHTSEA-26OCT09-B61.5,Seattle Maximum Temperature Daily,KSEA,2026-10-09,between,61.0,62.0,The Weather Company,https://weather.com/kalshi,0.01,0.02,0.98,0.99,18.83,18.0,5579.36,,2026-10-10T08:00:00Z,active,2026-10-09T21:40:15.619612+00:00
KXHIGHTSEA,KXHIGHTSEA-26OCT09-B59.5,Seattle Maximum Temperature Daily,KSEA,2026-10-09,between,59.0,60.0,The Weather Company,https://weather.com/kalshi,0.12,0.18,0.82,0.88,9.0,67.92,13594.84,,2026-10-10T08:00:00Z,active,2026-10-09T21:40:15.619612+00:00
KXHIGHTMIN,KXHIGHTMIN-26OCT10-T92,Minneapolis Daily High Temperature,KMSP,2026-10-10,greater,92.0,,The Weather Company,https://weather.com/kalshi,0.02,0.03,0.97,0.98,81.0,19.0,365.78,,2026-10-11T06:00:00Z,active,2026-10-09T21:40:15.619612+00:00
KXHIGHTMIN,KXHIGHTMIN-26OCT10-T85,Minneapolis Daily High Temperature,KMSP,2026-10-10,less,,85.0,The Weather Company,https://weather.com/kalshi,0.01,0.02,0.98,0.99,74.0,240.46,264.54,,2026-10-11T06:00:00Z,active,2026-10-09T21:40:15.619612+00:00
KXHIGHTMIN,KXHIGHTMIN-26OCT10-B91.5,Minneapolis Daily High Temperature,KMSP,2026-10-10,between,91.0,92.0,The Weather Company,https://weather.com/kalshi,0.02,0.03,0.97,0.98,44.0,205.0,579.37,,2026-10-11T06:00:00Z,active,2026-10-09T21:40:15.619612+00:00
KXHIGHTMIN,KXHIGHTMIN-26OCT10-B89.5,Minneapolis Daily High Temperature,KMSP,2026-10-10,between,89.0,90.0,The Weather Company,https://weather.com/kalshi,0.3,0.31,0.69,0.7,46.0,5.0,589.76,,2026-10-11T06:00:00Z,active,2026-10-09T21:40:15.619612+00:00
KXHIGHTMIN,KXHIGHTMIN-26OCT10-B87.5,Minneapolis Daily High Temperature,KMSP,2026-10-10,between,87.0,88.0,The Weather Company,https://weather.com/kalshi,0.51,0.52,0.48,0.49,30.0,17.0,375.97,,2026-10-11T06:00:00Z,active,2026-10-09T21:40:15.619612+00:00
KXHIGHTMIN,KXHIGHTMIN-26OCT10-B85.5,Minneapolis Daily High Temperature,KMSP,2026-10-10,between,85.0,86.0,The Weather Company,https://weather.com/kalshi,0.17,0.2,0.8,0.83,33.0,2.0,177.84,,2026-10-11T06:00:00Z,active,2026-10-09T21:40:15.619612+00:00
KXHIGHTMIN,KXHIGHTMIN-26OCT09-T79,Minneapolis Daily High Temperature,KMSP,2026-10-09,greater,79.0,,The Weather Company,https://weather.com/kalshi,0.0,0.01,0.99,1.0,8873.12,0.0,390.07,,2026-10-10T06:00:00Z,active,2026-10-09T21:40:15.619612+00:00
KXHIGHTMIN,KXHIGHTMIN-26OCT09-T72,Minneapolis Daily High Temperature,KMSP,2026-10-09,less,,72.0,The Weather Company,https://weather.com/kalshi,0.0,0.01,0.99,1.0,45779.67,0.0,1698.2,,2026-10-10T06:00:00Z,active,2026-10-09T21:40:15.619612+00:00
KXHIGHTMIN,KXHIGHTMIN-26OCT09-B78.5,Minneapolis Daily High Temperature,KMSP,2026-10-09,between,78.0,79.0,The Weather Company,https://weather.com/kalshi,0.0,0.01,0.99,1.0,202.93,0.0,669.65,,2026-10-10T06:00:00Z,active,2026-10-09T21:40:15.619612+00:00
KXHIGHTMIN,KXHIGHTMIN-26OCT09-B76.5,Minneapolis Daily High Temperature,KMSP,2026-10-09,between,76.0,77.0,The Weather Company,https://weather.com/kalshi,0.0,0.03,0.97,1.0,49.55,0.0,5239.59,,2026-10-10T06:00:00Z,active,2026-10-09T21:40:15.619612+00:00
KXHIGHTMIN,KXHIGHTMIN-26OCT09-B74.5,Minneapolis Daily High Temperature,KMSP,2026-10-09,between,74.0,75.0,The Weather Company,https://weather.com/kalshi,0.04,0.09,0.91,0.96,74.0,37.0,4031.6,,2026-10-10T06:00:00Z,active,2026-10-09T21:40:15.619612+00:00
KXHIGHTMIN,KXHIGHTMIN-26OCT09-B72.5,Minneapolis Daily High Temperature,KMSP,2026-10-09,between,72.0,73.0,The Weather Company,https://weather.com/kalshi,0.66,0.97,0.03,0.34,71.0,54.0,6947.85,,2026-10-10T06:00:00Z,active,2026-10-09T21:40:15.619612+00:00
KXHIGHTBOS,KXHIGHTBOS-26OCT10-T68,Boston Maximum Daily Temperature,KBOS,2026-10-10,greater,68.0,,The Weather Company,https://weather.com/kalshi,0.01,0.02,0.98,0.99,552.24,86.0,283.79,,2026-10-11T05:00:00Z,active,2026-10-09T21:40:15.619612+00:00
KXHIGHTBOS,KXHIGHTBOS-26OCT10-T61,Boston Maximum Daily Temperature,KBOS,2026-10-10,less,,61.0,The Weather Company,https://weather.com/kalshi,0.01,0.02,0.98,0.99,52.0,827.06,229.94,,2026-10-11T05:00:00Z,active,2026-10-09T21:40:15.619612+00:00
KXHIGHTBOS,KXHIGHTBOS-26OCT10-B67.5,Boston Maximum Daily Temperature,KBOS,2026-10-10,between,67.0,68.0,The Weather Company,https://weather.com/kalshi,0.03,0.04,0.96,0.97,121.0,53.0,209.0,,2026-10-11T05:00:00Z,active,2026-10-09T21:40:15.619612+00:00
KXHIGHTBOS,KXHIGHTBOS-26OCT10-B65.5,Boston Maximum Daily Temperature,KBOS,2026-10-10,between,65.0,66.0,The Weather Company,https://weather.com/kalshi,0.24,0.25,0.75,0.76,9.0,19.96,54.0,,2026-10-11T05:00:00Z,active,2026-10-09T21:40:15.619612+00:00
KXHIGHTBOS,KXHIGHTBOS-26OCT10-B63.5,Boston Maximum Daily Temperature,KBOS,2026-10-10,between,63.0,64.0,The Weather Company,https://weather.com/kalshi,0.56,0.57,0.43,0.44,1.0,38.0,301.5,,2026-10-11T05:00:00Z,active,2026-10-09T21:40:15.619612+00:00
KXHIGHTBOS,KXHIGHTBOS-26OCT10-B61.5,Boston Maximum Daily Temperature,KBOS,2026-10-10,between,61.0,62.0,The Weather Company,https://weather.com/kalshi,0.12,0.13,0.87,0.88,30.0,14.84,125.0,,2026-10-11T05:00:00Z,active,2026-10-09T21:40:15.619612+00:00
KXHIGHTBOS,KXHIGHTBOS-26OCT09-T71,Boston Maximum Daily Temperature,KBOS,2026-10-09,greater,71.0,,The Weather Company,https://weather.com/kalshi,0.0,0.01,0.99,1.0,3528.0,0.0,1974.8,,2026-10-10T05:00:00Z,active,2026-10-09T21:40:15.619612+00:00
KXHIGHTBOS,KXHIGHTBOS-26OCT09-T64,Boston Maximum Daily Temperature,KBOS,2026-10-09,less,,64.0,The Weather Company,https://weather.com/kalshi,0.0,0.01,0.99,1.0,40714.74,0.0,531.08,,2026-10-10T05:00:00Z,active,2026-10-09T21:40:15.619612+00:00
KXHIGHTBOS,KXHIGHTBOS-26OCT09-B70.5,Boston Maximum Daily Temperature,KBOS,2026-10-09,between,70.0,71.0,The Weather Company,https://weather.com/kalshi,0.0,0.01,0.99,1.0,2484.0,0.0,9679.03,,2026-10-10T05:00:00Z,active,2026-10-09T21:40:15.619612+00:00
KXHIGHTBOS,KXHIGHTBOS-26OCT09-B68.5,Boston Maximum Daily Temperature,KBOS,2026-10-09,between,68.0,69.0,The Weather Company,https://weather.com/kalshi,0.99,1.0,0.0,0.01,0.0,2570.0,6363.19,,2026-10-10T05:00:00Z,active,2026-10-09T21:40:15.619612+00:00
KXHIGHTBOS,KXHIGHTBOS-26OCT09-B66.5,Boston Maximum Daily Temperature,KBOS,2026-10-09,between,66.0,67.0,The Weather Company,https://weather.com/kalshi,0.0,0.01,0.99,1.0,43763.8,0.0,6814.14,,2026-10-10T05:00:00Z,active,2026-10-09T21:40:15.619612+00:00
KXHIGHTBOS,KXHIGHTBOS-26OCT09-B64.5,Boston Maximum Daily Temperature,KBOS,2026-10-09,between,64.0,65.0,The Weather Company,https://weather.com/kalshi,0.0,0.01,0.99,1.0,50232.07,0.0,2017.69,,2026-10-10T05:00:00Z,active,2026-10-09T21:40:15.619612+00:00
KXLOWTSDF,KXLOWTSDF-26OCT10-T64,Lowest Temperature SDX,KSDF,2026-10-10,greater,64.0,,The Weather Company,https://weather.com/kalshi,0.01,0.1,0.9,0.99,5.0,18.91,154.74,,2026-10-11T05:00:00Z,active,2026-10-09T21:40:15.619612+00:00
KXLOWTSDF,KXLOWTSDF-26OCT10-T57,Lowest Temperature SDX,KSDF,2026-10-10,less,,57.0,The Weather Company,https://weather.com/kalshi,0.07,0.08,0.92,0.93,33.0,110.0,32.0,,2026-10-11T05:00:00Z,active,2026-10-09T21:40:15.619612+00:00
KXLOWTSDF,KXLOWTSDF-26OCT10-B63.5,Lowest Temperature SDX,KSDF,2026-10-10,between,63.0,64.0,The Weather Company,https://weather.com/kalshi,0.2,0.36,0.64,0.8,30.0,10.0,33.46,,2026-10-11T05:00:00Z,active,2026-10-09T21:40:15.619612+00:00
KXLOWTSDF,KXLOWTSDF-26OCT10-B61.5,Lowest Temperature SDX,KSDF,2026-10-10,between,61.0,62.0,The Weather Company,https://weather.com/kalshi,0.46,0.63,0.37,0.54,8.0,10.0,3.0,,2026-10-11T05:00:00Z,active,2026-10-09T21:40:15.619612+00:00
KXLOWTSDF,KXLOWTSDF-26OCT10-B59.5,Lowest Temperature SDX,KSDF,2026-10-10,between,59.0,60.0,The Weather Company,https://weather.com/kalshi,0.07,0.2,0.8,0.93,10.0,136.0,13.0,,2026-10-11T05:00:00Z,active,2026-10-09T21:40:15.619612+00:00
KXLOWTSDF,KXLOWTSDF-26OCT10-B57.5,Lowest Temperature SDX,KSDF,2026-10-10,between,57.0,58.0,The Weather Company,https://weather.com/kalshi,0.1,0.13,0.87,0.9,10.0,557.0,45.55,,2026-10-11T05:00:00Z,active,2026-10-09T21:40:15.619612+00:00
KXLOWTSDF,KXLOWTSDF-26OCT09-T54,Lowest Temperature SDX,KSDF,2026-10-09,greater,54.0,,The Weather Company,https://weather.com/kalshi,0.0,0.01,0.99,1.0,362.87,0.0,495.15,,2026-10-10T05:00:00Z,active,2026-10-09T21:40:15.619612+00:00
KXLOWTSDF,KXLOWTSDF-26OCT09-T47,Lowest Temperature SDX,KSDF,2026-10-09,less,,47.0,The Weather Company,https://weather.com/kalshi,0.0,0.01,0.99,1.0,540.0,0.0,277.0,,2026-10-10T05:00:00Z,active,2026-10-09T21:40:15.619612+00:00
KXLOWTSDF,KXLOWTSDF-26OCT09-B53.5,Lowest Temperature SDX,KSDF,2026-10-09,between,53.0,54.0,The Weather Company,https://weather.com/kalshi,0.99,1.0,0.0,0.01,0.0,35.0,898.0,,2026-10-10T05:00:00Z,active,2026-10-09T21:40:15.619612+00:00
KXLOWTSDF,KXLOWTSDF-26OCT09-B51.5,Lowest Temperature SDX,KSDF,2026-10-09,between,51.0,52.0,The Weather Company,https://weather.com/kalshi,0.0,0.01,0.99,1.0,8.0,0.0,256.0,,2026-10-10T05:00:00Z,active,2026-10-09T21:40:15.619612+00:00
KXLOWTSDF,KXLOWTSDF-26OCT09-B49.5,Lowest Temperature SDX,KSDF,2026-10-09,between,49.0,50.0,The Weather Company,https://weather.com/kalshi,0.0,0.01,0.99,1.0,164.0,0.0,151.0,,2026-10-10T05:00:00Z,active,2026-10-09T21:40:15.619612+00:00
KXLOWTSDF,KXLOWTSDF-26OCT09-B47.5,Lowest Temperature SDX,KSDF,2026-10-09,between,47.0,48.0,The Weather Company,https://weather.com/kalshi,0.0,0.01,0.99,1.0,429.0,0.0,194.93,,2026-10-10T05:00:00Z,active,2026-10-09T21:40:15.619612+00:00
KXHIGHTTTN,KXHIGHTTTN-26OCT10-T76,"Trenton, NJ Daily Max Temp",KTTN,2026-10-10,greater,76.0,,The Weather Company,https://weather.com/kalshi,0.0,0.02,0.98,1.0,45.0,0.0,193.1,,2026-10-11T05:00:00Z,active,2026-10-09T21:40:15.619612+00:00
KXHIGHTTTN,KXHIGHTTTN-26OCT10-T69,"Trenton, NJ Daily Max Temp",KTTN,2026-10-10,less,,69.0,The Weather Company,https://weather.com/kalshi,0.01,0.02,0.98,0.99,58.0,3.0,165.18,,2026-10-11T05:00:00Z,active,2026-10-09T21:40:15.619612+00:00
KXHIGHTTTN,KXHIGHTTTN-26OCT10-B75.5,"Trenton, NJ Daily Max Temp",KTTN,2026-10-10,between,75.0,76.0,The Weather Company,https://weather.com/kalshi,0.01,0.02,0.98,0.99,45.0,221.0,199.45,,2026-10-11T05:00:00Z,active,2026-10-09T21:40:15.619612+00:00
KXHIGHTTTN,KXHIGHTTTN-26OCT10-B73.5,"Trenton, NJ Daily Max Temp",KTTN,2026-10-10,between,73.0,74.0,The Weather Company,https://weather.com/kalshi,0.1,0.2,0.8,0.9,21.0,13.0,52.0,,2026-10-11T05:00:00Z,active,2026-10-09T21:40:15.619612+00:00
KXHIGHTTTN,KXHIGHTTTN-26OCT10-B71.5,"Trenton, NJ Daily Max Temp",KTTN,2026-10-10,between,71.0,72.0,The Weather Company,https://weather.com/kalshi,0.5,0.63,0.37,0.5,38.0,10.0,4.0,,2026-10-11T05:00:00Z,active,2026-10-09T21:40:15.619612+00:00
KXHIGHTTTN,KXHIGHTTTN-26OCT10-B69.5,"Trenton, NJ Daily Max Temp",KTTN,2026-10-10,between,69.0,70.0,The Weather Company,https://weather.com/kalshi,0.22,0.32,0.68,0.78,12.0,3.0,5.0,,2026-10-11T05:00:00Z,active,2026-10-09T21:40:15.619612+00:00
KXHIGHTTTN,KXHIGHTTTN-26OCT09-T76,"Trenton, NJ Daily Max Temp",KTTN,2026-10-09,greater,76.0,,The Weather Company,https://weather.com/kalshi,0.0,0.01,0.99,1.0,2505.18,0.0,346.05,,2026-10-10T05:00:00Z,active,2026-10-09T21:40:15.619612+00:00
KXHIGHTTTN,KXHIGHTTTN-26OCT09-T69,"Trenton, NJ Daily Max Temp",KTTN,2026-10-09,less,,69.0,The Weather Company,https://weather.com/kalshi,0.0,0.01,0.99,1.0,9299.16,0.0,238.94,,2026-10-10T05:00:00Z,active,2026-10-09T21:40:15.619612+00:00
KXHIGHTTTN,KXHIGHTTTN-26OCT09-B75.5,"Trenton, NJ Daily Max Temp",KTTN,2026-10-09,between,75.0,76.0,The Weather Company,https://weather.com/kalshi,0.0,0.01,0.99,1.0,1619.03,0.0,496.08,,2026-10-10T05:00:00Z,active,2026-10-09T21:40:15.619612+00:00
KXHIGHTTTN,KXHIGHTTTN-26OCT09-B73.5,"Trenton, NJ Daily Max Temp",KTTN,2026-10-09,between,73.0,74.0,The Weather Company,https://weather.com/kalshi,0.99,1.0,0.0,0.01,0.0,2377.32,1115.89,,2026-10-10T05:00:00Z,active,2026-10-09T21:40:15.619612+00:00
KXHIGHTTTN,KXHIGHTTTN-26OCT09-B71.5,"Trenton, NJ Daily Max Temp",KTTN,2026-10-09,between,71.0,72.0,The Weather Company,https://weather.com/kalshi,0.0,0.01,0.99,1.0,9382.0,0.0,1045.07,,2026-10-10T05:00:00Z,active,2026-10-09T21:40:15.619612+00:00
KXHIGHTTTN,KXHIGHTTTN-26OCT09-B69.5,"Trenton, NJ Daily Max Temp",KTTN,2026-10-09,between,69.0,70.0,The Weather Company,https://weather.com/kalshi,0.0,0.01,0.99,1.0,9304.18,0.0,272.0,,2026-10-10T05:00:00Z,active,2026-10-09T21:40:15.619612+00:00
KXLOWTTTN,KXLOWTTTN-26OCT10-T49,Trenton Daily low temp ,KTTN,2026-10-10,greater,49.0,,The Weather Company,https://weather.com/kalshi,0.02,0.12,0.88,0.98,10.0,29.0,15.43,,2026-10-11T05:00:00Z,active,2026-10-09T21:40:15.619612+00:00
KXLOWTTTN,KXLOWTTTN-26OCT10-T42,Trenton Daily low temp ,KTTN,2026-10-10,less,,42.0,The Weather Company,https://weather.com/kalshi,0.0,0.04,0.96,1.0,16.0,0.0,20.0,,2026-10-11T05:00:00Z,active,2026-10-09T21:40:15.619612+00:00
KXLOWTTTN,KXLOWTTTN-26OCT10-B48.5,Trenton Daily low temp ,KTTN,2026-10-10,between,48.0,49.0,The Weather Company,https://weather.com/kalshi,0.08,0.28,0.72,0.92,10.0,10.0,7.0,,2026-10-11T05:00:00Z,active,2026-10-09T21:40:15.619612+00:00
KXLOWTTTN,KXLOWTTTN-26OCT10-B46.5,Trenton Daily low temp ,KTTN,2026-10-10,between,46.0,47.0,The Weather Company,https://weather.com/kalshi,0.33,0.47,0.53,0.67,10.0,10.0,14.0,,2026-10-11T05:00:00Z,active,2026-10-09T21:40:15.619612+00:00
KXLOWTTTN,KXLOWTTTN-26OCT10-B44.5,Trenton Daily low temp ,KTTN,2026-10-10,between,44.0,45.0,The Weather Company,https://weather.com/kalshi,0.18,0.3,0.7,0.82,7.0,10.0,0.0,,2026-10-11T05:00:00Z,active,2026-10-09T21:40:15.619612+00:00
KXLOWTTTN,KXLOWTTTN-26OCT10-B42.5,Trenton Daily low temp ,KTTN,2026-10-10,between,42.0,43.0,The Weather Company,https://weather.com/kalshi,0.03,0.08,0.92,0.97,43.0,25.0,15.41,,2026-10-11T05:00:00Z,active,2026-10-09T21:40:15.619612+00:00
KXLOWTTTN,KXLOWTTTN-26OCT09-T52,Trenton Daily low temp ,KTTN,2026-10-09,greater,52.0,,The Weather Company,https://weather.com/kalshi,0.0,0.01,0.99,1.0,9271.0,0.0,80.0,,2026-10-10T05:00:00Z,active,2026-10-09T21:40:15.619612+00:00
KXLOWTTTN,KXLOWTTTN-26OCT09-T45,Trenton Daily low temp ,KTTN,2026-10-09,less,,45.0,The Weather Company,https://weather.com/kalshi,0.0,0.01,0.99,1.0,390.07,0.0,540.86,,2026-10-10T05:00:00Z,active,2026-10-09T21:40:15.619612+00:00
KXLOWTTTN,KXLOWTTTN-26OCT09-B51.5,Trenton Daily low temp ,KTTN,2026-10-09,between,51.0,52.0,The Weather Company,https://weather.com/kalshi,0.0,0.01,0.99,1.0,10008.0,0.0,169.18,,2026-10-10T05:00:00Z,active,2026-10-09T21:40:15.619612+00:00
KXLOWTTTN,KXLOWTTTN-26OCT09-B49.5,Trenton Daily low temp ,KTTN,2026-10-09,between,49.0,50.0,The Weather Company,https://weather.com/kalshi,0.0,0.01,0.99,1.0,9226.0,0.0,72.0,,2026-10-10T05:00:00Z,active,2026-10-09T21:40:15.619612+00:00
KXLOWTTTN,KXLOWTTTN-26OCT09-B47.5,Trenton Daily low temp ,KTTN,2026-10-09,between,47.0,48.0,The Weather Company,https://weather.com/kalshi,0.0,0.01,0.99,1.0,10101.49,0.0,418.51,,2026-10-10T05:00:00Z,active,2026-10-09T21:40:15.619612+00:00
KXLOWTTTN,KXLOWTTTN-26OCT09-B45.5,Trenton Daily low temp ,KTTN,2026-10-09,between,45.0,46.0,The Weather Company,https://weather.com/kalshi,0.99,1.0,0.0,0.01,0.0,596.25,585.75,,2026-10-10T05:00:00Z,active,2026-10-09T21:40:15.619612+00:00
KXHIGHTLV,KXHIGHTLV-26OCT10-T92,Las Vegas Max Daily Temperature,KLAS,2026-10-10,greater,92.0,,The Weather Company,https://weather.com/kalshi,0.01,0.02,0.98,0.99,18.24,728.91,267.65,,2026-10-11T08:00:00Z,active,2026-10-09T21:40:15.619612+00:00
KXHIGHTLV,KXHIGHTLV-26OCT10-T85,Las Vegas Max Daily Temperature,KLAS,2026-10-10,less,,85.0,The Weather Company,https://weather.com/kalshi,0.01,0.02,0.98,0.99,197.0,139.2,296.8,,2026-10-11T08:00:00Z,active,2026-10-09T21:40:15.619612+00:00
KXHIGHTLV,KXHIGHTLV-26OCT10-B91.5,Las Vegas Max Daily Temperature,KLAS,2026-10-10,between,91.0,92.0,The Weather Company,https://weather.com/kalshi,0.07,0.08,0.92,0.93,35.0,42.0,30.0,,2026-10-11T08:00:00Z,active,2026-10-09T21:40:15.619612+00:00
KXHIGHTLV,KXHIGHTLV-26OCT10-B89.5,Las Vegas Max Daily Temperature,KLAS,2026-10-10,between,89.0,90.0,The Weather Company,https://weather.com/kalshi,0.49,0.5,0.5,0.51,223.85,15.0,404.9,,2026-10-11T08:00:00Z,active,2026-10-09T21:40:15.619612+00:00
KXHIGHTLV,KXHIGHTLV-26OCT10-B87.5,Las Vegas Max Daily Temperature,KLAS,2026-10-10,between,87.0,88.0,The Weather Company,https://weather.com/kalshi,0.3,0.33,0.67,0.7,14.0,59.0,98.0,,2026-10-11T08:00:00Z,active,2026-10-09T21:40:15.619612+00:00
KXHIGHTLV,KXHIGHTLV-26OCT10-B85.5,Las Vegas Max Daily Temperature,KLAS,2026-10-10,between,85.0,86.0,The Weather Company,https://weather.com/kalshi,0.05,0.06,0.94,0.95,15.0,336.0,3.17,,2026-10-11T08:00:00Z,active,2026-10-09T21:40:15.619612+00:00
KXHIGHTLV,KXHIGHTLV-26OCT09-T94,Las Vegas Max Daily Temperature,KLAS,2026-10-09,less,,94.0,The Weather Company,https://weather.com/kalshi,0.0,0.01,0.99,1.0,53804.43,0.0,2889.79,,2026-10-10T08:00:00Z,active,2026-10-09T21:40:15.619612+00:00
KXHIGHTLV,KXHIGHTLV-26OCT09-T101,Las Vegas Max Daily Temperature,KLAS,2026-10-09,greater,101.0,,The Weather Company,https://weather.com/kalshi,0.0,0.01,0.99,1.0,11204.48,0.0,379.0,,2026-10-10T08:00:00Z,active,2026-10-09T21:40:15.619612+00:00
KXHIGHTLV,KXHIGHTLV-26OCT09-B98.5,Las Vegas Max Daily Temperature,KLAS,2026-10-09,between,98.0,99.0,The Weather Company,https://weather.com/kalshi,0.0,0.02,0.98,1.0,34.0,0.0,2835.82,,2026-10-10T08:00:00Z,active,2026-10-09T21:40:15.619612+00:00
KXHIGHTLV,KXHIGHTLV-26OCT09-B96.5,Las Vegas Max Daily Temperature,KLAS,2026-10-09,between,96.0,97.0,The Weather Company,https://weather.com/kalshi,0.32,0.41,0.59,0.68,61.79,3.0,3491.16,,2026-10-10T08:00:00Z,active,2026-10-09T21:40:15.619612+00:00
KXHIGHTLV,KXHIGHTLV-26OCT09-B94.5,Las Vegas Max Daily Temperature,KLAS,2026-10-09,between,94.0,95.0,The Weather Company,https://weather.com/kalshi,0.55,0.65,0.35,0.45,57.19,2.0,6750.52,,2026-10-10T08:00:00Z,active,2026-10-09T21:40:15.619612+00:00
KXHIGHTLV,KXHIGHTLV-26OCT09-B100.5,Las Vegas Max Daily Temperature,KLAS,2026-10-09,between,100.0,101.0,The Weather Company,https://weather.com/kalshi,0.0,0.01,0.99,1.0,569.56,0.0,802.3,,2026-10-10T08:00:00Z,active,2026-10-09T21:40:15.619612+00:00
KXHIGHTDC,KXHIGHTDC-26OCT10-T77,Washington DC Daily Max Temp,KDCA,2026-10-10,greater,77.0,,The Weather Company,https://weather.com/kalshi,0.0,0.01,0.99,1.0,54.0,0.0,177.0,,2026-10-11T05:00:00Z,active,2026-10-09T21:40:15.619612+00:00
KXHIGHTDC,KXHIGHTDC-26OCT10-T70,Washington DC Daily Max Temp,KDCA,2026-10-10,less,,70.0,The Weather Company,https://weather.com/kalshi,0.05,0.06,0.94,0.95,46.0,418.0,537.0,,2026-10-11T05:00:00Z,active,2026-10-09T21:40:15.619612+00:00
KXHIGHTDC,KXHIGHTDC-26OCT10-B76.5,Washington DC Daily Max Temp,KDCA,2026-10-10,between,76.0,77.0,The Weather Company,https://weather.com/kalshi,0.02,0.03,0.97,0.98,59.0,133.0,283.95,,2026-10-11T05:00:00Z,active,2026-10-09T21:40:15.619612+00:00
KXHIGHTDC,KXHIGHTDC-26OCT10-B74.5,Washington DC Daily Max Temp,KDCA,2026-10-10,between,74.0,75.0,The Weather Company,https://weather.com/kalshi,0.18,0.19,0.81,0.82,27.0,8.0,209.0,,2026-10-11T05:00:00Z,active,2026-10-09T21:40:15.619612+00:00
KXHIGHTDC,KXHIGHTDC-26OCT10-B72.5,Washington DC Daily Max Temp,KDCA,2026-10-10,between,72.0,73.0,The Weather Company,https://weather.com/kalshi,0.43,0.44,0.56,0.57,44.0,13.0,196.87,,2026-10-11T05:00:00Z,active,2026-10-09T21:40:15.619612+00:00
KXHIGHTDC,KXHIGHTDC-26OCT10-B70.5,Washington DC Daily Max Temp,KDCA,2026-10-10,between,70.0,71.0,The Weather Company,https://weather.com/kalshi,0.26,0.27,0.73,0.74,167.97,43.0,258.0,,2026-10-11T05:00:00Z,active,2026-10-09T21:40:15.619612+00:00
KXHIGHTDC,KXHIGHTDC-26OCT09-T79,Washington DC Daily Max Temp,KDCA,2026-10-09,greater,79.0,,The Weather Company,https://weather.com/kalshi,0.0,0.01,0.99,1.0,3620.0,0.0,1628.17,,2026-10-10T05:00:00Z,active,2026-10-09T21:40:15.619612+00:00
KXHIGHTDC,KXHIGHTDC-26OCT09-T72,Washington DC Daily Max Temp,KDCA,2026-10-09,less,,72.0,The Weather Company,https://weather.com/kalshi,0.0,0.01,0.99,1.0,88995.22,0.0,1335.22,,2026-10-10T05:00:00Z,active,2026-10-09T21:40:15.619612+00:00
KXHIGHTDC,KXHIGHTDC-26OCT09-B78.5,Washington DC Daily Max Temp,KDCA,2026-10-09,between,78.0,79.0,The Weather Company,https://weather.com/kalshi,0.0,0.01,0.99,1.0,2389.0,0.0,6977.36,,2026-10-10T05:00:00Z,active,2026-10-09T21:40:15.619612+00:00
KXHIGHTDC,KXHIGHTDC-26OCT09-B76.5,Washington DC Daily Max Temp,KDCA,2026-10-09,between,76.0,77.0,The Weather Company,https://weather.com/kalshi,0.99,1.0,0.0,0.01,0.0,2194.41,7832.61,,2026-10-10T05:00:00Z,active,2026-10-09T21:40:15.619612+00:00
KXHIGHTDC,KXHIGHTDC-26OCT09-B74.5,Washington DC Daily Max Temp,KDCA,2026-10-09,between,74.0,75.0,The Weather Company,https://weather.com/kalshi,0.0,0.01,0.99,1.0,87774.21,0.0,5512.51,,2026-10-10T05:00:00Z,active,2026-10-09T21:40:15.619612+00:00
KXHIGHTDC,KXHIGHTDC-26OCT09-B72.5,Washington DC Daily Max Temp,KDCA,2026-10-09,between,72.0,73.0,The Weather Company,https://weather.com/kalshi,0.0,0.01,0.99,1.0,88434.07,0.0,1700.23,,2026-10-10T05:00:00Z,active,2026-10-09T21:40:15.619612+00:00
KXLOWTMIA,KXLOWTMIA-26OCT10-T81,Lowest temperature in Miami,KMIA,2026-10-10,greater,81.0,,The Weather Company,https://weather.com/kalshi,0.06,0.17,0.83,0.94,32.0,25.16,113.0,,2026-10-11T05:00:00Z,active,2026-10-09T21:40:15.619612+00:00
KXLOWTMIA,KXLOWTMIA-26OCT10-T74,Lowest temperature in Miami,KMIA,2026-10-10,less,,74.0,The Weather Company,https://weather.com/kalshi,0.01,0.02,0.98,0.99,135.0,275.0,264.79,,2026-10-11T05:00:00Z,active,2026-10-09T21:40:15.619612+00:00
KXLOWTMIA,KXLOWTMIA-26OCT10-B80.5,Lowest temperature in Miami,KMIA,2026-10-10,between,80.0,81.0,The Weather Company,https://weather.com/kalshi,0.29,0.45,0.55,0.71,7.0,31.18,34.0,,2026-10-11T05:00:00Z,active,2026-10-09T21:40:15.619612+00:00
KXLOWTMIA,KXLOWTMIA-26OCT10-B78.5,Lowest temperature in Miami,KMIA,2026-10-10,between,78.0,79.0,The Weather Company,https://weather.com/kalshi,0.25,0.41,0.59,0.75,3.0,31.18,129.0,,2026-10-11T05:00:00Z,active,2026-10-09T21:40:15.619612+00:00
KXLOWTMIA,KXLOWTMIA-26OCT10-B76.5,Lowest temperature in Miami,KMIA,2026-10-10,between,76.0,77.0,The Weather Company,https://weather.com/kalshi,0.04,0.1,0.9,0.96,2.0,122.0,28.11,,2026-10-11T05:00:00Z,active,2026-10-09T21:40:15.619612+00:00
KXLOWTMIA,KXLOWTMIA-26OCT10-B74.5,Lowest temperature in Miami,KMIA,2026-10-10,between,74.0,75.0,The Weather Company,https://weather.com/kalshi,0.01,0.03,0.97,0.99,58.0,92.34,245.66,,2026-10-11T05:00:00Z,active,2026-10-09T21:40:15.619612+00:00
KXLOWTMIA,KXLOWTMIA-26OCT09-T80,Lowest temperature in Miami,KMIA,2026-10-09,greater,80.0,,The Weather Company,https://weather.com/kalshi,0.83,0.89,0.11,0.17,39.74,10.0,1485.11,,2026-10-10T05:00:00Z,active,2026-10-09T21:40:15.619612+00:00
KXLOWTMIA,KXLOWTMIA-26OCT09-T73,Lowest temperature in Miami,KMIA,2026-10-09,less,,73.0,The Weather Company,https://weather.com/kalshi,0.0,0.01,0.99,1.0,8.0,0.0,555.75,,2026-10-10T05:00:00Z,active,2026-10-09T21:40:15.619612+00:00
KXLOWTMIA,KXLOWTMIA-26OCT09-B79.5,Lowest temperature in Miami,KMIA,2026-10-09,between,79.0,80.0,The Weather Company,https://weather.com/kalshi,0.1,0.17,0.83,0.9,6.0,30.0,186.04,,2026-10-10T05:00:00Z,active,2026-10-09T21:40:15.619612+00:00
KXLOWTMIA,KXLOWTMIA-26OCT09-B77.5,Lowest temperature in Miami,KMIA,2026-10-09,between,77.0,78.0,The Weather Company,https://weather.com/kalshi,0.0,0.02,0.98,1.0,6.0,0.0,397.14,,2026-10-10T05:00:00Z,active,2026-10-09T21:40:15.619612+00:00
KXLOWTMIA,KXLOWTMIA-26OCT09-B75.5,Lowest temperature in Miami,KMIA,2026-10-09,between,75.0,76.0,The Weather Company,https://weather.com/kalshi,0.0,0.02,0.98,1.0,6.0,0.0,251.2,,2026-10-10T05:00:00Z,active,2026-10-09T21:40:15.619612+00:00
KXLOWTMIA,KXLOWTMIA-26OCT09-B73.5,Lowest temperature in Miami,KMIA,2026-10-09,between,73.0,74.0,The Weather Company,https://weather.com/kalshi,0.0,0.01,0.99,1.0,6.0,0.0,283.22,,2026-10-10T05:00:00Z,active,2026-10-09T21:40:15.619612+00:00
KXLOWTLAX,KXLOWTLAX-26OCT10-T68,Lowest Temperature in LA,KLAX,2026-10-10,greater,68.0,,The Weather Company,https://weather.com/kalshi,0.04,0.14,0.86,0.96,10.0,4.7,1.0,,2026-10-11T08:00:00Z,active,2026-10-09T21:40:15.619612+00:00
KXLOWTLAX,KXLOWTLAX-26OCT10-T61,Lowest Temperature in LA,KLAX,2026-10-10,less,,61.0,The Weather Company,https://weather.com/kalshi,0.0,0.01,0.99,1.0,4.0,0.0,240.64,,2026-10-11T08:00:00Z,active,2026-10-09T21:40:15.619612+00:00
KXLOWTLAX,KXLOWTLAX-26OCT10-B67.5,Lowest Temperature in LA,KLAX,2026-10-10,between,67.0,68.0,The Weather Company,https://weather.com/kalshi,0.68,0.79,0.21,0.32,118.0,3.0,60.0,,2026-10-11T08:00:00Z,active,2026-10-09T21:40:15.619612+00:00
KXLOWTLAX,KXLOWTLAX-26OCT10-B65.5,Lowest Temperature in LA,KLAX,2026-10-10,between,65.0,66.0,The Weather Company,https://weather.com/kalshi,0.1,0.2,0.8,0.9,8.0,10.0,7.0,,2026-10-11T08:00:00Z,active,2026-10-09T21:40:15.619612+00:00
KXLOWTLAX,KXLOWTLAX-26OCT10-B63.5,Lowest Temperature in LA,KLAX,2026-10-10,between,63.0,64.0,The Weather Company,https://weather.com/kalshi,0.01,0.02,0.98,0.99,21.0,300.33,161.67,,2026-10-11T08:00:00Z,active,2026-10-09T21:40:15.619612+00:00
KXLOWTLAX,KXLOWTLAX-26OCT10-B61.5,Lowest Temperature in LA,KLAX,2026-10-10,between,61.0,62.0,The Weather Company,https://weather.com/kalshi,0.0,0.03,0.97,1.0,4.0,0.0,195.0,,2026-10-11T08:00:00Z,active,2026-10-09T21:40:15.619612+00:00
KXLOWTLAX,KXLOWTLAX-26OCT09-T71,Lowest Temperature in LA,KLAX,2026-10-09,greater,71.0,,The Weather Company,https://weather.com/kalshi,0.0,0.01,0.99,1.0,23353.0,0.0,225.37,,2026-10-10T08:00:00Z,active,2026-10-09T21:40:15.619612+00:00
KXLOWTLAX,KXLOWTLAX-26OCT09-T64,Lowest Temperature in LA,KLAX,2026-10-09,less,,64.0,The Weather Company,https://weather.com/kalshi,0.0,0.01,0.99,1.0,360.0,0.0,262.11,,2026-10-10T08:00:00Z,active,2026-10-09T21:40:15.619612+00:00
KXLOWTLAX,KXLOWTLAX-26OCT09-B70.5,Lowest Temperature in LA,KLAX,2026-10-09,between,70.0,71.0,The Weather Company,https://weather.com/kalshi,0.0,0.01,0.99,1.0,36931.68,0.0,557.51,,2026-10-10T08:00:00Z,active,2026-10-09T21:40:15.619612+00:00
KXLOWTLAX,KXLOWTLAX-26OCT09-B68.5,Lowest Temperature in LA,KLAX,2026-10-09,between,68.0,69.0,The Weather Company,https://weather.com/kalshi,0.81,0.98,0.02,0.19,113.0,0.24,798.81,,2026-10-10T08:00:00Z,active,2026-10-09T21:40:15.619612+00:00
KXLOWTLAX,KXLOWTLAX-26OCT09-B66.5,Lowest Temperature in LA,KLAX,2026-10-09,between,66.0,67.0,The Weather Company,https://weather.com/kalshi,0.04,0.12,0.88,0.96,1.0,98.0,439.45,,2026-10-10T08:00:00Z,active,2026-10-09T21:40:15.619612+00:00
KXLOWTLAX,KXLOWTLAX-26OCT09-B64.5,Lowest Temperature in LA,KLAX,2026-10-09,between,64.0,65.0,The Weather Company,https://weather.com/kalshi,0.0,0.02,0.98,1.0,300.0,0.0,365.29,,2026-10-10T08:00:00Z,active,2026-10-09T21:40:15.619612+00:00
KXLOWTPHX,KXLOWTPHX-26OCT10-T80,Low Temperature Phoenix,KPHX,2026-10-10,greater,80.0,,The Weather Company,https://weather.com/kalshi,0.04,0.14,0.86,0.96,4.0,2.0,77.06,,2026-10-11T07:00:00Z,active,2026-10-09T21:40:15.619612+00:00
KXLOWTPHX,KXLOWTPHX-26OCT10-T73,Low Temperature Phoenix,KPHX,2026-10-10,less,,73.0,The Weather Company,https://weather.com/kalshi,0.05,0.07,0.93,0.95,2.0,0.05,324.52,,2026-10-11T07:00:00Z,active,2026-10-09T21:40:15.619612+00:00
KXLOWTPHX,KXLOWTPHX-26OCT10-B79.5,Low Temperature Phoenix,KPHX,2026-10-10,between,79.0,80.0,The Weather Company,https://weather.com/kalshi,0.2,0.29,0.71,0.8,18.0,7.0,29.0,,2026-10-11T07:00:00Z,active,2026-10-09T21:40:15.619612+00:00
KXLOWTPHX,KXLOWTPHX-26OCT10-B77.5,Low Temperature Phoenix,KPHX,2026-10-10,between,77.0,78.0,The Weather Company,https://weather.com/kalshi,0.23,0.32,0.68,0.77,5.0,2.0,43.0,,2026-10-11T07:00:00Z,active,2026-10-09T21:40:15.619612+00:00
KXLOWTPHX,KXLOWTPHX-26OCT10-B75.5,Low Temperature Phoenix,KPHX,2026-10-10,between,75.0,76.0,The Weather Company,https://weather.com/kalshi,0.11,0.19,0.81,0.89,8.0,31.85,11.0,,2026-10-11T07:00:00Z,active,2026-10-09T21:40:15.619612+00:00
KXLOWTPHX,KXLOWTPHX-26OCT10-B73.5,Low Temperature Phoenix,KPHX,2026-10-10,between,73.0,74.0,The Weather Company,https://weather.com/kalshi,0.06,0.07,0.93,0.94,2.0,0.1,52.28,,2026-10-11T07:00:00Z,active,2026-10-09T21:40:15.619612+00:00
KXLOWTPHX,KXLOWTPHX-26OCT09-T82,Low Temperature Phoenix,KPHX,2026-10-09,greater,82.0,,The Weather Company,https://weather.com/kalshi,0.95,0.99,0.01,0.05,356.0,1.0,1582.74,,2026-10-10T07:00:00Z,active,2026-10-09T21:40:15.619612+00:00
KXLOWTPHX,KXLOWTPHX-26OCT09-T75,Low Temperature Phoenix,KPHX,2026-10-09,less,,75.0,The Weather Company,https://weather.com/kalshi,0.0,0.01,0.99,1.0,679.0,0.0,0.0,,2026-10-10T07:00:00Z,active,2026-10-09T21:40:15.619612+00:00
KXLOWTPHX,KXLOWTPHX-26OCT09-B81.5,Low Temperature Phoenix,KPHX,2026-10-09,between,81.0,82.0,The Weather Company,https://weather.com/kalshi,0.02,0.03,0.97,0.98,31.95,25.0,942.82,,2026-10-10T07:00:00Z,active,2026-10-09T21:40:15.619612+00:00
KXLOWTPHX,KXLOWTPHX-26OCT09-B79.5,Low Temperature Phoenix,KPHX,2026-10-09,between,79.0,80.0,The Weather Company,https://weather.com/kalshi,0.01,0.02,0.98,0.99,8.0,10.0,867.56,,2026-10-10T07:00:00Z,active,2026-10-09T21:40:15.619612+00:00
KXLOWTPHX,KXLOWTPHX-26OCT09-B77.5,Low Temperature Phoenix,KPHX,2026-10-09,between,77.0,78.0,The Weather Company,https://weather.com/kalshi,0.0,0.01,0.99,1.0,150.0,0.0,349.3,,2026-10-10T07:00:00Z,active,2026-10-09T21:40:15.619612+00:00
KXLOWTPHX,KXLOWTPHX-26OCT09-B75.5,Low Temperature Phoenix,KPHX,2026-10-09,between,75.0,76.0,The Weather Company,https://weather.com/kalshi,0.0,0.01,0.99,1.0,150.0,0.0,423.94,,2026-10-10T07:00:00Z,active,2026-10-09T21:40:15.619612+00:00
KXLOWTMIN,KXLOWTMIN-26OCT10-T63,Low  temperature Minnesota,KMSP,2026-10-10,greater,63.0,,The Weather Company,https://weather.com/kalshi,0.02,0.03,0.97,0.98,74.0,20.82,154.83,,2026-10-11T06:00:00Z,active,2026-10-09T21:40:15.619612+00:00
KXLOWTMIN,KXLOWTMIN-26OCT10-T56,Low  temperature Minnesota,KMSP,2026-10-10,less,,56.0,The Weather Company,https://weather.com/kalshi,0.0,0.02,0.98,1.0,3.0,0.0,175.51,,2026-10-11T06:00:00Z,active,2026-10-09T21:40:15.619612+00:00
KXLOWTMIN,KXLOWTMIN-26OCT10-B62.5,Low  temperature Minnesota,KMSP,2026-10-10,between,62.0,63.0,The Weather Company,https://weather.com/kalshi,0.13,0.21,0.79,0.87,4.0,16.04,211.0,,2026-10-11T06:00:00Z,active,2026-10-09T21:40:15.619612+00:00
KXLOWTMIN,KXLOWTMIN-26OCT10-B60.5,Low  temperature Minnesota,KMSP,2026-10-10,between,60.0,61.0,The Weather Company,https://weather.com/kalshi,0.35,0.45,0.55,0.65,6.0,8.0,27.0,,2026-10-11T06:00:00Z,active,2026-10-09T21:40:15.619612+00:00
KXLOWTMIN,KXLOWTMIN-26OCT10-B58.5,Low  temperature Minnesota,KMSP,2026-10-10,between,58.0,59.0,The Weather Company,https://weather.com/kalshi,0.31,0.36,0.64,0.69,3.0,16.0,177.0,,2026-10-11T06:00:00Z,active,2026-10-09T21:40:15.619612+00:00
KXLOWTMIN,KXLOWTMIN-26OCT10-B56.5,Low  temperature Minnesota,KMSP,2026-10-10,between,56.0,57.0,The Weather Company,https://weather.com/kalshi,0.04,0.08,0.92,0.96,3.0,25.0,0.0,,2026-10-11T06:00:00Z,active,2026-10-09T21:40:15.619612+00:00
KXLOWTMIN,KXLOWTMIN-26OCT09-T50,Low  temperature Minnesota,KMSP,2026-10-09,greater,50.0,,The Weather Company,https://weather.com/kalshi,0.0,0.01,0.99,1.0,19031.15,0.0,546.0,,2026-10-10T06:00:00Z,active,2026-10-09T21:40:15.619612+00:00
KXLOWTMIN,KXLOWTMIN-26OCT09-T43,Low  temperature Minnesota,KMSP,2026-10-09,less,,43.0,The Weather Company,https://weather.com/kalshi,0.0,0.01,0.99,1.0,702.0,0.0,262.56,,2026-10-10T06:00:00Z,active,2026-10-09T21:40:15.619612+00:00
KXLOWTMIN,KXLOWTMIN-26OCT09-B49.5,Low  temperature Minnesota,KMSP,2026-10-09,between,49.0,50.0,The Weather Company,https://weather.com/kalshi,0.99,1.0,0.0,0.01,0.0,4634.01,1521.01,,2026-10-10T06:00:00Z,active,2026-10-09T21:40:15.619612+00:00
KXLOWTMIN,KXLOWTMIN-26OCT09-B47.5,Low  temperature Minnesota,KMSP,2026-10-09,between,47.0,48.0,The Weather Company,https://weather.com/kalshi,0.0,0.01,0.99,1.0,5018.0,0.0,782.55,,2026-10-10T06:00:00Z,active,2026-10-09T21:40:15.619612+00:00
KXLOWTMIN,KXLOWTMIN-26OCT09-B45.5,Low  temperature Minnesota,KMSP,2026-10-09,between,45.0,46.0,The Weather Company,https://weather.com/kalshi,0.0,0.01,0.99,1.0,431.0,0.0,408.59,,2026-10-10T06:00:00Z,active,2026-10-09T21:40:15.619612+00:00
KXLOWTMIN,KXLOWTMIN-26OCT09-B43.5,Low  temperature Minnesota,KMSP,2026-10-09,between,43.0,44.0,The Weather Company,https://weather.com/kalshi,0.0,0.01,0.99,1.0,297.49,0.0,404.61,,2026-10-10T06:00:00Z,active,2026-10-09T21:40:15.619612+00:00
KXLOWTSATX,KXLOWTSATX-26OCT10-T68,Lowest Temperature SATX,KSAT,2026-10-10,greater,68.0,,The Weather Company,https://weather.com/kalshi,0.0,0.03,0.97,1.0,13.0,0.0,144.66,,2026-10-11T06:00:00Z,active,2026-10-09T21:40:15.619612+00:00
KXLOWTSATX,KXLOWTSATX-26OCT10-T61,Lowest Temperature SATX,KSAT,2026-10-10,less,,61.0,The Weather Company,https://weather.com/kalshi,0.13,0.22,0.78,0.87,14.0,10.0,75.37,,2026-10-11T06:00:00Z,active,2026-10-09T21:40:15.619612+00:00
KXLOWTSATX,KXLOWTSATX-26OCT10-B67.5,Lowest Temperature SATX,KSAT,2026-10-10,between,67.0,68.0,The Weather Company,https://weather.com/kalshi,0.0,0.04,0.96,1.0,8.0,0.0,175.24,,2026-10-11T06:00:00Z,active,2026-10-09T21:40:15.619612+00:00
KXLOWTSATX,KXLOWTSATX-26OCT10-B65.5,Lowest Temperature SATX,KSAT,2026-10-10,between,65.0,66.0,The Weather Company,https://weather.com/kalshi,0.03,0.12,0.88,0.97,25.0,15.0,3.08,,2026-10-11T06:00:00Z,active,2026-10-09T21:40:15.619612+00:00
KXLOWTSATX,KXLOWTSATX-26OCT10-B63.5,Lowest Temperature SATX,KSAT,2026-10-10,between,63.0,64.0,The Weather Company,https://weather.com/kalshi,0.21,0.41,0.59,0.79,10.0,10.0,43.0,,2026-10-11T06:00:00Z,active,2026-10-09T21:40:15.619612+00:00
KXLOWTSATX,KXLOWTSATX-26OCT10-B61.5,Lowest Temperature SATX,KSAT,2026-10-10,between,61.0,62.0,The Weather Company,https://weather.com/kalshi,0.27,0.46,0.54,0.73,10.0,10.0,21.0,,2026-10-11T06:00:00Z,active,2026-10-09T21:40:15.619612+00:00
KXLOWTSATX,KXLOWTSATX-26OCT09-T70,Lowest Temperature SATX,KSAT,2026-10-09,greater,70.0,,The Weather Company,https://weather.com/kalshi,0.0,0.01,0.99,1.0,17086.15,0.0,229.95,,2026-10-10T06:00:00Z,active,2026-10-09T21:40:15.619612+00:00
KXLOWTSATX,KXLOWTSATX-26OCT09-T63,Lowest Temperature SATX,KSAT,2026-10-09,less,,63.0,The Weather Company,https://weather.com/kalshi,0.01,0.02,0.98,0.99,100.0,10.0,100.0,,2026-10-10T06:00:00Z,active,2026-10-09T21:40:15.619612+00:00
KXLOWTSATX,KXLOWTSATX-26OCT09-B69.5,Lowest Temperature SATX,KSAT,2026-10-09,between,69.0,70.0,The Weather Company,https://weather.com/kalshi,0.0,0.01,0.99,1.0,17469.64,0.0,508.52,,2026-10-10T06:00:00Z,active,2026-10-09T21:40:15.619612+00:00
KXLOWTSATX,KXLOWTSATX-26OCT09-B67.5,Lowest Temperature SATX,KSAT,2026-10-09,between,67.0,68.0,The Weather Company,https://weather.com/kalshi,0.84,0.98,0.02,0.16,52.0,3.0,763.17,,2026-10-10T06:00:00Z,active,2026-10-09T21:40:15.619612+00:00
KXLOWTSATX,KXLOWTSATX-26OCT09-B65.5,Lowest Temperature SATX,KSAT,2026-10-09,between,65.0,66.0,The Weather Company,https://weather.com/kalshi,0.02,0.09,0.91,0.98,15.0,14.0,350.68,,2026-10-10T06:00:00Z,active,2026-10-09T21:40:15.619612+00:00
KXLOWTSATX,KXLOWTSATX-26OCT09-B63.5,Lowest Temperature SATX,KSAT,2026-10-09,between,63.0,64.0,The Weather Company,https://weather.com/kalshi,0.0,0.02,0.98,1.0,27.0,0.0,200.98,,2026-10-10T06:00:00Z,active,2026-10-09T21:40:15.619612+00:00
KXHIGHTPHX,KXHIGHTPHX-26OCT10-T96,Phoenix High Temperature Daily,KPHX,2026-10-10,greater,96.0,,The Weather Company,https://weather.com/kalshi,0.02,0.03,0.97,0.98,52.0,95.0,710.19,,2026-10-11T07:00:00Z,active,2026-10-09T21:40:15.619612+00:00
KXHIGHTPHX,KXHIGHTPHX-26OCT10-T89,Phoenix High Temperature Daily,KPHX,2026-10-10,less,,89.0,The Weather Company,https://weather.com/kalshi,0.14,0.15,0.85,0.86,6.26,146.0,1139.1,,2026-10-11T07:00:00Z,active,2026-10-09T21:40:15.619612+00:00
KXHIGHTPHX,KXHIGHTPHX-26OCT10-B95.5,Phoenix High Temperature Daily,KPHX,2026-10-10,between,95.0,96.0,The Weather Company,https://weather.com/kalshi,0.1,0.11,0.89,0.9,104.0,2.0,140.01,,2026-10-11T07:00:00Z,active,2026-10-09T21:40:15.619612+00:00
KXHIGHTPHX,KXHIGHTPHX-26OCT10-B93.5,Phoenix High Temperature Daily,KPHX,2026-10-10,between,93.0,94.0,The Weather Company,https://weather.com/kalshi,0.31,0.33,0.67,0.69,2.0,121.0,522.43,,2026-10-11T07:00:00Z,active,2026-10-09T21:40:15.619612+00:00
KXHIGHTPHX,KXHIGHTPHX-26OCT10-B91.5,Phoenix High Temperature Daily,KPHX,2026-10-10,between,91.0,92.0,The Weather Company,https://weather.com/kalshi,0.29,0.3,0.7,0.71,5.0,41.0,457.69,,2026-10-11T07:00:00Z,active,2026-10-09T21:40:15.619612+00:00
KXHIGHTPHX,KXHIGHTPHX-26OCT10-B89.5,Phoenix High Temperature Daily,KPHX,2026-10-10,between,89.0,90.0,The Weather Company,https://weather.com/kalshi,0.13,0.14,0.86,0.87,5.0,54.0,324.96,,2026-10-11T07:00:00Z,active,2026-10-09T21:40:15.619612+00:00
KXHIGHTPHX,KXHIGHTPHX-26OCT09-T99,Phoenix High Temperature Daily,KPHX,2026-10-09,less,,99.0,The Weather Company,https://weather.com/kalshi,0.0,0.01,0.99,1.0,64440.06,0.0,1505.41,,2026-10-10T07:00:00Z,active,2026-10-09T21:40:15.619612+00:00
KXHIGHTPHX,KXHIGHTPHX-26OCT09-T106,Phoenix High Temperature Daily,KPHX,2026-10-09,greater,106.0,,The Weather Company,https://weather.com/kalshi,0.0,0.01,0.99,1.0,417.91,0.0,859.33,,2026-10-10T07:00:00Z,active,2026-10-09T21:40:15.619612+00:00
KXHIGHTPHX,KXHIGHTPHX-26OCT09-B99.5,Phoenix High Temperature Daily,KPHX,2026-10-09,between,99.0,100.0,The Weather Company,https://weather.com/kalshi,0.0,0.01,0.99,1.0,62488.41,0.0,4816.77,,2026-10-10T07:00:00Z,active,2026-10-09T21:40:15.619612+00:00
KXHIGHTPHX,KXHIGHTPHX-26OCT09-B105.5,Phoenix High Temperature Daily,KPHX,2026-10-09,between,105.0,106.0,The Weather Company,https://weather.com/kalshi,0.08,0.09,0.91,0.92,33.0,5.0,4267.2,,2026-10-10T07:00:00Z,active,2026-10-09T21:40:15.619612+00:00
KXHIGHTPHX,KXHIGHTPHX-26OCT09-B103.5,Phoenix High Temperature Daily,KPHX,2026-10-09,between,103.0,104.0,The Weather Company,https://weather.com/kalshi,0.91,0.94,0.06,0.09,17.0,2.0,5589.8,,2026-10-10T07:00:00Z,active,2026-10-09T21:40:15.619612+00:00
KXHIGHTPHX,KXHIGHTPHX-26OCT09-B101.5,Phoenix High Temperature Daily,KPHX,2026-10-09,between,101.0,102.0,The Weather Company,https://weather.com/kalshi,0.0,0.01,0.99,1.0,31642.47,0.0,10133.18,,2026-10-10T07:00:00Z,active,2026-10-09T21:40:15.619612+00:00
KXHIGHLAX,KXHIGHLAX-26OCT10-T75,Highest temperature in Los Angeles,KLAX,2026-10-10,greater,75.0,,The Weather Company,https://weather.com/kalshi,0.78,0.79,0.21,0.22,30.0,42.01,3865.44,,2026-10-11T08:00:00Z,active,2026-10-09T21:40:15.619612+00:00
KXHIGHLAX,KXHIGHLAX-26OCT10-T68,Highest temperature in Los Angeles,KLAX,2026-10-10,less,,68.0,The Weather Company,https://weather.com/kalshi,0.0,0.01,0.99,1.0,2550.33,0.0,2381.38,,2026-10-11T08:00:00Z,active,2026-10-09T21:40:15.619612+00:00
KXHIGHLAX,KXHIGHLAX-26OCT10-B74.5,Highest temperature in Los Angeles,KLAX,2026-10-10,between,74.0,75.0,The Weather Company,https://weather.com/kalshi,0.14,0.15,0.85,0.86,23.0,163.51,1773.82,,2026-10-11T08:00:00Z,active,2026-10-09T21:40:15.619612+00:00
KXHIGHLAX,KXHIGHLAX-26OCT10-B72.5,Highest temperature in Los Angeles,KLAX,2026-10-10,between,72.0,73.0,The Weather Company,https://weather.com/kalshi,0.04,0.05,0.95,0.96,26.0,281.65,1381.84,,2026-10-11T08:00:00Z,active,2026-10-09T21:40:15.619612+00:00
KXHIGHLAX,KXHIGHLAX-26OCT10-B70.5,Highest temperature in Los Angeles,KLAX,2026-10-10,between,70.0,71.0,The Weather Company,https://weather.com/kalshi,0.02,0.03,0.97,0.98,238.0,66.0,2623.25,,2026-10-11T08:00:00Z,active,2026-10-09T21:40:15.619612+00:00
KXHIGHLAX,KXHIGHLAX-26OCT10-B68.5,Highest temperature in Los Angeles,KLAX,2026-10-10,between,68.0,69.0,The Weather Company,https://weather.com/kalshi,0.01,0.02,0.98,0.99,121.21,823.78,1300.99,,2026-10-11T08:00:00Z,active,2026-10-09T21:40:15.619612+00:00
KXHIGHLAX,KXHIGHLAX-26OCT09-T86,Highest temperature in Los Angeles,KLAX,2026-10-09,greater,86.0,,The Weather Company,https://weather.com/kalshi,0.0,0.01,0.99,1.0,318753.89,0.0,86402.59,,2026-10-10T08:00:00Z,active,2026-10-09T21:40:15.619612+00:00
KXHIGHLAX,KXHIGHLAX-26OCT09-T79,Highest temperature in Los Angeles,KLAX,2026-10-09,less,,79.0,The Weather Company,https://weather.com/kalshi,0.99,1.0,0.0,0.01,0.0,31695.76,89975.35,,2026-10-10T08:00:00Z,active,2026-10-09T21:40:15.619612+00:00
KXHIGHLAX,KXHIGHLAX-26OCT09-B85.5,Highest temperature in Los Angeles,KLAX,2026-10-09,between,85.0,86.0,The Weather Company,https://weather.com/kalshi,0.0,0.01,0.99,1.0,201121.97,0.0,141297.29,,2026-10-10T08:00:00Z,active,2026-10-09T21:40:15.619612+00:00
KXHIGHLAX,KXHIGHLAX-26OCT09-B83.5,Highest temperature in Los Angeles,KLAX,2026-10-09,between,83.0,84.0,The Weather Company,https://weather.com/kalshi,0.0,0.01,0.99,1.0,187564.08,0.0,97597.04,,2026-10-10T08:00:00Z,active,2026-10-09T21:40:15.619612+00:00
KXHIGHLAX,KXHIGHLAX-26OCT09-B81.5,Highest temperature in Los Angeles,KLAX,2026-10-09,between,81.0,82.0,The Weather Company,https://weather.com/kalshi,0.0,0.01,0.99,1.0,131876.72,0.0,74039.44,,2026-10-10T08:00:00Z,active,2026-10-09T21:40:15.619612+00:00
KXHIGHLAX,KXHIGHLAX-26OCT09-B79.5,Highest temperature in Los Angeles,KLAX,2026-10-09,between,79.0,80.0,The Weather Company,https://weather.com/kalshi,0.0,0.01,0.99,1.0,26900.37,0.0,81766.97,,2026-10-10T08:00:00Z,active,2026-10-09T21:40:15.619612+00:00
KXLOWTOKC,KXLOWTOKC-26OCT10-T62,Low Temperature Oklahoma City,KOKC,2026-10-10,greater,62.0,,The Weather Company,https://weather.com/kalshi,0.13,0.33,0.67,0.87,10.0,3.0,11.0,,2026-10-11T06:00:00Z,active,2026-10-09T21:40:15.619612+00:00
KXLOWTOKC,KXLOWTOKC-26OCT10-T55,Low Temperature Oklahoma City,KOKC,2026-10-10,less,,55.0,The Weather Company,https://weather.com/kalshi,0.0,0.02,0.98,1.0,17.0,0.0,193.23,,2026-10-11T06:00:00Z,active,2026-10-09T21:40:15.619612+00:00
KXLOWTOKC,KXLOWTOKC-26OCT10-B61.5,Low Temperature Oklahoma City,KOKC,2026-10-10,between,61.0,62.0,The Weather Company,https://weather.com/kalshi,0.17,0.37,0.63,0.83,10.0,3.0,57.0,,2026-10-11T06:00:00Z,active,2026-10-09T21:40:15.619612+00:00
KXLOWTOKC,KXLOWTOKC-26OCT10-B59.5,Low Temperature Oklahoma City,KOKC,2026-10-10,between,59.0,60.0,The Weather Company,https://weather.com/kalshi,0.21,0.33,0.67,0.79,6.0,3.0,4.0,,2026-10-11T06:00:00Z,active,2026-10-09T21:40:15.619612+00:00
KXLOWTOKC,KXLOWTOKC-26OCT10-B57.5,Low Temperature Oklahoma City,KOKC,2026-10-10,between,57.0,58.0,The Weather Company,https://weather.com/kalshi,0.11,0.19,0.81,0.89,6.0,25.0,97.0,,2026-10-11T06:00:00Z,active,2026-10-09T21:40:15.619612+00:00
KXLOWTOKC,KXLOWTOKC-26OCT10-B55.5,Low Temperature Oklahoma City,KOKC,2026-10-10,between,55.0,56.0,The Weather Company,https://weather.com/kalshi,0.03,0.04,0.96,0.97,21.0,25.92,3.08,,2026-10-11T06:00:00Z,active,2026-10-09T21:40:15.619612+00:00
KXLOWTOKC,KXLOWTOKC-26OCT09-T65,Low Temperature Oklahoma City,KOKC,2026-10-09,greater,65.0,,The Weather Company,https://weather.com/kalshi,0.0,0.01,0.99,1.0,22171.64,0.0,297.94,,2026-10-10T06:00:00Z,active,2026-10-09T21:40:15.619612+00:00
KXLOWTOKC,KXLOWTOKC-26OCT09-T58,Low Temperature Oklahoma City,KOKC,2026-10-09,less,,58.0,The Weather Company,https://weather.com/kalshi,0.0,0.01,0.99,1.0,385.49,0.0,1362.01,,2026-10-10T06:00:00Z,active,2026-10-09T21:40:15.619612+00:00
KXLOWTOKC,KXLOWTOKC-26OCT09-B64.5,Low Temperature Oklahoma City,KOKC,2026-10-09,between,64.0,65.0,The Weather Company,https://weather.com/kalshi,0.0,0.01,0.99,1.0,21818.15,0.0,248.14,,2026-10-10T06:00:00Z,active,2026-10-09T21:40:15.619612+00:00
KXLOWTOKC,KXLOWTOKC-26OCT09-B62.5,Low Temperature Oklahoma City,KOKC,2026-10-09,between,62.0,63.0,The Weather Company,https://weather.com/kalshi,0.0,0.01,0.99,1.0,22162.94,0.0,403.61,,2026-10-10T06:00:00Z,active,2026-10-09T21:40:15.619612+00:00
KXLOWTOKC,KXLOWTOKC-26OCT09-B60.5,Low Temperature Oklahoma City,KOKC,2026-10-09,between,60.0,61.0,The Weather Company,https://weather.com/kalshi,0.0,0.01,0.99,1.0,17872.9,0.0,650.09,,2026-10-10T06:00:00Z,active,2026-10-09T21:40:15.619612+00:00
KXLOWTOKC,KXLOWTOKC-26OCT09-B58.5,Low Temperature Oklahoma City,KOKC,2026-10-09,between,58.0,59.0,The Weather Company,https://weather.com/kalshi,0.99,1.0,0.0,0.01,0.0,160.0,1422.15,,2026-10-10T06:00:00Z,active,2026-10-09T21:40:15.619612+00:00
KXLOWTDAL,KXLOWTDAL-26OCT10-T67,Lowest temperature Dallas,KDFW,2026-10-10,greater,67.0,,The Weather Company,https://weather.com/kalshi,0.03,0.04,0.96,0.97,42.0,25.0,148.56,,2026-10-11T06:00:00Z,active,2026-10-09T21:40:15.619612+00:00
KXLOWTDAL,KXLOWTDAL-26OCT10-T60,Lowest temperature Dallas,KDFW,2026-10-10,less,,60.0,The Weather Company,https://weather.com/kalshi,0.0,0.01,0.99,1.0,4.0,0.0,14.0,,2026-10-11T06:00:00Z,active,2026-10-09T21:40:15.619612+00:00
KXLOWTDAL,KXLOWTDAL-26OCT10-B66.5,Lowest temperature Dallas,KDFW,2026-10-10,between,66.0,67.0,The Weather Company,https://weather.com/kalshi,0.35,0.46,0.54,0.65,25.0,3.0,99.0,,2026-10-11T06:00:00Z,active,2026-10-09T21:40:15.619612+00:00
KXLOWTDAL,KXLOWTDAL-26OCT10-B64.5,Lowest temperature Dallas,KDFW,2026-10-10,between,64.0,65.0,The Weather Company,https://weather.com/kalshi,0.39,0.45,0.55,0.61,25.0,6.0,90.88,,2026-10-11T06:00:00Z,active,2026-10-09T21:40:15.619612+00:00
KXLOWTDAL,KXLOWTDAL-26OCT10-B62.5,Lowest temperature Dallas,KDFW,2026-10-10,between,62.0,63.0,The Weather Company,https://weather.com/kalshi,0.04,0.06,0.94,0.96,6.0,3.0,4.04,,2026-10-11T06:00:00Z,active,2026-10-09T21:40:15.619612+00:00
KXLOWTDAL,KXLOWTDAL-26OCT10-B60.5,Lowest temperature Dallas,KDFW,2026-10-10,between,60.0,61.0,The Weather Company,https://weather.com/kalshi,0.01,0.04,0.96,0.99,9.0,10.0,188.66,,2026-10-11T06:00:00Z,active,2026-10-09T21:40:15.619612+00:00
KXLOWTDAL,KXLOWTDAL-26OCT09-T68,Lowest temperature Dallas,KDFW,2026-10-09,greater,68.0,,The Weather Company,https://weather.com/kalshi,0.0,0.01,0.99,1.0,21958.15,0.0,623.02,,2026-10-10T06:00:00Z,active,2026-10-09T21:40:15.619612+00:00
KXLOWTDAL,KXLOWTDAL-26OCT09-T61,Lowest temperature Dallas,KDFW,2026-10-09,less,,61.0,The Weather Company,https://weather.com/kalshi,0.0,0.01,0.99,1.0,21.0,0.0,475.0,,2026-10-10T06:00:00Z,active,2026-10-09T21:40:15.619612+00:00
KXLOWTDAL,KXLOWTDAL-26OCT09-B67.5,Lowest temperature Dallas,KDFW,2026-10-09,between,67.0,68.0,The Weather Company,https://weather.com/kalshi,0.0,0.01,0.99,1.0,21848.64,0.0,1179.24,,2026-10-10T06:00:00Z,active,2026-10-09T21:40:15.619612+00:00
KXLOWTDAL,KXLOWTDAL-26OCT09-B65.5,Lowest temperature Dallas,KDFW,2026-10-09,between,65.0,66.0,The Weather Company,https://weather.com/kalshi,0.0,0.01,0.99,1.0,16305.0,0.0,1301.94,,2026-10-10T06:00:00Z,active,2026-10-09T21:40:15.619612+00:00
KXLOWTDAL,KXLOWTDAL-26OCT09-B63.5,Lowest temperature Dallas,KDFW,2026-10-09,between,63.0,64.0,The Weather Company,https://weather.com/kalshi,0.98,1.0,0.0,0.02,0.0,559.0,1886.83,,2026-10-10T06:00:00Z,active,2026-10-09T21:40:15.619612+00:00
KXLOWTDAL,KXLOWTDAL-26OCT09-B61.5,Lowest temperature Dallas,KDFW,2026-10-09,between,61.0,62.0,The Weather Company,https://weather.com/kalshi,0.0,0.01,0.99,1.0,6.0,0.0,594.0,,2026-10-10T06:00:00Z,active,2026-10-09T21:40:15.619612+00:00
KXHIGHTEWR,KXHIGHTEWR-26OCT10-T75,"Newark, NJ (EWR) Daily Max Temp",KEWR,2026-10-10,greater,75.0,,The Weather Company,https://weather.com/kalshi,0.0,0.02,0.98,1.0,212.0,0.0,213.62,,2026-10-11T05:00:00Z,active,2026-10-09T21:40:15.619612+00:00
KXHIGHTEWR,KXHIGHTEWR-26OCT10-T68,"Newark, NJ (EWR) Daily Max Temp",KEWR,2026-10-10,less,,68.0,The Weather Company,https://weather.com/kalshi,0.01,0.02,0.98,0.99,21.33,207.67,215.63,,2026-10-11T05:00:00Z,active,2026-10-09T21:40:15.619612+00:00
KXHIGHTEWR,KXHIGHTEWR-26OCT10-B74.5,"Newark, NJ (EWR) Daily Max Temp",KEWR,2026-10-10,between,74.0,75.0,The Weather Company,https://weather.com/kalshi,0.02,0.06,0.94,0.98,21.0,46.92,21.08,,2026-10-11T05:00:00Z,active,2026-10-09T21:40:15.619612+00:00
KXHIGHTEWR,KXHIGHTEWR-26OCT10-B72.5,"Newark, NJ (EWR) Daily Max Temp",KEWR,2026-10-10,between,72.0,73.0,The Weather Company,https://weather.com/kalshi,0.21,0.23,0.77,0.79,10.0,14.0,5883.43,,2026-10-11T05:00:00Z,active,2026-10-09T21:40:15.619612+00:00
KXHIGHTEWR,KXHIGHTEWR-26OCT10-B70.5,"Newark, NJ (EWR) Daily Max Temp",KEWR,2026-10-10,between,70.0,71.0,The Weather Company,https://weather.com/kalshi,0.5,0.51,0.49,0.5,7.0,5.0,26.0,,2026-10-11T05:00:00Z,active,2026-10-09T21:40:15.619612+00:00
KXHIGHTEWR,KXHIGHTEWR-26OCT10-B68.5,"Newark, NJ (EWR) Daily Max Temp",KEWR,2026-10-10,between,68.0,69.0,The Weather Company,https://weather.com/kalshi,0.19,0.26,0.74,0.81,18.0,3.0,16.0,,2026-10-11T05:00:00Z,active,2026-10-09T21:40:15.619612+00:00
KXHIGHTEWR,KXHIGHTEWR-26OCT09-T77,"Newark, NJ (EWR) Daily Max Temp",KEWR,2026-10-09,greater,77.0,,The Weather Company,https://weather.com/kalshi,0.0,0.01,0.99,1.0,2582.18,0.0,247.3,,2026-10-10T05:00:00Z,active,2026-10-09T21:40:15.619612+00:00
KXHIGHTEWR,KXHIGHTEWR-26OCT09-T70,"Newark, NJ (EWR) Daily Max Temp",KEWR,2026-10-09,less,,70.0,The Weather Company,https://weather.com/kalshi,0.0,0.01,0.99,1.0,12499.37,0.0,1017.3,,2026-10-10T05:00:00Z,active,2026-10-09T21:40:15.619612+00:00
KXHIGHTEWR,KXHIGHTEWR-26OCT09-B76.5,"Newark, NJ (EWR) Daily Max Temp",KEWR,2026-10-09,between,76.0,77.0,The Weather Company,https://weather.com/kalshi,0.0,0.01,0.99,1.0,1497.0,0.0,1786.99,,2026-10-10T05:00:00Z,active,2026-10-09T21:40:15.619612+00:00
KXHIGHTEWR,KXHIGHTEWR-26OCT09-B74.5,"Newark, NJ (EWR) Daily Max Temp",KEWR,2026-10-09,between,74.0,75.0,The Weather Company,https://weather.com/kalshi,0.99,1.0,0.0,0.01,0.0,2635.75,1543.43,,2026-10-10T05:00:00Z,active,2026-10-09T21:40:15.619612+00:00
KXHIGHTEWR,KXHIGHTEWR-26OCT09-B72.5,"Newark, NJ (EWR) Daily Max Temp",KEWR,2026-10-09,between,72.0,73.0,The Weather Company,https://weather.com/kalshi,0.0,0.01,0.99,1.0,11180.0,0.0,7858.9,,2026-10-10T05:00:00Z,active,2026-10-09T21:40:15.619612+00:00
KXHIGHTEWR,KXHIGHTEWR-26OCT09-B70.5,"Newark, NJ (EWR) Daily Max Temp",KEWR,2026-10-09,between,70.0,71.0,The Weather Company,https://weather.com/kalshi,0.0,0.01,0.99,1.0,11408.0,0.0,194.09,,2026-10-10T05:00:00Z,active,2026-10-09T21:40:15.619612+00:00
KXHIGHCHI,KXHIGHCHI-26OCT10-T82,Highest temperature in Chicago,KMDW,2026-10-10,greater,82.0,,The Weather Company,https://weather.com/kalshi,0.26,0.27,0.73,0.74,80.0,84.0,1711.61,,2026-10-11T06:00:00Z,active,2026-10-09T21:40:15.619612+00:00
KXHIGHCHI,KXHIGHCHI-26OCT10-T75,Highest temperature in Chicago,KMDW,2026-10-10,less,,75.0,The Weather Company,https://weather.com/kalshi,0.01,0.02,0.98,0.99,479.0,224.57,659.43,,2026-10-11T06:00:00Z,active,2026-10-09T21:40:15.619612+00:00
KXHIGHCHI,KXHIGHCHI-26OCT10-B81.5,Highest temperature in Chicago,KMDW,2026-10-10,between,81.0,82.0,The Weather Company,https://weather.com/kalshi,0.41,0.42,0.58,0.59,15.62,13.0,692.06,,2026-10-11T06:00:00Z,active,2026-10-09T21:40:15.619612+00:00
KXHIGHCHI,KXHIGHCHI-26OCT10-B79.5,Highest temperature in Chicago,KMDW,2026-10-10,between,79.0,80.0,The Weather Company,https://weather.com/kalshi,0.24,0.25,0.75,0.76,4.0,44.0,1366.08,,2026-10-11T06:00:00Z,active,2026-10-09T21:40:15.619612+00:00
KXHIGHCHI,KXHIGHCHI-26OCT10-B77.5,Highest temperature in Chicago,KMDW,2026-10-10,between,77.0,78.0,The Weather Company,https://weather.com/kalshi,0.09,0.1,0.9,0.91,37.0,42.01,1092.33,,2026-10-11T06:00:00Z,active,2026-10-09T21:40:15.619612+00:00
KXHIGHCHI,KXHIGHCHI-26OCT10-B75.5,Highest temperature in Chicago,KMDW,2026-10-10,between,75.0,76.0,The Weather Company,https://weather.com/kalshi,0.01,0.02,0.98,0.99,101.0,1025.56,796.44,,2026-10-11T06:00:00Z,active,2026-10-09T21:40:15.619612+00:00
KXHIGHCHI,KXHIGHCHI-26OCT09-T78,Highest temperature in Chicago,KMDW,2026-10-09,greater,78.0,,The Weather Company,https://weather.com/kalshi,0.0,0.01,0.99,1.0,8941.13,0.0,1101.63,,2026-10-10T06:00:00Z,active,2026-10-09T21:40:15.619612+00:00
KXHIGHCHI,KXHIGHCHI-26OCT09-T71,Highest temperature in Chicago,KMDW,2026-10-09,less,,71.0,The Weather Company,https://weather.com/kalshi,0.0,0.01,0.99,1.0,69944.98,0.0,33431.37,,2026-10-10T06:00:00Z,active,2026-10-09T21:40:15.619612+00:00
KXHIGHCHI,KXHIGHCHI-26OCT09-B77.5,Highest temperature in Chicago,KMDW,2026-10-09,between,77.0,78.0,The Weather Company,https://weather.com/kalshi,0.0,0.01,0.99,1.0,104.64,0.0,3384.16,,2026-10-10T06:00:00Z,active,2026-10-09T21:40:15.619612+00:00
KXHIGHCHI,KXHIGHCHI-26OCT09-B75.5,Highest temperature in Chicago,KMDW,2026-10-09,between,75.0,76.0,The Weather Company,https://weather.com/kalshi,0.03,0.05,0.95,0.97,38.38,2.0,10318.42,,2026-10-10T06:00:00Z,active,2026-10-09T21:40:15.619612+00:00
KXHIGHCHI,KXHIGHCHI-26OCT09-B73.5,Highest temperature in Chicago,KMDW,2026-10-09,between,73.0,74.0,The Weather Company,https://weather.com/kalshi,0.94,0.97,0.03,0.06,73.0,1.0,20453.61,,2026-10-10T06:00:00Z,active,2026-10-09T21:40:15.619612+00:00
KXHIGHCHI,KXHIGHCHI-26OCT09-B71.5,Highest temperature in Chicago,KMDW,2026-10-09,between,71.0,72.0,The Weather Company,https://weather.com/kalshi,0.0,0.01,0.99,1.0,174887.23,0.0,26868.64,,2026-10-10T06:00:00Z,active,2026-10-09T21:40:15.619612+00:00
KXHIGHNY,KXHIGHNY-26OCT10-T73,Highest temperature in NYC,KNYC,2026-10-10,greater,73.0,,The Weather Company,https://weather.com/kalshi,0.0,0.01,0.99,1.0,83.0,0.0,870.0,,2026-10-11T05:00:00Z,active,2026-10-09T21:40:15.619612+00:00
KXHIGHNY,KXHIGHNY-26OCT10-T66,Highest temperature in NYC,KNYC,2026-10-10,less,,66.0,The Weather Company,https://weather.com/kalshi,0.03,0.04,0.96,0.97,25.0,51.0,714.85,,2026-10-11T05:00:00Z,active,2026-10-09T21:40:15.619612+00:00
KXHIGHNY,KXHIGHNY-26OCT10-B72.5,Highest temperature in NYC,KNYC,2026-10-10,between,72.0,73.0,The Weather Company,https://weather.com/kalshi,0.02,0.03,0.97,0.98,175.0,60.91,535.41,,2026-10-11T05:00:00Z,active,2026-10-09T21:40:15.619612+00:00
KXHIGHNY,KXHIGHNY-26OCT10-B70.5,Highest temperature in NYC,KNYC,2026-10-10,between,70.0,71.0,The Weather Company,https://weather.com/kalshi,0.22,0.23,0.77,0.78,24.0,2.0,1140.83,,2026-10-11T05:00:00Z,active,2026-10-09T21:40:15.619612+00:00
KXHIGHNY,KXHIGHNY-26OCT10-B68.5,Highest temperature in NYC,KNYC,2026-10-10,between,68.0,69.0,The Weather Company,https://weather.com/kalshi,0.47,0.48,0.52,0.53,65.0,17.29,543.76,,2026-10-11T05:00:00Z,active,2026-10-09T21:40:15.619612+00:00
KXHIGHNY,KXHIGHNY-26OCT10-B66.5,Highest temperature in NYC,KNYC,2026-10-10,between,66.0,67.0,The Weather Company,https://weather.com/kalshi,0.26,0.28,0.72,0.74,6.0,46.0,805.02,,2026-10-11T05:00:00Z,active,2026-10-09T21:40:15.619612+00:00
KXHIGHNY,KXHIGHNY-26OCT09-T76,Highest temperature in NYC,KNYC,2026-10-09,greater,76.0,,The Weather Company,https://weather.com/kalshi,0.0,0.01,0.99,1.0,16660.99,0.0,1689.93,,2026-10-10T05:00:00Z,active,2026-10-09T21:40:15.619612+00:00
KXHIGHNY,KXHIGHNY-26OCT09-T69,Highest temperature in NYC,KNYC,2026-10-09,less,,69.0,The Weather Company,https://weather.com/kalshi,0.0,0.01,0.99,1.0,89313.88,0.0,8423.89,,2026-10-10T05:00:00Z,active,2026-10-09T21:40:15.619612+00:00
KXHIGHNY,KXHIGHNY-26OCT09-B75.5,Highest temperature in NYC,KNYC,2026-10-09,between,75.0,76.0,The Weather Company,https://weather.com/kalshi,0.0,0.01,0.99,1.0,20890.27,0.0,6108.22,,2026-10-10T05:00:00Z,active,2026-10-09T21:40:15.619612+00:00
KXHIGHNY,KXHIGHNY-26OCT09-B73.5,Highest temperature in NYC,KNYC,2026-10-09,between,73.0,74.0,The Weather Company,https://weather.com/kalshi,0.0,0.01,0.99,1.0,9998.93,0.0,51420.37,,2026-10-10T05:00:00Z,active,2026-10-09T21:40:15.619612+00:00
KXHIGHNY,KXHIGHNY-26OCT09-B71.5,Highest temperature in NYC,KNYC,2026-10-09,between,71.0,72.0,The Weather Company,https://weather.com/kalshi,0.0,0.01,0.99,1.0,60.0,0.0,47521.55,,2026-10-10T05:00:00Z,active,2026-10-09T21:40:15.619612+00:00
KXHIGHNY,KXHIGHNY-26OCT09-B69.5,Highest temperature in NYC,KNYC,2026-10-09,between,69.0,70.0,The Weather Company,https://weather.com/kalshi,0.99,1.0,0.0,0.01,0.0,1592.26,49627.73,,2026-10-10T05:00:00Z,active,2026-10-09T21:40:15.619612+00:00
KXHIGHPHIL,KXHIGHPHIL-26OCT10-T77,Highest temperature in Philadelphia,KPHL,2026-10-10,greater,77.0,,The Weather Company,https://weather.com/kalshi,0.01,0.02,0.98,0.99,355.78,13.0,289.01,,2026-10-11T05:00:00Z,active,2026-10-09T21:40:15.619612+00:00
KXHIGHPHIL,KXHIGHPHIL-26OCT10-T70,Highest temperature in Philadelphia,KPHL,2026-10-10,less,,70.0,The Weather Company,https://weather.com/kalshi,0.01,0.02,0.98,0.99,79.0,425.05,247.95,,2026-10-11T05:00:00Z,active,2026-10-09T21:40:15.619612+00:00
KXHIGHPHIL,KXHIGHPHIL-26OCT10-B76.5,Highest temperature in Philadelphia,KPHL,2026-10-10,between,76.0,77.0,The Weather Company,https://weather.com/kalshi,0.08,0.09,0.91,0.92,20.0,367.0,79.64,,2026-10-11T05:00:00Z,active,2026-10-09T21:40:15.619612+00:00
KXHIGHPHIL,KXHIGHPHIL-26OCT10-B74.5,Highest temperature in Philadelphia,KPHL,2026-10-10,between,74.0,75.0,The Weather Company,https://weather.com/kalshi,0.51,0.52,0.48,0.49,128.28,2.0,569.61,,2026-10-11T05:00:00Z,active,2026-10-09T21:40:15.619612+00:00
KXHIGHPHIL,KXHIGHPHIL-26OCT10-B72.5,Highest temperature in Philadelphia,KPHL,2026-10-10,between,72.0,73.0,The Weather Company,https://weather.com/kalshi,0.32,0.33,0.67,0.68,276.69,19.0,196.64,,2026-10-11T05:00:00Z,active,2026-10-09T21:40:15.619612+00:00
KXHIGHPHIL,KXHIGHPHIL-26OCT10-B70.5,Highest temperature in Philadelphia,KPHL,2026-10-10,between,70.0,71.0,The Weather Company,https://weather.com/kalshi,0.04,0.05,0.95,0.96,52.0,29.0,61.12,,2026-10-11T05:00:00Z,active,2026-10-09T21:40:15.619612+00:00
KXHIGHPHIL,KXHIGHPHIL-26OCT09-T77,Highest temperature in Philadelphia,KPHL,2026-10-09,greater,77.0,,The Weather Company,https://weather.com/kalshi,0.0,0.01,0.99,1.0,8142.45,0.0,6250.89,,2026-10-10T05:00:00Z,active,2026-10-09T21:40:15.619612+00:00
KXHIGHPHIL,KXHIGHPHIL-26OCT09-T70,Highest temperature in Philadelphia,KPHL,2026-10-09,less,,70.0,The Weather Company,https://weather.com/kalshi,0.0,0.01,0.99,1.0,75804.9,0.0,351.48,,2026-10-10T05:00:00Z,active,2026-10-09T21:40:15.619612+00:00
KXHIGHPHIL,KXHIGHPHIL-26OCT09-B76.5,Highest temperature in Philadelphia,KPHL,2026-10-09,between,76.0,77.0,The Weather Company,https://weather.com/kalshi,0.99,1.0,0.0,0.01,0.0,7741.45,9313.13,,2026-10-10T05:00:00Z,active,2026-10-09T21:40:15.619612+00:00
KXHIGHPHIL,KXHIGHPHIL-26OCT09-B74.5,Highest temperature in Philadelphia,KPHL,2026-10-09,between,74.0,75.0,The Weather Company,https://weather.com/kalshi,0.0,0.01,0.99,1.0,42448.24,0.0,15554.1,,2026-10-10T05:00:00Z,active,2026-10-09T21:40:15.619612+00:00
KXHIGHPHIL,KXHIGHPHIL-26OCT09-B72.5,Highest temperature in Philadelphia,KPHL,2026-10-09,between,72.0,73.0,The Weather Company,https://weather.com/kalshi,0.0,0.01,0.99,1.0,69498.7,0.0,9554.75,,2026-10-10T05:00:00Z,active,2026-10-09T21:40:15.619612+00:00
KXHIGHPHIL,KXHIGHPHIL-26OCT09-B70.5,Highest temperature in Philadelphia,KPHL,2026-10-09,between,70.0,71.0,The Weather Company,https://weather.com/kalshi,0.0,0.01,0.99,1.0,75374.83,0.0,748.17,,2026-10-10T05:00:00Z,active,2026-10-09T21:40:15.619612+00:00
KXHIGHTOKC,KXHIGHTOKC-26OCT10-T95,Oklahoma City Maximum High Temperature,KOKC,2026-10-10,greater,95.0,,The Weather Company,https://weather.com/kalshi,0.0,0.01,0.99,1.0,11.0,0.0,89.0,,2026-10-11T06:00:00Z,active,2026-10-09T21:40:15.619612+00:00
KXHIGHTOKC,KXHIGHTOKC-26OCT10-T88,Oklahoma City Maximum High Temperature,KOKC,2026-10-10,less,,88.0,The Weather Company,https://weather.com/kalshi,0.02,0.03,0.97,0.98,78.0,425.39,248.27,,2026-10-11T06:00:00Z,active,2026-10-09T21:40:15.619612+00:00
KXHIGHTOKC,KXHIGHTOKC-26OCT10-B94.5,Oklahoma City Maximum High Temperature,KOKC,2026-10-10,between,94.0,95.0,The Weather Company,https://weather.com/kalshi,0.01,0.02,0.98,0.99,84.93,13.07,392.68,,2026-10-11T06:00:00Z,active,2026-10-09T21:40:15.619612+00:00
KXHIGHTOKC,KXHIGHTOKC-26OCT10-B92.5,Oklahoma City Maximum High Temperature,KOKC,2026-10-10,between,92.0,93.0,The Weather Company,https://weather.com/kalshi,0.18,0.19,0.81,0.82,22.0,13.0,952.47,,2026-10-11T06:00:00Z,active,2026-10-09T21:40:15.619612+00:00
KXHIGHTOKC,KXHIGHTOKC-26OCT10-B90.5,Oklahoma City Maximum High Temperature,KOKC,2026-10-10,between,90.0,91.0,The Weather Company,https://weather.com/kalshi,0.59,0.6,0.4,0.41,68.0,14.0,616.81,,2026-10-11T06:00:00Z,active,2026-10-09T21:40:15.619612+00:00
KXHIGHTOKC,KXHIGHTOKC-26OCT10-B88.5,Oklahoma City Maximum High Temperature,KOKC,2026-10-10,between,88.0,89.0,The Weather Company,https://weather.com/kalshi,0.17,0.18,0.82,0.83,38.0,7.0,484.09,,2026-10-11T06:00:00Z,active,2026-10-09T21:40:15.619612+00:00
KXHIGHTOKC,KXHIGHTOKC-26OCT09-T94,Oklahoma City Maximum High Temperature,KOKC,2026-10-09,greater,94.0,,The Weather Company,https://weather.com/kalshi,0.0,0.01,0.99,1.0,763.77,0.0,319.01,,2026-10-10T06:00:00Z,active,2026-10-09T21:40:15.619612+00:00
KXHIGHTOKC,KXHIGHTOKC-26OCT09-T87,Oklahoma City Maximum High Temperature,KOKC,2026-10-09,less,,87.0,The Weather Company,https://weather.com/kalshi,0.0,0.01,0.99,1.0,44213.24,0.0,1182.34,,2026-10-10T06:00:00Z,active,2026-10-09T21:40:15.619612+00:00
KXHIGHTOKC,KXHIGHTOKC-26OCT09-B93.5,Oklahoma City Maximum High Temperature,KOKC,2026-10-09,between,93.0,94.0,The Weather Company,https://weather.com/kalshi,0.0,0.01,0.99,1.0,107.09,0.0,700.23,,2026-10-10T06:00:00Z,active,2026-10-09T21:40:15.619612+00:00
KXHIGHTOKC,KXHIGHTOKC-26OCT09-B91.5,Oklahoma City Maximum High Temperature,KOKC,2026-10-09,between,91.0,92.0,The Weather Company,https://weather.com/kalshi,0.02,0.03,0.97,0.98,43.0,30.79,4245.32,,2026-10-10T06:00:00Z,active,2026-10-09T21:40:15.619612+00:00
KXHIGHTOKC,KXHIGHTOKC-26OCT09-B89.5,Oklahoma City Maximum High Temperature,KOKC,2026-10-09,between,89.0,90.0,The Weather Company,https://weather.com/kalshi,0.97,0.99,0.01,0.03,1490.27,28.0,4471.37,,2026-10-10T06:00:00Z,active,2026-10-09T21:40:15.619612+00:00
KXHIGHTOKC,KXHIGHTOKC-26OCT09-B87.5,Oklahoma City Maximum High Temperature,KOKC,2026-10-09,between,87.0,88.0,The Weather Company,https://weather.com/kalshi,0.0,0.01,0.99,1.0,43984.73,0.0,7489.7,,2026-10-10T06:00:00Z,active,2026-10-09T21:40:15.619612+00:00
KXLOWTDC,KXLOWTDC-26OCT10-T57,Lowest Temperature DC ,KDCA,2026-10-10,greater,57.0,,The Weather Company,https://weather.com/kalshi,0.44,0.52,0.48,0.56,3.0,9.0,185.0,,2026-10-11T05:00:00Z,active,2026-10-09T21:40:15.619612+00:00
KXLOWTDC,KXLOWTDC-26OCT10-T50,Lowest Temperature DC ,KDCA,2026-10-10,less,,50.0,The Weather Company,https://weather.com/kalshi,0.0,0.01,0.99,1.0,4.0,0.0,14.0,,2026-10-11T05:00:00Z,active,2026-10-09T21:40:15.619612+00:00
KXLOWTDC,KXLOWTDC-26OCT10-B56.5,Lowest Temperature DC ,KDCA,2026-10-10,between,56.0,57.0,The Weather Company,https://weather.com/kalshi,0.28,0.41,0.59,0.72,4.0,6.0,35.0,,2026-10-11T05:00:00Z,active,2026-10-09T21:40:15.619612+00:00
KXLOWTDC,KXLOWTDC-26OCT10-B54.5,Lowest Temperature DC ,KDCA,2026-10-10,between,54.0,55.0,The Weather Company,https://weather.com/kalshi,0.19,0.2,0.8,0.81,12.0,20.0,46.0,,2026-10-11T05:00:00Z,active,2026-10-09T21:40:15.619612+00:00
KXLOWTDC,KXLOWTDC-26OCT10-B52.5,Lowest Temperature DC ,KDCA,2026-10-10,between,52.0,53.0,The Weather Company,https://weather.com/kalshi,0.01,0.02,0.98,0.99,36.0,344.0,29.0,,2026-10-11T05:00:00Z,active,2026-10-09T21:40:15.619612+00:00
KXLOWTDC,KXLOWTDC-26OCT10-B50.5,Lowest Temperature DC ,KDCA,2026-10-10,between,50.0,51.0,The Weather Company,https://weather.com/kalshi,0.0,0.02,0.98,1.0,4.0,0.0,180.0,,2026-10-11T05:00:00Z,active,2026-10-09T21:40:15.619612+00:00
KXLOWTDC,KXLOWTDC-26OCT09-T55,Lowest Temperature DC ,KDCA,2026-10-09,greater,55.0,,The Weather Company,https://weather.com/kalshi,0.0,0.01,0.99,1.0,22565.15,0.0,234.93,,2026-10-10T05:00:00Z,active,2026-10-09T21:40:15.619612+00:00
KXLOWTDC,KXLOWTDC-26OCT09-T48,Lowest Temperature DC ,KDCA,2026-10-09,less,,48.0,The Weather Company,https://weather.com/kalshi,0.0,0.01,0.99,1.0,434.0,0.0,50.0,,2026-10-10T05:00:00Z,active,2026-10-09T21:40:15.619612+00:00
KXLOWTDC,KXLOWTDC-26OCT09-B54.5,Lowest Temperature DC ,KDCA,2026-10-09,between,54.0,55.0,The Weather Company,https://weather.com/kalshi,0.0,0.01,0.99,1.0,17873.0,0.0,451.02,,2026-10-10T05:00:00Z,active,2026-10-09T21:40:15.619612+00:00
KXLOWTDC,KXLOWTDC-26OCT09-B52.5,Lowest Temperature DC ,KDCA,2026-10-09,between,52.0,53.0,The Weather Company,https://weather.com/kalshi,0.98,1.0,0.0,0.02,0.0,696.45,1138.54,,2026-10-10T05:00:00Z,active,2026-10-09T21:40:15.619612+00:00
KXLOWTDC,KXLOWTDC-26OCT09-B50.5,Lowest Temperature DC ,KDCA,2026-10-09,between,50.0,51.0,The Weather Company,https://weather.com/kalshi,0.0,0.02,0.98,1.0,459.0,0.0,423.0,,2026-10-10T05:00:00Z,active,2026-10-09T21:40:15.619612+00:00
KXLOWTDC,KXLOWTDC-26OCT09-B48.5,Lowest Temperature DC ,KDCA,2026-10-09,between,48.0,49.0,The Weather Company,https://weather.com/kalshi,0.0,0.01,0.99,1.0,159.0,0.0,258.7,,2026-10-10T05:00:00Z,active,2026-10-09T21:40:15.619612+00:00
KXHIGHTHOU,KXHIGHTHOU-26OCT10-T95,Daily High Temperature Houston,KHOU,2026-10-10,greater,95.0,,The Weather Company,https://weather.com/kalshi,0.0,0.01,0.99,1.0,502.99,0.0,185.0,,2026-10-11T06:00:00Z,active,2026-10-09T21:40:15.619612+00:00
KXHIGHTHOU,KXHIGHTHOU-26OCT10-T88,Daily High Temperature Houston,KHOU,2026-10-10,less,,88.0,The Weather Company,https://weather.com/kalshi,0.05,0.06,0.94,0.95,17.24,48.0,57.0,,2026-10-11T06:00:00Z,active,2026-10-09T21:40:15.619612+00:00
KXHIGHTHOU,KXHIGHTHOU-26OCT10-B94.5,Daily High Temperature Houston,KHOU,2026-10-10,between,94.0,95.0,The Weather Company,https://weather.com/kalshi,0.01,0.02,0.98,0.99,45.0,488.49,376.51,,2026-10-11T06:00:00Z,active,2026-10-09T21:40:15.619612+00:00
KXHIGHTHOU,KXHIGHTHOU-26OCT10-B92.5,Daily High Temperature Houston,KHOU,2026-10-10,between,92.0,93.0,The Weather Company,https://weather.com/kalshi,0.06,0.07,0.93,0.94,33.0,856.0,424.0,,2026-10-11T06:00:00Z,active,2026-10-09T21:40:15.619612+00:00
KXHIGHTHOU,KXHIGHTHOU-26OCT10-B90.5,Daily High Temperature Houston,KHOU,2026-10-10,between,90.0,91.0,The Weather Company,https://weather.com/kalshi,0.4,0.41,0.59,0.6,12.0,15.0,295.85,,2026-10-11T06:00:00Z,active,2026-10-09T21:40:15.619612+00:00
KXHIGHTHOU,KXHIGHTHOU-26OCT10-B88.5,Daily High Temperature Houston,KHOU,2026-10-10,between,88.0,89.0,The Weather Company,https://weather.com/kalshi,0.43,0.44,0.56,0.57,26.0,38.0,605.4,,2026-10-11T06:00:00Z,active,2026-10-09T21:40:15.619612+00:00
KXHIGHTHOU,KXHIGHTHOU-26OCT09-T94,Daily High Temperature Houston,KHOU,2026-10-09,greater,94.0,,The Weather Company,https://weather.com/kalshi,0.0,0.01,0.99,1.0,110.99,0.0,1510.08,,2026-10-10T06:00:00Z,active,2026-10-09T21:40:15.619612+00:00
KXHIGHTHOU,KXHIGHTHOU-26OCT09-T87,Daily High Temperature Houston,KHOU,2026-10-09,less,,87.0,The Weather Company,https://weather.com/kalshi,0.0,0.01,0.99,1.0,111186.37,0.0,897.27,,2026-10-10T06:00:00Z,active,2026-10-09T21:40:15.619612+00:00
KXHIGHTHOU,KXHIGHTHOU-26OCT09-B93.5,Daily High Temperature Houston,KHOU,2026-10-09,between,93.0,94.0,The Weather Company,https://weather.com/kalshi,0.02,0.03,0.97,0.98,33.0,72.0,6628.3,,2026-10-10T06:00:00Z,active,2026-10-09T21:40:15.619612+00:00
KXHIGHTHOU,KXHIGHTHOU-26OCT09-B91.5,Daily High Temperature Houston,KHOU,2026-10-09,between,91.0,92.0,The Weather Company,https://weather.com/kalshi,0.97,0.98,0.02,0.03,31.74,5.53,5972.51,,2026-10-10T06:00:00Z,active,2026-10-09T21:40:15.619612+00:00
KXHIGHTHOU,KXHIGHTHOU-26OCT09-B89.5,Daily High Temperature Houston,KHOU,2026-10-09,between,89.0,90.0,The Weather Company,https://weather.com/kalshi,0.0,0.01,0.99,1.0,105215.35,0.0,5456.18,,2026-10-10T06:00:00Z,active,2026-10-09T21:40:15.619612+00:00
KXHIGHTHOU,KXHIGHTHOU-26OCT09-B87.5,Daily High Temperature Houston,KHOU,2026-10-09,between,87.0,88.0,The Weather Company,https://weather.com/kalshi,0.0,0.01,0.99,1.0,109307.35,0.0,1197.34,,2026-10-10T06:00:00Z,active,2026-10-09T21:40:15.619612+00:00
