series_ticker,market_ticker,city_label,station_id,target_date,strike_type,floor_strike,cap_strike,settlement_source_name,settlement_source_url,yes_bid,yes_ask,no_bid,no_ask,yes_ask_size,yes_bid_size,volume,liquidity,close_time,status,pulled_at
KXLOWTTTN,KXLOWTTTN-26SEP13-T70,Trenton Daily low temp ,KTTN,2026-09-13,greater,70.0,,The Weather Company,https://weather.com/kalshi,0.21,0.31,0.69,0.79,50.0,50.0,0.0,0.0,2026-09-14T05:00:00Z,active,2026-09-12T14:06:39.112525+00:00
KXLOWTTTN,KXLOWTTTN-26SEP13-T63,Trenton Daily low temp ,KTTN,2026-09-13,less,,63.0,The Weather Company,https://weather.com/kalshi,0.01,0.99,0.01,0.99,150.0,30.0,0.0,0.0,2026-09-14T05:00:00Z,active,2026-09-12T14:06:39.112525+00:00
KXLOWTTTN,KXLOWTTTN-26SEP13-B69.5,Trenton Daily low temp ,KTTN,2026-09-13,between,69.0,70.0,The Weather Company,https://weather.com/kalshi,0.33,0.43,0.57,0.67,50.0,50.0,0.0,0.0,2026-09-14T05:00:00Z,active,2026-09-12T14:06:39.112525+00:00
KXLOWTTTN,KXLOWTTTN-26SEP13-B67.5,Trenton Daily low temp ,KTTN,2026-09-13,between,67.0,68.0,The Weather Company,https://weather.com/kalshi,0.22,0.32,0.68,0.78,50.0,50.0,0.0,0.0,2026-09-14T05:00:00Z,active,2026-09-12T14:06:39.112525+00:00
KXLOWTTTN,KXLOWTTTN-26SEP13-B65.5,Trenton Daily low temp ,KTTN,2026-09-13,between,65.0,66.0,The Weather Company,https://weather.com/kalshi,0.03,0.13,0.87,0.97,50.0,50.0,0.0,0.0,2026-09-14T05:00:00Z,active,2026-09-12T14:06:39.112525+00:00
KXLOWTTTN,KXLOWTTTN-26SEP13-B63.5,Trenton Daily low temp ,KTTN,2026-09-13,between,63.0,64.0,The Weather Company,https://weather.com/kalshi,0.01,0.99,0.01,0.99,200.0,80.0,0.0,0.0,2026-09-14T05:00:00Z,active,2026-09-12T14:06:39.112525+00:00
KXLOWTTTN,KXLOWTTTN-26SEP12-T60,Trenton Daily low temp ,KTTN,2026-09-12,greater,60.0,,The Weather Company,https://weather.com/kalshi,0.0,0.01,0.99,1.0,8483.0,0.0,37.0,0.0,2026-09-13T05:00:00Z,active,2026-09-12T14:06:39.112525+00:00
KXLOWTTTN,KXLOWTTTN-26SEP12-T53,Trenton Daily low temp ,KTTN,2026-09-12,less,,53.0,The Weather Company,https://weather.com/kalshi,0.01,0.02,0.98,0.99,300.0,1.0,58.0,0.0,2026-09-13T05:00:00Z,active,2026-09-12T14:06:39.112525+00:00
KXLOWTTTN,KXLOWTTTN-26SEP12-B59.5,Trenton Daily low temp ,KTTN,2026-09-12,between,59.0,60.0,The Weather Company,https://weather.com/kalshi,0.0,0.01,0.99,1.0,8290.0,0.0,504.0,0.0,2026-09-13T05:00:00Z,active,2026-09-12T14:06:39.112525+00:00
KXLOWTTTN,KXLOWTTTN-26SEP12-B57.5,Trenton Daily low temp ,KTTN,2026-09-12,between,57.0,58.0,The Weather Company,https://weather.com/kalshi,0.0,0.01,0.99,1.0,8290.0,0.0,381.0,0.0,2026-09-13T05:00:00Z,active,2026-09-12T14:06:39.112525+00:00
KXLOWTTTN,KXLOWTTTN-26SEP12-B55.5,Trenton Daily low temp ,KTTN,2026-09-12,between,55.0,56.0,The Weather Company,https://weather.com/kalshi,0.97,1.0,0.0,0.03,0.0,300.0,446.0,0.0,2026-09-13T05:00:00Z,active,2026-09-12T14:06:39.112525+00:00
KXLOWTTTN,KXLOWTTTN-26SEP12-B53.5,Trenton Daily low temp ,KTTN,2026-09-12,between,53.0,54.0,The Weather Company,https://weather.com/kalshi,0.0,0.03,0.97,1.0,300.0,0.0,252.0,0.0,2026-09-13T05:00:00Z,active,2026-09-12T14:06:39.112525+00:00
KXLOWTSATX,KXLOWTSATX-26SEP13-T79,Lowest Temperature SATX,KSAT,2026-09-13,greater,79.0,,The Weather Company,https://weather.com/kalshi,0.26,0.35,0.65,0.74,50.0,164.21,0.0,0.0,2026-09-14T06:00:00Z,active,2026-09-12T14:06:39.112525+00:00
KXLOWTSATX,KXLOWTSATX-26SEP13-T72,Lowest Temperature SATX,KSAT,2026-09-13,less,,72.0,The Weather Company,https://weather.com/kalshi,0.0,0.01,0.99,1.0,12.0,0.0,0.0,0.0,2026-09-14T06:00:00Z,active,2026-09-12T14:06:39.112525+00:00
KXLOWTSATX,KXLOWTSATX-26SEP13-B78.5,Lowest Temperature SATX,KSAT,2026-09-13,between,78.0,79.0,The Weather Company,https://weather.com/kalshi,0.43,0.53,0.47,0.57,50.0,50.0,0.0,0.0,2026-09-14T06:00:00Z,active,2026-09-12T14:06:39.112525+00:00
KXLOWTSATX,KXLOWTSATX-26SEP13-B76.5,Lowest Temperature SATX,KSAT,2026-09-13,between,76.0,77.0,The Weather Company,https://weather.com/kalshi,0.15,0.24,0.76,0.85,147.55,50.0,0.0,0.0,2026-09-14T06:00:00Z,active,2026-09-12T14:06:39.112525+00:00
KXLOWTSATX,KXLOWTSATX-26SEP13-B74.5,Lowest Temperature SATX,KSAT,2026-09-13,between,74.0,75.0,The Weather Company,https://weather.com/kalshi,0.02,0.74,0.26,0.98,30.0,1.0,0.0,0.0,2026-09-14T06:00:00Z,active,2026-09-12T14:06:39.112525+00:00
KXLOWTSATX,KXLOWTSATX-26SEP13-B72.5,Lowest Temperature SATX,KSAT,2026-09-13,between,72.0,73.0,The Weather Company,https://weather.com/kalshi,0.02,0.74,0.26,0.98,30.0,1.0,0.0,0.0,2026-09-14T06:00:00Z,active,2026-09-12T14:06:39.112525+00:00
KXLOWTSATX,KXLOWTSATX-26SEP12-T78,Lowest Temperature SATX,KSAT,2026-09-12,greater,78.0,,The Weather Company,https://weather.com/kalshi,0.97,0.98,0.02,0.03,14.82,55.0,1770.11,0.0,2026-09-13T06:00:00Z,active,2026-09-12T14:06:39.112525+00:00
KXLOWTSATX,KXLOWTSATX-26SEP12-T71,Lowest Temperature SATX,KSAT,2026-09-12,less,,71.0,The Weather Company,https://weather.com/kalshi,0.0,0.08,0.92,1.0,6.0,0.0,1.0,0.0,2026-09-13T06:00:00Z,active,2026-09-12T14:06:39.112525+00:00
KXLOWTSATX,KXLOWTSATX-26SEP12-B77.5,Lowest Temperature SATX,KSAT,2026-09-12,between,77.0,78.0,The Weather Company,https://weather.com/kalshi,0.02,0.03,0.97,0.98,76.0,0.02,421.55,0.0,2026-09-13T06:00:00Z,active,2026-09-12T14:06:39.112525+00:00
KXLOWTSATX,KXLOWTSATX-26SEP12-B75.5,Lowest Temperature SATX,KSAT,2026-09-12,between,75.0,76.0,The Weather Company,https://weather.com/kalshi,0.01,0.12,0.88,0.99,6.0,15.0,65.02,0.0,2026-09-13T06:00:00Z,active,2026-09-12T14:06:39.112525+00:00
KXLOWTSATX,KXLOWTSATX-26SEP12-B73.5,Lowest Temperature SATX,KSAT,2026-09-12,between,73.0,74.0,The Weather Company,https://weather.com/kalshi,0.01,0.02,0.98,0.99,117.0,8.98,111.02,0.0,2026-09-13T06:00:00Z,active,2026-09-12T14:06:39.112525+00:00
KXLOWTSATX,KXLOWTSATX-26SEP12-B71.5,Lowest Temperature SATX,KSAT,2026-09-12,between,71.0,72.0,The Weather Company,https://weather.com/kalshi,0.0,0.01,0.99,1.0,6.0,0.0,135.0,0.0,2026-09-13T06:00:00Z,active,2026-09-12T14:06:39.112525+00:00
KXHIGHPHIL,KXHIGHPHIL-26SEP13-T87,Highest temperature in Philadelphia,KPHL,2026-09-13,greater,87.0,,The Weather Company,https://weather.com/kalshi,0.02,0.2,0.8,0.98,10.0,146.0,2.0,0.0,2026-09-14T05:00:00Z,active,2026-09-12T14:06:39.112525+00:00
KXHIGHPHIL,KXHIGHPHIL-26SEP13-T80,Highest temperature in Philadelphia,KPHL,2026-09-13,less,,80.0,The Weather Company,https://weather.com/kalshi,0.02,0.19,0.81,0.98,157.0,10.0,0.0,0.0,2026-09-14T05:00:00Z,active,2026-09-12T14:06:39.112525+00:00
KXHIGHPHIL,KXHIGHPHIL-26SEP13-B86.5,Highest temperature in Philadelphia,KPHL,2026-09-13,between,86.0,87.0,The Weather Company,https://weather.com/kalshi,0.17,0.27,0.73,0.83,51.0,50.0,0.0,0.0,2026-09-14T05:00:00Z,active,2026-09-12T14:06:39.112525+00:00
KXHIGHPHIL,KXHIGHPHIL-26SEP13-B84.5,Highest temperature in Philadelphia,KPHL,2026-09-13,between,84.0,85.0,The Weather Company,https://weather.com/kalshi,0.46,0.53,0.47,0.54,50.0,50.0,0.0,0.0,2026-09-14T05:00:00Z,active,2026-09-12T14:06:39.112525+00:00
KXHIGHPHIL,KXHIGHPHIL-26SEP13-B82.5,Highest temperature in Philadelphia,KPHL,2026-09-13,between,82.0,83.0,The Weather Company,https://weather.com/kalshi,0.18,0.28,0.72,0.82,51.0,50.0,0.0,0.0,2026-09-14T05:00:00Z,active,2026-09-12T14:06:39.112525+00:00
KXHIGHPHIL,KXHIGHPHIL-26SEP13-B80.5,Highest temperature in Philadelphia,KPHL,2026-09-13,between,80.0,81.0,The Weather Company,https://weather.com/kalshi,0.03,0.21,0.79,0.97,10.0,33.0,0.0,0.0,2026-09-14T05:00:00Z,active,2026-09-12T14:06:39.112525+00:00
KXHIGHPHIL,KXHIGHPHIL-26SEP12-T86,Highest temperature in Philadelphia,KPHL,2026-09-12,greater,86.0,,The Weather Company,https://weather.com/kalshi,0.0,0.01,0.99,1.0,374.63,0.0,516.86,0.0,2026-09-13T05:00:00Z,active,2026-09-12T14:06:39.112525+00:00
KXHIGHPHIL,KXHIGHPHIL-26SEP12-T79,Highest temperature in Philadelphia,KPHL,2026-09-12,less,,79.0,The Weather Company,https://weather.com/kalshi,0.0,0.01,0.99,1.0,45.41,0.0,851.1,0.0,2026-09-13T05:00:00Z,active,2026-09-12T14:06:39.112525+00:00
KXHIGHPHIL,KXHIGHPHIL-26SEP12-B85.5,Highest temperature in Philadelphia,KPHL,2026-09-12,between,85.0,86.0,The Weather Company,https://weather.com/kalshi,0.06,0.07,0.93,0.94,11.0,100.84,3163.72,0.0,2026-09-13T05:00:00Z,active,2026-09-12T14:06:39.112525+00:00
KXHIGHPHIL,KXHIGHPHIL-26SEP12-B83.5,Highest temperature in Philadelphia,KPHL,2026-09-12,between,83.0,84.0,The Weather Company,https://weather.com/kalshi,0.47,0.48,0.52,0.53,37.0,20.0,1746.43,0.0,2026-09-13T05:00:00Z,active,2026-09-12T14:06:39.112525+00:00
KXHIGHPHIL,KXHIGHPHIL-26SEP12-B81.5,Highest temperature in Philadelphia,KPHL,2026-09-12,between,81.0,82.0,The Weather Company,https://weather.com/kalshi,0.37,0.39,0.61,0.63,10.0,28.0,1437.45,0.0,2026-09-13T05:00:00Z,active,2026-09-12T14:06:39.112525+00:00
KXHIGHPHIL,KXHIGHPHIL-26SEP12-B79.5,Highest temperature in Philadelphia,KPHL,2026-09-12,between,79.0,80.0,The Weather Company,https://weather.com/kalshi,0.07,0.08,0.92,0.93,31.0,10.0,1828.14,0.0,2026-09-13T05:00:00Z,active,2026-09-12T14:06:39.112525+00:00
KXHIGHDEN,KXHIGHDEN-26SEP13-T96,Highest temperature in Denver,KDEN,2026-09-13,greater,96.0,,The Weather Company,https://weather.com/kalshi,0.02,0.09,0.91,0.98,5.24,7.0,7.0,0.0,2026-09-14T07:00:00Z,active,2026-09-12T14:06:39.112525+00:00
KXHIGHDEN,KXHIGHDEN-26SEP13-T89,Highest temperature in Denver,KDEN,2026-09-13,less,,89.0,The Weather Company,https://weather.com/kalshi,0.02,0.09,0.91,0.98,5.0,10.0,8.0,0.0,2026-09-14T07:00:00Z,active,2026-09-12T14:06:39.112525+00:00
KXHIGHDEN,KXHIGHDEN-26SEP13-B95.5,Highest temperature in Denver,KDEN,2026-09-13,between,95.0,96.0,The Weather Company,https://weather.com/kalshi,0.11,0.2,0.8,0.89,7.0,50.0,4.0,0.0,2026-09-14T07:00:00Z,active,2026-09-12T14:06:39.112525+00:00
KXHIGHDEN,KXHIGHDEN-26SEP13-B93.5,Highest temperature in Denver,KDEN,2026-09-13,between,93.0,94.0,The Weather Company,https://weather.com/kalshi,0.41,0.44,0.56,0.59,5.0,46.0,4.0,0.0,2026-09-14T07:00:00Z,active,2026-09-12T14:06:39.112525+00:00
KXHIGHDEN,KXHIGHDEN-26SEP13-B91.5,Highest temperature in Denver,KDEN,2026-09-13,between,91.0,92.0,The Weather Company,https://weather.com/kalshi,0.27,0.36,0.64,0.73,7.0,48.0,4.0,0.0,2026-09-14T07:00:00Z,active,2026-09-12T14:06:39.112525+00:00
KXHIGHDEN,KXHIGHDEN-26SEP13-B89.5,Highest temperature in Denver,KDEN,2026-09-13,between,89.0,90.0,The Weather Company,https://weather.com/kalshi,0.02,0.08,0.92,0.98,5.0,148.0,4.0,0.0,2026-09-14T07:00:00Z,active,2026-09-12T14:06:39.112525+00:00
KXHIGHDEN,KXHIGHDEN-26SEP12-T87,Highest temperature in Denver,KDEN,2026-09-12,greater,87.0,,The Weather Company,https://weather.com/kalshi,0.0,0.01,0.99,1.0,378.0,0.0,739.06,0.0,2026-09-13T07:00:00Z,active,2026-09-12T14:06:39.112525+00:00
KXHIGHDEN,KXHIGHDEN-26SEP12-T80,Highest temperature in Denver,KDEN,2026-09-12,less,,80.0,The Weather Company,https://weather.com/kalshi,0.05,0.07,0.93,0.95,59.01,400.0,3362.01,0.0,2026-09-13T07:00:00Z,active,2026-09-12T14:06:39.112525+00:00
KXHIGHDEN,KXHIGHDEN-26SEP12-B86.5,Highest temperature in Denver,KDEN,2026-09-12,between,86.0,87.0,The Weather Company,https://weather.com/kalshi,0.03,0.04,0.96,0.97,58.58,103.0,695.01,0.0,2026-09-13T07:00:00Z,active,2026-09-12T14:06:39.112525+00:00
KXHIGHDEN,KXHIGHDEN-26SEP12-B84.5,Highest temperature in Denver,KDEN,2026-09-12,between,84.0,85.0,The Weather Company,https://weather.com/kalshi,0.29,0.31,0.69,0.71,45.56,11.0,2379.96,0.0,2026-09-13T07:00:00Z,active,2026-09-12T14:06:39.112525+00:00
KXHIGHDEN,KXHIGHDEN-26SEP12-B82.5,Highest temperature in Denver,KDEN,2026-09-12,between,82.0,83.0,The Weather Company,https://weather.com/kalshi,0.51,0.52,0.48,0.49,70.4,17.0,2782.03,0.0,2026-09-13T07:00:00Z,active,2026-09-12T14:06:39.112525+00:00
KXHIGHDEN,KXHIGHDEN-26SEP12-B80.5,Highest temperature in Denver,KDEN,2026-09-12,between,80.0,81.0,The Weather Company,https://weather.com/kalshi,0.13,0.14,0.86,0.87,23.57,28.0,1247.83,0.0,2026-09-13T07:00:00Z,active,2026-09-12T14:06:39.112525+00:00
KXLOWTSFO,KXLOWTSFO-26SEP13-T60,Lowest Temperature San Francisco,KSFO,2026-09-13,greater,60.0,,The Weather Company,https://weather.com/kalshi,0.01,0.74,0.26,0.99,30.0,80.0,0.0,0.0,2026-09-14T08:00:00Z,active,2026-09-12T14:06:39.112525+00:00
KXLOWTSFO,KXLOWTSFO-26SEP13-T53,Lowest Temperature San Francisco,KSFO,2026-09-13,less,,53.0,The Weather Company,https://weather.com/kalshi,0.0,0.01,0.99,1.0,12.0,0.0,0.0,0.0,2026-09-14T08:00:00Z,active,2026-09-12T14:06:39.112525+00:00
KXLOWTSFO,KXLOWTSFO-26SEP13-B59.5,Lowest Temperature San Francisco,KSFO,2026-09-13,between,59.0,60.0,The Weather Company,https://weather.com/kalshi,0.52,0.62,0.38,0.48,50.0,50.0,0.0,0.0,2026-09-14T08:00:00Z,active,2026-09-12T14:06:39.112525+00:00
KXLOWTSFO,KXLOWTSFO-26SEP13-B57.5,Lowest Temperature San Francisco,KSFO,2026-09-13,between,57.0,58.0,The Weather Company,https://weather.com/kalshi,0.31,0.41,0.59,0.69,50.0,50.0,0.0,0.0,2026-09-14T08:00:00Z,active,2026-09-12T14:06:39.112525+00:00
KXLOWTSFO,KXLOWTSFO-26SEP13-B55.5,Lowest Temperature San Francisco,KSFO,2026-09-13,between,55.0,56.0,The Weather Company,https://weather.com/kalshi,0.01,0.75,0.25,0.99,2.0,110.0,0.0,0.0,2026-09-14T08:00:00Z,active,2026-09-12T14:06:39.112525+00:00
KXLOWTSFO,KXLOWTSFO-26SEP13-B53.5,Lowest Temperature San Francisco,KSFO,2026-09-13,between,53.0,54.0,The Weather Company,https://weather.com/kalshi,0.01,0.74,0.26,0.99,30.0,110.0,0.0,0.0,2026-09-14T08:00:00Z,active,2026-09-12T14:06:39.112525+00:00
KXLOWTSFO,KXLOWTSFO-26SEP12-T60,Lowest Temperature San Francisco,KSFO,2026-09-12,greater,60.0,,The Weather Company,https://weather.com/kalshi,0.0,0.01,0.99,1.0,18339.15,0.0,58.0,0.0,2026-09-13T08:00:00Z,active,2026-09-12T14:06:39.112525+00:00
KXLOWTSFO,KXLOWTSFO-26SEP12-T53,Lowest Temperature San Francisco,KSFO,2026-09-12,less,,53.0,The Weather Company,https://weather.com/kalshi,0.0,0.01,0.99,1.0,201.0,0.0,0.0,0.0,2026-09-13T08:00:00Z,active,2026-09-12T14:06:39.112525+00:00
KXLOWTSFO,KXLOWTSFO-26SEP12-B59.5,Lowest Temperature San Francisco,KSFO,2026-09-12,between,59.0,60.0,The Weather Company,https://weather.com/kalshi,0.48,0.95,0.05,0.52,9.98,2.0,587.2,0.0,2026-09-13T08:00:00Z,active,2026-09-12T14:06:39.112525+00:00
KXLOWTSFO,KXLOWTSFO-26SEP12-B57.5,Lowest Temperature San Francisco,KSFO,2026-09-12,between,57.0,58.0,The Weather Company,https://weather.com/kalshi,0.05,0.16,0.84,0.95,1.0,0.01,232.12,0.0,2026-09-13T08:00:00Z,active,2026-09-12T14:06:39.112525+00:00
KXLOWTSFO,KXLOWTSFO-26SEP12-B55.5,Lowest Temperature San Francisco,KSFO,2026-09-12,between,55.0,56.0,The Weather Company,https://weather.com/kalshi,0.01,0.07,0.93,0.99,1.0,35.85,53.2,0.0,2026-09-13T08:00:00Z,active,2026-09-12T14:06:39.112525+00:00
KXLOWTSFO,KXLOWTSFO-26SEP12-B53.5,Lowest Temperature San Francisco,KSFO,2026-09-12,between,53.0,54.0,The Weather Company,https://weather.com/kalshi,0.0,0.02,0.98,1.0,139.0,0.0,134.0,0.0,2026-09-13T08:00:00Z,active,2026-09-12T14:06:39.112525+00:00
KXLOWTCHI,KXLOWTCHI-26SEP13-T64,Lowest Temperature Chicago,KMDW,2026-09-13,greater,64.0,,The Weather Company,https://weather.com/kalshi,0.02,0.06,0.94,0.98,427.0,27.0,203.76,0.0,2026-09-14T06:00:00Z,active,2026-09-12T14:06:39.112525+00:00
KXLOWTCHI,KXLOWTCHI-26SEP13-T57,Lowest Temperature Chicago,KMDW,2026-09-13,less,,57.0,The Weather Company,https://weather.com/kalshi,0.02,0.04,0.96,0.98,100.0,19.0,41.0,0.0,2026-09-14T06:00:00Z,active,2026-09-12T14:06:39.112525+00:00
KXLOWTCHI,KXLOWTCHI-26SEP13-B63.5,Lowest Temperature Chicago,KMDW,2026-09-13,between,63.0,64.0,The Weather Company,https://weather.com/kalshi,0.36,0.44,0.56,0.64,34.28,50.0,108.04,0.0,2026-09-14T06:00:00Z,active,2026-09-12T14:06:39.112525+00:00
KXLOWTCHI,KXLOWTCHI-26SEP13-B61.5,Lowest Temperature Chicago,KMDW,2026-09-13,between,61.0,62.0,The Weather Company,https://weather.com/kalshi,0.24,0.33,0.67,0.76,50.0,27.0,15.0,0.0,2026-09-14T06:00:00Z,active,2026-09-12T14:06:39.112525+00:00
KXLOWTCHI,KXLOWTCHI-26SEP13-B59.5,Lowest Temperature Chicago,KMDW,2026-09-13,between,59.0,60.0,The Weather Company,https://weather.com/kalshi,0.13,0.15,0.85,0.87,25.0,50.0,79.0,0.0,2026-09-14T06:00:00Z,active,2026-09-12T14:06:39.112525+00:00
KXLOWTCHI,KXLOWTCHI-26SEP13-B57.5,Lowest Temperature Chicago,KMDW,2026-09-13,between,57.0,58.0,The Weather Company,https://weather.com/kalshi,0.03,0.45,0.55,0.97,15.0,15.0,0.0,0.0,2026-09-14T06:00:00Z,active,2026-09-12T14:06:39.112525+00:00
KXLOWTCHI,KXLOWTCHI-26SEP12-T68,Lowest Temperature Chicago,KMDW,2026-09-12,greater,68.0,,The Weather Company,https://weather.com/kalshi,0.0,0.01,0.99,1.0,18637.15,0.0,712.26,0.0,2026-09-13T06:00:00Z,active,2026-09-12T14:06:39.112525+00:00
KXLOWTCHI,KXLOWTCHI-26SEP12-T61,Lowest Temperature Chicago,KMDW,2026-09-12,less,,61.0,The Weather Company,https://weather.com/kalshi,0.0,0.01,0.99,1.0,749.0,0.0,101.0,0.0,2026-09-13T06:00:00Z,active,2026-09-12T14:06:39.112525+00:00
KXLOWTCHI,KXLOWTCHI-26SEP12-B67.5,Lowest Temperature Chicago,KMDW,2026-09-12,between,67.0,68.0,The Weather Company,https://weather.com/kalshi,0.99,1.0,0.0,0.01,0.0,1374.95,1354.96,0.0,2026-09-13T06:00:00Z,active,2026-09-12T14:06:39.112525+00:00
KXLOWTCHI,KXLOWTCHI-26SEP12-B65.5,Lowest Temperature Chicago,KMDW,2026-09-12,between,65.0,66.0,The Weather Company,https://weather.com/kalshi,0.0,0.01,0.99,1.0,1001.0,0.0,573.52,0.0,2026-09-13T06:00:00Z,active,2026-09-12T14:06:39.112525+00:00
KXLOWTCHI,KXLOWTCHI-26SEP12-B63.5,Lowest Temperature Chicago,KMDW,2026-09-12,between,63.0,64.0,The Weather Company,https://weather.com/kalshi,0.0,0.01,0.99,1.0,115.22,0.0,231.01,0.0,2026-09-13T06:00:00Z,active,2026-09-12T14:06:39.112525+00:00
KXLOWTCHI,KXLOWTCHI-26SEP12-B61.5,Lowest Temperature Chicago,KMDW,2026-09-12,between,61.0,62.0,The Weather Company,https://weather.com/kalshi,0.0,0.01,0.99,1.0,281.51,0.0,253.0,0.0,2026-09-13T06:00:00Z,active,2026-09-12T14:06:39.112525+00:00
KXLOWTEWR,KXLOWTEWR-26SEP13-T71,"Newark, NJ (EWR) Daily Low Temp",KEWR,2026-09-13,greater,71.0,,The Weather Company,https://weather.com/kalshi,0.27,0.37,0.63,0.73,50.0,50.0,0.0,0.0,2026-09-14T05:00:00Z,active,2026-09-12T14:06:39.112525+00:00
KXLOWTEWR,KXLOWTEWR-26SEP13-T64,"Newark, NJ (EWR) Daily Low Temp",KEWR,2026-09-13,less,,64.0,The Weather Company,https://weather.com/kalshi,0.01,0.99,0.01,0.99,150.0,30.0,0.0,0.0,2026-09-14T05:00:00Z,active,2026-09-12T14:06:39.112525+00:00
KXLOWTEWR,KXLOWTEWR-26SEP13-B70.5,"Newark, NJ (EWR) Daily Low Temp",KEWR,2026-09-13,between,70.0,71.0,The Weather Company,https://weather.com/kalshi,0.32,0.42,0.58,0.68,50.0,50.0,0.0,0.0,2026-09-14T05:00:00Z,active,2026-09-12T14:06:39.112525+00:00
KXLOWTEWR,KXLOWTEWR-26SEP13-B68.5,"Newark, NJ (EWR) Daily Low Temp",KEWR,2026-09-13,between,68.0,69.0,The Weather Company,https://weather.com/kalshi,0.19,0.29,0.71,0.81,50.0,50.0,0.0,0.0,2026-09-14T05:00:00Z,active,2026-09-12T14:06:39.112525+00:00
KXLOWTEWR,KXLOWTEWR-26SEP13-B66.5,"Newark, NJ (EWR) Daily Low Temp",KEWR,2026-09-13,between,66.0,67.0,The Weather Company,https://weather.com/kalshi,0.01,0.11,0.89,0.99,50.0,130.0,0.0,0.0,2026-09-14T05:00:00Z,active,2026-09-12T14:06:39.112525+00:00
KXLOWTEWR,KXLOWTEWR-26SEP13-B64.5,"Newark, NJ (EWR) Daily Low Temp",KEWR,2026-09-13,between,64.0,65.0,The Weather Company,https://weather.com/kalshi,0.01,0.99,0.01,0.99,200.0,80.0,0.0,0.0,2026-09-14T05:00:00Z,active,2026-09-12T14:06:39.112525+00:00
KXLOWTEWR,KXLOWTEWR-26SEP12-T63,"Newark, NJ (EWR) Daily Low Temp",KEWR,2026-09-12,greater,63.0,,The Weather Company,https://weather.com/kalshi,0.0,0.01,0.99,1.0,8396.44,0.0,279.57,0.0,2026-09-13T05:00:00Z,active,2026-09-12T14:06:39.112525+00:00
KXLOWTEWR,KXLOWTEWR-26SEP12-T56,"Newark, NJ (EWR) Daily Low Temp",KEWR,2026-09-12,less,,56.0,The Weather Company,https://weather.com/kalshi,0.0,0.05,0.95,1.0,50.0,0.0,65.0,0.0,2026-09-13T05:00:00Z,active,2026-09-12T14:06:39.112525+00:00
KXLOWTEWR,KXLOWTEWR-26SEP12-B62.5,"Newark, NJ (EWR) Daily Low Temp",KEWR,2026-09-12,between,62.0,63.0,The Weather Company,https://weather.com/kalshi,0.0,0.01,0.99,1.0,8340.0,0.0,421.0,0.0,2026-09-13T05:00:00Z,active,2026-09-12T14:06:39.112525+00:00
KXLOWTEWR,KXLOWTEWR-26SEP12-B60.5,"Newark, NJ (EWR) Daily Low Temp",KEWR,2026-09-12,between,60.0,61.0,The Weather Company,https://weather.com/kalshi,0.96,1.0,0.0,0.04,0.0,100.0,344.0,0.0,2026-09-13T05:00:00Z,active,2026-09-12T14:06:39.112525+00:00
KXLOWTEWR,KXLOWTEWR-26SEP12-B58.5,"Newark, NJ (EWR) Daily Low Temp",KEWR,2026-09-12,between,58.0,59.0,The Weather Company,https://weather.com/kalshi,0.0,0.03,0.97,1.0,22.0,0.0,61.0,0.0,2026-09-13T05:00:00Z,active,2026-09-12T14:06:39.112525+00:00
KXLOWTEWR,KXLOWTEWR-26SEP12-B56.5,"Newark, NJ (EWR) Daily Low Temp",KEWR,2026-09-12,between,56.0,57.0,The Weather Company,https://weather.com/kalshi,0.0,0.05,0.95,1.0,50.0,0.0,64.0,0.0,2026-09-13T05:00:00Z,active,2026-09-12T14:06:39.112525+00:00
KXHIGHTSATX,KXHIGHTSATX-26SEP13-T98,San Antonio Daily Maximum Temperature,KSAT,2026-09-13,less,,98.0,The Weather Company,https://weather.com/kalshi,0.08,0.18,0.82,0.92,50.0,50.0,114.99,0.0,2026-09-14T06:00:00Z,active,2026-09-12T14:06:39.112525+00:00
KXHIGHTSATX,KXHIGHTSATX-26SEP13-T105,San Antonio Daily Maximum Temperature,KSAT,2026-09-13,greater,105.0,,The Weather Company,https://weather.com/kalshi,0.01,0.02,0.98,0.99,3.24,131.0,15.0,0.0,2026-09-14T06:00:00Z,active,2026-09-12T14:06:39.112525+00:00
KXHIGHTSATX,KXHIGHTSATX-26SEP13-B98.5,San Antonio Daily Maximum Temperature,KSAT,2026-09-13,between,98.0,99.0,The Weather Company,https://weather.com/kalshi,0.42,0.47,0.53,0.58,1.0,50.0,0.0,0.0,2026-09-14T06:00:00Z,active,2026-09-12T14:06:39.112525+00:00
KXHIGHTSATX,KXHIGHTSATX-26SEP13-B104.5,San Antonio Daily Maximum Temperature,KSAT,2026-09-13,between,104.0,105.0,The Weather Company,https://weather.com/kalshi,0.02,0.26,0.74,0.98,127.0,15.0,0.0,0.0,2026-09-14T06:00:00Z,active,2026-09-12T14:06:39.112525+00:00
KXHIGHTSATX,KXHIGHTSATX-26SEP13-B102.5,San Antonio Daily Maximum Temperature,KSAT,2026-09-13,between,102.0,103.0,The Weather Company,https://weather.com/kalshi,0.03,0.1,0.9,0.97,15.0,438.0,0.0,0.0,2026-09-14T06:00:00Z,active,2026-09-12T14:06:39.112525+00:00
KXHIGHTSATX,KXHIGHTSATX-26SEP13-B100.5,San Antonio Daily Maximum Temperature,KSAT,2026-09-13,between,100.0,101.0,The Weather Company,https://weather.com/kalshi,0.27,0.37,0.63,0.73,50.0,50.0,0.0,0.0,2026-09-14T06:00:00Z,active,2026-09-12T14:06:39.112525+00:00
KXHIGHTSATX,KXHIGHTSATX-26SEP12-T99,San Antonio Daily Maximum Temperature,KSAT,2026-09-12,less,,99.0,The Weather Company,https://weather.com/kalshi,0.03,0.04,0.96,0.97,36.0,291.43,451.31,0.0,2026-09-13T06:00:00Z,active,2026-09-12T14:06:39.112525+00:00
KXHIGHTSATX,KXHIGHTSATX-26SEP12-T106,San Antonio Daily Maximum Temperature,KSAT,2026-09-12,greater,106.0,,The Weather Company,https://weather.com/kalshi,0.0,0.01,0.99,1.0,413.99,0.0,323.96,0.0,2026-09-13T06:00:00Z,active,2026-09-12T14:06:39.112525+00:00
KXHIGHTSATX,KXHIGHTSATX-26SEP12-B99.5,San Antonio Daily Maximum Temperature,KSAT,2026-09-12,between,99.0,100.0,The Weather Company,https://weather.com/kalshi,0.33,0.34,0.66,0.67,6.0,14.0,3197.75,0.0,2026-09-13T06:00:00Z,active,2026-09-12T14:06:39.112525+00:00
KXHIGHTSATX,KXHIGHTSATX-26SEP12-B105.5,San Antonio Daily Maximum Temperature,KSAT,2026-09-12,between,105.0,106.0,The Weather Company,https://weather.com/kalshi,0.0,0.01,0.99,1.0,249.28,0.0,246.17,0.0,2026-09-13T06:00:00Z,active,2026-09-12T14:06:39.112525+00:00
KXHIGHTSATX,KXHIGHTSATX-26SEP12-B103.5,San Antonio Daily Maximum Temperature,KSAT,2026-09-12,between,103.0,104.0,The Weather Company,https://weather.com/kalshi,0.02,0.03,0.97,0.98,40.0,141.22,597.85,0.0,2026-09-13T06:00:00Z,active,2026-09-12T14:06:39.112525+00:00
KXHIGHTSATX,KXHIGHTSATX-26SEP12-B101.5,San Antonio Daily Maximum Temperature,KSAT,2026-09-12,between,101.0,102.0,The Weather Company,https://weather.com/kalshi,0.59,0.62,0.38,0.41,10.66,6.0,1376.71,0.0,2026-09-13T06:00:00Z,active,2026-09-12T14:06:39.112525+00:00
KXHIGHTOKC,KXHIGHTOKC-26SEP13-T97,Oklahoma City Maximum High Temperature,KOKC,2026-09-13,less,,97.0,The Weather Company,https://weather.com/kalshi,0.1,0.13,0.87,0.9,20.0,50.0,154.0,0.0,2026-09-14T06:00:00Z,active,2026-09-12T14:06:39.112525+00:00
KXHIGHTOKC,KXHIGHTOKC-26SEP13-T104,Oklahoma City Maximum High Temperature,KOKC,2026-09-13,greater,104.0,,The Weather Company,https://weather.com/kalshi,0.01,0.03,0.97,0.99,2.24,582.0,301.0,0.0,2026-09-14T06:00:00Z,active,2026-09-12T14:06:39.112525+00:00
KXHIGHTOKC,KXHIGHTOKC-26SEP13-B99.5,Oklahoma City Maximum High Temperature,KOKC,2026-09-13,between,99.0,100.0,The Weather Company,https://weather.com/kalshi,0.22,0.31,0.69,0.78,8.0,50.0,0.0,0.0,2026-09-14T06:00:00Z,active,2026-09-12T14:06:39.112525+00:00
KXHIGHTOKC,KXHIGHTOKC-26SEP13-B97.5,Oklahoma City Maximum High Temperature,KOKC,2026-09-13,between,97.0,98.0,The Weather Company,https://weather.com/kalshi,0.15,0.22,0.78,0.85,34.0,8.0,113.0,0.0,2026-09-14T06:00:00Z,active,2026-09-12T14:06:39.112525+00:00
KXHIGHTOKC,KXHIGHTOKC-26SEP13-B103.5,Oklahoma City Maximum High Temperature,KOKC,2026-09-13,between,103.0,104.0,The Weather Company,https://weather.com/kalshi,0.07,0.13,0.87,0.93,8.0,3.0,10.0,0.0,2026-09-14T06:00:00Z,active,2026-09-12T14:06:39.112525+00:00
KXHIGHTOKC,KXHIGHTOKC-26SEP13-B101.5,Oklahoma City Maximum High Temperature,KOKC,2026-09-13,between,101.0,102.0,The Weather Company,https://weather.com/kalshi,0.24,0.29,0.71,0.76,8.0,222.0,0.0,0.0,2026-09-14T06:00:00Z,active,2026-09-12T14:06:39.112525+00:00
KXHIGHTOKC,KXHIGHTOKC-26SEP12-T94,Oklahoma City Maximum High Temperature,KOKC,2026-09-12,less,,94.0,The Weather Company,https://weather.com/kalshi,0.0,0.01,0.99,1.0,1268.74,0.0,864.79,0.0,2026-09-13T06:00:00Z,active,2026-09-12T14:06:39.112525+00:00
KXHIGHTOKC,KXHIGHTOKC-26SEP12-T101,Oklahoma City Maximum High Temperature,KOKC,2026-09-12,greater,101.0,,The Weather Company,https://weather.com/kalshi,0.6,0.72,0.28,0.4,14.0,5.0,3978.61,0.0,2026-09-13T06:00:00Z,active,2026-09-12T14:06:39.112525+00:00
KXHIGHTOKC,KXHIGHTOKC-26SEP12-B98.5,Oklahoma City Maximum High Temperature,KOKC,2026-09-12,between,98.0,99.0,The Weather Company,https://weather.com/kalshi,0.07,0.12,0.88,0.93,19.31,50.0,1417.22,0.0,2026-09-13T06:00:00Z,active,2026-09-12T14:06:39.112525+00:00
KXHIGHTOKC,KXHIGHTOKC-26SEP12-B96.5,Oklahoma City Maximum High Temperature,KOKC,2026-09-12,between,96.0,97.0,The Weather Company,https://weather.com/kalshi,0.02,0.03,0.97,0.98,37.0,270.58,440.5,0.0,2026-09-13T06:00:00Z,active,2026-09-12T14:06:39.112525+00:00
KXHIGHTOKC,KXHIGHTOKC-26SEP12-B94.5,Oklahoma City Maximum High Temperature,KOKC,2026-09-12,between,94.0,95.0,The Weather Company,https://weather.com/kalshi,0.01,0.03,0.97,0.99,17.0,444.48,445.31,0.0,2026-09-13T06:00:00Z,active,2026-09-12T14:06:39.112525+00:00
KXHIGHTOKC,KXHIGHTOKC-26SEP12-B100.5,Oklahoma City Maximum High Temperature,KOKC,2026-09-12,between,100.0,101.0,The Weather Company,https://weather.com/kalshi,0.21,0.27,0.73,0.79,15.59,14.36,694.79,0.0,2026-09-13T06:00:00Z,active,2026-09-12T14:06:39.112525+00:00
KXLOWTSAN,KXLOWTSAN-26SEP13-T71,Low Temperature San Diego,KSAN,2026-09-13,greater,71.0,,The Weather Company,https://weather.com/kalshi,0.01,0.99,0.01,0.99,50.0,50.0,0.0,0.0,2026-09-14T08:00:00Z,active,2026-09-12T14:06:39.112525+00:00
KXLOWTSAN,KXLOWTSAN-26SEP13-T64,Low Temperature San Diego,KSAN,2026-09-13,less,,64.0,The Weather Company,https://weather.com/kalshi,0.0,0.0,1.0,1.0,0.0,0.0,0.0,0.0,2026-09-14T08:00:00Z,active,2026-09-12T14:06:39.112525+00:00
KXLOWTSAN,KXLOWTSAN-26SEP13-B70.5,Low Temperature San Diego,KSAN,2026-09-13,between,70.0,71.0,The Weather Company,https://weather.com/kalshi,0.59,0.69,0.31,0.41,50.0,50.0,0.0,0.0,2026-09-14T08:00:00Z,active,2026-09-12T14:06:39.112525+00:00
KXLOWTSAN,KXLOWTSAN-26SEP13-B68.5,Low Temperature San Diego,KSAN,2026-09-13,between,68.0,69.0,The Weather Company,https://weather.com/kalshi,0.29,0.39,0.61,0.71,50.0,50.0,0.0,0.0,2026-09-14T08:00:00Z,active,2026-09-12T14:06:39.112525+00:00
KXLOWTSAN,KXLOWTSAN-26SEP13-B66.5,Low Temperature San Diego,KSAN,2026-09-13,between,66.0,67.0,The Weather Company,https://weather.com/kalshi,0.01,0.99,0.01,0.99,50.0,80.0,0.0,0.0,2026-09-14T08:00:00Z,active,2026-09-12T14:06:39.112525+00:00
KXLOWTSAN,KXLOWTSAN-26SEP13-B64.5,Low Temperature San Diego,KSAN,2026-09-13,between,64.0,65.0,The Weather Company,https://weather.com/kalshi,0.01,0.99,0.01,0.99,50.0,80.0,0.0,0.0,2026-09-14T08:00:00Z,active,2026-09-12T14:06:39.112525+00:00
KXLOWTSAN,KXLOWTSAN-26SEP12-T73,Low Temperature San Diego,KSAN,2026-09-12,greater,73.0,,The Weather Company,https://weather.com/kalshi,0.0,0.01,0.99,1.0,551.0,0.0,0.0,0.0,2026-09-13T08:00:00Z,active,2026-09-12T14:06:39.112525+00:00
KXLOWTSAN,KXLOWTSAN-26SEP12-T66,Low Temperature San Diego,KSAN,2026-09-12,less,,66.0,The Weather Company,https://weather.com/kalshi,0.0,0.05,0.95,1.0,22.0,0.0,29.0,0.0,2026-09-13T08:00:00Z,active,2026-09-12T14:06:39.112525+00:00
KXLOWTSAN,KXLOWTSAN-26SEP12-B72.5,Low Temperature San Diego,KSAN,2026-09-12,between,72.0,73.0,The Weather Company,https://weather.com/kalshi,0.36,0.45,0.55,0.64,22.0,50.0,290.01,0.0,2026-09-13T08:00:00Z,active,2026-09-12T14:06:39.112525+00:00
KXLOWTSAN,KXLOWTSAN-26SEP12-B70.5,Low Temperature San Diego,KSAN,2026-09-12,between,70.0,71.0,The Weather Company,https://weather.com/kalshi,0.04,0.53,0.47,0.96,9.0,9.0,21.0,0.0,2026-09-13T08:00:00Z,active,2026-09-12T14:06:39.112525+00:00
KXLOWTSAN,KXLOWTSAN-26SEP12-B68.5,Low Temperature San Diego,KSAN,2026-09-12,between,68.0,69.0,The Weather Company,https://weather.com/kalshi,0.01,0.07,0.93,0.99,33.0,30.0,45.0,0.0,2026-09-13T08:00:00Z,active,2026-09-12T14:06:39.112525+00:00
KXLOWTSAN,KXLOWTSAN-26SEP12-B66.5,Low Temperature San Diego,KSAN,2026-09-12,between,66.0,67.0,The Weather Company,https://weather.com/kalshi,0.02,0.07,0.93,0.98,44.0,50.0,38.0,0.0,2026-09-13T08:00:00Z,active,2026-09-12T14:06:39.112525+00:00
KXLOWTATL,KXLOWTATL-26SEP13-T73,Low Temperature Atlanta,KATL,2026-09-13,greater,73.0,,The Weather Company,https://weather.com/kalshi,0.08,0.18,0.82,0.92,50.0,51.74,0.0,0.0,2026-09-14T05:00:00Z,active,2026-09-12T14:06:39.112525+00:00
KXLOWTATL,KXLOWTATL-26SEP13-T66,Low Temperature Atlanta,KATL,2026-09-13,less,,66.0,The Weather Company,https://weather.com/kalshi,0.02,0.33,0.67,0.98,29.0,10.0,16.0,0.0,2026-09-14T05:00:00Z,active,2026-09-12T14:06:39.112525+00:00
KXLOWTATL,KXLOWTATL-26SEP13-B72.5,Low Temperature Atlanta,KATL,2026-09-13,between,72.0,73.0,The Weather Company,https://weather.com/kalshi,0.52,0.61,0.39,0.48,50.0,62.0,0.0,0.0,2026-09-14T05:00:00Z,active,2026-09-12T14:06:39.112525+00:00
KXLOWTATL,KXLOWTATL-26SEP13-B70.5,Low Temperature Atlanta,KATL,2026-09-13,between,70.0,71.0,The Weather Company,https://weather.com/kalshi,0.24,0.33,0.67,0.76,103.32,50.0,0.0,0.0,2026-09-14T05:00:00Z,active,2026-09-12T14:06:39.112525+00:00
KXLOWTATL,KXLOWTATL-26SEP13-B68.5,Low Temperature Atlanta,KATL,2026-09-13,between,68.0,69.0,The Weather Company,https://weather.com/kalshi,0.02,0.75,0.25,0.98,2.0,11.0,0.0,0.0,2026-09-14T05:00:00Z,active,2026-09-12T14:06:39.112525+00:00
KXLOWTATL,KXLOWTATL-26SEP13-B66.5,Low Temperature Atlanta,KATL,2026-09-13,between,66.0,67.0,The Weather Company,https://weather.com/kalshi,0.02,0.73,0.27,0.98,2.9,11.0,0.0,0.0,2026-09-14T05:00:00Z,active,2026-09-12T14:06:39.112525+00:00
KXLOWTATL,KXLOWTATL-26SEP12-T74,Low Temperature Atlanta,KATL,2026-09-12,greater,74.0,,The Weather Company,https://weather.com/kalshi,0.0,0.01,0.99,1.0,18520.15,0.0,181.0,0.0,2026-09-13T05:00:00Z,active,2026-09-12T14:06:39.112525+00:00
KXLOWTATL,KXLOWTATL-26SEP12-T67,Low Temperature Atlanta,KATL,2026-09-12,less,,67.0,The Weather Company,https://weather.com/kalshi,0.0,0.06,0.94,1.0,7.0,0.0,343.0,0.0,2026-09-13T05:00:00Z,active,2026-09-12T14:06:39.112525+00:00
KXLOWTATL,KXLOWTATL-26SEP12-B73.5,Low Temperature Atlanta,KATL,2026-09-12,between,73.0,74.0,The Weather Company,https://weather.com/kalshi,0.0,0.01,0.99,1.0,17952.15,0.0,757.19,0.0,2026-09-13T05:00:00Z,active,2026-09-12T14:06:39.112525+00:00
KXLOWTATL,KXLOWTATL-26SEP12-B71.5,Low Temperature Atlanta,KATL,2026-09-12,between,71.0,72.0,The Weather Company,https://weather.com/kalshi,0.87,0.91,0.09,0.13,1.0,34.0,937.02,0.0,2026-09-13T05:00:00Z,active,2026-09-12T14:06:39.112525+00:00
KXLOWTATL,KXLOWTATL-26SEP12-B69.5,Low Temperature Atlanta,KATL,2026-09-12,between,69.0,70.0,The Weather Company,https://weather.com/kalshi,0.06,0.08,0.92,0.94,1.0,79.0,320.2,0.0,2026-09-13T05:00:00Z,active,2026-09-12T14:06:39.112525+00:00
KXLOWTATL,KXLOWTATL-26SEP12-B67.5,Low Temperature Atlanta,KATL,2026-09-12,between,67.0,68.0,The Weather Company,https://weather.com/kalshi,0.01,0.04,0.96,0.99,23.0,62.77,272.23,0.0,2026-09-13T05:00:00Z,active,2026-09-12T14:06:39.112525+00:00
KXLOWTAUS,KXLOWTAUS-26SEP13-T78,Lowest temperature in Austin,KAUS,2026-09-13,greater,78.0,,The Weather Company,https://weather.com/kalshi,0.15,0.24,0.76,0.85,56.0,50.0,0.0,0.0,2026-09-14T06:00:00Z,active,2026-09-12T14:06:39.112525+00:00
KXLOWTAUS,KXLOWTAUS-26SEP13-T71,Lowest temperature in Austin,KAUS,2026-09-13,less,,71.0,The Weather Company,https://weather.com/kalshi,0.01,0.04,0.96,0.99,50.0,100.0,65.0,0.0,2026-09-14T06:00:00Z,active,2026-09-12T14:06:39.112525+00:00
KXLOWTAUS,KXLOWTAUS-26SEP13-B77.5,Lowest temperature in Austin,KAUS,2026-09-13,between,77.0,78.0,The Weather Company,https://weather.com/kalshi,0.31,0.4,0.6,0.69,50.0,28.45,0.0,0.0,2026-09-14T06:00:00Z,active,2026-09-12T14:06:39.112525+00:00
KXLOWTAUS,KXLOWTAUS-26SEP13-B75.5,Lowest temperature in Austin,KAUS,2026-09-13,between,75.0,76.0,The Weather Company,https://weather.com/kalshi,0.27,0.36,0.64,0.73,50.0,22.0,0.0,0.0,2026-09-14T06:00:00Z,active,2026-09-12T14:06:39.112525+00:00
KXLOWTAUS,KXLOWTAUS-26SEP13-B73.5,Lowest temperature in Austin,KAUS,2026-09-13,between,73.0,74.0,The Weather Company,https://weather.com/kalshi,0.06,0.15,0.85,0.94,50.0,50.0,0.0,0.0,2026-09-14T06:00:00Z,active,2026-09-12T14:06:39.112525+00:00
KXLOWTAUS,KXLOWTAUS-26SEP13-B71.5,Lowest temperature in Austin,KAUS,2026-09-13,between,71.0,72.0,The Weather Company,https://weather.com/kalshi,0.03,0.58,0.42,0.97,1.45,15.0,0.0,0.0,2026-09-14T06:00:00Z,active,2026-09-12T14:06:39.112525+00:00
KXLOWTAUS,KXLOWTAUS-26SEP12-T78,Lowest temperature in Austin,KAUS,2026-09-12,greater,78.0,,The Weather Company,https://weather.com/kalshi,0.0,0.01,0.99,1.0,23685.07,0.0,573.13,0.0,2026-09-13T06:00:00Z,active,2026-09-12T14:06:39.112525+00:00
KXLOWTAUS,KXLOWTAUS-26SEP12-T71,Lowest temperature in Austin,KAUS,2026-09-12,less,,71.0,The Weather Company,https://weather.com/kalshi,0.0,0.02,0.98,1.0,208.0,0.0,212.37,0.0,2026-09-13T06:00:00Z,active,2026-09-12T14:06:39.112525+00:00
KXLOWTAUS,KXLOWTAUS-26SEP12-B77.5,Lowest temperature in Austin,KAUS,2026-09-12,between,77.0,78.0,The Weather Company,https://weather.com/kalshi,0.0,0.01,0.99,1.0,22782.92,0.0,1441.25,0.0,2026-09-13T06:00:00Z,active,2026-09-12T14:06:39.112525+00:00
KXLOWTAUS,KXLOWTAUS-26SEP12-B75.5,Lowest temperature in Austin,KAUS,2026-09-12,between,75.0,76.0,The Weather Company,https://weather.com/kalshi,0.94,0.99,0.01,0.06,539.48,50.0,5263.07,0.0,2026-09-13T06:00:00Z,active,2026-09-12T14:06:39.112525+00:00
KXLOWTAUS,KXLOWTAUS-26SEP12-B73.5,Lowest temperature in Austin,KAUS,2026-09-12,between,73.0,74.0,The Weather Company,https://weather.com/kalshi,0.01,0.05,0.95,0.99,4.0,110.0,1507.98,0.0,2026-09-13T06:00:00Z,active,2026-09-12T14:06:39.112525+00:00
KXLOWTAUS,KXLOWTAUS-26SEP12-B71.5,Lowest temperature in Austin,KAUS,2026-09-12,between,71.0,72.0,The Weather Company,https://weather.com/kalshi,0.0,0.02,0.98,1.0,443.0,0.0,704.66,0.0,2026-09-13T06:00:00Z,active,2026-09-12T14:06:39.112525+00:00
KXLOWTDAL,KXLOWTDAL-26SEP13-T81,Lowest temperature Dallas,KDFW,2026-09-13,greater,81.0,,The Weather Company,https://weather.com/kalshi,0.03,0.11,0.89,0.97,25.0,127.55,0.0,0.0,2026-09-14T06:00:00Z,active,2026-09-12T14:06:39.112525+00:00
KXLOWTDAL,KXLOWTDAL-26SEP13-T74,Lowest temperature Dallas,KDFW,2026-09-13,less,,74.0,The Weather Company,https://weather.com/kalshi,0.01,0.04,0.96,0.99,25.0,2.0,12.0,0.0,2026-09-14T06:00:00Z,active,2026-09-12T14:06:39.112525+00:00
KXLOWTDAL,KXLOWTDAL-26SEP13-B80.5,Lowest temperature Dallas,KDFW,2026-09-13,between,80.0,81.0,The Weather Company,https://weather.com/kalshi,0.38,0.47,0.53,0.62,49.0,174.69,1.0,0.0,2026-09-14T06:00:00Z,active,2026-09-12T14:06:39.112525+00:00
KXLOWTDAL,KXLOWTDAL-26SEP13-B78.5,Lowest temperature Dallas,KDFW,2026-09-13,between,78.0,79.0,The Weather Company,https://weather.com/kalshi,0.38,0.47,0.53,0.62,176.83,49.0,1.0,0.0,2026-09-14T06:00:00Z,active,2026-09-12T14:06:39.112525+00:00
KXLOWTDAL,KXLOWTDAL-26SEP13-B76.5,Lowest temperature Dallas,KDFW,2026-09-13,between,76.0,77.0,The Weather Company,https://weather.com/kalshi,0.02,0.12,0.88,0.98,106.0,51.0,0.0,0.0,2026-09-14T06:00:00Z,active,2026-09-12T14:06:39.112525+00:00
KXLOWTDAL,KXLOWTDAL-26SEP13-B74.5,Lowest temperature Dallas,KDFW,2026-09-13,between,74.0,75.0,The Weather Company,https://weather.com/kalshi,0.02,0.73,0.27,0.98,0.96,1.0,0.0,0.0,2026-09-14T06:00:00Z,active,2026-09-12T14:06:39.112525+00:00
KXLOWTDAL,KXLOWTDAL-26SEP12-T80,Lowest temperature Dallas,KDFW,2026-09-12,greater,80.0,,The Weather Company,https://weather.com/kalshi,0.0,0.01,0.99,1.0,18441.15,0.0,239.81,0.0,2026-09-13T06:00:00Z,active,2026-09-12T14:06:39.112525+00:00
KXLOWTDAL,KXLOWTDAL-26SEP12-T73,Lowest temperature Dallas,KDFW,2026-09-12,less,,73.0,The Weather Company,https://weather.com/kalshi,0.0,0.01,0.99,1.0,6.0,0.0,33.21,0.0,2026-09-13T06:00:00Z,active,2026-09-12T14:06:39.112525+00:00
KXLOWTDAL,KXLOWTDAL-26SEP12-B79.5,Lowest temperature Dallas,KDFW,2026-09-12,between,79.0,80.0,The Weather Company,https://weather.com/kalshi,0.0,0.01,0.99,1.0,34188.15,0.0,626.04,0.0,2026-09-13T06:00:00Z,active,2026-09-12T14:06:39.112525+00:00
KXLOWTDAL,KXLOWTDAL-26SEP12-B77.5,Lowest temperature Dallas,KDFW,2026-09-12,between,77.0,78.0,The Weather Company,https://weather.com/kalshi,0.97,0.98,0.02,0.03,50.0,21.0,1767.92,0.0,2026-09-13T06:00:00Z,active,2026-09-12T14:06:39.112525+00:00
KXLOWTDAL,KXLOWTDAL-26SEP12-B75.5,Lowest temperature Dallas,KDFW,2026-09-12,between,75.0,76.0,The Weather Company,https://weather.com/kalshi,0.02,0.03,0.97,0.98,39.0,1.0,806.46,0.0,2026-09-13T06:00:00Z,active,2026-09-12T14:06:39.112525+00:00
KXLOWTDAL,KXLOWTDAL-26SEP12-B73.5,Lowest temperature Dallas,KDFW,2026-09-12,between,73.0,74.0,The Weather Company,https://weather.com/kalshi,0.01,0.02,0.98,0.99,158.0,4.82,240.34,0.0,2026-09-13T06:00:00Z,active,2026-09-12T14:06:39.112525+00:00
KXHIGHTSAN,KXHIGHTSAN-26SEP13-T84,High Temperature San Diego,KSAN,2026-09-13,greater,84.0,,The Weather Company,https://weather.com/kalshi,0.0,0.0,1.0,1.0,0.0,0.0,0.0,0.0,2026-09-14T08:00:00Z,active,2026-09-12T14:06:39.112525+00:00
KXHIGHTSAN,KXHIGHTSAN-26SEP13-T77,High Temperature San Diego,KSAN,2026-09-13,less,,77.0,The Weather Company,https://weather.com/kalshi,0.01,0.99,0.01,0.99,50.0,68.0,0.0,0.0,2026-09-14T08:00:00Z,active,2026-09-12T14:06:39.112525+00:00
KXHIGHTSAN,KXHIGHTSAN-26SEP13-B83.5,High Temperature San Diego,KSAN,2026-09-13,between,83.0,84.0,The Weather Company,https://weather.com/kalshi,0.09,0.19,0.81,0.91,50.0,50.0,5.0,0.0,2026-09-14T08:00:00Z,active,2026-09-12T14:06:39.112525+00:00
KXHIGHTSAN,KXHIGHTSAN-26SEP13-B81.5,High Temperature San Diego,KSAN,2026-09-13,between,81.0,82.0,The Weather Company,https://weather.com/kalshi,0.27,0.37,0.63,0.73,50.0,50.0,0.0,0.0,2026-09-14T08:00:00Z,active,2026-09-12T14:06:39.112525+00:00
KXHIGHTSAN,KXHIGHTSAN-26SEP13-B79.5,High Temperature San Diego,KSAN,2026-09-13,between,79.0,80.0,The Weather Company,https://weather.com/kalshi,0.27,0.37,0.63,0.73,50.0,50.0,0.0,0.0,2026-09-14T08:00:00Z,active,2026-09-12T14:06:39.112525+00:00
KXHIGHTSAN,KXHIGHTSAN-26SEP13-B77.5,High Temperature San Diego,KSAN,2026-09-13,between,77.0,78.0,The Weather Company,https://weather.com/kalshi,0.1,0.2,0.8,0.9,50.0,50.0,0.0,0.0,2026-09-14T08:00:00Z,active,2026-09-12T14:06:39.112525+00:00
KXHIGHTSAN,KXHIGHTSAN-26SEP12-T87,High Temperature San Diego,KSAN,2026-09-12,greater,87.0,,The Weather Company,https://weather.com/kalshi,0.0,0.01,0.99,1.0,4.86,0.0,0.0,0.0,2026-09-13T08:00:00Z,active,2026-09-12T14:06:39.112525+00:00
KXHIGHTSAN,KXHIGHTSAN-26SEP12-T80,High Temperature San Diego,KSAN,2026-09-12,less,,80.0,The Weather Company,https://weather.com/kalshi,0.15,0.24,0.76,0.85,50.0,218.23,62.77,0.0,2026-09-13T08:00:00Z,active,2026-09-12T14:06:39.112525+00:00
KXHIGHTSAN,KXHIGHTSAN-26SEP12-B86.5,High Temperature San Diego,KSAN,2026-09-12,between,86.0,87.0,The Weather Company,https://weather.com/kalshi,0.01,0.02,0.98,0.99,25.0,24.69,34.31,0.0,2026-09-13T08:00:00Z,active,2026-09-12T14:06:39.112525+00:00
KXHIGHTSAN,KXHIGHTSAN-26SEP12-B84.5,High Temperature San Diego,KSAN,2026-09-12,between,84.0,85.0,The Weather Company,https://weather.com/kalshi,0.02,0.14,0.86,0.98,4.0,35.61,15.39,0.0,2026-09-13T08:00:00Z,active,2026-09-12T14:06:39.112525+00:00
KXHIGHTSAN,KXHIGHTSAN-26SEP12-B82.5,High Temperature San Diego,KSAN,2026-09-12,between,82.0,83.0,The Weather Company,https://weather.com/kalshi,0.23,0.33,0.67,0.77,50.0,48.7,86.86,0.0,2026-09-13T08:00:00Z,active,2026-09-12T14:06:39.112525+00:00
KXHIGHTSAN,KXHIGHTSAN-26SEP12-B80.5,High Temperature San Diego,KSAN,2026-09-12,between,80.0,81.0,The Weather Company,https://weather.com/kalshi,0.3,0.31,0.69,0.7,55.0,32.0,190.83,0.0,2026-09-13T08:00:00Z,active,2026-09-12T14:06:39.112525+00:00
KXLOWTDEN,KXLOWTDEN-26SEP13-T62,Lowest temperature in Denver,KDEN,2026-09-13,greater,62.0,,The Weather Company,https://weather.com/kalshi,0.02,0.64,0.36,0.98,35.0,1.0,0.0,0.0,2026-09-14T07:00:00Z,active,2026-09-12T14:06:39.112525+00:00
KXLOWTDEN,KXLOWTDEN-26SEP13-T55,Lowest temperature in Denver,KDEN,2026-09-13,less,,55.0,The Weather Company,https://weather.com/kalshi,0.17,0.2,0.8,0.83,2.0,50.0,174.0,0.0,2026-09-14T07:00:00Z,active,2026-09-12T14:06:39.112525+00:00
KXLOWTDEN,KXLOWTDEN-26SEP13-B61.5,Lowest temperature in Denver,KDEN,2026-09-13,between,61.0,62.0,The Weather Company,https://weather.com/kalshi,0.03,0.1,0.9,0.97,50.0,130.34,0.0,0.0,2026-09-14T07:00:00Z,active,2026-09-12T14:06:39.112525+00:00
KXLOWTDEN,KXLOWTDEN-26SEP13-B59.5,Lowest temperature in Denver,KDEN,2026-09-13,between,59.0,60.0,The Weather Company,https://weather.com/kalshi,0.15,0.22,0.78,0.85,50.0,1.45,0.0,0.0,2026-09-14T07:00:00Z,active,2026-09-12T14:06:39.112525+00:00
KXLOWTDEN,KXLOWTDEN-26SEP13-B57.5,Lowest temperature in Denver,KDEN,2026-09-13,between,57.0,58.0,The Weather Company,https://weather.com/kalshi,0.24,0.34,0.66,0.76,50.0,50.0,0.0,0.0,2026-09-14T07:00:00Z,active,2026-09-12T14:06:39.112525+00:00
KXLOWTDEN,KXLOWTDEN-26SEP13-B55.5,Lowest temperature in Denver,KDEN,2026-09-13,between,55.0,56.0,The Weather Company,https://weather.com/kalshi,0.2,0.29,0.71,0.8,128.41,50.0,0.0,0.0,2026-09-14T07:00:00Z,active,2026-09-12T14:06:39.112525+00:00
KXLOWTDEN,KXLOWTDEN-26SEP12-T61,Lowest temperature in Denver,KDEN,2026-09-12,greater,61.0,,The Weather Company,https://weather.com/kalshi,0.0,0.01,0.99,1.0,459.99,0.0,129.01,0.0,2026-09-13T07:00:00Z,active,2026-09-12T14:06:39.112525+00:00
KXLOWTDEN,KXLOWTDEN-26SEP12-T54,Lowest temperature in Denver,KDEN,2026-09-12,less,,54.0,The Weather Company,https://weather.com/kalshi,0.99,1.0,0.0,0.01,0.0,89.0,973.13,0.0,2026-09-13T07:00:00Z,active,2026-09-12T14:06:39.112525+00:00
KXLOWTDEN,KXLOWTDEN-26SEP12-B60.5,Lowest temperature in Denver,KDEN,2026-09-12,between,60.0,61.0,The Weather Company,https://weather.com/kalshi,0.0,0.01,0.99,1.0,460.0,0.0,376.01,0.0,2026-09-13T07:00:00Z,active,2026-09-12T14:06:39.112525+00:00
KXLOWTDEN,KXLOWTDEN-26SEP12-B58.5,Lowest temperature in Denver,KDEN,2026-09-12,between,58.0,59.0,The Weather Company,https://weather.com/kalshi,0.0,0.01,0.99,1.0,267.0,0.0,213.0,0.0,2026-09-13T07:00:00Z,active,2026-09-12T14:06:39.112525+00:00
KXLOWTDEN,KXLOWTDEN-26SEP12-B56.5,Lowest temperature in Denver,KDEN,2026-09-12,between,56.0,57.0,The Weather Company,https://weather.com/kalshi,0.0,0.01,0.99,1.0,379.0,0.0,250.0,0.0,2026-09-13T07:00:00Z,active,2026-09-12T14:06:39.112525+00:00
KXLOWTDEN,KXLOWTDEN-26SEP12-B54.5,Lowest temperature in Denver,KDEN,2026-09-12,between,54.0,55.0,The Weather Company,https://weather.com/kalshi,0.0,0.01,0.99,1.0,264.99,0.0,376.01,0.0,2026-09-13T07:00:00Z,active,2026-09-12T14:06:39.112525+00:00
KXLOWTDC,KXLOWTDC-26SEP13-T72,Lowest Temperature DC ,KDCA,2026-09-13,greater,72.0,,The Weather Company,https://weather.com/kalshi,0.63,0.7,0.3,0.37,15.0,50.0,0.0,0.0,2026-09-14T05:00:00Z,active,2026-09-12T14:06:39.112525+00:00
KXLOWTDC,KXLOWTDC-26SEP13-T65,Lowest Temperature DC ,KDCA,2026-09-13,less,,65.0,The Weather Company,https://weather.com/kalshi,0.01,0.04,0.96,0.99,8.0,2.0,12.0,0.0,2026-09-14T05:00:00Z,active,2026-09-12T14:06:39.112525+00:00
KXLOWTDC,KXLOWTDC-26SEP13-B71.5,Lowest Temperature DC ,KDCA,2026-09-13,between,71.0,72.0,The Weather Company,https://weather.com/kalshi,0.24,0.32,0.68,0.76,50.0,3.99,0.0,0.0,2026-09-14T05:00:00Z,active,2026-09-12T14:06:39.112525+00:00
KXLOWTDC,KXLOWTDC-26SEP13-B69.5,Lowest Temperature DC ,KDCA,2026-09-13,between,69.0,70.0,The Weather Company,https://weather.com/kalshi,0.01,0.7,0.3,0.99,15.0,124.0,0.0,0.0,2026-09-14T05:00:00Z,active,2026-09-12T14:06:39.112525+00:00
KXLOWTDC,KXLOWTDC-26SEP13-B67.5,Lowest Temperature DC ,KDCA,2026-09-13,between,67.0,68.0,The Weather Company,https://weather.com/kalshi,0.01,0.68,0.32,0.99,2.31,124.0,0.0,0.0,2026-09-14T05:00:00Z,active,2026-09-12T14:06:39.112525+00:00
KXLOWTDC,KXLOWTDC-26SEP13-B65.5,Lowest Temperature DC ,KDCA,2026-09-13,between,65.0,66.0,The Weather Company,https://weather.com/kalshi,0.01,0.68,0.32,0.99,2.31,124.0,0.0,0.0,2026-09-14T05:00:00Z,active,2026-09-12T14:06:39.112525+00:00
KXLOWTDC,KXLOWTDC-26SEP12-T71,Lowest Temperature DC ,KDCA,2026-09-12,greater,71.0,,The Weather Company,https://weather.com/kalshi,0.0,0.01,0.99,1.0,17936.15,0.0,265.01,0.0,2026-09-13T05:00:00Z,active,2026-09-12T14:06:39.112525+00:00
KXLOWTDC,KXLOWTDC-26SEP12-T64,Lowest Temperature DC ,KDCA,2026-09-12,less,,64.0,The Weather Company,https://weather.com/kalshi,0.0,0.02,0.98,1.0,4.0,0.0,44.0,0.0,2026-09-13T05:00:00Z,active,2026-09-12T14:06:39.112525+00:00
KXLOWTDC,KXLOWTDC-26SEP12-B70.5,Lowest Temperature DC ,KDCA,2026-09-12,between,70.0,71.0,The Weather Company,https://weather.com/kalshi,0.82,0.89,0.11,0.18,1.0,1.0,1306.68,0.0,2026-09-13T05:00:00Z,active,2026-09-12T14:06:39.112525+00:00
KXLOWTDC,KXLOWTDC-26SEP12-B68.5,Lowest Temperature DC ,KDCA,2026-09-12,between,68.0,69.0,The Weather Company,https://weather.com/kalshi,0.01,0.1,0.9,0.99,1.0,287.39,541.04,0.0,2026-09-13T05:00:00Z,active,2026-09-12T14:06:39.112525+00:00
KXLOWTDC,KXLOWTDC-26SEP12-B66.5,Lowest Temperature DC ,KDCA,2026-09-12,between,66.0,67.0,The Weather Company,https://weather.com/kalshi,0.01,0.02,0.98,0.99,5.0,100.0,190.0,0.0,2026-09-13T05:00:00Z,active,2026-09-12T14:06:39.112525+00:00
KXLOWTDC,KXLOWTDC-26SEP12-B64.5,Lowest Temperature DC ,KDCA,2026-09-12,between,64.0,65.0,The Weather Company,https://weather.com/kalshi,0.0,0.07,0.93,1.0,5.0,0.0,125.0,0.0,2026-09-13T05:00:00Z,active,2026-09-12T14:06:39.112525+00:00
KXHIGHTSDF,KXHIGHTSDF-26SEP13-T95,HIGHEST Temperature SATX,KSDF,2026-09-13,greater,95.0,,The Weather Company,https://weather.com/kalshi,0.0,0.0,1.0,1.0,0.0,0.0,0.0,0.0,2026-09-14T05:00:00Z,active,2026-09-12T14:06:39.112525+00:00
KXHIGHTSDF,KXHIGHTSDF-26SEP13-T88,HIGHEST Temperature SATX,KSDF,2026-09-13,less,,88.0,The Weather Company,https://weather.com/kalshi,0.01,0.99,0.01,0.99,50.0,68.0,0.0,0.0,2026-09-14T05:00:00Z,active,2026-09-12T14:06:39.112525+00:00
KXHIGHTSDF,KXHIGHTSDF-26SEP13-B94.5,HIGHEST Temperature SATX,KSDF,2026-09-13,between,94.0,95.0,The Weather Company,https://weather.com/kalshi,0.01,0.99,0.01,0.99,50.0,50.0,0.0,0.0,2026-09-14T05:00:00Z,active,2026-09-12T14:06:39.112525+00:00
KXHIGHTSDF,KXHIGHTSDF-26SEP13-B92.5,HIGHEST Temperature SATX,KSDF,2026-09-13,between,92.0,93.0,The Weather Company,https://weather.com/kalshi,0.01,0.99,0.01,0.99,50.0,68.0,0.0,0.0,2026-09-14T05:00:00Z,active,2026-09-12T14:06:39.112525+00:00
KXHIGHTSDF,KXHIGHTSDF-26SEP13-B90.5,HIGHEST Temperature SATX,KSDF,2026-09-13,between,90.0,91.0,The Weather Company,https://weather.com/kalshi,0.44,0.54,0.46,0.56,50.0,50.0,0.0,0.0,2026-09-14T05:00:00Z,active,2026-09-12T14:06:39.112525+00:00
KXHIGHTSDF,KXHIGHTSDF-26SEP13-B88.5,HIGHEST Temperature SATX,KSDF,2026-09-13,between,88.0,89.0,The Weather Company,https://weather.com/kalshi,0.44,0.54,0.46,0.56,50.0,50.0,0.0,0.0,2026-09-14T05:00:00Z,active,2026-09-12T14:06:39.112525+00:00
KXHIGHTSDF,KXHIGHTSDF-26SEP12-T89,HIGHEST Temperature SATX,KSDF,2026-09-12,greater,89.0,,The Weather Company,https://weather.com/kalshi,0.01,0.7,0.3,0.99,20.0,22.0,10.0,0.0,2026-09-13T05:00:00Z,active,2026-09-12T14:06:39.112525+00:00
KXHIGHTSDF,KXHIGHTSDF-26SEP12-T82,HIGHEST Temperature SATX,KSDF,2026-09-12,less,,82.0,The Weather Company,https://weather.com/kalshi,0.09,0.11,0.89,0.91,10.0,50.0,192.25,0.0,2026-09-13T05:00:00Z,active,2026-09-12T14:06:39.112525+00:00
KXHIGHTSDF,KXHIGHTSDF-26SEP12-B88.5,HIGHEST Temperature SATX,KSDF,2026-09-12,between,88.0,89.0,The Weather Company,https://weather.com/kalshi,0.01,0.7,0.3,0.99,20.0,22.0,0.0,0.0,2026-09-13T05:00:00Z,active,2026-09-12T14:06:39.112525+00:00
KXHIGHTSDF,KXHIGHTSDF-26SEP12-B86.5,HIGHEST Temperature SATX,KSDF,2026-09-12,between,86.0,87.0,The Weather Company,https://weather.com/kalshi,0.02,0.32,0.68,0.98,5.0,7.0,42.0,0.0,2026-09-13T05:00:00Z,active,2026-09-12T14:06:39.112525+00:00
KXHIGHTSDF,KXHIGHTSDF-26SEP12-B84.5,HIGHEST Temperature SATX,KSDF,2026-09-12,between,84.0,85.0,The Weather Company,https://weather.com/kalshi,0.21,0.3,0.7,0.79,50.0,29.0,50.0,0.0,2026-09-13T05:00:00Z,active,2026-09-12T14:06:39.112525+00:00
KXHIGHTSDF,KXHIGHTSDF-26SEP12-B82.5,HIGHEST Temperature SATX,KSDF,2026-09-12,between,82.0,83.0,The Weather Company,https://weather.com/kalshi,0.01,0.69,0.31,0.99,6.0,40.0,164.0,0.0,2026-09-13T05:00:00Z,active,2026-09-12T14:06:39.112525+00:00
KXHIGHTPHX,KXHIGHTPHX-26SEP13-T108,Phoenix High Temperature Daily,KPHX,2026-09-13,greater,108.0,,The Weather Company,https://weather.com/kalshi,0.02,0.03,0.97,0.98,2.24,11.0,1.0,0.0,2026-09-14T07:00:00Z,active,2026-09-12T14:06:39.112525+00:00
KXHIGHTPHX,KXHIGHTPHX-26SEP13-T101,Phoenix High Temperature Daily,KPHX,2026-09-13,less,,101.0,The Weather Company,https://weather.com/kalshi,0.16,0.17,0.83,0.84,5.0,92.0,4.0,0.0,2026-09-14T07:00:00Z,active,2026-09-12T14:06:39.112525+00:00
KXHIGHTPHX,KXHIGHTPHX-26SEP13-B107.5,Phoenix High Temperature Daily,KPHX,2026-09-13,between,107.0,108.0,The Weather Company,https://weather.com/kalshi,0.02,0.08,0.92,0.98,5.0,149.0,0.0,0.0,2026-09-14T07:00:00Z,active,2026-09-12T14:06:39.112525+00:00
KXHIGHTPHX,KXHIGHTPHX-26SEP13-B105.5,Phoenix High Temperature Daily,KPHX,2026-09-13,between,105.0,106.0,The Weather Company,https://weather.com/kalshi,0.14,0.21,0.79,0.86,3.0,50.0,119.0,0.0,2026-09-14T07:00:00Z,active,2026-09-12T14:06:39.112525+00:00
KXHIGHTPHX,KXHIGHTPHX-26SEP13-B103.5,Phoenix High Temperature Daily,KPHX,2026-09-13,between,103.0,104.0,The Weather Company,https://weather.com/kalshi,0.28,0.36,0.64,0.72,50.0,154.0,2.0,0.0,2026-09-14T07:00:00Z,active,2026-09-12T14:06:39.112525+00:00
KXHIGHTPHX,KXHIGHTPHX-26SEP13-B101.5,Phoenix High Temperature Daily,KPHX,2026-09-13,between,101.0,102.0,The Weather Company,https://weather.com/kalshi,0.23,0.33,0.67,0.77,50.0,50.0,16.0,0.0,2026-09-14T07:00:00Z,active,2026-09-12T14:06:39.112525+00:00
KXHIGHTPHX,KXHIGHTPHX-26SEP12-T108,Phoenix High Temperature Daily,KPHX,2026-09-12,greater,108.0,,The Weather Company,https://weather.com/kalshi,0.0,0.01,0.99,1.0,977.98,0.0,495.0,0.0,2026-09-13T07:00:00Z,active,2026-09-12T14:06:39.112525+00:00
KXHIGHTPHX,KXHIGHTPHX-26SEP12-T101,Phoenix High Temperature Daily,KPHX,2026-09-12,less,,101.0,The Weather Company,https://weather.com/kalshi,0.02,0.04,0.96,0.98,26.0,6.0,1679.88,0.0,2026-09-13T07:00:00Z,active,2026-09-12T14:06:39.112525+00:00
KXHIGHTPHX,KXHIGHTPHX-26SEP12-B107.5,Phoenix High Temperature Daily,KPHX,2026-09-12,between,107.0,108.0,The Weather Company,https://weather.com/kalshi,0.01,0.02,0.98,0.99,1078.0,789.14,521.11,0.0,2026-09-13T07:00:00Z,active,2026-09-12T14:06:39.112525+00:00
KXHIGHTPHX,KXHIGHTPHX-26SEP12-B105.5,Phoenix High Temperature Daily,KPHX,2026-09-12,between,105.0,106.0,The Weather Company,https://weather.com/kalshi,0.31,0.35,0.65,0.69,10.26,1.64,1221.28,0.0,2026-09-13T07:00:00Z,active,2026-09-12T14:06:39.112525+00:00
KXHIGHTPHX,KXHIGHTPHX-26SEP12-B103.5,Phoenix High Temperature Daily,KPHX,2026-09-12,between,103.0,104.0,The Weather Company,https://weather.com/kalshi,0.56,0.58,0.42,0.44,2.59,10.8,1413.19,0.0,2026-09-13T07:00:00Z,active,2026-09-12T14:06:39.112525+00:00
KXHIGHTPHX,KXHIGHTPHX-26SEP12-B101.5,Phoenix High Temperature Daily,KPHX,2026-09-12,between,101.0,102.0,The Weather Company,https://weather.com/kalshi,0.07,0.12,0.88,0.93,1.65,58.42,1126.41,0.0,2026-09-13T07:00:00Z,active,2026-09-12T14:06:39.112525+00:00
KXHIGHMIA,KXHIGHMIA-26SEP13-T92,Highest temperature in Miami,KMIA,2026-09-13,greater,92.0,,The Weather Company,https://weather.com/kalshi,0.08,0.14,0.86,0.92,33.0,339.0,257.0,0.0,2026-09-14T05:00:00Z,active,2026-09-12T14:06:39.112525+00:00
KXHIGHMIA,KXHIGHMIA-26SEP13-T85,Highest temperature in Miami,KMIA,2026-09-13,less,,85.0,The Weather Company,https://weather.com/kalshi,0.03,0.08,0.92,0.97,7.24,8.0,11.0,0.0,2026-09-14T05:00:00Z,active,2026-09-12T14:06:39.112525+00:00
KXHIGHMIA,KXHIGHMIA-26SEP13-B91.5,Highest temperature in Miami,KMIA,2026-09-13,between,91.0,92.0,The Weather Company,https://weather.com/kalshi,0.29,0.37,0.63,0.71,8.0,210.0,0.0,0.0,2026-09-14T05:00:00Z,active,2026-09-12T14:06:39.112525+00:00
KXHIGHMIA,KXHIGHMIA-26SEP13-B89.5,Highest temperature in Miami,KMIA,2026-09-13,between,89.0,90.0,The Weather Company,https://weather.com/kalshi,0.35,0.4,0.6,0.65,313.0,50.0,10.0,0.0,2026-09-14T05:00:00Z,active,2026-09-12T14:06:39.112525+00:00
KXHIGHMIA,KXHIGHMIA-26SEP13-B87.5,Highest temperature in Miami,KMIA,2026-09-13,between,87.0,88.0,The Weather Company,https://weather.com/kalshi,0.2,0.21,0.79,0.8,221.0,6.64,0.0,0.0,2026-09-14T05:00:00Z,active,2026-09-12T14:06:39.112525+00:00
KXHIGHMIA,KXHIGHMIA-26SEP13-B85.5,Highest temperature in Miami,KMIA,2026-09-13,between,85.0,86.0,The Weather Company,https://weather.com/kalshi,0.03,0.09,0.91,0.97,9.0,11.0,0.0,0.0,2026-09-14T05:00:00Z,active,2026-09-12T14:06:39.112525+00:00
KXHIGHMIA,KXHIGHMIA-26SEP12-T93,Highest temperature in Miami,KMIA,2026-09-12,greater,93.0,,The Weather Company,https://weather.com/kalshi,0.04,0.06,0.94,0.96,26.0,653.0,8627.66,0.0,2026-09-13T05:00:00Z,active,2026-09-12T14:06:39.112525+00:00
KXHIGHMIA,KXHIGHMIA-26SEP12-T86,Highest temperature in Miami,KMIA,2026-09-12,less,,86.0,The Weather Company,https://weather.com/kalshi,0.0,0.01,0.99,1.0,23969.39,0.0,1810.85,0.0,2026-09-13T05:00:00Z,active,2026-09-12T14:06:39.112525+00:00
KXHIGHMIA,KXHIGHMIA-26SEP12-B92.5,Highest temperature in Miami,KMIA,2026-09-12,between,92.0,93.0,The Weather Company,https://weather.com/kalshi,0.3,0.32,0.68,0.7,24.0,1.0,7883.35,0.0,2026-09-13T05:00:00Z,active,2026-09-12T14:06:39.112525+00:00
KXHIGHMIA,KXHIGHMIA-26SEP12-B90.5,Highest temperature in Miami,KMIA,2026-09-12,between,90.0,91.0,The Weather Company,https://weather.com/kalshi,0.47,0.52,0.48,0.53,39.0,54.18,5759.49,0.0,2026-09-13T05:00:00Z,active,2026-09-12T14:06:39.112525+00:00
KXHIGHMIA,KXHIGHMIA-26SEP12-B88.5,Highest temperature in Miami,KMIA,2026-09-12,between,88.0,89.0,The Weather Company,https://weather.com/kalshi,0.17,0.19,0.81,0.83,39.53,8.0,8997.07,0.0,2026-09-13T05:00:00Z,active,2026-09-12T14:06:39.112525+00:00
KXHIGHMIA,KXHIGHMIA-26SEP12-B86.5,Highest temperature in Miami,KMIA,2026-09-12,between,86.0,87.0,The Weather Company,https://weather.com/kalshi,0.01,0.02,0.98,0.99,25.0,1010.02,6833.16,0.0,2026-09-13T05:00:00Z,active,2026-09-12T14:06:39.112525+00:00
KXLOWTNOLA,KXLOWTNOLA-26SEP13-T79,NOLA Low Temperature,KMSY,2026-09-13,greater,79.0,,The Weather Company,https://weather.com/kalshi,0.02,0.75,0.25,0.98,2.0,1.0,0.0,0.0,2026-09-14T06:00:00Z,active,2026-09-12T14:06:39.112525+00:00
KXLOWTNOLA,KXLOWTNOLA-26SEP13-T72,NOLA Low Temperature,KMSY,2026-09-13,less,,72.0,The Weather Company,https://weather.com/kalshi,0.02,0.75,0.25,0.98,2.0,1.0,0.0,0.0,2026-09-14T06:00:00Z,active,2026-09-12T14:06:39.112525+00:00
KXLOWTNOLA,KXLOWTNOLA-26SEP13-B78.5,NOLA Low Temperature,KMSY,2026-09-13,between,78.0,79.0,The Weather Company,https://weather.com/kalshi,0.02,0.75,0.25,0.98,2.0,1.0,0.0,0.0,2026-09-14T06:00:00Z,active,2026-09-12T14:06:39.112525+00:00
KXLOWTNOLA,KXLOWTNOLA-26SEP13-B76.5,NOLA Low Temperature,KMSY,2026-09-13,between,76.0,77.0,The Weather Company,https://weather.com/kalshi,0.35,0.44,0.56,0.65,50.0,29.0,0.0,0.0,2026-09-14T06:00:00Z,active,2026-09-12T14:06:39.112525+00:00
KXLOWTNOLA,KXLOWTNOLA-26SEP13-B74.5,NOLA Low Temperature,KMSY,2026-09-13,between,74.0,75.0,The Weather Company,https://weather.com/kalshi,0.4,0.5,0.5,0.6,50.0,50.0,41.0,0.0,2026-09-14T06:00:00Z,active,2026-09-12T14:06:39.112525+00:00
KXLOWTNOLA,KXLOWTNOLA-26SEP13-B72.5,NOLA Low Temperature,KMSY,2026-09-13,between,72.0,73.0,The Weather Company,https://weather.com/kalshi,0.07,0.14,0.86,0.93,15.0,50.0,0.0,0.0,2026-09-14T06:00:00Z,active,2026-09-12T14:06:39.112525+00:00
KXLOWTNOLA,KXLOWTNOLA-26SEP12-T79,NOLA Low Temperature,KMSY,2026-09-12,greater,79.0,,The Weather Company,https://weather.com/kalshi,0.0,0.01,0.99,1.0,18362.0,0.0,58.0,0.0,2026-09-13T06:00:00Z,active,2026-09-12T14:06:39.112525+00:00
KXLOWTNOLA,KXLOWTNOLA-26SEP12-T72,NOLA Low Temperature,KMSY,2026-09-12,less,,72.0,The Weather Company,https://weather.com/kalshi,0.0,0.03,0.97,1.0,10.0,0.0,71.0,0.0,2026-09-13T06:00:00Z,active,2026-09-12T14:06:39.112525+00:00
KXLOWTNOLA,KXLOWTNOLA-26SEP12-B78.5,NOLA Low Temperature,KMSY,2026-09-12,between,78.0,79.0,The Weather Company,https://weather.com/kalshi,0.0,0.01,0.99,1.0,18030.0,0.0,62.08,0.0,2026-09-13T06:00:00Z,active,2026-09-12T14:06:39.112525+00:00
KXLOWTNOLA,KXLOWTNOLA-26SEP12-B76.5,NOLA Low Temperature,KMSY,2026-09-12,between,76.0,77.0,The Weather Company,https://weather.com/kalshi,0.9,0.93,0.07,0.1,50.0,12.0,837.35,0.0,2026-09-13T06:00:00Z,active,2026-09-12T14:06:39.112525+00:00
KXLOWTNOLA,KXLOWTNOLA-26SEP12-B74.5,NOLA Low Temperature,KMSY,2026-09-12,between,74.0,75.0,The Weather Company,https://weather.com/kalshi,0.04,0.11,0.89,0.96,6.0,79.0,612.07,0.0,2026-09-13T06:00:00Z,active,2026-09-12T14:06:39.112525+00:00
KXLOWTNOLA,KXLOWTNOLA-26SEP12-B72.5,NOLA Low Temperature,KMSY,2026-09-12,between,72.0,73.0,The Weather Company,https://weather.com/kalshi,0.01,0.11,0.89,0.99,11.0,21.32,195.73,0.0,2026-09-13T06:00:00Z,active,2026-09-12T14:06:39.112525+00:00
KXLOWTBOS,KXLOWTBOS-26SEP13-T67,Low Temperature Boston,KBOS,2026-09-13,greater,67.0,,The Weather Company,https://weather.com/kalshi,0.02,0.2,0.8,0.98,78.52,1.0,0.0,0.0,2026-09-14T05:00:00Z,active,2026-09-12T14:06:39.112525+00:00
KXLOWTBOS,KXLOWTBOS-26SEP13-T60,Low Temperature Boston,KBOS,2026-09-13,less,,60.0,The Weather Company,https://weather.com/kalshi,0.02,0.73,0.27,0.98,10.44,1.0,0.0,0.0,2026-09-14T05:00:00Z,active,2026-09-12T14:06:39.112525+00:00
KXLOWTBOS,KXLOWTBOS-26SEP13-B66.5,Low Temperature Boston,KBOS,2026-09-13,between,66.0,67.0,The Weather Company,https://weather.com/kalshi,0.05,0.14,0.86,0.95,12.0,50.0,0.0,0.0,2026-09-14T05:00:00Z,active,2026-09-12T14:06:39.112525+00:00
KXLOWTBOS,KXLOWTBOS-26SEP13-B64.5,Low Temperature Boston,KBOS,2026-09-13,between,64.0,65.0,The Weather Company,https://weather.com/kalshi,0.34,0.44,0.56,0.66,50.0,50.0,0.0,0.0,2026-09-14T05:00:00Z,active,2026-09-12T14:06:39.112525+00:00
KXLOWTBOS,KXLOWTBOS-26SEP13-B62.5,Low Temperature Boston,KBOS,2026-09-13,between,62.0,63.0,The Weather Company,https://weather.com/kalshi,0.35,0.44,0.56,0.65,50.0,29.0,0.0,0.0,2026-09-14T05:00:00Z,active,2026-09-12T14:06:39.112525+00:00
KXLOWTBOS,KXLOWTBOS-26SEP13-B60.5,Low Temperature Boston,KBOS,2026-09-13,between,60.0,61.0,The Weather Company,https://weather.com/kalshi,0.05,0.14,0.86,0.95,12.0,47.0,3.0,0.0,2026-09-14T05:00:00Z,active,2026-09-12T14:06:39.112525+00:00
KXLOWTBOS,KXLOWTBOS-26SEP12-T57,Low Temperature Boston,KBOS,2026-09-12,greater,57.0,,The Weather Company,https://weather.com/kalshi,0.0,0.01,0.99,1.0,16743.0,0.0,1093.16,0.0,2026-09-13T05:00:00Z,active,2026-09-12T14:06:39.112525+00:00
KXLOWTBOS,KXLOWTBOS-26SEP12-T50,Low Temperature Boston,KBOS,2026-09-12,less,,50.0,The Weather Company,https://weather.com/kalshi,0.0,0.01,0.99,1.0,126.0,0.0,32.0,0.0,2026-09-13T05:00:00Z,active,2026-09-12T14:06:39.112525+00:00
KXLOWTBOS,KXLOWTBOS-26SEP12-B56.5,Low Temperature Boston,KBOS,2026-09-12,between,56.0,57.0,The Weather Company,https://weather.com/kalshi,0.97,0.98,0.02,0.03,1.0,50.0,894.14,0.0,2026-09-13T05:00:00Z,active,2026-09-12T14:06:39.112525+00:00
KXLOWTBOS,KXLOWTBOS-26SEP12-B54.5,Low Temperature Boston,KBOS,2026-09-12,between,54.0,55.0,The Weather Company,https://weather.com/kalshi,0.0,0.02,0.98,1.0,7.0,0.0,135.49,0.0,2026-09-13T05:00:00Z,active,2026-09-12T14:06:39.112525+00:00
KXLOWTBOS,KXLOWTBOS-26SEP12-B52.5,Low Temperature Boston,KBOS,2026-09-12,between,52.0,53.0,The Weather Company,https://weather.com/kalshi,0.0,0.02,0.98,1.0,6.0,0.0,125.0,0.0,2026-09-13T05:00:00Z,active,2026-09-12T14:06:39.112525+00:00
KXLOWTBOS,KXLOWTBOS-26SEP12-B50.5,Low Temperature Boston,KBOS,2026-09-12,between,50.0,51.0,The Weather Company,https://weather.com/kalshi,0.0,0.01,0.99,1.0,7.0,0.0,101.0,0.0,2026-09-13T05:00:00Z,active,2026-09-12T14:06:39.112525+00:00
KXHIGHTMIN,KXHIGHTMIN-26SEP13-T72,Minneapolis Daily High Temperature,KMSP,2026-09-13,greater,72.0,,The Weather Company,https://weather.com/kalshi,0.3,0.4,0.6,0.7,50.0,83.0,0.0,0.0,2026-09-14T06:00:00Z,active,2026-09-12T14:06:39.112525+00:00
KXHIGHTMIN,KXHIGHTMIN-26SEP13-T65,Minneapolis Daily High Temperature,KMSP,2026-09-13,less,,65.0,The Weather Company,https://weather.com/kalshi,0.03,0.05,0.95,0.97,14.0,4.0,36.28,0.0,2026-09-14T06:00:00Z,active,2026-09-12T14:06:39.112525+00:00
KXHIGHTMIN,KXHIGHTMIN-26SEP13-B71.5,Minneapolis Daily High Temperature,KMSP,2026-09-13,between,71.0,72.0,The Weather Company,https://weather.com/kalshi,0.27,0.37,0.63,0.73,50.0,50.0,0.0,0.0,2026-09-14T06:00:00Z,active,2026-09-12T14:06:39.112525+00:00
KXHIGHTMIN,KXHIGHTMIN-26SEP13-B69.5,Minneapolis Daily High Temperature,KMSP,2026-09-13,between,69.0,70.0,The Weather Company,https://weather.com/kalshi,0.17,0.27,0.73,0.83,50.0,50.0,0.0,0.0,2026-09-14T06:00:00Z,active,2026-09-12T14:06:39.112525+00:00
KXHIGHTMIN,KXHIGHTMIN-26SEP13-B67.5,Minneapolis Daily High Temperature,KMSP,2026-09-13,between,67.0,68.0,The Weather Company,https://weather.com/kalshi,0.03,0.12,0.88,0.97,200.0,58.0,0.0,0.0,2026-09-14T06:00:00Z,active,2026-09-12T14:06:39.112525+00:00
KXHIGHTMIN,KXHIGHTMIN-26SEP13-B65.5,Minneapolis Daily High Temperature,KMSP,2026-09-13,between,65.0,66.0,The Weather Company,https://weather.com/kalshi,0.03,0.28,0.72,0.97,22.0,10.0,0.0,0.0,2026-09-14T06:00:00Z,active,2026-09-12T14:06:39.112525+00:00
KXHIGHTMIN,KXHIGHTMIN-26SEP12-T80,Minneapolis Daily High Temperature,KMSP,2026-09-12,greater,80.0,,The Weather Company,https://weather.com/kalshi,0.0,0.01,0.99,1.0,404.3,0.0,673.17,0.0,2026-09-13T06:00:00Z,active,2026-09-12T14:06:39.112525+00:00
KXHIGHTMIN,KXHIGHTMIN-26SEP12-T73,Minneapolis Daily High Temperature,KMSP,2026-09-12,less,,73.0,The Weather Company,https://weather.com/kalshi,0.0,0.01,0.99,1.0,25279.47,0.0,1516.56,0.0,2026-09-13T06:00:00Z,active,2026-09-12T14:06:39.112525+00:00
KXHIGHTMIN,KXHIGHTMIN-26SEP12-B79.5,Minneapolis Daily High Temperature,KMSP,2026-09-12,between,79.0,80.0,The Weather Company,https://weather.com/kalshi,0.01,0.02,0.98,0.99,4834.1,501.0,1671.09,0.0,2026-09-13T06:00:00Z,active,2026-09-12T14:06:39.112525+00:00
KXHIGHTMIN,KXHIGHTMIN-26SEP12-B77.5,Minneapolis Daily High Temperature,KMSP,2026-09-12,between,77.0,78.0,The Weather Company,https://weather.com/kalshi,0.11,0.12,0.88,0.89,30.1,29.48,1107.04,0.0,2026-09-13T06:00:00Z,active,2026-09-12T14:06:39.112525+00:00
KXHIGHTMIN,KXHIGHTMIN-26SEP12-B75.5,Minneapolis Daily High Temperature,KMSP,2026-09-12,between,75.0,76.0,The Weather Company,https://weather.com/kalshi,0.86,0.89,0.11,0.14,89.0,10.0,2784.06,0.0,2026-09-13T06:00:00Z,active,2026-09-12T14:06:39.112525+00:00
KXHIGHTMIN,KXHIGHTMIN-26SEP12-B73.5,Minneapolis Daily High Temperature,KMSP,2026-09-12,between,73.0,74.0,The Weather Company,https://weather.com/kalshi,0.0,0.01,0.99,1.0,23315.23,0.0,3785.7,0.0,2026-09-13T06:00:00Z,active,2026-09-12T14:06:39.112525+00:00
KXHIGHTBOS,KXHIGHTBOS-26SEP13-T76,Boston Maximum Daily Temperature,KBOS,2026-09-13,greater,76.0,,The Weather Company,https://weather.com/kalshi,0.02,0.03,0.97,0.98,2.24,29.0,0.0,0.0,2026-09-14T05:00:00Z,active,2026-09-12T14:06:39.112525+00:00
KXHIGHTBOS,KXHIGHTBOS-26SEP13-T69,Boston Maximum Daily Temperature,KBOS,2026-09-13,less,,69.0,The Weather Company,https://weather.com/kalshi,0.26,0.36,0.64,0.74,50.0,83.0,0.0,0.0,2026-09-14T05:00:00Z,active,2026-09-12T14:06:39.112525+00:00
KXHIGHTBOS,KXHIGHTBOS-26SEP13-B75.5,Boston Maximum Daily Temperature,KBOS,2026-09-13,between,75.0,76.0,The Weather Company,https://weather.com/kalshi,0.03,0.25,0.75,0.97,216.0,35.0,0.0,0.0,2026-09-14T05:00:00Z,active,2026-09-12T14:06:39.112525+00:00
KXHIGHTBOS,KXHIGHTBOS-26SEP13-B73.5,Boston Maximum Daily Temperature,KBOS,2026-09-13,between,73.0,74.0,The Weather Company,https://weather.com/kalshi,0.03,0.11,0.89,0.97,12.0,53.0,0.0,0.0,2026-09-14T05:00:00Z,active,2026-09-12T14:06:39.112525+00:00
KXHIGHTBOS,KXHIGHTBOS-26SEP13-B71.5,Boston Maximum Daily Temperature,KBOS,2026-09-13,between,71.0,72.0,The Weather Company,https://weather.com/kalshi,0.19,0.29,0.71,0.81,50.0,50.0,0.0,0.0,2026-09-14T05:00:00Z,active,2026-09-12T14:06:39.112525+00:00
KXHIGHTBOS,KXHIGHTBOS-26SEP13-B69.5,Boston Maximum Daily Temperature,KBOS,2026-09-13,between,69.0,70.0,The Weather Company,https://weather.com/kalshi,0.32,0.41,0.59,0.68,66.0,50.0,0.0,0.0,2026-09-14T05:00:00Z,active,2026-09-12T14:06:39.112525+00:00
KXHIGHTBOS,KXHIGHTBOS-26SEP12-T80,Boston Maximum Daily Temperature,KBOS,2026-09-12,greater,80.0,,The Weather Company,https://weather.com/kalshi,0.0,0.01,0.99,1.0,912.17,0.0,562.9,0.0,2026-09-13T05:00:00Z,active,2026-09-12T14:06:39.112525+00:00
KXHIGHTBOS,KXHIGHTBOS-26SEP12-T73,Boston Maximum Daily Temperature,KBOS,2026-09-12,less,,73.0,The Weather Company,https://weather.com/kalshi,0.67,0.7,0.3,0.33,58.61,18.0,2703.26,0.0,2026-09-13T05:00:00Z,active,2026-09-12T14:06:39.112525+00:00
KXHIGHTBOS,KXHIGHTBOS-26SEP12-B79.5,Boston Maximum Daily Temperature,KBOS,2026-09-12,between,79.0,80.0,The Weather Company,https://weather.com/kalshi,0.0,0.01,0.99,1.0,219.45,0.0,400.3,0.0,2026-09-13T05:00:00Z,active,2026-09-12T14:06:39.112525+00:00
KXHIGHTBOS,KXHIGHTBOS-26SEP12-B77.5,Boston Maximum Daily Temperature,KBOS,2026-09-12,between,77.0,78.0,The Weather Company,https://weather.com/kalshi,0.02,0.04,0.96,0.98,15.0,110.0,732.55,0.0,2026-09-13T05:00:00Z,active,2026-09-12T14:06:39.112525+00:00
KXHIGHTBOS,KXHIGHTBOS-26SEP12-B75.5,Boston Maximum Daily Temperature,KBOS,2026-09-12,between,75.0,76.0,The Weather Company,https://weather.com/kalshi,0.02,0.06,0.94,0.98,40.0,132.0,4188.49,0.0,2026-09-13T05:00:00Z,active,2026-09-12T14:06:39.112525+00:00
KXHIGHTBOS,KXHIGHTBOS-26SEP12-B73.5,Boston Maximum Daily Temperature,KBOS,2026-09-12,between,73.0,74.0,The Weather Company,https://weather.com/kalshi,0.14,0.18,0.82,0.86,1.0,18.0,2338.11,0.0,2026-09-13T05:00:00Z,active,2026-09-12T14:06:39.112525+00:00
KXHIGHNY,KXHIGHNY-26SEP13-T85,Highest temperature in NYC,KNYC,2026-09-13,greater,85.0,,The Weather Company,https://weather.com/kalshi,0.01,0.04,0.96,0.99,7.0,821.0,203.0,0.0,2026-09-14T05:00:00Z,active,2026-09-12T14:06:39.112525+00:00
KXHIGHNY,KXHIGHNY-26SEP13-T78,Highest temperature in NYC,KNYC,2026-09-13,less,,78.0,The Weather Company,https://weather.com/kalshi,0.37,0.41,0.59,0.63,14.0,5.26,235.97,0.0,2026-09-14T05:00:00Z,active,2026-09-12T14:06:39.112525+00:00
KXHIGHNY,KXHIGHNY-26SEP13-B84.5,Highest temperature in NYC,KNYC,2026-09-13,between,84.0,85.0,The Weather Company,https://weather.com/kalshi,0.02,0.1,0.9,0.98,16.0,35.0,0.0,0.0,2026-09-14T05:00:00Z,active,2026-09-12T14:06:39.112525+00:00
KXHIGHNY,KXHIGHNY-26SEP13-B82.5,Highest temperature in NYC,KNYC,2026-09-13,between,82.0,83.0,The Weather Company,https://weather.com/kalshi,0.03,0.1,0.9,0.97,12.0,450.0,30.0,0.0,2026-09-14T05:00:00Z,active,2026-09-12T14:06:39.112525+00:00
KXHIGHNY,KXHIGHNY-26SEP13-B80.5,Highest temperature in NYC,KNYC,2026-09-13,between,80.0,81.0,The Weather Company,https://weather.com/kalshi,0.23,0.24,0.76,0.77,6.0,10.0,19.95,0.0,2026-09-14T05:00:00Z,active,2026-09-12T14:06:39.112525+00:00
KXHIGHNY,KXHIGHNY-26SEP13-B78.5,Highest temperature in NYC,KNYC,2026-09-13,between,78.0,79.0,The Weather Company,https://weather.com/kalshi,0.22,0.28,0.72,0.78,6.0,9.0,35.0,0.0,2026-09-14T05:00:00Z,active,2026-09-12T14:06:39.112525+00:00
KXHIGHNY,KXHIGHNY-26SEP12-T82,Highest temperature in NYC,KNYC,2026-09-12,greater,82.0,,The Weather Company,https://weather.com/kalshi,0.0,0.01,0.99,1.0,37.52,0.0,4944.87,0.0,2026-09-13T05:00:00Z,active,2026-09-12T14:06:39.112525+00:00
KXHIGHNY,KXHIGHNY-26SEP12-T75,Highest temperature in NYC,KNYC,2026-09-12,less,,75.0,The Weather Company,https://weather.com/kalshi,0.01,0.02,0.98,0.99,194.02,6.0,3540.06,0.0,2026-09-13T05:00:00Z,active,2026-09-12T14:06:39.112525+00:00
KXHIGHNY,KXHIGHNY-26SEP12-B81.5,Highest temperature in NYC,KNYC,2026-09-12,between,81.0,82.0,The Weather Company,https://weather.com/kalshi,0.02,0.03,0.97,0.98,61.0,27.01,4539.78,0.0,2026-09-13T05:00:00Z,active,2026-09-12T14:06:39.112525+00:00
KXHIGHNY,KXHIGHNY-26SEP12-B79.5,Highest temperature in NYC,KNYC,2026-09-12,between,79.0,80.0,The Weather Company,https://weather.com/kalshi,0.31,0.34,0.66,0.69,55.66,3.17,8728.1,0.0,2026-09-13T05:00:00Z,active,2026-09-12T14:06:39.112525+00:00
KXHIGHNY,KXHIGHNY-26SEP12-B77.5,Highest temperature in NYC,KNYC,2026-09-12,between,77.0,78.0,The Weather Company,https://weather.com/kalshi,0.56,0.57,0.43,0.44,14.0,6.65,6038.14,0.0,2026-09-13T05:00:00Z,active,2026-09-12T14:06:39.112525+00:00
KXHIGHNY,KXHIGHNY-26SEP12-B75.5,Highest temperature in NYC,KNYC,2026-09-12,between,75.0,76.0,The Weather Company,https://weather.com/kalshi,0.11,0.12,0.88,0.89,56.45,10.0,4321.52,0.0,2026-09-13T05:00:00Z,active,2026-09-12T14:06:39.112525+00:00
KXLOWTLAX,KXLOWTLAX-26SEP13-T69,Lowest Temperature in LA,KLAX,2026-09-13,greater,69.0,,The Weather Company,https://weather.com/kalshi,0.28,0.37,0.63,0.72,103.0,50.0,0.0,0.0,2026-09-14T08:00:00Z,active,2026-09-12T14:06:39.112525+00:00
KXLOWTLAX,KXLOWTLAX-26SEP13-T62,Lowest Temperature in LA,KLAX,2026-09-13,less,,62.0,The Weather Company,https://weather.com/kalshi,0.0,0.01,0.99,1.0,12.0,0.0,1.0,0.0,2026-09-14T08:00:00Z,active,2026-09-12T14:06:39.112525+00:00
KXLOWTLAX,KXLOWTLAX-26SEP13-B68.5,Lowest Temperature in LA,KLAX,2026-09-13,between,68.0,69.0,The Weather Company,https://weather.com/kalshi,0.59,0.65,0.35,0.41,15.0,50.0,8.0,0.0,2026-09-14T08:00:00Z,active,2026-09-12T14:06:39.112525+00:00
KXLOWTLAX,KXLOWTLAX-26SEP13-B66.5,Lowest Temperature in LA,KLAX,2026-09-13,between,66.0,67.0,The Weather Company,https://weather.com/kalshi,0.03,0.61,0.39,0.97,116.13,91.0,0.0,0.0,2026-09-14T08:00:00Z,active,2026-09-12T14:06:39.112525+00:00
KXLOWTLAX,KXLOWTLAX-26SEP13-B64.5,Lowest Temperature in LA,KLAX,2026-09-13,between,64.0,65.0,The Weather Company,https://weather.com/kalshi,0.03,0.51,0.49,0.97,116.13,15.0,0.0,0.0,2026-09-14T08:00:00Z,active,2026-09-12T14:06:39.112525+00:00
KXLOWTLAX,KXLOWTLAX-26SEP13-B62.5,Lowest Temperature in LA,KLAX,2026-09-13,between,62.0,63.0,The Weather Company,https://weather.com/kalshi,0.03,0.51,0.49,0.97,136.13,15.0,0.0,0.0,2026-09-14T08:00:00Z,active,2026-09-12T14:06:39.112525+00:00
KXLOWTLAX,KXLOWTLAX-26SEP12-T70,Lowest Temperature in LA,KLAX,2026-09-12,greater,70.0,,The Weather Company,https://weather.com/kalshi,0.8,0.88,0.12,0.2,71.0,1.0,783.74,0.0,2026-09-13T08:00:00Z,active,2026-09-12T14:06:39.112525+00:00
KXLOWTLAX,KXLOWTLAX-26SEP12-T63,Lowest Temperature in LA,KLAX,2026-09-12,less,,63.0,The Weather Company,https://weather.com/kalshi,0.0,0.01,0.99,1.0,123.0,0.0,221.0,0.0,2026-09-13T08:00:00Z,active,2026-09-12T14:06:39.112525+00:00
KXLOWTLAX,KXLOWTLAX-26SEP12-B69.5,Lowest Temperature in LA,KLAX,2026-09-12,between,69.0,70.0,The Weather Company,https://weather.com/kalshi,0.12,0.18,0.82,0.88,1.0,50.0,332.47,0.0,2026-09-13T08:00:00Z,active,2026-09-12T14:06:39.112525+00:00
KXLOWTLAX,KXLOWTLAX-26SEP12-B67.5,Lowest Temperature in LA,KLAX,2026-09-12,between,67.0,68.0,The Weather Company,https://weather.com/kalshi,0.01,0.02,0.98,0.99,89.18,58.0,113.71,0.0,2026-09-13T08:00:00Z,active,2026-09-12T14:06:39.112525+00:00
KXLOWTLAX,KXLOWTLAX-26SEP12-B65.5,Lowest Temperature in LA,KLAX,2026-09-12,between,65.0,66.0,The Weather Company,https://weather.com/kalshi,0.0,0.01,0.99,1.0,4.0,0.0,200.37,0.0,2026-09-13T08:00:00Z,active,2026-09-12T14:06:39.112525+00:00
KXLOWTLAX,KXLOWTLAX-26SEP12-B63.5,Lowest Temperature in LA,KLAX,2026-09-12,between,63.0,64.0,The Weather Company,https://weather.com/kalshi,0.0,0.01,0.99,1.0,5.0,0.0,169.47,0.0,2026-09-13T08:00:00Z,active,2026-09-12T14:06:39.112525+00:00
KXHIGHTSFO,KXHIGHTSFO-26SEP13-T74,San Francisco High Temperature Daily,KSFO,2026-09-13,greater,74.0,,The Weather Company,https://weather.com/kalshi,0.03,0.08,0.92,0.97,40.0,8.0,8.0,0.0,2026-09-14T08:00:00Z,active,2026-09-12T14:06:39.112525+00:00
KXHIGHTSFO,KXHIGHTSFO-26SEP13-T67,San Francisco High Temperature Daily,KSFO,2026-09-13,less,,67.0,The Weather Company,https://weather.com/kalshi,0.03,0.1,0.9,0.97,17.24,8.0,4.0,0.0,2026-09-14T08:00:00Z,active,2026-09-12T14:06:39.112525+00:00
KXHIGHTSFO,KXHIGHTSFO-26SEP13-B73.5,San Francisco High Temperature Daily,KSFO,2026-09-13,between,73.0,74.0,The Weather Company,https://weather.com/kalshi,0.11,0.19,0.81,0.89,5.0,50.0,0.0,0.0,2026-09-14T08:00:00Z,active,2026-09-12T14:06:39.112525+00:00
KXHIGHTSFO,KXHIGHTSFO-26SEP13-B71.5,San Francisco High Temperature Daily,KSFO,2026-09-13,between,71.0,72.0,The Weather Company,https://weather.com/kalshi,0.24,0.33,0.67,0.76,50.0,5.0,0.0,0.0,2026-09-14T08:00:00Z,active,2026-09-12T14:06:39.112525+00:00
KXHIGHTSFO,KXHIGHTSFO-26SEP13-B69.5,San Francisco High Temperature Daily,KSFO,2026-09-13,between,69.0,70.0,The Weather Company,https://weather.com/kalshi,0.24,0.32,0.68,0.76,50.0,5.0,0.0,0.0,2026-09-14T08:00:00Z,active,2026-09-12T14:06:39.112525+00:00
KXHIGHTSFO,KXHIGHTSFO-26SEP13-B67.5,San Francisco High Temperature Daily,KSFO,2026-09-13,between,67.0,68.0,The Weather Company,https://weather.com/kalshi,0.1,0.19,0.81,0.9,5.0,50.0,0.0,0.0,2026-09-14T08:00:00Z,active,2026-09-12T14:06:39.112525+00:00
KXHIGHTSFO,KXHIGHTSFO-26SEP12-T74,San Francisco High Temperature Daily,KSFO,2026-09-12,greater,74.0,,The Weather Company,https://weather.com/kalshi,0.01,0.02,0.98,0.99,2.0,913.28,926.87,0.0,2026-09-13T08:00:00Z,active,2026-09-12T14:06:39.112525+00:00
KXHIGHTSFO,KXHIGHTSFO-26SEP12-T67,San Francisco High Temperature Daily,KSFO,2026-09-12,less,,67.0,The Weather Company,https://weather.com/kalshi,0.0,0.01,0.99,1.0,10.6,0.0,807.55,0.0,2026-09-13T08:00:00Z,active,2026-09-12T14:06:39.112525+00:00
KXHIGHTSFO,KXHIGHTSFO-26SEP12-B73.5,San Francisco High Temperature Daily,KSFO,2026-09-12,between,73.0,74.0,The Weather Company,https://weather.com/kalshi,0.02,0.03,0.97,0.98,7.0,52.07,3401.96,0.0,2026-09-13T08:00:00Z,active,2026-09-12T14:06:39.112525+00:00
KXHIGHTSFO,KXHIGHTSFO-26SEP12-B71.5,San Francisco High Temperature Daily,KSFO,2026-09-12,between,71.0,72.0,The Weather Company,https://weather.com/kalshi,0.41,0.42,0.58,0.59,9.5,0.49,1187.95,0.0,2026-09-13T08:00:00Z,active,2026-09-12T14:06:39.112525+00:00
KXHIGHTSFO,KXHIGHTSFO-26SEP12-B69.5,San Francisco High Temperature Daily,KSFO,2026-09-12,between,69.0,70.0,The Weather Company,https://weather.com/kalshi,0.46,0.51,0.49,0.54,2.5,0.69,1286.32,0.0,2026-09-13T08:00:00Z,active,2026-09-12T14:06:39.112525+00:00
KXHIGHTSFO,KXHIGHTSFO-26SEP12-B67.5,San Francisco High Temperature Daily,KSFO,2026-09-12,between,67.0,68.0,The Weather Company,https://weather.com/kalshi,0.08,0.12,0.88,0.92,6.48,3.0,681.08,0.0,2026-09-13T08:00:00Z,active,2026-09-12T14:06:39.112525+00:00
KXLOWTNYC,KXLOWTNYC-26SEP13-T72,Lowest temperature in NYC,KNYC,2026-09-13,greater,72.0,,The Weather Company,https://weather.com/kalshi,0.02,0.64,0.36,0.98,30.0,53.0,0.0,0.0,2026-09-14T05:00:00Z,active,2026-09-12T14:06:39.112525+00:00
KXLOWTNYC,KXLOWTNYC-26SEP13-T65,Lowest temperature in NYC,KNYC,2026-09-13,less,,65.0,The Weather Company,https://weather.com/kalshi,0.02,0.63,0.37,0.98,2.23,39.0,0.0,0.0,2026-09-14T05:00:00Z,active,2026-09-12T14:06:39.112525+00:00
KXLOWTNYC,KXLOWTNYC-26SEP13-B71.5,Lowest temperature in NYC,KNYC,2026-09-13,between,71.0,72.0,The Weather Company,https://weather.com/kalshi,0.14,0.23,0.77,0.86,127.32,50.0,0.0,0.0,2026-09-14T05:00:00Z,active,2026-09-12T14:06:39.112525+00:00
KXLOWTNYC,KXLOWTNYC-26SEP13-B69.5,Lowest temperature in NYC,KNYC,2026-09-13,between,69.0,70.0,The Weather Company,https://weather.com/kalshi,0.31,0.41,0.59,0.69,50.0,50.0,0.0,0.0,2026-09-14T05:00:00Z,active,2026-09-12T14:06:39.112525+00:00
KXLOWTNYC,KXLOWTNYC-26SEP13-B67.5,Lowest temperature in NYC,KNYC,2026-09-13,between,67.0,68.0,The Weather Company,https://weather.com/kalshi,0.25,0.34,0.66,0.75,50.0,147.9,0.0,0.0,2026-09-14T05:00:00Z,active,2026-09-12T14:06:39.112525+00:00
KXLOWTNYC,KXLOWTNYC-26SEP13-B65.5,Lowest temperature in NYC,KNYC,2026-09-13,between,65.0,66.0,The Weather Company,https://weather.com/kalshi,0.06,0.14,0.86,0.94,200.0,44.0,0.0,0.0,2026-09-14T05:00:00Z,active,2026-09-12T14:06:39.112525+00:00
KXLOWTNYC,KXLOWTNYC-26SEP12-T66,Lowest temperature in NYC,KNYC,2026-09-12,greater,66.0,,The Weather Company,https://weather.com/kalshi,0.0,0.01,0.99,1.0,38014.0,0.0,356.5,0.0,2026-09-13T05:00:00Z,active,2026-09-12T14:06:39.112525+00:00
KXLOWTNYC,KXLOWTNYC-26SEP12-T59,Lowest temperature in NYC,KNYC,2026-09-12,less,,59.0,The Weather Company,https://weather.com/kalshi,0.0,0.02,0.98,1.0,250.0,0.0,240.78,0.0,2026-09-13T05:00:00Z,active,2026-09-12T14:06:39.112525+00:00
KXLOWTNYC,KXLOWTNYC-26SEP12-B65.5,Lowest temperature in NYC,KNYC,2026-09-12,between,65.0,66.0,The Weather Company,https://weather.com/kalshi,0.0,0.01,0.99,1.0,22981.0,0.0,610.67,0.0,2026-09-13T05:00:00Z,active,2026-09-12T14:06:39.112525+00:00
KXLOWTNYC,KXLOWTNYC-26SEP12-B63.5,Lowest temperature in NYC,KNYC,2026-09-12,between,63.0,64.0,The Weather Company,https://weather.com/kalshi,0.94,0.99,0.01,0.06,255.0,20.0,1273.98,0.0,2026-09-13T05:00:00Z,active,2026-09-12T14:06:39.112525+00:00
KXLOWTNYC,KXLOWTNYC-26SEP12-B61.5,Lowest temperature in NYC,KNYC,2026-09-12,between,61.0,62.0,The Weather Company,https://weather.com/kalshi,0.01,0.06,0.94,0.99,12.0,58.0,536.66,0.0,2026-09-13T05:00:00Z,active,2026-09-12T14:06:39.112525+00:00
KXLOWTNYC,KXLOWTNYC-26SEP12-B59.5,Lowest temperature in NYC,KNYC,2026-09-12,between,59.0,60.0,The Weather Company,https://weather.com/kalshi,0.0,0.04,0.96,1.0,38.0,0.0,402.88,0.0,2026-09-13T05:00:00Z,active,2026-09-12T14:06:39.112525+00:00
KXLOWTSEA,KXLOWTSEA-26SEP13-T55,Low Temperature Seattle,KSEA,2026-09-13,greater,55.0,,The Weather Company,https://weather.com/kalshi,0.21,0.3,0.7,0.79,49.0,50.0,0.0,0.0,2026-09-14T08:00:00Z,active,2026-09-12T14:06:39.112525+00:00
KXLOWTSEA,KXLOWTSEA-26SEP13-T48,Low Temperature Seattle,KSEA,2026-09-13,less,,48.0,The Weather Company,https://weather.com/kalshi,0.0,0.01,0.99,1.0,13.0,0.0,0.0,0.0,2026-09-14T08:00:00Z,active,2026-09-12T14:06:39.112525+00:00
KXLOWTSEA,KXLOWTSEA-26SEP13-B54.5,Low Temperature Seattle,KSEA,2026-09-13,between,54.0,55.0,The Weather Company,https://weather.com/kalshi,0.48,0.58,0.42,0.52,50.0,50.0,0.0,0.0,2026-09-14T08:00:00Z,active,2026-09-12T14:06:39.112525+00:00
KXLOWTSEA,KXLOWTSEA-26SEP13-B52.5,Low Temperature Seattle,KSEA,2026-09-13,between,52.0,53.0,The Weather Company,https://weather.com/kalshi,0.15,0.25,0.75,0.85,50.0,50.0,0.0,0.0,2026-09-14T08:00:00Z,active,2026-09-12T14:06:39.112525+00:00
KXLOWTSEA,KXLOWTSEA-26SEP13-B50.5,Low Temperature Seattle,KSEA,2026-09-13,between,50.0,51.0,The Weather Company,https://weather.com/kalshi,0.01,0.74,0.26,0.99,30.0,110.0,0.0,0.0,2026-09-14T08:00:00Z,active,2026-09-12T14:06:39.112525+00:00
KXLOWTSEA,KXLOWTSEA-26SEP13-B48.5,Low Temperature Seattle,KSEA,2026-09-13,between,48.0,49.0,The Weather Company,https://weather.com/kalshi,0.01,0.74,0.26,0.99,30.0,110.0,0.0,0.0,2026-09-14T08:00:00Z,active,2026-09-12T14:06:39.112525+00:00
KXLOWTSEA,KXLOWTSEA-26SEP12-T55,Low Temperature Seattle,KSEA,2026-09-12,greater,55.0,,The Weather Company,https://weather.com/kalshi,0.0,0.01,0.99,1.0,21107.15,0.0,472.73,0.0,2026-09-13T08:00:00Z,active,2026-09-12T14:06:39.112525+00:00
KXLOWTSEA,KXLOWTSEA-26SEP12-T48,Low Temperature Seattle,KSEA,2026-09-12,less,,48.0,The Weather Company,https://weather.com/kalshi,0.0,0.01,0.99,1.0,200.0,0.0,1.0,0.0,2026-09-13T08:00:00Z,active,2026-09-12T14:06:39.112525+00:00
KXLOWTSEA,KXLOWTSEA-26SEP12-B54.5,Low Temperature Seattle,KSEA,2026-09-12,between,54.0,55.0,The Weather Company,https://weather.com/kalshi,0.54,0.59,0.41,0.46,1.0,50.0,420.42,0.0,2026-09-13T08:00:00Z,active,2026-09-12T14:06:39.112525+00:00
KXLOWTSEA,KXLOWTSEA-26SEP12-B52.5,Low Temperature Seattle,KSEA,2026-09-12,between,52.0,53.0,The Weather Company,https://weather.com/kalshi,0.35,0.39,0.61,0.65,1.0,1.0,336.73,0.0,2026-09-13T08:00:00Z,active,2026-09-12T14:06:39.112525+00:00
KXLOWTSEA,KXLOWTSEA-26SEP12-B50.5,Low Temperature Seattle,KSEA,2026-09-12,between,50.0,51.0,The Weather Company,https://weather.com/kalshi,0.1,0.16,0.84,0.9,6.0,1.0,50.87,0.0,2026-09-13T08:00:00Z,active,2026-09-12T14:06:39.112525+00:00
KXLOWTSEA,KXLOWTSEA-26SEP12-B48.5,Low Temperature Seattle,KSEA,2026-09-12,between,48.0,49.0,The Weather Company,https://weather.com/kalshi,0.0,0.02,0.98,1.0,54.0,0.0,121.0,0.0,2026-09-13T08:00:00Z,active,2026-09-12T14:06:39.112525+00:00
KXLOWTMIN,KXLOWTMIN-26SEP13-T56,Low  temperature Minnesota,KMSP,2026-09-13,greater,56.0,,The Weather Company,https://weather.com/kalshi,0.06,0.16,0.84,0.94,50.0,50.0,5.0,0.0,2026-09-14T06:00:00Z,active,2026-09-12T14:06:39.112525+00:00
KXLOWTMIN,KXLOWTMIN-26SEP13-T49,Low  temperature Minnesota,KMSP,2026-09-13,less,,49.0,The Weather Company,https://weather.com/kalshi,0.0,0.01,0.99,1.0,12.0,0.0,0.0,0.0,2026-09-14T06:00:00Z,active,2026-09-12T14:06:39.112525+00:00
KXLOWTMIN,KXLOWTMIN-26SEP13-B55.5,Low  temperature Minnesota,KMSP,2026-09-13,between,55.0,56.0,The Weather Company,https://weather.com/kalshi,0.24,0.33,0.67,0.76,50.0,54.0,0.0,0.0,2026-09-14T06:00:00Z,active,2026-09-12T14:06:39.112525+00:00
KXLOWTMIN,KXLOWTMIN-26SEP13-B53.5,Low  temperature Minnesota,KMSP,2026-09-13,between,53.0,54.0,The Weather Company,https://weather.com/kalshi,0.27,0.36,0.64,0.73,30.0,50.0,0.0,0.0,2026-09-14T06:00:00Z,active,2026-09-12T14:06:39.112525+00:00
KXLOWTMIN,KXLOWTMIN-26SEP13-B51.5,Low  temperature Minnesota,KMSP,2026-09-13,between,51.0,52.0,The Weather Company,https://weather.com/kalshi,0.19,0.27,0.73,0.81,2.14,50.0,72.0,0.0,2026-09-14T06:00:00Z,active,2026-09-12T14:06:39.112525+00:00
KXLOWTMIN,KXLOWTMIN-26SEP13-B49.5,Low  temperature Minnesota,KMSP,2026-09-13,between,49.0,50.0,The Weather Company,https://weather.com/kalshi,0.02,0.75,0.25,0.98,2.0,1.0,0.0,0.0,2026-09-14T06:00:00Z,active,2026-09-12T14:06:39.112525+00:00
KXLOWTMIN,KXLOWTMIN-26SEP12-T63,Low  temperature Minnesota,KMSP,2026-09-12,greater,63.0,,The Weather Company,https://weather.com/kalshi,0.0,0.01,0.99,1.0,17354.0,0.0,113.5,0.0,2026-09-13T06:00:00Z,active,2026-09-12T14:06:39.112525+00:00
KXLOWTMIN,KXLOWTMIN-26SEP12-T56,Low  temperature Minnesota,KMSP,2026-09-12,less,,56.0,The Weather Company,https://weather.com/kalshi,0.03,0.12,0.88,0.97,49.99,38.0,610.47,0.0,2026-09-13T06:00:00Z,active,2026-09-12T14:06:39.112525+00:00
KXLOWTMIN,KXLOWTMIN-26SEP12-B62.5,Low  temperature Minnesota,KMSP,2026-09-12,between,62.0,63.0,The Weather Company,https://weather.com/kalshi,0.01,0.22,0.78,0.99,1.0,47.96,645.05,0.0,2026-09-13T06:00:00Z,active,2026-09-12T14:06:39.112525+00:00
KXLOWTMIN,KXLOWTMIN-26SEP12-B60.5,Low  temperature Minnesota,KMSP,2026-09-12,between,60.0,61.0,The Weather Company,https://weather.com/kalshi,0.17,0.24,0.76,0.83,1.0,49.99,863.07,0.0,2026-09-13T06:00:00Z,active,2026-09-12T14:06:39.112525+00:00
KXLOWTMIN,KXLOWTMIN-26SEP12-B58.5,Low  temperature Minnesota,KMSP,2026-09-12,between,58.0,59.0,The Weather Company,https://weather.com/kalshi,0.43,0.53,0.47,0.57,79.99,50.0,323.9,0.0,2026-09-13T06:00:00Z,active,2026-09-12T14:06:39.112525+00:00
KXLOWTMIN,KXLOWTMIN-26SEP12-B56.5,Low  temperature Minnesota,KMSP,2026-09-12,between,56.0,57.0,The Weather Company,https://weather.com/kalshi,0.12,0.18,0.82,0.88,0.99,45.0,541.71,0.0,2026-09-13T06:00:00Z,active,2026-09-12T14:06:39.112525+00:00
KXLOWTMIA,KXLOWTMIA-26SEP13-T80,Lowest temperature in Miami,KMIA,2026-09-13,greater,80.0,,The Weather Company,https://weather.com/kalshi,0.02,0.59,0.41,0.98,30.0,31.0,0.0,0.0,2026-09-14T05:00:00Z,active,2026-09-12T14:06:39.112525+00:00
KXLOWTMIA,KXLOWTMIA-26SEP13-T73,Lowest temperature in Miami,KMIA,2026-09-13,less,,73.0,The Weather Company,https://weather.com/kalshi,0.02,0.34,0.66,0.98,32.0,27.0,20.0,0.0,2026-09-14T05:00:00Z,active,2026-09-12T14:06:39.112525+00:00
KXLOWTMIA,KXLOWTMIA-26SEP13-B79.5,Lowest temperature in Miami,KMIA,2026-09-13,between,79.0,80.0,The Weather Company,https://weather.com/kalshi,0.09,0.18,0.82,0.91,1.45,50.0,0.0,0.0,2026-09-14T05:00:00Z,active,2026-09-12T14:06:39.112525+00:00
KXLOWTMIA,KXLOWTMIA-26SEP13-B77.5,Lowest temperature in Miami,KMIA,2026-09-13,between,77.0,78.0,The Weather Company,https://weather.com/kalshi,0.24,0.34,0.66,0.76,50.0,50.0,0.0,0.0,2026-09-14T05:00:00Z,active,2026-09-12T14:06:39.112525+00:00
KXLOWTMIA,KXLOWTMIA-26SEP13-B75.5,Lowest temperature in Miami,KMIA,2026-09-13,between,75.0,76.0,The Weather Company,https://weather.com/kalshi,0.27,0.37,0.63,0.73,50.0,50.0,0.0,0.0,2026-09-14T05:00:00Z,active,2026-09-12T14:06:39.112525+00:00
KXLOWTMIA,KXLOWTMIA-26SEP13-B73.5,Lowest temperature in Miami,KMIA,2026-09-13,between,73.0,74.0,The Weather Company,https://weather.com/kalshi,0.12,0.22,0.78,0.88,50.0,50.0,9.0,0.0,2026-09-14T05:00:00Z,active,2026-09-12T14:06:39.112525+00:00
KXLOWTMIA,KXLOWTMIA-26SEP12-T82,Lowest temperature in Miami,KMIA,2026-09-12,greater,82.0,,The Weather Company,https://weather.com/kalshi,0.0,0.01,0.99,1.0,22381.01,0.0,362.61,0.0,2026-09-13T05:00:00Z,active,2026-09-12T14:06:39.112525+00:00
KXLOWTMIA,KXLOWTMIA-26SEP12-T75,Lowest temperature in Miami,KMIA,2026-09-12,less,,75.0,The Weather Company,https://weather.com/kalshi,0.05,0.12,0.88,0.95,6.01,30.0,224.14,0.0,2026-09-13T05:00:00Z,active,2026-09-12T14:06:39.112525+00:00
KXLOWTMIA,KXLOWTMIA-26SEP12-B81.5,Lowest temperature in Miami,KMIA,2026-09-12,between,81.0,82.0,The Weather Company,https://weather.com/kalshi,0.25,0.34,0.66,0.75,50.0,6.0,665.32,0.0,2026-09-13T05:00:00Z,active,2026-09-12T14:06:39.112525+00:00
KXLOWTMIA,KXLOWTMIA-26SEP12-B79.5,Lowest temperature in Miami,KMIA,2026-09-12,between,79.0,80.0,The Weather Company,https://weather.com/kalshi,0.31,0.4,0.6,0.69,6.0,50.0,608.02,0.0,2026-09-13T05:00:00Z,active,2026-09-12T14:06:39.112525+00:00
KXLOWTMIA,KXLOWTMIA-26SEP12-B77.5,Lowest temperature in Miami,KMIA,2026-09-12,between,77.0,78.0,The Weather Company,https://weather.com/kalshi,0.12,0.16,0.84,0.88,1.0,2.0,327.93,0.0,2026-09-13T05:00:00Z,active,2026-09-12T14:06:39.112525+00:00
KXLOWTMIA,KXLOWTMIA-26SEP12-B75.5,Lowest temperature in Miami,KMIA,2026-09-12,between,75.0,76.0,The Weather Company,https://weather.com/kalshi,0.08,0.16,0.84,0.92,6.0,30.0,311.36,0.0,2026-09-13T05:00:00Z,active,2026-09-12T14:06:39.112525+00:00
KXHIGHTDC,KXHIGHTDC-26SEP13-T91,Washington DC Daily Max Temp,KDCA,2026-09-13,greater,91.0,,The Weather Company,https://weather.com/kalshi,0.02,0.03,0.97,0.98,2.0,11.0,1.0,0.0,2026-09-14T05:00:00Z,active,2026-09-12T14:06:39.112525+00:00
KXHIGHTDC,KXHIGHTDC-26SEP13-T84,Washington DC Daily Max Temp,KDCA,2026-09-13,less,,84.0,The Weather Company,https://weather.com/kalshi,0.02,0.59,0.41,0.98,50.0,12.0,1.0,0.0,2026-09-14T05:00:00Z,active,2026-09-12T14:06:39.112525+00:00
KXHIGHTDC,KXHIGHTDC-26SEP13-B90.5,Washington DC Daily Max Temp,KDCA,2026-09-13,between,90.0,91.0,The Weather Company,https://weather.com/kalshi,0.09,0.17,0.83,0.91,50.0,6.0,0.0,0.0,2026-09-14T05:00:00Z,active,2026-09-12T14:06:39.112525+00:00
KXHIGHTDC,KXHIGHTDC-26SEP13-B88.5,Washington DC Daily Max Temp,KDCA,2026-09-13,between,88.0,89.0,The Weather Company,https://weather.com/kalshi,0.32,0.38,0.62,0.68,1.0,192.0,32.0,0.0,2026-09-14T05:00:00Z,active,2026-09-12T14:06:39.112525+00:00
KXHIGHTDC,KXHIGHTDC-26SEP13-B86.5,Washington DC Daily Max Temp,KDCA,2026-09-13,between,86.0,87.0,The Weather Company,https://weather.com/kalshi,0.27,0.36,0.64,0.73,99.0,52.0,0.0,0.0,2026-09-14T05:00:00Z,active,2026-09-12T14:06:39.112525+00:00
KXHIGHTDC,KXHIGHTDC-26SEP13-B84.5,Washington DC Daily Max Temp,KDCA,2026-09-13,between,84.0,85.0,The Weather Company,https://weather.com/kalshi,0.1,0.19,0.81,0.9,162.0,50.0,0.0,0.0,2026-09-14T05:00:00Z,active,2026-09-12T14:06:39.112525+00:00
KXHIGHTDC,KXHIGHTDC-26SEP12-T87,Washington DC Daily Max Temp,KDCA,2026-09-12,greater,87.0,,The Weather Company,https://weather.com/kalshi,0.0,0.01,0.99,1.0,491.32,0.0,549.55,0.0,2026-09-13T05:00:00Z,active,2026-09-12T14:06:39.112525+00:00
KXHIGHTDC,KXHIGHTDC-26SEP12-T80,Washington DC Daily Max Temp,KDCA,2026-09-12,less,,80.0,The Weather Company,https://weather.com/kalshi,0.01,0.02,0.98,0.99,65.0,145.34,905.17,0.0,2026-09-13T05:00:00Z,active,2026-09-12T14:06:39.112525+00:00
KXHIGHTDC,KXHIGHTDC-26SEP12-B86.5,Washington DC Daily Max Temp,KDCA,2026-09-12,between,86.0,87.0,The Weather Company,https://weather.com/kalshi,0.03,0.05,0.95,0.97,26.0,145.5,339.71,0.0,2026-09-13T05:00:00Z,active,2026-09-12T14:06:39.112525+00:00
KXHIGHTDC,KXHIGHTDC-26SEP12-B84.5,Washington DC Daily Max Temp,KDCA,2026-09-12,between,84.0,85.0,The Weather Company,https://weather.com/kalshi,0.38,0.4,0.6,0.62,18.28,24.0,1579.11,0.0,2026-09-13T05:00:00Z,active,2026-09-12T14:06:39.112525+00:00
KXHIGHTDC,KXHIGHTDC-26SEP12-B82.5,Washington DC Daily Max Temp,KDCA,2026-09-12,between,82.0,83.0,The Weather Company,https://weather.com/kalshi,0.41,0.44,0.56,0.59,22.0,1.0,859.7,0.0,2026-09-13T05:00:00Z,active,2026-09-12T14:06:39.112525+00:00
KXHIGHTDC,KXHIGHTDC-26SEP12-B80.5,Washington DC Daily Max Temp,KDCA,2026-09-12,between,80.0,81.0,The Weather Company,https://weather.com/kalshi,0.11,0.16,0.84,0.89,17.0,10.0,595.73,0.0,2026-09-13T05:00:00Z,active,2026-09-12T14:06:39.112525+00:00
KXLOWTSDF,KXLOWTSDF-26SEP13-T71,Lowest Temperature SDX,KSDF,2026-09-13,greater,71.0,,The Weather Company,https://weather.com/kalshi,0.01,0.99,0.01,0.99,50.0,50.0,0.0,0.0,2026-09-14T05:00:00Z,active,2026-09-12T14:06:39.112525+00:00
KXLOWTSDF,KXLOWTSDF-26SEP13-T64,Lowest Temperature SDX,KSDF,2026-09-13,less,,64.0,The Weather Company,https://weather.com/kalshi,0.0,0.0,1.0,1.0,0.0,0.0,0.0,0.0,2026-09-14T05:00:00Z,active,2026-09-12T14:06:39.112525+00:00
KXLOWTSDF,KXLOWTSDF-26SEP13-B70.5,Lowest Temperature SDX,KSDF,2026-09-13,between,70.0,71.0,The Weather Company,https://weather.com/kalshi,0.28,0.38,0.62,0.72,50.0,50.0,0.0,0.0,2026-09-14T05:00:00Z,active,2026-09-12T14:06:39.112525+00:00
KXLOWTSDF,KXLOWTSDF-26SEP13-B68.5,Lowest Temperature SDX,KSDF,2026-09-13,between,68.0,69.0,The Weather Company,https://weather.com/kalshi,0.5,0.6,0.4,0.5,50.0,50.0,9.0,0.0,2026-09-14T05:00:00Z,active,2026-09-12T14:06:39.112525+00:00
KXLOWTSDF,KXLOWTSDF-26SEP13-B66.5,Lowest Temperature SDX,KSDF,2026-09-13,between,66.0,67.0,The Weather Company,https://weather.com/kalshi,0.05,0.15,0.85,0.95,50.0,50.0,0.0,0.0,2026-09-14T05:00:00Z,active,2026-09-12T14:06:39.112525+00:00
KXLOWTSDF,KXLOWTSDF-26SEP13-B64.5,Lowest Temperature SDX,KSDF,2026-09-13,between,64.0,65.0,The Weather Company,https://weather.com/kalshi,0.01,0.99,0.01,0.99,50.0,50.0,0.0,0.0,2026-09-14T05:00:00Z,active,2026-09-12T14:06:39.112525+00:00
KXLOWTSDF,KXLOWTSDF-26SEP12-T71,Lowest Temperature SDX,KSDF,2026-09-12,greater,71.0,,The Weather Company,https://weather.com/kalshi,0.84,0.91,0.09,0.16,29.0,12.0,151.01,0.0,2026-09-13T05:00:00Z,active,2026-09-12T14:06:39.112525+00:00
KXLOWTSDF,KXLOWTSDF-26SEP12-T64,Lowest Temperature SDX,KSDF,2026-09-12,less,,64.0,The Weather Company,https://weather.com/kalshi,0.0,0.99,0.01,1.0,47.0,0.0,0.0,0.0,2026-09-13T05:00:00Z,active,2026-09-12T14:06:39.112525+00:00
KXLOWTSDF,KXLOWTSDF-26SEP12-B70.5,Lowest Temperature SDX,KSDF,2026-09-12,between,70.0,71.0,The Weather Company,https://weather.com/kalshi,0.07,0.16,0.84,0.93,50.0,29.0,14.0,0.0,2026-09-13T05:00:00Z,active,2026-09-12T14:06:39.112525+00:00
KXLOWTSDF,KXLOWTSDF-26SEP12-B68.5,Lowest Temperature SDX,KSDF,2026-09-12,between,68.0,69.0,The Weather Company,https://weather.com/kalshi,0.0,0.99,0.01,1.0,47.0,0.0,0.0,0.0,2026-09-13T05:00:00Z,active,2026-09-12T14:06:39.112525+00:00
KXLOWTSDF,KXLOWTSDF-26SEP12-B66.5,Lowest Temperature SDX,KSDF,2026-09-12,between,66.0,67.0,The Weather Company,https://weather.com/kalshi,0.0,0.99,0.01,1.0,47.0,0.0,0.0,0.0,2026-09-13T05:00:00Z,active,2026-09-12T14:06:39.112525+00:00
KXLOWTSDF,KXLOWTSDF-26SEP12-B64.5,Lowest Temperature SDX,KSDF,2026-09-12,between,64.0,65.0,The Weather Company,https://weather.com/kalshi,0.0,0.99,0.01,1.0,47.0,0.0,0.0,0.0,2026-09-13T05:00:00Z,active,2026-09-12T14:06:39.112525+00:00
KXLOWTPHIL,KXLOWTPHIL-26SEP13-T73,Lowest temperature in Philadelphia,KPHL,2026-09-13,greater,73.0,,The Weather Company,https://weather.com/kalshi,0.3,0.39,0.61,0.7,178.77,50.0,0.0,0.0,2026-09-14T05:00:00Z,active,2026-09-12T14:06:39.112525+00:00
KXLOWTPHIL,KXLOWTPHIL-26SEP13-T66,Lowest temperature in Philadelphia,KPHL,2026-09-13,less,,66.0,The Weather Company,https://weather.com/kalshi,0.02,0.2,0.8,0.98,40.1,1.0,0.0,0.0,2026-09-14T05:00:00Z,active,2026-09-12T14:06:39.112525+00:00
KXLOWTPHIL,KXLOWTPHIL-26SEP13-B72.5,Lowest temperature in Philadelphia,KPHL,2026-09-13,between,72.0,73.0,The Weather Company,https://weather.com/kalshi,0.38,0.48,0.52,0.62,50.0,50.0,0.0,0.0,2026-09-14T05:00:00Z,active,2026-09-12T14:06:39.112525+00:00
KXLOWTPHIL,KXLOWTPHIL-26SEP13-B70.5,Lowest temperature in Philadelphia,KPHL,2026-09-13,between,70.0,71.0,The Weather Company,https://weather.com/kalshi,0.16,0.25,0.75,0.84,50.0,172.55,0.0,0.0,2026-09-14T05:00:00Z,active,2026-09-12T14:06:39.112525+00:00
KXLOWTPHIL,KXLOWTPHIL-26SEP13-B68.5,Lowest temperature in Philadelphia,KPHL,2026-09-13,between,68.0,69.0,The Weather Company,https://weather.com/kalshi,0.02,0.73,0.27,0.98,25.0,1.0,0.0,0.0,2026-09-14T05:00:00Z,active,2026-09-12T14:06:39.112525+00:00
KXLOWTPHIL,KXLOWTPHIL-26SEP13-B66.5,Lowest temperature in Philadelphia,KPHL,2026-09-13,between,66.0,67.0,The Weather Company,https://weather.com/kalshi,0.02,0.73,0.27,0.98,3.85,1.0,0.0,0.0,2026-09-14T05:00:00Z,active,2026-09-12T14:06:39.112525+00:00
KXLOWTPHIL,KXLOWTPHIL-26SEP12-T66,Lowest temperature in Philadelphia,KPHL,2026-09-12,greater,66.0,,The Weather Company,https://weather.com/kalshi,0.0,0.01,0.99,1.0,20540.5,0.0,516.36,0.0,2026-09-13T05:00:00Z,active,2026-09-12T14:06:39.112525+00:00
KXLOWTPHIL,KXLOWTPHIL-26SEP12-T59,Lowest temperature in Philadelphia,KPHL,2026-09-12,less,,59.0,The Weather Company,https://weather.com/kalshi,0.0,0.01,0.99,1.0,1219.0,0.0,37.23,0.0,2026-09-13T05:00:00Z,active,2026-09-12T14:06:39.112525+00:00
KXLOWTPHIL,KXLOWTPHIL-26SEP12-B65.5,Lowest temperature in Philadelphia,KPHL,2026-09-12,between,65.0,66.0,The Weather Company,https://weather.com/kalshi,0.96,1.0,0.0,0.04,0.0,155.0,1591.3,0.0,2026-09-13T05:00:00Z,active,2026-09-12T14:06:39.112525+00:00
KXLOWTPHIL,KXLOWTPHIL-26SEP12-B63.5,Lowest temperature in Philadelphia,KPHL,2026-09-12,between,63.0,64.0,The Weather Company,https://weather.com/kalshi,0.0,0.04,0.96,1.0,6.0,0.0,880.24,0.0,2026-09-13T05:00:00Z,active,2026-09-12T14:06:39.112525+00:00
KXLOWTPHIL,KXLOWTPHIL-26SEP12-B61.5,Lowest temperature in Philadelphia,KPHL,2026-09-12,between,61.0,62.0,The Weather Company,https://weather.com/kalshi,0.0,0.01,0.99,1.0,1151.04,0.0,124.03,0.0,2026-09-13T05:00:00Z,active,2026-09-12T14:06:39.112525+00:00
KXLOWTPHIL,KXLOWTPHIL-26SEP12-B59.5,Lowest temperature in Philadelphia,KPHL,2026-09-12,between,59.0,60.0,The Weather Company,https://weather.com/kalshi,0.0,0.02,0.98,1.0,320.0,0.0,375.03,0.0,2026-09-13T05:00:00Z,active,2026-09-12T14:06:39.112525+00:00
KXHIGHTEWR,KXHIGHTEWR-26SEP13-T86,"Newark, NJ (EWR) Daily Max Temp",KEWR,2026-09-13,greater,86.0,,The Weather Company,https://weather.com/kalshi,0.01,0.99,0.01,0.99,150.0,30.0,0.0,0.0,2026-09-14T05:00:00Z,active,2026-09-12T14:06:39.112525+00:00
KXHIGHTEWR,KXHIGHTEWR-26SEP13-T79,"Newark, NJ (EWR) Daily Max Temp",KEWR,2026-09-13,less,,79.0,The Weather Company,https://weather.com/kalshi,0.04,0.14,0.86,0.96,50.0,50.0,0.0,0.0,2026-09-14T05:00:00Z,active,2026-09-12T14:06:39.112525+00:00
KXHIGHTEWR,KXHIGHTEWR-26SEP13-B85.5,"Newark, NJ (EWR) Daily Max Temp",KEWR,2026-09-13,between,85.0,86.0,The Weather Company,https://weather.com/kalshi,0.01,0.11,0.89,0.99,50.0,148.0,0.0,0.0,2026-09-14T05:00:00Z,active,2026-09-12T14:06:39.112525+00:00
KXHIGHTEWR,KXHIGHTEWR-26SEP13-B83.5,"Newark, NJ (EWR) Daily Max Temp",KEWR,2026-09-13,between,83.0,84.0,The Weather Company,https://weather.com/kalshi,0.18,0.28,0.72,0.82,50.0,50.0,0.0,0.0,2026-09-14T05:00:00Z,active,2026-09-12T14:06:39.112525+00:00
KXHIGHTEWR,KXHIGHTEWR-26SEP13-B81.5,"Newark, NJ (EWR) Daily Max Temp",KEWR,2026-09-13,between,81.0,82.0,The Weather Company,https://weather.com/kalshi,0.31,0.41,0.59,0.69,50.0,50.0,0.0,0.0,2026-09-14T05:00:00Z,active,2026-09-12T14:06:39.112525+00:00
KXHIGHTEWR,KXHIGHTEWR-26SEP13-B79.5,"Newark, NJ (EWR) Daily Max Temp",KEWR,2026-09-13,between,79.0,80.0,The Weather Company,https://weather.com/kalshi,0.2,0.3,0.7,0.8,50.0,50.0,0.0,0.0,2026-09-14T05:00:00Z,active,2026-09-12T14:06:39.112525+00:00
KXHIGHTEWR,KXHIGHTEWR-26SEP12-T83,"Newark, NJ (EWR) Daily Max Temp",KEWR,2026-09-12,greater,83.0,,The Weather Company,https://weather.com/kalshi,0.01,0.22,0.78,0.99,26.0,26.77,27.16,0.0,2026-09-13T05:00:00Z,active,2026-09-12T14:06:39.112525+00:00
KXHIGHTEWR,KXHIGHTEWR-26SEP12-T76,"Newark, NJ (EWR) Daily Max Temp",KEWR,2026-09-12,less,,76.0,The Weather Company,https://weather.com/kalshi,0.02,0.17,0.83,0.98,10.0,3.07,31.38,0.0,2026-09-13T05:00:00Z,active,2026-09-12T14:06:39.112525+00:00
KXHIGHTEWR,KXHIGHTEWR-26SEP12-B82.5,"Newark, NJ (EWR) Daily Max Temp",KEWR,2026-09-12,between,82.0,83.0,The Weather Company,https://weather.com/kalshi,0.02,0.04,0.96,0.98,18.0,22.0,25.0,0.0,2026-09-13T05:00:00Z,active,2026-09-12T14:06:39.112525+00:00
KXHIGHTEWR,KXHIGHTEWR-26SEP12-B80.5,"Newark, NJ (EWR) Daily Max Temp",KEWR,2026-09-12,between,80.0,81.0,The Weather Company,https://weather.com/kalshi,0.49,0.59,0.41,0.51,50.0,50.0,0.0,0.0,2026-09-13T05:00:00Z,active,2026-09-12T14:06:39.112525+00:00
KXHIGHTEWR,KXHIGHTEWR-26SEP12-B78.5,"Newark, NJ (EWR) Daily Max Temp",KEWR,2026-09-12,between,78.0,79.0,The Weather Company,https://weather.com/kalshi,0.33,0.43,0.57,0.67,50.0,60.0,34.0,0.0,2026-09-13T05:00:00Z,active,2026-09-12T14:06:39.112525+00:00
KXHIGHTEWR,KXHIGHTEWR-26SEP12-B76.5,"Newark, NJ (EWR) Daily Max Temp",KEWR,2026-09-12,between,76.0,77.0,The Weather Company,https://weather.com/kalshi,0.01,0.05,0.95,0.99,1.0,45.0,54.35,0.0,2026-09-13T05:00:00Z,active,2026-09-12T14:06:39.112525+00:00
KXHIGHTLV,KXHIGHTLV-26SEP13-T98,Las Vegas Max Daily Temperature,KLAS,2026-09-13,less,,98.0,The Weather Company,https://weather.com/kalshi,0.02,0.58,0.42,0.98,18.0,14.0,0.0,0.0,2026-09-14T08:00:00Z,active,2026-09-12T14:06:39.112525+00:00
KXHIGHTLV,KXHIGHTLV-26SEP13-T105,Las Vegas Max Daily Temperature,KLAS,2026-09-13,greater,105.0,,The Weather Company,https://weather.com/kalshi,0.02,0.59,0.41,0.98,30.0,12.0,2.0,0.0,2026-09-14T08:00:00Z,active,2026-09-12T14:06:39.112525+00:00
KXHIGHTLV,KXHIGHTLV-26SEP13-B98.5,Las Vegas Max Daily Temperature,KLAS,2026-09-13,between,98.0,99.0,The Weather Company,https://weather.com/kalshi,0.03,0.53,0.47,0.97,49.0,169.0,0.0,0.0,2026-09-14T08:00:00Z,active,2026-09-12T14:06:39.112525+00:00
KXHIGHTLV,KXHIGHTLV-26SEP13-B104.5,Las Vegas Max Daily Temperature,KLAS,2026-09-13,between,104.0,105.0,The Weather Company,https://weather.com/kalshi,0.09,0.18,0.82,0.91,20.0,49.0,1.0,0.0,2026-09-14T08:00:00Z,active,2026-09-12T14:06:39.112525+00:00
KXHIGHTLV,KXHIGHTLV-26SEP13-B102.5,Las Vegas Max Daily Temperature,KLAS,2026-09-13,between,102.0,103.0,The Weather Company,https://weather.com/kalshi,0.49,0.6,0.4,0.51,15.0,57.0,2.8,0.0,2026-09-14T08:00:00Z,active,2026-09-12T14:06:39.112525+00:00
KXHIGHTLV,KXHIGHTLV-26SEP13-B100.5,Las Vegas Max Daily Temperature,KLAS,2026-09-13,between,100.0,101.0,The Weather Company,https://weather.com/kalshi,0.25,0.35,0.65,0.75,49.0,50.0,1.0,0.0,2026-09-14T08:00:00Z,active,2026-09-12T14:06:39.112525+00:00
KXHIGHTLV,KXHIGHTLV-26SEP12-T99,Las Vegas Max Daily Temperature,KLAS,2026-09-12,less,,99.0,The Weather Company,https://weather.com/kalshi,0.0,0.01,0.99,1.0,159.56,0.0,575.06,0.0,2026-09-13T08:00:00Z,active,2026-09-12T14:06:39.112525+00:00
KXHIGHTLV,KXHIGHTLV-26SEP12-T106,Las Vegas Max Daily Temperature,KLAS,2026-09-12,greater,106.0,,The Weather Company,https://weather.com/kalshi,0.0,0.01,0.99,1.0,283.57,0.0,530.94,0.0,2026-09-13T08:00:00Z,active,2026-09-12T14:06:39.112525+00:00
KXHIGHTLV,KXHIGHTLV-26SEP12-B99.5,Las Vegas Max Daily Temperature,KLAS,2026-09-12,between,99.0,100.0,The Weather Company,https://weather.com/kalshi,0.02,0.03,0.97,0.98,47.0,19.0,370.05,0.0,2026-09-13T08:00:00Z,active,2026-09-12T14:06:39.112525+00:00
KXHIGHTLV,KXHIGHTLV-26SEP12-B105.5,Las Vegas Max Daily Temperature,KLAS,2026-09-12,between,105.0,106.0,The Weather Company,https://weather.com/kalshi,0.01,0.03,0.97,0.99,10.0,1108.55,784.79,0.0,2026-09-13T08:00:00Z,active,2026-09-12T14:06:39.112525+00:00
KXHIGHTLV,KXHIGHTLV-26SEP12-B103.5,Las Vegas Max Daily Temperature,KLAS,2026-09-12,between,103.0,104.0,The Weather Company,https://weather.com/kalshi,0.55,0.56,0.44,0.45,4.0,17.0,1503.02,0.0,2026-09-13T08:00:00Z,active,2026-09-12T14:06:39.112525+00:00
KXHIGHTLV,KXHIGHTLV-26SEP12-B101.5,Las Vegas Max Daily Temperature,KLAS,2026-09-12,between,101.0,102.0,The Weather Company,https://weather.com/kalshi,0.41,0.44,0.56,0.59,4.27,1.0,1794.9,0.0,2026-09-13T08:00:00Z,active,2026-09-12T14:06:39.112525+00:00
KXHIGHTTTN,KXHIGHTTTN-26SEP13-T86,"Trenton, NJ Daily Max Temp",KTTN,2026-09-13,greater,86.0,,The Weather Company,https://weather.com/kalshi,0.01,0.99,0.01,0.99,150.0,30.0,0.0,0.0,2026-09-14T05:00:00Z,active,2026-09-12T14:06:39.112525+00:00
KXHIGHTTTN,KXHIGHTTTN-26SEP13-T79,"Trenton, NJ Daily Max Temp",KTTN,2026-09-13,less,,79.0,The Weather Company,https://weather.com/kalshi,0.01,0.99,0.01,0.99,200.0,98.0,0.0,0.0,2026-09-14T05:00:00Z,active,2026-09-12T14:06:39.112525+00:00
KXHIGHTTTN,KXHIGHTTTN-26SEP13-B85.5,"Trenton, NJ Daily Max Temp",KTTN,2026-09-13,between,85.0,86.0,The Weather Company,https://weather.com/kalshi,0.01,0.99,0.01,0.99,200.0,98.0,0.0,0.0,2026-09-14T05:00:00Z,active,2026-09-12T14:06:39.112525+00:00
KXHIGHTTTN,KXHIGHTTTN-26SEP13-B83.5,"Trenton, NJ Daily Max Temp",KTTN,2026-09-13,between,83.0,84.0,The Weather Company,https://weather.com/kalshi,0.2,0.3,0.7,0.8,50.0,50.0,0.0,0.0,2026-09-14T05:00:00Z,active,2026-09-12T14:06:39.112525+00:00
KXHIGHTTTN,KXHIGHTTTN-26SEP13-B81.5,"Trenton, NJ Daily Max Temp",KTTN,2026-09-13,between,81.0,82.0,The Weather Company,https://weather.com/kalshi,0.4,0.5,0.5,0.6,50.0,50.0,0.0,0.0,2026-09-14T05:00:00Z,active,2026-09-12T14:06:39.112525+00:00
KXHIGHTTTN,KXHIGHTTTN-26SEP13-B79.5,"Trenton, NJ Daily Max Temp",KTTN,2026-09-13,between,79.0,80.0,The Weather Company,https://weather.com/kalshi,0.18,0.28,0.72,0.82,50.0,50.0,0.0,0.0,2026-09-14T05:00:00Z,active,2026-09-12T14:06:39.112525+00:00
KXHIGHTTTN,KXHIGHTTTN-26SEP12-T85,"Trenton, NJ Daily Max Temp",KTTN,2026-09-12,greater,85.0,,The Weather Company,https://weather.com/kalshi,0.01,0.2,0.8,0.99,4.0,29.89,22.11,0.0,2026-09-13T05:00:00Z,active,2026-09-12T14:06:39.112525+00:00
KXHIGHTTTN,KXHIGHTTTN-26SEP12-T78,"Trenton, NJ Daily Max Temp",KTTN,2026-09-12,less,,78.0,The Weather Company,https://weather.com/kalshi,0.03,0.19,0.81,0.97,30.69,3.07,27.38,0.0,2026-09-13T05:00:00Z,active,2026-09-12T14:06:39.112525+00:00
KXHIGHTTTN,KXHIGHTTTN-26SEP12-B84.5,"Trenton, NJ Daily Max Temp",KTTN,2026-09-12,between,84.0,85.0,The Weather Company,https://weather.com/kalshi,0.04,0.14,0.86,0.96,73.25,97.0,0.0,0.0,2026-09-13T05:00:00Z,active,2026-09-12T14:06:39.112525+00:00
KXHIGHTTTN,KXHIGHTTTN-26SEP12-B82.5,"Trenton, NJ Daily Max Temp",KTTN,2026-09-12,between,82.0,83.0,The Weather Company,https://weather.com/kalshi,0.51,0.61,0.39,0.49,60.15,50.0,4.0,0.0,2026-09-13T05:00:00Z,active,2026-09-12T14:06:39.112525+00:00
KXHIGHTTTN,KXHIGHTTTN-26SEP12-B80.5,"Trenton, NJ Daily Max Temp",KTTN,2026-09-12,between,80.0,81.0,The Weather Company,https://weather.com/kalshi,0.26,0.35,0.65,0.74,46.35,10.0,60.3,0.0,2026-09-13T05:00:00Z,active,2026-09-12T14:06:39.112525+00:00
KXHIGHTTTN,KXHIGHTTTN-26SEP12-B78.5,"Trenton, NJ Daily Max Temp",KTTN,2026-09-12,between,78.0,79.0,The Weather Company,https://weather.com/kalshi,0.02,0.2,0.8,0.98,25.0,8.23,27.77,0.0,2026-09-13T05:00:00Z,active,2026-09-12T14:06:39.112525+00:00
KXLOWTOKC,KXLOWTOKC-26SEP13-T76,Low Temperature Oklahoma City,KOKC,2026-09-13,greater,76.0,,The Weather Company,https://weather.com/kalshi,0.07,0.17,0.83,0.93,50.0,50.0,0.0,0.0,2026-09-14T06:00:00Z,active,2026-09-12T14:06:39.112525+00:00
KXLOWTOKC,KXLOWTOKC-26SEP13-T69,Low Temperature Oklahoma City,KOKC,2026-09-13,less,,69.0,The Weather Company,https://weather.com/kalshi,0.02,0.63,0.37,0.98,2.32,28.0,0.0,0.0,2026-09-14T06:00:00Z,active,2026-09-12T14:06:39.112525+00:00
KXLOWTOKC,KXLOWTOKC-26SEP13-B75.5,Low Temperature Oklahoma City,KOKC,2026-09-13,between,75.0,76.0,The Weather Company,https://weather.com/kalshi,0.16,0.26,0.74,0.84,50.0,78.45,0.0,0.0,2026-09-14T06:00:00Z,active,2026-09-12T14:06:39.112525+00:00
KXLOWTOKC,KXLOWTOKC-26SEP13-B73.5,Low Temperature Oklahoma City,KOKC,2026-09-13,between,73.0,74.0,The Weather Company,https://weather.com/kalshi,0.25,0.34,0.66,0.75,50.0,54.0,0.0,0.0,2026-09-14T06:00:00Z,active,2026-09-12T14:06:39.112525+00:00
KXLOWTOKC,KXLOWTOKC-26SEP13-B71.5,Low Temperature Oklahoma City,KOKC,2026-09-13,between,71.0,72.0,The Weather Company,https://weather.com/kalshi,0.18,0.28,0.72,0.82,50.0,50.0,0.0,0.0,2026-09-14T06:00:00Z,active,2026-09-12T14:06:39.112525+00:00
KXLOWTOKC,KXLOWTOKC-26SEP13-B69.5,Low Temperature Oklahoma City,KOKC,2026-09-13,between,69.0,70.0,The Weather Company,https://weather.com/kalshi,0.06,0.15,0.85,0.94,30.0,50.0,0.0,0.0,2026-09-14T06:00:00Z,active,2026-09-12T14:06:39.112525+00:00
KXLOWTOKC,KXLOWTOKC-26SEP12-T73,Low Temperature Oklahoma City,KOKC,2026-09-12,greater,73.0,,The Weather Company,https://weather.com/kalshi,0.0,0.01,0.99,1.0,20016.56,0.0,1505.44,0.0,2026-09-13T06:00:00Z,active,2026-09-12T14:06:39.112525+00:00
KXLOWTOKC,KXLOWTOKC-26SEP12-T66,Low Temperature Oklahoma City,KOKC,2026-09-12,less,,66.0,The Weather Company,https://weather.com/kalshi,0.0,0.05,0.95,1.0,5.0,0.0,136.0,0.0,2026-09-13T06:00:00Z,active,2026-09-12T14:06:39.112525+00:00
KXLOWTOKC,KXLOWTOKC-26SEP12-B72.5,Low Temperature Oklahoma City,KOKC,2026-09-12,between,72.0,73.0,The Weather Company,https://weather.com/kalshi,0.88,0.91,0.09,0.12,1.0,50.0,965.92,0.0,2026-09-13T06:00:00Z,active,2026-09-12T14:06:39.112525+00:00
KXLOWTOKC,KXLOWTOKC-26SEP12-B70.5,Low Temperature Oklahoma City,KOKC,2026-09-12,between,70.0,71.0,The Weather Company,https://weather.com/kalshi,0.02,0.1,0.9,0.98,6.0,89.0,833.71,0.0,2026-09-13T06:00:00Z,active,2026-09-12T14:06:39.112525+00:00
KXLOWTOKC,KXLOWTOKC-26SEP12-B68.5,Low Temperature Oklahoma City,KOKC,2026-09-12,between,68.0,69.0,The Weather Company,https://weather.com/kalshi,0.01,0.07,0.93,0.99,4.0,9.0,98.05,0.0,2026-09-13T06:00:00Z,active,2026-09-12T14:06:39.112525+00:00
KXLOWTOKC,KXLOWTOKC-26SEP12-B66.5,Low Temperature Oklahoma City,KOKC,2026-09-12,between,66.0,67.0,The Weather Company,https://weather.com/kalshi,0.01,0.04,0.96,0.99,11.0,31.0,145.0,0.0,2026-09-13T06:00:00Z,active,2026-09-12T14:06:39.112525+00:00
KXHIGHCHI,KXHIGHCHI-26SEP13-T79,Highest temperature in Chicago,KMDW,2026-09-13,greater,79.0,,The Weather Company,https://weather.com/kalshi,0.02,0.05,0.95,0.98,57.0,25.0,264.0,0.0,2026-09-14T06:00:00Z,active,2026-09-12T14:06:39.112525+00:00
KXHIGHCHI,KXHIGHCHI-26SEP13-T72,Highest temperature in Chicago,KMDW,2026-09-13,less,,72.0,The Weather Company,https://weather.com/kalshi,0.03,0.04,0.96,0.97,93.0,400.0,10.0,0.0,2026-09-14T06:00:00Z,active,2026-09-12T14:06:39.112525+00:00
KXHIGHCHI,KXHIGHCHI-26SEP13-B78.5,Highest temperature in Chicago,KMDW,2026-09-13,between,78.0,79.0,The Weather Company,https://weather.com/kalshi,0.06,0.08,0.92,0.94,100.0,124.0,4.0,0.0,2026-09-14T06:00:00Z,active,2026-09-12T14:06:39.112525+00:00
KXHIGHCHI,KXHIGHCHI-26SEP13-B76.5,Highest temperature in Chicago,KMDW,2026-09-13,between,76.0,77.0,The Weather Company,https://weather.com/kalshi,0.29,0.35,0.65,0.71,33.0,54.0,79.0,0.0,2026-09-14T06:00:00Z,active,2026-09-12T14:06:39.112525+00:00
KXHIGHCHI,KXHIGHCHI-26SEP13-B74.5,Highest temperature in Chicago,KMDW,2026-09-13,between,74.0,75.0,The Weather Company,https://weather.com/kalshi,0.32,0.37,0.63,0.68,16.0,4.0,22.0,0.0,2026-09-14T06:00:00Z,active,2026-09-12T14:06:39.112525+00:00
KXHIGHCHI,KXHIGHCHI-26SEP13-B72.5,Highest temperature in Chicago,KMDW,2026-09-13,between,72.0,73.0,The Weather Company,https://weather.com/kalshi,0.15,0.2,0.8,0.85,4.0,25.0,0.0,0.0,2026-09-14T06:00:00Z,active,2026-09-12T14:06:39.112525+00:00
KXHIGHCHI,KXHIGHCHI-26SEP12-T91,Highest temperature in Chicago,KMDW,2026-09-12,greater,91.0,,The Weather Company,https://weather.com/kalshi,0.0,0.01,0.99,1.0,969.17,0.0,1103.49,0.0,2026-09-13T06:00:00Z,active,2026-09-12T14:06:39.112525+00:00
KXHIGHCHI,KXHIGHCHI-26SEP12-T84,Highest temperature in Chicago,KMDW,2026-09-12,less,,84.0,The Weather Company,https://weather.com/kalshi,0.03,0.04,0.96,0.97,37.0,85.0,2171.19,0.0,2026-09-13T06:00:00Z,active,2026-09-12T14:06:39.112525+00:00
KXHIGHCHI,KXHIGHCHI-26SEP12-B90.5,Highest temperature in Chicago,KMDW,2026-09-12,between,90.0,91.0,The Weather Company,https://weather.com/kalshi,0.01,0.02,0.98,0.99,194.0,4.12,1591.84,0.0,2026-09-13T06:00:00Z,active,2026-09-12T14:06:39.112525+00:00
KXHIGHCHI,KXHIGHCHI-26SEP12-B88.5,Highest temperature in Chicago,KMDW,2026-09-12,between,88.0,89.0,The Weather Company,https://weather.com/kalshi,0.19,0.2,0.8,0.81,38.0,43.79,6241.06,0.0,2026-09-13T06:00:00Z,active,2026-09-12T14:06:39.112525+00:00
KXHIGHCHI,KXHIGHCHI-26SEP12-B86.5,Highest temperature in Chicago,KMDW,2026-09-12,between,86.0,87.0,The Weather Company,https://weather.com/kalshi,0.6,0.61,0.39,0.4,74.0,51.0,2965.53,0.0,2026-09-13T06:00:00Z,active,2026-09-12T14:06:39.112525+00:00
KXHIGHCHI,KXHIGHCHI-26SEP12-B84.5,Highest temperature in Chicago,KMDW,2026-09-12,between,84.0,85.0,The Weather Company,https://weather.com/kalshi,0.17,0.19,0.81,0.83,13.0,61.0,3434.74,0.0,2026-09-13T06:00:00Z,active,2026-09-12T14:06:39.112525+00:00
KXHIGHAUS,KXHIGHAUS-26SEP13-T97,Highest temperature in Austin,KAUS,2026-09-13,less,,97.0,The Weather Company,https://weather.com/kalshi,0.03,0.08,0.92,0.97,54.24,4.0,0.0,0.0,2026-09-14T06:00:00Z,active,2026-09-12T14:06:39.112525+00:00
KXHIGHAUS,KXHIGHAUS-26SEP13-T104,Highest temperature in Austin,KAUS,2026-09-13,greater,104.0,,The Weather Company,https://weather.com/kalshi,0.0,0.01,0.99,1.0,844.0,0.0,476.0,0.0,2026-09-14T06:00:00Z,active,2026-09-12T14:06:39.112525+00:00
KXHIGHAUS,KXHIGHAUS-26SEP13-B99.5,Highest temperature in Austin,KAUS,2026-09-13,between,99.0,100.0,The Weather Company,https://weather.com/kalshi,0.28,0.34,0.66,0.72,4.0,50.0,149.39,0.0,2026-09-14T06:00:00Z,active,2026-09-12T14:06:39.112525+00:00
KXHIGHAUS,KXHIGHAUS-26SEP13-B97.5,Highest temperature in Austin,KAUS,2026-09-13,between,97.0,98.0,The Weather Company,https://weather.com/kalshi,0.03,0.08,0.92,0.97,54.0,169.0,0.0,0.0,2026-09-14T06:00:00Z,active,2026-09-12T14:06:39.112525+00:00
KXHIGHAUS,KXHIGHAUS-26SEP13-B103.5,Highest temperature in Austin,KAUS,2026-09-13,between,103.0,104.0,The Weather Company,https://weather.com/kalshi,0.1,0.18,0.82,0.9,4.0,221.0,17.0,0.0,2026-09-14T06:00:00Z,active,2026-09-12T14:06:39.112525+00:00
KXHIGHAUS,KXHIGHAUS-26SEP13-B101.5,Highest temperature in Austin,KAUS,2026-09-13,between,101.0,102.0,The Weather Company,https://weather.com/kalshi,0.44,0.53,0.47,0.56,4.0,50.0,10.0,0.0,2026-09-14T06:00:00Z,active,2026-09-12T14:06:39.112525+00:00
KXHIGHAUS,KXHIGHAUS-26SEP12-T99,Highest temperature in Austin,KAUS,2026-09-12,less,,99.0,The Weather Company,https://weather.com/kalshi,0.03,0.11,0.89,0.97,38.0,5.0,4627.11,0.0,2026-09-13T06:00:00Z,active,2026-09-12T14:06:39.112525+00:00
KXHIGHAUS,KXHIGHAUS-26SEP12-T106,Highest temperature in Austin,KAUS,2026-09-12,greater,106.0,,The Weather Company,https://weather.com/kalshi,0.0,0.01,0.99,1.0,867.86,0.0,685.06,0.0,2026-09-13T06:00:00Z,active,2026-09-12T14:06:39.112525+00:00
KXHIGHAUS,KXHIGHAUS-26SEP12-B99.5,Highest temperature in Austin,KAUS,2026-09-12,between,99.0,100.0,The Weather Company,https://weather.com/kalshi,0.03,0.04,0.96,0.97,28.0,36.0,3818.14,0.0,2026-09-13T06:00:00Z,active,2026-09-12T14:06:39.112525+00:00
KXHIGHAUS,KXHIGHAUS-26SEP12-B105.5,Highest temperature in Austin,KAUS,2026-09-12,between,105.0,106.0,The Weather Company,https://weather.com/kalshi,0.0,0.07,0.93,1.0,5.3,0.0,2205.98,0.0,2026-09-13T06:00:00Z,active,2026-09-12T14:06:39.112525+00:00
KXHIGHAUS,KXHIGHAUS-26SEP12-B103.5,Highest temperature in Austin,KAUS,2026-09-12,between,103.0,104.0,The Weather Company,https://weather.com/kalshi,0.43,0.47,0.53,0.57,69.31,8.0,7237.09,0.0,2026-09-13T06:00:00Z,active,2026-09-12T14:06:39.112525+00:00
KXHIGHAUS,KXHIGHAUS-26SEP12-B101.5,Highest temperature in Austin,KAUS,2026-09-12,between,101.0,102.0,The Weather Company,https://weather.com/kalshi,0.49,0.5,0.5,0.51,37.0,29.03,3427.36,0.0,2026-09-13T06:00:00Z,active,2026-09-12T14:06:39.112525+00:00
KXLOWTPHX,KXLOWTPHX-26SEP13-T87,Low Temperature Phoenix,KPHX,2026-09-13,greater,87.0,,The Weather Company,https://weather.com/kalshi,0.23,0.29,0.71,0.77,2.14,6.0,197.0,0.0,2026-09-14T07:00:00Z,active,2026-09-12T14:06:39.112525+00:00
KXLOWTPHX,KXLOWTPHX-26SEP13-T80,Low Temperature Phoenix,KPHX,2026-09-13,less,,80.0,The Weather Company,https://weather.com/kalshi,0.0,0.01,0.99,1.0,13.0,0.0,0.0,0.0,2026-09-14T07:00:00Z,active,2026-09-12T14:06:39.112525+00:00
KXLOWTPHX,KXLOWTPHX-26SEP13-B86.5,Low Temperature Phoenix,KPHX,2026-09-13,between,86.0,87.0,The Weather Company,https://weather.com/kalshi,0.14,0.21,0.79,0.86,6.0,10.0,0.0,0.0,2026-09-14T07:00:00Z,active,2026-09-12T14:06:39.112525+00:00
KXLOWTPHX,KXLOWTPHX-26SEP13-B84.5,Low Temperature Phoenix,KPHX,2026-09-13,between,84.0,85.0,The Weather Company,https://weather.com/kalshi,0.27,0.33,0.67,0.73,6.0,1.45,45.0,0.0,2026-09-14T07:00:00Z,active,2026-09-12T14:06:39.112525+00:00
KXLOWTPHX,KXLOWTPHX-26SEP13-B82.5,Low Temperature Phoenix,KPHX,2026-09-13,between,82.0,83.0,The Weather Company,https://weather.com/kalshi,0.1,0.19,0.81,0.9,6.0,50.0,0.0,0.0,2026-09-14T07:00:00Z,active,2026-09-12T14:06:39.112525+00:00
KXLOWTPHX,KXLOWTPHX-26SEP13-B80.5,Low Temperature Phoenix,KPHX,2026-09-13,between,80.0,81.0,The Weather Company,https://weather.com/kalshi,0.03,0.11,0.89,0.97,6.0,50.0,4.0,0.0,2026-09-14T07:00:00Z,active,2026-09-12T14:06:39.112525+00:00
KXLOWTPHX,KXLOWTPHX-26SEP12-T86,Low Temperature Phoenix,KPHX,2026-09-12,greater,86.0,,The Weather Company,https://weather.com/kalshi,0.0,0.01,0.99,1.0,26484.93,0.0,3038.86,0.0,2026-09-13T07:00:00Z,active,2026-09-12T14:06:39.112525+00:00
KXLOWTPHX,KXLOWTPHX-26SEP12-T79,Low Temperature Phoenix,KPHX,2026-09-12,less,,79.0,The Weather Company,https://weather.com/kalshi,0.02,0.03,0.97,0.98,58.0,0.99,840.94,0.0,2026-09-13T07:00:00Z,active,2026-09-12T14:06:39.112525+00:00
KXLOWTPHX,KXLOWTPHX-26SEP12-B85.5,Low Temperature Phoenix,KPHX,2026-09-12,between,85.0,86.0,The Weather Company,https://weather.com/kalshi,0.5,0.93,0.07,0.5,43.0,3.35,2117.38,0.0,2026-09-13T07:00:00Z,active,2026-09-12T14:06:39.112525+00:00
KXLOWTPHX,KXLOWTPHX-26SEP12-B83.5,Low Temperature Phoenix,KPHX,2026-09-12,between,83.0,84.0,The Weather Company,https://weather.com/kalshi,0.13,0.21,0.79,0.87,1.0,45.99,1728.78,0.0,2026-09-13T07:00:00Z,active,2026-09-12T14:06:39.112525+00:00
KXLOWTPHX,KXLOWTPHX-26SEP12-B81.5,Low Temperature Phoenix,KPHX,2026-09-12,between,81.0,82.0,The Weather Company,https://weather.com/kalshi,0.02,0.05,0.95,0.98,54.0,0.99,659.49,0.0,2026-09-13T07:00:00Z,active,2026-09-12T14:06:39.112525+00:00
KXLOWTPHX,KXLOWTPHX-26SEP12-B79.5,Low Temperature Phoenix,KPHX,2026-09-12,between,79.0,80.0,The Weather Company,https://weather.com/kalshi,0.01,0.02,0.98,0.99,4.0,0.99,1332.85,0.0,2026-09-13T07:00:00Z,active,2026-09-12T14:06:39.112525+00:00
KXHIGHTHOU,KXHIGHTHOU-26SEP13-T98,Daily High Temperature Houston,KHOU,2026-09-13,greater,98.0,,The Weather Company,https://weather.com/kalshi,0.01,0.03,0.97,0.99,2.24,144.0,2.0,0.0,2026-09-14T06:00:00Z,active,2026-09-12T14:06:39.112525+00:00
KXHIGHTHOU,KXHIGHTHOU-26SEP13-T91,Daily High Temperature Houston,KHOU,2026-09-13,less,,91.0,The Weather Company,https://weather.com/kalshi,0.06,0.1,0.9,0.94,11.0,50.0,3.0,0.0,2026-09-14T06:00:00Z,active,2026-09-12T14:06:39.112525+00:00
KXHIGHTHOU,KXHIGHTHOU-26SEP13-B97.5,Daily High Temperature Houston,KHOU,2026-09-13,between,97.0,98.0,The Weather Company,https://weather.com/kalshi,0.02,0.1,0.9,0.98,10.0,139.0,4.0,0.0,2026-09-14T06:00:00Z,active,2026-09-12T14:06:39.112525+00:00
KXHIGHTHOU,KXHIGHTHOU-26SEP13-B95.5,Daily High Temperature Houston,KHOU,2026-09-13,between,95.0,96.0,The Weather Company,https://weather.com/kalshi,0.21,0.3,0.7,0.79,6.0,72.0,59.0,0.0,2026-09-14T06:00:00Z,active,2026-09-12T14:06:39.112525+00:00
KXHIGHTHOU,KXHIGHTHOU-26SEP13-B93.5,Daily High Temperature Houston,KHOU,2026-09-13,between,93.0,94.0,The Weather Company,https://weather.com/kalshi,0.28,0.35,0.65,0.72,6.0,2.0,0.0,0.0,2026-09-14T06:00:00Z,active,2026-09-12T14:06:39.112525+00:00
KXHIGHTHOU,KXHIGHTHOU-26SEP13-B91.5,Daily High Temperature Houston,KHOU,2026-09-13,between,91.0,92.0,The Weather Company,https://weather.com/kalshi,0.23,0.31,0.69,0.77,119.0,2.0,0.0,0.0,2026-09-14T06:00:00Z,active,2026-09-12T14:06:39.112525+00:00
KXHIGHTHOU,KXHIGHTHOU-26SEP12-T98,Daily High Temperature Houston,KHOU,2026-09-12,greater,98.0,,The Weather Company,https://weather.com/kalshi,0.02,0.03,0.97,0.98,6.0,149.0,816.82,0.0,2026-09-13T06:00:00Z,active,2026-09-12T14:06:39.112525+00:00
KXHIGHTHOU,KXHIGHTHOU-26SEP12-T91,Daily High Temperature Houston,KHOU,2026-09-12,less,,91.0,The Weather Company,https://weather.com/kalshi,0.0,0.02,0.98,1.0,127.0,0.0,760.31,0.0,2026-09-13T06:00:00Z,active,2026-09-12T14:06:39.112525+00:00
KXHIGHTHOU,KXHIGHTHOU-26SEP12-B97.5,Daily High Temperature Houston,KHOU,2026-09-12,between,97.0,98.0,The Weather Company,https://weather.com/kalshi,0.15,0.18,0.82,0.85,1.0,100.0,2158.34,0.0,2026-09-13T06:00:00Z,active,2026-09-12T14:06:39.112525+00:00
KXHIGHTHOU,KXHIGHTHOU-26SEP12-B95.5,Daily High Temperature Houston,KHOU,2026-09-12,between,95.0,96.0,The Weather Company,https://weather.com/kalshi,0.59,0.61,0.39,0.41,65.0,16.0,1429.87,0.0,2026-09-13T06:00:00Z,active,2026-09-12T14:06:39.112525+00:00
KXHIGHTHOU,KXHIGHTHOU-26SEP12-B93.5,Daily High Temperature Houston,KHOU,2026-09-12,between,93.0,94.0,The Weather Company,https://weather.com/kalshi,0.18,0.21,0.79,0.82,0.01,2.0,925.87,0.0,2026-09-13T06:00:00Z,active,2026-09-12T14:06:39.112525+00:00
KXHIGHTHOU,KXHIGHTHOU-26SEP12-B91.5,Daily High Temperature Houston,KHOU,2026-09-12,between,91.0,92.0,The Weather Company,https://weather.com/kalshi,0.02,0.04,0.96,0.98,43.0,167.73,329.64,0.0,2026-09-13T06:00:00Z,active,2026-09-12T14:06:39.112525+00:00
KXHIGHTDAL,KXHIGHTDAL-26SEP13-T98,Dallas Maximum Temperature,KDFW,2026-09-13,less,,98.0,The Weather Company,https://weather.com/kalshi,0.09,0.19,0.81,0.91,2.0,2.0,4.0,0.0,2026-09-14T06:00:00Z,active,2026-09-12T14:06:39.112525+00:00
KXHIGHTDAL,KXHIGHTDAL-26SEP13-T105,Dallas Maximum Temperature,KDFW,2026-09-13,greater,105.0,,The Weather Company,https://weather.com/kalshi,0.01,0.02,0.98,0.99,3.24,163.87,159.13,0.0,2026-09-14T06:00:00Z,active,2026-09-12T14:06:39.112525+00:00
KXHIGHTDAL,KXHIGHTDAL-26SEP13-B98.5,Dallas Maximum Temperature,KDFW,2026-09-13,between,98.0,99.0,The Weather Company,https://weather.com/kalshi,0.14,0.19,0.81,0.86,6.0,50.0,278.0,0.0,2026-09-14T06:00:00Z,active,2026-09-12T14:06:39.112525+00:00
KXHIGHTDAL,KXHIGHTDAL-26SEP13-B104.5,Dallas Maximum Temperature,KDFW,2026-09-13,between,104.0,105.0,The Weather Company,https://weather.com/kalshi,0.05,0.14,0.86,0.95,31.0,50.0,17.0,0.0,2026-09-14T06:00:00Z,active,2026-09-12T14:06:39.112525+00:00
KXHIGHTDAL,KXHIGHTDAL-26SEP13-B102.5,Dallas Maximum Temperature,KDFW,2026-09-13,between,102.0,103.0,The Weather Company,https://weather.com/kalshi,0.27,0.35,0.65,0.73,33.0,289.0,51.0,0.0,2026-09-14T06:00:00Z,active,2026-09-12T14:06:39.112525+00:00
KXHIGHTDAL,KXHIGHTDAL-26SEP13-B100.5,Dallas Maximum Temperature,KDFW,2026-09-13,between,100.0,101.0,The Weather Company,https://weather.com/kalshi,0.3,0.39,0.61,0.7,2.0,50.0,2.0,0.0,2026-09-14T06:00:00Z,active,2026-09-12T14:06:39.112525+00:00
KXHIGHTDAL,KXHIGHTDAL-26SEP12-T99,Dallas Maximum Temperature,KDFW,2026-09-12,less,,99.0,The Weather Company,https://weather.com/kalshi,0.03,0.08,0.92,0.97,16.0,208.0,1880.3,0.0,2026-09-13T06:00:00Z,active,2026-09-12T14:06:39.112525+00:00
KXHIGHTDAL,KXHIGHTDAL-26SEP12-T106,Dallas Maximum Temperature,KDFW,2026-09-12,greater,106.0,,The Weather Company,https://weather.com/kalshi,0.0,0.01,0.99,1.0,691.0,0.0,1288.24,0.0,2026-09-13T06:00:00Z,active,2026-09-12T14:06:39.112525+00:00
KXHIGHTDAL,KXHIGHTDAL-26SEP12-B99.5,Dallas Maximum Temperature,KDFW,2026-09-12,between,99.0,100.0,The Weather Company,https://weather.com/kalshi,0.25,0.29,0.71,0.75,38.0,27.14,5482.91,0.0,2026-09-13T06:00:00Z,active,2026-09-12T14:06:39.112525+00:00
KXHIGHTDAL,KXHIGHTDAL-26SEP12-B105.5,Dallas Maximum Temperature,KDFW,2026-09-12,between,105.0,106.0,The Weather Company,https://weather.com/kalshi,0.01,0.03,0.97,0.99,10.0,891.83,1863.29,0.0,2026-09-13T06:00:00Z,active,2026-09-12T14:06:39.112525+00:00
KXHIGHTDAL,KXHIGHTDAL-26SEP12-B103.5,Dallas Maximum Temperature,KDFW,2026-09-12,between,103.0,104.0,The Weather Company,https://weather.com/kalshi,0.11,0.13,0.87,0.89,4.1,193.03,5456.44,0.0,2026-09-13T06:00:00Z,active,2026-09-12T14:06:39.112525+00:00
KXHIGHTDAL,KXHIGHTDAL-26SEP12-B101.5,Dallas Maximum Temperature,KDFW,2026-09-12,between,101.0,102.0,The Weather Company,https://weather.com/kalshi,0.56,0.59,0.41,0.44,32.18,10.0,2698.36,0.0,2026-09-13T06:00:00Z,active,2026-09-12T14:06:39.112525+00:00
KXHIGHTNOLA,KXHIGHTNOLA-26SEP13-T95,New Orleans Max temp Daily,KMSY,2026-09-13,greater,95.0,,The Weather Company,https://weather.com/kalshi,0.02,0.1,0.9,0.98,15.0,14.0,0.0,0.0,2026-09-14T06:00:00Z,active,2026-09-12T14:06:39.112525+00:00
KXHIGHTNOLA,KXHIGHTNOLA-26SEP13-T88,New Orleans Max temp Daily,KMSY,2026-09-13,less,,88.0,The Weather Company,https://weather.com/kalshi,0.02,0.04,0.96,0.98,15.0,14.0,0.0,0.0,2026-09-14T06:00:00Z,active,2026-09-12T14:06:39.112525+00:00
KXHIGHTNOLA,KXHIGHTNOLA-26SEP13-B94.5,New Orleans Max temp Daily,KMSY,2026-09-13,between,94.0,95.0,The Weather Company,https://weather.com/kalshi,0.09,0.18,0.82,0.91,109.0,50.0,0.0,0.0,2026-09-14T06:00:00Z,active,2026-09-12T14:06:39.112525+00:00
KXHIGHTNOLA,KXHIGHTNOLA-26SEP13-B92.5,New Orleans Max temp Daily,KMSY,2026-09-13,between,92.0,93.0,The Weather Company,https://weather.com/kalshi,0.29,0.39,0.61,0.71,50.0,50.0,0.0,0.0,2026-09-14T06:00:00Z,active,2026-09-12T14:06:39.112525+00:00
KXHIGHTNOLA,KXHIGHTNOLA-26SEP13-B90.5,New Orleans Max temp Daily,KMSY,2026-09-13,between,90.0,91.0,The Weather Company,https://weather.com/kalshi,0.3,0.39,0.61,0.7,50.0,114.0,0.0,0.0,2026-09-14T06:00:00Z,active,2026-09-12T14:06:39.112525+00:00
KXHIGHTNOLA,KXHIGHTNOLA-26SEP13-B88.5,New Orleans Max temp Daily,KMSY,2026-09-13,between,88.0,89.0,The Weather Company,https://weather.com/kalshi,0.08,0.18,0.82,0.92,50.0,50.0,0.0,0.0,2026-09-14T06:00:00Z,active,2026-09-12T14:06:39.112525+00:00
KXHIGHTNOLA,KXHIGHTNOLA-26SEP12-T94,New Orleans Max temp Daily,KMSY,2026-09-12,greater,94.0,,The Weather Company,https://weather.com/kalshi,0.0,0.02,0.98,1.0,2.0,0.0,412.0,0.0,2026-09-13T06:00:00Z,active,2026-09-12T14:06:39.112525+00:00
KXHIGHTNOLA,KXHIGHTNOLA-26SEP12-T87,New Orleans Max temp Daily,KMSY,2026-09-12,less,,87.0,The Weather Company,https://weather.com/kalshi,0.01,0.03,0.97,0.99,12.0,462.0,151.76,0.0,2026-09-13T06:00:00Z,active,2026-09-12T14:06:39.112525+00:00
KXHIGHTNOLA,KXHIGHTNOLA-26SEP12-B93.5,New Orleans Max temp Daily,KMSY,2026-09-12,between,93.0,94.0,The Weather Company,https://weather.com/kalshi,0.07,0.09,0.91,0.93,18.0,32.48,543.43,0.0,2026-09-13T06:00:00Z,active,2026-09-12T14:06:39.112525+00:00
KXHIGHTNOLA,KXHIGHTNOLA-26SEP12-B91.5,New Orleans Max temp Daily,KMSY,2026-09-12,between,91.0,92.0,The Weather Company,https://weather.com/kalshi,0.43,0.44,0.56,0.57,4.0,23.05,646.77,0.0,2026-09-13T06:00:00Z,active,2026-09-12T14:06:39.112525+00:00
KXHIGHTNOLA,KXHIGHTNOLA-26SEP12-B89.5,New Orleans Max temp Daily,KMSY,2026-09-12,between,89.0,90.0,The Weather Company,https://weather.com/kalshi,0.34,0.35,0.65,0.66,13.0,4.0,580.95,0.0,2026-09-13T06:00:00Z,active,2026-09-12T14:06:39.112525+00:00
KXHIGHTNOLA,KXHIGHTNOLA-26SEP12-B87.5,New Orleans Max temp Daily,KMSY,2026-09-12,between,87.0,88.0,The Weather Company,https://weather.com/kalshi,0.04,0.05,0.95,0.96,19.63,281.0,537.96,0.0,2026-09-13T06:00:00Z,active,2026-09-12T14:06:39.112525+00:00
KXLOWTLV,KXLOWTLV-26SEP13-T81,Las Vegas Daily Low Temperature,KLAS,2026-09-13,greater,81.0,,The Weather Company,https://weather.com/kalshi,0.72,0.74,0.26,0.28,30.0,65.0,0.0,0.0,2026-09-14T08:00:00Z,active,2026-09-12T14:06:39.112525+00:00
KXLOWTLV,KXLOWTLV-26SEP13-T74,Las Vegas Daily Low Temperature,KLAS,2026-09-13,less,,74.0,The Weather Company,https://weather.com/kalshi,0.0,0.01,0.99,1.0,41.0,0.0,0.0,0.0,2026-09-14T08:00:00Z,active,2026-09-12T14:06:39.112525+00:00
KXLOWTLV,KXLOWTLV-26SEP13-B80.5,Las Vegas Daily Low Temperature,KLAS,2026-09-13,between,80.0,81.0,The Weather Company,https://weather.com/kalshi,0.13,0.23,0.77,0.87,89.0,50.0,0.0,0.0,2026-09-14T08:00:00Z,active,2026-09-12T14:06:39.112525+00:00
KXLOWTLV,KXLOWTLV-26SEP13-B78.5,Las Vegas Daily Low Temperature,KLAS,2026-09-13,between,78.0,79.0,The Weather Company,https://weather.com/kalshi,0.01,0.75,0.25,0.99,2.0,110.0,0.0,0.0,2026-09-14T08:00:00Z,active,2026-09-12T14:06:39.112525+00:00
KXLOWTLV,KXLOWTLV-26SEP13-B76.5,Las Vegas Daily Low Temperature,KLAS,2026-09-13,between,76.0,77.0,The Weather Company,https://weather.com/kalshi,0.01,0.75,0.25,0.99,2.0,110.0,0.0,0.0,2026-09-14T08:00:00Z,active,2026-09-12T14:06:39.112525+00:00
KXLOWTLV,KXLOWTLV-26SEP13-B74.5,Las Vegas Daily Low Temperature,KLAS,2026-09-13,between,74.0,75.0,The Weather Company,https://weather.com/kalshi,0.01,0.12,0.88,0.99,13.0,29.0,1.0,0.0,2026-09-14T08:00:00Z,active,2026-09-12T14:06:39.112525+00:00
KXLOWTLV,KXLOWTLV-26SEP12-T81,Las Vegas Daily Low Temperature,KLAS,2026-09-12,greater,81.0,,The Weather Company,https://weather.com/kalshi,0.99,1.0,0.0,0.01,0.0,1.0,981.28,0.0,2026-09-13T08:00:00Z,active,2026-09-12T14:06:39.112525+00:00
KXLOWTLV,KXLOWTLV-26SEP12-T74,Las Vegas Daily Low Temperature,KLAS,2026-09-12,less,,74.0,The Weather Company,https://weather.com/kalshi,0.0,0.01,0.99,1.0,178.0,0.0,1.0,0.0,2026-09-13T08:00:00Z,active,2026-09-12T14:06:39.112525+00:00
KXLOWTLV,KXLOWTLV-26SEP12-B80.5,Las Vegas Daily Low Temperature,KLAS,2026-09-12,between,80.0,81.0,The Weather Company,https://weather.com/kalshi,0.0,0.03,0.97,1.0,36.0,0.0,297.22,0.0,2026-09-13T08:00:00Z,active,2026-09-12T14:06:39.112525+00:00
KXLOWTLV,KXLOWTLV-26SEP12-B78.5,Las Vegas Daily Low Temperature,KLAS,2026-09-12,between,78.0,79.0,The Weather Company,https://weather.com/kalshi,0.0,0.15,0.85,1.0,3.0,0.0,89.0,0.0,2026-09-13T08:00:00Z,active,2026-09-12T14:06:39.112525+00:00
KXLOWTLV,KXLOWTLV-26SEP12-B76.5,Las Vegas Daily Low Temperature,KLAS,2026-09-12,between,76.0,77.0,The Weather Company,https://weather.com/kalshi,0.0,0.02,0.98,1.0,129.0,0.0,129.0,0.0,2026-09-13T08:00:00Z,active,2026-09-12T14:06:39.112525+00:00
KXLOWTLV,KXLOWTLV-26SEP12-B74.5,Las Vegas Daily Low Temperature,KLAS,2026-09-12,between,74.0,75.0,The Weather Company,https://weather.com/kalshi,0.0,0.01,0.99,1.0,64.0,0.0,78.0,0.0,2026-09-13T08:00:00Z,active,2026-09-12T14:06:39.112525+00:00
KXHIGHLAX,KXHIGHLAX-26SEP13-T83,Highest temperature in Los Angeles,KLAX,2026-09-13,greater,83.0,,The Weather Company,https://weather.com/kalshi,0.03,0.1,0.9,0.97,10.0,125.0,0.0,0.0,2026-09-14T08:00:00Z,active,2026-09-12T14:06:39.112525+00:00
KXHIGHLAX,KXHIGHLAX-26SEP13-T76,Highest temperature in Los Angeles,KLAX,2026-09-13,less,,76.0,The Weather Company,https://weather.com/kalshi,0.02,0.08,0.92,0.98,5.0,35.0,0.0,0.0,2026-09-14T08:00:00Z,active,2026-09-12T14:06:39.112525+00:00
KXHIGHLAX,KXHIGHLAX-26SEP13-B82.5,Highest temperature in Los Angeles,KLAX,2026-09-13,between,82.0,83.0,The Weather Company,https://weather.com/kalshi,0.15,0.22,0.78,0.85,29.0,97.0,0.0,0.0,2026-09-14T08:00:00Z,active,2026-09-12T14:06:39.112525+00:00
KXHIGHLAX,KXHIGHLAX-26SEP13-B80.5,Highest temperature in Los Angeles,KLAX,2026-09-13,between,80.0,81.0,The Weather Company,https://weather.com/kalshi,0.37,0.43,0.57,0.63,4.0,188.0,52.0,0.0,2026-09-14T08:00:00Z,active,2026-09-12T14:06:39.112525+00:00
KXHIGHLAX,KXHIGHLAX-26SEP13-B78.5,Highest temperature in Los Angeles,KLAX,2026-09-13,between,78.0,79.0,The Weather Company,https://weather.com/kalshi,0.27,0.29,0.71,0.73,25.0,50.0,0.0,0.0,2026-09-14T08:00:00Z,active,2026-09-12T14:06:39.112525+00:00
KXHIGHLAX,KXHIGHLAX-26SEP13-B76.5,Highest temperature in Los Angeles,KLAX,2026-09-13,between,76.0,77.0,The Weather Company,https://weather.com/kalshi,0.04,0.07,0.93,0.96,4.45,43.0,0.55,0.0,2026-09-14T08:00:00Z,active,2026-09-12T14:06:39.112525+00:00
KXHIGHLAX,KXHIGHLAX-26SEP12-T84,Highest temperature in Los Angeles,KLAX,2026-09-12,greater,84.0,,The Weather Company,https://weather.com/kalshi,0.09,0.12,0.88,0.91,362.25,4.0,44713.04,0.0,2026-09-13T08:00:00Z,active,2026-09-12T14:06:39.112525+00:00
KXHIGHLAX,KXHIGHLAX-26SEP12-T77,Highest temperature in Los Angeles,KLAX,2026-09-12,less,,77.0,The Weather Company,https://weather.com/kalshi,0.0,0.01,0.99,1.0,5851.35,0.0,4207.03,0.0,2026-09-13T08:00:00Z,active,2026-09-12T14:06:39.112525+00:00
KXHIGHLAX,KXHIGHLAX-26SEP12-B83.5,Highest temperature in Los Angeles,KLAX,2026-09-12,between,83.0,84.0,The Weather Company,https://weather.com/kalshi,0.37,0.38,0.62,0.63,29.5,33.0,14688.34,0.0,2026-09-13T08:00:00Z,active,2026-09-12T14:06:39.112525+00:00
KXHIGHLAX,KXHIGHLAX-26SEP12-B81.5,Highest temperature in Los Angeles,KLAX,2026-09-12,between,81.0,82.0,The Weather Company,https://weather.com/kalshi,0.47,0.48,0.52,0.53,1.07,25.0,12907.34,0.0,2026-09-13T08:00:00Z,active,2026-09-12T14:06:39.112525+00:00
KXHIGHLAX,KXHIGHLAX-26SEP12-B79.5,Highest temperature in Los Angeles,KLAX,2026-09-12,between,79.0,80.0,The Weather Company,https://weather.com/kalshi,0.09,0.1,0.9,0.91,263.23,11.5,9177.49,0.0,2026-09-13T08:00:00Z,active,2026-09-12T14:06:39.112525+00:00
KXHIGHLAX,KXHIGHLAX-26SEP12-B77.5,Highest temperature in Los Angeles,KLAX,2026-09-12,between,77.0,78.0,The Weather Company,https://weather.com/kalshi,0.0,0.01,0.99,1.0,330.8,0.0,6989.79,0.0,2026-09-13T08:00:00Z,active,2026-09-12T14:06:39.112525+00:00
KXHIGHTATL,KXHIGHTATL-26SEP13-T95,Atlanta Max Temperature,KATL,2026-09-13,greater,95.0,,The Weather Company,https://weather.com/kalshi,0.0,0.01,0.99,1.0,424.0,0.0,176.0,0.0,2026-09-14T05:00:00Z,active,2026-09-12T14:06:39.112525+00:00
KXHIGHTATL,KXHIGHTATL-26SEP13-T88,Atlanta Max Temperature,KATL,2026-09-13,less,,88.0,The Weather Company,https://weather.com/kalshi,0.04,0.1,0.9,0.96,10.0,3.0,0.0,0.0,2026-09-14T05:00:00Z,active,2026-09-12T14:06:39.112525+00:00
KXHIGHTATL,KXHIGHTATL-26SEP13-B94.5,Atlanta Max Temperature,KATL,2026-09-13,between,94.0,95.0,The Weather Company,https://weather.com/kalshi,0.03,0.1,0.9,0.97,10.0,188.0,0.0,0.0,2026-09-14T05:00:00Z,active,2026-09-12T14:06:39.112525+00:00
KXHIGHTATL,KXHIGHTATL-26SEP13-B92.5,Atlanta Max Temperature,KATL,2026-09-13,between,92.0,93.0,The Weather Company,https://weather.com/kalshi,0.3,0.37,0.63,0.7,1.0,5.0,56.0,0.0,2026-09-14T05:00:00Z,active,2026-09-12T14:06:39.112525+00:00
KXHIGHTATL,KXHIGHTATL-26SEP13-B90.5,Atlanta Max Temperature,KATL,2026-09-13,between,90.0,91.0,The Weather Company,https://weather.com/kalshi,0.29,0.36,0.64,0.71,45.0,5.0,10.0,0.0,2026-09-14T05:00:00Z,active,2026-09-12T14:06:39.112525+00:00
KXHIGHTATL,KXHIGHTATL-26SEP13-B88.5,Atlanta Max Temperature,KATL,2026-09-13,between,88.0,89.0,The Weather Company,https://weather.com/kalshi,0.14,0.22,0.78,0.86,5.0,50.0,0.0,0.0,2026-09-14T05:00:00Z,active,2026-09-12T14:06:39.112525+00:00
KXHIGHTATL,KXHIGHTATL-26SEP12-T89,Atlanta Max Temperature,KATL,2026-09-12,greater,89.0,,The Weather Company,https://weather.com/kalshi,0.0,0.01,0.99,1.0,555.02,0.0,1114.25,0.0,2026-09-13T05:00:00Z,active,2026-09-12T14:06:39.112525+00:00
KXHIGHTATL,KXHIGHTATL-26SEP12-T82,Atlanta Max Temperature,KATL,2026-09-12,less,,82.0,The Weather Company,https://weather.com/kalshi,0.17,0.21,0.79,0.83,50.0,10.0,2467.2,0.0,2026-09-13T05:00:00Z,active,2026-09-12T14:06:39.112525+00:00
KXHIGHTATL,KXHIGHTATL-26SEP12-B88.5,Atlanta Max Temperature,KATL,2026-09-12,between,88.0,89.0,The Weather Company,https://weather.com/kalshi,0.03,0.05,0.95,0.97,2.23,0.05,1011.46,0.0,2026-09-13T05:00:00Z,active,2026-09-12T14:06:39.112525+00:00
KXHIGHTATL,KXHIGHTATL-26SEP12-B86.5,Atlanta Max Temperature,KATL,2026-09-12,between,86.0,87.0,The Weather Company,https://weather.com/kalshi,0.15,0.18,0.82,0.85,6.0,76.29,1499.84,0.0,2026-09-13T05:00:00Z,active,2026-09-12T14:06:39.112525+00:00
KXHIGHTATL,KXHIGHTATL-26SEP12-B84.5,Atlanta Max Temperature,KATL,2026-09-12,between,84.0,85.0,The Weather Company,https://weather.com/kalshi,0.29,0.3,0.7,0.71,12.05,55.0,1610.87,0.0,2026-09-13T05:00:00Z,active,2026-09-12T14:06:39.112525+00:00
KXHIGHTATL,KXHIGHTATL-26SEP12-B82.5,Atlanta Max Temperature,KATL,2026-09-12,between,82.0,83.0,The Weather Company,https://weather.com/kalshi,0.28,0.31,0.69,0.72,58.0,3.0,3125.58,0.0,2026-09-13T05:00:00Z,active,2026-09-12T14:06:39.112525+00:00
KXHIGHTSEA,KXHIGHTSEA-26SEP13-T71,Seattle Maximum Temperature Daily,KSEA,2026-09-13,greater,71.0,,The Weather Company,https://weather.com/kalshi,0.01,0.05,0.95,0.99,8.0,268.0,19.0,0.0,2026-09-14T08:00:00Z,active,2026-09-12T14:06:39.112525+00:00
KXHIGHTSEA,KXHIGHTSEA-26SEP13-T64,Seattle Maximum Temperature Daily,KSEA,2026-09-13,less,,64.0,The Weather Company,https://weather.com/kalshi,0.53,0.6,0.4,0.47,13.0,35.0,14.0,0.0,2026-09-14T08:00:00Z,active,2026-09-12T14:06:39.112525+00:00
KXHIGHTSEA,KXHIGHTSEA-26SEP13-B70.5,Seattle Maximum Temperature Daily,KSEA,2026-09-13,between,70.0,71.0,The Weather Company,https://weather.com/kalshi,0.01,0.05,0.95,0.99,8.0,347.0,48.0,0.0,2026-09-14T08:00:00Z,active,2026-09-12T14:06:39.112525+00:00
KXHIGHTSEA,KXHIGHTSEA-26SEP13-B68.5,Seattle Maximum Temperature Daily,KSEA,2026-09-13,between,68.0,69.0,The Weather Company,https://weather.com/kalshi,0.03,0.1,0.9,0.97,2.0,30.0,10.0,0.0,2026-09-14T08:00:00Z,active,2026-09-12T14:06:39.112525+00:00
KXHIGHTSEA,KXHIGHTSEA-26SEP13-B66.5,Seattle Maximum Temperature Daily,KSEA,2026-09-13,between,66.0,67.0,The Weather Company,https://weather.com/kalshi,0.15,0.16,0.84,0.85,8.0,3.0,7.0,0.0,2026-09-14T08:00:00Z,active,2026-09-12T14:06:39.112525+00:00
KXHIGHTSEA,KXHIGHTSEA-26SEP13-B64.5,Seattle Maximum Temperature Daily,KSEA,2026-09-13,between,64.0,65.0,The Weather Company,https://weather.com/kalshi,0.23,0.3,0.7,0.77,3.0,50.0,4.0,0.0,2026-09-14T08:00:00Z,active,2026-09-12T14:06:39.112525+00:00
KXHIGHTSEA,KXHIGHTSEA-26SEP12-T73,Seattle Maximum Temperature Daily,KSEA,2026-09-12,greater,73.0,,The Weather Company,https://weather.com/kalshi,0.0,0.01,0.99,1.0,181.61,0.0,595.74,0.0,2026-09-13T08:00:00Z,active,2026-09-12T14:06:39.112525+00:00
KXHIGHTSEA,KXHIGHTSEA-26SEP12-T66,Seattle Maximum Temperature Daily,KSEA,2026-09-12,less,,66.0,The Weather Company,https://weather.com/kalshi,0.13,0.14,0.86,0.87,23.0,180.5,2053.78,0.0,2026-09-13T08:00:00Z,active,2026-09-12T14:06:39.112525+00:00
KXHIGHTSEA,KXHIGHTSEA-26SEP12-B72.5,Seattle Maximum Temperature Daily,KSEA,2026-09-12,between,72.0,73.0,The Weather Company,https://weather.com/kalshi,0.04,0.05,0.95,0.96,18.0,156.02,516.27,0.0,2026-09-13T08:00:00Z,active,2026-09-12T14:06:39.112525+00:00
KXHIGHTSEA,KXHIGHTSEA-26SEP12-B70.5,Seattle Maximum Temperature Daily,KSEA,2026-09-12,between,70.0,71.0,The Weather Company,https://weather.com/kalshi,0.36,0.38,0.62,0.64,45.5,69.94,1296.28,0.0,2026-09-13T08:00:00Z,active,2026-09-12T14:06:39.112525+00:00
KXHIGHTSEA,KXHIGHTSEA-26SEP12-B68.5,Seattle Maximum Temperature Daily,KSEA,2026-09-12,between,68.0,69.0,The Weather Company,https://weather.com/kalshi,0.39,0.4,0.6,0.61,44.0,12.0,883.18,0.0,2026-09-13T08:00:00Z,active,2026-09-12T14:06:39.112525+00:00
KXHIGHTSEA,KXHIGHTSEA-26SEP12-B66.5,Seattle Maximum Temperature Daily,KSEA,2026-09-12,between,66.0,67.0,The Weather Company,https://weather.com/kalshi,0.13,0.14,0.86,0.87,20.0,0.5,2097.42,0.0,2026-09-13T08:00:00Z,active,2026-09-12T14:06:39.112525+00:00
KXLOWTHOU,KXLOWTHOU-26SEP13-T81,Low Temperature Houston,KHOU,2026-09-13,greater,81.0,,The Weather Company,https://weather.com/kalshi,0.02,0.73,0.27,0.98,8.7,1.0,0.0,0.0,2026-09-14T06:00:00Z,active,2026-09-12T14:06:39.112525+00:00
KXLOWTHOU,KXLOWTHOU-26SEP13-T74,Low Temperature Houston,KHOU,2026-09-13,less,,74.0,The Weather Company,https://weather.com/kalshi,0.0,0.01,0.99,1.0,12.0,0.0,0.0,0.0,2026-09-14T06:00:00Z,active,2026-09-12T14:06:39.112525+00:00
KXLOWTHOU,KXLOWTHOU-26SEP13-B80.5,Low Temperature Houston,KHOU,2026-09-13,between,80.0,81.0,The Weather Company,https://weather.com/kalshi,0.29,0.38,0.62,0.71,92.0,50.0,0.0,0.0,2026-09-14T06:00:00Z,active,2026-09-12T14:06:39.112525+00:00
KXLOWTHOU,KXLOWTHOU-26SEP13-B78.5,Low Temperature Houston,KHOU,2026-09-13,between,78.0,79.0,The Weather Company,https://weather.com/kalshi,0.54,0.63,0.37,0.46,50.0,76.0,0.0,0.0,2026-09-14T06:00:00Z,active,2026-09-12T14:06:39.112525+00:00
KXLOWTHOU,KXLOWTHOU-26SEP13-B76.5,Low Temperature Houston,KHOU,2026-09-13,between,76.0,77.0,The Weather Company,https://weather.com/kalshi,0.02,0.12,0.88,0.98,50.0,83.0,0.0,0.0,2026-09-14T06:00:00Z,active,2026-09-12T14:06:39.112525+00:00
KXLOWTHOU,KXLOWTHOU-26SEP13-B74.5,Low Temperature Houston,KHOU,2026-09-13,between,74.0,75.0,The Weather Company,https://weather.com/kalshi,0.02,0.73,0.27,0.98,9.28,1.0,0.0,0.0,2026-09-14T06:00:00Z,active,2026-09-12T14:06:39.112525+00:00
KXLOWTHOU,KXLOWTHOU-26SEP12-T79,Low Temperature Houston,KHOU,2026-09-12,greater,79.0,,The Weather Company,https://weather.com/kalshi,0.81,0.89,0.11,0.19,49.84,1.0,1121.39,0.0,2026-09-13T06:00:00Z,active,2026-09-12T14:06:39.112525+00:00
KXLOWTHOU,KXLOWTHOU-26SEP12-T72,Low Temperature Houston,KHOU,2026-09-12,less,,72.0,The Weather Company,https://weather.com/kalshi,0.0,0.01,0.99,1.0,5.0,0.0,1.0,0.0,2026-09-13T06:00:00Z,active,2026-09-12T14:06:39.112525+00:00
KXLOWTHOU,KXLOWTHOU-26SEP12-B78.5,Low Temperature Houston,KHOU,2026-09-12,between,78.0,79.0,The Weather Company,https://weather.com/kalshi,0.07,0.12,0.88,0.93,1.0,50.0,680.88,0.0,2026-09-13T06:00:00Z,active,2026-09-12T14:06:39.112525+00:00
KXLOWTHOU,KXLOWTHOU-26SEP12-B76.5,Low Temperature Houston,KHOU,2026-09-12,between,76.0,77.0,The Weather Company,https://weather.com/kalshi,0.01,0.17,0.83,0.99,47.0,45.26,69.07,0.0,2026-09-13T06:00:00Z,active,2026-09-12T14:06:39.112525+00:00
KXLOWTHOU,KXLOWTHOU-26SEP12-B74.5,Low Temperature Houston,KHOU,2026-09-12,between,74.0,75.0,The Weather Company,https://weather.com/kalshi,0.01,0.02,0.98,0.99,5.0,164.69,699.57,0.0,2026-09-13T06:00:00Z,active,2026-09-12T14:06:39.112525+00:00
KXLOWTHOU,KXLOWTHOU-26SEP12-B72.5,Low Temperature Houston,KHOU,2026-09-12,between,72.0,73.0,The Weather Company,https://weather.com/kalshi,0.01,0.02,0.98,0.99,5.0,600.0,127.0,0.0,2026-09-13T06:00:00Z,active,2026-09-12T14:06:39.112525+00:00
