series_ticker,market_ticker,city_label,station_id,target_date,strike_type,floor_strike,cap_strike,settlement_source_name,settlement_source_url,yes_bid,yes_ask,no_bid,no_ask,yes_ask_size,yes_bid_size,volume,liquidity,close_time,status,pulled_at
KXHIGHCHI,KXHIGHCHI-26OCT03-T71,Highest temperature in Chicago,KMDW,2026-10-03,greater,71.0,,The Weather Company,https://weather.com/kalshi,0.01,0.02,0.98,0.99,103.01,333.77,381.47,,2026-10-04T06:00:00Z,active,2026-10-02T21:20:13.371665+00:00
KXHIGHCHI,KXHIGHCHI-26OCT03-T64,Highest temperature in Chicago,KMDW,2026-10-03,less,,64.0,The Weather Company,https://weather.com/kalshi,0.01,0.02,0.98,0.99,59.0,865.0,452.47,,2026-10-04T06:00:00Z,active,2026-10-02T21:20:13.371665+00:00
KXHIGHCHI,KXHIGHCHI-26OCT03-B70.5,Highest temperature in Chicago,KMDW,2026-10-03,between,70.0,71.0,The Weather Company,https://weather.com/kalshi,0.25,0.26,0.74,0.75,84.0,30.0,1695.53,,2026-10-04T06:00:00Z,active,2026-10-02T21:20:13.371665+00:00
KXHIGHCHI,KXHIGHCHI-26OCT03-B68.5,Highest temperature in Chicago,KMDW,2026-10-03,between,68.0,69.0,The Weather Company,https://weather.com/kalshi,0.37,0.38,0.62,0.63,211.23,68.0,1334.04,,2026-10-04T06:00:00Z,active,2026-10-02T21:20:13.371665+00:00
KXHIGHCHI,KXHIGHCHI-26OCT03-B66.5,Highest temperature in Chicago,KMDW,2026-10-03,between,66.0,67.0,The Weather Company,https://weather.com/kalshi,0.28,0.29,0.71,0.72,92.0,93.84,770.45,,2026-10-04T06:00:00Z,active,2026-10-02T21:20:13.371665+00:00
KXHIGHCHI,KXHIGHCHI-26OCT03-B64.5,Highest temperature in Chicago,KMDW,2026-10-03,between,64.0,65.0,The Weather Company,https://weather.com/kalshi,0.06,0.07,0.93,0.94,74.0,350.92,447.89,,2026-10-04T06:00:00Z,active,2026-10-02T21:20:13.371665+00:00
KXHIGHCHI,KXHIGHCHI-26OCT02-T68,Highest temperature in Chicago,KMDW,2026-10-02,greater,68.0,,The Weather Company,https://weather.com/kalshi,0.0,0.01,0.99,1.0,3049.5,0.0,2664.24,,2026-10-03T06:00:00Z,active,2026-10-02T21:20:13.371665+00:00
KXHIGHCHI,KXHIGHCHI-26OCT02-T61,Highest temperature in Chicago,KMDW,2026-10-02,less,,61.0,The Weather Company,https://weather.com/kalshi,0.0,0.01,0.99,1.0,49156.15,0.0,3744.92,,2026-10-03T06:00:00Z,active,2026-10-02T21:20:13.371665+00:00
KXHIGHCHI,KXHIGHCHI-26OCT02-B67.5,Highest temperature in Chicago,KMDW,2026-10-02,between,67.0,68.0,The Weather Company,https://weather.com/kalshi,0.01,0.03,0.97,0.99,97.0,13.0,11989.07,,2026-10-03T06:00:00Z,active,2026-10-02T21:20:13.371665+00:00
KXHIGHCHI,KXHIGHCHI-26OCT02-B65.5,Highest temperature in Chicago,KMDW,2026-10-02,between,65.0,66.0,The Weather Company,https://weather.com/kalshi,0.95,0.99,0.01,0.05,23.1,25.0,17750.59,,2026-10-03T06:00:00Z,active,2026-10-02T21:20:13.371665+00:00
KXHIGHCHI,KXHIGHCHI-26OCT02-B63.5,Highest temperature in Chicago,KMDW,2026-10-02,between,63.0,64.0,The Weather Company,https://weather.com/kalshi,0.0,0.01,0.99,1.0,39548.14,0.0,30836.57,,2026-10-03T06:00:00Z,active,2026-10-02T21:20:13.371665+00:00
KXHIGHCHI,KXHIGHCHI-26OCT02-B61.5,Highest temperature in Chicago,KMDW,2026-10-02,between,61.0,62.0,The Weather Company,https://weather.com/kalshi,0.0,0.01,0.99,1.0,71896.37,0.0,8899.32,,2026-10-03T06:00:00Z,active,2026-10-02T21:20:13.371665+00:00
KXLOWTEWR,KXLOWTEWR-26OCT03-T62,"Newark, NJ (EWR) Daily Low Temp",KEWR,2026-10-03,greater,62.0,,The Weather Company,https://weather.com/kalshi,0.0,0.1,0.9,1.0,10.0,0.0,130.0,,2026-10-04T05:00:00Z,active,2026-10-02T21:20:13.371665+00:00
KXLOWTEWR,KXLOWTEWR-26OCT03-T55,"Newark, NJ (EWR) Daily Low Temp",KEWR,2026-10-03,less,,55.0,The Weather Company,https://weather.com/kalshi,0.01,0.09,0.91,0.99,10.0,38.82,20.18,,2026-10-04T05:00:00Z,active,2026-10-02T21:20:13.371665+00:00
KXLOWTEWR,KXLOWTEWR-26OCT03-B61.5,"Newark, NJ (EWR) Daily Low Temp",KEWR,2026-10-03,between,61.0,62.0,The Weather Company,https://weather.com/kalshi,0.29,0.39,0.61,0.71,11.0,8.0,34.0,,2026-10-04T05:00:00Z,active,2026-10-02T21:20:13.371665+00:00
KXLOWTEWR,KXLOWTEWR-26OCT03-B59.5,"Newark, NJ (EWR) Daily Low Temp",KEWR,2026-10-03,between,59.0,60.0,The Weather Company,https://weather.com/kalshi,0.32,0.44,0.56,0.68,13.0,6.0,0.0,,2026-10-04T05:00:00Z,active,2026-10-02T21:20:13.371665+00:00
KXLOWTEWR,KXLOWTEWR-26OCT03-B57.5,"Newark, NJ (EWR) Daily Low Temp",KEWR,2026-10-03,between,57.0,58.0,The Weather Company,https://weather.com/kalshi,0.12,0.29,0.71,0.88,13.0,9.0,1.09,,2026-10-04T05:00:00Z,active,2026-10-02T21:20:13.371665+00:00
KXLOWTEWR,KXLOWTEWR-26OCT03-B55.5,"Newark, NJ (EWR) Daily Low Temp",KEWR,2026-10-03,between,55.0,56.0,The Weather Company,https://weather.com/kalshi,0.02,0.09,0.91,0.98,3.0,79.0,15.28,,2026-10-04T05:00:00Z,active,2026-10-02T21:20:13.371665+00:00
KXLOWTEWR,KXLOWTEWR-26OCT02-T67,"Newark, NJ (EWR) Daily Low Temp",KEWR,2026-10-02,greater,67.0,,The Weather Company,https://weather.com/kalshi,0.0,0.01,0.99,1.0,10754.0,0.0,329.0,,2026-10-03T05:00:00Z,active,2026-10-02T21:20:13.371665+00:00
KXLOWTEWR,KXLOWTEWR-26OCT02-T60,"Newark, NJ (EWR) Daily Low Temp",KEWR,2026-10-02,less,,60.0,The Weather Company,https://weather.com/kalshi,0.0,0.01,0.99,1.0,500.0,0.0,59.0,,2026-10-03T05:00:00Z,active,2026-10-02T21:20:13.371665+00:00
KXLOWTEWR,KXLOWTEWR-26OCT02-B66.5,"Newark, NJ (EWR) Daily Low Temp",KEWR,2026-10-02,between,66.0,67.0,The Weather Company,https://weather.com/kalshi,0.93,0.95,0.05,0.07,12.0,7.0,197.0,,2026-10-03T05:00:00Z,active,2026-10-02T21:20:13.371665+00:00
KXLOWTEWR,KXLOWTEWR-26OCT02-B64.5,"Newark, NJ (EWR) Daily Low Temp",KEWR,2026-10-02,between,64.0,65.0,The Weather Company,https://weather.com/kalshi,0.04,0.07,0.93,0.96,7.0,138.0,123.0,,2026-10-03T05:00:00Z,active,2026-10-02T21:20:13.371665+00:00
KXLOWTEWR,KXLOWTEWR-26OCT02-B62.5,"Newark, NJ (EWR) Daily Low Temp",KEWR,2026-10-02,between,62.0,63.0,The Weather Company,https://weather.com/kalshi,0.0,0.03,0.97,1.0,5.0,0.0,92.0,,2026-10-03T05:00:00Z,active,2026-10-02T21:20:13.371665+00:00
KXLOWTEWR,KXLOWTEWR-26OCT02-B60.5,"Newark, NJ (EWR) Daily Low Temp",KEWR,2026-10-02,between,60.0,61.0,The Weather Company,https://weather.com/kalshi,0.0,0.02,0.98,1.0,90.0,0.0,159.0,,2026-10-03T05:00:00Z,active,2026-10-02T21:20:13.371665+00:00
KXLOWTCHI,KXLOWTCHI-26OCT03-T50,Lowest Temperature Chicago,KMDW,2026-10-03,greater,50.0,,The Weather Company,https://weather.com/kalshi,0.48,0.5,0.5,0.52,3.0,53.0,68.93,,2026-10-04T06:00:00Z,active,2026-10-02T21:20:13.371665+00:00
KXLOWTCHI,KXLOWTCHI-26OCT03-T43,Lowest Temperature Chicago,KMDW,2026-10-03,less,,43.0,The Weather Company,https://weather.com/kalshi,0.01,0.02,0.98,0.99,4.0,206.63,59.37,,2026-10-04T06:00:00Z,active,2026-10-02T21:20:13.371665+00:00
KXLOWTCHI,KXLOWTCHI-26OCT03-B49.5,Lowest Temperature Chicago,KMDW,2026-10-03,between,49.0,50.0,The Weather Company,https://weather.com/kalshi,0.29,0.4,0.6,0.71,7.0,80.0,19.8,,2026-10-04T06:00:00Z,active,2026-10-02T21:20:13.371665+00:00
KXLOWTCHI,KXLOWTCHI-26OCT03-B47.5,Lowest Temperature Chicago,KMDW,2026-10-03,between,47.0,48.0,The Weather Company,https://weather.com/kalshi,0.09,0.19,0.81,0.91,3.0,41.0,0.0,,2026-10-04T06:00:00Z,active,2026-10-02T21:20:13.371665+00:00
KXLOWTCHI,KXLOWTCHI-26OCT03-B45.5,Lowest Temperature Chicago,KMDW,2026-10-03,between,45.0,46.0,The Weather Company,https://weather.com/kalshi,0.03,0.12,0.88,0.97,10.0,15.0,0.0,,2026-10-04T06:00:00Z,active,2026-10-02T21:20:13.371665+00:00
KXLOWTCHI,KXLOWTCHI-26OCT03-B43.5,Lowest Temperature Chicago,KMDW,2026-10-03,between,43.0,44.0,The Weather Company,https://weather.com/kalshi,0.01,0.05,0.95,0.99,4.0,335.0,88.0,,2026-10-04T06:00:00Z,active,2026-10-02T21:20:13.371665+00:00
KXLOWTCHI,KXLOWTCHI-26OCT02-T54,Lowest Temperature Chicago,KMDW,2026-10-02,greater,54.0,,The Weather Company,https://weather.com/kalshi,0.36,0.4,0.6,0.64,26.0,30.0,698.27,,2026-10-03T06:00:00Z,active,2026-10-02T21:20:13.371665+00:00
KXLOWTCHI,KXLOWTCHI-26OCT02-T47,Lowest Temperature Chicago,KMDW,2026-10-02,less,,47.0,The Weather Company,https://weather.com/kalshi,0.0,0.01,0.99,1.0,213.89,0.0,76.11,,2026-10-03T06:00:00Z,active,2026-10-02T21:20:13.371665+00:00
KXLOWTCHI,KXLOWTCHI-26OCT02-B53.5,Lowest Temperature Chicago,KMDW,2026-10-02,between,53.0,54.0,The Weather Company,https://weather.com/kalshi,0.4,0.49,0.51,0.6,8.0,6.0,297.77,,2026-10-03T06:00:00Z,active,2026-10-02T21:20:13.371665+00:00
KXLOWTCHI,KXLOWTCHI-26OCT02-B51.5,Lowest Temperature Chicago,KMDW,2026-10-02,between,51.0,52.0,The Weather Company,https://weather.com/kalshi,0.04,0.15,0.85,0.96,51.0,65.0,294.4,,2026-10-03T06:00:00Z,active,2026-10-02T21:20:13.371665+00:00
KXLOWTCHI,KXLOWTCHI-26OCT02-B49.5,Lowest Temperature Chicago,KMDW,2026-10-02,between,49.0,50.0,The Weather Company,https://weather.com/kalshi,0.01,0.08,0.92,0.99,4.0,225.0,419.46,,2026-10-03T06:00:00Z,active,2026-10-02T21:20:13.371665+00:00
KXLOWTCHI,KXLOWTCHI-26OCT02-B47.5,Lowest Temperature Chicago,KMDW,2026-10-02,between,47.0,48.0,The Weather Company,https://weather.com/kalshi,0.0,0.02,0.98,1.0,4.0,0.0,286.71,,2026-10-03T06:00:00Z,active,2026-10-02T21:20:13.371665+00:00
KXLOWTBOS,KXLOWTBOS-26OCT03-T57,Low Temperature Boston,KBOS,2026-10-03,greater,57.0,,The Weather Company,https://weather.com/kalshi,0.01,0.03,0.97,0.99,50.0,304.0,279.12,,2026-10-04T05:00:00Z,active,2026-10-02T21:20:13.371665+00:00
KXLOWTBOS,KXLOWTBOS-26OCT03-T50,Low Temperature Boston,KBOS,2026-10-03,less,,50.0,The Weather Company,https://weather.com/kalshi,0.0,0.01,0.99,1.0,12.0,0.0,36.0,,2026-10-04T05:00:00Z,active,2026-10-02T21:20:13.371665+00:00
KXLOWTBOS,KXLOWTBOS-26OCT03-B56.5,Low Temperature Boston,KBOS,2026-10-03,between,56.0,57.0,The Weather Company,https://weather.com/kalshi,0.26,0.36,0.64,0.74,4.0,3.18,49.0,,2026-10-04T05:00:00Z,active,2026-10-02T21:20:13.371665+00:00
KXLOWTBOS,KXLOWTBOS-26OCT03-B54.5,Low Temperature Boston,KBOS,2026-10-03,between,54.0,55.0,The Weather Company,https://weather.com/kalshi,0.37,0.54,0.46,0.63,50.0,8.0,16.0,,2026-10-04T05:00:00Z,active,2026-10-02T21:20:13.371665+00:00
KXLOWTBOS,KXLOWTBOS-26OCT03-B52.5,Low Temperature Boston,KBOS,2026-10-03,between,52.0,53.0,The Weather Company,https://weather.com/kalshi,0.11,0.3,0.7,0.89,10.0,10.0,26.15,,2026-10-04T05:00:00Z,active,2026-10-02T21:20:13.371665+00:00
KXLOWTBOS,KXLOWTBOS-26OCT03-B50.5,Low Temperature Boston,KBOS,2026-10-03,between,50.0,51.0,The Weather Company,https://weather.com/kalshi,0.02,0.06,0.94,0.98,50.0,150.0,85.28,,2026-10-04T05:00:00Z,active,2026-10-02T21:20:13.371665+00:00
KXLOWTBOS,KXLOWTBOS-26OCT02-T71,Low Temperature Boston,KBOS,2026-10-02,greater,71.0,,The Weather Company,https://weather.com/kalshi,0.0,0.01,0.99,1.0,21681.15,0.0,223.66,,2026-10-03T05:00:00Z,active,2026-10-02T21:20:13.371665+00:00
KXLOWTBOS,KXLOWTBOS-26OCT02-T64,Low Temperature Boston,KBOS,2026-10-02,less,,64.0,The Weather Company,https://weather.com/kalshi,0.06,0.1,0.9,0.94,50.0,5.0,305.21,,2026-10-03T05:00:00Z,active,2026-10-02T21:20:13.371665+00:00
KXLOWTBOS,KXLOWTBOS-26OCT02-B70.5,Low Temperature Boston,KBOS,2026-10-02,between,70.0,71.0,The Weather Company,https://weather.com/kalshi,0.0,0.01,0.99,1.0,22062.15,0.0,202.2,,2026-10-03T05:00:00Z,active,2026-10-02T21:20:13.371665+00:00
KXLOWTBOS,KXLOWTBOS-26OCT02-B68.5,Low Temperature Boston,KBOS,2026-10-02,between,68.0,69.0,The Weather Company,https://weather.com/kalshi,0.0,0.01,0.99,1.0,18840.15,0.0,573.0,,2026-10-03T05:00:00Z,active,2026-10-02T21:20:13.371665+00:00
KXLOWTBOS,KXLOWTBOS-26OCT02-B66.5,Low Temperature Boston,KBOS,2026-10-02,between,66.0,67.0,The Weather Company,https://weather.com/kalshi,0.6,0.64,0.36,0.4,12.0,11.42,522.77,,2026-10-03T05:00:00Z,active,2026-10-02T21:20:13.371665+00:00
KXLOWTBOS,KXLOWTBOS-26OCT02-B64.5,Low Temperature Boston,KBOS,2026-10-02,between,64.0,65.0,The Weather Company,https://weather.com/kalshi,0.23,0.31,0.69,0.77,6.0,15.0,292.37,,2026-10-03T05:00:00Z,active,2026-10-02T21:20:13.371665+00:00
KXHIGHTSDF,KXHIGHTSDF-26OCT03-T76,HIGHEST Temperature SATX,KSDF,2026-10-03,greater,76.0,,The Weather Company,https://weather.com/kalshi,0.01,0.09,0.91,0.99,18.0,273.0,26.37,,2026-10-04T05:00:00Z,active,2026-10-02T21:20:13.371665+00:00
KXHIGHTSDF,KXHIGHTSDF-26OCT03-T69,HIGHEST Temperature SATX,KSDF,2026-10-03,less,,69.0,The Weather Company,https://weather.com/kalshi,0.0,0.04,0.96,1.0,22.0,0.0,50.0,,2026-10-04T05:00:00Z,active,2026-10-02T21:20:13.371665+00:00
KXHIGHTSDF,KXHIGHTSDF-26OCT03-B75.5,HIGHEST Temperature SATX,KSDF,2026-10-03,between,75.0,76.0,The Weather Company,https://weather.com/kalshi,0.42,0.62,0.38,0.58,10.0,10.0,5.0,,2026-10-04T05:00:00Z,active,2026-10-02T21:20:13.371665+00:00
KXHIGHTSDF,KXHIGHTSDF-26OCT03-B73.5,HIGHEST Temperature SATX,KSDF,2026-10-03,between,73.0,74.0,The Weather Company,https://weather.com/kalshi,0.34,0.41,0.59,0.66,3.0,7.0,1.0,,2026-10-04T05:00:00Z,active,2026-10-02T21:20:13.371665+00:00
KXHIGHTSDF,KXHIGHTSDF-26OCT03-B71.5,HIGHEST Temperature SATX,KSDF,2026-10-03,between,71.0,72.0,The Weather Company,https://weather.com/kalshi,0.02,0.07,0.93,0.98,3.0,39.0,0.0,,2026-10-04T05:00:00Z,active,2026-10-02T21:20:13.371665+00:00
KXHIGHTSDF,KXHIGHTSDF-26OCT03-B69.5,HIGHEST Temperature SATX,KSDF,2026-10-03,between,69.0,70.0,The Weather Company,https://weather.com/kalshi,0.01,0.1,0.9,0.99,10.0,50.0,20.37,,2026-10-04T05:00:00Z,active,2026-10-02T21:20:13.371665+00:00
KXHIGHTSDF,KXHIGHTSDF-26OCT02-T84,HIGHEST Temperature SATX,KSDF,2026-10-02,greater,84.0,,The Weather Company,https://weather.com/kalshi,0.0,0.01,0.99,1.0,3500.0,0.0,167.06,,2026-10-03T05:00:00Z,active,2026-10-02T21:20:13.371665+00:00
KXHIGHTSDF,KXHIGHTSDF-26OCT02-T77,HIGHEST Temperature SATX,KSDF,2026-10-02,less,,77.0,The Weather Company,https://weather.com/kalshi,0.0,0.01,0.99,1.0,20116.88,0.0,1264.28,,2026-10-03T05:00:00Z,active,2026-10-02T21:20:13.371665+00:00
KXHIGHTSDF,KXHIGHTSDF-26OCT02-B83.5,HIGHEST Temperature SATX,KSDF,2026-10-02,between,83.0,84.0,The Weather Company,https://weather.com/kalshi,0.0,0.01,0.99,1.0,3567.72,0.0,149.43,,2026-10-03T05:00:00Z,active,2026-10-02T21:20:13.371665+00:00
KXHIGHTSDF,KXHIGHTSDF-26OCT02-B81.5,HIGHEST Temperature SATX,KSDF,2026-10-02,between,81.0,82.0,The Weather Company,https://weather.com/kalshi,0.0,0.01,0.99,1.0,3444.12,0.0,986.67,,2026-10-03T05:00:00Z,active,2026-10-02T21:20:13.371665+00:00
KXHIGHTSDF,KXHIGHTSDF-26OCT02-B79.5,HIGHEST Temperature SATX,KSDF,2026-10-02,between,79.0,80.0,The Weather Company,https://weather.com/kalshi,0.99,1.0,0.0,0.01,0.0,4449.0,1290.58,,2026-10-03T05:00:00Z,active,2026-10-02T21:20:13.371665+00:00
KXHIGHTSDF,KXHIGHTSDF-26OCT02-B77.5,HIGHEST Temperature SATX,KSDF,2026-10-02,between,77.0,78.0,The Weather Company,https://weather.com/kalshi,0.0,0.01,0.99,1.0,1773.49,0.0,294.16,,2026-10-03T05:00:00Z,active,2026-10-02T21:20:13.371665+00:00
KXLOWTDAL,KXLOWTDAL-26OCT03-T70,Lowest temperature Dallas,KDFW,2026-10-03,greater,70.0,,The Weather Company,https://weather.com/kalshi,0.21,0.26,0.74,0.79,10.0,9.0,89.0,,2026-10-04T06:00:00Z,active,2026-10-02T21:20:13.371665+00:00
KXLOWTDAL,KXLOWTDAL-26OCT03-T63,Lowest temperature Dallas,KDFW,2026-10-03,less,,63.0,The Weather Company,https://weather.com/kalshi,0.0,0.02,0.98,1.0,50.0,0.0,74.0,,2026-10-04T06:00:00Z,active,2026-10-02T21:20:13.371665+00:00
KXLOWTDAL,KXLOWTDAL-26OCT03-B69.5,Lowest temperature Dallas,KDFW,2026-10-03,between,69.0,70.0,The Weather Company,https://weather.com/kalshi,0.5,0.6,0.4,0.5,31.06,4.0,98.0,,2026-10-04T06:00:00Z,active,2026-10-02T21:20:13.371665+00:00
KXLOWTDAL,KXLOWTDAL-26OCT03-B67.5,Lowest temperature Dallas,KDFW,2026-10-03,between,67.0,68.0,The Weather Company,https://weather.com/kalshi,0.13,0.14,0.86,0.87,3.0,28.18,4.0,,2026-10-04T06:00:00Z,active,2026-10-02T21:20:13.371665+00:00
KXLOWTDAL,KXLOWTDAL-26OCT03-B65.5,Lowest temperature Dallas,KDFW,2026-10-03,between,65.0,66.0,The Weather Company,https://weather.com/kalshi,0.02,0.04,0.96,0.98,17.0,29.0,0.0,,2026-10-04T06:00:00Z,active,2026-10-02T21:20:13.371665+00:00
KXLOWTDAL,KXLOWTDAL-26OCT03-B63.5,Lowest temperature Dallas,KDFW,2026-10-03,between,63.0,64.0,The Weather Company,https://weather.com/kalshi,0.0,0.02,0.98,1.0,8.0,0.0,74.0,,2026-10-04T06:00:00Z,active,2026-10-02T21:20:13.371665+00:00
KXLOWTDAL,KXLOWTDAL-26OCT02-T72,Lowest temperature Dallas,KDFW,2026-10-02,greater,72.0,,The Weather Company,https://weather.com/kalshi,0.0,0.01,0.99,1.0,12178.98,0.0,6239.17,,2026-10-03T06:00:00Z,active,2026-10-02T21:20:13.371665+00:00
KXLOWTDAL,KXLOWTDAL-26OCT02-T65,Lowest temperature Dallas,KDFW,2026-10-02,less,,65.0,The Weather Company,https://weather.com/kalshi,0.0,0.01,0.99,1.0,52.0,0.0,265.97,,2026-10-03T06:00:00Z,active,2026-10-02T21:20:13.371665+00:00
KXLOWTDAL,KXLOWTDAL-26OCT02-B71.5,Lowest temperature Dallas,KDFW,2026-10-02,between,71.0,72.0,The Weather Company,https://weather.com/kalshi,0.86,0.89,0.11,0.14,50.77,50.0,547.93,,2026-10-03T06:00:00Z,active,2026-10-02T21:20:13.371665+00:00
KXLOWTDAL,KXLOWTDAL-26OCT02-B69.5,Lowest temperature Dallas,KDFW,2026-10-02,between,69.0,70.0,The Weather Company,https://weather.com/kalshi,0.07,0.11,0.89,0.93,2.0,12.0,90.57,,2026-10-03T06:00:00Z,active,2026-10-02T21:20:13.371665+00:00
KXLOWTDAL,KXLOWTDAL-26OCT02-B67.5,Lowest temperature Dallas,KDFW,2026-10-02,between,67.0,68.0,The Weather Company,https://weather.com/kalshi,0.0,0.02,0.98,1.0,32.0,0.0,151.64,,2026-10-03T06:00:00Z,active,2026-10-02T21:20:13.371665+00:00
KXLOWTDAL,KXLOWTDAL-26OCT02-B65.5,Lowest temperature Dallas,KDFW,2026-10-02,between,65.0,66.0,The Weather Company,https://weather.com/kalshi,0.0,0.01,0.99,1.0,49.0,0.0,181.69,,2026-10-03T06:00:00Z,active,2026-10-02T21:20:13.371665+00:00
KXLOWTAUS,KXLOWTAUS-26OCT03-T71,Lowest temperature in Austin,KAUS,2026-10-03,greater,71.0,,The Weather Company,https://weather.com/kalshi,0.47,0.5,0.5,0.53,3.0,1.0,68.0,,2026-10-04T06:00:00Z,active,2026-10-02T21:20:13.371665+00:00
KXLOWTAUS,KXLOWTAUS-26OCT03-T64,Lowest temperature in Austin,KAUS,2026-10-03,less,,64.0,The Weather Company,https://weather.com/kalshi,0.01,0.02,0.98,0.99,11.0,265.77,111.23,,2026-10-04T06:00:00Z,active,2026-10-02T21:20:13.371665+00:00
KXLOWTAUS,KXLOWTAUS-26OCT03-B70.5,Lowest temperature in Austin,KAUS,2026-10-03,between,70.0,71.0,The Weather Company,https://weather.com/kalshi,0.3,0.37,0.63,0.7,3.0,19.0,36.0,,2026-10-04T06:00:00Z,active,2026-10-02T21:20:13.371665+00:00
KXLOWTAUS,KXLOWTAUS-26OCT03-B68.5,Lowest temperature in Austin,KAUS,2026-10-03,between,68.0,69.0,The Weather Company,https://weather.com/kalshi,0.08,0.18,0.82,0.92,15.0,62.0,54.0,,2026-10-04T06:00:00Z,active,2026-10-02T21:20:13.371665+00:00
KXLOWTAUS,KXLOWTAUS-26OCT03-B66.5,Lowest temperature in Austin,KAUS,2026-10-03,between,66.0,67.0,The Weather Company,https://weather.com/kalshi,0.03,0.08,0.92,0.97,8.0,55.0,1.0,,2026-10-04T06:00:00Z,active,2026-10-02T21:20:13.371665+00:00
KXLOWTAUS,KXLOWTAUS-26OCT03-B64.5,Lowest temperature in Austin,KAUS,2026-10-03,between,64.0,65.0,The Weather Company,https://weather.com/kalshi,0.02,0.03,0.97,0.98,50.0,56.49,28.51,,2026-10-04T06:00:00Z,active,2026-10-02T21:20:13.371665+00:00
KXLOWTAUS,KXLOWTAUS-26OCT02-T72,Lowest temperature in Austin,KAUS,2026-10-02,greater,72.0,,The Weather Company,https://weather.com/kalshi,0.75,0.8,0.2,0.25,1.0,5.0,790.62,,2026-10-03T06:00:00Z,active,2026-10-02T21:20:13.371665+00:00
KXLOWTAUS,KXLOWTAUS-26OCT02-T65,Lowest temperature in Austin,KAUS,2026-10-02,less,,65.0,The Weather Company,https://weather.com/kalshi,0.0,0.01,0.99,1.0,504.0,0.0,265.38,,2026-10-03T06:00:00Z,active,2026-10-02T21:20:13.371665+00:00
KXLOWTAUS,KXLOWTAUS-26OCT02-B71.5,Lowest temperature in Austin,KAUS,2026-10-02,between,71.0,72.0,The Weather Company,https://weather.com/kalshi,0.14,0.17,0.83,0.86,3.0,3.0,173.09,,2026-10-03T06:00:00Z,active,2026-10-02T21:20:13.371665+00:00
KXLOWTAUS,KXLOWTAUS-26OCT02-B69.5,Lowest temperature in Austin,KAUS,2026-10-02,between,69.0,70.0,The Weather Company,https://weather.com/kalshi,0.04,0.05,0.95,0.96,4.0,26.0,276.0,,2026-10-03T06:00:00Z,active,2026-10-02T21:20:13.371665+00:00
KXLOWTAUS,KXLOWTAUS-26OCT02-B67.5,Lowest temperature in Austin,KAUS,2026-10-02,between,67.0,68.0,The Weather Company,https://weather.com/kalshi,0.01,0.04,0.96,0.99,12.0,25.0,224.23,,2026-10-03T06:00:00Z,active,2026-10-02T21:20:13.371665+00:00
KXLOWTAUS,KXLOWTAUS-26OCT02-B65.5,Lowest temperature in Austin,KAUS,2026-10-02,between,65.0,66.0,The Weather Company,https://weather.com/kalshi,0.0,0.01,0.99,1.0,500.0,0.0,189.41,,2026-10-03T06:00:00Z,active,2026-10-02T21:20:13.371665+00:00
KXLOWTNYC,KXLOWTNYC-26OCT03-T62,Lowest temperature in NYC,KNYC,2026-10-03,greater,62.0,,The Weather Company,https://weather.com/kalshi,0.03,0.04,0.96,0.97,1.0,50.0,94.0,,2026-10-04T05:00:00Z,active,2026-10-02T21:20:13.371665+00:00
KXLOWTNYC,KXLOWTNYC-26OCT03-T55,Lowest temperature in NYC,KNYC,2026-10-03,less,,55.0,The Weather Company,https://weather.com/kalshi,0.0,0.04,0.96,1.0,81.0,0.0,224.86,,2026-10-04T05:00:00Z,active,2026-10-02T21:20:13.371665+00:00
KXLOWTNYC,KXLOWTNYC-26OCT03-B61.5,Lowest temperature in NYC,KNYC,2026-10-03,between,61.0,62.0,The Weather Company,https://weather.com/kalshi,0.23,0.34,0.66,0.77,10.0,8.0,77.0,,2026-10-04T05:00:00Z,active,2026-10-02T21:20:13.371665+00:00
KXLOWTNYC,KXLOWTNYC-26OCT03-B59.5,Lowest temperature in NYC,KNYC,2026-10-03,between,59.0,60.0,The Weather Company,https://weather.com/kalshi,0.36,0.54,0.46,0.64,3.0,10.0,2.0,,2026-10-04T05:00:00Z,active,2026-10-02T21:20:13.371665+00:00
KXLOWTNYC,KXLOWTNYC-26OCT03-B57.5,Lowest temperature in NYC,KNYC,2026-10-03,between,57.0,58.0,The Weather Company,https://weather.com/kalshi,0.17,0.25,0.75,0.83,41.0,3.0,100.0,,2026-10-04T05:00:00Z,active,2026-10-02T21:20:13.371665+00:00
KXLOWTNYC,KXLOWTNYC-26OCT03-B55.5,Lowest temperature in NYC,KNYC,2026-10-03,between,55.0,56.0,The Weather Company,https://weather.com/kalshi,0.01,0.03,0.97,0.99,19.0,397.0,158.14,,2026-10-04T05:00:00Z,active,2026-10-02T21:20:13.371665+00:00
KXLOWTNYC,KXLOWTNYC-26OCT02-T68,Lowest temperature in NYC,KNYC,2026-10-02,greater,68.0,,The Weather Company,https://weather.com/kalshi,0.0,0.01,0.99,1.0,10111.15,0.0,750.36,,2026-10-03T05:00:00Z,active,2026-10-02T21:20:13.371665+00:00
KXLOWTNYC,KXLOWTNYC-26OCT02-T61,Lowest temperature in NYC,KNYC,2026-10-02,less,,61.0,The Weather Company,https://weather.com/kalshi,0.0,0.02,0.98,1.0,82.0,0.0,397.0,,2026-10-03T05:00:00Z,active,2026-10-02T21:20:13.371665+00:00
KXLOWTNYC,KXLOWTNYC-26OCT02-B67.5,Lowest temperature in NYC,KNYC,2026-10-02,between,67.0,68.0,The Weather Company,https://weather.com/kalshi,0.7,0.75,0.25,0.3,232.0,35.6,1214.97,,2026-10-03T05:00:00Z,active,2026-10-02T21:20:13.371665+00:00
KXLOWTNYC,KXLOWTNYC-26OCT02-B65.5,Lowest temperature in NYC,KNYC,2026-10-02,between,65.0,66.0,The Weather Company,https://weather.com/kalshi,0.1,0.24,0.76,0.9,51.0,15.74,481.19,,2026-10-03T05:00:00Z,active,2026-10-02T21:20:13.371665+00:00
KXLOWTNYC,KXLOWTNYC-26OCT02-B63.5,Lowest temperature in NYC,KNYC,2026-10-02,between,63.0,64.0,The Weather Company,https://weather.com/kalshi,0.05,0.13,0.87,0.95,39.0,38.0,431.49,,2026-10-03T05:00:00Z,active,2026-10-02T21:20:13.371665+00:00
KXLOWTNYC,KXLOWTNYC-26OCT02-B61.5,Lowest temperature in NYC,KNYC,2026-10-02,between,61.0,62.0,The Weather Company,https://weather.com/kalshi,0.0,0.07,0.93,1.0,50.0,0.0,587.62,,2026-10-03T05:00:00Z,active,2026-10-02T21:20:13.371665+00:00
KXHIGHTSFO,KXHIGHTSFO-26OCT03-T90,San Francisco High Temperature Daily,KSFO,2026-10-03,greater,90.0,,The Weather Company,https://weather.com/kalshi,0.5,0.51,0.49,0.5,19.0,51.01,1766.46,,2026-10-04T08:00:00Z,active,2026-10-02T21:20:13.371665+00:00
KXHIGHTSFO,KXHIGHTSFO-26OCT03-T83,San Francisco High Temperature Daily,KSFO,2026-10-03,less,,83.0,The Weather Company,https://weather.com/kalshi,0.02,0.03,0.97,0.98,99.97,12.8,129.3,,2026-10-04T08:00:00Z,active,2026-10-02T21:20:13.371665+00:00
KXHIGHTSFO,KXHIGHTSFO-26OCT03-B89.5,San Francisco High Temperature Daily,KSFO,2026-10-03,between,89.0,90.0,The Weather Company,https://weather.com/kalshi,0.18,0.19,0.81,0.82,70.97,2.0,253.0,,2026-10-04T08:00:00Z,active,2026-10-02T21:20:13.371665+00:00
KXHIGHTSFO,KXHIGHTSFO-26OCT03-B87.5,San Francisco High Temperature Daily,KSFO,2026-10-03,between,87.0,88.0,The Weather Company,https://weather.com/kalshi,0.15,0.16,0.84,0.85,47.97,305.9,489.07,,2026-10-04T08:00:00Z,active,2026-10-02T21:20:13.371665+00:00
KXHIGHTSFO,KXHIGHTSFO-26OCT03-B85.5,San Francisco High Temperature Daily,KSFO,2026-10-03,between,85.0,86.0,The Weather Company,https://weather.com/kalshi,0.16,0.17,0.83,0.84,153.97,28.78,232.01,,2026-10-04T08:00:00Z,active,2026-10-02T21:20:13.371665+00:00
KXHIGHTSFO,KXHIGHTSFO-26OCT03-B83.5,San Francisco High Temperature Daily,KSFO,2026-10-03,between,83.0,84.0,The Weather Company,https://weather.com/kalshi,0.04,0.05,0.95,0.96,132.37,17.9,224.46,,2026-10-04T08:00:00Z,active,2026-10-02T21:20:13.371665+00:00
KXHIGHTSFO,KXHIGHTSFO-26OCT02-T84,San Francisco High Temperature Daily,KSFO,2026-10-02,greater,84.0,,The Weather Company,https://weather.com/kalshi,0.0,0.01,0.99,1.0,185.17,0.0,1326.58,,2026-10-03T08:00:00Z,active,2026-10-02T21:20:13.371665+00:00
KXHIGHTSFO,KXHIGHTSFO-26OCT02-T77,San Francisco High Temperature Daily,KSFO,2026-10-02,less,,77.0,The Weather Company,https://weather.com/kalshi,0.72,0.75,0.25,0.28,31.45,2.58,9297.36,,2026-10-03T08:00:00Z,active,2026-10-02T21:20:13.371665+00:00
KXHIGHTSFO,KXHIGHTSFO-26OCT02-B83.5,San Francisco High Temperature Daily,KSFO,2026-10-02,between,83.0,84.0,The Weather Company,https://weather.com/kalshi,0.01,0.02,0.98,0.99,5.0,23.1,1047.33,,2026-10-03T08:00:00Z,active,2026-10-02T21:20:13.371665+00:00
KXHIGHTSFO,KXHIGHTSFO-26OCT02-B81.5,San Francisco High Temperature Daily,KSFO,2026-10-02,between,81.0,82.0,The Weather Company,https://weather.com/kalshi,0.02,0.03,0.97,0.98,29.0,30.0,2892.31,,2026-10-03T08:00:00Z,active,2026-10-02T21:20:13.371665+00:00
KXHIGHTSFO,KXHIGHTSFO-26OCT02-B79.5,San Francisco High Temperature Daily,KSFO,2026-10-02,between,79.0,80.0,The Weather Company,https://weather.com/kalshi,0.08,0.09,0.91,0.92,32.5,24.95,5591.34,,2026-10-03T08:00:00Z,active,2026-10-02T21:20:13.371665+00:00
KXHIGHTSFO,KXHIGHTSFO-26OCT02-B77.5,San Francisco High Temperature Daily,KSFO,2026-10-02,between,77.0,78.0,The Weather Company,https://weather.com/kalshi,0.17,0.22,0.78,0.83,4.0,70.6,4709.77,,2026-10-03T08:00:00Z,active,2026-10-02T21:20:13.371665+00:00
KXLOWTSEA,KXLOWTSEA-26OCT03-T54,Low Temperature Seattle,KSEA,2026-10-03,greater,54.0,,The Weather Company,https://weather.com/kalshi,0.33,0.43,0.57,0.67,3.0,11.0,140.0,,2026-10-04T08:00:00Z,active,2026-10-02T21:20:13.371665+00:00
KXLOWTSEA,KXLOWTSEA-26OCT03-T47,Low Temperature Seattle,KSEA,2026-10-03,less,,47.0,The Weather Company,https://weather.com/kalshi,0.0,0.01,0.99,1.0,24.0,0.0,0.0,,2026-10-04T08:00:00Z,active,2026-10-02T21:20:13.371665+00:00
KXLOWTSEA,KXLOWTSEA-26OCT03-B53.5,Low Temperature Seattle,KSEA,2026-10-03,between,53.0,54.0,The Weather Company,https://weather.com/kalshi,0.46,0.57,0.43,0.54,4.0,10.0,42.0,,2026-10-04T08:00:00Z,active,2026-10-02T21:20:13.371665+00:00
KXLOWTSEA,KXLOWTSEA-26OCT03-B51.5,Low Temperature Seattle,KSEA,2026-10-03,between,51.0,52.0,The Weather Company,https://weather.com/kalshi,0.02,0.1,0.9,0.98,10.0,29.0,1.0,,2026-10-04T08:00:00Z,active,2026-10-02T21:20:13.371665+00:00
KXLOWTSEA,KXLOWTSEA-26OCT03-B49.5,Low Temperature Seattle,KSEA,2026-10-03,between,49.0,50.0,The Weather Company,https://weather.com/kalshi,0.01,0.1,0.9,0.99,21.0,299.91,39.09,,2026-10-04T08:00:00Z,active,2026-10-02T21:20:13.371665+00:00
KXLOWTSEA,KXLOWTSEA-26OCT03-B47.5,Low Temperature Seattle,KSEA,2026-10-03,between,47.0,48.0,The Weather Company,https://weather.com/kalshi,0.0,0.05,0.95,1.0,4.0,0.0,222.57,,2026-10-04T08:00:00Z,active,2026-10-02T21:20:13.371665+00:00
KXLOWTSEA,KXLOWTSEA-26OCT02-T51,Low Temperature Seattle,KSEA,2026-10-02,greater,51.0,,The Weather Company,https://weather.com/kalshi,0.99,1.0,0.0,0.01,0.0,400.0,1018.64,,2026-10-03T08:00:00Z,active,2026-10-02T21:20:13.371665+00:00
KXLOWTSEA,KXLOWTSEA-26OCT02-T44,Low Temperature Seattle,KSEA,2026-10-02,less,,44.0,The Weather Company,https://weather.com/kalshi,0.0,0.01,0.99,1.0,316.0,0.0,92.0,,2026-10-03T08:00:00Z,active,2026-10-02T21:20:13.371665+00:00
KXLOWTSEA,KXLOWTSEA-26OCT02-B50.5,Low Temperature Seattle,KSEA,2026-10-02,between,50.0,51.0,The Weather Company,https://weather.com/kalshi,0.0,0.01,0.99,1.0,400.0,0.0,391.2,,2026-10-03T08:00:00Z,active,2026-10-02T21:20:13.371665+00:00
KXLOWTSEA,KXLOWTSEA-26OCT02-B48.5,Low Temperature Seattle,KSEA,2026-10-02,between,48.0,49.0,The Weather Company,https://weather.com/kalshi,0.0,0.01,0.99,1.0,66.0,0.0,97.0,,2026-10-03T08:00:00Z,active,2026-10-02T21:20:13.371665+00:00
KXLOWTSEA,KXLOWTSEA-26OCT02-B46.5,Low Temperature Seattle,KSEA,2026-10-02,between,46.0,47.0,The Weather Company,https://weather.com/kalshi,0.0,0.01,0.99,1.0,26.0,0.0,273.23,,2026-10-03T08:00:00Z,active,2026-10-02T21:20:13.371665+00:00
KXLOWTSEA,KXLOWTSEA-26OCT02-B44.5,Low Temperature Seattle,KSEA,2026-10-02,between,44.0,45.0,The Weather Company,https://weather.com/kalshi,0.0,0.01,0.99,1.0,316.0,0.0,280.37,,2026-10-03T08:00:00Z,active,2026-10-02T21:20:13.371665+00:00
KXLOWTPHIL,KXLOWTPHIL-26OCT03-T61,Lowest temperature in Philadelphia,KPHL,2026-10-03,greater,61.0,,The Weather Company,https://weather.com/kalshi,0.56,0.58,0.42,0.44,24.0,1.0,245.1,,2026-10-04T05:00:00Z,active,2026-10-02T21:20:13.371665+00:00
KXLOWTPHIL,KXLOWTPHIL-26OCT03-T54,Lowest temperature in Philadelphia,KPHL,2026-10-03,less,,54.0,The Weather Company,https://weather.com/kalshi,0.0,0.01,0.99,1.0,184.0,0.0,14.0,,2026-10-04T05:00:00Z,active,2026-10-02T21:20:13.371665+00:00
KXLOWTPHIL,KXLOWTPHIL-26OCT03-B60.5,Lowest temperature in Philadelphia,KPHL,2026-10-03,between,60.0,61.0,The Weather Company,https://weather.com/kalshi,0.27,0.36,0.64,0.73,6.0,7.0,1.0,,2026-10-04T05:00:00Z,active,2026-10-02T21:20:13.371665+00:00
KXLOWTPHIL,KXLOWTPHIL-26OCT03-B58.5,Lowest temperature in Philadelphia,KPHL,2026-10-03,between,58.0,59.0,The Weather Company,https://weather.com/kalshi,0.07,0.11,0.89,0.93,6.0,50.0,21.0,,2026-10-04T05:00:00Z,active,2026-10-02T21:20:13.371665+00:00
KXLOWTPHIL,KXLOWTPHIL-26OCT03-B56.5,Lowest temperature in Philadelphia,KPHL,2026-10-03,between,56.0,57.0,The Weather Company,https://weather.com/kalshi,0.02,0.05,0.95,0.98,20.0,29.0,5.14,,2026-10-04T05:00:00Z,active,2026-10-02T21:20:13.371665+00:00
KXLOWTPHIL,KXLOWTPHIL-26OCT03-B54.5,Lowest temperature in Philadelphia,KPHL,2026-10-03,between,54.0,55.0,The Weather Company,https://weather.com/kalshi,0.0,0.01,0.99,1.0,12.0,0.0,44.0,,2026-10-04T05:00:00Z,active,2026-10-02T21:20:13.371665+00:00
KXLOWTPHIL,KXLOWTPHIL-26OCT02-T67,Lowest temperature in Philadelphia,KPHL,2026-10-02,greater,67.0,,The Weather Company,https://weather.com/kalshi,0.0,0.01,0.99,1.0,22321.15,0.0,615.0,,2026-10-03T05:00:00Z,active,2026-10-02T21:20:13.371665+00:00
KXLOWTPHIL,KXLOWTPHIL-26OCT02-T60,Lowest temperature in Philadelphia,KPHL,2026-10-02,less,,60.0,The Weather Company,https://weather.com/kalshi,0.0,0.01,0.99,1.0,1136.0,0.0,18.0,,2026-10-03T05:00:00Z,active,2026-10-02T21:20:13.371665+00:00
KXLOWTPHIL,KXLOWTPHIL-26OCT02-B66.5,Lowest temperature in Philadelphia,KPHL,2026-10-02,between,66.0,67.0,The Weather Company,https://weather.com/kalshi,0.98,0.99,0.01,0.02,358.73,58.0,1197.93,,2026-10-03T05:00:00Z,active,2026-10-02T21:20:13.371665+00:00
KXLOWTPHIL,KXLOWTPHIL-26OCT02-B64.5,Lowest temperature in Philadelphia,KPHL,2026-10-02,between,64.0,65.0,The Weather Company,https://weather.com/kalshi,0.01,0.02,0.98,0.99,61.0,16.0,430.93,,2026-10-03T05:00:00Z,active,2026-10-02T21:20:13.371665+00:00
KXLOWTPHIL,KXLOWTPHIL-26OCT02-B62.5,Lowest temperature in Philadelphia,KPHL,2026-10-02,between,62.0,63.0,The Weather Company,https://weather.com/kalshi,0.0,0.01,0.99,1.0,50.0,0.0,183.43,,2026-10-03T05:00:00Z,active,2026-10-02T21:20:13.371665+00:00
KXLOWTPHIL,KXLOWTPHIL-26OCT02-B60.5,Lowest temperature in Philadelphia,KPHL,2026-10-02,between,60.0,61.0,The Weather Company,https://weather.com/kalshi,0.0,0.01,0.99,1.0,50.0,0.0,227.56,,2026-10-03T05:00:00Z,active,2026-10-02T21:20:13.371665+00:00
KXHIGHLAX,KXHIGHLAX-26OCT03-T98,Highest temperature in Los Angeles,KLAX,2026-10-03,greater,98.0,,The Weather Company,https://weather.com/kalshi,0.23,0.24,0.76,0.77,86.03,43.49,6659.99,,2026-10-04T08:00:00Z,active,2026-10-02T21:20:13.371665+00:00
KXHIGHLAX,KXHIGHLAX-26OCT03-T91,Highest temperature in Los Angeles,KLAX,2026-10-03,less,,91.0,The Weather Company,https://weather.com/kalshi,0.03,0.05,0.95,0.97,116.0,27.0,2568.43,,2026-10-04T08:00:00Z,active,2026-10-02T21:20:13.371665+00:00
KXHIGHLAX,KXHIGHLAX-26OCT03-B97.5,Highest temperature in Los Angeles,KLAX,2026-10-03,between,97.0,98.0,The Weather Company,https://weather.com/kalshi,0.24,0.25,0.75,0.76,197.07,63.01,3596.37,,2026-10-04T08:00:00Z,active,2026-10-02T21:20:13.371665+00:00
KXHIGHLAX,KXHIGHLAX-26OCT03-B95.5,Highest temperature in Los Angeles,KLAX,2026-10-03,between,95.0,96.0,The Weather Company,https://weather.com/kalshi,0.27,0.28,0.72,0.73,101.04,110.0,3155.49,,2026-10-04T08:00:00Z,active,2026-10-02T21:20:13.371665+00:00
KXHIGHLAX,KXHIGHLAX-26OCT03-B93.5,Highest temperature in Los Angeles,KLAX,2026-10-03,between,93.0,94.0,The Weather Company,https://weather.com/kalshi,0.15,0.16,0.84,0.85,72.45,14.0,4946.5,,2026-10-04T08:00:00Z,active,2026-10-02T21:20:13.371665+00:00
KXHIGHLAX,KXHIGHLAX-26OCT03-B91.5,Highest temperature in Los Angeles,KLAX,2026-10-03,between,91.0,92.0,The Weather Company,https://weather.com/kalshi,0.07,0.09,0.91,0.93,127.01,55.16,5325.5,,2026-10-04T08:00:00Z,active,2026-10-02T21:20:13.371665+00:00
KXHIGHLAX,KXHIGHLAX-26OCT02-T92,Highest temperature in Los Angeles,KLAX,2026-10-02,greater,92.0,,The Weather Company,https://weather.com/kalshi,0.0,0.01,0.99,1.0,250393.99,0.0,405730.44,,2026-10-03T08:00:00Z,active,2026-10-02T21:20:13.371665+00:00
KXHIGHLAX,KXHIGHLAX-26OCT02-T85,Highest temperature in Los Angeles,KLAX,2026-10-02,less,,85.0,The Weather Company,https://weather.com/kalshi,0.0,0.01,0.99,1.0,292582.43,0.0,107078.85,,2026-10-03T08:00:00Z,active,2026-10-02T21:20:13.371665+00:00
KXHIGHLAX,KXHIGHLAX-26OCT02-B91.5,Highest temperature in Los Angeles,KLAX,2026-10-02,between,91.0,92.0,The Weather Company,https://weather.com/kalshi,0.0,0.01,0.99,1.0,11438.9,0.0,108215.35,,2026-10-03T08:00:00Z,active,2026-10-02T21:20:13.371665+00:00
KXHIGHLAX,KXHIGHLAX-26OCT02-B89.5,Highest temperature in Los Angeles,KLAX,2026-10-02,between,89.0,90.0,The Weather Company,https://weather.com/kalshi,0.06,0.08,0.92,0.94,13.6,183.44,92123.66,,2026-10-03T08:00:00Z,active,2026-10-02T21:20:13.371665+00:00
KXHIGHLAX,KXHIGHLAX-26OCT02-B87.5,Highest temperature in Los Angeles,KLAX,2026-10-02,between,87.0,88.0,The Weather Company,https://weather.com/kalshi,0.92,0.94,0.06,0.08,462.0,16.0,108030.01,,2026-10-03T08:00:00Z,active,2026-10-02T21:20:13.371665+00:00
KXHIGHLAX,KXHIGHLAX-26OCT02-B85.5,Highest temperature in Los Angeles,KLAX,2026-10-02,between,85.0,86.0,The Weather Company,https://weather.com/kalshi,0.0,0.01,0.99,1.0,352935.1,0.0,126652.34,,2026-10-03T08:00:00Z,active,2026-10-02T21:20:13.371665+00:00
KXLOWTSFO,KXLOWTSFO-26OCT03-T62,Lowest Temperature San Francisco,KSFO,2026-10-03,greater,62.0,,The Weather Company,https://weather.com/kalshi,0.01,0.02,0.98,0.99,28.0,1.0,192.39,,2026-10-04T08:00:00Z,active,2026-10-02T21:20:13.371665+00:00
KXLOWTSFO,KXLOWTSFO-26OCT03-T55,Lowest Temperature San Francisco,KSFO,2026-10-03,less,,55.0,The Weather Company,https://weather.com/kalshi,0.0,0.02,0.98,1.0,21.0,0.0,198.62,,2026-10-04T08:00:00Z,active,2026-10-02T21:20:13.371665+00:00
KXLOWTSFO,KXLOWTSFO-26OCT03-B61.5,Lowest Temperature San Francisco,KSFO,2026-10-03,between,61.0,62.0,The Weather Company,https://weather.com/kalshi,0.17,0.28,0.72,0.83,10.0,31.0,51.0,,2026-10-04T08:00:00Z,active,2026-10-02T21:20:13.371665+00:00
KXLOWTSFO,KXLOWTSFO-26OCT03-B59.5,Lowest Temperature San Francisco,KSFO,2026-10-03,between,59.0,60.0,The Weather Company,https://weather.com/kalshi,0.39,0.56,0.44,0.61,12.0,10.0,43.0,,2026-10-04T08:00:00Z,active,2026-10-02T21:20:13.371665+00:00
KXLOWTSFO,KXLOWTSFO-26OCT03-B57.5,Lowest Temperature San Francisco,KSFO,2026-10-03,between,57.0,58.0,The Weather Company,https://weather.com/kalshi,0.24,0.34,0.66,0.76,10.0,8.0,68.0,,2026-10-04T08:00:00Z,active,2026-10-02T21:20:13.371665+00:00
KXLOWTSFO,KXLOWTSFO-26OCT03-B55.5,Lowest Temperature San Francisco,KSFO,2026-10-03,between,55.0,56.0,The Weather Company,https://weather.com/kalshi,0.03,0.08,0.92,0.97,77.0,40.0,98.43,,2026-10-04T08:00:00Z,active,2026-10-02T21:20:13.371665+00:00
KXLOWTSFO,KXLOWTSFO-26OCT02-T60,Lowest Temperature San Francisco,KSFO,2026-10-02,greater,60.0,,The Weather Company,https://weather.com/kalshi,0.0,0.01,0.99,1.0,22234.15,0.0,153.0,,2026-10-03T08:00:00Z,active,2026-10-02T21:20:13.371665+00:00
KXLOWTSFO,KXLOWTSFO-26OCT02-T53,Lowest Temperature San Francisco,KSFO,2026-10-02,less,,53.0,The Weather Company,https://weather.com/kalshi,0.0,0.01,0.99,1.0,218.0,0.0,352.43,,2026-10-03T08:00:00Z,active,2026-10-02T21:20:13.371665+00:00
KXLOWTSFO,KXLOWTSFO-26OCT02-B59.5,Lowest Temperature San Francisco,KSFO,2026-10-02,between,59.0,60.0,The Weather Company,https://weather.com/kalshi,0.0,0.01,0.99,1.0,21529.15,0.0,314.0,,2026-10-03T08:00:00Z,active,2026-10-02T21:20:13.371665+00:00
KXLOWTSFO,KXLOWTSFO-26OCT02-B57.5,Lowest Temperature San Francisco,KSFO,2026-10-02,between,57.0,58.0,The Weather Company,https://weather.com/kalshi,0.0,0.01,0.99,1.0,29191.15,0.0,570.38,,2026-10-03T08:00:00Z,active,2026-10-02T21:20:13.371665+00:00
KXLOWTSFO,KXLOWTSFO-26OCT02-B55.5,Lowest Temperature San Francisco,KSFO,2026-10-02,between,55.0,56.0,The Weather Company,https://weather.com/kalshi,0.99,1.0,0.0,0.01,0.0,400.0,1122.3,,2026-10-03T08:00:00Z,active,2026-10-02T21:20:13.371665+00:00
KXLOWTSFO,KXLOWTSFO-26OCT02-B53.5,Lowest Temperature San Francisco,KSFO,2026-10-02,between,53.0,54.0,The Weather Company,https://weather.com/kalshi,0.0,0.01,0.99,1.0,405.0,0.0,519.44,,2026-10-03T08:00:00Z,active,2026-10-02T21:20:13.371665+00:00
KXHIGHTTTN,KXHIGHTTTN-26OCT03-T76,"Trenton, NJ Daily Max Temp",KTTN,2026-10-03,greater,76.0,,The Weather Company,https://weather.com/kalshi,0.0,0.07,0.93,1.0,37.0,0.0,30.0,,2026-10-04T05:00:00Z,active,2026-10-02T21:20:13.371665+00:00
KXHIGHTTTN,KXHIGHTTTN-26OCT03-T69,"Trenton, NJ Daily Max Temp",KTTN,2026-10-03,less,,69.0,The Weather Company,https://weather.com/kalshi,0.01,0.08,0.92,0.99,14.0,80.0,20.37,,2026-10-04T05:00:00Z,active,2026-10-02T21:20:13.371665+00:00
KXHIGHTTTN,KXHIGHTTTN-26OCT03-B75.5,"Trenton, NJ Daily Max Temp",KTTN,2026-10-03,between,75.0,76.0,The Weather Company,https://weather.com/kalshi,0.02,0.06,0.94,0.98,1.0,97.0,0.0,,2026-10-04T05:00:00Z,active,2026-10-02T21:20:13.371665+00:00
KXHIGHTTTN,KXHIGHTTTN-26OCT03-B73.5,"Trenton, NJ Daily Max Temp",KTTN,2026-10-03,between,73.0,74.0,The Weather Company,https://weather.com/kalshi,0.36,0.56,0.44,0.64,10.0,3.0,3.0,,2026-10-04T05:00:00Z,active,2026-10-02T21:20:13.371665+00:00
KXHIGHTTTN,KXHIGHTTTN-26OCT03-B71.5,"Trenton, NJ Daily Max Temp",KTTN,2026-10-03,between,71.0,72.0,The Weather Company,https://weather.com/kalshi,0.35,0.54,0.46,0.65,11.0,10.0,1.0,,2026-10-04T05:00:00Z,active,2026-10-02T21:20:13.371665+00:00
KXHIGHTTTN,KXHIGHTTTN-26OCT03-B69.5,"Trenton, NJ Daily Max Temp",KTTN,2026-10-03,between,69.0,70.0,The Weather Company,https://weather.com/kalshi,0.05,0.14,0.86,0.95,3.0,134.0,1.0,,2026-10-04T05:00:00Z,active,2026-10-02T21:20:13.371665+00:00
KXHIGHTTTN,KXHIGHTTTN-26OCT02-T88,"Trenton, NJ Daily Max Temp",KTTN,2026-10-02,greater,88.0,,The Weather Company,https://weather.com/kalshi,0.0,0.01,0.99,1.0,1822.71,0.0,621.92,,2026-10-03T05:00:00Z,active,2026-10-02T21:20:13.371665+00:00
KXHIGHTTTN,KXHIGHTTTN-26OCT02-T81,"Trenton, NJ Daily Max Temp",KTTN,2026-10-02,less,,81.0,The Weather Company,https://weather.com/kalshi,0.0,0.01,0.99,1.0,10242.0,0.0,442.0,,2026-10-03T05:00:00Z,active,2026-10-02T21:20:13.371665+00:00
KXHIGHTTTN,KXHIGHTTTN-26OCT02-B87.5,"Trenton, NJ Daily Max Temp",KTTN,2026-10-02,between,87.0,88.0,The Weather Company,https://weather.com/kalshi,0.99,1.0,0.0,0.01,0.0,1397.0,1504.86,,2026-10-03T05:00:00Z,active,2026-10-02T21:20:13.371665+00:00
KXHIGHTTTN,KXHIGHTTTN-26OCT02-B85.5,"Trenton, NJ Daily Max Temp",KTTN,2026-10-02,between,85.0,86.0,The Weather Company,https://weather.com/kalshi,0.0,0.01,0.99,1.0,9650.66,0.0,4468.68,,2026-10-03T05:00:00Z,active,2026-10-02T21:20:13.371665+00:00
KXHIGHTTTN,KXHIGHTTTN-26OCT02-B83.5,"Trenton, NJ Daily Max Temp",KTTN,2026-10-02,between,83.0,84.0,The Weather Company,https://weather.com/kalshi,0.0,0.01,0.99,1.0,10938.0,0.0,846.49,,2026-10-03T05:00:00Z,active,2026-10-02T21:20:13.371665+00:00
KXHIGHTTTN,KXHIGHTTTN-26OCT02-B81.5,"Trenton, NJ Daily Max Temp",KTTN,2026-10-02,between,81.0,82.0,The Weather Company,https://weather.com/kalshi,0.0,0.01,0.99,1.0,11163.0,0.0,535.2,,2026-10-03T05:00:00Z,active,2026-10-02T21:20:13.371665+00:00
KXLOWTATL,KXLOWTATL-26OCT03-T72,Low Temperature Atlanta,KATL,2026-10-03,greater,72.0,,The Weather Company,https://weather.com/kalshi,0.17,0.2,0.8,0.83,12.0,27.0,49.14,,2026-10-04T05:00:00Z,active,2026-10-02T21:20:13.371665+00:00
KXLOWTATL,KXLOWTATL-26OCT03-T65,Low Temperature Atlanta,KATL,2026-10-03,less,,65.0,The Weather Company,https://weather.com/kalshi,0.0,0.03,0.97,1.0,10.0,0.0,204.32,,2026-10-04T05:00:00Z,active,2026-10-02T21:20:13.371665+00:00
KXLOWTATL,KXLOWTATL-26OCT03-B71.5,Low Temperature Atlanta,KATL,2026-10-03,between,71.0,72.0,The Weather Company,https://weather.com/kalshi,0.47,0.58,0.42,0.53,4.0,10.0,5.0,,2026-10-04T05:00:00Z,active,2026-10-02T21:20:13.371665+00:00
KXLOWTATL,KXLOWTATL-26OCT03-B69.5,Low Temperature Atlanta,KATL,2026-10-03,between,69.0,70.0,The Weather Company,https://weather.com/kalshi,0.21,0.3,0.7,0.79,5.0,34.0,52.0,,2026-10-04T05:00:00Z,active,2026-10-02T21:20:13.371665+00:00
KXLOWTATL,KXLOWTATL-26OCT03-B67.5,Low Temperature Atlanta,KATL,2026-10-03,between,67.0,68.0,The Weather Company,https://weather.com/kalshi,0.02,0.03,0.97,0.98,5.0,33.91,5.09,,2026-10-04T05:00:00Z,active,2026-10-02T21:20:13.371665+00:00
KXLOWTATL,KXLOWTATL-26OCT03-B65.5,Low Temperature Atlanta,KATL,2026-10-03,between,65.0,66.0,The Weather Company,https://weather.com/kalshi,0.01,0.05,0.95,0.99,2.0,120.73,22.27,,2026-10-04T05:00:00Z,active,2026-10-02T21:20:13.371665+00:00
KXLOWTATL,KXLOWTATL-26OCT02-T71,Low Temperature Atlanta,KATL,2026-10-02,greater,71.0,,The Weather Company,https://weather.com/kalshi,0.0,0.01,0.99,1.0,26723.46,0.0,364.0,,2026-10-03T05:00:00Z,active,2026-10-02T21:20:13.371665+00:00
KXLOWTATL,KXLOWTATL-26OCT02-T64,Low Temperature Atlanta,KATL,2026-10-02,less,,64.0,The Weather Company,https://weather.com/kalshi,0.0,0.01,0.99,1.0,5.0,0.0,212.19,,2026-10-03T05:00:00Z,active,2026-10-02T21:20:13.371665+00:00
KXLOWTATL,KXLOWTATL-26OCT02-B70.5,Low Temperature Atlanta,KATL,2026-10-02,between,70.0,71.0,The Weather Company,https://weather.com/kalshi,0.97,0.98,0.02,0.03,24.02,89.0,1165.77,,2026-10-03T05:00:00Z,active,2026-10-02T21:20:13.371665+00:00
KXLOWTATL,KXLOWTATL-26OCT02-B68.5,Low Temperature Atlanta,KATL,2026-10-02,between,68.0,69.0,The Weather Company,https://weather.com/kalshi,0.0,0.02,0.98,1.0,55.0,0.0,304.86,,2026-10-03T05:00:00Z,active,2026-10-02T21:20:13.371665+00:00
KXLOWTATL,KXLOWTATL-26OCT02-B66.5,Low Temperature Atlanta,KATL,2026-10-02,between,66.0,67.0,The Weather Company,https://weather.com/kalshi,0.0,0.02,0.98,1.0,5.0,0.0,186.28,,2026-10-03T05:00:00Z,active,2026-10-02T21:20:13.371665+00:00
KXLOWTATL,KXLOWTATL-26OCT02-B64.5,Low Temperature Atlanta,KATL,2026-10-02,between,64.0,65.0,The Weather Company,https://weather.com/kalshi,0.0,0.02,0.98,1.0,5.0,0.0,201.22,,2026-10-03T05:00:00Z,active,2026-10-02T21:20:13.371665+00:00
KXLOWTNOLA,KXLOWTNOLA-26OCT03-T77,NOLA Low Temperature,KMSY,2026-10-03,greater,77.0,,The Weather Company,https://weather.com/kalshi,0.06,0.09,0.91,0.94,6.0,1.0,12.07,,2026-10-04T06:00:00Z,active,2026-10-02T21:20:13.371665+00:00
KXLOWTNOLA,KXLOWTNOLA-26OCT03-T70,NOLA Low Temperature,KMSY,2026-10-03,less,,70.0,The Weather Company,https://weather.com/kalshi,0.0,0.01,0.99,1.0,24.0,0.0,0.0,,2026-10-04T06:00:00Z,active,2026-10-02T21:20:13.371665+00:00
KXLOWTNOLA,KXLOWTNOLA-26OCT03-B76.5,NOLA Low Temperature,KMSY,2026-10-03,between,76.0,77.0,The Weather Company,https://weather.com/kalshi,0.46,0.51,0.49,0.54,9.26,6.0,59.0,,2026-10-04T06:00:00Z,active,2026-10-02T21:20:13.371665+00:00
KXLOWTNOLA,KXLOWTNOLA-26OCT03-B74.5,NOLA Low Temperature,KMSY,2026-10-03,between,74.0,75.0,The Weather Company,https://weather.com/kalshi,0.27,0.34,0.66,0.73,5.0,23.93,0.0,,2026-10-04T06:00:00Z,active,2026-10-02T21:20:13.371665+00:00
KXLOWTNOLA,KXLOWTNOLA-26OCT03-B72.5,NOLA Low Temperature,KMSY,2026-10-03,between,72.0,73.0,The Weather Company,https://weather.com/kalshi,0.08,0.11,0.89,0.92,5.0,8.3,10.11,,2026-10-04T06:00:00Z,active,2026-10-02T21:20:13.371665+00:00
KXLOWTNOLA,KXLOWTNOLA-26OCT03-B70.5,NOLA Low Temperature,KMSY,2026-10-03,between,70.0,71.0,The Weather Company,https://weather.com/kalshi,0.01,0.05,0.95,0.99,19.0,84.82,20.18,,2026-10-04T06:00:00Z,active,2026-10-02T21:20:13.371665+00:00
KXLOWTNOLA,KXLOWTNOLA-26OCT02-T79,NOLA Low Temperature,KMSY,2026-10-02,greater,79.0,,The Weather Company,https://weather.com/kalshi,0.0,0.01,0.99,1.0,23291.15,0.0,264.21,,2026-10-03T06:00:00Z,active,2026-10-02T21:20:13.371665+00:00
KXLOWTNOLA,KXLOWTNOLA-26OCT02-T72,NOLA Low Temperature,KMSY,2026-10-02,less,,72.0,The Weather Company,https://weather.com/kalshi,0.0,0.03,0.97,1.0,226.0,0.0,235.43,,2026-10-03T06:00:00Z,active,2026-10-02T21:20:13.371665+00:00
KXLOWTNOLA,KXLOWTNOLA-26OCT02-B78.5,NOLA Low Temperature,KMSY,2026-10-02,between,78.0,79.0,The Weather Company,https://weather.com/kalshi,0.61,0.88,0.12,0.39,1.0,9.0,525.99,,2026-10-03T06:00:00Z,active,2026-10-02T21:20:13.371665+00:00
KXLOWTNOLA,KXLOWTNOLA-26OCT02-B76.5,NOLA Low Temperature,KMSY,2026-10-02,between,76.0,77.0,The Weather Company,https://weather.com/kalshi,0.1,0.3,0.7,0.9,50.0,10.0,163.39,,2026-10-03T06:00:00Z,active,2026-10-02T21:20:13.371665+00:00
KXLOWTNOLA,KXLOWTNOLA-26OCT02-B74.5,NOLA Low Temperature,KMSY,2026-10-02,between,74.0,75.0,The Weather Company,https://weather.com/kalshi,0.03,0.14,0.86,0.97,68.0,25.0,225.34,,2026-10-03T06:00:00Z,active,2026-10-02T21:20:13.371665+00:00
KXLOWTNOLA,KXLOWTNOLA-26OCT02-B72.5,NOLA Low Temperature,KMSY,2026-10-02,between,72.0,73.0,The Weather Company,https://weather.com/kalshi,0.0,0.03,0.97,1.0,13.0,0.0,109.36,,2026-10-03T06:00:00Z,active,2026-10-02T21:20:13.371665+00:00
KXHIGHTSATX,KXHIGHTSATX-26OCT03-T87,San Antonio Daily Maximum Temperature,KSAT,2026-10-03,greater,87.0,,The Weather Company,https://weather.com/kalshi,0.01,0.02,0.98,0.99,332.0,36.77,175.23,,2026-10-04T06:00:00Z,active,2026-10-02T21:20:13.371665+00:00
KXHIGHTSATX,KXHIGHTSATX-26OCT03-T80,San Antonio Daily Maximum Temperature,KSAT,2026-10-03,less,,80.0,The Weather Company,https://weather.com/kalshi,0.1,0.14,0.86,0.9,3.2,26.0,700.72,,2026-10-04T06:00:00Z,active,2026-10-02T21:20:13.371665+00:00
KXHIGHTSATX,KXHIGHTSATX-26OCT03-B86.5,San Antonio Daily Maximum Temperature,KSAT,2026-10-03,between,86.0,87.0,The Weather Company,https://weather.com/kalshi,0.07,0.08,0.92,0.93,6.1,70.0,1013.34,,2026-10-04T06:00:00Z,active,2026-10-02T21:20:13.371665+00:00
KXHIGHTSATX,KXHIGHTSATX-26OCT03-B84.5,San Antonio Daily Maximum Temperature,KSAT,2026-10-03,between,84.0,85.0,The Weather Company,https://weather.com/kalshi,0.19,0.2,0.8,0.81,7.0,4.0,312.0,,2026-10-04T06:00:00Z,active,2026-10-02T21:20:13.371665+00:00
KXHIGHTSATX,KXHIGHTSATX-26OCT03-B82.5,San Antonio Daily Maximum Temperature,KSAT,2026-10-03,between,82.0,83.0,The Weather Company,https://weather.com/kalshi,0.31,0.33,0.67,0.69,7.6,56.0,376.0,,2026-10-04T06:00:00Z,active,2026-10-02T21:20:13.371665+00:00
KXHIGHTSATX,KXHIGHTSATX-26OCT03-B80.5,San Antonio Daily Maximum Temperature,KSAT,2026-10-03,between,80.0,81.0,The Weather Company,https://weather.com/kalshi,0.27,0.29,0.71,0.73,19.0,55.0,544.22,,2026-10-04T06:00:00Z,active,2026-10-02T21:20:13.371665+00:00
KXHIGHTSATX,KXHIGHTSATX-26OCT02-T86,San Antonio Daily Maximum Temperature,KSAT,2026-10-02,greater,86.0,,The Weather Company,https://weather.com/kalshi,0.0,0.01,0.99,1.0,1288.78,0.0,301.22,,2026-10-03T06:00:00Z,active,2026-10-02T21:20:13.371665+00:00
KXHIGHTSATX,KXHIGHTSATX-26OCT02-T79,San Antonio Daily Maximum Temperature,KSAT,2026-10-02,less,,79.0,The Weather Company,https://weather.com/kalshi,0.0,0.01,0.99,1.0,4792.03,0.0,6005.6,,2026-10-03T06:00:00Z,active,2026-10-02T21:20:13.371665+00:00
KXHIGHTSATX,KXHIGHTSATX-26OCT02-B85.5,San Antonio Daily Maximum Temperature,KSAT,2026-10-02,between,85.0,86.0,The Weather Company,https://weather.com/kalshi,0.0,0.01,0.99,1.0,38.78,0.0,852.49,,2026-10-03T06:00:00Z,active,2026-10-02T21:20:13.371665+00:00
KXHIGHTSATX,KXHIGHTSATX-26OCT02-B83.5,San Antonio Daily Maximum Temperature,KSAT,2026-10-02,between,83.0,84.0,The Weather Company,https://weather.com/kalshi,0.01,0.02,0.98,0.99,84.0,30.8,1348.58,,2026-10-03T06:00:00Z,active,2026-10-02T21:20:13.371665+00:00
KXHIGHTSATX,KXHIGHTSATX-26OCT02-B81.5,San Antonio Daily Maximum Temperature,KSAT,2026-10-02,between,81.0,82.0,The Weather Company,https://weather.com/kalshi,0.34,0.35,0.65,0.66,33.0,0.5,1759.13,,2026-10-03T06:00:00Z,active,2026-10-02T21:20:13.371665+00:00
KXHIGHTSATX,KXHIGHTSATX-26OCT02-B79.5,San Antonio Daily Maximum Temperature,KSAT,2026-10-02,between,79.0,80.0,The Weather Company,https://weather.com/kalshi,0.66,0.69,0.31,0.34,25.0,1.5,3855.88,,2026-10-03T06:00:00Z,active,2026-10-02T21:20:13.371665+00:00
KXLOWTHOU,KXLOWTHOU-26OCT03-T78,Low Temperature Houston,KHOU,2026-10-03,greater,78.0,,The Weather Company,https://weather.com/kalshi,0.0,0.09,0.91,1.0,18.0,0.0,129.0,,2026-10-04T06:00:00Z,active,2026-10-02T21:20:13.371665+00:00
KXLOWTHOU,KXLOWTHOU-26OCT03-T71,Low Temperature Houston,KHOU,2026-10-03,less,,71.0,The Weather Company,https://weather.com/kalshi,0.0,0.01,0.99,1.0,24.0,0.0,0.0,,2026-10-04T06:00:00Z,active,2026-10-02T21:20:13.371665+00:00
KXLOWTHOU,KXLOWTHOU-26OCT03-B77.5,Low Temperature Houston,KHOU,2026-10-03,between,77.0,78.0,The Weather Company,https://weather.com/kalshi,0.18,0.28,0.72,0.82,3.0,7.24,0.0,,2026-10-04T06:00:00Z,active,2026-10-02T21:20:13.371665+00:00
KXLOWTHOU,KXLOWTHOU-26OCT03-B75.5,Low Temperature Houston,KHOU,2026-10-03,between,75.0,76.0,The Weather Company,https://weather.com/kalshi,0.51,0.61,0.39,0.49,71.0,3.0,53.0,,2026-10-04T06:00:00Z,active,2026-10-02T21:20:13.371665+00:00
KXLOWTHOU,KXLOWTHOU-26OCT03-B73.5,Low Temperature Houston,KHOU,2026-10-03,between,73.0,74.0,The Weather Company,https://weather.com/kalshi,0.12,0.26,0.74,0.88,10.0,66.0,12.0,,2026-10-04T06:00:00Z,active,2026-10-02T21:20:13.371665+00:00
KXLOWTHOU,KXLOWTHOU-26OCT03-B71.5,Low Temperature Houston,KHOU,2026-10-03,between,71.0,72.0,The Weather Company,https://weather.com/kalshi,0.02,0.12,0.88,0.98,22.0,29.0,10.09,,2026-10-04T06:00:00Z,active,2026-10-02T21:20:13.371665+00:00
KXLOWTHOU,KXLOWTHOU-26OCT02-T79,Low Temperature Houston,KHOU,2026-10-02,greater,79.0,,The Weather Company,https://weather.com/kalshi,0.0,0.01,0.99,1.0,11615.15,0.0,297.0,,2026-10-03T06:00:00Z,active,2026-10-02T21:20:13.371665+00:00
KXLOWTHOU,KXLOWTHOU-26OCT02-T72,Low Temperature Houston,KHOU,2026-10-02,less,,72.0,The Weather Company,https://weather.com/kalshi,0.0,0.02,0.98,1.0,89.0,0.0,97.0,,2026-10-03T06:00:00Z,active,2026-10-02T21:20:13.371665+00:00
KXLOWTHOU,KXLOWTHOU-26OCT02-B78.5,Low Temperature Houston,KHOU,2026-10-02,between,78.0,79.0,The Weather Company,https://weather.com/kalshi,0.0,0.01,0.99,1.0,14375.15,0.0,534.0,,2026-10-03T06:00:00Z,active,2026-10-02T21:20:13.371665+00:00
KXLOWTHOU,KXLOWTHOU-26OCT02-B76.5,Low Temperature Houston,KHOU,2026-10-02,between,76.0,77.0,The Weather Company,https://weather.com/kalshi,0.9,0.97,0.03,0.1,42.0,55.0,561.45,,2026-10-03T06:00:00Z,active,2026-10-02T21:20:13.371665+00:00
KXLOWTHOU,KXLOWTHOU-26OCT02-B74.5,Low Temperature Houston,KHOU,2026-10-02,between,74.0,75.0,The Weather Company,https://weather.com/kalshi,0.02,0.09,0.91,0.98,6.0,39.0,460.03,,2026-10-03T06:00:00Z,active,2026-10-02T21:20:13.371665+00:00
KXLOWTHOU,KXLOWTHOU-26OCT02-B72.5,Low Temperature Houston,KHOU,2026-10-02,between,72.0,73.0,The Weather Company,https://weather.com/kalshi,0.01,0.02,0.98,0.99,78.0,100.0,341.67,,2026-10-03T06:00:00Z,active,2026-10-02T21:20:13.371665+00:00
KXHIGHTLV,KXHIGHTLV-26OCT03-T99,Las Vegas Max Daily Temperature,KLAS,2026-10-03,greater,99.0,,The Weather Company,https://weather.com/kalshi,0.0,0.01,0.99,1.0,26.0,0.0,483.0,,2026-10-04T08:00:00Z,active,2026-10-02T21:20:13.371665+00:00
KXHIGHTLV,KXHIGHTLV-26OCT03-T92,Las Vegas Max Daily Temperature,KLAS,2026-10-03,less,,92.0,The Weather Company,https://weather.com/kalshi,0.0,0.01,0.99,1.0,26.0,0.0,523.12,,2026-10-04T08:00:00Z,active,2026-10-02T21:20:13.371665+00:00
KXHIGHTLV,KXHIGHTLV-26OCT03-B98.5,Las Vegas Max Daily Temperature,KLAS,2026-10-03,between,98.0,99.0,The Weather Company,https://weather.com/kalshi,0.08,0.09,0.91,0.92,15.24,5.0,580.59,,2026-10-04T08:00:00Z,active,2026-10-02T21:20:13.371665+00:00
KXHIGHTLV,KXHIGHTLV-26OCT03-B96.5,Las Vegas Max Daily Temperature,KLAS,2026-10-03,between,96.0,97.0,The Weather Company,https://weather.com/kalshi,0.52,0.53,0.47,0.48,18.16,77.0,372.97,,2026-10-04T08:00:00Z,active,2026-10-02T21:20:13.371665+00:00
KXHIGHTLV,KXHIGHTLV-26OCT03-B94.5,Las Vegas Max Daily Temperature,KLAS,2026-10-03,between,94.0,95.0,The Weather Company,https://weather.com/kalshi,0.33,0.34,0.66,0.67,37.0,169.12,431.0,,2026-10-04T08:00:00Z,active,2026-10-02T21:20:13.371665+00:00
KXHIGHTLV,KXHIGHTLV-26OCT03-B92.5,Las Vegas Max Daily Temperature,KLAS,2026-10-03,between,92.0,93.0,The Weather Company,https://weather.com/kalshi,0.02,0.03,0.97,0.98,23.0,161.8,475.75,,2026-10-04T08:00:00Z,active,2026-10-02T21:20:13.371665+00:00
KXHIGHTLV,KXHIGHTLV-26OCT02-T99,Las Vegas Max Daily Temperature,KLAS,2026-10-02,greater,99.0,,The Weather Company,https://weather.com/kalshi,0.0,0.01,0.99,1.0,609.02,0.0,483.24,,2026-10-03T08:00:00Z,active,2026-10-02T21:20:13.371665+00:00
KXHIGHTLV,KXHIGHTLV-26OCT02-T92,Las Vegas Max Daily Temperature,KLAS,2026-10-02,less,,92.0,The Weather Company,https://weather.com/kalshi,0.0,0.01,0.99,1.0,53942.17,0.0,442.0,,2026-10-03T08:00:00Z,active,2026-10-02T21:20:13.371665+00:00
KXHIGHTLV,KXHIGHTLV-26OCT02-B98.5,Las Vegas Max Daily Temperature,KLAS,2026-10-02,between,98.0,99.0,The Weather Company,https://weather.com/kalshi,0.0,0.01,0.99,1.0,24.0,0.0,3416.46,,2026-10-03T08:00:00Z,active,2026-10-02T21:20:13.371665+00:00
KXHIGHTLV,KXHIGHTLV-26OCT02-B96.5,Las Vegas Max Daily Temperature,KLAS,2026-10-02,between,96.0,97.0,The Weather Company,https://weather.com/kalshi,0.23,0.26,0.74,0.77,12.0,33.0,4125.81,,2026-10-03T08:00:00Z,active,2026-10-02T21:20:13.371665+00:00
KXHIGHTLV,KXHIGHTLV-26OCT02-B94.5,Las Vegas Max Daily Temperature,KLAS,2026-10-02,between,94.0,95.0,The Weather Company,https://weather.com/kalshi,0.72,0.76,0.24,0.28,20.0,23.0,5345.37,,2026-10-03T08:00:00Z,active,2026-10-02T21:20:13.371665+00:00
KXHIGHTLV,KXHIGHTLV-26OCT02-B92.5,Las Vegas Max Daily Temperature,KLAS,2026-10-02,between,92.0,93.0,The Weather Company,https://weather.com/kalshi,0.0,0.01,0.99,1.0,28.69,0.0,1763.15,,2026-10-03T08:00:00Z,active,2026-10-02T21:20:13.371665+00:00
KXHIGHTATL,KXHIGHTATL-26OCT03-T89,Atlanta Max Temperature,KATL,2026-10-03,greater,89.0,,The Weather Company,https://weather.com/kalshi,0.0,0.01,0.99,1.0,62.0,0.0,214.0,,2026-10-04T05:00:00Z,active,2026-10-02T21:20:13.371665+00:00
KXHIGHTATL,KXHIGHTATL-26OCT03-T82,Atlanta Max Temperature,KATL,2026-10-03,less,,82.0,The Weather Company,https://weather.com/kalshi,0.06,0.07,0.93,0.94,43.0,181.6,286.93,,2026-10-04T05:00:00Z,active,2026-10-02T21:20:13.371665+00:00
KXHIGHTATL,KXHIGHTATL-26OCT03-B88.5,Atlanta Max Temperature,KATL,2026-10-03,between,88.0,89.0,The Weather Company,https://weather.com/kalshi,0.01,0.02,0.98,0.99,100.0,2662.0,242.97,,2026-10-04T05:00:00Z,active,2026-10-02T21:20:13.371665+00:00
KXHIGHTATL,KXHIGHTATL-26OCT03-B86.5,Atlanta Max Temperature,KATL,2026-10-03,between,86.0,87.0,The Weather Company,https://weather.com/kalshi,0.18,0.19,0.81,0.82,56.0,20.0,358.45,,2026-10-04T05:00:00Z,active,2026-10-02T21:20:13.371665+00:00
KXHIGHTATL,KXHIGHTATL-26OCT03-B84.5,Atlanta Max Temperature,KATL,2026-10-03,between,84.0,85.0,The Weather Company,https://weather.com/kalshi,0.3,0.31,0.69,0.7,56.0,52.0,341.15,,2026-10-04T05:00:00Z,active,2026-10-02T21:20:13.371665+00:00
KXHIGHTATL,KXHIGHTATL-26OCT03-B82.5,Atlanta Max Temperature,KATL,2026-10-03,between,82.0,83.0,The Weather Company,https://weather.com/kalshi,0.39,0.4,0.6,0.61,34.0,5.0,955.78,,2026-10-04T05:00:00Z,active,2026-10-02T21:20:13.371665+00:00
KXHIGHTATL,KXHIGHTATL-26OCT02-T93,Atlanta Max Temperature,KATL,2026-10-02,greater,93.0,,The Weather Company,https://weather.com/kalshi,0.0,0.01,0.99,1.0,19330.47,0.0,207.0,,2026-10-03T05:00:00Z,active,2026-10-02T21:20:13.371665+00:00
KXHIGHTATL,KXHIGHTATL-26OCT02-T86,Atlanta Max Temperature,KATL,2026-10-02,less,,86.0,The Weather Company,https://weather.com/kalshi,0.99,1.0,0.0,0.01,0.0,5095.9,14023.14,,2026-10-03T05:00:00Z,active,2026-10-02T21:20:13.371665+00:00
KXHIGHTATL,KXHIGHTATL-26OCT02-B92.5,Atlanta Max Temperature,KATL,2026-10-02,between,92.0,93.0,The Weather Company,https://weather.com/kalshi,0.0,0.01,0.99,1.0,23214.18,0.0,257.0,,2026-10-03T05:00:00Z,active,2026-10-02T21:20:13.371665+00:00
KXHIGHTATL,KXHIGHTATL-26OCT02-B90.5,Atlanta Max Temperature,KATL,2026-10-02,between,90.0,91.0,The Weather Company,https://weather.com/kalshi,0.0,0.01,0.99,1.0,24842.92,0.0,1195.44,,2026-10-03T05:00:00Z,active,2026-10-02T21:20:13.371665+00:00
KXHIGHTATL,KXHIGHTATL-26OCT02-B88.5,Atlanta Max Temperature,KATL,2026-10-02,between,88.0,89.0,The Weather Company,https://weather.com/kalshi,0.0,0.01,0.99,1.0,5474.49,0.0,10121.48,,2026-10-03T05:00:00Z,active,2026-10-02T21:20:13.371665+00:00
KXHIGHTATL,KXHIGHTATL-26OCT02-B86.5,Atlanta Max Temperature,KATL,2026-10-02,between,86.0,87.0,The Weather Company,https://weather.com/kalshi,0.0,0.01,0.99,1.0,4605.53,0.0,9703.2,,2026-10-03T05:00:00Z,active,2026-10-02T21:20:13.371665+00:00
KXLOWTOKC,KXLOWTOKC-26OCT03-T58,Low Temperature Oklahoma City,KOKC,2026-10-03,greater,58.0,,The Weather Company,https://weather.com/kalshi,0.7,0.79,0.21,0.3,1.0,10.0,80.01,,2026-10-04T06:00:00Z,active,2026-10-02T21:20:13.371665+00:00
KXLOWTOKC,KXLOWTOKC-26OCT03-T51,Low Temperature Oklahoma City,KOKC,2026-10-03,less,,51.0,The Weather Company,https://weather.com/kalshi,0.01,0.02,0.98,0.99,55.0,286.0,28.37,,2026-10-04T06:00:00Z,active,2026-10-02T21:20:13.371665+00:00
KXLOWTOKC,KXLOWTOKC-26OCT03-B57.5,Low Temperature Oklahoma City,KOKC,2026-10-03,between,57.0,58.0,The Weather Company,https://weather.com/kalshi,0.1,0.2,0.8,0.9,5.0,89.0,0.0,,2026-10-04T06:00:00Z,active,2026-10-02T21:20:13.371665+00:00
KXLOWTOKC,KXLOWTOKC-26OCT03-B55.5,Low Temperature Oklahoma City,KOKC,2026-10-03,between,55.0,56.0,The Weather Company,https://weather.com/kalshi,0.03,0.09,0.91,0.97,3.0,79.0,0.0,,2026-10-04T06:00:00Z,active,2026-10-02T21:20:13.371665+00:00
KXLOWTOKC,KXLOWTOKC-26OCT03-B53.5,Low Temperature Oklahoma City,KOKC,2026-10-03,between,53.0,54.0,The Weather Company,https://weather.com/kalshi,0.02,0.08,0.92,0.98,16.0,50.91,5.09,,2026-10-04T06:00:00Z,active,2026-10-02T21:20:13.371665+00:00
KXLOWTOKC,KXLOWTOKC-26OCT03-B51.5,Low Temperature Oklahoma City,KOKC,2026-10-03,between,51.0,52.0,The Weather Company,https://weather.com/kalshi,0.02,0.05,0.95,0.98,6.0,144.63,27.37,,2026-10-04T06:00:00Z,active,2026-10-02T21:20:13.371665+00:00
KXLOWTOKC,KXLOWTOKC-26OCT02-T61,Low Temperature Oklahoma City,KOKC,2026-10-02,greater,61.0,,The Weather Company,https://weather.com/kalshi,0.94,0.95,0.05,0.06,7.52,10.0,726.77,,2026-10-03T06:00:00Z,active,2026-10-02T21:20:13.371665+00:00
KXLOWTOKC,KXLOWTOKC-26OCT02-T54,Low Temperature Oklahoma City,KOKC,2026-10-02,less,,54.0,The Weather Company,https://weather.com/kalshi,0.0,0.01,0.99,1.0,292.0,0.0,96.47,,2026-10-03T06:00:00Z,active,2026-10-02T21:20:13.371665+00:00
KXLOWTOKC,KXLOWTOKC-26OCT02-B60.5,Low Temperature Oklahoma City,KOKC,2026-10-02,between,60.0,61.0,The Weather Company,https://weather.com/kalshi,0.01,0.05,0.95,0.99,8.0,298.0,25.99,,2026-10-03T06:00:00Z,active,2026-10-02T21:20:13.371665+00:00
KXLOWTOKC,KXLOWTOKC-26OCT02-B58.5,Low Temperature Oklahoma City,KOKC,2026-10-02,between,58.0,59.0,The Weather Company,https://weather.com/kalshi,0.0,0.02,0.98,1.0,12.0,0.0,218.39,,2026-10-03T06:00:00Z,active,2026-10-02T21:20:13.371665+00:00
KXLOWTOKC,KXLOWTOKC-26OCT02-B56.5,Low Temperature Oklahoma City,KOKC,2026-10-02,between,56.0,57.0,The Weather Company,https://weather.com/kalshi,0.0,0.01,0.99,1.0,56.0,0.0,92.02,,2026-10-03T06:00:00Z,active,2026-10-02T21:20:13.371665+00:00
KXLOWTOKC,KXLOWTOKC-26OCT02-B54.5,Low Temperature Oklahoma City,KOKC,2026-10-02,between,54.0,55.0,The Weather Company,https://weather.com/kalshi,0.0,0.01,0.99,1.0,75.0,0.0,277.28,,2026-10-03T06:00:00Z,active,2026-10-02T21:20:13.371665+00:00
KXLOWTLAX,KXLOWTLAX-26OCT03-T78,Lowest Temperature in LA,KLAX,2026-10-03,greater,78.0,,The Weather Company,https://weather.com/kalshi,0.0,0.01,0.99,1.0,1.0,0.0,260.42,,2026-10-04T08:00:00Z,active,2026-10-02T21:20:13.371665+00:00
KXLOWTLAX,KXLOWTLAX-26OCT03-T71,Lowest Temperature in LA,KLAX,2026-10-03,less,,71.0,The Weather Company,https://weather.com/kalshi,0.0,0.03,0.97,1.0,32.0,0.0,302.57,,2026-10-04T08:00:00Z,active,2026-10-02T21:20:13.371665+00:00
KXLOWTLAX,KXLOWTLAX-26OCT03-B77.5,Lowest Temperature in LA,KLAX,2026-10-03,between,77.0,78.0,The Weather Company,https://weather.com/kalshi,0.05,0.09,0.91,0.95,1.0,89.0,78.72,,2026-10-04T08:00:00Z,active,2026-10-02T21:20:13.371665+00:00
KXLOWTLAX,KXLOWTLAX-26OCT03-B75.5,Lowest Temperature in LA,KLAX,2026-10-03,between,75.0,76.0,The Weather Company,https://weather.com/kalshi,0.11,0.38,0.62,0.89,2.0,6.0,270.0,,2026-10-04T08:00:00Z,active,2026-10-02T21:20:13.371665+00:00
KXLOWTLAX,KXLOWTLAX-26OCT03-B73.5,Lowest Temperature in LA,KLAX,2026-10-03,between,73.0,74.0,The Weather Company,https://weather.com/kalshi,0.37,0.49,0.51,0.63,25.0,10.0,15.07,,2026-10-04T08:00:00Z,active,2026-10-02T21:20:13.371665+00:00
KXLOWTLAX,KXLOWTLAX-26OCT03-B71.5,Lowest Temperature in LA,KLAX,2026-10-03,between,71.0,72.0,The Weather Company,https://weather.com/kalshi,0.03,0.07,0.93,0.97,28.69,56.56,235.42,,2026-10-04T08:00:00Z,active,2026-10-02T21:20:13.371665+00:00
KXLOWTLAX,KXLOWTLAX-26OCT02-T71,Lowest Temperature in LA,KLAX,2026-10-02,greater,71.0,,The Weather Company,https://weather.com/kalshi,0.0,0.01,0.99,1.0,25204.15,0.0,444.43,,2026-10-03T08:00:00Z,active,2026-10-02T21:20:13.371665+00:00
KXLOWTLAX,KXLOWTLAX-26OCT02-T64,Lowest Temperature in LA,KLAX,2026-10-02,less,,64.0,The Weather Company,https://weather.com/kalshi,0.0,0.01,0.99,1.0,1204.0,0.0,513.88,,2026-10-03T08:00:00Z,active,2026-10-02T21:20:13.371665+00:00
KXLOWTLAX,KXLOWTLAX-26OCT02-B70.5,Lowest Temperature in LA,KLAX,2026-10-02,between,70.0,71.0,The Weather Company,https://weather.com/kalshi,0.0,0.01,0.99,1.0,25117.15,0.0,878.76,,2026-10-03T08:00:00Z,active,2026-10-02T21:20:13.371665+00:00
KXLOWTLAX,KXLOWTLAX-26OCT02-B68.5,Lowest Temperature in LA,KLAX,2026-10-02,between,68.0,69.0,The Weather Company,https://weather.com/kalshi,0.0,0.01,0.99,1.0,31639.15,0.0,537.0,,2026-10-03T08:00:00Z,active,2026-10-02T21:20:13.371665+00:00
KXLOWTLAX,KXLOWTLAX-26OCT02-B66.5,Lowest Temperature in LA,KLAX,2026-10-02,between,66.0,67.0,The Weather Company,https://weather.com/kalshi,0.99,1.0,0.0,0.01,0.0,450.0,952.25,,2026-10-03T08:00:00Z,active,2026-10-02T21:20:13.371665+00:00
KXLOWTLAX,KXLOWTLAX-26OCT02-B64.5,Lowest Temperature in LA,KLAX,2026-10-02,between,64.0,65.0,The Weather Company,https://weather.com/kalshi,0.0,0.01,0.99,1.0,454.0,0.0,1432.79,,2026-10-03T08:00:00Z,active,2026-10-02T21:20:13.371665+00:00
KXHIGHTSEA,KXHIGHTSEA-26OCT03-T73,Seattle Maximum Temperature Daily,KSEA,2026-10-03,greater,73.0,,The Weather Company,https://weather.com/kalshi,0.01,0.02,0.98,0.99,124.39,126.61,430.0,,2026-10-04T08:00:00Z,active,2026-10-02T21:20:13.371665+00:00
KXHIGHTSEA,KXHIGHTSEA-26OCT03-T66,Seattle Maximum Temperature Daily,KSEA,2026-10-03,less,,66.0,The Weather Company,https://weather.com/kalshi,0.01,0.02,0.98,0.99,95.0,223.41,331.06,,2026-10-04T08:00:00Z,active,2026-10-02T21:20:13.371665+00:00
KXHIGHTSEA,KXHIGHTSEA-26OCT03-B72.5,Seattle Maximum Temperature Daily,KSEA,2026-10-03,between,72.0,73.0,The Weather Company,https://weather.com/kalshi,0.07,0.08,0.92,0.93,203.0,32.0,146.0,,2026-10-04T08:00:00Z,active,2026-10-02T21:20:13.371665+00:00
KXHIGHTSEA,KXHIGHTSEA-26OCT03-B70.5,Seattle Maximum Temperature Daily,KSEA,2026-10-03,between,70.0,71.0,The Weather Company,https://weather.com/kalshi,0.5,0.51,0.49,0.5,7.0,22.0,412.05,,2026-10-04T08:00:00Z,active,2026-10-02T21:20:13.371665+00:00
KXHIGHTSEA,KXHIGHTSEA-26OCT03-B68.5,Seattle Maximum Temperature Daily,KSEA,2026-10-03,between,68.0,69.0,The Weather Company,https://weather.com/kalshi,0.32,0.33,0.67,0.68,10.0,71.9,440.0,,2026-10-04T08:00:00Z,active,2026-10-02T21:20:13.371665+00:00
KXHIGHTSEA,KXHIGHTSEA-26OCT03-B66.5,Seattle Maximum Temperature Daily,KSEA,2026-10-03,between,66.0,67.0,The Weather Company,https://weather.com/kalshi,0.04,0.06,0.94,0.96,21.2,547.0,396.08,,2026-10-04T08:00:00Z,active,2026-10-02T21:20:13.371665+00:00
KXHIGHTSEA,KXHIGHTSEA-26OCT02-T75,Seattle Maximum Temperature Daily,KSEA,2026-10-02,greater,75.0,,The Weather Company,https://weather.com/kalshi,0.0,0.01,0.99,1.0,697.09,0.0,789.52,,2026-10-03T08:00:00Z,active,2026-10-02T21:20:13.371665+00:00
KXHIGHTSEA,KXHIGHTSEA-26OCT02-T68,Seattle Maximum Temperature Daily,KSEA,2026-10-02,less,,68.0,The Weather Company,https://weather.com/kalshi,0.0,0.01,0.99,1.0,57627.55,0.0,2082.76,,2026-10-03T08:00:00Z,active,2026-10-02T21:20:13.371665+00:00
KXHIGHTSEA,KXHIGHTSEA-26OCT02-B74.5,Seattle Maximum Temperature Daily,KSEA,2026-10-02,between,74.0,75.0,The Weather Company,https://weather.com/kalshi,0.01,0.02,0.98,0.99,23.0,1.0,2425.86,,2026-10-03T08:00:00Z,active,2026-10-02T21:20:13.371665+00:00
KXHIGHTSEA,KXHIGHTSEA-26OCT02-B72.5,Seattle Maximum Temperature Daily,KSEA,2026-10-02,between,72.0,73.0,The Weather Company,https://weather.com/kalshi,0.3,0.31,0.69,0.7,1.6,48.0,3082.53,,2026-10-03T08:00:00Z,active,2026-10-02T21:20:13.371665+00:00
KXHIGHTSEA,KXHIGHTSEA-26OCT02-B70.5,Seattle Maximum Temperature Daily,KSEA,2026-10-02,between,70.0,71.0,The Weather Company,https://weather.com/kalshi,0.61,0.66,0.34,0.39,71.81,1.0,2296.64,,2026-10-03T08:00:00Z,active,2026-10-02T21:20:13.371665+00:00
KXHIGHTSEA,KXHIGHTSEA-26OCT02-B68.5,Seattle Maximum Temperature Daily,KSEA,2026-10-02,between,68.0,69.0,The Weather Company,https://weather.com/kalshi,0.03,0.04,0.96,0.97,76.0,91.71,2766.12,,2026-10-03T08:00:00Z,active,2026-10-02T21:20:13.371665+00:00
KXLOWTMIN,KXLOWTMIN-26OCT03-T49,Low  temperature Minnesota,KMSP,2026-10-03,greater,49.0,,The Weather Company,https://weather.com/kalshi,0.77,0.85,0.15,0.23,13.0,1.0,131.0,,2026-10-04T06:00:00Z,active,2026-10-02T21:20:13.371665+00:00
KXLOWTMIN,KXLOWTMIN-26OCT03-T42,Low  temperature Minnesota,KMSP,2026-10-03,less,,42.0,The Weather Company,https://weather.com/kalshi,0.01,0.03,0.97,0.99,1.0,67.0,37.47,,2026-10-04T06:00:00Z,active,2026-10-02T21:20:13.371665+00:00
KXLOWTMIN,KXLOWTMIN-26OCT03-B48.5,Low  temperature Minnesota,KMSP,2026-10-03,between,48.0,49.0,The Weather Company,https://weather.com/kalshi,0.07,0.2,0.8,0.93,50.0,15.0,19.0,,2026-10-04T06:00:00Z,active,2026-10-02T21:20:13.371665+00:00
KXLOWTMIN,KXLOWTMIN-26OCT03-B46.5,Low  temperature Minnesota,KMSP,2026-10-03,between,46.0,47.0,The Weather Company,https://weather.com/kalshi,0.02,0.05,0.95,0.98,4.0,38.0,5.0,,2026-10-04T06:00:00Z,active,2026-10-02T21:20:13.371665+00:00
KXLOWTMIN,KXLOWTMIN-26OCT03-B44.5,Low  temperature Minnesota,KMSP,2026-10-03,between,44.0,45.0,The Weather Company,https://weather.com/kalshi,0.02,0.04,0.96,0.98,6.0,38.91,10.09,,2026-10-04T06:00:00Z,active,2026-10-02T21:20:13.371665+00:00
KXLOWTMIN,KXLOWTMIN-26OCT03-B42.5,Low  temperature Minnesota,KMSP,2026-10-03,between,42.0,43.0,The Weather Company,https://weather.com/kalshi,0.01,0.04,0.96,0.99,8.0,136.0,27.28,,2026-10-04T06:00:00Z,active,2026-10-02T21:20:13.371665+00:00
KXLOWTMIN,KXLOWTMIN-26OCT02-T46,Low  temperature Minnesota,KMSP,2026-10-02,greater,46.0,,The Weather Company,https://weather.com/kalshi,0.0,0.01,0.99,1.0,23066.15,0.0,896.48,,2026-10-03T06:00:00Z,active,2026-10-02T21:20:13.371665+00:00
KXLOWTMIN,KXLOWTMIN-26OCT02-T39,Low  temperature Minnesota,KMSP,2026-10-02,less,,39.0,The Weather Company,https://weather.com/kalshi,0.0,0.01,0.99,1.0,803.0,0.0,350.82,,2026-10-03T06:00:00Z,active,2026-10-02T21:20:13.371665+00:00
KXLOWTMIN,KXLOWTMIN-26OCT02-B45.5,Low  temperature Minnesota,KMSP,2026-10-02,between,45.0,46.0,The Weather Company,https://weather.com/kalshi,0.0,0.01,0.99,1.0,22172.64,0.0,640.51,,2026-10-03T06:00:00Z,active,2026-10-02T21:20:13.371665+00:00
KXLOWTMIN,KXLOWTMIN-26OCT02-B43.5,Low  temperature Minnesota,KMSP,2026-10-02,between,43.0,44.0,The Weather Company,https://weather.com/kalshi,0.99,1.0,0.0,0.01,0.0,450.0,953.05,,2026-10-03T06:00:00Z,active,2026-10-02T21:20:13.371665+00:00
KXLOWTMIN,KXLOWTMIN-26OCT02-B41.5,Low  temperature Minnesota,KMSP,2026-10-02,between,41.0,42.0,The Weather Company,https://weather.com/kalshi,0.0,0.01,0.99,1.0,453.0,0.0,389.76,,2026-10-03T06:00:00Z,active,2026-10-02T21:20:13.371665+00:00
KXLOWTMIN,KXLOWTMIN-26OCT02-B39.5,Low  temperature Minnesota,KMSP,2026-10-02,between,39.0,40.0,The Weather Company,https://weather.com/kalshi,0.0,0.01,0.99,1.0,545.45,0.0,635.24,,2026-10-03T06:00:00Z,active,2026-10-02T21:20:13.371665+00:00
KXLOWTMIA,KXLOWTMIA-26OCT03-T80,Lowest temperature in Miami,KMIA,2026-10-03,greater,80.0,,The Weather Company,https://weather.com/kalshi,0.41,0.51,0.49,0.59,30.13,20.0,133.76,,2026-10-04T05:00:00Z,active,2026-10-02T21:20:13.371665+00:00
KXLOWTMIA,KXLOWTMIA-26OCT03-T73,Lowest temperature in Miami,KMIA,2026-10-03,less,,73.0,The Weather Company,https://weather.com/kalshi,0.01,0.02,0.98,0.99,18.0,345.0,87.0,,2026-10-04T05:00:00Z,active,2026-10-02T21:20:13.371665+00:00
KXLOWTMIA,KXLOWTMIA-26OCT03-B79.5,Lowest temperature in Miami,KMIA,2026-10-03,between,79.0,80.0,The Weather Company,https://weather.com/kalshi,0.27,0.37,0.63,0.73,5.0,35.24,0.0,,2026-10-04T05:00:00Z,active,2026-10-02T21:20:13.371665+00:00
KXLOWTMIA,KXLOWTMIA-26OCT03-B77.5,Lowest temperature in Miami,KMIA,2026-10-03,between,77.0,78.0,The Weather Company,https://weather.com/kalshi,0.11,0.21,0.79,0.89,4.0,12.0,0.0,,2026-10-04T05:00:00Z,active,2026-10-02T21:20:13.371665+00:00
KXLOWTMIA,KXLOWTMIA-26OCT03-B75.5,Lowest temperature in Miami,KMIA,2026-10-03,between,75.0,76.0,The Weather Company,https://weather.com/kalshi,0.03,0.05,0.95,0.97,12.0,15.0,0.0,,2026-10-04T05:00:00Z,active,2026-10-02T21:20:13.371665+00:00
KXLOWTMIA,KXLOWTMIA-26OCT03-B73.5,Lowest temperature in Miami,KMIA,2026-10-03,between,73.0,74.0,The Weather Company,https://weather.com/kalshi,0.02,0.06,0.94,0.98,6.0,139.59,49.41,,2026-10-04T05:00:00Z,active,2026-10-02T21:20:13.371665+00:00
KXLOWTMIA,KXLOWTMIA-26OCT02-T80,Lowest temperature in Miami,KMIA,2026-10-02,greater,80.0,,The Weather Company,https://weather.com/kalshi,0.81,0.86,0.14,0.19,138.0,60.87,1368.68,,2026-10-03T05:00:00Z,active,2026-10-02T21:20:13.371665+00:00
KXLOWTMIA,KXLOWTMIA-26OCT02-T73,Lowest temperature in Miami,KMIA,2026-10-02,less,,73.0,The Weather Company,https://weather.com/kalshi,0.0,0.01,0.99,1.0,506.0,0.0,232.47,,2026-10-03T05:00:00Z,active,2026-10-02T21:20:13.371665+00:00
KXLOWTMIA,KXLOWTMIA-26OCT02-B79.5,Lowest temperature in Miami,KMIA,2026-10-02,between,79.0,80.0,The Weather Company,https://weather.com/kalshi,0.09,0.17,0.83,0.91,50.0,12.0,321.52,,2026-10-03T05:00:00Z,active,2026-10-02T21:20:13.371665+00:00
KXLOWTMIA,KXLOWTMIA-26OCT02-B77.5,Lowest temperature in Miami,KMIA,2026-10-02,between,77.0,78.0,The Weather Company,https://weather.com/kalshi,0.03,0.05,0.95,0.97,56.0,62.0,169.75,,2026-10-03T05:00:00Z,active,2026-10-02T21:20:13.371665+00:00
KXLOWTMIA,KXLOWTMIA-26OCT02-B75.5,Lowest temperature in Miami,KMIA,2026-10-02,between,75.0,76.0,The Weather Company,https://weather.com/kalshi,0.01,0.04,0.96,0.99,56.0,74.52,223.9,,2026-10-03T05:00:00Z,active,2026-10-02T21:20:13.371665+00:00
KXLOWTMIA,KXLOWTMIA-26OCT02-B73.5,Lowest temperature in Miami,KMIA,2026-10-02,between,73.0,74.0,The Weather Company,https://weather.com/kalshi,0.0,0.01,0.99,1.0,506.0,0.0,158.41,,2026-10-03T05:00:00Z,active,2026-10-02T21:20:13.371665+00:00
KXHIGHTMIN,KXHIGHTMIN-26OCT03-T71,Minneapolis Daily High Temperature,KMSP,2026-10-03,greater,71.0,,The Weather Company,https://weather.com/kalshi,0.02,0.03,0.97,0.98,88.93,120.0,344.37,,2026-10-04T06:00:00Z,active,2026-10-02T21:20:13.371665+00:00
KXHIGHTMIN,KXHIGHTMIN-26OCT03-T64,Minneapolis Daily High Temperature,KMSP,2026-10-03,less,,64.0,The Weather Company,https://weather.com/kalshi,0.04,0.05,0.95,0.96,55.03,322.3,86.0,,2026-10-04T06:00:00Z,active,2026-10-02T21:20:13.371665+00:00
KXHIGHTMIN,KXHIGHTMIN-26OCT03-B70.5,Minneapolis Daily High Temperature,KMSP,2026-10-03,between,70.0,71.0,The Weather Company,https://weather.com/kalshi,0.14,0.15,0.85,0.86,53.8,20.0,442.8,,2026-10-04T06:00:00Z,active,2026-10-02T21:20:13.371665+00:00
KXHIGHTMIN,KXHIGHTMIN-26OCT03-B68.5,Minneapolis Daily High Temperature,KMSP,2026-10-03,between,68.0,69.0,The Weather Company,https://weather.com/kalshi,0.28,0.29,0.71,0.72,53.93,18.9,504.9,,2026-10-04T06:00:00Z,active,2026-10-02T21:20:13.371665+00:00
KXHIGHTMIN,KXHIGHTMIN-26OCT03-B66.5,Minneapolis Daily High Temperature,KMSP,2026-10-03,between,66.0,67.0,The Weather Company,https://weather.com/kalshi,0.31,0.32,0.68,0.69,1.0,18.1,293.01,,2026-10-04T06:00:00Z,active,2026-10-02T21:20:13.371665+00:00
KXHIGHTMIN,KXHIGHTMIN-26OCT03-B64.5,Minneapolis Daily High Temperature,KMSP,2026-10-03,between,64.0,65.0,The Weather Company,https://weather.com/kalshi,0.15,0.17,0.83,0.85,20.0,3.0,121.9,,2026-10-04T06:00:00Z,active,2026-10-02T21:20:13.371665+00:00
KXHIGHTMIN,KXHIGHTMIN-26OCT02-T67,Minneapolis Daily High Temperature,KMSP,2026-10-02,greater,67.0,,The Weather Company,https://weather.com/kalshi,0.0,0.02,0.98,1.0,53.0,0.0,2498.47,,2026-10-03T06:00:00Z,active,2026-10-02T21:20:13.371665+00:00
KXHIGHTMIN,KXHIGHTMIN-26OCT02-T60,Minneapolis Daily High Temperature,KMSP,2026-10-02,less,,60.0,The Weather Company,https://weather.com/kalshi,0.0,0.01,0.99,1.0,45369.08,0.0,1066.17,,2026-10-03T06:00:00Z,active,2026-10-02T21:20:13.371665+00:00
KXHIGHTMIN,KXHIGHTMIN-26OCT02-B66.5,Minneapolis Daily High Temperature,KMSP,2026-10-02,between,66.0,67.0,The Weather Company,https://weather.com/kalshi,0.04,0.05,0.95,0.96,30.0,153.61,3819.09,,2026-10-03T06:00:00Z,active,2026-10-02T21:20:13.371665+00:00
KXHIGHTMIN,KXHIGHTMIN-26OCT02-B64.5,Minneapolis Daily High Temperature,KMSP,2026-10-02,between,64.0,65.0,The Weather Company,https://weather.com/kalshi,0.96,0.98,0.02,0.04,193.11,6.0,6512.88,,2026-10-03T06:00:00Z,active,2026-10-02T21:20:13.371665+00:00
KXHIGHTMIN,KXHIGHTMIN-26OCT02-B62.5,Minneapolis Daily High Temperature,KMSP,2026-10-02,between,62.0,63.0,The Weather Company,https://weather.com/kalshi,0.0,0.01,0.99,1.0,39126.36,0.0,6416.1,,2026-10-03T06:00:00Z,active,2026-10-02T21:20:13.371665+00:00
KXHIGHTMIN,KXHIGHTMIN-26OCT02-B60.5,Minneapolis Daily High Temperature,KMSP,2026-10-02,between,60.0,61.0,The Weather Company,https://weather.com/kalshi,0.0,0.01,0.99,1.0,44526.08,0.0,3834.02,,2026-10-03T06:00:00Z,active,2026-10-02T21:20:13.371665+00:00
KXLOWTDC,KXLOWTDC-26OCT03-T63,Lowest Temperature DC ,KDCA,2026-10-03,greater,63.0,,The Weather Company,https://weather.com/kalshi,0.03,0.06,0.94,0.97,85.0,50.0,20.0,,2026-10-04T05:00:00Z,active,2026-10-02T21:20:13.371665+00:00
KXLOWTDC,KXLOWTDC-26OCT03-T56,Lowest Temperature DC ,KDCA,2026-10-03,less,,56.0,The Weather Company,https://weather.com/kalshi,0.0,0.01,0.99,1.0,9.0,0.0,15.0,,2026-10-04T05:00:00Z,active,2026-10-02T21:20:13.371665+00:00
KXLOWTDC,KXLOWTDC-26OCT03-B62.5,Lowest Temperature DC ,KDCA,2026-10-03,between,62.0,63.0,The Weather Company,https://weather.com/kalshi,0.2,0.4,0.6,0.8,10.0,10.0,6.0,,2026-10-04T05:00:00Z,active,2026-10-02T21:20:13.371665+00:00
KXLOWTDC,KXLOWTDC-26OCT03-B60.5,Lowest Temperature DC ,KDCA,2026-10-03,between,60.0,61.0,The Weather Company,https://weather.com/kalshi,0.3,0.5,0.5,0.7,10.0,10.0,3.0,,2026-10-04T05:00:00Z,active,2026-10-02T21:20:13.371665+00:00
KXLOWTDC,KXLOWTDC-26OCT03-B58.5,Lowest Temperature DC ,KDCA,2026-10-03,between,58.0,59.0,The Weather Company,https://weather.com/kalshi,0.1,0.15,0.85,0.9,16.0,26.0,11.28,,2026-10-04T05:00:00Z,active,2026-10-02T21:20:13.371665+00:00
KXLOWTDC,KXLOWTDC-26OCT03-B56.5,Lowest Temperature DC ,KDCA,2026-10-03,between,56.0,57.0,The Weather Company,https://weather.com/kalshi,0.02,0.11,0.89,0.98,30.0,29.0,20.18,,2026-10-04T05:00:00Z,active,2026-10-02T21:20:13.371665+00:00
KXLOWTDC,KXLOWTDC-26OCT02-T67,Lowest Temperature DC ,KDCA,2026-10-02,greater,67.0,,The Weather Company,https://weather.com/kalshi,0.0,0.01,0.99,1.0,21489.15,0.0,190.43,,2026-10-03T05:00:00Z,active,2026-10-02T21:20:13.371665+00:00
KXLOWTDC,KXLOWTDC-26OCT02-T60,Lowest Temperature DC ,KDCA,2026-10-02,less,,60.0,The Weather Company,https://weather.com/kalshi,0.0,0.01,0.99,1.0,54.0,0.0,14.0,,2026-10-03T05:00:00Z,active,2026-10-02T21:20:13.371665+00:00
KXLOWTDC,KXLOWTDC-26OCT02-B66.5,Lowest Temperature DC ,KDCA,2026-10-02,between,66.0,67.0,The Weather Company,https://weather.com/kalshi,0.0,0.01,0.99,1.0,21884.66,0.0,354.98,,2026-10-03T05:00:00Z,active,2026-10-02T21:20:13.371665+00:00
KXLOWTDC,KXLOWTDC-26OCT02-B64.5,Lowest Temperature DC ,KDCA,2026-10-02,between,64.0,65.0,The Weather Company,https://weather.com/kalshi,0.95,0.98,0.02,0.05,102.91,69.0,471.29,,2026-10-03T05:00:00Z,active,2026-10-02T21:20:13.371665+00:00
KXLOWTDC,KXLOWTDC-26OCT02-B62.5,Lowest Temperature DC ,KDCA,2026-10-02,between,62.0,63.0,The Weather Company,https://weather.com/kalshi,0.01,0.05,0.95,0.99,21.05,260.0,78.54,,2026-10-03T05:00:00Z,active,2026-10-02T21:20:13.371665+00:00
KXLOWTDC,KXLOWTDC-26OCT02-B60.5,Lowest Temperature DC ,KDCA,2026-10-02,between,60.0,61.0,The Weather Company,https://weather.com/kalshi,0.0,0.02,0.98,1.0,4.0,0.0,101.0,,2026-10-03T05:00:00Z,active,2026-10-02T21:20:13.371665+00:00
KXHIGHNY,KXHIGHNY-26OCT03-T75,Highest temperature in NYC,KNYC,2026-10-03,greater,75.0,,The Weather Company,https://weather.com/kalshi,0.01,0.02,0.98,0.99,27.9,371.38,1918.24,,2026-10-04T05:00:00Z,active,2026-10-02T21:20:13.371665+00:00
KXHIGHNY,KXHIGHNY-26OCT03-T68,Highest temperature in NYC,KNYC,2026-10-03,less,,68.0,The Weather Company,https://weather.com/kalshi,0.01,0.02,0.98,0.99,192.07,1252.5,271.43,,2026-10-04T05:00:00Z,active,2026-10-02T21:20:13.371665+00:00
KXHIGHNY,KXHIGHNY-26OCT03-B74.5,Highest temperature in NYC,KNYC,2026-10-03,between,74.0,75.0,The Weather Company,https://weather.com/kalshi,0.04,0.05,0.95,0.96,23.0,83.68,732.74,,2026-10-04T05:00:00Z,active,2026-10-02T21:20:13.371665+00:00
KXHIGHNY,KXHIGHNY-26OCT03-B72.5,Highest temperature in NYC,KNYC,2026-10-03,between,72.0,73.0,The Weather Company,https://weather.com/kalshi,0.28,0.29,0.71,0.72,52.6,26.0,755.59,,2026-10-04T05:00:00Z,active,2026-10-02T21:20:13.371665+00:00
KXHIGHNY,KXHIGHNY-26OCT03-B70.5,Highest temperature in NYC,KNYC,2026-10-03,between,70.0,71.0,The Weather Company,https://weather.com/kalshi,0.52,0.54,0.46,0.48,61.08,13.35,811.65,,2026-10-04T05:00:00Z,active,2026-10-02T21:20:13.371665+00:00
KXHIGHNY,KXHIGHNY-26OCT03-B68.5,Highest temperature in NYC,KNYC,2026-10-03,between,68.0,69.0,The Weather Company,https://weather.com/kalshi,0.1,0.11,0.89,0.9,13.7,71.0,385.39,,2026-10-04T05:00:00Z,active,2026-10-02T21:20:13.371665+00:00
KXHIGHNY,KXHIGHNY-26OCT02-T88,Highest temperature in NYC,KNYC,2026-10-02,greater,88.0,,The Weather Company,https://weather.com/kalshi,0.0,0.01,0.99,1.0,35163.29,0.0,2103.37,,2026-10-03T05:00:00Z,active,2026-10-02T21:20:13.371665+00:00
KXHIGHNY,KXHIGHNY-26OCT02-T81,Highest temperature in NYC,KNYC,2026-10-02,less,,81.0,The Weather Company,https://weather.com/kalshi,0.0,0.01,0.99,1.0,276376.31,0.0,13099.21,,2026-10-03T05:00:00Z,active,2026-10-02T21:20:13.371665+00:00
KXHIGHNY,KXHIGHNY-26OCT02-B87.5,Highest temperature in NYC,KNYC,2026-10-02,between,87.0,88.0,The Weather Company,https://weather.com/kalshi,0.0,0.01,0.99,1.0,39758.02,0.0,10365.91,,2026-10-03T05:00:00Z,active,2026-10-02T21:20:13.371665+00:00
KXHIGHNY,KXHIGHNY-26OCT02-B85.5,Highest temperature in NYC,KNYC,2026-10-02,between,85.0,86.0,The Weather Company,https://weather.com/kalshi,0.0,0.01,0.99,1.0,5386.59,0.0,27442.49,,2026-10-03T05:00:00Z,active,2026-10-02T21:20:13.371665+00:00
KXHIGHNY,KXHIGHNY-26OCT02-B83.5,Highest temperature in NYC,KNYC,2026-10-02,between,83.0,84.0,The Weather Company,https://weather.com/kalshi,0.96,0.98,0.02,0.04,78.15,13.0,31000.37,,2026-10-03T05:00:00Z,active,2026-10-02T21:20:13.371665+00:00
KXHIGHNY,KXHIGHNY-26OCT02-B81.5,Highest temperature in NYC,KNYC,2026-10-02,between,81.0,82.0,The Weather Company,https://weather.com/kalshi,0.0,0.01,0.99,1.0,250049.01,0.0,33428.42,,2026-10-03T05:00:00Z,active,2026-10-02T21:20:13.371665+00:00
KXHIGHPHIL,KXHIGHPHIL-26OCT03-T77,Highest temperature in Philadelphia,KPHL,2026-10-03,greater,77.0,,The Weather Company,https://weather.com/kalshi,0.01,0.03,0.97,0.99,51.0,539.1,490.39,,2026-10-04T05:00:00Z,active,2026-10-02T21:20:13.371665+00:00
KXHIGHPHIL,KXHIGHPHIL-26OCT03-T70,Highest temperature in Philadelphia,KPHL,2026-10-03,less,,70.0,The Weather Company,https://weather.com/kalshi,0.02,0.03,0.97,0.98,110.0,19.1,293.57,,2026-10-04T05:00:00Z,active,2026-10-02T21:20:13.371665+00:00
KXHIGHPHIL,KXHIGHPHIL-26OCT03-B76.5,Highest temperature in Philadelphia,KPHL,2026-10-03,between,76.0,77.0,The Weather Company,https://weather.com/kalshi,0.07,0.08,0.92,0.93,51.0,219.98,214.0,,2026-10-04T05:00:00Z,active,2026-10-02T21:20:13.371665+00:00
KXHIGHPHIL,KXHIGHPHIL-26OCT03-B74.5,Highest temperature in Philadelphia,KPHL,2026-10-03,between,74.0,75.0,The Weather Company,https://weather.com/kalshi,0.41,0.42,0.58,0.59,35.0,39.0,292.01,,2026-10-04T05:00:00Z,active,2026-10-02T21:20:13.371665+00:00
KXHIGHPHIL,KXHIGHPHIL-26OCT03-B72.5,Highest temperature in Philadelphia,KPHL,2026-10-03,between,72.0,73.0,The Weather Company,https://weather.com/kalshi,0.34,0.35,0.65,0.66,19.0,74.0,364.16,,2026-10-04T05:00:00Z,active,2026-10-02T21:20:13.371665+00:00
KXHIGHPHIL,KXHIGHPHIL-26OCT03-B70.5,Highest temperature in Philadelphia,KPHL,2026-10-03,between,70.0,71.0,The Weather Company,https://weather.com/kalshi,0.07,0.08,0.92,0.93,39.0,306.74,326.55,,2026-10-04T05:00:00Z,active,2026-10-02T21:20:13.371665+00:00
KXHIGHPHIL,KXHIGHPHIL-26OCT02-T89,Highest temperature in Philadelphia,KPHL,2026-10-02,greater,89.0,,The Weather Company,https://weather.com/kalshi,0.0,0.01,0.99,1.0,12478.45,0.0,3143.76,,2026-10-03T05:00:00Z,active,2026-10-02T21:20:13.371665+00:00
KXHIGHPHIL,KXHIGHPHIL-26OCT02-T82,Highest temperature in Philadelphia,KPHL,2026-10-02,less,,82.0,The Weather Company,https://weather.com/kalshi,0.0,0.01,0.99,1.0,86113.15,0.0,1401.38,,2026-10-03T05:00:00Z,active,2026-10-02T21:20:13.371665+00:00
KXHIGHPHIL,KXHIGHPHIL-26OCT02-B88.5,Highest temperature in Philadelphia,KPHL,2026-10-02,between,88.0,89.0,The Weather Company,https://weather.com/kalshi,0.0,0.01,0.99,1.0,12641.07,0.0,9041.63,,2026-10-03T05:00:00Z,active,2026-10-02T21:20:13.371665+00:00
KXHIGHPHIL,KXHIGHPHIL-26OCT02-B86.5,Highest temperature in Philadelphia,KPHL,2026-10-02,between,86.0,87.0,The Weather Company,https://weather.com/kalshi,0.99,1.0,0.0,0.01,0.0,17039.62,11281.11,,2026-10-03T05:00:00Z,active,2026-10-02T21:20:13.371665+00:00
KXHIGHPHIL,KXHIGHPHIL-26OCT02-B84.5,Highest temperature in Philadelphia,KPHL,2026-10-02,between,84.0,85.0,The Weather Company,https://weather.com/kalshi,0.0,0.01,0.99,1.0,79881.23,0.0,5897.73,,2026-10-03T05:00:00Z,active,2026-10-02T21:20:13.371665+00:00
KXHIGHPHIL,KXHIGHPHIL-26OCT02-B82.5,Highest temperature in Philadelphia,KPHL,2026-10-02,between,82.0,83.0,The Weather Company,https://weather.com/kalshi,0.0,0.01,0.99,1.0,84652.14,0.0,2538.28,,2026-10-03T05:00:00Z,active,2026-10-02T21:20:13.371665+00:00
KXHIGHTDAL,KXHIGHTDAL-26OCT03-T81,Dallas Maximum Temperature,KDFW,2026-10-03,greater,81.0,,The Weather Company,https://weather.com/kalshi,0.01,0.02,0.98,0.99,221.5,710.38,297.62,,2026-10-04T06:00:00Z,active,2026-10-02T21:20:13.371665+00:00
KXHIGHTDAL,KXHIGHTDAL-26OCT03-T74,Dallas Maximum Temperature,KDFW,2026-10-03,less,,74.0,The Weather Company,https://weather.com/kalshi,0.16,0.18,0.82,0.84,84.0,207.0,581.17,,2026-10-04T06:00:00Z,active,2026-10-02T21:20:13.371665+00:00
KXHIGHTDAL,KXHIGHTDAL-26OCT03-B80.5,Dallas Maximum Temperature,KDFW,2026-10-03,between,80.0,81.0,The Weather Company,https://weather.com/kalshi,0.02,0.03,0.97,0.98,119.5,474.0,68.57,,2026-10-04T06:00:00Z,active,2026-10-02T21:20:13.371665+00:00
KXHIGHTDAL,KXHIGHTDAL-26OCT03-B78.5,Dallas Maximum Temperature,KDFW,2026-10-03,between,78.0,79.0,The Weather Company,https://weather.com/kalshi,0.09,0.1,0.9,0.91,64.9,62.83,526.1,,2026-10-04T06:00:00Z,active,2026-10-02T21:20:13.371665+00:00
KXHIGHTDAL,KXHIGHTDAL-26OCT03-B76.5,Dallas Maximum Temperature,KDFW,2026-10-03,between,76.0,77.0,The Weather Company,https://weather.com/kalshi,0.33,0.34,0.66,0.67,65.59,314.0,379.23,,2026-10-04T06:00:00Z,active,2026-10-02T21:20:13.371665+00:00
KXHIGHTDAL,KXHIGHTDAL-26OCT03-B74.5,Dallas Maximum Temperature,KDFW,2026-10-03,between,74.0,75.0,The Weather Company,https://weather.com/kalshi,0.33,0.34,0.66,0.67,130.53,59.0,291.72,,2026-10-04T06:00:00Z,active,2026-10-02T21:20:13.371665+00:00
KXHIGHTDAL,KXHIGHTDAL-26OCT02-T84,Dallas Maximum Temperature,KDFW,2026-10-02,greater,84.0,,The Weather Company,https://weather.com/kalshi,0.01,0.02,0.98,0.99,148.0,20.0,2864.66,,2026-10-03T06:00:00Z,active,2026-10-02T21:20:13.371665+00:00
KXHIGHTDAL,KXHIGHTDAL-26OCT02-T77,Dallas Maximum Temperature,KDFW,2026-10-02,less,,77.0,The Weather Company,https://weather.com/kalshi,0.0,0.01,0.99,1.0,47289.59,0.0,11711.7,,2026-10-03T06:00:00Z,active,2026-10-02T21:20:13.371665+00:00
KXHIGHTDAL,KXHIGHTDAL-26OCT02-B83.5,Dallas Maximum Temperature,KDFW,2026-10-02,between,83.0,84.0,The Weather Company,https://weather.com/kalshi,0.01,0.03,0.97,0.99,242.4,45.0,4138.84,,2026-10-03T06:00:00Z,active,2026-10-02T21:20:13.371665+00:00
KXHIGHTDAL,KXHIGHTDAL-26OCT02-B81.5,Dallas Maximum Temperature,KDFW,2026-10-02,between,81.0,82.0,The Weather Company,https://weather.com/kalshi,0.14,0.2,0.8,0.86,23.0,27.3,7052.39,,2026-10-03T06:00:00Z,active,2026-10-02T21:20:13.371665+00:00
KXHIGHTDAL,KXHIGHTDAL-26OCT02-B79.5,Dallas Maximum Temperature,KDFW,2026-10-02,between,79.0,80.0,The Weather Company,https://weather.com/kalshi,0.74,0.86,0.14,0.26,27.3,13.0,7461.41,,2026-10-03T06:00:00Z,active,2026-10-02T21:20:13.371665+00:00
KXHIGHTDAL,KXHIGHTDAL-26OCT02-B77.5,Dallas Maximum Temperature,KDFW,2026-10-02,between,77.0,78.0,The Weather Company,https://weather.com/kalshi,0.0,0.01,0.99,1.0,49003.89,0.0,16185.93,,2026-10-03T06:00:00Z,active,2026-10-02T21:20:13.371665+00:00
KXHIGHTHOU,KXHIGHTHOU-26OCT03-T89,Daily High Temperature Houston,KHOU,2026-10-03,greater,89.0,,The Weather Company,https://weather.com/kalshi,0.32,0.33,0.67,0.68,166.15,54.9,264.36,,2026-10-04T06:00:00Z,active,2026-10-02T21:20:13.371665+00:00
KXHIGHTHOU,KXHIGHTHOU-26OCT03-T82,Daily High Temperature Houston,KHOU,2026-10-03,less,,82.0,The Weather Company,https://weather.com/kalshi,0.01,0.02,0.98,0.99,105.24,124.77,71.23,,2026-10-04T06:00:00Z,active,2026-10-02T21:20:13.371665+00:00
KXHIGHTHOU,KXHIGHTHOU-26OCT03-B88.5,Daily High Temperature Houston,KHOU,2026-10-03,between,88.0,89.0,The Weather Company,https://weather.com/kalshi,0.44,0.45,0.55,0.56,67.0,25.0,632.76,,2026-10-04T06:00:00Z,active,2026-10-02T21:20:13.371665+00:00
KXHIGHTHOU,KXHIGHTHOU-26OCT03-B86.5,Daily High Temperature Houston,KHOU,2026-10-03,between,86.0,87.0,The Weather Company,https://weather.com/kalshi,0.16,0.17,0.83,0.84,8.0,276.0,66.0,,2026-10-04T06:00:00Z,active,2026-10-02T21:20:13.371665+00:00
KXHIGHTHOU,KXHIGHTHOU-26OCT03-B84.5,Daily High Temperature Houston,KHOU,2026-10-03,between,84.0,85.0,The Weather Company,https://weather.com/kalshi,0.05,0.06,0.94,0.95,25.0,421.1,437.21,,2026-10-04T06:00:00Z,active,2026-10-02T21:20:13.371665+00:00
KXHIGHTHOU,KXHIGHTHOU-26OCT03-B82.5,Daily High Temperature Houston,KHOU,2026-10-03,between,82.0,83.0,The Weather Company,https://weather.com/kalshi,0.01,0.02,0.98,0.99,96.0,195.0,69.37,,2026-10-04T06:00:00Z,active,2026-10-02T21:20:13.371665+00:00
KXHIGHTHOU,KXHIGHTHOU-26OCT02-T94,Daily High Temperature Houston,KHOU,2026-10-02,greater,94.0,,The Weather Company,https://weather.com/kalshi,0.0,0.01,0.99,1.0,15506.0,0.0,1464.24,,2026-10-03T06:00:00Z,active,2026-10-02T21:20:13.371665+00:00
KXHIGHTHOU,KXHIGHTHOU-26OCT02-T87,Daily High Temperature Houston,KHOU,2026-10-02,less,,87.0,The Weather Company,https://weather.com/kalshi,0.0,0.01,0.99,1.0,65311.31,0.0,4545.94,,2026-10-03T06:00:00Z,active,2026-10-02T21:20:13.371665+00:00
KXHIGHTHOU,KXHIGHTHOU-26OCT02-B93.5,Daily High Temperature Houston,KHOU,2026-10-02,between,93.0,94.0,The Weather Company,https://weather.com/kalshi,0.0,0.01,0.99,1.0,20361.1,0.0,5216.43,,2026-10-03T06:00:00Z,active,2026-10-02T21:20:13.371665+00:00
KXHIGHTHOU,KXHIGHTHOU-26OCT02-B91.5,Daily High Temperature Houston,KHOU,2026-10-02,between,91.0,92.0,The Weather Company,https://weather.com/kalshi,0.99,1.0,0.0,0.01,0.0,21109.6,10599.32,,2026-10-03T06:00:00Z,active,2026-10-02T21:20:13.371665+00:00
KXHIGHTHOU,KXHIGHTHOU-26OCT02-B89.5,Daily High Temperature Houston,KHOU,2026-10-02,between,89.0,90.0,The Weather Company,https://weather.com/kalshi,0.0,0.01,0.99,1.0,65431.0,0.0,7430.43,,2026-10-03T06:00:00Z,active,2026-10-02T21:20:13.371665+00:00
KXHIGHTHOU,KXHIGHTHOU-26OCT02-B87.5,Daily High Temperature Houston,KHOU,2026-10-02,between,87.0,88.0,The Weather Company,https://weather.com/kalshi,0.0,0.01,0.99,1.0,64252.56,0.0,7139.05,,2026-10-03T06:00:00Z,active,2026-10-02T21:20:13.371665+00:00
KXLOWTLV,KXLOWTLV-26OCT03-T74,Las Vegas Daily Low Temperature,KLAS,2026-10-03,greater,74.0,,The Weather Company,https://weather.com/kalshi,0.08,0.19,0.81,0.92,4.0,3.0,40.0,,2026-10-04T08:00:00Z,active,2026-10-02T21:20:13.371665+00:00
KXLOWTLV,KXLOWTLV-26OCT03-T67,Las Vegas Daily Low Temperature,KLAS,2026-10-03,less,,67.0,The Weather Company,https://weather.com/kalshi,0.0,0.01,0.99,1.0,28.0,0.0,0.0,,2026-10-04T08:00:00Z,active,2026-10-02T21:20:13.371665+00:00
KXLOWTLV,KXLOWTLV-26OCT03-B73.5,Las Vegas Daily Low Temperature,KLAS,2026-10-03,between,73.0,74.0,The Weather Company,https://weather.com/kalshi,0.47,0.54,0.46,0.53,15.0,91.0,28.0,,2026-10-04T08:00:00Z,active,2026-10-02T21:20:13.371665+00:00
KXLOWTLV,KXLOWTLV-26OCT03-B71.5,Las Vegas Daily Low Temperature,KLAS,2026-10-03,between,71.0,72.0,The Weather Company,https://weather.com/kalshi,0.29,0.3,0.7,0.71,7.0,14.0,19.0,,2026-10-04T08:00:00Z,active,2026-10-02T21:20:13.371665+00:00
KXLOWTLV,KXLOWTLV-26OCT03-B69.5,Las Vegas Daily Low Temperature,KLAS,2026-10-03,between,69.0,70.0,The Weather Company,https://weather.com/kalshi,0.02,0.05,0.95,0.98,3.0,75.0,115.06,,2026-10-04T08:00:00Z,active,2026-10-02T21:20:13.371665+00:00
KXLOWTLV,KXLOWTLV-26OCT03-B67.5,Las Vegas Daily Low Temperature,KLAS,2026-10-03,between,67.0,68.0,The Weather Company,https://weather.com/kalshi,0.01,0.04,0.96,0.99,10.0,25.0,114.0,,2026-10-04T08:00:00Z,active,2026-10-02T21:20:13.371665+00:00
KXLOWTLV,KXLOWTLV-26OCT02-T74,Las Vegas Daily Low Temperature,KLAS,2026-10-02,greater,74.0,,The Weather Company,https://weather.com/kalshi,0.0,0.01,0.99,1.0,27139.15,0.0,408.22,,2026-10-03T08:00:00Z,active,2026-10-02T21:20:13.371665+00:00
KXLOWTLV,KXLOWTLV-26OCT02-T67,Las Vegas Daily Low Temperature,KLAS,2026-10-02,less,,67.0,The Weather Company,https://weather.com/kalshi,0.0,0.01,0.99,1.0,917.0,0.0,3.0,,2026-10-03T08:00:00Z,active,2026-10-02T21:20:13.371665+00:00
KXLOWTLV,KXLOWTLV-26OCT02-B73.5,Las Vegas Daily Low Temperature,KLAS,2026-10-02,between,73.0,74.0,The Weather Company,https://weather.com/kalshi,0.0,0.01,0.99,1.0,21638.15,0.0,216.0,,2026-10-03T08:00:00Z,active,2026-10-02T21:20:13.371665+00:00
KXLOWTLV,KXLOWTLV-26OCT02-B71.5,Las Vegas Daily Low Temperature,KLAS,2026-10-02,between,71.0,72.0,The Weather Company,https://weather.com/kalshi,0.99,1.0,0.0,0.01,0.0,2765.0,1237.28,,2026-10-03T08:00:00Z,active,2026-10-02T21:20:13.371665+00:00
KXLOWTLV,KXLOWTLV-26OCT02-B69.5,Las Vegas Daily Low Temperature,KLAS,2026-10-02,between,69.0,70.0,The Weather Company,https://weather.com/kalshi,0.0,0.01,0.99,1.0,1728.0,0.0,863.99,,2026-10-03T08:00:00Z,active,2026-10-02T21:20:13.371665+00:00
KXLOWTLV,KXLOWTLV-26OCT02-B67.5,Las Vegas Daily Low Temperature,KLAS,2026-10-02,between,67.0,68.0,The Weather Company,https://weather.com/kalshi,0.0,0.01,0.99,1.0,958.0,0.0,422.08,,2026-10-03T08:00:00Z,active,2026-10-02T21:20:13.371665+00:00
KXHIGHDEN,KXHIGHDEN-26OCT03-T88,Highest temperature in Denver,KDEN,2026-10-03,greater,88.0,,The Weather Company,https://weather.com/kalshi,0.01,0.02,0.98,0.99,74.0,658.57,437.43,,2026-10-04T07:00:00Z,active,2026-10-02T21:20:13.371665+00:00
KXHIGHDEN,KXHIGHDEN-26OCT03-T81,Highest temperature in Denver,KDEN,2026-10-03,less,,81.0,The Weather Company,https://weather.com/kalshi,0.01,0.02,0.98,0.99,50.4,1390.28,226.62,,2026-10-04T07:00:00Z,active,2026-10-02T21:20:13.371665+00:00
KXHIGHDEN,KXHIGHDEN-26OCT03-B87.5,Highest temperature in Denver,KDEN,2026-10-03,between,87.0,88.0,The Weather Company,https://weather.com/kalshi,0.01,0.02,0.98,0.99,3.3,1205.0,459.88,,2026-10-04T07:00:00Z,active,2026-10-02T21:20:13.371665+00:00
KXHIGHDEN,KXHIGHDEN-26OCT03-B85.5,Highest temperature in Denver,KDEN,2026-10-03,between,85.0,86.0,The Weather Company,https://weather.com/kalshi,0.34,0.35,0.65,0.66,20.0,1.0,154.99,,2026-10-04T07:00:00Z,active,2026-10-02T21:20:13.371665+00:00
KXHIGHDEN,KXHIGHDEN-26OCT03-B83.5,Highest temperature in Denver,KDEN,2026-10-03,between,83.0,84.0,The Weather Company,https://weather.com/kalshi,0.54,0.55,0.45,0.46,32.0,91.0,825.14,,2026-10-04T07:00:00Z,active,2026-10-02T21:20:13.371665+00:00
KXHIGHDEN,KXHIGHDEN-26OCT03-B81.5,Highest temperature in Denver,KDEN,2026-10-03,between,81.0,82.0,The Weather Company,https://weather.com/kalshi,0.1,0.11,0.89,0.9,29.7,106.0,262.0,,2026-10-04T07:00:00Z,active,2026-10-02T21:20:13.371665+00:00
KXHIGHDEN,KXHIGHDEN-26OCT02-T84,Highest temperature in Denver,KDEN,2026-10-02,greater,84.0,,The Weather Company,https://weather.com/kalshi,0.0,0.01,0.99,1.0,1043.83,0.0,1950.82,,2026-10-03T07:00:00Z,active,2026-10-02T21:20:13.371665+00:00
KXHIGHDEN,KXHIGHDEN-26OCT02-T77,Highest temperature in Denver,KDEN,2026-10-02,less,,77.0,The Weather Company,https://weather.com/kalshi,0.0,0.01,0.99,1.0,73550.6,0.0,1098.87,,2026-10-03T07:00:00Z,active,2026-10-02T21:20:13.371665+00:00
KXHIGHDEN,KXHIGHDEN-26OCT02-B83.5,Highest temperature in Denver,KDEN,2026-10-02,between,83.0,84.0,The Weather Company,https://weather.com/kalshi,0.11,0.16,0.84,0.89,58.0,89.45,5438.38,,2026-10-03T07:00:00Z,active,2026-10-02T21:20:13.371665+00:00
KXHIGHDEN,KXHIGHDEN-26OCT02-B81.5,Highest temperature in Denver,KDEN,2026-10-02,between,81.0,82.0,The Weather Company,https://weather.com/kalshi,0.76,0.79,0.21,0.24,152.0,9.0,6161.36,,2026-10-03T07:00:00Z,active,2026-10-02T21:20:13.371665+00:00
KXHIGHDEN,KXHIGHDEN-26OCT02-B79.5,Highest temperature in Denver,KDEN,2026-10-02,between,79.0,80.0,The Weather Company,https://weather.com/kalshi,0.06,0.11,0.89,0.94,16.0,47.4,3198.1,,2026-10-03T07:00:00Z,active,2026-10-02T21:20:13.371665+00:00
KXHIGHDEN,KXHIGHDEN-26OCT02-B77.5,Highest temperature in Denver,KDEN,2026-10-02,between,77.0,78.0,The Weather Company,https://weather.com/kalshi,0.0,0.01,0.99,1.0,75448.15,0.0,1822.31,,2026-10-03T07:00:00Z,active,2026-10-02T21:20:13.371665+00:00
KXHIGHTDC,KXHIGHTDC-26OCT03-T76,Washington DC Daily Max Temp,KDCA,2026-10-03,greater,76.0,,The Weather Company,https://weather.com/kalshi,0.0,0.01,0.99,1.0,48.0,0.0,266.0,,2026-10-04T05:00:00Z,active,2026-10-02T21:20:13.371665+00:00
KXHIGHTDC,KXHIGHTDC-26OCT03-T69,Washington DC Daily Max Temp,KDCA,2026-10-03,less,,69.0,The Weather Company,https://weather.com/kalshi,0.09,0.1,0.9,0.91,66.1,353.02,220.0,,2026-10-04T05:00:00Z,active,2026-10-02T21:20:13.371665+00:00
KXHIGHTDC,KXHIGHTDC-26OCT03-B75.5,Washington DC Daily Max Temp,KDCA,2026-10-03,between,75.0,76.0,The Weather Company,https://weather.com/kalshi,0.01,0.02,0.98,0.99,82.39,140.1,242.93,,2026-10-04T05:00:00Z,active,2026-10-02T21:20:13.371665+00:00
KXHIGHTDC,KXHIGHTDC-26OCT03-B73.5,Washington DC Daily Max Temp,KDCA,2026-10-03,between,73.0,74.0,The Weather Company,https://weather.com/kalshi,0.07,0.08,0.92,0.93,12.1,92.0,359.1,,2026-10-04T05:00:00Z,active,2026-10-02T21:20:13.371665+00:00
KXHIGHTDC,KXHIGHTDC-26OCT03-B71.5,Washington DC Daily Max Temp,KDCA,2026-10-03,between,71.0,72.0,The Weather Company,https://weather.com/kalshi,0.46,0.47,0.53,0.54,346.41,14.0,334.1,,2026-10-04T05:00:00Z,active,2026-10-02T21:20:13.371665+00:00
KXHIGHTDC,KXHIGHTDC-26OCT03-B69.5,Washington DC Daily Max Temp,KDCA,2026-10-03,between,69.0,70.0,The Weather Company,https://weather.com/kalshi,0.29,0.31,0.69,0.71,14.0,37.0,62.82,,2026-10-04T05:00:00Z,active,2026-10-02T21:20:13.371665+00:00
KXHIGHTDC,KXHIGHTDC-26OCT02-T92,Washington DC Daily Max Temp,KDCA,2026-10-02,greater,92.0,,The Weather Company,https://weather.com/kalshi,0.0,0.01,0.99,1.0,18589.79,0.0,1841.6,,2026-10-03T05:00:00Z,active,2026-10-02T21:20:13.371665+00:00
KXHIGHTDC,KXHIGHTDC-26OCT02-T85,Washington DC Daily Max Temp,KDCA,2026-10-02,less,,85.0,The Weather Company,https://weather.com/kalshi,0.0,0.01,0.99,1.0,88557.19,0.0,615.08,,2026-10-03T05:00:00Z,active,2026-10-02T21:20:13.371665+00:00
KXHIGHTDC,KXHIGHTDC-26OCT02-B91.5,Washington DC Daily Max Temp,KDCA,2026-10-02,between,91.0,92.0,The Weather Company,https://weather.com/kalshi,0.0,0.01,0.99,1.0,9166.96,0.0,1226.06,,2026-10-03T05:00:00Z,active,2026-10-02T21:20:13.371665+00:00
KXHIGHTDC,KXHIGHTDC-26OCT02-B89.5,Washington DC Daily Max Temp,KDCA,2026-10-02,between,89.0,90.0,The Weather Company,https://weather.com/kalshi,0.0,0.01,0.99,1.0,2924.85,0.0,3503.8,,2026-10-03T05:00:00Z,active,2026-10-02T21:20:13.371665+00:00
KXHIGHTDC,KXHIGHTDC-26OCT02-B87.5,Washington DC Daily Max Temp,KDCA,2026-10-02,between,87.0,88.0,The Weather Company,https://weather.com/kalshi,0.04,0.08,0.92,0.96,20.0,29.0,3403.64,,2026-10-03T05:00:00Z,active,2026-10-02T21:20:13.371665+00:00
KXHIGHTDC,KXHIGHTDC-26OCT02-B85.5,Washington DC Daily Max Temp,KDCA,2026-10-02,between,85.0,86.0,The Weather Company,https://weather.com/kalshi,0.9,0.95,0.05,0.1,1.0,2.0,4210.08,,2026-10-03T05:00:00Z,active,2026-10-02T21:20:13.371665+00:00
KXHIGHTPHX,KXHIGHTPHX-26OCT03-T93,Phoenix High Temperature Daily,KPHX,2026-10-03,less,,93.0,The Weather Company,https://weather.com/kalshi,0.0,0.01,0.99,1.0,80.33,0.0,321.0,,2026-10-04T07:00:00Z,active,2026-10-02T21:20:13.371665+00:00
KXHIGHTPHX,KXHIGHTPHX-26OCT03-T100,Phoenix High Temperature Daily,KPHX,2026-10-03,greater,100.0,,The Weather Company,https://weather.com/kalshi,0.0,0.01,0.99,1.0,30.02,0.0,548.0,,2026-10-04T07:00:00Z,active,2026-10-02T21:20:13.371665+00:00
KXHIGHTPHX,KXHIGHTPHX-26OCT03-B99.5,Phoenix High Temperature Daily,KPHX,2026-10-03,between,99.0,100.0,The Weather Company,https://weather.com/kalshi,0.3,0.31,0.69,0.7,28.02,12.02,314.57,,2026-10-04T07:00:00Z,active,2026-10-02T21:20:13.371665+00:00
KXHIGHTPHX,KXHIGHTPHX-26OCT03-B97.5,Phoenix High Temperature Daily,KPHX,2026-10-03,between,97.0,98.0,The Weather Company,https://weather.com/kalshi,0.57,0.58,0.42,0.43,53.02,28.0,463.84,,2026-10-04T07:00:00Z,active,2026-10-02T21:20:13.371665+00:00
KXHIGHTPHX,KXHIGHTPHX-26OCT03-B95.5,Phoenix High Temperature Daily,KPHX,2026-10-03,between,95.0,96.0,The Weather Company,https://weather.com/kalshi,0.08,0.09,0.91,0.92,49.02,49.0,11.0,,2026-10-04T07:00:00Z,active,2026-10-02T21:20:13.371665+00:00
KXHIGHTPHX,KXHIGHTPHX-26OCT03-B93.5,Phoenix High Temperature Daily,KPHX,2026-10-03,between,93.0,94.0,The Weather Company,https://weather.com/kalshi,0.01,0.02,0.98,0.99,75.12,479.0,222.28,,2026-10-04T07:00:00Z,active,2026-10-02T21:20:13.371665+00:00
KXHIGHTPHX,KXHIGHTPHX-26OCT02-T98,Phoenix High Temperature Daily,KPHX,2026-10-02,greater,98.0,,The Weather Company,https://weather.com/kalshi,0.02,0.03,0.97,0.98,25.0,41.0,6171.25,,2026-10-03T07:00:00Z,active,2026-10-02T21:20:13.371665+00:00
KXHIGHTPHX,KXHIGHTPHX-26OCT02-T91,Phoenix High Temperature Daily,KPHX,2026-10-02,less,,91.0,The Weather Company,https://weather.com/kalshi,0.0,0.01,0.99,1.0,47699.66,0.0,737.51,,2026-10-03T07:00:00Z,active,2026-10-02T21:20:13.371665+00:00
KXHIGHTPHX,KXHIGHTPHX-26OCT02-B97.5,Phoenix High Temperature Daily,KPHX,2026-10-02,between,97.0,98.0,The Weather Company,https://weather.com/kalshi,0.84,0.91,0.09,0.16,14.0,35.84,4586.91,,2026-10-03T07:00:00Z,active,2026-10-02T21:20:13.371665+00:00
KXHIGHTPHX,KXHIGHTPHX-26OCT02-B95.5,Phoenix High Temperature Daily,KPHX,2026-10-02,between,95.0,96.0,The Weather Company,https://weather.com/kalshi,0.06,0.14,0.86,0.94,38.0,2.7,3758.63,,2026-10-03T07:00:00Z,active,2026-10-02T21:20:13.371665+00:00
KXHIGHTPHX,KXHIGHTPHX-26OCT02-B93.5,Phoenix High Temperature Daily,KPHX,2026-10-02,between,93.0,94.0,The Weather Company,https://weather.com/kalshi,0.0,0.01,0.99,1.0,47025.27,0.0,2755.85,,2026-10-03T07:00:00Z,active,2026-10-02T21:20:13.371665+00:00
KXHIGHTPHX,KXHIGHTPHX-26OCT02-B91.5,Phoenix High Temperature Daily,KPHX,2026-10-02,between,91.0,92.0,The Weather Company,https://weather.com/kalshi,0.0,0.01,0.99,1.0,48235.16,0.0,877.41,,2026-10-03T07:00:00Z,active,2026-10-02T21:20:13.371665+00:00
KXHIGHMIA,KXHIGHMIA-26OCT03-T93,Highest temperature in Miami,KMIA,2026-10-03,greater,93.0,,The Weather Company,https://weather.com/kalshi,0.01,0.02,0.98,0.99,236.2,70.32,370.78,,2026-10-04T05:00:00Z,active,2026-10-02T21:20:13.371665+00:00
KXHIGHMIA,KXHIGHMIA-26OCT03-T86,Highest temperature in Miami,KMIA,2026-10-03,less,,86.0,The Weather Company,https://weather.com/kalshi,0.01,0.02,0.98,0.99,149.0,143.6,758.9,,2026-10-04T05:00:00Z,active,2026-10-02T21:20:13.371665+00:00
KXHIGHMIA,KXHIGHMIA-26OCT03-B92.5,Highest temperature in Miami,KMIA,2026-10-03,between,92.0,93.0,The Weather Company,https://weather.com/kalshi,0.04,0.05,0.95,0.96,116.2,104.31,122.03,,2026-10-04T05:00:00Z,active,2026-10-02T21:20:13.371665+00:00
KXHIGHMIA,KXHIGHMIA-26OCT03-B90.5,Highest temperature in Miami,KMIA,2026-10-03,between,90.0,91.0,The Weather Company,https://weather.com/kalshi,0.51,0.52,0.48,0.49,63.19,99.7,1347.97,,2026-10-04T05:00:00Z,active,2026-10-02T21:20:13.371665+00:00
KXHIGHMIA,KXHIGHMIA-26OCT03-B88.5,Highest temperature in Miami,KMIA,2026-10-03,between,88.0,89.0,The Weather Company,https://weather.com/kalshi,0.37,0.38,0.62,0.63,61.2,77.14,748.45,,2026-10-04T05:00:00Z,active,2026-10-02T21:20:13.371665+00:00
KXHIGHMIA,KXHIGHMIA-26OCT03-B86.5,Highest temperature in Miami,KMIA,2026-10-03,between,86.0,87.0,The Weather Company,https://weather.com/kalshi,0.07,0.08,0.92,0.93,24.4,2.0,294.25,,2026-10-04T05:00:00Z,active,2026-10-02T21:20:13.371665+00:00
KXHIGHMIA,KXHIGHMIA-26OCT02-T92,Highest temperature in Miami,KMIA,2026-10-02,greater,92.0,,The Weather Company,https://weather.com/kalshi,0.0,0.01,0.99,1.0,26104.39,0.0,4690.45,,2026-10-03T05:00:00Z,active,2026-10-02T21:20:13.371665+00:00
KXHIGHMIA,KXHIGHMIA-26OCT02-T85,Highest temperature in Miami,KMIA,2026-10-02,less,,85.0,The Weather Company,https://weather.com/kalshi,0.0,0.01,0.99,1.0,151780.83,0.0,2993.95,,2026-10-03T05:00:00Z,active,2026-10-02T21:20:13.371665+00:00
KXHIGHMIA,KXHIGHMIA-26OCT02-B91.5,Highest temperature in Miami,KMIA,2026-10-02,between,91.0,92.0,The Weather Company,https://weather.com/kalshi,0.0,0.01,0.99,1.0,15492.74,0.0,23389.42,,2026-10-03T05:00:00Z,active,2026-10-02T21:20:13.371665+00:00
KXHIGHMIA,KXHIGHMIA-26OCT02-B89.5,Highest temperature in Miami,KMIA,2026-10-02,between,89.0,90.0,The Weather Company,https://weather.com/kalshi,0.0,0.01,0.99,1.0,13365.16,0.0,34727.23,,2026-10-03T05:00:00Z,active,2026-10-02T21:20:13.371665+00:00
KXHIGHMIA,KXHIGHMIA-26OCT02-B87.5,Highest temperature in Miami,KMIA,2026-10-02,between,87.0,88.0,The Weather Company,https://weather.com/kalshi,0.99,1.0,0.0,0.01,0.0,9484.55,42255.33,,2026-10-03T05:00:00Z,active,2026-10-02T21:20:13.371665+00:00
KXHIGHMIA,KXHIGHMIA-26OCT02-B85.5,Highest temperature in Miami,KMIA,2026-10-02,between,85.0,86.0,The Weather Company,https://weather.com/kalshi,0.0,0.01,0.99,1.0,153984.97,0.0,21728.44,,2026-10-03T05:00:00Z,active,2026-10-02T21:20:13.371665+00:00
KXHIGHTBOS,KXHIGHTBOS-26OCT03-T72,Boston Maximum Daily Temperature,KBOS,2026-10-03,greater,72.0,,The Weather Company,https://weather.com/kalshi,0.01,0.02,0.98,0.99,159.0,10.48,401.62,,2026-10-04T05:00:00Z,active,2026-10-02T21:20:13.371665+00:00
KXHIGHTBOS,KXHIGHTBOS-26OCT03-T65,Boston Maximum Daily Temperature,KBOS,2026-10-03,less,,65.0,The Weather Company,https://weather.com/kalshi,0.01,0.02,0.98,0.99,29.0,846.71,214.76,,2026-10-04T05:00:00Z,active,2026-10-02T21:20:13.371665+00:00
KXHIGHTBOS,KXHIGHTBOS-26OCT03-B71.5,Boston Maximum Daily Temperature,KBOS,2026-10-03,between,71.0,72.0,The Weather Company,https://weather.com/kalshi,0.04,0.05,0.95,0.96,60.0,253.1,185.19,,2026-10-04T05:00:00Z,active,2026-10-02T21:20:13.371665+00:00
KXHIGHTBOS,KXHIGHTBOS-26OCT03-B69.5,Boston Maximum Daily Temperature,KBOS,2026-10-03,between,69.0,70.0,The Weather Company,https://weather.com/kalshi,0.34,0.35,0.65,0.66,39.0,115.0,229.0,,2026-10-04T05:00:00Z,active,2026-10-02T21:20:13.371665+00:00
KXHIGHTBOS,KXHIGHTBOS-26OCT03-B67.5,Boston Maximum Daily Temperature,KBOS,2026-10-03,between,67.0,68.0,The Weather Company,https://weather.com/kalshi,0.42,0.43,0.57,0.58,107.0,29.0,305.6,,2026-10-04T05:00:00Z,active,2026-10-02T21:20:13.371665+00:00
KXHIGHTBOS,KXHIGHTBOS-26OCT03-B65.5,Boston Maximum Daily Temperature,KBOS,2026-10-03,between,65.0,66.0,The Weather Company,https://weather.com/kalshi,0.17,0.18,0.82,0.83,245.8,2.0,100.5,,2026-10-04T05:00:00Z,active,2026-10-02T21:20:13.371665+00:00
KXHIGHTBOS,KXHIGHTBOS-26OCT02-T84,Boston Maximum Daily Temperature,KBOS,2026-10-02,greater,84.0,,The Weather Company,https://weather.com/kalshi,0.99,1.0,0.0,0.01,0.0,54074.87,10759.24,,2026-10-03T05:00:00Z,active,2026-10-02T21:20:13.371665+00:00
KXHIGHTBOS,KXHIGHTBOS-26OCT02-T77,Boston Maximum Daily Temperature,KBOS,2026-10-02,less,,77.0,The Weather Company,https://weather.com/kalshi,0.0,0.01,0.99,1.0,114581.33,0.0,499.38,,2026-10-03T05:00:00Z,active,2026-10-02T21:20:13.371665+00:00
KXHIGHTBOS,KXHIGHTBOS-26OCT02-B83.5,Boston Maximum Daily Temperature,KBOS,2026-10-02,between,83.0,84.0,The Weather Company,https://weather.com/kalshi,0.0,0.01,0.99,1.0,89245.7,0.0,5606.48,,2026-10-03T05:00:00Z,active,2026-10-02T21:20:13.371665+00:00
KXHIGHTBOS,KXHIGHTBOS-26OCT02-B81.5,Boston Maximum Daily Temperature,KBOS,2026-10-02,between,81.0,82.0,The Weather Company,https://weather.com/kalshi,0.0,0.01,0.99,1.0,99172.17,0.0,2771.19,,2026-10-03T05:00:00Z,active,2026-10-02T21:20:13.371665+00:00
KXHIGHTBOS,KXHIGHTBOS-26OCT02-B79.5,Boston Maximum Daily Temperature,KBOS,2026-10-02,between,79.0,80.0,The Weather Company,https://weather.com/kalshi,0.0,0.01,0.99,1.0,124921.32,0.0,1726.19,,2026-10-03T05:00:00Z,active,2026-10-02T21:20:13.371665+00:00
KXHIGHTBOS,KXHIGHTBOS-26OCT02-B77.5,Boston Maximum Daily Temperature,KBOS,2026-10-02,between,77.0,78.0,The Weather Company,https://weather.com/kalshi,0.0,0.01,0.99,1.0,130745.94,0.0,791.11,,2026-10-03T05:00:00Z,active,2026-10-02T21:20:13.371665+00:00
KXHIGHTNOLA,KXHIGHTNOLA-26OCT03-T88,New Orleans Max temp Daily,KMSY,2026-10-03,greater,88.0,,The Weather Company,https://weather.com/kalshi,0.0,0.01,0.99,1.0,107.25,0.0,155.0,,2026-10-04T06:00:00Z,active,2026-10-02T21:20:13.371665+00:00
KXHIGHTNOLA,KXHIGHTNOLA-26OCT03-T81,New Orleans Max temp Daily,KMSY,2026-10-03,less,,81.0,The Weather Company,https://weather.com/kalshi,0.07,0.08,0.92,0.93,16.24,9.2,152.15,,2026-10-04T06:00:00Z,active,2026-10-02T21:20:13.371665+00:00
KXHIGHTNOLA,KXHIGHTNOLA-26OCT03-B87.5,New Orleans Max temp Daily,KMSY,2026-10-03,between,87.0,88.0,The Weather Company,https://weather.com/kalshi,0.02,0.03,0.97,0.98,88.1,222.0,828.0,,2026-10-04T06:00:00Z,active,2026-10-02T21:20:13.371665+00:00
KXHIGHTNOLA,KXHIGHTNOLA-26OCT03-B85.5,New Orleans Max temp Daily,KMSY,2026-10-03,between,85.0,86.0,The Weather Company,https://weather.com/kalshi,0.3,0.31,0.69,0.7,90.98,1.0,598.01,,2026-10-04T06:00:00Z,active,2026-10-02T21:20:13.371665+00:00
KXHIGHTNOLA,KXHIGHTNOLA-26OCT03-B83.5,New Orleans Max temp Daily,KMSY,2026-10-03,between,83.0,84.0,The Weather Company,https://weather.com/kalshi,0.37,0.39,0.61,0.63,1.0,20.2,113.21,,2026-10-04T06:00:00Z,active,2026-10-02T21:20:13.371665+00:00
KXHIGHTNOLA,KXHIGHTNOLA-26OCT03-B81.5,New Orleans Max temp Daily,KMSY,2026-10-03,between,81.0,82.0,The Weather Company,https://weather.com/kalshi,0.2,0.21,0.79,0.8,16.0,84.2,204.48,,2026-10-04T06:00:00Z,active,2026-10-02T21:20:13.371665+00:00
KXHIGHTNOLA,KXHIGHTNOLA-26OCT02-T92,New Orleans Max temp Daily,KMSY,2026-10-02,greater,92.0,,The Weather Company,https://weather.com/kalshi,0.0,0.01,0.99,1.0,12143.0,0.0,735.61,,2026-10-03T06:00:00Z,active,2026-10-02T21:20:13.371665+00:00
KXHIGHTNOLA,KXHIGHTNOLA-26OCT02-T85,New Orleans Max temp Daily,KMSY,2026-10-02,less,,85.0,The Weather Company,https://weather.com/kalshi,0.0,0.01,0.99,1.0,88996.22,0.0,636.53,,2026-10-03T06:00:00Z,active,2026-10-02T21:20:13.371665+00:00
KXHIGHTNOLA,KXHIGHTNOLA-26OCT02-B91.5,New Orleans Max temp Daily,KMSY,2026-10-02,between,91.0,92.0,The Weather Company,https://weather.com/kalshi,0.0,0.01,0.99,1.0,7462.0,0.0,1693.33,,2026-10-03T06:00:00Z,active,2026-10-02T21:20:13.371665+00:00
KXHIGHTNOLA,KXHIGHTNOLA-26OCT02-B89.5,New Orleans Max temp Daily,KMSY,2026-10-02,between,89.0,90.0,The Weather Company,https://weather.com/kalshi,0.99,1.0,0.0,0.01,0.0,6507.3,4147.08,,2026-10-03T06:00:00Z,active,2026-10-02T21:20:13.371665+00:00
KXHIGHTNOLA,KXHIGHTNOLA-26OCT02-B87.5,New Orleans Max temp Daily,KMSY,2026-10-02,between,87.0,88.0,The Weather Company,https://weather.com/kalshi,0.0,0.01,0.99,1.0,97943.05,0.0,3415.02,,2026-10-03T06:00:00Z,active,2026-10-02T21:20:13.371665+00:00
KXHIGHTNOLA,KXHIGHTNOLA-26OCT02-B85.5,New Orleans Max temp Daily,KMSY,2026-10-02,between,85.0,86.0,The Weather Company,https://weather.com/kalshi,0.0,0.01,0.99,1.0,94620.31,0.0,808.25,,2026-10-03T06:00:00Z,active,2026-10-02T21:20:13.371665+00:00
KXHIGHTOKC,KXHIGHTOKC-26OCT03-T78,Oklahoma City Maximum High Temperature,KOKC,2026-10-03,greater,78.0,,The Weather Company,https://weather.com/kalshi,0.01,0.02,0.98,0.99,72.24,415.77,32.23,,2026-10-04T06:00:00Z,active,2026-10-02T21:20:13.371665+00:00
KXHIGHTOKC,KXHIGHTOKC-26OCT03-T71,Oklahoma City Maximum High Temperature,KOKC,2026-10-03,less,,71.0,The Weather Company,https://weather.com/kalshi,0.17,0.18,0.82,0.83,5.5,40.0,513.59,,2026-10-04T06:00:00Z,active,2026-10-02T21:20:13.371665+00:00
KXHIGHTOKC,KXHIGHTOKC-26OCT03-B77.5,Oklahoma City Maximum High Temperature,KOKC,2026-10-03,between,77.0,78.0,The Weather Company,https://weather.com/kalshi,0.05,0.06,0.94,0.95,58.0,2.0,112.61,,2026-10-04T06:00:00Z,active,2026-10-02T21:20:13.371665+00:00
KXHIGHTOKC,KXHIGHTOKC-26OCT03-B75.5,Oklahoma City Maximum High Temperature,KOKC,2026-10-03,between,75.0,76.0,The Weather Company,https://weather.com/kalshi,0.2,0.21,0.79,0.8,53.1,101.0,341.21,,2026-10-04T06:00:00Z,active,2026-10-02T21:20:13.371665+00:00
KXHIGHTOKC,KXHIGHTOKC-26OCT03-B73.5,Oklahoma City Maximum High Temperature,KOKC,2026-10-03,between,73.0,74.0,The Weather Company,https://weather.com/kalshi,0.26,0.28,0.72,0.74,6.0,28.0,145.23,,2026-10-04T06:00:00Z,active,2026-10-02T21:20:13.371665+00:00
KXHIGHTOKC,KXHIGHTOKC-26OCT03-B71.5,Oklahoma City Maximum High Temperature,KOKC,2026-10-03,between,71.0,72.0,The Weather Company,https://weather.com/kalshi,0.3,0.32,0.68,0.7,38.0,66.0,737.34,,2026-10-04T06:00:00Z,active,2026-10-02T21:20:13.371665+00:00
KXHIGHTOKC,KXHIGHTOKC-26OCT02-T75,Oklahoma City Maximum High Temperature,KOKC,2026-10-02,greater,75.0,,The Weather Company,https://weather.com/kalshi,0.01,0.02,0.98,0.99,22.0,10.0,3601.61,,2026-10-03T06:00:00Z,active,2026-10-02T21:20:13.371665+00:00
KXHIGHTOKC,KXHIGHTOKC-26OCT02-T68,Oklahoma City Maximum High Temperature,KOKC,2026-10-02,less,,68.0,The Weather Company,https://weather.com/kalshi,0.0,0.01,0.99,1.0,62826.17,0.0,3921.12,,2026-10-03T06:00:00Z,active,2026-10-02T21:20:13.371665+00:00
KXHIGHTOKC,KXHIGHTOKC-26OCT02-B74.5,Oklahoma City Maximum High Temperature,KOKC,2026-10-02,between,74.0,75.0,The Weather Company,https://weather.com/kalshi,0.01,0.02,0.98,0.99,27.0,20.0,4299.68,,2026-10-03T06:00:00Z,active,2026-10-02T21:20:13.371665+00:00
KXHIGHTOKC,KXHIGHTOKC-26OCT02-B72.5,Oklahoma City Maximum High Temperature,KOKC,2026-10-02,between,72.0,73.0,The Weather Company,https://weather.com/kalshi,0.02,0.03,0.97,0.98,13.0,38.0,8580.71,,2026-10-03T06:00:00Z,active,2026-10-02T21:20:13.371665+00:00
KXHIGHTOKC,KXHIGHTOKC-26OCT02-B70.5,Oklahoma City Maximum High Temperature,KOKC,2026-10-02,between,70.0,71.0,The Weather Company,https://weather.com/kalshi,0.19,0.21,0.79,0.81,25.0,14.0,6669.61,,2026-10-03T06:00:00Z,active,2026-10-02T21:20:13.371665+00:00
KXHIGHTOKC,KXHIGHTOKC-26OCT02-B68.5,Oklahoma City Maximum High Temperature,KOKC,2026-10-02,between,68.0,69.0,The Weather Company,https://weather.com/kalshi,0.67,0.78,0.22,0.33,4.1,22.0,15496.54,,2026-10-03T06:00:00Z,active,2026-10-02T21:20:13.371665+00:00
KXHIGHTSAN,KXHIGHTSAN-26OCT03-T96,High Temperature San Diego,KSAN,2026-10-03,less,,96.0,The Weather Company,https://weather.com/kalshi,0.05,0.1,0.9,0.95,17.93,14.0,162.17,,2026-10-04T08:00:00Z,active,2026-10-02T21:20:13.371665+00:00
KXHIGHTSAN,KXHIGHTSAN-26OCT03-T103,High Temperature San Diego,KSAN,2026-10-03,greater,103.0,,The Weather Company,https://weather.com/kalshi,0.2,0.21,0.79,0.8,3.0,33.0,17.76,,2026-10-04T08:00:00Z,active,2026-10-02T21:20:13.371665+00:00
KXHIGHTSAN,KXHIGHTSAN-26OCT03-B98.5,High Temperature San Diego,KSAN,2026-10-03,between,98.0,99.0,The Weather Company,https://weather.com/kalshi,0.15,0.29,0.71,0.85,34.0,21.0,0.0,,2026-10-04T08:00:00Z,active,2026-10-02T21:20:13.371665+00:00
KXHIGHTSAN,KXHIGHTSAN-26OCT03-B96.5,High Temperature San Diego,KSAN,2026-10-03,between,96.0,97.0,The Weather Company,https://weather.com/kalshi,0.12,0.21,0.79,0.88,34.0,29.0,0.0,,2026-10-04T08:00:00Z,active,2026-10-02T21:20:13.371665+00:00
KXHIGHTSAN,KXHIGHTSAN-26OCT03-B102.5,High Temperature San Diego,KSAN,2026-10-03,between,102.0,103.0,The Weather Company,https://weather.com/kalshi,0.23,0.26,0.74,0.77,4.0,15.0,36.0,,2026-10-04T08:00:00Z,active,2026-10-02T21:20:13.371665+00:00
KXHIGHTSAN,KXHIGHTSAN-26OCT03-B100.5,High Temperature San Diego,KSAN,2026-10-03,between,100.0,101.0,The Weather Company,https://weather.com/kalshi,0.11,0.3,0.7,0.89,28.0,10.0,0.0,,2026-10-04T08:00:00Z,active,2026-10-02T21:20:13.371665+00:00
KXHIGHTSAN,KXHIGHTSAN-26OCT02-T98,High Temperature San Diego,KSAN,2026-10-02,greater,98.0,,The Weather Company,https://weather.com/kalshi,0.04,0.16,0.84,0.96,12.0,4.0,852.73,,2026-10-03T08:00:00Z,active,2026-10-02T21:20:13.371665+00:00
KXHIGHTSAN,KXHIGHTSAN-26OCT02-T91,High Temperature San Diego,KSAN,2026-10-02,less,,91.0,The Weather Company,https://weather.com/kalshi,0.0,0.01,0.99,1.0,3663.0,0.0,3878.66,,2026-10-03T08:00:00Z,active,2026-10-02T21:20:13.371665+00:00
KXHIGHTSAN,KXHIGHTSAN-26OCT02-B97.5,High Temperature San Diego,KSAN,2026-10-02,between,97.0,98.0,The Weather Company,https://weather.com/kalshi,0.01,0.09,0.91,0.99,8.0,38.0,651.09,,2026-10-03T08:00:00Z,active,2026-10-02T21:20:13.371665+00:00
KXHIGHTSAN,KXHIGHTSAN-26OCT02-B95.5,High Temperature San Diego,KSAN,2026-10-02,between,95.0,96.0,The Weather Company,https://weather.com/kalshi,0.0,0.04,0.96,1.0,4.0,0.0,929.11,,2026-10-03T08:00:00Z,active,2026-10-02T21:20:13.371665+00:00
KXHIGHTSAN,KXHIGHTSAN-26OCT02-B93.5,High Temperature San Diego,KSAN,2026-10-02,between,93.0,94.0,The Weather Company,https://weather.com/kalshi,0.05,0.16,0.84,0.95,10.0,141.0,1023.55,,2026-10-03T08:00:00Z,active,2026-10-02T21:20:13.371665+00:00
KXHIGHTSAN,KXHIGHTSAN-26OCT02-B91.5,High Temperature San Diego,KSAN,2026-10-02,between,91.0,92.0,The Weather Company,https://weather.com/kalshi,0.27,0.75,0.25,0.73,3.4,366.0,1294.22,,2026-10-03T08:00:00Z,active,2026-10-02T21:20:13.371665+00:00
KXLOWTTTN,KXLOWTTTN-26OCT03-T58,Trenton Daily low temp ,KTTN,2026-10-03,greater,58.0,,The Weather Company,https://weather.com/kalshi,0.05,0.25,0.75,0.95,12.0,10.0,10.94,,2026-10-04T05:00:00Z,active,2026-10-02T21:20:13.371665+00:00
KXLOWTTTN,KXLOWTTTN-26OCT03-T51,Trenton Daily low temp ,KTTN,2026-10-03,less,,51.0,The Weather Company,https://weather.com/kalshi,0.01,0.02,0.98,0.99,9.0,4.77,54.23,,2026-10-04T05:00:00Z,active,2026-10-02T21:20:13.371665+00:00
KXLOWTTTN,KXLOWTTTN-26OCT03-B57.5,Trenton Daily low temp ,KTTN,2026-10-03,between,57.0,58.0,The Weather Company,https://weather.com/kalshi,0.25,0.39,0.61,0.75,13.0,11.0,0.0,,2026-10-04T05:00:00Z,active,2026-10-02T21:20:13.371665+00:00
KXLOWTTTN,KXLOWTTTN-26OCT03-B55.5,Trenton Daily low temp ,KTTN,2026-10-03,between,55.0,56.0,The Weather Company,https://weather.com/kalshi,0.23,0.35,0.65,0.77,3.0,6.0,2.0,,2026-10-04T05:00:00Z,active,2026-10-02T21:20:13.371665+00:00
KXLOWTTTN,KXLOWTTTN-26OCT03-B53.5,Trenton Daily low temp ,KTTN,2026-10-03,between,53.0,54.0,The Weather Company,https://weather.com/kalshi,0.08,0.21,0.79,0.92,6.0,12.0,0.0,,2026-10-04T05:00:00Z,active,2026-10-02T21:20:13.371665+00:00
KXLOWTTTN,KXLOWTTTN-26OCT03-B51.5,Trenton Daily low temp ,KTTN,2026-10-03,between,51.0,52.0,The Weather Company,https://weather.com/kalshi,0.02,0.05,0.95,0.98,2.0,50.0,39.09,,2026-10-04T05:00:00Z,active,2026-10-02T21:20:13.371665+00:00
KXLOWTTTN,KXLOWTTTN-26OCT02-T65,Trenton Daily low temp ,KTTN,2026-10-02,greater,65.0,,The Weather Company,https://weather.com/kalshi,0.0,0.01,0.99,1.0,10105.0,0.0,367.18,,2026-10-03T05:00:00Z,active,2026-10-02T21:20:13.371665+00:00
KXLOWTTTN,KXLOWTTTN-26OCT02-T58,Trenton Daily low temp ,KTTN,2026-10-02,less,,58.0,The Weather Company,https://weather.com/kalshi,0.0,0.08,0.92,1.0,39.0,0.0,59.0,,2026-10-03T05:00:00Z,active,2026-10-02T21:20:13.371665+00:00
KXLOWTTTN,KXLOWTTTN-26OCT02-B64.5,Trenton Daily low temp ,KTTN,2026-10-02,between,64.0,65.0,The Weather Company,https://weather.com/kalshi,0.0,0.01,0.99,1.0,9027.22,0.0,1640.02,,2026-10-03T05:00:00Z,active,2026-10-02T21:20:13.371665+00:00
KXLOWTTTN,KXLOWTTTN-26OCT02-B62.5,Trenton Daily low temp ,KTTN,2026-10-02,between,62.0,63.0,The Weather Company,https://weather.com/kalshi,0.9,0.99,0.01,0.1,53.8,50.0,533.72,,2026-10-03T05:00:00Z,active,2026-10-02T21:20:13.371665+00:00
KXLOWTTTN,KXLOWTTTN-26OCT02-B60.5,Trenton Daily low temp ,KTTN,2026-10-02,between,60.0,61.0,The Weather Company,https://weather.com/kalshi,0.0,0.1,0.9,1.0,31.0,0.0,54.0,,2026-10-03T05:00:00Z,active,2026-10-02T21:20:13.371665+00:00
KXLOWTTTN,KXLOWTTTN-26OCT02-B58.5,Trenton Daily low temp ,KTTN,2026-10-02,between,58.0,59.0,The Weather Company,https://weather.com/kalshi,0.0,0.04,0.96,1.0,5.0,0.0,170.0,,2026-10-03T05:00:00Z,active,2026-10-02T21:20:13.371665+00:00
KXLOWTSATX,KXLOWTSATX-26OCT03-T72,Lowest Temperature SATX,KSAT,2026-10-03,greater,72.0,,The Weather Company,https://weather.com/kalshi,0.42,0.47,0.53,0.58,3.0,13.0,131.0,,2026-10-04T06:00:00Z,active,2026-10-02T21:20:13.371665+00:00
KXLOWTSATX,KXLOWTSATX-26OCT03-T65,Lowest Temperature SATX,KSAT,2026-10-03,less,,65.0,The Weather Company,https://weather.com/kalshi,0.01,0.02,0.98,0.99,1.0,1.0,30.0,,2026-10-04T06:00:00Z,active,2026-10-02T21:20:13.371665+00:00
KXLOWTSATX,KXLOWTSATX-26OCT03-B71.5,Lowest Temperature SATX,KSAT,2026-10-03,between,71.0,72.0,The Weather Company,https://weather.com/kalshi,0.39,0.49,0.51,0.61,21.0,5.0,37.06,,2026-10-04T06:00:00Z,active,2026-10-02T21:20:13.371665+00:00
KXLOWTSATX,KXLOWTSATX-26OCT03-B69.5,Lowest Temperature SATX,KSAT,2026-10-03,between,69.0,70.0,The Weather Company,https://weather.com/kalshi,0.09,0.21,0.79,0.91,3.0,62.0,55.44,,2026-10-04T06:00:00Z,active,2026-10-02T21:20:13.371665+00:00
KXLOWTSATX,KXLOWTSATX-26OCT03-B67.5,Lowest Temperature SATX,KSAT,2026-10-03,between,67.0,68.0,The Weather Company,https://weather.com/kalshi,0.02,0.06,0.94,0.98,37.0,29.0,0.0,,2026-10-04T06:00:00Z,active,2026-10-02T21:20:13.371665+00:00
KXLOWTSATX,KXLOWTSATX-26OCT03-B65.5,Lowest Temperature SATX,KSAT,2026-10-03,between,65.0,66.0,The Weather Company,https://weather.com/kalshi,0.01,0.06,0.94,0.99,4.0,80.0,2.0,,2026-10-04T06:00:00Z,active,2026-10-02T21:20:13.371665+00:00
KXLOWTSATX,KXLOWTSATX-26OCT02-T73,Lowest Temperature SATX,KSAT,2026-10-02,greater,73.0,,The Weather Company,https://weather.com/kalshi,0.0,0.01,0.99,1.0,11300.15,0.0,635.0,,2026-10-03T06:00:00Z,active,2026-10-02T21:20:13.371665+00:00
KXLOWTSATX,KXLOWTSATX-26OCT02-T66,Lowest Temperature SATX,KSAT,2026-10-02,less,,66.0,The Weather Company,https://weather.com/kalshi,0.0,0.02,0.98,1.0,50.0,0.0,92.0,,2026-10-03T06:00:00Z,active,2026-10-02T21:20:13.371665+00:00
KXLOWTSATX,KXLOWTSATX-26OCT02-B72.5,Lowest Temperature SATX,KSAT,2026-10-02,between,72.0,73.0,The Weather Company,https://weather.com/kalshi,0.0,0.01,0.99,1.0,6630.15,0.0,297.49,,2026-10-03T06:00:00Z,active,2026-10-02T21:20:13.371665+00:00
KXLOWTSATX,KXLOWTSATX-26OCT02-B70.5,Lowest Temperature SATX,KSAT,2026-10-02,between,70.0,71.0,The Weather Company,https://weather.com/kalshi,0.9,0.95,0.05,0.1,50.0,23.0,531.88,,2026-10-03T06:00:00Z,active,2026-10-02T21:20:13.371665+00:00
KXLOWTSATX,KXLOWTSATX-26OCT02-B68.5,Lowest Temperature SATX,KSAT,2026-10-02,between,68.0,69.0,The Weather Company,https://weather.com/kalshi,0.02,0.1,0.9,0.98,50.0,13.0,282.46,,2026-10-03T06:00:00Z,active,2026-10-02T21:20:13.371665+00:00
KXLOWTSATX,KXLOWTSATX-26OCT02-B66.5,Lowest Temperature SATX,KSAT,2026-10-02,between,66.0,67.0,The Weather Company,https://weather.com/kalshi,0.01,0.06,0.94,0.99,12.0,27.0,292.42,,2026-10-03T06:00:00Z,active,2026-10-02T21:20:13.371665+00:00
KXLOWTSDF,KXLOWTSDF-26OCT03-T57,Lowest Temperature SDX,KSDF,2026-10-03,greater,57.0,,The Weather Company,https://weather.com/kalshi,0.37,0.57,0.43,0.63,10.0,15.0,13.0,,2026-10-04T05:00:00Z,active,2026-10-02T21:20:13.371665+00:00
KXLOWTSDF,KXLOWTSDF-26OCT03-T50,Lowest Temperature SDX,KSDF,2026-10-03,less,,50.0,The Weather Company,https://weather.com/kalshi,0.0,0.04,0.96,1.0,5.0,0.0,0.0,,2026-10-04T05:00:00Z,active,2026-10-02T21:20:13.371665+00:00
KXLOWTSDF,KXLOWTSDF-26OCT03-B56.5,Lowest Temperature SDX,KSDF,2026-10-03,between,56.0,57.0,The Weather Company,https://weather.com/kalshi,0.35,0.55,0.45,0.65,10.0,10.0,3.0,,2026-10-04T05:00:00Z,active,2026-10-02T21:20:13.371665+00:00
KXLOWTSDF,KXLOWTSDF-26OCT03-B54.5,Lowest Temperature SDX,KSDF,2026-10-03,between,54.0,55.0,The Weather Company,https://weather.com/kalshi,0.03,0.13,0.87,0.97,3.0,29.0,0.0,,2026-10-04T05:00:00Z,active,2026-10-02T21:20:13.371665+00:00
KXLOWTSDF,KXLOWTSDF-26OCT03-B52.5,Lowest Temperature SDX,KSDF,2026-10-03,between,52.0,53.0,The Weather Company,https://weather.com/kalshi,0.02,0.11,0.89,0.98,12.0,29.0,15.14,,2026-10-04T05:00:00Z,active,2026-10-02T21:20:13.371665+00:00
KXLOWTSDF,KXLOWTSDF-26OCT03-B50.5,Lowest Temperature SDX,KSDF,2026-10-03,between,50.0,51.0,The Weather Company,https://weather.com/kalshi,0.01,0.1,0.9,0.99,13.0,229.82,49.18,,2026-10-04T05:00:00Z,active,2026-10-02T21:20:13.371665+00:00
KXLOWTSDF,KXLOWTSDF-26OCT02-T63,Lowest Temperature SDX,KSDF,2026-10-02,greater,63.0,,The Weather Company,https://weather.com/kalshi,0.11,0.24,0.76,0.89,10.0,50.0,59.48,,2026-10-03T05:00:00Z,active,2026-10-02T21:20:13.371665+00:00
KXLOWTSDF,KXLOWTSDF-26OCT02-T56,Lowest Temperature SDX,KSDF,2026-10-02,less,,56.0,The Weather Company,https://weather.com/kalshi,0.01,0.06,0.94,0.99,6.0,10.0,29.0,,2026-10-03T05:00:00Z,active,2026-10-02T21:20:13.371665+00:00
KXLOWTSDF,KXLOWTSDF-26OCT02-B62.5,Lowest Temperature SDX,KSDF,2026-10-02,between,62.0,63.0,The Weather Company,https://weather.com/kalshi,0.13,0.34,0.66,0.87,1.0,1.0,49.0,,2026-10-03T05:00:00Z,active,2026-10-02T21:20:13.371665+00:00
KXLOWTSDF,KXLOWTSDF-26OCT02-B60.5,Lowest Temperature SDX,KSDF,2026-10-02,between,60.0,61.0,The Weather Company,https://weather.com/kalshi,0.17,0.31,0.69,0.83,50.0,50.0,136.38,,2026-10-03T05:00:00Z,active,2026-10-02T21:20:13.371665+00:00
KXLOWTSDF,KXLOWTSDF-26OCT02-B58.5,Lowest Temperature SDX,KSDF,2026-10-02,between,58.0,59.0,The Weather Company,https://weather.com/kalshi,0.01,0.17,0.83,0.99,10.0,250.0,66.11,,2026-10-03T05:00:00Z,active,2026-10-02T21:20:13.371665+00:00
KXLOWTSDF,KXLOWTSDF-26OCT02-B56.5,Lowest Temperature SDX,KSDF,2026-10-02,between,56.0,57.0,The Weather Company,https://weather.com/kalshi,0.02,0.08,0.92,0.98,14.0,2.0,65.14,,2026-10-03T05:00:00Z,active,2026-10-02T21:20:13.371665+00:00
KXHIGHAUS,KXHIGHAUS-26OCT03-T86,Highest temperature in Austin,KAUS,2026-10-03,greater,86.0,,The Weather Company,https://weather.com/kalshi,0.08,0.09,0.91,0.92,12.0,68.0,1849.71,,2026-10-04T06:00:00Z,active,2026-10-02T21:20:13.371665+00:00
KXHIGHAUS,KXHIGHAUS-26OCT03-T79,Highest temperature in Austin,KAUS,2026-10-03,less,,79.0,The Weather Company,https://weather.com/kalshi,0.03,0.04,0.96,0.97,65.93,323.29,379.46,,2026-10-04T06:00:00Z,active,2026-10-02T21:20:13.371665+00:00
KXHIGHAUS,KXHIGHAUS-26OCT03-B85.5,Highest temperature in Austin,KAUS,2026-10-03,between,85.0,86.0,The Weather Company,https://weather.com/kalshi,0.15,0.16,0.84,0.85,41.93,16.0,454.38,,2026-10-04T06:00:00Z,active,2026-10-02T21:20:13.371665+00:00
KXHIGHAUS,KXHIGHAUS-26OCT03-B83.5,Highest temperature in Austin,KAUS,2026-10-03,between,83.0,84.0,The Weather Company,https://weather.com/kalshi,0.32,0.33,0.67,0.68,72.0,4.0,451.01,,2026-10-04T06:00:00Z,active,2026-10-02T21:20:13.371665+00:00
KXHIGHAUS,KXHIGHAUS-26OCT03-B81.5,Highest temperature in Austin,KAUS,2026-10-03,between,81.0,82.0,The Weather Company,https://weather.com/kalshi,0.28,0.29,0.71,0.72,21.0,164.0,482.7,,2026-10-04T06:00:00Z,active,2026-10-02T21:20:13.371665+00:00
KXHIGHAUS,KXHIGHAUS-26OCT03-B79.5,Highest temperature in Austin,KAUS,2026-10-03,between,79.0,80.0,The Weather Company,https://weather.com/kalshi,0.09,0.11,0.89,0.91,25.0,10.0,658.65,,2026-10-04T06:00:00Z,active,2026-10-02T21:20:13.371665+00:00
KXHIGHAUS,KXHIGHAUS-26OCT02-T85,Highest temperature in Austin,KAUS,2026-10-02,greater,85.0,,The Weather Company,https://weather.com/kalshi,0.0,0.01,0.99,1.0,391.91,0.0,2495.62,,2026-10-03T06:00:00Z,active,2026-10-02T21:20:13.371665+00:00
KXHIGHAUS,KXHIGHAUS-26OCT02-T78,Highest temperature in Austin,KAUS,2026-10-02,less,,78.0,The Weather Company,https://weather.com/kalshi,0.0,0.01,0.99,1.0,127594.99,0.0,13980.36,,2026-10-03T06:00:00Z,active,2026-10-02T21:20:13.371665+00:00
KXHIGHAUS,KXHIGHAUS-26OCT02-B84.5,Highest temperature in Austin,KAUS,2026-10-02,between,84.0,85.0,The Weather Company,https://weather.com/kalshi,0.0,0.01,0.99,1.0,389.4,0.0,1955.53,,2026-10-03T06:00:00Z,active,2026-10-02T21:20:13.371665+00:00
KXHIGHAUS,KXHIGHAUS-26OCT02-B82.5,Highest temperature in Austin,KAUS,2026-10-02,between,82.0,83.0,The Weather Company,https://weather.com/kalshi,0.02,0.03,0.97,0.98,153.1,13.0,4357.41,,2026-10-03T06:00:00Z,active,2026-10-02T21:20:13.371665+00:00
KXHIGHAUS,KXHIGHAUS-26OCT02-B80.5,Highest temperature in Austin,KAUS,2026-10-02,between,80.0,81.0,The Weather Company,https://weather.com/kalshi,0.12,0.24,0.76,0.88,0.9,55.95,9361.12,,2026-10-03T06:00:00Z,active,2026-10-02T21:20:13.371665+00:00
KXHIGHAUS,KXHIGHAUS-26OCT02-B78.5,Highest temperature in Austin,KAUS,2026-10-02,between,78.0,79.0,The Weather Company,https://weather.com/kalshi,0.74,0.82,0.18,0.26,199.0,9.0,9048.27,,2026-10-03T06:00:00Z,active,2026-10-02T21:20:13.371665+00:00
KXHIGHTEWR,KXHIGHTEWR-26OCT03-T77,"Newark, NJ (EWR) Daily Max Temp",KEWR,2026-10-03,greater,77.0,,The Weather Company,https://weather.com/kalshi,0.0,0.07,0.93,1.0,37.0,0.0,30.0,,2026-10-04T05:00:00Z,active,2026-10-02T21:20:13.371665+00:00
KXHIGHTEWR,KXHIGHTEWR-26OCT03-T70,"Newark, NJ (EWR) Daily Max Temp",KEWR,2026-10-03,less,,70.0,The Weather Company,https://weather.com/kalshi,0.01,0.03,0.97,0.99,14.0,98.0,15.28,,2026-10-04T05:00:00Z,active,2026-10-02T21:20:13.371665+00:00
KXHIGHTEWR,KXHIGHTEWR-26OCT03-B76.5,"Newark, NJ (EWR) Daily Max Temp",KEWR,2026-10-03,between,76.0,77.0,The Weather Company,https://weather.com/kalshi,0.02,0.14,0.86,0.98,10.0,97.0,0.0,,2026-10-04T05:00:00Z,active,2026-10-02T21:20:13.371665+00:00
KXHIGHTEWR,KXHIGHTEWR-26OCT03-B74.5,"Newark, NJ (EWR) Daily Max Temp",KEWR,2026-10-03,between,74.0,75.0,The Weather Company,https://weather.com/kalshi,0.27,0.38,0.62,0.73,21.0,10.0,16.0,,2026-10-04T05:00:00Z,active,2026-10-02T21:20:13.371665+00:00
KXHIGHTEWR,KXHIGHTEWR-26OCT03-B72.5,"Newark, NJ (EWR) Daily Max Temp",KEWR,2026-10-03,between,72.0,73.0,The Weather Company,https://weather.com/kalshi,0.5,0.55,0.45,0.5,3.0,3.0,13.78,,2026-10-04T05:00:00Z,active,2026-10-02T21:20:13.371665+00:00
KXHIGHTEWR,KXHIGHTEWR-26OCT03-B70.5,"Newark, NJ (EWR) Daily Max Temp",KEWR,2026-10-03,between,70.0,71.0,The Weather Company,https://weather.com/kalshi,0.07,0.18,0.82,0.93,10.0,97.0,1.08,,2026-10-04T05:00:00Z,active,2026-10-02T21:20:13.371665+00:00
KXHIGHTEWR,KXHIGHTEWR-26OCT02-T88,"Newark, NJ (EWR) Daily Max Temp",KEWR,2026-10-02,greater,88.0,,The Weather Company,https://weather.com/kalshi,0.0,0.01,0.99,1.0,1373.31,0.0,708.75,,2026-10-03T05:00:00Z,active,2026-10-02T21:20:13.371665+00:00
KXHIGHTEWR,KXHIGHTEWR-26OCT02-T81,"Newark, NJ (EWR) Daily Max Temp",KEWR,2026-10-02,less,,81.0,The Weather Company,https://weather.com/kalshi,0.0,0.01,0.99,1.0,10084.0,0.0,139.0,,2026-10-03T05:00:00Z,active,2026-10-02T21:20:13.371665+00:00
KXHIGHTEWR,KXHIGHTEWR-26OCT02-B87.5,"Newark, NJ (EWR) Daily Max Temp",KEWR,2026-10-02,between,87.0,88.0,The Weather Company,https://weather.com/kalshi,0.99,1.0,0.0,0.01,0.0,1408.95,349.42,,2026-10-03T05:00:00Z,active,2026-10-02T21:20:13.371665+00:00
KXHIGHTEWR,KXHIGHTEWR-26OCT02-B85.5,"Newark, NJ (EWR) Daily Max Temp",KEWR,2026-10-02,between,85.0,86.0,The Weather Company,https://weather.com/kalshi,0.0,0.01,0.99,1.0,10944.0,0.0,315.28,,2026-10-03T05:00:00Z,active,2026-10-02T21:20:13.371665+00:00
KXHIGHTEWR,KXHIGHTEWR-26OCT02-B83.5,"Newark, NJ (EWR) Daily Max Temp",KEWR,2026-10-02,between,83.0,84.0,The Weather Company,https://weather.com/kalshi,0.0,0.01,0.99,1.0,10727.0,0.0,373.0,,2026-10-03T05:00:00Z,active,2026-10-02T21:20:13.371665+00:00
KXHIGHTEWR,KXHIGHTEWR-26OCT02-B81.5,"Newark, NJ (EWR) Daily Max Temp",KEWR,2026-10-02,between,81.0,82.0,The Weather Company,https://weather.com/kalshi,0.0,0.01,0.99,1.0,10055.0,0.0,65.18,,2026-10-03T05:00:00Z,active,2026-10-02T21:20:13.371665+00:00
KXLOWTSAN,KXLOWTSAN-26OCT03-T77,Low Temperature San Diego,KSAN,2026-10-03,greater,77.0,,The Weather Company,https://weather.com/kalshi,0.02,0.1,0.9,0.98,10.0,29.0,20.18,,2026-10-04T08:00:00Z,active,2026-10-02T21:20:13.371665+00:00
KXLOWTSAN,KXLOWTSAN-26OCT03-T70,Low Temperature San Diego,KSAN,2026-10-03,less,,70.0,The Weather Company,https://weather.com/kalshi,0.01,0.04,0.96,0.99,14.0,280.0,26.0,,2026-10-04T08:00:00Z,active,2026-10-02T21:20:13.371665+00:00
KXLOWTSAN,KXLOWTSAN-26OCT03-B76.5,Low Temperature San Diego,KSAN,2026-10-03,between,76.0,77.0,The Weather Company,https://weather.com/kalshi,0.04,0.16,0.84,0.96,7.0,15.0,6.04,,2026-10-04T08:00:00Z,active,2026-10-02T21:20:13.371665+00:00
KXLOWTSAN,KXLOWTSAN-26OCT03-B74.5,Low Temperature San Diego,KSAN,2026-10-03,between,74.0,75.0,The Weather Company,https://weather.com/kalshi,0.02,0.34,0.66,0.98,2.0,35.0,17.0,,2026-10-04T08:00:00Z,active,2026-10-02T21:20:13.371665+00:00
KXLOWTSAN,KXLOWTSAN-26OCT03-B72.5,Low Temperature San Diego,KSAN,2026-10-03,between,72.0,73.0,The Weather Company,https://weather.com/kalshi,0.18,0.37,0.63,0.82,3.0,13.0,6.0,,2026-10-04T08:00:00Z,active,2026-10-02T21:20:13.371665+00:00
KXLOWTSAN,KXLOWTSAN-26OCT03-B70.5,Low Temperature San Diego,KSAN,2026-10-03,between,70.0,71.0,The Weather Company,https://weather.com/kalshi,0.02,0.05,0.95,0.98,3.0,192.0,7.0,,2026-10-04T08:00:00Z,active,2026-10-02T21:20:13.371665+00:00
KXLOWTSAN,KXLOWTSAN-26OCT02-T70,Low Temperature San Diego,KSAN,2026-10-02,greater,70.0,,The Weather Company,https://weather.com/kalshi,0.0,0.01,0.99,1.0,3483.15,0.0,32.0,,2026-10-03T08:00:00Z,active,2026-10-02T21:20:13.371665+00:00
KXLOWTSAN,KXLOWTSAN-26OCT02-T63,Low Temperature San Diego,KSAN,2026-10-02,less,,63.0,The Weather Company,https://weather.com/kalshi,0.0,0.01,0.99,1.0,590.0,0.0,51.18,,2026-10-03T08:00:00Z,active,2026-10-02T21:20:13.371665+00:00
KXLOWTSAN,KXLOWTSAN-26OCT02-B69.5,Low Temperature San Diego,KSAN,2026-10-02,between,69.0,70.0,The Weather Company,https://weather.com/kalshi,0.0,0.01,0.99,1.0,3479.15,0.0,326.0,,2026-10-03T08:00:00Z,active,2026-10-02T21:20:13.371665+00:00
KXLOWTSAN,KXLOWTSAN-26OCT02-B67.5,Low Temperature San Diego,KSAN,2026-10-02,between,67.0,68.0,The Weather Company,https://weather.com/kalshi,0.99,1.0,0.0,0.01,0.0,400.0,768.56,,2026-10-03T08:00:00Z,active,2026-10-02T21:20:13.371665+00:00
KXLOWTSAN,KXLOWTSAN-26OCT02-B65.5,Low Temperature San Diego,KSAN,2026-10-02,between,65.0,66.0,The Weather Company,https://weather.com/kalshi,0.0,0.01,0.99,1.0,400.0,0.0,205.51,,2026-10-03T08:00:00Z,active,2026-10-02T21:20:13.371665+00:00
KXLOWTSAN,KXLOWTSAN-26OCT02-B63.5,Low Temperature San Diego,KSAN,2026-10-02,between,63.0,64.0,The Weather Company,https://weather.com/kalshi,0.0,0.01,0.99,1.0,240.0,0.0,289.0,,2026-10-03T08:00:00Z,active,2026-10-02T21:20:13.371665+00:00
KXLOWTPHX,KXLOWTPHX-26OCT03-T79,Low Temperature Phoenix,KPHX,2026-10-03,greater,79.0,,The Weather Company,https://weather.com/kalshi,0.05,0.17,0.83,0.95,20.89,10.0,0.0,,2026-10-04T07:00:00Z,active,2026-10-02T21:20:13.371665+00:00
KXLOWTPHX,KXLOWTPHX-26OCT03-T72,Low Temperature Phoenix,KPHX,2026-10-03,less,,72.0,The Weather Company,https://weather.com/kalshi,0.01,0.03,0.97,0.99,66.0,10.82,20.18,,2026-10-04T07:00:00Z,active,2026-10-02T21:20:13.371665+00:00
KXLOWTPHX,KXLOWTPHX-26OCT03-B78.5,Low Temperature Phoenix,KPHX,2026-10-03,between,78.0,79.0,The Weather Company,https://weather.com/kalshi,0.28,0.38,0.62,0.72,5.0,41.0,3.0,,2026-10-04T07:00:00Z,active,2026-10-02T21:20:13.371665+00:00
KXLOWTPHX,KXLOWTPHX-26OCT03-B76.5,Low Temperature Phoenix,KPHX,2026-10-03,between,76.0,77.0,The Weather Company,https://weather.com/kalshi,0.33,0.4,0.6,0.67,4.0,6.0,16.0,,2026-10-04T07:00:00Z,active,2026-10-02T21:20:13.371665+00:00
KXLOWTPHX,KXLOWTPHX-26OCT03-B74.5,Low Temperature Phoenix,KPHX,2026-10-03,between,74.0,75.0,The Weather Company,https://weather.com/kalshi,0.09,0.2,0.8,0.91,14.0,7.0,1.05,,2026-10-04T07:00:00Z,active,2026-10-02T21:20:13.371665+00:00
KXLOWTPHX,KXLOWTPHX-26OCT03-B72.5,Low Temperature Phoenix,KPHX,2026-10-03,between,72.0,73.0,The Weather Company,https://weather.com/kalshi,0.02,0.1,0.9,0.98,6.0,80.0,16.28,,2026-10-04T07:00:00Z,active,2026-10-02T21:20:13.371665+00:00
KXLOWTPHX,KXLOWTPHX-26OCT02-T75,Low Temperature Phoenix,KPHX,2026-10-02,greater,75.0,,The Weather Company,https://weather.com/kalshi,0.99,1.0,0.0,0.01,0.0,3040.0,1395.1,,2026-10-03T07:00:00Z,active,2026-10-02T21:20:13.371665+00:00
KXLOWTPHX,KXLOWTPHX-26OCT02-T68,Low Temperature Phoenix,KPHX,2026-10-02,less,,68.0,The Weather Company,https://weather.com/kalshi,0.0,0.01,0.99,1.0,3016.0,0.0,76.25,,2026-10-03T07:00:00Z,active,2026-10-02T21:20:13.371665+00:00
KXLOWTPHX,KXLOWTPHX-26OCT02-B74.5,Low Temperature Phoenix,KPHX,2026-10-02,between,74.0,75.0,The Weather Company,https://weather.com/kalshi,0.0,0.01,0.99,1.0,2860.0,0.0,281.02,,2026-10-03T07:00:00Z,active,2026-10-02T21:20:13.371665+00:00
KXLOWTPHX,KXLOWTPHX-26OCT02-B72.5,Low Temperature Phoenix,KPHX,2026-10-02,between,72.0,73.0,The Weather Company,https://weather.com/kalshi,0.0,0.01,0.99,1.0,2052.0,0.0,366.58,,2026-10-03T07:00:00Z,active,2026-10-02T21:20:13.371665+00:00
KXLOWTPHX,KXLOWTPHX-26OCT02-B70.5,Low Temperature Phoenix,KPHX,2026-10-02,between,70.0,71.0,The Weather Company,https://weather.com/kalshi,0.0,0.01,0.99,1.0,3016.0,0.0,233.53,,2026-10-03T07:00:00Z,active,2026-10-02T21:20:13.371665+00:00
KXLOWTPHX,KXLOWTPHX-26OCT02-B68.5,Low Temperature Phoenix,KPHX,2026-10-02,between,68.0,69.0,The Weather Company,https://weather.com/kalshi,0.0,0.01,0.99,1.0,3171.0,0.0,144.27,,2026-10-03T07:00:00Z,active,2026-10-02T21:20:13.371665+00:00
KXLOWTDEN,KXLOWTDEN-26OCT03-T54,Lowest temperature in Denver,KDEN,2026-10-03,greater,54.0,,The Weather Company,https://weather.com/kalshi,0.05,0.09,0.91,0.95,5.0,50.0,39.54,,2026-10-04T07:00:00Z,active,2026-10-02T21:20:13.371665+00:00
KXLOWTDEN,KXLOWTDEN-26OCT03-T47,Lowest temperature in Denver,KDEN,2026-10-03,less,,47.0,The Weather Company,https://weather.com/kalshi,0.01,0.03,0.97,0.99,10.0,55.82,20.18,,2026-10-04T07:00:00Z,active,2026-10-02T21:20:13.371665+00:00
KXLOWTDEN,KXLOWTDEN-26OCT03-B53.5,Lowest temperature in Denver,KDEN,2026-10-03,between,53.0,54.0,The Weather Company,https://weather.com/kalshi,0.23,0.34,0.66,0.77,7.0,5.0,0.0,,2026-10-04T07:00:00Z,active,2026-10-02T21:20:13.371665+00:00
KXLOWTDEN,KXLOWTDEN-26OCT03-B51.5,Lowest temperature in Denver,KDEN,2026-10-03,between,51.0,52.0,The Weather Company,https://weather.com/kalshi,0.34,0.41,0.59,0.66,8.0,3.0,1.0,,2026-10-04T07:00:00Z,active,2026-10-02T21:20:13.371665+00:00
KXLOWTDEN,KXLOWTDEN-26OCT03-B49.5,Lowest temperature in Denver,KDEN,2026-10-03,between,49.0,50.0,The Weather Company,https://weather.com/kalshi,0.13,0.25,0.75,0.87,3.0,3.0,2.0,,2026-10-04T07:00:00Z,active,2026-10-02T21:20:13.371665+00:00
KXLOWTDEN,KXLOWTDEN-26OCT03-B47.5,Lowest temperature in Denver,KDEN,2026-10-03,between,47.0,48.0,The Weather Company,https://weather.com/kalshi,0.02,0.13,0.87,0.98,9.0,79.0,15.14,,2026-10-04T07:00:00Z,active,2026-10-02T21:20:13.371665+00:00
KXLOWTDEN,KXLOWTDEN-26OCT02-T50,Lowest temperature in Denver,KDEN,2026-10-02,greater,50.0,,The Weather Company,https://weather.com/kalshi,0.0,0.01,0.99,1.0,5355.44,0.0,8277.06,,2026-10-03T07:00:00Z,active,2026-10-02T21:20:13.371665+00:00
KXLOWTDEN,KXLOWTDEN-26OCT02-T43,Lowest temperature in Denver,KDEN,2026-10-02,less,,43.0,The Weather Company,https://weather.com/kalshi,0.0,0.01,0.99,1.0,697.31,0.0,675.0,,2026-10-03T07:00:00Z,active,2026-10-02T21:20:13.371665+00:00
KXLOWTDEN,KXLOWTDEN-26OCT02-B49.5,Lowest temperature in Denver,KDEN,2026-10-02,between,49.0,50.0,The Weather Company,https://weather.com/kalshi,0.98,1.0,0.0,0.02,0.0,87.0,1134.07,,2026-10-03T07:00:00Z,active,2026-10-02T21:20:13.371665+00:00
KXLOWTDEN,KXLOWTDEN-26OCT02-B47.5,Lowest temperature in Denver,KDEN,2026-10-02,between,47.0,48.0,The Weather Company,https://weather.com/kalshi,0.0,0.02,0.98,1.0,62.8,0.0,414.22,,2026-10-03T07:00:00Z,active,2026-10-02T21:20:13.371665+00:00
KXLOWTDEN,KXLOWTDEN-26OCT02-B45.5,Lowest temperature in Denver,KDEN,2026-10-02,between,45.0,46.0,The Weather Company,https://weather.com/kalshi,0.0,0.01,0.99,1.0,610.0,0.0,676.85,,2026-10-03T07:00:00Z,active,2026-10-02T21:20:13.371665+00:00
KXLOWTDEN,KXLOWTDEN-26OCT02-B43.5,Lowest temperature in Denver,KDEN,2026-10-02,between,43.0,44.0,The Weather Company,https://weather.com/kalshi,0.0,0.01,0.99,1.0,535.0,0.0,650.86,,2026-10-03T07:00:00Z,active,2026-10-02T21:20:13.371665+00:00
