series_ticker,market_ticker,city_label,station_id,target_date,strike_type,floor_strike,cap_strike,settlement_source_name,settlement_source_url,yes_bid,yes_ask,no_bid,no_ask,yes_ask_size,yes_bid_size,volume,liquidity,close_time,status,pulled_at
KXLOWTNYC,KXLOWTNYC-26OCT08-T58,Lowest temperature in NYC,KNYC,2026-10-08,greater,58.0,,The Weather Company,https://weather.com/kalshi,0.0,0.02,0.98,1.0,183.0,0.0,418.74,,2026-10-09T05:00:00Z,active,2026-10-08T02:42:01.467176+00:00
KXLOWTNYC,KXLOWTNYC-26OCT08-T51,Lowest temperature in NYC,KNYC,2026-10-08,less,,51.0,The Weather Company,https://weather.com/kalshi,0.0,0.01,0.99,1.0,511.49,0.0,357.1,,2026-10-09T05:00:00Z,active,2026-10-08T02:42:01.467176+00:00
KXLOWTNYC,KXLOWTNYC-26OCT08-B57.5,Lowest temperature in NYC,KNYC,2026-10-08,between,57.0,58.0,The Weather Company,https://weather.com/kalshi,0.4,0.46,0.54,0.6,10.0,6.0,156.65,,2026-10-09T05:00:00Z,active,2026-10-08T02:42:01.467176+00:00
KXLOWTNYC,KXLOWTNYC-26OCT08-B55.5,Lowest temperature in NYC,KNYC,2026-10-08,between,55.0,56.0,The Weather Company,https://weather.com/kalshi,0.44,0.58,0.42,0.56,25.0,25.0,335.0,,2026-10-09T05:00:00Z,active,2026-10-08T02:42:01.467176+00:00
KXLOWTNYC,KXLOWTNYC-26OCT08-B53.5,Lowest temperature in NYC,KNYC,2026-10-08,between,53.0,54.0,The Weather Company,https://weather.com/kalshi,0.04,0.11,0.89,0.96,37.0,117.0,254.46,,2026-10-09T05:00:00Z,active,2026-10-08T02:42:01.467176+00:00
KXLOWTNYC,KXLOWTNYC-26OCT08-B51.5,Lowest temperature in NYC,KNYC,2026-10-08,between,51.0,52.0,The Weather Company,https://weather.com/kalshi,0.0,0.02,0.98,1.0,75.0,0.0,614.28,,2026-10-09T05:00:00Z,active,2026-10-08T02:42:01.467176+00:00
KXLOWTNYC,KXLOWTNYC-26OCT07-T49,Lowest temperature in NYC,KNYC,2026-10-07,greater,49.0,,The Weather Company,https://weather.com/kalshi,0.0,0.01,0.99,1.0,742.08,0.0,7037.04,,2026-10-08T05:00:00Z,active,2026-10-08T02:42:01.467176+00:00
KXLOWTNYC,KXLOWTNYC-26OCT07-T42,Lowest temperature in NYC,KNYC,2026-10-07,less,,42.0,The Weather Company,https://weather.com/kalshi,0.0,0.01,0.99,1.0,231.0,0.0,364.36,,2026-10-08T05:00:00Z,active,2026-10-08T02:42:01.467176+00:00
KXLOWTNYC,KXLOWTNYC-26OCT07-B48.5,Lowest temperature in NYC,KNYC,2026-10-07,between,48.0,49.0,The Weather Company,https://weather.com/kalshi,0.99,1.0,0.0,0.01,0.0,3516.39,3767.97,,2026-10-08T05:00:00Z,active,2026-10-08T02:42:01.467176+00:00
KXLOWTNYC,KXLOWTNYC-26OCT07-B46.5,Lowest temperature in NYC,KNYC,2026-10-07,between,46.0,47.0,The Weather Company,https://weather.com/kalshi,0.0,0.01,0.99,1.0,2565.85,0.0,2381.55,,2026-10-08T05:00:00Z,active,2026-10-08T02:42:01.467176+00:00
KXLOWTNYC,KXLOWTNYC-26OCT07-B44.5,Lowest temperature in NYC,KNYC,2026-10-07,between,44.0,45.0,The Weather Company,https://weather.com/kalshi,0.0,0.01,0.99,1.0,531.0,0.0,774.32,,2026-10-08T05:00:00Z,active,2026-10-08T02:42:01.467176+00:00
KXLOWTNYC,KXLOWTNYC-26OCT07-B42.5,Lowest temperature in NYC,KNYC,2026-10-07,between,42.0,43.0,The Weather Company,https://weather.com/kalshi,0.0,0.01,0.99,1.0,524.0,0.0,969.06,,2026-10-08T05:00:00Z,active,2026-10-08T02:42:01.467176+00:00
KXHIGHTLV,KXHIGHTLV-26OCT08-T95,Las Vegas Max Daily Temperature,KLAS,2026-10-08,less,,95.0,The Weather Company,https://weather.com/kalshi,0.0,0.01,0.99,1.0,39.0,0.0,645.35,,2026-10-09T08:00:00Z,active,2026-10-08T02:42:01.467176+00:00
KXHIGHTLV,KXHIGHTLV-26OCT08-T102,Las Vegas Max Daily Temperature,KLAS,2026-10-08,greater,102.0,,The Weather Company,https://weather.com/kalshi,0.0,0.01,0.99,1.0,544.0,0.0,303.65,,2026-10-09T08:00:00Z,active,2026-10-08T02:42:01.467176+00:00
KXHIGHTLV,KXHIGHTLV-26OCT08-B99.5,Las Vegas Max Daily Temperature,KLAS,2026-10-08,between,99.0,100.0,The Weather Company,https://weather.com/kalshi,0.13,0.14,0.86,0.87,30.0,17.0,435.26,,2026-10-09T08:00:00Z,active,2026-10-08T02:42:01.467176+00:00
KXHIGHTLV,KXHIGHTLV-26OCT08-B97.5,Las Vegas Max Daily Temperature,KLAS,2026-10-08,between,97.0,98.0,The Weather Company,https://weather.com/kalshi,0.77,0.78,0.22,0.23,121.0,22.0,624.22,,2026-10-09T08:00:00Z,active,2026-10-08T02:42:01.467176+00:00
KXHIGHTLV,KXHIGHTLV-26OCT08-B95.5,Las Vegas Max Daily Temperature,KLAS,2026-10-08,between,95.0,96.0,The Weather Company,https://weather.com/kalshi,0.08,0.1,0.9,0.92,28.0,38.0,298.21,,2026-10-09T08:00:00Z,active,2026-10-08T02:42:01.467176+00:00
KXHIGHTLV,KXHIGHTLV-26OCT08-B101.5,Las Vegas Max Daily Temperature,KLAS,2026-10-08,between,101.0,102.0,The Weather Company,https://weather.com/kalshi,0.01,0.03,0.97,0.99,61.0,43.44,534.69,,2026-10-09T08:00:00Z,active,2026-10-08T02:42:01.467176+00:00
KXHIGHTLV,KXHIGHTLV-26OCT07-T95,Las Vegas Max Daily Temperature,KLAS,2026-10-07,less,,95.0,The Weather Company,https://weather.com/kalshi,0.0,0.01,0.99,1.0,16949.38,0.0,855.17,,2026-10-08T08:00:00Z,active,2026-10-08T02:42:01.467176+00:00
KXHIGHTLV,KXHIGHTLV-26OCT07-T102,Las Vegas Max Daily Temperature,KLAS,2026-10-07,greater,102.0,,The Weather Company,https://weather.com/kalshi,0.0,0.01,0.99,1.0,9592.34,0.0,357.0,,2026-10-08T08:00:00Z,active,2026-10-08T02:42:01.467176+00:00
KXHIGHTLV,KXHIGHTLV-26OCT07-B99.5,Las Vegas Max Daily Temperature,KLAS,2026-10-07,between,99.0,100.0,The Weather Company,https://weather.com/kalshi,0.0,0.01,0.99,1.0,8084.98,0.0,2189.89,,2026-10-08T08:00:00Z,active,2026-10-08T02:42:01.467176+00:00
KXHIGHTLV,KXHIGHTLV-26OCT07-B97.5,Las Vegas Max Daily Temperature,KLAS,2026-10-07,between,97.0,98.0,The Weather Company,https://weather.com/kalshi,0.99,1.0,0.0,0.01,0.0,6843.02,4013.95,,2026-10-08T08:00:00Z,active,2026-10-08T02:42:01.467176+00:00
KXHIGHTLV,KXHIGHTLV-26OCT07-B95.5,Las Vegas Max Daily Temperature,KLAS,2026-10-07,between,95.0,96.0,The Weather Company,https://weather.com/kalshi,0.0,0.01,0.99,1.0,16943.2,0.0,3927.78,,2026-10-08T08:00:00Z,active,2026-10-08T02:42:01.467176+00:00
KXHIGHTLV,KXHIGHTLV-26OCT07-B101.5,Las Vegas Max Daily Temperature,KLAS,2026-10-07,between,101.0,102.0,The Weather Company,https://weather.com/kalshi,0.0,0.01,0.99,1.0,11143.32,0.0,623.48,,2026-10-08T08:00:00Z,active,2026-10-08T02:42:01.467176+00:00
KXHIGHTSFO,KXHIGHTSFO-26OCT08-T84,San Francisco High Temperature Daily,KSFO,2026-10-08,greater,84.0,,The Weather Company,https://weather.com/kalshi,0.0,0.02,0.98,1.0,293.0,0.0,286.5,,2026-10-09T08:00:00Z,active,2026-10-08T02:42:01.467176+00:00
KXHIGHTSFO,KXHIGHTSFO-26OCT08-T77,San Francisco High Temperature Daily,KSFO,2026-10-08,less,,77.0,The Weather Company,https://weather.com/kalshi,0.81,0.82,0.18,0.19,78.0,59.0,1548.34,,2026-10-09T08:00:00Z,active,2026-10-08T02:42:01.467176+00:00
KXHIGHTSFO,KXHIGHTSFO-26OCT08-B83.5,San Francisco High Temperature Daily,KSFO,2026-10-08,between,83.0,84.0,The Weather Company,https://weather.com/kalshi,0.01,0.02,0.98,0.99,28.24,130.0,257.76,,2026-10-09T08:00:00Z,active,2026-10-08T02:42:01.467176+00:00
KXHIGHTSFO,KXHIGHTSFO-26OCT08-B81.5,San Francisco High Temperature Daily,KSFO,2026-10-08,between,81.0,82.0,The Weather Company,https://weather.com/kalshi,0.03,0.04,0.96,0.97,24.0,8.89,289.68,,2026-10-09T08:00:00Z,active,2026-10-08T02:42:01.467176+00:00
KXHIGHTSFO,KXHIGHTSFO-26OCT08-B79.5,San Francisco High Temperature Daily,KSFO,2026-10-08,between,79.0,80.0,The Weather Company,https://weather.com/kalshi,0.05,0.07,0.93,0.95,13.0,39.0,221.81,,2026-10-09T08:00:00Z,active,2026-10-08T02:42:01.467176+00:00
KXHIGHTSFO,KXHIGHTSFO-26OCT08-B77.5,San Francisco High Temperature Daily,KSFO,2026-10-08,between,77.0,78.0,The Weather Company,https://weather.com/kalshi,0.09,0.1,0.9,0.91,50.0,52.0,139.79,,2026-10-09T08:00:00Z,active,2026-10-08T02:42:01.467176+00:00
KXHIGHTSFO,KXHIGHTSFO-26OCT07-T84,San Francisco High Temperature Daily,KSFO,2026-10-07,greater,84.0,,The Weather Company,https://weather.com/kalshi,0.0,0.01,0.99,1.0,13598.58,0.0,1857.22,,2026-10-08T08:00:00Z,active,2026-10-08T02:42:01.467176+00:00
KXHIGHTSFO,KXHIGHTSFO-26OCT07-T77,San Francisco High Temperature Daily,KSFO,2026-10-07,less,,77.0,The Weather Company,https://weather.com/kalshi,0.99,1.0,0.0,0.01,0.0,8851.19,26171.17,,2026-10-08T08:00:00Z,active,2026-10-08T02:42:01.467176+00:00
KXHIGHTSFO,KXHIGHTSFO-26OCT07-B83.5,San Francisco High Temperature Daily,KSFO,2026-10-07,between,83.0,84.0,The Weather Company,https://weather.com/kalshi,0.0,0.01,0.99,1.0,8567.96,0.0,3319.24,,2026-10-08T08:00:00Z,active,2026-10-08T02:42:01.467176+00:00
KXHIGHTSFO,KXHIGHTSFO-26OCT07-B81.5,San Francisco High Temperature Daily,KSFO,2026-10-07,between,81.0,82.0,The Weather Company,https://weather.com/kalshi,0.0,0.01,0.99,1.0,8493.98,0.0,4898.17,,2026-10-08T08:00:00Z,active,2026-10-08T02:42:01.467176+00:00
KXHIGHTSFO,KXHIGHTSFO-26OCT07-B79.5,San Francisco High Temperature Daily,KSFO,2026-10-07,between,79.0,80.0,The Weather Company,https://weather.com/kalshi,0.0,0.01,0.99,1.0,8299.8,0.0,6902.45,,2026-10-08T08:00:00Z,active,2026-10-08T02:42:01.467176+00:00
KXHIGHTSFO,KXHIGHTSFO-26OCT07-B77.5,San Francisco High Temperature Daily,KSFO,2026-10-07,between,77.0,78.0,The Weather Company,https://weather.com/kalshi,0.0,0.01,0.99,1.0,8682.41,0.0,10088.66,,2026-10-08T08:00:00Z,active,2026-10-08T02:42:01.467176+00:00
KXHIGHTSDF,KXHIGHTSDF-26OCT08-T87,HIGHEST Temperature SATX,KSDF,2026-10-08,greater,87.0,,The Weather Company,https://weather.com/kalshi,0.01,0.02,0.98,0.99,44.0,1.0,194.27,,2026-10-09T05:00:00Z,active,2026-10-08T02:42:01.467176+00:00
KXHIGHTSDF,KXHIGHTSDF-26OCT08-T80,HIGHEST Temperature SATX,KSDF,2026-10-08,less,,80.0,The Weather Company,https://weather.com/kalshi,0.02,0.05,0.95,0.98,45.0,29.0,219.07,,2026-10-09T05:00:00Z,active,2026-10-08T02:42:01.467176+00:00
KXHIGHTSDF,KXHIGHTSDF-26OCT08-B86.5,HIGHEST Temperature SATX,KSDF,2026-10-08,between,86.0,87.0,The Weather Company,https://weather.com/kalshi,0.01,0.02,0.98,0.99,32.21,219.0,324.96,,2026-10-09T05:00:00Z,active,2026-10-08T02:42:01.467176+00:00
KXHIGHTSDF,KXHIGHTSDF-26OCT08-B84.5,HIGHEST Temperature SATX,KSDF,2026-10-08,between,84.0,85.0,The Weather Company,https://weather.com/kalshi,0.22,0.31,0.69,0.78,10.0,25.0,57.14,,2026-10-09T05:00:00Z,active,2026-10-08T02:42:01.467176+00:00
KXHIGHTSDF,KXHIGHTSDF-26OCT08-B82.5,HIGHEST Temperature SATX,KSDF,2026-10-08,between,82.0,83.0,The Weather Company,https://weather.com/kalshi,0.56,0.72,0.28,0.44,15.0,10.0,44.0,,2026-10-09T05:00:00Z,active,2026-10-08T02:42:01.467176+00:00
KXHIGHTSDF,KXHIGHTSDF-26OCT08-B80.5,HIGHEST Temperature SATX,KSDF,2026-10-08,between,80.0,81.0,The Weather Company,https://weather.com/kalshi,0.08,0.13,0.87,0.92,10.0,34.0,83.0,,2026-10-09T05:00:00Z,active,2026-10-08T02:42:01.467176+00:00
KXHIGHTSDF,KXHIGHTSDF-26OCT07-T88,HIGHEST Temperature SATX,KSDF,2026-10-07,greater,88.0,,The Weather Company,https://weather.com/kalshi,0.0,0.01,0.99,1.0,6072.72,0.0,35.0,,2026-10-08T05:00:00Z,active,2026-10-08T02:42:01.467176+00:00
KXHIGHTSDF,KXHIGHTSDF-26OCT07-T81,HIGHEST Temperature SATX,KSDF,2026-10-07,less,,81.0,The Weather Company,https://weather.com/kalshi,0.0,0.01,0.99,1.0,2149.0,0.0,291.99,,2026-10-08T05:00:00Z,active,2026-10-08T02:42:01.467176+00:00
KXHIGHTSDF,KXHIGHTSDF-26OCT07-B87.5,HIGHEST Temperature SATX,KSDF,2026-10-07,between,87.0,88.0,The Weather Company,https://weather.com/kalshi,0.0,0.01,0.99,1.0,6954.0,0.0,283.68,,2026-10-08T05:00:00Z,active,2026-10-08T02:42:01.467176+00:00
KXHIGHTSDF,KXHIGHTSDF-26OCT07-B85.5,HIGHEST Temperature SATX,KSDF,2026-10-07,between,85.0,86.0,The Weather Company,https://weather.com/kalshi,0.0,0.01,0.99,1.0,4677.22,0.0,907.45,,2026-10-08T05:00:00Z,active,2026-10-08T02:42:01.467176+00:00
KXHIGHTSDF,KXHIGHTSDF-26OCT07-B83.5,HIGHEST Temperature SATX,KSDF,2026-10-07,between,83.0,84.0,The Weather Company,https://weather.com/kalshi,0.99,1.0,0.0,0.01,0.0,4850.0,811.14,,2026-10-08T05:00:00Z,active,2026-10-08T02:42:01.467176+00:00
KXHIGHTSDF,KXHIGHTSDF-26OCT07-B81.5,HIGHEST Temperature SATX,KSDF,2026-10-07,between,81.0,82.0,The Weather Company,https://weather.com/kalshi,0.0,0.01,0.99,1.0,1759.48,0.0,1786.05,,2026-10-08T05:00:00Z,active,2026-10-08T02:42:01.467176+00:00
KXHIGHTBOS,KXHIGHTBOS-26OCT08-T75,Boston Maximum Daily Temperature,KBOS,2026-10-08,greater,75.0,,The Weather Company,https://weather.com/kalshi,0.24,0.25,0.75,0.76,29.0,2.0,1919.02,,2026-10-09T05:00:00Z,active,2026-10-08T02:42:01.467176+00:00
KXHIGHTBOS,KXHIGHTBOS-26OCT08-T68,Boston Maximum Daily Temperature,KBOS,2026-10-08,less,,68.0,The Weather Company,https://weather.com/kalshi,0.0,0.01,0.99,1.0,33.0,0.0,338.49,,2026-10-09T05:00:00Z,active,2026-10-08T02:42:01.467176+00:00
KXHIGHTBOS,KXHIGHTBOS-26OCT08-B74.5,Boston Maximum Daily Temperature,KBOS,2026-10-08,between,74.0,75.0,The Weather Company,https://weather.com/kalshi,0.55,0.56,0.44,0.45,8.0,14.0,573.11,,2026-10-09T05:00:00Z,active,2026-10-08T02:42:01.467176+00:00
KXHIGHTBOS,KXHIGHTBOS-26OCT08-B72.5,Boston Maximum Daily Temperature,KBOS,2026-10-08,between,72.0,73.0,The Weather Company,https://weather.com/kalshi,0.18,0.19,0.81,0.82,1.01,29.0,331.47,,2026-10-09T05:00:00Z,active,2026-10-08T02:42:01.467176+00:00
KXHIGHTBOS,KXHIGHTBOS-26OCT08-B70.5,Boston Maximum Daily Temperature,KBOS,2026-10-08,between,70.0,71.0,The Weather Company,https://weather.com/kalshi,0.03,0.04,0.96,0.97,63.24,367.0,184.0,,2026-10-09T05:00:00Z,active,2026-10-08T02:42:01.467176+00:00
KXHIGHTBOS,KXHIGHTBOS-26OCT08-B68.5,Boston Maximum Daily Temperature,KBOS,2026-10-08,between,68.0,69.0,The Weather Company,https://weather.com/kalshi,0.01,0.02,0.98,0.99,53.0,293.82,293.18,,2026-10-09T05:00:00Z,active,2026-10-08T02:42:01.467176+00:00
KXHIGHTBOS,KXHIGHTBOS-26OCT07-T68,Boston Maximum Daily Temperature,KBOS,2026-10-07,greater,68.0,,The Weather Company,https://weather.com/kalshi,0.0,0.01,0.99,1.0,8169.31,0.0,1544.63,,2026-10-08T05:00:00Z,active,2026-10-08T02:42:01.467176+00:00
KXHIGHTBOS,KXHIGHTBOS-26OCT07-T61,Boston Maximum Daily Temperature,KBOS,2026-10-07,less,,61.0,The Weather Company,https://weather.com/kalshi,0.0,0.01,0.99,1.0,52427.96,0.0,538.0,,2026-10-08T05:00:00Z,active,2026-10-08T02:42:01.467176+00:00
KXHIGHTBOS,KXHIGHTBOS-26OCT07-B67.5,Boston Maximum Daily Temperature,KBOS,2026-10-07,between,67.0,68.0,The Weather Company,https://weather.com/kalshi,0.0,0.01,0.99,1.0,7743.26,0.0,10887.84,,2026-10-08T05:00:00Z,active,2026-10-08T02:42:01.467176+00:00
KXHIGHTBOS,KXHIGHTBOS-26OCT07-B65.5,Boston Maximum Daily Temperature,KBOS,2026-10-07,between,65.0,66.0,The Weather Company,https://weather.com/kalshi,0.99,1.0,0.0,0.01,0.0,8122.14,9934.18,,2026-10-08T05:00:00Z,active,2026-10-08T02:42:01.467176+00:00
KXHIGHTBOS,KXHIGHTBOS-26OCT07-B63.5,Boston Maximum Daily Temperature,KBOS,2026-10-07,between,63.0,64.0,The Weather Company,https://weather.com/kalshi,0.0,0.01,0.99,1.0,53099.48,0.0,1958.05,,2026-10-08T05:00:00Z,active,2026-10-08T02:42:01.467176+00:00
KXHIGHTBOS,KXHIGHTBOS-26OCT07-B61.5,Boston Maximum Daily Temperature,KBOS,2026-10-07,between,61.0,62.0,The Weather Company,https://weather.com/kalshi,0.0,0.01,0.99,1.0,52324.95,0.0,878.93,,2026-10-08T05:00:00Z,active,2026-10-08T02:42:01.467176+00:00
KXLOWTDEN,KXLOWTDEN-26OCT08-T57,Lowest temperature in Denver,KDEN,2026-10-08,greater,57.0,,The Weather Company,https://weather.com/kalshi,0.04,0.06,0.94,0.96,15.0,35.0,50.57,,2026-10-09T07:00:00Z,active,2026-10-08T02:42:01.467176+00:00
KXLOWTDEN,KXLOWTDEN-26OCT08-T50,Lowest temperature in Denver,KDEN,2026-10-08,less,,50.0,The Weather Company,https://weather.com/kalshi,0.03,0.04,0.96,0.97,2.0,22.0,28.41,,2026-10-09T07:00:00Z,active,2026-10-08T02:42:01.467176+00:00
KXLOWTDEN,KXLOWTDEN-26OCT08-B56.5,Lowest temperature in Denver,KDEN,2026-10-08,between,56.0,57.0,The Weather Company,https://weather.com/kalshi,0.27,0.32,0.68,0.73,17.0,6.0,61.77,,2026-10-09T07:00:00Z,active,2026-10-08T02:42:01.467176+00:00
KXLOWTDEN,KXLOWTDEN-26OCT08-B54.5,Lowest temperature in Denver,KDEN,2026-10-08,between,54.0,55.0,The Weather Company,https://weather.com/kalshi,0.29,0.35,0.65,0.71,5.0,45.0,0.0,,2026-10-09T07:00:00Z,active,2026-10-08T02:42:01.467176+00:00
KXLOWTDEN,KXLOWTDEN-26OCT08-B52.5,Lowest temperature in Denver,KDEN,2026-10-08,between,52.0,53.0,The Weather Company,https://weather.com/kalshi,0.29,0.3,0.7,0.71,16.0,28.0,15.0,,2026-10-09T07:00:00Z,active,2026-10-08T02:42:01.467176+00:00
KXLOWTDEN,KXLOWTDEN-26OCT08-B50.5,Lowest temperature in Denver,KDEN,2026-10-08,between,50.0,51.0,The Weather Company,https://weather.com/kalshi,0.08,0.09,0.91,0.92,4.0,8.0,27.0,,2026-10-09T07:00:00Z,active,2026-10-08T02:42:01.467176+00:00
KXLOWTDEN,KXLOWTDEN-26OCT07-T60,Lowest temperature in Denver,KDEN,2026-10-07,greater,60.0,,The Weather Company,https://weather.com/kalshi,0.0,0.01,0.99,1.0,13927.96,0.0,1111.6,,2026-10-08T07:00:00Z,active,2026-10-08T02:42:01.467176+00:00
KXLOWTDEN,KXLOWTDEN-26OCT07-T53,Lowest temperature in Denver,KDEN,2026-10-07,less,,53.0,The Weather Company,https://weather.com/kalshi,0.0,0.02,0.98,1.0,758.73,0.0,1794.01,,2026-10-08T07:00:00Z,active,2026-10-08T02:42:01.467176+00:00
KXLOWTDEN,KXLOWTDEN-26OCT07-B59.5,Lowest temperature in Denver,KDEN,2026-10-07,between,59.0,60.0,The Weather Company,https://weather.com/kalshi,0.0,0.01,0.99,1.0,13042.15,0.0,161.21,,2026-10-08T07:00:00Z,active,2026-10-08T02:42:01.467176+00:00
KXLOWTDEN,KXLOWTDEN-26OCT07-B57.5,Lowest temperature in Denver,KDEN,2026-10-07,between,57.0,58.0,The Weather Company,https://weather.com/kalshi,0.0,0.01,0.99,1.0,13019.15,0.0,311.89,,2026-10-08T07:00:00Z,active,2026-10-08T02:42:01.467176+00:00
KXLOWTDEN,KXLOWTDEN-26OCT07-B55.5,Lowest temperature in Denver,KDEN,2026-10-07,between,55.0,56.0,The Weather Company,https://weather.com/kalshi,0.0,0.01,0.99,1.0,11632.15,0.0,618.22,,2026-10-08T07:00:00Z,active,2026-10-08T02:42:01.467176+00:00
KXLOWTDEN,KXLOWTDEN-26OCT07-B53.5,Lowest temperature in Denver,KDEN,2026-10-07,between,53.0,54.0,The Weather Company,https://weather.com/kalshi,0.99,1.0,0.0,0.01,0.0,35.0,1840.25,,2026-10-08T07:00:00Z,active,2026-10-08T02:42:01.467176+00:00
KXLOWTMIN,KXLOWTMIN-26OCT08-T50,Low  temperature Minnesota,KMSP,2026-10-08,greater,50.0,,The Weather Company,https://weather.com/kalshi,0.04,0.17,0.83,0.96,10.0,45.0,50.57,,2026-10-09T06:00:00Z,active,2026-10-08T02:42:01.467176+00:00
KXLOWTMIN,KXLOWTMIN-26OCT08-T43,Low  temperature Minnesota,KMSP,2026-10-08,less,,43.0,The Weather Company,https://weather.com/kalshi,0.01,0.02,0.98,0.99,6.0,33.0,196.09,,2026-10-09T06:00:00Z,active,2026-10-08T02:42:01.467176+00:00
KXLOWTMIN,KXLOWTMIN-26OCT08-B49.5,Low  temperature Minnesota,KMSP,2026-10-08,between,49.0,50.0,The Weather Company,https://weather.com/kalshi,0.23,0.34,0.66,0.77,11.0,7.0,59.0,,2026-10-09T06:00:00Z,active,2026-10-08T02:42:01.467176+00:00
KXLOWTMIN,KXLOWTMIN-26OCT08-B47.5,Low  temperature Minnesota,KMSP,2026-10-08,between,47.0,48.0,The Weather Company,https://weather.com/kalshi,0.43,0.52,0.48,0.57,10.0,7.0,57.0,,2026-10-09T06:00:00Z,active,2026-10-08T02:42:01.467176+00:00
KXLOWTMIN,KXLOWTMIN-26OCT08-B45.5,Low  temperature Minnesota,KMSP,2026-10-08,between,45.0,46.0,The Weather Company,https://weather.com/kalshi,0.06,0.26,0.74,0.94,10.0,54.0,170.0,,2026-10-09T06:00:00Z,active,2026-10-08T02:42:01.467176+00:00
KXLOWTMIN,KXLOWTMIN-26OCT08-B43.5,Low  temperature Minnesota,KMSP,2026-10-08,between,43.0,44.0,The Weather Company,https://weather.com/kalshi,0.02,0.03,0.97,0.98,9.0,44.0,100.28,,2026-10-09T06:00:00Z,active,2026-10-08T02:42:01.467176+00:00
KXLOWTMIN,KXLOWTMIN-26OCT07-T54,Low  temperature Minnesota,KMSP,2026-10-07,greater,54.0,,The Weather Company,https://weather.com/kalshi,0.0,0.01,0.99,1.0,20214.15,0.0,584.44,,2026-10-08T06:00:00Z,active,2026-10-08T02:42:01.467176+00:00
KXLOWTMIN,KXLOWTMIN-26OCT07-T47,Low  temperature Minnesota,KMSP,2026-10-07,less,,47.0,The Weather Company,https://weather.com/kalshi,0.0,0.01,0.99,1.0,3.0,0.0,350.88,,2026-10-08T06:00:00Z,active,2026-10-08T02:42:01.467176+00:00
KXLOWTMIN,KXLOWTMIN-26OCT07-B53.5,Low  temperature Minnesota,KMSP,2026-10-07,between,53.0,54.0,The Weather Company,https://weather.com/kalshi,0.0,0.01,0.99,1.0,20338.95,0.0,876.51,,2026-10-08T06:00:00Z,active,2026-10-08T02:42:01.467176+00:00
KXLOWTMIN,KXLOWTMIN-26OCT07-B51.5,Low  temperature Minnesota,KMSP,2026-10-07,between,51.0,52.0,The Weather Company,https://weather.com/kalshi,0.96,1.0,0.0,0.04,0.0,63.0,1430.63,,2026-10-08T06:00:00Z,active,2026-10-08T02:42:01.467176+00:00
KXLOWTMIN,KXLOWTMIN-26OCT07-B49.5,Low  temperature Minnesota,KMSP,2026-10-07,between,49.0,50.0,The Weather Company,https://weather.com/kalshi,0.0,0.01,0.99,1.0,30.0,0.0,489.65,,2026-10-08T06:00:00Z,active,2026-10-08T02:42:01.467176+00:00
KXLOWTMIN,KXLOWTMIN-26OCT07-B47.5,Low  temperature Minnesota,KMSP,2026-10-07,between,47.0,48.0,The Weather Company,https://weather.com/kalshi,0.0,0.01,0.99,1.0,29.0,0.0,564.52,,2026-10-08T06:00:00Z,active,2026-10-08T02:42:01.467176+00:00
KXHIGHTMIN,KXHIGHTMIN-26OCT08-T72,Minneapolis Daily High Temperature,KMSP,2026-10-08,greater,72.0,,The Weather Company,https://weather.com/kalshi,0.0,0.02,0.98,1.0,195.0,0.0,269.0,,2026-10-09T06:00:00Z,active,2026-10-08T02:42:01.467176+00:00
KXHIGHTMIN,KXHIGHTMIN-26OCT08-T65,Minneapolis Daily High Temperature,KMSP,2026-10-08,less,,65.0,The Weather Company,https://weather.com/kalshi,0.03,0.04,0.96,0.97,29.0,385.72,129.28,,2026-10-09T06:00:00Z,active,2026-10-08T02:42:01.467176+00:00
KXHIGHTMIN,KXHIGHTMIN-26OCT08-B71.5,Minneapolis Daily High Temperature,KMSP,2026-10-08,between,71.0,72.0,The Weather Company,https://weather.com/kalshi,0.01,0.02,0.98,0.99,69.0,241.6,328.68,,2026-10-09T06:00:00Z,active,2026-10-08T02:42:01.467176+00:00
KXHIGHTMIN,KXHIGHTMIN-26OCT08-B69.5,Minneapolis Daily High Temperature,KMSP,2026-10-08,between,69.0,70.0,The Weather Company,https://weather.com/kalshi,0.19,0.2,0.8,0.81,5.91,36.0,375.98,,2026-10-09T06:00:00Z,active,2026-10-08T02:42:01.467176+00:00
KXHIGHTMIN,KXHIGHTMIN-26OCT08-B67.5,Minneapolis Daily High Temperature,KMSP,2026-10-08,between,67.0,68.0,The Weather Company,https://weather.com/kalshi,0.54,0.55,0.45,0.46,10.0,14.0,771.61,,2026-10-09T06:00:00Z,active,2026-10-08T02:42:01.467176+00:00
KXHIGHTMIN,KXHIGHTMIN-26OCT08-B65.5,Minneapolis Daily High Temperature,KMSP,2026-10-08,between,65.0,66.0,The Weather Company,https://weather.com/kalshi,0.23,0.24,0.76,0.77,64.0,25.01,545.35,,2026-10-09T06:00:00Z,active,2026-10-08T02:42:01.467176+00:00
KXHIGHTMIN,KXHIGHTMIN-26OCT07-T77,Minneapolis Daily High Temperature,KMSP,2026-10-07,greater,77.0,,The Weather Company,https://weather.com/kalshi,0.0,0.01,0.99,1.0,8237.73,0.0,1244.97,,2026-10-08T06:00:00Z,active,2026-10-08T02:42:01.467176+00:00
KXHIGHTMIN,KXHIGHTMIN-26OCT07-T70,Minneapolis Daily High Temperature,KMSP,2026-10-07,less,,70.0,The Weather Company,https://weather.com/kalshi,0.0,0.01,0.99,1.0,86938.43,0.0,475.22,,2026-10-08T06:00:00Z,active,2026-10-08T02:42:01.467176+00:00
KXHIGHTMIN,KXHIGHTMIN-26OCT07-B76.5,Minneapolis Daily High Temperature,KMSP,2026-10-07,between,76.0,77.0,The Weather Company,https://weather.com/kalshi,0.0,0.01,0.99,1.0,5411.0,0.0,5661.83,,2026-10-08T06:00:00Z,active,2026-10-08T02:42:01.467176+00:00
KXHIGHTMIN,KXHIGHTMIN-26OCT07-B74.5,Minneapolis Daily High Temperature,KMSP,2026-10-07,between,74.0,75.0,The Weather Company,https://weather.com/kalshi,0.99,1.0,0.0,0.01,0.0,6570.37,6958.81,,2026-10-08T06:00:00Z,active,2026-10-08T02:42:01.467176+00:00
KXHIGHTMIN,KXHIGHTMIN-26OCT07-B72.5,Minneapolis Daily High Temperature,KMSP,2026-10-07,between,72.0,73.0,The Weather Company,https://weather.com/kalshi,0.0,0.01,0.99,1.0,86744.99,0.0,7766.7,,2026-10-08T06:00:00Z,active,2026-10-08T02:42:01.467176+00:00
KXHIGHTMIN,KXHIGHTMIN-26OCT07-B70.5,Minneapolis Daily High Temperature,KMSP,2026-10-07,between,70.0,71.0,The Weather Company,https://weather.com/kalshi,0.0,0.01,0.99,1.0,85015.85,0.0,1849.79,,2026-10-08T06:00:00Z,active,2026-10-08T02:42:01.467176+00:00
KXHIGHTHOU,KXHIGHTHOU-26OCT08-T97,Daily High Temperature Houston,KHOU,2026-10-08,greater,97.0,,The Weather Company,https://weather.com/kalshi,0.0,0.01,0.99,1.0,507.0,0.0,204.0,,2026-10-09T06:00:00Z,active,2026-10-08T02:42:01.467176+00:00
KXHIGHTHOU,KXHIGHTHOU-26OCT08-T90,Daily High Temperature Houston,KHOU,2026-10-08,less,,90.0,The Weather Company,https://weather.com/kalshi,0.01,0.02,0.98,0.99,11.0,751.0,875.18,,2026-10-09T06:00:00Z,active,2026-10-08T02:42:01.467176+00:00
KXHIGHTHOU,KXHIGHTHOU-26OCT08-B96.5,Daily High Temperature Houston,KHOU,2026-10-08,between,96.0,97.0,The Weather Company,https://weather.com/kalshi,0.0,0.01,0.99,1.0,25.2,0.0,776.0,,2026-10-09T06:00:00Z,active,2026-10-08T02:42:01.467176+00:00
KXHIGHTHOU,KXHIGHTHOU-26OCT08-B94.5,Daily High Temperature Houston,KHOU,2026-10-08,between,94.0,95.0,The Weather Company,https://weather.com/kalshi,0.08,0.09,0.91,0.92,49.01,32.0,882.07,,2026-10-09T06:00:00Z,active,2026-10-08T02:42:01.467176+00:00
KXHIGHTHOU,KXHIGHTHOU-26OCT08-B92.5,Daily High Temperature Houston,KHOU,2026-10-08,between,92.0,93.0,The Weather Company,https://weather.com/kalshi,0.68,0.69,0.31,0.32,88.0,53.0,1414.62,,2026-10-09T06:00:00Z,active,2026-10-08T02:42:01.467176+00:00
KXHIGHTHOU,KXHIGHTHOU-26OCT08-B90.5,Daily High Temperature Houston,KHOU,2026-10-08,between,90.0,91.0,The Weather Company,https://weather.com/kalshi,0.2,0.21,0.79,0.8,60.0,62.0,1318.16,,2026-10-09T06:00:00Z,active,2026-10-08T02:42:01.467176+00:00
KXHIGHTHOU,KXHIGHTHOU-26OCT07-T96,Daily High Temperature Houston,KHOU,2026-10-07,greater,96.0,,The Weather Company,https://weather.com/kalshi,0.0,0.01,0.99,1.0,18733.49,0.0,249.0,,2026-10-08T06:00:00Z,active,2026-10-08T02:42:01.467176+00:00
KXHIGHTHOU,KXHIGHTHOU-26OCT07-T89,Daily High Temperature Houston,KHOU,2026-10-07,less,,89.0,The Weather Company,https://weather.com/kalshi,0.0,0.01,0.99,1.0,117088.13,0.0,1074.39,,2026-10-08T06:00:00Z,active,2026-10-08T02:42:01.467176+00:00
KXHIGHTHOU,KXHIGHTHOU-26OCT07-B95.5,Daily High Temperature Houston,KHOU,2026-10-07,between,95.0,96.0,The Weather Company,https://weather.com/kalshi,0.0,0.01,0.99,1.0,10118.75,0.0,523.48,,2026-10-08T06:00:00Z,active,2026-10-08T02:42:01.467176+00:00
KXHIGHTHOU,KXHIGHTHOU-26OCT07-B93.5,Daily High Temperature Houston,KHOU,2026-10-07,between,93.0,94.0,The Weather Company,https://weather.com/kalshi,0.0,0.01,0.99,1.0,6749.0,0.0,3184.68,,2026-10-08T06:00:00Z,active,2026-10-08T02:42:01.467176+00:00
KXHIGHTHOU,KXHIGHTHOU-26OCT07-B91.5,Daily High Temperature Houston,KHOU,2026-10-07,between,91.0,92.0,The Weather Company,https://weather.com/kalshi,0.99,1.0,0.0,0.01,0.0,7386.69,5520.5,,2026-10-08T06:00:00Z,active,2026-10-08T02:42:01.467176+00:00
KXHIGHTHOU,KXHIGHTHOU-26OCT07-B89.5,Daily High Temperature Houston,KHOU,2026-10-07,between,89.0,90.0,The Weather Company,https://weather.com/kalshi,0.0,0.01,0.99,1.0,149428.87,0.0,7452.71,,2026-10-08T06:00:00Z,active,2026-10-08T02:42:01.467176+00:00
KXHIGHTPHX,KXHIGHTPHX-26OCT08-T107,Phoenix High Temperature Daily,KPHX,2026-10-08,greater,107.0,,The Weather Company,https://weather.com/kalshi,0.0,0.01,0.99,1.0,58.0,0.0,305.0,,2026-10-09T07:00:00Z,active,2026-10-08T02:42:01.467176+00:00
KXHIGHTPHX,KXHIGHTPHX-26OCT08-T100,Phoenix High Temperature Daily,KPHX,2026-10-08,less,,100.0,The Weather Company,https://weather.com/kalshi,0.0,0.02,0.98,1.0,87.39,0.0,508.57,,2026-10-09T07:00:00Z,active,2026-10-08T02:42:01.467176+00:00
KXHIGHTPHX,KXHIGHTPHX-26OCT08-B106.5,Phoenix High Temperature Daily,KPHX,2026-10-08,between,106.0,107.0,The Weather Company,https://weather.com/kalshi,0.03,0.04,0.96,0.97,204.24,16.0,234.28,,2026-10-09T07:00:00Z,active,2026-10-08T02:42:01.467176+00:00
KXHIGHTPHX,KXHIGHTPHX-26OCT08-B104.5,Phoenix High Temperature Daily,KPHX,2026-10-08,between,104.0,105.0,The Weather Company,https://weather.com/kalshi,0.53,0.55,0.45,0.47,35.0,50.0,606.46,,2026-10-09T07:00:00Z,active,2026-10-08T02:42:01.467176+00:00
KXHIGHTPHX,KXHIGHTPHX-26OCT08-B102.5,Phoenix High Temperature Daily,KPHX,2026-10-08,between,102.0,103.0,The Weather Company,https://weather.com/kalshi,0.37,0.38,0.62,0.63,1.0,16.0,536.1,,2026-10-09T07:00:00Z,active,2026-10-08T02:42:01.467176+00:00
KXHIGHTPHX,KXHIGHTPHX-26OCT08-B100.5,Phoenix High Temperature Daily,KPHX,2026-10-08,between,100.0,101.0,The Weather Company,https://weather.com/kalshi,0.06,0.07,0.93,0.94,3.0,38.1,857.27,,2026-10-09T07:00:00Z,active,2026-10-08T02:42:01.467176+00:00
KXHIGHTPHX,KXHIGHTPHX-26OCT07-T99,Phoenix High Temperature Daily,KPHX,2026-10-07,less,,99.0,The Weather Company,https://weather.com/kalshi,0.0,0.01,0.99,1.0,44380.35,0.0,5656.59,,2026-10-08T07:00:00Z,active,2026-10-08T02:42:01.467176+00:00
KXHIGHTPHX,KXHIGHTPHX-26OCT07-T106,Phoenix High Temperature Daily,KPHX,2026-10-07,greater,106.0,,The Weather Company,https://weather.com/kalshi,0.0,0.01,0.99,1.0,19173.48,0.0,629.1,,2026-10-08T07:00:00Z,active,2026-10-08T02:42:01.467176+00:00
KXHIGHTPHX,KXHIGHTPHX-26OCT07-B99.5,Phoenix High Temperature Daily,KPHX,2026-10-07,between,99.0,100.0,The Weather Company,https://weather.com/kalshi,0.0,0.01,0.99,1.0,38439.9,0.0,32945.78,,2026-10-08T07:00:00Z,active,2026-10-08T02:42:01.467176+00:00
KXHIGHTPHX,KXHIGHTPHX-26OCT07-B105.5,Phoenix High Temperature Daily,KPHX,2026-10-07,between,105.0,106.0,The Weather Company,https://weather.com/kalshi,0.0,0.01,0.99,1.0,3709.9,0.0,1535.57,,2026-10-08T07:00:00Z,active,2026-10-08T02:42:01.467176+00:00
KXHIGHTPHX,KXHIGHTPHX-26OCT07-B103.5,Phoenix High Temperature Daily,KPHX,2026-10-07,between,103.0,104.0,The Weather Company,https://weather.com/kalshi,0.0,0.01,0.99,1.0,12616.64,0.0,9692.92,,2026-10-08T07:00:00Z,active,2026-10-08T02:42:01.467176+00:00
KXHIGHTPHX,KXHIGHTPHX-26OCT07-B101.5,Phoenix High Temperature Daily,KPHX,2026-10-07,between,101.0,102.0,The Weather Company,https://weather.com/kalshi,0.99,1.0,0.0,0.01,0.0,12760.61,14877.0,,2026-10-08T07:00:00Z,active,2026-10-08T02:42:01.467176+00:00
KXLOWTSAN,KXLOWTSAN-26OCT08-T72,Low Temperature San Diego,KSAN,2026-10-08,greater,72.0,,The Weather Company,https://weather.com/kalshi,0.02,0.12,0.88,0.98,16.0,150.0,13.0,,2026-10-09T08:00:00Z,active,2026-10-08T02:42:01.467176+00:00
KXLOWTSAN,KXLOWTSAN-26OCT08-T65,Low Temperature San Diego,KSAN,2026-10-08,less,,65.0,The Weather Company,https://weather.com/kalshi,0.01,0.04,0.96,0.99,6.0,244.82,29.18,,2026-10-09T08:00:00Z,active,2026-10-08T02:42:01.467176+00:00
KXLOWTSAN,KXLOWTSAN-26OCT08-B71.5,Low Temperature San Diego,KSAN,2026-10-08,between,71.0,72.0,The Weather Company,https://weather.com/kalshi,0.3,0.59,0.41,0.7,1.0,20.0,81.0,,2026-10-09T08:00:00Z,active,2026-10-08T02:42:01.467176+00:00
KXLOWTSAN,KXLOWTSAN-26OCT08-B69.5,Low Temperature San Diego,KSAN,2026-10-08,between,69.0,70.0,The Weather Company,https://weather.com/kalshi,0.37,0.45,0.55,0.63,25.0,45.0,58.0,,2026-10-09T08:00:00Z,active,2026-10-08T02:42:01.467176+00:00
KXLOWTSAN,KXLOWTSAN-26OCT08-B67.5,Low Temperature San Diego,KSAN,2026-10-08,between,67.0,68.0,The Weather Company,https://weather.com/kalshi,0.02,0.18,0.82,0.98,3.0,130.0,10.0,,2026-10-09T08:00:00Z,active,2026-10-08T02:42:01.467176+00:00
KXLOWTSAN,KXLOWTSAN-26OCT08-B65.5,Low Temperature San Diego,KSAN,2026-10-08,between,65.0,66.0,The Weather Company,https://weather.com/kalshi,0.02,0.1,0.9,0.98,17.0,134.72,24.28,,2026-10-09T08:00:00Z,active,2026-10-08T02:42:01.467176+00:00
KXLOWTSAN,KXLOWTSAN-26OCT07-T73,Low Temperature San Diego,KSAN,2026-10-07,greater,73.0,,The Weather Company,https://weather.com/kalshi,0.0,0.01,0.99,1.0,2572.15,0.0,96.68,,2026-10-08T08:00:00Z,active,2026-10-08T02:42:01.467176+00:00
KXLOWTSAN,KXLOWTSAN-26OCT07-T66,Low Temperature San Diego,KSAN,2026-10-07,less,,66.0,The Weather Company,https://weather.com/kalshi,0.0,0.01,0.99,1.0,205.0,0.0,0.0,,2026-10-08T08:00:00Z,active,2026-10-08T02:42:01.467176+00:00
KXLOWTSAN,KXLOWTSAN-26OCT07-B72.5,Low Temperature San Diego,KSAN,2026-10-07,between,72.0,73.0,The Weather Company,https://weather.com/kalshi,0.0,0.01,0.99,1.0,3608.15,0.0,123.36,,2026-10-08T08:00:00Z,active,2026-10-08T02:42:01.467176+00:00
KXLOWTSAN,KXLOWTSAN-26OCT07-B70.5,Low Temperature San Diego,KSAN,2026-10-07,between,70.0,71.0,The Weather Company,https://weather.com/kalshi,0.98,0.99,0.01,0.02,5.0,63.2,327.59,,2026-10-08T08:00:00Z,active,2026-10-08T02:42:01.467176+00:00
KXLOWTSAN,KXLOWTSAN-26OCT07-B68.5,Low Temperature San Diego,KSAN,2026-10-07,between,68.0,69.0,The Weather Company,https://weather.com/kalshi,0.01,0.06,0.94,0.99,99.0,25.0,736.08,,2026-10-08T08:00:00Z,active,2026-10-08T02:42:01.467176+00:00
KXLOWTSAN,KXLOWTSAN-26OCT07-B66.5,Low Temperature San Diego,KSAN,2026-10-07,between,66.0,67.0,The Weather Company,https://weather.com/kalshi,0.0,0.01,0.99,1.0,125.0,0.0,283.85,,2026-10-08T08:00:00Z,active,2026-10-08T02:42:01.467176+00:00
KXLOWTLAX,KXLOWTLAX-26OCT08-T72,Lowest Temperature in LA,KLAX,2026-10-08,greater,72.0,,The Weather Company,https://weather.com/kalshi,0.01,0.05,0.95,0.99,130.0,351.0,138.01,,2026-10-09T08:00:00Z,active,2026-10-08T02:42:01.467176+00:00
KXLOWTLAX,KXLOWTLAX-26OCT08-T65,Lowest Temperature in LA,KLAX,2026-10-08,less,,65.0,The Weather Company,https://weather.com/kalshi,0.0,0.01,0.99,1.0,5.0,0.0,204.09,,2026-10-09T08:00:00Z,active,2026-10-08T02:42:01.467176+00:00
KXLOWTLAX,KXLOWTLAX-26OCT08-B71.5,Lowest Temperature in LA,KLAX,2026-10-08,between,71.0,72.0,The Weather Company,https://weather.com/kalshi,0.25,0.29,0.71,0.75,6.0,3.0,214.0,,2026-10-09T08:00:00Z,active,2026-10-08T02:42:01.467176+00:00
KXLOWTLAX,KXLOWTLAX-26OCT08-B69.5,Lowest Temperature in LA,KLAX,2026-10-08,between,69.0,70.0,The Weather Company,https://weather.com/kalshi,0.63,0.64,0.36,0.37,28.0,5.0,112.9,,2026-10-09T08:00:00Z,active,2026-10-08T02:42:01.467176+00:00
KXLOWTLAX,KXLOWTLAX-26OCT08-B67.5,Lowest Temperature in LA,KLAX,2026-10-08,between,67.0,68.0,The Weather Company,https://weather.com/kalshi,0.05,0.12,0.88,0.95,9.0,111.0,11.25,,2026-10-09T08:00:00Z,active,2026-10-08T02:42:01.467176+00:00
KXLOWTLAX,KXLOWTLAX-26OCT08-B65.5,Lowest Temperature in LA,KLAX,2026-10-08,between,65.0,66.0,The Weather Company,https://weather.com/kalshi,0.0,0.02,0.98,1.0,39.0,0.0,227.08,,2026-10-09T08:00:00Z,active,2026-10-08T02:42:01.467176+00:00
KXLOWTLAX,KXLOWTLAX-26OCT07-T73,Lowest Temperature in LA,KLAX,2026-10-07,greater,73.0,,The Weather Company,https://weather.com/kalshi,0.0,0.01,0.99,1.0,13844.42,0.0,2445.26,,2026-10-08T08:00:00Z,active,2026-10-08T02:42:01.467176+00:00
KXLOWTLAX,KXLOWTLAX-26OCT07-T66,Lowest Temperature in LA,KLAX,2026-10-07,less,,66.0,The Weather Company,https://weather.com/kalshi,0.0,0.01,0.99,1.0,303.0,0.0,747.8,,2026-10-08T08:00:00Z,active,2026-10-08T02:42:01.467176+00:00
KXLOWTLAX,KXLOWTLAX-26OCT07-B72.5,Lowest Temperature in LA,KLAX,2026-10-07,between,72.0,73.0,The Weather Company,https://weather.com/kalshi,0.76,0.81,0.19,0.24,25.0,37.22,2426.74,,2026-10-08T08:00:00Z,active,2026-10-08T02:42:01.467176+00:00
KXLOWTLAX,KXLOWTLAX-26OCT07-B70.5,Lowest Temperature in LA,KLAX,2026-10-07,between,70.0,71.0,The Weather Company,https://weather.com/kalshi,0.17,0.24,0.76,0.83,25.0,25.0,1012.71,,2026-10-08T08:00:00Z,active,2026-10-08T02:42:01.467176+00:00
KXLOWTLAX,KXLOWTLAX-26OCT07-B68.5,Lowest Temperature in LA,KLAX,2026-10-07,between,68.0,69.0,The Weather Company,https://weather.com/kalshi,0.0,0.02,0.98,1.0,19.0,0.0,1180.85,,2026-10-08T08:00:00Z,active,2026-10-08T02:42:01.467176+00:00
KXLOWTLAX,KXLOWTLAX-26OCT07-B66.5,Lowest Temperature in LA,KLAX,2026-10-07,between,66.0,67.0,The Weather Company,https://weather.com/kalshi,0.0,0.01,0.99,1.0,114.0,0.0,757.99,,2026-10-08T08:00:00Z,active,2026-10-08T02:42:01.467176+00:00
KXHIGHTTTN,KXHIGHTTTN-26OCT08-T79,"Trenton, NJ Daily Max Temp",KTTN,2026-10-08,greater,79.0,,The Weather Company,https://weather.com/kalshi,0.01,0.02,0.98,0.99,28.0,56.82,193.27,,2026-10-09T05:00:00Z,active,2026-10-08T02:42:01.467176+00:00
KXHIGHTTTN,KXHIGHTTTN-26OCT08-T72,"Trenton, NJ Daily Max Temp",KTTN,2026-10-08,less,,72.0,The Weather Company,https://weather.com/kalshi,0.01,0.02,0.98,0.99,55.0,1.0,289.33,,2026-10-09T05:00:00Z,active,2026-10-08T02:42:01.467176+00:00
KXHIGHTTTN,KXHIGHTTTN-26OCT08-B78.5,"Trenton, NJ Daily Max Temp",KTTN,2026-10-08,between,78.0,79.0,The Weather Company,https://weather.com/kalshi,0.07,0.12,0.88,0.93,23.0,29.0,435.0,,2026-10-09T05:00:00Z,active,2026-10-08T02:42:01.467176+00:00
KXHIGHTTTN,KXHIGHTTTN-26OCT08-B76.5,"Trenton, NJ Daily Max Temp",KTTN,2026-10-08,between,76.0,77.0,The Weather Company,https://weather.com/kalshi,0.56,0.67,0.33,0.44,5.0,10.0,103.37,,2026-10-09T05:00:00Z,active,2026-10-08T02:42:01.467176+00:00
KXHIGHTTTN,KXHIGHTTTN-26OCT08-B74.5,"Trenton, NJ Daily Max Temp",KTTN,2026-10-08,between,74.0,75.0,The Weather Company,https://weather.com/kalshi,0.22,0.23,0.77,0.78,17.0,10.0,81.0,,2026-10-09T05:00:00Z,active,2026-10-08T02:42:01.467176+00:00
KXHIGHTTTN,KXHIGHTTTN-26OCT08-B72.5,"Trenton, NJ Daily Max Temp",KTTN,2026-10-08,between,72.0,73.0,The Weather Company,https://weather.com/kalshi,0.01,0.02,0.98,0.99,11.0,347.0,125.0,,2026-10-09T05:00:00Z,active,2026-10-08T02:42:01.467176+00:00
KXHIGHTTTN,KXHIGHTTTN-26OCT07-T74,"Trenton, NJ Daily Max Temp",KTTN,2026-10-07,greater,74.0,,The Weather Company,https://weather.com/kalshi,0.0,0.01,0.99,1.0,8408.72,0.0,36.0,,2026-10-08T05:00:00Z,active,2026-10-08T02:42:01.467176+00:00
KXHIGHTTTN,KXHIGHTTTN-26OCT07-T67,"Trenton, NJ Daily Max Temp",KTTN,2026-10-07,less,,67.0,The Weather Company,https://weather.com/kalshi,0.0,0.01,0.99,1.0,9837.0,0.0,336.19,,2026-10-08T05:00:00Z,active,2026-10-08T02:42:01.467176+00:00
KXHIGHTTTN,KXHIGHTTTN-26OCT07-B73.5,"Trenton, NJ Daily Max Temp",KTTN,2026-10-07,between,73.0,74.0,The Weather Company,https://weather.com/kalshi,0.0,0.01,0.99,1.0,10494.75,0.0,104.0,,2026-10-08T05:00:00Z,active,2026-10-08T02:42:01.467176+00:00
KXHIGHTTTN,KXHIGHTTTN-26OCT07-B71.5,"Trenton, NJ Daily Max Temp",KTTN,2026-10-07,between,71.0,72.0,The Weather Company,https://weather.com/kalshi,0.0,0.01,0.99,1.0,1785.0,0.0,394.38,,2026-10-08T05:00:00Z,active,2026-10-08T02:42:01.467176+00:00
KXHIGHTTTN,KXHIGHTTTN-26OCT07-B69.5,"Trenton, NJ Daily Max Temp",KTTN,2026-10-07,between,69.0,70.0,The Weather Company,https://weather.com/kalshi,0.0,0.01,0.99,1.0,6791.49,0.0,1093.33,,2026-10-08T05:00:00Z,active,2026-10-08T02:42:01.467176+00:00
KXHIGHTTTN,KXHIGHTTTN-26OCT07-B67.5,"Trenton, NJ Daily Max Temp",KTTN,2026-10-07,between,67.0,68.0,The Weather Company,https://weather.com/kalshi,0.99,1.0,0.0,0.01,0.0,9943.41,1244.84,,2026-10-08T05:00:00Z,active,2026-10-08T02:42:01.467176+00:00
KXLOWTEWR,KXLOWTEWR-26OCT08-T56,"Newark, NJ (EWR) Daily Low Temp",KEWR,2026-10-08,greater,56.0,,The Weather Company,https://weather.com/kalshi,0.21,0.24,0.76,0.79,1.0,25.0,105.0,,2026-10-09T05:00:00Z,active,2026-10-08T02:42:01.467176+00:00
KXLOWTEWR,KXLOWTEWR-26OCT08-T49,"Newark, NJ (EWR) Daily Low Temp",KEWR,2026-10-08,less,,49.0,The Weather Company,https://weather.com/kalshi,0.0,0.02,0.98,1.0,1.0,0.0,66.0,,2026-10-09T05:00:00Z,active,2026-10-08T02:42:01.467176+00:00
KXLOWTEWR,KXLOWTEWR-26OCT08-B55.5,"Newark, NJ (EWR) Daily Low Temp",KEWR,2026-10-08,between,55.0,56.0,The Weather Company,https://weather.com/kalshi,0.41,0.52,0.48,0.59,3.0,3.0,47.91,,2026-10-09T05:00:00Z,active,2026-10-08T02:42:01.467176+00:00
KXLOWTEWR,KXLOWTEWR-26OCT08-B53.5,"Newark, NJ (EWR) Daily Low Temp",KEWR,2026-10-08,between,53.0,54.0,The Weather Company,https://weather.com/kalshi,0.21,0.31,0.69,0.79,12.0,23.0,37.0,,2026-10-09T05:00:00Z,active,2026-10-08T02:42:01.467176+00:00
KXLOWTEWR,KXLOWTEWR-26OCT08-B51.5,"Newark, NJ (EWR) Daily Low Temp",KEWR,2026-10-08,between,51.0,52.0,The Weather Company,https://weather.com/kalshi,0.02,0.11,0.89,0.98,1.0,159.0,34.03,,2026-10-09T05:00:00Z,active,2026-10-08T02:42:01.467176+00:00
KXLOWTEWR,KXLOWTEWR-26OCT08-B49.5,"Newark, NJ (EWR) Daily Low Temp",KEWR,2026-10-08,between,49.0,50.0,The Weather Company,https://weather.com/kalshi,0.0,0.05,0.95,1.0,13.0,0.0,316.0,,2026-10-09T05:00:00Z,active,2026-10-08T02:42:01.467176+00:00
KXLOWTEWR,KXLOWTEWR-26OCT07-T46,"Newark, NJ (EWR) Daily Low Temp",KEWR,2026-10-07,greater,46.0,,The Weather Company,https://weather.com/kalshi,0.0,0.01,0.99,1.0,10470.0,0.0,354.34,,2026-10-08T05:00:00Z,active,2026-10-08T02:42:01.467176+00:00
KXLOWTEWR,KXLOWTEWR-26OCT07-T39,"Newark, NJ (EWR) Daily Low Temp",KEWR,2026-10-07,less,,39.0,The Weather Company,https://weather.com/kalshi,0.0,0.01,0.99,1.0,6.0,0.0,84.0,,2026-10-08T05:00:00Z,active,2026-10-08T02:42:01.467176+00:00
KXLOWTEWR,KXLOWTEWR-26OCT07-B45.5,"Newark, NJ (EWR) Daily Low Temp",KEWR,2026-10-07,between,45.0,46.0,The Weather Company,https://weather.com/kalshi,0.99,1.0,0.0,0.01,0.0,6462.0,857.0,,2026-10-08T05:00:00Z,active,2026-10-08T02:42:01.467176+00:00
KXLOWTEWR,KXLOWTEWR-26OCT07-B43.5,"Newark, NJ (EWR) Daily Low Temp",KEWR,2026-10-07,between,43.0,44.0,The Weather Company,https://weather.com/kalshi,0.0,0.01,0.99,1.0,1984.49,0.0,668.51,,2026-10-08T05:00:00Z,active,2026-10-08T02:42:01.467176+00:00
KXLOWTEWR,KXLOWTEWR-26OCT07-B41.5,"Newark, NJ (EWR) Daily Low Temp",KEWR,2026-10-07,between,41.0,42.0,The Weather Company,https://weather.com/kalshi,0.0,0.01,0.99,1.0,665.0,0.0,191.0,,2026-10-08T05:00:00Z,active,2026-10-08T02:42:01.467176+00:00
KXLOWTEWR,KXLOWTEWR-26OCT07-B39.5,"Newark, NJ (EWR) Daily Low Temp",KEWR,2026-10-07,between,39.0,40.0,The Weather Company,https://weather.com/kalshi,0.0,0.01,0.99,1.0,571.49,0.0,202.51,,2026-10-08T05:00:00Z,active,2026-10-08T02:42:01.467176+00:00
KXHIGHAUS,KXHIGHAUS-26OCT08-T93,Highest temperature in Austin,KAUS,2026-10-08,greater,93.0,,The Weather Company,https://weather.com/kalshi,0.05,0.06,0.94,0.95,219.0,34.0,767.29,,2026-10-09T06:00:00Z,active,2026-10-08T02:42:01.467176+00:00
KXHIGHAUS,KXHIGHAUS-26OCT08-T86,Highest temperature in Austin,KAUS,2026-10-08,less,,86.0,The Weather Company,https://weather.com/kalshi,0.0,0.01,0.99,1.0,76.14,0.0,864.0,,2026-10-09T06:00:00Z,active,2026-10-08T02:42:01.467176+00:00
KXHIGHAUS,KXHIGHAUS-26OCT08-B92.5,Highest temperature in Austin,KAUS,2026-10-08,between,92.0,93.0,The Weather Company,https://weather.com/kalshi,0.62,0.63,0.37,0.38,29.0,47.01,2282.41,,2026-10-09T06:00:00Z,active,2026-10-08T02:42:01.467176+00:00
KXHIGHAUS,KXHIGHAUS-26OCT08-B90.5,Highest temperature in Austin,KAUS,2026-10-08,between,90.0,91.0,The Weather Company,https://weather.com/kalshi,0.24,0.25,0.75,0.76,70.0,41.0,789.61,,2026-10-09T06:00:00Z,active,2026-10-08T02:42:01.467176+00:00
KXHIGHAUS,KXHIGHAUS-26OCT08-B88.5,Highest temperature in Austin,KAUS,2026-10-08,between,88.0,89.0,The Weather Company,https://weather.com/kalshi,0.05,0.06,0.94,0.95,95.0,45.0,351.57,,2026-10-09T06:00:00Z,active,2026-10-08T02:42:01.467176+00:00
KXHIGHAUS,KXHIGHAUS-26OCT08-B86.5,Highest temperature in Austin,KAUS,2026-10-08,between,86.0,87.0,The Weather Company,https://weather.com/kalshi,0.01,0.02,0.98,0.99,90.0,851.92,481.95,,2026-10-09T06:00:00Z,active,2026-10-08T02:42:01.467176+00:00
KXHIGHAUS,KXHIGHAUS-26OCT07-T92,Highest temperature in Austin,KAUS,2026-10-07,greater,92.0,,The Weather Company,https://weather.com/kalshi,0.0,0.01,0.99,1.0,15484.87,0.0,18140.21,,2026-10-08T06:00:00Z,active,2026-10-08T02:42:01.467176+00:00
KXHIGHAUS,KXHIGHAUS-26OCT07-T85,Highest temperature in Austin,KAUS,2026-10-07,less,,85.0,The Weather Company,https://weather.com/kalshi,0.0,0.01,0.99,1.0,153107.99,0.0,1685.25,,2026-10-08T06:00:00Z,active,2026-10-08T02:42:01.467176+00:00
KXHIGHAUS,KXHIGHAUS-26OCT07-B91.5,Highest temperature in Austin,KAUS,2026-10-07,between,91.0,92.0,The Weather Company,https://weather.com/kalshi,0.99,1.0,0.0,0.01,0.0,15391.12,18404.02,,2026-10-08T06:00:00Z,active,2026-10-08T02:42:01.467176+00:00
KXHIGHAUS,KXHIGHAUS-26OCT07-B89.5,Highest temperature in Austin,KAUS,2026-10-07,between,89.0,90.0,The Weather Company,https://weather.com/kalshi,0.0,0.01,0.99,1.0,106357.8,0.0,17255.72,,2026-10-08T06:00:00Z,active,2026-10-08T02:42:01.467176+00:00
KXHIGHAUS,KXHIGHAUS-26OCT07-B87.5,Highest temperature in Austin,KAUS,2026-10-07,between,87.0,88.0,The Weather Company,https://weather.com/kalshi,0.0,0.01,0.99,1.0,120145.72,0.0,8212.02,,2026-10-08T06:00:00Z,active,2026-10-08T02:42:01.467176+00:00
KXHIGHAUS,KXHIGHAUS-26OCT07-B85.5,Highest temperature in Austin,KAUS,2026-10-07,between,85.0,86.0,The Weather Company,https://weather.com/kalshi,0.0,0.01,0.99,1.0,122035.34,0.0,1531.44,,2026-10-08T06:00:00Z,active,2026-10-08T02:42:01.467176+00:00
KXLOWTAUS,KXLOWTAUS-26OCT08-T68,Lowest temperature in Austin,KAUS,2026-10-08,greater,68.0,,The Weather Company,https://weather.com/kalshi,0.01,0.03,0.97,0.99,113.0,260.0,135.0,,2026-10-09T06:00:00Z,active,2026-10-08T02:42:01.467176+00:00
KXLOWTAUS,KXLOWTAUS-26OCT08-T61,Lowest temperature in Austin,KAUS,2026-10-08,less,,61.0,The Weather Company,https://weather.com/kalshi,0.55,0.58,0.42,0.45,1.77,43.49,1602.77,,2026-10-09T06:00:00Z,active,2026-10-08T02:42:01.467176+00:00
KXLOWTAUS,KXLOWTAUS-26OCT08-B67.5,Lowest temperature in Austin,KAUS,2026-10-08,between,67.0,68.0,The Weather Company,https://weather.com/kalshi,0.02,0.03,0.97,0.98,36.0,75.44,51.56,,2026-10-09T06:00:00Z,active,2026-10-08T02:42:01.467176+00:00
KXLOWTAUS,KXLOWTAUS-26OCT08-B65.5,Lowest temperature in Austin,KAUS,2026-10-08,between,65.0,66.0,The Weather Company,https://weather.com/kalshi,0.03,0.08,0.92,0.97,7.0,28.0,47.0,,2026-10-09T06:00:00Z,active,2026-10-08T02:42:01.467176+00:00
KXLOWTAUS,KXLOWTAUS-26OCT08-B63.5,Lowest temperature in Austin,KAUS,2026-10-08,between,63.0,64.0,The Weather Company,https://weather.com/kalshi,0.06,0.16,0.84,0.94,7.0,3.0,171.0,,2026-10-09T06:00:00Z,active,2026-10-08T02:42:01.467176+00:00
KXLOWTAUS,KXLOWTAUS-26OCT08-B61.5,Lowest temperature in Austin,KAUS,2026-10-08,between,61.0,62.0,The Weather Company,https://weather.com/kalshi,0.28,0.38,0.62,0.72,20.0,3.0,160.0,,2026-10-09T06:00:00Z,active,2026-10-08T02:42:01.467176+00:00
KXLOWTAUS,KXLOWTAUS-26OCT07-T66,Lowest temperature in Austin,KAUS,2026-10-07,greater,66.0,,The Weather Company,https://weather.com/kalshi,0.0,0.01,0.99,1.0,10377.6,0.0,1124.55,,2026-10-08T06:00:00Z,active,2026-10-08T02:42:01.467176+00:00
KXLOWTAUS,KXLOWTAUS-26OCT07-T59,Lowest temperature in Austin,KAUS,2026-10-07,less,,59.0,The Weather Company,https://weather.com/kalshi,0.99,1.0,0.0,0.01,0.0,2953.0,2106.28,,2026-10-08T06:00:00Z,active,2026-10-08T02:42:01.467176+00:00
KXLOWTAUS,KXLOWTAUS-26OCT07-B65.5,Lowest temperature in Austin,KAUS,2026-10-07,between,65.0,66.0,The Weather Company,https://weather.com/kalshi,0.0,0.01,0.99,1.0,11164.15,0.0,352.38,,2026-10-08T06:00:00Z,active,2026-10-08T02:42:01.467176+00:00
KXLOWTAUS,KXLOWTAUS-26OCT07-B63.5,Lowest temperature in Austin,KAUS,2026-10-07,between,63.0,64.0,The Weather Company,https://weather.com/kalshi,0.0,0.01,0.99,1.0,14340.18,0.0,3906.19,,2026-10-08T06:00:00Z,active,2026-10-08T02:42:01.467176+00:00
KXLOWTAUS,KXLOWTAUS-26OCT07-B61.5,Lowest temperature in Austin,KAUS,2026-10-07,between,61.0,62.0,The Weather Company,https://weather.com/kalshi,0.0,0.01,0.99,1.0,15118.63,0.0,3396.54,,2026-10-08T06:00:00Z,active,2026-10-08T02:42:01.467176+00:00
KXLOWTAUS,KXLOWTAUS-26OCT07-B59.5,Lowest temperature in Austin,KAUS,2026-10-07,between,59.0,60.0,The Weather Company,https://weather.com/kalshi,0.0,0.01,0.99,1.0,12934.21,0.0,2332.88,,2026-10-08T06:00:00Z,active,2026-10-08T02:42:01.467176+00:00
KXHIGHTSAN,KXHIGHTSAN-26OCT08-T92,High Temperature San Diego,KSAN,2026-10-08,greater,92.0,,The Weather Company,https://weather.com/kalshi,0.0,0.02,0.98,1.0,37.0,0.0,78.71,,2026-10-09T08:00:00Z,active,2026-10-08T02:42:01.467176+00:00
KXHIGHTSAN,KXHIGHTSAN-26OCT08-T85,High Temperature San Diego,KSAN,2026-10-08,less,,85.0,The Weather Company,https://weather.com/kalshi,0.64,0.65,0.35,0.36,49.0,41.0,122.0,,2026-10-09T08:00:00Z,active,2026-10-08T02:42:01.467176+00:00
KXHIGHTSAN,KXHIGHTSAN-26OCT08-B91.5,High Temperature San Diego,KSAN,2026-10-08,between,91.0,92.0,The Weather Company,https://weather.com/kalshi,0.0,0.04,0.96,1.0,33.0,0.0,203.76,,2026-10-09T08:00:00Z,active,2026-10-08T02:42:01.467176+00:00
KXHIGHTSAN,KXHIGHTSAN-26OCT08-B89.5,High Temperature San Diego,KSAN,2026-10-08,between,89.0,90.0,The Weather Company,https://weather.com/kalshi,0.01,0.03,0.97,0.99,43.79,236.87,284.34,,2026-10-09T08:00:00Z,active,2026-10-08T02:42:01.467176+00:00
KXHIGHTSAN,KXHIGHTSAN-26OCT08-B87.5,High Temperature San Diego,KSAN,2026-10-08,between,87.0,88.0,The Weather Company,https://weather.com/kalshi,0.05,0.07,0.93,0.95,3.0,199.0,65.0,,2026-10-09T08:00:00Z,active,2026-10-08T02:42:01.467176+00:00
KXHIGHTSAN,KXHIGHTSAN-26OCT08-B85.5,High Temperature San Diego,KSAN,2026-10-08,between,85.0,86.0,The Weather Company,https://weather.com/kalshi,0.22,0.23,0.77,0.78,22.0,31.0,220.26,,2026-10-09T08:00:00Z,active,2026-10-08T02:42:01.467176+00:00
KXHIGHTSAN,KXHIGHTSAN-26OCT07-T95,High Temperature San Diego,KSAN,2026-10-07,greater,95.0,,The Weather Company,https://weather.com/kalshi,0.0,0.01,0.99,1.0,7876.13,0.0,82.0,,2026-10-08T08:00:00Z,active,2026-10-08T02:42:01.467176+00:00
KXHIGHTSAN,KXHIGHTSAN-26OCT07-T88,High Temperature San Diego,KSAN,2026-10-07,less,,88.0,The Weather Company,https://weather.com/kalshi,0.0,0.01,0.99,1.0,6617.65,0.0,912.95,,2026-10-08T08:00:00Z,active,2026-10-08T02:42:01.467176+00:00
KXHIGHTSAN,KXHIGHTSAN-26OCT07-B94.5,High Temperature San Diego,KSAN,2026-10-07,between,94.0,95.0,The Weather Company,https://weather.com/kalshi,0.0,0.01,0.99,1.0,4398.55,0.0,291.29,,2026-10-08T08:00:00Z,active,2026-10-08T02:42:01.467176+00:00
KXHIGHTSAN,KXHIGHTSAN-26OCT07-B92.5,High Temperature San Diego,KSAN,2026-10-07,between,92.0,93.0,The Weather Company,https://weather.com/kalshi,0.0,0.01,0.99,1.0,3244.0,0.0,392.4,,2026-10-08T08:00:00Z,active,2026-10-08T02:42:01.467176+00:00
KXHIGHTSAN,KXHIGHTSAN-26OCT07-B90.5,High Temperature San Diego,KSAN,2026-10-07,between,90.0,91.0,The Weather Company,https://weather.com/kalshi,0.0,0.01,0.99,1.0,5595.33,0.0,1622.17,,2026-10-08T08:00:00Z,active,2026-10-08T02:42:01.467176+00:00
KXHIGHTSAN,KXHIGHTSAN-26OCT07-B88.5,High Temperature San Diego,KSAN,2026-10-07,between,88.0,89.0,The Weather Company,https://weather.com/kalshi,0.99,1.0,0.0,0.01,0.0,5255.53,3954.34,,2026-10-08T08:00:00Z,active,2026-10-08T02:42:01.467176+00:00
KXHIGHNY,KXHIGHNY-26OCT08-T79,Highest temperature in NYC,KNYC,2026-10-08,greater,79.0,,The Weather Company,https://weather.com/kalshi,0.0,0.01,0.99,1.0,20479.05,0.0,1798.93,,2026-10-09T05:00:00Z,active,2026-10-08T02:42:01.467176+00:00
KXHIGHNY,KXHIGHNY-26OCT08-T72,Highest temperature in NYC,KNYC,2026-10-08,less,,72.0,The Weather Company,https://weather.com/kalshi,0.02,0.03,0.97,0.98,298.0,35.58,3198.63,,2026-10-09T05:00:00Z,active,2026-10-08T02:42:01.467176+00:00
KXHIGHNY,KXHIGHNY-26OCT08-B78.5,Highest temperature in NYC,KNYC,2026-10-08,between,78.0,79.0,The Weather Company,https://weather.com/kalshi,0.02,0.03,0.97,0.98,941.0,129.1,5162.53,,2026-10-09T05:00:00Z,active,2026-10-08T02:42:01.467176+00:00
KXHIGHNY,KXHIGHNY-26OCT08-B76.5,Highest temperature in NYC,KNYC,2026-10-08,between,76.0,77.0,The Weather Company,https://weather.com/kalshi,0.26,0.27,0.73,0.74,63.0,15.68,3873.44,,2026-10-09T05:00:00Z,active,2026-10-08T02:42:01.467176+00:00
KXHIGHNY,KXHIGHNY-26OCT08-B74.5,Highest temperature in NYC,KNYC,2026-10-08,between,74.0,75.0,The Weather Company,https://weather.com/kalshi,0.51,0.52,0.48,0.49,122.6,7.35,3579.49,,2026-10-09T05:00:00Z,active,2026-10-08T02:42:01.467176+00:00
KXHIGHNY,KXHIGHNY-26OCT08-B72.5,Highest temperature in NYC,KNYC,2026-10-08,between,72.0,73.0,The Weather Company,https://weather.com/kalshi,0.21,0.22,0.78,0.79,69.0,34.0,2010.04,,2026-10-09T05:00:00Z,active,2026-10-08T02:42:01.467176+00:00
KXHIGHNY,KXHIGHNY-26OCT07-T73,Highest temperature in NYC,KNYC,2026-10-07,greater,73.0,,The Weather Company,https://weather.com/kalshi,0.0,0.01,0.99,1.0,19238.13,0.0,3240.81,,2026-10-08T05:00:00Z,active,2026-10-08T02:42:01.467176+00:00
KXHIGHNY,KXHIGHNY-26OCT07-T66,Highest temperature in NYC,KNYC,2026-10-07,less,,66.0,The Weather Company,https://weather.com/kalshi,0.99,1.0,0.0,0.01,0.0,30188.28,51669.51,,2026-10-08T05:00:00Z,active,2026-10-08T02:42:01.467176+00:00
KXHIGHNY,KXHIGHNY-26OCT07-B72.5,Highest temperature in NYC,KNYC,2026-10-07,between,72.0,73.0,The Weather Company,https://weather.com/kalshi,0.0,0.01,0.99,1.0,16850.35,0.0,1175.61,,2026-10-08T05:00:00Z,active,2026-10-08T02:42:01.467176+00:00
KXHIGHNY,KXHIGHNY-26OCT07-B70.5,Highest temperature in NYC,KNYC,2026-10-07,between,70.0,71.0,The Weather Company,https://weather.com/kalshi,0.0,0.01,0.99,1.0,20644.65,0.0,5728.49,,2026-10-08T05:00:00Z,active,2026-10-08T02:42:01.467176+00:00
KXHIGHNY,KXHIGHNY-26OCT07-B68.5,Highest temperature in NYC,KNYC,2026-10-07,between,68.0,69.0,The Weather Company,https://weather.com/kalshi,0.0,0.01,0.99,1.0,22224.53,0.0,28974.47,,2026-10-08T05:00:00Z,active,2026-10-08T02:42:01.467176+00:00
KXHIGHNY,KXHIGHNY-26OCT07-B66.5,Highest temperature in NYC,KNYC,2026-10-07,between,66.0,67.0,The Weather Company,https://weather.com/kalshi,0.0,0.01,0.99,1.0,28998.33,0.0,52508.23,,2026-10-08T05:00:00Z,active,2026-10-08T02:42:01.467176+00:00
KXLOWTSATX,KXLOWTSATX-26OCT08-T70,Lowest Temperature SATX,KSAT,2026-10-08,greater,70.0,,The Weather Company,https://weather.com/kalshi,0.01,0.03,0.97,0.99,126.0,200.74,218.26,,2026-10-09T06:00:00Z,active,2026-10-08T02:42:01.467176+00:00
KXLOWTSATX,KXLOWTSATX-26OCT08-T63,Lowest Temperature SATX,KSAT,2026-10-08,less,,63.0,The Weather Company,https://weather.com/kalshi,0.01,0.1,0.9,0.99,22.0,229.0,95.13,,2026-10-09T06:00:00Z,active,2026-10-08T02:42:01.467176+00:00
KXLOWTSATX,KXLOWTSATX-26OCT08-B69.5,Lowest Temperature SATX,KSAT,2026-10-08,between,69.0,70.0,The Weather Company,https://weather.com/kalshi,0.03,0.12,0.88,0.97,3.0,29.0,33.57,,2026-10-09T06:00:00Z,active,2026-10-08T02:42:01.467176+00:00
KXLOWTSATX,KXLOWTSATX-26OCT08-B67.5,Lowest Temperature SATX,KSAT,2026-10-08,between,67.0,68.0,The Weather Company,https://weather.com/kalshi,0.25,0.36,0.64,0.75,5.0,6.0,108.0,,2026-10-09T06:00:00Z,active,2026-10-08T02:42:01.467176+00:00
KXLOWTSATX,KXLOWTSATX-26OCT08-B65.5,Lowest Temperature SATX,KSAT,2026-10-08,between,65.0,66.0,The Weather Company,https://weather.com/kalshi,0.37,0.44,0.56,0.63,7.0,10.0,246.0,,2026-10-09T06:00:00Z,active,2026-10-08T02:42:01.467176+00:00
KXLOWTSATX,KXLOWTSATX-26OCT08-B63.5,Lowest Temperature SATX,KSAT,2026-10-08,between,63.0,64.0,The Weather Company,https://weather.com/kalshi,0.16,0.32,0.68,0.84,7.0,16.0,111.3,,2026-10-09T06:00:00Z,active,2026-10-08T02:42:01.467176+00:00
KXLOWTSATX,KXLOWTSATX-26OCT07-T68,Lowest Temperature SATX,KSAT,2026-10-07,greater,68.0,,The Weather Company,https://weather.com/kalshi,0.0,0.01,0.99,1.0,10546.04,0.0,1001.67,,2026-10-08T06:00:00Z,active,2026-10-08T02:42:01.467176+00:00
KXLOWTSATX,KXLOWTSATX-26OCT07-T61,Lowest Temperature SATX,KSAT,2026-10-07,less,,61.0,The Weather Company,https://weather.com/kalshi,0.0,0.01,0.99,1.0,56.0,0.0,418.43,,2026-10-08T06:00:00Z,active,2026-10-08T02:42:01.467176+00:00
KXLOWTSATX,KXLOWTSATX-26OCT07-B67.5,Lowest Temperature SATX,KSAT,2026-10-07,between,67.0,68.0,The Weather Company,https://weather.com/kalshi,0.0,0.01,0.99,1.0,11819.64,0.0,649.42,,2026-10-08T06:00:00Z,active,2026-10-08T02:42:01.467176+00:00
KXLOWTSATX,KXLOWTSATX-26OCT07-B65.5,Lowest Temperature SATX,KSAT,2026-10-07,between,65.0,66.0,The Weather Company,https://weather.com/kalshi,0.0,0.01,0.99,1.0,13382.15,0.0,395.02,,2026-10-08T06:00:00Z,active,2026-10-08T02:42:01.467176+00:00
KXLOWTSATX,KXLOWTSATX-26OCT07-B63.5,Lowest Temperature SATX,KSAT,2026-10-07,between,63.0,64.0,The Weather Company,https://weather.com/kalshi,0.0,0.01,0.99,1.0,3170.95,0.0,1186.26,,2026-10-08T06:00:00Z,active,2026-10-08T02:42:01.467176+00:00
KXLOWTSATX,KXLOWTSATX-26OCT07-B61.5,Lowest Temperature SATX,KSAT,2026-10-07,between,61.0,62.0,The Weather Company,https://weather.com/kalshi,0.98,1.0,0.0,0.02,0.0,336.9,1615.63,,2026-10-08T06:00:00Z,active,2026-10-08T02:42:01.467176+00:00
KXLOWTOKC,KXLOWTOKC-26OCT08-T67,Low Temperature Oklahoma City,KOKC,2026-10-08,greater,67.0,,The Weather Company,https://weather.com/kalshi,0.03,0.04,0.96,0.97,123.0,1.0,41.14,,2026-10-09T06:00:00Z,active,2026-10-08T02:42:01.467176+00:00
KXLOWTOKC,KXLOWTOKC-26OCT08-T60,Low Temperature Oklahoma City,KOKC,2026-10-08,less,,60.0,The Weather Company,https://weather.com/kalshi,0.35,0.39,0.61,0.65,6.0,7.09,1235.66,,2026-10-09T06:00:00Z,active,2026-10-08T02:42:01.467176+00:00
KXLOWTOKC,KXLOWTOKC-26OCT08-B66.5,Low Temperature Oklahoma City,KOKC,2026-10-08,between,66.0,67.0,The Weather Company,https://weather.com/kalshi,0.02,0.04,0.96,0.98,33.0,64.0,6.0,,2026-10-09T06:00:00Z,active,2026-10-08T02:42:01.467176+00:00
KXLOWTOKC,KXLOWTOKC-26OCT08-B64.5,Low Temperature Oklahoma City,KOKC,2026-10-08,between,64.0,65.0,The Weather Company,https://weather.com/kalshi,0.03,0.13,0.87,0.97,4.0,29.0,9.11,,2026-10-09T06:00:00Z,active,2026-10-08T02:42:01.467176+00:00
KXLOWTOKC,KXLOWTOKC-26OCT08-B62.5,Low Temperature Oklahoma City,KOKC,2026-10-08,between,62.0,63.0,The Weather Company,https://weather.com/kalshi,0.04,0.24,0.76,0.96,25.0,117.0,53.79,,2026-10-09T06:00:00Z,active,2026-10-08T02:42:01.467176+00:00
KXLOWTOKC,KXLOWTOKC-26OCT08-B60.5,Low Temperature Oklahoma City,KOKC,2026-10-08,between,60.0,61.0,The Weather Company,https://weather.com/kalshi,0.39,0.51,0.49,0.61,3.0,4.0,162.75,,2026-10-09T06:00:00Z,active,2026-10-08T02:42:01.467176+00:00
KXLOWTOKC,KXLOWTOKC-26OCT07-T63,Low Temperature Oklahoma City,KOKC,2026-10-07,greater,63.0,,The Weather Company,https://weather.com/kalshi,0.0,0.01,0.99,1.0,11586.15,0.0,358.58,,2026-10-08T06:00:00Z,active,2026-10-08T02:42:01.467176+00:00
KXLOWTOKC,KXLOWTOKC-26OCT07-T56,Low Temperature Oklahoma City,KOKC,2026-10-07,less,,56.0,The Weather Company,https://weather.com/kalshi,0.0,0.01,0.99,1.0,739.0,0.0,1305.11,,2026-10-08T06:00:00Z,active,2026-10-08T02:42:01.467176+00:00
KXLOWTOKC,KXLOWTOKC-26OCT07-B62.5,Low Temperature Oklahoma City,KOKC,2026-10-07,between,62.0,63.0,The Weather Company,https://weather.com/kalshi,0.0,0.01,0.99,1.0,11897.15,0.0,379.0,,2026-10-08T06:00:00Z,active,2026-10-08T02:42:01.467176+00:00
KXLOWTOKC,KXLOWTOKC-26OCT07-B60.5,Low Temperature Oklahoma City,KOKC,2026-10-07,between,60.0,61.0,The Weather Company,https://weather.com/kalshi,0.0,0.01,0.99,1.0,11556.15,0.0,503.0,,2026-10-08T06:00:00Z,active,2026-10-08T02:42:01.467176+00:00
KXLOWTOKC,KXLOWTOKC-26OCT07-B58.5,Low Temperature Oklahoma City,KOKC,2026-10-07,between,58.0,59.0,The Weather Company,https://weather.com/kalshi,0.98,1.0,0.0,0.02,0.0,330.0,2240.68,,2026-10-08T06:00:00Z,active,2026-10-08T02:42:01.467176+00:00
KXLOWTOKC,KXLOWTOKC-26OCT07-B56.5,Low Temperature Oklahoma City,KOKC,2026-10-07,between,56.0,57.0,The Weather Company,https://weather.com/kalshi,0.0,0.01,0.99,1.0,106.0,0.0,1187.49,,2026-10-08T06:00:00Z,active,2026-10-08T02:42:01.467176+00:00
KXHIGHLAX,KXHIGHLAX-26OCT08-T90,Highest temperature in Los Angeles,KLAX,2026-10-08,greater,90.0,,The Weather Company,https://weather.com/kalshi,0.01,0.02,0.98,0.99,37.3,413.0,11640.91,,2026-10-09T08:00:00Z,active,2026-10-08T02:42:01.467176+00:00
KXHIGHLAX,KXHIGHLAX-26OCT08-T83,Highest temperature in Los Angeles,KLAX,2026-10-08,less,,83.0,The Weather Company,https://weather.com/kalshi,0.63,0.64,0.36,0.37,20.0,13.0,10360.05,,2026-10-09T08:00:00Z,active,2026-10-08T02:42:01.467176+00:00
KXHIGHLAX,KXHIGHLAX-26OCT08-B89.5,Highest temperature in Los Angeles,KLAX,2026-10-08,between,89.0,90.0,The Weather Company,https://weather.com/kalshi,0.02,0.03,0.97,0.98,673.9,54.3,5761.48,,2026-10-09T08:00:00Z,active,2026-10-08T02:42:01.467176+00:00
KXHIGHLAX,KXHIGHLAX-26OCT08-B87.5,Highest temperature in Los Angeles,KLAX,2026-10-08,between,87.0,88.0,The Weather Company,https://weather.com/kalshi,0.03,0.04,0.96,0.97,148.0,26.7,3566.13,,2026-10-09T08:00:00Z,active,2026-10-08T02:42:01.467176+00:00
KXHIGHLAX,KXHIGHLAX-26OCT08-B85.5,Highest temperature in Los Angeles,KLAX,2026-10-08,between,85.0,86.0,The Weather Company,https://weather.com/kalshi,0.1,0.11,0.89,0.9,84.69,216.0,5066.57,,2026-10-09T08:00:00Z,active,2026-10-08T02:42:01.467176+00:00
KXHIGHLAX,KXHIGHLAX-26OCT08-B83.5,Highest temperature in Los Angeles,KLAX,2026-10-08,between,83.0,84.0,The Weather Company,https://weather.com/kalshi,0.22,0.23,0.77,0.78,5.62,2.0,5622.32,,2026-10-09T08:00:00Z,active,2026-10-08T02:42:01.467176+00:00
KXHIGHLAX,KXHIGHLAX-26OCT07-T90,Highest temperature in Los Angeles,KLAX,2026-10-07,greater,90.0,,The Weather Company,https://weather.com/kalshi,0.0,0.01,0.99,1.0,741664.74,0.0,577242.83,,2026-10-08T08:00:00Z,active,2026-10-08T02:42:01.467176+00:00
KXHIGHLAX,KXHIGHLAX-26OCT07-T83,Highest temperature in Los Angeles,KLAX,2026-10-07,less,,83.0,The Weather Company,https://weather.com/kalshi,0.0,0.01,0.99,1.0,197774.63,0.0,13721.9,,2026-10-08T08:00:00Z,active,2026-10-08T02:42:01.467176+00:00
KXHIGHLAX,KXHIGHLAX-26OCT07-B89.5,Highest temperature in Los Angeles,KLAX,2026-10-07,between,89.0,90.0,The Weather Company,https://weather.com/kalshi,0.0,0.01,0.99,1.0,259655.13,0.0,82994.52,,2026-10-08T08:00:00Z,active,2026-10-08T02:42:01.467176+00:00
KXHIGHLAX,KXHIGHLAX-26OCT07-B87.5,Highest temperature in Los Angeles,KLAX,2026-10-07,between,87.0,88.0,The Weather Company,https://weather.com/kalshi,0.0,0.01,0.99,1.0,182738.64,0.0,92414.18,,2026-10-08T08:00:00Z,active,2026-10-08T02:42:01.467176+00:00
KXHIGHLAX,KXHIGHLAX-26OCT07-B85.5,Highest temperature in Los Angeles,KLAX,2026-10-07,between,85.0,86.0,The Weather Company,https://weather.com/kalshi,0.99,1.0,0.0,0.01,0.0,150460.27,120702.24,,2026-10-08T08:00:00Z,active,2026-10-08T02:42:01.467176+00:00
KXHIGHLAX,KXHIGHLAX-26OCT07-B83.5,Highest temperature in Los Angeles,KLAX,2026-10-07,between,83.0,84.0,The Weather Company,https://weather.com/kalshi,0.0,0.01,0.99,1.0,254630.59,0.0,64008.27,,2026-10-08T08:00:00Z,active,2026-10-08T02:42:01.467176+00:00
KXLOWTPHIL,KXLOWTPHIL-26OCT08-T57,Lowest temperature in Philadelphia,KPHL,2026-10-08,greater,57.0,,The Weather Company,https://weather.com/kalshi,0.27,0.3,0.7,0.73,4.0,20.0,349.0,,2026-10-09T05:00:00Z,active,2026-10-08T02:42:01.467176+00:00
KXLOWTPHIL,KXLOWTPHIL-26OCT08-T50,Lowest temperature in Philadelphia,KPHL,2026-10-08,less,,50.0,The Weather Company,https://weather.com/kalshi,0.0,0.01,0.99,1.0,1173.0,0.0,205.49,,2026-10-09T05:00:00Z,active,2026-10-08T02:42:01.467176+00:00
KXLOWTPHIL,KXLOWTPHIL-26OCT08-B56.5,Lowest temperature in Philadelphia,KPHL,2026-10-08,between,56.0,57.0,The Weather Company,https://weather.com/kalshi,0.52,0.54,0.46,0.48,68.0,14.0,90.0,,2026-10-09T05:00:00Z,active,2026-10-08T02:42:01.467176+00:00
KXLOWTPHIL,KXLOWTPHIL-26OCT08-B54.5,Lowest temperature in Philadelphia,KPHL,2026-10-08,between,54.0,55.0,The Weather Company,https://weather.com/kalshi,0.06,0.14,0.86,0.94,1.0,10.0,109.16,,2026-10-09T05:00:00Z,active,2026-10-08T02:42:01.467176+00:00
KXLOWTPHIL,KXLOWTPHIL-26OCT08-B52.5,Lowest temperature in Philadelphia,KPHL,2026-10-08,between,52.0,53.0,The Weather Company,https://weather.com/kalshi,0.0,0.01,0.99,1.0,120.0,0.0,252.02,,2026-10-09T05:00:00Z,active,2026-10-08T02:42:01.467176+00:00
KXLOWTPHIL,KXLOWTPHIL-26OCT08-B50.5,Lowest temperature in Philadelphia,KPHL,2026-10-08,between,50.0,51.0,The Weather Company,https://weather.com/kalshi,0.0,0.03,0.97,1.0,345.0,0.0,217.08,,2026-10-09T05:00:00Z,active,2026-10-08T02:42:01.467176+00:00
KXLOWTPHIL,KXLOWTPHIL-26OCT07-T44,Lowest temperature in Philadelphia,KPHL,2026-10-07,greater,44.0,,The Weather Company,https://weather.com/kalshi,0.99,1.0,0.0,0.01,0.0,6468.0,927.58,,2026-10-08T05:00:00Z,active,2026-10-08T02:42:01.467176+00:00
KXLOWTPHIL,KXLOWTPHIL-26OCT07-T37,Lowest temperature in Philadelphia,KPHL,2026-10-07,less,,37.0,The Weather Company,https://weather.com/kalshi,0.0,0.01,0.99,1.0,215.0,0.0,54.6,,2026-10-08T05:00:00Z,active,2026-10-08T02:42:01.467176+00:00
KXLOWTPHIL,KXLOWTPHIL-26OCT07-B43.5,Lowest temperature in Philadelphia,KPHL,2026-10-07,between,43.0,44.0,The Weather Company,https://weather.com/kalshi,0.0,0.01,0.99,1.0,1942.41,0.0,823.12,,2026-10-08T05:00:00Z,active,2026-10-08T02:42:01.467176+00:00
KXLOWTPHIL,KXLOWTPHIL-26OCT07-B41.5,Lowest temperature in Philadelphia,KPHL,2026-10-07,between,41.0,42.0,The Weather Company,https://weather.com/kalshi,0.0,0.01,0.99,1.0,2600.0,0.0,390.22,,2026-10-08T05:00:00Z,active,2026-10-08T02:42:01.467176+00:00
KXLOWTPHIL,KXLOWTPHIL-26OCT07-B39.5,Lowest temperature in Philadelphia,KPHL,2026-10-07,between,39.0,40.0,The Weather Company,https://weather.com/kalshi,0.0,0.01,0.99,1.0,199.0,0.0,296.36,,2026-10-08T05:00:00Z,active,2026-10-08T02:42:01.467176+00:00
KXLOWTPHIL,KXLOWTPHIL-26OCT07-B37.5,Lowest temperature in Philadelphia,KPHL,2026-10-07,between,37.0,38.0,The Weather Company,https://weather.com/kalshi,0.0,0.01,0.99,1.0,306.51,0.0,249.34,,2026-10-08T05:00:00Z,active,2026-10-08T02:42:01.467176+00:00
KXHIGHMIA,KXHIGHMIA-26OCT08-T92,Highest temperature in Miami,KMIA,2026-10-08,greater,92.0,,The Weather Company,https://weather.com/kalshi,0.02,0.03,0.97,0.98,168.82,138.0,1090.7,,2026-10-09T05:00:00Z,active,2026-10-08T02:42:01.467176+00:00
KXHIGHMIA,KXHIGHMIA-26OCT08-T85,Highest temperature in Miami,KMIA,2026-10-08,less,,85.0,The Weather Company,https://weather.com/kalshi,0.0,0.01,0.99,1.0,5127.0,0.0,1144.53,,2026-10-09T05:00:00Z,active,2026-10-08T02:42:01.467176+00:00
KXHIGHMIA,KXHIGHMIA-26OCT08-B91.5,Highest temperature in Miami,KMIA,2026-10-08,between,91.0,92.0,The Weather Company,https://weather.com/kalshi,0.34,0.35,0.65,0.66,77.0,25.0,4501.4,,2026-10-09T05:00:00Z,active,2026-10-08T02:42:01.467176+00:00
KXHIGHMIA,KXHIGHMIA-26OCT08-B89.5,Highest temperature in Miami,KMIA,2026-10-08,between,89.0,90.0,The Weather Company,https://weather.com/kalshi,0.48,0.49,0.51,0.52,69.05,23.01,2122.32,,2026-10-09T05:00:00Z,active,2026-10-08T02:42:01.467176+00:00
KXHIGHMIA,KXHIGHMIA-26OCT08-B87.5,Highest temperature in Miami,KMIA,2026-10-08,between,87.0,88.0,The Weather Company,https://weather.com/kalshi,0.16,0.19,0.81,0.84,147.69,44.41,3437.95,,2026-10-09T05:00:00Z,active,2026-10-08T02:42:01.467176+00:00
KXHIGHMIA,KXHIGHMIA-26OCT08-B85.5,Highest temperature in Miami,KMIA,2026-10-08,between,85.0,86.0,The Weather Company,https://weather.com/kalshi,0.02,0.03,0.97,0.98,47.0,71.0,804.44,,2026-10-09T05:00:00Z,active,2026-10-08T02:42:01.467176+00:00
KXHIGHMIA,KXHIGHMIA-26OCT07-T92,Highest temperature in Miami,KMIA,2026-10-07,greater,92.0,,The Weather Company,https://weather.com/kalshi,0.0,0.01,0.99,1.0,26581.12,0.0,8466.72,,2026-10-08T05:00:00Z,active,2026-10-08T02:42:01.467176+00:00
KXHIGHMIA,KXHIGHMIA-26OCT07-T85,Highest temperature in Miami,KMIA,2026-10-07,less,,85.0,The Weather Company,https://weather.com/kalshi,0.0,0.01,0.99,1.0,160024.95,0.0,3624.68,,2026-10-08T05:00:00Z,active,2026-10-08T02:42:01.467176+00:00
KXHIGHMIA,KXHIGHMIA-26OCT07-B91.5,Highest temperature in Miami,KMIA,2026-10-07,between,91.0,92.0,The Weather Company,https://weather.com/kalshi,0.0,0.01,0.99,1.0,35470.37,0.0,33035.87,,2026-10-08T05:00:00Z,active,2026-10-08T02:42:01.467176+00:00
KXHIGHMIA,KXHIGHMIA-26OCT07-B89.5,Highest temperature in Miami,KMIA,2026-10-07,between,89.0,90.0,The Weather Company,https://weather.com/kalshi,0.99,1.0,0.0,0.01,0.0,40540.89,27892.8,,2026-10-08T05:00:00Z,active,2026-10-08T02:42:01.467176+00:00
KXHIGHMIA,KXHIGHMIA-26OCT07-B87.5,Highest temperature in Miami,KMIA,2026-10-07,between,87.0,88.0,The Weather Company,https://weather.com/kalshi,0.0,0.01,0.99,1.0,425776.41,0.0,98619.27,,2026-10-08T05:00:00Z,active,2026-10-08T02:42:01.467176+00:00
KXHIGHMIA,KXHIGHMIA-26OCT07-B85.5,Highest temperature in Miami,KMIA,2026-10-07,between,85.0,86.0,The Weather Company,https://weather.com/kalshi,0.0,0.01,0.99,1.0,232589.14,0.0,14754.14,,2026-10-08T05:00:00Z,active,2026-10-08T02:42:01.467176+00:00
KXHIGHCHI,KXHIGHCHI-26OCT08-T75,Highest temperature in Chicago,KMDW,2026-10-08,greater,75.0,,The Weather Company,https://weather.com/kalshi,0.01,0.02,0.98,0.99,10.09,172.73,458.52,,2026-10-09T06:00:00Z,active,2026-10-08T02:42:01.467176+00:00
KXHIGHCHI,KXHIGHCHI-26OCT08-T68,Highest temperature in Chicago,KMDW,2026-10-08,less,,68.0,The Weather Company,https://weather.com/kalshi,0.01,0.02,0.98,0.99,4.0,53.8,577.78,,2026-10-09T06:00:00Z,active,2026-10-08T02:42:01.467176+00:00
KXHIGHCHI,KXHIGHCHI-26OCT08-B74.5,Highest temperature in Chicago,KMDW,2026-10-08,between,74.0,75.0,The Weather Company,https://weather.com/kalshi,0.08,0.09,0.91,0.92,25.0,76.0,484.64,,2026-10-09T06:00:00Z,active,2026-10-08T02:42:01.467176+00:00
KXHIGHCHI,KXHIGHCHI-26OCT08-B72.5,Highest temperature in Chicago,KMDW,2026-10-08,between,72.0,73.0,The Weather Company,https://weather.com/kalshi,0.6,0.61,0.39,0.4,82.0,16.62,2084.62,,2026-10-09T06:00:00Z,active,2026-10-08T02:42:01.467176+00:00
KXHIGHCHI,KXHIGHCHI-26OCT08-B70.5,Highest temperature in Chicago,KMDW,2026-10-08,between,70.0,71.0,The Weather Company,https://weather.com/kalshi,0.26,0.27,0.73,0.74,15.0,25.01,2169.45,,2026-10-09T06:00:00Z,active,2026-10-08T02:42:01.467176+00:00
KXHIGHCHI,KXHIGHCHI-26OCT08-B68.5,Highest temperature in Chicago,KMDW,2026-10-08,between,68.0,69.0,The Weather Company,https://weather.com/kalshi,0.03,0.04,0.96,0.97,5.21,56.42,801.94,,2026-10-09T06:00:00Z,active,2026-10-08T02:42:01.467176+00:00
KXHIGHCHI,KXHIGHCHI-26OCT07-T81,Highest temperature in Chicago,KMDW,2026-10-07,greater,81.0,,The Weather Company,https://weather.com/kalshi,0.0,0.01,0.99,1.0,11807.26,0.0,7278.92,,2026-10-08T06:00:00Z,active,2026-10-08T02:42:01.467176+00:00
KXHIGHCHI,KXHIGHCHI-26OCT07-T74,Highest temperature in Chicago,KMDW,2026-10-07,less,,74.0,The Weather Company,https://weather.com/kalshi,0.0,0.01,0.99,1.0,170812.87,0.0,12115.67,,2026-10-08T06:00:00Z,active,2026-10-08T02:42:01.467176+00:00
KXHIGHCHI,KXHIGHCHI-26OCT07-B80.5,Highest temperature in Chicago,KMDW,2026-10-07,between,80.0,81.0,The Weather Company,https://weather.com/kalshi,0.0,0.01,0.99,1.0,14974.57,0.0,22382.36,,2026-10-08T06:00:00Z,active,2026-10-08T02:42:01.467176+00:00
KXHIGHCHI,KXHIGHCHI-26OCT07-B78.5,Highest temperature in Chicago,KMDW,2026-10-07,between,78.0,79.0,The Weather Company,https://weather.com/kalshi,0.99,1.0,0.0,0.01,0.0,17358.37,26190.39,,2026-10-08T06:00:00Z,active,2026-10-08T02:42:01.467176+00:00
KXHIGHCHI,KXHIGHCHI-26OCT07-B76.5,Highest temperature in Chicago,KMDW,2026-10-07,between,76.0,77.0,The Weather Company,https://weather.com/kalshi,0.0,0.01,0.99,1.0,165593.08,0.0,21190.58,,2026-10-08T06:00:00Z,active,2026-10-08T02:42:01.467176+00:00
KXHIGHCHI,KXHIGHCHI-26OCT07-B74.5,Highest temperature in Chicago,KMDW,2026-10-07,between,74.0,75.0,The Weather Company,https://weather.com/kalshi,0.0,0.01,0.99,1.0,167642.69,0.0,13350.01,,2026-10-08T06:00:00Z,active,2026-10-08T02:42:01.467176+00:00
KXLOWTMIA,KXLOWTMIA-26OCT08-T78,Lowest temperature in Miami,KMIA,2026-10-08,greater,78.0,,The Weather Company,https://weather.com/kalshi,0.2,0.24,0.76,0.8,1.0,10.0,168.88,,2026-10-09T05:00:00Z,active,2026-10-08T02:42:01.467176+00:00
KXLOWTMIA,KXLOWTMIA-26OCT08-T71,Lowest temperature in Miami,KMIA,2026-10-08,less,,71.0,The Weather Company,https://weather.com/kalshi,0.0,0.01,0.99,1.0,6.0,0.0,347.0,,2026-10-09T05:00:00Z,active,2026-10-08T02:42:01.467176+00:00
KXLOWTMIA,KXLOWTMIA-26OCT08-B77.5,Lowest temperature in Miami,KMIA,2026-10-08,between,77.0,78.0,The Weather Company,https://weather.com/kalshi,0.46,0.51,0.49,0.54,5.0,1.0,73.19,,2026-10-09T05:00:00Z,active,2026-10-08T02:42:01.467176+00:00
KXLOWTMIA,KXLOWTMIA-26OCT08-B75.5,Lowest temperature in Miami,KMIA,2026-10-08,between,75.0,76.0,The Weather Company,https://weather.com/kalshi,0.21,0.27,0.73,0.79,7.0,8.0,78.0,,2026-10-09T05:00:00Z,active,2026-10-08T02:42:01.467176+00:00
KXLOWTMIA,KXLOWTMIA-26OCT08-B73.5,Lowest temperature in Miami,KMIA,2026-10-08,between,73.0,74.0,The Weather Company,https://weather.com/kalshi,0.03,0.06,0.94,0.97,3.0,38.98,1.02,,2026-10-09T05:00:00Z,active,2026-10-08T02:42:01.467176+00:00
KXLOWTMIA,KXLOWTMIA-26OCT08-B71.5,Lowest temperature in Miami,KMIA,2026-10-08,between,71.0,72.0,The Weather Company,https://weather.com/kalshi,0.0,0.01,0.99,1.0,6.0,0.0,227.08,,2026-10-09T05:00:00Z,active,2026-10-08T02:42:01.467176+00:00
KXLOWTMIA,KXLOWTMIA-26OCT07-T78,Lowest temperature in Miami,KMIA,2026-10-07,greater,78.0,,The Weather Company,https://weather.com/kalshi,0.0,0.01,0.99,1.0,25205.42,0.0,1660.42,,2026-10-08T05:00:00Z,active,2026-10-08T02:42:01.467176+00:00
KXLOWTMIA,KXLOWTMIA-26OCT07-T71,Lowest temperature in Miami,KMIA,2026-10-07,less,,71.0,The Weather Company,https://weather.com/kalshi,0.0,0.01,0.99,1.0,388.0,0.0,688.12,,2026-10-08T05:00:00Z,active,2026-10-08T02:42:01.467176+00:00
KXLOWTMIA,KXLOWTMIA-26OCT07-B77.5,Lowest temperature in Miami,KMIA,2026-10-07,between,77.0,78.0,The Weather Company,https://weather.com/kalshi,0.97,0.98,0.02,0.03,19.0,1.0,1079.19,,2026-10-08T05:00:00Z,active,2026-10-08T02:42:01.467176+00:00
KXLOWTMIA,KXLOWTMIA-26OCT07-B75.5,Lowest temperature in Miami,KMIA,2026-10-07,between,75.0,76.0,The Weather Company,https://weather.com/kalshi,0.01,0.04,0.96,0.99,5.0,190.19,905.97,,2026-10-08T05:00:00Z,active,2026-10-08T02:42:01.467176+00:00
KXLOWTMIA,KXLOWTMIA-26OCT07-B73.5,Lowest temperature in Miami,KMIA,2026-10-07,between,73.0,74.0,The Weather Company,https://weather.com/kalshi,0.0,0.02,0.98,1.0,31.0,0.0,921.04,,2026-10-08T05:00:00Z,active,2026-10-08T02:42:01.467176+00:00
KXLOWTMIA,KXLOWTMIA-26OCT07-B71.5,Lowest temperature in Miami,KMIA,2026-10-07,between,71.0,72.0,The Weather Company,https://weather.com/kalshi,0.0,0.01,0.99,1.0,6.0,0.0,641.36,,2026-10-08T05:00:00Z,active,2026-10-08T02:42:01.467176+00:00
KXLOWTATL,KXLOWTATL-26OCT08-T59,Low Temperature Atlanta,KATL,2026-10-08,greater,59.0,,The Weather Company,https://weather.com/kalshi,0.25,0.43,0.57,0.75,25.0,10.0,284.36,,2026-10-09T05:00:00Z,active,2026-10-08T02:42:01.467176+00:00
KXLOWTATL,KXLOWTATL-26OCT08-T52,Low Temperature Atlanta,KATL,2026-10-08,less,,52.0,The Weather Company,https://weather.com/kalshi,0.0,0.01,0.99,1.0,1.0,0.0,31.0,,2026-10-09T05:00:00Z,active,2026-10-08T02:42:01.467176+00:00
KXLOWTATL,KXLOWTATL-26OCT08-B58.5,Low Temperature Atlanta,KATL,2026-10-08,between,58.0,59.0,The Weather Company,https://weather.com/kalshi,0.43,0.6,0.4,0.57,3.0,27.04,150.96,,2026-10-09T05:00:00Z,active,2026-10-08T02:42:01.467176+00:00
KXLOWTATL,KXLOWTATL-26OCT08-B56.5,Low Temperature Atlanta,KATL,2026-10-08,between,56.0,57.0,The Weather Company,https://weather.com/kalshi,0.03,0.16,0.84,0.97,10.0,25.0,42.92,,2026-10-09T05:00:00Z,active,2026-10-08T02:42:01.467176+00:00
KXLOWTATL,KXLOWTATL-26OCT08-B54.5,Low Temperature Atlanta,KATL,2026-10-08,between,54.0,55.0,The Weather Company,https://weather.com/kalshi,0.03,0.07,0.93,0.97,23.0,33.43,21.57,,2026-10-09T05:00:00Z,active,2026-10-08T02:42:01.467176+00:00
KXLOWTATL,KXLOWTATL-26OCT08-B52.5,Low Temperature Atlanta,KATL,2026-10-08,between,52.0,53.0,The Weather Company,https://weather.com/kalshi,0.0,0.03,0.97,1.0,50.0,0.0,222.37,,2026-10-09T05:00:00Z,active,2026-10-08T02:42:01.467176+00:00
KXLOWTATL,KXLOWTATL-26OCT07-T59,Low Temperature Atlanta,KATL,2026-10-07,greater,59.0,,The Weather Company,https://weather.com/kalshi,0.0,0.01,0.99,1.0,23577.15,0.0,627.88,,2026-10-08T05:00:00Z,active,2026-10-08T02:42:01.467176+00:00
KXLOWTATL,KXLOWTATL-26OCT07-T52,Low Temperature Atlanta,KATL,2026-10-07,less,,52.0,The Weather Company,https://weather.com/kalshi,0.0,0.01,0.99,1.0,480.0,0.0,186.08,,2026-10-08T05:00:00Z,active,2026-10-08T02:42:01.467176+00:00
KXLOWTATL,KXLOWTATL-26OCT07-B58.5,Low Temperature Atlanta,KATL,2026-10-07,between,58.0,59.0,The Weather Company,https://weather.com/kalshi,0.98,1.0,0.0,0.02,0.0,3.0,1195.83,,2026-10-08T05:00:00Z,active,2026-10-08T02:42:01.467176+00:00
KXLOWTATL,KXLOWTATL-26OCT07-B56.5,Low Temperature Atlanta,KATL,2026-10-07,between,56.0,57.0,The Weather Company,https://weather.com/kalshi,0.0,0.02,0.98,1.0,125.0,0.0,611.11,,2026-10-08T05:00:00Z,active,2026-10-08T02:42:01.467176+00:00
KXLOWTATL,KXLOWTATL-26OCT07-B54.5,Low Temperature Atlanta,KATL,2026-10-07,between,54.0,55.0,The Weather Company,https://weather.com/kalshi,0.0,0.01,0.99,1.0,473.0,0.0,492.0,,2026-10-08T05:00:00Z,active,2026-10-08T02:42:01.467176+00:00
KXLOWTATL,KXLOWTATL-26OCT07-B52.5,Low Temperature Atlanta,KATL,2026-10-07,between,52.0,53.0,The Weather Company,https://weather.com/kalshi,0.0,0.01,0.99,1.0,548.0,0.0,281.91,,2026-10-08T05:00:00Z,active,2026-10-08T02:42:01.467176+00:00
KXLOWTBOS,KXLOWTBOS-26OCT08-T58,Low Temperature Boston,KBOS,2026-10-08,greater,58.0,,The Weather Company,https://weather.com/kalshi,0.01,0.02,0.98,0.99,1.0,29.0,173.09,,2026-10-09T05:00:00Z,active,2026-10-08T02:42:01.467176+00:00
KXLOWTBOS,KXLOWTBOS-26OCT08-T51,Low Temperature Boston,KBOS,2026-10-08,less,,51.0,The Weather Company,https://weather.com/kalshi,0.0,0.04,0.96,1.0,6.0,0.0,228.08,,2026-10-09T05:00:00Z,active,2026-10-08T02:42:01.467176+00:00
KXLOWTBOS,KXLOWTBOS-26OCT08-B57.5,Low Temperature Boston,KBOS,2026-10-08,between,57.0,58.0,The Weather Company,https://weather.com/kalshi,0.11,0.24,0.76,0.89,10.0,27.0,126.0,,2026-10-09T05:00:00Z,active,2026-10-08T02:42:01.467176+00:00
KXLOWTBOS,KXLOWTBOS-26OCT08-B55.5,Low Temperature Boston,KBOS,2026-10-08,between,55.0,56.0,The Weather Company,https://weather.com/kalshi,0.39,0.55,0.45,0.61,37.0,10.0,29.0,,2026-10-09T05:00:00Z,active,2026-10-08T02:42:01.467176+00:00
KXLOWTBOS,KXLOWTBOS-26OCT08-B53.5,Low Temperature Boston,KBOS,2026-10-08,between,53.0,54.0,The Weather Company,https://weather.com/kalshi,0.21,0.34,0.66,0.79,9.0,10.0,30.98,,2026-10-09T05:00:00Z,active,2026-10-08T02:42:01.467176+00:00
KXLOWTBOS,KXLOWTBOS-26OCT08-B51.5,Low Temperature Boston,KBOS,2026-10-08,between,51.0,52.0,The Weather Company,https://weather.com/kalshi,0.02,0.07,0.93,0.98,17.0,54.0,20.57,,2026-10-09T05:00:00Z,active,2026-10-08T02:42:01.467176+00:00
KXLOWTBOS,KXLOWTBOS-26OCT07-T42,Low Temperature Boston,KBOS,2026-10-07,greater,42.0,,The Weather Company,https://weather.com/kalshi,0.99,1.0,0.0,0.01,0.0,7444.0,1025.24,,2026-10-08T05:00:00Z,active,2026-10-08T02:42:01.467176+00:00
KXLOWTBOS,KXLOWTBOS-26OCT07-T35,Low Temperature Boston,KBOS,2026-10-07,less,,35.0,The Weather Company,https://weather.com/kalshi,0.0,0.01,0.99,1.0,2016.0,0.0,260.0,,2026-10-08T05:00:00Z,active,2026-10-08T02:42:01.467176+00:00
KXLOWTBOS,KXLOWTBOS-26OCT07-B41.5,Low Temperature Boston,KBOS,2026-10-07,between,41.0,42.0,The Weather Company,https://weather.com/kalshi,0.0,0.01,0.99,1.0,1638.0,0.0,1289.83,,2026-10-08T05:00:00Z,active,2026-10-08T02:42:01.467176+00:00
KXLOWTBOS,KXLOWTBOS-26OCT07-B39.5,Low Temperature Boston,KBOS,2026-10-07,between,39.0,40.0,The Weather Company,https://weather.com/kalshi,0.0,0.01,0.99,1.0,885.81,0.0,1824.87,,2026-10-08T05:00:00Z,active,2026-10-08T02:42:01.467176+00:00
KXLOWTBOS,KXLOWTBOS-26OCT07-B37.5,Low Temperature Boston,KBOS,2026-10-07,between,37.0,38.0,The Weather Company,https://weather.com/kalshi,0.0,0.01,0.99,1.0,1764.0,0.0,401.0,,2026-10-08T05:00:00Z,active,2026-10-08T02:42:01.467176+00:00
KXLOWTBOS,KXLOWTBOS-26OCT07-B35.5,Low Temperature Boston,KBOS,2026-10-07,between,35.0,36.0,The Weather Company,https://weather.com/kalshi,0.0,0.01,0.99,1.0,1537.0,0.0,334.0,,2026-10-08T05:00:00Z,active,2026-10-08T02:42:01.467176+00:00
KXLOWTSFO,KXLOWTSFO-26OCT08-T60,Lowest Temperature San Francisco,KSFO,2026-10-08,greater,60.0,,The Weather Company,https://weather.com/kalshi,0.0,0.02,0.98,1.0,23.0,0.0,159.65,,2026-10-09T08:00:00Z,active,2026-10-08T02:42:01.467176+00:00
KXLOWTSFO,KXLOWTSFO-26OCT08-T53,Lowest Temperature San Francisco,KSFO,2026-10-08,less,,53.0,The Weather Company,https://weather.com/kalshi,0.0,0.01,0.99,1.0,5.0,0.0,0.0,,2026-10-09T08:00:00Z,active,2026-10-08T02:42:01.467176+00:00
KXLOWTSFO,KXLOWTSFO-26OCT08-B59.5,Lowest Temperature San Francisco,KSFO,2026-10-08,between,59.0,60.0,The Weather Company,https://weather.com/kalshi,0.03,0.11,0.89,0.97,25.0,41.0,233.22,,2026-10-09T08:00:00Z,active,2026-10-08T02:42:01.467176+00:00
KXLOWTSFO,KXLOWTSFO-26OCT08-B57.5,Lowest Temperature San Francisco,KSFO,2026-10-08,between,57.0,58.0,The Weather Company,https://weather.com/kalshi,0.39,0.45,0.55,0.61,5.0,3.0,9.0,,2026-10-09T08:00:00Z,active,2026-10-08T02:42:01.467176+00:00
KXLOWTSFO,KXLOWTSFO-26OCT08-B55.5,Lowest Temperature San Francisco,KSFO,2026-10-08,between,55.0,56.0,The Weather Company,https://weather.com/kalshi,0.44,0.48,0.52,0.56,15.0,1.0,154.2,,2026-10-09T08:00:00Z,active,2026-10-08T02:42:01.467176+00:00
KXLOWTSFO,KXLOWTSFO-26OCT08-B53.5,Lowest Temperature San Francisco,KSFO,2026-10-08,between,53.0,54.0,The Weather Company,https://weather.com/kalshi,0.02,0.04,0.96,0.98,6.0,133.0,4.0,,2026-10-09T08:00:00Z,active,2026-10-08T02:42:01.467176+00:00
KXLOWTSFO,KXLOWTSFO-26OCT07-T62,Lowest Temperature San Francisco,KSFO,2026-10-07,greater,62.0,,The Weather Company,https://weather.com/kalshi,0.0,0.01,0.99,1.0,11212.15,0.0,272.44,,2026-10-08T08:00:00Z,active,2026-10-08T02:42:01.467176+00:00
KXLOWTSFO,KXLOWTSFO-26OCT07-T55,Lowest Temperature San Francisco,KSFO,2026-10-07,less,,55.0,The Weather Company,https://weather.com/kalshi,0.0,0.01,0.99,1.0,40.0,0.0,717.35,,2026-10-08T08:00:00Z,active,2026-10-08T02:42:01.467176+00:00
KXLOWTSFO,KXLOWTSFO-26OCT07-B61.5,Lowest Temperature San Francisco,KSFO,2026-10-07,between,61.0,62.0,The Weather Company,https://weather.com/kalshi,0.0,0.01,0.99,1.0,12085.15,0.0,412.62,,2026-10-08T08:00:00Z,active,2026-10-08T02:42:01.467176+00:00
KXLOWTSFO,KXLOWTSFO-26OCT07-B59.5,Lowest Temperature San Francisco,KSFO,2026-10-07,between,59.0,60.0,The Weather Company,https://weather.com/kalshi,0.0,0.01,0.99,1.0,18751.56,0.0,975.59,,2026-10-08T08:00:00Z,active,2026-10-08T02:42:01.467176+00:00
KXLOWTSFO,KXLOWTSFO-26OCT07-B57.5,Lowest Temperature San Francisco,KSFO,2026-10-07,between,57.0,58.0,The Weather Company,https://weather.com/kalshi,0.0,0.01,0.99,1.0,18916.19,0.0,692.33,,2026-10-08T08:00:00Z,active,2026-10-08T02:42:01.467176+00:00
KXLOWTSFO,KXLOWTSFO-26OCT07-B55.5,Lowest Temperature San Francisco,KSFO,2026-10-07,between,55.0,56.0,The Weather Company,https://weather.com/kalshi,0.98,1.0,0.0,0.02,0.0,25.0,1030.4,,2026-10-08T08:00:00Z,active,2026-10-08T02:42:01.467176+00:00
KXLOWTSEA,KXLOWTSEA-26OCT08-T52,Low Temperature Seattle,KSEA,2026-10-08,greater,52.0,,The Weather Company,https://weather.com/kalshi,0.0,0.01,0.99,1.0,1.0,0.0,70.0,,2026-10-09T08:00:00Z,active,2026-10-08T02:42:01.467176+00:00
KXLOWTSEA,KXLOWTSEA-26OCT08-T45,Low Temperature Seattle,KSEA,2026-10-08,less,,45.0,The Weather Company,https://weather.com/kalshi,0.0,0.02,0.98,1.0,6.0,0.0,0.0,,2026-10-09T08:00:00Z,active,2026-10-08T02:42:01.467176+00:00
KXLOWTSEA,KXLOWTSEA-26OCT08-B51.5,Low Temperature Seattle,KSEA,2026-10-08,between,51.0,52.0,The Weather Company,https://weather.com/kalshi,0.33,0.38,0.62,0.67,15.0,25.0,251.0,,2026-10-09T08:00:00Z,active,2026-10-08T02:42:01.467176+00:00
KXLOWTSEA,KXLOWTSEA-26OCT08-B49.5,Low Temperature Seattle,KSEA,2026-10-08,between,49.0,50.0,The Weather Company,https://weather.com/kalshi,0.5,0.55,0.45,0.5,15.0,10.0,85.0,,2026-10-09T08:00:00Z,active,2026-10-08T02:42:01.467176+00:00
KXLOWTSEA,KXLOWTSEA-26OCT08-B47.5,Low Temperature Seattle,KSEA,2026-10-08,between,47.0,48.0,The Weather Company,https://weather.com/kalshi,0.06,0.14,0.86,0.94,8.0,119.0,32.0,,2026-10-09T08:00:00Z,active,2026-10-08T02:42:01.467176+00:00
KXLOWTSEA,KXLOWTSEA-26OCT08-B45.5,Low Temperature Seattle,KSEA,2026-10-08,between,45.0,46.0,The Weather Company,https://weather.com/kalshi,0.0,0.02,0.98,1.0,6.0,0.0,180.38,,2026-10-09T08:00:00Z,active,2026-10-08T02:42:01.467176+00:00
KXLOWTSEA,KXLOWTSEA-26OCT07-T52,Low Temperature Seattle,KSEA,2026-10-07,greater,52.0,,The Weather Company,https://weather.com/kalshi,0.81,0.85,0.15,0.19,3.0,3.0,863.79,,2026-10-08T08:00:00Z,active,2026-10-08T02:42:01.467176+00:00
KXLOWTSEA,KXLOWTSEA-26OCT07-T45,Low Temperature Seattle,KSEA,2026-10-07,less,,45.0,The Weather Company,https://weather.com/kalshi,0.0,0.01,0.99,1.0,142.0,0.0,25.0,,2026-10-08T08:00:00Z,active,2026-10-08T02:42:01.467176+00:00
KXLOWTSEA,KXLOWTSEA-26OCT07-B51.5,Low Temperature Seattle,KSEA,2026-10-07,between,51.0,52.0,The Weather Company,https://weather.com/kalshi,0.08,0.14,0.86,0.92,3.0,14.0,370.79,,2026-10-08T08:00:00Z,active,2026-10-08T02:42:01.467176+00:00
KXLOWTSEA,KXLOWTSEA-26OCT07-B49.5,Low Temperature Seattle,KSEA,2026-10-07,between,49.0,50.0,The Weather Company,https://weather.com/kalshi,0.0,0.02,0.98,1.0,75.0,0.0,548.31,,2026-10-08T08:00:00Z,active,2026-10-08T02:42:01.467176+00:00
KXLOWTSEA,KXLOWTSEA-26OCT07-B47.5,Low Temperature Seattle,KSEA,2026-10-07,between,47.0,48.0,The Weather Company,https://weather.com/kalshi,0.0,0.01,0.99,1.0,447.0,0.0,314.0,,2026-10-08T08:00:00Z,active,2026-10-08T02:42:01.467176+00:00
KXLOWTSEA,KXLOWTSEA-26OCT07-B45.5,Low Temperature Seattle,KSEA,2026-10-07,between,45.0,46.0,The Weather Company,https://weather.com/kalshi,0.0,0.01,0.99,1.0,10.0,0.0,256.44,,2026-10-08T08:00:00Z,active,2026-10-08T02:42:01.467176+00:00
KXHIGHTOKC,KXHIGHTOKC-26OCT08-T93,Oklahoma City Maximum High Temperature,KOKC,2026-10-08,greater,93.0,,The Weather Company,https://weather.com/kalshi,0.0,0.01,0.99,1.0,39.12,0.0,220.0,,2026-10-09T06:00:00Z,active,2026-10-08T02:42:01.467176+00:00
KXHIGHTOKC,KXHIGHTOKC-26OCT08-T86,Oklahoma City Maximum High Temperature,KOKC,2026-10-08,less,,86.0,The Weather Company,https://weather.com/kalshi,0.01,0.02,0.98,0.99,22.0,367.4,511.97,,2026-10-09T06:00:00Z,active,2026-10-08T02:42:01.467176+00:00
KXHIGHTOKC,KXHIGHTOKC-26OCT08-B92.5,Oklahoma City Maximum High Temperature,KOKC,2026-10-08,between,92.0,93.0,The Weather Company,https://weather.com/kalshi,0.01,0.02,0.98,0.99,38.0,498.0,468.85,,2026-10-09T06:00:00Z,active,2026-10-08T02:42:01.467176+00:00
KXHIGHTOKC,KXHIGHTOKC-26OCT08-B90.5,Oklahoma City Maximum High Temperature,KOKC,2026-10-08,between,90.0,91.0,The Weather Company,https://weather.com/kalshi,0.21,0.23,0.77,0.79,33.0,31.0,1612.64,,2026-10-09T06:00:00Z,active,2026-10-08T02:42:01.467176+00:00
KXHIGHTOKC,KXHIGHTOKC-26OCT08-B88.5,Oklahoma City Maximum High Temperature,KOKC,2026-10-08,between,88.0,89.0,The Weather Company,https://weather.com/kalshi,0.69,0.7,0.3,0.31,60.0,60.0,2125.38,,2026-10-09T06:00:00Z,active,2026-10-08T02:42:01.467176+00:00
KXHIGHTOKC,KXHIGHTOKC-26OCT08-B86.5,Oklahoma City Maximum High Temperature,KOKC,2026-10-08,between,86.0,87.0,The Weather Company,https://weather.com/kalshi,0.09,0.1,0.9,0.91,36.0,7.0,1469.85,,2026-10-09T06:00:00Z,active,2026-10-08T02:42:01.467176+00:00
KXHIGHTOKC,KXHIGHTOKC-26OCT07-T92,Oklahoma City Maximum High Temperature,KOKC,2026-10-07,greater,92.0,,The Weather Company,https://weather.com/kalshi,0.0,0.01,0.99,1.0,11559.0,0.0,3377.19,,2026-10-08T06:00:00Z,active,2026-10-08T02:42:01.467176+00:00
KXHIGHTOKC,KXHIGHTOKC-26OCT07-T85,Oklahoma City Maximum High Temperature,KOKC,2026-10-07,less,,85.0,The Weather Company,https://weather.com/kalshi,0.0,0.01,0.99,1.0,107827.66,0.0,646.94,,2026-10-08T06:00:00Z,active,2026-10-08T02:42:01.467176+00:00
KXHIGHTOKC,KXHIGHTOKC-26OCT07-B91.5,Oklahoma City Maximum High Temperature,KOKC,2026-10-07,between,91.0,92.0,The Weather Company,https://weather.com/kalshi,0.0,0.01,0.99,1.0,12711.7,0.0,13350.68,,2026-10-08T06:00:00Z,active,2026-10-08T02:42:01.467176+00:00
KXHIGHTOKC,KXHIGHTOKC-26OCT07-B89.5,Oklahoma City Maximum High Temperature,KOKC,2026-10-07,between,89.0,90.0,The Weather Company,https://weather.com/kalshi,0.99,1.0,0.0,0.01,0.0,15986.32,14147.12,,2026-10-08T06:00:00Z,active,2026-10-08T02:42:01.467176+00:00
KXHIGHTOKC,KXHIGHTOKC-26OCT07-B87.5,Oklahoma City Maximum High Temperature,KOKC,2026-10-07,between,87.0,88.0,The Weather Company,https://weather.com/kalshi,0.0,0.01,0.99,1.0,108119.17,0.0,1411.28,,2026-10-08T06:00:00Z,active,2026-10-08T02:42:01.467176+00:00
KXHIGHTOKC,KXHIGHTOKC-26OCT07-B85.5,Oklahoma City Maximum High Temperature,KOKC,2026-10-07,between,85.0,86.0,The Weather Company,https://weather.com/kalshi,0.0,0.01,0.99,1.0,107552.31,0.0,719.34,,2026-10-08T06:00:00Z,active,2026-10-08T02:42:01.467176+00:00
KXLOWTSDF,KXLOWTSDF-26OCT08-T58,Lowest Temperature SDX,KSDF,2026-10-08,greater,58.0,,The Weather Company,https://weather.com/kalshi,0.27,0.41,0.59,0.73,10.0,31.0,14.0,,2026-10-09T05:00:00Z,active,2026-10-08T02:42:01.467176+00:00
KXLOWTSDF,KXLOWTSDF-26OCT08-T51,Lowest Temperature SDX,KSDF,2026-10-08,less,,51.0,The Weather Company,https://weather.com/kalshi,0.01,0.02,0.98,0.99,1.0,225.0,69.0,,2026-10-09T05:00:00Z,active,2026-10-08T02:42:01.467176+00:00
KXLOWTSDF,KXLOWTSDF-26OCT08-B57.5,Lowest Temperature SDX,KSDF,2026-10-08,between,57.0,58.0,The Weather Company,https://weather.com/kalshi,0.36,0.51,0.49,0.64,10.0,10.0,28.0,,2026-10-09T05:00:00Z,active,2026-10-08T02:42:01.467176+00:00
KXLOWTSDF,KXLOWTSDF-26OCT08-B55.5,Lowest Temperature SDX,KSDF,2026-10-08,between,55.0,56.0,The Weather Company,https://weather.com/kalshi,0.08,0.28,0.72,0.92,10.0,10.0,7.0,,2026-10-09T05:00:00Z,active,2026-10-08T02:42:01.467176+00:00
KXLOWTSDF,KXLOWTSDF-26OCT08-B53.5,Lowest Temperature SDX,KSDF,2026-10-08,between,53.0,54.0,The Weather Company,https://weather.com/kalshi,0.02,0.1,0.9,0.98,13.0,29.0,0.0,,2026-10-09T05:00:00Z,active,2026-10-08T02:42:01.467176+00:00
KXLOWTSDF,KXLOWTSDF-26OCT08-B51.5,Lowest Temperature SDX,KSDF,2026-10-08,between,51.0,52.0,The Weather Company,https://weather.com/kalshi,0.0,0.02,0.98,1.0,10.0,0.0,110.74,,2026-10-09T05:00:00Z,active,2026-10-08T02:42:01.467176+00:00
KXLOWTSDF,KXLOWTSDF-26OCT07-T50,Lowest Temperature SDX,KSDF,2026-10-07,greater,50.0,,The Weather Company,https://weather.com/kalshi,0.0,0.01,0.99,1.0,1260.0,0.0,314.11,,2026-10-08T05:00:00Z,active,2026-10-08T02:42:01.467176+00:00
KXLOWTSDF,KXLOWTSDF-26OCT07-T43,Lowest Temperature SDX,KSDF,2026-10-07,less,,43.0,The Weather Company,https://weather.com/kalshi,0.0,0.01,0.99,1.0,1.0,0.0,26.23,,2026-10-08T05:00:00Z,active,2026-10-08T02:42:01.467176+00:00
KXLOWTSDF,KXLOWTSDF-26OCT07-B49.5,Lowest Temperature SDX,KSDF,2026-10-07,between,49.0,50.0,The Weather Company,https://weather.com/kalshi,0.99,1.0,0.0,0.01,0.0,243.0,353.0,,2026-10-08T05:00:00Z,active,2026-10-08T02:42:01.467176+00:00
KXLOWTSDF,KXLOWTSDF-26OCT07-B47.5,Lowest Temperature SDX,KSDF,2026-10-07,between,47.0,48.0,The Weather Company,https://weather.com/kalshi,0.0,0.01,0.99,1.0,256.0,0.0,271.0,,2026-10-08T05:00:00Z,active,2026-10-08T02:42:01.467176+00:00
KXLOWTSDF,KXLOWTSDF-26OCT07-B45.5,Lowest Temperature SDX,KSDF,2026-10-07,between,45.0,46.0,The Weather Company,https://weather.com/kalshi,0.0,0.01,0.99,1.0,714.0,0.0,208.42,,2026-10-08T05:00:00Z,active,2026-10-08T02:42:01.467176+00:00
KXLOWTSDF,KXLOWTSDF-26OCT07-B43.5,Lowest Temperature SDX,KSDF,2026-10-07,between,43.0,44.0,The Weather Company,https://weather.com/kalshi,0.0,0.01,0.99,1.0,1016.0,0.0,82.18,,2026-10-08T05:00:00Z,active,2026-10-08T02:42:01.467176+00:00
KXHIGHTDAL,KXHIGHTDAL-26OCT08-T90,Dallas Maximum Temperature,KDFW,2026-10-08,greater,90.0,,The Weather Company,https://weather.com/kalshi,0.21,0.22,0.78,0.79,86.0,32.01,1061.39,,2026-10-09T06:00:00Z,active,2026-10-08T02:42:01.467176+00:00
KXHIGHTDAL,KXHIGHTDAL-26OCT08-T83,Dallas Maximum Temperature,KDFW,2026-10-08,less,,83.0,The Weather Company,https://weather.com/kalshi,0.01,0.02,0.98,0.99,420.24,265.86,553.22,,2026-10-09T06:00:00Z,active,2026-10-08T02:42:01.467176+00:00
KXHIGHTDAL,KXHIGHTDAL-26OCT08-B89.5,Dallas Maximum Temperature,KDFW,2026-10-08,between,89.0,90.0,The Weather Company,https://weather.com/kalshi,0.68,0.69,0.31,0.32,108.0,52.0,1786.1,,2026-10-09T06:00:00Z,active,2026-10-08T02:42:01.467176+00:00
KXHIGHTDAL,KXHIGHTDAL-26OCT08-B87.5,Dallas Maximum Temperature,KDFW,2026-10-08,between,87.0,88.0,The Weather Company,https://weather.com/kalshi,0.1,0.11,0.89,0.9,9.0,113.0,842.25,,2026-10-09T06:00:00Z,active,2026-10-08T02:42:01.467176+00:00
KXHIGHTDAL,KXHIGHTDAL-26OCT08-B85.5,Dallas Maximum Temperature,KDFW,2026-10-08,between,85.0,86.0,The Weather Company,https://weather.com/kalshi,0.01,0.02,0.98,0.99,16.0,806.0,487.16,,2026-10-09T06:00:00Z,active,2026-10-08T02:42:01.467176+00:00
KXHIGHTDAL,KXHIGHTDAL-26OCT08-B83.5,Dallas Maximum Temperature,KDFW,2026-10-08,between,83.0,84.0,The Weather Company,https://weather.com/kalshi,0.01,0.02,0.98,0.99,129.0,599.9,434.1,,2026-10-09T06:00:00Z,active,2026-10-08T02:42:01.467176+00:00
KXHIGHTDAL,KXHIGHTDAL-26OCT07-T88,Dallas Maximum Temperature,KDFW,2026-10-07,greater,88.0,,The Weather Company,https://weather.com/kalshi,0.0,0.01,0.99,1.0,18164.86,0.0,17479.99,,2026-10-08T06:00:00Z,active,2026-10-08T02:42:01.467176+00:00
KXHIGHTDAL,KXHIGHTDAL-26OCT07-T81,Dallas Maximum Temperature,KDFW,2026-10-07,less,,81.0,The Weather Company,https://weather.com/kalshi,0.0,0.01,0.99,1.0,96339.58,0.0,346.0,,2026-10-08T06:00:00Z,active,2026-10-08T02:42:01.467176+00:00
KXHIGHTDAL,KXHIGHTDAL-26OCT07-B87.5,Dallas Maximum Temperature,KDFW,2026-10-07,between,87.0,88.0,The Weather Company,https://weather.com/kalshi,0.99,1.0,0.0,0.01,0.0,19118.88,13604.5,,2026-10-08T06:00:00Z,active,2026-10-08T02:42:01.467176+00:00
KXHIGHTDAL,KXHIGHTDAL-26OCT07-B85.5,Dallas Maximum Temperature,KDFW,2026-10-07,between,85.0,86.0,The Weather Company,https://weather.com/kalshi,0.0,0.01,0.99,1.0,105061.09,0.0,6420.98,,2026-10-08T06:00:00Z,active,2026-10-08T02:42:01.467176+00:00
KXHIGHTDAL,KXHIGHTDAL-26OCT07-B83.5,Dallas Maximum Temperature,KDFW,2026-10-07,between,83.0,84.0,The Weather Company,https://weather.com/kalshi,0.0,0.01,0.99,1.0,106416.58,0.0,2038.26,,2026-10-08T06:00:00Z,active,2026-10-08T02:42:01.467176+00:00
KXHIGHTDAL,KXHIGHTDAL-26OCT07-B81.5,Dallas Maximum Temperature,KDFW,2026-10-07,between,81.0,82.0,The Weather Company,https://weather.com/kalshi,0.0,0.01,0.99,1.0,106577.07,0.0,767.55,,2026-10-08T06:00:00Z,active,2026-10-08T02:42:01.467176+00:00
KXLOWTHOU,KXLOWTHOU-26OCT08-T75,Low Temperature Houston,KHOU,2026-10-08,greater,75.0,,The Weather Company,https://weather.com/kalshi,0.03,0.16,0.84,0.97,10.0,127.0,211.08,,2026-10-09T06:00:00Z,active,2026-10-08T02:42:01.467176+00:00
KXLOWTHOU,KXLOWTHOU-26OCT08-T68,Low Temperature Houston,KHOU,2026-10-08,less,,68.0,The Weather Company,https://weather.com/kalshi,0.0,0.01,0.99,1.0,31.0,0.0,0.0,,2026-10-09T06:00:00Z,active,2026-10-08T02:42:01.467176+00:00
KXLOWTHOU,KXLOWTHOU-26OCT08-B74.5,Low Temperature Houston,KHOU,2026-10-08,between,74.0,75.0,The Weather Company,https://weather.com/kalshi,0.47,0.59,0.41,0.53,50.0,6.0,168.0,,2026-10-09T06:00:00Z,active,2026-10-08T02:42:01.467176+00:00
KXLOWTHOU,KXLOWTHOU-26OCT08-B72.5,Low Temperature Houston,KHOU,2026-10-08,between,72.0,73.0,The Weather Company,https://weather.com/kalshi,0.29,0.41,0.59,0.71,25.0,10.0,71.36,,2026-10-09T06:00:00Z,active,2026-10-08T02:42:01.467176+00:00
KXLOWTHOU,KXLOWTHOU-26OCT08-B70.5,Low Temperature Houston,KHOU,2026-10-08,between,70.0,71.0,The Weather Company,https://weather.com/kalshi,0.03,0.11,0.89,0.97,6.0,27.96,19.04,,2026-10-09T06:00:00Z,active,2026-10-08T02:42:01.467176+00:00
KXLOWTHOU,KXLOWTHOU-26OCT08-B68.5,Low Temperature Houston,KHOU,2026-10-08,between,68.0,69.0,The Weather Company,https://weather.com/kalshi,0.0,0.01,0.99,1.0,55.0,0.0,132.74,,2026-10-09T06:00:00Z,active,2026-10-08T02:42:01.467176+00:00
KXLOWTHOU,KXLOWTHOU-26OCT07-T73,Low Temperature Houston,KHOU,2026-10-07,greater,73.0,,The Weather Company,https://weather.com/kalshi,0.97,0.99,0.01,0.03,587.67,99.0,1056.53,,2026-10-08T06:00:00Z,active,2026-10-08T02:42:01.467176+00:00
KXLOWTHOU,KXLOWTHOU-26OCT07-T66,Low Temperature Houston,KHOU,2026-10-07,less,,66.0,The Weather Company,https://weather.com/kalshi,0.0,0.01,0.99,1.0,7.0,0.0,0.0,,2026-10-08T06:00:00Z,active,2026-10-08T02:42:01.467176+00:00
KXLOWTHOU,KXLOWTHOU-26OCT07-B72.5,Low Temperature Houston,KHOU,2026-10-07,between,72.0,73.0,The Weather Company,https://weather.com/kalshi,0.0,0.02,0.98,1.0,31.0,0.0,969.86,,2026-10-08T06:00:00Z,active,2026-10-08T02:42:01.467176+00:00
KXLOWTHOU,KXLOWTHOU-26OCT07-B70.5,Low Temperature Houston,KHOU,2026-10-07,between,70.0,71.0,The Weather Company,https://weather.com/kalshi,0.0,0.01,0.99,1.0,225.0,0.0,218.05,,2026-10-08T06:00:00Z,active,2026-10-08T02:42:01.467176+00:00
KXLOWTHOU,KXLOWTHOU-26OCT07-B68.5,Low Temperature Houston,KHOU,2026-10-07,between,68.0,69.0,The Weather Company,https://weather.com/kalshi,0.0,0.01,0.99,1.0,207.0,0.0,134.0,,2026-10-08T06:00:00Z,active,2026-10-08T02:42:01.467176+00:00
KXLOWTHOU,KXLOWTHOU-26OCT07-B66.5,Low Temperature Houston,KHOU,2026-10-07,between,66.0,67.0,The Weather Company,https://weather.com/kalshi,0.0,0.01,0.99,1.0,256.0,0.0,282.76,,2026-10-08T06:00:00Z,active,2026-10-08T02:42:01.467176+00:00
KXHIGHDEN,KXHIGHDEN-26OCT08-T88,Highest temperature in Denver,KDEN,2026-10-08,greater,88.0,,The Weather Company,https://weather.com/kalshi,0.01,0.02,0.98,0.99,238.0,201.51,518.84,,2026-10-09T07:00:00Z,active,2026-10-08T02:42:01.467176+00:00
KXHIGHDEN,KXHIGHDEN-26OCT08-T81,Highest temperature in Denver,KDEN,2026-10-08,less,,81.0,The Weather Company,https://weather.com/kalshi,0.01,0.03,0.97,0.99,349.26,248.39,856.34,,2026-10-09T07:00:00Z,active,2026-10-08T02:42:01.467176+00:00
KXHIGHDEN,KXHIGHDEN-26OCT08-B87.5,Highest temperature in Denver,KDEN,2026-10-08,between,87.0,88.0,The Weather Company,https://weather.com/kalshi,0.02,0.03,0.97,0.98,166.26,29.0,1345.12,,2026-10-09T07:00:00Z,active,2026-10-08T02:42:01.467176+00:00
KXHIGHDEN,KXHIGHDEN-26OCT08-B85.5,Highest temperature in Denver,KDEN,2026-10-08,between,85.0,86.0,The Weather Company,https://weather.com/kalshi,0.48,0.49,0.51,0.52,102.74,26.0,849.74,,2026-10-09T07:00:00Z,active,2026-10-08T02:42:01.467176+00:00
KXHIGHDEN,KXHIGHDEN-26OCT08-B83.5,Highest temperature in Denver,KDEN,2026-10-08,between,83.0,84.0,The Weather Company,https://weather.com/kalshi,0.48,0.49,0.51,0.52,46.0,31.01,1867.37,,2026-10-09T07:00:00Z,active,2026-10-08T02:42:01.467176+00:00
KXHIGHDEN,KXHIGHDEN-26OCT08-B81.5,Highest temperature in Denver,KDEN,2026-10-08,between,81.0,82.0,The Weather Company,https://weather.com/kalshi,0.01,0.02,0.98,0.99,1.0,769.68,773.78,,2026-10-09T07:00:00Z,active,2026-10-08T02:42:01.467176+00:00
KXHIGHDEN,KXHIGHDEN-26OCT07-T87,Highest temperature in Denver,KDEN,2026-10-07,greater,87.0,,The Weather Company,https://weather.com/kalshi,0.0,0.01,0.99,1.0,19607.24,0.0,612.24,,2026-10-08T07:00:00Z,active,2026-10-08T02:42:01.467176+00:00
KXHIGHDEN,KXHIGHDEN-26OCT07-T80,Highest temperature in Denver,KDEN,2026-10-07,less,,80.0,The Weather Company,https://weather.com/kalshi,0.0,0.01,0.99,1.0,59116.39,0.0,10983.18,,2026-10-08T07:00:00Z,active,2026-10-08T02:42:01.467176+00:00
KXHIGHDEN,KXHIGHDEN-26OCT07-B86.5,Highest temperature in Denver,KDEN,2026-10-07,between,86.0,87.0,The Weather Company,https://weather.com/kalshi,0.0,0.01,0.99,1.0,18913.64,0.0,3335.44,,2026-10-08T07:00:00Z,active,2026-10-08T02:42:01.467176+00:00
KXHIGHDEN,KXHIGHDEN-26OCT07-B84.5,Highest temperature in Denver,KDEN,2026-10-07,between,84.0,85.0,The Weather Company,https://weather.com/kalshi,0.0,0.01,0.99,1.0,9682.1,0.0,5843.79,,2026-10-08T07:00:00Z,active,2026-10-08T02:42:01.467176+00:00
KXHIGHDEN,KXHIGHDEN-26OCT07-B82.5,Highest temperature in Denver,KDEN,2026-10-07,between,82.0,83.0,The Weather Company,https://weather.com/kalshi,0.0,0.01,0.99,1.0,6253.81,0.0,14900.0,,2026-10-08T07:00:00Z,active,2026-10-08T02:42:01.467176+00:00
KXHIGHDEN,KXHIGHDEN-26OCT07-B80.5,Highest temperature in Denver,KDEN,2026-10-07,between,80.0,81.0,The Weather Company,https://weather.com/kalshi,0.99,1.0,0.0,0.01,0.0,7822.2,13995.21,,2026-10-08T07:00:00Z,active,2026-10-08T02:42:01.467176+00:00
KXLOWTCHI,KXLOWTCHI-26OCT08-T55,Lowest Temperature Chicago,KMDW,2026-10-08,greater,55.0,,The Weather Company,https://weather.com/kalshi,0.03,0.05,0.95,0.97,8.0,39.0,158.05,,2026-10-09T06:00:00Z,active,2026-10-08T02:42:01.467176+00:00
KXLOWTCHI,KXLOWTCHI-26OCT08-T48,Lowest Temperature Chicago,KMDW,2026-10-08,less,,48.0,The Weather Company,https://weather.com/kalshi,0.0,0.01,0.99,1.0,491.0,0.0,266.08,,2026-10-09T06:00:00Z,active,2026-10-08T02:42:01.467176+00:00
KXLOWTCHI,KXLOWTCHI-26OCT08-B54.5,Lowest Temperature Chicago,KMDW,2026-10-08,between,54.0,55.0,The Weather Company,https://weather.com/kalshi,0.26,0.42,0.58,0.74,7.0,25.0,141.0,,2026-10-09T06:00:00Z,active,2026-10-08T02:42:01.467176+00:00
KXLOWTCHI,KXLOWTCHI-26OCT08-B52.5,Lowest Temperature Chicago,KMDW,2026-10-08,between,52.0,53.0,The Weather Company,https://weather.com/kalshi,0.41,0.59,0.41,0.59,3.0,5.0,53.74,,2026-10-09T06:00:00Z,active,2026-10-08T02:42:01.467176+00:00
KXLOWTCHI,KXLOWTCHI-26OCT08-B50.5,Lowest Temperature Chicago,KMDW,2026-10-08,between,50.0,51.0,The Weather Company,https://weather.com/kalshi,0.05,0.2,0.8,0.95,125.0,19.0,30.0,,2026-10-09T06:00:00Z,active,2026-10-08T02:42:01.467176+00:00
KXLOWTCHI,KXLOWTCHI-26OCT08-B48.5,Lowest Temperature Chicago,KMDW,2026-10-08,between,48.0,49.0,The Weather Company,https://weather.com/kalshi,0.0,0.01,0.99,1.0,46.51,0.0,271.62,,2026-10-09T06:00:00Z,active,2026-10-08T02:42:01.467176+00:00
KXLOWTCHI,KXLOWTCHI-26OCT07-T58,Lowest Temperature Chicago,KMDW,2026-10-07,greater,58.0,,The Weather Company,https://weather.com/kalshi,0.0,0.01,0.99,1.0,40899.59,0.0,1049.99,,2026-10-08T06:00:00Z,active,2026-10-08T02:42:01.467176+00:00
KXLOWTCHI,KXLOWTCHI-26OCT07-T51,Lowest Temperature Chicago,KMDW,2026-10-07,less,,51.0,The Weather Company,https://weather.com/kalshi,0.0,0.01,0.99,1.0,1428.18,0.0,93.0,,2026-10-08T06:00:00Z,active,2026-10-08T02:42:01.467176+00:00
KXLOWTCHI,KXLOWTCHI-26OCT07-B57.5,Lowest Temperature Chicago,KMDW,2026-10-07,between,57.0,58.0,The Weather Company,https://weather.com/kalshi,0.98,0.99,0.01,0.02,1319.0,86.99,3963.19,,2026-10-08T06:00:00Z,active,2026-10-08T02:42:01.467176+00:00
KXLOWTCHI,KXLOWTCHI-26OCT07-B55.5,Lowest Temperature Chicago,KMDW,2026-10-07,between,55.0,56.0,The Weather Company,https://weather.com/kalshi,0.01,0.02,0.98,0.99,5.42,519.0,2005.63,,2026-10-08T06:00:00Z,active,2026-10-08T02:42:01.467176+00:00
KXLOWTCHI,KXLOWTCHI-26OCT07-B53.5,Lowest Temperature Chicago,KMDW,2026-10-07,between,53.0,54.0,The Weather Company,https://weather.com/kalshi,0.0,0.01,0.99,1.0,1034.0,0.0,449.3,,2026-10-08T06:00:00Z,active,2026-10-08T02:42:01.467176+00:00
KXLOWTCHI,KXLOWTCHI-26OCT07-B51.5,Lowest Temperature Chicago,KMDW,2026-10-07,between,51.0,52.0,The Weather Company,https://weather.com/kalshi,0.0,0.01,0.99,1.0,1276.0,0.0,523.6,,2026-10-08T06:00:00Z,active,2026-10-08T02:42:01.467176+00:00
KXHIGHTATL,KXHIGHTATL-26OCT08-T89,Atlanta Max Temperature,KATL,2026-10-08,greater,89.0,,The Weather Company,https://weather.com/kalshi,0.0,0.01,0.99,1.0,22.0,0.0,247.0,,2026-10-09T05:00:00Z,active,2026-10-08T02:42:01.467176+00:00
KXHIGHTATL,KXHIGHTATL-26OCT08-T82,Atlanta Max Temperature,KATL,2026-10-08,less,,82.0,The Weather Company,https://weather.com/kalshi,0.02,0.03,0.97,0.98,281.98,1.0,1155.38,,2026-10-09T05:00:00Z,active,2026-10-08T02:42:01.467176+00:00
KXHIGHTATL,KXHIGHTATL-26OCT08-B88.5,Atlanta Max Temperature,KATL,2026-10-08,between,88.0,89.0,The Weather Company,https://weather.com/kalshi,0.02,0.04,0.96,0.98,41.0,96.66,715.92,,2026-10-09T05:00:00Z,active,2026-10-08T02:42:01.467176+00:00
KXHIGHTATL,KXHIGHTATL-26OCT08-B86.5,Atlanta Max Temperature,KATL,2026-10-08,between,86.0,87.0,The Weather Company,https://weather.com/kalshi,0.33,0.34,0.66,0.67,84.0,20.0,1956.3,,2026-10-09T05:00:00Z,active,2026-10-08T02:42:01.467176+00:00
KXHIGHTATL,KXHIGHTATL-26OCT08-B84.5,Atlanta Max Temperature,KATL,2026-10-08,between,84.0,85.0,The Weather Company,https://weather.com/kalshi,0.49,0.51,0.49,0.51,6.0,46.17,1710.92,,2026-10-09T05:00:00Z,active,2026-10-08T02:42:01.467176+00:00
KXHIGHTATL,KXHIGHTATL-26OCT08-B82.5,Atlanta Max Temperature,KATL,2026-10-08,between,82.0,83.0,The Weather Company,https://weather.com/kalshi,0.12,0.13,0.87,0.88,125.54,254.87,1259.3,,2026-10-09T05:00:00Z,active,2026-10-08T02:42:01.467176+00:00
KXHIGHTATL,KXHIGHTATL-26OCT07-T84,Atlanta Max Temperature,KATL,2026-10-07,greater,84.0,,The Weather Company,https://weather.com/kalshi,0.0,0.01,0.99,1.0,24240.5,0.0,956.28,,2026-10-08T05:00:00Z,active,2026-10-08T02:42:01.467176+00:00
KXHIGHTATL,KXHIGHTATL-26OCT07-T77,Atlanta Max Temperature,KATL,2026-10-07,less,,77.0,The Weather Company,https://weather.com/kalshi,0.0,0.01,0.99,1.0,149883.72,0.0,748.17,,2026-10-08T05:00:00Z,active,2026-10-08T02:42:01.467176+00:00
KXHIGHTATL,KXHIGHTATL-26OCT07-B83.5,Atlanta Max Temperature,KATL,2026-10-07,between,83.0,84.0,The Weather Company,https://weather.com/kalshi,0.0,0.01,0.99,1.0,15600.13,0.0,2300.17,,2026-10-08T05:00:00Z,active,2026-10-08T02:42:01.467176+00:00
KXHIGHTATL,KXHIGHTATL-26OCT07-B81.5,Atlanta Max Temperature,KATL,2026-10-07,between,81.0,82.0,The Weather Company,https://weather.com/kalshi,0.0,0.01,0.99,1.0,18916.24,0.0,7237.36,,2026-10-08T05:00:00Z,active,2026-10-08T02:42:01.467176+00:00
KXHIGHTATL,KXHIGHTATL-26OCT07-B79.5,Atlanta Max Temperature,KATL,2026-10-07,between,79.0,80.0,The Weather Company,https://weather.com/kalshi,0.99,1.0,0.0,0.01,0.0,24087.03,10068.34,,2026-10-08T05:00:00Z,active,2026-10-08T02:42:01.467176+00:00
KXHIGHTATL,KXHIGHTATL-26OCT07-B77.5,Atlanta Max Temperature,KATL,2026-10-07,between,77.0,78.0,The Weather Company,https://weather.com/kalshi,0.0,0.01,0.99,1.0,155504.96,0.0,3975.51,,2026-10-08T05:00:00Z,active,2026-10-08T02:42:01.467176+00:00
KXLOWTPHX,KXLOWTPHX-26OCT08-T80,Low Temperature Phoenix,KPHX,2026-10-08,greater,80.0,,The Weather Company,https://weather.com/kalshi,0.22,0.26,0.74,0.78,9.0,1.0,117.0,,2026-10-09T07:00:00Z,active,2026-10-08T02:42:01.467176+00:00
KXLOWTPHX,KXLOWTPHX-26OCT08-T73,Low Temperature Phoenix,KPHX,2026-10-08,less,,73.0,The Weather Company,https://weather.com/kalshi,0.0,0.01,0.99,1.0,6.0,0.0,0.0,,2026-10-09T07:00:00Z,active,2026-10-08T02:42:01.467176+00:00
KXLOWTPHX,KXLOWTPHX-26OCT08-B79.5,Low Temperature Phoenix,KPHX,2026-10-08,between,79.0,80.0,The Weather Company,https://weather.com/kalshi,0.48,0.49,0.51,0.52,91.0,1.0,98.0,,2026-10-09T07:00:00Z,active,2026-10-08T02:42:01.467176+00:00
KXLOWTPHX,KXLOWTPHX-26OCT08-B77.5,Low Temperature Phoenix,KPHX,2026-10-08,between,77.0,78.0,The Weather Company,https://weather.com/kalshi,0.23,0.29,0.71,0.77,18.0,8.0,50.0,,2026-10-09T07:00:00Z,active,2026-10-08T02:42:01.467176+00:00
KXLOWTPHX,KXLOWTPHX-26OCT08-B75.5,Low Temperature Phoenix,KPHX,2026-10-08,between,75.0,76.0,The Weather Company,https://weather.com/kalshi,0.02,0.05,0.95,0.98,1.0,69.0,10.0,,2026-10-09T07:00:00Z,active,2026-10-08T02:42:01.467176+00:00
KXLOWTPHX,KXLOWTPHX-26OCT08-B73.5,Low Temperature Phoenix,KPHX,2026-10-08,between,73.0,74.0,The Weather Company,https://weather.com/kalshi,0.0,0.02,0.98,1.0,25.0,0.0,219.0,,2026-10-09T07:00:00Z,active,2026-10-08T02:42:01.467176+00:00
KXLOWTPHX,KXLOWTPHX-26OCT07-T80,Low Temperature Phoenix,KPHX,2026-10-07,greater,80.0,,The Weather Company,https://weather.com/kalshi,0.0,0.01,0.99,1.0,31873.9,0.0,557.7,,2026-10-08T07:00:00Z,active,2026-10-08T02:42:01.467176+00:00
KXLOWTPHX,KXLOWTPHX-26OCT07-T73,Low Temperature Phoenix,KPHX,2026-10-07,less,,73.0,The Weather Company,https://weather.com/kalshi,0.0,0.01,0.99,1.0,148.0,0.0,55.93,,2026-10-08T07:00:00Z,active,2026-10-08T02:42:01.467176+00:00
KXLOWTPHX,KXLOWTPHX-26OCT07-B79.5,Low Temperature Phoenix,KPHX,2026-10-07,between,79.0,80.0,The Weather Company,https://weather.com/kalshi,0.98,1.0,0.0,0.02,0.0,295.78,1398.98,,2026-10-08T07:00:00Z,active,2026-10-08T02:42:01.467176+00:00
KXLOWTPHX,KXLOWTPHX-26OCT07-B77.5,Low Temperature Phoenix,KPHX,2026-10-07,between,77.0,78.0,The Weather Company,https://weather.com/kalshi,0.0,0.02,0.98,1.0,325.0,0.0,702.8,,2026-10-08T07:00:00Z,active,2026-10-08T02:42:01.467176+00:00
KXLOWTPHX,KXLOWTPHX-26OCT07-B75.5,Low Temperature Phoenix,KPHX,2026-10-07,between,75.0,76.0,The Weather Company,https://weather.com/kalshi,0.0,0.01,0.99,1.0,41.0,0.0,704.28,,2026-10-08T07:00:00Z,active,2026-10-08T02:42:01.467176+00:00
KXLOWTPHX,KXLOWTPHX-26OCT07-B73.5,Low Temperature Phoenix,KPHX,2026-10-07,between,73.0,74.0,The Weather Company,https://weather.com/kalshi,0.0,0.01,0.99,1.0,506.0,0.0,881.53,,2026-10-08T07:00:00Z,active,2026-10-08T02:42:01.467176+00:00
KXHIGHTSEA,KXHIGHTSEA-26OCT08-T75,Seattle Maximum Temperature Daily,KSEA,2026-10-08,greater,75.0,,The Weather Company,https://weather.com/kalshi,0.0,0.02,0.98,1.0,69.0,0.0,336.19,,2026-10-09T08:00:00Z,active,2026-10-08T02:42:01.467176+00:00
KXHIGHTSEA,KXHIGHTSEA-26OCT08-T68,Seattle Maximum Temperature Daily,KSEA,2026-10-08,less,,68.0,The Weather Company,https://weather.com/kalshi,0.2,0.24,0.76,0.8,8.0,10.0,582.82,,2026-10-09T08:00:00Z,active,2026-10-08T02:42:01.467176+00:00
KXHIGHTSEA,KXHIGHTSEA-26OCT08-B74.5,Seattle Maximum Temperature Daily,KSEA,2026-10-08,between,74.0,75.0,The Weather Company,https://weather.com/kalshi,0.01,0.02,0.98,0.99,83.0,266.92,228.08,,2026-10-09T08:00:00Z,active,2026-10-08T02:42:01.467176+00:00
KXHIGHTSEA,KXHIGHTSEA-26OCT08-B72.5,Seattle Maximum Temperature Daily,KSEA,2026-10-08,between,72.0,73.0,The Weather Company,https://weather.com/kalshi,0.05,0.06,0.94,0.95,29.0,18.0,96.46,,2026-10-09T08:00:00Z,active,2026-10-08T02:42:01.467176+00:00
KXHIGHTSEA,KXHIGHTSEA-26OCT08-B70.5,Seattle Maximum Temperature Daily,KSEA,2026-10-08,between,70.0,71.0,The Weather Company,https://weather.com/kalshi,0.28,0.33,0.67,0.72,21.0,30.92,665.56,,2026-10-09T08:00:00Z,active,2026-10-08T02:42:01.467176+00:00
KXHIGHTSEA,KXHIGHTSEA-26OCT08-B68.5,Seattle Maximum Temperature Daily,KSEA,2026-10-08,between,68.0,69.0,The Weather Company,https://weather.com/kalshi,0.41,0.43,0.57,0.59,31.0,38.0,624.79,,2026-10-09T08:00:00Z,active,2026-10-08T02:42:01.467176+00:00
KXHIGHTSEA,KXHIGHTSEA-26OCT07-T72,Seattle Maximum Temperature Daily,KSEA,2026-10-07,greater,72.0,,The Weather Company,https://weather.com/kalshi,0.0,0.01,0.99,1.0,15958.52,0.0,366.0,,2026-10-08T08:00:00Z,active,2026-10-08T02:42:01.467176+00:00
KXHIGHTSEA,KXHIGHTSEA-26OCT07-T65,Seattle Maximum Temperature Daily,KSEA,2026-10-07,less,,65.0,The Weather Company,https://weather.com/kalshi,0.0,0.01,0.99,1.0,58235.28,0.0,8314.8,,2026-10-08T08:00:00Z,active,2026-10-08T02:42:01.467176+00:00
KXHIGHTSEA,KXHIGHTSEA-26OCT07-B71.5,Seattle Maximum Temperature Daily,KSEA,2026-10-07,between,71.0,72.0,The Weather Company,https://weather.com/kalshi,0.0,0.01,0.99,1.0,12537.54,0.0,586.51,,2026-10-08T08:00:00Z,active,2026-10-08T02:42:01.467176+00:00
KXHIGHTSEA,KXHIGHTSEA-26OCT07-B69.5,Seattle Maximum Temperature Daily,KSEA,2026-10-07,between,69.0,70.0,The Weather Company,https://weather.com/kalshi,0.0,0.01,0.99,1.0,2202.7,0.0,4221.32,,2026-10-08T08:00:00Z,active,2026-10-08T02:42:01.467176+00:00
KXHIGHTSEA,KXHIGHTSEA-26OCT07-B67.5,Seattle Maximum Temperature Daily,KSEA,2026-10-07,between,67.0,68.0,The Weather Company,https://weather.com/kalshi,0.99,1.0,0.0,0.01,0.0,2438.12,12208.26,,2026-10-08T08:00:00Z,active,2026-10-08T02:42:01.467176+00:00
KXHIGHTSEA,KXHIGHTSEA-26OCT07-B65.5,Seattle Maximum Temperature Daily,KSEA,2026-10-07,between,65.0,66.0,The Weather Company,https://weather.com/kalshi,0.0,0.01,0.99,1.0,117135.18,0.0,11215.13,,2026-10-08T08:00:00Z,active,2026-10-08T02:42:01.467176+00:00
KXLOWTNOLA,KXLOWTNOLA-26OCT08-T74,NOLA Low Temperature,KMSY,2026-10-08,greater,74.0,,The Weather Company,https://weather.com/kalshi,0.15,0.24,0.76,0.85,10.34,18.0,277.19,,2026-10-09T06:00:00Z,active,2026-10-08T02:42:01.467176+00:00
KXLOWTNOLA,KXLOWTNOLA-26OCT08-T67,NOLA Low Temperature,KMSY,2026-10-08,less,,67.0,The Weather Company,https://weather.com/kalshi,0.0,0.03,0.97,1.0,25.0,0.0,0.0,,2026-10-09T06:00:00Z,active,2026-10-08T02:42:01.467176+00:00
KXLOWTNOLA,KXLOWTNOLA-26OCT08-B73.5,NOLA Low Temperature,KMSY,2026-10-08,between,73.0,74.0,The Weather Company,https://weather.com/kalshi,0.37,0.46,0.54,0.63,52.0,10.0,70.0,,2026-10-09T06:00:00Z,active,2026-10-08T02:42:01.467176+00:00
KXLOWTNOLA,KXLOWTNOLA-26OCT08-B71.5,NOLA Low Temperature,KMSY,2026-10-08,between,71.0,72.0,The Weather Company,https://weather.com/kalshi,0.22,0.34,0.66,0.78,5.0,4.0,178.0,,2026-10-09T06:00:00Z,active,2026-10-08T02:42:01.467176+00:00
KXLOWTNOLA,KXLOWTNOLA-26OCT08-B69.5,NOLA Low Temperature,KMSY,2026-10-08,between,69.0,70.0,The Weather Company,https://weather.com/kalshi,0.03,0.06,0.94,0.97,6.0,29.0,11.29,,2026-10-09T06:00:00Z,active,2026-10-08T02:42:01.467176+00:00
KXLOWTNOLA,KXLOWTNOLA-26OCT08-B67.5,NOLA Low Temperature,KMSY,2026-10-08,between,67.0,68.0,The Weather Company,https://weather.com/kalshi,0.0,0.02,0.98,1.0,18.0,0.0,179.37,,2026-10-09T06:00:00Z,active,2026-10-08T02:42:01.467176+00:00
KXLOWTNOLA,KXLOWTNOLA-26OCT07-T74,NOLA Low Temperature,KMSY,2026-10-07,greater,74.0,,The Weather Company,https://weather.com/kalshi,0.88,0.96,0.04,0.12,10.0,37.0,1093.49,,2026-10-08T06:00:00Z,active,2026-10-08T02:42:01.467176+00:00
KXLOWTNOLA,KXLOWTNOLA-26OCT07-T67,NOLA Low Temperature,KMSY,2026-10-07,less,,67.0,The Weather Company,https://weather.com/kalshi,0.0,0.01,0.99,1.0,256.0,0.0,48.0,,2026-10-08T06:00:00Z,active,2026-10-08T02:42:01.467176+00:00
KXLOWTNOLA,KXLOWTNOLA-26OCT07-B73.5,NOLA Low Temperature,KMSY,2026-10-07,between,73.0,74.0,The Weather Company,https://weather.com/kalshi,0.04,0.11,0.89,0.96,31.0,3.0,480.65,,2026-10-08T06:00:00Z,active,2026-10-08T02:42:01.467176+00:00
KXLOWTNOLA,KXLOWTNOLA-26OCT07-B71.5,NOLA Low Temperature,KMSY,2026-10-07,between,71.0,72.0,The Weather Company,https://weather.com/kalshi,0.0,0.04,0.96,1.0,2.0,0.0,315.56,,2026-10-08T06:00:00Z,active,2026-10-08T02:42:01.467176+00:00
KXLOWTNOLA,KXLOWTNOLA-26OCT07-B69.5,NOLA Low Temperature,KMSY,2026-10-07,between,69.0,70.0,The Weather Company,https://weather.com/kalshi,0.0,0.05,0.95,1.0,3.0,0.0,308.61,,2026-10-08T06:00:00Z,active,2026-10-08T02:42:01.467176+00:00
KXLOWTNOLA,KXLOWTNOLA-26OCT07-B67.5,NOLA Low Temperature,KMSY,2026-10-07,between,67.0,68.0,The Weather Company,https://weather.com/kalshi,0.0,0.01,0.99,1.0,106.0,0.0,273.36,,2026-10-08T06:00:00Z,active,2026-10-08T02:42:01.467176+00:00
KXHIGHTEWR,KXHIGHTEWR-26OCT08-T80,"Newark, NJ (EWR) Daily Max Temp",KEWR,2026-10-08,greater,80.0,,The Weather Company,https://weather.com/kalshi,0.0,0.02,0.98,1.0,58.0,0.0,617.3,,2026-10-09T05:00:00Z,active,2026-10-08T02:42:01.467176+00:00
KXHIGHTEWR,KXHIGHTEWR-26OCT08-T73,"Newark, NJ (EWR) Daily Max Temp",KEWR,2026-10-08,less,,73.0,The Weather Company,https://weather.com/kalshi,0.01,0.02,0.98,0.99,99.0,10.56,194.44,,2026-10-09T05:00:00Z,active,2026-10-08T02:42:01.467176+00:00
KXHIGHTEWR,KXHIGHTEWR-26OCT08-B79.5,"Newark, NJ (EWR) Daily Max Temp",KEWR,2026-10-08,between,79.0,80.0,The Weather Company,https://weather.com/kalshi,0.35,0.42,0.58,0.65,13.0,2.0,226.0,,2026-10-09T05:00:00Z,active,2026-10-08T02:42:01.467176+00:00
KXHIGHTEWR,KXHIGHTEWR-26OCT08-B77.5,"Newark, NJ (EWR) Daily Max Temp",KEWR,2026-10-08,between,77.0,78.0,The Weather Company,https://weather.com/kalshi,0.42,0.43,0.57,0.58,15.0,1.0,188.0,,2026-10-09T05:00:00Z,active,2026-10-08T02:42:01.467176+00:00
KXHIGHTEWR,KXHIGHTEWR-26OCT08-B75.5,"Newark, NJ (EWR) Daily Max Temp",KEWR,2026-10-08,between,75.0,76.0,The Weather Company,https://weather.com/kalshi,0.19,0.27,0.73,0.81,185.0,10.0,53.64,,2026-10-09T05:00:00Z,active,2026-10-08T02:42:01.467176+00:00
KXHIGHTEWR,KXHIGHTEWR-26OCT08-B73.5,"Newark, NJ (EWR) Daily Max Temp",KEWR,2026-10-08,between,73.0,74.0,The Weather Company,https://weather.com/kalshi,0.02,0.04,0.96,0.98,14.0,48.0,12.0,,2026-10-09T05:00:00Z,active,2026-10-08T02:42:01.467176+00:00
KXHIGHTEWR,KXHIGHTEWR-26OCT07-T74,"Newark, NJ (EWR) Daily Max Temp",KEWR,2026-10-07,greater,74.0,,The Weather Company,https://weather.com/kalshi,0.0,0.01,0.99,1.0,8385.72,0.0,60.0,,2026-10-08T05:00:00Z,active,2026-10-08T02:42:01.467176+00:00
KXHIGHTEWR,KXHIGHTEWR-26OCT07-T67,"Newark, NJ (EWR) Daily Max Temp",KEWR,2026-10-07,less,,67.0,The Weather Company,https://weather.com/kalshi,0.0,0.01,0.99,1.0,9834.0,0.0,306.51,,2026-10-08T05:00:00Z,active,2026-10-08T02:42:01.467176+00:00
KXHIGHTEWR,KXHIGHTEWR-26OCT07-B73.5,"Newark, NJ (EWR) Daily Max Temp",KEWR,2026-10-07,between,73.0,74.0,The Weather Company,https://weather.com/kalshi,0.0,0.01,0.99,1.0,9800.0,0.0,214.55,,2026-10-08T05:00:00Z,active,2026-10-08T02:42:01.467176+00:00
KXHIGHTEWR,KXHIGHTEWR-26OCT07-B71.5,"Newark, NJ (EWR) Daily Max Temp",KEWR,2026-10-07,between,71.0,72.0,The Weather Company,https://weather.com/kalshi,0.0,0.01,0.99,1.0,1345.0,0.0,706.89,,2026-10-08T05:00:00Z,active,2026-10-08T02:42:01.467176+00:00
KXHIGHTEWR,KXHIGHTEWR-26OCT07-B69.5,"Newark, NJ (EWR) Daily Max Temp",KEWR,2026-10-07,between,69.0,70.0,The Weather Company,https://weather.com/kalshi,0.0,0.01,0.99,1.0,2094.0,0.0,789.78,,2026-10-08T05:00:00Z,active,2026-10-08T02:42:01.467176+00:00
KXHIGHTEWR,KXHIGHTEWR-26OCT07-B67.5,"Newark, NJ (EWR) Daily Max Temp",KEWR,2026-10-07,between,67.0,68.0,The Weather Company,https://weather.com/kalshi,0.99,1.0,0.0,0.01,0.0,2779.97,1389.94,,2026-10-08T05:00:00Z,active,2026-10-08T02:42:01.467176+00:00
KXLOWTDC,KXLOWTDC-26OCT08-T57,Lowest Temperature DC ,KDCA,2026-10-08,greater,57.0,,The Weather Company,https://weather.com/kalshi,0.33,0.4,0.6,0.67,9.0,1.0,141.0,,2026-10-09T05:00:00Z,active,2026-10-08T02:42:01.467176+00:00
KXLOWTDC,KXLOWTDC-26OCT08-T50,Lowest Temperature DC ,KDCA,2026-10-08,less,,50.0,The Weather Company,https://weather.com/kalshi,0.01,0.02,0.98,0.99,1.0,10.0,14.0,,2026-10-09T05:00:00Z,active,2026-10-08T02:42:01.467176+00:00
KXLOWTDC,KXLOWTDC-26OCT08-B56.5,Lowest Temperature DC ,KDCA,2026-10-08,between,56.0,57.0,The Weather Company,https://weather.com/kalshi,0.34,0.41,0.59,0.66,5.0,5.0,43.0,,2026-10-09T05:00:00Z,active,2026-10-08T02:42:01.467176+00:00
KXLOWTDC,KXLOWTDC-26OCT08-B54.5,Lowest Temperature DC ,KDCA,2026-10-08,between,54.0,55.0,The Weather Company,https://weather.com/kalshi,0.3,0.36,0.64,0.7,5.0,10.0,62.0,,2026-10-09T05:00:00Z,active,2026-10-08T02:42:01.467176+00:00
KXLOWTDC,KXLOWTDC-26OCT08-B52.5,Lowest Temperature DC ,KDCA,2026-10-08,between,52.0,53.0,The Weather Company,https://weather.com/kalshi,0.02,0.07,0.93,0.98,5.0,54.0,0.0,,2026-10-09T05:00:00Z,active,2026-10-08T02:42:01.467176+00:00
KXLOWTDC,KXLOWTDC-26OCT08-B50.5,Lowest Temperature DC ,KDCA,2026-10-08,between,50.0,51.0,The Weather Company,https://weather.com/kalshi,0.0,0.02,0.98,1.0,4.0,0.0,184.74,,2026-10-09T05:00:00Z,active,2026-10-08T02:42:01.467176+00:00
KXLOWTDC,KXLOWTDC-26OCT07-T47,Lowest Temperature DC ,KDCA,2026-10-07,greater,47.0,,The Weather Company,https://weather.com/kalshi,0.99,1.0,0.0,0.01,0.0,7231.49,1225.51,,2026-10-08T05:00:00Z,active,2026-10-08T02:42:01.467176+00:00
KXLOWTDC,KXLOWTDC-26OCT07-T40,Lowest Temperature DC ,KDCA,2026-10-07,less,,40.0,The Weather Company,https://weather.com/kalshi,0.0,0.01,0.99,1.0,5.0,0.0,24.0,,2026-10-08T05:00:00Z,active,2026-10-08T02:42:01.467176+00:00
KXLOWTDC,KXLOWTDC-26OCT07-B46.5,Lowest Temperature DC ,KDCA,2026-10-07,between,46.0,47.0,The Weather Company,https://weather.com/kalshi,0.0,0.01,0.99,1.0,731.0,0.0,438.68,,2026-10-08T05:00:00Z,active,2026-10-08T02:42:01.467176+00:00
KXLOWTDC,KXLOWTDC-26OCT07-B44.5,Lowest Temperature DC ,KDCA,2026-10-07,between,44.0,45.0,The Weather Company,https://weather.com/kalshi,0.0,0.01,0.99,1.0,1312.0,0.0,586.0,,2026-10-08T05:00:00Z,active,2026-10-08T02:42:01.467176+00:00
KXLOWTDC,KXLOWTDC-26OCT07-B42.5,Lowest Temperature DC ,KDCA,2026-10-07,between,42.0,43.0,The Weather Company,https://weather.com/kalshi,0.0,0.01,0.99,1.0,47.0,0.0,223.0,,2026-10-08T05:00:00Z,active,2026-10-08T02:42:01.467176+00:00
KXLOWTDC,KXLOWTDC-26OCT07-B40.5,Lowest Temperature DC ,KDCA,2026-10-07,between,40.0,41.0,The Weather Company,https://weather.com/kalshi,0.0,0.01,0.99,1.0,47.0,0.0,233.74,,2026-10-08T05:00:00Z,active,2026-10-08T02:42:01.467176+00:00
KXLOWTDAL,KXLOWTDAL-26OCT08-T65,Lowest temperature Dallas,KDFW,2026-10-08,greater,65.0,,The Weather Company,https://weather.com/kalshi,0.16,0.48,0.52,0.84,1.0,9.0,149.64,,2026-10-09T06:00:00Z,active,2026-10-08T02:42:01.467176+00:00
KXLOWTDAL,KXLOWTDAL-26OCT08-T58,Lowest temperature Dallas,KDFW,2026-10-08,less,,58.0,The Weather Company,https://weather.com/kalshi,0.0,0.01,0.99,1.0,25.0,0.0,14.0,,2026-10-09T06:00:00Z,active,2026-10-08T02:42:01.467176+00:00
KXLOWTDAL,KXLOWTDAL-26OCT08-B64.5,Lowest temperature Dallas,KDFW,2026-10-08,between,64.0,65.0,The Weather Company,https://weather.com/kalshi,0.25,0.43,0.57,0.75,3.0,10.0,236.52,,2026-10-09T06:00:00Z,active,2026-10-08T02:42:01.467176+00:00
KXLOWTDAL,KXLOWTDAL-26OCT08-B62.5,Lowest temperature Dallas,KDFW,2026-10-08,between,62.0,63.0,The Weather Company,https://weather.com/kalshi,0.22,0.54,0.46,0.78,8.0,1.0,229.55,,2026-10-09T06:00:00Z,active,2026-10-08T02:42:01.467176+00:00
KXLOWTDAL,KXLOWTDAL-26OCT08-B60.5,Lowest temperature Dallas,KDFW,2026-10-08,between,60.0,61.0,The Weather Company,https://weather.com/kalshi,0.08,0.18,0.82,0.92,19.0,104.0,151.18,,2026-10-09T06:00:00Z,active,2026-10-08T02:42:01.467176+00:00
KXLOWTDAL,KXLOWTDAL-26OCT08-B58.5,Lowest temperature Dallas,KDFW,2026-10-08,between,58.0,59.0,The Weather Company,https://weather.com/kalshi,0.01,0.02,0.98,0.99,91.0,38.92,321.45,,2026-10-09T06:00:00Z,active,2026-10-08T02:42:01.467176+00:00
KXLOWTDAL,KXLOWTDAL-26OCT07-T63,Lowest temperature Dallas,KDFW,2026-10-07,greater,63.0,,The Weather Company,https://weather.com/kalshi,0.0,0.01,0.99,1.0,18044.12,0.0,1838.51,,2026-10-08T06:00:00Z,active,2026-10-08T02:42:01.467176+00:00
KXLOWTDAL,KXLOWTDAL-26OCT07-T56,Lowest temperature Dallas,KDFW,2026-10-07,less,,56.0,The Weather Company,https://weather.com/kalshi,0.0,0.01,0.99,1.0,388.0,0.0,91.32,,2026-10-08T06:00:00Z,active,2026-10-08T02:42:01.467176+00:00
KXLOWTDAL,KXLOWTDAL-26OCT07-B62.5,Lowest temperature Dallas,KDFW,2026-10-07,between,62.0,63.0,The Weather Company,https://weather.com/kalshi,0.98,1.0,0.0,0.02,0.0,310.0,1932.13,,2026-10-08T06:00:00Z,active,2026-10-08T02:42:01.467176+00:00
KXLOWTDAL,KXLOWTDAL-26OCT07-B60.5,Lowest temperature Dallas,KDFW,2026-10-07,between,60.0,61.0,The Weather Company,https://weather.com/kalshi,0.0,0.02,0.98,1.0,182.61,0.0,765.73,,2026-10-08T06:00:00Z,active,2026-10-08T02:42:01.467176+00:00
KXLOWTDAL,KXLOWTDAL-26OCT07-B58.5,Lowest temperature Dallas,KDFW,2026-10-07,between,58.0,59.0,The Weather Company,https://weather.com/kalshi,0.0,0.01,0.99,1.0,207.0,0.0,294.85,,2026-10-08T06:00:00Z,active,2026-10-08T02:42:01.467176+00:00
KXLOWTDAL,KXLOWTDAL-26OCT07-B56.5,Lowest temperature Dallas,KDFW,2026-10-07,between,56.0,57.0,The Weather Company,https://weather.com/kalshi,0.0,0.01,0.99,1.0,506.0,0.0,363.35,,2026-10-08T06:00:00Z,active,2026-10-08T02:42:01.467176+00:00
KXHIGHPHIL,KXHIGHPHIL-26OCT08-T80,Highest temperature in Philadelphia,KPHL,2026-10-08,greater,80.0,,The Weather Company,https://weather.com/kalshi,0.27,0.28,0.72,0.73,16.0,114.0,3739.61,,2026-10-09T05:00:00Z,active,2026-10-08T02:42:01.467176+00:00
KXHIGHPHIL,KXHIGHPHIL-26OCT08-T73,Highest temperature in Philadelphia,KPHL,2026-10-08,less,,73.0,The Weather Company,https://weather.com/kalshi,0.0,0.01,0.99,1.0,13.0,0.0,219.57,,2026-10-09T05:00:00Z,active,2026-10-08T02:42:01.467176+00:00
KXHIGHPHIL,KXHIGHPHIL-26OCT08-B79.5,Highest temperature in Philadelphia,KPHL,2026-10-08,between,79.0,80.0,The Weather Company,https://weather.com/kalshi,0.5,0.51,0.49,0.5,346.08,91.08,1559.8,,2026-10-09T05:00:00Z,active,2026-10-08T02:42:01.467176+00:00
KXHIGHPHIL,KXHIGHPHIL-26OCT08-B77.5,Highest temperature in Philadelphia,KPHL,2026-10-08,between,77.0,78.0,The Weather Company,https://weather.com/kalshi,0.16,0.17,0.83,0.84,2.0,93.0,3319.85,,2026-10-09T05:00:00Z,active,2026-10-08T02:42:01.467176+00:00
KXHIGHPHIL,KXHIGHPHIL-26OCT08-B75.5,Highest temperature in Philadelphia,KPHL,2026-10-08,between,75.0,76.0,The Weather Company,https://weather.com/kalshi,0.08,0.09,0.91,0.92,463.08,0.41,1444.15,,2026-10-09T05:00:00Z,active,2026-10-08T02:42:01.467176+00:00
KXHIGHPHIL,KXHIGHPHIL-26OCT08-B73.5,Highest temperature in Philadelphia,KPHL,2026-10-08,between,73.0,74.0,The Weather Company,https://weather.com/kalshi,0.0,0.01,0.99,1.0,29.0,0.0,366.5,,2026-10-09T05:00:00Z,active,2026-10-08T02:42:01.467176+00:00
KXHIGHPHIL,KXHIGHPHIL-26OCT07-T74,Highest temperature in Philadelphia,KPHL,2026-10-07,greater,74.0,,The Weather Company,https://weather.com/kalshi,0.0,0.01,0.99,1.0,5744.25,0.0,3749.63,,2026-10-08T05:00:00Z,active,2026-10-08T02:42:01.467176+00:00
KXHIGHPHIL,KXHIGHPHIL-26OCT07-T67,Highest temperature in Philadelphia,KPHL,2026-10-07,less,,67.0,The Weather Company,https://weather.com/kalshi,0.0,0.01,0.99,1.0,71178.87,0.0,407.65,,2026-10-08T05:00:00Z,active,2026-10-08T02:42:01.467176+00:00
KXHIGHPHIL,KXHIGHPHIL-26OCT07-B73.5,Highest temperature in Philadelphia,KPHL,2026-10-07,between,73.0,74.0,The Weather Company,https://weather.com/kalshi,0.0,0.01,0.99,1.0,5549.05,0.0,7270.08,,2026-10-08T05:00:00Z,active,2026-10-08T02:42:01.467176+00:00
KXHIGHPHIL,KXHIGHPHIL-26OCT07-B71.5,Highest temperature in Philadelphia,KPHL,2026-10-07,between,71.0,72.0,The Weather Company,https://weather.com/kalshi,0.99,1.0,0.0,0.01,0.0,8204.64,10997.09,,2026-10-08T05:00:00Z,active,2026-10-08T02:42:01.467176+00:00
KXHIGHPHIL,KXHIGHPHIL-26OCT07-B69.5,Highest temperature in Philadelphia,KPHL,2026-10-07,between,69.0,70.0,The Weather Company,https://weather.com/kalshi,0.0,0.01,0.99,1.0,43979.88,0.0,10740.24,,2026-10-08T05:00:00Z,active,2026-10-08T02:42:01.467176+00:00
KXHIGHPHIL,KXHIGHPHIL-26OCT07-B67.5,Highest temperature in Philadelphia,KPHL,2026-10-07,between,67.0,68.0,The Weather Company,https://weather.com/kalshi,0.0,0.01,0.99,1.0,70903.47,0.0,2220.97,,2026-10-08T05:00:00Z,active,2026-10-08T02:42:01.467176+00:00
KXHIGHTDC,KXHIGHTDC-26OCT08-T83,Washington DC Daily Max Temp,KDCA,2026-10-08,greater,83.0,,The Weather Company,https://weather.com/kalshi,0.02,0.03,0.97,0.98,397.4,72.82,262.27,,2026-10-09T05:00:00Z,active,2026-10-08T02:42:01.467176+00:00
KXHIGHTDC,KXHIGHTDC-26OCT08-T76,Washington DC Daily Max Temp,KDCA,2026-10-08,less,,76.0,The Weather Company,https://weather.com/kalshi,0.0,0.02,0.98,1.0,57.0,0.0,382.05,,2026-10-09T05:00:00Z,active,2026-10-08T02:42:01.467176+00:00
KXHIGHTDC,KXHIGHTDC-26OCT08-B82.5,Washington DC Daily Max Temp,KDCA,2026-10-08,between,82.0,83.0,The Weather Company,https://weather.com/kalshi,0.33,0.36,0.64,0.67,21.86,1.0,1733.53,,2026-10-09T05:00:00Z,active,2026-10-08T02:42:01.467176+00:00
KXHIGHTDC,KXHIGHTDC-26OCT08-B80.5,Washington DC Daily Max Temp,KDCA,2026-10-08,between,80.0,81.0,The Weather Company,https://weather.com/kalshi,0.44,0.47,0.53,0.56,10.0,70.0,895.45,,2026-10-09T05:00:00Z,active,2026-10-08T02:42:01.467176+00:00
KXHIGHTDC,KXHIGHTDC-26OCT08-B78.5,Washington DC Daily Max Temp,KDCA,2026-10-08,between,78.0,79.0,The Weather Company,https://weather.com/kalshi,0.11,0.17,0.83,0.89,42.0,1.0,843.67,,2026-10-09T05:00:00Z,active,2026-10-08T02:42:01.467176+00:00
KXHIGHTDC,KXHIGHTDC-26OCT08-B76.5,Washington DC Daily Max Temp,KDCA,2026-10-08,between,76.0,77.0,The Weather Company,https://weather.com/kalshi,0.01,0.02,0.98,0.99,3.83,510.0,516.51,,2026-10-09T05:00:00Z,active,2026-10-08T02:42:01.467176+00:00
KXHIGHTDC,KXHIGHTDC-26OCT07-T77,Washington DC Daily Max Temp,KDCA,2026-10-07,greater,77.0,,The Weather Company,https://weather.com/kalshi,0.0,0.01,0.99,1.0,21601.0,0.0,1361.0,,2026-10-08T05:00:00Z,active,2026-10-08T02:42:01.467176+00:00
KXHIGHTDC,KXHIGHTDC-26OCT07-T70,Washington DC Daily Max Temp,KDCA,2026-10-07,less,,70.0,The Weather Company,https://weather.com/kalshi,0.0,0.01,0.99,1.0,37606.5,0.0,1395.96,,2026-10-08T05:00:00Z,active,2026-10-08T02:42:01.467176+00:00
KXHIGHTDC,KXHIGHTDC-26OCT07-B76.5,Washington DC Daily Max Temp,KDCA,2026-10-07,between,76.0,77.0,The Weather Company,https://weather.com/kalshi,0.0,0.01,0.99,1.0,21715.45,0.0,817.69,,2026-10-08T05:00:00Z,active,2026-10-08T02:42:01.467176+00:00
KXHIGHTDC,KXHIGHTDC-26OCT07-B74.5,Washington DC Daily Max Temp,KDCA,2026-10-07,between,74.0,75.0,The Weather Company,https://weather.com/kalshi,0.0,0.01,0.99,1.0,9712.82,0.0,3134.84,,2026-10-08T05:00:00Z,active,2026-10-08T02:42:01.467176+00:00
KXHIGHTDC,KXHIGHTDC-26OCT07-B72.5,Washington DC Daily Max Temp,KDCA,2026-10-07,between,72.0,73.0,The Weather Company,https://weather.com/kalshi,0.99,1.0,0.0,0.01,0.0,10919.89,4138.36,,2026-10-08T05:00:00Z,active,2026-10-08T02:42:01.467176+00:00
KXHIGHTDC,KXHIGHTDC-26OCT07-B70.5,Washington DC Daily Max Temp,KDCA,2026-10-07,between,70.0,71.0,The Weather Company,https://weather.com/kalshi,0.0,0.01,0.99,1.0,19181.19,0.0,4588.37,,2026-10-08T05:00:00Z,active,2026-10-08T02:42:01.467176+00:00
KXLOWTLV,KXLOWTLV-26OCT08-T74,Las Vegas Daily Low Temperature,KLAS,2026-10-08,greater,74.0,,The Weather Company,https://weather.com/kalshi,0.34,0.38,0.62,0.66,10.0,1.0,139.08,,2026-10-09T08:00:00Z,active,2026-10-08T02:42:01.467176+00:00
KXLOWTLV,KXLOWTLV-26OCT08-T67,Las Vegas Daily Low Temperature,KLAS,2026-10-08,less,,67.0,The Weather Company,https://weather.com/kalshi,0.0,0.01,0.99,1.0,5.0,0.0,0.0,,2026-10-09T08:00:00Z,active,2026-10-08T02:42:01.467176+00:00
KXLOWTLV,KXLOWTLV-26OCT08-B73.5,Las Vegas Daily Low Temperature,KLAS,2026-10-08,between,73.0,74.0,The Weather Company,https://weather.com/kalshi,0.47,0.52,0.48,0.53,1.0,1.0,304.5,,2026-10-09T08:00:00Z,active,2026-10-08T02:42:01.467176+00:00
KXLOWTLV,KXLOWTLV-26OCT08-B71.5,Las Vegas Daily Low Temperature,KLAS,2026-10-08,between,71.0,72.0,The Weather Company,https://weather.com/kalshi,0.11,0.17,0.83,0.89,31.0,1.0,204.41,,2026-10-09T08:00:00Z,active,2026-10-08T02:42:01.467176+00:00
KXLOWTLV,KXLOWTLV-26OCT08-B69.5,Las Vegas Daily Low Temperature,KLAS,2026-10-08,between,69.0,70.0,The Weather Company,https://weather.com/kalshi,0.0,0.03,0.97,1.0,5.0,0.0,285.24,,2026-10-09T08:00:00Z,active,2026-10-08T02:42:01.467176+00:00
KXLOWTLV,KXLOWTLV-26OCT08-B67.5,Las Vegas Daily Low Temperature,KLAS,2026-10-08,between,67.0,68.0,The Weather Company,https://weather.com/kalshi,0.0,0.02,0.98,1.0,20.0,0.0,187.93,,2026-10-09T08:00:00Z,active,2026-10-08T02:42:01.467176+00:00
KXLOWTLV,KXLOWTLV-26OCT07-T74,Las Vegas Daily Low Temperature,KLAS,2026-10-07,greater,74.0,,The Weather Company,https://weather.com/kalshi,0.0,0.01,0.99,1.0,16425.48,0.0,321.67,,2026-10-08T08:00:00Z,active,2026-10-08T02:42:01.467176+00:00
KXLOWTLV,KXLOWTLV-26OCT07-T67,Las Vegas Daily Low Temperature,KLAS,2026-10-07,less,,67.0,The Weather Company,https://weather.com/kalshi,0.0,0.01,0.99,1.0,548.0,0.0,0.0,,2026-10-08T08:00:00Z,active,2026-10-08T02:42:01.467176+00:00
KXLOWTLV,KXLOWTLV-26OCT07-B73.5,Las Vegas Daily Low Temperature,KLAS,2026-10-07,between,73.0,74.0,The Weather Company,https://weather.com/kalshi,0.98,0.99,0.01,0.02,28.0,424.0,1727.31,,2026-10-08T08:00:00Z,active,2026-10-08T02:42:01.467176+00:00
KXLOWTLV,KXLOWTLV-26OCT07-B71.5,Las Vegas Daily Low Temperature,KLAS,2026-10-07,between,71.0,72.0,The Weather Company,https://weather.com/kalshi,0.0,0.01,0.99,1.0,575.0,0.0,584.94,,2026-10-08T08:00:00Z,active,2026-10-08T02:42:01.467176+00:00
KXLOWTLV,KXLOWTLV-26OCT07-B69.5,Las Vegas Daily Low Temperature,KLAS,2026-10-07,between,69.0,70.0,The Weather Company,https://weather.com/kalshi,0.0,0.01,0.99,1.0,845.3,0.0,508.7,,2026-10-08T08:00:00Z,active,2026-10-08T02:42:01.467176+00:00
KXLOWTLV,KXLOWTLV-26OCT07-B67.5,Las Vegas Daily Low Temperature,KLAS,2026-10-07,between,67.0,68.0,The Weather Company,https://weather.com/kalshi,0.0,0.01,0.99,1.0,765.0,0.0,290.54,,2026-10-08T08:00:00Z,active,2026-10-08T02:42:01.467176+00:00
KXHIGHTNOLA,KXHIGHTNOLA-26OCT08-T88,New Orleans Max temp Daily,KMSY,2026-10-08,greater,88.0,,The Weather Company,https://weather.com/kalshi,0.01,0.03,0.97,0.99,49.0,312.81,831.19,,2026-10-09T06:00:00Z,active,2026-10-08T02:42:01.467176+00:00
KXHIGHTNOLA,KXHIGHTNOLA-26OCT08-T81,New Orleans Max temp Daily,KMSY,2026-10-08,less,,81.0,The Weather Company,https://weather.com/kalshi,0.0,0.01,0.99,1.0,501.0,0.0,191.45,,2026-10-09T06:00:00Z,active,2026-10-08T02:42:01.467176+00:00
KXHIGHTNOLA,KXHIGHTNOLA-26OCT08-B87.5,New Orleans Max temp Daily,KMSY,2026-10-08,between,87.0,88.0,The Weather Company,https://weather.com/kalshi,0.25,0.28,0.72,0.75,40.0,2.0,657.57,,2026-10-09T06:00:00Z,active,2026-10-08T02:42:01.467176+00:00
KXHIGHTNOLA,KXHIGHTNOLA-26OCT08-B85.5,New Orleans Max temp Daily,KMSY,2026-10-08,between,85.0,86.0,The Weather Company,https://weather.com/kalshi,0.56,0.57,0.43,0.44,35.0,10.17,504.5,,2026-10-09T06:00:00Z,active,2026-10-08T02:42:01.467176+00:00
KXHIGHTNOLA,KXHIGHTNOLA-26OCT08-B83.5,New Orleans Max temp Daily,KMSY,2026-10-08,between,83.0,84.0,The Weather Company,https://weather.com/kalshi,0.15,0.16,0.84,0.85,2.0,14.84,244.83,,2026-10-09T06:00:00Z,active,2026-10-08T02:42:01.467176+00:00
KXHIGHTNOLA,KXHIGHTNOLA-26OCT08-B81.5,New Orleans Max temp Daily,KMSY,2026-10-08,between,81.0,82.0,The Weather Company,https://weather.com/kalshi,0.01,0.02,0.98,0.99,317.63,107.74,696.26,,2026-10-09T06:00:00Z,active,2026-10-08T02:42:01.467176+00:00
KXHIGHTNOLA,KXHIGHTNOLA-26OCT07-T88,New Orleans Max temp Daily,KMSY,2026-10-07,greater,88.0,,The Weather Company,https://weather.com/kalshi,0.0,0.01,0.99,1.0,6343.0,0.0,520.87,,2026-10-08T06:00:00Z,active,2026-10-08T02:42:01.467176+00:00
KXHIGHTNOLA,KXHIGHTNOLA-26OCT07-T81,New Orleans Max temp Daily,KMSY,2026-10-07,less,,81.0,The Weather Company,https://weather.com/kalshi,0.0,0.01,0.99,1.0,91422.22,0.0,671.93,,2026-10-08T06:00:00Z,active,2026-10-08T02:42:01.467176+00:00
KXHIGHTNOLA,KXHIGHTNOLA-26OCT07-B87.5,New Orleans Max temp Daily,KMSY,2026-10-07,between,87.0,88.0,The Weather Company,https://weather.com/kalshi,0.99,1.0,0.0,0.01,0.0,6609.38,6141.0,,2026-10-08T06:00:00Z,active,2026-10-08T02:42:01.467176+00:00
KXHIGHTNOLA,KXHIGHTNOLA-26OCT07-B85.5,New Orleans Max temp Daily,KMSY,2026-10-07,between,85.0,86.0,The Weather Company,https://weather.com/kalshi,0.0,0.01,0.99,1.0,81713.53,0.0,5795.35,,2026-10-08T06:00:00Z,active,2026-10-08T02:42:01.467176+00:00
KXHIGHTNOLA,KXHIGHTNOLA-26OCT07-B83.5,New Orleans Max temp Daily,KMSY,2026-10-07,between,83.0,84.0,The Weather Company,https://weather.com/kalshi,0.0,0.01,0.99,1.0,91509.54,0.0,2494.68,,2026-10-08T06:00:00Z,active,2026-10-08T02:42:01.467176+00:00
KXHIGHTNOLA,KXHIGHTNOLA-26OCT07-B81.5,New Orleans Max temp Daily,KMSY,2026-10-07,between,81.0,82.0,The Weather Company,https://weather.com/kalshi,0.0,0.01,0.99,1.0,89955.64,0.0,981.05,,2026-10-08T06:00:00Z,active,2026-10-08T02:42:01.467176+00:00
KXLOWTTTN,KXLOWTTTN-26OCT08-T54,Trenton Daily low temp ,KTTN,2026-10-08,greater,54.0,,The Weather Company,https://weather.com/kalshi,0.03,0.14,0.86,0.97,10.0,54.0,28.57,,2026-10-09T05:00:00Z,active,2026-10-08T02:42:01.467176+00:00
KXLOWTTTN,KXLOWTTTN-26OCT08-T47,Trenton Daily low temp ,KTTN,2026-10-08,less,,47.0,The Weather Company,https://weather.com/kalshi,0.0,0.01,0.99,1.0,100.0,0.0,20.0,,2026-10-09T05:00:00Z,active,2026-10-08T02:42:01.467176+00:00
KXLOWTTTN,KXLOWTTTN-26OCT08-B53.5,Trenton Daily low temp ,KTTN,2026-10-08,between,53.0,54.0,The Weather Company,https://weather.com/kalshi,0.09,0.29,0.71,0.91,10.0,10.0,19.0,,2026-10-09T05:00:00Z,active,2026-10-08T02:42:01.467176+00:00
KXLOWTTTN,KXLOWTTTN-26OCT08-B51.5,Trenton Daily low temp ,KTTN,2026-10-08,between,51.0,52.0,The Weather Company,https://weather.com/kalshi,0.41,0.61,0.39,0.59,10.0,10.0,12.0,,2026-10-09T05:00:00Z,active,2026-10-08T02:42:01.467176+00:00
KXLOWTTTN,KXLOWTTTN-26OCT08-B49.5,Trenton Daily low temp ,KTTN,2026-10-08,between,49.0,50.0,The Weather Company,https://weather.com/kalshi,0.14,0.25,0.75,0.86,1.0,10.0,35.0,,2026-10-09T05:00:00Z,active,2026-10-08T02:42:01.467176+00:00
KXLOWTTTN,KXLOWTTTN-26OCT08-B47.5,Trenton Daily low temp ,KTTN,2026-10-08,between,47.0,48.0,The Weather Company,https://weather.com/kalshi,0.0,0.01,0.99,1.0,16.28,0.0,99.0,,2026-10-09T05:00:00Z,active,2026-10-08T02:42:01.467176+00:00
KXLOWTTTN,KXLOWTTTN-26OCT07-T40,Trenton Daily low temp ,KTTN,2026-10-07,greater,40.0,,The Weather Company,https://weather.com/kalshi,0.0,0.01,0.99,1.0,9410.34,0.0,1122.66,,2026-10-08T05:00:00Z,active,2026-10-08T02:42:01.467176+00:00
KXLOWTTTN,KXLOWTTTN-26OCT07-T33,Trenton Daily low temp ,KTTN,2026-10-07,less,,33.0,The Weather Company,https://weather.com/kalshi,0.0,0.01,0.99,1.0,404.18,0.0,92.0,,2026-10-08T05:00:00Z,active,2026-10-08T02:42:01.467176+00:00
KXLOWTTTN,KXLOWTTTN-26OCT07-B39.5,Trenton Daily low temp ,KTTN,2026-10-07,between,39.0,40.0,The Weather Company,https://weather.com/kalshi,0.0,0.01,0.99,1.0,9581.85,0.0,402.0,,2026-10-08T05:00:00Z,active,2026-10-08T02:42:01.467176+00:00
KXLOWTTTN,KXLOWTTTN-26OCT07-B37.5,Trenton Daily low temp ,KTTN,2026-10-07,between,37.0,38.0,The Weather Company,https://weather.com/kalshi,0.99,1.0,0.0,0.01,0.0,5510.0,517.11,,2026-10-08T05:00:00Z,active,2026-10-08T02:42:01.467176+00:00
KXLOWTTTN,KXLOWTTTN-26OCT07-B35.5,Trenton Daily low temp ,KTTN,2026-10-07,between,35.0,36.0,The Weather Company,https://weather.com/kalshi,0.0,0.01,0.99,1.0,398.46,0.0,511.68,,2026-10-08T05:00:00Z,active,2026-10-08T02:42:01.467176+00:00
KXLOWTTTN,KXLOWTTTN-26OCT07-B33.5,Trenton Daily low temp ,KTTN,2026-10-07,between,33.0,34.0,The Weather Company,https://weather.com/kalshi,0.0,0.01,0.99,1.0,750.0,0.0,337.37,,2026-10-08T05:00:00Z,active,2026-10-08T02:42:01.467176+00:00
KXHIGHTSATX,KXHIGHTSATX-26OCT08-T93,San Antonio Daily Maximum Temperature,KSAT,2026-10-08,greater,93.0,,The Weather Company,https://weather.com/kalshi,0.0,0.01,0.99,1.0,6.0,0.0,327.27,,2026-10-09T06:00:00Z,active,2026-10-08T02:42:01.467176+00:00
KXHIGHTSATX,KXHIGHTSATX-26OCT08-T86,San Antonio Daily Maximum Temperature,KSAT,2026-10-08,less,,86.0,The Weather Company,https://weather.com/kalshi,0.0,0.02,0.98,1.0,157.0,0.0,425.2,,2026-10-09T06:00:00Z,active,2026-10-08T02:42:01.467176+00:00
KXHIGHTSATX,KXHIGHTSATX-26OCT08-B92.5,San Antonio Daily Maximum Temperature,KSAT,2026-10-08,between,92.0,93.0,The Weather Company,https://weather.com/kalshi,0.2,0.21,0.79,0.8,37.0,26.0,177.0,,2026-10-09T06:00:00Z,active,2026-10-08T02:42:01.467176+00:00
KXHIGHTSATX,KXHIGHTSATX-26OCT08-B90.5,San Antonio Daily Maximum Temperature,KSAT,2026-10-08,between,90.0,91.0,The Weather Company,https://weather.com/kalshi,0.65,0.67,0.33,0.35,59.0,1.0,510.62,,2026-10-09T06:00:00Z,active,2026-10-08T02:42:01.467176+00:00
KXHIGHTSATX,KXHIGHTSATX-26OCT08-B88.5,San Antonio Daily Maximum Temperature,KSAT,2026-10-08,between,88.0,89.0,The Weather Company,https://weather.com/kalshi,0.1,0.14,0.86,0.9,29.0,41.0,167.0,,2026-10-09T06:00:00Z,active,2026-10-08T02:42:01.467176+00:00
KXHIGHTSATX,KXHIGHTSATX-26OCT08-B86.5,San Antonio Daily Maximum Temperature,KSAT,2026-10-08,between,86.0,87.0,The Weather Company,https://weather.com/kalshi,0.01,0.03,0.97,0.99,118.24,650.0,206.1,,2026-10-09T06:00:00Z,active,2026-10-08T02:42:01.467176+00:00
KXHIGHTSATX,KXHIGHTSATX-26OCT07-T92,San Antonio Daily Maximum Temperature,KSAT,2026-10-07,greater,92.0,,The Weather Company,https://weather.com/kalshi,0.0,0.01,0.99,1.0,2198.26,0.0,774.39,,2026-10-08T06:00:00Z,active,2026-10-08T02:42:01.467176+00:00
KXHIGHTSATX,KXHIGHTSATX-26OCT07-T85,San Antonio Daily Maximum Temperature,KSAT,2026-10-07,less,,85.0,The Weather Company,https://weather.com/kalshi,0.0,0.01,0.99,1.0,2689.96,0.0,604.2,,2026-10-08T06:00:00Z,active,2026-10-08T02:42:01.467176+00:00
KXHIGHTSATX,KXHIGHTSATX-26OCT07-B91.5,San Antonio Daily Maximum Temperature,KSAT,2026-10-07,between,91.0,92.0,The Weather Company,https://weather.com/kalshi,0.0,0.01,0.99,1.0,8723.49,0.0,3346.19,,2026-10-08T06:00:00Z,active,2026-10-08T02:42:01.467176+00:00
KXHIGHTSATX,KXHIGHTSATX-26OCT07-B89.5,San Antonio Daily Maximum Temperature,KSAT,2026-10-07,between,89.0,90.0,The Weather Company,https://weather.com/kalshi,0.99,1.0,0.0,0.01,0.0,9524.09,5478.27,,2026-10-08T06:00:00Z,active,2026-10-08T02:42:01.467176+00:00
KXHIGHTSATX,KXHIGHTSATX-26OCT07-B87.5,San Antonio Daily Maximum Temperature,KSAT,2026-10-07,between,87.0,88.0,The Weather Company,https://weather.com/kalshi,0.0,0.01,0.99,1.0,3453.41,0.0,1872.36,,2026-10-08T06:00:00Z,active,2026-10-08T02:42:01.467176+00:00
KXHIGHTSATX,KXHIGHTSATX-26OCT07-B85.5,San Antonio Daily Maximum Temperature,KSAT,2026-10-07,between,85.0,86.0,The Weather Company,https://weather.com/kalshi,0.0,0.01,0.99,1.0,3379.41,0.0,730.57,,2026-10-08T06:00:00Z,active,2026-10-08T02:42:01.467176+00:00
