series_ticker,market_ticker,city_label,station_id,target_date,strike_type,floor_strike,cap_strike,settlement_source_name,settlement_source_url,yes_bid,yes_ask,no_bid,no_ask,yes_ask_size,yes_bid_size,volume,liquidity,close_time,status,pulled_at
KXLOWTSFO,KXLOWTSFO-26SEP28-T56,Lowest Temperature San Francisco,KSFO,2026-09-28,greater,56.0,,The Weather Company,https://weather.com/kalshi,0.11,0.22,0.78,0.89,5.0,25.0,8.0,0.0,2026-09-29T08:00:00Z,active,2026-09-27T20:09:07.906074+00:00
KXLOWTSFO,KXLOWTSFO-26SEP28-T49,Lowest Temperature San Francisco,KSFO,2026-09-28,less,,49.0,The Weather Company,https://weather.com/kalshi,0.0,0.02,0.98,1.0,5.0,0.0,38.0,0.0,2026-09-29T08:00:00Z,active,2026-09-27T20:09:07.906074+00:00
KXLOWTSFO,KXLOWTSFO-26SEP28-B55.5,Lowest Temperature San Francisco,KSFO,2026-09-28,between,55.0,56.0,The Weather Company,https://weather.com/kalshi,0.54,0.65,0.35,0.46,5.0,94.0,4.32,0.0,2026-09-29T08:00:00Z,active,2026-09-27T20:09:07.906074+00:00
KXLOWTSFO,KXLOWTSFO-26SEP28-B53.5,Lowest Temperature San Francisco,KSFO,2026-09-28,between,53.0,54.0,The Weather Company,https://weather.com/kalshi,0.18,0.19,0.81,0.82,2.0,41.0,44.19,0.0,2026-09-29T08:00:00Z,active,2026-09-27T20:09:07.906074+00:00
KXLOWTSFO,KXLOWTSFO-26SEP28-B51.5,Lowest Temperature San Francisco,KSFO,2026-09-28,between,51.0,52.0,The Weather Company,https://weather.com/kalshi,0.01,0.03,0.97,0.99,1.0,94.86,54.14,0.0,2026-09-29T08:00:00Z,active,2026-09-27T20:09:07.906074+00:00
KXLOWTSFO,KXLOWTSFO-26SEP28-B49.5,Lowest Temperature San Francisco,KSFO,2026-09-28,between,49.0,50.0,The Weather Company,https://weather.com/kalshi,0.0,0.03,0.97,1.0,5.0,0.0,269.76,0.0,2026-09-29T08:00:00Z,active,2026-09-27T20:09:07.906074+00:00
KXLOWTSFO,KXLOWTSFO-26SEP27-T57,Lowest Temperature San Francisco,KSFO,2026-09-27,greater,57.0,,The Weather Company,https://weather.com/kalshi,0.28,0.47,0.53,0.72,1.0,25.0,366.21,0.0,2026-09-28T08:00:00Z,active,2026-09-27T20:09:07.906074+00:00
KXLOWTSFO,KXLOWTSFO-26SEP27-T50,Lowest Temperature San Francisco,KSFO,2026-09-27,less,,50.0,The Weather Company,https://weather.com/kalshi,0.0,0.01,0.99,1.0,11.0,0.0,263.0,0.0,2026-09-28T08:00:00Z,active,2026-09-27T20:09:07.906074+00:00
KXLOWTSFO,KXLOWTSFO-26SEP27-B56.5,Lowest Temperature San Francisco,KSFO,2026-09-27,between,56.0,57.0,The Weather Company,https://weather.com/kalshi,0.5,0.61,0.39,0.5,30.0,51.0,358.41,0.0,2026-09-28T08:00:00Z,active,2026-09-27T20:09:07.906074+00:00
KXLOWTSFO,KXLOWTSFO-26SEP27-B54.5,Lowest Temperature San Francisco,KSFO,2026-09-27,between,54.0,55.0,The Weather Company,https://weather.com/kalshi,0.0,0.01,0.99,1.0,10.0,0.0,395.22,0.0,2026-09-28T08:00:00Z,active,2026-09-27T20:09:07.906074+00:00
KXLOWTSFO,KXLOWTSFO-26SEP27-B52.5,Lowest Temperature San Francisco,KSFO,2026-09-27,between,52.0,53.0,The Weather Company,https://weather.com/kalshi,0.0,0.01,0.99,1.0,10.0,0.0,193.07,0.0,2026-09-28T08:00:00Z,active,2026-09-27T20:09:07.906074+00:00
KXLOWTSFO,KXLOWTSFO-26SEP27-B50.5,Lowest Temperature San Francisco,KSFO,2026-09-27,between,50.0,51.0,The Weather Company,https://weather.com/kalshi,0.0,0.01,0.99,1.0,10.0,0.0,711.14,0.0,2026-09-28T08:00:00Z,active,2026-09-27T20:09:07.906074+00:00
KXLOWTAUS,KXLOWTAUS-26SEP28-T75,Lowest temperature in Austin,KAUS,2026-09-28,greater,75.0,,The Weather Company,https://weather.com/kalshi,0.01,0.06,0.94,0.99,10.0,372.0,319.3,0.0,2026-09-29T06:00:00Z,active,2026-09-27T20:09:07.906074+00:00
KXLOWTAUS,KXLOWTAUS-26SEP28-T68,Lowest temperature in Austin,KAUS,2026-09-28,less,,68.0,The Weather Company,https://weather.com/kalshi,0.01,0.03,0.97,0.99,108.0,1.0,226.48,0.0,2026-09-29T06:00:00Z,active,2026-09-27T20:09:07.906074+00:00
KXLOWTAUS,KXLOWTAUS-26SEP28-B74.5,Lowest temperature in Austin,KAUS,2026-09-28,between,74.0,75.0,The Weather Company,https://weather.com/kalshi,0.06,0.1,0.9,0.94,4.0,50.0,0.0,0.0,2026-09-29T06:00:00Z,active,2026-09-27T20:09:07.906074+00:00
KXLOWTAUS,KXLOWTAUS-26SEP28-B72.5,Lowest temperature in Austin,KAUS,2026-09-28,between,72.0,73.0,The Weather Company,https://weather.com/kalshi,0.36,0.46,0.54,0.64,4.0,28.0,1.0,0.0,2026-09-29T06:00:00Z,active,2026-09-27T20:09:07.906074+00:00
KXLOWTAUS,KXLOWTAUS-26SEP28-B70.5,Lowest temperature in Austin,KAUS,2026-09-28,between,70.0,71.0,The Weather Company,https://weather.com/kalshi,0.34,0.47,0.53,0.66,78.0,4.0,3.0,0.0,2026-09-29T06:00:00Z,active,2026-09-27T20:09:07.906074+00:00
KXLOWTAUS,KXLOWTAUS-26SEP28-B68.5,Lowest temperature in Austin,KAUS,2026-09-28,between,68.0,69.0,The Weather Company,https://weather.com/kalshi,0.05,0.06,0.94,0.95,1.0,1.0,15.43,0.0,2026-09-29T06:00:00Z,active,2026-09-27T20:09:07.906074+00:00
KXLOWTAUS,KXLOWTAUS-26SEP27-T73,Lowest temperature in Austin,KAUS,2026-09-27,greater,73.0,,The Weather Company,https://weather.com/kalshi,0.0,0.01,0.99,1.0,19839.01,0.0,1712.44,0.0,2026-09-28T06:00:00Z,active,2026-09-27T20:09:07.906074+00:00
KXLOWTAUS,KXLOWTAUS-26SEP27-T66,Lowest temperature in Austin,KAUS,2026-09-27,less,,66.0,The Weather Company,https://weather.com/kalshi,0.0,0.01,0.99,1.0,1855.0,0.0,1126.44,0.0,2026-09-28T06:00:00Z,active,2026-09-27T20:09:07.906074+00:00
KXLOWTAUS,KXLOWTAUS-26SEP27-B72.5,Lowest temperature in Austin,KAUS,2026-09-27,between,72.0,73.0,The Weather Company,https://weather.com/kalshi,0.0,0.01,0.99,1.0,19693.01,0.0,1771.46,0.0,2026-09-28T06:00:00Z,active,2026-09-27T20:09:07.906074+00:00
KXLOWTAUS,KXLOWTAUS-26SEP27-B70.5,Lowest temperature in Austin,KAUS,2026-09-27,between,70.0,71.0,The Weather Company,https://weather.com/kalshi,0.0,0.01,0.99,1.0,19975.1,0.0,1120.1,0.0,2026-09-28T06:00:00Z,active,2026-09-27T20:09:07.906074+00:00
KXLOWTAUS,KXLOWTAUS-26SEP27-B68.5,Lowest temperature in Austin,KAUS,2026-09-27,between,68.0,69.0,The Weather Company,https://weather.com/kalshi,0.0,0.01,0.99,1.0,18905.53,0.0,1271.22,0.0,2026-09-28T06:00:00Z,active,2026-09-27T20:09:07.906074+00:00
KXLOWTAUS,KXLOWTAUS-26SEP27-B66.5,Lowest temperature in Austin,KAUS,2026-09-27,between,66.0,67.0,The Weather Company,https://weather.com/kalshi,0.99,1.0,0.0,0.01,0.0,1850.0,1557.0,0.0,2026-09-28T06:00:00Z,active,2026-09-27T20:09:07.906074+00:00
KXLOWTSEA,KXLOWTSEA-26SEP28-T46,Low Temperature Seattle,KSEA,2026-09-28,greater,46.0,,The Weather Company,https://weather.com/kalshi,0.14,0.25,0.75,0.86,25.0,39.0,21.0,0.0,2026-09-29T08:00:00Z,active,2026-09-27T20:09:07.906074+00:00
KXLOWTSEA,KXLOWTSEA-26SEP28-T39,Low Temperature Seattle,KSEA,2026-09-28,less,,39.0,The Weather Company,https://weather.com/kalshi,0.0,0.01,0.99,1.0,18.0,0.0,0.0,0.0,2026-09-29T08:00:00Z,active,2026-09-27T20:09:07.906074+00:00
KXLOWTSEA,KXLOWTSEA-26SEP28-B45.5,Low Temperature Seattle,KSEA,2026-09-28,between,45.0,46.0,The Weather Company,https://weather.com/kalshi,0.48,0.62,0.38,0.52,25.0,50.0,78.0,0.0,2026-09-29T08:00:00Z,active,2026-09-27T20:09:07.906074+00:00
KXLOWTSEA,KXLOWTSEA-26SEP28-B43.5,Low Temperature Seattle,KSEA,2026-09-28,between,43.0,44.0,The Weather Company,https://weather.com/kalshi,0.22,0.36,0.64,0.78,41.0,26.0,166.0,0.0,2026-09-29T08:00:00Z,active,2026-09-27T20:09:07.906074+00:00
KXLOWTSEA,KXLOWTSEA-26SEP28-B41.5,Low Temperature Seattle,KSEA,2026-09-28,between,41.0,42.0,The Weather Company,https://weather.com/kalshi,0.02,0.03,0.97,0.98,1.0,39.0,15.14,0.0,2026-09-29T08:00:00Z,active,2026-09-27T20:09:07.906074+00:00
KXLOWTSEA,KXLOWTSEA-26SEP28-B39.5,Low Temperature Seattle,KSEA,2026-09-28,between,39.0,40.0,The Weather Company,https://weather.com/kalshi,0.0,0.06,0.94,1.0,2.0,0.0,119.0,0.0,2026-09-29T08:00:00Z,active,2026-09-27T20:09:07.906074+00:00
KXLOWTSEA,KXLOWTSEA-26SEP27-T49,Low Temperature Seattle,KSEA,2026-09-27,greater,49.0,,The Weather Company,https://weather.com/kalshi,0.0,0.01,0.99,1.0,23437.15,0.0,507.33,0.0,2026-09-28T08:00:00Z,active,2026-09-27T20:09:07.906074+00:00
KXLOWTSEA,KXLOWTSEA-26SEP27-T42,Low Temperature Seattle,KSEA,2026-09-27,less,,42.0,The Weather Company,https://weather.com/kalshi,0.0,0.01,0.99,1.0,11.0,0.0,28.0,0.0,2026-09-28T08:00:00Z,active,2026-09-27T20:09:07.906074+00:00
KXLOWTSEA,KXLOWTSEA-26SEP27-B48.5,Low Temperature Seattle,KSEA,2026-09-27,between,48.0,49.0,The Weather Company,https://weather.com/kalshi,0.98,1.0,0.0,0.02,0.0,1.0,1087.77,0.0,2026-09-28T08:00:00Z,active,2026-09-27T20:09:07.906074+00:00
KXLOWTSEA,KXLOWTSEA-26SEP27-B46.5,Low Temperature Seattle,KSEA,2026-09-27,between,46.0,47.0,The Weather Company,https://weather.com/kalshi,0.0,0.03,0.97,1.0,1.0,0.0,220.3,0.0,2026-09-28T08:00:00Z,active,2026-09-27T20:09:07.906074+00:00
KXLOWTSEA,KXLOWTSEA-26SEP27-B44.5,Low Temperature Seattle,KSEA,2026-09-27,between,44.0,45.0,The Weather Company,https://weather.com/kalshi,0.0,0.01,0.99,1.0,10.0,0.0,62.0,0.0,2026-09-28T08:00:00Z,active,2026-09-27T20:09:07.906074+00:00
KXLOWTSEA,KXLOWTSEA-26SEP27-B42.5,Low Temperature Seattle,KSEA,2026-09-27,between,42.0,43.0,The Weather Company,https://weather.com/kalshi,0.0,0.01,0.99,1.0,10.0,0.0,62.0,0.0,2026-09-28T08:00:00Z,active,2026-09-27T20:09:07.906074+00:00
KXHIGHTATL,KXHIGHTATL-26SEP28-T87,Atlanta Max Temperature,KATL,2026-09-28,greater,87.0,,The Weather Company,https://weather.com/kalshi,0.0,0.01,0.99,1.0,5.0,0.0,281.0,0.0,2026-09-29T05:00:00Z,active,2026-09-27T20:09:07.906074+00:00
KXHIGHTATL,KXHIGHTATL-26SEP28-T80,Atlanta Max Temperature,KATL,2026-09-28,less,,80.0,The Weather Company,https://weather.com/kalshi,0.0,0.03,0.97,1.0,5.0,0.0,1239.73,0.0,2026-09-29T05:00:00Z,active,2026-09-27T20:09:07.906074+00:00
KXHIGHTATL,KXHIGHTATL-26SEP28-B86.5,Atlanta Max Temperature,KATL,2026-09-28,between,86.0,87.0,The Weather Company,https://weather.com/kalshi,0.02,0.03,0.97,0.98,111.24,332.52,294.48,0.0,2026-09-29T05:00:00Z,active,2026-09-27T20:09:07.906074+00:00
KXHIGHTATL,KXHIGHTATL-26SEP28-B84.5,Atlanta Max Temperature,KATL,2026-09-28,between,84.0,85.0,The Weather Company,https://weather.com/kalshi,0.19,0.24,0.76,0.81,54.05,23.0,1054.31,0.0,2026-09-29T05:00:00Z,active,2026-09-27T20:09:07.906074+00:00
KXHIGHTATL,KXHIGHTATL-26SEP28-B82.5,Atlanta Max Temperature,KATL,2026-09-28,between,82.0,83.0,The Weather Company,https://weather.com/kalshi,0.46,0.47,0.53,0.54,48.95,33.0,271.72,0.0,2026-09-29T05:00:00Z,active,2026-09-27T20:09:07.906074+00:00
KXHIGHTATL,KXHIGHTATL-26SEP28-B80.5,Atlanta Max Temperature,KATL,2026-09-28,between,80.0,81.0,The Weather Company,https://weather.com/kalshi,0.25,0.26,0.74,0.75,22.0,153.36,133.0,0.0,2026-09-29T05:00:00Z,active,2026-09-27T20:09:07.906074+00:00
KXHIGHTATL,KXHIGHTATL-26SEP27-T85,Atlanta Max Temperature,KATL,2026-09-27,greater,85.0,,The Weather Company,https://weather.com/kalshi,0.0,0.01,0.99,1.0,2513.95,0.0,2111.76,0.0,2026-09-28T05:00:00Z,active,2026-09-27T20:09:07.906074+00:00
KXHIGHTATL,KXHIGHTATL-26SEP27-T78,Atlanta Max Temperature,KATL,2026-09-27,less,,78.0,The Weather Company,https://weather.com/kalshi,0.0,0.01,0.99,1.0,62693.35,0.0,801.14,0.0,2026-09-28T05:00:00Z,active,2026-09-27T20:09:07.906074+00:00
KXHIGHTATL,KXHIGHTATL-26SEP27-B84.5,Atlanta Max Temperature,KATL,2026-09-27,between,84.0,85.0,The Weather Company,https://weather.com/kalshi,0.0,0.01,0.99,1.0,240.11,0.0,3800.33,0.0,2026-09-28T05:00:00Z,active,2026-09-27T20:09:07.906074+00:00
KXHIGHTATL,KXHIGHTATL-26SEP27-B82.5,Atlanta Max Temperature,KATL,2026-09-27,between,82.0,83.0,The Weather Company,https://weather.com/kalshi,0.19,0.21,0.79,0.81,8.3,64.0,10466.85,0.0,2026-09-28T05:00:00Z,active,2026-09-27T20:09:07.906074+00:00
KXHIGHTATL,KXHIGHTATL-26SEP27-B80.5,Atlanta Max Temperature,KATL,2026-09-27,between,80.0,81.0,The Weather Company,https://weather.com/kalshi,0.78,0.82,0.18,0.22,54.0,37.95,7611.05,0.0,2026-09-28T05:00:00Z,active,2026-09-27T20:09:07.906074+00:00
KXHIGHTATL,KXHIGHTATL-26SEP27-B78.5,Atlanta Max Temperature,KATL,2026-09-27,between,78.0,79.0,The Weather Company,https://weather.com/kalshi,0.0,0.01,0.99,1.0,56032.0,0.0,3614.6,0.0,2026-09-28T05:00:00Z,active,2026-09-27T20:09:07.906074+00:00
KXLOWTNOLA,KXLOWTNOLA-26SEP28-T74,NOLA Low Temperature,KMSY,2026-09-28,greater,74.0,,The Weather Company,https://weather.com/kalshi,0.02,0.12,0.88,0.98,38.0,39.0,41.28,0.0,2026-09-29T06:00:00Z,active,2026-09-27T20:09:07.906074+00:00
KXLOWTNOLA,KXLOWTNOLA-26SEP28-T67,NOLA Low Temperature,KMSY,2026-09-28,less,,67.0,The Weather Company,https://weather.com/kalshi,0.0,0.01,0.99,1.0,18.0,0.0,0.0,0.0,2026-09-29T06:00:00Z,active,2026-09-27T20:09:07.906074+00:00
KXLOWTNOLA,KXLOWTNOLA-26SEP28-B73.5,NOLA Low Temperature,KMSY,2026-09-28,between,73.0,74.0,The Weather Company,https://weather.com/kalshi,0.27,0.45,0.55,0.73,1.0,1.0,108.0,0.0,2026-09-29T06:00:00Z,active,2026-09-27T20:09:07.906074+00:00
KXLOWTNOLA,KXLOWTNOLA-26SEP28-B71.5,NOLA Low Temperature,KMSY,2026-09-28,between,71.0,72.0,The Weather Company,https://weather.com/kalshi,0.39,0.57,0.43,0.61,1.0,25.0,3.0,0.0,2026-09-29T06:00:00Z,active,2026-09-27T20:09:07.906074+00:00
KXLOWTNOLA,KXLOWTNOLA-26SEP28-B69.5,NOLA Low Temperature,KMSY,2026-09-28,between,69.0,70.0,The Weather Company,https://weather.com/kalshi,0.13,0.2,0.8,0.87,4.0,1.0,73.0,0.0,2026-09-29T06:00:00Z,active,2026-09-27T20:09:07.906074+00:00
KXLOWTNOLA,KXLOWTNOLA-26SEP28-B67.5,NOLA Low Temperature,KMSY,2026-09-28,between,67.0,68.0,The Weather Company,https://weather.com/kalshi,0.0,0.05,0.95,1.0,1.0,0.0,177.28,0.0,2026-09-29T06:00:00Z,active,2026-09-27T20:09:07.906074+00:00
KXLOWTNOLA,KXLOWTNOLA-26SEP27-T73,NOLA Low Temperature,KMSY,2026-09-27,greater,73.0,,The Weather Company,https://weather.com/kalshi,0.0,0.01,0.99,1.0,23549.15,0.0,303.0,0.0,2026-09-28T06:00:00Z,active,2026-09-27T20:09:07.906074+00:00
KXLOWTNOLA,KXLOWTNOLA-26SEP27-T66,NOLA Low Temperature,KMSY,2026-09-27,less,,66.0,The Weather Company,https://weather.com/kalshi,0.0,0.01,0.99,1.0,12.49,0.0,102.51,0.0,2026-09-28T06:00:00Z,active,2026-09-27T20:09:07.906074+00:00
KXLOWTNOLA,KXLOWTNOLA-26SEP27-B72.5,NOLA Low Temperature,KMSY,2026-09-27,between,72.0,73.0,The Weather Company,https://weather.com/kalshi,0.96,0.99,0.01,0.04,100.92,50.0,1020.71,0.0,2026-09-28T06:00:00Z,active,2026-09-27T20:09:07.906074+00:00
KXLOWTNOLA,KXLOWTNOLA-26SEP27-B70.5,NOLA Low Temperature,KMSY,2026-09-27,between,70.0,71.0,The Weather Company,https://weather.com/kalshi,0.0,0.03,0.97,1.0,33.0,0.0,587.62,0.0,2026-09-28T06:00:00Z,active,2026-09-27T20:09:07.906074+00:00
KXLOWTNOLA,KXLOWTNOLA-26SEP27-B68.5,NOLA Low Temperature,KMSY,2026-09-27,between,68.0,69.0,The Weather Company,https://weather.com/kalshi,0.0,0.02,0.98,1.0,12.0,0.0,107.0,0.0,2026-09-28T06:00:00Z,active,2026-09-27T20:09:07.906074+00:00
KXLOWTNOLA,KXLOWTNOLA-26SEP27-B66.5,NOLA Low Temperature,KMSY,2026-09-27,between,66.0,67.0,The Weather Company,https://weather.com/kalshi,0.0,0.02,0.98,1.0,59.0,0.0,45.14,0.0,2026-09-28T06:00:00Z,active,2026-09-27T20:09:07.906074+00:00
KXLOWTLAX,KXLOWTLAX-26SEP28-T67,Lowest Temperature in LA,KLAX,2026-09-28,greater,67.0,,The Weather Company,https://weather.com/kalshi,0.2,0.29,0.71,0.8,4.0,102.19,110.5,0.0,2026-09-29T08:00:00Z,active,2026-09-27T20:09:07.906074+00:00
KXLOWTLAX,KXLOWTLAX-26SEP28-T60,Lowest Temperature in LA,KLAX,2026-09-28,less,,60.0,The Weather Company,https://weather.com/kalshi,0.0,0.01,0.99,1.0,14.0,0.0,369.13,0.0,2026-09-29T08:00:00Z,active,2026-09-27T20:09:07.906074+00:00
KXLOWTLAX,KXLOWTLAX-26SEP28-B66.5,Lowest Temperature in LA,KLAX,2026-09-28,between,66.0,67.0,The Weather Company,https://weather.com/kalshi,0.48,0.59,0.41,0.52,5.0,43.0,98.39,0.0,2026-09-29T08:00:00Z,active,2026-09-27T20:09:07.906074+00:00
KXLOWTLAX,KXLOWTLAX-26SEP28-B64.5,Lowest Temperature in LA,KLAX,2026-09-28,between,64.0,65.0,The Weather Company,https://weather.com/kalshi,0.17,0.19,0.81,0.83,2.0,25.0,87.11,0.0,2026-09-29T08:00:00Z,active,2026-09-27T20:09:07.906074+00:00
KXLOWTLAX,KXLOWTLAX-26SEP28-B62.5,Lowest Temperature in LA,KLAX,2026-09-28,between,62.0,63.0,The Weather Company,https://weather.com/kalshi,0.03,0.04,0.96,0.97,55.0,4.72,10.28,0.0,2026-09-29T08:00:00Z,active,2026-09-27T20:09:07.906074+00:00
KXLOWTLAX,KXLOWTLAX-26SEP28-B60.5,Lowest Temperature in LA,KLAX,2026-09-28,between,60.0,61.0,The Weather Company,https://weather.com/kalshi,0.0,0.03,0.97,1.0,36.0,0.0,203.0,0.0,2026-09-29T08:00:00Z,active,2026-09-27T20:09:07.906074+00:00
KXLOWTLAX,KXLOWTLAX-26SEP27-T71,Lowest Temperature in LA,KLAX,2026-09-27,greater,71.0,,The Weather Company,https://weather.com/kalshi,0.0,0.01,0.99,1.0,20449.15,0.0,517.0,0.0,2026-09-28T08:00:00Z,active,2026-09-27T20:09:07.906074+00:00
KXLOWTLAX,KXLOWTLAX-26SEP27-T64,Lowest Temperature in LA,KLAX,2026-09-27,less,,64.0,The Weather Company,https://weather.com/kalshi,0.0,0.01,0.99,1.0,33.31,0.0,338.43,0.0,2026-09-28T08:00:00Z,active,2026-09-27T20:09:07.906074+00:00
KXLOWTLAX,KXLOWTLAX-26SEP27-B70.5,Lowest Temperature in LA,KLAX,2026-09-27,between,70.0,71.0,The Weather Company,https://weather.com/kalshi,0.5,0.61,0.39,0.5,93.0,50.0,415.09,0.0,2026-09-28T08:00:00Z,active,2026-09-27T20:09:07.906074+00:00
KXLOWTLAX,KXLOWTLAX-26SEP27-B68.5,Lowest Temperature in LA,KLAX,2026-09-27,between,68.0,69.0,The Weather Company,https://weather.com/kalshi,0.4,0.49,0.51,0.6,4.0,4.0,278.74,0.0,2026-09-28T08:00:00Z,active,2026-09-27T20:09:07.906074+00:00
KXLOWTLAX,KXLOWTLAX-26SEP27-B66.5,Lowest Temperature in LA,KLAX,2026-09-27,between,66.0,67.0,The Weather Company,https://weather.com/kalshi,0.0,0.01,0.99,1.0,9.31,0.0,483.96,0.0,2026-09-28T08:00:00Z,active,2026-09-27T20:09:07.906074+00:00
KXLOWTLAX,KXLOWTLAX-26SEP27-B64.5,Lowest Temperature in LA,KLAX,2026-09-27,between,64.0,65.0,The Weather Company,https://weather.com/kalshi,0.0,0.01,0.99,1.0,18.31,0.0,420.38,0.0,2026-09-28T08:00:00Z,active,2026-09-27T20:09:07.906074+00:00
KXHIGHTTTN,KXHIGHTTTN-26SEP28-T71,"Trenton, NJ Daily Max Temp",KTTN,2026-09-28,greater,71.0,,The Weather Company,https://weather.com/kalshi,0.0,0.04,0.96,1.0,50.0,0.0,30.28,0.0,2026-09-29T05:00:00Z,active,2026-09-27T20:09:07.906074+00:00
KXHIGHTTTN,KXHIGHTTTN-26SEP28-T64,"Trenton, NJ Daily Max Temp",KTTN,2026-09-28,less,,64.0,The Weather Company,https://weather.com/kalshi,0.57,0.66,0.34,0.43,20.0,25.0,53.0,0.0,2026-09-29T05:00:00Z,active,2026-09-27T20:09:07.906074+00:00
KXHIGHTTTN,KXHIGHTTTN-26SEP28-B70.5,"Trenton, NJ Daily Max Temp",KTTN,2026-09-28,between,70.0,71.0,The Weather Company,https://weather.com/kalshi,0.01,0.04,0.96,0.99,226.0,79.0,1.0,0.0,2026-09-29T05:00:00Z,active,2026-09-27T20:09:07.906074+00:00
KXHIGHTTTN,KXHIGHTTTN-26SEP28-B68.5,"Trenton, NJ Daily Max Temp",KTTN,2026-09-28,between,68.0,69.0,The Weather Company,https://weather.com/kalshi,0.02,0.06,0.94,0.98,36.0,39.0,1.0,0.0,2026-09-29T05:00:00Z,active,2026-09-27T20:09:07.906074+00:00
KXHIGHTTTN,KXHIGHTTTN-26SEP28-B66.5,"Trenton, NJ Daily Max Temp",KTTN,2026-09-28,between,66.0,67.0,The Weather Company,https://weather.com/kalshi,0.02,0.08,0.92,0.98,25.0,57.0,77.0,0.0,2026-09-29T05:00:00Z,active,2026-09-27T20:09:07.906074+00:00
KXHIGHTTTN,KXHIGHTTTN-26SEP28-B64.5,"Trenton, NJ Daily Max Temp",KTTN,2026-09-28,between,64.0,65.0,The Weather Company,https://weather.com/kalshi,0.2,0.39,0.61,0.8,1.0,25.0,96.0,0.0,2026-09-29T05:00:00Z,active,2026-09-27T20:09:07.906074+00:00
KXHIGHTTTN,KXHIGHTTTN-26SEP27-T70,"Trenton, NJ Daily Max Temp",KTTN,2026-09-27,greater,70.0,,The Weather Company,https://weather.com/kalshi,0.0,0.01,0.99,1.0,8024.0,0.0,527.82,0.0,2026-09-28T05:00:00Z,active,2026-09-27T20:09:07.906074+00:00
KXHIGHTTTN,KXHIGHTTTN-26SEP27-T63,"Trenton, NJ Daily Max Temp",KTTN,2026-09-27,less,,63.0,The Weather Company,https://weather.com/kalshi,0.0,0.01,0.99,1.0,10363.34,0.0,1781.5,0.0,2026-09-28T05:00:00Z,active,2026-09-27T20:09:07.906074+00:00
KXHIGHTTTN,KXHIGHTTTN-26SEP27-B69.5,"Trenton, NJ Daily Max Temp",KTTN,2026-09-27,between,69.0,70.0,The Weather Company,https://weather.com/kalshi,0.0,0.01,0.99,1.0,200.0,0.0,202.33,0.0,2026-09-28T05:00:00Z,active,2026-09-27T20:09:07.906074+00:00
KXHIGHTTTN,KXHIGHTTTN-26SEP27-B67.5,"Trenton, NJ Daily Max Temp",KTTN,2026-09-27,between,67.0,68.0,The Weather Company,https://weather.com/kalshi,0.0,0.02,0.98,1.0,49.0,0.0,829.88,0.0,2026-09-28T05:00:00Z,active,2026-09-27T20:09:07.906074+00:00
KXHIGHTTTN,KXHIGHTTTN-26SEP27-B65.5,"Trenton, NJ Daily Max Temp",KTTN,2026-09-27,between,65.0,66.0,The Weather Company,https://weather.com/kalshi,0.48,0.83,0.17,0.52,10.0,6.49,27393.95,0.0,2026-09-28T05:00:00Z,active,2026-09-27T20:09:07.906074+00:00
KXHIGHTTTN,KXHIGHTTTN-26SEP27-B63.5,"Trenton, NJ Daily Max Temp",KTTN,2026-09-27,between,63.0,64.0,The Weather Company,https://weather.com/kalshi,0.04,0.57,0.43,0.96,9.0,111.0,478.35,0.0,2026-09-28T05:00:00Z,active,2026-09-27T20:09:07.906074+00:00
KXLOWTSAN,KXLOWTSAN-26SEP28-T69,Low Temperature San Diego,KSAN,2026-09-28,greater,69.0,,The Weather Company,https://weather.com/kalshi,0.04,0.88,0.12,0.96,1.0,1.0,34.0,0.0,2026-09-29T08:00:00Z,active,2026-09-27T20:09:07.906074+00:00
KXLOWTSAN,KXLOWTSAN-26SEP28-T62,Low Temperature San Diego,KSAN,2026-09-28,less,,62.0,The Weather Company,https://weather.com/kalshi,0.0,0.09,0.91,1.0,2.0,0.0,0.0,0.0,2026-09-29T08:00:00Z,active,2026-09-27T20:09:07.906074+00:00
KXLOWTSAN,KXLOWTSAN-26SEP28-B68.5,Low Temperature San Diego,KSAN,2026-09-28,between,68.0,69.0,The Weather Company,https://weather.com/kalshi,0.04,0.9,0.1,0.96,25.0,1.0,33.0,0.0,2026-09-29T08:00:00Z,active,2026-09-27T20:09:07.906074+00:00
KXLOWTSAN,KXLOWTSAN-26SEP28-B66.5,Low Temperature San Diego,KSAN,2026-09-28,between,66.0,67.0,The Weather Company,https://weather.com/kalshi,0.1,0.3,0.7,0.9,25.0,25.0,0.0,0.0,2026-09-29T08:00:00Z,active,2026-09-27T20:09:07.906074+00:00
KXLOWTSAN,KXLOWTSAN-26SEP28-B64.5,Low Temperature San Diego,KSAN,2026-09-28,between,64.0,65.0,The Weather Company,https://weather.com/kalshi,0.02,0.08,0.92,0.98,1.0,39.0,1.0,0.0,2026-09-29T08:00:00Z,active,2026-09-27T20:09:07.906074+00:00
KXLOWTSAN,KXLOWTSAN-26SEP28-B62.5,Low Temperature San Diego,KSAN,2026-09-28,between,62.0,63.0,The Weather Company,https://weather.com/kalshi,0.01,0.09,0.91,0.99,1.0,66.86,15.14,0.0,2026-09-29T08:00:00Z,active,2026-09-27T20:09:07.906074+00:00
KXLOWTSAN,KXLOWTSAN-26SEP27-T72,Low Temperature San Diego,KSAN,2026-09-27,greater,72.0,,The Weather Company,https://weather.com/kalshi,0.0,0.01,0.99,1.0,2534.15,0.0,285.23,0.0,2026-09-28T08:00:00Z,active,2026-09-27T20:09:07.906074+00:00
KXLOWTSAN,KXLOWTSAN-26SEP27-T65,Low Temperature San Diego,KSAN,2026-09-27,less,,65.0,The Weather Company,https://weather.com/kalshi,0.0,0.02,0.98,1.0,105.0,0.0,359.0,0.0,2026-09-28T08:00:00Z,active,2026-09-27T20:09:07.906074+00:00
KXLOWTSAN,KXLOWTSAN-26SEP27-B71.5,Low Temperature San Diego,KSAN,2026-09-27,between,71.0,72.0,The Weather Company,https://weather.com/kalshi,0.0,0.99,0.01,1.0,63.9,0.0,111.1,0.0,2026-09-28T08:00:00Z,active,2026-09-27T20:09:07.906074+00:00
KXLOWTSAN,KXLOWTSAN-26SEP27-B69.5,Low Temperature San Diego,KSAN,2026-09-27,between,69.0,70.0,The Weather Company,https://weather.com/kalshi,0.02,0.14,0.86,0.98,1.0,25.0,113.0,0.0,2026-09-28T08:00:00Z,active,2026-09-27T20:09:07.906074+00:00
KXLOWTSAN,KXLOWTSAN-26SEP27-B67.5,Low Temperature San Diego,KSAN,2026-09-27,between,67.0,68.0,The Weather Company,https://weather.com/kalshi,0.03,0.07,0.93,0.97,2.0,87.0,41.28,0.0,2026-09-28T08:00:00Z,active,2026-09-27T20:09:07.906074+00:00
KXLOWTSAN,KXLOWTSAN-26SEP27-B65.5,Low Temperature San Diego,KSAN,2026-09-27,between,65.0,66.0,The Weather Company,https://weather.com/kalshi,0.01,0.02,0.98,0.99,99.0,25.0,244.14,0.0,2026-09-28T08:00:00Z,active,2026-09-27T20:09:07.906074+00:00
KXHIGHAUS,KXHIGHAUS-26SEP28-T95,Highest temperature in Austin,KAUS,2026-09-28,less,,95.0,The Weather Company,https://weather.com/kalshi,0.02,0.03,0.97,0.98,67.0,238.0,308.0,0.0,2026-09-29T06:00:00Z,active,2026-09-27T20:09:07.906074+00:00
KXHIGHAUS,KXHIGHAUS-26SEP28-T102,Highest temperature in Austin,KAUS,2026-09-28,greater,102.0,,The Weather Company,https://weather.com/kalshi,0.0,0.01,0.99,1.0,400.39,0.0,376.0,0.0,2026-09-29T06:00:00Z,active,2026-09-27T20:09:07.906074+00:00
KXHIGHAUS,KXHIGHAUS-26SEP28-B99.5,Highest temperature in Austin,KAUS,2026-09-28,between,99.0,100.0,The Weather Company,https://weather.com/kalshi,0.21,0.23,0.77,0.79,1.0,42.0,495.13,0.0,2026-09-29T06:00:00Z,active,2026-09-27T20:09:07.906074+00:00
KXHIGHAUS,KXHIGHAUS-26SEP28-B97.5,Highest temperature in Austin,KAUS,2026-09-28,between,97.0,98.0,The Weather Company,https://weather.com/kalshi,0.53,0.54,0.46,0.47,26.0,91.0,129.32,0.0,2026-09-29T06:00:00Z,active,2026-09-27T20:09:07.906074+00:00
KXHIGHAUS,KXHIGHAUS-26SEP28-B95.5,Highest temperature in Austin,KAUS,2026-09-28,between,95.0,96.0,The Weather Company,https://weather.com/kalshi,0.21,0.22,0.78,0.79,245.61,1.0,168.0,0.0,2026-09-29T06:00:00Z,active,2026-09-27T20:09:07.906074+00:00
KXHIGHAUS,KXHIGHAUS-26SEP28-B101.5,Highest temperature in Austin,KAUS,2026-09-28,between,101.0,102.0,The Weather Company,https://weather.com/kalshi,0.03,0.04,0.96,0.97,43.0,3.57,160.43,0.0,2026-09-29T06:00:00Z,active,2026-09-27T20:09:07.906074+00:00
KXHIGHAUS,KXHIGHAUS-26SEP27-T96,Highest temperature in Austin,KAUS,2026-09-27,less,,96.0,The Weather Company,https://weather.com/kalshi,0.0,0.01,0.99,1.0,50024.6,0.0,6128.5,0.0,2026-09-28T06:00:00Z,active,2026-09-27T20:09:07.906074+00:00
KXHIGHAUS,KXHIGHAUS-26SEP27-T103,Highest temperature in Austin,KAUS,2026-09-27,greater,103.0,,The Weather Company,https://weather.com/kalshi,0.0,0.01,0.99,1.0,7062.3,0.0,346.0,0.0,2026-09-28T06:00:00Z,active,2026-09-27T20:09:07.906074+00:00
KXHIGHAUS,KXHIGHAUS-26SEP27-B98.5,Highest temperature in Austin,KAUS,2026-09-27,between,98.0,99.0,The Weather Company,https://weather.com/kalshi,0.82,0.91,0.09,0.18,25.0,25.0,4740.71,0.0,2026-09-28T06:00:00Z,active,2026-09-27T20:09:07.906074+00:00
KXHIGHAUS,KXHIGHAUS-26SEP27-B96.5,Highest temperature in Austin,KAUS,2026-09-27,between,96.0,97.0,The Weather Company,https://weather.com/kalshi,0.01,0.05,0.95,0.99,10.25,120.26,6123.44,0.0,2026-09-28T06:00:00Z,active,2026-09-27T20:09:07.906074+00:00
KXHIGHAUS,KXHIGHAUS-26SEP27-B102.5,Highest temperature in Austin,KAUS,2026-09-27,between,102.0,103.0,The Weather Company,https://weather.com/kalshi,0.0,0.01,0.99,1.0,664.9,0.0,861.0,0.0,2026-09-28T06:00:00Z,active,2026-09-27T20:09:07.906074+00:00
KXHIGHAUS,KXHIGHAUS-26SEP27-B100.5,Highest temperature in Austin,KAUS,2026-09-27,between,100.0,101.0,The Weather Company,https://weather.com/kalshi,0.05,0.06,0.94,0.95,1.0,5.38,1849.56,0.0,2026-09-28T06:00:00Z,active,2026-09-27T20:09:07.906074+00:00
KXLOWTMIN,KXLOWTMIN-26SEP28-T59,Low  temperature Minnesota,KMSP,2026-09-28,greater,59.0,,The Weather Company,https://weather.com/kalshi,0.14,0.44,0.56,0.86,3.0,39.0,140.0,0.0,2026-09-29T06:00:00Z,active,2026-09-27T20:09:07.906074+00:00
KXLOWTMIN,KXLOWTMIN-26SEP28-T52,Low  temperature Minnesota,KMSP,2026-09-28,less,,52.0,The Weather Company,https://weather.com/kalshi,0.0,0.01,0.99,1.0,88.01,0.0,67.0,0.0,2026-09-29T06:00:00Z,active,2026-09-27T20:09:07.906074+00:00
KXLOWTMIN,KXLOWTMIN-26SEP28-B58.5,Low  temperature Minnesota,KMSP,2026-09-28,between,58.0,59.0,The Weather Company,https://weather.com/kalshi,0.34,0.35,0.65,0.66,25.0,3.0,131.0,0.0,2026-09-29T06:00:00Z,active,2026-09-27T20:09:07.906074+00:00
KXLOWTMIN,KXLOWTMIN-26SEP28-B56.5,Low  temperature Minnesota,KMSP,2026-09-28,between,56.0,57.0,The Weather Company,https://weather.com/kalshi,0.03,0.32,0.68,0.97,39.0,126.34,119.0,0.0,2026-09-29T06:00:00Z,active,2026-09-27T20:09:07.906074+00:00
KXLOWTMIN,KXLOWTMIN-26SEP28-B54.5,Low  temperature Minnesota,KMSP,2026-09-28,between,54.0,55.0,The Weather Company,https://weather.com/kalshi,0.03,0.08,0.92,0.97,1.0,50.0,94.14,0.0,2026-09-29T06:00:00Z,active,2026-09-27T20:09:07.906074+00:00
KXLOWTMIN,KXLOWTMIN-26SEP28-B52.5,Low  temperature Minnesota,KMSP,2026-09-28,between,52.0,53.0,The Weather Company,https://weather.com/kalshi,0.02,0.05,0.95,0.98,2.0,50.0,183.14,0.0,2026-09-29T06:00:00Z,active,2026-09-27T20:09:07.906074+00:00
KXLOWTMIN,KXLOWTMIN-26SEP27-T57,Low  temperature Minnesota,KMSP,2026-09-27,greater,57.0,,The Weather Company,https://weather.com/kalshi,0.94,0.97,0.03,0.06,50.0,65.0,523.09,0.0,2026-09-28T06:00:00Z,active,2026-09-27T20:09:07.906074+00:00
KXLOWTMIN,KXLOWTMIN-26SEP27-T50,Low  temperature Minnesota,KMSP,2026-09-27,less,,50.0,The Weather Company,https://weather.com/kalshi,0.0,0.01,0.99,1.0,3.0,0.0,62.0,0.0,2026-09-28T06:00:00Z,active,2026-09-27T20:09:07.906074+00:00
KXLOWTMIN,KXLOWTMIN-26SEP27-B56.5,Low  temperature Minnesota,KMSP,2026-09-27,between,56.0,57.0,The Weather Company,https://weather.com/kalshi,0.03,0.05,0.95,0.97,9.0,25.0,281.91,0.0,2026-09-28T06:00:00Z,active,2026-09-27T20:09:07.906074+00:00
KXLOWTMIN,KXLOWTMIN-26SEP27-B54.5,Low  temperature Minnesota,KMSP,2026-09-27,between,54.0,55.0,The Weather Company,https://weather.com/kalshi,0.0,0.03,0.97,1.0,8.0,0.0,45.1,0.0,2026-09-28T06:00:00Z,active,2026-09-27T20:09:07.906074+00:00
KXLOWTMIN,KXLOWTMIN-26SEP27-B52.5,Low  temperature Minnesota,KMSP,2026-09-27,between,52.0,53.0,The Weather Company,https://weather.com/kalshi,0.0,0.02,0.98,1.0,3.0,0.0,70.28,0.0,2026-09-28T06:00:00Z,active,2026-09-27T20:09:07.906074+00:00
KXLOWTMIN,KXLOWTMIN-26SEP27-B50.5,Low  temperature Minnesota,KMSP,2026-09-27,between,50.0,51.0,The Weather Company,https://weather.com/kalshi,0.0,0.01,0.99,1.0,3.0,0.0,98.0,0.0,2026-09-28T06:00:00Z,active,2026-09-27T20:09:07.906074+00:00
KXHIGHTNOLA,KXHIGHTNOLA-26SEP28-T94,New Orleans Max temp Daily,KMSY,2026-09-28,greater,94.0,,The Weather Company,https://weather.com/kalshi,0.0,0.01,0.99,1.0,520.74,0.0,237.48,0.0,2026-09-29T06:00:00Z,active,2026-09-27T20:09:07.906074+00:00
KXHIGHTNOLA,KXHIGHTNOLA-26SEP28-T87,New Orleans Max temp Daily,KMSY,2026-09-28,less,,87.0,The Weather Company,https://weather.com/kalshi,0.01,0.02,0.98,0.99,53.24,270.14,441.3,0.0,2026-09-29T06:00:00Z,active,2026-09-27T20:09:07.906074+00:00
KXHIGHTNOLA,KXHIGHTNOLA-26SEP28-B93.5,New Orleans Max temp Daily,KMSY,2026-09-28,between,93.0,94.0,The Weather Company,https://weather.com/kalshi,0.03,0.04,0.96,0.97,50.0,56.34,174.66,0.0,2026-09-29T06:00:00Z,active,2026-09-27T20:09:07.906074+00:00
KXHIGHTNOLA,KXHIGHTNOLA-26SEP28-B91.5,New Orleans Max temp Daily,KMSY,2026-09-28,between,91.0,92.0,The Weather Company,https://weather.com/kalshi,0.27,0.28,0.72,0.73,4.0,51.77,69.23,0.0,2026-09-29T06:00:00Z,active,2026-09-27T20:09:07.906074+00:00
KXHIGHTNOLA,KXHIGHTNOLA-26SEP28-B89.5,New Orleans Max temp Daily,KMSY,2026-09-28,between,89.0,90.0,The Weather Company,https://weather.com/kalshi,0.6,0.61,0.39,0.4,22.0,37.0,162.23,0.0,2026-09-29T06:00:00Z,active,2026-09-27T20:09:07.906074+00:00
KXHIGHTNOLA,KXHIGHTNOLA-26SEP28-B87.5,New Orleans Max temp Daily,KMSY,2026-09-28,between,87.0,88.0,The Weather Company,https://weather.com/kalshi,0.11,0.12,0.88,0.89,2.0,9.77,75.23,0.0,2026-09-29T06:00:00Z,active,2026-09-27T20:09:07.906074+00:00
KXHIGHTNOLA,KXHIGHTNOLA-26SEP27-T94,New Orleans Max temp Daily,KMSY,2026-09-27,greater,94.0,,The Weather Company,https://weather.com/kalshi,0.0,0.01,0.99,1.0,6133.71,0.0,154.0,0.0,2026-09-28T06:00:00Z,active,2026-09-27T20:09:07.906074+00:00
KXHIGHTNOLA,KXHIGHTNOLA-26SEP27-T87,New Orleans Max temp Daily,KMSY,2026-09-27,less,,87.0,The Weather Company,https://weather.com/kalshi,0.0,0.01,0.99,1.0,46903.65,0.0,1042.83,0.0,2026-09-28T06:00:00Z,active,2026-09-27T20:09:07.906074+00:00
KXHIGHTNOLA,KXHIGHTNOLA-26SEP27-B93.5,New Orleans Max temp Daily,KMSY,2026-09-27,between,93.0,94.0,The Weather Company,https://weather.com/kalshi,0.0,0.01,0.99,1.0,43.98,0.0,483.62,0.0,2026-09-28T06:00:00Z,active,2026-09-27T20:09:07.906074+00:00
KXHIGHTNOLA,KXHIGHTNOLA-26SEP27-B91.5,New Orleans Max temp Daily,KMSY,2026-09-27,between,91.0,92.0,The Weather Company,https://weather.com/kalshi,0.01,0.02,0.98,0.99,11.0,256.22,457.17,0.0,2026-09-28T06:00:00Z,active,2026-09-27T20:09:07.906074+00:00
KXHIGHTNOLA,KXHIGHTNOLA-26SEP27-B89.5,New Orleans Max temp Daily,KMSY,2026-09-27,between,89.0,90.0,The Weather Company,https://weather.com/kalshi,0.71,0.83,0.17,0.29,66.67,36.6,1187.59,0.0,2026-09-28T06:00:00Z,active,2026-09-27T20:09:07.906074+00:00
KXHIGHTNOLA,KXHIGHTNOLA-26SEP27-B87.5,New Orleans Max temp Daily,KMSY,2026-09-27,between,87.0,88.0,The Weather Company,https://weather.com/kalshi,0.16,0.18,0.82,0.84,3.4,75.0,3164.42,0.0,2026-09-28T06:00:00Z,active,2026-09-27T20:09:07.906074+00:00
KXLOWTEWR,KXLOWTEWR-26SEP28-T61,"Newark, NJ (EWR) Daily Low Temp",KEWR,2026-09-28,greater,61.0,,The Weather Company,https://weather.com/kalshi,0.07,0.17,0.83,0.93,50.0,89.0,15.0,0.0,2026-09-29T05:00:00Z,active,2026-09-27T20:09:07.906074+00:00
KXLOWTEWR,KXLOWTEWR-26SEP28-T54,"Newark, NJ (EWR) Daily Low Temp",KEWR,2026-09-28,less,,54.0,The Weather Company,https://weather.com/kalshi,0.0,0.07,0.93,1.0,2.0,0.0,62.0,0.0,2026-09-29T05:00:00Z,active,2026-09-27T20:09:07.906074+00:00
KXLOWTEWR,KXLOWTEWR-26SEP28-B60.5,"Newark, NJ (EWR) Daily Low Temp",KEWR,2026-09-28,between,60.0,61.0,The Weather Company,https://weather.com/kalshi,0.14,0.23,0.77,0.86,25.0,20.0,0.0,0.0,2026-09-29T05:00:00Z,active,2026-09-27T20:09:07.906074+00:00
KXLOWTEWR,KXLOWTEWR-26SEP28-B58.5,"Newark, NJ (EWR) Daily Low Temp",KEWR,2026-09-28,between,58.0,59.0,The Weather Company,https://weather.com/kalshi,0.09,0.71,0.29,0.91,87.0,42.0,38.0,0.0,2026-09-29T05:00:00Z,active,2026-09-27T20:09:07.906074+00:00
KXLOWTEWR,KXLOWTEWR-26SEP28-B56.5,"Newark, NJ (EWR) Daily Low Temp",KEWR,2026-09-28,between,56.0,57.0,The Weather Company,https://weather.com/kalshi,0.12,0.24,0.76,0.88,25.0,89.0,46.09,0.0,2026-09-29T05:00:00Z,active,2026-09-27T20:09:07.906074+00:00
KXLOWTEWR,KXLOWTEWR-26SEP28-B54.5,"Newark, NJ (EWR) Daily Low Temp",KEWR,2026-09-28,between,54.0,55.0,The Weather Company,https://weather.com/kalshi,0.01,0.11,0.89,0.99,2.0,25.0,229.09,0.0,2026-09-29T05:00:00Z,active,2026-09-27T20:09:07.906074+00:00
KXLOWTEWR,KXLOWTEWR-26SEP27-T58,"Newark, NJ (EWR) Daily Low Temp",KEWR,2026-09-27,greater,58.0,,The Weather Company,https://weather.com/kalshi,0.0,0.01,0.99,1.0,11420.49,0.0,429.51,0.0,2026-09-28T05:00:00Z,active,2026-09-27T20:09:07.906074+00:00
KXLOWTEWR,KXLOWTEWR-26SEP27-T51,"Newark, NJ (EWR) Daily Low Temp",KEWR,2026-09-27,less,,51.0,The Weather Company,https://weather.com/kalshi,0.0,0.06,0.94,1.0,2.0,0.0,0.0,0.0,2026-09-28T05:00:00Z,active,2026-09-27T20:09:07.906074+00:00
KXLOWTEWR,KXLOWTEWR-26SEP27-B57.5,"Newark, NJ (EWR) Daily Low Temp",KEWR,2026-09-27,between,57.0,58.0,The Weather Company,https://weather.com/kalshi,0.61,1.0,0.0,0.39,0.0,2.0,246.0,0.0,2026-09-28T05:00:00Z,active,2026-09-27T20:09:07.906074+00:00
KXLOWTEWR,KXLOWTEWR-26SEP27-B55.5,"Newark, NJ (EWR) Daily Low Temp",KEWR,2026-09-27,between,55.0,56.0,The Weather Company,https://weather.com/kalshi,0.0,0.08,0.92,1.0,2.0,0.0,130.0,0.0,2026-09-28T05:00:00Z,active,2026-09-27T20:09:07.906074+00:00
KXLOWTEWR,KXLOWTEWR-26SEP27-B53.5,"Newark, NJ (EWR) Daily Low Temp",KEWR,2026-09-27,between,53.0,54.0,The Weather Company,https://weather.com/kalshi,0.0,0.03,0.97,1.0,37.0,0.0,241.11,0.0,2026-09-28T05:00:00Z,active,2026-09-27T20:09:07.906074+00:00
KXLOWTEWR,KXLOWTEWR-26SEP27-B51.5,"Newark, NJ (EWR) Daily Low Temp",KEWR,2026-09-27,between,51.0,52.0,The Weather Company,https://weather.com/kalshi,0.0,0.03,0.97,1.0,7.0,0.0,0.0,0.0,2026-09-28T05:00:00Z,active,2026-09-27T20:09:07.906074+00:00
KXHIGHTOKC,KXHIGHTOKC-26SEP28-T95,Oklahoma City Maximum High Temperature,KOKC,2026-09-28,greater,95.0,,The Weather Company,https://weather.com/kalshi,0.0,0.01,0.99,1.0,183.0,0.0,89.0,0.0,2026-09-29T06:00:00Z,active,2026-09-27T20:09:07.906074+00:00
KXHIGHTOKC,KXHIGHTOKC-26SEP28-T88,Oklahoma City Maximum High Temperature,KOKC,2026-09-28,less,,88.0,The Weather Company,https://weather.com/kalshi,0.18,0.19,0.81,0.82,86.0,3.0,504.2,0.0,2026-09-29T06:00:00Z,active,2026-09-27T20:09:07.906074+00:00
KXHIGHTOKC,KXHIGHTOKC-26SEP28-B94.5,Oklahoma City Maximum High Temperature,KOKC,2026-09-28,between,94.0,95.0,The Weather Company,https://weather.com/kalshi,0.12,0.14,0.86,0.88,1.0,63.36,1010.39,0.0,2026-09-29T06:00:00Z,active,2026-09-27T20:09:07.906074+00:00
KXHIGHTOKC,KXHIGHTOKC-26SEP28-B92.5,Oklahoma City Maximum High Temperature,KOKC,2026-09-28,between,92.0,93.0,The Weather Company,https://weather.com/kalshi,0.27,0.32,0.68,0.73,10.0,83.0,928.0,0.0,2026-09-29T06:00:00Z,active,2026-09-27T20:09:07.906074+00:00
KXHIGHTOKC,KXHIGHTOKC-26SEP28-B90.5,Oklahoma City Maximum High Temperature,KOKC,2026-09-28,between,90.0,91.0,The Weather Company,https://weather.com/kalshi,0.25,0.31,0.69,0.75,58.0,5.0,582.33,0.0,2026-09-29T06:00:00Z,active,2026-09-27T20:09:07.906074+00:00
KXHIGHTOKC,KXHIGHTOKC-26SEP28-B88.5,Oklahoma City Maximum High Temperature,KOKC,2026-09-28,between,88.0,89.0,The Weather Company,https://weather.com/kalshi,0.17,0.19,0.81,0.83,4.52,13.72,905.31,0.0,2026-09-29T06:00:00Z,active,2026-09-27T20:09:07.906074+00:00
KXHIGHTOKC,KXHIGHTOKC-26SEP27-T96,Oklahoma City Maximum High Temperature,KOKC,2026-09-27,greater,96.0,,The Weather Company,https://weather.com/kalshi,0.0,0.01,0.99,1.0,1000.0,0.0,2484.46,0.0,2026-09-28T06:00:00Z,active,2026-09-27T20:09:07.906074+00:00
KXHIGHTOKC,KXHIGHTOKC-26SEP27-T89,Oklahoma City Maximum High Temperature,KOKC,2026-09-27,less,,89.0,The Weather Company,https://weather.com/kalshi,0.0,0.01,0.99,1.0,41950.97,0.0,1360.77,0.0,2026-09-28T06:00:00Z,active,2026-09-27T20:09:07.906074+00:00
KXHIGHTOKC,KXHIGHTOKC-26SEP27-B95.5,Oklahoma City Maximum High Temperature,KOKC,2026-09-27,between,95.0,96.0,The Weather Company,https://weather.com/kalshi,0.06,0.07,0.93,0.94,91.0,42.0,4510.65,0.0,2026-09-28T06:00:00Z,active,2026-09-27T20:09:07.906074+00:00
KXHIGHTOKC,KXHIGHTOKC-26SEP27-B93.5,Oklahoma City Maximum High Temperature,KOKC,2026-09-27,between,93.0,94.0,The Weather Company,https://weather.com/kalshi,0.6,0.62,0.38,0.4,45.0,68.0,3436.97,0.0,2026-09-28T06:00:00Z,active,2026-09-27T20:09:07.906074+00:00
KXHIGHTOKC,KXHIGHTOKC-26SEP27-B91.5,Oklahoma City Maximum High Temperature,KOKC,2026-09-27,between,91.0,92.0,The Weather Company,https://weather.com/kalshi,0.28,0.34,0.66,0.72,59.0,28.0,3322.15,0.0,2026-09-28T06:00:00Z,active,2026-09-27T20:09:07.906074+00:00
KXHIGHTOKC,KXHIGHTOKC-26SEP27-B89.5,Oklahoma City Maximum High Temperature,KOKC,2026-09-27,between,89.0,90.0,The Weather Company,https://weather.com/kalshi,0.0,0.01,0.99,1.0,41714.52,0.0,2591.32,0.0,2026-09-28T06:00:00Z,active,2026-09-27T20:09:07.906074+00:00
KXHIGHTSAN,KXHIGHTSAN-26SEP28-T82,High Temperature San Diego,KSAN,2026-09-28,greater,82.0,,The Weather Company,https://weather.com/kalshi,0.0,0.06,0.94,1.0,26.0,0.0,0.0,0.0,2026-09-29T08:00:00Z,active,2026-09-27T20:09:07.906074+00:00
KXHIGHTSAN,KXHIGHTSAN-26SEP28-T75,High Temperature San Diego,KSAN,2026-09-28,less,,75.0,The Weather Company,https://weather.com/kalshi,0.02,0.07,0.93,0.98,26.0,39.0,15.14,0.0,2026-09-29T08:00:00Z,active,2026-09-27T20:09:07.906074+00:00
KXHIGHTSAN,KXHIGHTSAN-26SEP28-B81.5,High Temperature San Diego,KSAN,2026-09-28,between,81.0,82.0,The Weather Company,https://weather.com/kalshi,0.03,0.12,0.88,0.97,26.0,57.0,15.28,0.0,2026-09-29T08:00:00Z,active,2026-09-27T20:09:07.906074+00:00
KXHIGHTSAN,KXHIGHTSAN-26SEP28-B79.5,High Temperature San Diego,KSAN,2026-09-28,between,79.0,80.0,The Weather Company,https://weather.com/kalshi,0.27,0.42,0.58,0.73,25.0,25.0,0.0,0.0,2026-09-29T08:00:00Z,active,2026-09-27T20:09:07.906074+00:00
KXHIGHTSAN,KXHIGHTSAN-26SEP28-B77.5,High Temperature San Diego,KSAN,2026-09-28,between,77.0,78.0,The Weather Company,https://weather.com/kalshi,0.39,0.5,0.5,0.61,35.0,25.0,0.0,0.0,2026-09-29T08:00:00Z,active,2026-09-27T20:09:07.906074+00:00
KXHIGHTSAN,KXHIGHTSAN-26SEP28-B75.5,High Temperature San Diego,KSAN,2026-09-28,between,75.0,76.0,The Weather Company,https://weather.com/kalshi,0.1,0.17,0.83,0.9,26.0,30.0,38.1,0.0,2026-09-29T08:00:00Z,active,2026-09-27T20:09:07.906074+00:00
KXHIGHTSAN,KXHIGHTSAN-26SEP27-T87,High Temperature San Diego,KSAN,2026-09-27,greater,87.0,,The Weather Company,https://weather.com/kalshi,0.0,0.01,0.99,1.0,14.16,0.0,18.14,0.0,2026-09-28T08:00:00Z,active,2026-09-27T20:09:07.906074+00:00
KXHIGHTSAN,KXHIGHTSAN-26SEP27-T80,High Temperature San Diego,KSAN,2026-09-27,less,,80.0,The Weather Company,https://weather.com/kalshi,0.0,0.01,0.99,1.0,5134.15,0.0,1427.63,0.0,2026-09-28T08:00:00Z,active,2026-09-27T20:09:07.906074+00:00
KXHIGHTSAN,KXHIGHTSAN-26SEP27-B86.5,High Temperature San Diego,KSAN,2026-09-27,between,86.0,87.0,The Weather Company,https://weather.com/kalshi,0.0,0.02,0.98,1.0,55.42,0.0,151.88,0.0,2026-09-28T08:00:00Z,active,2026-09-27T20:09:07.906074+00:00
KXHIGHTSAN,KXHIGHTSAN-26SEP27-B84.5,High Temperature San Diego,KSAN,2026-09-27,between,84.0,85.0,The Weather Company,https://weather.com/kalshi,0.01,0.02,0.98,0.99,10.0,0.72,184.16,0.0,2026-09-28T08:00:00Z,active,2026-09-27T20:09:07.906074+00:00
KXHIGHTSAN,KXHIGHTSAN-26SEP27-B82.5,High Temperature San Diego,KSAN,2026-09-27,between,82.0,83.0,The Weather Company,https://weather.com/kalshi,0.11,0.27,0.73,0.89,1.43,39.0,403.16,0.0,2026-09-28T08:00:00Z,active,2026-09-27T20:09:07.906074+00:00
KXHIGHTSAN,KXHIGHTSAN-26SEP27-B80.5,High Temperature San Diego,KSAN,2026-09-27,between,80.0,81.0,The Weather Company,https://weather.com/kalshi,0.76,0.88,0.12,0.24,38.0,89.0,540.76,0.0,2026-09-28T08:00:00Z,active,2026-09-27T20:09:07.906074+00:00
KXHIGHMIA,KXHIGHMIA-26SEP28-T90,Highest temperature in Miami,KMIA,2026-09-28,greater,90.0,,The Weather Company,https://weather.com/kalshi,0.3,0.31,0.69,0.7,63.0,73.0,1326.05,0.0,2026-09-29T05:00:00Z,active,2026-09-27T20:09:07.906074+00:00
KXHIGHMIA,KXHIGHMIA-26SEP28-T83,Highest temperature in Miami,KMIA,2026-09-28,less,,83.0,The Weather Company,https://weather.com/kalshi,0.0,0.01,0.99,1.0,1535.0,0.0,521.0,0.0,2026-09-29T05:00:00Z,active,2026-09-27T20:09:07.906074+00:00
KXHIGHMIA,KXHIGHMIA-26SEP28-B89.5,Highest temperature in Miami,KMIA,2026-09-28,between,89.0,90.0,The Weather Company,https://weather.com/kalshi,0.4,0.42,0.58,0.6,64.0,58.0,791.9,0.0,2026-09-29T05:00:00Z,active,2026-09-27T20:09:07.906074+00:00
KXHIGHMIA,KXHIGHMIA-26SEP28-B87.5,Highest temperature in Miami,KMIA,2026-09-28,between,87.0,88.0,The Weather Company,https://weather.com/kalshi,0.22,0.24,0.76,0.78,54.0,52.0,711.28,0.0,2026-09-29T05:00:00Z,active,2026-09-27T20:09:07.906074+00:00
KXHIGHMIA,KXHIGHMIA-26SEP28-B85.5,Highest temperature in Miami,KMIA,2026-09-28,between,85.0,86.0,The Weather Company,https://weather.com/kalshi,0.05,0.06,0.94,0.95,20.0,134.0,387.66,0.0,2026-09-29T05:00:00Z,active,2026-09-27T20:09:07.906074+00:00
KXHIGHMIA,KXHIGHMIA-26SEP28-B83.5,Highest temperature in Miami,KMIA,2026-09-28,between,83.0,84.0,The Weather Company,https://weather.com/kalshi,0.0,0.02,0.98,1.0,267.0,0.0,707.0,0.0,2026-09-29T05:00:00Z,active,2026-09-27T20:09:07.906074+00:00
KXHIGHMIA,KXHIGHMIA-26SEP27-T90,Highest temperature in Miami,KMIA,2026-09-27,greater,90.0,,The Weather Company,https://weather.com/kalshi,0.03,0.04,0.96,0.97,34.0,500.0,33977.91,0.0,2026-09-28T05:00:00Z,active,2026-09-27T20:09:07.906074+00:00
KXHIGHMIA,KXHIGHMIA-26SEP27-T83,Highest temperature in Miami,KMIA,2026-09-27,less,,83.0,The Weather Company,https://weather.com/kalshi,0.0,0.01,0.99,1.0,172897.01,0.0,2035.06,0.0,2026-09-28T05:00:00Z,active,2026-09-27T20:09:07.906074+00:00
KXHIGHMIA,KXHIGHMIA-26SEP27-B89.5,Highest temperature in Miami,KMIA,2026-09-27,between,89.0,90.0,The Weather Company,https://weather.com/kalshi,0.96,0.98,0.02,0.04,367.12,60.0,27941.33,0.0,2026-09-28T05:00:00Z,active,2026-09-27T20:09:07.906074+00:00
KXHIGHMIA,KXHIGHMIA-26SEP27-B87.5,Highest temperature in Miami,KMIA,2026-09-27,between,87.0,88.0,The Weather Company,https://weather.com/kalshi,0.0,0.01,0.99,1.0,137277.98,0.0,54850.03,0.0,2026-09-28T05:00:00Z,active,2026-09-27T20:09:07.906074+00:00
KXHIGHMIA,KXHIGHMIA-26SEP27-B85.5,Highest temperature in Miami,KMIA,2026-09-27,between,85.0,86.0,The Weather Company,https://weather.com/kalshi,0.0,0.01,0.99,1.0,147635.5,0.0,46689.64,0.0,2026-09-28T05:00:00Z,active,2026-09-27T20:09:07.906074+00:00
KXHIGHMIA,KXHIGHMIA-26SEP27-B83.5,Highest temperature in Miami,KMIA,2026-09-27,between,83.0,84.0,The Weather Company,https://weather.com/kalshi,0.0,0.01,0.99,1.0,165059.91,0.0,13533.27,0.0,2026-09-28T05:00:00Z,active,2026-09-27T20:09:07.906074+00:00
KXHIGHDEN,KXHIGHDEN-26SEP28-T80,Highest temperature in Denver,KDEN,2026-09-28,greater,80.0,,The Weather Company,https://weather.com/kalshi,0.01,0.02,0.98,0.99,121.24,397.86,46.14,0.0,2026-09-29T07:00:00Z,active,2026-09-27T20:09:07.906074+00:00
KXHIGHDEN,KXHIGHDEN-26SEP28-T73,Highest temperature in Denver,KDEN,2026-09-28,less,,73.0,The Weather Company,https://weather.com/kalshi,0.33,0.34,0.66,0.67,77.72,38.0,777.15,0.0,2026-09-29T07:00:00Z,active,2026-09-27T20:09:07.906074+00:00
KXHIGHDEN,KXHIGHDEN-26SEP28-B79.5,Highest temperature in Denver,KDEN,2026-09-28,between,79.0,80.0,The Weather Company,https://weather.com/kalshi,0.03,0.04,0.96,0.97,10.0,73.0,88.37,0.0,2026-09-29T07:00:00Z,active,2026-09-27T20:09:07.906074+00:00
KXHIGHDEN,KXHIGHDEN-26SEP28-B77.5,Highest temperature in Denver,KDEN,2026-09-28,between,77.0,78.0,The Weather Company,https://weather.com/kalshi,0.1,0.12,0.88,0.9,2.0,106.0,105.05,0.0,2026-09-29T07:00:00Z,active,2026-09-27T20:09:07.906074+00:00
KXHIGHDEN,KXHIGHDEN-26SEP28-B75.5,Highest temperature in Denver,KDEN,2026-09-28,between,75.0,76.0,The Weather Company,https://weather.com/kalshi,0.27,0.28,0.72,0.73,79.0,1.0,18.73,0.0,2026-09-29T07:00:00Z,active,2026-09-27T20:09:07.906074+00:00
KXHIGHDEN,KXHIGHDEN-26SEP28-B73.5,Highest temperature in Denver,KDEN,2026-09-28,between,73.0,74.0,The Weather Company,https://weather.com/kalshi,0.25,0.26,0.74,0.75,80.0,280.0,177.0,0.0,2026-09-29T07:00:00Z,active,2026-09-27T20:09:07.906074+00:00
KXHIGHDEN,KXHIGHDEN-26SEP27-T87,Highest temperature in Denver,KDEN,2026-09-27,greater,87.0,,The Weather Company,https://weather.com/kalshi,0.0,0.01,0.99,1.0,2275.0,0.0,2151.84,0.0,2026-09-28T07:00:00Z,active,2026-09-27T20:09:07.906074+00:00
KXHIGHDEN,KXHIGHDEN-26SEP27-T80,Highest temperature in Denver,KDEN,2026-09-27,less,,80.0,The Weather Company,https://weather.com/kalshi,0.0,0.01,0.99,1.0,17215.37,0.0,527.7,0.0,2026-09-28T07:00:00Z,active,2026-09-27T20:09:07.906074+00:00
KXHIGHDEN,KXHIGHDEN-26SEP27-B86.5,Highest temperature in Denver,KDEN,2026-09-27,between,86.0,87.0,The Weather Company,https://weather.com/kalshi,0.0,0.01,0.99,1.0,33.93,0.0,1199.25,0.0,2026-09-28T07:00:00Z,active,2026-09-27T20:09:07.906074+00:00
KXHIGHDEN,KXHIGHDEN-26SEP27-B84.5,Highest temperature in Denver,KDEN,2026-09-27,between,84.0,85.0,The Weather Company,https://weather.com/kalshi,0.33,0.38,0.62,0.67,51.7,11.0,2849.97,0.0,2026-09-28T07:00:00Z,active,2026-09-27T20:09:07.906074+00:00
KXHIGHDEN,KXHIGHDEN-26SEP27-B82.5,Highest temperature in Denver,KDEN,2026-09-27,between,82.0,83.0,The Weather Company,https://weather.com/kalshi,0.62,0.64,0.36,0.38,72.0,20.0,4098.34,0.0,2026-09-28T07:00:00Z,active,2026-09-27T20:09:07.906074+00:00
KXHIGHDEN,KXHIGHDEN-26SEP27-B80.5,Highest temperature in Denver,KDEN,2026-09-27,between,80.0,81.0,The Weather Company,https://weather.com/kalshi,0.02,0.03,0.97,0.98,10.0,1.0,3457.76,0.0,2026-09-28T07:00:00Z,active,2026-09-27T20:09:07.906074+00:00
KXHIGHTLV,KXHIGHTLV-26SEP28-T87,Las Vegas Max Daily Temperature,KLAS,2026-09-28,greater,87.0,,The Weather Company,https://weather.com/kalshi,0.01,0.02,0.98,0.99,160.0,1061.94,160.52,0.0,2026-09-29T08:00:00Z,active,2026-09-27T20:09:07.906074+00:00
KXHIGHTLV,KXHIGHTLV-26SEP28-T80,Las Vegas Max Daily Temperature,KLAS,2026-09-28,less,,80.0,The Weather Company,https://weather.com/kalshi,0.11,0.14,0.86,0.89,24.51,10.0,1383.58,0.0,2026-09-29T08:00:00Z,active,2026-09-27T20:09:07.906074+00:00
KXHIGHTLV,KXHIGHTLV-26SEP28-B86.5,Las Vegas Max Daily Temperature,KLAS,2026-09-28,between,86.0,87.0,The Weather Company,https://weather.com/kalshi,0.17,0.18,0.82,0.83,1.0,72.0,77.15,0.0,2026-09-29T08:00:00Z,active,2026-09-27T20:09:07.906074+00:00
KXHIGHTLV,KXHIGHTLV-26SEP28-B84.5,Las Vegas Max Daily Temperature,KLAS,2026-09-28,between,84.0,85.0,The Weather Company,https://weather.com/kalshi,0.35,0.36,0.64,0.65,24.0,36.0,298.64,0.0,2026-09-29T08:00:00Z,active,2026-09-27T20:09:07.906074+00:00
KXHIGHTLV,KXHIGHTLV-26SEP28-B82.5,Las Vegas Max Daily Temperature,KLAS,2026-09-28,between,82.0,83.0,The Weather Company,https://weather.com/kalshi,0.28,0.32,0.68,0.72,40.0,4.0,159.64,0.0,2026-09-29T08:00:00Z,active,2026-09-27T20:09:07.906074+00:00
KXHIGHTLV,KXHIGHTLV-26SEP28-B80.5,Las Vegas Max Daily Temperature,KLAS,2026-09-28,between,80.0,81.0,The Weather Company,https://weather.com/kalshi,0.08,0.09,0.91,0.92,2.0,5.0,366.66,0.0,2026-09-29T08:00:00Z,active,2026-09-27T20:09:07.906074+00:00
KXHIGHTLV,KXHIGHTLV-26SEP27-T95,Las Vegas Max Daily Temperature,KLAS,2026-09-27,greater,95.0,,The Weather Company,https://weather.com/kalshi,0.01,0.03,0.97,0.99,2.0,148.6,3513.33,0.0,2026-09-28T08:00:00Z,active,2026-09-27T20:09:07.906074+00:00
KXHIGHTLV,KXHIGHTLV-26SEP27-T88,Las Vegas Max Daily Temperature,KLAS,2026-09-27,less,,88.0,The Weather Company,https://weather.com/kalshi,0.0,0.01,0.99,1.0,48499.91,0.0,2200.34,0.0,2026-09-28T08:00:00Z,active,2026-09-27T20:09:07.906074+00:00
KXHIGHTLV,KXHIGHTLV-26SEP27-B94.5,Las Vegas Max Daily Temperature,KLAS,2026-09-27,between,94.0,95.0,The Weather Company,https://weather.com/kalshi,0.57,0.62,0.38,0.43,29.0,2.0,5234.33,0.0,2026-09-28T08:00:00Z,active,2026-09-27T20:09:07.906074+00:00
KXHIGHTLV,KXHIGHTLV-26SEP27-B92.5,Las Vegas Max Daily Temperature,KLAS,2026-09-27,between,92.0,93.0,The Weather Company,https://weather.com/kalshi,0.36,0.37,0.63,0.64,72.0,1.0,4944.84,0.0,2026-09-28T08:00:00Z,active,2026-09-27T20:09:07.906074+00:00
KXHIGHTLV,KXHIGHTLV-26SEP27-B90.5,Las Vegas Max Daily Temperature,KLAS,2026-09-27,between,90.0,91.0,The Weather Company,https://weather.com/kalshi,0.0,0.01,0.99,1.0,47295.47,0.0,4446.83,0.0,2026-09-28T08:00:00Z,active,2026-09-27T20:09:07.906074+00:00
KXHIGHTLV,KXHIGHTLV-26SEP27-B88.5,Las Vegas Max Daily Temperature,KLAS,2026-09-27,between,88.0,89.0,The Weather Company,https://weather.com/kalshi,0.0,0.01,0.99,1.0,47978.6,0.0,2991.68,0.0,2026-09-28T08:00:00Z,active,2026-09-27T20:09:07.906074+00:00
KXLOWTSATX,KXLOWTSATX-26SEP28-T76,Lowest Temperature SATX,KSAT,2026-09-28,greater,76.0,,The Weather Company,https://weather.com/kalshi,0.1,0.2,0.8,0.9,50.0,89.0,21.62,0.0,2026-09-29T06:00:00Z,active,2026-09-27T20:09:07.906074+00:00
KXLOWTSATX,KXLOWTSATX-26SEP28-T69,Lowest Temperature SATX,KSAT,2026-09-28,less,,69.0,The Weather Company,https://weather.com/kalshi,0.0,0.01,0.99,1.0,18.0,0.0,0.0,0.0,2026-09-29T06:00:00Z,active,2026-09-27T20:09:07.906074+00:00
KXLOWTSATX,KXLOWTSATX-26SEP28-B75.5,Lowest Temperature SATX,KSAT,2026-09-28,between,75.0,76.0,The Weather Company,https://weather.com/kalshi,0.36,0.46,0.54,0.64,30.0,134.0,37.0,0.0,2026-09-29T06:00:00Z,active,2026-09-27T20:09:07.906074+00:00
KXLOWTSATX,KXLOWTSATX-26SEP28-B73.5,Lowest Temperature SATX,KSAT,2026-09-28,between,73.0,74.0,The Weather Company,https://weather.com/kalshi,0.35,0.45,0.55,0.65,126.0,25.0,3.0,0.0,2026-09-29T06:00:00Z,active,2026-09-27T20:09:07.906074+00:00
KXLOWTSATX,KXLOWTSATX-26SEP28-B71.5,Lowest Temperature SATX,KSAT,2026-09-28,between,71.0,72.0,The Weather Company,https://weather.com/kalshi,0.04,0.08,0.92,0.96,50.0,89.0,15.28,0.0,2026-09-29T06:00:00Z,active,2026-09-27T20:09:07.906074+00:00
KXLOWTSATX,KXLOWTSATX-26SEP28-B69.5,Lowest Temperature SATX,KSAT,2026-09-28,between,69.0,70.0,The Weather Company,https://weather.com/kalshi,0.0,0.1,0.9,1.0,57.0,0.0,134.0,0.0,2026-09-29T06:00:00Z,active,2026-09-27T20:09:07.906074+00:00
KXLOWTSATX,KXLOWTSATX-26SEP27-T74,Lowest Temperature SATX,KSAT,2026-09-27,greater,74.0,,The Weather Company,https://weather.com/kalshi,0.0,0.01,0.99,1.0,11727.15,0.0,533.04,0.0,2026-09-28T06:00:00Z,active,2026-09-27T20:09:07.906074+00:00
KXLOWTSATX,KXLOWTSATX-26SEP27-T67,Lowest Temperature SATX,KSAT,2026-09-27,less,,67.0,The Weather Company,https://weather.com/kalshi,0.0,0.02,0.98,1.0,84.0,0.0,310.15,0.0,2026-09-28T06:00:00Z,active,2026-09-27T20:09:07.906074+00:00
KXLOWTSATX,KXLOWTSATX-26SEP27-B73.5,Lowest Temperature SATX,KSAT,2026-09-27,between,73.0,74.0,The Weather Company,https://weather.com/kalshi,0.0,0.01,0.99,1.0,10947.35,0.0,843.64,0.0,2026-09-28T06:00:00Z,active,2026-09-27T20:09:07.906074+00:00
KXLOWTSATX,KXLOWTSATX-26SEP27-B71.5,Lowest Temperature SATX,KSAT,2026-09-27,between,71.0,72.0,The Weather Company,https://weather.com/kalshi,0.98,1.0,0.0,0.02,0.0,50.0,1240.6,0.0,2026-09-28T06:00:00Z,active,2026-09-27T20:09:07.906074+00:00
KXLOWTSATX,KXLOWTSATX-26SEP27-B69.5,Lowest Temperature SATX,KSAT,2026-09-27,between,69.0,70.0,The Weather Company,https://weather.com/kalshi,0.0,0.02,0.98,1.0,50.0,0.0,1753.53,0.0,2026-09-28T06:00:00Z,active,2026-09-27T20:09:07.906074+00:00
KXLOWTSATX,KXLOWTSATX-26SEP27-B67.5,Lowest Temperature SATX,KSAT,2026-09-27,between,67.0,68.0,The Weather Company,https://weather.com/kalshi,0.0,0.01,0.99,1.0,45.0,0.0,128.0,0.0,2026-09-28T06:00:00Z,active,2026-09-27T20:09:07.906074+00:00
KXLOWTSDF,KXLOWTSDF-26SEP28-T55,Lowest Temperature SDX,KSDF,2026-09-28,greater,55.0,,The Weather Company,https://weather.com/kalshi,0.01,0.09,0.91,0.99,1.0,66.86,15.14,0.0,2026-09-29T05:00:00Z,active,2026-09-27T20:09:07.906074+00:00
KXLOWTSDF,KXLOWTSDF-26SEP28-T48,Lowest Temperature SDX,KSDF,2026-09-28,less,,48.0,The Weather Company,https://weather.com/kalshi,0.06,0.17,0.83,0.94,25.0,85.0,10.09,0.0,2026-09-29T05:00:00Z,active,2026-09-27T20:09:07.906074+00:00
KXLOWTSDF,KXLOWTSDF-26SEP28-B54.5,Lowest Temperature SDX,KSDF,2026-09-28,between,54.0,55.0,The Weather Company,https://weather.com/kalshi,0.02,0.1,0.9,0.98,1.0,39.0,5.04,0.0,2026-09-29T05:00:00Z,active,2026-09-27T20:09:07.906074+00:00
KXLOWTSDF,KXLOWTSDF-26SEP28-B52.5,Lowest Temperature SDX,KSDF,2026-09-28,between,52.0,53.0,The Weather Company,https://weather.com/kalshi,0.21,0.4,0.6,0.79,1.0,25.0,25.0,0.0,2026-09-29T05:00:00Z,active,2026-09-27T20:09:07.906074+00:00
KXLOWTSDF,KXLOWTSDF-26SEP28-B50.5,Lowest Temperature SDX,KSDF,2026-09-28,between,50.0,51.0,The Weather Company,https://weather.com/kalshi,0.36,0.55,0.45,0.64,1.0,25.0,1.79,0.0,2026-09-29T05:00:00Z,active,2026-09-27T20:09:07.906074+00:00
KXLOWTSDF,KXLOWTSDF-26SEP28-B48.5,Lowest Temperature SDX,KSDF,2026-09-28,between,48.0,49.0,The Weather Company,https://weather.com/kalshi,0.05,0.24,0.76,0.95,1.0,25.0,28.0,0.0,2026-09-29T05:00:00Z,active,2026-09-27T20:09:07.906074+00:00
KXLOWTSDF,KXLOWTSDF-26SEP27-T55,Lowest Temperature SDX,KSDF,2026-09-27,greater,55.0,,The Weather Company,https://weather.com/kalshi,0.0,0.01,0.99,1.0,1445.0,0.0,279.55,0.0,2026-09-28T05:00:00Z,active,2026-09-27T20:09:07.906074+00:00
KXLOWTSDF,KXLOWTSDF-26SEP27-T48,Lowest Temperature SDX,KSDF,2026-09-27,less,,48.0,The Weather Company,https://weather.com/kalshi,0.0,0.01,0.99,1.0,300.0,0.0,38.14,0.0,2026-09-28T05:00:00Z,active,2026-09-27T20:09:07.906074+00:00
KXLOWTSDF,KXLOWTSDF-26SEP27-B54.5,Lowest Temperature SDX,KSDF,2026-09-27,between,54.0,55.0,The Weather Company,https://weather.com/kalshi,0.0,0.01,0.99,1.0,600.0,0.0,0.0,0.0,2026-09-28T05:00:00Z,active,2026-09-27T20:09:07.906074+00:00
KXLOWTSDF,KXLOWTSDF-26SEP27-B52.5,Lowest Temperature SDX,KSDF,2026-09-27,between,52.0,53.0,The Weather Company,https://weather.com/kalshi,0.0,0.01,0.99,1.0,985.0,0.0,75.0,0.0,2026-09-28T05:00:00Z,active,2026-09-27T20:09:07.906074+00:00
KXLOWTSDF,KXLOWTSDF-26SEP27-B50.5,Lowest Temperature SDX,KSDF,2026-09-27,between,50.0,51.0,The Weather Company,https://weather.com/kalshi,0.99,1.0,0.0,0.01,0.0,300.0,459.1,0.0,2026-09-28T05:00:00Z,active,2026-09-27T20:09:07.906074+00:00
KXLOWTSDF,KXLOWTSDF-26SEP27-B48.5,Lowest Temperature SDX,KSDF,2026-09-27,between,48.0,49.0,The Weather Company,https://weather.com/kalshi,0.0,0.01,0.99,1.0,300.0,0.0,308.51,0.0,2026-09-28T05:00:00Z,active,2026-09-27T20:09:07.906074+00:00
KXLOWTLV,KXLOWTLV-26SEP28-T70,Las Vegas Daily Low Temperature,KLAS,2026-09-28,greater,70.0,,The Weather Company,https://weather.com/kalshi,0.02,0.25,0.75,0.98,1.0,39.0,46.19,0.0,2026-09-29T08:00:00Z,active,2026-09-27T20:09:07.906074+00:00
KXLOWTLV,KXLOWTLV-26SEP28-T63,Las Vegas Daily Low Temperature,KLAS,2026-09-28,less,,63.0,The Weather Company,https://weather.com/kalshi,0.0,0.03,0.97,1.0,27.0,0.0,18.0,0.0,2026-09-29T08:00:00Z,active,2026-09-27T20:09:07.906074+00:00
KXLOWTLV,KXLOWTLV-26SEP28-B69.5,Las Vegas Daily Low Temperature,KLAS,2026-09-28,between,69.0,70.0,The Weather Company,https://weather.com/kalshi,0.13,0.21,0.79,0.87,89.0,1.0,15.0,0.0,2026-09-29T08:00:00Z,active,2026-09-27T20:09:07.906074+00:00
KXLOWTLV,KXLOWTLV-26SEP28-B67.5,Las Vegas Daily Low Temperature,KLAS,2026-09-28,between,67.0,68.0,The Weather Company,https://weather.com/kalshi,0.18,0.36,0.64,0.82,38.0,25.0,113.0,0.0,2026-09-29T08:00:00Z,active,2026-09-27T20:09:07.906074+00:00
KXLOWTLV,KXLOWTLV-26SEP28-B65.5,Las Vegas Daily Low Temperature,KLAS,2026-09-28,between,65.0,66.0,The Weather Company,https://weather.com/kalshi,0.18,0.27,0.73,0.82,1.0,51.0,81.0,0.0,2026-09-29T08:00:00Z,active,2026-09-27T20:09:07.906074+00:00
KXLOWTLV,KXLOWTLV-26SEP28-B63.5,Las Vegas Daily Low Temperature,KLAS,2026-09-28,between,63.0,64.0,The Weather Company,https://weather.com/kalshi,0.09,0.17,0.83,0.91,2.0,37.0,367.91,0.0,2026-09-29T08:00:00Z,active,2026-09-27T20:09:07.906074+00:00
KXLOWTLV,KXLOWTLV-26SEP27-T75,Las Vegas Daily Low Temperature,KLAS,2026-09-27,greater,75.0,,The Weather Company,https://weather.com/kalshi,0.81,0.89,0.11,0.19,15.0,1.0,806.17,0.0,2026-09-28T08:00:00Z,active,2026-09-27T20:09:07.906074+00:00
KXLOWTLV,KXLOWTLV-26SEP27-T68,Las Vegas Daily Low Temperature,KLAS,2026-09-27,less,,68.0,The Weather Company,https://weather.com/kalshi,0.0,0.01,0.99,1.0,10.0,0.0,25.0,0.0,2026-09-28T08:00:00Z,active,2026-09-27T20:09:07.906074+00:00
KXLOWTLV,KXLOWTLV-26SEP27-B74.5,Las Vegas Daily Low Temperature,KLAS,2026-09-27,between,74.0,75.0,The Weather Company,https://weather.com/kalshi,0.06,0.22,0.78,0.94,51.0,46.0,308.17,0.0,2026-09-28T08:00:00Z,active,2026-09-27T20:09:07.906074+00:00
KXLOWTLV,KXLOWTLV-26SEP27-B72.5,Las Vegas Daily Low Temperature,KLAS,2026-09-27,between,72.0,73.0,The Weather Company,https://weather.com/kalshi,0.0,0.01,0.99,1.0,10.0,0.0,257.63,0.0,2026-09-28T08:00:00Z,active,2026-09-27T20:09:07.906074+00:00
KXLOWTLV,KXLOWTLV-26SEP27-B70.5,Las Vegas Daily Low Temperature,KLAS,2026-09-27,between,70.0,71.0,The Weather Company,https://weather.com/kalshi,0.0,0.01,0.99,1.0,10.0,0.0,65.55,0.0,2026-09-28T08:00:00Z,active,2026-09-27T20:09:07.906074+00:00
KXLOWTLV,KXLOWTLV-26SEP27-B68.5,Las Vegas Daily Low Temperature,KLAS,2026-09-27,between,68.0,69.0,The Weather Company,https://weather.com/kalshi,0.0,0.01,0.99,1.0,10.0,0.0,75.09,0.0,2026-09-28T08:00:00Z,active,2026-09-27T20:09:07.906074+00:00
KXHIGHTSFO,KXHIGHTSFO-26SEP28-T75,San Francisco High Temperature Daily,KSFO,2026-09-28,greater,75.0,,The Weather Company,https://weather.com/kalshi,0.02,0.03,0.97,0.98,77.0,247.0,403.62,0.0,2026-09-29T08:00:00Z,active,2026-09-27T20:09:07.906074+00:00
KXHIGHTSFO,KXHIGHTSFO-26SEP28-T68,San Francisco High Temperature Daily,KSFO,2026-09-28,less,,68.0,The Weather Company,https://weather.com/kalshi,0.03,0.04,0.96,0.97,4.0,166.0,76.43,0.0,2026-09-29T08:00:00Z,active,2026-09-27T20:09:07.906074+00:00
KXHIGHTSFO,KXHIGHTSFO-26SEP28-B74.5,San Francisco High Temperature Daily,KSFO,2026-09-28,between,74.0,75.0,The Weather Company,https://weather.com/kalshi,0.15,0.17,0.83,0.85,16.24,5.0,280.41,0.0,2026-09-29T08:00:00Z,active,2026-09-27T20:09:07.906074+00:00
KXHIGHTSFO,KXHIGHTSFO-26SEP28-B72.5,San Francisco High Temperature Daily,KSFO,2026-09-28,between,72.0,73.0,The Weather Company,https://weather.com/kalshi,0.34,0.35,0.65,0.66,25.0,87.0,165.0,0.0,2026-09-29T08:00:00Z,active,2026-09-27T20:09:07.906074+00:00
KXHIGHTSFO,KXHIGHTSFO-26SEP28-B70.5,San Francisco High Temperature Daily,KSFO,2026-09-28,between,70.0,71.0,The Weather Company,https://weather.com/kalshi,0.27,0.3,0.7,0.73,1.0,4.0,251.22,0.0,2026-09-29T08:00:00Z,active,2026-09-27T20:09:07.906074+00:00
KXHIGHTSFO,KXHIGHTSFO-26SEP28-B68.5,San Francisco High Temperature Daily,KSFO,2026-09-28,between,68.0,69.0,The Weather Company,https://weather.com/kalshi,0.15,0.17,0.83,0.85,50.0,0.11,807.11,0.0,2026-09-29T08:00:00Z,active,2026-09-27T20:09:07.906074+00:00
KXHIGHTSFO,KXHIGHTSFO-26SEP27-T69,San Francisco High Temperature Daily,KSFO,2026-09-27,greater,69.0,,The Weather Company,https://weather.com/kalshi,0.01,0.02,0.98,0.99,24.0,463.44,2552.67,0.0,2026-09-28T08:00:00Z,active,2026-09-27T20:09:07.906074+00:00
KXHIGHTSFO,KXHIGHTSFO-26SEP27-T62,San Francisco High Temperature Daily,KSFO,2026-09-27,less,,62.0,The Weather Company,https://weather.com/kalshi,0.0,0.01,0.99,1.0,52368.91,0.0,336.08,0.0,2026-09-28T08:00:00Z,active,2026-09-27T20:09:07.906074+00:00
KXHIGHTSFO,KXHIGHTSFO-26SEP27-B68.5,San Francisco High Temperature Daily,KSFO,2026-09-27,between,68.0,69.0,The Weather Company,https://weather.com/kalshi,0.09,0.1,0.9,0.91,5.0,0.5,7418.13,0.0,2026-09-28T08:00:00Z,active,2026-09-27T20:09:07.906074+00:00
KXHIGHTSFO,KXHIGHTSFO-26SEP27-B66.5,San Francisco High Temperature Daily,KSFO,2026-09-27,between,66.0,67.0,The Weather Company,https://weather.com/kalshi,0.75,0.76,0.24,0.25,26.1,9.0,2794.32,0.0,2026-09-28T08:00:00Z,active,2026-09-27T20:09:07.906074+00:00
KXHIGHTSFO,KXHIGHTSFO-26SEP27-B64.5,San Francisco High Temperature Daily,KSFO,2026-09-27,between,64.0,65.0,The Weather Company,https://weather.com/kalshi,0.08,0.12,0.88,0.92,61.0,30.0,7263.05,0.0,2026-09-28T08:00:00Z,active,2026-09-27T20:09:07.906074+00:00
KXHIGHTSFO,KXHIGHTSFO-26SEP27-B62.5,San Francisco High Temperature Daily,KSFO,2026-09-27,between,62.0,63.0,The Weather Company,https://weather.com/kalshi,0.0,0.01,0.99,1.0,51810.25,0.0,2430.42,0.0,2026-09-28T08:00:00Z,active,2026-09-27T20:09:07.906074+00:00
KXLOWTPHX,KXLOWTPHX-26SEP28-T78,Low Temperature Phoenix,KPHX,2026-09-28,greater,78.0,,The Weather Company,https://weather.com/kalshi,0.0,0.02,0.98,1.0,79.0,0.0,214.0,0.0,2026-09-29T07:00:00Z,active,2026-09-27T20:09:07.906074+00:00
KXLOWTPHX,KXLOWTPHX-26SEP28-T71,Low Temperature Phoenix,KPHX,2026-09-28,less,,71.0,The Weather Company,https://weather.com/kalshi,0.23,0.25,0.75,0.77,64.0,122.48,235.52,0.0,2026-09-29T07:00:00Z,active,2026-09-27T20:09:07.906074+00:00
KXLOWTPHX,KXLOWTPHX-26SEP28-B77.5,Low Temperature Phoenix,KPHX,2026-09-28,between,77.0,78.0,The Weather Company,https://weather.com/kalshi,0.02,0.03,0.97,0.98,1.0,64.0,60.28,0.0,2026-09-29T07:00:00Z,active,2026-09-27T20:09:07.906074+00:00
KXLOWTPHX,KXLOWTPHX-26SEP28-B75.5,Low Temperature Phoenix,KPHX,2026-09-28,between,75.0,76.0,The Weather Company,https://weather.com/kalshi,0.1,0.11,0.89,0.9,1.0,10.0,0.0,0.0,2026-09-29T07:00:00Z,active,2026-09-27T20:09:07.906074+00:00
KXLOWTPHX,KXLOWTPHX-26SEP28-B73.5,Low Temperature Phoenix,KPHX,2026-09-28,between,73.0,74.0,The Weather Company,https://weather.com/kalshi,0.29,0.37,0.63,0.71,6.0,6.0,65.0,0.0,2026-09-29T07:00:00Z,active,2026-09-27T20:09:07.906074+00:00
KXLOWTPHX,KXLOWTPHX-26SEP28-B71.5,Low Temperature Phoenix,KPHX,2026-09-28,between,71.0,72.0,The Weather Company,https://weather.com/kalshi,0.24,0.29,0.71,0.76,6.0,40.0,101.0,0.0,2026-09-29T07:00:00Z,active,2026-09-27T20:09:07.906074+00:00
KXLOWTPHX,KXLOWTPHX-26SEP27-T80,Low Temperature Phoenix,KPHX,2026-09-27,greater,80.0,,The Weather Company,https://weather.com/kalshi,0.0,0.01,0.99,1.0,10599.97,0.0,633.03,0.0,2026-09-28T07:00:00Z,active,2026-09-27T20:09:07.906074+00:00
KXLOWTPHX,KXLOWTPHX-26SEP27-T73,Low Temperature Phoenix,KPHX,2026-09-27,less,,73.0,The Weather Company,https://weather.com/kalshi,0.0,0.01,0.99,1.0,66.0,0.0,353.14,0.0,2026-09-28T07:00:00Z,active,2026-09-27T20:09:07.906074+00:00
KXLOWTPHX,KXLOWTPHX-26SEP27-B79.5,Low Temperature Phoenix,KPHX,2026-09-27,between,79.0,80.0,The Weather Company,https://weather.com/kalshi,0.96,0.99,0.01,0.04,177.0,61.0,856.86,0.0,2026-09-28T07:00:00Z,active,2026-09-27T20:09:07.906074+00:00
KXLOWTPHX,KXLOWTPHX-26SEP27-B77.5,Low Temperature Phoenix,KPHX,2026-09-27,between,77.0,78.0,The Weather Company,https://weather.com/kalshi,0.0,0.04,0.96,1.0,2.0,0.0,260.68,0.0,2026-09-28T07:00:00Z,active,2026-09-27T20:09:07.906074+00:00
KXLOWTPHX,KXLOWTPHX-26SEP27-B75.5,Low Temperature Phoenix,KPHX,2026-09-27,between,75.0,76.0,The Weather Company,https://weather.com/kalshi,0.0,0.01,0.99,1.0,60.0,0.0,279.19,0.0,2026-09-28T07:00:00Z,active,2026-09-27T20:09:07.906074+00:00
KXLOWTPHX,KXLOWTPHX-26SEP27-B73.5,Low Temperature Phoenix,KPHX,2026-09-27,between,73.0,74.0,The Weather Company,https://weather.com/kalshi,0.0,0.01,0.99,1.0,16.0,0.0,244.14,0.0,2026-09-28T07:00:00Z,active,2026-09-27T20:09:07.906074+00:00
KXHIGHTSEA,KXHIGHTSEA-26SEP28-T69,Seattle Maximum Temperature Daily,KSEA,2026-09-28,greater,69.0,,The Weather Company,https://weather.com/kalshi,0.01,0.03,0.97,0.99,50.0,936.0,435.99,0.0,2026-09-29T08:00:00Z,active,2026-09-27T20:09:07.906074+00:00
KXHIGHTSEA,KXHIGHTSEA-26SEP28-T62,Seattle Maximum Temperature Daily,KSEA,2026-09-28,less,,62.0,The Weather Company,https://weather.com/kalshi,0.01,0.02,0.98,0.99,58.0,59.0,347.87,0.0,2026-09-29T08:00:00Z,active,2026-09-27T20:09:07.906074+00:00
KXHIGHTSEA,KXHIGHTSEA-26SEP28-B68.5,Seattle Maximum Temperature Daily,KSEA,2026-09-28,between,68.0,69.0,The Weather Company,https://weather.com/kalshi,0.21,0.22,0.78,0.79,258.39,56.0,67.0,0.0,2026-09-29T08:00:00Z,active,2026-09-27T20:09:07.906074+00:00
KXHIGHTSEA,KXHIGHTSEA-26SEP28-B66.5,Seattle Maximum Temperature Daily,KSEA,2026-09-28,between,66.0,67.0,The Weather Company,https://weather.com/kalshi,0.51,0.52,0.48,0.49,28.28,83.0,158.38,0.0,2026-09-29T08:00:00Z,active,2026-09-27T20:09:07.906074+00:00
KXHIGHTSEA,KXHIGHTSEA-26SEP28-B64.5,Seattle Maximum Temperature Daily,KSEA,2026-09-28,between,64.0,65.0,The Weather Company,https://weather.com/kalshi,0.18,0.19,0.81,0.82,6.0,260.0,11.7,0.0,2026-09-29T08:00:00Z,active,2026-09-27T20:09:07.906074+00:00
KXHIGHTSEA,KXHIGHTSEA-26SEP28-B62.5,Seattle Maximum Temperature Daily,KSEA,2026-09-28,between,62.0,63.0,The Weather Company,https://weather.com/kalshi,0.02,0.03,0.97,0.98,128.97,126.43,405.34,0.0,2026-09-29T08:00:00Z,active,2026-09-27T20:09:07.906074+00:00
KXHIGHTSEA,KXHIGHTSEA-26SEP27-T68,Seattle Maximum Temperature Daily,KSEA,2026-09-27,greater,68.0,,The Weather Company,https://weather.com/kalshi,0.0,0.02,0.98,1.0,296.0,0.0,1058.26,0.0,2026-09-28T08:00:00Z,active,2026-09-27T20:09:07.906074+00:00
KXHIGHTSEA,KXHIGHTSEA-26SEP27-T61,Seattle Maximum Temperature Daily,KSEA,2026-09-27,less,,61.0,The Weather Company,https://weather.com/kalshi,0.0,0.01,0.99,1.0,57049.11,0.0,544.2,0.0,2026-09-28T08:00:00Z,active,2026-09-27T20:09:07.906074+00:00
KXHIGHTSEA,KXHIGHTSEA-26SEP27-B67.5,Seattle Maximum Temperature Daily,KSEA,2026-09-27,between,67.0,68.0,The Weather Company,https://weather.com/kalshi,0.02,0.04,0.96,0.98,124.0,28.0,5429.86,0.0,2026-09-28T08:00:00Z,active,2026-09-27T20:09:07.906074+00:00
KXHIGHTSEA,KXHIGHTSEA-26SEP27-B65.5,Seattle Maximum Temperature Daily,KSEA,2026-09-27,between,65.0,66.0,The Weather Company,https://weather.com/kalshi,0.64,0.7,0.3,0.36,16.0,50.0,5623.09,0.0,2026-09-28T08:00:00Z,active,2026-09-27T20:09:07.906074+00:00
KXHIGHTSEA,KXHIGHTSEA-26SEP27-B63.5,Seattle Maximum Temperature Daily,KSEA,2026-09-27,between,63.0,64.0,The Weather Company,https://weather.com/kalshi,0.26,0.29,0.71,0.74,3.0,40.0,3997.22,0.0,2026-09-28T08:00:00Z,active,2026-09-27T20:09:07.906074+00:00
KXHIGHTSEA,KXHIGHTSEA-26SEP27-B61.5,Seattle Maximum Temperature Daily,KSEA,2026-09-27,between,61.0,62.0,The Weather Company,https://weather.com/kalshi,0.0,0.03,0.97,1.0,76.0,0.0,1370.3,0.0,2026-09-28T08:00:00Z,active,2026-09-27T20:09:07.906074+00:00
KXLOWTDAL,KXLOWTDAL-26SEP28-T76,Lowest temperature Dallas,KDFW,2026-09-28,greater,76.0,,The Weather Company,https://weather.com/kalshi,0.1,0.18,0.82,0.9,2.0,25.0,42.0,0.0,2026-09-29T06:00:00Z,active,2026-09-27T20:09:07.906074+00:00
KXLOWTDAL,KXLOWTDAL-26SEP28-T69,Lowest temperature Dallas,KDFW,2026-09-28,less,,69.0,The Weather Company,https://weather.com/kalshi,0.0,0.01,0.99,1.0,3.0,0.0,15.0,0.0,2026-09-29T06:00:00Z,active,2026-09-27T20:09:07.906074+00:00
KXLOWTDAL,KXLOWTDAL-26SEP28-B75.5,Lowest temperature Dallas,KDFW,2026-09-28,between,75.0,76.0,The Weather Company,https://weather.com/kalshi,0.26,0.36,0.64,0.74,57.0,6.0,44.0,0.0,2026-09-29T06:00:00Z,active,2026-09-27T20:09:07.906074+00:00
KXLOWTDAL,KXLOWTDAL-26SEP28-B73.5,Lowest temperature Dallas,KDFW,2026-09-28,between,73.0,74.0,The Weather Company,https://weather.com/kalshi,0.36,0.48,0.52,0.64,31.0,115.0,54.0,0.0,2026-09-29T06:00:00Z,active,2026-09-27T20:09:07.906074+00:00
KXLOWTDAL,KXLOWTDAL-26SEP28-B71.5,Lowest temperature Dallas,KDFW,2026-09-28,between,71.0,72.0,The Weather Company,https://weather.com/kalshi,0.05,0.08,0.92,0.95,2.0,59.71,5.29,0.0,2026-09-29T06:00:00Z,active,2026-09-27T20:09:07.906074+00:00
KXLOWTDAL,KXLOWTDAL-26SEP28-B69.5,Lowest temperature Dallas,KDFW,2026-09-28,between,69.0,70.0,The Weather Company,https://weather.com/kalshi,0.01,0.04,0.96,0.99,6.0,105.73,54.27,0.0,2026-09-29T06:00:00Z,active,2026-09-27T20:09:07.906074+00:00
KXLOWTDAL,KXLOWTDAL-26SEP27-T76,Lowest temperature Dallas,KDFW,2026-09-27,greater,76.0,,The Weather Company,https://weather.com/kalshi,0.0,0.01,0.99,1.0,23519.15,0.0,263.0,0.0,2026-09-28T06:00:00Z,active,2026-09-27T20:09:07.906074+00:00
KXLOWTDAL,KXLOWTDAL-26SEP27-T69,Lowest temperature Dallas,KDFW,2026-09-27,less,,69.0,The Weather Company,https://weather.com/kalshi,0.0,0.01,0.99,1.0,6.0,0.0,284.03,0.0,2026-09-28T06:00:00Z,active,2026-09-27T20:09:07.906074+00:00
KXLOWTDAL,KXLOWTDAL-26SEP27-B75.5,Lowest temperature Dallas,KDFW,2026-09-27,between,75.0,76.0,The Weather Company,https://weather.com/kalshi,0.93,0.97,0.03,0.07,89.0,66.0,674.17,0.0,2026-09-28T06:00:00Z,active,2026-09-27T20:09:07.906074+00:00
KXLOWTDAL,KXLOWTDAL-26SEP27-B73.5,Lowest temperature Dallas,KDFW,2026-09-27,between,73.0,74.0,The Weather Company,https://weather.com/kalshi,0.03,0.04,0.96,0.97,56.0,6.0,123.28,0.0,2026-09-28T06:00:00Z,active,2026-09-27T20:09:07.906074+00:00
KXLOWTDAL,KXLOWTDAL-26SEP27-B71.5,Lowest temperature Dallas,KDFW,2026-09-27,between,71.0,72.0,The Weather Company,https://weather.com/kalshi,0.0,0.03,0.97,1.0,13.0,0.0,652.29,0.0,2026-09-28T06:00:00Z,active,2026-09-27T20:09:07.906074+00:00
KXLOWTDAL,KXLOWTDAL-26SEP27-B69.5,Lowest temperature Dallas,KDFW,2026-09-27,between,69.0,70.0,The Weather Company,https://weather.com/kalshi,0.0,0.01,0.99,1.0,6.0,0.0,351.1,0.0,2026-09-28T06:00:00Z,active,2026-09-27T20:09:07.906074+00:00
KXHIGHTHOU,KXHIGHTHOU-26SEP28-T97,Daily High Temperature Houston,KHOU,2026-09-28,greater,97.0,,The Weather Company,https://weather.com/kalshi,0.0,0.02,0.98,1.0,6.0,0.0,175.0,0.0,2026-09-29T06:00:00Z,active,2026-09-27T20:09:07.906074+00:00
KXHIGHTHOU,KXHIGHTHOU-26SEP28-T90,Daily High Temperature Houston,KHOU,2026-09-28,less,,90.0,The Weather Company,https://weather.com/kalshi,0.01,0.02,0.98,0.99,11.0,677.38,266.62,0.0,2026-09-29T06:00:00Z,active,2026-09-27T20:09:07.906074+00:00
KXHIGHTHOU,KXHIGHTHOU-26SEP28-B96.5,Daily High Temperature Houston,KHOU,2026-09-28,between,96.0,97.0,The Weather Company,https://weather.com/kalshi,0.01,0.03,0.97,0.99,19.0,142.02,241.48,0.0,2026-09-29T06:00:00Z,active,2026-09-27T20:09:07.906074+00:00
KXHIGHTHOU,KXHIGHTHOU-26SEP28-B94.5,Daily High Temperature Houston,KHOU,2026-09-28,between,94.0,95.0,The Weather Company,https://weather.com/kalshi,0.3,0.31,0.69,0.7,1.0,4.0,251.04,0.0,2026-09-29T06:00:00Z,active,2026-09-27T20:09:07.906074+00:00
KXHIGHTHOU,KXHIGHTHOU-26SEP28-B92.5,Daily High Temperature Houston,KHOU,2026-09-28,between,92.0,93.0,The Weather Company,https://weather.com/kalshi,0.55,0.59,0.41,0.45,103.0,9.0,349.0,0.0,2026-09-29T06:00:00Z,active,2026-09-27T20:09:07.906074+00:00
KXHIGHTHOU,KXHIGHTHOU-26SEP28-B90.5,Daily High Temperature Houston,KHOU,2026-09-28,between,90.0,91.0,The Weather Company,https://weather.com/kalshi,0.13,0.14,0.86,0.87,2.0,1.0,155.0,0.0,2026-09-29T06:00:00Z,active,2026-09-27T20:09:07.906074+00:00
KXHIGHTHOU,KXHIGHTHOU-26SEP27-T97,Daily High Temperature Houston,KHOU,2026-09-27,greater,97.0,,The Weather Company,https://weather.com/kalshi,0.0,0.01,0.99,1.0,5173.52,0.0,1118.19,0.0,2026-09-28T06:00:00Z,active,2026-09-27T20:09:07.906074+00:00
KXHIGHTHOU,KXHIGHTHOU-26SEP27-T90,Daily High Temperature Houston,KHOU,2026-09-27,less,,90.0,The Weather Company,https://weather.com/kalshi,0.0,0.01,0.99,1.0,51975.15,0.0,1721.18,0.0,2026-09-28T06:00:00Z,active,2026-09-27T20:09:07.906074+00:00
KXHIGHTHOU,KXHIGHTHOU-26SEP27-B96.5,Daily High Temperature Houston,KHOU,2026-09-27,between,96.0,97.0,The Weather Company,https://weather.com/kalshi,0.0,0.01,0.99,1.0,58.0,0.0,762.51,0.0,2026-09-28T06:00:00Z,active,2026-09-27T20:09:07.906074+00:00
KXHIGHTHOU,KXHIGHTHOU-26SEP27-B94.5,Daily High Temperature Houston,KHOU,2026-09-27,between,94.0,95.0,The Weather Company,https://weather.com/kalshi,0.05,0.09,0.91,0.95,19.0,69.0,2696.32,0.0,2026-09-28T06:00:00Z,active,2026-09-27T20:09:07.906074+00:00
KXHIGHTHOU,KXHIGHTHOU-26SEP27-B92.5,Daily High Temperature Houston,KHOU,2026-09-27,between,92.0,93.0,The Weather Company,https://weather.com/kalshi,0.86,0.92,0.08,0.14,9.0,1.11,3237.83,0.0,2026-09-28T06:00:00Z,active,2026-09-27T20:09:07.906074+00:00
KXHIGHTHOU,KXHIGHTHOU-26SEP27-B90.5,Daily High Temperature Houston,KHOU,2026-09-27,between,90.0,91.0,The Weather Company,https://weather.com/kalshi,0.0,0.07,0.93,1.0,26.0,0.0,5040.71,0.0,2026-09-28T06:00:00Z,active,2026-09-27T20:09:07.906074+00:00
KXHIGHTEWR,KXHIGHTEWR-26SEP28-T71,"Newark, NJ (EWR) Daily Max Temp",KEWR,2026-09-28,greater,71.0,,The Weather Company,https://weather.com/kalshi,0.0,0.04,0.96,1.0,10.0,0.0,30.28,0.0,2026-09-29T05:00:00Z,active,2026-09-27T20:09:07.906074+00:00
KXHIGHTEWR,KXHIGHTEWR-26SEP28-T64,"Newark, NJ (EWR) Daily Max Temp",KEWR,2026-09-28,less,,64.0,The Weather Company,https://weather.com/kalshi,0.62,0.8,0.2,0.38,48.0,25.0,110.0,0.0,2026-09-29T05:00:00Z,active,2026-09-27T20:09:07.906074+00:00
KXHIGHTEWR,KXHIGHTEWR-26SEP28-B70.5,"Newark, NJ (EWR) Daily Max Temp",KEWR,2026-09-28,between,70.0,71.0,The Weather Company,https://weather.com/kalshi,0.02,0.06,0.94,0.98,11.0,39.0,15.14,0.0,2026-09-29T05:00:00Z,active,2026-09-27T20:09:07.906074+00:00
KXHIGHTEWR,KXHIGHTEWR-26SEP28-B68.5,"Newark, NJ (EWR) Daily Max Temp",KEWR,2026-09-28,between,68.0,69.0,The Weather Company,https://weather.com/kalshi,0.02,0.05,0.95,0.98,10.0,39.0,11.0,0.0,2026-09-29T05:00:00Z,active,2026-09-27T20:09:07.906074+00:00
KXHIGHTEWR,KXHIGHTEWR-26SEP28-B66.5,"Newark, NJ (EWR) Daily Max Temp",KEWR,2026-09-28,between,66.0,67.0,The Weather Company,https://weather.com/kalshi,0.03,0.07,0.93,0.97,46.0,89.0,0.0,0.0,2026-09-29T05:00:00Z,active,2026-09-27T20:09:07.906074+00:00
KXHIGHTEWR,KXHIGHTEWR-26SEP28-B64.5,"Newark, NJ (EWR) Daily Max Temp",KEWR,2026-09-28,between,64.0,65.0,The Weather Company,https://weather.com/kalshi,0.13,0.21,0.79,0.87,31.0,39.0,1.0,0.0,2026-09-29T05:00:00Z,active,2026-09-27T20:09:07.906074+00:00
KXHIGHTEWR,KXHIGHTEWR-26SEP27-T72,"Newark, NJ (EWR) Daily Max Temp",KEWR,2026-09-27,greater,72.0,,The Weather Company,https://weather.com/kalshi,0.0,0.01,0.99,1.0,7765.72,0.0,32.0,0.0,2026-09-28T05:00:00Z,active,2026-09-27T20:09:07.906074+00:00
KXHIGHTEWR,KXHIGHTEWR-26SEP27-T65,"Newark, NJ (EWR) Daily Max Temp",KEWR,2026-09-27,less,,65.0,The Weather Company,https://weather.com/kalshi,0.11,0.93,0.07,0.89,1.0,10.0,191.89,0.0,2026-09-28T05:00:00Z,active,2026-09-27T20:09:07.906074+00:00
KXHIGHTEWR,KXHIGHTEWR-26SEP27-B71.5,"Newark, NJ (EWR) Daily Max Temp",KEWR,2026-09-27,between,71.0,72.0,The Weather Company,https://weather.com/kalshi,0.0,0.01,0.99,1.0,7765.72,0.0,40.14,0.0,2026-09-28T05:00:00Z,active,2026-09-27T20:09:07.906074+00:00
KXHIGHTEWR,KXHIGHTEWR-26SEP27-B69.5,"Newark, NJ (EWR) Daily Max Temp",KEWR,2026-09-27,between,69.0,70.0,The Weather Company,https://weather.com/kalshi,0.0,0.02,0.98,1.0,31.0,0.0,56.16,0.0,2026-09-28T05:00:00Z,active,2026-09-27T20:09:07.906074+00:00
KXHIGHTEWR,KXHIGHTEWR-26SEP27-B67.5,"Newark, NJ (EWR) Daily Max Temp",KEWR,2026-09-27,between,67.0,68.0,The Weather Company,https://weather.com/kalshi,0.0,0.01,0.99,1.0,177.0,0.0,2436.27,0.0,2026-09-28T05:00:00Z,active,2026-09-27T20:09:07.906074+00:00
KXHIGHTEWR,KXHIGHTEWR-26SEP27-B65.5,"Newark, NJ (EWR) Daily Max Temp",KEWR,2026-09-27,between,65.0,66.0,The Weather Company,https://weather.com/kalshi,0.05,0.8,0.2,0.95,4.0,11.0,192.19,0.0,2026-09-28T05:00:00Z,active,2026-09-27T20:09:07.906074+00:00
KXHIGHPHIL,KXHIGHPHIL-26SEP28-T72,Highest temperature in Philadelphia,KPHL,2026-09-28,greater,72.0,,The Weather Company,https://weather.com/kalshi,0.01,0.02,0.98,0.99,12.0,57.0,408.91,0.0,2026-09-29T05:00:00Z,active,2026-09-27T20:09:07.906074+00:00
KXHIGHPHIL,KXHIGHPHIL-26SEP28-T65,Highest temperature in Philadelphia,KPHL,2026-09-28,less,,65.0,The Weather Company,https://weather.com/kalshi,0.09,0.1,0.9,0.91,56.0,1.0,417.52,0.0,2026-09-29T05:00:00Z,active,2026-09-27T20:09:07.906074+00:00
KXHIGHPHIL,KXHIGHPHIL-26SEP28-B71.5,Highest temperature in Philadelphia,KPHL,2026-09-28,between,71.0,72.0,The Weather Company,https://weather.com/kalshi,0.04,0.05,0.95,0.96,50.0,138.0,325.38,0.0,2026-09-29T05:00:00Z,active,2026-09-27T20:09:07.906074+00:00
KXHIGHPHIL,KXHIGHPHIL-26SEP28-B69.5,Highest temperature in Philadelphia,KPHL,2026-09-28,between,69.0,70.0,The Weather Company,https://weather.com/kalshi,0.3,0.32,0.68,0.7,10.0,14.0,621.63,0.0,2026-09-29T05:00:00Z,active,2026-09-27T20:09:07.906074+00:00
KXHIGHPHIL,KXHIGHPHIL-26SEP28-B67.5,Highest temperature in Philadelphia,KPHL,2026-09-28,between,67.0,68.0,The Weather Company,https://weather.com/kalshi,0.38,0.39,0.61,0.62,62.0,9.95,416.14,0.0,2026-09-29T05:00:00Z,active,2026-09-27T20:09:07.906074+00:00
KXHIGHPHIL,KXHIGHPHIL-26SEP28-B65.5,Highest temperature in Philadelphia,KPHL,2026-09-28,between,65.0,66.0,The Weather Company,https://weather.com/kalshi,0.19,0.2,0.8,0.81,1.0,4.41,691.64,0.0,2026-09-29T05:00:00Z,active,2026-09-27T20:09:07.906074+00:00
KXHIGHPHIL,KXHIGHPHIL-26SEP27-T70,Highest temperature in Philadelphia,KPHL,2026-09-27,greater,70.0,,The Weather Company,https://weather.com/kalshi,0.0,0.01,0.99,1.0,2000.0,0.0,2462.6,0.0,2026-09-28T05:00:00Z,active,2026-09-27T20:09:07.906074+00:00
KXHIGHPHIL,KXHIGHPHIL-26SEP27-T63,Highest temperature in Philadelphia,KPHL,2026-09-27,less,,63.0,The Weather Company,https://weather.com/kalshi,0.0,0.01,0.99,1.0,47031.01,0.0,2323.3,0.0,2026-09-28T05:00:00Z,active,2026-09-27T20:09:07.906074+00:00
KXHIGHPHIL,KXHIGHPHIL-26SEP27-B69.5,Highest temperature in Philadelphia,KPHL,2026-09-27,between,69.0,70.0,The Weather Company,https://weather.com/kalshi,0.0,0.01,0.99,1.0,3990.0,0.0,3516.36,0.0,2026-09-28T05:00:00Z,active,2026-09-27T20:09:07.906074+00:00
KXHIGHPHIL,KXHIGHPHIL-26SEP27-B67.5,Highest temperature in Philadelphia,KPHL,2026-09-27,between,67.0,68.0,The Weather Company,https://weather.com/kalshi,0.99,1.0,0.0,0.01,0.0,4005.0,8372.17,0.0,2026-09-28T05:00:00Z,active,2026-09-27T20:09:07.906074+00:00
KXHIGHPHIL,KXHIGHPHIL-26SEP27-B65.5,Highest temperature in Philadelphia,KPHL,2026-09-27,between,65.0,66.0,The Weather Company,https://weather.com/kalshi,0.0,0.01,0.99,1.0,45507.61,0.0,8766.03,0.0,2026-09-28T05:00:00Z,active,2026-09-27T20:09:07.906074+00:00
KXHIGHPHIL,KXHIGHPHIL-26SEP27-B63.5,Highest temperature in Philadelphia,KPHL,2026-09-27,between,63.0,64.0,The Weather Company,https://weather.com/kalshi,0.0,0.01,0.99,1.0,47097.14,0.0,4145.16,0.0,2026-09-28T05:00:00Z,active,2026-09-27T20:09:07.906074+00:00
KXLOWTCHI,KXLOWTCHI-26SEP28-T56,Lowest Temperature Chicago,KMDW,2026-09-28,greater,56.0,,The Weather Company,https://weather.com/kalshi,0.02,0.07,0.93,0.98,60.0,82.0,90.14,0.0,2026-09-29T06:00:00Z,active,2026-09-27T20:09:07.906074+00:00
KXLOWTCHI,KXLOWTCHI-26SEP28-T49,Lowest Temperature Chicago,KMDW,2026-09-28,less,,49.0,The Weather Company,https://weather.com/kalshi,0.0,0.01,0.99,1.0,4.0,0.0,195.62,0.0,2026-09-29T06:00:00Z,active,2026-09-27T20:09:07.906074+00:00
KXLOWTCHI,KXLOWTCHI-26SEP28-B55.5,Lowest Temperature Chicago,KMDW,2026-09-28,between,55.0,56.0,The Weather Company,https://weather.com/kalshi,0.19,0.26,0.74,0.81,5.0,78.51,141.0,0.0,2026-09-29T06:00:00Z,active,2026-09-27T20:09:07.906074+00:00
KXLOWTCHI,KXLOWTCHI-26SEP28-B53.5,Lowest Temperature Chicago,KMDW,2026-09-28,between,53.0,54.0,The Weather Company,https://weather.com/kalshi,0.43,0.52,0.48,0.57,43.0,4.0,62.76,0.0,2026-09-29T06:00:00Z,active,2026-09-27T20:09:07.906074+00:00
KXLOWTCHI,KXLOWTCHI-26SEP28-B51.5,Lowest Temperature Chicago,KMDW,2026-09-28,between,51.0,52.0,The Weather Company,https://weather.com/kalshi,0.18,0.26,0.74,0.82,4.0,87.46,206.46,0.0,2026-09-29T06:00:00Z,active,2026-09-27T20:09:07.906074+00:00
KXLOWTCHI,KXLOWTCHI-26SEP28-B49.5,Lowest Temperature Chicago,KMDW,2026-09-28,between,49.0,50.0,The Weather Company,https://weather.com/kalshi,0.0,0.05,0.95,1.0,4.0,0.0,505.16,0.0,2026-09-29T06:00:00Z,active,2026-09-27T20:09:07.906074+00:00
KXLOWTCHI,KXLOWTCHI-26SEP27-T54,Lowest Temperature Chicago,KMDW,2026-09-27,greater,54.0,,The Weather Company,https://weather.com/kalshi,0.0,0.01,0.99,1.0,25135.75,0.0,749.76,0.0,2026-09-28T06:00:00Z,active,2026-09-27T20:09:07.906074+00:00
KXLOWTCHI,KXLOWTCHI-26SEP27-T47,Lowest Temperature Chicago,KMDW,2026-09-27,less,,47.0,The Weather Company,https://weather.com/kalshi,0.0,0.01,0.99,1.0,1002.0,0.0,330.1,0.0,2026-09-28T06:00:00Z,active,2026-09-27T20:09:07.906074+00:00
KXLOWTCHI,KXLOWTCHI-26SEP27-B53.5,Lowest Temperature Chicago,KMDW,2026-09-27,between,53.0,54.0,The Weather Company,https://weather.com/kalshi,0.0,0.01,0.99,1.0,24650.75,0.0,453.5,0.0,2026-09-28T06:00:00Z,active,2026-09-27T20:09:07.906074+00:00
KXLOWTCHI,KXLOWTCHI-26SEP27-B51.5,Lowest Temperature Chicago,KMDW,2026-09-27,between,51.0,52.0,The Weather Company,https://weather.com/kalshi,0.0,0.01,0.99,1.0,28358.64,0.0,597.08,0.0,2026-09-28T06:00:00Z,active,2026-09-27T20:09:07.906074+00:00
KXLOWTCHI,KXLOWTCHI-26SEP27-B49.5,Lowest Temperature Chicago,KMDW,2026-09-27,between,49.0,50.0,The Weather Company,https://weather.com/kalshi,0.99,1.0,0.0,0.01,0.0,1397.69,2561.56,0.0,2026-09-28T06:00:00Z,active,2026-09-27T20:09:07.906074+00:00
KXLOWTCHI,KXLOWTCHI-26SEP27-B47.5,Lowest Temperature Chicago,KMDW,2026-09-27,between,47.0,48.0,The Weather Company,https://weather.com/kalshi,0.0,0.01,0.99,1.0,54.0,0.0,3578.81,0.0,2026-09-28T06:00:00Z,active,2026-09-27T20:09:07.906074+00:00
KXHIGHTBOS,KXHIGHTBOS-26SEP28-T66,Boston Maximum Daily Temperature,KBOS,2026-09-28,greater,66.0,,The Weather Company,https://weather.com/kalshi,0.01,0.02,0.98,0.99,136.0,62.86,377.14,0.0,2026-09-29T05:00:00Z,active,2026-09-27T20:09:07.906074+00:00
KXHIGHTBOS,KXHIGHTBOS-26SEP28-T59,Boston Maximum Daily Temperature,KBOS,2026-09-28,less,,59.0,The Weather Company,https://weather.com/kalshi,0.13,0.14,0.86,0.87,2.0,93.0,209.58,0.0,2026-09-29T05:00:00Z,active,2026-09-27T20:09:07.906074+00:00
KXHIGHTBOS,KXHIGHTBOS-26SEP28-B65.5,Boston Maximum Daily Temperature,KBOS,2026-09-28,between,65.0,66.0,The Weather Company,https://weather.com/kalshi,0.02,0.04,0.96,0.98,12.0,141.0,186.99,0.0,2026-09-29T05:00:00Z,active,2026-09-27T20:09:07.906074+00:00
KXHIGHTBOS,KXHIGHTBOS-26SEP28-B63.5,Boston Maximum Daily Temperature,KBOS,2026-09-28,between,63.0,64.0,The Weather Company,https://weather.com/kalshi,0.06,0.08,0.92,0.94,2.0,4.0,100.0,0.0,2026-09-29T05:00:00Z,active,2026-09-27T20:09:07.906074+00:00
KXHIGHTBOS,KXHIGHTBOS-26SEP28-B61.5,Boston Maximum Daily Temperature,KBOS,2026-09-28,between,61.0,62.0,The Weather Company,https://weather.com/kalshi,0.32,0.33,0.67,0.68,1.0,27.0,436.72,0.0,2026-09-29T05:00:00Z,active,2026-09-27T20:09:07.906074+00:00
KXHIGHTBOS,KXHIGHTBOS-26SEP28-B59.5,Boston Maximum Daily Temperature,KBOS,2026-09-28,between,59.0,60.0,The Weather Company,https://weather.com/kalshi,0.41,0.42,0.58,0.59,47.0,39.0,282.0,0.0,2026-09-29T05:00:00Z,active,2026-09-27T20:09:07.906074+00:00
KXHIGHTBOS,KXHIGHTBOS-26SEP27-T69,Boston Maximum Daily Temperature,KBOS,2026-09-27,greater,69.0,,The Weather Company,https://weather.com/kalshi,0.0,0.01,0.99,1.0,1424.72,0.0,443.0,0.0,2026-09-28T05:00:00Z,active,2026-09-27T20:09:07.906074+00:00
KXHIGHTBOS,KXHIGHTBOS-26SEP27-T62,Boston Maximum Daily Temperature,KBOS,2026-09-27,less,,62.0,The Weather Company,https://weather.com/kalshi,0.82,0.83,0.17,0.18,54.82,1.6,5014.28,0.0,2026-09-28T05:00:00Z,active,2026-09-27T20:09:07.906074+00:00
KXHIGHTBOS,KXHIGHTBOS-26SEP27-B68.5,Boston Maximum Daily Temperature,KBOS,2026-09-27,between,68.0,69.0,The Weather Company,https://weather.com/kalshi,0.0,0.01,0.99,1.0,626.72,0.0,332.0,0.0,2026-09-28T05:00:00Z,active,2026-09-27T20:09:07.906074+00:00
KXHIGHTBOS,KXHIGHTBOS-26SEP27-B66.5,Boston Maximum Daily Temperature,KBOS,2026-09-27,between,66.0,67.0,The Weather Company,https://weather.com/kalshi,0.0,0.01,0.99,1.0,340.45,0.0,548.29,0.0,2026-09-28T05:00:00Z,active,2026-09-27T20:09:07.906074+00:00
KXHIGHTBOS,KXHIGHTBOS-26SEP27-B64.5,Boston Maximum Daily Temperature,KBOS,2026-09-27,between,64.0,65.0,The Weather Company,https://weather.com/kalshi,0.01,0.02,0.98,0.99,47.0,133.65,1127.79,0.0,2026-09-28T05:00:00Z,active,2026-09-27T20:09:07.906074+00:00
KXHIGHTBOS,KXHIGHTBOS-26SEP27-B62.5,Boston Maximum Daily Temperature,KBOS,2026-09-27,between,62.0,63.0,The Weather Company,https://weather.com/kalshi,0.18,0.19,0.81,0.82,17.5,1.0,1978.83,0.0,2026-09-28T05:00:00Z,active,2026-09-27T20:09:07.906074+00:00
KXHIGHTMIN,KXHIGHTMIN-26SEP28-T79,Minneapolis Daily High Temperature,KMSP,2026-09-28,greater,79.0,,The Weather Company,https://weather.com/kalshi,0.01,0.02,0.98,0.99,26.0,240.86,82.19,0.0,2026-09-29T06:00:00Z,active,2026-09-27T20:09:07.906074+00:00
KXHIGHTMIN,KXHIGHTMIN-26SEP28-T72,Minneapolis Daily High Temperature,KMSP,2026-09-28,less,,72.0,The Weather Company,https://weather.com/kalshi,0.46,0.47,0.53,0.54,42.0,18.0,619.0,0.0,2026-09-29T06:00:00Z,active,2026-09-27T20:09:07.906074+00:00
KXHIGHTMIN,KXHIGHTMIN-26SEP28-B78.5,Minneapolis Daily High Temperature,KMSP,2026-09-28,between,78.0,79.0,The Weather Company,https://weather.com/kalshi,0.01,0.03,0.97,0.99,8.0,386.0,73.28,0.0,2026-09-29T06:00:00Z,active,2026-09-27T20:09:07.906074+00:00
KXHIGHTMIN,KXHIGHTMIN-26SEP28-B76.5,Minneapolis Daily High Temperature,KMSP,2026-09-28,between,76.0,77.0,The Weather Company,https://weather.com/kalshi,0.05,0.06,0.94,0.95,2.0,4.0,45.0,0.0,2026-09-29T06:00:00Z,active,2026-09-27T20:09:07.906074+00:00
KXHIGHTMIN,KXHIGHTMIN-26SEP28-B74.5,Minneapolis Daily High Temperature,KMSP,2026-09-28,between,74.0,75.0,The Weather Company,https://weather.com/kalshi,0.13,0.17,0.83,0.87,56.0,1.0,0.0,0.0,2026-09-29T06:00:00Z,active,2026-09-27T20:09:07.906074+00:00
KXHIGHTMIN,KXHIGHTMIN-26SEP28-B72.5,Minneapolis Daily High Temperature,KMSP,2026-09-28,between,72.0,73.0,The Weather Company,https://weather.com/kalshi,0.29,0.31,0.69,0.71,1.0,160.74,106.2,0.0,2026-09-29T06:00:00Z,active,2026-09-27T20:09:07.906074+00:00
KXHIGHTMIN,KXHIGHTMIN-26SEP27-T73,Minneapolis Daily High Temperature,KMSP,2026-09-27,greater,73.0,,The Weather Company,https://weather.com/kalshi,0.01,0.02,0.98,0.99,142.0,76.82,658.41,0.0,2026-09-28T06:00:00Z,active,2026-09-27T20:09:07.906074+00:00
KXHIGHTMIN,KXHIGHTMIN-26SEP27-T66,Minneapolis Daily High Temperature,KMSP,2026-09-27,less,,66.0,The Weather Company,https://weather.com/kalshi,0.0,0.01,0.99,1.0,42644.15,0.0,2389.9,0.0,2026-09-28T06:00:00Z,active,2026-09-27T20:09:07.906074+00:00
KXHIGHTMIN,KXHIGHTMIN-26SEP27-B72.5,Minneapolis Daily High Temperature,KMSP,2026-09-27,between,72.0,73.0,The Weather Company,https://weather.com/kalshi,0.01,0.03,0.97,0.99,35.0,350.0,1269.62,0.0,2026-09-28T06:00:00Z,active,2026-09-27T20:09:07.906074+00:00
KXHIGHTMIN,KXHIGHTMIN-26SEP27-B70.5,Minneapolis Daily High Temperature,KMSP,2026-09-27,between,70.0,71.0,The Weather Company,https://weather.com/kalshi,0.02,0.05,0.95,0.98,80.5,72.0,3584.58,0.0,2026-09-28T06:00:00Z,active,2026-09-27T20:09:07.906074+00:00
KXHIGHTMIN,KXHIGHTMIN-26SEP27-B68.5,Minneapolis Daily High Temperature,KMSP,2026-09-27,between,68.0,69.0,The Weather Company,https://weather.com/kalshi,0.57,0.71,0.29,0.43,77.85,55.0,1671.9,0.0,2026-09-28T06:00:00Z,active,2026-09-27T20:09:07.906074+00:00
KXHIGHTMIN,KXHIGHTMIN-26SEP27-B66.5,Minneapolis Daily High Temperature,KMSP,2026-09-27,between,66.0,67.0,The Weather Company,https://weather.com/kalshi,0.17,0.19,0.81,0.83,60.0,25.0,2732.53,0.0,2026-09-28T06:00:00Z,active,2026-09-27T20:09:07.906074+00:00
KXHIGHTDAL,KXHIGHTDAL-26SEP28-T93,Dallas Maximum Temperature,KDFW,2026-09-28,less,,93.0,The Weather Company,https://weather.com/kalshi,0.26,0.27,0.73,0.74,74.0,37.0,540.0,0.0,2026-09-29T06:00:00Z,active,2026-09-27T20:09:07.906074+00:00
KXHIGHTDAL,KXHIGHTDAL-26SEP28-T100,Dallas Maximum Temperature,KDFW,2026-09-28,greater,100.0,,The Weather Company,https://weather.com/kalshi,0.01,0.02,0.98,0.99,182.24,313.86,93.14,0.0,2026-09-29T06:00:00Z,active,2026-09-27T20:09:07.906074+00:00
KXHIGHTDAL,KXHIGHTDAL-26SEP28-B99.5,Dallas Maximum Temperature,KDFW,2026-09-28,between,99.0,100.0,The Weather Company,https://weather.com/kalshi,0.01,0.03,0.97,0.99,106.0,305.0,206.28,0.0,2026-09-29T06:00:00Z,active,2026-09-27T20:09:07.906074+00:00
KXHIGHTDAL,KXHIGHTDAL-26SEP28-B97.5,Dallas Maximum Temperature,KDFW,2026-09-28,between,97.0,98.0,The Weather Company,https://weather.com/kalshi,0.18,0.2,0.8,0.82,285.0,24.0,937.12,0.0,2026-09-29T06:00:00Z,active,2026-09-27T20:09:07.906074+00:00
KXHIGHTDAL,KXHIGHTDAL-26SEP28-B95.5,Dallas Maximum Temperature,KDFW,2026-09-28,between,95.0,96.0,The Weather Company,https://weather.com/kalshi,0.2,0.28,0.72,0.8,6.0,65.44,221.5,0.0,2026-09-29T06:00:00Z,active,2026-09-27T20:09:07.906074+00:00
KXHIGHTDAL,KXHIGHTDAL-26SEP28-B93.5,Dallas Maximum Temperature,KDFW,2026-09-28,between,93.0,94.0,The Weather Company,https://weather.com/kalshi,0.29,0.3,0.7,0.71,27.0,100.0,689.77,0.0,2026-09-29T06:00:00Z,active,2026-09-27T20:09:07.906074+00:00
KXHIGHTDAL,KXHIGHTDAL-26SEP27-T99,Dallas Maximum Temperature,KDFW,2026-09-27,greater,99.0,,The Weather Company,https://weather.com/kalshi,0.0,0.01,0.99,1.0,5521.49,0.0,605.95,0.0,2026-09-28T06:00:00Z,active,2026-09-27T20:09:07.906074+00:00
KXHIGHTDAL,KXHIGHTDAL-26SEP27-T92,Dallas Maximum Temperature,KDFW,2026-09-27,less,,92.0,The Weather Company,https://weather.com/kalshi,0.0,0.01,0.99,1.0,55549.83,0.0,6169.1,0.0,2026-09-28T06:00:00Z,active,2026-09-27T20:09:07.906074+00:00
KXHIGHTDAL,KXHIGHTDAL-26SEP27-B98.5,Dallas Maximum Temperature,KDFW,2026-09-27,between,98.0,99.0,The Weather Company,https://weather.com/kalshi,0.01,0.02,0.98,0.99,18.0,256.59,2352.53,0.0,2026-09-28T06:00:00Z,active,2026-09-27T20:09:07.906074+00:00
KXHIGHTDAL,KXHIGHTDAL-26SEP27-B96.5,Dallas Maximum Temperature,KDFW,2026-09-27,between,96.0,97.0,The Weather Company,https://weather.com/kalshi,0.24,0.27,0.73,0.76,11.0,43.0,4309.85,0.0,2026-09-28T06:00:00Z,active,2026-09-27T20:09:07.906074+00:00
KXHIGHTDAL,KXHIGHTDAL-26SEP27-B94.5,Dallas Maximum Temperature,KDFW,2026-09-27,between,94.0,95.0,The Weather Company,https://weather.com/kalshi,0.75,0.77,0.23,0.25,42.0,5.66,6533.7,0.0,2026-09-28T06:00:00Z,active,2026-09-27T20:09:07.906074+00:00
KXHIGHTDAL,KXHIGHTDAL-26SEP27-B92.5,Dallas Maximum Temperature,KDFW,2026-09-27,between,92.0,93.0,The Weather Company,https://weather.com/kalshi,0.0,0.01,0.99,1.0,51762.84,0.0,6488.58,0.0,2026-09-28T06:00:00Z,active,2026-09-27T20:09:07.906074+00:00
KXHIGHTSATX,KXHIGHTSATX-26SEP28-T94,San Antonio Daily Maximum Temperature,KSAT,2026-09-28,less,,94.0,The Weather Company,https://weather.com/kalshi,0.02,0.03,0.97,0.98,12.0,97.0,272.61,0.0,2026-09-29T06:00:00Z,active,2026-09-27T20:09:07.906074+00:00
KXHIGHTSATX,KXHIGHTSATX-26SEP28-T101,San Antonio Daily Maximum Temperature,KSAT,2026-09-28,greater,101.0,,The Weather Company,https://weather.com/kalshi,0.0,0.01,0.99,1.0,6.0,0.0,338.8,0.0,2026-09-29T06:00:00Z,active,2026-09-27T20:09:07.906074+00:00
KXHIGHTSATX,KXHIGHTSATX-26SEP28-B98.5,San Antonio Daily Maximum Temperature,KSAT,2026-09-28,between,98.0,99.0,The Weather Company,https://weather.com/kalshi,0.09,0.1,0.9,0.91,1.0,22.0,8.0,0.0,2026-09-29T06:00:00Z,active,2026-09-27T20:09:07.906074+00:00
KXHIGHTSATX,KXHIGHTSATX-26SEP28-B96.5,San Antonio Daily Maximum Temperature,KSAT,2026-09-28,between,96.0,97.0,The Weather Company,https://weather.com/kalshi,0.5,0.56,0.44,0.5,14.0,6.93,83.0,0.0,2026-09-29T06:00:00Z,active,2026-09-27T20:09:07.906074+00:00
KXHIGHTSATX,KXHIGHTSATX-26SEP28-B94.5,San Antonio Daily Maximum Temperature,KSAT,2026-09-28,between,94.0,95.0,The Weather Company,https://weather.com/kalshi,0.34,0.35,0.65,0.66,102.93,1.0,39.0,0.0,2026-09-29T06:00:00Z,active,2026-09-27T20:09:07.906074+00:00
KXHIGHTSATX,KXHIGHTSATX-26SEP28-B100.5,San Antonio Daily Maximum Temperature,KSAT,2026-09-28,between,100.0,101.0,The Weather Company,https://weather.com/kalshi,0.01,0.02,0.98,0.99,6.0,240.38,391.62,0.0,2026-09-29T06:00:00Z,active,2026-09-27T20:09:07.906074+00:00
KXHIGHTSATX,KXHIGHTSATX-26SEP27-T94,San Antonio Daily Maximum Temperature,KSAT,2026-09-27,less,,94.0,The Weather Company,https://weather.com/kalshi,0.0,0.01,0.99,1.0,3767.15,0.0,854.93,0.0,2026-09-28T06:00:00Z,active,2026-09-27T20:09:07.906074+00:00
KXHIGHTSATX,KXHIGHTSATX-26SEP27-T101,San Antonio Daily Maximum Temperature,KSAT,2026-09-27,greater,101.0,,The Weather Company,https://weather.com/kalshi,0.0,0.01,0.99,1.0,5857.06,0.0,251.44,0.0,2026-09-28T06:00:00Z,active,2026-09-27T20:09:07.906074+00:00
KXHIGHTSATX,KXHIGHTSATX-26SEP27-B98.5,San Antonio Daily Maximum Temperature,KSAT,2026-09-27,between,98.0,99.0,The Weather Company,https://weather.com/kalshi,0.02,0.05,0.95,0.98,17.8,88.0,1562.56,0.0,2026-09-28T06:00:00Z,active,2026-09-27T20:09:07.906074+00:00
KXHIGHTSATX,KXHIGHTSATX-26SEP27-B96.5,San Antonio Daily Maximum Temperature,KSAT,2026-09-27,between,96.0,97.0,The Weather Company,https://weather.com/kalshi,0.55,0.81,0.19,0.45,32.84,27.0,1451.52,0.0,2026-09-28T06:00:00Z,active,2026-09-27T20:09:07.906074+00:00
KXHIGHTSATX,KXHIGHTSATX-26SEP27-B94.5,San Antonio Daily Maximum Temperature,KSAT,2026-09-27,between,94.0,95.0,The Weather Company,https://weather.com/kalshi,0.14,0.33,0.67,0.86,27.0,6.0,822.84,0.0,2026-09-28T06:00:00Z,active,2026-09-27T20:09:07.906074+00:00
KXHIGHTSATX,KXHIGHTSATX-26SEP27-B100.5,San Antonio Daily Maximum Temperature,KSAT,2026-09-27,between,100.0,101.0,The Weather Company,https://weather.com/kalshi,0.0,0.01,0.99,1.0,47.0,0.0,545.6,0.0,2026-09-28T06:00:00Z,active,2026-09-27T20:09:07.906074+00:00
KXHIGHCHI,KXHIGHCHI-26SEP28-T76,Highest temperature in Chicago,KMDW,2026-09-28,greater,76.0,,The Weather Company,https://weather.com/kalshi,0.01,0.02,0.98,0.99,55.0,648.27,367.73,0.0,2026-09-29T06:00:00Z,active,2026-09-27T20:09:07.906074+00:00
KXHIGHCHI,KXHIGHCHI-26SEP28-T69,Highest temperature in Chicago,KMDW,2026-09-28,less,,69.0,The Weather Company,https://weather.com/kalshi,0.01,0.02,0.98,0.99,139.0,688.57,917.6,0.0,2026-09-29T06:00:00Z,active,2026-09-27T20:09:07.906074+00:00
KXHIGHCHI,KXHIGHCHI-26SEP28-B75.5,Highest temperature in Chicago,KMDW,2026-09-28,between,75.0,76.0,The Weather Company,https://weather.com/kalshi,0.34,0.35,0.65,0.66,77.99,158.0,651.98,0.0,2026-09-29T06:00:00Z,active,2026-09-27T20:09:07.906074+00:00
KXHIGHCHI,KXHIGHCHI-26SEP28-B73.5,Highest temperature in Chicago,KMDW,2026-09-28,between,73.0,74.0,The Weather Company,https://weather.com/kalshi,0.42,0.43,0.57,0.58,88.0,30.0,631.27,0.0,2026-09-29T06:00:00Z,active,2026-09-27T20:09:07.906074+00:00
KXHIGHCHI,KXHIGHCHI-26SEP28-B71.5,Highest temperature in Chicago,KMDW,2026-09-28,between,71.0,72.0,The Weather Company,https://weather.com/kalshi,0.16,0.18,0.82,0.84,61.0,58.13,944.54,0.0,2026-09-29T06:00:00Z,active,2026-09-27T20:09:07.906074+00:00
KXHIGHCHI,KXHIGHCHI-26SEP28-B69.5,Highest temperature in Chicago,KMDW,2026-09-28,between,69.0,70.0,The Weather Company,https://weather.com/kalshi,0.01,0.03,0.97,0.99,6.0,1568.0,816.96,0.0,2026-09-29T06:00:00Z,active,2026-09-27T20:09:07.906074+00:00
KXHIGHCHI,KXHIGHCHI-26SEP27-T74,Highest temperature in Chicago,KMDW,2026-09-27,greater,74.0,,The Weather Company,https://weather.com/kalshi,0.0,0.01,0.99,1.0,151.56,0.0,3301.44,0.0,2026-09-28T06:00:00Z,active,2026-09-27T20:09:07.906074+00:00
KXHIGHCHI,KXHIGHCHI-26SEP27-T67,Highest temperature in Chicago,KMDW,2026-09-27,less,,67.0,The Weather Company,https://weather.com/kalshi,0.0,0.01,0.99,1.0,165869.57,0.0,10222.67,0.0,2026-09-28T06:00:00Z,active,2026-09-27T20:09:07.906074+00:00
KXHIGHCHI,KXHIGHCHI-26SEP27-B73.5,Highest temperature in Chicago,KMDW,2026-09-27,between,73.0,74.0,The Weather Company,https://weather.com/kalshi,0.03,0.09,0.91,0.97,4.0,33.6,11943.69,0.0,2026-09-28T06:00:00Z,active,2026-09-27T20:09:07.906074+00:00
KXHIGHCHI,KXHIGHCHI-26SEP27-B71.5,Highest temperature in Chicago,KMDW,2026-09-27,between,71.0,72.0,The Weather Company,https://weather.com/kalshi,0.92,0.98,0.02,0.08,537.9,31.0,17662.82,0.0,2026-09-28T06:00:00Z,active,2026-09-27T20:09:07.906074+00:00
KXHIGHCHI,KXHIGHCHI-26SEP27-B69.5,Highest temperature in Chicago,KMDW,2026-09-27,between,69.0,70.0,The Weather Company,https://weather.com/kalshi,0.0,0.01,0.99,1.0,137195.15,0.0,27585.52,0.0,2026-09-28T06:00:00Z,active,2026-09-27T20:09:07.906074+00:00
KXHIGHCHI,KXHIGHCHI-26SEP27-B67.5,Highest temperature in Chicago,KMDW,2026-09-27,between,67.0,68.0,The Weather Company,https://weather.com/kalshi,0.0,0.01,0.99,1.0,161345.15,0.0,13035.86,0.0,2026-09-28T06:00:00Z,active,2026-09-27T20:09:07.906074+00:00
KXLOWTDC,KXLOWTDC-26SEP28-T60,Lowest Temperature DC ,KDCA,2026-09-28,greater,60.0,,The Weather Company,https://weather.com/kalshi,0.53,0.61,0.39,0.47,4.0,4.0,86.0,0.0,2026-09-29T05:00:00Z,active,2026-09-27T20:09:07.906074+00:00
KXLOWTDC,KXLOWTDC-26SEP28-T53,Lowest Temperature DC ,KDCA,2026-09-28,less,,53.0,The Weather Company,https://weather.com/kalshi,0.0,0.01,0.99,1.0,4.0,0.0,14.0,0.0,2026-09-29T05:00:00Z,active,2026-09-27T20:09:07.906074+00:00
KXLOWTDC,KXLOWTDC-26SEP28-B59.5,Lowest Temperature DC ,KDCA,2026-09-28,between,59.0,60.0,The Weather Company,https://weather.com/kalshi,0.3,0.38,0.62,0.7,29.0,33.93,0.0,0.0,2026-09-29T05:00:00Z,active,2026-09-27T20:09:07.906074+00:00
KXLOWTDC,KXLOWTDC-26SEP28-B57.5,Lowest Temperature DC ,KDCA,2026-09-28,between,57.0,58.0,The Weather Company,https://weather.com/kalshi,0.05,0.07,0.93,0.95,3.0,89.88,1.05,0.0,2026-09-29T05:00:00Z,active,2026-09-27T20:09:07.906074+00:00
KXLOWTDC,KXLOWTDC-26SEP28-B55.5,Lowest Temperature DC ,KDCA,2026-09-28,between,55.0,56.0,The Weather Company,https://weather.com/kalshi,0.01,0.04,0.96,0.99,54.0,93.96,72.04,0.0,2026-09-29T05:00:00Z,active,2026-09-27T20:09:07.906074+00:00
KXLOWTDC,KXLOWTDC-26SEP28-B53.5,Lowest Temperature DC ,KDCA,2026-09-28,between,53.0,54.0,The Weather Company,https://weather.com/kalshi,0.01,0.04,0.96,0.99,54.0,40.86,95.14,0.0,2026-09-29T05:00:00Z,active,2026-09-27T20:09:07.906074+00:00
KXLOWTDC,KXLOWTDC-26SEP27-T59,Lowest Temperature DC ,KDCA,2026-09-27,greater,59.0,,The Weather Company,https://weather.com/kalshi,0.74,0.98,0.02,0.26,198.0,11.0,910.18,0.0,2026-09-28T05:00:00Z,active,2026-09-27T20:09:07.906074+00:00
KXLOWTDC,KXLOWTDC-26SEP27-T52,Lowest Temperature DC ,KDCA,2026-09-27,less,,52.0,The Weather Company,https://weather.com/kalshi,0.0,0.01,0.99,1.0,10.0,0.0,46.0,0.0,2026-09-28T05:00:00Z,active,2026-09-27T20:09:07.906074+00:00
KXLOWTDC,KXLOWTDC-26SEP27-B58.5,Lowest Temperature DC ,KDCA,2026-09-27,between,58.0,59.0,The Weather Company,https://weather.com/kalshi,0.04,0.24,0.76,0.96,25.0,50.0,195.0,0.0,2026-09-28T05:00:00Z,active,2026-09-27T20:09:07.906074+00:00
KXLOWTDC,KXLOWTDC-26SEP27-B56.5,Lowest Temperature DC ,KDCA,2026-09-27,between,56.0,57.0,The Weather Company,https://weather.com/kalshi,0.0,0.02,0.98,1.0,38.0,0.0,269.35,0.0,2026-09-28T05:00:00Z,active,2026-09-27T20:09:07.906074+00:00
KXLOWTDC,KXLOWTDC-26SEP27-B54.5,Lowest Temperature DC ,KDCA,2026-09-27,between,54.0,55.0,The Weather Company,https://weather.com/kalshi,0.0,0.02,0.98,1.0,72.0,0.0,158.0,0.0,2026-09-28T05:00:00Z,active,2026-09-27T20:09:07.906074+00:00
KXLOWTDC,KXLOWTDC-26SEP27-B52.5,Lowest Temperature DC ,KDCA,2026-09-27,between,52.0,53.0,The Weather Company,https://weather.com/kalshi,0.0,0.02,0.98,1.0,51.0,0.0,106.28,0.0,2026-09-28T05:00:00Z,active,2026-09-27T20:09:07.906074+00:00
KXLOWTTTN,KXLOWTTTN-26SEP28-T59,Trenton Daily low temp ,KTTN,2026-09-28,greater,59.0,,The Weather Company,https://weather.com/kalshi,0.08,0.19,0.81,0.92,25.0,89.0,25.0,0.0,2026-09-29T05:00:00Z,active,2026-09-27T20:09:07.906074+00:00
KXLOWTTTN,KXLOWTTTN-26SEP28-T52,Trenton Daily low temp ,KTTN,2026-09-28,less,,52.0,The Weather Company,https://weather.com/kalshi,0.01,0.03,0.97,0.99,32.0,50.0,123.0,0.0,2026-09-29T05:00:00Z,active,2026-09-27T20:09:07.906074+00:00
KXLOWTTTN,KXLOWTTTN-26SEP28-B58.5,Trenton Daily low temp ,KTTN,2026-09-28,between,58.0,59.0,The Weather Company,https://weather.com/kalshi,0.32,0.5,0.5,0.68,25.0,25.0,10.0,0.0,2026-09-29T05:00:00Z,active,2026-09-27T20:09:07.906074+00:00
KXLOWTTTN,KXLOWTTTN-26SEP28-B56.5,Trenton Daily low temp ,KTTN,2026-09-28,between,56.0,57.0,The Weather Company,https://weather.com/kalshi,0.29,0.48,0.52,0.71,1.0,25.0,12.0,0.0,2026-09-29T05:00:00Z,active,2026-09-27T20:09:07.906074+00:00
KXLOWTTTN,KXLOWTTTN-26SEP28-B54.5,Trenton Daily low temp ,KTTN,2026-09-28,between,54.0,55.0,The Weather Company,https://weather.com/kalshi,0.02,0.18,0.82,0.98,25.0,50.0,56.01,0.0,2026-09-29T05:00:00Z,active,2026-09-27T20:09:07.906074+00:00
KXLOWTTTN,KXLOWTTTN-26SEP28-B52.5,Trenton Daily low temp ,KTTN,2026-09-28,between,52.0,53.0,The Weather Company,https://weather.com/kalshi,0.0,0.09,0.91,1.0,1.0,0.0,119.0,0.0,2026-09-29T05:00:00Z,active,2026-09-27T20:09:07.906074+00:00
KXLOWTTTN,KXLOWTTTN-26SEP27-T56,Trenton Daily low temp ,KTTN,2026-09-27,greater,56.0,,The Weather Company,https://weather.com/kalshi,0.92,0.97,0.03,0.08,25.0,53.0,311.21,0.0,2026-09-28T05:00:00Z,active,2026-09-27T20:09:07.906074+00:00
KXLOWTTTN,KXLOWTTTN-26SEP27-T49,Trenton Daily low temp ,KTTN,2026-09-27,less,,49.0,The Weather Company,https://weather.com/kalshi,0.0,0.05,0.95,1.0,2.0,0.0,30.28,0.0,2026-09-28T05:00:00Z,active,2026-09-27T20:09:07.906074+00:00
KXLOWTTTN,KXLOWTTTN-26SEP27-B55.5,Trenton Daily low temp ,KTTN,2026-09-27,between,55.0,56.0,The Weather Company,https://weather.com/kalshi,0.0,0.08,0.92,1.0,1.0,0.0,32.0,0.0,2026-09-28T05:00:00Z,active,2026-09-27T20:09:07.906074+00:00
KXLOWTTTN,KXLOWTTTN-26SEP27-B53.5,Trenton Daily low temp ,KTTN,2026-09-27,between,53.0,54.0,The Weather Company,https://weather.com/kalshi,0.0,0.06,0.94,1.0,5.0,0.0,45.0,0.0,2026-09-28T05:00:00Z,active,2026-09-27T20:09:07.906074+00:00
KXLOWTTTN,KXLOWTTTN-26SEP27-B51.5,Trenton Daily low temp ,KTTN,2026-09-27,between,51.0,52.0,The Weather Company,https://weather.com/kalshi,0.0,0.01,0.99,1.0,125.0,0.0,25.0,0.0,2026-09-28T05:00:00Z,active,2026-09-27T20:09:07.906074+00:00
KXLOWTTTN,KXLOWTTTN-26SEP27-B49.5,Trenton Daily low temp ,KTTN,2026-09-27,between,49.0,50.0,The Weather Company,https://weather.com/kalshi,0.0,0.01,0.99,1.0,318.0,0.0,32.0,0.0,2026-09-28T05:00:00Z,active,2026-09-27T20:09:07.906074+00:00
KXLOWTBOS,KXLOWTBOS-26SEP28-T63,Low Temperature Boston,KBOS,2026-09-28,greater,63.0,,The Weather Company,https://weather.com/kalshi,0.0,0.02,0.98,1.0,6.0,0.0,33.22,0.0,2026-09-29T05:00:00Z,active,2026-09-27T20:09:07.906074+00:00
KXLOWTBOS,KXLOWTBOS-26SEP28-T56,Low Temperature Boston,KBOS,2026-09-28,less,,56.0,The Weather Company,https://weather.com/kalshi,0.75,0.81,0.19,0.25,31.0,55.0,188.0,0.0,2026-09-29T05:00:00Z,active,2026-09-27T20:09:07.906074+00:00
KXLOWTBOS,KXLOWTBOS-26SEP28-B62.5,Low Temperature Boston,KBOS,2026-09-28,between,62.0,63.0,The Weather Company,https://weather.com/kalshi,0.0,0.01,0.99,1.0,6.0,0.0,76.0,0.0,2026-09-29T05:00:00Z,active,2026-09-27T20:09:07.906074+00:00
KXLOWTBOS,KXLOWTBOS-26SEP28-B60.5,Low Temperature Boston,KBOS,2026-09-28,between,60.0,61.0,The Weather Company,https://weather.com/kalshi,0.01,0.02,0.98,0.99,36.0,103.0,92.0,0.0,2026-09-29T05:00:00Z,active,2026-09-27T20:09:07.906074+00:00
KXLOWTBOS,KXLOWTBOS-26SEP28-B58.5,Low Temperature Boston,KBOS,2026-09-28,between,58.0,59.0,The Weather Company,https://weather.com/kalshi,0.03,0.04,0.96,0.97,2.0,39.0,19.0,0.0,2026-09-29T05:00:00Z,active,2026-09-27T20:09:07.906074+00:00
KXLOWTBOS,KXLOWTBOS-26SEP28-B56.5,Low Temperature Boston,KBOS,2026-09-28,between,56.0,57.0,The Weather Company,https://weather.com/kalshi,0.18,0.21,0.79,0.82,50.0,10.0,88.0,0.0,2026-09-29T05:00:00Z,active,2026-09-27T20:09:07.906074+00:00
KXLOWTBOS,KXLOWTBOS-26SEP27-T62,Low Temperature Boston,KBOS,2026-09-27,greater,62.0,,The Weather Company,https://weather.com/kalshi,0.0,0.01,0.99,1.0,24545.0,0.0,31.0,0.0,2026-09-28T05:00:00Z,active,2026-09-27T20:09:07.906074+00:00
KXLOWTBOS,KXLOWTBOS-26SEP27-T55,Low Temperature Boston,KBOS,2026-09-27,less,,55.0,The Weather Company,https://weather.com/kalshi,0.01,0.03,0.97,0.99,118.0,1.0,568.3,0.0,2026-09-28T05:00:00Z,active,2026-09-27T20:09:07.906074+00:00
KXLOWTBOS,KXLOWTBOS-26SEP27-B61.5,Low Temperature Boston,KBOS,2026-09-27,between,61.0,62.0,The Weather Company,https://weather.com/kalshi,0.0,0.01,0.99,1.0,21291.15,0.0,272.0,0.0,2026-09-28T05:00:00Z,active,2026-09-27T20:09:07.906074+00:00
KXLOWTBOS,KXLOWTBOS-26SEP27-B59.5,Low Temperature Boston,KBOS,2026-09-27,between,59.0,60.0,The Weather Company,https://weather.com/kalshi,0.0,0.01,0.99,1.0,18439.15,0.0,322.05,0.0,2026-09-28T05:00:00Z,active,2026-09-27T20:09:07.906074+00:00
KXLOWTBOS,KXLOWTBOS-26SEP27-B57.5,Low Temperature Boston,KBOS,2026-09-27,between,57.0,58.0,The Weather Company,https://weather.com/kalshi,0.6,0.94,0.06,0.4,1.0,17.0,398.35,0.0,2026-09-28T05:00:00Z,active,2026-09-27T20:09:07.906074+00:00
KXLOWTBOS,KXLOWTBOS-26SEP27-B55.5,Low Temperature Boston,KBOS,2026-09-27,between,55.0,56.0,The Weather Company,https://weather.com/kalshi,0.03,0.19,0.81,0.97,25.0,50.0,190.11,0.0,2026-09-28T05:00:00Z,active,2026-09-27T20:09:07.906074+00:00
KXHIGHTPHX,KXHIGHTPHX-26SEP28-T90,Phoenix High Temperature Daily,KPHX,2026-09-28,greater,90.0,,The Weather Company,https://weather.com/kalshi,0.03,0.04,0.96,0.97,5.24,27.0,466.32,0.0,2026-09-29T07:00:00Z,active,2026-09-27T20:09:07.906074+00:00
KXHIGHTPHX,KXHIGHTPHX-26SEP28-T83,Phoenix High Temperature Daily,KPHX,2026-09-28,less,,83.0,The Weather Company,https://weather.com/kalshi,0.23,0.26,0.74,0.77,61.0,29.0,1309.56,0.0,2026-09-29T07:00:00Z,active,2026-09-27T20:09:07.906074+00:00
KXHIGHTPHX,KXHIGHTPHX-26SEP28-B89.5,Phoenix High Temperature Daily,KPHX,2026-09-28,between,89.0,90.0,The Weather Company,https://weather.com/kalshi,0.04,0.05,0.95,0.96,6.0,47.0,145.14,0.0,2026-09-29T07:00:00Z,active,2026-09-27T20:09:07.906074+00:00
KXHIGHTPHX,KXHIGHTPHX-26SEP28-B87.5,Phoenix High Temperature Daily,KPHX,2026-09-28,between,87.0,88.0,The Weather Company,https://weather.com/kalshi,0.12,0.13,0.87,0.88,1.0,27.0,180.0,0.0,2026-09-29T07:00:00Z,active,2026-09-27T20:09:07.906074+00:00
KXHIGHTPHX,KXHIGHTPHX-26SEP28-B85.5,Phoenix High Temperature Daily,KPHX,2026-09-28,between,85.0,86.0,The Weather Company,https://weather.com/kalshi,0.2,0.21,0.79,0.8,208.0,2.0,306.31,0.0,2026-09-29T07:00:00Z,active,2026-09-27T20:09:07.906074+00:00
KXHIGHTPHX,KXHIGHTPHX-26SEP28-B83.5,Phoenix High Temperature Daily,KPHX,2026-09-28,between,83.0,84.0,The Weather Company,https://weather.com/kalshi,0.25,0.28,0.72,0.75,61.0,9.0,746.12,0.0,2026-09-29T07:00:00Z,active,2026-09-27T20:09:07.906074+00:00
KXHIGHTPHX,KXHIGHTPHX-26SEP27-T93,Phoenix High Temperature Daily,KPHX,2026-09-27,less,,93.0,The Weather Company,https://weather.com/kalshi,0.0,0.01,0.99,1.0,53642.72,0.0,3602.64,0.0,2026-09-28T07:00:00Z,active,2026-09-27T20:09:07.906074+00:00
KXHIGHTPHX,KXHIGHTPHX-26SEP27-T100,Phoenix High Temperature Daily,KPHX,2026-09-27,greater,100.0,,The Weather Company,https://weather.com/kalshi,0.03,0.04,0.96,0.97,73.83,119.57,2210.29,0.0,2026-09-28T07:00:00Z,active,2026-09-27T20:09:07.906074+00:00
KXHIGHTPHX,KXHIGHTPHX-26SEP27-B99.5,Phoenix High Temperature Daily,KPHX,2026-09-27,between,99.0,100.0,The Weather Company,https://weather.com/kalshi,0.29,0.37,0.63,0.71,89.26,46.0,5869.92,0.0,2026-09-28T07:00:00Z,active,2026-09-27T20:09:07.906074+00:00
KXHIGHTPHX,KXHIGHTPHX-26SEP27-B97.5,Phoenix High Temperature Daily,KPHX,2026-09-27,between,97.0,98.0,The Weather Company,https://weather.com/kalshi,0.56,0.59,0.41,0.44,68.0,3.0,5040.72,0.0,2026-09-28T07:00:00Z,active,2026-09-27T20:09:07.906074+00:00
KXHIGHTPHX,KXHIGHTPHX-26SEP27-B95.5,Phoenix High Temperature Daily,KPHX,2026-09-27,between,95.0,96.0,The Weather Company,https://weather.com/kalshi,0.05,0.08,0.92,0.95,9.0,51.94,5128.3,0.0,2026-09-28T07:00:00Z,active,2026-09-27T20:09:07.906074+00:00
KXHIGHTPHX,KXHIGHTPHX-26SEP27-B93.5,Phoenix High Temperature Daily,KPHX,2026-09-27,between,93.0,94.0,The Weather Company,https://weather.com/kalshi,0.0,0.01,0.99,1.0,53123.12,0.0,3511.81,0.0,2026-09-28T07:00:00Z,active,2026-09-27T20:09:07.906074+00:00
KXHIGHNY,KXHIGHNY-26SEP28-T71,Highest temperature in NYC,KNYC,2026-09-28,greater,71.0,,The Weather Company,https://weather.com/kalshi,0.0,0.01,0.99,1.0,1855.36,0.0,933.0,0.0,2026-09-29T05:00:00Z,active,2026-09-27T20:09:07.906074+00:00
KXHIGHNY,KXHIGHNY-26SEP28-T64,Highest temperature in NYC,KNYC,2026-09-28,less,,64.0,The Weather Company,https://weather.com/kalshi,0.74,0.76,0.24,0.26,49.0,84.0,2303.84,0.0,2026-09-29T05:00:00Z,active,2026-09-27T20:09:07.906074+00:00
KXHIGHNY,KXHIGHNY-26SEP28-B70.5,Highest temperature in NYC,KNYC,2026-09-28,between,70.0,71.0,The Weather Company,https://weather.com/kalshi,0.0,0.01,0.99,1.0,16.0,0.0,796.15,0.0,2026-09-29T05:00:00Z,active,2026-09-27T20:09:07.906074+00:00
KXHIGHNY,KXHIGHNY-26SEP28-B68.5,Highest temperature in NYC,KNYC,2026-09-28,between,68.0,69.0,The Weather Company,https://weather.com/kalshi,0.01,0.02,0.98,0.99,105.0,258.35,1186.62,0.0,2026-09-29T05:00:00Z,active,2026-09-27T20:09:07.906074+00:00
KXHIGHNY,KXHIGHNY-26SEP28-B66.5,Highest temperature in NYC,KNYC,2026-09-28,between,66.0,67.0,The Weather Company,https://weather.com/kalshi,0.04,0.05,0.95,0.96,90.0,0.92,602.36,0.0,2026-09-29T05:00:00Z,active,2026-09-27T20:09:07.906074+00:00
KXHIGHNY,KXHIGHNY-26SEP28-B64.5,Highest temperature in NYC,KNYC,2026-09-28,between,64.0,65.0,The Weather Company,https://weather.com/kalshi,0.21,0.22,0.78,0.79,94.0,30.0,1455.5,0.0,2026-09-29T05:00:00Z,active,2026-09-27T20:09:07.906074+00:00
KXHIGHNY,KXHIGHNY-26SEP27-T72,Highest temperature in NYC,KNYC,2026-09-27,greater,72.0,,The Weather Company,https://weather.com/kalshi,0.0,0.01,0.99,1.0,2172.98,0.0,1890.32,0.0,2026-09-28T05:00:00Z,active,2026-09-27T20:09:07.906074+00:00
KXHIGHNY,KXHIGHNY-26SEP27-T65,Highest temperature in NYC,KNYC,2026-09-27,less,,65.0,The Weather Company,https://weather.com/kalshi,0.96,0.98,0.02,0.04,44.0,379.1,29456.21,0.0,2026-09-28T05:00:00Z,active,2026-09-27T20:09:07.906074+00:00
KXHIGHNY,KXHIGHNY-26SEP27-B71.5,Highest temperature in NYC,KNYC,2026-09-27,between,71.0,72.0,The Weather Company,https://weather.com/kalshi,0.0,0.01,0.99,1.0,1710.98,0.0,934.37,0.0,2026-09-28T05:00:00Z,active,2026-09-27T20:09:07.906074+00:00
KXHIGHNY,KXHIGHNY-26SEP27-B69.5,Highest temperature in NYC,KNYC,2026-09-27,between,69.0,70.0,The Weather Company,https://weather.com/kalshi,0.0,0.01,0.99,1.0,1663.98,0.0,3542.59,0.0,2026-09-28T05:00:00Z,active,2026-09-27T20:09:07.906074+00:00
KXHIGHNY,KXHIGHNY-26SEP27-B67.5,Highest temperature in NYC,KNYC,2026-09-27,between,67.0,68.0,The Weather Company,https://weather.com/kalshi,0.0,0.01,0.99,1.0,2029.3,0.0,13777.69,0.0,2026-09-28T05:00:00Z,active,2026-09-27T20:09:07.906074+00:00
KXHIGHNY,KXHIGHNY-26SEP27-B65.5,Highest temperature in NYC,KNYC,2026-09-27,between,65.0,66.0,The Weather Company,https://weather.com/kalshi,0.01,0.03,0.97,0.99,106.42,779.82,17535.62,0.0,2026-09-28T05:00:00Z,active,2026-09-27T20:09:07.906074+00:00
KXLOWTATL,KXLOWTATL-26SEP28-T57,Low Temperature Atlanta,KATL,2026-09-28,greater,57.0,,The Weather Company,https://weather.com/kalshi,0.27,0.31,0.69,0.73,2.0,125.79,235.0,0.0,2026-09-29T05:00:00Z,active,2026-09-27T20:09:07.906074+00:00
KXLOWTATL,KXLOWTATL-26SEP28-T50,Low Temperature Atlanta,KATL,2026-09-28,less,,50.0,The Weather Company,https://weather.com/kalshi,0.01,0.02,0.98,0.99,5.0,25.0,31.0,0.0,2026-09-29T05:00:00Z,active,2026-09-27T20:09:07.906074+00:00
KXLOWTATL,KXLOWTATL-26SEP28-B56.5,Low Temperature Atlanta,KATL,2026-09-28,between,56.0,57.0,The Weather Company,https://weather.com/kalshi,0.4,0.48,0.52,0.6,5.0,5.0,0.0,0.0,2026-09-29T05:00:00Z,active,2026-09-27T20:09:07.906074+00:00
KXLOWTATL,KXLOWTATL-26SEP28-B54.5,Low Temperature Atlanta,KATL,2026-09-28,between,54.0,55.0,The Weather Company,https://weather.com/kalshi,0.14,0.2,0.8,0.86,101.0,25.0,36.0,0.0,2026-09-29T05:00:00Z,active,2026-09-27T20:09:07.906074+00:00
KXLOWTATL,KXLOWTATL-26SEP28-B52.5,Low Temperature Atlanta,KATL,2026-09-28,between,52.0,53.0,The Weather Company,https://weather.com/kalshi,0.02,0.06,0.94,0.98,6.0,48.72,15.28,0.0,2026-09-29T05:00:00Z,active,2026-09-27T20:09:07.906074+00:00
KXLOWTATL,KXLOWTATL-26SEP28-B50.5,Low Temperature Atlanta,KATL,2026-09-28,between,50.0,51.0,The Weather Company,https://weather.com/kalshi,0.0,0.05,0.95,1.0,38.0,0.0,165.0,0.0,2026-09-29T05:00:00Z,active,2026-09-27T20:09:07.906074+00:00
KXLOWTATL,KXLOWTATL-26SEP27-T58,Low Temperature Atlanta,KATL,2026-09-27,greater,58.0,,The Weather Company,https://weather.com/kalshi,0.0,0.01,0.99,1.0,23788.9,0.0,380.26,0.0,2026-09-28T05:00:00Z,active,2026-09-27T20:09:07.906074+00:00
KXLOWTATL,KXLOWTATL-26SEP27-T51,Low Temperature Atlanta,KATL,2026-09-27,less,,51.0,The Weather Company,https://weather.com/kalshi,0.0,0.01,0.99,1.0,3227.0,0.0,98.0,0.0,2026-09-28T05:00:00Z,active,2026-09-27T20:09:07.906074+00:00
KXLOWTATL,KXLOWTATL-26SEP27-B57.5,Low Temperature Atlanta,KATL,2026-09-27,between,57.0,58.0,The Weather Company,https://weather.com/kalshi,0.0,0.01,0.99,1.0,23394.64,0.0,610.51,0.0,2026-09-28T05:00:00Z,active,2026-09-27T20:09:07.906074+00:00
KXLOWTATL,KXLOWTATL-26SEP27-B55.5,Low Temperature Atlanta,KATL,2026-09-27,between,55.0,56.0,The Weather Company,https://weather.com/kalshi,0.99,1.0,0.0,0.01,0.0,300.0,709.99,0.0,2026-09-28T05:00:00Z,active,2026-09-27T20:09:07.906074+00:00
KXLOWTATL,KXLOWTATL-26SEP27-B53.5,Low Temperature Atlanta,KATL,2026-09-27,between,53.0,54.0,The Weather Company,https://weather.com/kalshi,0.0,0.01,0.99,1.0,305.0,0.0,256.94,0.0,2026-09-28T05:00:00Z,active,2026-09-27T20:09:07.906074+00:00
KXLOWTATL,KXLOWTATL-26SEP27-B51.5,Low Temperature Atlanta,KATL,2026-09-27,between,51.0,52.0,The Weather Company,https://weather.com/kalshi,0.0,0.01,0.99,1.0,3433.49,0.0,233.51,0.0,2026-09-28T05:00:00Z,active,2026-09-27T20:09:07.906074+00:00
KXLOWTHOU,KXLOWTHOU-26SEP28-T77,Low Temperature Houston,KHOU,2026-09-28,greater,77.0,,The Weather Company,https://weather.com/kalshi,0.14,0.25,0.75,0.86,25.0,89.0,17.0,0.0,2026-09-29T06:00:00Z,active,2026-09-27T20:09:07.906074+00:00
KXLOWTHOU,KXLOWTHOU-26SEP28-T70,Low Temperature Houston,KHOU,2026-09-28,less,,70.0,The Weather Company,https://weather.com/kalshi,0.0,0.01,0.99,1.0,18.0,0.0,0.0,0.0,2026-09-29T06:00:00Z,active,2026-09-27T20:09:07.906074+00:00
KXLOWTHOU,KXLOWTHOU-26SEP28-B76.5,Low Temperature Houston,KHOU,2026-09-28,between,76.0,77.0,The Weather Company,https://weather.com/kalshi,0.48,0.63,0.37,0.52,25.0,89.0,0.0,0.0,2026-09-29T06:00:00Z,active,2026-09-27T20:09:07.906074+00:00
KXLOWTHOU,KXLOWTHOU-26SEP28-B74.5,Low Temperature Houston,KHOU,2026-09-28,between,74.0,75.0,The Weather Company,https://weather.com/kalshi,0.19,0.3,0.7,0.81,50.0,25.0,1.29,0.0,2026-09-29T06:00:00Z,active,2026-09-27T20:09:07.906074+00:00
KXLOWTHOU,KXLOWTHOU-26SEP28-B72.5,Low Temperature Houston,KHOU,2026-09-28,between,72.0,73.0,The Weather Company,https://weather.com/kalshi,0.02,0.04,0.96,0.98,42.0,39.0,15.27,0.0,2026-09-29T06:00:00Z,active,2026-09-27T20:09:07.906074+00:00
KXLOWTHOU,KXLOWTHOU-26SEP28-B70.5,Low Temperature Houston,KHOU,2026-09-28,between,70.0,71.0,The Weather Company,https://weather.com/kalshi,0.0,0.03,0.97,1.0,1.0,0.0,218.77,0.0,2026-09-29T06:00:00Z,active,2026-09-27T20:09:07.906074+00:00
KXLOWTHOU,KXLOWTHOU-26SEP27-T76,Low Temperature Houston,KHOU,2026-09-27,greater,76.0,,The Weather Company,https://weather.com/kalshi,0.0,0.01,0.99,1.0,18447.15,0.0,582.0,0.0,2026-09-28T06:00:00Z,active,2026-09-27T20:09:07.906074+00:00
KXLOWTHOU,KXLOWTHOU-26SEP27-T69,Low Temperature Houston,KHOU,2026-09-27,less,,69.0,The Weather Company,https://weather.com/kalshi,0.0,0.02,0.98,1.0,66.0,0.0,45.0,0.0,2026-09-28T06:00:00Z,active,2026-09-27T20:09:07.906074+00:00
KXLOWTHOU,KXLOWTHOU-26SEP27-B75.5,Low Temperature Houston,KHOU,2026-09-27,between,75.0,76.0,The Weather Company,https://weather.com/kalshi,0.0,0.01,0.99,1.0,18666.15,0.0,302.85,0.0,2026-09-28T06:00:00Z,active,2026-09-27T20:09:07.906074+00:00
KXLOWTHOU,KXLOWTHOU-26SEP27-B73.5,Low Temperature Houston,KHOU,2026-09-27,between,73.0,74.0,The Weather Company,https://weather.com/kalshi,0.99,1.0,0.0,0.01,0.0,350.0,889.21,0.0,2026-09-28T06:00:00Z,active,2026-09-27T20:09:07.906074+00:00
KXLOWTHOU,KXLOWTHOU-26SEP27-B71.5,Low Temperature Houston,KHOU,2026-09-27,between,71.0,72.0,The Weather Company,https://weather.com/kalshi,0.0,0.01,0.99,1.0,356.0,0.0,314.92,0.0,2026-09-28T06:00:00Z,active,2026-09-27T20:09:07.906074+00:00
KXLOWTHOU,KXLOWTHOU-26SEP27-B69.5,Low Temperature Houston,KHOU,2026-09-27,between,69.0,70.0,The Weather Company,https://weather.com/kalshi,0.0,0.01,0.99,1.0,456.0,0.0,177.51,0.0,2026-09-28T06:00:00Z,active,2026-09-27T20:09:07.906074+00:00
KXLOWTDEN,KXLOWTDEN-26SEP28-T59,Lowest temperature in Denver,KDEN,2026-09-28,greater,59.0,,The Weather Company,https://weather.com/kalshi,0.22,0.3,0.7,0.78,17.0,55.0,126.0,0.0,2026-09-29T07:00:00Z,active,2026-09-27T20:09:07.906074+00:00
KXLOWTDEN,KXLOWTDEN-26SEP28-T52,Lowest temperature in Denver,KDEN,2026-09-28,less,,52.0,The Weather Company,https://weather.com/kalshi,0.0,0.01,0.99,1.0,3.0,0.0,15.0,0.0,2026-09-29T07:00:00Z,active,2026-09-27T20:09:07.906074+00:00
KXLOWTDEN,KXLOWTDEN-26SEP28-B58.5,Lowest temperature in Denver,KDEN,2026-09-28,between,58.0,59.0,The Weather Company,https://weather.com/kalshi,0.23,0.34,0.66,0.77,1.0,1.0,1.0,0.0,2026-09-29T07:00:00Z,active,2026-09-27T20:09:07.906074+00:00
KXLOWTDEN,KXLOWTDEN-26SEP28-B56.5,Lowest temperature in Denver,KDEN,2026-09-28,between,56.0,57.0,The Weather Company,https://weather.com/kalshi,0.26,0.34,0.66,0.74,1.0,54.0,1.0,0.0,2026-09-29T07:00:00Z,active,2026-09-27T20:09:07.906074+00:00
KXLOWTDEN,KXLOWTDEN-26SEP28-B54.5,Lowest temperature in Denver,KDEN,2026-09-28,between,54.0,55.0,The Weather Company,https://weather.com/kalshi,0.11,0.19,0.81,0.89,1.0,38.31,5.69,0.0,2026-09-29T07:00:00Z,active,2026-09-27T20:09:07.906074+00:00
KXLOWTDEN,KXLOWTDEN-26SEP28-B52.5,Lowest temperature in Denver,KDEN,2026-09-28,between,52.0,53.0,The Weather Company,https://weather.com/kalshi,0.02,0.05,0.95,0.98,7.0,49.0,15.27,0.0,2026-09-29T07:00:00Z,active,2026-09-27T20:09:07.906074+00:00
KXLOWTDEN,KXLOWTDEN-26SEP27-T55,Lowest temperature in Denver,KDEN,2026-09-27,greater,55.0,,The Weather Company,https://weather.com/kalshi,0.0,0.01,0.99,1.0,12993.81,0.0,595.85,0.0,2026-09-28T07:00:00Z,active,2026-09-27T20:09:07.906074+00:00
KXLOWTDEN,KXLOWTDEN-26SEP27-T48,Lowest temperature in Denver,KDEN,2026-09-27,less,,48.0,The Weather Company,https://weather.com/kalshi,0.0,0.01,0.99,1.0,65.0,0.0,100.33,0.0,2026-09-28T07:00:00Z,active,2026-09-27T20:09:07.906074+00:00
KXLOWTDEN,KXLOWTDEN-26SEP27-B54.5,Lowest temperature in Denver,KDEN,2026-09-27,between,54.0,55.0,The Weather Company,https://weather.com/kalshi,0.97,0.98,0.02,0.03,2.0,7.0,1566.47,0.0,2026-09-28T07:00:00Z,active,2026-09-27T20:09:07.906074+00:00
KXLOWTDEN,KXLOWTDEN-26SEP27-B52.5,Lowest temperature in Denver,KDEN,2026-09-27,between,52.0,53.0,The Weather Company,https://weather.com/kalshi,0.02,0.04,0.96,0.98,11.0,49.0,371.36,0.0,2026-09-28T07:00:00Z,active,2026-09-27T20:09:07.906074+00:00
KXLOWTDEN,KXLOWTDEN-26SEP27-B50.5,Lowest temperature in Denver,KDEN,2026-09-27,between,50.0,51.0,The Weather Company,https://weather.com/kalshi,0.01,0.03,0.97,0.99,67.0,5.82,203.18,0.0,2026-09-28T07:00:00Z,active,2026-09-27T20:09:07.906074+00:00
KXLOWTDEN,KXLOWTDEN-26SEP27-B48.5,Lowest temperature in Denver,KDEN,2026-09-27,between,48.0,49.0,The Weather Company,https://weather.com/kalshi,0.0,0.01,0.99,1.0,15.0,0.0,233.02,0.0,2026-09-28T07:00:00Z,active,2026-09-27T20:09:07.906074+00:00
KXLOWTPHIL,KXLOWTPHIL-26SEP28-T61,Lowest temperature in Philadelphia,KPHL,2026-09-28,greater,61.0,,The Weather Company,https://weather.com/kalshi,0.43,0.45,0.55,0.57,2.0,54.0,215.0,0.0,2026-09-29T05:00:00Z,active,2026-09-27T20:09:07.906074+00:00
KXLOWTPHIL,KXLOWTPHIL-26SEP28-T54,Lowest temperature in Philadelphia,KPHL,2026-09-28,less,,54.0,The Weather Company,https://weather.com/kalshi,0.0,0.01,0.99,1.0,182.0,0.0,14.0,0.0,2026-09-29T05:00:00Z,active,2026-09-27T20:09:07.906074+00:00
KXLOWTPHIL,KXLOWTPHIL-26SEP28-B60.5,Lowest temperature in Philadelphia,KPHL,2026-09-28,between,60.0,61.0,The Weather Company,https://weather.com/kalshi,0.4,0.49,0.51,0.6,47.0,1.0,146.0,0.0,2026-09-29T05:00:00Z,active,2026-09-27T20:09:07.906074+00:00
KXLOWTPHIL,KXLOWTPHIL-26SEP28-B58.5,Lowest temperature in Philadelphia,KPHL,2026-09-28,between,58.0,59.0,The Weather Company,https://weather.com/kalshi,0.02,0.08,0.92,0.98,5.0,48.59,95.41,0.0,2026-09-29T05:00:00Z,active,2026-09-27T20:09:07.906074+00:00
KXLOWTPHIL,KXLOWTPHIL-26SEP28-B56.5,Lowest temperature in Philadelphia,KPHL,2026-09-28,between,56.0,57.0,The Weather Company,https://weather.com/kalshi,0.0,0.05,0.95,1.0,50.0,0.0,233.14,0.0,2026-09-29T05:00:00Z,active,2026-09-27T20:09:07.906074+00:00
KXLOWTPHIL,KXLOWTPHIL-26SEP28-B54.5,Lowest temperature in Philadelphia,KPHL,2026-09-28,between,54.0,55.0,The Weather Company,https://weather.com/kalshi,0.0,0.03,0.97,1.0,46.0,0.0,245.0,0.0,2026-09-29T05:00:00Z,active,2026-09-27T20:09:07.906074+00:00
KXLOWTPHIL,KXLOWTPHIL-26SEP27-T58,Lowest temperature in Philadelphia,KPHL,2026-09-27,greater,58.0,,The Weather Company,https://weather.com/kalshi,0.0,0.01,0.99,1.0,18065.12,0.0,1334.18,0.0,2026-09-28T05:00:00Z,active,2026-09-27T20:09:07.906074+00:00
KXLOWTPHIL,KXLOWTPHIL-26SEP27-T51,Lowest temperature in Philadelphia,KPHL,2026-09-27,less,,51.0,The Weather Company,https://weather.com/kalshi,0.0,0.02,0.98,1.0,66.0,0.0,61.0,0.0,2026-09-28T05:00:00Z,active,2026-09-27T20:09:07.906074+00:00
KXLOWTPHIL,KXLOWTPHIL-26SEP27-B57.5,Lowest temperature in Philadelphia,KPHL,2026-09-27,between,57.0,58.0,The Weather Company,https://weather.com/kalshi,0.99,1.0,0.0,0.01,0.0,1536.0,953.19,0.0,2026-09-28T05:00:00Z,active,2026-09-27T20:09:07.906074+00:00
KXLOWTPHIL,KXLOWTPHIL-26SEP27-B55.5,Lowest temperature in Philadelphia,KPHL,2026-09-27,between,55.0,56.0,The Weather Company,https://weather.com/kalshi,0.0,0.01,0.99,1.0,340.27,0.0,1432.73,0.0,2026-09-28T05:00:00Z,active,2026-09-27T20:09:07.906074+00:00
KXLOWTPHIL,KXLOWTPHIL-26SEP27-B53.5,Lowest temperature in Philadelphia,KPHL,2026-09-27,between,53.0,54.0,The Weather Company,https://weather.com/kalshi,0.0,0.01,0.99,1.0,38.0,0.0,106.0,0.0,2026-09-28T05:00:00Z,active,2026-09-27T20:09:07.906074+00:00
KXLOWTPHIL,KXLOWTPHIL-26SEP27-B51.5,Lowest temperature in Philadelphia,KPHL,2026-09-27,between,51.0,52.0,The Weather Company,https://weather.com/kalshi,0.0,0.03,0.97,1.0,61.0,0.0,106.81,0.0,2026-09-28T05:00:00Z,active,2026-09-27T20:09:07.906074+00:00
KXLOWTNYC,KXLOWTNYC-26SEP28-T61,Lowest temperature in NYC,KNYC,2026-09-28,greater,61.0,,The Weather Company,https://weather.com/kalshi,0.01,0.04,0.96,0.99,7.0,205.0,365.72,0.0,2026-09-29T05:00:00Z,active,2026-09-27T20:09:07.906074+00:00
KXLOWTNYC,KXLOWTNYC-26SEP28-T54,Lowest temperature in NYC,KNYC,2026-09-28,less,,54.0,The Weather Company,https://weather.com/kalshi,0.01,0.03,0.97,0.99,200.0,1.0,276.0,0.0,2026-09-29T05:00:00Z,active,2026-09-27T20:09:07.906074+00:00
KXLOWTNYC,KXLOWTNYC-26SEP28-B60.5,Lowest temperature in NYC,KNYC,2026-09-28,between,60.0,61.0,The Weather Company,https://weather.com/kalshi,0.03,0.04,0.96,0.97,126.0,69.0,6.0,0.0,2026-09-29T05:00:00Z,active,2026-09-27T20:09:07.906074+00:00
KXLOWTNYC,KXLOWTNYC-26SEP28-B58.5,Lowest temperature in NYC,KNYC,2026-09-28,between,58.0,59.0,The Weather Company,https://weather.com/kalshi,0.22,0.61,0.39,0.78,5.0,5.0,29.0,0.0,2026-09-29T05:00:00Z,active,2026-09-27T20:09:07.906074+00:00
KXLOWTNYC,KXLOWTNYC-26SEP28-B56.5,Lowest temperature in NYC,KNYC,2026-09-28,between,56.0,57.0,The Weather Company,https://weather.com/kalshi,0.36,0.55,0.45,0.64,1.0,25.0,146.0,0.0,2026-09-29T05:00:00Z,active,2026-09-27T20:09:07.906074+00:00
KXLOWTNYC,KXLOWTNYC-26SEP28-B54.5,Lowest temperature in NYC,KNYC,2026-09-28,between,54.0,55.0,The Weather Company,https://weather.com/kalshi,0.03,0.07,0.93,0.97,50.0,30.0,25.0,0.0,2026-09-29T05:00:00Z,active,2026-09-27T20:09:07.906074+00:00
KXLOWTNYC,KXLOWTNYC-26SEP27-T60,Lowest temperature in NYC,KNYC,2026-09-27,greater,60.0,,The Weather Company,https://weather.com/kalshi,0.0,0.01,0.99,1.0,6428.94,0.0,1863.81,0.0,2026-09-28T05:00:00Z,active,2026-09-27T20:09:07.906074+00:00
KXLOWTNYC,KXLOWTNYC-26SEP27-T53,Lowest temperature in NYC,KNYC,2026-09-27,less,,53.0,The Weather Company,https://weather.com/kalshi,0.0,0.01,0.99,1.0,6.0,0.0,227.43,0.0,2026-09-28T05:00:00Z,active,2026-09-27T20:09:07.906074+00:00
KXLOWTNYC,KXLOWTNYC-26SEP27-B59.5,Lowest temperature in NYC,KNYC,2026-09-27,between,59.0,60.0,The Weather Company,https://weather.com/kalshi,0.0,0.01,0.99,1.0,4064.69,0.0,1613.31,0.0,2026-09-28T05:00:00Z,active,2026-09-27T20:09:07.906074+00:00
KXLOWTNYC,KXLOWTNYC-26SEP27-B57.5,Lowest temperature in NYC,KNYC,2026-09-27,between,57.0,58.0,The Weather Company,https://weather.com/kalshi,0.95,0.99,0.01,0.05,285.0,60.0,1117.1,0.0,2026-09-28T05:00:00Z,active,2026-09-27T20:09:07.906074+00:00
KXLOWTNYC,KXLOWTNYC-26SEP27-B55.5,Lowest temperature in NYC,KNYC,2026-09-27,between,55.0,56.0,The Weather Company,https://weather.com/kalshi,0.01,0.05,0.95,0.99,10.0,130.0,682.46,0.0,2026-09-28T05:00:00Z,active,2026-09-27T20:09:07.906074+00:00
KXLOWTNYC,KXLOWTNYC-26SEP27-B53.5,Lowest temperature in NYC,KNYC,2026-09-27,between,53.0,54.0,The Weather Company,https://weather.com/kalshi,0.0,0.01,0.99,1.0,518.97,0.0,1025.69,0.0,2026-09-28T05:00:00Z,active,2026-09-27T20:09:07.906074+00:00
KXHIGHTDC,KXHIGHTDC-26SEP28-T76,Washington DC Daily Max Temp,KDCA,2026-09-28,greater,76.0,,The Weather Company,https://weather.com/kalshi,0.01,0.02,0.98,0.99,15.0,25.0,181.0,0.0,2026-09-29T05:00:00Z,active,2026-09-27T20:09:07.906074+00:00
KXHIGHTDC,KXHIGHTDC-26SEP28-T69,Washington DC Daily Max Temp,KDCA,2026-09-28,less,,69.0,The Weather Company,https://weather.com/kalshi,0.05,0.11,0.89,0.95,56.0,26.0,5.99,0.0,2026-09-29T05:00:00Z,active,2026-09-27T20:09:07.906074+00:00
KXHIGHTDC,KXHIGHTDC-26SEP28-B75.5,Washington DC Daily Max Temp,KDCA,2026-09-28,between,75.0,76.0,The Weather Company,https://weather.com/kalshi,0.03,0.04,0.96,0.97,2.0,169.0,15.61,0.0,2026-09-29T05:00:00Z,active,2026-09-27T20:09:07.906074+00:00
KXHIGHTDC,KXHIGHTDC-26SEP28-B73.5,Washington DC Daily Max Temp,KDCA,2026-09-28,between,73.0,74.0,The Weather Company,https://weather.com/kalshi,0.26,0.27,0.73,0.74,6.0,6.0,174.0,0.0,2026-09-29T05:00:00Z,active,2026-09-27T20:09:07.906074+00:00
KXHIGHTDC,KXHIGHTDC-26SEP28-B71.5,Washington DC Daily Max Temp,KDCA,2026-09-28,between,71.0,72.0,The Weather Company,https://weather.com/kalshi,0.37,0.39,0.61,0.63,22.0,25.0,79.04,0.0,2026-09-29T05:00:00Z,active,2026-09-27T20:09:07.906074+00:00
KXHIGHTDC,KXHIGHTDC-26SEP28-B69.5,Washington DC Daily Max Temp,KDCA,2026-09-28,between,69.0,70.0,The Weather Company,https://weather.com/kalshi,0.25,0.26,0.74,0.75,246.93,1.0,60.0,0.0,2026-09-29T05:00:00Z,active,2026-09-27T20:09:07.906074+00:00
KXHIGHTDC,KXHIGHTDC-26SEP27-T69,Washington DC Daily Max Temp,KDCA,2026-09-27,greater,69.0,,The Weather Company,https://weather.com/kalshi,0.0,0.01,0.99,1.0,1874.0,0.0,1592.29,0.0,2026-09-28T05:00:00Z,active,2026-09-27T20:09:07.906074+00:00
KXHIGHTDC,KXHIGHTDC-26SEP27-T62,Washington DC Daily Max Temp,KDCA,2026-09-27,less,,62.0,The Weather Company,https://weather.com/kalshi,0.0,0.01,0.99,1.0,46078.26,0.0,1207.42,0.0,2026-09-28T05:00:00Z,active,2026-09-27T20:09:07.906074+00:00
KXHIGHTDC,KXHIGHTDC-26SEP27-B68.5,Washington DC Daily Max Temp,KDCA,2026-09-27,between,68.0,69.0,The Weather Company,https://weather.com/kalshi,0.01,0.03,0.97,0.99,63.0,94.59,3521.52,0.0,2026-09-28T05:00:00Z,active,2026-09-27T20:09:07.906074+00:00
KXHIGHTDC,KXHIGHTDC-26SEP27-B66.5,Washington DC Daily Max Temp,KDCA,2026-09-27,between,66.0,67.0,The Weather Company,https://weather.com/kalshi,0.98,0.99,0.01,0.02,703.88,56.0,4331.44,0.0,2026-09-28T05:00:00Z,active,2026-09-27T20:09:07.906074+00:00
KXHIGHTDC,KXHIGHTDC-26SEP27-B64.5,Washington DC Daily Max Temp,KDCA,2026-09-27,between,64.0,65.0,The Weather Company,https://weather.com/kalshi,0.0,0.01,0.99,1.0,31958.19,0.0,13791.43,0.0,2026-09-28T05:00:00Z,active,2026-09-27T20:09:07.906074+00:00
KXHIGHTDC,KXHIGHTDC-26SEP27-B62.5,Washington DC Daily Max Temp,KDCA,2026-09-27,between,62.0,63.0,The Weather Company,https://weather.com/kalshi,0.0,0.01,0.99,1.0,32208.43,0.0,4525.44,0.0,2026-09-28T05:00:00Z,active,2026-09-27T20:09:07.906074+00:00
KXHIGHTSDF,KXHIGHTSDF-26SEP28-T85,HIGHEST Temperature SATX,KSDF,2026-09-28,greater,85.0,,The Weather Company,https://weather.com/kalshi,0.0,0.03,0.97,1.0,66.0,0.0,0.0,0.0,2026-09-29T05:00:00Z,active,2026-09-27T20:09:07.906074+00:00
KXHIGHTSDF,KXHIGHTSDF-26SEP28-T78,HIGHEST Temperature SATX,KSDF,2026-09-28,less,,78.0,The Weather Company,https://weather.com/kalshi,0.11,0.23,0.77,0.89,25.0,99.0,39.09,0.0,2026-09-29T05:00:00Z,active,2026-09-27T20:09:07.906074+00:00
KXHIGHTSDF,KXHIGHTSDF-26SEP28-B84.5,HIGHEST Temperature SATX,KSDF,2026-09-28,between,84.0,85.0,The Weather Company,https://weather.com/kalshi,0.01,0.02,0.98,0.99,203.0,52.86,15.14,0.0,2026-09-29T05:00:00Z,active,2026-09-27T20:09:07.906074+00:00
KXHIGHTSDF,KXHIGHTSDF-26SEP28-B82.5,HIGHEST Temperature SATX,KSDF,2026-09-28,between,82.0,83.0,The Weather Company,https://weather.com/kalshi,0.07,0.1,0.9,0.93,1.0,99.0,37.01,0.0,2026-09-29T05:00:00Z,active,2026-09-27T20:09:07.906074+00:00
KXHIGHTSDF,KXHIGHTSDF-26SEP28-B80.5,HIGHEST Temperature SATX,KSDF,2026-09-28,between,80.0,81.0,The Weather Company,https://weather.com/kalshi,0.37,0.44,0.56,0.63,10.0,25.0,0.0,0.0,2026-09-29T05:00:00Z,active,2026-09-27T20:09:07.906074+00:00
KXHIGHTSDF,KXHIGHTSDF-26SEP28-B78.5,HIGHEST Temperature SATX,KSDF,2026-09-28,between,78.0,79.0,The Weather Company,https://weather.com/kalshi,0.2,0.4,0.6,0.8,25.0,25.0,0.0,0.0,2026-09-29T05:00:00Z,active,2026-09-27T20:09:07.906074+00:00
KXHIGHTSDF,KXHIGHTSDF-26SEP27-T82,HIGHEST Temperature SATX,KSDF,2026-09-27,greater,82.0,,The Weather Company,https://weather.com/kalshi,0.0,0.01,0.99,1.0,0.47,0.0,354.0,0.0,2026-09-28T05:00:00Z,active,2026-09-27T20:09:07.906074+00:00
KXHIGHTSDF,KXHIGHTSDF-26SEP27-T75,HIGHEST Temperature SATX,KSDF,2026-09-27,less,,75.0,The Weather Company,https://weather.com/kalshi,0.0,0.01,0.99,1.0,2183.07,0.0,359.08,0.0,2026-09-28T05:00:00Z,active,2026-09-27T20:09:07.906074+00:00
KXHIGHTSDF,KXHIGHTSDF-26SEP27-B81.5,HIGHEST Temperature SATX,KSDF,2026-09-27,between,81.0,82.0,The Weather Company,https://weather.com/kalshi,0.0,0.02,0.98,1.0,92.0,0.0,330.67,0.0,2026-09-28T05:00:00Z,active,2026-09-27T20:09:07.906074+00:00
KXHIGHTSDF,KXHIGHTSDF-26SEP27-B79.5,HIGHEST Temperature SATX,KSDF,2026-09-27,between,79.0,80.0,The Weather Company,https://weather.com/kalshi,0.0,0.1,0.9,1.0,75.0,0.0,47288.5,0.0,2026-09-28T05:00:00Z,active,2026-09-27T20:09:07.906074+00:00
KXHIGHTSDF,KXHIGHTSDF-26SEP27-B77.5,HIGHEST Temperature SATX,KSDF,2026-09-27,between,77.0,78.0,The Weather Company,https://weather.com/kalshi,0.88,0.89,0.11,0.12,2.62,50.0,812.51,0.0,2026-09-28T05:00:00Z,active,2026-09-27T20:09:07.906074+00:00
KXHIGHTSDF,KXHIGHTSDF-26SEP27-B75.5,HIGHEST Temperature SATX,KSDF,2026-09-27,between,75.0,76.0,The Weather Company,https://weather.com/kalshi,0.0,0.01,0.99,1.0,1595.05,0.0,3908.44,0.0,2026-09-28T05:00:00Z,active,2026-09-27T20:09:07.906074+00:00
KXLOWTOKC,KXLOWTOKC-26SEP28-T69,Low Temperature Oklahoma City,KOKC,2026-09-28,greater,69.0,,The Weather Company,https://weather.com/kalshi,0.2,0.23,0.77,0.8,66.0,79.0,222.0,0.0,2026-09-29T06:00:00Z,active,2026-09-27T20:09:07.906074+00:00
KXLOWTOKC,KXLOWTOKC-26SEP28-T62,Low Temperature Oklahoma City,KOKC,2026-09-28,less,,62.0,The Weather Company,https://weather.com/kalshi,0.01,0.03,0.97,0.99,6.0,61.86,139.14,0.0,2026-09-29T06:00:00Z,active,2026-09-27T20:09:07.906074+00:00
KXLOWTOKC,KXLOWTOKC-26SEP28-B68.5,Low Temperature Oklahoma City,KOKC,2026-09-28,between,68.0,69.0,The Weather Company,https://weather.com/kalshi,0.37,0.46,0.54,0.63,6.0,40.0,30.38,0.0,2026-09-29T06:00:00Z,active,2026-09-27T20:09:07.906074+00:00
KXLOWTOKC,KXLOWTOKC-26SEP28-B66.5,Low Temperature Oklahoma City,KOKC,2026-09-28,between,66.0,67.0,The Weather Company,https://weather.com/kalshi,0.28,0.31,0.69,0.72,9.0,2.0,110.46,0.0,2026-09-29T06:00:00Z,active,2026-09-27T20:09:07.906074+00:00
KXLOWTOKC,KXLOWTOKC-26SEP28-B64.5,Low Temperature Oklahoma City,KOKC,2026-09-28,between,64.0,65.0,The Weather Company,https://weather.com/kalshi,0.04,0.06,0.94,0.96,2.0,38.0,2.03,0.0,2026-09-29T06:00:00Z,active,2026-09-27T20:09:07.906074+00:00
KXLOWTOKC,KXLOWTOKC-26SEP28-B62.5,Low Temperature Oklahoma City,KOKC,2026-09-28,between,62.0,63.0,The Weather Company,https://weather.com/kalshi,0.01,0.03,0.97,0.99,10.0,197.0,109.28,0.0,2026-09-29T06:00:00Z,active,2026-09-27T20:09:07.906074+00:00
KXLOWTOKC,KXLOWTOKC-26SEP27-T69,Low Temperature Oklahoma City,KOKC,2026-09-27,greater,69.0,,The Weather Company,https://weather.com/kalshi,0.0,0.01,0.99,1.0,18427.15,0.0,488.07,0.0,2026-09-28T06:00:00Z,active,2026-09-27T20:09:07.906074+00:00
KXLOWTOKC,KXLOWTOKC-26SEP27-T62,Low Temperature Oklahoma City,KOKC,2026-09-27,less,,62.0,The Weather Company,https://weather.com/kalshi,0.0,0.01,0.99,1.0,106.0,0.0,216.11,0.0,2026-09-28T06:00:00Z,active,2026-09-27T20:09:07.906074+00:00
KXLOWTOKC,KXLOWTOKC-26SEP27-B68.5,Low Temperature Oklahoma City,KOKC,2026-09-27,between,68.0,69.0,The Weather Company,https://weather.com/kalshi,0.0,0.01,0.99,1.0,18696.15,0.0,252.4,0.0,2026-09-28T06:00:00Z,active,2026-09-27T20:09:07.906074+00:00
KXLOWTOKC,KXLOWTOKC-26SEP27-B66.5,Low Temperature Oklahoma City,KOKC,2026-09-27,between,66.0,67.0,The Weather Company,https://weather.com/kalshi,0.99,1.0,0.0,0.01,0.0,350.0,1081.02,0.0,2026-09-28T06:00:00Z,active,2026-09-27T20:09:07.906074+00:00
KXLOWTOKC,KXLOWTOKC-26SEP27-B64.5,Low Temperature Oklahoma City,KOKC,2026-09-27,between,64.0,65.0,The Weather Company,https://weather.com/kalshi,0.0,0.01,0.99,1.0,356.0,0.0,180.71,0.0,2026-09-28T06:00:00Z,active,2026-09-27T20:09:07.906074+00:00
KXLOWTOKC,KXLOWTOKC-26SEP27-B62.5,Low Temperature Oklahoma City,KOKC,2026-09-27,between,62.0,63.0,The Weather Company,https://weather.com/kalshi,0.0,0.01,0.99,1.0,356.0,0.0,178.94,0.0,2026-09-28T06:00:00Z,active,2026-09-27T20:09:07.906074+00:00
KXLOWTMIA,KXLOWTMIA-26SEP28-T74,Lowest temperature in Miami,KMIA,2026-09-28,greater,74.0,,The Weather Company,https://weather.com/kalshi,0.22,0.31,0.69,0.78,2.0,39.0,150.0,0.0,2026-09-29T05:00:00Z,active,2026-09-27T20:09:07.906074+00:00
KXLOWTMIA,KXLOWTMIA-26SEP28-T67,Lowest temperature in Miami,KMIA,2026-09-28,less,,67.0,The Weather Company,https://weather.com/kalshi,0.0,0.01,0.99,1.0,202.14,0.0,83.0,0.0,2026-09-29T05:00:00Z,active,2026-09-27T20:09:07.906074+00:00
KXLOWTMIA,KXLOWTMIA-26SEP28-B73.5,Lowest temperature in Miami,KMIA,2026-09-28,between,73.0,74.0,The Weather Company,https://weather.com/kalshi,0.42,0.58,0.42,0.58,5.0,1.0,54.91,0.0,2026-09-29T05:00:00Z,active,2026-09-27T20:09:07.906074+00:00
KXLOWTMIA,KXLOWTMIA-26SEP28-B71.5,Lowest temperature in Miami,KMIA,2026-09-28,between,71.0,72.0,The Weather Company,https://weather.com/kalshi,0.1,0.19,0.81,0.9,58.0,1.0,2.0,0.0,2026-09-29T05:00:00Z,active,2026-09-27T20:09:07.906074+00:00
KXLOWTMIA,KXLOWTMIA-26SEP28-B69.5,Lowest temperature in Miami,KMIA,2026-09-28,between,69.0,70.0,The Weather Company,https://weather.com/kalshi,0.03,0.07,0.93,0.97,1.0,54.0,5.19,0.0,2026-09-29T05:00:00Z,active,2026-09-27T20:09:07.906074+00:00
KXLOWTMIA,KXLOWTMIA-26SEP28-B67.5,Lowest temperature in Miami,KMIA,2026-09-28,between,67.0,68.0,The Weather Company,https://weather.com/kalshi,0.01,0.03,0.97,0.99,1.0,72.82,313.18,0.0,2026-09-29T05:00:00Z,active,2026-09-27T20:09:07.906074+00:00
KXLOWTMIA,KXLOWTMIA-26SEP27-T73,Lowest temperature in Miami,KMIA,2026-09-27,greater,73.0,,The Weather Company,https://weather.com/kalshi,0.96,0.98,0.02,0.04,80.0,11.0,864.3,0.0,2026-09-28T05:00:00Z,active,2026-09-27T20:09:07.906074+00:00
KXLOWTMIA,KXLOWTMIA-26SEP27-T66,Lowest temperature in Miami,KMIA,2026-09-27,less,,66.0,The Weather Company,https://weather.com/kalshi,0.0,0.01,0.99,1.0,7.0,0.0,264.0,0.0,2026-09-28T05:00:00Z,active,2026-09-27T20:09:07.906074+00:00
KXLOWTMIA,KXLOWTMIA-26SEP27-B72.5,Lowest temperature in Miami,KMIA,2026-09-27,between,72.0,73.0,The Weather Company,https://weather.com/kalshi,0.01,0.03,0.97,0.99,2.0,82.0,456.25,0.0,2026-09-28T05:00:00Z,active,2026-09-27T20:09:07.906074+00:00
KXLOWTMIA,KXLOWTMIA-26SEP27-B70.5,Lowest temperature in Miami,KMIA,2026-09-27,between,70.0,71.0,The Weather Company,https://weather.com/kalshi,0.01,0.04,0.96,0.99,1.0,70.0,657.0,0.0,2026-09-28T05:00:00Z,active,2026-09-27T20:09:07.906074+00:00
KXLOWTMIA,KXLOWTMIA-26SEP27-B68.5,Lowest temperature in Miami,KMIA,2026-09-27,between,68.0,69.0,The Weather Company,https://weather.com/kalshi,0.0,0.01,0.99,1.0,160.0,0.0,191.0,0.0,2026-09-28T05:00:00Z,active,2026-09-27T20:09:07.906074+00:00
KXLOWTMIA,KXLOWTMIA-26SEP27-B66.5,Lowest temperature in Miami,KMIA,2026-09-27,between,66.0,67.0,The Weather Company,https://weather.com/kalshi,0.0,0.01,0.99,1.0,8.0,0.0,462.0,0.0,2026-09-28T05:00:00Z,active,2026-09-27T20:09:07.906074+00:00
KXHIGHLAX,KXHIGHLAX-26SEP28-T83,Highest temperature in Los Angeles,KLAX,2026-09-28,greater,83.0,,The Weather Company,https://weather.com/kalshi,0.01,0.02,0.98,0.99,438.5,3714.01,1870.49,0.0,2026-09-29T08:00:00Z,active,2026-09-27T20:09:07.906074+00:00
KXHIGHLAX,KXHIGHLAX-26SEP28-T76,Highest temperature in Los Angeles,KLAX,2026-09-28,less,,76.0,The Weather Company,https://weather.com/kalshi,0.09,0.1,0.9,0.91,353.57,72.0,1582.98,0.0,2026-09-29T08:00:00Z,active,2026-09-27T20:09:07.906074+00:00
KXHIGHLAX,KXHIGHLAX-26SEP28-B82.5,Highest temperature in Los Angeles,KLAX,2026-09-28,between,82.0,83.0,The Weather Company,https://weather.com/kalshi,0.02,0.03,0.97,0.98,74.0,690.0,731.24,0.0,2026-09-29T08:00:00Z,active,2026-09-27T20:09:07.906074+00:00
KXHIGHLAX,KXHIGHLAX-26SEP28-B80.5,Highest temperature in Los Angeles,KLAX,2026-09-28,between,80.0,81.0,The Weather Company,https://weather.com/kalshi,0.07,0.09,0.91,0.93,97.89,34.0,2059.03,0.0,2026-09-29T08:00:00Z,active,2026-09-27T20:09:07.906074+00:00
KXHIGHLAX,KXHIGHLAX-26SEP28-B78.5,Highest temperature in Los Angeles,KLAX,2026-09-28,between,78.0,79.0,The Weather Company,https://weather.com/kalshi,0.42,0.43,0.57,0.58,94.3,52.0,1266.5,0.0,2026-09-29T08:00:00Z,active,2026-09-27T20:09:07.906074+00:00
KXHIGHLAX,KXHIGHLAX-26SEP28-B76.5,Highest temperature in Los Angeles,KLAX,2026-09-28,between,76.0,77.0,The Weather Company,https://weather.com/kalshi,0.41,0.42,0.58,0.59,51.0,58.0,1608.55,0.0,2026-09-29T08:00:00Z,active,2026-09-27T20:09:07.906074+00:00
KXHIGHLAX,KXHIGHLAX-26SEP27-T83,Highest temperature in Los Angeles,KLAX,2026-09-27,greater,83.0,,The Weather Company,https://weather.com/kalshi,0.99,1.0,0.0,0.01,0.0,204421.43,100146.79,0.0,2026-09-28T08:00:00Z,active,2026-09-27T20:09:07.906074+00:00
KXHIGHLAX,KXHIGHLAX-26SEP27-T76,Highest temperature in Los Angeles,KLAX,2026-09-27,less,,76.0,The Weather Company,https://weather.com/kalshi,0.0,0.01,0.99,1.0,180192.58,0.0,3764.05,0.0,2026-09-28T08:00:00Z,active,2026-09-27T20:09:07.906074+00:00
KXHIGHLAX,KXHIGHLAX-26SEP27-B82.5,Highest temperature in Los Angeles,KLAX,2026-09-27,between,82.0,83.0,The Weather Company,https://weather.com/kalshi,0.0,0.01,0.99,1.0,247331.34,0.0,36900.88,0.0,2026-09-28T08:00:00Z,active,2026-09-27T20:09:07.906074+00:00
KXHIGHLAX,KXHIGHLAX-26SEP27-B80.5,Highest temperature in Los Angeles,KLAX,2026-09-27,between,80.0,81.0,The Weather Company,https://weather.com/kalshi,0.0,0.01,0.99,1.0,183689.8,0.0,31795.78,0.0,2026-09-28T08:00:00Z,active,2026-09-27T20:09:07.906074+00:00
KXHIGHLAX,KXHIGHLAX-26SEP27-B78.5,Highest temperature in Los Angeles,KLAX,2026-09-27,between,78.0,79.0,The Weather Company,https://weather.com/kalshi,0.0,0.01,0.99,1.0,159254.04,0.0,22597.93,0.0,2026-09-28T08:00:00Z,active,2026-09-27T20:09:07.906074+00:00
KXHIGHLAX,KXHIGHLAX-26SEP27-B76.5,Highest temperature in Los Angeles,KLAX,2026-09-27,between,76.0,77.0,The Weather Company,https://weather.com/kalshi,0.0,0.01,0.99,1.0,157786.14,0.0,5799.77,0.0,2026-09-28T08:00:00Z,active,2026-09-27T20:09:07.906074+00:00
