series_ticker,market_ticker,city_label,station_id,target_date,strike_type,floor_strike,cap_strike,settlement_source_name,settlement_source_url,yes_bid,yes_ask,no_bid,no_ask,yes_ask_size,yes_bid_size,volume,liquidity,close_time,status,pulled_at
KXHIGHTSAN,KXHIGHTSAN-26SEP19-T81,High Temperature San Diego,KSAN,2026-09-19,greater,81.0,,The Weather Company,https://weather.com/kalshi,0.02,0.13,0.87,0.98,25.0,67.0,36.51,0.0,2026-09-20T08:00:00Z,active,2026-09-19T01:09:45.507057+00:00
KXHIGHTSAN,KXHIGHTSAN-26SEP19-T74,High Temperature San Diego,KSAN,2026-09-19,less,,74.0,The Weather Company,https://weather.com/kalshi,0.02,0.11,0.89,0.98,25.0,3.29,35.71,0.0,2026-09-20T08:00:00Z,active,2026-09-19T01:09:45.507057+00:00
KXHIGHTSAN,KXHIGHTSAN-26SEP19-B80.5,High Temperature San Diego,KSAN,2026-09-19,between,80.0,81.0,The Weather Company,https://weather.com/kalshi,0.08,0.19,0.81,0.92,5.0,25.0,10.0,0.0,2026-09-20T08:00:00Z,active,2026-09-19T01:09:45.507057+00:00
KXHIGHTSAN,KXHIGHTSAN-26SEP19-B78.5,High Temperature San Diego,KSAN,2026-09-19,between,78.0,79.0,The Weather Company,https://weather.com/kalshi,0.21,0.32,0.68,0.79,5.0,42.0,131.42,0.0,2026-09-20T08:00:00Z,active,2026-09-19T01:09:45.507057+00:00
KXHIGHTSAN,KXHIGHTSAN-26SEP19-B76.5,High Temperature San Diego,KSAN,2026-09-19,between,76.0,77.0,The Weather Company,https://weather.com/kalshi,0.37,0.48,0.52,0.63,25.0,5.0,110.0,0.0,2026-09-20T08:00:00Z,active,2026-09-19T01:09:45.507057+00:00
KXHIGHTSAN,KXHIGHTSAN-26SEP19-B74.5,High Temperature San Diego,KSAN,2026-09-19,between,74.0,75.0,The Weather Company,https://weather.com/kalshi,0.06,0.07,0.93,0.94,5.0,160.0,10.0,0.0,2026-09-20T08:00:00Z,active,2026-09-19T01:09:45.507057+00:00
KXHIGHTSAN,KXHIGHTSAN-26SEP18-T80,High Temperature San Diego,KSAN,2026-09-18,greater,80.0,,The Weather Company,https://weather.com/kalshi,0.0,0.01,0.99,1.0,4650.0,0.0,1264.86,0.0,2026-09-19T08:00:00Z,active,2026-09-19T01:09:45.507057+00:00
KXHIGHTSAN,KXHIGHTSAN-26SEP18-T73,High Temperature San Diego,KSAN,2026-09-18,less,,73.0,The Weather Company,https://weather.com/kalshi,0.0,0.01,0.99,1.0,4543.15,0.0,50.76,0.0,2026-09-19T08:00:00Z,active,2026-09-19T01:09:45.507057+00:00
KXHIGHTSAN,KXHIGHTSAN-26SEP18-B79.5,High Temperature San Diego,KSAN,2026-09-18,between,79.0,80.0,The Weather Company,https://weather.com/kalshi,0.0,0.01,0.99,1.0,2523.32,0.0,690.25,0.0,2026-09-19T08:00:00Z,active,2026-09-19T01:09:45.507057+00:00
KXHIGHTSAN,KXHIGHTSAN-26SEP18-B77.5,High Temperature San Diego,KSAN,2026-09-18,between,77.0,78.0,The Weather Company,https://weather.com/kalshi,0.99,1.0,0.0,0.01,0.0,2225.13,2163.81,0.0,2026-09-19T08:00:00Z,active,2026-09-19T01:09:45.507057+00:00
KXHIGHTSAN,KXHIGHTSAN-26SEP18-B75.5,High Temperature San Diego,KSAN,2026-09-18,between,75.0,76.0,The Weather Company,https://weather.com/kalshi,0.0,0.01,0.99,1.0,4511.68,0.0,487.07,0.0,2026-09-19T08:00:00Z,active,2026-09-19T01:09:45.507057+00:00
KXHIGHTSAN,KXHIGHTSAN-26SEP18-B73.5,High Temperature San Diego,KSAN,2026-09-18,between,73.0,74.0,The Weather Company,https://weather.com/kalshi,0.0,0.01,0.99,1.0,4623.24,0.0,145.43,0.0,2026-09-19T08:00:00Z,active,2026-09-19T01:09:45.507057+00:00
KXLOWTDEN,KXLOWTDEN-26SEP19-T57,Lowest temperature in Denver,KDEN,2026-09-19,greater,57.0,,The Weather Company,https://weather.com/kalshi,0.07,0.08,0.92,0.93,3.87,1.0,7.0,0.0,2026-09-20T07:00:00Z,active,2026-09-19T01:09:45.507057+00:00
KXLOWTDEN,KXLOWTDEN-26SEP19-T50,Lowest temperature in Denver,KDEN,2026-09-19,less,,50.0,The Weather Company,https://weather.com/kalshi,0.03,0.06,0.94,0.97,110.0,4.87,25.05,0.0,2026-09-20T07:00:00Z,active,2026-09-19T01:09:45.507057+00:00
KXLOWTDEN,KXLOWTDEN-26SEP19-B56.5,Lowest temperature in Denver,KDEN,2026-09-19,between,56.0,57.0,The Weather Company,https://weather.com/kalshi,0.21,0.23,0.77,0.79,0.08,67.0,7.87,0.0,2026-09-20T07:00:00Z,active,2026-09-19T01:09:45.507057+00:00
KXLOWTDEN,KXLOWTDEN-26SEP19-B54.5,Lowest temperature in Denver,KDEN,2026-09-19,between,54.0,55.0,The Weather Company,https://weather.com/kalshi,0.37,0.41,0.59,0.63,1.0,0.54,62.68,0.0,2026-09-20T07:00:00Z,active,2026-09-19T01:09:45.507057+00:00
KXLOWTDEN,KXLOWTDEN-26SEP19-B52.5,Lowest temperature in Denver,KDEN,2026-09-19,between,52.0,53.0,The Weather Company,https://weather.com/kalshi,0.12,0.21,0.79,0.88,4.87,71.0,51.73,0.0,2026-09-20T07:00:00Z,active,2026-09-19T01:09:45.507057+00:00
KXLOWTDEN,KXLOWTDEN-26SEP19-B50.5,Lowest temperature in Denver,KDEN,2026-09-19,between,50.0,51.0,The Weather Company,https://weather.com/kalshi,0.07,0.1,0.9,0.93,69.0,43.0,72.96,0.0,2026-09-20T07:00:00Z,active,2026-09-19T01:09:45.507057+00:00
KXLOWTDEN,KXLOWTDEN-26SEP18-T62,Lowest temperature in Denver,KDEN,2026-09-18,greater,62.0,,The Weather Company,https://weather.com/kalshi,0.0,0.01,0.99,1.0,9683.75,0.0,7515.4,0.0,2026-09-19T07:00:00Z,active,2026-09-19T01:09:45.507057+00:00
KXLOWTDEN,KXLOWTDEN-26SEP18-T55,Lowest temperature in Denver,KDEN,2026-09-18,less,,55.0,The Weather Company,https://weather.com/kalshi,0.0,0.08,0.92,1.0,1.0,0.0,259.57,0.0,2026-09-19T07:00:00Z,active,2026-09-19T01:09:45.507057+00:00
KXLOWTDEN,KXLOWTDEN-26SEP18-B61.5,Lowest temperature in Denver,KDEN,2026-09-18,between,61.0,62.0,The Weather Company,https://weather.com/kalshi,0.0,0.01,0.99,1.0,17838.49,0.0,27838.69,0.0,2026-09-19T07:00:00Z,active,2026-09-19T01:09:45.507057+00:00
KXLOWTDEN,KXLOWTDEN-26SEP18-B59.5,Lowest temperature in Denver,KDEN,2026-09-18,between,59.0,60.0,The Weather Company,https://weather.com/kalshi,0.3,0.55,0.45,0.7,46.0,10.0,1926.02,0.0,2026-09-19T07:00:00Z,active,2026-09-19T01:09:45.507057+00:00
KXLOWTDEN,KXLOWTDEN-26SEP18-B57.5,Lowest temperature in Denver,KDEN,2026-09-18,between,57.0,58.0,The Weather Company,https://weather.com/kalshi,0.36,0.46,0.54,0.64,1.0,24.36,1287.44,0.0,2026-09-19T07:00:00Z,active,2026-09-19T01:09:45.507057+00:00
KXLOWTDEN,KXLOWTDEN-26SEP18-B55.5,Lowest temperature in Denver,KDEN,2026-09-18,between,55.0,56.0,The Weather Company,https://weather.com/kalshi,0.14,0.29,0.71,0.86,1.64,8.36,804.64,0.0,2026-09-19T07:00:00Z,active,2026-09-19T01:09:45.507057+00:00
KXLOWTSFO,KXLOWTSFO-26SEP19-T60,Lowest Temperature San Francisco,KSFO,2026-09-19,greater,60.0,,The Weather Company,https://weather.com/kalshi,0.01,0.05,0.95,0.99,91.0,51.96,43.04,0.0,2026-09-20T08:00:00Z,active,2026-09-19T01:09:45.507057+00:00
KXLOWTSFO,KXLOWTSFO-26SEP19-T53,Lowest Temperature San Francisco,KSFO,2026-09-19,less,,53.0,The Weather Company,https://weather.com/kalshi,0.0,0.02,0.98,1.0,155.0,0.0,36.0,0.0,2026-09-20T08:00:00Z,active,2026-09-19T01:09:45.507057+00:00
KXLOWTSFO,KXLOWTSFO-26SEP19-B59.5,Lowest Temperature San Francisco,KSFO,2026-09-19,between,59.0,60.0,The Weather Company,https://weather.com/kalshi,0.29,0.39,0.61,0.71,16.43,55.0,123.0,0.0,2026-09-20T08:00:00Z,active,2026-09-19T01:09:45.507057+00:00
KXLOWTSFO,KXLOWTSFO-26SEP19-B57.5,Lowest Temperature San Francisco,KSFO,2026-09-19,between,57.0,58.0,The Weather Company,https://weather.com/kalshi,0.58,0.59,0.41,0.42,1.0,4.55,77.93,0.0,2026-09-20T08:00:00Z,active,2026-09-19T01:09:45.507057+00:00
KXLOWTSFO,KXLOWTSFO-26SEP19-B55.5,Lowest Temperature San Francisco,KSFO,2026-09-19,between,55.0,56.0,The Weather Company,https://weather.com/kalshi,0.02,0.08,0.92,0.98,5.0,130.0,54.0,0.0,2026-09-20T08:00:00Z,active,2026-09-19T01:09:45.507057+00:00
KXLOWTSFO,KXLOWTSFO-26SEP19-B53.5,Lowest Temperature San Francisco,KSFO,2026-09-19,between,53.0,54.0,The Weather Company,https://weather.com/kalshi,0.0,0.07,0.93,1.0,5.0,0.0,86.0,0.0,2026-09-20T08:00:00Z,active,2026-09-19T01:09:45.507057+00:00
KXLOWTSFO,KXLOWTSFO-26SEP18-T60,Lowest Temperature San Francisco,KSFO,2026-09-18,greater,60.0,,The Weather Company,https://weather.com/kalshi,0.0,0.01,0.99,1.0,22825.15,0.0,314.42,0.0,2026-09-19T08:00:00Z,active,2026-09-19T01:09:45.507057+00:00
KXLOWTSFO,KXLOWTSFO-26SEP18-T53,Lowest Temperature San Francisco,KSFO,2026-09-18,less,,53.0,The Weather Company,https://weather.com/kalshi,0.0,0.01,0.99,1.0,153.0,0.0,60.32,0.0,2026-09-19T08:00:00Z,active,2026-09-19T01:09:45.507057+00:00
KXLOWTSFO,KXLOWTSFO-26SEP18-B59.5,Lowest Temperature San Francisco,KSFO,2026-09-18,between,59.0,60.0,The Weather Company,https://weather.com/kalshi,0.0,0.01,0.99,1.0,24751.15,0.0,689.27,0.0,2026-09-19T08:00:00Z,active,2026-09-19T01:09:45.507057+00:00
KXLOWTSFO,KXLOWTSFO-26SEP18-B57.5,Lowest Temperature San Francisco,KSFO,2026-09-18,between,57.0,58.0,The Weather Company,https://weather.com/kalshi,0.9,0.98,0.02,0.1,14.0,35.0,812.52,0.0,2026-09-19T08:00:00Z,active,2026-09-19T01:09:45.507057+00:00
KXLOWTSFO,KXLOWTSFO-26SEP18-B55.5,Lowest Temperature San Francisco,KSFO,2026-09-18,between,55.0,56.0,The Weather Company,https://weather.com/kalshi,0.02,0.09,0.91,0.98,30.0,1.0,335.09,0.0,2026-09-19T08:00:00Z,active,2026-09-19T01:09:45.507057+00:00
KXLOWTSFO,KXLOWTSFO-26SEP18-B53.5,Lowest Temperature San Francisco,KSFO,2026-09-18,between,53.0,54.0,The Weather Company,https://weather.com/kalshi,0.0,0.08,0.92,1.0,1.0,0.0,173.64,0.0,2026-09-19T08:00:00Z,active,2026-09-19T01:09:45.507057+00:00
KXLOWTBOS,KXLOWTBOS-26SEP19-T56,Low Temperature Boston,KBOS,2026-09-19,greater,56.0,,The Weather Company,https://weather.com/kalshi,0.02,0.1,0.9,0.98,3.0,355.82,113.23,0.0,2026-09-20T05:00:00Z,active,2026-09-19T01:09:45.507057+00:00
KXLOWTBOS,KXLOWTBOS-26SEP19-T49,Low Temperature Boston,KBOS,2026-09-19,less,,49.0,The Weather Company,https://weather.com/kalshi,0.0,0.03,0.97,1.0,200.0,0.0,70.0,0.0,2026-09-20T05:00:00Z,active,2026-09-19T01:09:45.507057+00:00
KXLOWTBOS,KXLOWTBOS-26SEP19-B55.5,Low Temperature Boston,KBOS,2026-09-19,between,55.0,56.0,The Weather Company,https://weather.com/kalshi,0.19,0.36,0.64,0.81,1.0,10.0,328.34,0.0,2026-09-20T05:00:00Z,active,2026-09-19T01:09:45.507057+00:00
KXLOWTBOS,KXLOWTBOS-26SEP19-B53.5,Low Temperature Boston,KBOS,2026-09-19,between,53.0,54.0,The Weather Company,https://weather.com/kalshi,0.33,0.45,0.55,0.67,10.0,55.0,129.05,0.0,2026-09-20T05:00:00Z,active,2026-09-19T01:09:45.507057+00:00
KXLOWTBOS,KXLOWTBOS-26SEP19-B51.5,Low Temperature Boston,KBOS,2026-09-19,between,51.0,52.0,The Weather Company,https://weather.com/kalshi,0.14,0.25,0.75,0.86,93.0,5.0,93.05,0.0,2026-09-20T05:00:00Z,active,2026-09-19T01:09:45.507057+00:00
KXLOWTBOS,KXLOWTBOS-26SEP19-B49.5,Low Temperature Boston,KBOS,2026-09-19,between,49.0,50.0,The Weather Company,https://weather.com/kalshi,0.01,0.07,0.93,0.99,29.0,23.0,188.05,0.0,2026-09-20T05:00:00Z,active,2026-09-19T01:09:45.507057+00:00
KXLOWTBOS,KXLOWTBOS-26SEP18-T66,Low Temperature Boston,KBOS,2026-09-18,greater,66.0,,The Weather Company,https://weather.com/kalshi,0.0,0.01,0.99,1.0,16021.49,0.0,510.97,0.0,2026-09-19T05:00:00Z,active,2026-09-19T01:09:45.507057+00:00
KXLOWTBOS,KXLOWTBOS-26SEP18-T59,Low Temperature Boston,KBOS,2026-09-18,less,,59.0,The Weather Company,https://weather.com/kalshi,0.01,0.04,0.96,0.99,9.83,74.0,952.97,0.0,2026-09-19T05:00:00Z,active,2026-09-19T01:09:45.507057+00:00
KXLOWTBOS,KXLOWTBOS-26SEP18-B65.5,Low Temperature Boston,KBOS,2026-09-18,between,65.0,66.0,The Weather Company,https://weather.com/kalshi,0.01,0.02,0.98,0.99,161.0,8.23,939.08,0.0,2026-09-19T05:00:00Z,active,2026-09-19T01:09:45.507057+00:00
KXLOWTBOS,KXLOWTBOS-26SEP18-B63.5,Low Temperature Boston,KBOS,2026-09-18,between,63.0,64.0,The Weather Company,https://weather.com/kalshi,0.28,0.34,0.66,0.72,1.0,8.0,491.99,0.0,2026-09-19T05:00:00Z,active,2026-09-19T01:09:45.507057+00:00
KXLOWTBOS,KXLOWTBOS-26SEP18-B61.5,Low Temperature Boston,KBOS,2026-09-18,between,61.0,62.0,The Weather Company,https://weather.com/kalshi,0.51,0.58,0.42,0.49,5.5,0.01,386.25,0.0,2026-09-19T05:00:00Z,active,2026-09-19T01:09:45.507057+00:00
KXLOWTBOS,KXLOWTBOS-26SEP18-B59.5,Low Temperature Boston,KBOS,2026-09-18,between,59.0,60.0,The Weather Company,https://weather.com/kalshi,0.08,0.2,0.8,0.92,7.0,10.0,229.44,0.0,2026-09-19T05:00:00Z,active,2026-09-19T01:09:45.507057+00:00
KXHIGHTDAL,KXHIGHTDAL-26SEP19-T97,Dallas Maximum Temperature,KDFW,2026-09-19,less,,97.0,The Weather Company,https://weather.com/kalshi,0.08,0.09,0.91,0.92,4.63,169.09,1169.86,0.0,2026-09-20T06:00:00Z,active,2026-09-19T01:09:45.507057+00:00
KXHIGHTDAL,KXHIGHTDAL-26SEP19-T104,Dallas Maximum Temperature,KDFW,2026-09-19,greater,104.0,,The Weather Company,https://weather.com/kalshi,0.0,0.01,0.99,1.0,109.0,0.0,405.49,0.0,2026-09-20T06:00:00Z,active,2026-09-19T01:09:45.507057+00:00
KXHIGHTDAL,KXHIGHTDAL-26SEP19-B99.5,Dallas Maximum Temperature,KDFW,2026-09-19,between,99.0,100.0,The Weather Company,https://weather.com/kalshi,0.35,0.36,0.64,0.65,156.0,59.0,1632.16,0.0,2026-09-20T06:00:00Z,active,2026-09-19T01:09:45.507057+00:00
KXHIGHTDAL,KXHIGHTDAL-26SEP19-B97.5,Dallas Maximum Temperature,KDFW,2026-09-19,between,97.0,98.0,The Weather Company,https://weather.com/kalshi,0.56,0.57,0.43,0.44,92.0,30.37,876.24,0.0,2026-09-20T06:00:00Z,active,2026-09-19T01:09:45.507057+00:00
KXHIGHTDAL,KXHIGHTDAL-26SEP19-B103.5,Dallas Maximum Temperature,KDFW,2026-09-19,between,103.0,104.0,The Weather Company,https://weather.com/kalshi,0.0,0.01,0.99,1.0,74.71,0.0,393.85,0.0,2026-09-20T06:00:00Z,active,2026-09-19T01:09:45.507057+00:00
KXHIGHTDAL,KXHIGHTDAL-26SEP19-B101.5,Dallas Maximum Temperature,KDFW,2026-09-19,between,101.0,102.0,The Weather Company,https://weather.com/kalshi,0.04,0.05,0.95,0.96,73.0,4.19,269.08,0.0,2026-09-20T06:00:00Z,active,2026-09-19T01:09:45.507057+00:00
KXHIGHTDAL,KXHIGHTDAL-26SEP18-T97,Dallas Maximum Temperature,KDFW,2026-09-18,less,,97.0,The Weather Company,https://weather.com/kalshi,0.0,0.01,0.99,1.0,118433.44,0.0,10115.46,0.0,2026-09-19T06:00:00Z,active,2026-09-19T01:09:45.507057+00:00
KXHIGHTDAL,KXHIGHTDAL-26SEP18-T104,Dallas Maximum Temperature,KDFW,2026-09-18,greater,104.0,,The Weather Company,https://weather.com/kalshi,0.0,0.01,0.99,1.0,22275.13,0.0,701.86,0.0,2026-09-19T06:00:00Z,active,2026-09-19T01:09:45.507057+00:00
KXHIGHTDAL,KXHIGHTDAL-26SEP18-B99.5,Dallas Maximum Temperature,KDFW,2026-09-18,between,99.0,100.0,The Weather Company,https://weather.com/kalshi,0.0,0.01,0.99,1.0,12062.86,0.0,19150.91,0.0,2026-09-19T06:00:00Z,active,2026-09-19T01:09:45.507057+00:00
KXHIGHTDAL,KXHIGHTDAL-26SEP18-B97.5,Dallas Maximum Temperature,KDFW,2026-09-18,between,97.0,98.0,The Weather Company,https://weather.com/kalshi,0.99,1.0,0.0,0.01,0.0,8827.84,19073.71,0.0,2026-09-19T06:00:00Z,active,2026-09-19T01:09:45.507057+00:00
KXHIGHTDAL,KXHIGHTDAL-26SEP18-B103.5,Dallas Maximum Temperature,KDFW,2026-09-18,between,103.0,104.0,The Weather Company,https://weather.com/kalshi,0.0,0.01,0.99,1.0,20587.42,0.0,647.05,0.0,2026-09-19T06:00:00Z,active,2026-09-19T01:09:45.507057+00:00
KXHIGHTDAL,KXHIGHTDAL-26SEP18-B101.5,Dallas Maximum Temperature,KDFW,2026-09-18,between,101.0,102.0,The Weather Company,https://weather.com/kalshi,0.0,0.01,0.99,1.0,11505.02,0.0,3634.05,0.0,2026-09-19T06:00:00Z,active,2026-09-19T01:09:45.507057+00:00
KXLOWTMIN,KXLOWTMIN-26SEP19-T58,Low  temperature Minnesota,KMSP,2026-09-19,greater,58.0,,The Weather Company,https://weather.com/kalshi,0.18,0.27,0.73,0.82,0.96,57.82,137.0,0.0,2026-09-20T06:00:00Z,active,2026-09-19T01:09:45.507057+00:00
KXLOWTMIN,KXLOWTMIN-26SEP19-T51,Low  temperature Minnesota,KMSP,2026-09-19,less,,51.0,The Weather Company,https://weather.com/kalshi,0.0,0.02,0.98,1.0,3.0,0.0,126.19,0.0,2026-09-20T06:00:00Z,active,2026-09-19T01:09:45.507057+00:00
KXLOWTMIN,KXLOWTMIN-26SEP19-B57.5,Low  temperature Minnesota,KMSP,2026-09-19,between,57.0,58.0,The Weather Company,https://weather.com/kalshi,0.42,0.52,0.48,0.58,0.05,4.28,110.52,0.0,2026-09-20T06:00:00Z,active,2026-09-19T01:09:45.507057+00:00
KXLOWTMIN,KXLOWTMIN-26SEP19-B55.5,Low  temperature Minnesota,KMSP,2026-09-19,between,55.0,56.0,The Weather Company,https://weather.com/kalshi,0.16,0.21,0.79,0.84,8.0,25.0,41.0,0.0,2026-09-20T06:00:00Z,active,2026-09-19T01:09:45.507057+00:00
KXLOWTMIN,KXLOWTMIN-26SEP19-B53.5,Low  temperature Minnesota,KMSP,2026-09-19,between,53.0,54.0,The Weather Company,https://weather.com/kalshi,0.03,0.07,0.93,0.97,8.0,27.27,51.0,0.0,2026-09-20T06:00:00Z,active,2026-09-19T01:09:45.507057+00:00
KXLOWTMIN,KXLOWTMIN-26SEP19-B51.5,Low  temperature Minnesota,KMSP,2026-09-19,between,51.0,52.0,The Weather Company,https://weather.com/kalshi,0.02,0.05,0.95,0.98,5.0,23.82,34.18,0.0,2026-09-20T06:00:00Z,active,2026-09-19T01:09:45.507057+00:00
KXLOWTMIN,KXLOWTMIN-26SEP18-T59,Low  temperature Minnesota,KMSP,2026-09-18,greater,59.0,,The Weather Company,https://weather.com/kalshi,0.08,0.13,0.87,0.92,5.46,1.0,1243.8,0.0,2026-09-19T06:00:00Z,active,2026-09-19T01:09:45.507057+00:00
KXLOWTMIN,KXLOWTMIN-26SEP18-T52,Low  temperature Minnesota,KMSP,2026-09-18,less,,52.0,The Weather Company,https://weather.com/kalshi,0.0,0.06,0.94,1.0,3.0,0.0,109.19,0.0,2026-09-19T06:00:00Z,active,2026-09-19T01:09:45.507057+00:00
KXLOWTMIN,KXLOWTMIN-26SEP18-B58.5,Low  temperature Minnesota,KMSP,2026-09-18,between,58.0,59.0,The Weather Company,https://weather.com/kalshi,0.63,0.76,0.24,0.37,2.0,10.0,449.67,0.0,2026-09-19T06:00:00Z,active,2026-09-19T01:09:45.507057+00:00
KXLOWTMIN,KXLOWTMIN-26SEP18-B56.5,Low  temperature Minnesota,KMSP,2026-09-18,between,56.0,57.0,The Weather Company,https://weather.com/kalshi,0.19,0.26,0.74,0.81,3.0,1.0,39.89,0.0,2026-09-19T06:00:00Z,active,2026-09-19T01:09:45.507057+00:00
KXLOWTMIN,KXLOWTMIN-26SEP18-B54.5,Low  temperature Minnesota,KMSP,2026-09-18,between,54.0,55.0,The Weather Company,https://weather.com/kalshi,0.02,0.06,0.94,0.98,5.0,26.0,206.66,0.0,2026-09-19T06:00:00Z,active,2026-09-19T01:09:45.507057+00:00
KXLOWTMIN,KXLOWTMIN-26SEP18-B52.5,Low  temperature Minnesota,KMSP,2026-09-18,between,52.0,53.0,The Weather Company,https://weather.com/kalshi,0.0,0.05,0.95,1.0,3.0,0.0,182.0,0.0,2026-09-19T06:00:00Z,active,2026-09-19T01:09:45.507057+00:00
KXHIGHTHOU,KXHIGHTHOU-26SEP19-T99,Daily High Temperature Houston,KHOU,2026-09-19,greater,99.0,,The Weather Company,https://weather.com/kalshi,0.0,0.02,0.98,1.0,764.0,0.0,695.56,0.0,2026-09-20T06:00:00Z,active,2026-09-19T01:09:45.507057+00:00
KXHIGHTHOU,KXHIGHTHOU-26SEP19-T92,Daily High Temperature Houston,KHOU,2026-09-19,less,,92.0,The Weather Company,https://weather.com/kalshi,0.11,0.12,0.88,0.89,14.29,13.0,57.62,0.0,2026-09-20T06:00:00Z,active,2026-09-19T01:09:45.507057+00:00
KXHIGHTHOU,KXHIGHTHOU-26SEP19-B98.5,Daily High Temperature Houston,KHOU,2026-09-19,between,98.0,99.0,The Weather Company,https://weather.com/kalshi,0.01,0.02,0.98,0.99,11.0,800.91,82.13,0.0,2026-09-20T06:00:00Z,active,2026-09-19T01:09:45.507057+00:00
KXHIGHTHOU,KXHIGHTHOU-26SEP19-B96.5,Daily High Temperature Houston,KHOU,2026-09-19,between,96.0,97.0,The Weather Company,https://weather.com/kalshi,0.06,0.09,0.91,0.94,208.0,230.46,473.4,0.0,2026-09-20T06:00:00Z,active,2026-09-19T01:09:45.507057+00:00
KXHIGHTHOU,KXHIGHTHOU-26SEP19-B94.5,Daily High Temperature Houston,KHOU,2026-09-19,between,94.0,95.0,The Weather Company,https://weather.com/kalshi,0.31,0.34,0.66,0.69,61.25,78.01,81.68,0.0,2026-09-20T06:00:00Z,active,2026-09-19T01:09:45.507057+00:00
KXHIGHTHOU,KXHIGHTHOU-26SEP19-B92.5,Daily High Temperature Houston,KHOU,2026-09-19,between,92.0,93.0,The Weather Company,https://weather.com/kalshi,0.47,0.48,0.52,0.53,38.0,24.0,528.6,0.0,2026-09-20T06:00:00Z,active,2026-09-19T01:09:45.507057+00:00
KXHIGHTHOU,KXHIGHTHOU-26SEP18-T97,Daily High Temperature Houston,KHOU,2026-09-18,greater,97.0,,The Weather Company,https://weather.com/kalshi,0.0,0.01,0.99,1.0,17929.89,0.0,1584.28,0.0,2026-09-19T06:00:00Z,active,2026-09-19T01:09:45.507057+00:00
KXHIGHTHOU,KXHIGHTHOU-26SEP18-T90,Daily High Temperature Houston,KHOU,2026-09-18,less,,90.0,The Weather Company,https://weather.com/kalshi,0.0,0.01,0.99,1.0,109954.89,0.0,1099.82,0.0,2026-09-19T06:00:00Z,active,2026-09-19T01:09:45.507057+00:00
KXHIGHTHOU,KXHIGHTHOU-26SEP18-B96.5,Daily High Temperature Houston,KHOU,2026-09-18,between,96.0,97.0,The Weather Company,https://weather.com/kalshi,0.0,0.01,0.99,1.0,10829.79,0.0,2885.17,0.0,2026-09-19T06:00:00Z,active,2026-09-19T01:09:45.507057+00:00
KXHIGHTHOU,KXHIGHTHOU-26SEP18-B94.5,Daily High Temperature Houston,KHOU,2026-09-18,between,94.0,95.0,The Weather Company,https://weather.com/kalshi,0.0,0.01,0.99,1.0,11389.56,0.0,7124.04,0.0,2026-09-19T06:00:00Z,active,2026-09-19T01:09:45.507057+00:00
KXHIGHTHOU,KXHIGHTHOU-26SEP18-B92.5,Daily High Temperature Houston,KHOU,2026-09-18,between,92.0,93.0,The Weather Company,https://weather.com/kalshi,0.99,1.0,0.0,0.01,0.0,14097.13,5864.49,0.0,2026-09-19T06:00:00Z,active,2026-09-19T01:09:45.507057+00:00
KXHIGHTHOU,KXHIGHTHOU-26SEP18-B90.5,Daily High Temperature Houston,KHOU,2026-09-18,between,90.0,91.0,The Weather Company,https://weather.com/kalshi,0.0,0.01,0.99,1.0,107009.76,0.0,1610.18,0.0,2026-09-19T06:00:00Z,active,2026-09-19T01:09:45.507057+00:00
KXHIGHTATL,KXHIGHTATL-26SEP19-T99,Atlanta Max Temperature,KATL,2026-09-19,greater,99.0,,The Weather Company,https://weather.com/kalshi,0.0,0.01,0.99,1.0,83.0,0.0,238.02,0.0,2026-09-20T05:00:00Z,active,2026-09-19T01:09:45.507057+00:00
KXHIGHTATL,KXHIGHTATL-26SEP19-T92,Atlanta Max Temperature,KATL,2026-09-19,less,,92.0,The Weather Company,https://weather.com/kalshi,0.13,0.14,0.86,0.87,391.22,10.0,1105.19,0.0,2026-09-20T05:00:00Z,active,2026-09-19T01:09:45.507057+00:00
KXHIGHTATL,KXHIGHTATL-26SEP19-B98.5,Atlanta Max Temperature,KATL,2026-09-19,between,98.0,99.0,The Weather Company,https://weather.com/kalshi,0.01,0.02,0.98,0.99,239.24,447.02,319.12,0.0,2026-09-20T05:00:00Z,active,2026-09-19T01:09:45.507057+00:00
KXHIGHTATL,KXHIGHTATL-26SEP19-B96.5,Atlanta Max Temperature,KATL,2026-09-19,between,96.0,97.0,The Weather Company,https://weather.com/kalshi,0.17,0.18,0.82,0.83,10.0,31.45,908.5,0.0,2026-09-20T05:00:00Z,active,2026-09-19T01:09:45.507057+00:00
KXHIGHTATL,KXHIGHTATL-26SEP19-B94.5,Atlanta Max Temperature,KATL,2026-09-19,between,94.0,95.0,The Weather Company,https://weather.com/kalshi,0.37,0.38,0.62,0.63,15.0,23.0,981.7,0.0,2026-09-20T05:00:00Z,active,2026-09-19T01:09:45.507057+00:00
KXHIGHTATL,KXHIGHTATL-26SEP19-B92.5,Atlanta Max Temperature,KATL,2026-09-19,between,92.0,93.0,The Weather Company,https://weather.com/kalshi,0.32,0.33,0.67,0.68,228.0,10.0,1188.45,0.0,2026-09-20T05:00:00Z,active,2026-09-19T01:09:45.507057+00:00
KXHIGHTATL,KXHIGHTATL-26SEP18-T93,Atlanta Max Temperature,KATL,2026-09-18,less,,93.0,The Weather Company,https://weather.com/kalshi,0.0,0.01,0.99,1.0,81110.75,0.0,4658.27,0.0,2026-09-19T05:00:00Z,active,2026-09-19T01:09:45.507057+00:00
KXHIGHTATL,KXHIGHTATL-26SEP18-T100,Atlanta Max Temperature,KATL,2026-09-18,greater,100.0,,The Weather Company,https://weather.com/kalshi,0.0,0.01,0.99,1.0,18988.82,0.0,757.77,0.0,2026-09-19T05:00:00Z,active,2026-09-19T01:09:45.507057+00:00
KXHIGHTATL,KXHIGHTATL-26SEP18-B99.5,Atlanta Max Temperature,KATL,2026-09-18,between,99.0,100.0,The Weather Company,https://weather.com/kalshi,0.0,0.01,0.99,1.0,17924.23,0.0,1537.7,0.0,2026-09-19T05:00:00Z,active,2026-09-19T01:09:45.507057+00:00
KXHIGHTATL,KXHIGHTATL-26SEP18-B97.5,Atlanta Max Temperature,KATL,2026-09-18,between,97.0,98.0,The Weather Company,https://weather.com/kalshi,0.0,0.01,0.99,1.0,10787.01,0.0,4699.39,0.0,2026-09-19T05:00:00Z,active,2026-09-19T01:09:45.507057+00:00
KXHIGHTATL,KXHIGHTATL-26SEP18-B95.5,Atlanta Max Temperature,KATL,2026-09-18,between,95.0,96.0,The Weather Company,https://weather.com/kalshi,0.0,0.01,0.99,1.0,15578.58,0.0,6784.78,0.0,2026-09-19T05:00:00Z,active,2026-09-19T01:09:45.507057+00:00
KXHIGHTATL,KXHIGHTATL-26SEP18-B93.5,Atlanta Max Temperature,KATL,2026-09-18,between,93.0,94.0,The Weather Company,https://weather.com/kalshi,0.99,1.0,0.0,0.01,0.0,15122.33,11499.04,0.0,2026-09-19T05:00:00Z,active,2026-09-19T01:09:45.507057+00:00
KXHIGHMIA,KXHIGHMIA-26SEP19-T91,Highest temperature in Miami,KMIA,2026-09-19,greater,91.0,,The Weather Company,https://weather.com/kalshi,0.02,0.03,0.97,0.98,593.89,15.0,902.35,0.0,2026-09-20T05:00:00Z,active,2026-09-19T01:09:45.507057+00:00
KXHIGHMIA,KXHIGHMIA-26SEP19-T84,Highest temperature in Miami,KMIA,2026-09-19,less,,84.0,The Weather Company,https://weather.com/kalshi,0.01,0.02,0.98,0.99,19.86,3126.37,561.32,0.0,2026-09-20T05:00:00Z,active,2026-09-19T01:09:45.507057+00:00
KXHIGHMIA,KXHIGHMIA-26SEP19-B90.5,Highest temperature in Miami,KMIA,2026-09-19,between,90.0,91.0,The Weather Company,https://weather.com/kalshi,0.18,0.19,0.81,0.82,156.12,56.0,1238.86,0.0,2026-09-20T05:00:00Z,active,2026-09-19T01:09:45.507057+00:00
KXHIGHMIA,KXHIGHMIA-26SEP19-B88.5,Highest temperature in Miami,KMIA,2026-09-19,between,88.0,89.0,The Weather Company,https://weather.com/kalshi,0.45,0.46,0.54,0.55,55.0,75.0,782.37,0.0,2026-09-20T05:00:00Z,active,2026-09-19T01:09:45.507057+00:00
KXHIGHMIA,KXHIGHMIA-26SEP19-B86.5,Highest temperature in Miami,KMIA,2026-09-19,between,86.0,87.0,The Weather Company,https://weather.com/kalshi,0.28,0.29,0.71,0.72,84.7,157.86,1570.29,0.0,2026-09-20T05:00:00Z,active,2026-09-19T01:09:45.507057+00:00
KXHIGHMIA,KXHIGHMIA-26SEP19-B84.5,Highest temperature in Miami,KMIA,2026-09-19,between,84.0,85.0,The Weather Company,https://weather.com/kalshi,0.04,0.05,0.95,0.96,14.29,89.03,1167.23,0.0,2026-09-20T05:00:00Z,active,2026-09-19T01:09:45.507057+00:00
KXHIGHMIA,KXHIGHMIA-26SEP18-T92,Highest temperature in Miami,KMIA,2026-09-18,greater,92.0,,The Weather Company,https://weather.com/kalshi,0.0,0.01,0.99,1.0,20213.54,0.0,14192.01,0.0,2026-09-19T05:00:00Z,active,2026-09-19T01:09:45.507057+00:00
KXHIGHMIA,KXHIGHMIA-26SEP18-T85,Highest temperature in Miami,KMIA,2026-09-18,less,,85.0,The Weather Company,https://weather.com/kalshi,0.0,0.01,0.99,1.0,181213.44,0.0,17375.17,0.0,2026-09-19T05:00:00Z,active,2026-09-19T01:09:45.507057+00:00
KXHIGHMIA,KXHIGHMIA-26SEP18-B91.5,Highest temperature in Miami,KMIA,2026-09-18,between,91.0,92.0,The Weather Company,https://weather.com/kalshi,0.0,0.01,0.99,1.0,18784.13,0.0,35927.26,0.0,2026-09-19T05:00:00Z,active,2026-09-19T01:09:45.507057+00:00
KXHIGHMIA,KXHIGHMIA-26SEP18-B89.5,Highest temperature in Miami,KMIA,2026-09-18,between,89.0,90.0,The Weather Company,https://weather.com/kalshi,0.99,1.0,0.0,0.01,0.0,19122.78,37465.75,0.0,2026-09-19T05:00:00Z,active,2026-09-19T01:09:45.507057+00:00
KXHIGHMIA,KXHIGHMIA-26SEP18-B87.5,Highest temperature in Miami,KMIA,2026-09-18,between,87.0,88.0,The Weather Company,https://weather.com/kalshi,0.0,0.01,0.99,1.0,113712.55,0.0,65259.75,0.0,2026-09-19T05:00:00Z,active,2026-09-19T01:09:45.507057+00:00
KXHIGHMIA,KXHIGHMIA-26SEP18-B85.5,Highest temperature in Miami,KMIA,2026-09-18,between,85.0,86.0,The Weather Company,https://weather.com/kalshi,0.0,0.01,0.99,1.0,140885.38,0.0,49733.55,0.0,2026-09-19T05:00:00Z,active,2026-09-19T01:09:45.507057+00:00
KXLOWTDC,KXLOWTDC-26SEP19-T66,Lowest Temperature DC ,KDCA,2026-09-19,greater,66.0,,The Weather Company,https://weather.com/kalshi,0.56,0.57,0.43,0.44,2.32,1.0,275.8,0.0,2026-09-20T05:00:00Z,active,2026-09-19T01:09:45.507057+00:00
KXLOWTDC,KXLOWTDC-26SEP19-T59,Lowest Temperature DC ,KDCA,2026-09-19,less,,59.0,The Weather Company,https://weather.com/kalshi,0.0,0.02,0.98,1.0,29.0,0.0,26.0,0.0,2026-09-20T05:00:00Z,active,2026-09-19T01:09:45.507057+00:00
KXLOWTDC,KXLOWTDC-26SEP19-B65.5,Lowest Temperature DC ,KDCA,2026-09-19,between,65.0,66.0,The Weather Company,https://weather.com/kalshi,0.18,0.22,0.78,0.82,0.89,5.0,110.12,0.0,2026-09-20T05:00:00Z,active,2026-09-19T01:09:45.507057+00:00
KXLOWTDC,KXLOWTDC-26SEP19-B63.5,Lowest Temperature DC ,KDCA,2026-09-19,between,63.0,64.0,The Weather Company,https://weather.com/kalshi,0.08,0.09,0.91,0.92,0.48,110.0,45.52,0.0,2026-09-20T05:00:00Z,active,2026-09-19T01:09:45.507057+00:00
KXLOWTDC,KXLOWTDC-26SEP19-B61.5,Lowest Temperature DC ,KDCA,2026-09-19,between,61.0,62.0,The Weather Company,https://weather.com/kalshi,0.02,0.03,0.97,0.98,4.59,4.62,197.38,0.0,2026-09-20T05:00:00Z,active,2026-09-19T01:09:45.507057+00:00
KXLOWTDC,KXLOWTDC-26SEP19-B59.5,Lowest Temperature DC ,KDCA,2026-09-19,between,59.0,60.0,The Weather Company,https://weather.com/kalshi,0.01,0.03,0.97,0.99,30.0,0.06,135.38,0.0,2026-09-20T05:00:00Z,active,2026-09-19T01:09:45.507057+00:00
KXLOWTDC,KXLOWTDC-26SEP18-T74,Lowest Temperature DC ,KDCA,2026-09-18,greater,74.0,,The Weather Company,https://weather.com/kalshi,0.0,0.01,0.99,1.0,17132.15,0.0,692.01,0.0,2026-09-19T05:00:00Z,active,2026-09-19T01:09:45.507057+00:00
KXLOWTDC,KXLOWTDC-26SEP18-T67,Lowest Temperature DC ,KDCA,2026-09-18,less,,67.0,The Weather Company,https://weather.com/kalshi,0.0,0.02,0.98,1.0,4.0,0.0,14.0,0.0,2026-09-19T05:00:00Z,active,2026-09-19T01:09:45.507057+00:00
KXLOWTDC,KXLOWTDC-26SEP18-B73.5,Lowest Temperature DC ,KDCA,2026-09-18,between,73.0,74.0,The Weather Company,https://weather.com/kalshi,0.5,0.56,0.44,0.5,28.0,0.3,718.15,0.0,2026-09-19T05:00:00Z,active,2026-09-19T01:09:45.507057+00:00
KXLOWTDC,KXLOWTDC-26SEP18-B71.5,Lowest Temperature DC ,KDCA,2026-09-18,between,71.0,72.0,The Weather Company,https://weather.com/kalshi,0.47,0.54,0.46,0.53,5.0,0.76,1007.96,0.0,2026-09-19T05:00:00Z,active,2026-09-19T01:09:45.507057+00:00
KXLOWTDC,KXLOWTDC-26SEP18-B69.5,Lowest Temperature DC ,KDCA,2026-09-18,between,69.0,70.0,The Weather Company,https://weather.com/kalshi,0.01,0.08,0.92,0.99,5.0,22.0,225.66,0.0,2026-09-19T05:00:00Z,active,2026-09-19T01:09:45.507057+00:00
KXLOWTDC,KXLOWTDC-26SEP18-B67.5,Lowest Temperature DC ,KDCA,2026-09-18,between,67.0,68.0,The Weather Company,https://weather.com/kalshi,0.0,0.01,0.99,1.0,10.15,0.0,103.08,0.0,2026-09-19T05:00:00Z,active,2026-09-19T01:09:45.507057+00:00
KXLOWTOKC,KXLOWTOKC-26SEP19-T76,Low Temperature Oklahoma City,KOKC,2026-09-19,greater,76.0,,The Weather Company,https://weather.com/kalshi,0.02,0.03,0.97,0.98,364.2,5.0,56.37,0.0,2026-09-20T06:00:00Z,active,2026-09-19T01:09:45.507057+00:00
KXLOWTOKC,KXLOWTOKC-26SEP19-T69,Low Temperature Oklahoma City,KOKC,2026-09-19,less,,69.0,The Weather Company,https://weather.com/kalshi,0.02,0.04,0.96,0.98,224.57,132.29,23.34,0.0,2026-09-20T06:00:00Z,active,2026-09-19T01:09:45.507057+00:00
KXLOWTOKC,KXLOWTOKC-26SEP19-B75.5,Low Temperature Oklahoma City,KOKC,2026-09-19,between,75.0,76.0,The Weather Company,https://weather.com/kalshi,0.15,0.23,0.77,0.85,32.0,2.78,93.45,0.0,2026-09-20T06:00:00Z,active,2026-09-19T01:09:45.507057+00:00
KXLOWTOKC,KXLOWTOKC-26SEP19-B73.5,Low Temperature Oklahoma City,KOKC,2026-09-19,between,73.0,74.0,The Weather Company,https://weather.com/kalshi,0.16,0.27,0.73,0.84,2.37,5.0,186.0,0.0,2026-09-20T06:00:00Z,active,2026-09-19T01:09:45.507057+00:00
KXLOWTOKC,KXLOWTOKC-26SEP19-B71.5,Low Temperature Oklahoma City,KOKC,2026-09-19,between,71.0,72.0,The Weather Company,https://weather.com/kalshi,0.31,0.42,0.58,0.69,2.22,6.0,180.19,0.0,2026-09-20T06:00:00Z,active,2026-09-19T01:09:45.507057+00:00
KXLOWTOKC,KXLOWTOKC-26SEP19-B69.5,Low Temperature Oklahoma City,KOKC,2026-09-19,between,69.0,70.0,The Weather Company,https://weather.com/kalshi,0.08,0.17,0.83,0.92,80.53,5.0,94.1,0.0,2026-09-20T06:00:00Z,active,2026-09-19T01:09:45.507057+00:00
KXLOWTOKC,KXLOWTOKC-26SEP18-T76,Low Temperature Oklahoma City,KOKC,2026-09-18,greater,76.0,,The Weather Company,https://weather.com/kalshi,0.0,0.01,0.99,1.0,17094.16,0.0,611.45,0.0,2026-09-19T06:00:00Z,active,2026-09-19T01:09:45.507057+00:00
KXLOWTOKC,KXLOWTOKC-26SEP18-T69,Low Temperature Oklahoma City,KOKC,2026-09-18,less,,69.0,The Weather Company,https://weather.com/kalshi,0.0,0.01,0.99,1.0,456.0,0.0,259.7,0.0,2026-09-19T06:00:00Z,active,2026-09-19T01:09:45.507057+00:00
KXLOWTOKC,KXLOWTOKC-26SEP18-B75.5,Low Temperature Oklahoma City,KOKC,2026-09-18,between,75.0,76.0,The Weather Company,https://weather.com/kalshi,0.0,0.01,0.99,1.0,17142.16,0.0,623.56,0.0,2026-09-19T06:00:00Z,active,2026-09-19T01:09:45.507057+00:00
KXLOWTOKC,KXLOWTOKC-26SEP18-B73.5,Low Temperature Oklahoma City,KOKC,2026-09-18,between,73.0,74.0,The Weather Company,https://weather.com/kalshi,0.0,0.01,0.99,1.0,17025.15,0.0,752.04,0.0,2026-09-19T06:00:00Z,active,2026-09-19T01:09:45.507057+00:00
KXLOWTOKC,KXLOWTOKC-26SEP18-B71.5,Low Temperature Oklahoma City,KOKC,2026-09-18,between,71.0,72.0,The Weather Company,https://weather.com/kalshi,0.99,1.0,0.0,0.01,0.0,128.0,1418.87,0.0,2026-09-19T06:00:00Z,active,2026-09-19T01:09:45.507057+00:00
KXLOWTOKC,KXLOWTOKC-26SEP18-B69.5,Low Temperature Oklahoma City,KOKC,2026-09-18,between,69.0,70.0,The Weather Company,https://weather.com/kalshi,0.0,0.01,0.99,1.0,606.0,0.0,266.0,0.0,2026-09-19T06:00:00Z,active,2026-09-19T01:09:45.507057+00:00
KXLOWTNYC,KXLOWTNYC-26SEP19-T64,Lowest temperature in NYC,KNYC,2026-09-19,greater,64.0,,The Weather Company,https://weather.com/kalshi,0.01,0.03,0.97,0.99,217.0,204.0,131.59,0.0,2026-09-20T05:00:00Z,active,2026-09-19T01:09:45.507057+00:00
KXLOWTNYC,KXLOWTNYC-26SEP19-T57,Lowest temperature in NYC,KNYC,2026-09-19,less,,57.0,The Weather Company,https://weather.com/kalshi,0.0,0.02,0.98,1.0,6.0,0.0,512.77,0.0,2026-09-20T05:00:00Z,active,2026-09-19T01:09:45.507057+00:00
KXLOWTNYC,KXLOWTNYC-26SEP19-B63.5,Lowest temperature in NYC,KNYC,2026-09-19,between,63.0,64.0,The Weather Company,https://weather.com/kalshi,0.05,0.11,0.89,0.95,4.22,1.98,33.0,0.0,2026-09-20T05:00:00Z,active,2026-09-19T01:09:45.507057+00:00
KXLOWTNYC,KXLOWTNYC-26SEP19-B61.5,Lowest temperature in NYC,KNYC,2026-09-19,between,61.0,62.0,The Weather Company,https://weather.com/kalshi,0.44,0.47,0.53,0.56,1.53,3.16,259.0,0.0,2026-09-20T05:00:00Z,active,2026-09-19T01:09:45.507057+00:00
KXLOWTNYC,KXLOWTNYC-26SEP19-B59.5,Lowest temperature in NYC,KNYC,2026-09-19,between,59.0,60.0,The Weather Company,https://weather.com/kalshi,0.27,0.36,0.64,0.73,0.85,1.0,310.0,0.0,2026-09-20T05:00:00Z,active,2026-09-19T01:09:45.507057+00:00
KXLOWTNYC,KXLOWTNYC-26SEP19-B57.5,Lowest temperature in NYC,KNYC,2026-09-19,between,57.0,58.0,The Weather Company,https://weather.com/kalshi,0.02,0.1,0.9,0.98,6.31,143.0,256.0,0.0,2026-09-20T05:00:00Z,active,2026-09-19T01:09:45.507057+00:00
KXLOWTNYC,KXLOWTNYC-26SEP18-T72,Lowest temperature in NYC,KNYC,2026-09-18,greater,72.0,,The Weather Company,https://weather.com/kalshi,0.01,0.02,0.98,0.99,115.0,122.57,1199.25,0.0,2026-09-19T05:00:00Z,active,2026-09-19T01:09:45.507057+00:00
KXLOWTNYC,KXLOWTNYC-26SEP18-T65,Lowest temperature in NYC,KNYC,2026-09-18,less,,65.0,The Weather Company,https://weather.com/kalshi,0.01,0.03,0.97,0.99,156.0,189.29,759.69,0.0,2026-09-19T05:00:00Z,active,2026-09-19T01:09:45.507057+00:00
KXLOWTNYC,KXLOWTNYC-26SEP18-B71.5,Lowest temperature in NYC,KNYC,2026-09-18,between,71.0,72.0,The Weather Company,https://weather.com/kalshi,0.02,0.03,0.97,0.98,6.0,195.0,1058.75,0.0,2026-09-19T05:00:00Z,active,2026-09-19T01:09:45.507057+00:00
KXLOWTNYC,KXLOWTNYC-26SEP18-B69.5,Lowest temperature in NYC,KNYC,2026-09-18,between,69.0,70.0,The Weather Company,https://weather.com/kalshi,0.22,0.3,0.7,0.78,6.0,33.5,193.36,0.0,2026-09-19T05:00:00Z,active,2026-09-19T01:09:45.507057+00:00
KXLOWTNYC,KXLOWTNYC-26SEP18-B67.5,Lowest temperature in NYC,KNYC,2026-09-18,between,67.0,68.0,The Weather Company,https://weather.com/kalshi,0.53,0.58,0.42,0.47,2.0,1.0,681.2,0.0,2026-09-19T05:00:00Z,active,2026-09-19T01:09:45.507057+00:00
KXLOWTNYC,KXLOWTNYC-26SEP18-B65.5,Lowest temperature in NYC,KNYC,2026-09-18,between,65.0,66.0,The Weather Company,https://weather.com/kalshi,0.09,0.14,0.86,0.91,5.0,1.0,690.99,0.0,2026-09-19T05:00:00Z,active,2026-09-19T01:09:45.507057+00:00
KXHIGHTSEA,KXHIGHTSEA-26SEP19-T77,Seattle Maximum Temperature Daily,KSEA,2026-09-19,greater,77.0,,The Weather Company,https://weather.com/kalshi,0.0,0.01,0.99,1.0,49.63,0.0,452.04,0.0,2026-09-20T08:00:00Z,active,2026-09-19T01:09:45.507057+00:00
KXHIGHTSEA,KXHIGHTSEA-26SEP19-T70,Seattle Maximum Temperature Daily,KSEA,2026-09-19,less,,70.0,The Weather Company,https://weather.com/kalshi,0.42,0.43,0.57,0.58,92.0,2.0,1422.47,0.0,2026-09-20T08:00:00Z,active,2026-09-19T01:09:45.507057+00:00
KXHIGHTSEA,KXHIGHTSEA-26SEP19-B76.5,Seattle Maximum Temperature Daily,KSEA,2026-09-19,between,76.0,77.0,The Weather Company,https://weather.com/kalshi,0.02,0.03,0.97,0.98,83.0,59.9,143.22,0.0,2026-09-20T08:00:00Z,active,2026-09-19T01:09:45.507057+00:00
KXHIGHTSEA,KXHIGHTSEA-26SEP19-B74.5,Seattle Maximum Temperature Daily,KSEA,2026-09-19,between,74.0,75.0,The Weather Company,https://weather.com/kalshi,0.03,0.04,0.96,0.97,45.0,37.0,1494.28,0.0,2026-09-20T08:00:00Z,active,2026-09-19T01:09:45.507057+00:00
KXHIGHTSEA,KXHIGHTSEA-26SEP19-B72.5,Seattle Maximum Temperature Daily,KSEA,2026-09-19,between,72.0,73.0,The Weather Company,https://weather.com/kalshi,0.17,0.18,0.82,0.83,62.74,1.0,302.68,0.0,2026-09-20T08:00:00Z,active,2026-09-19T01:09:45.507057+00:00
KXHIGHTSEA,KXHIGHTSEA-26SEP19-B70.5,Seattle Maximum Temperature Daily,KSEA,2026-09-19,between,70.0,71.0,The Weather Company,https://weather.com/kalshi,0.32,0.33,0.67,0.68,197.63,8.0,293.3,0.0,2026-09-20T08:00:00Z,active,2026-09-19T01:09:45.507057+00:00
KXHIGHTSEA,KXHIGHTSEA-26SEP18-T76,Seattle Maximum Temperature Daily,KSEA,2026-09-18,greater,76.0,,The Weather Company,https://weather.com/kalshi,0.0,0.01,0.99,1.0,20530.93,0.0,1274.47,0.0,2026-09-19T08:00:00Z,active,2026-09-19T01:09:45.507057+00:00
KXHIGHTSEA,KXHIGHTSEA-26SEP18-T69,Seattle Maximum Temperature Daily,KSEA,2026-09-18,less,,69.0,The Weather Company,https://weather.com/kalshi,0.0,0.01,0.99,1.0,150115.41,0.0,21223.74,0.0,2026-09-19T08:00:00Z,active,2026-09-19T01:09:45.507057+00:00
KXHIGHTSEA,KXHIGHTSEA-26SEP18-B75.5,Seattle Maximum Temperature Daily,KSEA,2026-09-18,between,75.0,76.0,The Weather Company,https://weather.com/kalshi,0.0,0.01,0.99,1.0,19892.06,0.0,3591.07,0.0,2026-09-19T08:00:00Z,active,2026-09-19T01:09:45.507057+00:00
KXHIGHTSEA,KXHIGHTSEA-26SEP18-B73.5,Seattle Maximum Temperature Daily,KSEA,2026-09-18,between,73.0,74.0,The Weather Company,https://weather.com/kalshi,0.0,0.01,0.99,1.0,5738.42,0.0,8857.75,0.0,2026-09-19T08:00:00Z,active,2026-09-19T01:09:45.507057+00:00
KXHIGHTSEA,KXHIGHTSEA-26SEP18-B71.5,Seattle Maximum Temperature Daily,KSEA,2026-09-18,between,71.0,72.0,The Weather Company,https://weather.com/kalshi,0.0,0.01,0.99,1.0,5906.49,0.0,8404.58,0.0,2026-09-19T08:00:00Z,active,2026-09-19T01:09:45.507057+00:00
KXHIGHTSEA,KXHIGHTSEA-26SEP18-B69.5,Seattle Maximum Temperature Daily,KSEA,2026-09-18,between,69.0,70.0,The Weather Company,https://weather.com/kalshi,0.99,1.0,0.0,0.01,0.0,6976.7,13448.25,0.0,2026-09-19T08:00:00Z,active,2026-09-19T01:09:45.507057+00:00
KXLOWTHOU,KXLOWTHOU-26SEP19-T77,Low Temperature Houston,KHOU,2026-09-19,greater,77.0,,The Weather Company,https://weather.com/kalshi,0.06,0.07,0.93,0.94,5.0,150.0,82.03,0.0,2026-09-20T06:00:00Z,active,2026-09-19T01:09:45.507057+00:00
KXLOWTHOU,KXLOWTHOU-26SEP19-T70,Low Temperature Houston,KHOU,2026-09-19,less,,70.0,The Weather Company,https://weather.com/kalshi,0.0,0.01,0.99,1.0,18.0,0.0,6.0,0.0,2026-09-20T06:00:00Z,active,2026-09-19T01:09:45.507057+00:00
KXLOWTHOU,KXLOWTHOU-26SEP19-B76.5,Low Temperature Houston,KHOU,2026-09-19,between,76.0,77.0,The Weather Company,https://weather.com/kalshi,0.42,0.53,0.47,0.58,2.24,10.0,302.28,0.0,2026-09-20T06:00:00Z,active,2026-09-19T01:09:45.507057+00:00
KXLOWTHOU,KXLOWTHOU-26SEP19-B74.5,Low Temperature Houston,KHOU,2026-09-19,between,74.0,75.0,The Weather Company,https://weather.com/kalshi,0.29,0.46,0.54,0.71,10.0,55.0,90.0,0.0,2026-09-20T06:00:00Z,active,2026-09-19T01:09:45.507057+00:00
KXLOWTHOU,KXLOWTHOU-26SEP19-B72.5,Low Temperature Houston,KHOU,2026-09-19,between,72.0,73.0,The Weather Company,https://weather.com/kalshi,0.03,0.1,0.9,0.97,41.0,5.0,29.0,0.0,2026-09-20T06:00:00Z,active,2026-09-19T01:09:45.507057+00:00
KXLOWTHOU,KXLOWTHOU-26SEP19-B70.5,Low Temperature Houston,KHOU,2026-09-19,between,70.0,71.0,The Weather Company,https://weather.com/kalshi,0.01,0.05,0.95,0.99,55.0,43.86,59.14,0.0,2026-09-20T06:00:00Z,active,2026-09-19T01:09:45.507057+00:00
KXLOWTHOU,KXLOWTHOU-26SEP18-T79,Low Temperature Houston,KHOU,2026-09-18,greater,79.0,,The Weather Company,https://weather.com/kalshi,0.0,0.01,0.99,1.0,20930.15,0.0,468.08,0.0,2026-09-19T06:00:00Z,active,2026-09-19T01:09:45.507057+00:00
KXLOWTHOU,KXLOWTHOU-26SEP18-T72,Low Temperature Houston,KHOU,2026-09-18,less,,72.0,The Weather Company,https://weather.com/kalshi,0.0,0.02,0.98,1.0,6.0,0.0,1.0,0.0,2026-09-19T06:00:00Z,active,2026-09-19T01:09:45.507057+00:00
KXLOWTHOU,KXLOWTHOU-26SEP18-B78.5,Low Temperature Houston,KHOU,2026-09-18,between,78.0,79.0,The Weather Company,https://weather.com/kalshi,0.0,0.01,0.99,1.0,16770.8,0.0,659.08,0.0,2026-09-19T06:00:00Z,active,2026-09-19T01:09:45.507057+00:00
KXLOWTHOU,KXLOWTHOU-26SEP18-B76.5,Low Temperature Houston,KHOU,2026-09-18,between,76.0,77.0,The Weather Company,https://weather.com/kalshi,0.97,0.99,0.01,0.03,176.44,20.0,998.17,0.0,2026-09-19T06:00:00Z,active,2026-09-19T01:09:45.507057+00:00
KXLOWTHOU,KXLOWTHOU-26SEP18-B74.5,Low Temperature Houston,KHOU,2026-09-18,between,74.0,75.0,The Weather Company,https://weather.com/kalshi,0.01,0.04,0.96,0.99,56.66,19.26,328.54,0.0,2026-09-19T06:00:00Z,active,2026-09-19T01:09:45.507057+00:00
KXLOWTHOU,KXLOWTHOU-26SEP18-B72.5,Low Temperature Houston,KHOU,2026-09-18,between,72.0,73.0,The Weather Company,https://weather.com/kalshi,0.0,0.02,0.98,1.0,6.0,0.0,93.0,0.0,2026-09-19T06:00:00Z,active,2026-09-19T01:09:45.507057+00:00
KXHIGHNY,KXHIGHNY-26SEP19-T76,Highest temperature in NYC,KNYC,2026-09-19,greater,76.0,,The Weather Company,https://weather.com/kalshi,0.0,0.01,0.99,1.0,206.0,0.0,1187.02,0.0,2026-09-20T05:00:00Z,active,2026-09-19T01:09:45.507057+00:00
KXHIGHNY,KXHIGHNY-26SEP19-T69,Highest temperature in NYC,KNYC,2026-09-19,less,,69.0,The Weather Company,https://weather.com/kalshi,0.06,0.07,0.93,0.94,10.58,38.0,1846.25,0.0,2026-09-20T05:00:00Z,active,2026-09-19T01:09:45.507057+00:00
KXHIGHNY,KXHIGHNY-26SEP19-B75.5,Highest temperature in NYC,KNYC,2026-09-19,between,75.0,76.0,The Weather Company,https://weather.com/kalshi,0.01,0.02,0.98,0.99,285.0,239.35,1649.84,0.0,2026-09-20T05:00:00Z,active,2026-09-19T01:09:45.507057+00:00
KXHIGHNY,KXHIGHNY-26SEP19-B73.5,Highest temperature in NYC,KNYC,2026-09-19,between,73.0,74.0,The Weather Company,https://weather.com/kalshi,0.04,0.05,0.95,0.96,18.41,377.03,769.86,0.0,2026-09-20T05:00:00Z,active,2026-09-19T01:09:45.507057+00:00
KXHIGHNY,KXHIGHNY-26SEP19-B71.5,Highest temperature in NYC,KNYC,2026-09-19,between,71.0,72.0,The Weather Company,https://weather.com/kalshi,0.47,0.48,0.52,0.53,112.95,47.4,3055.62,0.0,2026-09-20T05:00:00Z,active,2026-09-19T01:09:45.507057+00:00
KXHIGHNY,KXHIGHNY-26SEP19-B69.5,Highest temperature in NYC,KNYC,2026-09-19,between,69.0,70.0,The Weather Company,https://weather.com/kalshi,0.37,0.38,0.62,0.63,222.0,29.0,2642.03,0.0,2026-09-20T05:00:00Z,active,2026-09-19T01:09:45.507057+00:00
KXHIGHNY,KXHIGHNY-26SEP18-T87,Highest temperature in NYC,KNYC,2026-09-18,greater,87.0,,The Weather Company,https://weather.com/kalshi,0.0,0.01,0.99,1.0,58426.84,0.0,1344.35,0.0,2026-09-19T05:00:00Z,active,2026-09-19T01:09:45.507057+00:00
KXHIGHNY,KXHIGHNY-26SEP18-T80,Highest temperature in NYC,KNYC,2026-09-18,less,,80.0,The Weather Company,https://weather.com/kalshi,0.0,0.01,0.99,1.0,182732.61,0.0,21978.51,0.0,2026-09-19T05:00:00Z,active,2026-09-19T01:09:45.507057+00:00
KXHIGHNY,KXHIGHNY-26SEP18-B86.5,Highest temperature in NYC,KNYC,2026-09-18,between,86.0,87.0,The Weather Company,https://weather.com/kalshi,0.0,0.01,0.99,1.0,54639.5,0.0,1263.02,0.0,2026-09-19T05:00:00Z,active,2026-09-19T01:09:45.507057+00:00
KXHIGHNY,KXHIGHNY-26SEP18-B84.5,Highest temperature in NYC,KNYC,2026-09-18,between,84.0,85.0,The Weather Company,https://weather.com/kalshi,0.0,0.01,0.99,1.0,35586.3,0.0,19604.68,0.0,2026-09-19T05:00:00Z,active,2026-09-19T01:09:45.507057+00:00
KXHIGHNY,KXHIGHNY-26SEP18-B82.5,Highest temperature in NYC,KNYC,2026-09-18,between,82.0,83.0,The Weather Company,https://weather.com/kalshi,0.0,0.01,0.99,1.0,50153.27,0.0,63532.34,0.0,2026-09-19T05:00:00Z,active,2026-09-19T01:09:45.507057+00:00
KXHIGHNY,KXHIGHNY-26SEP18-B80.5,Highest temperature in NYC,KNYC,2026-09-18,between,80.0,81.0,The Weather Company,https://weather.com/kalshi,0.99,1.0,0.0,0.01,0.0,62429.05,34594.04,0.0,2026-09-19T05:00:00Z,active,2026-09-19T01:09:45.507057+00:00
KXLOWTDAL,KXLOWTDAL-26SEP19-T78,Lowest temperature Dallas,KDFW,2026-09-19,greater,78.0,,The Weather Company,https://weather.com/kalshi,0.08,0.14,0.86,0.92,28.0,377.49,1.51,0.0,2026-09-20T06:00:00Z,active,2026-09-19T01:09:45.507057+00:00
KXLOWTDAL,KXLOWTDAL-26SEP19-T71,Lowest temperature Dallas,KDFW,2026-09-19,less,,71.0,The Weather Company,https://weather.com/kalshi,0.0,0.01,0.99,1.0,9.0,0.0,15.0,0.0,2026-09-20T06:00:00Z,active,2026-09-19T01:09:45.507057+00:00
KXLOWTDAL,KXLOWTDAL-26SEP19-B77.5,Lowest temperature Dallas,KDFW,2026-09-19,between,77.0,78.0,The Weather Company,https://weather.com/kalshi,0.48,0.59,0.41,0.52,25.0,5.0,153.51,0.0,2026-09-20T06:00:00Z,active,2026-09-19T01:09:45.507057+00:00
KXLOWTDAL,KXLOWTDAL-26SEP19-B75.5,Lowest temperature Dallas,KDFW,2026-09-19,between,75.0,76.0,The Weather Company,https://weather.com/kalshi,0.29,0.44,0.56,0.71,6.51,3.49,68.78,0.0,2026-09-20T06:00:00Z,active,2026-09-19T01:09:45.507057+00:00
KXLOWTDAL,KXLOWTDAL-26SEP19-B73.5,Lowest temperature Dallas,KDFW,2026-09-19,between,73.0,74.0,The Weather Company,https://weather.com/kalshi,0.01,0.05,0.95,0.99,108.0,266.93,47.7,0.0,2026-09-20T06:00:00Z,active,2026-09-19T01:09:45.507057+00:00
KXLOWTDAL,KXLOWTDAL-26SEP19-B71.5,Lowest temperature Dallas,KDFW,2026-09-19,between,71.0,72.0,The Weather Company,https://weather.com/kalshi,0.0,0.06,0.94,1.0,36.0,0.0,96.51,0.0,2026-09-20T06:00:00Z,active,2026-09-19T01:09:45.507057+00:00
KXLOWTDAL,KXLOWTDAL-26SEP18-T80,Lowest temperature Dallas,KDFW,2026-09-18,greater,80.0,,The Weather Company,https://weather.com/kalshi,0.0,0.01,0.99,1.0,22585.15,0.0,150.27,0.0,2026-09-19T06:00:00Z,active,2026-09-19T01:09:45.507057+00:00
KXLOWTDAL,KXLOWTDAL-26SEP18-T73,Lowest temperature Dallas,KDFW,2026-09-18,less,,73.0,The Weather Company,https://weather.com/kalshi,0.0,0.01,0.99,1.0,159.0,0.0,70.0,0.0,2026-09-19T06:00:00Z,active,2026-09-19T01:09:45.507057+00:00
KXLOWTDAL,KXLOWTDAL-26SEP18-B79.5,Lowest temperature Dallas,KDFW,2026-09-18,between,79.0,80.0,The Weather Company,https://weather.com/kalshi,0.0,0.01,0.99,1.0,18334.15,0.0,962.05,0.0,2026-09-19T06:00:00Z,active,2026-09-19T01:09:45.507057+00:00
KXLOWTDAL,KXLOWTDAL-26SEP18-B77.5,Lowest temperature Dallas,KDFW,2026-09-18,between,77.0,78.0,The Weather Company,https://weather.com/kalshi,0.99,1.0,0.0,0.01,0.0,125.0,1908.1,0.0,2026-09-19T06:00:00Z,active,2026-09-19T01:09:45.507057+00:00
KXLOWTDAL,KXLOWTDAL-26SEP18-B75.5,Lowest temperature Dallas,KDFW,2026-09-18,between,75.0,76.0,The Weather Company,https://weather.com/kalshi,0.0,0.01,0.99,1.0,231.0,0.0,353.9,0.0,2026-09-19T06:00:00Z,active,2026-09-19T01:09:45.507057+00:00
KXLOWTDAL,KXLOWTDAL-26SEP18-B73.5,Lowest temperature Dallas,KDFW,2026-09-18,between,73.0,74.0,The Weather Company,https://weather.com/kalshi,0.0,0.01,0.99,1.0,237.05,0.0,801.07,0.0,2026-09-19T06:00:00Z,active,2026-09-19T01:09:45.507057+00:00
KXLOWTAUS,KXLOWTAUS-26SEP19-T74,Lowest temperature in Austin,KAUS,2026-09-19,greater,74.0,,The Weather Company,https://weather.com/kalshi,0.01,0.03,0.97,0.99,263.0,221.0,150.0,0.0,2026-09-20T06:00:00Z,active,2026-09-19T01:09:45.507057+00:00
KXLOWTAUS,KXLOWTAUS-26SEP19-T67,Lowest temperature in Austin,KAUS,2026-09-19,less,,67.0,The Weather Company,https://weather.com/kalshi,0.0,0.02,0.98,1.0,11.0,0.0,208.0,0.0,2026-09-20T06:00:00Z,active,2026-09-19T01:09:45.507057+00:00
KXLOWTAUS,KXLOWTAUS-26SEP19-B73.5,Lowest temperature in Austin,KAUS,2026-09-19,between,73.0,74.0,The Weather Company,https://weather.com/kalshi,0.17,0.26,0.74,0.83,25.0,74.0,56.0,0.0,2026-09-20T06:00:00Z,active,2026-09-19T01:09:45.507057+00:00
KXLOWTAUS,KXLOWTAUS-26SEP19-B71.5,Lowest temperature in Austin,KAUS,2026-09-19,between,71.0,72.0,The Weather Company,https://weather.com/kalshi,0.44,0.46,0.54,0.56,5.0,4.01,102.0,0.0,2026-09-20T06:00:00Z,active,2026-09-19T01:09:45.507057+00:00
KXLOWTAUS,KXLOWTAUS-26SEP19-B69.5,Lowest temperature in Austin,KAUS,2026-09-19,between,69.0,70.0,The Weather Company,https://weather.com/kalshi,0.21,0.22,0.78,0.79,4.0,25.0,2.0,0.0,2026-09-20T06:00:00Z,active,2026-09-19T01:09:45.507057+00:00
KXLOWTAUS,KXLOWTAUS-26SEP19-B67.5,Lowest temperature in Austin,KAUS,2026-09-19,between,67.0,68.0,The Weather Company,https://weather.com/kalshi,0.04,0.05,0.95,0.96,4.0,38.0,28.31,0.0,2026-09-20T06:00:00Z,active,2026-09-19T01:09:45.507057+00:00
KXLOWTAUS,KXLOWTAUS-26SEP18-T76,Lowest temperature in Austin,KAUS,2026-09-18,greater,76.0,,The Weather Company,https://weather.com/kalshi,0.0,0.01,0.99,1.0,18375.61,0.0,387.34,0.0,2026-09-19T06:00:00Z,active,2026-09-19T01:09:45.507057+00:00
KXLOWTAUS,KXLOWTAUS-26SEP18-T69,Lowest temperature in Austin,KAUS,2026-09-18,less,,69.0,The Weather Company,https://weather.com/kalshi,0.0,0.02,0.98,1.0,644.41,0.0,898.02,0.0,2026-09-19T06:00:00Z,active,2026-09-19T01:09:45.507057+00:00
KXLOWTAUS,KXLOWTAUS-26SEP18-B75.5,Lowest temperature in Austin,KAUS,2026-09-18,between,75.0,76.0,The Weather Company,https://weather.com/kalshi,0.0,0.01,0.99,1.0,21657.1,0.0,988.37,0.0,2026-09-19T06:00:00Z,active,2026-09-19T01:09:45.507057+00:00
KXLOWTAUS,KXLOWTAUS-26SEP18-B73.5,Lowest temperature in Austin,KAUS,2026-09-18,between,73.0,74.0,The Weather Company,https://weather.com/kalshi,0.0,0.01,0.99,1.0,17239.23,0.0,1491.08,0.0,2026-09-19T06:00:00Z,active,2026-09-19T01:09:45.507057+00:00
KXLOWTAUS,KXLOWTAUS-26SEP18-B71.5,Lowest temperature in Austin,KAUS,2026-09-18,between,71.0,72.0,The Weather Company,https://weather.com/kalshi,0.99,1.0,0.0,0.01,0.0,98.0,2716.03,0.0,2026-09-19T06:00:00Z,active,2026-09-19T01:09:45.507057+00:00
KXLOWTAUS,KXLOWTAUS-26SEP18-B69.5,Lowest temperature in Austin,KAUS,2026-09-18,between,69.0,70.0,The Weather Company,https://weather.com/kalshi,0.0,0.01,0.99,1.0,204.0,0.0,1131.53,0.0,2026-09-19T06:00:00Z,active,2026-09-19T01:09:45.507057+00:00
KXHIGHCHI,KXHIGHCHI-26SEP19-T79,Highest temperature in Chicago,KMDW,2026-09-19,greater,79.0,,The Weather Company,https://weather.com/kalshi,0.07,0.08,0.92,0.93,917.61,6.34,1821.69,0.0,2026-09-20T06:00:00Z,active,2026-09-19T01:09:45.507057+00:00
KXHIGHCHI,KXHIGHCHI-26SEP19-T72,Highest temperature in Chicago,KMDW,2026-09-19,less,,72.0,The Weather Company,https://weather.com/kalshi,0.09,0.11,0.89,0.91,10.59,28.0,1928.21,0.0,2026-09-20T06:00:00Z,active,2026-09-19T01:09:45.507057+00:00
KXHIGHCHI,KXHIGHCHI-26SEP19-B78.5,Highest temperature in Chicago,KMDW,2026-09-19,between,78.0,79.0,The Weather Company,https://weather.com/kalshi,0.07,0.08,0.92,0.93,61.89,226.01,271.53,0.0,2026-09-20T06:00:00Z,active,2026-09-19T01:09:45.507057+00:00
KXHIGHCHI,KXHIGHCHI-26SEP19-B76.5,Highest temperature in Chicago,KMDW,2026-09-19,between,76.0,77.0,The Weather Company,https://weather.com/kalshi,0.22,0.23,0.77,0.78,67.04,8.55,557.29,0.0,2026-09-20T06:00:00Z,active,2026-09-19T01:09:45.507057+00:00
KXHIGHCHI,KXHIGHCHI-26SEP19-B74.5,Highest temperature in Chicago,KMDW,2026-09-19,between,74.0,75.0,The Weather Company,https://weather.com/kalshi,0.36,0.37,0.63,0.64,12.88,121.0,1343.36,0.0,2026-09-20T06:00:00Z,active,2026-09-19T01:09:45.507057+00:00
KXHIGHCHI,KXHIGHCHI-26SEP19-B72.5,Highest temperature in Chicago,KMDW,2026-09-19,between,72.0,73.0,The Weather Company,https://weather.com/kalshi,0.2,0.21,0.79,0.8,40.06,29.75,1488.31,0.0,2026-09-20T06:00:00Z,active,2026-09-19T01:09:45.507057+00:00
KXHIGHCHI,KXHIGHCHI-26SEP18-T77,Highest temperature in Chicago,KMDW,2026-09-18,greater,77.0,,The Weather Company,https://weather.com/kalshi,0.0,0.01,0.99,1.0,20148.11,0.0,6191.79,0.0,2026-09-19T06:00:00Z,active,2026-09-19T01:09:45.507057+00:00
KXHIGHCHI,KXHIGHCHI-26SEP18-T70,Highest temperature in Chicago,KMDW,2026-09-18,less,,70.0,The Weather Company,https://weather.com/kalshi,0.0,0.01,0.99,1.0,135523.8,0.0,4483.5,0.0,2026-09-19T06:00:00Z,active,2026-09-19T01:09:45.507057+00:00
KXHIGHCHI,KXHIGHCHI-26SEP18-B76.5,Highest temperature in Chicago,KMDW,2026-09-18,between,76.0,77.0,The Weather Company,https://weather.com/kalshi,0.0,0.01,0.99,1.0,12037.18,0.0,5540.64,0.0,2026-09-19T06:00:00Z,active,2026-09-19T01:09:45.507057+00:00
KXHIGHCHI,KXHIGHCHI-26SEP18-B74.5,Highest temperature in Chicago,KMDW,2026-09-18,between,74.0,75.0,The Weather Company,https://weather.com/kalshi,0.0,0.01,0.99,1.0,11151.18,0.0,16706.22,0.0,2026-09-19T06:00:00Z,active,2026-09-19T01:09:45.507057+00:00
KXHIGHCHI,KXHIGHCHI-26SEP18-B72.5,Highest temperature in Chicago,KMDW,2026-09-18,between,72.0,73.0,The Weather Company,https://weather.com/kalshi,0.99,1.0,0.0,0.01,0.0,14093.35,17324.98,0.0,2026-09-19T06:00:00Z,active,2026-09-19T01:09:45.507057+00:00
KXHIGHCHI,KXHIGHCHI-26SEP18-B70.5,Highest temperature in Chicago,KMDW,2026-09-18,between,70.0,71.0,The Weather Company,https://weather.com/kalshi,0.0,0.01,0.99,1.0,138865.28,0.0,34455.88,0.0,2026-09-19T06:00:00Z,active,2026-09-19T01:09:45.507057+00:00
KXLOWTLAX,KXLOWTLAX-26SEP19-T69,Lowest Temperature in LA,KLAX,2026-09-19,greater,69.0,,The Weather Company,https://weather.com/kalshi,0.0,0.02,0.98,1.0,43.0,0.0,258.0,0.0,2026-09-20T08:00:00Z,active,2026-09-19T01:09:45.507057+00:00
KXLOWTLAX,KXLOWTLAX-26SEP19-T62,Lowest Temperature in LA,KLAX,2026-09-19,less,,62.0,The Weather Company,https://weather.com/kalshi,0.0,0.03,0.97,1.0,143.0,0.0,90.27,0.0,2026-09-20T08:00:00Z,active,2026-09-19T01:09:45.507057+00:00
KXLOWTLAX,KXLOWTLAX-26SEP19-B68.5,Lowest Temperature in LA,KLAX,2026-09-19,between,68.0,69.0,The Weather Company,https://weather.com/kalshi,0.03,0.06,0.94,0.97,4.0,5.0,11.0,0.0,2026-09-20T08:00:00Z,active,2026-09-19T01:09:45.507057+00:00
KXLOWTLAX,KXLOWTLAX-26SEP19-B66.5,Lowest Temperature in LA,KLAX,2026-09-19,between,66.0,67.0,The Weather Company,https://weather.com/kalshi,0.39,0.47,0.53,0.61,5.0,29.82,194.0,0.0,2026-09-20T08:00:00Z,active,2026-09-19T01:09:45.507057+00:00
KXLOWTLAX,KXLOWTLAX-26SEP19-B64.5,Lowest Temperature in LA,KLAX,2026-09-19,between,64.0,65.0,The Weather Company,https://weather.com/kalshi,0.46,0.52,0.48,0.54,3.0,43.0,172.15,0.0,2026-09-20T08:00:00Z,active,2026-09-19T01:09:45.507057+00:00
KXLOWTLAX,KXLOWTLAX-26SEP19-B62.5,Lowest Temperature in LA,KLAX,2026-09-19,between,62.0,63.0,The Weather Company,https://weather.com/kalshi,0.04,0.07,0.93,0.96,5.0,1.0,336.29,0.0,2026-09-20T08:00:00Z,active,2026-09-19T01:09:45.507057+00:00
KXLOWTLAX,KXLOWTLAX-26SEP18-T66,Lowest Temperature in LA,KLAX,2026-09-18,greater,66.0,,The Weather Company,https://weather.com/kalshi,0.0,0.01,0.99,1.0,22166.22,0.0,2362.46,0.0,2026-09-19T08:00:00Z,active,2026-09-19T01:09:45.507057+00:00
KXLOWTLAX,KXLOWTLAX-26SEP18-T59,Lowest Temperature in LA,KLAX,2026-09-18,less,,59.0,The Weather Company,https://weather.com/kalshi,0.0,0.01,0.99,1.0,212.0,0.0,226.0,0.0,2026-09-19T08:00:00Z,active,2026-09-19T01:09:45.507057+00:00
KXLOWTLAX,KXLOWTLAX-26SEP18-B65.5,Lowest Temperature in LA,KLAX,2026-09-18,between,65.0,66.0,The Weather Company,https://weather.com/kalshi,0.98,0.99,0.01,0.02,198.78,198.0,1486.33,0.0,2026-09-19T08:00:00Z,active,2026-09-19T01:09:45.507057+00:00
KXLOWTLAX,KXLOWTLAX-26SEP18-B63.5,Lowest Temperature in LA,KLAX,2026-09-18,between,63.0,64.0,The Weather Company,https://weather.com/kalshi,0.01,0.02,0.98,0.99,150.0,165.61,3360.65,0.0,2026-09-19T08:00:00Z,active,2026-09-19T01:09:45.507057+00:00
KXLOWTLAX,KXLOWTLAX-26SEP18-B61.5,Lowest Temperature in LA,KLAX,2026-09-18,between,61.0,62.0,The Weather Company,https://weather.com/kalshi,0.0,0.01,0.99,1.0,4.0,0.0,1204.79,0.0,2026-09-19T08:00:00Z,active,2026-09-19T01:09:45.507057+00:00
KXLOWTLAX,KXLOWTLAX-26SEP18-B59.5,Lowest Temperature in LA,KLAX,2026-09-18,between,59.0,60.0,The Weather Company,https://weather.com/kalshi,0.0,0.01,0.99,1.0,9.0,0.0,382.54,0.0,2026-09-19T08:00:00Z,active,2026-09-19T01:09:45.507057+00:00
KXLOWTCHI,KXLOWTCHI-26SEP19-T64,Lowest Temperature Chicago,KMDW,2026-09-19,greater,64.0,,The Weather Company,https://weather.com/kalshi,0.38,0.45,0.55,0.62,4.8,125.63,245.36,0.0,2026-09-20T06:00:00Z,active,2026-09-19T01:09:45.507057+00:00
KXLOWTCHI,KXLOWTCHI-26SEP19-T57,Lowest Temperature Chicago,KMDW,2026-09-19,less,,57.0,The Weather Company,https://weather.com/kalshi,0.0,0.05,0.95,1.0,150.0,0.0,156.01,0.0,2026-09-20T06:00:00Z,active,2026-09-19T01:09:45.507057+00:00
KXLOWTCHI,KXLOWTCHI-26SEP19-B63.5,Lowest Temperature Chicago,KMDW,2026-09-19,between,63.0,64.0,The Weather Company,https://weather.com/kalshi,0.39,0.43,0.57,0.61,3.28,10.0,164.15,0.0,2026-09-20T06:00:00Z,active,2026-09-19T01:09:45.507057+00:00
KXLOWTCHI,KXLOWTCHI-26SEP19-B61.5,Lowest Temperature Chicago,KMDW,2026-09-19,between,61.0,62.0,The Weather Company,https://weather.com/kalshi,0.13,0.15,0.85,0.87,5.0,1.0,147.11,0.0,2026-09-20T06:00:00Z,active,2026-09-19T01:09:45.507057+00:00
KXLOWTCHI,KXLOWTCHI-26SEP19-B59.5,Lowest Temperature Chicago,KMDW,2026-09-19,between,59.0,60.0,The Weather Company,https://weather.com/kalshi,0.04,0.06,0.94,0.96,5.0,31.15,12.0,0.0,2026-09-20T06:00:00Z,active,2026-09-19T01:09:45.507057+00:00
KXLOWTCHI,KXLOWTCHI-26SEP19-B57.5,Lowest Temperature Chicago,KMDW,2026-09-19,between,57.0,58.0,The Weather Company,https://weather.com/kalshi,0.02,0.04,0.96,0.98,15.0,41.76,46.39,0.0,2026-09-20T06:00:00Z,active,2026-09-19T01:09:45.507057+00:00
KXLOWTCHI,KXLOWTCHI-26SEP18-T67,Lowest Temperature Chicago,KMDW,2026-09-18,greater,67.0,,The Weather Company,https://weather.com/kalshi,0.0,0.01,0.99,1.0,17395.67,0.0,884.51,0.0,2026-09-19T06:00:00Z,active,2026-09-19T01:09:45.507057+00:00
KXLOWTCHI,KXLOWTCHI-26SEP18-T60,Lowest Temperature Chicago,KMDW,2026-09-18,less,,60.0,The Weather Company,https://weather.com/kalshi,0.0,0.01,0.99,1.0,173.0,0.0,84.55,0.0,2026-09-19T06:00:00Z,active,2026-09-19T01:09:45.507057+00:00
KXLOWTCHI,KXLOWTCHI-26SEP18-B66.5,Lowest Temperature Chicago,KMDW,2026-09-18,between,66.0,67.0,The Weather Company,https://weather.com/kalshi,0.84,0.86,0.14,0.16,71.0,1.0,1372.21,0.0,2026-09-19T06:00:00Z,active,2026-09-19T01:09:45.507057+00:00
KXLOWTCHI,KXLOWTCHI-26SEP18-B64.5,Lowest Temperature Chicago,KMDW,2026-09-18,between,64.0,65.0,The Weather Company,https://weather.com/kalshi,0.16,0.2,0.8,0.84,8.0,60.0,582.49,0.0,2026-09-19T06:00:00Z,active,2026-09-19T01:09:45.507057+00:00
KXLOWTCHI,KXLOWTCHI-26SEP18-B62.5,Lowest Temperature Chicago,KMDW,2026-09-18,between,62.0,63.0,The Weather Company,https://weather.com/kalshi,0.0,0.11,0.89,1.0,4.0,0.0,337.82,0.0,2026-09-19T06:00:00Z,active,2026-09-19T01:09:45.507057+00:00
KXLOWTCHI,KXLOWTCHI-26SEP18-B60.5,Lowest Temperature Chicago,KMDW,2026-09-18,between,60.0,61.0,The Weather Company,https://weather.com/kalshi,0.0,0.05,0.95,1.0,9.0,0.0,224.78,0.0,2026-09-19T06:00:00Z,active,2026-09-19T01:09:45.507057+00:00
KXLOWTSATX,KXLOWTSATX-26SEP19-T76,Lowest Temperature SATX,KSAT,2026-09-19,greater,76.0,,The Weather Company,https://weather.com/kalshi,0.22,0.26,0.74,0.78,1.24,25.0,295.42,0.0,2026-09-20T06:00:00Z,active,2026-09-19T01:09:45.507057+00:00
KXLOWTSATX,KXLOWTSATX-26SEP19-T69,Lowest Temperature SATX,KSAT,2026-09-19,less,,69.0,The Weather Company,https://weather.com/kalshi,0.0,0.01,0.99,1.0,21.0,0.0,3.0,0.0,2026-09-20T06:00:00Z,active,2026-09-19T01:09:45.507057+00:00
KXLOWTSATX,KXLOWTSATX-26SEP19-B75.5,Lowest Temperature SATX,KSAT,2026-09-19,between,75.0,76.0,The Weather Company,https://weather.com/kalshi,0.44,0.51,0.49,0.56,4.53,55.0,10.0,0.0,2026-09-20T06:00:00Z,active,2026-09-19T01:09:45.507057+00:00
KXLOWTSATX,KXLOWTSATX-26SEP19-B73.5,Lowest Temperature SATX,KSAT,2026-09-19,between,73.0,74.0,The Weather Company,https://weather.com/kalshi,0.1,0.11,0.89,0.9,17.0,3.0,3.0,0.0,2026-09-20T06:00:00Z,active,2026-09-19T01:09:45.507057+00:00
KXLOWTSATX,KXLOWTSATX-26SEP19-B71.5,Lowest Temperature SATX,KSAT,2026-09-19,between,71.0,72.0,The Weather Company,https://weather.com/kalshi,0.02,0.05,0.95,0.98,0.06,13.0,24.0,0.0,2026-09-20T06:00:00Z,active,2026-09-19T01:09:45.507057+00:00
KXLOWTSATX,KXLOWTSATX-26SEP19-B69.5,Lowest Temperature SATX,KSAT,2026-09-19,between,69.0,70.0,The Weather Company,https://weather.com/kalshi,0.0,0.06,0.94,1.0,78.0,0.0,90.0,0.0,2026-09-20T06:00:00Z,active,2026-09-19T01:09:45.507057+00:00
KXLOWTSATX,KXLOWTSATX-26SEP18-T77,Lowest Temperature SATX,KSAT,2026-09-18,greater,77.0,,The Weather Company,https://weather.com/kalshi,0.0,0.01,0.99,1.0,17183.42,0.0,914.65,0.0,2026-09-19T06:00:00Z,active,2026-09-19T01:09:45.507057+00:00
KXLOWTSATX,KXLOWTSATX-26SEP18-T70,Lowest Temperature SATX,KSAT,2026-09-18,less,,70.0,The Weather Company,https://weather.com/kalshi,0.0,0.04,0.96,1.0,7.49,0.0,7.51,0.0,2026-09-19T06:00:00Z,active,2026-09-19T01:09:45.507057+00:00
KXLOWTSATX,KXLOWTSATX-26SEP18-B76.5,Lowest Temperature SATX,KSAT,2026-09-18,between,76.0,77.0,The Weather Company,https://weather.com/kalshi,0.9,0.95,0.05,0.1,99.0,1.0,1297.92,0.0,2026-09-19T06:00:00Z,active,2026-09-19T01:09:45.507057+00:00
KXLOWTSATX,KXLOWTSATX-26SEP18-B74.5,Lowest Temperature SATX,KSAT,2026-09-18,between,74.0,75.0,The Weather Company,https://weather.com/kalshi,0.02,0.13,0.87,0.98,2.0,10.0,1014.09,0.0,2026-09-19T06:00:00Z,active,2026-09-19T01:09:45.507057+00:00
KXLOWTSATX,KXLOWTSATX-26SEP18-B72.5,Lowest Temperature SATX,KSAT,2026-09-18,between,72.0,73.0,The Weather Company,https://weather.com/kalshi,0.0,0.03,0.97,1.0,60.0,0.0,211.55,0.0,2026-09-19T06:00:00Z,active,2026-09-19T01:09:45.507057+00:00
KXLOWTSATX,KXLOWTSATX-26SEP18-B70.5,Lowest Temperature SATX,KSAT,2026-09-18,between,70.0,71.0,The Weather Company,https://weather.com/kalshi,0.0,0.06,0.94,1.0,44.0,0.0,75.65,0.0,2026-09-19T06:00:00Z,active,2026-09-19T01:09:45.507057+00:00
KXLOWTSDF,KXLOWTSDF-26SEP19-T72,Lowest Temperature SDX,KSDF,2026-09-19,greater,72.0,,The Weather Company,https://weather.com/kalshi,0.55,0.73,0.27,0.45,5.0,5.0,20.18,0.0,2026-09-20T05:00:00Z,active,2026-09-19T01:09:45.507057+00:00
KXLOWTSDF,KXLOWTSDF-26SEP19-T65,Lowest Temperature SDX,KSDF,2026-09-19,less,,65.0,The Weather Company,https://weather.com/kalshi,0.0,0.1,0.9,1.0,25.0,0.0,24.0,0.0,2026-09-20T05:00:00Z,active,2026-09-19T01:09:45.507057+00:00
KXLOWTSDF,KXLOWTSDF-26SEP19-B71.5,Lowest Temperature SDX,KSDF,2026-09-19,between,71.0,72.0,The Weather Company,https://weather.com/kalshi,0.21,0.39,0.61,0.79,5.0,5.0,20.18,0.0,2026-09-20T05:00:00Z,active,2026-09-19T01:09:45.507057+00:00
KXLOWTSDF,KXLOWTSDF-26SEP19-B69.5,Lowest Temperature SDX,KSDF,2026-09-19,between,69.0,70.0,The Weather Company,https://weather.com/kalshi,0.02,0.13,0.87,0.98,25.0,74.82,5.18,0.0,2026-09-20T05:00:00Z,active,2026-09-19T01:09:45.507057+00:00
KXLOWTSDF,KXLOWTSDF-26SEP19-B67.5,Lowest Temperature SDX,KSDF,2026-09-19,between,67.0,68.0,The Weather Company,https://weather.com/kalshi,0.02,0.1,0.9,0.98,25.0,8.82,28.25,0.0,2026-09-20T05:00:00Z,active,2026-09-19T01:09:45.507057+00:00
KXLOWTSDF,KXLOWTSDF-26SEP19-B65.5,Lowest Temperature SDX,KSDF,2026-09-19,between,65.0,66.0,The Weather Company,https://weather.com/kalshi,0.02,0.1,0.9,0.98,25.0,8.82,40.45,0.0,2026-09-20T05:00:00Z,active,2026-09-19T01:09:45.507057+00:00
KXLOWTSDF,KXLOWTSDF-26SEP18-T76,Lowest Temperature SDX,KSDF,2026-09-18,greater,76.0,,The Weather Company,https://weather.com/kalshi,0.0,0.01,0.99,1.0,29.0,0.0,1092.0,0.0,2026-09-19T05:00:00Z,active,2026-09-19T01:09:45.507057+00:00
KXLOWTSDF,KXLOWTSDF-26SEP18-T69,Lowest Temperature SDX,KSDF,2026-09-18,less,,69.0,The Weather Company,https://weather.com/kalshi,0.0,0.15,0.85,1.0,79.0,0.0,22.0,0.0,2026-09-19T05:00:00Z,active,2026-09-19T01:09:45.507057+00:00
KXLOWTSDF,KXLOWTSDF-26SEP18-B75.5,Lowest Temperature SDX,KSDF,2026-09-18,between,75.0,76.0,The Weather Company,https://weather.com/kalshi,0.0,0.1,0.9,1.0,50.0,0.0,586.0,0.0,2026-09-19T05:00:00Z,active,2026-09-19T01:09:45.507057+00:00
KXLOWTSDF,KXLOWTSDF-26SEP18-B73.5,Lowest Temperature SDX,KSDF,2026-09-18,between,73.0,74.0,The Weather Company,https://weather.com/kalshi,0.93,0.95,0.05,0.07,1.0,31.0,396.0,0.0,2026-09-19T05:00:00Z,active,2026-09-19T01:09:45.507057+00:00
KXLOWTSDF,KXLOWTSDF-26SEP18-B71.5,Lowest Temperature SDX,KSDF,2026-09-18,between,71.0,72.0,The Weather Company,https://weather.com/kalshi,0.02,0.09,0.91,0.98,90.0,1.0,106.61,0.0,2026-09-19T05:00:00Z,active,2026-09-19T01:09:45.507057+00:00
KXLOWTSDF,KXLOWTSDF-26SEP18-B69.5,Lowest Temperature SDX,KSDF,2026-09-18,between,69.0,70.0,The Weather Company,https://weather.com/kalshi,0.0,0.08,0.92,1.0,79.0,0.0,98.4,0.0,2026-09-19T05:00:00Z,active,2026-09-19T01:09:45.507057+00:00
KXHIGHPHIL,KXHIGHPHIL-26SEP19-T81,Highest temperature in Philadelphia,KPHL,2026-09-19,greater,81.0,,The Weather Company,https://weather.com/kalshi,0.01,0.02,0.98,0.99,11.04,58.0,748.89,0.0,2026-09-20T05:00:00Z,active,2026-09-19T01:09:45.507057+00:00
KXHIGHPHIL,KXHIGHPHIL-26SEP19-T74,Highest temperature in Philadelphia,KPHL,2026-09-19,less,,74.0,The Weather Company,https://weather.com/kalshi,0.03,0.04,0.96,0.97,12.0,439.71,108.12,0.0,2026-09-20T05:00:00Z,active,2026-09-19T01:09:45.507057+00:00
KXHIGHPHIL,KXHIGHPHIL-26SEP19-B80.5,Highest temperature in Philadelphia,KPHL,2026-09-19,between,80.0,81.0,The Weather Company,https://weather.com/kalshi,0.04,0.07,0.93,0.96,20.84,217.0,567.63,0.0,2026-09-20T05:00:00Z,active,2026-09-19T01:09:45.507057+00:00
KXHIGHPHIL,KXHIGHPHIL-26SEP19-B78.5,Highest temperature in Philadelphia,KPHL,2026-09-19,between,78.0,79.0,The Weather Company,https://weather.com/kalshi,0.25,0.3,0.7,0.75,6.03,131.0,294.33,0.0,2026-09-20T05:00:00Z,active,2026-09-19T01:09:45.507057+00:00
KXHIGHPHIL,KXHIGHPHIL-26SEP19-B76.5,Highest temperature in Philadelphia,KPHL,2026-09-19,between,76.0,77.0,The Weather Company,https://weather.com/kalshi,0.49,0.52,0.48,0.51,15.0,6.0,316.54,0.0,2026-09-20T05:00:00Z,active,2026-09-19T01:09:45.507057+00:00
KXHIGHPHIL,KXHIGHPHIL-26SEP19-B74.5,Highest temperature in Philadelphia,KPHL,2026-09-19,between,74.0,75.0,The Weather Company,https://weather.com/kalshi,0.1,0.11,0.89,0.9,1.0,21.0,283.61,0.0,2026-09-20T05:00:00Z,active,2026-09-19T01:09:45.507057+00:00
KXHIGHPHIL,KXHIGHPHIL-26SEP18-T88,Highest temperature in Philadelphia,KPHL,2026-09-18,greater,88.0,,The Weather Company,https://weather.com/kalshi,0.0,0.01,0.99,1.0,11925.94,0.0,3989.6,0.0,2026-09-19T05:00:00Z,active,2026-09-19T01:09:45.507057+00:00
KXHIGHPHIL,KXHIGHPHIL-26SEP18-T81,Highest temperature in Philadelphia,KPHL,2026-09-18,less,,81.0,The Weather Company,https://weather.com/kalshi,0.0,0.01,0.99,1.0,103623.47,0.0,1884.76,0.0,2026-09-19T05:00:00Z,active,2026-09-19T01:09:45.507057+00:00
KXHIGHPHIL,KXHIGHPHIL-26SEP18-B87.5,Highest temperature in Philadelphia,KPHL,2026-09-18,between,87.0,88.0,The Weather Company,https://weather.com/kalshi,0.99,1.0,0.0,0.01,0.0,16286.8,7570.57,0.0,2026-09-19T05:00:00Z,active,2026-09-19T01:09:45.507057+00:00
KXHIGHPHIL,KXHIGHPHIL-26SEP18-B85.5,Highest temperature in Philadelphia,KPHL,2026-09-18,between,85.0,86.0,The Weather Company,https://weather.com/kalshi,0.0,0.01,0.99,1.0,36193.66,0.0,42369.69,0.0,2026-09-19T05:00:00Z,active,2026-09-19T01:09:45.507057+00:00
KXHIGHPHIL,KXHIGHPHIL-26SEP18-B83.5,Highest temperature in Philadelphia,KPHL,2026-09-18,between,83.0,84.0,The Weather Company,https://weather.com/kalshi,0.0,0.01,0.99,1.0,101393.9,0.0,8953.07,0.0,2026-09-19T05:00:00Z,active,2026-09-19T01:09:45.507057+00:00
KXHIGHPHIL,KXHIGHPHIL-26SEP18-B81.5,Highest temperature in Philadelphia,KPHL,2026-09-18,between,81.0,82.0,The Weather Company,https://weather.com/kalshi,0.0,0.01,0.99,1.0,101612.2,0.0,4396.31,0.0,2026-09-19T05:00:00Z,active,2026-09-19T01:09:45.507057+00:00
KXHIGHTSFO,KXHIGHTSFO-26SEP19-T77,San Francisco High Temperature Daily,KSFO,2026-09-19,greater,77.0,,The Weather Company,https://weather.com/kalshi,0.01,0.02,0.98,0.99,74.58,523.2,315.86,0.0,2026-09-20T08:00:00Z,active,2026-09-19T01:09:45.507057+00:00
KXHIGHTSFO,KXHIGHTSFO-26SEP19-T70,San Francisco High Temperature Daily,KSFO,2026-09-19,less,,70.0,The Weather Company,https://weather.com/kalshi,0.12,0.14,0.86,0.88,42.0,233.13,509.04,0.0,2026-09-20T08:00:00Z,active,2026-09-19T01:09:45.507057+00:00
KXHIGHTSFO,KXHIGHTSFO-26SEP19-B76.5,San Francisco High Temperature Daily,KSFO,2026-09-19,between,76.0,77.0,The Weather Company,https://weather.com/kalshi,0.04,0.05,0.95,0.96,13.62,221.0,192.44,0.0,2026-09-20T08:00:00Z,active,2026-09-19T01:09:45.507057+00:00
KXHIGHTSFO,KXHIGHTSFO-26SEP19-B74.5,San Francisco High Temperature Daily,KSFO,2026-09-19,between,74.0,75.0,The Weather Company,https://weather.com/kalshi,0.17,0.19,0.81,0.83,94.79,30.0,48.0,0.0,2026-09-20T08:00:00Z,active,2026-09-19T01:09:45.507057+00:00
KXHIGHTSFO,KXHIGHTSFO-26SEP19-B72.5,San Francisco High Temperature Daily,KSFO,2026-09-19,between,72.0,73.0,The Weather Company,https://weather.com/kalshi,0.36,0.37,0.63,0.64,46.0,55.0,248.45,0.0,2026-09-20T08:00:00Z,active,2026-09-19T01:09:45.507057+00:00
KXHIGHTSFO,KXHIGHTSFO-26SEP19-B70.5,San Francisco High Temperature Daily,KSFO,2026-09-19,between,70.0,71.0,The Weather Company,https://weather.com/kalshi,0.27,0.28,0.72,0.73,49.0,123.0,75.92,0.0,2026-09-20T08:00:00Z,active,2026-09-19T01:09:45.507057+00:00
KXHIGHTSFO,KXHIGHTSFO-26SEP18-T76,San Francisco High Temperature Daily,KSFO,2026-09-18,greater,76.0,,The Weather Company,https://weather.com/kalshi,0.0,0.01,0.99,1.0,17841.59,0.0,1273.77,0.0,2026-09-19T08:00:00Z,active,2026-09-19T01:09:45.507057+00:00
KXHIGHTSFO,KXHIGHTSFO-26SEP18-T69,San Francisco High Temperature Daily,KSFO,2026-09-18,less,,69.0,The Weather Company,https://weather.com/kalshi,0.0,0.01,0.99,1.0,124111.49,0.0,8471.87,0.0,2026-09-19T08:00:00Z,active,2026-09-19T01:09:45.507057+00:00
KXHIGHTSFO,KXHIGHTSFO-26SEP18-B75.5,San Francisco High Temperature Daily,KSFO,2026-09-18,between,75.0,76.0,The Weather Company,https://weather.com/kalshi,0.0,0.01,0.99,1.0,25900.79,0.0,1098.22,0.0,2026-09-19T08:00:00Z,active,2026-09-19T01:09:45.507057+00:00
KXHIGHTSFO,KXHIGHTSFO-26SEP18-B73.5,San Francisco High Temperature Daily,KSFO,2026-09-18,between,73.0,74.0,The Weather Company,https://weather.com/kalshi,0.0,0.01,0.99,1.0,20026.84,0.0,2990.79,0.0,2026-09-19T08:00:00Z,active,2026-09-19T01:09:45.507057+00:00
KXHIGHTSFO,KXHIGHTSFO-26SEP18-B71.5,San Francisco High Temperature Daily,KSFO,2026-09-18,between,71.0,72.0,The Weather Company,https://weather.com/kalshi,0.0,0.01,0.99,1.0,17205.69,0.0,6611.95,0.0,2026-09-19T08:00:00Z,active,2026-09-19T01:09:45.507057+00:00
KXHIGHTSFO,KXHIGHTSFO-26SEP18-B69.5,San Francisco High Temperature Daily,KSFO,2026-09-18,between,69.0,70.0,The Weather Company,https://weather.com/kalshi,0.99,1.0,0.0,0.01,0.0,15489.27,7504.31,0.0,2026-09-19T08:00:00Z,active,2026-09-19T01:09:45.507057+00:00
KXHIGHTNOLA,KXHIGHTNOLA-26SEP19-T97,New Orleans Max temp Daily,KMSY,2026-09-19,greater,97.0,,The Weather Company,https://weather.com/kalshi,0.0,0.01,0.99,1.0,58.0,0.0,153.46,0.0,2026-09-20T06:00:00Z,active,2026-09-19T01:09:45.507057+00:00
KXHIGHTNOLA,KXHIGHTNOLA-26SEP19-T90,New Orleans Max temp Daily,KMSY,2026-09-19,less,,90.0,The Weather Company,https://weather.com/kalshi,0.01,0.03,0.97,0.99,43.63,739.0,243.43,0.0,2026-09-20T06:00:00Z,active,2026-09-19T01:09:45.507057+00:00
KXHIGHTNOLA,KXHIGHTNOLA-26SEP19-B96.5,New Orleans Max temp Daily,KMSY,2026-09-19,between,96.0,97.0,The Weather Company,https://weather.com/kalshi,0.01,0.02,0.98,0.99,62.0,675.2,243.39,0.0,2026-09-20T06:00:00Z,active,2026-09-19T01:09:45.507057+00:00
KXHIGHTNOLA,KXHIGHTNOLA-26SEP19-B94.5,New Orleans Max temp Daily,KMSY,2026-09-19,between,94.0,95.0,The Weather Company,https://weather.com/kalshi,0.18,0.21,0.79,0.82,18.26,150.0,116.0,0.0,2026-09-20T06:00:00Z,active,2026-09-19T01:09:45.507057+00:00
KXHIGHTNOLA,KXHIGHTNOLA-26SEP19-B92.5,New Orleans Max temp Daily,KMSY,2026-09-19,between,92.0,93.0,The Weather Company,https://weather.com/kalshi,0.58,0.6,0.4,0.42,25.0,5.18,111.87,0.0,2026-09-20T06:00:00Z,active,2026-09-19T01:09:45.507057+00:00
KXHIGHTNOLA,KXHIGHTNOLA-26SEP19-B90.5,New Orleans Max temp Daily,KMSY,2026-09-19,between,90.0,91.0,The Weather Company,https://weather.com/kalshi,0.13,0.14,0.86,0.87,2.0,83.02,144.8,0.0,2026-09-20T06:00:00Z,active,2026-09-19T01:09:45.507057+00:00
KXHIGHTNOLA,KXHIGHTNOLA-26SEP18-T95,New Orleans Max temp Daily,KMSY,2026-09-18,greater,95.0,,The Weather Company,https://weather.com/kalshi,0.0,0.01,0.99,1.0,19793.8,0.0,287.0,0.0,2026-09-19T06:00:00Z,active,2026-09-19T01:09:45.507057+00:00
KXHIGHTNOLA,KXHIGHTNOLA-26SEP18-T88,New Orleans Max temp Daily,KMSY,2026-09-18,less,,88.0,The Weather Company,https://weather.com/kalshi,0.0,0.01,0.99,1.0,147606.15,0.0,984.42,0.0,2026-09-19T06:00:00Z,active,2026-09-19T01:09:45.507057+00:00
KXHIGHTNOLA,KXHIGHTNOLA-26SEP18-B94.5,New Orleans Max temp Daily,KMSY,2026-09-18,between,94.0,95.0,The Weather Company,https://weather.com/kalshi,0.0,0.01,0.99,1.0,11999.0,0.0,1706.46,0.0,2026-09-19T06:00:00Z,active,2026-09-19T01:09:45.507057+00:00
KXHIGHTNOLA,KXHIGHTNOLA-26SEP18-B92.5,New Orleans Max temp Daily,KMSY,2026-09-18,between,92.0,93.0,The Weather Company,https://weather.com/kalshi,0.0,0.01,0.99,1.0,7557.0,0.0,1851.73,0.0,2026-09-19T06:00:00Z,active,2026-09-19T01:09:45.507057+00:00
KXHIGHTNOLA,KXHIGHTNOLA-26SEP18-B90.5,New Orleans Max temp Daily,KMSY,2026-09-18,between,90.0,91.0,The Weather Company,https://weather.com/kalshi,0.99,1.0,0.0,0.01,0.0,7692.46,2457.87,0.0,2026-09-19T06:00:00Z,active,2026-09-19T01:09:45.507057+00:00
KXHIGHTNOLA,KXHIGHTNOLA-26SEP18-B88.5,New Orleans Max temp Daily,KMSY,2026-09-18,between,88.0,89.0,The Weather Company,https://weather.com/kalshi,0.0,0.01,0.99,1.0,86758.12,0.0,1064.53,0.0,2026-09-19T06:00:00Z,active,2026-09-19T01:09:45.507057+00:00
KXHIGHTSDF,KXHIGHTSDF-26SEP19-T98,HIGHEST Temperature SATX,KSDF,2026-09-19,greater,98.0,,The Weather Company,https://weather.com/kalshi,0.0,0.1,0.9,1.0,25.0,0.0,0.0,0.0,2026-09-20T05:00:00Z,active,2026-09-19T01:09:45.507057+00:00
KXHIGHTSDF,KXHIGHTSDF-26SEP19-T91,HIGHEST Temperature SATX,KSDF,2026-09-19,less,,91.0,The Weather Company,https://weather.com/kalshi,0.02,0.1,0.9,0.98,25.0,8.63,20.37,0.0,2026-09-20T05:00:00Z,active,2026-09-19T01:09:45.507057+00:00
KXHIGHTSDF,KXHIGHTSDF-26SEP19-B97.5,HIGHEST Temperature SATX,KSDF,2026-09-19,between,97.0,98.0,The Weather Company,https://weather.com/kalshi,0.09,0.19,0.81,0.91,25.0,218.82,10.18,0.0,2026-09-20T05:00:00Z,active,2026-09-19T01:09:45.507057+00:00
KXHIGHTSDF,KXHIGHTSDF-26SEP19-B95.5,HIGHEST Temperature SATX,KSDF,2026-09-19,between,95.0,96.0,The Weather Company,https://weather.com/kalshi,0.53,0.71,0.29,0.47,7.01,2.99,2.01,0.0,2026-09-20T05:00:00Z,active,2026-09-19T01:09:45.507057+00:00
KXHIGHTSDF,KXHIGHTSDF-26SEP19-B93.5,HIGHEST Temperature SATX,KSDF,2026-09-19,between,93.0,94.0,The Weather Company,https://weather.com/kalshi,0.18,0.31,0.69,0.82,10.0,25.0,80.0,0.0,2026-09-20T05:00:00Z,active,2026-09-19T01:09:45.507057+00:00
KXHIGHTSDF,KXHIGHTSDF-26SEP19-B91.5,HIGHEST Temperature SATX,KSDF,2026-09-19,between,91.0,92.0,The Weather Company,https://weather.com/kalshi,0.02,0.11,0.89,0.98,25.0,47.0,0.0,0.0,2026-09-20T05:00:00Z,active,2026-09-19T01:09:45.507057+00:00
KXHIGHTSDF,KXHIGHTSDF-26SEP18-T97,HIGHEST Temperature SATX,KSDF,2026-09-18,greater,97.0,,The Weather Company,https://weather.com/kalshi,0.0,0.01,0.99,1.0,2500.31,0.0,47.0,0.0,2026-09-19T05:00:00Z,active,2026-09-19T01:09:45.507057+00:00
KXHIGHTSDF,KXHIGHTSDF-26SEP18-T90,HIGHEST Temperature SATX,KSDF,2026-09-18,less,,90.0,The Weather Company,https://weather.com/kalshi,0.0,0.01,0.99,1.0,550.47,0.0,30.8,0.0,2026-09-19T05:00:00Z,active,2026-09-19T01:09:45.507057+00:00
KXHIGHTSDF,KXHIGHTSDF-26SEP18-B96.5,HIGHEST Temperature SATX,KSDF,2026-09-18,between,96.0,97.0,The Weather Company,https://weather.com/kalshi,0.0,0.01,0.99,1.0,2514.0,0.0,441.8,0.0,2026-09-19T05:00:00Z,active,2026-09-19T01:09:45.507057+00:00
KXHIGHTSDF,KXHIGHTSDF-26SEP18-B94.5,HIGHEST Temperature SATX,KSDF,2026-09-18,between,94.0,95.0,The Weather Company,https://weather.com/kalshi,0.0,0.01,0.99,1.0,2500.0,0.0,372.26,0.0,2026-09-19T05:00:00Z,active,2026-09-19T01:09:45.507057+00:00
KXHIGHTSDF,KXHIGHTSDF-26SEP18-B92.5,HIGHEST Temperature SATX,KSDF,2026-09-18,between,92.0,93.0,The Weather Company,https://weather.com/kalshi,0.99,1.0,0.0,0.01,0.0,2222.18,1461.46,0.0,2026-09-19T05:00:00Z,active,2026-09-19T01:09:45.507057+00:00
KXHIGHTSDF,KXHIGHTSDF-26SEP18-B90.5,HIGHEST Temperature SATX,KSDF,2026-09-18,between,90.0,91.0,The Weather Company,https://weather.com/kalshi,0.0,0.01,0.99,1.0,544.0,0.0,91.71,0.0,2026-09-19T05:00:00Z,active,2026-09-19T01:09:45.507057+00:00
KXHIGHTEWR,KXHIGHTEWR-26SEP19-T77,"Newark, NJ (EWR) Daily Max Temp",KEWR,2026-09-19,greater,77.0,,The Weather Company,https://weather.com/kalshi,0.01,0.02,0.98,0.99,6.0,4.77,25.23,0.0,2026-09-20T05:00:00Z,active,2026-09-19T01:09:45.507057+00:00
KXHIGHTEWR,KXHIGHTEWR-26SEP19-T70,"Newark, NJ (EWR) Daily Max Temp",KEWR,2026-09-19,less,,70.0,The Weather Company,https://weather.com/kalshi,0.08,0.17,0.83,0.92,55.0,229.0,15.58,0.0,2026-09-20T05:00:00Z,active,2026-09-19T01:09:45.507057+00:00
KXHIGHTEWR,KXHIGHTEWR-26SEP19-B76.5,"Newark, NJ (EWR) Daily Max Temp",KEWR,2026-09-19,between,76.0,77.0,The Weather Company,https://weather.com/kalshi,0.05,0.14,0.86,0.95,55.0,18.62,11.38,0.0,2026-09-20T05:00:00Z,active,2026-09-19T01:09:45.507057+00:00
KXHIGHTEWR,KXHIGHTEWR-26SEP19-B74.5,"Newark, NJ (EWR) Daily Max Temp",KEWR,2026-09-19,between,74.0,75.0,The Weather Company,https://weather.com/kalshi,0.13,0.31,0.69,0.87,5.0,5.0,0.0,0.0,2026-09-20T05:00:00Z,active,2026-09-19T01:09:45.507057+00:00
KXHIGHTEWR,KXHIGHTEWR-26SEP19-B72.5,"Newark, NJ (EWR) Daily Max Temp",KEWR,2026-09-19,between,72.0,73.0,The Weather Company,https://weather.com/kalshi,0.3,0.48,0.52,0.7,3.03,6.97,1.97,0.0,2026-09-20T05:00:00Z,active,2026-09-19T01:09:45.507057+00:00
KXHIGHTEWR,KXHIGHTEWR-26SEP19-B70.5,"Newark, NJ (EWR) Daily Max Temp",KEWR,2026-09-19,between,70.0,71.0,The Weather Company,https://weather.com/kalshi,0.16,0.27,0.73,0.84,5.0,57.0,59.0,0.0,2026-09-20T05:00:00Z,active,2026-09-19T01:09:45.507057+00:00
KXHIGHTEWR,KXHIGHTEWR-26SEP18-T87,"Newark, NJ (EWR) Daily Max Temp",KEWR,2026-09-18,greater,87.0,,The Weather Company,https://weather.com/kalshi,0.0,0.01,0.99,1.0,2500.0,0.0,170.0,0.0,2026-09-19T05:00:00Z,active,2026-09-19T01:09:45.507057+00:00
KXHIGHTEWR,KXHIGHTEWR-26SEP18-T80,"Newark, NJ (EWR) Daily Max Temp",KEWR,2026-09-18,less,,80.0,The Weather Company,https://weather.com/kalshi,0.0,0.01,0.99,1.0,8726.29,0.0,57.15,0.0,2026-09-19T05:00:00Z,active,2026-09-19T01:09:45.507057+00:00
KXHIGHTEWR,KXHIGHTEWR-26SEP18-B86.5,"Newark, NJ (EWR) Daily Max Temp",KEWR,2026-09-18,between,86.0,87.0,The Weather Company,https://weather.com/kalshi,0.0,0.01,0.99,1.0,188.0,0.0,178.09,0.0,2026-09-19T05:00:00Z,active,2026-09-19T01:09:45.507057+00:00
KXHIGHTEWR,KXHIGHTEWR-26SEP18-B84.5,"Newark, NJ (EWR) Daily Max Temp",KEWR,2026-09-18,between,84.0,85.0,The Weather Company,https://weather.com/kalshi,0.99,1.0,0.0,0.01,0.0,1246.0,1041.84,0.0,2026-09-19T05:00:00Z,active,2026-09-19T01:09:45.507057+00:00
KXHIGHTEWR,KXHIGHTEWR-26SEP18-B82.5,"Newark, NJ (EWR) Daily Max Temp",KEWR,2026-09-18,between,82.0,83.0,The Weather Company,https://weather.com/kalshi,0.0,0.01,0.99,1.0,8414.0,0.0,824.84,0.0,2026-09-19T05:00:00Z,active,2026-09-19T01:09:45.507057+00:00
KXHIGHTEWR,KXHIGHTEWR-26SEP18-B80.5,"Newark, NJ (EWR) Daily Max Temp",KEWR,2026-09-18,between,80.0,81.0,The Weather Company,https://weather.com/kalshi,0.0,0.01,0.99,1.0,8699.0,0.0,70.05,0.0,2026-09-19T05:00:00Z,active,2026-09-19T01:09:45.507057+00:00
KXHIGHTDC,KXHIGHTDC-26SEP19-T84,Washington DC Daily Max Temp,KDCA,2026-09-19,greater,84.0,,The Weather Company,https://weather.com/kalshi,0.0,0.02,0.98,1.0,408.0,0.0,190.33,0.0,2026-09-20T05:00:00Z,active,2026-09-19T01:09:45.507057+00:00
KXHIGHTDC,KXHIGHTDC-26SEP19-T77,Washington DC Daily Max Temp,KDCA,2026-09-19,less,,77.0,The Weather Company,https://weather.com/kalshi,0.06,0.08,0.92,0.94,13.41,40.0,42.47,0.0,2026-09-20T05:00:00Z,active,2026-09-19T01:09:45.507057+00:00
KXHIGHTDC,KXHIGHTDC-26SEP19-B83.5,Washington DC Daily Max Temp,KDCA,2026-09-19,between,83.0,84.0,The Weather Company,https://weather.com/kalshi,0.03,0.04,0.96,0.97,65.01,126.23,187.42,0.0,2026-09-20T05:00:00Z,active,2026-09-19T01:09:45.507057+00:00
KXHIGHTDC,KXHIGHTDC-26SEP19-B81.5,Washington DC Daily Max Temp,KDCA,2026-09-19,between,81.0,82.0,The Weather Company,https://weather.com/kalshi,0.23,0.25,0.75,0.77,3.41,29.01,28.35,0.0,2026-09-20T05:00:00Z,active,2026-09-19T01:09:45.507057+00:00
KXHIGHTDC,KXHIGHTDC-26SEP19-B79.5,Washington DC Daily Max Temp,KDCA,2026-09-19,between,79.0,80.0,The Weather Company,https://weather.com/kalshi,0.45,0.46,0.54,0.55,27.0,48.77,311.34,0.0,2026-09-20T05:00:00Z,active,2026-09-19T01:09:45.507057+00:00
KXHIGHTDC,KXHIGHTDC-26SEP19-B77.5,Washington DC Daily Max Temp,KDCA,2026-09-19,between,77.0,78.0,The Weather Company,https://weather.com/kalshi,0.2,0.21,0.79,0.8,55.73,18.0,39.31,0.0,2026-09-20T05:00:00Z,active,2026-09-19T01:09:45.507057+00:00
KXHIGHTDC,KXHIGHTDC-26SEP18-T90,Washington DC Daily Max Temp,KDCA,2026-09-18,greater,90.0,,The Weather Company,https://weather.com/kalshi,0.0,0.01,0.99,1.0,12255.73,0.0,2495.96,0.0,2026-09-19T05:00:00Z,active,2026-09-19T01:09:45.507057+00:00
KXHIGHTDC,KXHIGHTDC-26SEP18-T83,Washington DC Daily Max Temp,KDCA,2026-09-18,less,,83.0,The Weather Company,https://weather.com/kalshi,0.0,0.01,0.99,1.0,85612.72,0.0,1636.68,0.0,2026-09-19T05:00:00Z,active,2026-09-19T01:09:45.507057+00:00
KXHIGHTDC,KXHIGHTDC-26SEP18-B89.5,Washington DC Daily Max Temp,KDCA,2026-09-18,between,89.0,90.0,The Weather Company,https://weather.com/kalshi,0.0,0.01,0.99,1.0,9570.4,0.0,4115.85,0.0,2026-09-19T05:00:00Z,active,2026-09-19T01:09:45.507057+00:00
KXHIGHTDC,KXHIGHTDC-26SEP18-B87.5,Washington DC Daily Max Temp,KDCA,2026-09-18,between,87.0,88.0,The Weather Company,https://weather.com/kalshi,0.99,1.0,0.0,0.01,0.0,10818.39,6948.76,0.0,2026-09-19T05:00:00Z,active,2026-09-19T01:09:45.507057+00:00
KXHIGHTDC,KXHIGHTDC-26SEP18-B85.5,Washington DC Daily Max Temp,KDCA,2026-09-18,between,85.0,86.0,The Weather Company,https://weather.com/kalshi,0.0,0.01,0.99,1.0,89665.3,0.0,12206.86,0.0,2026-09-19T05:00:00Z,active,2026-09-19T01:09:45.507057+00:00
KXHIGHTDC,KXHIGHTDC-26SEP18-B83.5,Washington DC Daily Max Temp,KDCA,2026-09-18,between,83.0,84.0,The Weather Company,https://weather.com/kalshi,0.0,0.01,0.99,1.0,85115.73,0.0,1861.05,0.0,2026-09-19T05:00:00Z,active,2026-09-19T01:09:45.507057+00:00
KXHIGHTBOS,KXHIGHTBOS-26SEP19-T68,Boston Maximum Daily Temperature,KBOS,2026-09-19,greater,68.0,,The Weather Company,https://weather.com/kalshi,0.01,0.02,0.98,0.99,414.88,34.65,506.98,0.0,2026-09-20T05:00:00Z,active,2026-09-19T01:09:45.507057+00:00
KXHIGHTBOS,KXHIGHTBOS-26SEP19-T61,Boston Maximum Daily Temperature,KBOS,2026-09-19,less,,61.0,The Weather Company,https://weather.com/kalshi,0.02,0.04,0.96,0.98,15.0,299.0,322.19,0.0,2026-09-20T05:00:00Z,active,2026-09-19T01:09:45.507057+00:00
KXHIGHTBOS,KXHIGHTBOS-26SEP19-B67.5,Boston Maximum Daily Temperature,KBOS,2026-09-19,between,67.0,68.0,The Weather Company,https://weather.com/kalshi,0.03,0.04,0.96,0.97,16.0,21.98,97.2,0.0,2026-09-20T05:00:00Z,active,2026-09-19T01:09:45.507057+00:00
KXHIGHTBOS,KXHIGHTBOS-26SEP19-B65.5,Boston Maximum Daily Temperature,KBOS,2026-09-19,between,65.0,66.0,The Weather Company,https://weather.com/kalshi,0.13,0.14,0.86,0.87,1.0,18.0,13.0,0.0,2026-09-20T05:00:00Z,active,2026-09-19T01:09:45.507057+00:00
KXHIGHTBOS,KXHIGHTBOS-26SEP19-B63.5,Boston Maximum Daily Temperature,KBOS,2026-09-19,between,63.0,64.0,The Weather Company,https://weather.com/kalshi,0.54,0.55,0.45,0.46,15.0,87.57,360.01,0.0,2026-09-20T05:00:00Z,active,2026-09-19T01:09:45.507057+00:00
KXHIGHTBOS,KXHIGHTBOS-26SEP19-B61.5,Boston Maximum Daily Temperature,KBOS,2026-09-19,between,61.0,62.0,The Weather Company,https://weather.com/kalshi,0.21,0.23,0.77,0.79,54.0,31.0,161.98,0.0,2026-09-20T05:00:00Z,active,2026-09-19T01:09:45.507057+00:00
KXHIGHTBOS,KXHIGHTBOS-26SEP18-T81,Boston Maximum Daily Temperature,KBOS,2026-09-18,greater,81.0,,The Weather Company,https://weather.com/kalshi,0.0,0.01,0.99,1.0,8157.87,0.0,6198.83,0.0,2026-09-19T05:00:00Z,active,2026-09-19T01:09:45.507057+00:00
KXHIGHTBOS,KXHIGHTBOS-26SEP18-T74,Boston Maximum Daily Temperature,KBOS,2026-09-18,less,,74.0,The Weather Company,https://weather.com/kalshi,0.0,0.01,0.99,1.0,104228.82,0.0,881.47,0.0,2026-09-19T05:00:00Z,active,2026-09-19T01:09:45.507057+00:00
KXHIGHTBOS,KXHIGHTBOS-26SEP18-B80.5,Boston Maximum Daily Temperature,KBOS,2026-09-18,between,80.0,81.0,The Weather Company,https://weather.com/kalshi,0.99,1.0,0.0,0.01,0.0,11114.7,5779.55,0.0,2026-09-19T05:00:00Z,active,2026-09-19T01:09:45.507057+00:00
KXHIGHTBOS,KXHIGHTBOS-26SEP18-B78.5,Boston Maximum Daily Temperature,KBOS,2026-09-18,between,78.0,79.0,The Weather Company,https://weather.com/kalshi,0.0,0.01,0.99,1.0,134392.68,0.0,5126.64,0.0,2026-09-19T05:00:00Z,active,2026-09-19T01:09:45.507057+00:00
KXHIGHTBOS,KXHIGHTBOS-26SEP18-B76.5,Boston Maximum Daily Temperature,KBOS,2026-09-18,between,76.0,77.0,The Weather Company,https://weather.com/kalshi,0.0,0.01,0.99,1.0,116458.78,0.0,4043.93,0.0,2026-09-19T05:00:00Z,active,2026-09-19T01:09:45.507057+00:00
KXHIGHTBOS,KXHIGHTBOS-26SEP18-B74.5,Boston Maximum Daily Temperature,KBOS,2026-09-18,between,74.0,75.0,The Weather Company,https://weather.com/kalshi,0.0,0.01,0.99,1.0,109820.0,0.0,1341.77,0.0,2026-09-19T05:00:00Z,active,2026-09-19T01:09:45.507057+00:00
KXHIGHDEN,KXHIGHDEN-26SEP19-T80,Highest temperature in Denver,KDEN,2026-09-19,greater,80.0,,The Weather Company,https://weather.com/kalshi,0.11,0.12,0.88,0.89,40.37,43.31,306.95,0.0,2026-09-20T07:00:00Z,active,2026-09-19T01:09:45.507057+00:00
KXHIGHDEN,KXHIGHDEN-26SEP19-T73,Highest temperature in Denver,KDEN,2026-09-19,less,,73.0,The Weather Company,https://weather.com/kalshi,0.01,0.03,0.97,0.99,283.0,764.33,1114.75,0.0,2026-09-20T07:00:00Z,active,2026-09-19T01:09:45.507057+00:00
KXHIGHDEN,KXHIGHDEN-26SEP19-B79.5,Highest temperature in Denver,KDEN,2026-09-19,between,79.0,80.0,The Weather Company,https://weather.com/kalshi,0.31,0.32,0.68,0.69,26.0,178.0,788.14,0.0,2026-09-20T07:00:00Z,active,2026-09-19T01:09:45.507057+00:00
KXHIGHDEN,KXHIGHDEN-26SEP19-B77.5,Highest temperature in Denver,KDEN,2026-09-19,between,77.0,78.0,The Weather Company,https://weather.com/kalshi,0.33,0.34,0.66,0.67,4.0,42.1,159.61,0.0,2026-09-20T07:00:00Z,active,2026-09-19T01:09:45.507057+00:00
KXHIGHDEN,KXHIGHDEN-26SEP19-B75.5,Highest temperature in Denver,KDEN,2026-09-19,between,75.0,76.0,The Weather Company,https://weather.com/kalshi,0.15,0.17,0.83,0.85,5.87,165.0,286.0,0.0,2026-09-20T07:00:00Z,active,2026-09-19T01:09:45.507057+00:00
KXHIGHDEN,KXHIGHDEN-26SEP19-B73.5,Highest temperature in Denver,KDEN,2026-09-19,between,73.0,74.0,The Weather Company,https://weather.com/kalshi,0.03,0.04,0.96,0.97,6.01,371.0,605.57,0.0,2026-09-20T07:00:00Z,active,2026-09-19T01:09:45.507057+00:00
KXHIGHDEN,KXHIGHDEN-26SEP18-T85,Highest temperature in Denver,KDEN,2026-09-18,greater,85.0,,The Weather Company,https://weather.com/kalshi,0.99,1.0,0.0,0.01,0.0,92616.8,23882.94,0.0,2026-09-19T07:00:00Z,active,2026-09-19T01:09:45.507057+00:00
KXHIGHDEN,KXHIGHDEN-26SEP18-T78,Highest temperature in Denver,KDEN,2026-09-18,less,,78.0,The Weather Company,https://weather.com/kalshi,0.0,0.01,0.99,1.0,62539.29,0.0,696.84,0.0,2026-09-19T07:00:00Z,active,2026-09-19T01:09:45.507057+00:00
KXHIGHDEN,KXHIGHDEN-26SEP18-B84.5,Highest temperature in Denver,KDEN,2026-09-18,between,84.0,85.0,The Weather Company,https://weather.com/kalshi,0.0,0.01,0.99,1.0,75091.31,0.0,10457.33,0.0,2026-09-19T07:00:00Z,active,2026-09-19T01:09:45.507057+00:00
KXHIGHDEN,KXHIGHDEN-26SEP18-B82.5,Highest temperature in Denver,KDEN,2026-09-18,between,82.0,83.0,The Weather Company,https://weather.com/kalshi,0.0,0.01,0.99,1.0,54095.38,0.0,5359.01,0.0,2026-09-19T07:00:00Z,active,2026-09-19T01:09:45.507057+00:00
KXHIGHDEN,KXHIGHDEN-26SEP18-B80.5,Highest temperature in Denver,KDEN,2026-09-18,between,80.0,81.0,The Weather Company,https://weather.com/kalshi,0.0,0.01,0.99,1.0,56658.51,0.0,3030.92,0.0,2026-09-19T07:00:00Z,active,2026-09-19T01:09:45.507057+00:00
KXHIGHDEN,KXHIGHDEN-26SEP18-B78.5,Highest temperature in Denver,KDEN,2026-09-18,between,78.0,79.0,The Weather Company,https://weather.com/kalshi,0.0,0.01,0.99,1.0,54856.9,0.0,4099.6,0.0,2026-09-19T07:00:00Z,active,2026-09-19T01:09:45.507057+00:00
KXLOWTLV,KXLOWTLV-26SEP19-T71,Las Vegas Daily Low Temperature,KLAS,2026-09-19,greater,71.0,,The Weather Company,https://weather.com/kalshi,0.35,0.36,0.64,0.65,1.01,1.0,643.81,0.0,2026-09-20T08:00:00Z,active,2026-09-19T01:09:45.507057+00:00
KXLOWTLV,KXLOWTLV-26SEP19-T64,Las Vegas Daily Low Temperature,KLAS,2026-09-19,less,,64.0,The Weather Company,https://weather.com/kalshi,0.0,0.01,0.99,1.0,23.0,0.0,1.0,0.0,2026-09-20T08:00:00Z,active,2026-09-19T01:09:45.507057+00:00
KXLOWTLV,KXLOWTLV-26SEP19-B70.5,Las Vegas Daily Low Temperature,KLAS,2026-09-19,between,70.0,71.0,The Weather Company,https://weather.com/kalshi,0.48,0.57,0.43,0.52,4.0,4.0,353.76,0.0,2026-09-20T08:00:00Z,active,2026-09-19T01:09:45.507057+00:00
KXLOWTLV,KXLOWTLV-26SEP19-B68.5,Las Vegas Daily Low Temperature,KLAS,2026-09-19,between,68.0,69.0,The Weather Company,https://weather.com/kalshi,0.06,0.13,0.87,0.94,4.0,25.0,0.0,0.0,2026-09-20T08:00:00Z,active,2026-09-19T01:09:45.507057+00:00
KXLOWTLV,KXLOWTLV-26SEP19-B66.5,Las Vegas Daily Low Temperature,KLAS,2026-09-19,between,66.0,67.0,The Weather Company,https://weather.com/kalshi,0.01,0.05,0.95,0.99,4.0,87.84,124.16,0.0,2026-09-20T08:00:00Z,active,2026-09-19T01:09:45.507057+00:00
KXLOWTLV,KXLOWTLV-26SEP19-B64.5,Las Vegas Daily Low Temperature,KLAS,2026-09-19,between,64.0,65.0,The Weather Company,https://weather.com/kalshi,0.0,0.02,0.98,1.0,270.0,0.0,77.86,0.0,2026-09-20T08:00:00Z,active,2026-09-19T01:09:45.507057+00:00
KXLOWTLV,KXLOWTLV-26SEP18-T76,Las Vegas Daily Low Temperature,KLAS,2026-09-18,greater,76.0,,The Weather Company,https://weather.com/kalshi,0.0,0.01,0.99,1.0,22696.54,0.0,2292.07,0.0,2026-09-19T08:00:00Z,active,2026-09-19T01:09:45.507057+00:00
KXLOWTLV,KXLOWTLV-26SEP18-T69,Las Vegas Daily Low Temperature,KLAS,2026-09-18,less,,69.0,The Weather Company,https://weather.com/kalshi,0.0,0.02,0.98,1.0,300.0,0.0,113.0,0.0,2026-09-19T08:00:00Z,active,2026-09-19T01:09:45.507057+00:00
KXLOWTLV,KXLOWTLV-26SEP18-B75.5,Las Vegas Daily Low Temperature,KLAS,2026-09-18,between,75.0,76.0,The Weather Company,https://weather.com/kalshi,0.98,0.99,0.01,0.02,315.33,2.23,1700.44,0.0,2026-09-19T08:00:00Z,active,2026-09-19T01:09:45.507057+00:00
KXLOWTLV,KXLOWTLV-26SEP18-B73.5,Las Vegas Daily Low Temperature,KLAS,2026-09-18,between,73.0,74.0,The Weather Company,https://weather.com/kalshi,0.01,0.05,0.95,0.99,2.0,0.45,652.37,0.0,2026-09-19T08:00:00Z,active,2026-09-19T01:09:45.507057+00:00
KXLOWTLV,KXLOWTLV-26SEP18-B71.5,Las Vegas Daily Low Temperature,KLAS,2026-09-18,between,71.0,72.0,The Weather Company,https://weather.com/kalshi,0.0,0.09,0.91,1.0,4.0,0.0,340.86,0.0,2026-09-19T08:00:00Z,active,2026-09-19T01:09:45.507057+00:00
KXLOWTLV,KXLOWTLV-26SEP18-B69.5,Las Vegas Daily Low Temperature,KLAS,2026-09-18,between,69.0,70.0,The Weather Company,https://weather.com/kalshi,0.0,0.02,0.98,1.0,607.98,0.0,899.07,0.0,2026-09-19T08:00:00Z,active,2026-09-19T01:09:45.507057+00:00
KXLOWTEWR,KXLOWTEWR-26SEP19-T61,"Newark, NJ (EWR) Daily Low Temp",KEWR,2026-09-19,greater,61.0,,The Weather Company,https://weather.com/kalshi,0.42,0.53,0.47,0.58,55.0,5.0,111.0,0.0,2026-09-20T05:00:00Z,active,2026-09-19T01:09:45.507057+00:00
KXLOWTEWR,KXLOWTEWR-26SEP19-T54,"Newark, NJ (EWR) Daily Low Temp",KEWR,2026-09-19,less,,54.0,The Weather Company,https://weather.com/kalshi,0.01,0.11,0.89,0.99,55.0,22.73,48.27,0.0,2026-09-20T05:00:00Z,active,2026-09-19T01:09:45.507057+00:00
KXLOWTEWR,KXLOWTEWR-26SEP19-B60.5,"Newark, NJ (EWR) Daily Low Temp",KEWR,2026-09-19,between,60.0,61.0,The Weather Company,https://weather.com/kalshi,0.23,0.39,0.61,0.77,5.0,5.0,2.23,0.0,2026-09-20T05:00:00Z,active,2026-09-19T01:09:45.507057+00:00
KXLOWTEWR,KXLOWTEWR-26SEP19-B58.5,"Newark, NJ (EWR) Daily Low Temp",KEWR,2026-09-19,between,58.0,59.0,The Weather Company,https://weather.com/kalshi,0.05,0.24,0.76,0.95,10.0,204.0,26.0,0.0,2026-09-20T05:00:00Z,active,2026-09-19T01:09:45.507057+00:00
KXLOWTEWR,KXLOWTEWR-26SEP19-B56.5,"Newark, NJ (EWR) Daily Low Temp",KEWR,2026-09-19,between,56.0,57.0,The Weather Company,https://weather.com/kalshi,0.04,0.14,0.86,0.96,55.0,29.0,1.0,0.0,2026-09-20T05:00:00Z,active,2026-09-19T01:09:45.507057+00:00
KXLOWTEWR,KXLOWTEWR-26SEP19-B54.5,"Newark, NJ (EWR) Daily Low Temp",KEWR,2026-09-19,between,54.0,55.0,The Weather Company,https://weather.com/kalshi,0.02,0.11,0.89,0.98,25.0,29.0,12.09,0.0,2026-09-20T05:00:00Z,active,2026-09-19T01:09:45.507057+00:00
KXLOWTEWR,KXLOWTEWR-26SEP18-T71,"Newark, NJ (EWR) Daily Low Temp",KEWR,2026-09-18,greater,71.0,,The Weather Company,https://weather.com/kalshi,0.01,0.03,0.97,0.99,197.0,10.0,127.01,0.0,2026-09-19T05:00:00Z,active,2026-09-19T01:09:45.507057+00:00
KXLOWTEWR,KXLOWTEWR-26SEP18-T64,"Newark, NJ (EWR) Daily Low Temp",KEWR,2026-09-18,less,,64.0,The Weather Company,https://weather.com/kalshi,0.0,0.05,0.95,1.0,22.0,0.0,55.48,0.0,2026-09-19T05:00:00Z,active,2026-09-19T01:09:45.507057+00:00
KXLOWTEWR,KXLOWTEWR-26SEP18-B70.5,"Newark, NJ (EWR) Daily Low Temp",KEWR,2026-09-18,between,70.0,71.0,The Weather Company,https://weather.com/kalshi,0.3,0.49,0.51,0.7,52.0,10.0,317.86,0.0,2026-09-19T05:00:00Z,active,2026-09-19T01:09:45.507057+00:00
KXLOWTEWR,KXLOWTEWR-26SEP18-B68.5,"Newark, NJ (EWR) Daily Low Temp",KEWR,2026-09-18,between,68.0,69.0,The Weather Company,https://weather.com/kalshi,0.43,0.54,0.46,0.57,70.0,50.0,115.61,0.0,2026-09-19T05:00:00Z,active,2026-09-19T01:09:45.507057+00:00
KXLOWTEWR,KXLOWTEWR-26SEP18-B66.5,"Newark, NJ (EWR) Daily Low Temp",KEWR,2026-09-18,between,66.0,67.0,The Weather Company,https://weather.com/kalshi,0.04,0.13,0.87,0.96,50.0,20.0,134.0,0.0,2026-09-19T05:00:00Z,active,2026-09-19T01:09:45.507057+00:00
KXLOWTEWR,KXLOWTEWR-26SEP18-B64.5,"Newark, NJ (EWR) Daily Low Temp",KEWR,2026-09-18,between,64.0,65.0,The Weather Company,https://weather.com/kalshi,0.02,0.11,0.89,0.98,50.0,18.82,25.18,0.0,2026-09-19T05:00:00Z,active,2026-09-19T01:09:45.507057+00:00
KXLOWTPHX,KXLOWTPHX-26SEP19-T79,Low Temperature Phoenix,KPHX,2026-09-19,greater,79.0,,The Weather Company,https://weather.com/kalshi,0.62,0.64,0.36,0.38,1.0,1.0,237.0,0.0,2026-09-20T07:00:00Z,active,2026-09-19T01:09:45.507057+00:00
KXLOWTPHX,KXLOWTPHX-26SEP19-T72,Low Temperature Phoenix,KPHX,2026-09-19,less,,72.0,The Weather Company,https://weather.com/kalshi,0.0,0.01,0.99,1.0,24.0,0.0,0.0,0.0,2026-09-20T07:00:00Z,active,2026-09-19T01:09:45.507057+00:00
KXLOWTPHX,KXLOWTPHX-26SEP19-B78.5,Low Temperature Phoenix,KPHX,2026-09-19,between,78.0,79.0,The Weather Company,https://weather.com/kalshi,0.2,0.24,0.76,0.8,1.0,6.0,68.0,0.0,2026-09-20T07:00:00Z,active,2026-09-19T01:09:45.507057+00:00
KXLOWTPHX,KXLOWTPHX-26SEP19-B76.5,Low Temperature Phoenix,KPHX,2026-09-19,between,76.0,77.0,The Weather Company,https://weather.com/kalshi,0.08,0.11,0.89,0.92,2.0,6.0,158.55,0.0,2026-09-20T07:00:00Z,active,2026-09-19T01:09:45.507057+00:00
KXLOWTPHX,KXLOWTPHX-26SEP19-B74.5,Low Temperature Phoenix,KPHX,2026-09-19,between,74.0,75.0,The Weather Company,https://weather.com/kalshi,0.03,0.06,0.94,0.97,1.99,5.0,191.07,0.0,2026-09-20T07:00:00Z,active,2026-09-19T01:09:45.507057+00:00
KXLOWTPHX,KXLOWTPHX-26SEP19-B72.5,Low Temperature Phoenix,KPHX,2026-09-19,between,72.0,73.0,The Weather Company,https://weather.com/kalshi,0.01,0.04,0.96,0.99,161.0,150.0,309.52,0.0,2026-09-20T07:00:00Z,active,2026-09-19T01:09:45.507057+00:00
KXLOWTPHX,KXLOWTPHX-26SEP18-T80,Low Temperature Phoenix,KPHX,2026-09-18,greater,80.0,,The Weather Company,https://weather.com/kalshi,0.0,0.01,0.99,1.0,41028.44,0.0,987.16,0.0,2026-09-19T07:00:00Z,active,2026-09-19T01:09:45.507057+00:00
KXLOWTPHX,KXLOWTPHX-26SEP18-T73,Low Temperature Phoenix,KPHX,2026-09-18,less,,73.0,The Weather Company,https://weather.com/kalshi,0.0,0.01,0.99,1.0,155.01,0.0,58.47,0.0,2026-09-19T07:00:00Z,active,2026-09-19T01:09:45.507057+00:00
KXLOWTPHX,KXLOWTPHX-26SEP18-B79.5,Low Temperature Phoenix,KPHX,2026-09-18,between,79.0,80.0,The Weather Company,https://weather.com/kalshi,0.99,1.0,0.0,0.01,0.0,177.0,3184.32,0.0,2026-09-19T07:00:00Z,active,2026-09-19T01:09:45.507057+00:00
KXLOWTPHX,KXLOWTPHX-26SEP18-B77.5,Low Temperature Phoenix,KPHX,2026-09-18,between,77.0,78.0,The Weather Company,https://weather.com/kalshi,0.0,0.02,0.98,1.0,590.33,0.0,1804.68,0.0,2026-09-19T07:00:00Z,active,2026-09-19T01:09:45.507057+00:00
KXLOWTPHX,KXLOWTPHX-26SEP18-B75.5,Low Temperature Phoenix,KPHX,2026-09-18,between,75.0,76.0,The Weather Company,https://weather.com/kalshi,0.0,0.02,0.98,1.0,650.0,0.0,299.98,0.0,2026-09-19T07:00:00Z,active,2026-09-19T01:09:45.507057+00:00
KXLOWTPHX,KXLOWTPHX-26SEP18-B73.5,Low Temperature Phoenix,KPHX,2026-09-18,between,73.0,74.0,The Weather Company,https://weather.com/kalshi,0.0,0.02,0.98,1.0,289.1,0.0,449.37,0.0,2026-09-19T07:00:00Z,active,2026-09-19T01:09:45.507057+00:00
KXHIGHTSATX,KXHIGHTSATX-26SEP19-T95,San Antonio Daily Maximum Temperature,KSAT,2026-09-19,less,,95.0,The Weather Company,https://weather.com/kalshi,0.21,0.22,0.78,0.79,12.17,2.17,628.6,0.0,2026-09-20T06:00:00Z,active,2026-09-19T01:09:45.507057+00:00
KXHIGHTSATX,KXHIGHTSATX-26SEP19-T102,San Antonio Daily Maximum Temperature,KSAT,2026-09-19,greater,102.0,,The Weather Company,https://weather.com/kalshi,0.0,0.01,0.99,1.0,89.0,0.0,163.01,0.0,2026-09-20T06:00:00Z,active,2026-09-19T01:09:45.507057+00:00
KXHIGHTSATX,KXHIGHTSATX-26SEP19-B99.5,San Antonio Daily Maximum Temperature,KSAT,2026-09-19,between,99.0,100.0,The Weather Company,https://weather.com/kalshi,0.02,0.03,0.97,0.98,1.0,144.0,94.97,0.0,2026-09-20T06:00:00Z,active,2026-09-19T01:09:45.507057+00:00
KXHIGHTSATX,KXHIGHTSATX-26SEP19-B97.5,San Antonio Daily Maximum Temperature,KSAT,2026-09-19,between,97.0,98.0,The Weather Company,https://weather.com/kalshi,0.21,0.25,0.75,0.79,5.22,42.0,778.7,0.0,2026-09-20T06:00:00Z,active,2026-09-19T01:09:45.507057+00:00
KXHIGHTSATX,KXHIGHTSATX-26SEP19-B95.5,San Antonio Daily Maximum Temperature,KSAT,2026-09-19,between,95.0,96.0,The Weather Company,https://weather.com/kalshi,0.52,0.53,0.47,0.48,25.0,118.78,849.42,0.0,2026-09-20T06:00:00Z,active,2026-09-19T01:09:45.507057+00:00
KXHIGHTSATX,KXHIGHTSATX-26SEP19-B101.5,San Antonio Daily Maximum Temperature,KSAT,2026-09-19,between,101.0,102.0,The Weather Company,https://weather.com/kalshi,0.0,0.01,0.99,1.0,16.0,0.0,246.0,0.0,2026-09-20T06:00:00Z,active,2026-09-19T01:09:45.507057+00:00
KXHIGHTSATX,KXHIGHTSATX-26SEP18-T96,San Antonio Daily Maximum Temperature,KSAT,2026-09-18,less,,96.0,The Weather Company,https://weather.com/kalshi,0.99,1.0,0.0,0.01,0.0,13156.44,6046.49,0.0,2026-09-19T06:00:00Z,active,2026-09-19T01:09:45.507057+00:00
KXHIGHTSATX,KXHIGHTSATX-26SEP18-T103,San Antonio Daily Maximum Temperature,KSAT,2026-09-18,greater,103.0,,The Weather Company,https://weather.com/kalshi,0.0,0.01,0.99,1.0,20145.24,0.0,146.0,0.0,2026-09-19T06:00:00Z,active,2026-09-19T01:09:45.507057+00:00
KXHIGHTSATX,KXHIGHTSATX-26SEP18-B98.5,San Antonio Daily Maximum Temperature,KSAT,2026-09-18,between,98.0,99.0,The Weather Company,https://weather.com/kalshi,0.0,0.01,0.99,1.0,11435.74,0.0,1338.69,0.0,2026-09-19T06:00:00Z,active,2026-09-19T01:09:45.507057+00:00
KXHIGHTSATX,KXHIGHTSATX-26SEP18-B96.5,San Antonio Daily Maximum Temperature,KSAT,2026-09-18,between,96.0,97.0,The Weather Company,https://weather.com/kalshi,0.0,0.01,0.99,1.0,13075.81,0.0,2812.06,0.0,2026-09-19T06:00:00Z,active,2026-09-19T01:09:45.507057+00:00
KXHIGHTSATX,KXHIGHTSATX-26SEP18-B102.5,San Antonio Daily Maximum Temperature,KSAT,2026-09-18,between,102.0,103.0,The Weather Company,https://weather.com/kalshi,0.0,0.01,0.99,1.0,19397.24,0.0,294.26,0.0,2026-09-19T06:00:00Z,active,2026-09-19T01:09:45.507057+00:00
KXHIGHTSATX,KXHIGHTSATX-26SEP18-B100.5,San Antonio Daily Maximum Temperature,KSAT,2026-09-18,between,100.0,101.0,The Weather Company,https://weather.com/kalshi,0.0,0.01,0.99,1.0,17616.57,0.0,333.34,0.0,2026-09-19T06:00:00Z,active,2026-09-19T01:09:45.507057+00:00
KXHIGHTMIN,KXHIGHTMIN-26SEP19-T70,Minneapolis Daily High Temperature,KMSP,2026-09-19,greater,70.0,,The Weather Company,https://weather.com/kalshi,0.0,0.01,0.99,1.0,3.0,0.0,354.0,0.0,2026-09-20T06:00:00Z,active,2026-09-19T01:09:45.507057+00:00
KXHIGHTMIN,KXHIGHTMIN-26SEP19-T63,Minneapolis Daily High Temperature,KMSP,2026-09-19,less,,63.0,The Weather Company,https://weather.com/kalshi,0.5,0.52,0.48,0.5,152.71,0.15,794.84,0.0,2026-09-20T06:00:00Z,active,2026-09-19T01:09:45.507057+00:00
KXHIGHTMIN,KXHIGHTMIN-26SEP19-B69.5,Minneapolis Daily High Temperature,KMSP,2026-09-19,between,69.0,70.0,The Weather Company,https://weather.com/kalshi,0.01,0.02,0.98,0.99,3.0,904.58,349.46,0.0,2026-09-20T06:00:00Z,active,2026-09-19T01:09:45.507057+00:00
KXHIGHTMIN,KXHIGHTMIN-26SEP19-B67.5,Minneapolis Daily High Temperature,KMSP,2026-09-19,between,67.0,68.0,The Weather Company,https://weather.com/kalshi,0.09,0.1,0.9,0.91,1.0,0.5,76.59,0.0,2026-09-20T06:00:00Z,active,2026-09-19T01:09:45.507057+00:00
KXHIGHTMIN,KXHIGHTMIN-26SEP19-B65.5,Minneapolis Daily High Temperature,KMSP,2026-09-19,between,65.0,66.0,The Weather Company,https://weather.com/kalshi,0.21,0.24,0.76,0.79,1.27,2.0,746.31,0.0,2026-09-20T06:00:00Z,active,2026-09-19T01:09:45.507057+00:00
KXHIGHTMIN,KXHIGHTMIN-26SEP19-B63.5,Minneapolis Daily High Temperature,KMSP,2026-09-19,between,63.0,64.0,The Weather Company,https://weather.com/kalshi,0.15,0.16,0.84,0.85,3.0,114.02,368.18,0.0,2026-09-20T06:00:00Z,active,2026-09-19T01:09:45.507057+00:00
KXHIGHTMIN,KXHIGHTMIN-26SEP18-T68,Minneapolis Daily High Temperature,KMSP,2026-09-18,greater,68.0,,The Weather Company,https://weather.com/kalshi,0.0,0.01,0.99,1.0,15556.24,0.0,803.46,0.0,2026-09-19T06:00:00Z,active,2026-09-19T01:09:45.507057+00:00
KXHIGHTMIN,KXHIGHTMIN-26SEP18-T61,Minneapolis Daily High Temperature,KMSP,2026-09-18,less,,61.0,The Weather Company,https://weather.com/kalshi,0.0,0.01,0.99,1.0,184146.32,0.0,1811.54,0.0,2026-09-19T06:00:00Z,active,2026-09-19T01:09:45.507057+00:00
KXHIGHTMIN,KXHIGHTMIN-26SEP18-B67.5,Minneapolis Daily High Temperature,KMSP,2026-09-18,between,67.0,68.0,The Weather Company,https://weather.com/kalshi,0.0,0.01,0.99,1.0,7801.24,0.0,2183.99,0.0,2026-09-19T06:00:00Z,active,2026-09-19T01:09:45.507057+00:00
KXHIGHTMIN,KXHIGHTMIN-26SEP18-B65.5,Minneapolis Daily High Temperature,KMSP,2026-09-18,between,65.0,66.0,The Weather Company,https://weather.com/kalshi,0.0,0.01,0.99,1.0,13966.4,0.0,4912.65,0.0,2026-09-19T06:00:00Z,active,2026-09-19T01:09:45.507057+00:00
KXHIGHTMIN,KXHIGHTMIN-26SEP18-B63.5,Minneapolis Daily High Temperature,KMSP,2026-09-18,between,63.0,64.0,The Weather Company,https://weather.com/kalshi,0.99,1.0,0.0,0.01,0.0,11952.96,9386.73,0.0,2026-09-19T06:00:00Z,active,2026-09-19T01:09:45.507057+00:00
KXHIGHTMIN,KXHIGHTMIN-26SEP18-B61.5,Minneapolis Daily High Temperature,KMSP,2026-09-18,between,61.0,62.0,The Weather Company,https://weather.com/kalshi,0.0,0.01,0.99,1.0,123875.49,0.0,32637.65,0.0,2026-09-19T06:00:00Z,active,2026-09-19T01:09:45.507057+00:00
KXLOWTMIA,KXLOWTMIA-26SEP19-T78,Lowest temperature in Miami,KMIA,2026-09-19,greater,78.0,,The Weather Company,https://weather.com/kalshi,0.03,0.04,0.96,0.97,6.27,0.06,126.18,0.0,2026-09-20T05:00:00Z,active,2026-09-19T01:09:45.507057+00:00
KXLOWTMIA,KXLOWTMIA-26SEP19-T71,Lowest temperature in Miami,KMIA,2026-09-19,less,,71.0,The Weather Company,https://weather.com/kalshi,0.03,0.04,0.96,0.97,6.0,114.0,39.37,0.0,2026-09-20T05:00:00Z,active,2026-09-19T01:09:45.507057+00:00
KXLOWTMIA,KXLOWTMIA-26SEP19-B77.5,Lowest temperature in Miami,KMIA,2026-09-19,between,77.0,78.0,The Weather Company,https://weather.com/kalshi,0.1,0.12,0.88,0.9,21.38,2.0,108.0,0.0,2026-09-20T05:00:00Z,active,2026-09-19T01:09:45.507057+00:00
KXLOWTMIA,KXLOWTMIA-26SEP19-B75.5,Lowest temperature in Miami,KMIA,2026-09-19,between,75.0,76.0,The Weather Company,https://weather.com/kalshi,0.35,0.37,0.63,0.65,27.38,1.0,145.0,0.0,2026-09-20T05:00:00Z,active,2026-09-19T01:09:45.507057+00:00
KXLOWTMIA,KXLOWTMIA-26SEP19-B73.5,Lowest temperature in Miami,KMIA,2026-09-19,between,73.0,74.0,The Weather Company,https://weather.com/kalshi,0.3,0.4,0.6,0.7,0.5,1.3,12.0,0.0,2026-09-20T05:00:00Z,active,2026-09-19T01:09:45.507057+00:00
KXLOWTMIA,KXLOWTMIA-26SEP19-B71.5,Lowest temperature in Miami,KMIA,2026-09-19,between,71.0,72.0,The Weather Company,https://weather.com/kalshi,0.11,0.13,0.87,0.89,6.38,26.0,16.03,0.0,2026-09-20T05:00:00Z,active,2026-09-19T01:09:45.507057+00:00
KXLOWTMIA,KXLOWTMIA-26SEP18-T80,Lowest temperature in Miami,KMIA,2026-09-18,greater,80.0,,The Weather Company,https://weather.com/kalshi,0.0,0.01,0.99,1.0,23471.14,0.0,296.86,0.0,2026-09-19T05:00:00Z,active,2026-09-19T01:09:45.507057+00:00
KXLOWTMIA,KXLOWTMIA-26SEP18-T73,Lowest temperature in Miami,KMIA,2026-09-18,less,,73.0,The Weather Company,https://weather.com/kalshi,0.01,0.12,0.88,0.99,1.0,5.99,1528.67,0.0,2026-09-19T05:00:00Z,active,2026-09-19T01:09:45.507057+00:00
KXLOWTMIA,KXLOWTMIA-26SEP18-B79.5,Lowest temperature in Miami,KMIA,2026-09-18,between,79.0,80.0,The Weather Company,https://weather.com/kalshi,0.0,0.01,0.99,1.0,26700.47,0.0,1383.36,0.0,2026-09-19T05:00:00Z,active,2026-09-19T01:09:45.507057+00:00
KXLOWTMIA,KXLOWTMIA-26SEP18-B77.5,Lowest temperature in Miami,KMIA,2026-09-18,between,77.0,78.0,The Weather Company,https://weather.com/kalshi,0.0,0.01,0.99,1.0,27773.41,0.0,2950.03,0.0,2026-09-19T05:00:00Z,active,2026-09-19T01:09:45.507057+00:00
KXLOWTMIA,KXLOWTMIA-26SEP18-B75.5,Lowest temperature in Miami,KMIA,2026-09-18,between,75.0,76.0,The Weather Company,https://weather.com/kalshi,0.61,0.93,0.07,0.39,21.08,10.0,1254.43,0.0,2026-09-19T05:00:00Z,active,2026-09-19T01:09:45.507057+00:00
KXLOWTMIA,KXLOWTMIA-26SEP18-B73.5,Lowest temperature in Miami,KMIA,2026-09-18,between,73.0,74.0,The Weather Company,https://weather.com/kalshi,0.05,0.19,0.81,0.95,5.7,4.3,892.01,0.0,2026-09-19T05:00:00Z,active,2026-09-19T01:09:45.507057+00:00
KXHIGHTPHX,KXHIGHTPHX-26SEP19-T99,Phoenix High Temperature Daily,KPHX,2026-09-19,less,,99.0,The Weather Company,https://weather.com/kalshi,0.01,0.02,0.98,0.99,359.48,48.05,462.75,0.0,2026-09-20T07:00:00Z,active,2026-09-19T01:09:45.507057+00:00
KXHIGHTPHX,KXHIGHTPHX-26SEP19-T106,Phoenix High Temperature Daily,KPHX,2026-09-19,greater,106.0,,The Weather Company,https://weather.com/kalshi,0.0,0.01,0.99,1.0,60.0,0.0,599.02,0.0,2026-09-20T07:00:00Z,active,2026-09-19T01:09:45.507057+00:00
KXHIGHTPHX,KXHIGHTPHX-26SEP19-B99.5,Phoenix High Temperature Daily,KPHX,2026-09-19,between,99.0,100.0,The Weather Company,https://weather.com/kalshi,0.01,0.03,0.97,0.99,28.0,763.22,424.31,0.0,2026-09-20T07:00:00Z,active,2026-09-19T01:09:45.507057+00:00
KXHIGHTPHX,KXHIGHTPHX-26SEP19-B105.5,Phoenix High Temperature Daily,KPHX,2026-09-19,between,105.0,106.0,The Weather Company,https://weather.com/kalshi,0.12,0.14,0.86,0.88,4.06,174.14,1066.13,0.0,2026-09-20T07:00:00Z,active,2026-09-19T01:09:45.507057+00:00
KXHIGHTPHX,KXHIGHTPHX-26SEP19-B103.5,Phoenix High Temperature Daily,KPHX,2026-09-19,between,103.0,104.0,The Weather Company,https://weather.com/kalshi,0.61,0.62,0.38,0.39,5.07,71.68,512.1,0.0,2026-09-20T07:00:00Z,active,2026-09-19T01:09:45.507057+00:00
KXHIGHTPHX,KXHIGHTPHX-26SEP19-B101.5,Phoenix High Temperature Daily,KPHX,2026-09-19,between,101.0,102.0,The Weather Company,https://weather.com/kalshi,0.27,0.28,0.72,0.73,42.67,5.0,1476.53,0.0,2026-09-20T07:00:00Z,active,2026-09-19T01:09:45.507057+00:00
KXHIGHTPHX,KXHIGHTPHX-26SEP18-T98,Phoenix High Temperature Daily,KPHX,2026-09-18,less,,98.0,The Weather Company,https://weather.com/kalshi,0.0,0.01,0.99,1.0,179103.28,0.0,6170.69,0.0,2026-09-19T07:00:00Z,active,2026-09-19T01:09:45.507057+00:00
KXHIGHTPHX,KXHIGHTPHX-26SEP18-T105,Phoenix High Temperature Daily,KPHX,2026-09-18,greater,105.0,,The Weather Company,https://weather.com/kalshi,0.0,0.01,0.99,1.0,12354.53,0.0,3532.92,0.0,2026-09-19T07:00:00Z,active,2026-09-19T01:09:45.507057+00:00
KXHIGHTPHX,KXHIGHTPHX-26SEP18-B98.5,Phoenix High Temperature Daily,KPHX,2026-09-18,between,98.0,99.0,The Weather Company,https://weather.com/kalshi,0.0,0.01,0.99,1.0,163369.34,0.0,11846.83,0.0,2026-09-19T07:00:00Z,active,2026-09-19T01:09:45.507057+00:00
KXHIGHTPHX,KXHIGHTPHX-26SEP18-B104.5,Phoenix High Temperature Daily,KPHX,2026-09-18,between,104.0,105.0,The Weather Company,https://weather.com/kalshi,0.0,0.01,0.99,1.0,20999.0,0.0,7097.03,0.0,2026-09-19T07:00:00Z,active,2026-09-19T01:09:45.507057+00:00
KXHIGHTPHX,KXHIGHTPHX-26SEP18-B102.5,Phoenix High Temperature Daily,KPHX,2026-09-18,between,102.0,103.0,The Weather Company,https://weather.com/kalshi,0.99,1.0,0.0,0.01,0.0,20044.44,15604.23,0.0,2026-09-19T07:00:00Z,active,2026-09-19T01:09:45.507057+00:00
KXHIGHTPHX,KXHIGHTPHX-26SEP18-B100.5,Phoenix High Temperature Daily,KPHX,2026-09-18,between,100.0,101.0,The Weather Company,https://weather.com/kalshi,0.0,0.01,0.99,1.0,159163.12,0.0,16777.15,0.0,2026-09-19T07:00:00Z,active,2026-09-19T01:09:45.507057+00:00
KXLOWTPHIL,KXLOWTPHIL-26SEP19-T64,Lowest temperature in Philadelphia,KPHL,2026-09-19,greater,64.0,,The Weather Company,https://weather.com/kalshi,0.74,0.79,0.21,0.26,6.0,6.17,301.19,0.0,2026-09-20T05:00:00Z,active,2026-09-19T01:09:45.507057+00:00
KXLOWTPHIL,KXLOWTPHIL-26SEP19-T57,Lowest temperature in Philadelphia,KPHL,2026-09-19,less,,57.0,The Weather Company,https://weather.com/kalshi,0.0,0.01,0.99,1.0,174.0,0.0,15.0,0.0,2026-09-20T05:00:00Z,active,2026-09-19T01:09:45.507057+00:00
KXLOWTPHIL,KXLOWTPHIL-26SEP19-B63.5,Lowest temperature in Philadelphia,KPHL,2026-09-19,between,63.0,64.0,The Weather Company,https://weather.com/kalshi,0.15,0.21,0.79,0.85,2.07,25.0,55.9,0.0,2026-09-20T05:00:00Z,active,2026-09-19T01:09:45.507057+00:00
KXLOWTPHIL,KXLOWTPHIL-26SEP19-B61.5,Lowest temperature in Philadelphia,KPHL,2026-09-19,between,61.0,62.0,The Weather Company,https://weather.com/kalshi,0.02,0.05,0.95,0.98,35.11,17.81,49.73,0.0,2026-09-20T05:00:00Z,active,2026-09-19T01:09:45.507057+00:00
KXLOWTPHIL,KXLOWTPHIL-26SEP19-B59.5,Lowest temperature in Philadelphia,KPHL,2026-09-19,between,59.0,60.0,The Weather Company,https://weather.com/kalshi,0.0,0.03,0.97,1.0,70.0,0.0,156.43,0.0,2026-09-20T05:00:00Z,active,2026-09-19T01:09:45.507057+00:00
KXLOWTPHIL,KXLOWTPHIL-26SEP19-B57.5,Lowest temperature in Philadelphia,KPHL,2026-09-19,between,57.0,58.0,The Weather Company,https://weather.com/kalshi,0.0,0.05,0.95,1.0,40.0,0.0,177.0,0.0,2026-09-20T05:00:00Z,active,2026-09-19T01:09:45.507057+00:00
KXLOWTPHIL,KXLOWTPHIL-26SEP18-T71,Lowest temperature in Philadelphia,KPHL,2026-09-18,greater,71.0,,The Weather Company,https://weather.com/kalshi,0.28,0.35,0.65,0.72,1.0,1.0,731.4,0.0,2026-09-19T05:00:00Z,active,2026-09-19T01:09:45.507057+00:00
KXLOWTPHIL,KXLOWTPHIL-26SEP18-T64,Lowest temperature in Philadelphia,KPHL,2026-09-18,less,,64.0,The Weather Company,https://weather.com/kalshi,0.0,0.01,0.99,1.0,4.0,0.0,49.89,0.0,2026-09-19T05:00:00Z,active,2026-09-19T01:09:45.507057+00:00
KXLOWTPHIL,KXLOWTPHIL-26SEP18-B70.5,Lowest temperature in Philadelphia,KPHL,2026-09-18,between,70.0,71.0,The Weather Company,https://weather.com/kalshi,0.48,0.5,0.5,0.52,1.07,35.55,221.1,0.0,2026-09-19T05:00:00Z,active,2026-09-19T01:09:45.507057+00:00
KXLOWTPHIL,KXLOWTPHIL-26SEP18-B68.5,Lowest temperature in Philadelphia,KPHL,2026-09-18,between,68.0,69.0,The Weather Company,https://weather.com/kalshi,0.15,0.25,0.75,0.85,7.32,5.0,309.63,0.0,2026-09-19T05:00:00Z,active,2026-09-19T01:09:45.507057+00:00
KXLOWTPHIL,KXLOWTPHIL-26SEP18-B66.5,Lowest temperature in Philadelphia,KPHL,2026-09-18,between,66.0,67.0,The Weather Company,https://weather.com/kalshi,0.0,0.01,0.99,1.0,115.62,0.0,129.77,0.0,2026-09-19T05:00:00Z,active,2026-09-19T01:09:45.507057+00:00
KXLOWTPHIL,KXLOWTPHIL-26SEP18-B64.5,Lowest temperature in Philadelphia,KPHL,2026-09-18,between,64.0,65.0,The Weather Company,https://weather.com/kalshi,0.0,0.01,0.99,1.0,165.35,0.0,148.12,0.0,2026-09-19T05:00:00Z,active,2026-09-19T01:09:45.507057+00:00
KXLOWTSAN,KXLOWTSAN-26SEP19-T65,Low Temperature San Diego,KSAN,2026-09-19,greater,65.0,,The Weather Company,https://weather.com/kalshi,0.62,0.98,0.02,0.38,55.0,10.0,117.0,0.0,2026-09-20T08:00:00Z,active,2026-09-19T01:09:45.507057+00:00
KXLOWTSAN,KXLOWTSAN-26SEP19-T58,Low Temperature San Diego,KSAN,2026-09-19,less,,58.0,The Weather Company,https://weather.com/kalshi,0.0,0.1,0.9,1.0,25.0,0.0,0.0,0.0,2026-09-20T08:00:00Z,active,2026-09-19T01:09:45.507057+00:00
KXLOWTSAN,KXLOWTSAN-26SEP19-B64.5,Low Temperature San Diego,KSAN,2026-09-19,between,64.0,65.0,The Weather Company,https://weather.com/kalshi,0.02,0.2,0.8,0.98,10.0,29.0,86.0,0.0,2026-09-20T08:00:00Z,active,2026-09-19T01:09:45.507057+00:00
KXLOWTSAN,KXLOWTSAN-26SEP19-B62.5,Low Temperature San Diego,KSAN,2026-09-19,between,62.0,63.0,The Weather Company,https://weather.com/kalshi,0.02,0.1,0.9,0.98,25.0,29.0,4.0,0.0,2026-09-20T08:00:00Z,active,2026-09-19T01:09:45.507057+00:00
KXLOWTSAN,KXLOWTSAN-26SEP19-B60.5,Low Temperature San Diego,KSAN,2026-09-19,between,60.0,61.0,The Weather Company,https://weather.com/kalshi,0.0,0.1,0.9,1.0,35.0,0.0,80.0,0.0,2026-09-20T08:00:00Z,active,2026-09-19T01:09:45.507057+00:00
KXLOWTSAN,KXLOWTSAN-26SEP19-B58.5,Low Temperature San Diego,KSAN,2026-09-19,between,58.0,59.0,The Weather Company,https://weather.com/kalshi,0.0,0.1,0.9,1.0,35.58,0.0,85.58,0.0,2026-09-20T08:00:00Z,active,2026-09-19T01:09:45.507057+00:00
KXLOWTSAN,KXLOWTSAN-26SEP18-T66,Low Temperature San Diego,KSAN,2026-09-18,greater,66.0,,The Weather Company,https://weather.com/kalshi,0.84,0.98,0.02,0.16,7.0,10.0,224.73,0.0,2026-09-19T08:00:00Z,active,2026-09-19T01:09:45.507057+00:00
KXLOWTSAN,KXLOWTSAN-26SEP18-T59,Low Temperature San Diego,KSAN,2026-09-18,less,,59.0,The Weather Company,https://weather.com/kalshi,0.0,0.01,0.99,1.0,100.0,0.0,4.0,0.0,2026-09-19T08:00:00Z,active,2026-09-19T01:09:45.507057+00:00
KXLOWTSAN,KXLOWTSAN-26SEP18-B65.5,Low Temperature San Diego,KSAN,2026-09-18,between,65.0,66.0,The Weather Company,https://weather.com/kalshi,0.08,0.16,0.84,0.92,50.0,1.0,218.25,0.0,2026-09-19T08:00:00Z,active,2026-09-19T01:09:45.507057+00:00
KXLOWTSAN,KXLOWTSAN-26SEP18-B63.5,Low Temperature San Diego,KSAN,2026-09-18,between,63.0,64.0,The Weather Company,https://weather.com/kalshi,0.0,0.09,0.91,1.0,79.0,0.0,34.0,0.0,2026-09-19T08:00:00Z,active,2026-09-19T01:09:45.507057+00:00
KXLOWTSAN,KXLOWTSAN-26SEP18-B61.5,Low Temperature San Diego,KSAN,2026-09-18,between,61.0,62.0,The Weather Company,https://weather.com/kalshi,0.0,0.02,0.98,1.0,450.0,0.0,256.0,0.0,2026-09-19T08:00:00Z,active,2026-09-19T01:09:45.507057+00:00
KXLOWTSAN,KXLOWTSAN-26SEP18-B59.5,Low Temperature San Diego,KSAN,2026-09-18,between,59.0,60.0,The Weather Company,https://weather.com/kalshi,0.0,0.01,0.99,1.0,100.0,0.0,54.37,0.0,2026-09-19T08:00:00Z,active,2026-09-19T01:09:45.507057+00:00
KXHIGHTOKC,KXHIGHTOKC-26SEP19-T96,Oklahoma City Maximum High Temperature,KOKC,2026-09-19,less,,96.0,The Weather Company,https://weather.com/kalshi,0.01,0.03,0.97,0.99,275.0,758.54,150.46,0.0,2026-09-20T06:00:00Z,active,2026-09-19T01:09:45.507057+00:00
KXHIGHTOKC,KXHIGHTOKC-26SEP19-T103,Oklahoma City Maximum High Temperature,KOKC,2026-09-19,greater,103.0,,The Weather Company,https://weather.com/kalshi,0.0,0.01,0.99,1.0,58.99,0.0,259.05,0.0,2026-09-20T06:00:00Z,active,2026-09-19T01:09:45.507057+00:00
KXHIGHTOKC,KXHIGHTOKC-26SEP19-B98.5,Oklahoma City Maximum High Temperature,KOKC,2026-09-19,between,98.0,99.0,The Weather Company,https://weather.com/kalshi,0.47,0.48,0.52,0.53,265.0,52.58,675.76,0.0,2026-09-20T06:00:00Z,active,2026-09-19T01:09:45.507057+00:00
KXHIGHTOKC,KXHIGHTOKC-26SEP19-B96.5,Oklahoma City Maximum High Temperature,KOKC,2026-09-19,between,96.0,97.0,The Weather Company,https://weather.com/kalshi,0.09,0.12,0.88,0.91,3.08,15.0,1051.62,0.0,2026-09-20T06:00:00Z,active,2026-09-19T01:09:45.507057+00:00
KXHIGHTOKC,KXHIGHTOKC-26SEP19-B102.5,Oklahoma City Maximum High Temperature,KOKC,2026-09-19,between,102.0,103.0,The Weather Company,https://weather.com/kalshi,0.03,0.04,0.96,0.97,169.0,138.0,403.95,0.0,2026-09-20T06:00:00Z,active,2026-09-19T01:09:45.507057+00:00
KXHIGHTOKC,KXHIGHTOKC-26SEP19-B100.5,Oklahoma City Maximum High Temperature,KOKC,2026-09-19,between,100.0,101.0,The Weather Company,https://weather.com/kalshi,0.39,0.4,0.6,0.61,49.33,5.0,1434.32,0.0,2026-09-20T06:00:00Z,active,2026-09-19T01:09:45.507057+00:00
KXHIGHTOKC,KXHIGHTOKC-26SEP18-T96,Oklahoma City Maximum High Temperature,KOKC,2026-09-18,less,,96.0,The Weather Company,https://weather.com/kalshi,0.0,0.01,0.99,1.0,96993.3,0.0,1083.6,0.0,2026-09-19T06:00:00Z,active,2026-09-19T01:09:45.507057+00:00
KXHIGHTOKC,KXHIGHTOKC-26SEP18-T103,Oklahoma City Maximum High Temperature,KOKC,2026-09-18,greater,103.0,,The Weather Company,https://weather.com/kalshi,0.0,0.01,0.99,1.0,23951.22,0.0,61.0,0.0,2026-09-19T06:00:00Z,active,2026-09-19T01:09:45.507057+00:00
KXHIGHTOKC,KXHIGHTOKC-26SEP18-B98.5,Oklahoma City Maximum High Temperature,KOKC,2026-09-18,between,98.0,99.0,The Weather Company,https://weather.com/kalshi,0.99,1.0,0.0,0.01,0.0,10543.13,6732.46,0.0,2026-09-19T06:00:00Z,active,2026-09-19T01:09:45.507057+00:00
KXHIGHTOKC,KXHIGHTOKC-26SEP18-B96.5,Oklahoma City Maximum High Temperature,KOKC,2026-09-18,between,96.0,97.0,The Weather Company,https://weather.com/kalshi,0.0,0.01,0.99,1.0,96694.62,0.0,2377.78,0.0,2026-09-19T06:00:00Z,active,2026-09-19T01:09:45.507057+00:00
KXHIGHTOKC,KXHIGHTOKC-26SEP18-B102.5,Oklahoma City Maximum High Temperature,KOKC,2026-09-18,between,102.0,103.0,The Weather Company,https://weather.com/kalshi,0.0,0.01,0.99,1.0,11168.0,0.0,802.53,0.0,2026-09-19T06:00:00Z,active,2026-09-19T01:09:45.507057+00:00
KXHIGHTOKC,KXHIGHTOKC-26SEP18-B100.5,Oklahoma City Maximum High Temperature,KOKC,2026-09-18,between,100.0,101.0,The Weather Company,https://weather.com/kalshi,0.0,0.01,0.99,1.0,11036.0,0.0,6201.89,0.0,2026-09-19T06:00:00Z,active,2026-09-19T01:09:45.507057+00:00
KXHIGHAUS,KXHIGHAUS-26SEP19-T96,Highest temperature in Austin,KAUS,2026-09-19,less,,96.0,The Weather Company,https://weather.com/kalshi,0.02,0.03,0.97,0.98,20.01,16.0,618.97,0.0,2026-09-20T06:00:00Z,active,2026-09-19T01:09:45.507057+00:00
KXHIGHAUS,KXHIGHAUS-26SEP19-T103,Highest temperature in Austin,KAUS,2026-09-19,greater,103.0,,The Weather Company,https://weather.com/kalshi,0.0,0.01,0.99,1.0,83.48,0.0,432.99,0.0,2026-09-20T06:00:00Z,active,2026-09-19T01:09:45.507057+00:00
KXHIGHAUS,KXHIGHAUS-26SEP19-B98.5,Highest temperature in Austin,KAUS,2026-09-19,between,98.0,99.0,The Weather Company,https://weather.com/kalshi,0.53,0.54,0.46,0.47,15.0,91.0,777.51,0.0,2026-09-20T06:00:00Z,active,2026-09-19T01:09:45.507057+00:00
KXHIGHAUS,KXHIGHAUS-26SEP19-B96.5,Highest temperature in Austin,KAUS,2026-09-19,between,96.0,97.0,The Weather Company,https://weather.com/kalshi,0.17,0.18,0.82,0.83,8.0,11.0,1179.43,0.0,2026-09-20T06:00:00Z,active,2026-09-19T01:09:45.507057+00:00
KXHIGHAUS,KXHIGHAUS-26SEP19-B102.5,Highest temperature in Austin,KAUS,2026-09-19,between,102.0,103.0,The Weather Company,https://weather.com/kalshi,0.03,0.04,0.96,0.97,234.0,42.92,214.08,0.0,2026-09-20T06:00:00Z,active,2026-09-19T01:09:45.507057+00:00
KXHIGHAUS,KXHIGHAUS-26SEP19-B100.5,Highest temperature in Austin,KAUS,2026-09-19,between,100.0,101.0,The Weather Company,https://weather.com/kalshi,0.28,0.29,0.71,0.72,193.08,33.0,685.62,0.0,2026-09-20T06:00:00Z,active,2026-09-19T01:09:45.507057+00:00
KXHIGHAUS,KXHIGHAUS-26SEP18-T96,Highest temperature in Austin,KAUS,2026-09-18,less,,96.0,The Weather Company,https://weather.com/kalshi,0.0,0.01,0.99,1.0,141860.69,0.0,18651.62,0.0,2026-09-19T06:00:00Z,active,2026-09-19T01:09:45.507057+00:00
KXHIGHAUS,KXHIGHAUS-26SEP18-T103,Highest temperature in Austin,KAUS,2026-09-18,greater,103.0,,The Weather Company,https://weather.com/kalshi,0.0,0.01,0.99,1.0,22762.15,0.0,383.0,0.0,2026-09-19T06:00:00Z,active,2026-09-19T01:09:45.507057+00:00
KXHIGHAUS,KXHIGHAUS-26SEP18-B98.5,Highest temperature in Austin,KAUS,2026-09-18,between,98.0,99.0,The Weather Company,https://weather.com/kalshi,0.99,1.0,0.0,0.01,0.0,20973.0,11602.58,0.0,2026-09-19T06:00:00Z,active,2026-09-19T01:09:45.507057+00:00
KXHIGHAUS,KXHIGHAUS-26SEP18-B96.5,Highest temperature in Austin,KAUS,2026-09-18,between,96.0,97.0,The Weather Company,https://weather.com/kalshi,0.0,0.01,0.99,1.0,140564.21,0.0,28876.89,0.0,2026-09-19T06:00:00Z,active,2026-09-19T01:09:45.507057+00:00
KXHIGHAUS,KXHIGHAUS-26SEP18-B102.5,Highest temperature in Austin,KAUS,2026-09-18,between,102.0,103.0,The Weather Company,https://weather.com/kalshi,0.0,0.01,0.99,1.0,11952.93,0.0,1409.25,0.0,2026-09-19T06:00:00Z,active,2026-09-19T01:09:45.507057+00:00
KXHIGHAUS,KXHIGHAUS-26SEP18-B100.5,Highest temperature in Austin,KAUS,2026-09-18,between,100.0,101.0,The Weather Company,https://weather.com/kalshi,0.0,0.01,0.99,1.0,15333.75,0.0,9818.92,0.0,2026-09-19T06:00:00Z,active,2026-09-19T01:09:45.507057+00:00
KXLOWTTTN,KXLOWTTTN-26SEP19-T57,Trenton Daily low temp ,KTTN,2026-09-19,greater,57.0,,The Weather Company,https://weather.com/kalshi,0.85,0.93,0.07,0.15,29.0,25.0,25.0,0.0,2026-09-20T05:00:00Z,active,2026-09-19T01:09:45.507057+00:00
KXLOWTTTN,KXLOWTTTN-26SEP19-T50,Trenton Daily low temp ,KTTN,2026-09-19,less,,50.0,The Weather Company,https://weather.com/kalshi,0.0,0.01,0.99,1.0,6.27,0.0,61.0,0.0,2026-09-20T05:00:00Z,active,2026-09-19T01:09:45.507057+00:00
KXLOWTTTN,KXLOWTTTN-26SEP19-B56.5,Trenton Daily low temp ,KTTN,2026-09-19,between,56.0,57.0,The Weather Company,https://weather.com/kalshi,0.04,0.11,0.89,0.96,25.0,28.0,13.0,0.0,2026-09-20T05:00:00Z,active,2026-09-19T01:09:45.507057+00:00
KXLOWTTTN,KXLOWTTTN-26SEP19-B54.5,Trenton Daily low temp ,KTTN,2026-09-19,between,54.0,55.0,The Weather Company,https://weather.com/kalshi,0.02,0.1,0.9,0.98,35.0,29.0,13.0,0.0,2026-09-20T05:00:00Z,active,2026-09-19T01:09:45.507057+00:00
KXLOWTTTN,KXLOWTTTN-26SEP19-B52.5,Trenton Daily low temp ,KTTN,2026-09-19,between,52.0,53.0,The Weather Company,https://weather.com/kalshi,0.02,0.1,0.9,0.98,35.0,29.0,14.0,0.0,2026-09-20T05:00:00Z,active,2026-09-19T01:09:45.507057+00:00
KXLOWTTTN,KXLOWTTTN-26SEP19-B50.5,Trenton Daily low temp ,KTTN,2026-09-19,between,50.0,51.0,The Weather Company,https://weather.com/kalshi,0.02,0.1,0.9,0.98,35.0,29.0,28.11,0.0,2026-09-20T05:00:00Z,active,2026-09-19T01:09:45.507057+00:00
KXLOWTTTN,KXLOWTTTN-26SEP18-T67,Trenton Daily low temp ,KTTN,2026-09-18,greater,67.0,,The Weather Company,https://weather.com/kalshi,0.06,0.16,0.84,0.94,25.0,1.0,84.0,0.0,2026-09-19T05:00:00Z,active,2026-09-19T01:09:45.507057+00:00
KXLOWTTTN,KXLOWTTTN-26SEP18-T60,Trenton Daily low temp ,KTTN,2026-09-18,less,,60.0,The Weather Company,https://weather.com/kalshi,0.0,0.02,0.98,1.0,100.0,0.0,60.47,0.0,2026-09-19T05:00:00Z,active,2026-09-19T01:09:45.507057+00:00
KXLOWTTTN,KXLOWTTTN-26SEP18-B66.5,Trenton Daily low temp ,KTTN,2026-09-18,between,66.0,67.0,The Weather Company,https://weather.com/kalshi,0.38,0.49,0.51,0.62,25.0,1.0,107.0,0.0,2026-09-19T05:00:00Z,active,2026-09-19T01:09:45.507057+00:00
KXLOWTTTN,KXLOWTTTN-26SEP18-B64.5,Trenton Daily low temp ,KTTN,2026-09-18,between,64.0,65.0,The Weather Company,https://weather.com/kalshi,0.3,0.48,0.52,0.7,25.0,10.0,28.0,0.0,2026-09-19T05:00:00Z,active,2026-09-19T01:09:45.507057+00:00
KXLOWTTTN,KXLOWTTTN-26SEP18-B62.5,Trenton Daily low temp ,KTTN,2026-09-18,between,62.0,63.0,The Weather Company,https://weather.com/kalshi,0.0,0.21,0.79,1.0,25.0,0.0,61.26,0.0,2026-09-19T05:00:00Z,active,2026-09-19T01:09:45.507057+00:00
KXLOWTTTN,KXLOWTTTN-26SEP18-B60.5,Trenton Daily low temp ,KTTN,2026-09-18,between,60.0,61.0,The Weather Company,https://weather.com/kalshi,0.0,0.02,0.98,1.0,100.0,0.0,50.37,0.0,2026-09-19T05:00:00Z,active,2026-09-19T01:09:45.507057+00:00
KXHIGHTLV,KXHIGHTLV-26SEP19-T98,Las Vegas Max Daily Temperature,KLAS,2026-09-19,greater,98.0,,The Weather Company,https://weather.com/kalshi,0.0,0.02,0.98,1.0,574.8,0.0,497.04,0.0,2026-09-20T08:00:00Z,active,2026-09-19T01:09:45.507057+00:00
KXHIGHTLV,KXHIGHTLV-26SEP19-T91,Las Vegas Max Daily Temperature,KLAS,2026-09-19,less,,91.0,The Weather Company,https://weather.com/kalshi,0.0,0.02,0.98,1.0,769.5,0.0,587.88,0.0,2026-09-20T08:00:00Z,active,2026-09-19T01:09:45.507057+00:00
KXHIGHTLV,KXHIGHTLV-26SEP19-B97.5,Las Vegas Max Daily Temperature,KLAS,2026-09-19,between,97.0,98.0,The Weather Company,https://weather.com/kalshi,0.04,0.05,0.95,0.96,0.24,262.85,307.87,0.0,2026-09-20T08:00:00Z,active,2026-09-19T01:09:45.507057+00:00
KXHIGHTLV,KXHIGHTLV-26SEP19-B95.5,Las Vegas Max Daily Temperature,KLAS,2026-09-19,between,95.0,96.0,The Weather Company,https://weather.com/kalshi,0.56,0.57,0.43,0.44,231.06,22.15,770.52,0.0,2026-09-20T08:00:00Z,active,2026-09-19T01:09:45.507057+00:00
KXHIGHTLV,KXHIGHTLV-26SEP19-B93.5,Las Vegas Max Daily Temperature,KLAS,2026-09-19,between,93.0,94.0,The Weather Company,https://weather.com/kalshi,0.36,0.37,0.63,0.64,34.0,1.55,681.34,0.0,2026-09-20T08:00:00Z,active,2026-09-19T01:09:45.507057+00:00
KXHIGHTLV,KXHIGHTLV-26SEP19-B91.5,Las Vegas Max Daily Temperature,KLAS,2026-09-19,between,91.0,92.0,The Weather Company,https://weather.com/kalshi,0.01,0.03,0.97,0.99,422.0,451.16,268.29,0.0,2026-09-20T08:00:00Z,active,2026-09-19T01:09:45.507057+00:00
KXHIGHTLV,KXHIGHTLV-26SEP18-T93,Las Vegas Max Daily Temperature,KLAS,2026-09-18,less,,93.0,The Weather Company,https://weather.com/kalshi,0.0,0.01,0.99,1.0,124287.9,0.0,530.99,0.0,2026-09-19T08:00:00Z,active,2026-09-19T01:09:45.507057+00:00
KXHIGHTLV,KXHIGHTLV-26SEP18-T100,Las Vegas Max Daily Temperature,KLAS,2026-09-18,greater,100.0,,The Weather Company,https://weather.com/kalshi,0.0,0.01,0.99,1.0,18851.57,0.0,325.0,0.0,2026-09-19T08:00:00Z,active,2026-09-19T01:09:45.507057+00:00
KXHIGHTLV,KXHIGHTLV-26SEP18-B99.5,Las Vegas Max Daily Temperature,KLAS,2026-09-18,between,99.0,100.0,The Weather Company,https://weather.com/kalshi,0.0,0.01,0.99,1.0,12457.0,0.0,1238.76,0.0,2026-09-19T08:00:00Z,active,2026-09-19T01:09:45.507057+00:00
KXHIGHTLV,KXHIGHTLV-26SEP18-B97.5,Las Vegas Max Daily Temperature,KLAS,2026-09-18,between,97.0,98.0,The Weather Company,https://weather.com/kalshi,0.0,0.01,0.99,1.0,7704.26,0.0,5486.28,0.0,2026-09-19T08:00:00Z,active,2026-09-19T01:09:45.507057+00:00
KXHIGHTLV,KXHIGHTLV-26SEP18-B95.5,Las Vegas Max Daily Temperature,KLAS,2026-09-18,between,95.0,96.0,The Weather Company,https://weather.com/kalshi,0.99,1.0,0.0,0.01,0.0,10687.61,5182.32,0.0,2026-09-19T08:00:00Z,active,2026-09-19T01:09:45.507057+00:00
KXHIGHTLV,KXHIGHTLV-26SEP18-B93.5,Las Vegas Max Daily Temperature,KLAS,2026-09-18,between,93.0,94.0,The Weather Company,https://weather.com/kalshi,0.0,0.01,0.99,1.0,119250.72,0.0,7017.93,0.0,2026-09-19T08:00:00Z,active,2026-09-19T01:09:45.507057+00:00
KXLOWTNOLA,KXLOWTNOLA-26SEP19-T76,NOLA Low Temperature,KMSY,2026-09-19,greater,76.0,,The Weather Company,https://weather.com/kalshi,0.02,0.1,0.9,0.98,6.0,19.0,27.14,0.0,2026-09-20T06:00:00Z,active,2026-09-19T01:09:45.507057+00:00
KXLOWTNOLA,KXLOWTNOLA-26SEP19-T69,NOLA Low Temperature,KMSY,2026-09-19,less,,69.0,The Weather Company,https://weather.com/kalshi,0.0,0.01,0.99,1.0,24.0,0.0,0.0,0.0,2026-09-20T06:00:00Z,active,2026-09-19T01:09:45.507057+00:00
KXLOWTNOLA,KXLOWTNOLA-26SEP19-B75.5,NOLA Low Temperature,KMSY,2026-09-19,between,75.0,76.0,The Weather Company,https://weather.com/kalshi,0.25,0.29,0.71,0.75,9.2,6.0,252.0,0.0,2026-09-20T06:00:00Z,active,2026-09-19T01:09:45.507057+00:00
KXLOWTNOLA,KXLOWTNOLA-26SEP19-B73.5,NOLA Low Temperature,KMSY,2026-09-19,between,73.0,74.0,The Weather Company,https://weather.com/kalshi,0.43,0.54,0.46,0.57,29.0,6.0,4.0,0.0,2026-09-20T06:00:00Z,active,2026-09-19T01:09:45.507057+00:00
KXLOWTNOLA,KXLOWTNOLA-26SEP19-B71.5,NOLA Low Temperature,KMSY,2026-09-19,between,71.0,72.0,The Weather Company,https://weather.com/kalshi,0.07,0.13,0.87,0.93,6.0,25.0,0.0,0.0,2026-09-20T06:00:00Z,active,2026-09-19T01:09:45.507057+00:00
KXLOWTNOLA,KXLOWTNOLA-26SEP19-B69.5,NOLA Low Temperature,KMSY,2026-09-19,between,69.0,70.0,The Weather Company,https://weather.com/kalshi,0.01,0.05,0.95,0.99,104.0,65.86,28.14,0.0,2026-09-20T06:00:00Z,active,2026-09-19T01:09:45.507057+00:00
KXLOWTNOLA,KXLOWTNOLA-26SEP18-T77,NOLA Low Temperature,KMSY,2026-09-18,greater,77.0,,The Weather Company,https://weather.com/kalshi,0.0,0.01,0.99,1.0,23817.62,0.0,350.72,0.0,2026-09-19T06:00:00Z,active,2026-09-19T01:09:45.507057+00:00
KXLOWTNOLA,KXLOWTNOLA-26SEP18-T70,NOLA Low Temperature,KMSY,2026-09-18,less,,70.0,The Weather Company,https://weather.com/kalshi,0.0,0.02,0.98,1.0,300.0,0.0,65.33,0.0,2026-09-19T06:00:00Z,active,2026-09-19T01:09:45.507057+00:00
KXLOWTNOLA,KXLOWTNOLA-26SEP18-B76.5,NOLA Low Temperature,KMSY,2026-09-18,between,76.0,77.0,The Weather Company,https://weather.com/kalshi,0.0,0.01,0.99,1.0,37604.16,0.0,457.84,0.0,2026-09-19T06:00:00Z,active,2026-09-19T01:09:45.507057+00:00
KXLOWTNOLA,KXLOWTNOLA-26SEP18-B74.5,NOLA Low Temperature,KMSY,2026-09-18,between,74.0,75.0,The Weather Company,https://weather.com/kalshi,0.0,0.01,0.99,1.0,17624.41,0.0,1246.83,0.0,2026-09-19T06:00:00Z,active,2026-09-19T01:09:45.507057+00:00
KXLOWTNOLA,KXLOWTNOLA-26SEP18-B72.5,NOLA Low Temperature,KMSY,2026-09-18,between,72.0,73.0,The Weather Company,https://weather.com/kalshi,0.98,1.0,0.0,0.02,0.0,350.0,2669.46,0.0,2026-09-19T06:00:00Z,active,2026-09-19T01:09:45.507057+00:00
KXLOWTNOLA,KXLOWTNOLA-26SEP18-B70.5,NOLA Low Temperature,KMSY,2026-09-18,between,70.0,71.0,The Weather Company,https://weather.com/kalshi,0.0,0.02,0.98,1.0,356.0,0.0,164.65,0.0,2026-09-19T06:00:00Z,active,2026-09-19T01:09:45.507057+00:00
KXLOWTSEA,KXLOWTSEA-26SEP19-T53,Low Temperature Seattle,KSEA,2026-09-19,greater,53.0,,The Weather Company,https://weather.com/kalshi,0.05,0.11,0.89,0.95,5.0,23.88,22.0,0.0,2026-09-20T08:00:00Z,active,2026-09-19T01:09:45.507057+00:00
KXLOWTSEA,KXLOWTSEA-26SEP19-T46,Low Temperature Seattle,KSEA,2026-09-19,less,,46.0,The Weather Company,https://weather.com/kalshi,0.0,0.01,0.99,1.0,23.0,0.0,1.0,0.0,2026-09-20T08:00:00Z,active,2026-09-19T01:09:45.507057+00:00
KXLOWTSEA,KXLOWTSEA-26SEP19-B52.5,Low Temperature Seattle,KSEA,2026-09-19,between,52.0,53.0,The Weather Company,https://weather.com/kalshi,0.41,0.52,0.48,0.59,55.0,11.82,12.0,0.0,2026-09-20T08:00:00Z,active,2026-09-19T01:09:45.507057+00:00
KXLOWTSEA,KXLOWTSEA-26SEP19-B50.5,Low Temperature Seattle,KSEA,2026-09-19,between,50.0,51.0,The Weather Company,https://weather.com/kalshi,0.29,0.38,0.62,0.71,14.82,25.0,3.65,0.0,2026-09-20T08:00:00Z,active,2026-09-19T01:09:45.507057+00:00
KXLOWTSEA,KXLOWTSEA-26SEP19-B48.5,Low Temperature Seattle,KSEA,2026-09-19,between,48.0,49.0,The Weather Company,https://weather.com/kalshi,0.03,0.11,0.89,0.97,89.0,29.0,8.07,0.0,2026-09-20T08:00:00Z,active,2026-09-19T01:09:45.507057+00:00
KXLOWTSEA,KXLOWTSEA-26SEP19-B46.5,Low Temperature Seattle,KSEA,2026-09-19,between,46.0,47.0,The Weather Company,https://weather.com/kalshi,0.02,0.07,0.93,0.98,81.0,23.0,48.18,0.0,2026-09-20T08:00:00Z,active,2026-09-19T01:09:45.507057+00:00
KXLOWTSEA,KXLOWTSEA-26SEP18-T54,Low Temperature Seattle,KSEA,2026-09-18,greater,54.0,,The Weather Company,https://weather.com/kalshi,0.78,0.89,0.11,0.22,1.0,1.0,929.95,0.0,2026-09-19T08:00:00Z,active,2026-09-19T01:09:45.507057+00:00
KXLOWTSEA,KXLOWTSEA-26SEP18-T47,Low Temperature Seattle,KSEA,2026-09-18,less,,47.0,The Weather Company,https://weather.com/kalshi,0.0,0.01,0.99,1.0,153.0,0.0,0.0,0.0,2026-09-19T08:00:00Z,active,2026-09-19T01:09:45.507057+00:00
KXLOWTSEA,KXLOWTSEA-26SEP18-B53.5,Low Temperature Seattle,KSEA,2026-09-18,between,53.0,54.0,The Weather Company,https://weather.com/kalshi,0.11,0.23,0.77,0.89,10.0,89.0,161.62,0.0,2026-09-19T08:00:00Z,active,2026-09-19T01:09:45.507057+00:00
KXLOWTSEA,KXLOWTSEA-26SEP18-B51.5,Low Temperature Seattle,KSEA,2026-09-18,between,51.0,52.0,The Weather Company,https://weather.com/kalshi,0.0,0.02,0.98,1.0,145.62,0.0,417.85,0.0,2026-09-19T08:00:00Z,active,2026-09-19T01:09:45.507057+00:00
KXLOWTSEA,KXLOWTSEA-26SEP18-B49.5,Low Temperature Seattle,KSEA,2026-09-18,between,49.0,50.0,The Weather Company,https://weather.com/kalshi,0.0,0.02,0.98,1.0,31.0,0.0,74.0,0.0,2026-09-19T08:00:00Z,active,2026-09-19T01:09:45.507057+00:00
KXLOWTSEA,KXLOWTSEA-26SEP18-B47.5,Low Temperature Seattle,KSEA,2026-09-18,between,47.0,48.0,The Weather Company,https://weather.com/kalshi,0.0,0.02,0.98,1.0,636.46,0.0,248.46,0.0,2026-09-19T08:00:00Z,active,2026-09-19T01:09:45.507057+00:00
KXLOWTATL,KXLOWTATL-26SEP19-T75,Low Temperature Atlanta,KATL,2026-09-19,greater,75.0,,The Weather Company,https://weather.com/kalshi,0.03,0.05,0.95,0.97,30.0,0.13,76.13,0.0,2026-09-20T05:00:00Z,active,2026-09-19T01:09:45.507057+00:00
KXLOWTATL,KXLOWTATL-26SEP19-T68,Low Temperature Atlanta,KATL,2026-09-19,less,,68.0,The Weather Company,https://weather.com/kalshi,0.0,0.02,0.98,1.0,5.0,0.0,67.0,0.0,2026-09-20T05:00:00Z,active,2026-09-19T01:09:45.507057+00:00
KXLOWTATL,KXLOWTATL-26SEP19-B74.5,Low Temperature Atlanta,KATL,2026-09-19,between,74.0,75.0,The Weather Company,https://weather.com/kalshi,0.55,0.58,0.42,0.45,2.93,1.0,123.0,0.0,2026-09-20T05:00:00Z,active,2026-09-19T01:09:45.507057+00:00
KXLOWTATL,KXLOWTATL-26SEP19-B72.5,Low Temperature Atlanta,KATL,2026-09-19,between,72.0,73.0,The Weather Company,https://weather.com/kalshi,0.34,0.39,0.61,0.66,6.0,1.06,133.7,0.0,2026-09-20T05:00:00Z,active,2026-09-19T01:09:45.507057+00:00
KXLOWTATL,KXLOWTATL-26SEP19-B70.5,Low Temperature Atlanta,KATL,2026-09-19,between,70.0,71.0,The Weather Company,https://weather.com/kalshi,0.02,0.04,0.96,0.98,16.0,192.0,1.0,0.0,2026-09-20T05:00:00Z,active,2026-09-19T01:09:45.507057+00:00
KXLOWTATL,KXLOWTATL-26SEP19-B68.5,Low Temperature Atlanta,KATL,2026-09-19,between,68.0,69.0,The Weather Company,https://weather.com/kalshi,0.0,0.06,0.94,1.0,5.0,0.0,174.0,0.0,2026-09-20T05:00:00Z,active,2026-09-19T01:09:45.507057+00:00
KXLOWTATL,KXLOWTATL-26SEP18-T73,Low Temperature Atlanta,KATL,2026-09-18,greater,73.0,,The Weather Company,https://weather.com/kalshi,0.0,0.01,0.99,1.0,14604.26,0.0,1046.51,0.0,2026-09-19T05:00:00Z,active,2026-09-19T01:09:45.507057+00:00
KXLOWTATL,KXLOWTATL-26SEP18-T66,Low Temperature Atlanta,KATL,2026-09-18,less,,66.0,The Weather Company,https://weather.com/kalshi,0.0,0.03,0.97,1.0,5.0,0.0,31.0,0.0,2026-09-19T05:00:00Z,active,2026-09-19T01:09:45.507057+00:00
KXLOWTATL,KXLOWTATL-26SEP18-B72.5,Low Temperature Atlanta,KATL,2026-09-18,between,72.0,73.0,The Weather Company,https://weather.com/kalshi,0.0,0.01,0.99,1.0,9900.66,0.0,651.53,0.0,2026-09-19T05:00:00Z,active,2026-09-19T01:09:45.507057+00:00
KXLOWTATL,KXLOWTATL-26SEP18-B70.5,Low Temperature Atlanta,KATL,2026-09-18,between,70.0,71.0,The Weather Company,https://weather.com/kalshi,0.98,1.0,0.0,0.02,0.0,350.0,951.21,0.0,2026-09-19T05:00:00Z,active,2026-09-19T01:09:45.507057+00:00
KXLOWTATL,KXLOWTATL-26SEP18-B68.5,Low Temperature Atlanta,KATL,2026-09-18,between,68.0,69.0,The Weather Company,https://weather.com/kalshi,0.0,0.02,0.98,1.0,300.0,0.0,428.15,0.0,2026-09-19T05:00:00Z,active,2026-09-19T01:09:45.507057+00:00
KXLOWTATL,KXLOWTATL-26SEP18-B66.5,Low Temperature Atlanta,KATL,2026-09-18,between,66.0,67.0,The Weather Company,https://weather.com/kalshi,0.0,0.01,0.99,1.0,33.46,0.0,123.46,0.0,2026-09-19T05:00:00Z,active,2026-09-19T01:09:45.507057+00:00
KXHIGHLAX,KXHIGHLAX-26SEP19-T85,Highest temperature in Los Angeles,KLAX,2026-09-19,greater,85.0,,The Weather Company,https://weather.com/kalshi,0.0,0.01,0.99,1.0,10446.79,0.0,2306.0,0.0,2026-09-20T08:00:00Z,active,2026-09-19T01:09:45.507057+00:00
KXHIGHLAX,KXHIGHLAX-26SEP19-T78,Highest temperature in Los Angeles,KLAX,2026-09-19,less,,78.0,The Weather Company,https://weather.com/kalshi,0.36,0.37,0.63,0.64,43.01,226.0,5131.53,0.0,2026-09-20T08:00:00Z,active,2026-09-19T01:09:45.507057+00:00
KXHIGHLAX,KXHIGHLAX-26SEP19-B84.5,Highest temperature in Los Angeles,KLAX,2026-09-19,between,84.0,85.0,The Weather Company,https://weather.com/kalshi,0.01,0.02,0.98,0.99,434.01,1499.22,2532.16,0.0,2026-09-20T08:00:00Z,active,2026-09-19T01:09:45.507057+00:00
KXHIGHLAX,KXHIGHLAX-26SEP19-B82.5,Highest temperature in Los Angeles,KLAX,2026-09-19,between,82.0,83.0,The Weather Company,https://weather.com/kalshi,0.04,0.05,0.95,0.96,231.0,243.07,3116.33,0.0,2026-09-20T08:00:00Z,active,2026-09-19T01:09:45.507057+00:00
KXHIGHLAX,KXHIGHLAX-26SEP19-B80.5,Highest temperature in Los Angeles,KLAX,2026-09-19,between,80.0,81.0,The Weather Company,https://weather.com/kalshi,0.13,0.14,0.86,0.87,54.18,3.0,6048.71,0.0,2026-09-20T08:00:00Z,active,2026-09-19T01:09:45.507057+00:00
KXHIGHLAX,KXHIGHLAX-26SEP19-B78.5,Highest temperature in Los Angeles,KLAX,2026-09-19,between,78.0,79.0,The Weather Company,https://weather.com/kalshi,0.47,0.48,0.52,0.53,10.06,1.0,3443.17,0.0,2026-09-20T08:00:00Z,active,2026-09-19T01:09:45.507057+00:00
KXHIGHLAX,KXHIGHLAX-26SEP18-T79,Highest temperature in Los Angeles,KLAX,2026-09-18,greater,79.0,,The Weather Company,https://weather.com/kalshi,0.0,0.01,0.99,1.0,198026.36,0.0,80794.89,0.0,2026-09-19T08:00:00Z,active,2026-09-19T01:09:45.507057+00:00
KXHIGHLAX,KXHIGHLAX-26SEP18-T72,Highest temperature in Los Angeles,KLAX,2026-09-18,less,,72.0,The Weather Company,https://weather.com/kalshi,0.0,0.01,0.99,1.0,192951.03,0.0,5007.86,0.0,2026-09-19T08:00:00Z,active,2026-09-19T01:09:45.507057+00:00
KXHIGHLAX,KXHIGHLAX-26SEP18-B78.5,Highest temperature in Los Angeles,KLAX,2026-09-18,between,78.0,79.0,The Weather Company,https://weather.com/kalshi,0.0,0.01,0.99,1.0,95294.09,0.0,87523.22,0.0,2026-09-19T08:00:00Z,active,2026-09-19T01:09:45.507057+00:00
KXHIGHLAX,KXHIGHLAX-26SEP18-B76.5,Highest temperature in Los Angeles,KLAX,2026-09-18,between,76.0,77.0,The Weather Company,https://weather.com/kalshi,0.99,1.0,0.0,0.01,0.0,128282.59,80423.37,0.0,2026-09-19T08:00:00Z,active,2026-09-19T01:09:45.507057+00:00
KXHIGHLAX,KXHIGHLAX-26SEP18-B74.5,Highest temperature in Los Angeles,KLAX,2026-09-18,between,74.0,75.0,The Weather Company,https://weather.com/kalshi,0.0,0.01,0.99,1.0,155484.55,0.0,33241.49,0.0,2026-09-19T08:00:00Z,active,2026-09-19T01:09:45.507057+00:00
KXHIGHLAX,KXHIGHLAX-26SEP18-B72.5,Highest temperature in Los Angeles,KLAX,2026-09-18,between,72.0,73.0,The Weather Company,https://weather.com/kalshi,0.0,0.01,0.99,1.0,162562.23,0.0,3422.53,0.0,2026-09-19T08:00:00Z,active,2026-09-19T01:09:45.507057+00:00
KXHIGHTTTN,KXHIGHTTTN-26SEP19-T78,"Trenton, NJ Daily Max Temp",KTTN,2026-09-19,greater,78.0,,The Weather Company,https://weather.com/kalshi,0.01,0.02,0.98,0.99,6.0,4.77,25.23,0.0,2026-09-20T05:00:00Z,active,2026-09-19T01:09:45.507057+00:00
KXHIGHTTTN,KXHIGHTTTN-26SEP19-T71,"Trenton, NJ Daily Max Temp",KTTN,2026-09-19,less,,71.0,The Weather Company,https://weather.com/kalshi,0.15,0.25,0.75,0.85,25.0,18.41,10.59,0.0,2026-09-20T05:00:00Z,active,2026-09-19T01:09:45.507057+00:00
KXHIGHTTTN,KXHIGHTTTN-26SEP19-B77.5,"Trenton, NJ Daily Max Temp",KTTN,2026-09-19,between,77.0,78.0,The Weather Company,https://weather.com/kalshi,0.02,0.1,0.9,0.98,35.0,10.66,68.34,0.0,2026-09-20T05:00:00Z,active,2026-09-19T01:09:45.507057+00:00
KXHIGHTTTN,KXHIGHTTTN-26SEP19-B75.5,"Trenton, NJ Daily Max Temp",KTTN,2026-09-19,between,75.0,76.0,The Weather Company,https://weather.com/kalshi,0.07,0.16,0.84,0.93,55.0,29.0,0.0,0.0,2026-09-20T05:00:00Z,active,2026-09-19T01:09:45.507057+00:00
KXHIGHTTTN,KXHIGHTTTN-26SEP19-B73.5,"Trenton, NJ Daily Max Temp",KTTN,2026-09-19,between,73.0,74.0,The Weather Company,https://weather.com/kalshi,0.23,0.41,0.59,0.77,3.0,7.0,2.0,0.0,2026-09-20T05:00:00Z,active,2026-09-19T01:09:45.507057+00:00
KXHIGHTTTN,KXHIGHTTTN-26SEP19-B71.5,"Trenton, NJ Daily Max Temp",KTTN,2026-09-19,between,71.0,72.0,The Weather Company,https://weather.com/kalshi,0.3,0.43,0.57,0.7,5.0,5.0,0.0,0.0,2026-09-20T05:00:00Z,active,2026-09-19T01:09:45.507057+00:00
KXHIGHTTTN,KXHIGHTTTN-26SEP18-T87,"Trenton, NJ Daily Max Temp",KTTN,2026-09-18,greater,87.0,,The Weather Company,https://weather.com/kalshi,0.0,0.01,0.99,1.0,9116.0,0.0,51.38,0.0,2026-09-19T05:00:00Z,active,2026-09-19T01:09:45.507057+00:00
KXHIGHTTTN,KXHIGHTTTN-26SEP18-T80,"Trenton, NJ Daily Max Temp",KTTN,2026-09-18,less,,80.0,The Weather Company,https://weather.com/kalshi,0.0,0.01,0.99,1.0,8528.32,0.0,326.51,0.0,2026-09-19T05:00:00Z,active,2026-09-19T01:09:45.507057+00:00
KXHIGHTTTN,KXHIGHTTTN-26SEP18-B86.5,"Trenton, NJ Daily Max Temp",KTTN,2026-09-18,between,86.0,87.0,The Weather Company,https://weather.com/kalshi,0.0,0.01,0.99,1.0,1650.0,0.0,40.18,0.0,2026-09-19T05:00:00Z,active,2026-09-19T01:09:45.507057+00:00
KXHIGHTTTN,KXHIGHTTTN-26SEP18-B84.5,"Trenton, NJ Daily Max Temp",KTTN,2026-09-18,between,84.0,85.0,The Weather Company,https://weather.com/kalshi,0.0,0.01,0.99,1.0,1650.0,0.0,443.26,0.0,2026-09-19T05:00:00Z,active,2026-09-19T01:09:45.507057+00:00
KXHIGHTTTN,KXHIGHTTTN-26SEP18-B82.5,"Trenton, NJ Daily Max Temp",KTTN,2026-09-18,between,82.0,83.0,The Weather Company,https://weather.com/kalshi,0.99,1.0,0.0,0.01,0.0,1246.0,956.0,0.0,2026-09-19T05:00:00Z,active,2026-09-19T01:09:45.507057+00:00
KXHIGHTTTN,KXHIGHTTTN-26SEP18-B80.5,"Trenton, NJ Daily Max Temp",KTTN,2026-09-18,between,80.0,81.0,The Weather Company,https://weather.com/kalshi,0.0,0.01,0.99,1.0,8505.0,0.0,434.0,0.0,2026-09-19T05:00:00Z,active,2026-09-19T01:09:45.507057+00:00
