series_ticker,market_ticker,city_label,station_id,target_date,strike_type,floor_strike,cap_strike,settlement_source_name,settlement_source_url,yes_bid,yes_ask,no_bid,no_ask,yes_ask_size,yes_bid_size,volume,liquidity,close_time,status,pulled_at
KXLOWTDAL,KXLOWTDAL-26OCT07-T63,Lowest temperature Dallas,KDFW,2026-10-07,greater,63.0,,The Weather Company,https://weather.com/kalshi,0.37,0.42,0.58,0.63,6.0,7.0,30.0,,2026-10-08T06:00:00Z,active,2026-10-06T21:37:49.023407+00:00
KXLOWTDAL,KXLOWTDAL-26OCT07-T56,Lowest temperature Dallas,KDFW,2026-10-07,less,,56.0,The Weather Company,https://weather.com/kalshi,0.0,0.01,0.99,1.0,4.0,0.0,14.0,,2026-10-08T06:00:00Z,active,2026-10-06T21:37:49.023407+00:00
KXLOWTDAL,KXLOWTDAL-26OCT07-B62.5,Lowest temperature Dallas,KDFW,2026-10-07,between,62.0,63.0,The Weather Company,https://weather.com/kalshi,0.4,0.46,0.54,0.6,3.0,4.0,91.42,,2026-10-08T06:00:00Z,active,2026-10-06T21:37:49.023407+00:00
KXLOWTDAL,KXLOWTDAL-26OCT07-B60.5,Lowest temperature Dallas,KDFW,2026-10-07,between,60.0,61.0,The Weather Company,https://weather.com/kalshi,0.13,0.22,0.78,0.87,8.0,22.48,36.0,,2026-10-08T06:00:00Z,active,2026-10-06T21:37:49.023407+00:00
KXLOWTDAL,KXLOWTDAL-26OCT07-B58.5,Lowest temperature Dallas,KDFW,2026-10-07,between,58.0,59.0,The Weather Company,https://weather.com/kalshi,0.01,0.04,0.96,0.99,6.0,24.26,247.27,,2026-10-08T06:00:00Z,active,2026-10-06T21:37:49.023407+00:00
KXLOWTDAL,KXLOWTDAL-26OCT07-B56.5,Lowest temperature Dallas,KDFW,2026-10-07,between,56.0,57.0,The Weather Company,https://weather.com/kalshi,0.0,0.01,0.99,1.0,6.0,0.0,109.0,,2026-10-08T06:00:00Z,active,2026-10-06T21:37:49.023407+00:00
KXLOWTDAL,KXLOWTDAL-26OCT06-T63,Lowest temperature Dallas,KDFW,2026-10-06,greater,63.0,,The Weather Company,https://weather.com/kalshi,0.0,0.01,0.99,1.0,13558.15,0.0,618.93,,2026-10-07T06:00:00Z,active,2026-10-06T21:37:49.023407+00:00
KXLOWTDAL,KXLOWTDAL-26OCT06-T56,Lowest temperature Dallas,KDFW,2026-10-06,less,,56.0,The Weather Company,https://weather.com/kalshi,0.0,0.01,0.99,1.0,411.0,0.0,14.0,,2026-10-07T06:00:00Z,active,2026-10-06T21:37:49.023407+00:00
KXLOWTDAL,KXLOWTDAL-26OCT06-B62.5,Lowest temperature Dallas,KDFW,2026-10-06,between,62.0,63.0,The Weather Company,https://weather.com/kalshi,0.99,1.0,0.0,0.01,0.0,37.0,869.61,,2026-10-07T06:00:00Z,active,2026-10-06T21:37:49.023407+00:00
KXLOWTDAL,KXLOWTDAL-26OCT06-B60.5,Lowest temperature Dallas,KDFW,2026-10-06,between,60.0,61.0,The Weather Company,https://weather.com/kalshi,0.0,0.01,0.99,1.0,37.0,0.0,320.58,,2026-10-07T06:00:00Z,active,2026-10-06T21:37:49.023407+00:00
KXLOWTDAL,KXLOWTDAL-26OCT06-B58.5,Lowest temperature Dallas,KDFW,2026-10-06,between,58.0,59.0,The Weather Company,https://weather.com/kalshi,0.0,0.01,0.99,1.0,66.0,0.0,166.93,,2026-10-07T06:00:00Z,active,2026-10-06T21:37:49.023407+00:00
KXLOWTDAL,KXLOWTDAL-26OCT06-B56.5,Lowest temperature Dallas,KDFW,2026-10-06,between,56.0,57.0,The Weather Company,https://weather.com/kalshi,0.0,0.01,0.99,1.0,200.02,0.0,156.95,,2026-10-07T06:00:00Z,active,2026-10-06T21:37:49.023407+00:00
KXLOWTNYC,KXLOWTNYC-26OCT07-T49,Lowest temperature in NYC,KNYC,2026-10-07,greater,49.0,,The Weather Company,https://weather.com/kalshi,0.05,0.06,0.94,0.95,30.0,3.47,118.0,,2026-10-08T05:00:00Z,active,2026-10-06T21:37:49.023407+00:00
KXLOWTNYC,KXLOWTNYC-26OCT07-T42,Lowest temperature in NYC,KNYC,2026-10-07,less,,42.0,The Weather Company,https://weather.com/kalshi,0.01,0.02,0.98,0.99,97.0,0.45,251.91,,2026-10-08T05:00:00Z,active,2026-10-06T21:37:49.023407+00:00
KXLOWTNYC,KXLOWTNYC-26OCT07-B48.5,Lowest temperature in NYC,KNYC,2026-10-07,between,48.0,49.0,The Weather Company,https://weather.com/kalshi,0.33,0.44,0.56,0.67,6.0,10.0,146.24,,2026-10-08T05:00:00Z,active,2026-10-06T21:37:49.023407+00:00
KXLOWTNYC,KXLOWTNYC-26OCT07-B46.5,Lowest temperature in NYC,KNYC,2026-10-07,between,46.0,47.0,The Weather Company,https://weather.com/kalshi,0.41,0.51,0.49,0.59,10.0,3.0,229.0,,2026-10-08T05:00:00Z,active,2026-10-06T21:37:49.023407+00:00
KXLOWTNYC,KXLOWTNYC-26OCT07-B44.5,Lowest temperature in NYC,KNYC,2026-10-07,between,44.0,45.0,The Weather Company,https://weather.com/kalshi,0.09,0.18,0.82,0.91,8.0,74.0,157.85,,2026-10-08T05:00:00Z,active,2026-10-06T21:37:49.023407+00:00
KXLOWTNYC,KXLOWTNYC-26OCT07-B42.5,Lowest temperature in NYC,KNYC,2026-10-07,between,42.0,43.0,The Weather Company,https://weather.com/kalshi,0.02,0.05,0.95,0.98,7.0,125.63,227.92,,2026-10-08T05:00:00Z,active,2026-10-06T21:37:49.023407+00:00
KXLOWTNYC,KXLOWTNYC-26OCT06-T50,Lowest temperature in NYC,KNYC,2026-10-06,greater,50.0,,The Weather Company,https://weather.com/kalshi,0.0,0.01,0.99,1.0,10326.36,0.0,1309.98,,2026-10-07T05:00:00Z,active,2026-10-06T21:37:49.023407+00:00
KXLOWTNYC,KXLOWTNYC-26OCT06-T43,Lowest temperature in NYC,KNYC,2026-10-06,less,,43.0,The Weather Company,https://weather.com/kalshi,0.0,0.01,0.99,1.0,201.59,0.0,202.59,,2026-10-07T05:00:00Z,active,2026-10-06T21:37:49.023407+00:00
KXLOWTNYC,KXLOWTNYC-26OCT06-B49.5,Lowest temperature in NYC,KNYC,2026-10-06,between,49.0,50.0,The Weather Company,https://weather.com/kalshi,0.0,0.01,0.99,1.0,3163.02,0.0,4663.38,,2026-10-07T05:00:00Z,active,2026-10-06T21:37:49.023407+00:00
KXLOWTNYC,KXLOWTNYC-26OCT06-B47.5,Lowest temperature in NYC,KNYC,2026-10-06,between,47.0,48.0,The Weather Company,https://weather.com/kalshi,0.98,0.99,0.01,0.02,110.99,50.4,1110.08,,2026-10-07T05:00:00Z,active,2026-10-06T21:37:49.023407+00:00
KXLOWTNYC,KXLOWTNYC-26OCT06-B45.5,Lowest temperature in NYC,KNYC,2026-10-06,between,45.0,46.0,The Weather Company,https://weather.com/kalshi,0.0,0.01,0.99,1.0,100.0,0.0,946.67,,2026-10-07T05:00:00Z,active,2026-10-06T21:37:49.023407+00:00
KXLOWTNYC,KXLOWTNYC-26OCT06-B43.5,Lowest temperature in NYC,KNYC,2026-10-06,between,43.0,44.0,The Weather Company,https://weather.com/kalshi,0.0,0.02,0.98,1.0,49.0,0.0,885.12,,2026-10-07T05:00:00Z,active,2026-10-06T21:37:49.023407+00:00
KXHIGHMIA,KXHIGHMIA-26OCT07-T92,Highest temperature in Miami,KMIA,2026-10-07,greater,92.0,,The Weather Company,https://weather.com/kalshi,0.01,0.02,0.98,0.99,138.24,349.13,305.87,,2026-10-08T05:00:00Z,active,2026-10-06T21:37:49.023407+00:00
KXHIGHMIA,KXHIGHMIA-26OCT07-T85,Highest temperature in Miami,KMIA,2026-10-07,less,,85.0,The Weather Company,https://weather.com/kalshi,0.01,0.02,0.98,0.99,667.0,99.53,362.47,,2026-10-08T05:00:00Z,active,2026-10-06T21:37:49.023407+00:00
KXHIGHMIA,KXHIGHMIA-26OCT07-B91.5,Highest temperature in Miami,KMIA,2026-10-07,between,91.0,92.0,The Weather Company,https://weather.com/kalshi,0.36,0.37,0.63,0.64,17.01,127.0,792.57,,2026-10-08T05:00:00Z,active,2026-10-06T21:37:49.023407+00:00
KXHIGHMIA,KXHIGHMIA-26OCT07-B89.5,Highest temperature in Miami,KMIA,2026-10-07,between,89.0,90.0,The Weather Company,https://weather.com/kalshi,0.51,0.52,0.48,0.49,32.0,34.0,537.52,,2026-10-08T05:00:00Z,active,2026-10-06T21:37:49.023407+00:00
KXHIGHMIA,KXHIGHMIA-26OCT07-B87.5,Highest temperature in Miami,KMIA,2026-10-07,between,87.0,88.0,The Weather Company,https://weather.com/kalshi,0.08,0.09,0.91,0.92,42.0,95.0,874.85,,2026-10-08T05:00:00Z,active,2026-10-06T21:37:49.023407+00:00
KXHIGHMIA,KXHIGHMIA-26OCT07-B85.5,Highest temperature in Miami,KMIA,2026-10-07,between,85.0,86.0,The Weather Company,https://weather.com/kalshi,0.02,0.03,0.97,0.98,152.0,435.96,248.04,,2026-10-08T05:00:00Z,active,2026-10-06T21:37:49.023407+00:00
KXHIGHMIA,KXHIGHMIA-26OCT06-T92,Highest temperature in Miami,KMIA,2026-10-06,greater,92.0,,The Weather Company,https://weather.com/kalshi,0.0,0.01,0.99,1.0,14100.4,0.0,7242.4,,2026-10-07T05:00:00Z,active,2026-10-06T21:37:49.023407+00:00
KXHIGHMIA,KXHIGHMIA-26OCT06-T85,Highest temperature in Miami,KMIA,2026-10-06,less,,85.0,The Weather Company,https://weather.com/kalshi,0.0,0.01,0.99,1.0,145448.73,0.0,1345.29,,2026-10-07T05:00:00Z,active,2026-10-06T21:37:49.023407+00:00
KXHIGHMIA,KXHIGHMIA-26OCT06-B91.5,Highest temperature in Miami,KMIA,2026-10-06,between,91.0,92.0,The Weather Company,https://weather.com/kalshi,0.0,0.01,0.99,1.0,37402.4,0.0,21870.71,,2026-10-07T05:00:00Z,active,2026-10-06T21:37:49.023407+00:00
KXHIGHMIA,KXHIGHMIA-26OCT06-B89.5,Highest temperature in Miami,KMIA,2026-10-06,between,89.0,90.0,The Weather Company,https://weather.com/kalshi,0.99,1.0,0.0,0.01,0.0,45155.7,22682.92,,2026-10-07T05:00:00Z,active,2026-10-06T21:37:49.023407+00:00
KXHIGHMIA,KXHIGHMIA-26OCT06-B87.5,Highest temperature in Miami,KMIA,2026-10-06,between,87.0,88.0,The Weather Company,https://weather.com/kalshi,0.0,0.01,0.99,1.0,86389.53,0.0,49380.08,,2026-10-07T05:00:00Z,active,2026-10-06T21:37:49.023407+00:00
KXHIGHMIA,KXHIGHMIA-26OCT06-B85.5,Highest temperature in Miami,KMIA,2026-10-06,between,85.0,86.0,The Weather Company,https://weather.com/kalshi,0.0,0.01,0.99,1.0,156238.2,0.0,6258.94,,2026-10-07T05:00:00Z,active,2026-10-06T21:37:49.023407+00:00
KXHIGHTMIN,KXHIGHTMIN-26OCT07-T77,Minneapolis Daily High Temperature,KMSP,2026-10-07,greater,77.0,,The Weather Company,https://weather.com/kalshi,0.01,0.02,0.98,0.99,83.0,133.46,366.54,,2026-10-08T06:00:00Z,active,2026-10-06T21:37:49.023407+00:00
KXHIGHTMIN,KXHIGHTMIN-26OCT07-T70,Minneapolis Daily High Temperature,KMSP,2026-10-07,less,,70.0,The Weather Company,https://weather.com/kalshi,0.0,0.02,0.98,1.0,6.0,0.0,289.29,,2026-10-08T06:00:00Z,active,2026-10-06T21:37:49.023407+00:00
KXHIGHTMIN,KXHIGHTMIN-26OCT07-B76.5,Minneapolis Daily High Temperature,KMSP,2026-10-07,between,76.0,77.0,The Weather Company,https://weather.com/kalshi,0.21,0.22,0.78,0.79,1.57,16.0,421.63,,2026-10-08T06:00:00Z,active,2026-10-06T21:37:49.023407+00:00
KXHIGHTMIN,KXHIGHTMIN-26OCT07-B74.5,Minneapolis Daily High Temperature,KMSP,2026-10-07,between,74.0,75.0,The Weather Company,https://weather.com/kalshi,0.56,0.57,0.43,0.44,13.0,19.0,292.0,,2026-10-08T06:00:00Z,active,2026-10-06T21:37:49.023407+00:00
KXHIGHTMIN,KXHIGHTMIN-26OCT07-B72.5,Minneapolis Daily High Temperature,KMSP,2026-10-07,between,72.0,73.0,The Weather Company,https://weather.com/kalshi,0.17,0.18,0.82,0.83,32.0,8.0,487.0,,2026-10-08T06:00:00Z,active,2026-10-06T21:37:49.023407+00:00
KXHIGHTMIN,KXHIGHTMIN-26OCT07-B70.5,Minneapolis Daily High Temperature,KMSP,2026-10-07,between,70.0,71.0,The Weather Company,https://weather.com/kalshi,0.01,0.02,0.98,0.99,9.0,1079.45,251.55,,2026-10-08T06:00:00Z,active,2026-10-06T21:37:49.023407+00:00
KXHIGHTMIN,KXHIGHTMIN-26OCT06-T84,Minneapolis Daily High Temperature,KMSP,2026-10-06,greater,84.0,,The Weather Company,https://weather.com/kalshi,0.0,0.01,0.99,1.0,464.41,0.0,2806.94,,2026-10-07T06:00:00Z,active,2026-10-06T21:37:49.023407+00:00
KXHIGHTMIN,KXHIGHTMIN-26OCT06-T77,Minneapolis Daily High Temperature,KMSP,2026-10-06,less,,77.0,The Weather Company,https://weather.com/kalshi,0.0,0.01,0.99,1.0,110979.04,0.0,1609.21,,2026-10-07T06:00:00Z,active,2026-10-06T21:37:49.023407+00:00
KXHIGHTMIN,KXHIGHTMIN-26OCT06-B83.5,Minneapolis Daily High Temperature,KMSP,2026-10-06,between,83.0,84.0,The Weather Company,https://weather.com/kalshi,0.23,0.32,0.68,0.77,9.04,13.5,13076.15,,2026-10-07T06:00:00Z,active,2026-10-06T21:37:49.023407+00:00
KXHIGHTMIN,KXHIGHTMIN-26OCT06-B81.5,Minneapolis Daily High Temperature,KMSP,2026-10-06,between,81.0,82.0,The Weather Company,https://weather.com/kalshi,0.69,0.74,0.26,0.31,52.0,7.0,8020.45,,2026-10-07T06:00:00Z,active,2026-10-06T21:37:49.023407+00:00
KXHIGHTMIN,KXHIGHTMIN-26OCT06-B79.5,Minneapolis Daily High Temperature,KMSP,2026-10-06,between,79.0,80.0,The Weather Company,https://weather.com/kalshi,0.0,0.01,0.99,1.0,141793.34,0.0,9697.92,,2026-10-07T06:00:00Z,active,2026-10-06T21:37:49.023407+00:00
KXHIGHTMIN,KXHIGHTMIN-26OCT06-B77.5,Minneapolis Daily High Temperature,KMSP,2026-10-06,between,77.0,78.0,The Weather Company,https://weather.com/kalshi,0.0,0.01,0.99,1.0,144275.49,0.0,5744.84,,2026-10-07T06:00:00Z,active,2026-10-06T21:37:49.023407+00:00
KXLOWTDC,KXLOWTDC-26OCT07-T47,Lowest Temperature DC ,KDCA,2026-10-07,greater,47.0,,The Weather Company,https://weather.com/kalshi,0.54,0.55,0.45,0.46,9.0,1.0,97.0,,2026-10-08T05:00:00Z,active,2026-10-06T21:37:49.023407+00:00
KXLOWTDC,KXLOWTDC-26OCT07-T40,Lowest Temperature DC ,KDCA,2026-10-07,less,,40.0,The Weather Company,https://weather.com/kalshi,0.0,0.01,0.99,1.0,5.0,0.0,14.0,,2026-10-08T05:00:00Z,active,2026-10-06T21:37:49.023407+00:00
KXLOWTDC,KXLOWTDC-26OCT07-B46.5,Lowest Temperature DC ,KDCA,2026-10-07,between,46.0,47.0,The Weather Company,https://weather.com/kalshi,0.32,0.4,0.6,0.68,5.0,15.0,19.0,,2026-10-08T05:00:00Z,active,2026-10-06T21:37:49.023407+00:00
KXLOWTDC,KXLOWTDC-26OCT07-B44.5,Lowest Temperature DC ,KDCA,2026-10-07,between,44.0,45.0,The Weather Company,https://weather.com/kalshi,0.03,0.08,0.92,0.97,3.0,17.71,1.0,,2026-10-08T05:00:00Z,active,2026-10-06T21:37:49.023407+00:00
KXLOWTDC,KXLOWTDC-26OCT07-B42.5,Lowest Temperature DC ,KDCA,2026-10-07,between,42.0,43.0,The Weather Company,https://weather.com/kalshi,0.01,0.03,0.97,0.99,23.0,209.63,173.37,,2026-10-08T05:00:00Z,active,2026-10-06T21:37:49.023407+00:00
KXLOWTDC,KXLOWTDC-26OCT07-B40.5,Lowest Temperature DC ,KDCA,2026-10-07,between,40.0,41.0,The Weather Company,https://weather.com/kalshi,0.0,0.02,0.98,1.0,4.0,0.0,193.74,,2026-10-08T05:00:00Z,active,2026-10-06T21:37:49.023407+00:00
KXLOWTDC,KXLOWTDC-26OCT06-T49,Lowest Temperature DC ,KDCA,2026-10-06,greater,49.0,,The Weather Company,https://weather.com/kalshi,0.81,0.87,0.13,0.19,10.0,12.0,583.67,,2026-10-07T05:00:00Z,active,2026-10-06T21:37:49.023407+00:00
KXLOWTDC,KXLOWTDC-26OCT06-T42,Lowest Temperature DC ,KDCA,2026-10-06,less,,42.0,The Weather Company,https://weather.com/kalshi,0.0,0.01,0.99,1.0,256.0,0.0,19.0,,2026-10-07T05:00:00Z,active,2026-10-06T21:37:49.023407+00:00
KXLOWTDC,KXLOWTDC-26OCT06-B48.5,Lowest Temperature DC ,KDCA,2026-10-06,between,48.0,49.0,The Weather Company,https://weather.com/kalshi,0.09,0.2,0.8,0.91,1.0,11.0,149.39,,2026-10-07T05:00:00Z,active,2026-10-06T21:37:49.023407+00:00
KXLOWTDC,KXLOWTDC-26OCT06-B46.5,Lowest Temperature DC ,KDCA,2026-10-06,between,46.0,47.0,The Weather Company,https://weather.com/kalshi,0.01,0.03,0.97,0.99,1.0,44.0,187.56,,2026-10-07T05:00:00Z,active,2026-10-06T21:37:49.023407+00:00
KXLOWTDC,KXLOWTDC-26OCT06-B44.5,Lowest Temperature DC ,KDCA,2026-10-06,between,44.0,45.0,The Weather Company,https://weather.com/kalshi,0.0,0.02,0.98,1.0,300.0,0.0,249.03,,2026-10-07T05:00:00Z,active,2026-10-06T21:37:49.023407+00:00
KXLOWTDC,KXLOWTDC-26OCT06-B42.5,Lowest Temperature DC ,KDCA,2026-10-06,between,42.0,43.0,The Weather Company,https://weather.com/kalshi,0.0,0.02,0.98,1.0,244.0,0.0,254.95,,2026-10-07T05:00:00Z,active,2026-10-06T21:37:49.023407+00:00
KXHIGHTDAL,KXHIGHTDAL-26OCT07-T88,Dallas Maximum Temperature,KDFW,2026-10-07,greater,88.0,,The Weather Company,https://weather.com/kalshi,0.34,0.37,0.63,0.66,3.13,2.96,1173.46,,2026-10-08T06:00:00Z,active,2026-10-06T21:37:49.023407+00:00
KXHIGHTDAL,KXHIGHTDAL-26OCT07-T81,Dallas Maximum Temperature,KDFW,2026-10-07,less,,81.0,The Weather Company,https://weather.com/kalshi,0.0,0.01,0.99,1.0,81.0,0.0,273.0,,2026-10-08T06:00:00Z,active,2026-10-06T21:37:49.023407+00:00
KXHIGHTDAL,KXHIGHTDAL-26OCT07-B87.5,Dallas Maximum Temperature,KDFW,2026-10-07,between,87.0,88.0,The Weather Company,https://weather.com/kalshi,0.51,0.52,0.48,0.49,19.0,2.0,1081.79,,2026-10-08T06:00:00Z,active,2026-10-06T21:37:49.023407+00:00
KXHIGHTDAL,KXHIGHTDAL-26OCT07-B85.5,Dallas Maximum Temperature,KDFW,2026-10-07,between,85.0,86.0,The Weather Company,https://weather.com/kalshi,0.09,0.1,0.9,0.91,34.08,25.96,945.87,,2026-10-08T06:00:00Z,active,2026-10-06T21:37:49.023407+00:00
KXHIGHTDAL,KXHIGHTDAL-26OCT07-B83.5,Dallas Maximum Temperature,KDFW,2026-10-07,between,83.0,84.0,The Weather Company,https://weather.com/kalshi,0.01,0.02,0.98,0.99,50.0,754.54,525.32,,2026-10-08T06:00:00Z,active,2026-10-06T21:37:49.023407+00:00
KXHIGHTDAL,KXHIGHTDAL-26OCT07-B81.5,Dallas Maximum Temperature,KDFW,2026-10-07,between,81.0,82.0,The Weather Company,https://weather.com/kalshi,0.0,0.01,0.99,1.0,37.0,0.0,374.0,,2026-10-08T06:00:00Z,active,2026-10-06T21:37:49.023407+00:00
KXHIGHTDAL,KXHIGHTDAL-26OCT06-T86,Dallas Maximum Temperature,KDFW,2026-10-06,greater,86.0,,The Weather Company,https://weather.com/kalshi,0.99,1.0,0.0,0.01,0.0,2471.85,12254.91,,2026-10-07T06:00:00Z,active,2026-10-06T21:37:49.023407+00:00
KXHIGHTDAL,KXHIGHTDAL-26OCT06-T79,Dallas Maximum Temperature,KDFW,2026-10-06,less,,79.0,The Weather Company,https://weather.com/kalshi,0.0,0.01,0.99,1.0,85539.99,0.0,798.28,,2026-10-07T06:00:00Z,active,2026-10-06T21:37:49.023407+00:00
KXHIGHTDAL,KXHIGHTDAL-26OCT06-B85.5,Dallas Maximum Temperature,KDFW,2026-10-06,between,85.0,86.0,The Weather Company,https://weather.com/kalshi,0.0,0.01,0.99,1.0,27204.6,0.0,10207.75,,2026-10-07T06:00:00Z,active,2026-10-06T21:37:49.023407+00:00
KXHIGHTDAL,KXHIGHTDAL-26OCT06-B83.5,Dallas Maximum Temperature,KDFW,2026-10-06,between,83.0,84.0,The Weather Company,https://weather.com/kalshi,0.0,0.01,0.99,1.0,78787.95,0.0,7503.86,,2026-10-07T06:00:00Z,active,2026-10-06T21:37:49.023407+00:00
KXHIGHTDAL,KXHIGHTDAL-26OCT06-B81.5,Dallas Maximum Temperature,KDFW,2026-10-06,between,81.0,82.0,The Weather Company,https://weather.com/kalshi,0.0,0.01,0.99,1.0,58563.05,0.0,3070.37,,2026-10-07T06:00:00Z,active,2026-10-06T21:37:49.023407+00:00
KXHIGHTDAL,KXHIGHTDAL-26OCT06-B79.5,Dallas Maximum Temperature,KDFW,2026-10-06,between,79.0,80.0,The Weather Company,https://weather.com/kalshi,0.0,0.01,0.99,1.0,78823.4,0.0,1072.1,,2026-10-07T06:00:00Z,active,2026-10-06T21:37:49.023407+00:00
KXHIGHTOKC,KXHIGHTOKC-26OCT07-T92,Oklahoma City Maximum High Temperature,KOKC,2026-10-07,greater,92.0,,The Weather Company,https://weather.com/kalshi,0.08,0.09,0.91,0.92,77.73,24.79,222.16,,2026-10-08T06:00:00Z,active,2026-10-06T21:37:49.023407+00:00
KXHIGHTOKC,KXHIGHTOKC-26OCT07-T85,Oklahoma City Maximum High Temperature,KOKC,2026-10-07,less,,85.0,The Weather Company,https://weather.com/kalshi,0.01,0.02,0.98,0.99,51.0,115.53,412.47,,2026-10-08T06:00:00Z,active,2026-10-06T21:37:49.023407+00:00
KXHIGHTOKC,KXHIGHTOKC-26OCT07-B91.5,Oklahoma City Maximum High Temperature,KOKC,2026-10-07,between,91.0,92.0,The Weather Company,https://weather.com/kalshi,0.43,0.44,0.56,0.57,17.0,43.0,777.69,,2026-10-08T06:00:00Z,active,2026-10-06T21:37:49.023407+00:00
KXHIGHTOKC,KXHIGHTOKC-26OCT07-B89.5,Oklahoma City Maximum High Temperature,KOKC,2026-10-07,between,89.0,90.0,The Weather Company,https://weather.com/kalshi,0.34,0.35,0.65,0.66,13.0,70.0,1027.93,,2026-10-08T06:00:00Z,active,2026-10-06T21:37:49.023407+00:00
KXHIGHTOKC,KXHIGHTOKC-26OCT07-B87.5,Oklahoma City Maximum High Temperature,KOKC,2026-10-07,between,87.0,88.0,The Weather Company,https://weather.com/kalshi,0.05,0.08,0.92,0.95,7.0,59.0,81.5,,2026-10-08T06:00:00Z,active,2026-10-06T21:37:49.023407+00:00
KXHIGHTOKC,KXHIGHTOKC-26OCT07-B85.5,Oklahoma City Maximum High Temperature,KOKC,2026-10-07,between,85.0,86.0,The Weather Company,https://weather.com/kalshi,0.02,0.03,0.97,0.98,24.0,273.63,277.73,,2026-10-08T06:00:00Z,active,2026-10-06T21:37:49.023407+00:00
KXHIGHTOKC,KXHIGHTOKC-26OCT06-T88,Oklahoma City Maximum High Temperature,KOKC,2026-10-06,greater,88.0,,The Weather Company,https://weather.com/kalshi,0.0,0.01,0.99,1.0,32.0,0.0,3096.03,,2026-10-07T06:00:00Z,active,2026-10-06T21:37:49.023407+00:00
KXHIGHTOKC,KXHIGHTOKC-26OCT06-T81,Oklahoma City Maximum High Temperature,KOKC,2026-10-06,less,,81.0,The Weather Company,https://weather.com/kalshi,0.0,0.01,0.99,1.0,14701.69,0.0,637.11,,2026-10-07T06:00:00Z,active,2026-10-06T21:37:49.023407+00:00
KXHIGHTOKC,KXHIGHTOKC-26OCT06-B87.5,Oklahoma City Maximum High Temperature,KOKC,2026-10-06,between,87.0,88.0,The Weather Company,https://weather.com/kalshi,0.02,0.07,0.93,0.98,45.0,87.0,8040.21,,2026-10-07T06:00:00Z,active,2026-10-06T21:37:49.023407+00:00
KXHIGHTOKC,KXHIGHTOKC-26OCT06-B85.5,Oklahoma City Maximum High Temperature,KOKC,2026-10-06,between,85.0,86.0,The Weather Company,https://weather.com/kalshi,0.94,0.98,0.02,0.06,95.0,2.0,4964.43,,2026-10-07T06:00:00Z,active,2026-10-06T21:37:49.023407+00:00
KXHIGHTOKC,KXHIGHTOKC-26OCT06-B83.5,Oklahoma City Maximum High Temperature,KOKC,2026-10-06,between,83.0,84.0,The Weather Company,https://weather.com/kalshi,0.0,0.01,0.99,1.0,24717.14,0.0,3621.62,,2026-10-07T06:00:00Z,active,2026-10-06T21:37:49.023407+00:00
KXHIGHTOKC,KXHIGHTOKC-26OCT06-B81.5,Oklahoma City Maximum High Temperature,KOKC,2026-10-06,between,81.0,82.0,The Weather Company,https://weather.com/kalshi,0.0,0.01,0.99,1.0,14583.69,0.0,639.71,,2026-10-07T06:00:00Z,active,2026-10-06T21:37:49.023407+00:00
KXHIGHLAX,KXHIGHLAX-26OCT07-T90,Highest temperature in Los Angeles,KLAX,2026-10-07,greater,90.0,,The Weather Company,https://weather.com/kalshi,0.38,0.39,0.61,0.62,20.01,103.0,5036.18,,2026-10-08T08:00:00Z,active,2026-10-06T21:37:49.023407+00:00
KXHIGHLAX,KXHIGHLAX-26OCT07-T83,Highest temperature in Los Angeles,KLAX,2026-10-07,less,,83.0,The Weather Company,https://weather.com/kalshi,0.0,0.01,0.99,1.0,516.35,0.0,957.51,,2026-10-08T08:00:00Z,active,2026-10-06T21:37:49.023407+00:00
KXHIGHLAX,KXHIGHLAX-26OCT07-B89.5,Highest temperature in Los Angeles,KLAX,2026-10-07,between,89.0,90.0,The Weather Company,https://weather.com/kalshi,0.27,0.28,0.72,0.73,55.0,45.0,1876.24,,2026-10-08T08:00:00Z,active,2026-10-06T21:37:49.023407+00:00
KXHIGHLAX,KXHIGHLAX-26OCT07-B87.5,Highest temperature in Los Angeles,KLAX,2026-10-07,between,87.0,88.0,The Weather Company,https://weather.com/kalshi,0.28,0.29,0.71,0.72,63.0,10.01,1742.29,,2026-10-08T08:00:00Z,active,2026-10-06T21:37:49.023407+00:00
KXHIGHLAX,KXHIGHLAX-26OCT07-B85.5,Highest temperature in Los Angeles,KLAX,2026-10-07,between,85.0,86.0,The Weather Company,https://weather.com/kalshi,0.08,0.09,0.91,0.92,69.24,16.0,3414.53,,2026-10-08T08:00:00Z,active,2026-10-06T21:37:49.023407+00:00
KXHIGHLAX,KXHIGHLAX-26OCT07-B83.5,Highest temperature in Los Angeles,KLAX,2026-10-07,between,83.0,84.0,The Weather Company,https://weather.com/kalshi,0.03,0.04,0.96,0.97,253.0,88.43,1816.94,,2026-10-08T08:00:00Z,active,2026-10-06T21:37:49.023407+00:00
KXHIGHLAX,KXHIGHLAX-26OCT06-T99,Highest temperature in Los Angeles,KLAX,2026-10-06,greater,99.0,,The Weather Company,https://weather.com/kalshi,0.0,0.01,0.99,1.0,323840.62,0.0,187872.81,,2026-10-07T08:00:00Z,active,2026-10-06T21:37:49.023407+00:00
KXHIGHLAX,KXHIGHLAX-26OCT06-T92,Highest temperature in Los Angeles,KLAX,2026-10-06,less,,92.0,The Weather Company,https://weather.com/kalshi,0.0,0.01,0.99,1.0,287048.21,0.0,56077.33,,2026-10-07T08:00:00Z,active,2026-10-06T21:37:49.023407+00:00
KXHIGHLAX,KXHIGHLAX-26OCT06-B98.5,Highest temperature in Los Angeles,KLAX,2026-10-06,between,98.0,99.0,The Weather Company,https://weather.com/kalshi,0.0,0.01,0.99,1.0,271359.92,0.0,182786.7,,2026-10-07T08:00:00Z,active,2026-10-06T21:37:49.023407+00:00
KXHIGHLAX,KXHIGHLAX-26OCT06-B96.5,Highest temperature in Los Angeles,KLAX,2026-10-06,between,96.0,97.0,The Weather Company,https://weather.com/kalshi,0.0,0.01,0.99,1.0,159542.87,0.0,134488.81,,2026-10-07T08:00:00Z,active,2026-10-06T21:37:49.023407+00:00
KXHIGHLAX,KXHIGHLAX-26OCT06-B94.5,Highest temperature in Los Angeles,KLAX,2026-10-06,between,94.0,95.0,The Weather Company,https://weather.com/kalshi,0.99,1.0,0.0,0.01,0.0,180044.35,121016.91,,2026-10-07T08:00:00Z,active,2026-10-06T21:37:49.023407+00:00
KXHIGHLAX,KXHIGHLAX-26OCT06-B92.5,Highest temperature in Los Angeles,KLAX,2026-10-06,between,92.0,93.0,The Weather Company,https://weather.com/kalshi,0.0,0.01,0.99,1.0,290627.45,0.0,76267.42,,2026-10-07T08:00:00Z,active,2026-10-06T21:37:49.023407+00:00
KXHIGHPHIL,KXHIGHPHIL-26OCT07-T74,Highest temperature in Philadelphia,KPHL,2026-10-07,greater,74.0,,The Weather Company,https://weather.com/kalshi,0.01,0.02,0.98,0.99,42.0,142.86,209.9,,2026-10-08T05:00:00Z,active,2026-10-06T21:37:49.023407+00:00
KXHIGHPHIL,KXHIGHPHIL-26OCT07-T67,Highest temperature in Philadelphia,KPHL,2026-10-07,less,,67.0,The Weather Company,https://weather.com/kalshi,0.01,0.02,0.98,0.99,223.0,11.64,356.65,,2026-10-08T05:00:00Z,active,2026-10-06T21:37:49.023407+00:00
KXHIGHPHIL,KXHIGHPHIL-26OCT07-B73.5,Highest temperature in Philadelphia,KPHL,2026-10-07,between,73.0,74.0,The Weather Company,https://weather.com/kalshi,0.11,0.12,0.88,0.89,5.0,50.0,493.0,,2026-10-08T05:00:00Z,active,2026-10-06T21:37:49.023407+00:00
KXHIGHPHIL,KXHIGHPHIL-26OCT07-B71.5,Highest temperature in Philadelphia,KPHL,2026-10-07,between,71.0,72.0,The Weather Company,https://weather.com/kalshi,0.55,0.56,0.44,0.45,251.91,26.0,542.13,,2026-10-08T05:00:00Z,active,2026-10-06T21:37:49.023407+00:00
KXHIGHPHIL,KXHIGHPHIL-26OCT07-B69.5,Highest temperature in Philadelphia,KPHL,2026-10-07,between,69.0,70.0,The Weather Company,https://weather.com/kalshi,0.33,0.34,0.66,0.67,22.0,15.0,662.83,,2026-10-08T05:00:00Z,active,2026-10-06T21:37:49.023407+00:00
KXHIGHPHIL,KXHIGHPHIL-26OCT07-B67.5,Highest temperature in Philadelphia,KPHL,2026-10-07,between,67.0,68.0,The Weather Company,https://weather.com/kalshi,0.01,0.02,0.98,0.99,90.0,975.99,310.32,,2026-10-08T05:00:00Z,active,2026-10-06T21:37:49.023407+00:00
KXHIGHPHIL,KXHIGHPHIL-26OCT06-T69,Highest temperature in Philadelphia,KPHL,2026-10-06,greater,69.0,,The Weather Company,https://weather.com/kalshi,0.0,0.01,0.99,1.0,8741.4,0.0,1078.87,,2026-10-07T05:00:00Z,active,2026-10-06T21:37:49.023407+00:00
KXHIGHPHIL,KXHIGHPHIL-26OCT06-T62,Highest temperature in Philadelphia,KPHL,2026-10-06,less,,62.0,The Weather Company,https://weather.com/kalshi,0.0,0.01,0.99,1.0,92727.12,0.0,1094.55,,2026-10-07T05:00:00Z,active,2026-10-06T21:37:49.023407+00:00
KXHIGHPHIL,KXHIGHPHIL-26OCT06-B68.5,Highest temperature in Philadelphia,KPHL,2026-10-06,between,68.0,69.0,The Weather Company,https://weather.com/kalshi,0.0,0.01,0.99,1.0,3688.97,0.0,938.04,,2026-10-07T05:00:00Z,active,2026-10-06T21:37:49.023407+00:00
KXHIGHPHIL,KXHIGHPHIL-26OCT06-B66.5,Highest temperature in Philadelphia,KPHL,2026-10-06,between,66.0,67.0,The Weather Company,https://weather.com/kalshi,0.0,0.04,0.96,1.0,11.0,0.0,7142.47,,2026-10-07T05:00:00Z,active,2026-10-06T21:37:49.023407+00:00
KXHIGHPHIL,KXHIGHPHIL-26OCT06-B64.5,Highest temperature in Philadelphia,KPHL,2026-10-06,between,64.0,65.0,The Weather Company,https://weather.com/kalshi,0.98,0.99,0.01,0.02,565.29,69.0,7478.64,,2026-10-07T05:00:00Z,active,2026-10-06T21:37:49.023407+00:00
KXHIGHPHIL,KXHIGHPHIL-26OCT06-B62.5,Highest temperature in Philadelphia,KPHL,2026-10-06,between,62.0,63.0,The Weather Company,https://weather.com/kalshi,0.0,0.01,0.99,1.0,105605.03,0.0,4558.75,,2026-10-07T05:00:00Z,active,2026-10-06T21:37:49.023407+00:00
KXHIGHDEN,KXHIGHDEN-26OCT07-T87,Highest temperature in Denver,KDEN,2026-10-07,greater,87.0,,The Weather Company,https://weather.com/kalshi,0.01,0.02,0.98,0.99,42.0,480.09,265.15,,2026-10-08T07:00:00Z,active,2026-10-06T21:37:49.023407+00:00
KXHIGHDEN,KXHIGHDEN-26OCT07-T80,Highest temperature in Denver,KDEN,2026-10-07,less,,80.0,The Weather Company,https://weather.com/kalshi,0.03,0.04,0.96,0.97,104.0,57.67,267.33,,2026-10-08T07:00:00Z,active,2026-10-06T21:37:49.023407+00:00
KXHIGHDEN,KXHIGHDEN-26OCT07-B86.5,Highest temperature in Denver,KDEN,2026-10-07,between,86.0,87.0,The Weather Company,https://weather.com/kalshi,0.12,0.13,0.87,0.88,58.0,6.88,216.9,,2026-10-08T07:00:00Z,active,2026-10-06T21:37:49.023407+00:00
KXHIGHDEN,KXHIGHDEN-26OCT07-B84.5,Highest temperature in Denver,KDEN,2026-10-07,between,84.0,85.0,The Weather Company,https://weather.com/kalshi,0.42,0.43,0.57,0.58,73.0,31.03,674.1,,2026-10-08T07:00:00Z,active,2026-10-06T21:37:49.023407+00:00
KXHIGHDEN,KXHIGHDEN-26OCT07-B82.5,Highest temperature in Denver,KDEN,2026-10-07,between,82.0,83.0,The Weather Company,https://weather.com/kalshi,0.31,0.32,0.68,0.69,23.98,51.0,303.26,,2026-10-08T07:00:00Z,active,2026-10-06T21:37:49.023407+00:00
KXHIGHDEN,KXHIGHDEN-26OCT07-B80.5,Highest temperature in Denver,KDEN,2026-10-07,between,80.0,81.0,The Weather Company,https://weather.com/kalshi,0.06,0.07,0.93,0.94,5.0,223.71,88.29,,2026-10-08T07:00:00Z,active,2026-10-06T21:37:49.023407+00:00
KXHIGHDEN,KXHIGHDEN-26OCT06-T89,Highest temperature in Denver,KDEN,2026-10-06,greater,89.0,,The Weather Company,https://weather.com/kalshi,0.0,0.01,0.99,1.0,413.04,0.0,1294.07,,2026-10-07T07:00:00Z,active,2026-10-06T21:37:49.023407+00:00
KXHIGHDEN,KXHIGHDEN-26OCT06-T82,Highest temperature in Denver,KDEN,2026-10-06,less,,82.0,The Weather Company,https://weather.com/kalshi,0.0,0.01,0.99,1.0,82876.52,0.0,574.63,,2026-10-07T07:00:00Z,active,2026-10-06T21:37:49.023407+00:00
KXHIGHDEN,KXHIGHDEN-26OCT06-B88.5,Highest temperature in Denver,KDEN,2026-10-06,between,88.0,89.0,The Weather Company,https://weather.com/kalshi,0.05,0.08,0.92,0.95,2.0,115.4,9240.29,,2026-10-07T07:00:00Z,active,2026-10-06T21:37:49.023407+00:00
KXHIGHDEN,KXHIGHDEN-26OCT06-B86.5,Highest temperature in Denver,KDEN,2026-10-06,between,86.0,87.0,The Weather Company,https://weather.com/kalshi,0.92,0.96,0.04,0.08,284.42,63.0,6446.01,,2026-10-07T07:00:00Z,active,2026-10-06T21:37:49.023407+00:00
KXHIGHDEN,KXHIGHDEN-26OCT06-B84.5,Highest temperature in Denver,KDEN,2026-10-06,between,84.0,85.0,The Weather Company,https://weather.com/kalshi,0.0,0.01,0.99,1.0,81054.1,0.0,5430.18,,2026-10-07T07:00:00Z,active,2026-10-06T21:37:49.023407+00:00
KXHIGHDEN,KXHIGHDEN-26OCT06-B82.5,Highest temperature in Denver,KDEN,2026-10-06,between,82.0,83.0,The Weather Company,https://weather.com/kalshi,0.0,0.01,0.99,1.0,77945.63,0.0,1406.52,,2026-10-07T07:00:00Z,active,2026-10-06T21:37:49.023407+00:00
KXLOWTEWR,KXLOWTEWR-26OCT07-T46,"Newark, NJ (EWR) Daily Low Temp",KEWR,2026-10-07,greater,46.0,,The Weather Company,https://weather.com/kalshi,0.05,0.25,0.75,0.95,7.0,10.0,30.0,,2026-10-08T05:00:00Z,active,2026-10-06T21:37:49.023407+00:00
KXLOWTEWR,KXLOWTEWR-26OCT07-T39,"Newark, NJ (EWR) Daily Low Temp",KEWR,2026-10-07,less,,39.0,The Weather Company,https://weather.com/kalshi,0.01,0.02,0.98,0.99,6.0,209.82,20.18,,2026-10-08T05:00:00Z,active,2026-10-06T21:37:49.023407+00:00
KXLOWTEWR,KXLOWTEWR-26OCT07-B45.5,"Newark, NJ (EWR) Daily Low Temp",KEWR,2026-10-07,between,45.0,46.0,The Weather Company,https://weather.com/kalshi,0.18,0.38,0.62,0.82,10.0,26.0,13.0,,2026-10-08T05:00:00Z,active,2026-10-06T21:37:49.023407+00:00
KXLOWTEWR,KXLOWTEWR-26OCT07-B43.5,"Newark, NJ (EWR) Daily Low Temp",KEWR,2026-10-07,between,43.0,44.0,The Weather Company,https://weather.com/kalshi,0.3,0.41,0.59,0.7,7.0,7.0,141.0,,2026-10-08T05:00:00Z,active,2026-10-06T21:37:49.023407+00:00
KXLOWTEWR,KXLOWTEWR-26OCT07-B41.5,"Newark, NJ (EWR) Daily Low Temp",KEWR,2026-10-07,between,41.0,42.0,The Weather Company,https://weather.com/kalshi,0.03,0.19,0.81,0.97,3.0,10.0,0.0,,2026-10-08T05:00:00Z,active,2026-10-06T21:37:49.023407+00:00
KXLOWTEWR,KXLOWTEWR-26OCT07-B39.5,"Newark, NJ (EWR) Daily Low Temp",KEWR,2026-10-07,between,39.0,40.0,The Weather Company,https://weather.com/kalshi,0.01,0.02,0.98,0.99,193.0,280.0,29.0,,2026-10-08T05:00:00Z,active,2026-10-06T21:37:49.023407+00:00
KXLOWTEWR,KXLOWTEWR-26OCT06-T49,"Newark, NJ (EWR) Daily Low Temp",KEWR,2026-10-06,greater,49.0,,The Weather Company,https://weather.com/kalshi,0.0,0.01,0.99,1.0,10555.45,0.0,679.55,,2026-10-07T05:00:00Z,active,2026-10-06T21:37:49.023407+00:00
KXLOWTEWR,KXLOWTEWR-26OCT06-T42,"Newark, NJ (EWR) Daily Low Temp",KEWR,2026-10-06,less,,42.0,The Weather Company,https://weather.com/kalshi,0.0,0.01,0.99,1.0,1.0,0.0,59.0,,2026-10-07T05:00:00Z,active,2026-10-06T21:37:49.023407+00:00
KXLOWTEWR,KXLOWTEWR-26OCT06-B48.5,"Newark, NJ (EWR) Daily Low Temp",KEWR,2026-10-06,between,48.0,49.0,The Weather Company,https://weather.com/kalshi,0.9,0.99,0.01,0.1,176.0,10.0,160.37,,2026-10-07T05:00:00Z,active,2026-10-06T21:37:49.023407+00:00
KXLOWTEWR,KXLOWTEWR-26OCT06-B46.5,"Newark, NJ (EWR) Daily Low Temp",KEWR,2026-10-06,between,46.0,47.0,The Weather Company,https://weather.com/kalshi,0.02,0.08,0.92,0.98,18.0,8.63,32.37,,2026-10-07T05:00:00Z,active,2026-10-06T21:37:49.023407+00:00
KXLOWTEWR,KXLOWTEWR-26OCT06-B44.5,"Newark, NJ (EWR) Daily Low Temp",KEWR,2026-10-06,between,44.0,45.0,The Weather Company,https://weather.com/kalshi,0.0,0.02,0.98,1.0,6.0,0.0,95.09,,2026-10-07T05:00:00Z,active,2026-10-06T21:37:49.023407+00:00
KXLOWTEWR,KXLOWTEWR-26OCT06-B42.5,"Newark, NJ (EWR) Daily Low Temp",KEWR,2026-10-06,between,42.0,43.0,The Weather Company,https://weather.com/kalshi,0.0,0.02,0.98,1.0,40.0,0.0,127.0,,2026-10-07T05:00:00Z,active,2026-10-06T21:37:49.023407+00:00
KXLOWTMIN,KXLOWTMIN-26OCT07-T54,Low  temperature Minnesota,KMSP,2026-10-07,greater,54.0,,The Weather Company,https://weather.com/kalshi,0.03,0.04,0.96,0.97,33.0,15.08,16.43,,2026-10-08T06:00:00Z,active,2026-10-06T21:37:49.023407+00:00
KXLOWTMIN,KXLOWTMIN-26OCT07-T47,Low  temperature Minnesota,KMSP,2026-10-07,less,,47.0,The Weather Company,https://weather.com/kalshi,0.0,0.02,0.98,1.0,8.0,0.0,191.36,,2026-10-08T06:00:00Z,active,2026-10-06T21:37:49.023407+00:00
KXLOWTMIN,KXLOWTMIN-26OCT07-B53.5,Low  temperature Minnesota,KMSP,2026-10-07,between,53.0,54.0,The Weather Company,https://weather.com/kalshi,0.35,0.43,0.57,0.65,5.0,30.0,32.22,,2026-10-08T06:00:00Z,active,2026-10-06T21:37:49.023407+00:00
KXLOWTMIN,KXLOWTMIN-26OCT07-B51.5,Low  temperature Minnesota,KMSP,2026-10-07,between,51.0,52.0,The Weather Company,https://weather.com/kalshi,0.34,0.46,0.54,0.66,7.0,6.0,12.0,,2026-10-08T06:00:00Z,active,2026-10-06T21:37:49.023407+00:00
KXLOWTMIN,KXLOWTMIN-26OCT07-B49.5,Low  temperature Minnesota,KMSP,2026-10-07,between,49.0,50.0,The Weather Company,https://weather.com/kalshi,0.13,0.2,0.8,0.87,3.0,25.0,31.0,,2026-10-08T06:00:00Z,active,2026-10-06T21:37:49.023407+00:00
KXLOWTMIN,KXLOWTMIN-26OCT07-B47.5,Low  temperature Minnesota,KMSP,2026-10-07,between,47.0,48.0,The Weather Company,https://weather.com/kalshi,0.01,0.03,0.97,0.99,3.0,49.48,286.52,,2026-10-08T06:00:00Z,active,2026-10-06T21:37:49.023407+00:00
KXLOWTMIN,KXLOWTMIN-26OCT06-T57,Low  temperature Minnesota,KMSP,2026-10-06,greater,57.0,,The Weather Company,https://weather.com/kalshi,0.0,0.01,0.99,1.0,15390.75,0.0,772.79,,2026-10-07T06:00:00Z,active,2026-10-06T21:37:49.023407+00:00
KXLOWTMIN,KXLOWTMIN-26OCT06-T50,Low  temperature Minnesota,KMSP,2026-10-06,less,,50.0,The Weather Company,https://weather.com/kalshi,0.0,0.01,0.99,1.0,43.0,0.0,594.21,,2026-10-07T06:00:00Z,active,2026-10-06T21:37:49.023407+00:00
KXLOWTMIN,KXLOWTMIN-26OCT06-B56.5,Low  temperature Minnesota,KMSP,2026-10-06,between,56.0,57.0,The Weather Company,https://weather.com/kalshi,0.0,0.01,0.99,1.0,22376.15,0.0,450.14,,2026-10-07T06:00:00Z,active,2026-10-06T21:37:49.023407+00:00
KXLOWTMIN,KXLOWTMIN-26OCT06-B54.5,Low  temperature Minnesota,KMSP,2026-10-06,between,54.0,55.0,The Weather Company,https://weather.com/kalshi,0.98,1.0,0.0,0.02,0.0,40.0,1239.76,,2026-10-07T06:00:00Z,active,2026-10-06T21:37:49.023407+00:00
KXLOWTMIN,KXLOWTMIN-26OCT06-B52.5,Low  temperature Minnesota,KMSP,2026-10-06,between,52.0,53.0,The Weather Company,https://weather.com/kalshi,0.0,0.02,0.98,1.0,54.0,0.0,590.14,,2026-10-07T06:00:00Z,active,2026-10-06T21:37:49.023407+00:00
KXLOWTMIN,KXLOWTMIN-26OCT06-B50.5,Low  temperature Minnesota,KMSP,2026-10-06,between,50.0,51.0,The Weather Company,https://weather.com/kalshi,0.0,0.01,0.99,1.0,40.0,0.0,726.57,,2026-10-07T06:00:00Z,active,2026-10-06T21:37:49.023407+00:00
KXLOWTLV,KXLOWTLV-26OCT07-T74,Las Vegas Daily Low Temperature,KLAS,2026-10-07,greater,74.0,,The Weather Company,https://weather.com/kalshi,0.26,0.33,0.67,0.74,32.3,4.0,52.0,,2026-10-08T08:00:00Z,active,2026-10-06T21:37:49.023407+00:00
KXLOWTLV,KXLOWTLV-26OCT07-T67,Las Vegas Daily Low Temperature,KLAS,2026-10-07,less,,67.0,The Weather Company,https://weather.com/kalshi,0.0,0.01,0.99,1.0,40.0,0.0,0.0,,2026-10-08T08:00:00Z,active,2026-10-06T21:37:49.023407+00:00
KXLOWTLV,KXLOWTLV-26OCT07-B73.5,Las Vegas Daily Low Temperature,KLAS,2026-10-07,between,73.0,74.0,The Weather Company,https://weather.com/kalshi,0.39,0.49,0.51,0.61,9.0,7.0,87.0,,2026-10-08T08:00:00Z,active,2026-10-06T21:37:49.023407+00:00
KXLOWTLV,KXLOWTLV-26OCT07-B71.5,Las Vegas Daily Low Temperature,KLAS,2026-10-07,between,71.0,72.0,The Weather Company,https://weather.com/kalshi,0.2,0.27,0.73,0.8,31.0,14.0,29.31,,2026-10-08T08:00:00Z,active,2026-10-06T21:37:49.023407+00:00
KXLOWTLV,KXLOWTLV-26OCT07-B69.5,Las Vegas Daily Low Temperature,KLAS,2026-10-07,between,69.0,70.0,The Weather Company,https://weather.com/kalshi,0.02,0.06,0.94,0.98,14.0,25.0,101.9,,2026-10-08T08:00:00Z,active,2026-10-06T21:37:49.023407+00:00
KXLOWTLV,KXLOWTLV-26OCT07-B67.5,Las Vegas Daily Low Temperature,KLAS,2026-10-07,between,67.0,68.0,The Weather Company,https://weather.com/kalshi,0.0,0.02,0.98,1.0,4.0,0.0,222.54,,2026-10-08T08:00:00Z,active,2026-10-06T21:37:49.023407+00:00
KXLOWTLV,KXLOWTLV-26OCT06-T73,Las Vegas Daily Low Temperature,KLAS,2026-10-06,greater,73.0,,The Weather Company,https://weather.com/kalshi,0.0,0.01,0.99,1.0,22261.6,0.0,1401.41,,2026-10-07T08:00:00Z,active,2026-10-06T21:37:49.023407+00:00
KXLOWTLV,KXLOWTLV-26OCT06-T66,Las Vegas Daily Low Temperature,KLAS,2026-10-06,less,,66.0,The Weather Company,https://weather.com/kalshi,0.0,0.01,0.99,1.0,135.0,0.0,5.0,,2026-10-07T08:00:00Z,active,2026-10-06T21:37:49.023407+00:00
KXLOWTLV,KXLOWTLV-26OCT06-B72.5,Las Vegas Daily Low Temperature,KLAS,2026-10-06,between,72.0,73.0,The Weather Company,https://weather.com/kalshi,0.99,1.0,0.0,0.01,0.0,111.83,1104.41,,2026-10-07T08:00:00Z,active,2026-10-06T21:37:49.023407+00:00
KXLOWTLV,KXLOWTLV-26OCT06-B70.5,Las Vegas Daily Low Temperature,KLAS,2026-10-06,between,70.0,71.0,The Weather Company,https://weather.com/kalshi,0.0,0.01,0.99,1.0,242.96,0.0,403.24,,2026-10-07T08:00:00Z,active,2026-10-06T21:37:49.023407+00:00
KXLOWTLV,KXLOWTLV-26OCT06-B68.5,Las Vegas Daily Low Temperature,KLAS,2026-10-06,between,68.0,69.0,The Weather Company,https://weather.com/kalshi,0.0,0.01,0.99,1.0,44.0,0.0,603.08,,2026-10-07T08:00:00Z,active,2026-10-06T21:37:49.023407+00:00
KXLOWTLV,KXLOWTLV-26OCT06-B66.5,Las Vegas Daily Low Temperature,KLAS,2026-10-06,between,66.0,67.0,The Weather Company,https://weather.com/kalshi,0.0,0.01,0.99,1.0,214.0,0.0,262.37,,2026-10-07T08:00:00Z,active,2026-10-06T21:37:49.023407+00:00
KXHIGHTEWR,KXHIGHTEWR-26OCT07-T74,"Newark, NJ (EWR) Daily Max Temp",KEWR,2026-10-07,greater,74.0,,The Weather Company,https://weather.com/kalshi,0.0,0.03,0.97,1.0,15.0,0.0,30.0,,2026-10-08T05:00:00Z,active,2026-10-06T21:37:49.023407+00:00
KXHIGHTEWR,KXHIGHTEWR-26OCT07-T67,"Newark, NJ (EWR) Daily Max Temp",KEWR,2026-10-07,less,,67.0,The Weather Company,https://weather.com/kalshi,0.0,0.02,0.98,1.0,27.93,0.0,97.93,,2026-10-08T05:00:00Z,active,2026-10-06T21:37:49.023407+00:00
KXHIGHTEWR,KXHIGHTEWR-26OCT07-B73.5,"Newark, NJ (EWR) Daily Max Temp",KEWR,2026-10-07,between,73.0,74.0,The Weather Company,https://weather.com/kalshi,0.01,0.07,0.93,0.99,30.0,287.91,10.09,,2026-10-08T05:00:00Z,active,2026-10-06T21:37:49.023407+00:00
KXHIGHTEWR,KXHIGHTEWR-26OCT07-B71.5,"Newark, NJ (EWR) Daily Max Temp",KEWR,2026-10-07,between,71.0,72.0,The Weather Company,https://weather.com/kalshi,0.48,0.57,0.43,0.52,3.0,1.0,84.0,,2026-10-08T05:00:00Z,active,2026-10-06T21:37:49.023407+00:00
KXHIGHTEWR,KXHIGHTEWR-26OCT07-B69.5,"Newark, NJ (EWR) Daily Max Temp",KEWR,2026-10-07,between,69.0,70.0,The Weather Company,https://weather.com/kalshi,0.39,0.55,0.45,0.61,4.0,3.0,49.65,,2026-10-08T05:00:00Z,active,2026-10-06T21:37:49.023407+00:00
KXHIGHTEWR,KXHIGHTEWR-26OCT07-B67.5,"Newark, NJ (EWR) Daily Max Temp",KEWR,2026-10-07,between,67.0,68.0,The Weather Company,https://weather.com/kalshi,0.01,0.13,0.87,0.99,10.0,302.82,40.18,,2026-10-08T05:00:00Z,active,2026-10-06T21:37:49.023407+00:00
KXHIGHTEWR,KXHIGHTEWR-26OCT06-T70,"Newark, NJ (EWR) Daily Max Temp",KEWR,2026-10-06,greater,70.0,,The Weather Company,https://weather.com/kalshi,0.0,0.01,0.99,1.0,8359.97,0.0,140.93,,2026-10-07T05:00:00Z,active,2026-10-06T21:37:49.023407+00:00
KXHIGHTEWR,KXHIGHTEWR-26OCT06-T63,"Newark, NJ (EWR) Daily Max Temp",KEWR,2026-10-06,less,,63.0,The Weather Company,https://weather.com/kalshi,0.0,0.01,0.99,1.0,12126.0,0.0,607.21,,2026-10-07T05:00:00Z,active,2026-10-06T21:37:49.023407+00:00
KXHIGHTEWR,KXHIGHTEWR-26OCT06-B69.5,"Newark, NJ (EWR) Daily Max Temp",KEWR,2026-10-06,between,69.0,70.0,The Weather Company,https://weather.com/kalshi,0.0,0.01,0.99,1.0,9341.72,0.0,522.83,,2026-10-07T05:00:00Z,active,2026-10-06T21:37:49.023407+00:00
KXHIGHTEWR,KXHIGHTEWR-26OCT06-B67.5,"Newark, NJ (EWR) Daily Max Temp",KEWR,2026-10-06,between,67.0,68.0,The Weather Company,https://weather.com/kalshi,0.0,0.01,0.99,1.0,973.0,0.0,871.17,,2026-10-07T05:00:00Z,active,2026-10-06T21:37:49.023407+00:00
KXHIGHTEWR,KXHIGHTEWR-26OCT06-B65.5,"Newark, NJ (EWR) Daily Max Temp",KEWR,2026-10-06,between,65.0,66.0,The Weather Company,https://weather.com/kalshi,0.0,0.01,0.99,1.0,1250.0,0.0,598.35,,2026-10-07T05:00:00Z,active,2026-10-06T21:37:49.023407+00:00
KXHIGHTEWR,KXHIGHTEWR-26OCT06-B63.5,"Newark, NJ (EWR) Daily Max Temp",KEWR,2026-10-06,between,63.0,64.0,The Weather Company,https://weather.com/kalshi,0.99,1.0,0.0,0.01,0.0,1663.26,1229.01,,2026-10-07T05:00:00Z,active,2026-10-06T21:37:49.023407+00:00
KXHIGHTNOLA,KXHIGHTNOLA-26OCT07-T88,New Orleans Max temp Daily,KMSY,2026-10-07,greater,88.0,,The Weather Company,https://weather.com/kalshi,0.01,0.02,0.98,0.99,288.24,208.06,208.94,,2026-10-08T06:00:00Z,active,2026-10-06T21:37:49.023407+00:00
KXHIGHTNOLA,KXHIGHTNOLA-26OCT07-T81,New Orleans Max temp Daily,KMSY,2026-10-07,less,,81.0,The Weather Company,https://weather.com/kalshi,0.0,0.01,0.99,1.0,174.29,0.0,635.0,,2026-10-08T06:00:00Z,active,2026-10-06T21:37:49.023407+00:00
KXHIGHTNOLA,KXHIGHTNOLA-26OCT07-B87.5,New Orleans Max temp Daily,KMSY,2026-10-07,between,87.0,88.0,The Weather Company,https://weather.com/kalshi,0.14,0.15,0.85,0.86,46.0,335.32,86.0,,2026-10-08T06:00:00Z,active,2026-10-06T21:37:49.023407+00:00
KXHIGHTNOLA,KXHIGHTNOLA-26OCT07-B85.5,New Orleans Max temp Daily,KMSY,2026-10-07,between,85.0,86.0,The Weather Company,https://weather.com/kalshi,0.6,0.61,0.39,0.4,37.0,30.0,280.32,,2026-10-08T06:00:00Z,active,2026-10-06T21:37:49.023407+00:00
KXHIGHTNOLA,KXHIGHTNOLA-26OCT07-B83.5,New Orleans Max temp Daily,KMSY,2026-10-07,between,83.0,84.0,The Weather Company,https://weather.com/kalshi,0.23,0.24,0.76,0.77,4.0,34.0,199.0,,2026-10-08T06:00:00Z,active,2026-10-06T21:37:49.023407+00:00
KXHIGHTNOLA,KXHIGHTNOLA-26OCT07-B81.5,New Orleans Max temp Daily,KMSY,2026-10-07,between,81.0,82.0,The Weather Company,https://weather.com/kalshi,0.01,0.03,0.97,0.99,51.0,416.46,461.54,,2026-10-08T06:00:00Z,active,2026-10-06T21:37:49.023407+00:00
KXHIGHTNOLA,KXHIGHTNOLA-26OCT06-T87,New Orleans Max temp Daily,KMSY,2026-10-06,greater,87.0,,The Weather Company,https://weather.com/kalshi,0.0,0.01,0.99,1.0,12918.7,0.0,1755.22,,2026-10-07T06:00:00Z,active,2026-10-06T21:37:49.023407+00:00
KXHIGHTNOLA,KXHIGHTNOLA-26OCT06-T80,New Orleans Max temp Daily,KMSY,2026-10-06,less,,80.0,The Weather Company,https://weather.com/kalshi,0.0,0.01,0.99,1.0,51202.08,0.0,822.0,,2026-10-07T06:00:00Z,active,2026-10-06T21:37:49.023407+00:00
KXHIGHTNOLA,KXHIGHTNOLA-26OCT06-B86.5,New Orleans Max temp Daily,KMSY,2026-10-06,between,86.0,87.0,The Weather Company,https://weather.com/kalshi,0.0,0.01,0.99,1.0,2132.13,0.0,3663.97,,2026-10-07T06:00:00Z,active,2026-10-06T21:37:49.023407+00:00
KXHIGHTNOLA,KXHIGHTNOLA-26OCT06-B84.5,New Orleans Max temp Daily,KMSY,2026-10-06,between,84.0,85.0,The Weather Company,https://weather.com/kalshi,0.0,0.01,0.99,1.0,2033.0,0.0,3893.77,,2026-10-07T06:00:00Z,active,2026-10-06T21:37:49.023407+00:00
KXHIGHTNOLA,KXHIGHTNOLA-26OCT06-B82.5,New Orleans Max temp Daily,KMSY,2026-10-06,between,82.0,83.0,The Weather Company,https://weather.com/kalshi,0.99,1.0,0.0,0.01,0.0,2476.66,6551.25,,2026-10-07T06:00:00Z,active,2026-10-06T21:37:49.023407+00:00
KXHIGHTNOLA,KXHIGHTNOLA-26OCT06-B80.5,New Orleans Max temp Daily,KMSY,2026-10-06,between,80.0,81.0,The Weather Company,https://weather.com/kalshi,0.0,0.01,0.99,1.0,39278.87,0.0,1659.59,,2026-10-07T06:00:00Z,active,2026-10-06T21:37:49.023407+00:00
KXHIGHTPHX,KXHIGHTPHX-26OCT07-T99,Phoenix High Temperature Daily,KPHX,2026-10-07,less,,99.0,The Weather Company,https://weather.com/kalshi,0.01,0.03,0.97,0.99,170.39,285.69,1057.16,,2026-10-08T07:00:00Z,active,2026-10-06T21:37:49.023407+00:00
KXHIGHTPHX,KXHIGHTPHX-26OCT07-T106,Phoenix High Temperature Daily,KPHX,2026-10-07,greater,106.0,,The Weather Company,https://weather.com/kalshi,0.0,0.01,0.99,1.0,64.8,0.0,336.0,,2026-10-08T07:00:00Z,active,2026-10-06T21:37:49.023407+00:00
KXHIGHTPHX,KXHIGHTPHX-26OCT07-B99.5,Phoenix High Temperature Daily,KPHX,2026-10-07,between,99.0,100.0,The Weather Company,https://weather.com/kalshi,0.07,0.11,0.89,0.93,11.0,54.0,212.24,,2026-10-08T07:00:00Z,active,2026-10-06T21:37:49.023407+00:00
KXHIGHTPHX,KXHIGHTPHX-26OCT07-B105.5,Phoenix High Temperature Daily,KPHX,2026-10-07,between,105.0,106.0,The Weather Company,https://weather.com/kalshi,0.01,0.02,0.98,0.99,53.0,137.38,490.62,,2026-10-08T07:00:00Z,active,2026-10-06T21:37:49.023407+00:00
KXHIGHTPHX,KXHIGHTPHX-26OCT07-B103.5,Phoenix High Temperature Daily,KPHX,2026-10-07,between,103.0,104.0,The Weather Company,https://weather.com/kalshi,0.4,0.42,0.58,0.6,3.0,15.0,103.83,,2026-10-08T07:00:00Z,active,2026-10-06T21:37:49.023407+00:00
KXHIGHTPHX,KXHIGHTPHX-26OCT07-B101.5,Phoenix High Temperature Daily,KPHX,2026-10-07,between,101.0,102.0,The Weather Company,https://weather.com/kalshi,0.51,0.52,0.48,0.49,9.0,42.0,373.39,,2026-10-08T07:00:00Z,active,2026-10-06T21:37:49.023407+00:00
KXHIGHTPHX,KXHIGHTPHX-26OCT06-T97,Phoenix High Temperature Daily,KPHX,2026-10-06,less,,97.0,The Weather Company,https://weather.com/kalshi,0.0,0.01,0.99,1.0,5176.17,0.0,11804.6,,2026-10-07T07:00:00Z,active,2026-10-06T21:37:49.023407+00:00
KXHIGHTPHX,KXHIGHTPHX-26OCT06-T104,Phoenix High Temperature Daily,KPHX,2026-10-06,greater,104.0,,The Weather Company,https://weather.com/kalshi,0.0,0.01,0.99,1.0,5275.12,0.0,895.65,,2026-10-07T07:00:00Z,active,2026-10-06T21:37:49.023407+00:00
KXHIGHTPHX,KXHIGHTPHX-26OCT06-B99.5,Phoenix High Temperature Daily,KPHX,2026-10-06,between,99.0,100.0,The Weather Company,https://weather.com/kalshi,0.38,0.4,0.6,0.62,3.0,66.0,9837.09,,2026-10-07T07:00:00Z,active,2026-10-06T21:37:49.023407+00:00
KXHIGHTPHX,KXHIGHTPHX-26OCT06-B97.5,Phoenix High Temperature Daily,KPHX,2026-10-06,between,97.0,98.0,The Weather Company,https://weather.com/kalshi,0.52,0.61,0.39,0.48,71.0,13.0,8173.85,,2026-10-07T07:00:00Z,active,2026-10-06T21:37:49.023407+00:00
KXHIGHTPHX,KXHIGHTPHX-26OCT06-B103.5,Phoenix High Temperature Daily,KPHX,2026-10-06,between,103.0,104.0,The Weather Company,https://weather.com/kalshi,0.0,0.01,0.99,1.0,45.25,0.0,2313.89,,2026-10-07T07:00:00Z,active,2026-10-06T21:37:49.023407+00:00
KXHIGHTPHX,KXHIGHTPHX-26OCT06-B101.5,Phoenix High Temperature Daily,KPHX,2026-10-06,between,101.0,102.0,The Weather Company,https://weather.com/kalshi,0.04,0.05,0.95,0.96,37.0,83.0,7762.0,,2026-10-07T07:00:00Z,active,2026-10-06T21:37:49.023407+00:00
KXLOWTSATX,KXLOWTSATX-26OCT07-T68,Lowest Temperature SATX,KSAT,2026-10-07,greater,68.0,,The Weather Company,https://weather.com/kalshi,0.01,0.03,0.97,0.99,1.0,8.44,218.56,,2026-10-08T06:00:00Z,active,2026-10-06T21:37:49.023407+00:00
KXLOWTSATX,KXLOWTSATX-26OCT07-T61,Lowest Temperature SATX,KSAT,2026-10-07,less,,61.0,The Weather Company,https://weather.com/kalshi,0.0,0.01,0.99,1.0,18.0,0.0,0.0,,2026-10-08T06:00:00Z,active,2026-10-06T21:37:49.023407+00:00
KXLOWTSATX,KXLOWTSATX-26OCT07-B67.5,Lowest Temperature SATX,KSAT,2026-10-07,between,67.0,68.0,The Weather Company,https://weather.com/kalshi,0.23,0.28,0.72,0.77,9.0,5.0,125.0,,2026-10-08T06:00:00Z,active,2026-10-06T21:37:49.023407+00:00
KXLOWTSATX,KXLOWTSATX-26OCT07-B65.5,Lowest Temperature SATX,KSAT,2026-10-07,between,65.0,66.0,The Weather Company,https://weather.com/kalshi,0.44,0.56,0.44,0.56,10.0,3.0,22.0,,2026-10-08T06:00:00Z,active,2026-10-06T21:37:49.023407+00:00
KXLOWTSATX,KXLOWTSATX-26OCT07-B63.5,Lowest Temperature SATX,KSAT,2026-10-07,between,63.0,64.0,The Weather Company,https://weather.com/kalshi,0.19,0.25,0.75,0.81,3.0,10.0,26.0,,2026-10-08T06:00:00Z,active,2026-10-06T21:37:49.023407+00:00
KXLOWTSATX,KXLOWTSATX-26OCT07-B61.5,Lowest Temperature SATX,KSAT,2026-10-07,between,61.0,62.0,The Weather Company,https://weather.com/kalshi,0.01,0.04,0.96,0.99,101.0,105.0,35.37,,2026-10-08T06:00:00Z,active,2026-10-06T21:37:49.023407+00:00
KXLOWTSATX,KXLOWTSATX-26OCT06-T69,Lowest Temperature SATX,KSAT,2026-10-06,greater,69.0,,The Weather Company,https://weather.com/kalshi,0.0,0.01,0.99,1.0,16867.15,0.0,314.35,,2026-10-07T06:00:00Z,active,2026-10-06T21:37:49.023407+00:00
KXLOWTSATX,KXLOWTSATX-26OCT06-T62,Lowest Temperature SATX,KSAT,2026-10-06,less,,62.0,The Weather Company,https://weather.com/kalshi,0.0,0.01,0.99,1.0,185.0,0.0,225.02,,2026-10-07T06:00:00Z,active,2026-10-06T21:37:49.023407+00:00
KXLOWTSATX,KXLOWTSATX-26OCT06-B68.5,Lowest Temperature SATX,KSAT,2026-10-06,between,68.0,69.0,The Weather Company,https://weather.com/kalshi,0.0,0.01,0.99,1.0,17040.15,0.0,399.28,,2026-10-07T06:00:00Z,active,2026-10-06T21:37:49.023407+00:00
KXLOWTSATX,KXLOWTSATX-26OCT06-B66.5,Lowest Temperature SATX,KSAT,2026-10-06,between,66.0,67.0,The Weather Company,https://weather.com/kalshi,0.97,1.0,0.0,0.03,0.0,38.0,1086.49,,2026-10-07T06:00:00Z,active,2026-10-06T21:37:49.023407+00:00
KXLOWTSATX,KXLOWTSATX-26OCT06-B64.5,Lowest Temperature SATX,KSAT,2026-10-06,between,64.0,65.0,The Weather Company,https://weather.com/kalshi,0.0,0.03,0.97,1.0,37.0,0.0,399.9,,2026-10-07T06:00:00Z,active,2026-10-06T21:37:49.023407+00:00
KXLOWTSATX,KXLOWTSATX-26OCT06-B62.5,Lowest Temperature SATX,KSAT,2026-10-06,between,62.0,63.0,The Weather Company,https://weather.com/kalshi,0.0,0.02,0.98,1.0,308.0,0.0,246.38,,2026-10-07T06:00:00Z,active,2026-10-06T21:37:49.023407+00:00
KXLOWTHOU,KXLOWTHOU-26OCT07-T73,Low Temperature Houston,KHOU,2026-10-07,greater,73.0,,The Weather Company,https://weather.com/kalshi,0.43,0.51,0.49,0.57,2.0,2.0,84.0,,2026-10-08T06:00:00Z,active,2026-10-06T21:37:49.023407+00:00
KXLOWTHOU,KXLOWTHOU-26OCT07-T66,Low Temperature Houston,KHOU,2026-10-07,less,,66.0,The Weather Company,https://weather.com/kalshi,0.0,0.01,0.99,1.0,18.0,0.0,0.0,,2026-10-08T06:00:00Z,active,2026-10-06T21:37:49.023407+00:00
KXLOWTHOU,KXLOWTHOU-26OCT07-B72.5,Low Temperature Houston,KHOU,2026-10-07,between,72.0,73.0,The Weather Company,https://weather.com/kalshi,0.41,0.51,0.49,0.59,10.0,3.0,110.0,,2026-10-08T06:00:00Z,active,2026-10-06T21:37:49.023407+00:00
KXLOWTHOU,KXLOWTHOU-26OCT07-B70.5,Low Temperature Houston,KHOU,2026-10-07,between,70.0,71.0,The Weather Company,https://weather.com/kalshi,0.03,0.14,0.86,0.97,25.0,19.0,19.0,,2026-10-08T06:00:00Z,active,2026-10-06T21:37:49.023407+00:00
KXLOWTHOU,KXLOWTHOU-26OCT07-B68.5,Low Temperature Houston,KHOU,2026-10-07,between,68.0,69.0,The Weather Company,https://weather.com/kalshi,0.02,0.07,0.93,0.98,26.0,138.82,10.18,,2026-10-08T06:00:00Z,active,2026-10-06T21:37:49.023407+00:00
KXLOWTHOU,KXLOWTHOU-26OCT07-B66.5,Low Temperature Houston,KHOU,2026-10-07,between,66.0,67.0,The Weather Company,https://weather.com/kalshi,0.01,0.07,0.93,0.99,8.0,29.0,213.76,,2026-10-08T06:00:00Z,active,2026-10-06T21:37:49.023407+00:00
KXLOWTHOU,KXLOWTHOU-26OCT06-T74,Low Temperature Houston,KHOU,2026-10-06,greater,74.0,,The Weather Company,https://weather.com/kalshi,0.93,0.99,0.01,0.07,272.62,12.0,1109.61,,2026-10-07T06:00:00Z,active,2026-10-06T21:37:49.023407+00:00
KXLOWTHOU,KXLOWTHOU-26OCT06-T67,Low Temperature Houston,KHOU,2026-10-06,less,,67.0,The Weather Company,https://weather.com/kalshi,0.0,0.02,0.98,1.0,206.0,0.0,11.0,,2026-10-07T06:00:00Z,active,2026-10-06T21:37:49.023407+00:00
KXLOWTHOU,KXLOWTHOU-26OCT06-B73.5,Low Temperature Houston,KHOU,2026-10-06,between,73.0,74.0,The Weather Company,https://weather.com/kalshi,0.01,0.08,0.92,0.99,6.0,2.0,715.6,,2026-10-07T06:00:00Z,active,2026-10-06T21:37:49.023407+00:00
KXLOWTHOU,KXLOWTHOU-26OCT06-B71.5,Low Temperature Houston,KHOU,2026-10-06,between,71.0,72.0,The Weather Company,https://weather.com/kalshi,0.01,0.02,0.98,0.99,483.0,10.0,726.36,,2026-10-07T06:00:00Z,active,2026-10-06T21:37:49.023407+00:00
KXLOWTHOU,KXLOWTHOU-26OCT06-B69.5,Low Temperature Houston,KHOU,2026-10-06,between,69.0,70.0,The Weather Company,https://weather.com/kalshi,0.0,0.02,0.98,1.0,156.0,0.0,244.99,,2026-10-07T06:00:00Z,active,2026-10-06T21:37:49.023407+00:00
KXLOWTHOU,KXLOWTHOU-26OCT06-B67.5,Low Temperature Houston,KHOU,2026-10-06,between,67.0,68.0,The Weather Company,https://weather.com/kalshi,0.0,0.02,0.98,1.0,200.0,0.0,271.37,,2026-10-07T06:00:00Z,active,2026-10-06T21:37:49.023407+00:00
KXLOWTCHI,KXLOWTCHI-26OCT07-T58,Lowest Temperature Chicago,KMDW,2026-10-07,greater,58.0,,The Weather Company,https://weather.com/kalshi,0.19,0.3,0.7,0.81,3.0,13.78,33.0,,2026-10-08T06:00:00Z,active,2026-10-06T21:37:49.023407+00:00
KXLOWTCHI,KXLOWTCHI-26OCT07-T51,Lowest Temperature Chicago,KMDW,2026-10-07,less,,51.0,The Weather Company,https://weather.com/kalshi,0.01,0.02,0.98,0.99,4.0,232.82,67.18,,2026-10-08T06:00:00Z,active,2026-10-06T21:37:49.023407+00:00
KXLOWTCHI,KXLOWTCHI-26OCT07-B57.5,Lowest Temperature Chicago,KMDW,2026-10-07,between,57.0,58.0,The Weather Company,https://weather.com/kalshi,0.36,0.43,0.57,0.64,3.0,5.0,20.3,,2026-10-08T06:00:00Z,active,2026-10-06T21:37:49.023407+00:00
KXLOWTCHI,KXLOWTCHI-26OCT07-B55.5,Lowest Temperature Chicago,KMDW,2026-10-07,between,55.0,56.0,The Weather Company,https://weather.com/kalshi,0.22,0.3,0.7,0.78,3.0,19.0,14.79,,2026-10-08T06:00:00Z,active,2026-10-06T21:37:49.023407+00:00
KXLOWTCHI,KXLOWTCHI-26OCT07-B53.5,Lowest Temperature Chicago,KMDW,2026-10-07,between,53.0,54.0,The Weather Company,https://weather.com/kalshi,0.04,0.13,0.87,0.96,5.0,25.0,20.0,,2026-10-08T06:00:00Z,active,2026-10-06T21:37:49.023407+00:00
KXLOWTCHI,KXLOWTCHI-26OCT07-B51.5,Lowest Temperature Chicago,KMDW,2026-10-07,between,51.0,52.0,The Weather Company,https://weather.com/kalshi,0.01,0.02,0.98,0.99,4.0,209.0,119.37,,2026-10-08T06:00:00Z,active,2026-10-06T21:37:49.023407+00:00
KXLOWTCHI,KXLOWTCHI-26OCT06-T49,Lowest Temperature Chicago,KMDW,2026-10-06,greater,49.0,,The Weather Company,https://weather.com/kalshi,0.99,1.0,0.0,0.01,0.0,1091.0,1393.62,,2026-10-07T06:00:00Z,active,2026-10-06T21:37:49.023407+00:00
KXLOWTCHI,KXLOWTCHI-26OCT06-T42,Lowest Temperature Chicago,KMDW,2026-10-06,less,,42.0,The Weather Company,https://weather.com/kalshi,0.0,0.01,0.99,1.0,487.37,0.0,88.0,,2026-10-07T06:00:00Z,active,2026-10-06T21:37:49.023407+00:00
KXLOWTCHI,KXLOWTCHI-26OCT06-B48.5,Lowest Temperature Chicago,KMDW,2026-10-06,between,48.0,49.0,The Weather Company,https://weather.com/kalshi,0.0,0.01,0.99,1.0,1299.07,0.0,520.29,,2026-10-07T06:00:00Z,active,2026-10-06T21:37:49.023407+00:00
KXLOWTCHI,KXLOWTCHI-26OCT06-B46.5,Lowest Temperature Chicago,KMDW,2026-10-06,between,46.0,47.0,The Weather Company,https://weather.com/kalshi,0.0,0.01,0.99,1.0,504.0,0.0,432.0,,2026-10-07T06:00:00Z,active,2026-10-06T21:37:49.023407+00:00
KXLOWTCHI,KXLOWTCHI-26OCT06-B44.5,Lowest Temperature Chicago,KMDW,2026-10-06,between,44.0,45.0,The Weather Company,https://weather.com/kalshi,0.0,0.01,0.99,1.0,506.0,0.0,569.0,,2026-10-07T06:00:00Z,active,2026-10-06T21:37:49.023407+00:00
KXLOWTCHI,KXLOWTCHI-26OCT06-B42.5,Lowest Temperature Chicago,KMDW,2026-10-06,between,42.0,43.0,The Weather Company,https://weather.com/kalshi,0.0,0.01,0.99,1.0,124.51,0.0,278.0,,2026-10-07T06:00:00Z,active,2026-10-06T21:37:49.023407+00:00
KXLOWTMIA,KXLOWTMIA-26OCT07-T78,Lowest temperature in Miami,KMIA,2026-10-07,greater,78.0,,The Weather Company,https://weather.com/kalshi,0.43,0.49,0.51,0.57,1.0,3.0,190.0,,2026-10-08T05:00:00Z,active,2026-10-06T21:37:49.023407+00:00
KXLOWTMIA,KXLOWTMIA-26OCT07-T71,Lowest temperature in Miami,KMIA,2026-10-07,less,,71.0,The Weather Company,https://weather.com/kalshi,0.01,0.02,0.98,0.99,157.0,4.88,349.12,,2026-10-08T05:00:00Z,active,2026-10-06T21:37:49.023407+00:00
KXLOWTMIA,KXLOWTMIA-26OCT07-B77.5,Lowest temperature in Miami,KMIA,2026-10-07,between,77.0,78.0,The Weather Company,https://weather.com/kalshi,0.43,0.45,0.55,0.57,9.0,9.0,35.49,,2026-10-08T05:00:00Z,active,2026-10-06T21:37:49.023407+00:00
KXLOWTMIA,KXLOWTMIA-26OCT07-B75.5,Lowest temperature in Miami,KMIA,2026-10-07,between,75.0,76.0,The Weather Company,https://weather.com/kalshi,0.06,0.08,0.92,0.94,6.0,1.0,2.0,,2026-10-08T05:00:00Z,active,2026-10-06T21:37:49.023407+00:00
KXLOWTMIA,KXLOWTMIA-26OCT07-B73.5,Lowest temperature in Miami,KMIA,2026-10-07,between,73.0,74.0,The Weather Company,https://weather.com/kalshi,0.03,0.05,0.95,0.97,13.0,52.98,1.02,,2026-10-08T05:00:00Z,active,2026-10-06T21:37:49.023407+00:00
KXLOWTMIA,KXLOWTMIA-26OCT07-B71.5,Lowest temperature in Miami,KMIA,2026-10-07,between,71.0,72.0,The Weather Company,https://weather.com/kalshi,0.01,0.02,0.98,0.99,6.0,34.0,193.36,,2026-10-08T05:00:00Z,active,2026-10-06T21:37:49.023407+00:00
KXLOWTMIA,KXLOWTMIA-26OCT06-T78,Lowest temperature in Miami,KMIA,2026-10-06,greater,78.0,,The Weather Company,https://weather.com/kalshi,0.84,0.95,0.05,0.16,53.22,3.0,1584.12,,2026-10-07T05:00:00Z,active,2026-10-06T21:37:49.023407+00:00
KXLOWTMIA,KXLOWTMIA-26OCT06-T71,Lowest temperature in Miami,KMIA,2026-10-06,less,,71.0,The Weather Company,https://weather.com/kalshi,0.0,0.01,0.99,1.0,205.0,0.0,348.38,,2026-10-07T05:00:00Z,active,2026-10-06T21:37:49.023407+00:00
KXLOWTMIA,KXLOWTMIA-26OCT06-B77.5,Lowest temperature in Miami,KMIA,2026-10-06,between,77.0,78.0,The Weather Company,https://weather.com/kalshi,0.09,0.15,0.85,0.91,8.0,1.0,408.66,,2026-10-07T05:00:00Z,active,2026-10-06T21:37:49.023407+00:00
KXLOWTMIA,KXLOWTMIA-26OCT06-B75.5,Lowest temperature in Miami,KMIA,2026-10-06,between,75.0,76.0,The Weather Company,https://weather.com/kalshi,0.0,0.02,0.98,1.0,6.0,0.0,350.9,,2026-10-07T05:00:00Z,active,2026-10-06T21:37:49.023407+00:00
KXLOWTMIA,KXLOWTMIA-26OCT06-B73.5,Lowest temperature in Miami,KMIA,2026-10-06,between,73.0,74.0,The Weather Company,https://weather.com/kalshi,0.0,0.03,0.97,1.0,6.0,0.0,168.5,,2026-10-07T05:00:00Z,active,2026-10-06T21:37:49.023407+00:00
KXLOWTMIA,KXLOWTMIA-26OCT06-B71.5,Lowest temperature in Miami,KMIA,2026-10-06,between,71.0,72.0,The Weather Company,https://weather.com/kalshi,0.0,0.03,0.97,1.0,7.0,0.0,205.37,,2026-10-07T05:00:00Z,active,2026-10-06T21:37:49.023407+00:00
KXLOWTDEN,KXLOWTDEN-26OCT07-T60,Lowest temperature in Denver,KDEN,2026-10-07,greater,60.0,,The Weather Company,https://weather.com/kalshi,0.01,0.02,0.98,0.99,15.0,240.0,46.74,,2026-10-08T07:00:00Z,active,2026-10-06T21:37:49.023407+00:00
KXLOWTDEN,KXLOWTDEN-26OCT07-T53,Lowest temperature in Denver,KDEN,2026-10-07,less,,53.0,The Weather Company,https://weather.com/kalshi,0.29,0.37,0.63,0.71,4.0,3.0,164.0,,2026-10-08T07:00:00Z,active,2026-10-06T21:37:49.023407+00:00
KXLOWTDEN,KXLOWTDEN-26OCT07-B59.5,Lowest temperature in Denver,KDEN,2026-10-07,between,59.0,60.0,The Weather Company,https://weather.com/kalshi,0.02,0.03,0.97,0.98,20.0,39.0,5.0,,2026-10-08T07:00:00Z,active,2026-10-06T21:37:49.023407+00:00
KXLOWTDEN,KXLOWTDEN-26OCT07-B57.5,Lowest temperature in Denver,KDEN,2026-10-07,between,57.0,58.0,The Weather Company,https://weather.com/kalshi,0.05,0.15,0.85,0.95,20.0,28.0,1.02,,2026-10-08T07:00:00Z,active,2026-10-06T21:37:49.023407+00:00
KXLOWTDEN,KXLOWTDEN-26OCT07-B55.5,Lowest temperature in Denver,KDEN,2026-10-07,between,55.0,56.0,The Weather Company,https://weather.com/kalshi,0.24,0.29,0.71,0.76,5.0,12.0,26.0,,2026-10-08T07:00:00Z,active,2026-10-06T21:37:49.023407+00:00
KXLOWTDEN,KXLOWTDEN-26OCT07-B53.5,Lowest temperature in Denver,KDEN,2026-10-07,between,53.0,54.0,The Weather Company,https://weather.com/kalshi,0.24,0.34,0.66,0.76,4.0,10.0,26.0,,2026-10-08T07:00:00Z,active,2026-10-06T21:37:49.023407+00:00
KXLOWTDEN,KXLOWTDEN-26OCT06-T60,Lowest temperature in Denver,KDEN,2026-10-06,greater,60.0,,The Weather Company,https://weather.com/kalshi,0.0,0.01,0.99,1.0,20182.15,0.0,249.37,,2026-10-07T07:00:00Z,active,2026-10-06T21:37:49.023407+00:00
KXLOWTDEN,KXLOWTDEN-26OCT06-T53,Lowest temperature in Denver,KDEN,2026-10-06,less,,53.0,The Weather Company,https://weather.com/kalshi,0.0,0.01,0.99,1.0,6.68,0.0,635.5,,2026-10-07T07:00:00Z,active,2026-10-06T21:37:49.023407+00:00
KXLOWTDEN,KXLOWTDEN-26OCT06-B59.5,Lowest temperature in Denver,KDEN,2026-10-06,between,59.0,60.0,The Weather Company,https://weather.com/kalshi,0.51,0.71,0.29,0.49,20.0,2.0,845.71,,2026-10-07T07:00:00Z,active,2026-10-06T21:37:49.023407+00:00
KXLOWTDEN,KXLOWTDEN-26OCT06-B57.5,Lowest temperature in Denver,KDEN,2026-10-06,between,57.0,58.0,The Weather Company,https://weather.com/kalshi,0.22,0.31,0.69,0.78,10.0,1.0,371.03,,2026-10-07T07:00:00Z,active,2026-10-06T21:37:49.023407+00:00
KXLOWTDEN,KXLOWTDEN-26OCT06-B55.5,Lowest temperature in Denver,KDEN,2026-10-06,between,55.0,56.0,The Weather Company,https://weather.com/kalshi,0.0,0.04,0.96,1.0,11.0,0.0,717.62,,2026-10-07T07:00:00Z,active,2026-10-06T21:37:49.023407+00:00
KXLOWTDEN,KXLOWTDEN-26OCT06-B53.5,Lowest temperature in Denver,KDEN,2026-10-06,between,53.0,54.0,The Weather Company,https://weather.com/kalshi,0.02,0.03,0.97,0.98,114.0,4.0,576.58,,2026-10-07T07:00:00Z,active,2026-10-06T21:37:49.023407+00:00
KXHIGHAUS,KXHIGHAUS-26OCT07-T92,Highest temperature in Austin,KAUS,2026-10-07,greater,92.0,,The Weather Company,https://weather.com/kalshi,0.07,0.08,0.92,0.93,20.0,22.0,1158.8,,2026-10-08T06:00:00Z,active,2026-10-06T21:37:49.023407+00:00
KXHIGHAUS,KXHIGHAUS-26OCT07-T85,Highest temperature in Austin,KAUS,2026-10-07,less,,85.0,The Weather Company,https://weather.com/kalshi,0.0,0.01,0.99,1.0,421.09,0.0,387.0,,2026-10-08T06:00:00Z,active,2026-10-06T21:37:49.023407+00:00
KXHIGHAUS,KXHIGHAUS-26OCT07-B91.5,Highest temperature in Austin,KAUS,2026-10-07,between,91.0,92.0,The Weather Company,https://weather.com/kalshi,0.54,0.55,0.45,0.46,52.0,197.64,1693.66,,2026-10-08T06:00:00Z,active,2026-10-06T21:37:49.023407+00:00
KXHIGHAUS,KXHIGHAUS-26OCT07-B89.5,Highest temperature in Austin,KAUS,2026-10-07,between,89.0,90.0,The Weather Company,https://weather.com/kalshi,0.3,0.31,0.69,0.7,42.0,21.49,779.22,,2026-10-08T06:00:00Z,active,2026-10-06T21:37:49.023407+00:00
KXHIGHAUS,KXHIGHAUS-26OCT07-B87.5,Highest temperature in Austin,KAUS,2026-10-07,between,87.0,88.0,The Weather Company,https://weather.com/kalshi,0.05,0.06,0.94,0.95,7.0,0.92,53.35,,2026-10-08T06:00:00Z,active,2026-10-06T21:37:49.023407+00:00
KXHIGHAUS,KXHIGHAUS-26OCT07-B85.5,Highest temperature in Austin,KAUS,2026-10-07,between,85.0,86.0,The Weather Company,https://weather.com/kalshi,0.01,0.02,0.98,0.99,2.0,719.67,352.33,,2026-10-08T06:00:00Z,active,2026-10-06T21:37:49.023407+00:00
KXHIGHAUS,KXHIGHAUS-26OCT06-T89,Highest temperature in Austin,KAUS,2026-10-06,greater,89.0,,The Weather Company,https://weather.com/kalshi,0.99,1.0,0.0,0.01,0.0,19502.39,32323.21,,2026-10-07T06:00:00Z,active,2026-10-06T21:37:49.023407+00:00
KXHIGHAUS,KXHIGHAUS-26OCT06-T82,Highest temperature in Austin,KAUS,2026-10-06,less,,82.0,The Weather Company,https://weather.com/kalshi,0.0,0.01,0.99,1.0,106834.98,0.0,960.05,,2026-10-07T06:00:00Z,active,2026-10-06T21:37:49.023407+00:00
KXHIGHAUS,KXHIGHAUS-26OCT06-B88.5,Highest temperature in Austin,KAUS,2026-10-06,between,88.0,89.0,The Weather Company,https://weather.com/kalshi,0.0,0.01,0.99,1.0,43652.12,0.0,20711.01,,2026-10-07T06:00:00Z,active,2026-10-06T21:37:49.023407+00:00
KXHIGHAUS,KXHIGHAUS-26OCT06-B86.5,Highest temperature in Austin,KAUS,2026-10-06,between,86.0,87.0,The Weather Company,https://weather.com/kalshi,0.0,0.01,0.99,1.0,69321.06,0.0,11103.33,,2026-10-07T06:00:00Z,active,2026-10-06T21:37:49.023407+00:00
KXHIGHAUS,KXHIGHAUS-26OCT06-B84.5,Highest temperature in Austin,KAUS,2026-10-06,between,84.0,85.0,The Weather Company,https://weather.com/kalshi,0.0,0.01,0.99,1.0,75464.71,0.0,3257.41,,2026-10-07T06:00:00Z,active,2026-10-06T21:37:49.023407+00:00
KXHIGHAUS,KXHIGHAUS-26OCT06-B82.5,Highest temperature in Austin,KAUS,2026-10-06,between,82.0,83.0,The Weather Company,https://weather.com/kalshi,0.0,0.01,0.99,1.0,91811.34,0.0,1121.74,,2026-10-07T06:00:00Z,active,2026-10-06T21:37:49.023407+00:00
KXHIGHTATL,KXHIGHTATL-26OCT07-T84,Atlanta Max Temperature,KATL,2026-10-07,greater,84.0,,The Weather Company,https://weather.com/kalshi,0.0,0.01,0.99,1.0,6.0,0.0,425.04,,2026-10-08T05:00:00Z,active,2026-10-06T21:37:49.023407+00:00
KXHIGHTATL,KXHIGHTATL-26OCT07-T77,Atlanta Max Temperature,KATL,2026-10-07,less,,77.0,The Weather Company,https://weather.com/kalshi,0.01,0.02,0.98,0.99,39.0,446.53,432.94,,2026-10-08T05:00:00Z,active,2026-10-06T21:37:49.023407+00:00
KXHIGHTATL,KXHIGHTATL-26OCT07-B83.5,Atlanta Max Temperature,KATL,2026-10-07,between,83.0,84.0,The Weather Company,https://weather.com/kalshi,0.02,0.03,0.97,0.98,12.0,69.91,649.17,,2026-10-08T05:00:00Z,active,2026-10-06T21:37:49.023407+00:00
KXHIGHTATL,KXHIGHTATL-26OCT07-B81.5,Atlanta Max Temperature,KATL,2026-10-07,between,81.0,82.0,The Weather Company,https://weather.com/kalshi,0.37,0.4,0.6,0.63,37.0,14.0,456.27,,2026-10-08T05:00:00Z,active,2026-10-06T21:37:49.023407+00:00
KXHIGHTATL,KXHIGHTATL-26OCT07-B79.5,Atlanta Max Temperature,KATL,2026-10-07,between,79.0,80.0,The Weather Company,https://weather.com/kalshi,0.5,0.51,0.49,0.5,28.0,17.0,1137.7,,2026-10-08T05:00:00Z,active,2026-10-06T21:37:49.023407+00:00
KXHIGHTATL,KXHIGHTATL-26OCT07-B77.5,Atlanta Max Temperature,KATL,2026-10-07,between,77.0,78.0,The Weather Company,https://weather.com/kalshi,0.07,0.1,0.9,0.93,1.0,32.0,249.81,,2026-10-08T05:00:00Z,active,2026-10-06T21:37:49.023407+00:00
KXHIGHTATL,KXHIGHTATL-26OCT06-T81,Atlanta Max Temperature,KATL,2026-10-06,greater,81.0,,The Weather Company,https://weather.com/kalshi,0.0,0.01,0.99,1.0,13939.0,0.0,2553.21,,2026-10-07T05:00:00Z,active,2026-10-06T21:37:49.023407+00:00
KXHIGHTATL,KXHIGHTATL-26OCT06-T74,Atlanta Max Temperature,KATL,2026-10-06,less,,74.0,The Weather Company,https://weather.com/kalshi,0.0,0.01,0.99,1.0,138187.1,0.0,1161.09,,2026-10-07T05:00:00Z,active,2026-10-06T21:37:49.023407+00:00
KXHIGHTATL,KXHIGHTATL-26OCT06-B80.5,Atlanta Max Temperature,KATL,2026-10-06,between,80.0,81.0,The Weather Company,https://weather.com/kalshi,0.0,0.01,0.99,1.0,3419.51,0.0,8477.29,,2026-10-07T05:00:00Z,active,2026-10-06T21:37:49.023407+00:00
KXHIGHTATL,KXHIGHTATL-26OCT06-B78.5,Atlanta Max Temperature,KATL,2026-10-06,between,78.0,79.0,The Weather Company,https://weather.com/kalshi,0.99,1.0,0.0,0.01,0.0,3328.78,8958.13,,2026-10-07T05:00:00Z,active,2026-10-06T21:37:49.023407+00:00
KXHIGHTATL,KXHIGHTATL-26OCT06-B76.5,Atlanta Max Temperature,KATL,2026-10-06,between,76.0,77.0,The Weather Company,https://weather.com/kalshi,0.0,0.01,0.99,1.0,98560.32,0.0,11845.7,,2026-10-07T05:00:00Z,active,2026-10-06T21:37:49.023407+00:00
KXHIGHTATL,KXHIGHTATL-26OCT06-B74.5,Atlanta Max Temperature,KATL,2026-10-06,between,74.0,75.0,The Weather Company,https://weather.com/kalshi,0.0,0.01,0.99,1.0,114001.26,0.0,3090.37,,2026-10-07T05:00:00Z,active,2026-10-06T21:37:49.023407+00:00
KXHIGHTDC,KXHIGHTDC-26OCT07-T77,Washington DC Daily Max Temp,KDCA,2026-10-07,greater,77.0,,The Weather Company,https://weather.com/kalshi,0.01,0.02,0.98,0.99,276.0,19.73,317.56,,2026-10-08T05:00:00Z,active,2026-10-06T21:37:49.023407+00:00
KXHIGHTDC,KXHIGHTDC-26OCT07-T70,Washington DC Daily Max Temp,KDCA,2026-10-07,less,,70.0,The Weather Company,https://weather.com/kalshi,0.01,0.02,0.98,0.99,46.0,643.38,221.62,,2026-10-08T05:00:00Z,active,2026-10-06T21:37:49.023407+00:00
KXHIGHTDC,KXHIGHTDC-26OCT07-B76.5,Washington DC Daily Max Temp,KDCA,2026-10-07,between,76.0,77.0,The Weather Company,https://weather.com/kalshi,0.01,0.02,0.98,0.99,92.0,732.64,185.36,,2026-10-08T05:00:00Z,active,2026-10-06T21:37:49.023407+00:00
KXHIGHTDC,KXHIGHTDC-26OCT07-B74.5,Washington DC Daily Max Temp,KDCA,2026-10-07,between,74.0,75.0,The Weather Company,https://weather.com/kalshi,0.18,0.22,0.78,0.82,58.0,26.0,364.76,,2026-10-08T05:00:00Z,active,2026-10-06T21:37:49.023407+00:00
KXHIGHTDC,KXHIGHTDC-26OCT07-B72.5,Washington DC Daily Max Temp,KDCA,2026-10-07,between,72.0,73.0,The Weather Company,https://weather.com/kalshi,0.51,0.58,0.42,0.49,43.0,32.0,221.0,,2026-10-08T05:00:00Z,active,2026-10-06T21:37:49.023407+00:00
KXHIGHTDC,KXHIGHTDC-26OCT07-B70.5,Washington DC Daily Max Temp,KDCA,2026-10-07,between,70.0,71.0,The Weather Company,https://weather.com/kalshi,0.2,0.21,0.79,0.8,1.0,37.96,256.0,,2026-10-08T05:00:00Z,active,2026-10-06T21:37:49.023407+00:00
KXHIGHTDC,KXHIGHTDC-26OCT06-T71,Washington DC Daily Max Temp,KDCA,2026-10-06,greater,71.0,,The Weather Company,https://weather.com/kalshi,0.0,0.01,0.99,1.0,9415.48,0.0,572.26,,2026-10-07T05:00:00Z,active,2026-10-06T21:37:49.023407+00:00
KXHIGHTDC,KXHIGHTDC-26OCT06-T64,Washington DC Daily Max Temp,KDCA,2026-10-06,less,,64.0,The Weather Company,https://weather.com/kalshi,0.0,0.01,0.99,1.0,33962.39,0.0,1213.14,,2026-10-07T05:00:00Z,active,2026-10-06T21:37:49.023407+00:00
KXHIGHTDC,KXHIGHTDC-26OCT06-B70.5,Washington DC Daily Max Temp,KDCA,2026-10-06,between,70.0,71.0,The Weather Company,https://weather.com/kalshi,0.0,0.01,0.99,1.0,6116.0,0.0,5607.76,,2026-10-07T05:00:00Z,active,2026-10-06T21:37:49.023407+00:00
KXHIGHTDC,KXHIGHTDC-26OCT06-B68.5,Washington DC Daily Max Temp,KDCA,2026-10-06,between,68.0,69.0,The Weather Company,https://weather.com/kalshi,0.0,0.01,0.99,1.0,4016.22,0.0,11530.57,,2026-10-07T05:00:00Z,active,2026-10-06T21:37:49.023407+00:00
KXHIGHTDC,KXHIGHTDC-26OCT06-B66.5,Washington DC Daily Max Temp,KDCA,2026-10-06,between,66.0,67.0,The Weather Company,https://weather.com/kalshi,0.99,1.0,0.0,0.01,0.0,5497.96,6223.66,,2026-10-07T05:00:00Z,active,2026-10-06T21:37:49.023407+00:00
KXHIGHTDC,KXHIGHTDC-26OCT06-B64.5,Washington DC Daily Max Temp,KDCA,2026-10-06,between,64.0,65.0,The Weather Company,https://weather.com/kalshi,0.0,0.01,0.99,1.0,41404.5,0.0,5615.13,,2026-10-07T05:00:00Z,active,2026-10-06T21:37:49.023407+00:00
KXHIGHCHI,KXHIGHCHI-26OCT07-T81,Highest temperature in Chicago,KMDW,2026-10-07,greater,81.0,,The Weather Company,https://weather.com/kalshi,0.01,0.02,0.98,0.99,50.0,2355.4,316.26,,2026-10-08T06:00:00Z,active,2026-10-06T21:37:49.023407+00:00
KXHIGHCHI,KXHIGHCHI-26OCT07-T74,Highest temperature in Chicago,KMDW,2026-10-07,less,,74.0,The Weather Company,https://weather.com/kalshi,0.01,0.02,0.98,0.99,38.76,29.0,1043.02,,2026-10-08T06:00:00Z,active,2026-10-06T21:37:49.023407+00:00
KXHIGHCHI,KXHIGHCHI-26OCT07-B80.5,Highest temperature in Chicago,KMDW,2026-10-07,between,80.0,81.0,The Weather Company,https://weather.com/kalshi,0.24,0.25,0.75,0.76,67.0,207.5,478.42,,2026-10-08T06:00:00Z,active,2026-10-06T21:37:49.023407+00:00
KXHIGHCHI,KXHIGHCHI-26OCT07-B78.5,Highest temperature in Chicago,KMDW,2026-10-07,between,78.0,79.0,The Weather Company,https://weather.com/kalshi,0.47,0.48,0.52,0.53,34.0,70.0,531.23,,2026-10-08T06:00:00Z,active,2026-10-06T21:37:49.023407+00:00
KXHIGHCHI,KXHIGHCHI-26OCT07-B76.5,Highest temperature in Chicago,KMDW,2026-10-07,between,76.0,77.0,The Weather Company,https://weather.com/kalshi,0.22,0.23,0.77,0.78,106.84,37.01,636.55,,2026-10-08T06:00:00Z,active,2026-10-06T21:37:49.023407+00:00
KXHIGHCHI,KXHIGHCHI-26OCT07-B74.5,Highest temperature in Chicago,KMDW,2026-10-07,between,74.0,75.0,The Weather Company,https://weather.com/kalshi,0.05,0.06,0.94,0.95,40.0,7.33,704.6,,2026-10-08T06:00:00Z,active,2026-10-06T21:37:49.023407+00:00
KXHIGHCHI,KXHIGHCHI-26OCT06-T77,Highest temperature in Chicago,KMDW,2026-10-06,greater,77.0,,The Weather Company,https://weather.com/kalshi,0.0,0.01,0.99,1.0,16396.57,0.0,936.28,,2026-10-07T06:00:00Z,active,2026-10-06T21:37:49.023407+00:00
KXHIGHCHI,KXHIGHCHI-26OCT06-T70,Highest temperature in Chicago,KMDW,2026-10-06,less,,70.0,The Weather Company,https://weather.com/kalshi,0.0,0.01,0.99,1.0,126765.16,0.0,3361.02,,2026-10-07T06:00:00Z,active,2026-10-06T21:37:49.023407+00:00
KXHIGHCHI,KXHIGHCHI-26OCT06-B76.5,Highest temperature in Chicago,KMDW,2026-10-06,between,76.0,77.0,The Weather Company,https://weather.com/kalshi,0.0,0.01,0.99,1.0,6199.55,0.0,8845.47,,2026-10-07T06:00:00Z,active,2026-10-06T21:37:49.023407+00:00
KXHIGHCHI,KXHIGHCHI-26OCT06-B74.5,Highest temperature in Chicago,KMDW,2026-10-06,between,74.0,75.0,The Weather Company,https://weather.com/kalshi,0.92,1.0,0.0,0.08,0.0,4.0,25795.82,,2026-10-07T06:00:00Z,active,2026-10-06T21:37:49.023407+00:00
KXHIGHCHI,KXHIGHCHI-26OCT06-B72.5,Highest temperature in Chicago,KMDW,2026-10-06,between,72.0,73.0,The Weather Company,https://weather.com/kalshi,0.0,0.01,0.99,1.0,103915.74,0.0,16172.46,,2026-10-07T06:00:00Z,active,2026-10-06T21:37:49.023407+00:00
KXHIGHCHI,KXHIGHCHI-26OCT06-B70.5,Highest temperature in Chicago,KMDW,2026-10-06,between,70.0,71.0,The Weather Company,https://weather.com/kalshi,0.0,0.01,0.99,1.0,142558.34,0.0,8701.66,,2026-10-07T06:00:00Z,active,2026-10-06T21:37:49.023407+00:00
KXHIGHNY,KXHIGHNY-26OCT07-T73,Highest temperature in NYC,KNYC,2026-10-07,greater,73.0,,The Weather Company,https://weather.com/kalshi,0.0,0.01,0.99,1.0,20.0,0.0,968.98,,2026-10-08T05:00:00Z,active,2026-10-06T21:37:49.023407+00:00
KXHIGHNY,KXHIGHNY-26OCT07-T66,Highest temperature in NYC,KNYC,2026-10-07,less,,66.0,The Weather Company,https://weather.com/kalshi,0.26,0.27,0.73,0.74,23.0,133.0,2491.47,,2026-10-08T05:00:00Z,active,2026-10-06T21:37:49.023407+00:00
KXHIGHNY,KXHIGHNY-26OCT07-B72.5,Highest temperature in NYC,KNYC,2026-10-07,between,72.0,73.0,The Weather Company,https://weather.com/kalshi,0.01,0.02,0.98,0.99,312.0,310.68,442.32,,2026-10-08T05:00:00Z,active,2026-10-06T21:37:49.023407+00:00
KXHIGHNY,KXHIGHNY-26OCT07-B70.5,Highest temperature in NYC,KNYC,2026-10-07,between,70.0,71.0,The Weather Company,https://weather.com/kalshi,0.02,0.03,0.97,0.98,118.0,389.24,228.13,,2026-10-08T05:00:00Z,active,2026-10-06T21:37:49.023407+00:00
KXHIGHNY,KXHIGHNY-26OCT07-B68.5,Highest temperature in NYC,KNYC,2026-10-07,between,68.0,69.0,The Weather Company,https://weather.com/kalshi,0.2,0.21,0.79,0.8,35.0,12.78,1255.14,,2026-10-08T05:00:00Z,active,2026-10-06T21:37:49.023407+00:00
KXHIGHNY,KXHIGHNY-26OCT07-B66.5,Highest temperature in NYC,KNYC,2026-10-07,between,66.0,67.0,The Weather Company,https://weather.com/kalshi,0.52,0.53,0.47,0.48,111.18,17.0,1413.46,,2026-10-08T05:00:00Z,active,2026-10-06T21:37:49.023407+00:00
KXHIGHNY,KXHIGHNY-26OCT06-T70,Highest temperature in NYC,KNYC,2026-10-06,greater,70.0,,The Weather Company,https://weather.com/kalshi,0.0,0.01,0.99,1.0,36135.38,0.0,1518.48,,2026-10-07T05:00:00Z,active,2026-10-06T21:37:49.023407+00:00
KXHIGHNY,KXHIGHNY-26OCT06-T63,Highest temperature in NYC,KNYC,2026-10-06,less,,63.0,The Weather Company,https://weather.com/kalshi,0.99,1.0,0.0,0.01,0.0,8963.78,37799.64,,2026-10-07T05:00:00Z,active,2026-10-06T21:37:49.023407+00:00
KXHIGHNY,KXHIGHNY-26OCT06-B69.5,Highest temperature in NYC,KNYC,2026-10-06,between,69.0,70.0,The Weather Company,https://weather.com/kalshi,0.0,0.01,0.99,1.0,34670.96,0.0,1475.8,,2026-10-07T05:00:00Z,active,2026-10-06T21:37:49.023407+00:00
KXHIGHNY,KXHIGHNY-26OCT06-B67.5,Highest temperature in NYC,KNYC,2026-10-06,between,67.0,68.0,The Weather Company,https://weather.com/kalshi,0.0,0.01,0.99,1.0,41528.19,0.0,8125.32,,2026-10-07T05:00:00Z,active,2026-10-06T21:37:49.023407+00:00
KXHIGHNY,KXHIGHNY-26OCT06-B65.5,Highest temperature in NYC,KNYC,2026-10-06,between,65.0,66.0,The Weather Company,https://weather.com/kalshi,0.0,0.01,0.99,1.0,22191.76,0.0,20944.73,,2026-10-07T05:00:00Z,active,2026-10-06T21:37:49.023407+00:00
KXHIGHNY,KXHIGHNY-26OCT06-B63.5,Highest temperature in NYC,KNYC,2026-10-06,between,63.0,64.0,The Weather Company,https://weather.com/kalshi,0.0,0.02,0.98,1.0,4556.62,0.0,52808.28,,2026-10-07T05:00:00Z,active,2026-10-06T21:37:49.023407+00:00
KXLOWTAUS,KXLOWTAUS-26OCT07-T66,Lowest temperature in Austin,KAUS,2026-10-07,greater,66.0,,The Weather Company,https://weather.com/kalshi,0.02,0.03,0.97,0.98,104.43,87.0,34.0,,2026-10-08T06:00:00Z,active,2026-10-06T21:37:49.023407+00:00
KXLOWTAUS,KXLOWTAUS-26OCT07-T59,Lowest temperature in Austin,KAUS,2026-10-07,less,,59.0,The Weather Company,https://weather.com/kalshi,0.08,0.11,0.89,0.92,22.0,9.0,120.35,,2026-10-08T06:00:00Z,active,2026-10-06T21:37:49.023407+00:00
KXLOWTAUS,KXLOWTAUS-26OCT07-B65.5,Lowest temperature in Austin,KAUS,2026-10-07,between,65.0,66.0,The Weather Company,https://weather.com/kalshi,0.03,0.09,0.91,0.97,19.0,69.0,31.38,,2026-10-08T06:00:00Z,active,2026-10-06T21:37:49.023407+00:00
KXLOWTAUS,KXLOWTAUS-26OCT07-B63.5,Lowest temperature in Austin,KAUS,2026-10-07,between,63.0,64.0,The Weather Company,https://weather.com/kalshi,0.11,0.16,0.84,0.89,2.0,3.0,56.0,,2026-10-08T06:00:00Z,active,2026-10-06T21:37:49.023407+00:00
KXLOWTAUS,KXLOWTAUS-26OCT07-B61.5,Lowest temperature in Austin,KAUS,2026-10-07,between,61.0,62.0,The Weather Company,https://weather.com/kalshi,0.28,0.36,0.64,0.72,16.0,7.0,48.0,,2026-10-08T06:00:00Z,active,2026-10-06T21:37:49.023407+00:00
KXLOWTAUS,KXLOWTAUS-26OCT07-B59.5,Lowest temperature in Austin,KAUS,2026-10-07,between,59.0,60.0,The Weather Company,https://weather.com/kalshi,0.38,0.43,0.57,0.62,7.0,9.0,246.0,,2026-10-08T06:00:00Z,active,2026-10-06T21:37:49.023407+00:00
KXLOWTAUS,KXLOWTAUS-26OCT06-T67,Lowest temperature in Austin,KAUS,2026-10-06,greater,67.0,,The Weather Company,https://weather.com/kalshi,0.0,0.01,0.99,1.0,26103.15,0.0,653.05,,2026-10-07T06:00:00Z,active,2026-10-06T21:37:49.023407+00:00
KXLOWTAUS,KXLOWTAUS-26OCT06-T60,Lowest temperature in Austin,KAUS,2026-10-06,less,,60.0,The Weather Company,https://weather.com/kalshi,0.0,0.01,0.99,1.0,1.0,0.0,966.65,,2026-10-07T06:00:00Z,active,2026-10-06T21:37:49.023407+00:00
KXLOWTAUS,KXLOWTAUS-26OCT06-B66.5,Lowest temperature in Austin,KAUS,2026-10-06,between,66.0,67.0,The Weather Company,https://weather.com/kalshi,0.0,0.01,0.99,1.0,24812.82,0.0,2260.25,,2026-10-07T06:00:00Z,active,2026-10-06T21:37:49.023407+00:00
KXLOWTAUS,KXLOWTAUS-26OCT06-B64.5,Lowest temperature in Austin,KAUS,2026-10-06,between,64.0,65.0,The Weather Company,https://weather.com/kalshi,0.98,0.99,0.01,0.02,10.0,300.0,2975.27,,2026-10-07T06:00:00Z,active,2026-10-06T21:37:49.023407+00:00
KXLOWTAUS,KXLOWTAUS-26OCT06-B62.5,Lowest temperature in Austin,KAUS,2026-10-06,between,62.0,63.0,The Weather Company,https://weather.com/kalshi,0.0,0.01,0.99,1.0,50.0,0.0,2333.32,,2026-10-07T06:00:00Z,active,2026-10-06T21:37:49.023407+00:00
KXLOWTAUS,KXLOWTAUS-26OCT06-B60.5,Lowest temperature in Austin,KAUS,2026-10-06,between,60.0,61.0,The Weather Company,https://weather.com/kalshi,0.0,0.02,0.98,1.0,443.0,0.0,812.06,,2026-10-07T06:00:00Z,active,2026-10-06T21:37:49.023407+00:00
KXHIGHTLV,KXHIGHTLV-26OCT07-T95,Las Vegas Max Daily Temperature,KLAS,2026-10-07,less,,95.0,The Weather Company,https://weather.com/kalshi,0.0,0.01,0.99,1.0,399.0,0.0,795.17,,2026-10-08T08:00:00Z,active,2026-10-06T21:37:49.023407+00:00
KXHIGHTLV,KXHIGHTLV-26OCT07-T102,Las Vegas Max Daily Temperature,KLAS,2026-10-07,greater,102.0,,The Weather Company,https://weather.com/kalshi,0.0,0.01,0.99,1.0,502.0,0.0,297.0,,2026-10-08T08:00:00Z,active,2026-10-06T21:37:49.023407+00:00
KXHIGHTLV,KXHIGHTLV-26OCT07-B99.5,Las Vegas Max Daily Temperature,KLAS,2026-10-07,between,99.0,100.0,The Weather Company,https://weather.com/kalshi,0.1,0.11,0.89,0.9,17.0,29.0,114.1,,2026-10-08T08:00:00Z,active,2026-10-06T21:37:49.023407+00:00
KXHIGHTLV,KXHIGHTLV-26OCT07-B97.5,Las Vegas Max Daily Temperature,KLAS,2026-10-07,between,97.0,98.0,The Weather Company,https://weather.com/kalshi,0.65,0.66,0.34,0.35,46.0,325.98,173.81,,2026-10-08T08:00:00Z,active,2026-10-06T21:37:49.023407+00:00
KXHIGHTLV,KXHIGHTLV-26OCT07-B95.5,Las Vegas Max Daily Temperature,KLAS,2026-10-07,between,95.0,96.0,The Weather Company,https://weather.com/kalshi,0.22,0.23,0.77,0.78,226.0,25.0,49.13,,2026-10-08T08:00:00Z,active,2026-10-06T21:37:49.023407+00:00
KXHIGHTLV,KXHIGHTLV-26OCT07-B101.5,Las Vegas Max Daily Temperature,KLAS,2026-10-07,between,101.0,102.0,The Weather Company,https://weather.com/kalshi,0.01,0.02,0.98,0.99,56.0,213.81,223.54,,2026-10-08T08:00:00Z,active,2026-10-06T21:37:49.023407+00:00
KXHIGHTLV,KXHIGHTLV-26OCT06-T93,Las Vegas Max Daily Temperature,KLAS,2026-10-06,less,,93.0,The Weather Company,https://weather.com/kalshi,0.0,0.01,0.99,1.0,45550.8,0.0,941.86,,2026-10-07T08:00:00Z,active,2026-10-06T21:37:49.023407+00:00
KXHIGHTLV,KXHIGHTLV-26OCT06-T100,Las Vegas Max Daily Temperature,KLAS,2026-10-06,greater,100.0,,The Weather Company,https://weather.com/kalshi,0.0,0.01,0.99,1.0,6067.28,0.0,464.6,,2026-10-07T08:00:00Z,active,2026-10-06T21:37:49.023407+00:00
KXHIGHTLV,KXHIGHTLV-26OCT06-B99.5,Las Vegas Max Daily Temperature,KLAS,2026-10-06,between,99.0,100.0,The Weather Company,https://weather.com/kalshi,0.0,0.01,0.99,1.0,292.98,0.0,1051.31,,2026-10-07T08:00:00Z,active,2026-10-06T21:37:49.023407+00:00
KXHIGHTLV,KXHIGHTLV-26OCT06-B97.5,Las Vegas Max Daily Temperature,KLAS,2026-10-06,between,97.0,98.0,The Weather Company,https://weather.com/kalshi,0.03,0.08,0.92,0.97,10.0,81.0,2946.17,,2026-10-07T08:00:00Z,active,2026-10-06T21:37:49.023407+00:00
KXHIGHTLV,KXHIGHTLV-26OCT06-B95.5,Las Vegas Max Daily Temperature,KLAS,2026-10-06,between,95.0,96.0,The Weather Company,https://weather.com/kalshi,0.7,0.8,0.2,0.3,9.0,10.0,3056.44,,2026-10-07T08:00:00Z,active,2026-10-06T21:37:49.023407+00:00
KXHIGHTLV,KXHIGHTLV-26OCT06-B93.5,Las Vegas Max Daily Temperature,KLAS,2026-10-06,between,93.0,94.0,The Weather Company,https://weather.com/kalshi,0.14,0.2,0.8,0.86,58.0,14.0,4265.6,,2026-10-07T08:00:00Z,active,2026-10-06T21:37:49.023407+00:00
KXHIGHTBOS,KXHIGHTBOS-26OCT07-T68,Boston Maximum Daily Temperature,KBOS,2026-10-07,greater,68.0,,The Weather Company,https://weather.com/kalshi,0.08,0.09,0.91,0.92,18.24,49.0,317.0,,2026-10-08T05:00:00Z,active,2026-10-06T21:37:49.023407+00:00
KXHIGHTBOS,KXHIGHTBOS-26OCT07-T61,Boston Maximum Daily Temperature,KBOS,2026-10-07,less,,61.0,The Weather Company,https://weather.com/kalshi,0.01,0.02,0.98,0.99,47.0,37.71,304.29,,2026-10-08T05:00:00Z,active,2026-10-06T21:37:49.023407+00:00
KXHIGHTBOS,KXHIGHTBOS-26OCT07-B67.5,Boston Maximum Daily Temperature,KBOS,2026-10-07,between,67.0,68.0,The Weather Company,https://weather.com/kalshi,0.52,0.53,0.47,0.48,34.75,11.0,531.95,,2026-10-08T05:00:00Z,active,2026-10-06T21:37:49.023407+00:00
KXHIGHTBOS,KXHIGHTBOS-26OCT07-B65.5,Boston Maximum Daily Temperature,KBOS,2026-10-07,between,65.0,66.0,The Weather Company,https://weather.com/kalshi,0.31,0.32,0.68,0.69,20.0,27.84,240.96,,2026-10-08T05:00:00Z,active,2026-10-06T21:37:49.023407+00:00
KXHIGHTBOS,KXHIGHTBOS-26OCT07-B63.5,Boston Maximum Daily Temperature,KBOS,2026-10-07,between,63.0,64.0,The Weather Company,https://weather.com/kalshi,0.05,0.07,0.93,0.95,21.0,94.33,43.66,,2026-10-08T05:00:00Z,active,2026-10-06T21:37:49.023407+00:00
KXHIGHTBOS,KXHIGHTBOS-26OCT07-B61.5,Boston Maximum Daily Temperature,KBOS,2026-10-07,between,61.0,62.0,The Weather Company,https://weather.com/kalshi,0.01,0.02,0.98,0.99,87.0,634.65,318.35,,2026-10-08T05:00:00Z,active,2026-10-06T21:37:49.023407+00:00
KXHIGHTBOS,KXHIGHTBOS-26OCT06-T63,Boston Maximum Daily Temperature,KBOS,2026-10-06,greater,63.0,,The Weather Company,https://weather.com/kalshi,0.0,0.01,0.99,1.0,3052.0,0.0,4416.83,,2026-10-07T05:00:00Z,active,2026-10-06T21:37:49.023407+00:00
KXHIGHTBOS,KXHIGHTBOS-26OCT06-T56,Boston Maximum Daily Temperature,KBOS,2026-10-06,less,,56.0,The Weather Company,https://weather.com/kalshi,0.0,0.01,0.99,1.0,21906.27,0.0,428.0,,2026-10-07T05:00:00Z,active,2026-10-06T21:37:49.023407+00:00
KXHIGHTBOS,KXHIGHTBOS-26OCT06-B62.5,Boston Maximum Daily Temperature,KBOS,2026-10-06,between,62.0,63.0,The Weather Company,https://weather.com/kalshi,0.99,1.0,0.0,0.01,0.0,3452.0,8705.43,,2026-10-07T05:00:00Z,active,2026-10-06T21:37:49.023407+00:00
KXHIGHTBOS,KXHIGHTBOS-26OCT06-B60.5,Boston Maximum Daily Temperature,KBOS,2026-10-06,between,60.0,61.0,The Weather Company,https://weather.com/kalshi,0.0,0.01,0.99,1.0,32875.54,0.0,6937.62,,2026-10-07T05:00:00Z,active,2026-10-06T21:37:49.023407+00:00
KXHIGHTBOS,KXHIGHTBOS-26OCT06-B58.5,Boston Maximum Daily Temperature,KBOS,2026-10-06,between,58.0,59.0,The Weather Company,https://weather.com/kalshi,0.0,0.01,0.99,1.0,21709.82,0.0,2665.41,,2026-10-07T05:00:00Z,active,2026-10-06T21:37:49.023407+00:00
KXHIGHTBOS,KXHIGHTBOS-26OCT06-B56.5,Boston Maximum Daily Temperature,KBOS,2026-10-06,between,56.0,57.0,The Weather Company,https://weather.com/kalshi,0.0,0.01,0.99,1.0,21148.76,0.0,1356.19,,2026-10-07T05:00:00Z,active,2026-10-06T21:37:49.023407+00:00
KXLOWTATL,KXLOWTATL-26OCT07-T59,Low Temperature Atlanta,KATL,2026-10-07,greater,59.0,,The Weather Company,https://weather.com/kalshi,0.13,0.18,0.82,0.87,10.0,26.82,120.0,,2026-10-08T05:00:00Z,active,2026-10-06T21:37:49.023407+00:00
KXLOWTATL,KXLOWTATL-26OCT07-T52,Low Temperature Atlanta,KATL,2026-10-07,less,,52.0,The Weather Company,https://weather.com/kalshi,0.01,0.02,0.98,0.99,10.0,10.0,73.0,,2026-10-08T05:00:00Z,active,2026-10-06T21:37:49.023407+00:00
KXLOWTATL,KXLOWTATL-26OCT07-B58.5,Low Temperature Atlanta,KATL,2026-10-07,between,58.0,59.0,The Weather Company,https://weather.com/kalshi,0.5,0.58,0.42,0.5,10.0,12.0,40.0,,2026-10-08T05:00:00Z,active,2026-10-06T21:37:49.023407+00:00
KXLOWTATL,KXLOWTATL-26OCT07-B56.5,Low Temperature Atlanta,KATL,2026-10-07,between,56.0,57.0,The Weather Company,https://weather.com/kalshi,0.14,0.18,0.82,0.86,9.0,8.0,72.0,,2026-10-08T05:00:00Z,active,2026-10-06T21:37:49.023407+00:00
KXLOWTATL,KXLOWTATL-26OCT07-B54.5,Low Temperature Atlanta,KATL,2026-10-07,between,54.0,55.0,The Weather Company,https://weather.com/kalshi,0.03,0.05,0.95,0.97,6.0,29.0,15.18,,2026-10-08T05:00:00Z,active,2026-10-06T21:37:49.023407+00:00
KXLOWTATL,KXLOWTATL-26OCT07-B52.5,Low Temperature Atlanta,KATL,2026-10-07,between,52.0,53.0,The Weather Company,https://weather.com/kalshi,0.01,0.03,0.97,0.99,5.0,44.0,198.76,,2026-10-08T05:00:00Z,active,2026-10-06T21:37:49.023407+00:00
KXLOWTATL,KXLOWTATL-26OCT06-T63,Low Temperature Atlanta,KATL,2026-10-06,greater,63.0,,The Weather Company,https://weather.com/kalshi,0.0,0.01,0.99,1.0,25703.15,0.0,556.51,,2026-10-07T05:00:00Z,active,2026-10-06T21:37:49.023407+00:00
KXLOWTATL,KXLOWTATL-26OCT06-T56,Low Temperature Atlanta,KATL,2026-10-06,less,,56.0,The Weather Company,https://weather.com/kalshi,0.0,0.01,0.99,1.0,286.0,0.0,40.08,,2026-10-07T05:00:00Z,active,2026-10-06T21:37:49.023407+00:00
KXLOWTATL,KXLOWTATL-26OCT06-B62.5,Low Temperature Atlanta,KATL,2026-10-06,between,62.0,63.0,The Weather Company,https://weather.com/kalshi,0.93,0.97,0.03,0.07,10.0,11.0,295.52,,2026-10-07T05:00:00Z,active,2026-10-06T21:37:49.023407+00:00
KXLOWTATL,KXLOWTATL-26OCT06-B60.5,Low Temperature Atlanta,KATL,2026-10-06,between,60.0,61.0,The Weather Company,https://weather.com/kalshi,0.02,0.07,0.93,0.98,14.0,15.0,663.41,,2026-10-07T05:00:00Z,active,2026-10-06T21:37:49.023407+00:00
KXLOWTATL,KXLOWTATL-26OCT06-B58.5,Low Temperature Atlanta,KATL,2026-10-06,between,58.0,59.0,The Weather Company,https://weather.com/kalshi,0.0,0.02,0.98,1.0,45.0,0.0,245.64,,2026-10-07T05:00:00Z,active,2026-10-06T21:37:49.023407+00:00
KXLOWTATL,KXLOWTATL-26OCT06-B56.5,Low Temperature Atlanta,KATL,2026-10-06,between,56.0,57.0,The Weather Company,https://weather.com/kalshi,0.0,0.01,0.99,1.0,64.0,0.0,361.41,,2026-10-07T05:00:00Z,active,2026-10-06T21:37:49.023407+00:00
KXHIGHTSATX,KXHIGHTSATX-26OCT07-T92,San Antonio Daily Maximum Temperature,KSAT,2026-10-07,greater,92.0,,The Weather Company,https://weather.com/kalshi,0.01,0.02,0.98,0.99,17.0,178.82,190.18,,2026-10-08T06:00:00Z,active,2026-10-06T21:37:49.023407+00:00
KXHIGHTSATX,KXHIGHTSATX-26OCT07-T85,San Antonio Daily Maximum Temperature,KSAT,2026-10-07,less,,85.0,The Weather Company,https://weather.com/kalshi,0.01,0.02,0.98,0.99,248.0,60.82,439.87,,2026-10-08T06:00:00Z,active,2026-10-06T21:37:49.023407+00:00
KXHIGHTSATX,KXHIGHTSATX-26OCT07-B91.5,San Antonio Daily Maximum Temperature,KSAT,2026-10-07,between,91.0,92.0,The Weather Company,https://weather.com/kalshi,0.27,0.28,0.72,0.73,5.2,16.0,122.0,,2026-10-08T06:00:00Z,active,2026-10-06T21:37:49.023407+00:00
KXHIGHTSATX,KXHIGHTSATX-26OCT07-B89.5,San Antonio Daily Maximum Temperature,KSAT,2026-10-07,between,89.0,90.0,The Weather Company,https://weather.com/kalshi,0.57,0.58,0.42,0.43,36.0,2.0,416.88,,2026-10-08T06:00:00Z,active,2026-10-06T21:37:49.023407+00:00
KXHIGHTSATX,KXHIGHTSATX-26OCT07-B87.5,San Antonio Daily Maximum Temperature,KSAT,2026-10-07,between,87.0,88.0,The Weather Company,https://weather.com/kalshi,0.1,0.11,0.89,0.9,5.0,40.14,102.1,,2026-10-08T06:00:00Z,active,2026-10-06T21:37:49.023407+00:00
KXHIGHTSATX,KXHIGHTSATX-26OCT07-B85.5,San Antonio Daily Maximum Temperature,KSAT,2026-10-07,between,85.0,86.0,The Weather Company,https://weather.com/kalshi,0.01,0.02,0.98,0.99,17.0,698.61,254.99,,2026-10-08T06:00:00Z,active,2026-10-06T21:37:49.023407+00:00
KXHIGHTSATX,KXHIGHTSATX-26OCT06-T90,San Antonio Daily Maximum Temperature,KSAT,2026-10-06,greater,90.0,,The Weather Company,https://weather.com/kalshi,0.0,0.02,0.98,1.0,10.0,0.0,1841.12,,2026-10-07T06:00:00Z,active,2026-10-06T21:37:49.023407+00:00
KXHIGHTSATX,KXHIGHTSATX-26OCT06-T83,San Antonio Daily Maximum Temperature,KSAT,2026-10-06,less,,83.0,The Weather Company,https://weather.com/kalshi,0.0,0.01,0.99,1.0,20619.48,0.0,314.11,,2026-10-07T06:00:00Z,active,2026-10-06T21:37:49.023407+00:00
KXHIGHTSATX,KXHIGHTSATX-26OCT06-B89.5,San Antonio Daily Maximum Temperature,KSAT,2026-10-06,between,89.0,90.0,The Weather Company,https://weather.com/kalshi,0.95,0.99,0.01,0.05,953.11,6.0,3762.31,,2026-10-07T06:00:00Z,active,2026-10-06T21:37:49.023407+00:00
KXHIGHTSATX,KXHIGHTSATX-26OCT06-B87.5,San Antonio Daily Maximum Temperature,KSAT,2026-10-06,between,87.0,88.0,The Weather Company,https://weather.com/kalshi,0.01,0.02,0.98,0.99,1041.0,83.74,5162.93,,2026-10-07T06:00:00Z,active,2026-10-06T21:37:49.023407+00:00
KXHIGHTSATX,KXHIGHTSATX-26OCT06-B85.5,San Antonio Daily Maximum Temperature,KSAT,2026-10-06,between,85.0,86.0,The Weather Company,https://weather.com/kalshi,0.0,0.01,0.99,1.0,14630.56,0.0,2219.13,,2026-10-07T06:00:00Z,active,2026-10-06T21:37:49.023407+00:00
KXHIGHTSATX,KXHIGHTSATX-26OCT06-B83.5,San Antonio Daily Maximum Temperature,KSAT,2026-10-06,between,83.0,84.0,The Weather Company,https://weather.com/kalshi,0.0,0.01,0.99,1.0,14900.5,0.0,678.58,,2026-10-07T06:00:00Z,active,2026-10-06T21:37:49.023407+00:00
KXLOWTPHX,KXLOWTPHX-26OCT07-T80,Low Temperature Phoenix,KPHX,2026-10-07,greater,80.0,,The Weather Company,https://weather.com/kalshi,0.27,0.32,0.68,0.73,18.96,6.0,136.0,,2026-10-08T07:00:00Z,active,2026-10-06T21:37:49.023407+00:00
KXLOWTPHX,KXLOWTPHX-26OCT07-T73,Low Temperature Phoenix,KPHX,2026-10-07,less,,73.0,The Weather Company,https://weather.com/kalshi,0.0,0.01,0.99,1.0,18.0,0.0,0.0,,2026-10-08T07:00:00Z,active,2026-10-06T21:37:49.023407+00:00
KXLOWTPHX,KXLOWTPHX-26OCT07-B79.5,Low Temperature Phoenix,KPHX,2026-10-07,between,79.0,80.0,The Weather Company,https://weather.com/kalshi,0.38,0.43,0.57,0.62,10.0,9.0,55.0,,2026-10-08T07:00:00Z,active,2026-10-06T21:37:49.023407+00:00
KXLOWTPHX,KXLOWTPHX-26OCT07-B77.5,Low Temperature Phoenix,KPHX,2026-10-07,between,77.0,78.0,The Weather Company,https://weather.com/kalshi,0.19,0.23,0.77,0.81,15.0,10.0,55.0,,2026-10-08T07:00:00Z,active,2026-10-06T21:37:49.023407+00:00
KXLOWTPHX,KXLOWTPHX-26OCT07-B75.5,Low Temperature Phoenix,KPHX,2026-10-07,between,75.0,76.0,The Weather Company,https://weather.com/kalshi,0.04,0.09,0.91,0.96,34.0,15.0,11.28,,2026-10-08T07:00:00Z,active,2026-10-06T21:37:49.023407+00:00
KXLOWTPHX,KXLOWTPHX-26OCT07-B73.5,Low Temperature Phoenix,KPHX,2026-10-07,between,73.0,74.0,The Weather Company,https://weather.com/kalshi,0.01,0.03,0.97,0.99,7.0,18.82,233.94,,2026-10-08T07:00:00Z,active,2026-10-06T21:37:49.023407+00:00
KXLOWTPHX,KXLOWTPHX-26OCT06-T80,Low Temperature Phoenix,KPHX,2026-10-06,greater,80.0,,The Weather Company,https://weather.com/kalshi,0.0,0.01,0.99,1.0,34213.9,0.0,1033.47,,2026-10-07T07:00:00Z,active,2026-10-06T21:37:49.023407+00:00
KXLOWTPHX,KXLOWTPHX-26OCT06-T73,Low Temperature Phoenix,KPHX,2026-10-06,less,,73.0,The Weather Company,https://weather.com/kalshi,0.0,0.01,0.99,1.0,933.0,0.0,946.0,,2026-10-07T07:00:00Z,active,2026-10-06T21:37:49.023407+00:00
KXLOWTPHX,KXLOWTPHX-26OCT06-B79.5,Low Temperature Phoenix,KPHX,2026-10-06,between,79.0,80.0,The Weather Company,https://weather.com/kalshi,0.98,0.99,0.01,0.02,10.0,45.0,1206.39,,2026-10-07T07:00:00Z,active,2026-10-06T21:37:49.023407+00:00
KXLOWTPHX,KXLOWTPHX-26OCT06-B77.5,Low Temperature Phoenix,KPHX,2026-10-06,between,77.0,78.0,The Weather Company,https://weather.com/kalshi,0.0,0.01,0.99,1.0,1.0,0.0,736.6,,2026-10-07T07:00:00Z,active,2026-10-06T21:37:49.023407+00:00
KXLOWTPHX,KXLOWTPHX-26OCT06-B75.5,Low Temperature Phoenix,KPHX,2026-10-06,between,75.0,76.0,The Weather Company,https://weather.com/kalshi,0.0,0.01,0.99,1.0,921.0,0.0,768.37,,2026-10-07T07:00:00Z,active,2026-10-06T21:37:49.023407+00:00
KXLOWTPHX,KXLOWTPHX-26OCT06-B73.5,Low Temperature Phoenix,KPHX,2026-10-06,between,73.0,74.0,The Weather Company,https://weather.com/kalshi,0.0,0.01,0.99,1.0,832.0,0.0,1004.37,,2026-10-07T07:00:00Z,active,2026-10-06T21:37:49.023407+00:00
KXLOWTNOLA,KXLOWTNOLA-26OCT07-T74,NOLA Low Temperature,KMSY,2026-10-07,greater,74.0,,The Weather Company,https://weather.com/kalshi,0.14,0.16,0.84,0.86,2.0,4.0,100.0,,2026-10-08T06:00:00Z,active,2026-10-06T21:37:49.023407+00:00
KXLOWTNOLA,KXLOWTNOLA-26OCT07-T67,NOLA Low Temperature,KMSY,2026-10-07,less,,67.0,The Weather Company,https://weather.com/kalshi,0.0,0.01,0.99,1.0,18.0,0.0,0.0,,2026-10-08T06:00:00Z,active,2026-10-06T21:37:49.023407+00:00
KXLOWTNOLA,KXLOWTNOLA-26OCT07-B73.5,NOLA Low Temperature,KMSY,2026-10-07,between,73.0,74.0,The Weather Company,https://weather.com/kalshi,0.58,0.61,0.39,0.42,21.0,3.0,63.0,,2026-10-08T06:00:00Z,active,2026-10-06T21:37:49.023407+00:00
KXLOWTNOLA,KXLOWTNOLA-26OCT07-B71.5,NOLA Low Temperature,KMSY,2026-10-07,between,71.0,72.0,The Weather Company,https://weather.com/kalshi,0.16,0.23,0.77,0.84,6.0,5.0,24.0,,2026-10-08T06:00:00Z,active,2026-10-06T21:37:49.023407+00:00
KXLOWTNOLA,KXLOWTNOLA-26OCT07-B69.5,NOLA Low Temperature,KMSY,2026-10-07,between,69.0,70.0,The Weather Company,https://weather.com/kalshi,0.02,0.06,0.94,0.98,22.0,149.0,15.43,,2026-10-08T06:00:00Z,active,2026-10-06T21:37:49.023407+00:00
KXLOWTNOLA,KXLOWTNOLA-26OCT07-B67.5,NOLA Low Temperature,KMSY,2026-10-07,between,67.0,68.0,The Weather Company,https://weather.com/kalshi,0.0,0.02,0.98,1.0,21.0,0.0,217.36,,2026-10-08T06:00:00Z,active,2026-10-06T21:37:49.023407+00:00
KXLOWTNOLA,KXLOWTNOLA-26OCT06-T73,NOLA Low Temperature,KMSY,2026-10-06,greater,73.0,,The Weather Company,https://weather.com/kalshi,0.98,0.99,0.01,0.02,162.72,18.0,825.25,,2026-10-07T06:00:00Z,active,2026-10-06T21:37:49.023407+00:00
KXLOWTNOLA,KXLOWTNOLA-26OCT06-T66,NOLA Low Temperature,KMSY,2026-10-06,less,,66.0,The Weather Company,https://weather.com/kalshi,0.0,0.01,0.99,1.0,1.0,0.0,0.0,,2026-10-07T06:00:00Z,active,2026-10-06T21:37:49.023407+00:00
KXLOWTNOLA,KXLOWTNOLA-26OCT06-B72.5,NOLA Low Temperature,KMSY,2026-10-06,between,72.0,73.0,The Weather Company,https://weather.com/kalshi,0.01,0.03,0.97,0.99,52.0,10.0,176.8,,2026-10-07T06:00:00Z,active,2026-10-06T21:37:49.023407+00:00
KXLOWTNOLA,KXLOWTNOLA-26OCT06-B70.5,NOLA Low Temperature,KMSY,2026-10-06,between,70.0,71.0,The Weather Company,https://weather.com/kalshi,0.0,0.02,0.98,1.0,6.0,0.0,122.0,,2026-10-07T06:00:00Z,active,2026-10-06T21:37:49.023407+00:00
KXLOWTNOLA,KXLOWTNOLA-26OCT06-B68.5,NOLA Low Temperature,KMSY,2026-10-06,between,68.0,69.0,The Weather Company,https://weather.com/kalshi,0.0,0.02,0.98,1.0,58.0,0.0,232.77,,2026-10-07T06:00:00Z,active,2026-10-06T21:37:49.023407+00:00
KXLOWTNOLA,KXLOWTNOLA-26OCT06-B66.5,NOLA Low Temperature,KMSY,2026-10-06,between,66.0,67.0,The Weather Company,https://weather.com/kalshi,0.0,0.01,0.99,1.0,6.0,0.0,112.0,,2026-10-07T06:00:00Z,active,2026-10-06T21:37:49.023407+00:00
KXHIGHTSFO,KXHIGHTSFO-26OCT07-T84,San Francisco High Temperature Daily,KSFO,2026-10-07,greater,84.0,,The Weather Company,https://weather.com/kalshi,0.04,0.05,0.95,0.96,4.03,257.98,550.79,,2026-10-08T08:00:00Z,active,2026-10-06T21:37:49.023407+00:00
KXHIGHTSFO,KXHIGHTSFO-26OCT07-T77,San Francisco High Temperature Daily,KSFO,2026-10-07,less,,77.0,The Weather Company,https://weather.com/kalshi,0.41,0.45,0.55,0.59,1.0,26.0,2455.9,,2026-10-08T08:00:00Z,active,2026-10-06T21:37:49.023407+00:00
KXHIGHTSFO,KXHIGHTSFO-26OCT07-B83.5,San Francisco High Temperature Daily,KSFO,2026-10-07,between,83.0,84.0,The Weather Company,https://weather.com/kalshi,0.09,0.11,0.89,0.91,10.0,211.93,405.63,,2026-10-08T08:00:00Z,active,2026-10-06T21:37:49.023407+00:00
KXHIGHTSFO,KXHIGHTSFO-26OCT07-B81.5,San Francisco High Temperature Daily,KSFO,2026-10-07,between,81.0,82.0,The Weather Company,https://weather.com/kalshi,0.08,0.09,0.91,0.92,10.0,12.99,401.0,,2026-10-08T08:00:00Z,active,2026-10-06T21:37:49.023407+00:00
KXHIGHTSFO,KXHIGHTSFO-26OCT07-B79.5,San Francisco High Temperature Daily,KSFO,2026-10-07,between,79.0,80.0,The Weather Company,https://weather.com/kalshi,0.12,0.13,0.87,0.88,7.0,6.0,545.08,,2026-10-08T08:00:00Z,active,2026-10-06T21:37:49.023407+00:00
KXHIGHTSFO,KXHIGHTSFO-26OCT07-B77.5,San Francisco High Temperature Daily,KSFO,2026-10-07,between,77.0,78.0,The Weather Company,https://weather.com/kalshi,0.17,0.21,0.79,0.83,20.0,25.0,1008.89,,2026-10-08T08:00:00Z,active,2026-10-06T21:37:49.023407+00:00
KXHIGHTSFO,KXHIGHTSFO-26OCT06-T88,San Francisco High Temperature Daily,KSFO,2026-10-06,greater,88.0,,The Weather Company,https://weather.com/kalshi,0.0,0.01,0.99,1.0,8510.22,0.0,904.89,,2026-10-07T08:00:00Z,active,2026-10-06T21:37:49.023407+00:00
KXHIGHTSFO,KXHIGHTSFO-26OCT06-T81,San Francisco High Temperature Daily,KSFO,2026-10-06,less,,81.0,The Weather Company,https://weather.com/kalshi,0.86,0.93,0.07,0.14,48.86,3.0,15288.18,,2026-10-07T08:00:00Z,active,2026-10-06T21:37:49.023407+00:00
KXHIGHTSFO,KXHIGHTSFO-26OCT06-B87.5,San Francisco High Temperature Daily,KSFO,2026-10-06,between,87.0,88.0,The Weather Company,https://weather.com/kalshi,0.0,0.01,0.99,1.0,8448.0,0.0,1539.25,,2026-10-07T08:00:00Z,active,2026-10-06T21:37:49.023407+00:00
KXHIGHTSFO,KXHIGHTSFO-26OCT06-B85.5,San Francisco High Temperature Daily,KSFO,2026-10-06,between,85.0,86.0,The Weather Company,https://weather.com/kalshi,0.0,0.01,0.99,1.0,37.03,0.0,5185.08,,2026-10-07T08:00:00Z,active,2026-10-06T21:37:49.023407+00:00
KXHIGHTSFO,KXHIGHTSFO-26OCT06-B83.5,San Francisco High Temperature Daily,KSFO,2026-10-06,between,83.0,84.0,The Weather Company,https://weather.com/kalshi,0.0,0.01,0.99,1.0,36.0,0.0,6138.17,,2026-10-07T08:00:00Z,active,2026-10-06T21:37:49.023407+00:00
KXHIGHTSFO,KXHIGHTSFO-26OCT06-B81.5,San Francisco High Temperature Daily,KSFO,2026-10-06,between,81.0,82.0,The Weather Company,https://weather.com/kalshi,0.07,0.1,0.9,0.93,46.92,18.0,5862.49,,2026-10-07T08:00:00Z,active,2026-10-06T21:37:49.023407+00:00
KXHIGHTSAN,KXHIGHTSAN-26OCT07-T95,High Temperature San Diego,KSAN,2026-10-07,greater,95.0,,The Weather Company,https://weather.com/kalshi,0.0,0.08,0.92,1.0,5.0,0.0,0.0,,2026-10-08T08:00:00Z,active,2026-10-06T21:37:49.023407+00:00
KXHIGHTSAN,KXHIGHTSAN-26OCT07-T88,High Temperature San Diego,KSAN,2026-10-07,less,,88.0,The Weather Company,https://weather.com/kalshi,0.53,0.81,0.19,0.47,11.0,10.0,122.0,,2026-10-08T08:00:00Z,active,2026-10-06T21:37:49.023407+00:00
KXHIGHTSAN,KXHIGHTSAN-26OCT07-B94.5,High Temperature San Diego,KSAN,2026-10-07,between,94.0,95.0,The Weather Company,https://weather.com/kalshi,0.0,0.09,0.91,1.0,18.0,0.0,146.29,,2026-10-08T08:00:00Z,active,2026-10-06T21:37:49.023407+00:00
KXHIGHTSAN,KXHIGHTSAN-26OCT07-B92.5,High Temperature San Diego,KSAN,2026-10-07,between,92.0,93.0,The Weather Company,https://weather.com/kalshi,0.01,0.13,0.87,0.99,13.0,353.0,0.72,,2026-10-08T08:00:00Z,active,2026-10-06T21:37:49.023407+00:00
KXHIGHTSAN,KXHIGHTSAN-26OCT07-B90.5,High Temperature San Diego,KSAN,2026-10-07,between,90.0,91.0,The Weather Company,https://weather.com/kalshi,0.09,0.19,0.81,0.91,36.0,10.0,34.67,,2026-10-08T08:00:00Z,active,2026-10-06T21:37:49.023407+00:00
KXHIGHTSAN,KXHIGHTSAN-26OCT07-B88.5,High Temperature San Diego,KSAN,2026-10-07,between,88.0,89.0,The Weather Company,https://weather.com/kalshi,0.16,0.33,0.67,0.84,5.0,0.36,56.36,,2026-10-08T08:00:00Z,active,2026-10-06T21:37:49.023407+00:00
KXHIGHTSAN,KXHIGHTSAN-26OCT06-T95,High Temperature San Diego,KSAN,2026-10-06,greater,95.0,,The Weather Company,https://weather.com/kalshi,0.0,0.3,0.7,1.0,14.0,0.0,1745.25,,2026-10-07T08:00:00Z,active,2026-10-06T21:37:49.023407+00:00
KXHIGHTSAN,KXHIGHTSAN-26OCT06-T88,High Temperature San Diego,KSAN,2026-10-06,less,,88.0,The Weather Company,https://weather.com/kalshi,0.0,0.01,0.99,1.0,14551.87,0.0,87.18,,2026-10-07T08:00:00Z,active,2026-10-06T21:37:49.023407+00:00
KXHIGHTSAN,KXHIGHTSAN-26OCT06-B94.5,High Temperature San Diego,KSAN,2026-10-06,between,94.0,95.0,The Weather Company,https://weather.com/kalshi,0.1,0.48,0.52,0.9,2.97,87.28,1942.16,,2026-10-07T08:00:00Z,active,2026-10-06T21:37:49.023407+00:00
KXHIGHTSAN,KXHIGHTSAN-26OCT06-B92.5,High Temperature San Diego,KSAN,2026-10-06,between,92.0,93.0,The Weather Company,https://weather.com/kalshi,0.26,0.82,0.18,0.74,267.98,14.0,2834.58,,2026-10-07T08:00:00Z,active,2026-10-06T21:37:49.023407+00:00
KXHIGHTSAN,KXHIGHTSAN-26OCT06-B90.5,High Temperature San Diego,KSAN,2026-10-06,between,90.0,91.0,The Weather Company,https://weather.com/kalshi,0.0,0.01,0.99,1.0,5370.64,0.0,576.26,,2026-10-07T08:00:00Z,active,2026-10-06T21:37:49.023407+00:00
KXHIGHTSAN,KXHIGHTSAN-26OCT06-B88.5,High Temperature San Diego,KSAN,2026-10-06,between,88.0,89.0,The Weather Company,https://weather.com/kalshi,0.0,0.01,0.99,1.0,13452.87,0.0,144.1,,2026-10-07T08:00:00Z,active,2026-10-06T21:37:49.023407+00:00
KXLOWTTTN,KXLOWTTTN-26OCT07-T40,Trenton Daily low temp ,KTTN,2026-10-07,greater,40.0,,The Weather Company,https://weather.com/kalshi,0.09,0.27,0.73,0.91,6.0,3.0,29.0,,2026-10-08T05:00:00Z,active,2026-10-06T21:37:49.023407+00:00
KXLOWTTTN,KXLOWTTTN-26OCT07-T33,Trenton Daily low temp ,KTTN,2026-10-07,less,,33.0,The Weather Company,https://weather.com/kalshi,0.01,0.02,0.98,0.99,21.0,209.82,20.18,,2026-10-08T05:00:00Z,active,2026-10-06T21:37:49.023407+00:00
KXLOWTTTN,KXLOWTTTN-26OCT07-B39.5,Trenton Daily low temp ,KTTN,2026-10-07,between,39.0,40.0,The Weather Company,https://weather.com/kalshi,0.3,0.39,0.61,0.7,6.0,7.0,6.0,,2026-10-08T05:00:00Z,active,2026-10-06T21:37:49.023407+00:00
KXLOWTTTN,KXLOWTTTN-26OCT07-B37.5,Trenton Daily low temp ,KTTN,2026-10-07,between,37.0,38.0,The Weather Company,https://weather.com/kalshi,0.23,0.41,0.59,0.77,10.0,10.0,4.0,,2026-10-08T05:00:00Z,active,2026-10-06T21:37:49.023407+00:00
KXLOWTTTN,KXLOWTTTN-26OCT07-B35.5,Trenton Daily low temp ,KTTN,2026-10-07,between,35.0,36.0,The Weather Company,https://weather.com/kalshi,0.03,0.19,0.81,0.97,10.0,15.0,5.14,,2026-10-08T05:00:00Z,active,2026-10-06T21:37:49.023407+00:00
KXLOWTTTN,KXLOWTTTN-26OCT07-B33.5,Trenton Daily low temp ,KTTN,2026-10-07,between,33.0,34.0,The Weather Company,https://weather.com/kalshi,0.01,0.03,0.97,0.99,22.0,80.0,119.37,,2026-10-08T05:00:00Z,active,2026-10-06T21:37:49.023407+00:00
KXLOWTTTN,KXLOWTTTN-26OCT06-T46,Trenton Daily low temp ,KTTN,2026-10-06,greater,46.0,,The Weather Company,https://weather.com/kalshi,0.0,0.01,0.99,1.0,10267.0,0.0,238.04,,2026-10-07T05:00:00Z,active,2026-10-06T21:37:49.023407+00:00
KXLOWTTTN,KXLOWTTTN-26OCT06-T39,Trenton Daily low temp ,KTTN,2026-10-06,less,,39.0,The Weather Company,https://weather.com/kalshi,0.0,0.01,0.99,1.0,1.0,0.0,329.0,,2026-10-07T05:00:00Z,active,2026-10-06T21:37:49.023407+00:00
KXLOWTTTN,KXLOWTTTN-26OCT06-B45.5,Trenton Daily low temp ,KTTN,2026-10-06,between,45.0,46.0,The Weather Company,https://weather.com/kalshi,0.36,0.47,0.53,0.64,11.0,5.0,199.15,,2026-10-07T05:00:00Z,active,2026-10-06T21:37:49.023407+00:00
KXLOWTTTN,KXLOWTTTN-26OCT06-B43.5,Trenton Daily low temp ,KTTN,2026-10-06,between,43.0,44.0,The Weather Company,https://weather.com/kalshi,0.4,0.5,0.5,0.6,3.0,11.0,39.73,,2026-10-07T05:00:00Z,active,2026-10-06T21:37:49.023407+00:00
KXLOWTTTN,KXLOWTTTN-26OCT06-B41.5,Trenton Daily low temp ,KTTN,2026-10-06,between,41.0,42.0,The Weather Company,https://weather.com/kalshi,0.07,0.15,0.85,0.93,4.0,38.0,341.0,,2026-10-07T05:00:00Z,active,2026-10-06T21:37:49.023407+00:00
KXLOWTTTN,KXLOWTTTN-26OCT06-B39.5,Trenton Daily low temp ,KTTN,2026-10-06,between,39.0,40.0,The Weather Company,https://weather.com/kalshi,0.0,0.07,0.93,1.0,7.0,0.0,407.0,,2026-10-07T05:00:00Z,active,2026-10-06T21:37:49.023407+00:00
KXHIGHTTTN,KXHIGHTTTN-26OCT07-T74,"Trenton, NJ Daily Max Temp",KTTN,2026-10-07,greater,74.0,,The Weather Company,https://weather.com/kalshi,0.0,0.01,0.99,1.0,1.0,0.0,30.0,,2026-10-08T05:00:00Z,active,2026-10-06T21:37:49.023407+00:00
KXHIGHTTTN,KXHIGHTTTN-26OCT07-T67,"Trenton, NJ Daily Max Temp",KTTN,2026-10-07,less,,67.0,The Weather Company,https://weather.com/kalshi,0.0,0.08,0.92,1.0,5.0,0.0,80.0,,2026-10-08T05:00:00Z,active,2026-10-06T21:37:49.023407+00:00
KXHIGHTTTN,KXHIGHTTTN-26OCT07-B73.5,"Trenton, NJ Daily Max Temp",KTTN,2026-10-07,between,73.0,74.0,The Weather Company,https://weather.com/kalshi,0.0,0.02,0.98,1.0,43.0,0.0,98.0,,2026-10-08T05:00:00Z,active,2026-10-06T21:37:49.023407+00:00
KXHIGHTTTN,KXHIGHTTTN-26OCT07-B71.5,"Trenton, NJ Daily Max Temp",KTTN,2026-10-07,between,71.0,72.0,The Weather Company,https://weather.com/kalshi,0.12,0.3,0.7,0.88,3.0,15.0,0.0,,2026-10-08T05:00:00Z,active,2026-10-06T21:37:49.023407+00:00
KXHIGHTTTN,KXHIGHTTTN-26OCT07-B69.5,"Trenton, NJ Daily Max Temp",KTTN,2026-10-07,between,69.0,70.0,The Weather Company,https://weather.com/kalshi,0.53,0.64,0.36,0.47,16.0,3.0,4.5,,2026-10-08T05:00:00Z,active,2026-10-06T21:37:49.023407+00:00
KXHIGHTTTN,KXHIGHTTTN-26OCT07-B67.5,"Trenton, NJ Daily Max Temp",KTTN,2026-10-07,between,67.0,68.0,The Weather Company,https://weather.com/kalshi,0.08,0.26,0.74,0.92,10.0,43.0,0.0,,2026-10-08T05:00:00Z,active,2026-10-06T21:37:49.023407+00:00
KXHIGHTTTN,KXHIGHTTTN-26OCT06-T69,"Trenton, NJ Daily Max Temp",KTTN,2026-10-06,greater,69.0,,The Weather Company,https://weather.com/kalshi,0.0,0.01,0.99,1.0,8505.95,0.0,188.86,,2026-10-07T05:00:00Z,active,2026-10-06T21:37:49.023407+00:00
KXHIGHTTTN,KXHIGHTTTN-26OCT06-T62,"Trenton, NJ Daily Max Temp",KTTN,2026-10-06,less,,62.0,The Weather Company,https://weather.com/kalshi,0.0,0.01,0.99,1.0,9240.0,0.0,380.33,,2026-10-07T05:00:00Z,active,2026-10-06T21:37:49.023407+00:00
KXHIGHTTTN,KXHIGHTTTN-26OCT06-B68.5,"Trenton, NJ Daily Max Temp",KTTN,2026-10-06,between,68.0,69.0,The Weather Company,https://weather.com/kalshi,0.0,0.01,0.99,1.0,10958.0,0.0,311.77,,2026-10-07T05:00:00Z,active,2026-10-06T21:37:49.023407+00:00
KXHIGHTTTN,KXHIGHTTTN-26OCT06-B66.5,"Trenton, NJ Daily Max Temp",KTTN,2026-10-06,between,66.0,67.0,The Weather Company,https://weather.com/kalshi,0.0,0.01,0.99,1.0,1069.0,0.0,200.6,,2026-10-07T05:00:00Z,active,2026-10-06T21:37:49.023407+00:00
KXHIGHTTTN,KXHIGHTTTN-26OCT06-B64.5,"Trenton, NJ Daily Max Temp",KTTN,2026-10-06,between,64.0,65.0,The Weather Company,https://weather.com/kalshi,0.0,0.01,0.99,1.0,2067.0,0.0,613.99,,2026-10-07T05:00:00Z,active,2026-10-06T21:37:49.023407+00:00
KXHIGHTTTN,KXHIGHTTTN-26OCT06-B62.5,"Trenton, NJ Daily Max Temp",KTTN,2026-10-06,between,62.0,63.0,The Weather Company,https://weather.com/kalshi,0.99,1.0,0.0,0.01,0.0,2034.0,1006.66,,2026-10-07T05:00:00Z,active,2026-10-06T21:37:49.023407+00:00
KXLOWTSEA,KXLOWTSEA-26OCT07-T52,Low Temperature Seattle,KSEA,2026-10-07,greater,52.0,,The Weather Company,https://weather.com/kalshi,0.08,0.16,0.84,0.92,12.0,33.3,1.0,,2026-10-08T08:00:00Z,active,2026-10-06T21:37:49.023407+00:00
KXLOWTSEA,KXLOWTSEA-26OCT07-T45,Low Temperature Seattle,KSEA,2026-10-07,less,,45.0,The Weather Company,https://weather.com/kalshi,0.0,0.01,0.99,1.0,24.0,0.0,0.0,,2026-10-08T08:00:00Z,active,2026-10-06T21:37:49.023407+00:00
KXLOWTSEA,KXLOWTSEA-26OCT07-B51.5,Low Temperature Seattle,KSEA,2026-10-07,between,51.0,52.0,The Weather Company,https://weather.com/kalshi,0.57,0.59,0.41,0.43,8.0,4.0,65.0,,2026-10-08T08:00:00Z,active,2026-10-06T21:37:49.023407+00:00
KXLOWTSEA,KXLOWTSEA-26OCT07-B49.5,Low Temperature Seattle,KSEA,2026-10-07,between,49.0,50.0,The Weather Company,https://weather.com/kalshi,0.22,0.26,0.74,0.78,2.0,5.0,134.0,,2026-10-08T08:00:00Z,active,2026-10-06T21:37:49.023407+00:00
KXLOWTSEA,KXLOWTSEA-26OCT07-B47.5,Low Temperature Seattle,KSEA,2026-10-07,between,47.0,48.0,The Weather Company,https://weather.com/kalshi,0.02,0.04,0.96,0.98,16.0,118.72,15.28,,2026-10-08T08:00:00Z,active,2026-10-06T21:37:49.023407+00:00
KXLOWTSEA,KXLOWTSEA-26OCT07-B45.5,Low Temperature Seattle,KSEA,2026-10-07,between,45.0,46.0,The Weather Company,https://weather.com/kalshi,0.0,0.05,0.95,1.0,4.0,0.0,241.44,,2026-10-08T08:00:00Z,active,2026-10-06T21:37:49.023407+00:00
KXLOWTSEA,KXLOWTSEA-26OCT06-T53,Low Temperature Seattle,KSEA,2026-10-06,greater,53.0,,The Weather Company,https://weather.com/kalshi,0.0,0.01,0.99,1.0,19634.0,0.0,746.14,,2026-10-07T08:00:00Z,active,2026-10-06T21:37:49.023407+00:00
KXLOWTSEA,KXLOWTSEA-26OCT06-T46,Low Temperature Seattle,KSEA,2026-10-06,less,,46.0,The Weather Company,https://weather.com/kalshi,0.0,0.01,0.99,1.0,61.0,0.0,85.0,,2026-10-07T08:00:00Z,active,2026-10-06T21:37:49.023407+00:00
KXLOWTSEA,KXLOWTSEA-26OCT06-B52.5,Low Temperature Seattle,KSEA,2026-10-06,between,52.0,53.0,The Weather Company,https://weather.com/kalshi,0.92,0.98,0.02,0.08,59.0,13.0,838.96,,2026-10-07T08:00:00Z,active,2026-10-06T21:37:49.023407+00:00
KXLOWTSEA,KXLOWTSEA-26OCT06-B50.5,Low Temperature Seattle,KSEA,2026-10-06,between,50.0,51.0,The Weather Company,https://weather.com/kalshi,0.01,0.05,0.95,0.99,50.0,90.0,306.21,,2026-10-07T08:00:00Z,active,2026-10-06T21:37:49.023407+00:00
KXLOWTSEA,KXLOWTSEA-26OCT06-B48.5,Low Temperature Seattle,KSEA,2026-10-06,between,48.0,49.0,The Weather Company,https://weather.com/kalshi,0.0,0.02,0.98,1.0,6.0,0.0,245.01,,2026-10-07T08:00:00Z,active,2026-10-06T21:37:49.023407+00:00
KXLOWTSEA,KXLOWTSEA-26OCT06-B46.5,Low Temperature Seattle,KSEA,2026-10-06,between,46.0,47.0,The Weather Company,https://weather.com/kalshi,0.0,0.01,0.99,1.0,81.0,0.0,489.37,,2026-10-07T08:00:00Z,active,2026-10-06T21:37:49.023407+00:00
KXLOWTBOS,KXLOWTBOS-26OCT07-T42,Low Temperature Boston,KBOS,2026-10-07,greater,42.0,,The Weather Company,https://weather.com/kalshi,0.55,0.62,0.38,0.45,5.0,12.0,282.71,,2026-10-08T05:00:00Z,active,2026-10-06T21:37:49.023407+00:00
KXLOWTBOS,KXLOWTBOS-26OCT07-T35,Low Temperature Boston,KBOS,2026-10-07,less,,35.0,The Weather Company,https://weather.com/kalshi,0.0,0.01,0.99,1.0,5.0,0.0,31.0,,2026-10-08T05:00:00Z,active,2026-10-06T21:37:49.023407+00:00
KXLOWTBOS,KXLOWTBOS-26OCT07-B41.5,Low Temperature Boston,KBOS,2026-10-07,between,41.0,42.0,The Weather Company,https://weather.com/kalshi,0.27,0.33,0.67,0.73,2.0,12.0,30.0,,2026-10-08T05:00:00Z,active,2026-10-06T21:37:49.023407+00:00
KXLOWTBOS,KXLOWTBOS-26OCT07-B39.5,Low Temperature Boston,KBOS,2026-10-07,between,39.0,40.0,The Weather Company,https://weather.com/kalshi,0.03,0.06,0.94,0.97,7.0,25.0,3.03,,2026-10-08T05:00:00Z,active,2026-10-06T21:37:49.023407+00:00
KXLOWTBOS,KXLOWTBOS-26OCT07-B37.5,Low Temperature Boston,KBOS,2026-10-07,between,37.0,38.0,The Weather Company,https://weather.com/kalshi,0.02,0.04,0.96,0.98,14.0,79.0,2.0,,2026-10-08T05:00:00Z,active,2026-10-06T21:37:49.023407+00:00
KXLOWTBOS,KXLOWTBOS-26OCT07-B35.5,Low Temperature Boston,KBOS,2026-10-07,between,35.0,36.0,The Weather Company,https://weather.com/kalshi,0.0,0.03,0.97,1.0,38.0,0.0,105.0,,2026-10-08T05:00:00Z,active,2026-10-06T21:37:49.023407+00:00
KXLOWTBOS,KXLOWTBOS-26OCT06-T50,Low Temperature Boston,KBOS,2026-10-06,greater,50.0,,The Weather Company,https://weather.com/kalshi,0.0,0.01,0.99,1.0,15428.15,0.0,316.37,,2026-10-07T05:00:00Z,active,2026-10-06T21:37:49.023407+00:00
KXLOWTBOS,KXLOWTBOS-26OCT06-T43,Low Temperature Boston,KBOS,2026-10-06,less,,43.0,The Weather Company,https://weather.com/kalshi,0.0,0.01,0.99,1.0,2.0,0.0,300.59,,2026-10-07T05:00:00Z,active,2026-10-06T21:37:49.023407+00:00
KXLOWTBOS,KXLOWTBOS-26OCT06-B49.5,Low Temperature Boston,KBOS,2026-10-06,between,49.0,50.0,The Weather Company,https://weather.com/kalshi,0.0,0.01,0.99,1.0,15045.15,0.0,479.0,,2026-10-07T05:00:00Z,active,2026-10-06T21:37:49.023407+00:00
KXLOWTBOS,KXLOWTBOS-26OCT06-B47.5,Low Temperature Boston,KBOS,2026-10-06,between,47.0,48.0,The Weather Company,https://weather.com/kalshi,0.83,0.84,0.16,0.17,24.6,11.99,716.91,,2026-10-07T05:00:00Z,active,2026-10-06T21:37:49.023407+00:00
KXLOWTBOS,KXLOWTBOS-26OCT06-B45.5,Low Temperature Boston,KBOS,2026-10-06,between,45.0,46.0,The Weather Company,https://weather.com/kalshi,0.08,0.18,0.82,0.92,6.0,2.0,580.0,,2026-10-07T05:00:00Z,active,2026-10-06T21:37:49.023407+00:00
KXLOWTBOS,KXLOWTBOS-26OCT06-B43.5,Low Temperature Boston,KBOS,2026-10-06,between,43.0,44.0,The Weather Company,https://weather.com/kalshi,0.0,0.03,0.97,1.0,8.0,0.0,372.39,,2026-10-07T05:00:00Z,active,2026-10-06T21:37:49.023407+00:00
KXLOWTSDF,KXLOWTSDF-26OCT07-T50,Lowest Temperature SDX,KSDF,2026-10-07,greater,50.0,,The Weather Company,https://weather.com/kalshi,0.05,0.19,0.81,0.95,10.0,10.0,16.0,,2026-10-08T05:00:00Z,active,2026-10-06T21:37:49.023407+00:00
KXLOWTSDF,KXLOWTSDF-26OCT07-T43,Lowest Temperature SDX,KSDF,2026-10-07,less,,43.0,The Weather Company,https://weather.com/kalshi,0.0,0.04,0.96,1.0,14.0,0.0,0.0,,2026-10-08T05:00:00Z,active,2026-10-06T21:37:49.023407+00:00
KXLOWTSDF,KXLOWTSDF-26OCT07-B49.5,Lowest Temperature SDX,KSDF,2026-10-07,between,49.0,50.0,The Weather Company,https://weather.com/kalshi,0.37,0.38,0.62,0.63,1.0,3.0,2.0,,2026-10-08T05:00:00Z,active,2026-10-06T21:37:49.023407+00:00
KXLOWTSDF,KXLOWTSDF-26OCT07-B47.5,Lowest Temperature SDX,KSDF,2026-10-07,between,47.0,48.0,The Weather Company,https://weather.com/kalshi,0.28,0.29,0.71,0.72,10.0,10.0,18.0,,2026-10-08T05:00:00Z,active,2026-10-06T21:37:49.023407+00:00
KXLOWTSDF,KXLOWTSDF-26OCT07-B45.5,Lowest Temperature SDX,KSDF,2026-10-07,between,45.0,46.0,The Weather Company,https://weather.com/kalshi,0.06,0.16,0.84,0.94,10.0,18.82,10.18,,2026-10-08T05:00:00Z,active,2026-10-06T21:37:49.023407+00:00
KXLOWTSDF,KXLOWTSDF-26OCT07-B43.5,Lowest Temperature SDX,KSDF,2026-10-07,between,43.0,44.0,The Weather Company,https://weather.com/kalshi,0.01,0.02,0.98,0.99,15.0,229.82,49.18,,2026-10-08T05:00:00Z,active,2026-10-06T21:37:49.023407+00:00
KXLOWTSDF,KXLOWTSDF-26OCT06-T51,Lowest Temperature SDX,KSDF,2026-10-06,greater,51.0,,The Weather Company,https://weather.com/kalshi,0.0,0.01,0.99,1.0,2007.0,0.0,173.0,,2026-10-07T05:00:00Z,active,2026-10-06T21:37:49.023407+00:00
KXLOWTSDF,KXLOWTSDF-26OCT06-T44,Lowest Temperature SDX,KSDF,2026-10-06,less,,44.0,The Weather Company,https://weather.com/kalshi,0.0,0.01,0.99,1.0,340.0,0.0,0.0,,2026-10-07T05:00:00Z,active,2026-10-06T21:37:49.023407+00:00
KXLOWTSDF,KXLOWTSDF-26OCT06-B50.5,Lowest Temperature SDX,KSDF,2026-10-06,between,50.0,51.0,The Weather Company,https://weather.com/kalshi,0.99,1.0,0.0,0.01,0.0,1.0,214.04,,2026-10-07T05:00:00Z,active,2026-10-06T21:37:49.023407+00:00
KXLOWTSDF,KXLOWTSDF-26OCT06-B48.5,Lowest Temperature SDX,KSDF,2026-10-06,between,48.0,49.0,The Weather Company,https://weather.com/kalshi,0.0,0.1,0.9,1.0,10.0,0.0,131.53,,2026-10-07T05:00:00Z,active,2026-10-06T21:37:49.023407+00:00
KXLOWTSDF,KXLOWTSDF-26OCT06-B46.5,Lowest Temperature SDX,KSDF,2026-10-06,between,46.0,47.0,The Weather Company,https://weather.com/kalshi,0.0,0.02,0.98,1.0,7.0,0.0,20.02,,2026-10-07T05:00:00Z,active,2026-10-06T21:37:49.023407+00:00
KXLOWTSDF,KXLOWTSDF-26OCT06-B44.5,Lowest Temperature SDX,KSDF,2026-10-06,between,44.0,45.0,The Weather Company,https://weather.com/kalshi,0.0,0.03,0.97,1.0,36.0,0.0,20.37,,2026-10-07T05:00:00Z,active,2026-10-06T21:37:49.023407+00:00
KXLOWTOKC,KXLOWTOKC-26OCT07-T63,Low Temperature Oklahoma City,KOKC,2026-10-07,greater,63.0,,The Weather Company,https://weather.com/kalshi,0.04,0.08,0.92,0.96,9.0,19.14,37.58,,2026-10-08T06:00:00Z,active,2026-10-06T21:37:49.023407+00:00
KXLOWTOKC,KXLOWTOKC-26OCT07-T56,Low Temperature Oklahoma City,KOKC,2026-10-07,less,,56.0,The Weather Company,https://weather.com/kalshi,0.02,0.05,0.95,0.98,54.0,63.43,496.57,,2026-10-08T06:00:00Z,active,2026-10-06T21:37:49.023407+00:00
KXLOWTOKC,KXLOWTOKC-26OCT07-B62.5,Low Temperature Oklahoma City,KOKC,2026-10-07,between,62.0,63.0,The Weather Company,https://weather.com/kalshi,0.26,0.38,0.62,0.74,10.0,36.82,21.0,,2026-10-08T06:00:00Z,active,2026-10-06T21:37:49.023407+00:00
KXLOWTOKC,KXLOWTOKC-26OCT07-B60.5,Low Temperature Oklahoma City,KOKC,2026-10-07,between,60.0,61.0,The Weather Company,https://weather.com/kalshi,0.19,0.3,0.7,0.81,11.0,12.0,160.0,,2026-10-08T06:00:00Z,active,2026-10-06T21:37:49.023407+00:00
KXLOWTOKC,KXLOWTOKC-26OCT07-B58.5,Low Temperature Oklahoma City,KOKC,2026-10-07,between,58.0,59.0,The Weather Company,https://weather.com/kalshi,0.19,0.27,0.73,0.81,7.0,6.0,5.0,,2026-10-08T06:00:00Z,active,2026-10-06T21:37:49.023407+00:00
KXLOWTOKC,KXLOWTOKC-26OCT07-B56.5,Low Temperature Oklahoma City,KOKC,2026-10-07,between,56.0,57.0,The Weather Company,https://weather.com/kalshi,0.03,0.11,0.89,0.97,6.0,154.0,209.0,,2026-10-08T06:00:00Z,active,2026-10-06T21:37:49.023407+00:00
KXLOWTOKC,KXLOWTOKC-26OCT06-T57,Low Temperature Oklahoma City,KOKC,2026-10-06,greater,57.0,,The Weather Company,https://weather.com/kalshi,0.0,0.01,0.99,1.0,14762.15,0.0,1389.98,,2026-10-07T06:00:00Z,active,2026-10-06T21:37:49.023407+00:00
KXLOWTOKC,KXLOWTOKC-26OCT06-T50,Low Temperature Oklahoma City,KOKC,2026-10-06,less,,50.0,The Weather Company,https://weather.com/kalshi,0.0,0.01,0.99,1.0,290.0,0.0,252.0,,2026-10-07T06:00:00Z,active,2026-10-06T21:37:49.023407+00:00
KXLOWTOKC,KXLOWTOKC-26OCT06-B56.5,Low Temperature Oklahoma City,KOKC,2026-10-06,between,56.0,57.0,The Weather Company,https://weather.com/kalshi,0.0,0.01,0.99,1.0,14143.15,0.0,1761.23,,2026-10-07T06:00:00Z,active,2026-10-06T21:37:49.023407+00:00
KXLOWTOKC,KXLOWTOKC-26OCT06-B54.5,Low Temperature Oklahoma City,KOKC,2026-10-06,between,54.0,55.0,The Weather Company,https://weather.com/kalshi,0.99,1.0,0.0,0.01,0.0,40.0,1807.2,,2026-10-07T06:00:00Z,active,2026-10-06T21:37:49.023407+00:00
KXLOWTOKC,KXLOWTOKC-26OCT06-B52.5,Low Temperature Oklahoma City,KOKC,2026-10-06,between,52.0,53.0,The Weather Company,https://weather.com/kalshi,0.0,0.01,0.99,1.0,50.0,0.0,1268.5,,2026-10-07T06:00:00Z,active,2026-10-06T21:37:49.023407+00:00
KXLOWTOKC,KXLOWTOKC-26OCT06-B50.5,Low Temperature Oklahoma City,KOKC,2026-10-06,between,50.0,51.0,The Weather Company,https://weather.com/kalshi,0.0,0.01,0.99,1.0,66.0,0.0,394.43,,2026-10-07T06:00:00Z,active,2026-10-06T21:37:49.023407+00:00
KXLOWTSFO,KXLOWTSFO-26OCT07-T62,Lowest Temperature San Francisco,KSFO,2026-10-07,greater,62.0,,The Weather Company,https://weather.com/kalshi,0.0,0.03,0.97,1.0,5.0,0.0,212.44,,2026-10-08T08:00:00Z,active,2026-10-06T21:37:49.023407+00:00
KXLOWTSFO,KXLOWTSFO-26OCT07-T55,Lowest Temperature San Francisco,KSFO,2026-10-07,less,,55.0,The Weather Company,https://weather.com/kalshi,0.0,0.02,0.98,1.0,35.0,0.0,173.35,,2026-10-08T08:00:00Z,active,2026-10-06T21:37:49.023407+00:00
KXLOWTSFO,KXLOWTSFO-26OCT07-B61.5,Lowest Temperature San Francisco,KSFO,2026-10-07,between,61.0,62.0,The Weather Company,https://weather.com/kalshi,0.03,0.07,0.93,0.97,27.0,25.0,41.14,,2026-10-08T08:00:00Z,active,2026-10-06T21:37:49.023407+00:00
KXLOWTSFO,KXLOWTSFO-26OCT07-B59.5,Lowest Temperature San Francisco,KSFO,2026-10-07,between,59.0,60.0,The Weather Company,https://weather.com/kalshi,0.52,0.61,0.39,0.48,11.0,4.0,138.0,,2026-10-08T08:00:00Z,active,2026-10-06T21:37:49.023407+00:00
KXLOWTSFO,KXLOWTSFO-26OCT07-B57.5,Lowest Temperature San Francisco,KSFO,2026-10-07,between,57.0,58.0,The Weather Company,https://weather.com/kalshi,0.21,0.28,0.72,0.79,12.0,10.0,132.09,,2026-10-08T08:00:00Z,active,2026-10-06T21:37:49.023407+00:00
KXLOWTSFO,KXLOWTSFO-26OCT07-B55.5,Lowest Temperature San Francisco,KSFO,2026-10-07,between,55.0,56.0,The Weather Company,https://weather.com/kalshi,0.1,0.11,0.89,0.9,6.0,9.0,93.0,,2026-10-08T08:00:00Z,active,2026-10-06T21:37:49.023407+00:00
KXLOWTSFO,KXLOWTSFO-26OCT06-T63,Lowest Temperature San Francisco,KSFO,2026-10-06,greater,63.0,,The Weather Company,https://weather.com/kalshi,0.0,0.01,0.99,1.0,20222.0,0.0,484.88,,2026-10-07T08:00:00Z,active,2026-10-06T21:37:49.023407+00:00
KXLOWTSFO,KXLOWTSFO-26OCT06-T56,Lowest Temperature San Francisco,KSFO,2026-10-06,less,,56.0,The Weather Company,https://weather.com/kalshi,0.0,0.01,0.99,1.0,50.0,0.0,242.86,,2026-10-07T08:00:00Z,active,2026-10-06T21:37:49.023407+00:00
KXLOWTSFO,KXLOWTSFO-26OCT06-B62.5,Lowest Temperature San Francisco,KSFO,2026-10-06,between,62.0,63.0,The Weather Company,https://weather.com/kalshi,0.0,0.01,0.99,1.0,22204.99,0.0,599.13,,2026-10-07T08:00:00Z,active,2026-10-06T21:37:49.023407+00:00
KXLOWTSFO,KXLOWTSFO-26OCT06-B60.5,Lowest Temperature San Francisco,KSFO,2026-10-06,between,60.0,61.0,The Weather Company,https://weather.com/kalshi,0.0,0.01,0.99,1.0,21691.15,0.0,477.0,,2026-10-07T08:00:00Z,active,2026-10-06T21:37:49.023407+00:00
KXLOWTSFO,KXLOWTSFO-26OCT06-B58.5,Lowest Temperature San Francisco,KSFO,2026-10-06,between,58.0,59.0,The Weather Company,https://weather.com/kalshi,0.0,0.01,0.99,1.0,35832.64,0.0,596.51,,2026-10-07T08:00:00Z,active,2026-10-06T21:37:49.023407+00:00
KXLOWTSFO,KXLOWTSFO-26OCT06-B56.5,Lowest Temperature San Francisco,KSFO,2026-10-06,between,56.0,57.0,The Weather Company,https://weather.com/kalshi,0.92,0.99,0.01,0.08,14.98,17.0,713.66,,2026-10-07T08:00:00Z,active,2026-10-06T21:37:49.023407+00:00
KXLOWTPHIL,KXLOWTPHIL-26OCT07-T44,Lowest temperature in Philadelphia,KPHL,2026-10-07,greater,44.0,,The Weather Company,https://weather.com/kalshi,0.88,0.92,0.08,0.12,93.0,6.0,141.4,,2026-10-08T05:00:00Z,active,2026-10-06T21:37:49.023407+00:00
KXLOWTPHIL,KXLOWTPHIL-26OCT07-T37,Lowest temperature in Philadelphia,KPHL,2026-10-07,less,,37.0,The Weather Company,https://weather.com/kalshi,0.0,0.01,0.99,1.0,4.0,0.0,14.0,,2026-10-08T05:00:00Z,active,2026-10-06T21:37:49.023407+00:00
KXLOWTPHIL,KXLOWTPHIL-26OCT07-B43.5,Lowest temperature in Philadelphia,KPHL,2026-10-07,between,43.0,44.0,The Weather Company,https://weather.com/kalshi,0.04,0.08,0.92,0.96,31.0,4.62,71.69,,2026-10-08T05:00:00Z,active,2026-10-06T21:37:49.023407+00:00
KXLOWTPHIL,KXLOWTPHIL-26OCT07-B41.5,Lowest temperature in Philadelphia,KPHL,2026-10-07,between,41.0,42.0,The Weather Company,https://weather.com/kalshi,0.02,0.05,0.95,0.98,16.0,147.99,1.01,,2026-10-08T05:00:00Z,active,2026-10-06T21:37:49.023407+00:00
KXLOWTPHIL,KXLOWTPHIL-26OCT07-B39.5,Lowest temperature in Philadelphia,KPHL,2026-10-07,between,39.0,40.0,The Weather Company,https://weather.com/kalshi,0.0,0.03,0.97,1.0,5.0,0.0,203.36,,2026-10-08T05:00:00Z,active,2026-10-06T21:37:49.023407+00:00
KXLOWTPHIL,KXLOWTPHIL-26OCT07-B37.5,Lowest temperature in Philadelphia,KPHL,2026-10-07,between,37.0,38.0,The Weather Company,https://weather.com/kalshi,0.0,0.02,0.98,1.0,15.0,0.0,208.36,,2026-10-08T05:00:00Z,active,2026-10-06T21:37:49.023407+00:00
KXLOWTPHIL,KXLOWTPHIL-26OCT06-T49,Lowest temperature in Philadelphia,KPHL,2026-10-06,greater,49.0,,The Weather Company,https://weather.com/kalshi,0.0,0.01,0.99,1.0,19588.42,0.0,3912.83,,2026-10-07T05:00:00Z,active,2026-10-06T21:37:49.023407+00:00
KXLOWTPHIL,KXLOWTPHIL-26OCT06-T42,Lowest temperature in Philadelphia,KPHL,2026-10-06,less,,42.0,The Weather Company,https://weather.com/kalshi,0.0,0.01,0.99,1.0,306.0,0.0,316.0,,2026-10-07T05:00:00Z,active,2026-10-06T21:37:49.023407+00:00
KXLOWTPHIL,KXLOWTPHIL-26OCT06-B48.5,Lowest temperature in Philadelphia,KPHL,2026-10-06,between,48.0,49.0,The Weather Company,https://weather.com/kalshi,0.96,0.98,0.02,0.04,571.54,97.0,774.55,,2026-10-07T05:00:00Z,active,2026-10-06T21:37:49.023407+00:00
KXLOWTPHIL,KXLOWTPHIL-26OCT06-B46.5,Lowest temperature in Philadelphia,KPHL,2026-10-06,between,46.0,47.0,The Weather Company,https://weather.com/kalshi,0.0,0.03,0.97,1.0,76.0,0.0,522.28,,2026-10-07T05:00:00Z,active,2026-10-06T21:37:49.023407+00:00
KXLOWTPHIL,KXLOWTPHIL-26OCT06-B44.5,Lowest temperature in Philadelphia,KPHL,2026-10-06,between,44.0,45.0,The Weather Company,https://weather.com/kalshi,0.0,0.02,0.98,1.0,246.0,0.0,443.17,,2026-10-07T05:00:00Z,active,2026-10-06T21:37:49.023407+00:00
KXLOWTPHIL,KXLOWTPHIL-26OCT06-B42.5,Lowest temperature in Philadelphia,KPHL,2026-10-06,between,42.0,43.0,The Weather Company,https://weather.com/kalshi,0.0,0.01,0.99,1.0,131.0,0.0,524.38,,2026-10-07T05:00:00Z,active,2026-10-06T21:37:49.023407+00:00
KXLOWTSAN,KXLOWTSAN-26OCT07-T73,Low Temperature San Diego,KSAN,2026-10-07,greater,73.0,,The Weather Company,https://weather.com/kalshi,0.02,0.1,0.9,0.98,11.0,134.0,20.28,,2026-10-08T08:00:00Z,active,2026-10-06T21:37:49.023407+00:00
KXLOWTSAN,KXLOWTSAN-26OCT07-T66,Low Temperature San Diego,KSAN,2026-10-07,less,,66.0,The Weather Company,https://weather.com/kalshi,0.0,0.02,0.98,1.0,15.0,0.0,0.0,,2026-10-08T08:00:00Z,active,2026-10-06T21:37:49.023407+00:00
KXLOWTSAN,KXLOWTSAN-26OCT07-B72.5,Low Temperature San Diego,KSAN,2026-10-07,between,72.0,73.0,The Weather Company,https://weather.com/kalshi,0.03,0.17,0.83,0.97,3.0,15.0,0.0,,2026-10-08T08:00:00Z,active,2026-10-06T21:37:49.023407+00:00
KXLOWTSAN,KXLOWTSAN-26OCT07-B70.5,Low Temperature San Diego,KSAN,2026-10-07,between,70.0,71.0,The Weather Company,https://weather.com/kalshi,0.69,0.84,0.16,0.31,40.0,10.0,8.0,,2026-10-08T08:00:00Z,active,2026-10-06T21:37:49.023407+00:00
KXLOWTSAN,KXLOWTSAN-26OCT07-B68.5,Low Temperature San Diego,KSAN,2026-10-07,between,68.0,69.0,The Weather Company,https://weather.com/kalshi,0.13,0.21,0.79,0.87,10.0,15.0,26.18,,2026-10-08T08:00:00Z,active,2026-10-06T21:37:49.023407+00:00
KXLOWTSAN,KXLOWTSAN-26OCT07-B66.5,Low Temperature San Diego,KSAN,2026-10-07,between,66.0,67.0,The Weather Company,https://weather.com/kalshi,0.01,0.1,0.9,0.99,11.0,233.82,45.18,,2026-10-08T08:00:00Z,active,2026-10-06T21:37:49.023407+00:00
KXLOWTSAN,KXLOWTSAN-26OCT06-T75,Low Temperature San Diego,KSAN,2026-10-06,greater,75.0,,The Weather Company,https://weather.com/kalshi,0.0,0.01,0.99,1.0,3523.19,0.0,130.24,,2026-10-07T08:00:00Z,active,2026-10-06T21:37:49.023407+00:00
KXLOWTSAN,KXLOWTSAN-26OCT06-T68,Low Temperature San Diego,KSAN,2026-10-06,less,,68.0,The Weather Company,https://weather.com/kalshi,0.0,0.01,0.99,1.0,127.04,0.0,357.96,,2026-10-07T08:00:00Z,active,2026-10-06T21:37:49.023407+00:00
KXLOWTSAN,KXLOWTSAN-26OCT06-B74.5,Low Temperature San Diego,KSAN,2026-10-06,between,74.0,75.0,The Weather Company,https://weather.com/kalshi,0.0,0.01,0.99,1.0,3495.19,0.0,356.96,,2026-10-07T08:00:00Z,active,2026-10-06T21:37:49.023407+00:00
KXLOWTSAN,KXLOWTSAN-26OCT06-B72.5,Low Temperature San Diego,KSAN,2026-10-06,between,72.0,73.0,The Weather Company,https://weather.com/kalshi,0.0,0.01,0.99,1.0,655.04,0.0,600.83,,2026-10-07T08:00:00Z,active,2026-10-06T21:37:49.023407+00:00
KXLOWTSAN,KXLOWTSAN-26OCT06-B70.5,Low Temperature San Diego,KSAN,2026-10-06,between,70.0,71.0,The Weather Company,https://weather.com/kalshi,0.98,1.0,0.0,0.02,0.0,220.0,599.19,,2026-10-07T08:00:00Z,active,2026-10-06T21:37:49.023407+00:00
KXLOWTSAN,KXLOWTSAN-26OCT06-B68.5,Low Temperature San Diego,KSAN,2026-10-06,between,68.0,69.0,The Weather Company,https://weather.com/kalshi,0.0,0.02,0.98,1.0,173.33,0.0,555.67,,2026-10-07T08:00:00Z,active,2026-10-06T21:37:49.023407+00:00
KXHIGHTSEA,KXHIGHTSEA-26OCT07-T72,Seattle Maximum Temperature Daily,KSEA,2026-10-07,greater,72.0,,The Weather Company,https://weather.com/kalshi,0.01,0.02,0.98,0.99,97.0,95.71,220.29,,2026-10-08T08:00:00Z,active,2026-10-06T21:37:49.023407+00:00
KXHIGHTSEA,KXHIGHTSEA-26OCT07-T65,Seattle Maximum Temperature Daily,KSEA,2026-10-07,less,,65.0,The Weather Company,https://weather.com/kalshi,0.21,0.22,0.78,0.79,18.0,117.79,1012.69,,2026-10-08T08:00:00Z,active,2026-10-06T21:37:49.023407+00:00
KXHIGHTSEA,KXHIGHTSEA-26OCT07-B71.5,Seattle Maximum Temperature Daily,KSEA,2026-10-07,between,71.0,72.0,The Weather Company,https://weather.com/kalshi,0.03,0.05,0.95,0.97,7.0,185.24,20.76,,2026-10-08T08:00:00Z,active,2026-10-06T21:37:49.023407+00:00
KXHIGHTSEA,KXHIGHTSEA-26OCT07-B69.5,Seattle Maximum Temperature Daily,KSEA,2026-10-07,between,69.0,70.0,The Weather Company,https://weather.com/kalshi,0.21,0.23,0.77,0.79,62.0,17.0,237.62,,2026-10-08T08:00:00Z,active,2026-10-06T21:37:49.023407+00:00
KXHIGHTSEA,KXHIGHTSEA-26OCT07-B67.5,Seattle Maximum Temperature Daily,KSEA,2026-10-07,between,67.0,68.0,The Weather Company,https://weather.com/kalshi,0.32,0.33,0.67,0.68,41.0,3.0,477.38,,2026-10-08T08:00:00Z,active,2026-10-06T21:37:49.023407+00:00
KXHIGHTSEA,KXHIGHTSEA-26OCT07-B65.5,Seattle Maximum Temperature Daily,KSEA,2026-10-07,between,65.0,66.0,The Weather Company,https://weather.com/kalshi,0.2,0.24,0.76,0.8,6.14,36.0,243.18,,2026-10-08T08:00:00Z,active,2026-10-06T21:37:49.023407+00:00
KXHIGHTSEA,KXHIGHTSEA-26OCT06-T71,Seattle Maximum Temperature Daily,KSEA,2026-10-06,greater,71.0,,The Weather Company,https://weather.com/kalshi,0.0,0.01,0.99,1.0,741.14,0.0,640.8,,2026-10-07T08:00:00Z,active,2026-10-06T21:37:49.023407+00:00
KXHIGHTSEA,KXHIGHTSEA-26OCT06-T64,Seattle Maximum Temperature Daily,KSEA,2026-10-06,less,,64.0,The Weather Company,https://weather.com/kalshi,0.0,0.01,0.99,1.0,150881.77,0.0,2818.09,,2026-10-07T08:00:00Z,active,2026-10-06T21:37:49.023407+00:00
KXHIGHTSEA,KXHIGHTSEA-26OCT06-B70.5,Seattle Maximum Temperature Daily,KSEA,2026-10-06,between,70.0,71.0,The Weather Company,https://weather.com/kalshi,0.0,0.01,0.99,1.0,49.58,0.0,1745.27,,2026-10-07T08:00:00Z,active,2026-10-06T21:37:49.023407+00:00
KXHIGHTSEA,KXHIGHTSEA-26OCT06-B68.5,Seattle Maximum Temperature Daily,KSEA,2026-10-06,between,68.0,69.0,The Weather Company,https://weather.com/kalshi,0.03,0.05,0.95,0.97,1.0,106.42,3296.34,,2026-10-07T08:00:00Z,active,2026-10-06T21:37:49.023407+00:00
KXHIGHTSEA,KXHIGHTSEA-26OCT06-B66.5,Seattle Maximum Temperature Daily,KSEA,2026-10-06,between,66.0,67.0,The Weather Company,https://weather.com/kalshi,0.62,0.63,0.37,0.38,32.0,4.0,3928.52,,2026-10-07T08:00:00Z,active,2026-10-06T21:37:49.023407+00:00
KXHIGHTSEA,KXHIGHTSEA-26OCT06-B64.5,Seattle Maximum Temperature Daily,KSEA,2026-10-06,between,64.0,65.0,The Weather Company,https://weather.com/kalshi,0.36,0.39,0.61,0.64,3.0,1.0,8335.44,,2026-10-07T08:00:00Z,active,2026-10-06T21:37:49.023407+00:00
KXHIGHTSDF,KXHIGHTSDF-26OCT07-T88,HIGHEST Temperature SATX,KSDF,2026-10-07,greater,88.0,,The Weather Company,https://weather.com/kalshi,0.0,0.03,0.97,1.0,15.0,0.0,0.0,,2026-10-08T05:00:00Z,active,2026-10-06T21:37:49.023407+00:00
KXHIGHTSDF,KXHIGHTSDF-26OCT07-T81,HIGHEST Temperature SATX,KSDF,2026-10-07,less,,81.0,The Weather Company,https://weather.com/kalshi,0.0,0.02,0.98,1.0,31.0,0.0,240.97,,2026-10-08T05:00:00Z,active,2026-10-06T21:37:49.023407+00:00
KXHIGHTSDF,KXHIGHTSDF-26OCT07-B87.5,HIGHEST Temperature SATX,KSDF,2026-10-07,between,87.0,88.0,The Weather Company,https://weather.com/kalshi,0.0,0.02,0.98,1.0,172.0,0.0,224.68,,2026-10-08T05:00:00Z,active,2026-10-06T21:37:49.023407+00:00
KXHIGHTSDF,KXHIGHTSDF-26OCT07-B85.5,HIGHEST Temperature SATX,KSDF,2026-10-07,between,85.0,86.0,The Weather Company,https://weather.com/kalshi,0.11,0.14,0.86,0.89,4.0,25.0,12.0,,2026-10-08T05:00:00Z,active,2026-10-06T21:37:49.023407+00:00
KXHIGHTSDF,KXHIGHTSDF-26OCT07-B83.5,HIGHEST Temperature SATX,KSDF,2026-10-07,between,83.0,84.0,The Weather Company,https://weather.com/kalshi,0.66,0.79,0.21,0.34,3.0,10.0,7.19,,2026-10-08T05:00:00Z,active,2026-10-06T21:37:49.023407+00:00
KXHIGHTSDF,KXHIGHTSDF-26OCT07-B81.5,HIGHEST Temperature SATX,KSDF,2026-10-07,between,81.0,82.0,The Weather Company,https://weather.com/kalshi,0.04,0.2,0.8,0.96,3.0,43.0,6.0,,2026-10-08T05:00:00Z,active,2026-10-06T21:37:49.023407+00:00
KXHIGHTSDF,KXHIGHTSDF-26OCT06-T80,HIGHEST Temperature SATX,KSDF,2026-10-06,greater,80.0,,The Weather Company,https://weather.com/kalshi,0.0,0.01,0.99,1.0,49.71,0.0,0.0,,2026-10-07T05:00:00Z,active,2026-10-06T21:37:49.023407+00:00
KXHIGHTSDF,KXHIGHTSDF-26OCT06-T73,HIGHEST Temperature SATX,KSDF,2026-10-06,less,,73.0,The Weather Company,https://weather.com/kalshi,0.0,0.01,0.99,1.0,2887.0,0.0,112.17,,2026-10-07T05:00:00Z,active,2026-10-06T21:37:49.023407+00:00
KXHIGHTSDF,KXHIGHTSDF-26OCT06-B79.5,HIGHEST Temperature SATX,KSDF,2026-10-06,between,79.0,80.0,The Weather Company,https://weather.com/kalshi,0.0,0.02,0.98,1.0,211.0,0.0,567.19,,2026-10-07T05:00:00Z,active,2026-10-06T21:37:49.023407+00:00
KXHIGHTSDF,KXHIGHTSDF-26OCT06-B77.5,HIGHEST Temperature SATX,KSDF,2026-10-06,between,77.0,78.0,The Weather Company,https://weather.com/kalshi,0.0,0.02,0.98,1.0,24.0,0.0,700.82,,2026-10-07T05:00:00Z,active,2026-10-06T21:37:49.023407+00:00
KXHIGHTSDF,KXHIGHTSDF-26OCT06-B75.5,HIGHEST Temperature SATX,KSDF,2026-10-06,between,75.0,76.0,The Weather Company,https://weather.com/kalshi,0.98,0.99,0.01,0.02,26.0,27.0,478.22,,2026-10-07T05:00:00Z,active,2026-10-06T21:37:49.023407+00:00
KXHIGHTSDF,KXHIGHTSDF-26OCT06-B73.5,HIGHEST Temperature SATX,KSDF,2026-10-06,between,73.0,74.0,The Weather Company,https://weather.com/kalshi,0.0,0.01,0.99,1.0,2966.0,0.0,521.79,,2026-10-07T05:00:00Z,active,2026-10-06T21:37:49.023407+00:00
KXLOWTLAX,KXLOWTLAX-26OCT07-T73,Lowest Temperature in LA,KLAX,2026-10-07,greater,73.0,,The Weather Company,https://weather.com/kalshi,0.03,0.1,0.9,0.97,10.0,138.83,49.24,,2026-10-08T08:00:00Z,active,2026-10-06T21:37:49.023407+00:00
KXLOWTLAX,KXLOWTLAX-26OCT07-T66,Lowest Temperature in LA,KLAX,2026-10-07,less,,66.0,The Weather Company,https://weather.com/kalshi,0.0,0.02,0.98,1.0,36.0,0.0,218.54,,2026-10-08T08:00:00Z,active,2026-10-06T21:37:49.023407+00:00
KXLOWTLAX,KXLOWTLAX-26OCT07-B72.5,Lowest Temperature in LA,KLAX,2026-10-07,between,72.0,73.0,The Weather Company,https://weather.com/kalshi,0.3,0.35,0.65,0.7,79.0,3.0,112.0,,2026-10-08T08:00:00Z,active,2026-10-06T21:37:49.023407+00:00
KXLOWTLAX,KXLOWTLAX-26OCT07-B70.5,Lowest Temperature in LA,KLAX,2026-10-07,between,70.0,71.0,The Weather Company,https://weather.com/kalshi,0.5,0.65,0.35,0.5,24.0,4.0,74.0,,2026-10-08T08:00:00Z,active,2026-10-06T21:37:49.023407+00:00
KXLOWTLAX,KXLOWTLAX-26OCT07-B68.5,Lowest Temperature in LA,KLAX,2026-10-07,between,68.0,69.0,The Weather Company,https://weather.com/kalshi,0.03,0.06,0.94,0.97,16.0,54.0,6.03,,2026-10-08T08:00:00Z,active,2026-10-06T21:37:49.023407+00:00
KXLOWTLAX,KXLOWTLAX-26OCT07-B66.5,Lowest Temperature in LA,KLAX,2026-10-07,between,66.0,67.0,The Weather Company,https://weather.com/kalshi,0.01,0.05,0.95,0.99,3.0,138.0,227.0,,2026-10-08T08:00:00Z,active,2026-10-06T21:37:49.023407+00:00
KXLOWTLAX,KXLOWTLAX-26OCT06-T76,Lowest Temperature in LA,KLAX,2026-10-06,greater,76.0,,The Weather Company,https://weather.com/kalshi,0.47,0.49,0.51,0.53,4.0,6.51,1138.02,,2026-10-07T08:00:00Z,active,2026-10-06T21:37:49.023407+00:00
KXLOWTLAX,KXLOWTLAX-26OCT06-T69,Lowest Temperature in LA,KLAX,2026-10-06,less,,69.0,The Weather Company,https://weather.com/kalshi,0.0,0.01,0.99,1.0,85.87,0.0,422.63,,2026-10-07T08:00:00Z,active,2026-10-06T21:37:49.023407+00:00
KXLOWTLAX,KXLOWTLAX-26OCT06-B75.5,Lowest Temperature in LA,KLAX,2026-10-06,between,75.0,76.0,The Weather Company,https://weather.com/kalshi,0.45,0.47,0.53,0.55,4.0,3.0,626.06,,2026-10-07T08:00:00Z,active,2026-10-06T21:37:49.023407+00:00
KXLOWTLAX,KXLOWTLAX-26OCT06-B73.5,Lowest Temperature in LA,KLAX,2026-10-06,between,73.0,74.0,The Weather Company,https://weather.com/kalshi,0.05,0.13,0.87,0.95,5.45,13.0,881.11,,2026-10-07T08:00:00Z,active,2026-10-06T21:37:49.023407+00:00
KXLOWTLAX,KXLOWTLAX-26OCT06-B71.5,Lowest Temperature in LA,KLAX,2026-10-06,between,71.0,72.0,The Weather Company,https://weather.com/kalshi,0.01,0.02,0.98,0.99,153.21,303.0,279.45,,2026-10-07T08:00:00Z,active,2026-10-06T21:37:49.023407+00:00
KXLOWTLAX,KXLOWTLAX-26OCT06-B69.5,Lowest Temperature in LA,KLAX,2026-10-06,between,69.0,70.0,The Weather Company,https://weather.com/kalshi,0.01,0.02,0.98,0.99,144.71,213.0,321.29,,2026-10-07T08:00:00Z,active,2026-10-06T21:37:49.023407+00:00
KXHIGHTHOU,KXHIGHTHOU-26OCT07-T96,Daily High Temperature Houston,KHOU,2026-10-07,greater,96.0,,The Weather Company,https://weather.com/kalshi,0.01,0.02,0.98,0.99,20.24,10.0,220.0,,2026-10-08T06:00:00Z,active,2026-10-06T21:37:49.023407+00:00
KXHIGHTHOU,KXHIGHTHOU-26OCT07-T89,Daily High Temperature Houston,KHOU,2026-10-07,less,,89.0,The Weather Company,https://weather.com/kalshi,0.03,0.04,0.96,0.97,14.0,31.0,76.72,,2026-10-08T06:00:00Z,active,2026-10-06T21:37:49.023407+00:00
KXHIGHTHOU,KXHIGHTHOU-26OCT07-B95.5,Daily High Temperature Houston,KHOU,2026-10-07,between,95.0,96.0,The Weather Company,https://weather.com/kalshi,0.01,0.02,0.98,0.99,106.0,562.53,294.47,,2026-10-08T06:00:00Z,active,2026-10-06T21:37:49.023407+00:00
KXHIGHTHOU,KXHIGHTHOU-26OCT07-B93.5,Daily High Temperature Houston,KHOU,2026-10-07,between,93.0,94.0,The Weather Company,https://weather.com/kalshi,0.12,0.13,0.87,0.88,51.0,18.0,58.12,,2026-10-08T06:00:00Z,active,2026-10-06T21:37:49.023407+00:00
KXHIGHTHOU,KXHIGHTHOU-26OCT07-B91.5,Daily High Temperature Houston,KHOU,2026-10-07,between,91.0,92.0,The Weather Company,https://weather.com/kalshi,0.51,0.54,0.46,0.49,12.0,15.16,347.44,,2026-10-08T06:00:00Z,active,2026-10-06T21:37:49.023407+00:00
KXHIGHTHOU,KXHIGHTHOU-26OCT07-B89.5,Daily High Temperature Houston,KHOU,2026-10-07,between,89.0,90.0,The Weather Company,https://weather.com/kalshi,0.3,0.31,0.69,0.7,35.0,27.0,628.0,,2026-10-08T06:00:00Z,active,2026-10-06T21:37:49.023407+00:00
KXHIGHTHOU,KXHIGHTHOU-26OCT06-T93,Daily High Temperature Houston,KHOU,2026-10-06,greater,93.0,,The Weather Company,https://weather.com/kalshi,0.0,0.01,0.99,1.0,1411.21,0.0,326.1,,2026-10-07T06:00:00Z,active,2026-10-06T21:37:49.023407+00:00
KXHIGHTHOU,KXHIGHTHOU-26OCT06-T86,Daily High Temperature Houston,KHOU,2026-10-06,less,,86.0,The Weather Company,https://weather.com/kalshi,0.0,0.01,0.99,1.0,99449.53,0.0,908.07,,2026-10-07T06:00:00Z,active,2026-10-06T21:37:49.023407+00:00
KXHIGHTHOU,KXHIGHTHOU-26OCT06-B92.5,Daily High Temperature Houston,KHOU,2026-10-06,between,92.0,93.0,The Weather Company,https://weather.com/kalshi,0.0,0.01,0.99,1.0,6760.0,0.0,5884.75,,2026-10-07T06:00:00Z,active,2026-10-06T21:37:49.023407+00:00
KXHIGHTHOU,KXHIGHTHOU-26OCT06-B90.5,Daily High Temperature Houston,KHOU,2026-10-06,between,90.0,91.0,The Weather Company,https://weather.com/kalshi,0.99,1.0,0.0,0.01,0.0,6609.96,8677.79,,2026-10-07T06:00:00Z,active,2026-10-06T21:37:49.023407+00:00
KXHIGHTHOU,KXHIGHTHOU-26OCT06-B88.5,Daily High Temperature Houston,KHOU,2026-10-06,between,88.0,89.0,The Weather Company,https://weather.com/kalshi,0.0,0.01,0.99,1.0,121751.21,0.0,5966.45,,2026-10-07T06:00:00Z,active,2026-10-06T21:37:49.023407+00:00
KXHIGHTHOU,KXHIGHTHOU-26OCT06-B86.5,Daily High Temperature Houston,KHOU,2026-10-06,between,86.0,87.0,The Weather Company,https://weather.com/kalshi,0.0,0.01,0.99,1.0,92992.96,0.0,2405.8,,2026-10-07T06:00:00Z,active,2026-10-06T21:37:49.023407+00:00
