series_ticker,market_ticker,city_label,station_id,target_date,strike_type,floor_strike,cap_strike,yes_bid,yes_ask,no_bid,no_ask,forecast_kind,forecast_value_f,lead_days,model_sigma_f,sigma_source,model_prob_yes,model_status,pulled_at
KXLOWTATL,KXLOWTATL-26SEP26-T59,Low Temperature Atlanta,KATL,2026-09-26,greater,59.0,,0.36,0.52,0.48,0.64,min,59.0,0,1.85,real_measured,0.5,estimated,2026-09-26T01:32:18.056355+00:00
KXLOWTATL,KXLOWTATL-26SEP26-T52,Low Temperature Atlanta,KATL,2026-09-26,less,,52.0,0.0,0.02,0.98,1.0,min,59.0,0,1.85,real_measured,0.0001,estimated,2026-09-26T01:32:18.056355+00:00
KXLOWTATL,KXLOWTATL-26SEP26-B58.5,Low Temperature Atlanta,KATL,2026-09-26,between,58.0,59.0,0.47,0.52,0.48,0.53,min,59.0,0,1.85,real_measured,0.2054,estimated,2026-09-26T01:32:18.056355+00:00
KXLOWTATL,KXLOWTATL-26SEP26-B56.5,Low Temperature Atlanta,KATL,2026-09-26,between,56.0,57.0,0.03,0.13,0.87,0.97,min,59.0,0,1.85,real_measured,0.0874,estimated,2026-09-26T01:32:18.056355+00:00
KXLOWTATL,KXLOWTATL-26SEP26-B54.5,Low Temperature Atlanta,KATL,2026-09-26,between,54.0,55.0,0.03,0.04,0.96,0.97,min,59.0,0,1.85,real_measured,0.0119,estimated,2026-09-26T01:32:18.056355+00:00
KXLOWTATL,KXLOWTATL-26SEP26-B52.5,Low Temperature Atlanta,KATL,2026-09-26,between,52.0,53.0,0.0,0.04,0.96,1.0,min,59.0,0,1.85,real_measured,0.0005,estimated,2026-09-26T01:32:18.056355+00:00
KXLOWTATL,KXLOWTATL-26SEP25-T61,Low Temperature Atlanta,KATL,2026-09-25,greater,61.0,,0.0,0.01,0.99,1.0,min,,-1,,,,target_date_passed,2026-09-26T01:32:18.056355+00:00
KXLOWTATL,KXLOWTATL-26SEP25-T54,Low Temperature Atlanta,KATL,2026-09-25,less,,54.0,0.0,0.01,0.99,1.0,min,,-1,,,,target_date_passed,2026-09-26T01:32:18.056355+00:00
KXLOWTATL,KXLOWTATL-26SEP25-B60.5,Low Temperature Atlanta,KATL,2026-09-25,between,60.0,61.0,0.97,1.0,0.0,0.03,min,,-1,,,,target_date_passed,2026-09-26T01:32:18.056355+00:00
KXLOWTATL,KXLOWTATL-26SEP25-B58.5,Low Temperature Atlanta,KATL,2026-09-25,between,58.0,59.0,0.0,0.02,0.98,1.0,min,,-1,,,,target_date_passed,2026-09-26T01:32:18.056355+00:00
KXLOWTATL,KXLOWTATL-26SEP25-B56.5,Low Temperature Atlanta,KATL,2026-09-25,between,56.0,57.0,0.0,0.01,0.99,1.0,min,,-1,,,,target_date_passed,2026-09-26T01:32:18.056355+00:00
KXLOWTATL,KXLOWTATL-26SEP25-B54.5,Low Temperature Atlanta,KATL,2026-09-25,between,54.0,55.0,0.0,0.01,0.99,1.0,min,,-1,,,,target_date_passed,2026-09-26T01:32:18.056355+00:00
KXHIGHTDAL,KXHIGHTDAL-26SEP26-T99,Dallas Maximum Temperature,KDFW,2026-09-26,greater,99.0,,0.0,0.01,0.99,1.0,max,95.0,0,1.85,real_measured,0.0154,estimated,2026-09-26T01:32:18.056355+00:00
KXHIGHTDAL,KXHIGHTDAL-26SEP26-T92,Dallas Maximum Temperature,KDFW,2026-09-26,less,,92.0,0.11,0.12,0.88,0.89,max,95.0,0,1.85,real_measured,0.0526,estimated,2026-09-26T01:32:18.056355+00:00
KXHIGHTDAL,KXHIGHTDAL-26SEP26-B98.5,Dallas Maximum Temperature,KDFW,2026-09-26,between,98.0,99.0,0.0,0.01,0.99,1.0,max,95.0,0,1.85,real_measured,0.0372,estimated,2026-09-26T01:32:18.056355+00:00
KXHIGHTDAL,KXHIGHTDAL-26SEP26-B96.5,Dallas Maximum Temperature,KDFW,2026-09-26,between,96.0,97.0,0.14,0.15,0.85,0.86,max,95.0,0,1.85,real_measured,0.1545,estimated,2026-09-26T01:32:18.056355+00:00
KXHIGHTDAL,KXHIGHTDAL-26SEP26-B94.5,Dallas Maximum Temperature,KDFW,2026-09-26,between,94.0,95.0,0.35,0.38,0.62,0.65,max,95.0,0,1.85,real_measured,0.2054,estimated,2026-09-26T01:32:18.056355+00:00
KXHIGHTDAL,KXHIGHTDAL-26SEP26-B92.5,Dallas Maximum Temperature,KDFW,2026-09-26,between,92.0,93.0,0.36,0.37,0.63,0.64,max,95.0,0,1.85,real_measured,0.0874,estimated,2026-09-26T01:32:18.056355+00:00
KXHIGHTDAL,KXHIGHTDAL-26SEP25-T94,Dallas Maximum Temperature,KDFW,2026-09-25,less,,94.0,0.99,1.0,0.0,0.01,max,,-1,,,,target_date_passed,2026-09-26T01:32:18.056355+00:00
KXHIGHTDAL,KXHIGHTDAL-26SEP25-T101,Dallas Maximum Temperature,KDFW,2026-09-25,greater,101.0,,0.0,0.01,0.99,1.0,max,,-1,,,,target_date_passed,2026-09-26T01:32:18.056355+00:00
KXHIGHTDAL,KXHIGHTDAL-26SEP25-B98.5,Dallas Maximum Temperature,KDFW,2026-09-25,between,98.0,99.0,0.0,0.01,0.99,1.0,max,,-1,,,,target_date_passed,2026-09-26T01:32:18.056355+00:00
KXHIGHTDAL,KXHIGHTDAL-26SEP25-B96.5,Dallas Maximum Temperature,KDFW,2026-09-25,between,96.0,97.0,0.0,0.01,0.99,1.0,max,,-1,,,,target_date_passed,2026-09-26T01:32:18.056355+00:00
KXHIGHTDAL,KXHIGHTDAL-26SEP25-B94.5,Dallas Maximum Temperature,KDFW,2026-09-25,between,94.0,95.0,0.0,0.01,0.99,1.0,max,,-1,,,,target_date_passed,2026-09-26T01:32:18.056355+00:00
KXHIGHTDAL,KXHIGHTDAL-26SEP25-B100.5,Dallas Maximum Temperature,KDFW,2026-09-25,between,100.0,101.0,0.0,0.01,0.99,1.0,max,,-1,,,,target_date_passed,2026-09-26T01:32:18.056355+00:00
KXHIGHCHI,KXHIGHCHI-26SEP26-T73,Highest temperature in Chicago,KMDW,2026-09-26,greater,73.0,,0.01,0.02,0.98,0.99,max,68.0,0,1.85,real_measured,0.0035,estimated,2026-09-26T01:32:18.056355+00:00
KXHIGHCHI,KXHIGHCHI-26SEP26-T66,Highest temperature in Chicago,KMDW,2026-09-26,less,,66.0,0.03,0.04,0.96,0.97,max,68.0,0,1.85,real_measured,0.14,estimated,2026-09-26T01:32:18.056355+00:00
KXHIGHCHI,KXHIGHCHI-26SEP26-B72.5,Highest temperature in Chicago,KMDW,2026-09-26,between,72.0,73.0,0.16,0.17,0.83,0.84,max,68.0,0,1.85,real_measured,0.0119,estimated,2026-09-26T01:32:18.056355+00:00
KXHIGHCHI,KXHIGHCHI-26SEP26-B70.5,Highest temperature in Chicago,KMDW,2026-09-26,between,70.0,71.0,0.46,0.48,0.52,0.54,max,68.0,0,1.85,real_measured,0.0874,estimated,2026-09-26T01:32:18.056355+00:00
KXHIGHCHI,KXHIGHCHI-26SEP26-B68.5,Highest temperature in Chicago,KMDW,2026-09-26,between,68.0,69.0,0.25,0.26,0.74,0.75,max,68.0,0,1.85,real_measured,0.2054,estimated,2026-09-26T01:32:18.056355+00:00
KXHIGHCHI,KXHIGHCHI-26SEP26-B66.5,Highest temperature in Chicago,KMDW,2026-09-26,between,66.0,67.0,0.08,0.09,0.91,0.92,max,68.0,0,1.85,real_measured,0.1545,estimated,2026-09-26T01:32:18.056355+00:00
KXHIGHCHI,KXHIGHCHI-26SEP25-T71,Highest temperature in Chicago,KMDW,2026-09-25,greater,71.0,,0.0,0.01,0.99,1.0,max,,-1,,,,target_date_passed,2026-09-26T01:32:18.056355+00:00
KXHIGHCHI,KXHIGHCHI-26SEP25-T64,Highest temperature in Chicago,KMDW,2026-09-25,less,,64.0,0.0,0.01,0.99,1.0,max,,-1,,,,target_date_passed,2026-09-26T01:32:18.056355+00:00
KXHIGHCHI,KXHIGHCHI-26SEP25-B70.5,Highest temperature in Chicago,KMDW,2026-09-25,between,70.0,71.0,0.0,0.01,0.99,1.0,max,,-1,,,,target_date_passed,2026-09-26T01:32:18.056355+00:00
KXHIGHCHI,KXHIGHCHI-26SEP25-B68.5,Highest temperature in Chicago,KMDW,2026-09-25,between,68.0,69.0,0.0,0.01,0.99,1.0,max,,-1,,,,target_date_passed,2026-09-26T01:32:18.056355+00:00
KXHIGHCHI,KXHIGHCHI-26SEP25-B66.5,Highest temperature in Chicago,KMDW,2026-09-25,between,66.0,67.0,0.0,0.01,0.99,1.0,max,,-1,,,,target_date_passed,2026-09-26T01:32:18.056355+00:00
KXHIGHCHI,KXHIGHCHI-26SEP25-B64.5,Highest temperature in Chicago,KMDW,2026-09-25,between,64.0,65.0,0.99,1.0,0.0,0.01,max,,-1,,,,target_date_passed,2026-09-26T01:32:18.056355+00:00
KXLOWTCHI,KXLOWTCHI-26SEP26-T55,Lowest Temperature Chicago,KMDW,2026-09-26,greater,55.0,,0.1,0.16,0.84,0.9,min,54.0,0,1.85,real_measured,0.2946,estimated,2026-09-26T01:32:18.056355+00:00
KXLOWTCHI,KXLOWTCHI-26SEP26-T48,Lowest Temperature Chicago,KMDW,2026-09-26,less,,48.0,0.0,0.01,0.99,1.0,min,54.0,0,1.85,real_measured,0.0006,estimated,2026-09-26T01:32:18.056355+00:00
KXLOWTCHI,KXLOWTCHI-26SEP26-B54.5,Lowest Temperature Chicago,KMDW,2026-09-26,between,54.0,55.0,0.4,0.41,0.59,0.6,min,54.0,0,1.85,real_measured,0.2054,estimated,2026-09-26T01:32:18.056355+00:00
KXLOWTCHI,KXLOWTCHI-26SEP26-B52.5,Lowest Temperature Chicago,KMDW,2026-09-26,between,52.0,53.0,0.28,0.45,0.55,0.72,min,54.0,0,1.85,real_measured,0.1545,estimated,2026-09-26T01:32:18.056355+00:00
KXLOWTCHI,KXLOWTCHI-26SEP26-B50.5,Lowest Temperature Chicago,KMDW,2026-09-26,between,50.0,51.0,0.03,0.04,0.96,0.97,min,54.0,0,1.85,real_measured,0.0372,estimated,2026-09-26T01:32:18.056355+00:00
KXLOWTCHI,KXLOWTCHI-26SEP26-B48.5,Lowest Temperature Chicago,KMDW,2026-09-26,between,48.0,49.0,0.0,0.01,0.99,1.0,min,54.0,0,1.85,real_measured,0.0029,estimated,2026-09-26T01:32:18.056355+00:00
KXLOWTCHI,KXLOWTCHI-26SEP25-T59,Lowest Temperature Chicago,KMDW,2026-09-25,greater,59.0,,0.05,0.13,0.87,0.95,min,,-1,,,,target_date_passed,2026-09-26T01:32:18.056355+00:00
KXLOWTCHI,KXLOWTCHI-26SEP25-T52,Lowest Temperature Chicago,KMDW,2026-09-25,less,,52.0,0.0,0.01,0.99,1.0,min,,-1,,,,target_date_passed,2026-09-26T01:32:18.056355+00:00
KXLOWTCHI,KXLOWTCHI-26SEP25-B58.5,Lowest Temperature Chicago,KMDW,2026-09-25,between,58.0,59.0,0.47,0.83,0.17,0.53,min,,-1,,,,target_date_passed,2026-09-26T01:32:18.056355+00:00
KXLOWTCHI,KXLOWTCHI-26SEP25-B56.5,Lowest Temperature Chicago,KMDW,2026-09-25,between,56.0,57.0,0.14,0.25,0.75,0.86,min,,-1,,,,target_date_passed,2026-09-26T01:32:18.056355+00:00
KXLOWTCHI,KXLOWTCHI-26SEP25-B54.5,Lowest Temperature Chicago,KMDW,2026-09-25,between,54.0,55.0,0.01,0.02,0.98,0.99,min,,-1,,,,target_date_passed,2026-09-26T01:32:18.056355+00:00
KXLOWTCHI,KXLOWTCHI-26SEP25-B52.5,Lowest Temperature Chicago,KMDW,2026-09-25,between,52.0,53.0,0.0,0.02,0.98,1.0,min,,-1,,,,target_date_passed,2026-09-26T01:32:18.056355+00:00
KXLOWTSEA,KXLOWTSEA-26SEP26-T49,Low Temperature Seattle,KSEA,2026-09-26,greater,49.0,,0.02,0.07,0.93,0.98,min,48.0,0,1.85,real_measured,0.2946,estimated,2026-09-26T01:32:18.056355+00:00
KXLOWTSEA,KXLOWTSEA-26SEP26-T42,Low Temperature Seattle,KSEA,2026-09-26,less,,42.0,0.0,0.01,0.99,1.0,min,48.0,0,1.85,real_measured,0.0006,estimated,2026-09-26T01:32:18.056355+00:00
KXLOWTSEA,KXLOWTSEA-26SEP26-B48.5,Low Temperature Seattle,KSEA,2026-09-26,between,48.0,49.0,0.32,0.5,0.5,0.68,min,48.0,0,1.85,real_measured,0.2054,estimated,2026-09-26T01:32:18.056355+00:00
KXLOWTSEA,KXLOWTSEA-26SEP26-B46.5,Low Temperature Seattle,KSEA,2026-09-26,between,46.0,47.0,0.32,0.51,0.49,0.68,min,48.0,0,1.85,real_measured,0.1545,estimated,2026-09-26T01:32:18.056355+00:00
KXLOWTSEA,KXLOWTSEA-26SEP26-B44.5,Low Temperature Seattle,KSEA,2026-09-26,between,44.0,45.0,0.05,0.06,0.94,0.95,min,48.0,0,1.85,real_measured,0.0372,estimated,2026-09-26T01:32:18.056355+00:00
KXLOWTSEA,KXLOWTSEA-26SEP26-B42.5,Low Temperature Seattle,KSEA,2026-09-26,between,42.0,43.0,0.0,0.03,0.97,1.0,min,48.0,0,1.85,real_measured,0.0029,estimated,2026-09-26T01:32:18.056355+00:00
KXLOWTSEA,KXLOWTSEA-26SEP25-T54,Low Temperature Seattle,KSEA,2026-09-25,greater,54.0,,0.0,0.01,0.99,1.0,min,,-1,,,,target_date_passed,2026-09-26T01:32:18.056355+00:00
KXLOWTSEA,KXLOWTSEA-26SEP25-T47,Low Temperature Seattle,KSEA,2026-09-25,less,,47.0,0.0,0.01,0.99,1.0,min,,-1,,,,target_date_passed,2026-09-26T01:32:18.056355+00:00
KXLOWTSEA,KXLOWTSEA-26SEP25-B53.5,Low Temperature Seattle,KSEA,2026-09-25,between,53.0,54.0,0.24,0.35,0.65,0.76,min,,-1,,,,target_date_passed,2026-09-26T01:32:18.056355+00:00
KXLOWTSEA,KXLOWTSEA-26SEP25-B51.5,Low Temperature Seattle,KSEA,2026-09-25,between,51.0,52.0,0.49,0.67,0.33,0.51,min,,-1,,,,target_date_passed,2026-09-26T01:32:18.056355+00:00
KXLOWTSEA,KXLOWTSEA-26SEP25-B49.5,Low Temperature Seattle,KSEA,2026-09-25,between,49.0,50.0,0.05,0.29,0.71,0.95,min,,-1,,,,target_date_passed,2026-09-26T01:32:18.056355+00:00
KXLOWTSEA,KXLOWTSEA-26SEP25-B47.5,Low Temperature Seattle,KSEA,2026-09-25,between,47.0,48.0,0.0,0.03,0.97,1.0,min,,-1,,,,target_date_passed,2026-09-26T01:32:18.056355+00:00
KXLOWTMIA,KXLOWTMIA-26SEP26-T74,Lowest temperature in Miami,KMIA,2026-09-26,greater,74.0,,0.15,0.34,0.66,0.85,min,73.0,0,1.85,real_measured,0.2946,estimated,2026-09-26T01:32:18.056355+00:00
KXLOWTMIA,KXLOWTMIA-26SEP26-T67,Lowest temperature in Miami,KMIA,2026-09-26,less,,67.0,0.0,0.02,0.98,1.0,min,73.0,0,1.85,real_measured,0.0006,estimated,2026-09-26T01:32:18.056355+00:00
KXLOWTMIA,KXLOWTMIA-26SEP26-B73.5,Lowest temperature in Miami,KMIA,2026-09-26,between,73.0,74.0,0.42,0.73,0.27,0.58,min,73.0,0,1.85,real_measured,0.2054,estimated,2026-09-26T01:32:18.056355+00:00
KXLOWTMIA,KXLOWTMIA-26SEP26-B71.5,Lowest temperature in Miami,KMIA,2026-09-26,between,71.0,72.0,0.12,0.17,0.83,0.88,min,73.0,0,1.85,real_measured,0.1545,estimated,2026-09-26T01:32:18.056355+00:00
KXLOWTMIA,KXLOWTMIA-26SEP26-B69.5,Lowest temperature in Miami,KMIA,2026-09-26,between,69.0,70.0,0.03,0.04,0.96,0.97,min,73.0,0,1.85,real_measured,0.0372,estimated,2026-09-26T01:32:18.056355+00:00
KXLOWTMIA,KXLOWTMIA-26SEP26-B67.5,Lowest temperature in Miami,KMIA,2026-09-26,between,67.0,68.0,0.03,0.04,0.96,0.97,min,73.0,0,1.85,real_measured,0.0029,estimated,2026-09-26T01:32:18.056355+00:00
KXLOWTMIA,KXLOWTMIA-26SEP25-T76,Lowest temperature in Miami,KMIA,2026-09-25,greater,76.0,,0.52,0.81,0.19,0.48,min,,-1,,,,target_date_passed,2026-09-26T01:32:18.056355+00:00
KXLOWTMIA,KXLOWTMIA-26SEP25-T69,Lowest temperature in Miami,KMIA,2026-09-25,less,,69.0,0.0,0.02,0.98,1.0,min,,-1,,,,target_date_passed,2026-09-26T01:32:18.056355+00:00
KXLOWTMIA,KXLOWTMIA-26SEP25-B75.5,Lowest temperature in Miami,KMIA,2026-09-25,between,75.0,76.0,0.19,0.35,0.65,0.81,min,,-1,,,,target_date_passed,2026-09-26T01:32:18.056355+00:00
KXLOWTMIA,KXLOWTMIA-26SEP25-B73.5,Lowest temperature in Miami,KMIA,2026-09-25,between,73.0,74.0,0.01,0.03,0.97,0.99,min,,-1,,,,target_date_passed,2026-09-26T01:32:18.056355+00:00
KXLOWTMIA,KXLOWTMIA-26SEP25-B71.5,Lowest temperature in Miami,KMIA,2026-09-25,between,71.0,72.0,0.0,0.02,0.98,1.0,min,,-1,,,,target_date_passed,2026-09-26T01:32:18.056355+00:00
KXLOWTMIA,KXLOWTMIA-26SEP25-B69.5,Lowest temperature in Miami,KMIA,2026-09-25,between,69.0,70.0,0.0,0.04,0.96,1.0,min,,-1,,,,target_date_passed,2026-09-26T01:32:18.056355+00:00
KXHIGHPHIL,KXHIGHPHIL-26SEP26-T68,Highest temperature in Philadelphia,KPHL,2026-09-26,greater,68.0,,0.08,0.1,0.9,0.92,max,64.0,0,1.85,real_measured,0.0154,estimated,2026-09-26T01:32:18.056355+00:00
KXHIGHPHIL,KXHIGHPHIL-26SEP26-T61,Highest temperature in Philadelphia,KPHL,2026-09-26,less,,61.0,0.0,0.01,0.99,1.0,max,64.0,0,1.85,real_measured,0.0526,estimated,2026-09-26T01:32:18.056355+00:00
KXHIGHPHIL,KXHIGHPHIL-26SEP26-B67.5,Highest temperature in Philadelphia,KPHL,2026-09-26,between,67.0,68.0,0.44,0.45,0.55,0.56,max,64.0,0,1.85,real_measured,0.0372,estimated,2026-09-26T01:32:18.056355+00:00
KXHIGHPHIL,KXHIGHPHIL-26SEP26-B65.5,Highest temperature in Philadelphia,KPHL,2026-09-26,between,65.0,66.0,0.39,0.4,0.6,0.61,max,64.0,0,1.85,real_measured,0.1545,estimated,2026-09-26T01:32:18.056355+00:00
KXHIGHPHIL,KXHIGHPHIL-26SEP26-B63.5,Highest temperature in Philadelphia,KPHL,2026-09-26,between,63.0,64.0,0.06,0.07,0.93,0.94,max,64.0,0,1.85,real_measured,0.2054,estimated,2026-09-26T01:32:18.056355+00:00
KXHIGHPHIL,KXHIGHPHIL-26SEP26-B61.5,Highest temperature in Philadelphia,KPHL,2026-09-26,between,61.0,62.0,0.0,0.02,0.98,1.0,max,64.0,0,1.85,real_measured,0.0874,estimated,2026-09-26T01:32:18.056355+00:00
KXHIGHPHIL,KXHIGHPHIL-26SEP25-T75,Highest temperature in Philadelphia,KPHL,2026-09-25,greater,75.0,,0.0,0.01,0.99,1.0,max,,-1,,,,target_date_passed,2026-09-26T01:32:18.056355+00:00
KXHIGHPHIL,KXHIGHPHIL-26SEP25-T68,Highest temperature in Philadelphia,KPHL,2026-09-25,less,,68.0,0.0,0.01,0.99,1.0,max,,-1,,,,target_date_passed,2026-09-26T01:32:18.056355+00:00
KXHIGHPHIL,KXHIGHPHIL-26SEP25-B74.5,Highest temperature in Philadelphia,KPHL,2026-09-25,between,74.0,75.0,0.99,1.0,0.0,0.01,max,,-1,,,,target_date_passed,2026-09-26T01:32:18.056355+00:00
KXHIGHPHIL,KXHIGHPHIL-26SEP25-B72.5,Highest temperature in Philadelphia,KPHL,2026-09-25,between,72.0,73.0,0.0,0.01,0.99,1.0,max,,-1,,,,target_date_passed,2026-09-26T01:32:18.056355+00:00
KXHIGHPHIL,KXHIGHPHIL-26SEP25-B70.5,Highest temperature in Philadelphia,KPHL,2026-09-25,between,70.0,71.0,0.0,0.01,0.99,1.0,max,,-1,,,,target_date_passed,2026-09-26T01:32:18.056355+00:00
KXHIGHPHIL,KXHIGHPHIL-26SEP25-B68.5,Highest temperature in Philadelphia,KPHL,2026-09-25,between,68.0,69.0,0.0,0.01,0.99,1.0,max,,-1,,,,target_date_passed,2026-09-26T01:32:18.056355+00:00
KXLOWTPHX,KXLOWTPHX-26SEP26-T78,Low Temperature Phoenix,KPHX,2026-09-26,greater,78.0,,0.21,0.4,0.6,0.79,min,78.0,0,1.85,real_measured,0.5,estimated,2026-09-26T01:32:18.056355+00:00
KXLOWTPHX,KXLOWTPHX-26SEP26-T71,Low Temperature Phoenix,KPHX,2026-09-26,less,,71.0,0.0,0.01,0.99,1.0,min,78.0,0,1.85,real_measured,0.0001,estimated,2026-09-26T01:32:18.056355+00:00
KXLOWTPHX,KXLOWTPHX-26SEP26-B77.5,Low Temperature Phoenix,KPHX,2026-09-26,between,77.0,78.0,0.31,0.5,0.5,0.69,min,78.0,0,1.85,real_measured,0.2054,estimated,2026-09-26T01:32:18.056355+00:00
KXLOWTPHX,KXLOWTPHX-26SEP26-B75.5,Low Temperature Phoenix,KPHX,2026-09-26,between,75.0,76.0,0.08,0.2,0.8,0.92,min,78.0,0,1.85,real_measured,0.0874,estimated,2026-09-26T01:32:18.056355+00:00
KXLOWTPHX,KXLOWTPHX-26SEP26-B73.5,Low Temperature Phoenix,KPHX,2026-09-26,between,73.0,74.0,0.05,0.06,0.94,0.95,min,78.0,0,1.85,real_measured,0.0119,estimated,2026-09-26T01:32:18.056355+00:00
KXLOWTPHX,KXLOWTPHX-26SEP26-B71.5,Low Temperature Phoenix,KPHX,2026-09-26,between,71.0,72.0,0.02,0.04,0.96,0.98,min,78.0,0,1.85,real_measured,0.0005,estimated,2026-09-26T01:32:18.056355+00:00
KXLOWTPHX,KXLOWTPHX-26SEP25-T78,Low Temperature Phoenix,KPHX,2026-09-25,greater,78.0,,0.0,0.01,0.99,1.0,min,,-1,,,,target_date_passed,2026-09-26T01:32:18.056355+00:00
KXLOWTPHX,KXLOWTPHX-26SEP25-T71,Low Temperature Phoenix,KPHX,2026-09-25,less,,71.0,0.0,0.01,0.99,1.0,min,,-1,,,,target_date_passed,2026-09-26T01:32:18.056355+00:00
KXLOWTPHX,KXLOWTPHX-26SEP25-B77.5,Low Temperature Phoenix,KPHX,2026-09-25,between,77.0,78.0,0.0,0.01,0.99,1.0,min,,-1,,,,target_date_passed,2026-09-26T01:32:18.056355+00:00
KXLOWTPHX,KXLOWTPHX-26SEP25-B75.5,Low Temperature Phoenix,KPHX,2026-09-25,between,75.0,76.0,0.0,0.01,0.99,1.0,min,,-1,,,,target_date_passed,2026-09-26T01:32:18.056355+00:00
KXLOWTPHX,KXLOWTPHX-26SEP25-B73.5,Low Temperature Phoenix,KPHX,2026-09-25,between,73.0,74.0,0.99,1.0,0.0,0.01,min,,-1,,,,target_date_passed,2026-09-26T01:32:18.056355+00:00
KXLOWTPHX,KXLOWTPHX-26SEP25-B71.5,Low Temperature Phoenix,KPHX,2026-09-25,between,71.0,72.0,0.0,0.01,0.99,1.0,min,,-1,,,,target_date_passed,2026-09-26T01:32:18.056355+00:00
KXHIGHLAX,KXHIGHLAX-26SEP26-T84,Highest temperature in Los Angeles,KLAX,2026-09-26,greater,84.0,,0.04,0.05,0.95,0.96,max,85.0,0,1.85,real_measured,0.7054,estimated,2026-09-26T01:32:18.056355+00:00
KXHIGHLAX,KXHIGHLAX-26SEP26-T77,Highest temperature in Los Angeles,KLAX,2026-09-26,less,,77.0,0.01,0.02,0.98,0.99,max,85.0,0,1.85,real_measured,0.0,estimated,2026-09-26T01:32:18.056355+00:00
KXHIGHLAX,KXHIGHLAX-26SEP26-B83.5,Highest temperature in Los Angeles,KLAX,2026-09-26,between,83.0,84.0,0.12,0.13,0.87,0.88,max,85.0,0,1.85,real_measured,0.1545,estimated,2026-09-26T01:32:18.056355+00:00
KXHIGHLAX,KXHIGHLAX-26SEP26-B81.5,Highest temperature in Los Angeles,KLAX,2026-09-26,between,81.0,82.0,0.46,0.47,0.53,0.54,max,85.0,0,1.85,real_measured,0.0372,estimated,2026-09-26T01:32:18.056355+00:00
KXHIGHLAX,KXHIGHLAX-26SEP26-B79.5,Highest temperature in Los Angeles,KLAX,2026-09-26,between,79.0,80.0,0.27,0.28,0.72,0.73,max,85.0,0,1.85,real_measured,0.0029,estimated,2026-09-26T01:32:18.056355+00:00
KXHIGHLAX,KXHIGHLAX-26SEP26-B77.5,Highest temperature in Los Angeles,KLAX,2026-09-26,between,77.0,78.0,0.09,0.1,0.9,0.91,max,85.0,0,1.85,real_measured,0.0001,estimated,2026-09-26T01:32:18.056355+00:00
KXHIGHLAX,KXHIGHLAX-26SEP25-T88,Highest temperature in Los Angeles,KLAX,2026-09-25,greater,88.0,,0.0,0.01,0.99,1.0,max,,-1,,,,target_date_passed,2026-09-26T01:32:18.056355+00:00
KXHIGHLAX,KXHIGHLAX-26SEP25-T81,Highest temperature in Los Angeles,KLAX,2026-09-25,less,,81.0,0.99,1.0,0.0,0.01,max,,-1,,,,target_date_passed,2026-09-26T01:32:18.056355+00:00
KXHIGHLAX,KXHIGHLAX-26SEP25-B87.5,Highest temperature in Los Angeles,KLAX,2026-09-25,between,87.0,88.0,0.0,0.01,0.99,1.0,max,,-1,,,,target_date_passed,2026-09-26T01:32:18.056355+00:00
KXHIGHLAX,KXHIGHLAX-26SEP25-B85.5,Highest temperature in Los Angeles,KLAX,2026-09-25,between,85.0,86.0,0.0,0.01,0.99,1.0,max,,-1,,,,target_date_passed,2026-09-26T01:32:18.056355+00:00
KXHIGHLAX,KXHIGHLAX-26SEP25-B83.5,Highest temperature in Los Angeles,KLAX,2026-09-25,between,83.0,84.0,0.0,0.01,0.99,1.0,max,,-1,,,,target_date_passed,2026-09-26T01:32:18.056355+00:00
KXHIGHLAX,KXHIGHLAX-26SEP25-B81.5,Highest temperature in Los Angeles,KLAX,2026-09-25,between,81.0,82.0,0.0,0.01,0.99,1.0,max,,-1,,,,target_date_passed,2026-09-26T01:32:18.056355+00:00
KXLOWTOKC,KXLOWTOKC-26SEP26-T70,Low Temperature Oklahoma City,KOKC,2026-09-26,greater,70.0,,0.08,0.28,0.72,0.92,min,69.0,0,1.85,real_measured,0.2946,estimated,2026-09-26T01:32:18.056355+00:00
KXLOWTOKC,KXLOWTOKC-26SEP26-T63,Low Temperature Oklahoma City,KOKC,2026-09-26,less,,63.0,0.0,0.03,0.97,1.0,min,69.0,0,1.85,real_measured,0.0006,estimated,2026-09-26T01:32:18.056355+00:00
KXLOWTOKC,KXLOWTOKC-26SEP26-B69.5,Low Temperature Oklahoma City,KOKC,2026-09-26,between,69.0,70.0,0.21,0.4,0.6,0.79,min,69.0,0,1.85,real_measured,0.2054,estimated,2026-09-26T01:32:18.056355+00:00
KXLOWTOKC,KXLOWTOKC-26SEP26-B67.5,Low Temperature Oklahoma City,KOKC,2026-09-26,between,67.0,68.0,0.22,0.42,0.58,0.78,min,69.0,0,1.85,real_measured,0.1545,estimated,2026-09-26T01:32:18.056355+00:00
KXLOWTOKC,KXLOWTOKC-26SEP26-B65.5,Low Temperature Oklahoma City,KOKC,2026-09-26,between,65.0,66.0,0.08,0.26,0.74,0.92,min,69.0,0,1.85,real_measured,0.0372,estimated,2026-09-26T01:32:18.056355+00:00
KXLOWTOKC,KXLOWTOKC-26SEP26-B63.5,Low Temperature Oklahoma City,KOKC,2026-09-26,between,63.0,64.0,0.01,0.04,0.96,0.99,min,69.0,0,1.85,real_measured,0.0029,estimated,2026-09-26T01:32:18.056355+00:00
KXLOWTOKC,KXLOWTOKC-26SEP25-T70,Low Temperature Oklahoma City,KOKC,2026-09-25,greater,70.0,,0.0,0.01,0.99,1.0,min,,-1,,,,target_date_passed,2026-09-26T01:32:18.056355+00:00
KXLOWTOKC,KXLOWTOKC-26SEP25-T63,Low Temperature Oklahoma City,KOKC,2026-09-25,less,,63.0,0.0,0.01,0.99,1.0,min,,-1,,,,target_date_passed,2026-09-26T01:32:18.056355+00:00
KXLOWTOKC,KXLOWTOKC-26SEP25-B69.5,Low Temperature Oklahoma City,KOKC,2026-09-25,between,69.0,70.0,0.0,0.01,0.99,1.0,min,,-1,,,,target_date_passed,2026-09-26T01:32:18.056355+00:00
KXLOWTOKC,KXLOWTOKC-26SEP25-B67.5,Low Temperature Oklahoma City,KOKC,2026-09-25,between,67.0,68.0,0.93,1.0,0.0,0.07,min,,-1,,,,target_date_passed,2026-09-26T01:32:18.056355+00:00
KXLOWTOKC,KXLOWTOKC-26SEP25-B65.5,Low Temperature Oklahoma City,KOKC,2026-09-25,between,65.0,66.0,0.0,0.08,0.92,1.0,min,,-1,,,,target_date_passed,2026-09-26T01:32:18.056355+00:00
KXLOWTOKC,KXLOWTOKC-26SEP25-B63.5,Low Temperature Oklahoma City,KOKC,2026-09-25,between,63.0,64.0,0.0,0.02,0.98,1.0,min,,-1,,,,target_date_passed,2026-09-26T01:32:18.056355+00:00
KXHIGHTPHX,KXHIGHTPHX-26SEP26-T96,Phoenix High Temperature Daily,KPHX,2026-09-26,less,,96.0,0.02,0.03,0.97,0.98,max,100.0,0,1.85,real_measured,0.0154,estimated,2026-09-26T01:32:18.056355+00:00
KXHIGHTPHX,KXHIGHTPHX-26SEP26-T103,Phoenix High Temperature Daily,KPHX,2026-09-26,greater,103.0,,0.01,0.02,0.98,0.99,max,100.0,0,1.85,real_measured,0.0526,estimated,2026-09-26T01:32:18.056355+00:00
KXHIGHTPHX,KXHIGHTPHX-26SEP26-B98.5,Phoenix High Temperature Daily,KPHX,2026-09-26,between,98.0,99.0,0.25,0.26,0.74,0.75,max,100.0,0,1.85,real_measured,0.1545,estimated,2026-09-26T01:32:18.056355+00:00
KXHIGHTPHX,KXHIGHTPHX-26SEP26-B96.5,Phoenix High Temperature Daily,KPHX,2026-09-26,between,96.0,97.0,0.03,0.04,0.96,0.97,max,100.0,0,1.85,real_measured,0.0372,estimated,2026-09-26T01:32:18.056355+00:00
KXHIGHTPHX,KXHIGHTPHX-26SEP26-B102.5,Phoenix High Temperature Daily,KPHX,2026-09-26,between,102.0,103.0,0.09,0.1,0.9,0.91,max,100.0,0,1.85,real_measured,0.0874,estimated,2026-09-26T01:32:18.056355+00:00
KXHIGHTPHX,KXHIGHTPHX-26SEP26-B100.5,Phoenix High Temperature Daily,KPHX,2026-09-26,between,100.0,101.0,0.6,0.61,0.39,0.4,max,100.0,0,1.85,real_measured,0.2054,estimated,2026-09-26T01:32:18.056355+00:00
KXHIGHTPHX,KXHIGHTPHX-26SEP25-T95,Phoenix High Temperature Daily,KPHX,2026-09-25,less,,95.0,0.0,0.01,0.99,1.0,max,,-1,,,,target_date_passed,2026-09-26T01:32:18.056355+00:00
KXHIGHTPHX,KXHIGHTPHX-26SEP25-T102,Phoenix High Temperature Daily,KPHX,2026-09-25,greater,102.0,,0.0,0.01,0.99,1.0,max,,-1,,,,target_date_passed,2026-09-26T01:32:18.056355+00:00
KXHIGHTPHX,KXHIGHTPHX-26SEP25-B99.5,Phoenix High Temperature Daily,KPHX,2026-09-25,between,99.0,100.0,0.0,0.01,0.99,1.0,max,,-1,,,,target_date_passed,2026-09-26T01:32:18.056355+00:00
KXHIGHTPHX,KXHIGHTPHX-26SEP25-B97.5,Phoenix High Temperature Daily,KPHX,2026-09-25,between,97.0,98.0,0.0,0.01,0.99,1.0,max,,-1,,,,target_date_passed,2026-09-26T01:32:18.056355+00:00
KXHIGHTPHX,KXHIGHTPHX-26SEP25-B95.5,Phoenix High Temperature Daily,KPHX,2026-09-25,between,95.0,96.0,0.99,1.0,0.0,0.01,max,,-1,,,,target_date_passed,2026-09-26T01:32:18.056355+00:00
KXHIGHTPHX,KXHIGHTPHX-26SEP25-B101.5,Phoenix High Temperature Daily,KPHX,2026-09-25,between,101.0,102.0,0.0,0.01,0.99,1.0,max,,-1,,,,target_date_passed,2026-09-26T01:32:18.056355+00:00
KXLOWTDC,KXLOWTDC-26SEP26-T58,Lowest Temperature DC ,KDCA,2026-09-26,greater,58.0,,0.27,0.35,0.65,0.73,min,58.0,0,1.85,real_measured,0.5,estimated,2026-09-26T01:32:18.056355+00:00
KXLOWTDC,KXLOWTDC-26SEP26-T51,Lowest Temperature DC ,KDCA,2026-09-26,less,,51.0,0.0,0.01,0.99,1.0,min,58.0,0,1.85,real_measured,0.0001,estimated,2026-09-26T01:32:18.056355+00:00
KXLOWTDC,KXLOWTDC-26SEP26-B57.5,Lowest Temperature DC ,KDCA,2026-09-26,between,57.0,58.0,0.36,0.47,0.53,0.64,min,58.0,0,1.85,real_measured,0.2054,estimated,2026-09-26T01:32:18.056355+00:00
KXLOWTDC,KXLOWTDC-26SEP26-B55.5,Lowest Temperature DC ,KDCA,2026-09-26,between,55.0,56.0,0.12,0.23,0.77,0.88,min,58.0,0,1.85,real_measured,0.0874,estimated,2026-09-26T01:32:18.056355+00:00
KXLOWTDC,KXLOWTDC-26SEP26-B53.5,Lowest Temperature DC ,KDCA,2026-09-26,between,53.0,54.0,0.01,0.03,0.97,0.99,min,58.0,0,1.85,real_measured,0.0119,estimated,2026-09-26T01:32:18.056355+00:00
KXLOWTDC,KXLOWTDC-26SEP26-B51.5,Lowest Temperature DC ,KDCA,2026-09-26,between,51.0,52.0,0.01,0.05,0.95,0.99,min,58.0,0,1.85,real_measured,0.0005,estimated,2026-09-26T01:32:18.056355+00:00
KXLOWTDC,KXLOWTDC-26SEP25-T53,Lowest Temperature DC ,KDCA,2026-09-25,greater,53.0,,0.98,1.0,0.0,0.02,min,,-1,,,,target_date_passed,2026-09-26T01:32:18.056355+00:00
KXLOWTDC,KXLOWTDC-26SEP25-T46,Lowest Temperature DC ,KDCA,2026-09-25,less,,46.0,0.0,0.02,0.98,1.0,min,,-1,,,,target_date_passed,2026-09-26T01:32:18.056355+00:00
KXLOWTDC,KXLOWTDC-26SEP25-B52.5,Lowest Temperature DC ,KDCA,2026-09-25,between,52.0,53.0,0.0,0.02,0.98,1.0,min,,-1,,,,target_date_passed,2026-09-26T01:32:18.056355+00:00
KXLOWTDC,KXLOWTDC-26SEP25-B50.5,Lowest Temperature DC ,KDCA,2026-09-25,between,50.0,51.0,0.0,0.02,0.98,1.0,min,,-1,,,,target_date_passed,2026-09-26T01:32:18.056355+00:00
KXLOWTDC,KXLOWTDC-26SEP25-B48.5,Lowest Temperature DC ,KDCA,2026-09-25,between,48.0,49.0,0.0,0.02,0.98,1.0,min,,-1,,,,target_date_passed,2026-09-26T01:32:18.056355+00:00
KXLOWTDC,KXLOWTDC-26SEP25-B46.5,Lowest Temperature DC ,KDCA,2026-09-25,between,46.0,47.0,0.0,0.02,0.98,1.0,min,,-1,,,,target_date_passed,2026-09-26T01:32:18.056355+00:00
KXLOWTSFO,KXLOWTSFO-26SEP26-T56,Lowest Temperature San Francisco,KSFO,2026-09-26,greater,56.0,,0.14,0.34,0.66,0.86,min,54.0,0,1.85,real_measured,0.14,estimated,2026-09-26T01:32:18.056355+00:00
KXLOWTSFO,KXLOWTSFO-26SEP26-T49,Lowest Temperature San Francisco,KSFO,2026-09-26,less,,49.0,0.0,0.03,0.97,1.0,min,54.0,0,1.85,real_measured,0.0035,estimated,2026-09-26T01:32:18.056355+00:00
KXLOWTSFO,KXLOWTSFO-26SEP26-B55.5,Lowest Temperature San Francisco,KSFO,2026-09-26,between,55.0,56.0,0.52,0.69,0.31,0.48,min,54.0,0,1.85,real_measured,0.1545,estimated,2026-09-26T01:32:18.056355+00:00
KXLOWTSFO,KXLOWTSFO-26SEP26-B53.5,Lowest Temperature San Francisco,KSFO,2026-09-26,between,53.0,54.0,0.1,0.16,0.84,0.9,min,54.0,0,1.85,real_measured,0.2054,estimated,2026-09-26T01:32:18.056355+00:00
KXLOWTSFO,KXLOWTSFO-26SEP26-B51.5,Lowest Temperature San Francisco,KSFO,2026-09-26,between,51.0,52.0,0.01,0.06,0.94,0.99,min,54.0,0,1.85,real_measured,0.0874,estimated,2026-09-26T01:32:18.056355+00:00
KXLOWTSFO,KXLOWTSFO-26SEP26-B49.5,Lowest Temperature San Francisco,KSFO,2026-09-26,between,49.0,50.0,0.0,0.05,0.95,1.0,min,54.0,0,1.85,real_measured,0.0119,estimated,2026-09-26T01:32:18.056355+00:00
KXLOWTSFO,KXLOWTSFO-26SEP25-T60,Lowest Temperature San Francisco,KSFO,2026-09-25,greater,60.0,,0.0,0.02,0.98,1.0,min,,-1,,,,target_date_passed,2026-09-26T01:32:18.056355+00:00
KXLOWTSFO,KXLOWTSFO-26SEP25-T53,Lowest Temperature San Francisco,KSFO,2026-09-25,less,,53.0,0.0,0.01,0.99,1.0,min,,-1,,,,target_date_passed,2026-09-26T01:32:18.056355+00:00
KXLOWTSFO,KXLOWTSFO-26SEP25-B59.5,Lowest Temperature San Francisco,KSFO,2026-09-25,between,59.0,60.0,0.35,0.46,0.54,0.65,min,,-1,,,,target_date_passed,2026-09-26T01:32:18.056355+00:00
KXLOWTSFO,KXLOWTSFO-26SEP25-B57.5,Lowest Temperature San Francisco,KSFO,2026-09-25,between,57.0,58.0,0.52,0.62,0.38,0.48,min,,-1,,,,target_date_passed,2026-09-26T01:32:18.056355+00:00
KXLOWTSFO,KXLOWTSFO-26SEP25-B55.5,Lowest Temperature San Francisco,KSFO,2026-09-25,between,55.0,56.0,0.01,0.09,0.91,0.99,min,,-1,,,,target_date_passed,2026-09-26T01:32:18.056355+00:00
KXLOWTSFO,KXLOWTSFO-26SEP25-B53.5,Lowest Temperature San Francisco,KSFO,2026-09-25,between,53.0,54.0,0.0,0.02,0.98,1.0,min,,-1,,,,target_date_passed,2026-09-26T01:32:18.056355+00:00
KXLOWTBOS,KXLOWTBOS-26SEP26-T61,Low Temperature Boston,KBOS,2026-09-26,greater,61.0,,0.0,0.02,0.98,1.0,min,56.0,0,1.85,real_measured,0.0035,estimated,2026-09-26T01:32:18.056355+00:00
KXLOWTBOS,KXLOWTBOS-26SEP26-T54,Low Temperature Boston,KBOS,2026-09-26,less,,54.0,0.05,0.07,0.93,0.95,min,56.0,0,1.85,real_measured,0.14,estimated,2026-09-26T01:32:18.056355+00:00
KXLOWTBOS,KXLOWTBOS-26SEP26-B60.5,Low Temperature Boston,KBOS,2026-09-26,between,60.0,61.0,0.01,0.04,0.96,0.99,min,56.0,0,1.85,real_measured,0.0119,estimated,2026-09-26T01:32:18.056355+00:00
KXLOWTBOS,KXLOWTBOS-26SEP26-B58.5,Low Temperature Boston,KBOS,2026-09-26,between,58.0,59.0,0.04,0.05,0.95,0.96,min,56.0,0,1.85,real_measured,0.0874,estimated,2026-09-26T01:32:18.056355+00:00
KXLOWTBOS,KXLOWTBOS-26SEP26-B56.5,Low Temperature Boston,KBOS,2026-09-26,between,56.0,57.0,0.48,0.49,0.51,0.52,min,56.0,0,1.85,real_measured,0.2054,estimated,2026-09-26T01:32:18.056355+00:00
KXLOWTBOS,KXLOWTBOS-26SEP26-B54.5,Low Temperature Boston,KBOS,2026-09-26,between,54.0,55.0,0.4,0.47,0.53,0.6,min,56.0,0,1.85,real_measured,0.1545,estimated,2026-09-26T01:32:18.056355+00:00
KXLOWTBOS,KXLOWTBOS-26SEP25-T57,Low Temperature Boston,KBOS,2026-09-25,greater,57.0,,0.0,0.01,0.99,1.0,min,,-1,,,,target_date_passed,2026-09-26T01:32:18.056355+00:00
KXLOWTBOS,KXLOWTBOS-26SEP25-T50,Low Temperature Boston,KBOS,2026-09-25,less,,50.0,0.0,0.01,0.99,1.0,min,,-1,,,,target_date_passed,2026-09-26T01:32:18.056355+00:00
KXLOWTBOS,KXLOWTBOS-26SEP25-B56.5,Low Temperature Boston,KBOS,2026-09-25,between,56.0,57.0,0.0,0.01,0.99,1.0,min,,-1,,,,target_date_passed,2026-09-26T01:32:18.056355+00:00
KXLOWTBOS,KXLOWTBOS-26SEP25-B54.5,Low Temperature Boston,KBOS,2026-09-25,between,54.0,55.0,0.0,0.01,0.99,1.0,min,,-1,,,,target_date_passed,2026-09-26T01:32:18.056355+00:00
KXLOWTBOS,KXLOWTBOS-26SEP25-B52.5,Low Temperature Boston,KBOS,2026-09-25,between,52.0,53.0,0.0,0.01,0.99,1.0,min,,-1,,,,target_date_passed,2026-09-26T01:32:18.056355+00:00
KXLOWTBOS,KXLOWTBOS-26SEP25-B50.5,Low Temperature Boston,KBOS,2026-09-25,between,50.0,51.0,0.99,1.0,0.0,0.01,min,,-1,,,,target_date_passed,2026-09-26T01:32:18.056355+00:00
KXLOWTLAX,KXLOWTLAX-26SEP26-T70,Lowest Temperature in LA,KLAX,2026-09-26,greater,70.0,,0.01,0.04,0.96,0.99,min,68.0,0,1.85,real_measured,0.14,estimated,2026-09-26T01:32:18.056355+00:00
KXLOWTLAX,KXLOWTLAX-26SEP26-T63,Lowest Temperature in LA,KLAX,2026-09-26,less,,63.0,0.0,0.01,0.99,1.0,min,68.0,0,1.85,real_measured,0.0035,estimated,2026-09-26T01:32:18.056355+00:00
KXLOWTLAX,KXLOWTLAX-26SEP26-B69.5,Lowest Temperature in LA,KLAX,2026-09-26,between,69.0,70.0,0.11,0.19,0.81,0.89,min,68.0,0,1.85,real_measured,0.1545,estimated,2026-09-26T01:32:18.056355+00:00
KXLOWTLAX,KXLOWTLAX-26SEP26-B67.5,Lowest Temperature in LA,KLAX,2026-09-26,between,67.0,68.0,0.56,0.69,0.31,0.44,min,68.0,0,1.85,real_measured,0.2054,estimated,2026-09-26T01:32:18.056355+00:00
KXLOWTLAX,KXLOWTLAX-26SEP26-B65.5,Lowest Temperature in LA,KLAX,2026-09-26,between,65.0,66.0,0.1,0.21,0.79,0.9,min,68.0,0,1.85,real_measured,0.0874,estimated,2026-09-26T01:32:18.056355+00:00
KXLOWTLAX,KXLOWTLAX-26SEP26-B63.5,Lowest Temperature in LA,KLAX,2026-09-26,between,63.0,64.0,0.0,0.02,0.98,1.0,min,68.0,0,1.85,real_measured,0.0119,estimated,2026-09-26T01:32:18.056355+00:00
KXLOWTLAX,KXLOWTLAX-26SEP25-T69,Lowest Temperature in LA,KLAX,2026-09-25,greater,69.0,,0.0,0.01,0.99,1.0,min,,-1,,,,target_date_passed,2026-09-26T01:32:18.056355+00:00
KXLOWTLAX,KXLOWTLAX-26SEP25-T62,Lowest Temperature in LA,KLAX,2026-09-25,less,,62.0,0.0,0.01,0.99,1.0,min,,-1,,,,target_date_passed,2026-09-26T01:32:18.056355+00:00
KXLOWTLAX,KXLOWTLAX-26SEP25-B68.5,Lowest Temperature in LA,KLAX,2026-09-25,between,68.0,69.0,0.92,0.98,0.02,0.08,min,,-1,,,,target_date_passed,2026-09-26T01:32:18.056355+00:00
KXLOWTLAX,KXLOWTLAX-26SEP25-B66.5,Lowest Temperature in LA,KLAX,2026-09-25,between,66.0,67.0,0.02,0.1,0.9,0.98,min,,-1,,,,target_date_passed,2026-09-26T01:32:18.056355+00:00
KXLOWTLAX,KXLOWTLAX-26SEP25-B64.5,Lowest Temperature in LA,KLAX,2026-09-25,between,64.0,65.0,0.0,0.01,0.99,1.0,min,,-1,,,,target_date_passed,2026-09-26T01:32:18.056355+00:00
KXLOWTLAX,KXLOWTLAX-26SEP25-B62.5,Lowest Temperature in LA,KLAX,2026-09-25,between,62.0,63.0,0.0,0.01,0.99,1.0,min,,-1,,,,target_date_passed,2026-09-26T01:32:18.056355+00:00
KXHIGHTHOU,KXHIGHTHOU-26SEP26-T96,Daily High Temperature Houston,KHOU,2026-09-26,greater,96.0,,0.0,0.01,0.99,1.0,max,91.0,0,1.85,real_measured,0.0035,estimated,2026-09-26T01:32:18.056355+00:00
KXHIGHTHOU,KXHIGHTHOU-26SEP26-T89,Daily High Temperature Houston,KHOU,2026-09-26,less,,89.0,0.04,0.05,0.95,0.96,max,91.0,0,1.85,real_measured,0.14,estimated,2026-09-26T01:32:18.056355+00:00
KXHIGHTHOU,KXHIGHTHOU-26SEP26-B95.5,Daily High Temperature Houston,KHOU,2026-09-26,between,95.0,96.0,0.01,0.02,0.98,0.99,max,91.0,0,1.85,real_measured,0.0119,estimated,2026-09-26T01:32:18.056355+00:00
KXHIGHTHOU,KXHIGHTHOU-26SEP26-B93.5,Daily High Temperature Houston,KHOU,2026-09-26,between,93.0,94.0,0.16,0.17,0.83,0.84,max,91.0,0,1.85,real_measured,0.0874,estimated,2026-09-26T01:32:18.056355+00:00
KXHIGHTHOU,KXHIGHTHOU-26SEP26-B91.5,Daily High Temperature Houston,KHOU,2026-09-26,between,91.0,92.0,0.5,0.51,0.49,0.5,max,91.0,0,1.85,real_measured,0.2054,estimated,2026-09-26T01:32:18.056355+00:00
KXHIGHTHOU,KXHIGHTHOU-26SEP26-B89.5,Daily High Temperature Houston,KHOU,2026-09-26,between,89.0,90.0,0.28,0.29,0.71,0.72,max,91.0,0,1.85,real_measured,0.1545,estimated,2026-09-26T01:32:18.056355+00:00
KXHIGHTHOU,KXHIGHTHOU-26SEP25-T97,Daily High Temperature Houston,KHOU,2026-09-25,greater,97.0,,0.0,0.01,0.99,1.0,max,,-1,,,,target_date_passed,2026-09-26T01:32:18.056355+00:00
KXHIGHTHOU,KXHIGHTHOU-26SEP25-T90,Daily High Temperature Houston,KHOU,2026-09-25,less,,90.0,0.0,0.01,0.99,1.0,max,,-1,,,,target_date_passed,2026-09-26T01:32:18.056355+00:00
KXHIGHTHOU,KXHIGHTHOU-26SEP25-B96.5,Daily High Temperature Houston,KHOU,2026-09-25,between,96.0,97.0,0.0,0.01,0.99,1.0,max,,-1,,,,target_date_passed,2026-09-26T01:32:18.056355+00:00
KXHIGHTHOU,KXHIGHTHOU-26SEP25-B94.5,Daily High Temperature Houston,KHOU,2026-09-25,between,94.0,95.0,0.0,0.01,0.99,1.0,max,,-1,,,,target_date_passed,2026-09-26T01:32:18.056355+00:00
KXHIGHTHOU,KXHIGHTHOU-26SEP25-B92.5,Daily High Temperature Houston,KHOU,2026-09-25,between,92.0,93.0,0.0,0.01,0.99,1.0,max,,-1,,,,target_date_passed,2026-09-26T01:32:18.056355+00:00
KXHIGHTHOU,KXHIGHTHOU-26SEP25-B90.5,Daily High Temperature Houston,KHOU,2026-09-25,between,90.0,91.0,0.99,1.0,0.0,0.01,max,,-1,,,,target_date_passed,2026-09-26T01:32:18.056355+00:00
KXHIGHTSAN,KXHIGHTSAN-26SEP26-T87,High Temperature San Diego,KSAN,2026-09-26,greater,87.0,,0.0,0.11,0.89,1.0,max,86.0,0,1.85,real_measured,0.2946,estimated,2026-09-26T01:32:18.056355+00:00
KXHIGHTSAN,KXHIGHTSAN-26SEP26-T80,High Temperature San Diego,KSAN,2026-09-26,less,,80.0,0.1,0.22,0.78,0.9,max,86.0,0,1.85,real_measured,0.0006,estimated,2026-09-26T01:32:18.056355+00:00
KXHIGHTSAN,KXHIGHTSAN-26SEP26-B86.5,High Temperature San Diego,KSAN,2026-09-26,between,86.0,87.0,0.01,0.12,0.88,0.99,max,86.0,0,1.85,real_measured,0.2054,estimated,2026-09-26T01:32:18.056355+00:00
KXHIGHTSAN,KXHIGHTSAN-26SEP26-B84.5,High Temperature San Diego,KSAN,2026-09-26,between,84.0,85.0,0.08,0.19,0.81,0.92,max,86.0,0,1.85,real_measured,0.1545,estimated,2026-09-26T01:32:18.056355+00:00
KXHIGHTSAN,KXHIGHTSAN-26SEP26-B82.5,High Temperature San Diego,KSAN,2026-09-26,between,82.0,83.0,0.49,0.73,0.27,0.51,max,86.0,0,1.85,real_measured,0.0372,estimated,2026-09-26T01:32:18.056355+00:00
KXHIGHTSAN,KXHIGHTSAN-26SEP26-B80.5,High Temperature San Diego,KSAN,2026-09-26,between,80.0,81.0,0.09,0.28,0.72,0.91,max,86.0,0,1.85,real_measured,0.0029,estimated,2026-09-26T01:32:18.056355+00:00
KXHIGHTSAN,KXHIGHTSAN-26SEP25-T89,High Temperature San Diego,KSAN,2026-09-25,greater,89.0,,0.0,0.01,0.99,1.0,max,,-1,,,,target_date_passed,2026-09-26T01:32:18.056355+00:00
KXHIGHTSAN,KXHIGHTSAN-26SEP25-T82,High Temperature San Diego,KSAN,2026-09-25,less,,82.0,0.99,1.0,0.0,0.01,max,,-1,,,,target_date_passed,2026-09-26T01:32:18.056355+00:00
KXHIGHTSAN,KXHIGHTSAN-26SEP25-B88.5,High Temperature San Diego,KSAN,2026-09-25,between,88.0,89.0,0.0,0.01,0.99,1.0,max,,-1,,,,target_date_passed,2026-09-26T01:32:18.056355+00:00
KXHIGHTSAN,KXHIGHTSAN-26SEP25-B86.5,High Temperature San Diego,KSAN,2026-09-25,between,86.0,87.0,0.0,0.01,0.99,1.0,max,,-1,,,,target_date_passed,2026-09-26T01:32:18.056355+00:00
KXHIGHTSAN,KXHIGHTSAN-26SEP25-B84.5,High Temperature San Diego,KSAN,2026-09-25,between,84.0,85.0,0.0,0.01,0.99,1.0,max,,-1,,,,target_date_passed,2026-09-26T01:32:18.056355+00:00
KXHIGHTSAN,KXHIGHTSAN-26SEP25-B82.5,High Temperature San Diego,KSAN,2026-09-25,between,82.0,83.0,0.0,0.01,0.99,1.0,max,,-1,,,,target_date_passed,2026-09-26T01:32:18.056355+00:00
KXHIGHDEN,KXHIGHDEN-26SEP26-T86,Highest temperature in Denver,KDEN,2026-09-26,greater,86.0,,0.01,0.02,0.98,0.99,max,82.0,0,1.85,real_measured,0.0154,estimated,2026-09-26T01:32:18.056355+00:00
KXHIGHDEN,KXHIGHDEN-26SEP26-T79,Highest temperature in Denver,KDEN,2026-09-26,less,,79.0,0.01,0.02,0.98,0.99,max,82.0,0,1.85,real_measured,0.0526,estimated,2026-09-26T01:32:18.056355+00:00
KXHIGHDEN,KXHIGHDEN-26SEP26-B85.5,Highest temperature in Denver,KDEN,2026-09-26,between,85.0,86.0,0.07,0.08,0.92,0.93,max,82.0,0,1.85,real_measured,0.0372,estimated,2026-09-26T01:32:18.056355+00:00
KXHIGHDEN,KXHIGHDEN-26SEP26-B83.5,Highest temperature in Denver,KDEN,2026-09-26,between,83.0,84.0,0.5,0.52,0.48,0.5,max,82.0,0,1.85,real_measured,0.1545,estimated,2026-09-26T01:32:18.056355+00:00
KXHIGHDEN,KXHIGHDEN-26SEP26-B81.5,Highest temperature in Denver,KDEN,2026-09-26,between,81.0,82.0,0.33,0.34,0.66,0.67,max,82.0,0,1.85,real_measured,0.2054,estimated,2026-09-26T01:32:18.056355+00:00
KXHIGHDEN,KXHIGHDEN-26SEP26-B79.5,Highest temperature in Denver,KDEN,2026-09-26,between,79.0,80.0,0.04,0.05,0.95,0.96,max,82.0,0,1.85,real_measured,0.0874,estimated,2026-09-26T01:32:18.056355+00:00
KXHIGHDEN,KXHIGHDEN-26SEP25-T79,Highest temperature in Denver,KDEN,2026-09-25,greater,79.0,,0.0,0.01,0.99,1.0,max,,-1,,,,target_date_passed,2026-09-26T01:32:18.056355+00:00
KXHIGHDEN,KXHIGHDEN-26SEP25-T72,Highest temperature in Denver,KDEN,2026-09-25,less,,72.0,0.0,0.01,0.99,1.0,max,,-1,,,,target_date_passed,2026-09-26T01:32:18.056355+00:00
KXHIGHDEN,KXHIGHDEN-26SEP25-B78.5,Highest temperature in Denver,KDEN,2026-09-25,between,78.0,79.0,0.0,0.01,0.99,1.0,max,,-1,,,,target_date_passed,2026-09-26T01:32:18.056355+00:00
KXHIGHDEN,KXHIGHDEN-26SEP25-B76.5,Highest temperature in Denver,KDEN,2026-09-25,between,76.0,77.0,0.99,1.0,0.0,0.01,max,,-1,,,,target_date_passed,2026-09-26T01:32:18.056355+00:00
KXHIGHDEN,KXHIGHDEN-26SEP25-B74.5,Highest temperature in Denver,KDEN,2026-09-25,between,74.0,75.0,0.0,0.01,0.99,1.0,max,,-1,,,,target_date_passed,2026-09-26T01:32:18.056355+00:00
KXHIGHDEN,KXHIGHDEN-26SEP25-B72.5,Highest temperature in Denver,KDEN,2026-09-25,between,72.0,73.0,0.0,0.01,0.99,1.0,max,,-1,,,,target_date_passed,2026-09-26T01:32:18.056355+00:00
KXLOWTEWR,KXLOWTEWR-26SEP26-T59,"Newark, NJ (EWR) Daily Low Temp",KEWR,2026-09-26,greater,59.0,,0.02,0.14,0.86,0.98,min,59.0,0,1.85,real_measured,0.5,estimated,2026-09-26T01:32:18.056355+00:00
KXLOWTEWR,KXLOWTEWR-26SEP26-T52,"Newark, NJ (EWR) Daily Low Temp",KEWR,2026-09-26,less,,52.0,0.0,0.1,0.9,1.0,min,59.0,0,1.85,real_measured,0.0001,estimated,2026-09-26T01:32:18.056355+00:00
KXLOWTEWR,KXLOWTEWR-26SEP26-B58.5,"Newark, NJ (EWR) Daily Low Temp",KEWR,2026-09-26,between,58.0,59.0,0.07,0.26,0.74,0.93,min,59.0,0,1.85,real_measured,0.2054,estimated,2026-09-26T01:32:18.056355+00:00
KXLOWTEWR,KXLOWTEWR-26SEP26-B56.5,"Newark, NJ (EWR) Daily Low Temp",KEWR,2026-09-26,between,56.0,57.0,0.41,0.6,0.4,0.59,min,59.0,0,1.85,real_measured,0.0874,estimated,2026-09-26T01:32:18.056355+00:00
KXLOWTEWR,KXLOWTEWR-26SEP26-B54.5,"Newark, NJ (EWR) Daily Low Temp",KEWR,2026-09-26,between,54.0,55.0,0.14,0.16,0.84,0.86,min,59.0,0,1.85,real_measured,0.0119,estimated,2026-09-26T01:32:18.056355+00:00
KXLOWTEWR,KXLOWTEWR-26SEP26-B52.5,"Newark, NJ (EWR) Daily Low Temp",KEWR,2026-09-26,between,52.0,53.0,0.02,0.13,0.87,0.98,min,59.0,0,1.85,real_measured,0.0005,estimated,2026-09-26T01:32:18.056355+00:00
KXLOWTEWR,KXLOWTEWR-26SEP25-T57,"Newark, NJ (EWR) Daily Low Temp",KEWR,2026-09-25,greater,57.0,,0.0,0.01,0.99,1.0,min,,-1,,,,target_date_passed,2026-09-26T01:32:18.056355+00:00
KXLOWTEWR,KXLOWTEWR-26SEP25-T50,"Newark, NJ (EWR) Daily Low Temp",KEWR,2026-09-25,less,,50.0,0.0,0.01,0.99,1.0,min,,-1,,,,target_date_passed,2026-09-26T01:32:18.056355+00:00
KXLOWTEWR,KXLOWTEWR-26SEP25-B56.5,"Newark, NJ (EWR) Daily Low Temp",KEWR,2026-09-25,between,56.0,57.0,0.99,1.0,0.0,0.01,min,,-1,,,,target_date_passed,2026-09-26T01:32:18.056355+00:00
KXLOWTEWR,KXLOWTEWR-26SEP25-B54.5,"Newark, NJ (EWR) Daily Low Temp",KEWR,2026-09-25,between,54.0,55.0,0.0,0.02,0.98,1.0,min,,-1,,,,target_date_passed,2026-09-26T01:32:18.056355+00:00
KXLOWTEWR,KXLOWTEWR-26SEP25-B52.5,"Newark, NJ (EWR) Daily Low Temp",KEWR,2026-09-25,between,52.0,53.0,0.0,0.01,0.99,1.0,min,,-1,,,,target_date_passed,2026-09-26T01:32:18.056355+00:00
KXLOWTEWR,KXLOWTEWR-26SEP25-B50.5,"Newark, NJ (EWR) Daily Low Temp",KEWR,2026-09-25,between,50.0,51.0,0.0,0.01,0.99,1.0,min,,-1,,,,target_date_passed,2026-09-26T01:32:18.056355+00:00
KXLOWTSAN,KXLOWTSAN-26SEP26-T70,Low Temperature San Diego,KSAN,2026-09-26,greater,70.0,,0.06,0.16,0.84,0.94,min,70.0,0,1.85,real_measured,0.5,estimated,2026-09-26T01:32:18.056355+00:00
KXLOWTSAN,KXLOWTSAN-26SEP26-T63,Low Temperature San Diego,KSAN,2026-09-26,less,,63.0,0.0,0.09,0.91,1.0,min,70.0,0,1.85,real_measured,0.0001,estimated,2026-09-26T01:32:18.056355+00:00
KXLOWTSAN,KXLOWTSAN-26SEP26-B69.5,Low Temperature San Diego,KSAN,2026-09-26,between,69.0,70.0,0.43,0.63,0.37,0.57,min,70.0,0,1.85,real_measured,0.2054,estimated,2026-09-26T01:32:18.056355+00:00
KXLOWTSAN,KXLOWTSAN-26SEP26-B67.5,Low Temperature San Diego,KSAN,2026-09-26,between,67.0,68.0,0.29,0.37,0.63,0.71,min,70.0,0,1.85,real_measured,0.0874,estimated,2026-09-26T01:32:18.056355+00:00
KXLOWTSAN,KXLOWTSAN-26SEP26-B65.5,Low Temperature San Diego,KSAN,2026-09-26,between,65.0,66.0,0.02,0.1,0.9,0.98,min,70.0,0,1.85,real_measured,0.0119,estimated,2026-09-26T01:32:18.056355+00:00
KXLOWTSAN,KXLOWTSAN-26SEP26-B63.5,Low Temperature San Diego,KSAN,2026-09-26,between,63.0,64.0,0.01,0.1,0.9,0.99,min,70.0,0,1.85,real_measured,0.0005,estimated,2026-09-26T01:32:18.056355+00:00
KXLOWTSAN,KXLOWTSAN-26SEP25-T71,Low Temperature San Diego,KSAN,2026-09-25,greater,71.0,,0.0,0.01,0.99,1.0,min,,-1,,,,target_date_passed,2026-09-26T01:32:18.056355+00:00
KXLOWTSAN,KXLOWTSAN-26SEP25-T64,Low Temperature San Diego,KSAN,2026-09-25,less,,64.0,0.0,0.01,0.99,1.0,min,,-1,,,,target_date_passed,2026-09-26T01:32:18.056355+00:00
KXLOWTSAN,KXLOWTSAN-26SEP25-B70.5,Low Temperature San Diego,KSAN,2026-09-25,between,70.0,71.0,0.0,0.01,0.99,1.0,min,,-1,,,,target_date_passed,2026-09-26T01:32:18.056355+00:00
KXLOWTSAN,KXLOWTSAN-26SEP25-B68.5,Low Temperature San Diego,KSAN,2026-09-25,between,68.0,69.0,0.93,0.99,0.01,0.07,min,,-1,,,,target_date_passed,2026-09-26T01:32:18.056355+00:00
KXLOWTSAN,KXLOWTSAN-26SEP25-B66.5,Low Temperature San Diego,KSAN,2026-09-25,between,66.0,67.0,0.01,0.04,0.96,0.99,min,,-1,,,,target_date_passed,2026-09-26T01:32:18.056355+00:00
KXLOWTSAN,KXLOWTSAN-26SEP25-B64.5,Low Temperature San Diego,KSAN,2026-09-25,between,64.0,65.0,0.0,0.01,0.99,1.0,min,,-1,,,,target_date_passed,2026-09-26T01:32:18.056355+00:00
KXHIGHTATL,KXHIGHTATL-26SEP26-T84,Atlanta Max Temperature,KATL,2026-09-26,greater,84.0,,0.03,0.04,0.96,0.97,max,81.0,0,1.85,real_measured,0.0526,estimated,2026-09-26T01:32:18.056355+00:00
KXHIGHTATL,KXHIGHTATL-26SEP26-T77,Atlanta Max Temperature,KATL,2026-09-26,less,,77.0,0.01,0.02,0.98,0.99,max,81.0,0,1.85,real_measured,0.0154,estimated,2026-09-26T01:32:18.056355+00:00
KXHIGHTATL,KXHIGHTATL-26SEP26-B83.5,Atlanta Max Temperature,KATL,2026-09-26,between,83.0,84.0,0.31,0.32,0.68,0.69,max,81.0,0,1.85,real_measured,0.0874,estimated,2026-09-26T01:32:18.056355+00:00
KXHIGHTATL,KXHIGHTATL-26SEP26-B81.5,Atlanta Max Temperature,KATL,2026-09-26,between,81.0,82.0,0.46,0.47,0.53,0.54,max,81.0,0,1.85,real_measured,0.2054,estimated,2026-09-26T01:32:18.056355+00:00
KXHIGHTATL,KXHIGHTATL-26SEP26-B79.5,Atlanta Max Temperature,KATL,2026-09-26,between,79.0,80.0,0.11,0.14,0.86,0.89,max,81.0,0,1.85,real_measured,0.1545,estimated,2026-09-26T01:32:18.056355+00:00
KXHIGHTATL,KXHIGHTATL-26SEP26-B77.5,Atlanta Max Temperature,KATL,2026-09-26,between,77.0,78.0,0.01,0.02,0.98,0.99,max,81.0,0,1.85,real_measured,0.0372,estimated,2026-09-26T01:32:18.056355+00:00
KXHIGHTATL,KXHIGHTATL-26SEP25-T83,Atlanta Max Temperature,KATL,2026-09-25,greater,83.0,,0.0,0.01,0.99,1.0,max,,-1,,,,target_date_passed,2026-09-26T01:32:18.056355+00:00
KXHIGHTATL,KXHIGHTATL-26SEP25-T76,Atlanta Max Temperature,KATL,2026-09-25,less,,76.0,0.0,0.01,0.99,1.0,max,,-1,,,,target_date_passed,2026-09-26T01:32:18.056355+00:00
KXHIGHTATL,KXHIGHTATL-26SEP25-B82.5,Atlanta Max Temperature,KATL,2026-09-25,between,82.0,83.0,0.0,0.01,0.99,1.0,max,,-1,,,,target_date_passed,2026-09-26T01:32:18.056355+00:00
KXHIGHTATL,KXHIGHTATL-26SEP25-B80.5,Atlanta Max Temperature,KATL,2026-09-25,between,80.0,81.0,0.0,0.01,0.99,1.0,max,,-1,,,,target_date_passed,2026-09-26T01:32:18.056355+00:00
KXHIGHTATL,KXHIGHTATL-26SEP25-B78.5,Atlanta Max Temperature,KATL,2026-09-25,between,78.0,79.0,0.0,0.01,0.99,1.0,max,,-1,,,,target_date_passed,2026-09-26T01:32:18.056355+00:00
KXHIGHTATL,KXHIGHTATL-26SEP25-B76.5,Atlanta Max Temperature,KATL,2026-09-25,between,76.0,77.0,0.99,1.0,0.0,0.01,max,,-1,,,,target_date_passed,2026-09-26T01:32:18.056355+00:00
KXLOWTTTN,KXLOWTTTN-26SEP26-T56,Trenton Daily low temp ,KTTN,2026-09-26,greater,56.0,,0.14,0.24,0.76,0.86,min,55.0,0,1.85,real_measured,0.2946,estimated,2026-09-26T01:32:18.056355+00:00
KXLOWTTTN,KXLOWTTTN-26SEP26-T49,Trenton Daily low temp ,KTTN,2026-09-26,less,,49.0,0.0,0.01,0.99,1.0,min,55.0,0,1.85,real_measured,0.0006,estimated,2026-09-26T01:32:18.056355+00:00
KXLOWTTTN,KXLOWTTTN-26SEP26-B55.5,Trenton Daily low temp ,KTTN,2026-09-26,between,55.0,56.0,0.35,0.53,0.47,0.65,min,55.0,0,1.85,real_measured,0.2054,estimated,2026-09-26T01:32:18.056355+00:00
KXLOWTTTN,KXLOWTTTN-26SEP26-B53.5,Trenton Daily low temp ,KTTN,2026-09-26,between,53.0,54.0,0.27,0.45,0.55,0.73,min,55.0,0,1.85,real_measured,0.1545,estimated,2026-09-26T01:32:18.056355+00:00
KXLOWTTTN,KXLOWTTTN-26SEP26-B51.5,Trenton Daily low temp ,KTTN,2026-09-26,between,51.0,52.0,0.02,0.14,0.86,0.98,min,55.0,0,1.85,real_measured,0.0372,estimated,2026-09-26T01:32:18.056355+00:00
KXLOWTTTN,KXLOWTTTN-26SEP26-B49.5,Trenton Daily low temp ,KTTN,2026-09-26,between,49.0,50.0,0.0,0.1,0.9,1.0,min,55.0,0,1.85,real_measured,0.0029,estimated,2026-09-26T01:32:18.056355+00:00
KXLOWTTTN,KXLOWTTTN-26SEP25-T53,Trenton Daily low temp ,KTTN,2026-09-25,greater,53.0,,0.9,1.0,0.0,0.1,min,,-1,,,,target_date_passed,2026-09-26T01:32:18.056355+00:00
KXLOWTTTN,KXLOWTTTN-26SEP25-T46,Trenton Daily low temp ,KTTN,2026-09-25,less,,46.0,0.0,0.1,0.9,1.0,min,,-1,,,,target_date_passed,2026-09-26T01:32:18.056355+00:00
KXLOWTTTN,KXLOWTTTN-26SEP25-B52.5,Trenton Daily low temp ,KTTN,2026-09-25,between,52.0,53.0,0.0,0.1,0.9,1.0,min,,-1,,,,target_date_passed,2026-09-26T01:32:18.056355+00:00
KXLOWTTTN,KXLOWTTTN-26SEP25-B50.5,Trenton Daily low temp ,KTTN,2026-09-25,between,50.0,51.0,0.0,0.1,0.9,1.0,min,,-1,,,,target_date_passed,2026-09-26T01:32:18.056355+00:00
KXLOWTTTN,KXLOWTTTN-26SEP25-B48.5,Trenton Daily low temp ,KTTN,2026-09-25,between,48.0,49.0,0.0,0.06,0.94,1.0,min,,-1,,,,target_date_passed,2026-09-26T01:32:18.056355+00:00
KXLOWTTTN,KXLOWTTTN-26SEP25-B46.5,Trenton Daily low temp ,KTTN,2026-09-25,between,46.0,47.0,0.0,0.02,0.98,1.0,min,,-1,,,,target_date_passed,2026-09-26T01:32:18.056355+00:00
KXLOWTLV,KXLOWTLV-26SEP26-T72,Las Vegas Daily Low Temperature,KLAS,2026-09-26,greater,72.0,,0.89,0.93,0.07,0.11,min,72.0,0,1.85,real_measured,0.5,estimated,2026-09-26T01:32:18.056355+00:00
KXLOWTLV,KXLOWTLV-26SEP26-T65,Las Vegas Daily Low Temperature,KLAS,2026-09-26,less,,65.0,0.0,0.01,0.99,1.0,min,72.0,0,1.85,real_measured,0.0001,estimated,2026-09-26T01:32:18.056355+00:00
KXLOWTLV,KXLOWTLV-26SEP26-B71.5,Las Vegas Daily Low Temperature,KLAS,2026-09-26,between,71.0,72.0,0.02,0.08,0.92,0.98,min,72.0,0,1.85,real_measured,0.2054,estimated,2026-09-26T01:32:18.056355+00:00
KXLOWTLV,KXLOWTLV-26SEP26-B69.5,Las Vegas Daily Low Temperature,KLAS,2026-09-26,between,69.0,70.0,0.02,0.04,0.96,0.98,min,72.0,0,1.85,real_measured,0.0874,estimated,2026-09-26T01:32:18.056355+00:00
KXLOWTLV,KXLOWTLV-26SEP26-B67.5,Las Vegas Daily Low Temperature,KLAS,2026-09-26,between,67.0,68.0,0.01,0.05,0.95,0.99,min,72.0,0,1.85,real_measured,0.0119,estimated,2026-09-26T01:32:18.056355+00:00
KXLOWTLV,KXLOWTLV-26SEP26-B65.5,Las Vegas Daily Low Temperature,KLAS,2026-09-26,between,65.0,66.0,0.0,0.02,0.98,1.0,min,72.0,0,1.85,real_measured,0.0005,estimated,2026-09-26T01:32:18.056355+00:00
KXLOWTLV,KXLOWTLV-26SEP25-T73,Las Vegas Daily Low Temperature,KLAS,2026-09-25,greater,73.0,,0.0,0.01,0.99,1.0,min,,-1,,,,target_date_passed,2026-09-26T01:32:18.056355+00:00
KXLOWTLV,KXLOWTLV-26SEP25-T66,Las Vegas Daily Low Temperature,KLAS,2026-09-25,less,,66.0,0.0,0.01,0.99,1.0,min,,-1,,,,target_date_passed,2026-09-26T01:32:18.056355+00:00
KXLOWTLV,KXLOWTLV-26SEP25-B72.5,Las Vegas Daily Low Temperature,KLAS,2026-09-25,between,72.0,73.0,0.99,1.0,0.0,0.01,min,,-1,,,,target_date_passed,2026-09-26T01:32:18.056355+00:00
KXLOWTLV,KXLOWTLV-26SEP25-B70.5,Las Vegas Daily Low Temperature,KLAS,2026-09-25,between,70.0,71.0,0.0,0.01,0.99,1.0,min,,-1,,,,target_date_passed,2026-09-26T01:32:18.056355+00:00
KXLOWTLV,KXLOWTLV-26SEP25-B68.5,Las Vegas Daily Low Temperature,KLAS,2026-09-25,between,68.0,69.0,0.0,0.01,0.99,1.0,min,,-1,,,,target_date_passed,2026-09-26T01:32:18.056355+00:00
KXLOWTLV,KXLOWTLV-26SEP25-B66.5,Las Vegas Daily Low Temperature,KLAS,2026-09-25,between,66.0,67.0,0.0,0.01,0.99,1.0,min,,-1,,,,target_date_passed,2026-09-26T01:32:18.056355+00:00
KXHIGHTDC,KXHIGHTDC-26SEP26-T74,Washington DC Daily Max Temp,KDCA,2026-09-26,greater,74.0,,0.18,0.21,0.79,0.82,max,69.0,0,1.85,real_measured,0.0035,estimated,2026-09-26T01:32:18.056355+00:00
KXHIGHTDC,KXHIGHTDC-26SEP26-T67,Washington DC Daily Max Temp,KDCA,2026-09-26,less,,67.0,0.21,0.25,0.75,0.79,max,69.0,0,1.85,real_measured,0.14,estimated,2026-09-26T01:32:18.056355+00:00
KXHIGHTDC,KXHIGHTDC-26SEP26-B73.5,Washington DC Daily Max Temp,KDCA,2026-09-26,between,73.0,74.0,0.08,0.09,0.91,0.92,max,69.0,0,1.85,real_measured,0.0119,estimated,2026-09-26T01:32:18.056355+00:00
KXHIGHTDC,KXHIGHTDC-26SEP26-B71.5,Washington DC Daily Max Temp,KDCA,2026-09-26,between,71.0,72.0,0.16,0.17,0.83,0.84,max,69.0,0,1.85,real_measured,0.0874,estimated,2026-09-26T01:32:18.056355+00:00
KXHIGHTDC,KXHIGHTDC-26SEP26-B69.5,Washington DC Daily Max Temp,KDCA,2026-09-26,between,69.0,70.0,0.17,0.2,0.8,0.83,max,69.0,0,1.85,real_measured,0.2054,estimated,2026-09-26T01:32:18.056355+00:00
KXHIGHTDC,KXHIGHTDC-26SEP26-B67.5,Washington DC Daily Max Temp,KDCA,2026-09-26,between,67.0,68.0,0.11,0.12,0.88,0.89,max,69.0,0,1.85,real_measured,0.1545,estimated,2026-09-26T01:32:18.056355+00:00
KXHIGHTDC,KXHIGHTDC-26SEP25-T76,Washington DC Daily Max Temp,KDCA,2026-09-25,greater,76.0,,0.0,0.01,0.99,1.0,max,,-1,,,,target_date_passed,2026-09-26T01:32:18.056355+00:00
KXHIGHTDC,KXHIGHTDC-26SEP25-T69,Washington DC Daily Max Temp,KDCA,2026-09-25,less,,69.0,0.0,0.01,0.99,1.0,max,,-1,,,,target_date_passed,2026-09-26T01:32:18.056355+00:00
KXHIGHTDC,KXHIGHTDC-26SEP25-B75.5,Washington DC Daily Max Temp,KDCA,2026-09-25,between,75.0,76.0,0.99,1.0,0.0,0.01,max,,-1,,,,target_date_passed,2026-09-26T01:32:18.056355+00:00
KXHIGHTDC,KXHIGHTDC-26SEP25-B73.5,Washington DC Daily Max Temp,KDCA,2026-09-25,between,73.0,74.0,0.0,0.01,0.99,1.0,max,,-1,,,,target_date_passed,2026-09-26T01:32:18.056355+00:00
KXHIGHTDC,KXHIGHTDC-26SEP25-B71.5,Washington DC Daily Max Temp,KDCA,2026-09-25,between,71.0,72.0,0.0,0.01,0.99,1.0,max,,-1,,,,target_date_passed,2026-09-26T01:32:18.056355+00:00
KXHIGHTDC,KXHIGHTDC-26SEP25-B69.5,Washington DC Daily Max Temp,KDCA,2026-09-25,between,69.0,70.0,0.0,0.01,0.99,1.0,max,,-1,,,,target_date_passed,2026-09-26T01:32:18.056355+00:00
KXHIGHTSEA,KXHIGHTSEA-26SEP26-T66,Seattle Maximum Temperature Daily,KSEA,2026-09-26,greater,66.0,,0.01,0.02,0.98,0.99,max,62.0,0,1.85,real_measured,0.0154,estimated,2026-09-26T01:32:18.056355+00:00
KXHIGHTSEA,KXHIGHTSEA-26SEP26-T59,Seattle Maximum Temperature Daily,KSEA,2026-09-26,less,,59.0,0.0,0.02,0.98,1.0,max,62.0,0,1.85,real_measured,0.0526,estimated,2026-09-26T01:32:18.056355+00:00
KXHIGHTSEA,KXHIGHTSEA-26SEP26-B65.5,Seattle Maximum Temperature Daily,KSEA,2026-09-26,between,65.0,66.0,0.1,0.11,0.89,0.9,max,62.0,0,1.85,real_measured,0.0372,estimated,2026-09-26T01:32:18.056355+00:00
KXHIGHTSEA,KXHIGHTSEA-26SEP26-B63.5,Seattle Maximum Temperature Daily,KSEA,2026-09-26,between,63.0,64.0,0.59,0.63,0.37,0.41,max,62.0,0,1.85,real_measured,0.1545,estimated,2026-09-26T01:32:18.056355+00:00
KXHIGHTSEA,KXHIGHTSEA-26SEP26-B61.5,Seattle Maximum Temperature Daily,KSEA,2026-09-26,between,61.0,62.0,0.25,0.26,0.74,0.75,max,62.0,0,1.85,real_measured,0.2054,estimated,2026-09-26T01:32:18.056355+00:00
KXHIGHTSEA,KXHIGHTSEA-26SEP26-B59.5,Seattle Maximum Temperature Daily,KSEA,2026-09-26,between,59.0,60.0,0.04,0.05,0.95,0.96,max,62.0,0,1.85,real_measured,0.0874,estimated,2026-09-26T01:32:18.056355+00:00
KXHIGHTSEA,KXHIGHTSEA-26SEP25-T64,Seattle Maximum Temperature Daily,KSEA,2026-09-25,greater,64.0,,0.0,0.01,0.99,1.0,max,,-1,,,,target_date_passed,2026-09-26T01:32:18.056355+00:00
KXHIGHTSEA,KXHIGHTSEA-26SEP25-T57,Seattle Maximum Temperature Daily,KSEA,2026-09-25,less,,57.0,0.0,0.01,0.99,1.0,max,,-1,,,,target_date_passed,2026-09-26T01:32:18.056355+00:00
KXHIGHTSEA,KXHIGHTSEA-26SEP25-B63.5,Seattle Maximum Temperature Daily,KSEA,2026-09-25,between,63.0,64.0,0.0,0.01,0.99,1.0,max,,-1,,,,target_date_passed,2026-09-26T01:32:18.056355+00:00
KXHIGHTSEA,KXHIGHTSEA-26SEP25-B61.5,Seattle Maximum Temperature Daily,KSEA,2026-09-25,between,61.0,62.0,0.99,1.0,0.0,0.01,max,,-1,,,,target_date_passed,2026-09-26T01:32:18.056355+00:00
KXHIGHTSEA,KXHIGHTSEA-26SEP25-B59.5,Seattle Maximum Temperature Daily,KSEA,2026-09-25,between,59.0,60.0,0.0,0.01,0.99,1.0,max,,-1,,,,target_date_passed,2026-09-26T01:32:18.056355+00:00
KXHIGHTSEA,KXHIGHTSEA-26SEP25-B57.5,Seattle Maximum Temperature Daily,KSEA,2026-09-25,between,57.0,58.0,0.0,0.01,0.99,1.0,max,,-1,,,,target_date_passed,2026-09-26T01:32:18.056355+00:00
KXHIGHTOKC,KXHIGHTOKC-26SEP26-T95,Oklahoma City Maximum High Temperature,KOKC,2026-09-26,greater,95.0,,0.02,0.04,0.96,0.98,max,90.0,0,1.85,real_measured,0.0035,estimated,2026-09-26T01:32:18.056355+00:00
KXHIGHTOKC,KXHIGHTOKC-26SEP26-T88,Oklahoma City Maximum High Temperature,KOKC,2026-09-26,less,,88.0,0.16,0.22,0.78,0.84,max,90.0,0,1.85,real_measured,0.14,estimated,2026-09-26T01:32:18.056355+00:00
KXHIGHTOKC,KXHIGHTOKC-26SEP26-B94.5,Oklahoma City Maximum High Temperature,KOKC,2026-09-26,between,94.0,95.0,0.13,0.14,0.86,0.87,max,90.0,0,1.85,real_measured,0.0119,estimated,2026-09-26T01:32:18.056355+00:00
KXHIGHTOKC,KXHIGHTOKC-26SEP26-B92.5,Oklahoma City Maximum High Temperature,KOKC,2026-09-26,between,92.0,93.0,0.21,0.24,0.76,0.79,max,90.0,0,1.85,real_measured,0.0874,estimated,2026-09-26T01:32:18.056355+00:00
KXHIGHTOKC,KXHIGHTOKC-26SEP26-B90.5,Oklahoma City Maximum High Temperature,KOKC,2026-09-26,between,90.0,91.0,0.26,0.31,0.69,0.74,max,90.0,0,1.85,real_measured,0.2054,estimated,2026-09-26T01:32:18.056355+00:00
KXHIGHTOKC,KXHIGHTOKC-26SEP26-B88.5,Oklahoma City Maximum High Temperature,KOKC,2026-09-26,between,88.0,89.0,0.13,0.14,0.86,0.87,max,90.0,0,1.85,real_measured,0.1545,estimated,2026-09-26T01:32:18.056355+00:00
KXHIGHTOKC,KXHIGHTOKC-26SEP25-T94,Oklahoma City Maximum High Temperature,KOKC,2026-09-25,greater,94.0,,0.0,0.01,0.99,1.0,max,,-1,,,,target_date_passed,2026-09-26T01:32:18.056355+00:00
KXHIGHTOKC,KXHIGHTOKC-26SEP25-T87,Oklahoma City Maximum High Temperature,KOKC,2026-09-25,less,,87.0,0.0,0.01,0.99,1.0,max,,-1,,,,target_date_passed,2026-09-26T01:32:18.056355+00:00
KXHIGHTOKC,KXHIGHTOKC-26SEP25-B93.5,Oklahoma City Maximum High Temperature,KOKC,2026-09-25,between,93.0,94.0,0.0,0.01,0.99,1.0,max,,-1,,,,target_date_passed,2026-09-26T01:32:18.056355+00:00
KXHIGHTOKC,KXHIGHTOKC-26SEP25-B91.5,Oklahoma City Maximum High Temperature,KOKC,2026-09-25,between,91.0,92.0,0.99,1.0,0.0,0.01,max,,-1,,,,target_date_passed,2026-09-26T01:32:18.056355+00:00
KXHIGHTOKC,KXHIGHTOKC-26SEP25-B89.5,Oklahoma City Maximum High Temperature,KOKC,2026-09-25,between,89.0,90.0,0.0,0.01,0.99,1.0,max,,-1,,,,target_date_passed,2026-09-26T01:32:18.056355+00:00
KXHIGHTOKC,KXHIGHTOKC-26SEP25-B87.5,Oklahoma City Maximum High Temperature,KOKC,2026-09-25,between,87.0,88.0,0.0,0.01,0.99,1.0,max,,-1,,,,target_date_passed,2026-09-26T01:32:18.056355+00:00
KXLOWTMIN,KXLOWTMIN-26SEP26-T58,Low  temperature Minnesota,KMSP,2026-09-26,greater,58.0,,0.24,0.42,0.58,0.76,min,59.0,0,1.85,real_measured,0.7054,estimated,2026-09-26T01:32:18.056355+00:00
KXLOWTMIN,KXLOWTMIN-26SEP26-T51,Low  temperature Minnesota,KMSP,2026-09-26,less,,51.0,0.01,0.02,0.98,0.99,min,59.0,0,1.85,real_measured,0.0,estimated,2026-09-26T01:32:18.056355+00:00
KXLOWTMIN,KXLOWTMIN-26SEP26-B57.5,Low  temperature Minnesota,KMSP,2026-09-26,between,57.0,58.0,0.31,0.5,0.5,0.69,min,59.0,0,1.85,real_measured,0.1545,estimated,2026-09-26T01:32:18.056355+00:00
KXLOWTMIN,KXLOWTMIN-26SEP26-B55.5,Low  temperature Minnesota,KMSP,2026-09-26,between,55.0,56.0,0.11,0.22,0.78,0.89,min,59.0,0,1.85,real_measured,0.0372,estimated,2026-09-26T01:32:18.056355+00:00
KXLOWTMIN,KXLOWTMIN-26SEP26-B53.5,Low  temperature Minnesota,KMSP,2026-09-26,between,53.0,54.0,0.02,0.03,0.97,0.98,min,59.0,0,1.85,real_measured,0.0029,estimated,2026-09-26T01:32:18.056355+00:00
KXLOWTMIN,KXLOWTMIN-26SEP26-B51.5,Low  temperature Minnesota,KMSP,2026-09-26,between,51.0,52.0,0.01,0.06,0.94,0.99,min,59.0,0,1.85,real_measured,0.0001,estimated,2026-09-26T01:32:18.056355+00:00
KXLOWTMIN,KXLOWTMIN-26SEP25-T59,Low  temperature Minnesota,KMSP,2026-09-25,greater,59.0,,0.0,0.01,0.99,1.0,min,,-1,,,,target_date_passed,2026-09-26T01:32:18.056355+00:00
KXLOWTMIN,KXLOWTMIN-26SEP25-T52,Low  temperature Minnesota,KMSP,2026-09-25,less,,52.0,0.0,0.01,0.99,1.0,min,,-1,,,,target_date_passed,2026-09-26T01:32:18.056355+00:00
KXLOWTMIN,KXLOWTMIN-26SEP25-B58.5,Low  temperature Minnesota,KMSP,2026-09-25,between,58.0,59.0,0.98,1.0,0.0,0.02,min,,-1,,,,target_date_passed,2026-09-26T01:32:18.056355+00:00
KXLOWTMIN,KXLOWTMIN-26SEP25-B56.5,Low  temperature Minnesota,KMSP,2026-09-25,between,56.0,57.0,0.0,0.02,0.98,1.0,min,,-1,,,,target_date_passed,2026-09-26T01:32:18.056355+00:00
KXLOWTMIN,KXLOWTMIN-26SEP25-B54.5,Low  temperature Minnesota,KMSP,2026-09-25,between,54.0,55.0,0.0,0.01,0.99,1.0,min,,-1,,,,target_date_passed,2026-09-26T01:32:18.056355+00:00
KXLOWTMIN,KXLOWTMIN-26SEP25-B52.5,Low  temperature Minnesota,KMSP,2026-09-25,between,52.0,53.0,0.0,0.01,0.99,1.0,min,,-1,,,,target_date_passed,2026-09-26T01:32:18.056355+00:00
KXHIGHTBOS,KXHIGHTBOS-26SEP26-T64,Boston Maximum Daily Temperature,KBOS,2026-09-26,greater,64.0,,0.01,0.02,0.98,0.99,max,60.0,0,1.85,real_measured,0.0154,estimated,2026-09-26T01:32:18.056355+00:00
KXHIGHTBOS,KXHIGHTBOS-26SEP26-T57,Boston Maximum Daily Temperature,KBOS,2026-09-26,less,,57.0,0.01,0.02,0.98,0.99,max,60.0,0,1.85,real_measured,0.0526,estimated,2026-09-26T01:32:18.056355+00:00
KXHIGHTBOS,KXHIGHTBOS-26SEP26-B63.5,Boston Maximum Daily Temperature,KBOS,2026-09-26,between,63.0,64.0,0.1,0.11,0.89,0.9,max,60.0,0,1.85,real_measured,0.0372,estimated,2026-09-26T01:32:18.056355+00:00
KXHIGHTBOS,KXHIGHTBOS-26SEP26-B61.5,Boston Maximum Daily Temperature,KBOS,2026-09-26,between,61.0,62.0,0.42,0.43,0.57,0.58,max,60.0,0,1.85,real_measured,0.1545,estimated,2026-09-26T01:32:18.056355+00:00
KXHIGHTBOS,KXHIGHTBOS-26SEP26-B59.5,Boston Maximum Daily Temperature,KBOS,2026-09-26,between,59.0,60.0,0.4,0.41,0.59,0.6,max,60.0,0,1.85,real_measured,0.2054,estimated,2026-09-26T01:32:18.056355+00:00
KXHIGHTBOS,KXHIGHTBOS-26SEP26-B57.5,Boston Maximum Daily Temperature,KBOS,2026-09-26,between,57.0,58.0,0.03,0.04,0.96,0.97,max,60.0,0,1.85,real_measured,0.0874,estimated,2026-09-26T01:32:18.056355+00:00
KXHIGHTBOS,KXHIGHTBOS-26SEP25-T66,Boston Maximum Daily Temperature,KBOS,2026-09-25,greater,66.0,,0.0,0.01,0.99,1.0,max,,-1,,,,target_date_passed,2026-09-26T01:32:18.056355+00:00
KXHIGHTBOS,KXHIGHTBOS-26SEP25-T59,Boston Maximum Daily Temperature,KBOS,2026-09-25,less,,59.0,0.0,0.01,0.99,1.0,max,,-1,,,,target_date_passed,2026-09-26T01:32:18.056355+00:00
KXHIGHTBOS,KXHIGHTBOS-26SEP25-B65.5,Boston Maximum Daily Temperature,KBOS,2026-09-25,between,65.0,66.0,0.0,0.01,0.99,1.0,max,,-1,,,,target_date_passed,2026-09-26T01:32:18.056355+00:00
KXHIGHTBOS,KXHIGHTBOS-26SEP25-B63.5,Boston Maximum Daily Temperature,KBOS,2026-09-25,between,63.0,64.0,0.99,1.0,0.0,0.01,max,,-1,,,,target_date_passed,2026-09-26T01:32:18.056355+00:00
KXHIGHTBOS,KXHIGHTBOS-26SEP25-B61.5,Boston Maximum Daily Temperature,KBOS,2026-09-25,between,61.0,62.0,0.0,0.01,0.99,1.0,max,,-1,,,,target_date_passed,2026-09-26T01:32:18.056355+00:00
KXHIGHTBOS,KXHIGHTBOS-26SEP25-B59.5,Boston Maximum Daily Temperature,KBOS,2026-09-25,between,59.0,60.0,0.0,0.01,0.99,1.0,max,,-1,,,,target_date_passed,2026-09-26T01:32:18.056355+00:00
KXHIGHTNOLA,KXHIGHTNOLA-26SEP26-T91,New Orleans Max temp Daily,KMSY,2026-09-26,greater,91.0,,0.0,0.01,0.99,1.0,max,88.0,0,1.85,real_measured,0.0526,estimated,2026-09-26T01:32:18.056355+00:00
KXHIGHTNOLA,KXHIGHTNOLA-26SEP26-T84,New Orleans Max temp Daily,KMSY,2026-09-26,less,,84.0,0.0,0.01,0.99,1.0,max,88.0,0,1.85,real_measured,0.0154,estimated,2026-09-26T01:32:18.056355+00:00
KXHIGHTNOLA,KXHIGHTNOLA-26SEP26-B90.5,New Orleans Max temp Daily,KMSY,2026-09-26,between,90.0,91.0,0.03,0.04,0.96,0.97,max,88.0,0,1.85,real_measured,0.0874,estimated,2026-09-26T01:32:18.056355+00:00
KXHIGHTNOLA,KXHIGHTNOLA-26SEP26-B88.5,New Orleans Max temp Daily,KMSY,2026-09-26,between,88.0,89.0,0.26,0.3,0.7,0.74,max,88.0,0,1.85,real_measured,0.2054,estimated,2026-09-26T01:32:18.056355+00:00
KXHIGHTNOLA,KXHIGHTNOLA-26SEP26-B86.5,New Orleans Max temp Daily,KMSY,2026-09-26,between,86.0,87.0,0.52,0.53,0.47,0.48,max,88.0,0,1.85,real_measured,0.1545,estimated,2026-09-26T01:32:18.056355+00:00
KXHIGHTNOLA,KXHIGHTNOLA-26SEP26-B84.5,New Orleans Max temp Daily,KMSY,2026-09-26,between,84.0,85.0,0.14,0.15,0.85,0.86,max,88.0,0,1.85,real_measured,0.0372,estimated,2026-09-26T01:32:18.056355+00:00
KXHIGHTNOLA,KXHIGHTNOLA-26SEP25-T91,New Orleans Max temp Daily,KMSY,2026-09-25,greater,91.0,,0.0,0.01,0.99,1.0,max,,-1,,,,target_date_passed,2026-09-26T01:32:18.056355+00:00
KXHIGHTNOLA,KXHIGHTNOLA-26SEP25-T84,New Orleans Max temp Daily,KMSY,2026-09-25,less,,84.0,0.0,0.01,0.99,1.0,max,,-1,,,,target_date_passed,2026-09-26T01:32:18.056355+00:00
KXHIGHTNOLA,KXHIGHTNOLA-26SEP25-B90.5,New Orleans Max temp Daily,KMSY,2026-09-25,between,90.0,91.0,0.0,0.01,0.99,1.0,max,,-1,,,,target_date_passed,2026-09-26T01:32:18.056355+00:00
KXHIGHTNOLA,KXHIGHTNOLA-26SEP25-B88.5,New Orleans Max temp Daily,KMSY,2026-09-25,between,88.0,89.0,0.0,0.01,0.99,1.0,max,,-1,,,,target_date_passed,2026-09-26T01:32:18.056355+00:00
KXHIGHTNOLA,KXHIGHTNOLA-26SEP25-B86.5,New Orleans Max temp Daily,KMSY,2026-09-25,between,86.0,87.0,0.99,1.0,0.0,0.01,max,,-1,,,,target_date_passed,2026-09-26T01:32:18.056355+00:00
KXHIGHTNOLA,KXHIGHTNOLA-26SEP25-B84.5,New Orleans Max temp Daily,KMSY,2026-09-25,between,84.0,85.0,0.0,0.01,0.99,1.0,max,,-1,,,,target_date_passed,2026-09-26T01:32:18.056355+00:00
KXLOWTDAL,KXLOWTDAL-26SEP26-T73,Lowest temperature Dallas,KDFW,2026-09-26,greater,73.0,,0.04,0.17,0.83,0.96,min,73.0,0,1.85,real_measured,0.5,estimated,2026-09-26T01:32:18.056355+00:00
KXLOWTDAL,KXLOWTDAL-26SEP26-T66,Lowest temperature Dallas,KDFW,2026-09-26,less,,66.0,0.0,0.01,0.99,1.0,min,73.0,0,1.85,real_measured,0.0001,estimated,2026-09-26T01:32:18.056355+00:00
KXLOWTDAL,KXLOWTDAL-26SEP26-B72.5,Lowest temperature Dallas,KDFW,2026-09-26,between,72.0,73.0,0.48,0.54,0.46,0.52,min,73.0,0,1.85,real_measured,0.2054,estimated,2026-09-26T01:32:18.056355+00:00
KXLOWTDAL,KXLOWTDAL-26SEP26-B70.5,Lowest temperature Dallas,KDFW,2026-09-26,between,70.0,71.0,0.16,0.35,0.65,0.84,min,73.0,0,1.85,real_measured,0.0874,estimated,2026-09-26T01:32:18.056355+00:00
KXLOWTDAL,KXLOWTDAL-26SEP26-B68.5,Lowest temperature Dallas,KDFW,2026-09-26,between,68.0,69.0,0.02,0.05,0.95,0.98,min,73.0,0,1.85,real_measured,0.0119,estimated,2026-09-26T01:32:18.056355+00:00
KXLOWTDAL,KXLOWTDAL-26SEP26-B66.5,Lowest temperature Dallas,KDFW,2026-09-26,between,66.0,67.0,0.0,0.02,0.98,1.0,min,73.0,0,1.85,real_measured,0.0005,estimated,2026-09-26T01:32:18.056355+00:00
KXLOWTDAL,KXLOWTDAL-26SEP25-T72,Lowest temperature Dallas,KDFW,2026-09-25,greater,72.0,,0.0,0.01,0.99,1.0,min,,-1,,,,target_date_passed,2026-09-26T01:32:18.056355+00:00
KXLOWTDAL,KXLOWTDAL-26SEP25-T65,Lowest temperature Dallas,KDFW,2026-09-25,less,,65.0,0.0,0.01,0.99,1.0,min,,-1,,,,target_date_passed,2026-09-26T01:32:18.056355+00:00
KXLOWTDAL,KXLOWTDAL-26SEP25-B71.5,Lowest temperature Dallas,KDFW,2026-09-25,between,71.0,72.0,0.99,1.0,0.0,0.01,min,,-1,,,,target_date_passed,2026-09-26T01:32:18.056355+00:00
KXLOWTDAL,KXLOWTDAL-26SEP25-B69.5,Lowest temperature Dallas,KDFW,2026-09-25,between,69.0,70.0,0.0,0.02,0.98,1.0,min,,-1,,,,target_date_passed,2026-09-26T01:32:18.056355+00:00
KXLOWTDAL,KXLOWTDAL-26SEP25-B67.5,Lowest temperature Dallas,KDFW,2026-09-25,between,67.0,68.0,0.0,0.01,0.99,1.0,min,,-1,,,,target_date_passed,2026-09-26T01:32:18.056355+00:00
KXLOWTDAL,KXLOWTDAL-26SEP25-B65.5,Lowest temperature Dallas,KDFW,2026-09-25,between,65.0,66.0,0.0,0.01,0.99,1.0,min,,-1,,,,target_date_passed,2026-09-26T01:32:18.056355+00:00
KXHIGHTSATX,KXHIGHTSATX-26SEP26-T99,San Antonio Daily Maximum Temperature,KSAT,2026-09-26,greater,99.0,,0.0,0.01,0.99,1.0,max,94.0,0,1.85,real_measured,0.0035,estimated,2026-09-26T01:32:18.056355+00:00
KXHIGHTSATX,KXHIGHTSATX-26SEP26-T92,San Antonio Daily Maximum Temperature,KSAT,2026-09-26,less,,92.0,0.05,0.06,0.94,0.95,max,94.0,0,1.85,real_measured,0.14,estimated,2026-09-26T01:32:18.056355+00:00
KXHIGHTSATX,KXHIGHTSATX-26SEP26-B98.5,San Antonio Daily Maximum Temperature,KSAT,2026-09-26,between,98.0,99.0,0.01,0.02,0.98,0.99,max,94.0,0,1.85,real_measured,0.0119,estimated,2026-09-26T01:32:18.056355+00:00
KXHIGHTSATX,KXHIGHTSATX-26SEP26-B96.5,San Antonio Daily Maximum Temperature,KSAT,2026-09-26,between,96.0,97.0,0.13,0.14,0.86,0.87,max,94.0,0,1.85,real_measured,0.0874,estimated,2026-09-26T01:32:18.056355+00:00
KXHIGHTSATX,KXHIGHTSATX-26SEP26-B94.5,San Antonio Daily Maximum Temperature,KSAT,2026-09-26,between,94.0,95.0,0.56,0.59,0.41,0.44,max,94.0,0,1.85,real_measured,0.2054,estimated,2026-09-26T01:32:18.056355+00:00
KXHIGHTSATX,KXHIGHTSATX-26SEP26-B92.5,San Antonio Daily Maximum Temperature,KSAT,2026-09-26,between,92.0,93.0,0.21,0.24,0.76,0.79,max,94.0,0,1.85,real_measured,0.1545,estimated,2026-09-26T01:32:18.056355+00:00
KXHIGHTSATX,KXHIGHTSATX-26SEP25-T93,San Antonio Daily Maximum Temperature,KSAT,2026-09-25,less,,93.0,0.0,0.01,0.99,1.0,max,,-1,,,,target_date_passed,2026-09-26T01:32:18.056355+00:00
KXHIGHTSATX,KXHIGHTSATX-26SEP25-T100,San Antonio Daily Maximum Temperature,KSAT,2026-09-25,greater,100.0,,0.0,0.01,0.99,1.0,max,,-1,,,,target_date_passed,2026-09-26T01:32:18.056355+00:00
KXHIGHTSATX,KXHIGHTSATX-26SEP25-B99.5,San Antonio Daily Maximum Temperature,KSAT,2026-09-25,between,99.0,100.0,0.0,0.01,0.99,1.0,max,,-1,,,,target_date_passed,2026-09-26T01:32:18.056355+00:00
KXHIGHTSATX,KXHIGHTSATX-26SEP25-B97.5,San Antonio Daily Maximum Temperature,KSAT,2026-09-25,between,97.0,98.0,0.0,0.01,0.99,1.0,max,,-1,,,,target_date_passed,2026-09-26T01:32:18.056355+00:00
KXHIGHTSATX,KXHIGHTSATX-26SEP25-B95.5,San Antonio Daily Maximum Temperature,KSAT,2026-09-25,between,95.0,96.0,0.99,1.0,0.0,0.01,max,,-1,,,,target_date_passed,2026-09-26T01:32:18.056355+00:00
KXHIGHTSATX,KXHIGHTSATX-26SEP25-B93.5,San Antonio Daily Maximum Temperature,KSAT,2026-09-25,between,93.0,94.0,0.0,0.01,0.99,1.0,max,,-1,,,,target_date_passed,2026-09-26T01:32:18.056355+00:00
KXLOWTPHIL,KXLOWTPHIL-26SEP26-T59,Lowest temperature in Philadelphia,KPHL,2026-09-26,greater,59.0,,0.13,0.19,0.81,0.87,min,58.0,0,1.85,real_measured,0.2946,estimated,2026-09-26T01:32:18.056355+00:00
KXLOWTPHIL,KXLOWTPHIL-26SEP26-T52,Lowest temperature in Philadelphia,KPHL,2026-09-26,less,,52.0,0.0,0.01,0.99,1.0,min,58.0,0,1.85,real_measured,0.0006,estimated,2026-09-26T01:32:18.056355+00:00
KXLOWTPHIL,KXLOWTPHIL-26SEP26-B58.5,Lowest temperature in Philadelphia,KPHL,2026-09-26,between,58.0,59.0,0.42,0.59,0.41,0.58,min,58.0,0,1.85,real_measured,0.2054,estimated,2026-09-26T01:32:18.056355+00:00
KXLOWTPHIL,KXLOWTPHIL-26SEP26-B56.5,Lowest temperature in Philadelphia,KPHL,2026-09-26,between,56.0,57.0,0.22,0.32,0.68,0.78,min,58.0,0,1.85,real_measured,0.1545,estimated,2026-09-26T01:32:18.056355+00:00
KXLOWTPHIL,KXLOWTPHIL-26SEP26-B54.5,Lowest temperature in Philadelphia,KPHL,2026-09-26,between,54.0,55.0,0.01,0.05,0.95,0.99,min,58.0,0,1.85,real_measured,0.0372,estimated,2026-09-26T01:32:18.056355+00:00
KXLOWTPHIL,KXLOWTPHIL-26SEP26-B52.5,Lowest temperature in Philadelphia,KPHL,2026-09-26,between,52.0,53.0,0.0,0.01,0.99,1.0,min,58.0,0,1.85,real_measured,0.0029,estimated,2026-09-26T01:32:18.056355+00:00
KXLOWTPHIL,KXLOWTPHIL-26SEP25-T55,Lowest temperature in Philadelphia,KPHL,2026-09-25,greater,55.0,,0.99,1.0,0.0,0.01,min,,-1,,,,target_date_passed,2026-09-26T01:32:18.056355+00:00
KXLOWTPHIL,KXLOWTPHIL-26SEP25-T48,Lowest temperature in Philadelphia,KPHL,2026-09-25,less,,48.0,0.0,0.01,0.99,1.0,min,,-1,,,,target_date_passed,2026-09-26T01:32:18.056355+00:00
KXLOWTPHIL,KXLOWTPHIL-26SEP25-B54.5,Lowest temperature in Philadelphia,KPHL,2026-09-25,between,54.0,55.0,0.0,0.01,0.99,1.0,min,,-1,,,,target_date_passed,2026-09-26T01:32:18.056355+00:00
KXLOWTPHIL,KXLOWTPHIL-26SEP25-B52.5,Lowest temperature in Philadelphia,KPHL,2026-09-25,between,52.0,53.0,0.0,0.01,0.99,1.0,min,,-1,,,,target_date_passed,2026-09-26T01:32:18.056355+00:00
KXLOWTPHIL,KXLOWTPHIL-26SEP25-B50.5,Lowest temperature in Philadelphia,KPHL,2026-09-25,between,50.0,51.0,0.0,0.01,0.99,1.0,min,,-1,,,,target_date_passed,2026-09-26T01:32:18.056355+00:00
KXLOWTPHIL,KXLOWTPHIL-26SEP25-B48.5,Lowest temperature in Philadelphia,KPHL,2026-09-25,between,48.0,49.0,0.0,0.01,0.99,1.0,min,,-1,,,,target_date_passed,2026-09-26T01:32:18.056355+00:00
KXLOWTSDF,KXLOWTSDF-26SEP26-T55,Lowest Temperature SDX,KSDF,2026-09-26,greater,55.0,,0.33,0.52,0.48,0.67,min,56.0,0,1.85,real_measured,0.7054,estimated,2026-09-26T01:32:18.056355+00:00
KXLOWTSDF,KXLOWTSDF-26SEP26-T48,Lowest Temperature SDX,KSDF,2026-09-26,less,,48.0,0.0,0.08,0.92,1.0,min,56.0,0,1.85,real_measured,0.0,estimated,2026-09-26T01:32:18.056355+00:00
KXLOWTSDF,KXLOWTSDF-26SEP26-B54.5,Lowest Temperature SDX,KSDF,2026-09-26,between,54.0,55.0,0.41,0.59,0.41,0.59,min,56.0,0,1.85,real_measured,0.1545,estimated,2026-09-26T01:32:18.056355+00:00
KXLOWTSDF,KXLOWTSDF-26SEP26-B52.5,Lowest Temperature SDX,KSDF,2026-09-26,between,52.0,53.0,0.03,0.13,0.87,0.97,min,56.0,0,1.85,real_measured,0.0372,estimated,2026-09-26T01:32:18.056355+00:00
KXLOWTSDF,KXLOWTSDF-26SEP26-B50.5,Lowest Temperature SDX,KSDF,2026-09-26,between,50.0,51.0,0.02,0.1,0.9,0.98,min,56.0,0,1.85,real_measured,0.0029,estimated,2026-09-26T01:32:18.056355+00:00
KXLOWTSDF,KXLOWTSDF-26SEP26-B48.5,Lowest Temperature SDX,KSDF,2026-09-26,between,48.0,49.0,0.01,0.09,0.91,0.99,min,56.0,0,1.85,real_measured,0.0001,estimated,2026-09-26T01:32:18.056355+00:00
KXLOWTSDF,KXLOWTSDF-26SEP25-T53,Lowest Temperature SDX,KSDF,2026-09-25,greater,53.0,,0.99,1.0,0.0,0.01,min,,-1,,,,target_date_passed,2026-09-26T01:32:18.056355+00:00
KXLOWTSDF,KXLOWTSDF-26SEP25-T46,Lowest Temperature SDX,KSDF,2026-09-25,less,,46.0,0.0,0.02,0.98,1.0,min,,-1,,,,target_date_passed,2026-09-26T01:32:18.056355+00:00
KXLOWTSDF,KXLOWTSDF-26SEP25-B52.5,Lowest Temperature SDX,KSDF,2026-09-25,between,52.0,53.0,0.0,0.02,0.98,1.0,min,,-1,,,,target_date_passed,2026-09-26T01:32:18.056355+00:00
KXLOWTSDF,KXLOWTSDF-26SEP25-B50.5,Lowest Temperature SDX,KSDF,2026-09-25,between,50.0,51.0,0.0,0.02,0.98,1.0,min,,-1,,,,target_date_passed,2026-09-26T01:32:18.056355+00:00
KXLOWTSDF,KXLOWTSDF-26SEP25-B48.5,Lowest Temperature SDX,KSDF,2026-09-25,between,48.0,49.0,0.0,0.01,0.99,1.0,min,,-1,,,,target_date_passed,2026-09-26T01:32:18.056355+00:00
KXLOWTSDF,KXLOWTSDF-26SEP25-B46.5,Lowest Temperature SDX,KSDF,2026-09-25,between,46.0,47.0,0.0,0.02,0.98,1.0,min,,-1,,,,target_date_passed,2026-09-26T01:32:18.056355+00:00
KXHIGHAUS,KXHIGHAUS-26SEP26-T94,Highest temperature in Austin,KAUS,2026-09-26,less,,94.0,0.08,0.09,0.91,0.92,max,97.0,0,1.85,real_measured,0.0526,estimated,2026-09-26T01:32:18.056355+00:00
KXHIGHAUS,KXHIGHAUS-26SEP26-T101,Highest temperature in Austin,KAUS,2026-09-26,greater,101.0,,0.0,0.01,0.99,1.0,max,97.0,0,1.85,real_measured,0.0154,estimated,2026-09-26T01:32:18.056355+00:00
KXHIGHAUS,KXHIGHAUS-26SEP26-B98.5,Highest temperature in Austin,KAUS,2026-09-26,between,98.0,99.0,0.06,0.07,0.93,0.94,max,97.0,0,1.85,real_measured,0.1545,estimated,2026-09-26T01:32:18.056355+00:00
KXHIGHAUS,KXHIGHAUS-26SEP26-B96.5,Highest temperature in Austin,KAUS,2026-09-26,between,96.0,97.0,0.45,0.46,0.54,0.55,max,97.0,0,1.85,real_measured,0.2054,estimated,2026-09-26T01:32:18.056355+00:00
KXHIGHAUS,KXHIGHAUS-26SEP26-B94.5,Highest temperature in Austin,KAUS,2026-09-26,between,94.0,95.0,0.37,0.38,0.62,0.63,max,97.0,0,1.85,real_measured,0.0874,estimated,2026-09-26T01:32:18.056355+00:00
KXHIGHAUS,KXHIGHAUS-26SEP26-B100.5,Highest temperature in Austin,KAUS,2026-09-26,between,100.0,101.0,0.01,0.02,0.98,0.99,max,97.0,0,1.85,real_measured,0.0372,estimated,2026-09-26T01:32:18.056355+00:00
KXHIGHAUS,KXHIGHAUS-26SEP25-T95,Highest temperature in Austin,KAUS,2026-09-25,less,,95.0,0.0,0.01,0.99,1.0,max,,-1,,,,target_date_passed,2026-09-26T01:32:18.056355+00:00
KXHIGHAUS,KXHIGHAUS-26SEP25-T102,Highest temperature in Austin,KAUS,2026-09-25,greater,102.0,,0.0,0.01,0.99,1.0,max,,-1,,,,target_date_passed,2026-09-26T01:32:18.056355+00:00
KXHIGHAUS,KXHIGHAUS-26SEP25-B99.5,Highest temperature in Austin,KAUS,2026-09-25,between,99.0,100.0,0.0,0.01,0.99,1.0,max,,-1,,,,target_date_passed,2026-09-26T01:32:18.056355+00:00
KXHIGHAUS,KXHIGHAUS-26SEP25-B97.5,Highest temperature in Austin,KAUS,2026-09-25,between,97.0,98.0,0.99,1.0,0.0,0.01,max,,-1,,,,target_date_passed,2026-09-26T01:32:18.056355+00:00
KXHIGHAUS,KXHIGHAUS-26SEP25-B95.5,Highest temperature in Austin,KAUS,2026-09-25,between,95.0,96.0,0.0,0.01,0.99,1.0,max,,-1,,,,target_date_passed,2026-09-26T01:32:18.056355+00:00
KXHIGHAUS,KXHIGHAUS-26SEP25-B101.5,Highest temperature in Austin,KAUS,2026-09-25,between,101.0,102.0,0.0,0.01,0.99,1.0,max,,-1,,,,target_date_passed,2026-09-26T01:32:18.056355+00:00
KXLOWTAUS,KXLOWTAUS-26SEP26-T73,Lowest temperature in Austin,KAUS,2026-09-26,greater,73.0,,0.01,0.05,0.95,0.99,min,72.0,0,1.85,real_measured,0.2946,estimated,2026-09-26T01:32:18.056355+00:00
KXLOWTAUS,KXLOWTAUS-26SEP26-T66,Lowest temperature in Austin,KAUS,2026-09-26,less,,66.0,0.0,0.02,0.98,1.0,min,72.0,0,1.85,real_measured,0.0006,estimated,2026-09-26T01:32:18.056355+00:00
KXLOWTAUS,KXLOWTAUS-26SEP26-B72.5,Lowest temperature in Austin,KAUS,2026-09-26,between,72.0,73.0,0.08,0.28,0.72,0.92,min,72.0,0,1.85,real_measured,0.2054,estimated,2026-09-26T01:32:18.056355+00:00
KXLOWTAUS,KXLOWTAUS-26SEP26-B70.5,Lowest temperature in Austin,KAUS,2026-09-26,between,70.0,71.0,0.45,0.46,0.54,0.55,min,72.0,0,1.85,real_measured,0.1545,estimated,2026-09-26T01:32:18.056355+00:00
KXLOWTAUS,KXLOWTAUS-26SEP26-B68.5,Lowest temperature in Austin,KAUS,2026-09-26,between,68.0,69.0,0.28,0.43,0.57,0.72,min,72.0,0,1.85,real_measured,0.0372,estimated,2026-09-26T01:32:18.056355+00:00
KXLOWTAUS,KXLOWTAUS-26SEP26-B66.5,Lowest temperature in Austin,KAUS,2026-09-26,between,66.0,67.0,0.0,0.04,0.96,1.0,min,72.0,0,1.85,real_measured,0.0029,estimated,2026-09-26T01:32:18.056355+00:00
KXLOWTAUS,KXLOWTAUS-26SEP25-T76,Lowest temperature in Austin,KAUS,2026-09-25,greater,76.0,,0.0,0.01,0.99,1.0,min,,-1,,,,target_date_passed,2026-09-26T01:32:18.056355+00:00
KXLOWTAUS,KXLOWTAUS-26SEP25-T69,Lowest temperature in Austin,KAUS,2026-09-25,less,,69.0,0.0,0.01,0.99,1.0,min,,-1,,,,target_date_passed,2026-09-26T01:32:18.056355+00:00
KXLOWTAUS,KXLOWTAUS-26SEP25-B75.5,Lowest temperature in Austin,KAUS,2026-09-25,between,75.0,76.0,0.0,0.01,0.99,1.0,min,,-1,,,,target_date_passed,2026-09-26T01:32:18.056355+00:00
KXLOWTAUS,KXLOWTAUS-26SEP25-B73.5,Lowest temperature in Austin,KAUS,2026-09-25,between,73.0,74.0,0.0,0.01,0.99,1.0,min,,-1,,,,target_date_passed,2026-09-26T01:32:18.056355+00:00
KXLOWTAUS,KXLOWTAUS-26SEP25-B71.5,Lowest temperature in Austin,KAUS,2026-09-25,between,71.0,72.0,0.99,1.0,0.0,0.01,min,,-1,,,,target_date_passed,2026-09-26T01:32:18.056355+00:00
KXLOWTAUS,KXLOWTAUS-26SEP25-B69.5,Lowest temperature in Austin,KAUS,2026-09-25,between,69.0,70.0,0.0,0.01,0.99,1.0,min,,-1,,,,target_date_passed,2026-09-26T01:32:18.056355+00:00
KXLOWTSATX,KXLOWTSATX-26SEP26-T75,Lowest Temperature SATX,KSAT,2026-09-26,greater,75.0,,0.38,0.5,0.5,0.62,min,75.0,0,1.85,real_measured,0.5,estimated,2026-09-26T01:32:18.056355+00:00
KXLOWTSATX,KXLOWTSATX-26SEP26-T68,Lowest Temperature SATX,KSAT,2026-09-26,less,,68.0,0.0,0.01,0.99,1.0,min,75.0,0,1.85,real_measured,0.0001,estimated,2026-09-26T01:32:18.056355+00:00
KXLOWTSATX,KXLOWTSATX-26SEP26-B74.5,Lowest Temperature SATX,KSAT,2026-09-26,between,74.0,75.0,0.32,0.52,0.48,0.68,min,75.0,0,1.85,real_measured,0.2054,estimated,2026-09-26T01:32:18.056355+00:00
KXLOWTSATX,KXLOWTSATX-26SEP26-B72.5,Lowest Temperature SATX,KSAT,2026-09-26,between,72.0,73.0,0.04,0.06,0.94,0.96,min,75.0,0,1.85,real_measured,0.0874,estimated,2026-09-26T01:32:18.056355+00:00
KXLOWTSATX,KXLOWTSATX-26SEP26-B70.5,Lowest Temperature SATX,KSAT,2026-09-26,between,70.0,71.0,0.0,0.04,0.96,1.0,min,75.0,0,1.85,real_measured,0.0119,estimated,2026-09-26T01:32:18.056355+00:00
KXLOWTSATX,KXLOWTSATX-26SEP26-B68.5,Lowest Temperature SATX,KSAT,2026-09-26,between,68.0,69.0,0.0,0.04,0.96,1.0,min,75.0,0,1.85,real_measured,0.0005,estimated,2026-09-26T01:32:18.056355+00:00
KXLOWTSATX,KXLOWTSATX-26SEP25-T77,Lowest Temperature SATX,KSAT,2026-09-25,greater,77.0,,0.0,0.01,0.99,1.0,min,,-1,,,,target_date_passed,2026-09-26T01:32:18.056355+00:00
KXLOWTSATX,KXLOWTSATX-26SEP25-T70,Lowest Temperature SATX,KSAT,2026-09-25,less,,70.0,0.0,0.01,0.99,1.0,min,,-1,,,,target_date_passed,2026-09-26T01:32:18.056355+00:00
KXLOWTSATX,KXLOWTSATX-26SEP25-B76.5,Lowest Temperature SATX,KSAT,2026-09-25,between,76.0,77.0,0.0,0.01,0.99,1.0,min,,-1,,,,target_date_passed,2026-09-26T01:32:18.056355+00:00
KXLOWTSATX,KXLOWTSATX-26SEP25-B74.5,Lowest Temperature SATX,KSAT,2026-09-25,between,74.0,75.0,0.98,1.0,0.0,0.02,min,,-1,,,,target_date_passed,2026-09-26T01:32:18.056355+00:00
KXLOWTSATX,KXLOWTSATX-26SEP25-B72.5,Lowest Temperature SATX,KSAT,2026-09-25,between,72.0,73.0,0.0,0.01,0.99,1.0,min,,-1,,,,target_date_passed,2026-09-26T01:32:18.056355+00:00
KXLOWTSATX,KXLOWTSATX-26SEP25-B70.5,Lowest Temperature SATX,KSAT,2026-09-25,between,70.0,71.0,0.0,0.01,0.99,1.0,min,,-1,,,,target_date_passed,2026-09-26T01:32:18.056355+00:00
KXHIGHMIA,KXHIGHMIA-26SEP26-T90,Highest temperature in Miami,KMIA,2026-09-26,greater,90.0,,0.27,0.28,0.72,0.73,max,88.0,0,1.85,real_measured,0.14,estimated,2026-09-26T01:32:18.056355+00:00
KXHIGHMIA,KXHIGHMIA-26SEP26-T83,Highest temperature in Miami,KMIA,2026-09-26,less,,83.0,0.0,0.01,0.99,1.0,max,88.0,0,1.85,real_measured,0.0035,estimated,2026-09-26T01:32:18.056355+00:00
KXHIGHMIA,KXHIGHMIA-26SEP26-B89.5,Highest temperature in Miami,KMIA,2026-09-26,between,89.0,90.0,0.5,0.51,0.49,0.5,max,88.0,0,1.85,real_measured,0.1545,estimated,2026-09-26T01:32:18.056355+00:00
KXHIGHMIA,KXHIGHMIA-26SEP26-B87.5,Highest temperature in Miami,KMIA,2026-09-26,between,87.0,88.0,0.2,0.21,0.79,0.8,max,88.0,0,1.85,real_measured,0.2054,estimated,2026-09-26T01:32:18.056355+00:00
KXHIGHMIA,KXHIGHMIA-26SEP26-B85.5,Highest temperature in Miami,KMIA,2026-09-26,between,85.0,86.0,0.05,0.06,0.94,0.95,max,88.0,0,1.85,real_measured,0.0874,estimated,2026-09-26T01:32:18.056355+00:00
KXHIGHMIA,KXHIGHMIA-26SEP26-B83.5,Highest temperature in Miami,KMIA,2026-09-26,between,83.0,84.0,0.01,0.02,0.98,0.99,max,88.0,0,1.85,real_measured,0.0119,estimated,2026-09-26T01:32:18.056355+00:00
KXHIGHMIA,KXHIGHMIA-26SEP25-T92,Highest temperature in Miami,KMIA,2026-09-25,greater,92.0,,0.0,0.01,0.99,1.0,max,,-1,,,,target_date_passed,2026-09-26T01:32:18.056355+00:00
KXHIGHMIA,KXHIGHMIA-26SEP25-T85,Highest temperature in Miami,KMIA,2026-09-25,less,,85.0,0.0,0.01,0.99,1.0,max,,-1,,,,target_date_passed,2026-09-26T01:32:18.056355+00:00
KXHIGHMIA,KXHIGHMIA-26SEP25-B91.5,Highest temperature in Miami,KMIA,2026-09-25,between,91.0,92.0,0.99,1.0,0.0,0.01,max,,-1,,,,target_date_passed,2026-09-26T01:32:18.056355+00:00
KXHIGHMIA,KXHIGHMIA-26SEP25-B89.5,Highest temperature in Miami,KMIA,2026-09-25,between,89.0,90.0,0.0,0.01,0.99,1.0,max,,-1,,,,target_date_passed,2026-09-26T01:32:18.056355+00:00
KXHIGHMIA,KXHIGHMIA-26SEP25-B87.5,Highest temperature in Miami,KMIA,2026-09-25,between,87.0,88.0,0.0,0.01,0.99,1.0,max,,-1,,,,target_date_passed,2026-09-26T01:32:18.056355+00:00
KXHIGHMIA,KXHIGHMIA-26SEP25-B85.5,Highest temperature in Miami,KMIA,2026-09-25,between,85.0,86.0,0.0,0.01,0.99,1.0,max,,-1,,,,target_date_passed,2026-09-26T01:32:18.056355+00:00
KXLOWTHOU,KXLOWTHOU-26SEP26-T75,Low Temperature Houston,KHOU,2026-09-26,greater,75.0,,0.01,0.03,0.97,0.99,min,73.0,0,1.85,real_measured,0.14,estimated,2026-09-26T01:32:18.056355+00:00
KXLOWTHOU,KXLOWTHOU-26SEP26-T68,Low Temperature Houston,KHOU,2026-09-26,less,,68.0,0.0,0.01,0.99,1.0,min,73.0,0,1.85,real_measured,0.0035,estimated,2026-09-26T01:32:18.056355+00:00
KXLOWTHOU,KXLOWTHOU-26SEP26-B74.5,Low Temperature Houston,KHOU,2026-09-26,between,74.0,75.0,0.5,0.58,0.42,0.5,min,73.0,0,1.85,real_measured,0.1545,estimated,2026-09-26T01:32:18.056355+00:00
KXLOWTHOU,KXLOWTHOU-26SEP26-B72.5,Low Temperature Houston,KHOU,2026-09-26,between,72.0,73.0,0.21,0.37,0.63,0.79,min,73.0,0,1.85,real_measured,0.2054,estimated,2026-09-26T01:32:18.056355+00:00
KXLOWTHOU,KXLOWTHOU-26SEP26-B70.5,Low Temperature Houston,KHOU,2026-09-26,between,70.0,71.0,0.02,0.11,0.89,0.98,min,73.0,0,1.85,real_measured,0.0874,estimated,2026-09-26T01:32:18.056355+00:00
KXLOWTHOU,KXLOWTHOU-26SEP26-B68.5,Low Temperature Houston,KHOU,2026-09-26,between,68.0,69.0,0.01,0.04,0.96,0.99,min,73.0,0,1.85,real_measured,0.0119,estimated,2026-09-26T01:32:18.056355+00:00
KXLOWTHOU,KXLOWTHOU-26SEP25-T76,Low Temperature Houston,KHOU,2026-09-25,greater,76.0,,0.0,0.01,0.99,1.0,min,,-1,,,,target_date_passed,2026-09-26T01:32:18.056355+00:00
KXLOWTHOU,KXLOWTHOU-26SEP25-T69,Low Temperature Houston,KHOU,2026-09-25,less,,69.0,0.0,0.01,0.99,1.0,min,,-1,,,,target_date_passed,2026-09-26T01:32:18.056355+00:00
KXLOWTHOU,KXLOWTHOU-26SEP25-B75.5,Low Temperature Houston,KHOU,2026-09-25,between,75.0,76.0,0.88,0.99,0.01,0.12,min,,-1,,,,target_date_passed,2026-09-26T01:32:18.056355+00:00
KXLOWTHOU,KXLOWTHOU-26SEP25-B73.5,Low Temperature Houston,KHOU,2026-09-25,between,73.0,74.0,0.01,0.13,0.87,0.99,min,,-1,,,,target_date_passed,2026-09-26T01:32:18.056355+00:00
KXLOWTHOU,KXLOWTHOU-26SEP25-B71.5,Low Temperature Houston,KHOU,2026-09-25,between,71.0,72.0,0.0,0.02,0.98,1.0,min,,-1,,,,target_date_passed,2026-09-26T01:32:18.056355+00:00
KXLOWTHOU,KXLOWTHOU-26SEP25-B69.5,Low Temperature Houston,KHOU,2026-09-25,between,69.0,70.0,0.0,0.02,0.98,1.0,min,,-1,,,,target_date_passed,2026-09-26T01:32:18.056355+00:00
KXLOWTNOLA,KXLOWTNOLA-26SEP26-T73,NOLA Low Temperature,KMSY,2026-09-26,greater,73.0,,0.03,0.04,0.96,0.97,min,72.0,0,1.85,real_measured,0.2946,estimated,2026-09-26T01:32:18.056355+00:00
KXLOWTNOLA,KXLOWTNOLA-26SEP26-T66,NOLA Low Temperature,KMSY,2026-09-26,less,,66.0,0.0,0.01,0.99,1.0,min,72.0,0,1.85,real_measured,0.0006,estimated,2026-09-26T01:32:18.056355+00:00
KXLOWTNOLA,KXLOWTNOLA-26SEP26-B72.5,NOLA Low Temperature,KMSY,2026-09-26,between,72.0,73.0,0.13,0.32,0.68,0.87,min,72.0,0,1.85,real_measured,0.2054,estimated,2026-09-26T01:32:18.056355+00:00
KXLOWTNOLA,KXLOWTNOLA-26SEP26-B70.5,NOLA Low Temperature,KMSY,2026-09-26,between,70.0,71.0,0.44,0.63,0.37,0.56,min,72.0,0,1.85,real_measured,0.1545,estimated,2026-09-26T01:32:18.056355+00:00
KXLOWTNOLA,KXLOWTNOLA-26SEP26-B68.5,NOLA Low Temperature,KMSY,2026-09-26,between,68.0,69.0,0.1,0.28,0.72,0.9,min,72.0,0,1.85,real_measured,0.0372,estimated,2026-09-26T01:32:18.056355+00:00
KXLOWTNOLA,KXLOWTNOLA-26SEP26-B66.5,NOLA Low Temperature,KMSY,2026-09-26,between,66.0,67.0,0.01,0.03,0.97,0.99,min,72.0,0,1.85,real_measured,0.0029,estimated,2026-09-26T01:32:18.056355+00:00
KXLOWTNOLA,KXLOWTNOLA-26SEP25-T77,NOLA Low Temperature,KMSY,2026-09-25,greater,77.0,,0.0,0.01,0.99,1.0,min,,-1,,,,target_date_passed,2026-09-26T01:32:18.056355+00:00
KXLOWTNOLA,KXLOWTNOLA-26SEP25-T70,NOLA Low Temperature,KMSY,2026-09-25,less,,70.0,0.0,0.03,0.97,1.0,min,,-1,,,,target_date_passed,2026-09-26T01:32:18.056355+00:00
KXLOWTNOLA,KXLOWTNOLA-26SEP25-B76.5,NOLA Low Temperature,KMSY,2026-09-25,between,76.0,77.0,0.2,0.29,0.71,0.8,min,,-1,,,,target_date_passed,2026-09-26T01:32:18.056355+00:00
KXLOWTNOLA,KXLOWTNOLA-26SEP25-B74.5,NOLA Low Temperature,KMSY,2026-09-25,between,74.0,75.0,0.3,0.64,0.36,0.7,min,,-1,,,,target_date_passed,2026-09-26T01:32:18.056355+00:00
KXLOWTNOLA,KXLOWTNOLA-26SEP25-B72.5,NOLA Low Temperature,KMSY,2026-09-25,between,72.0,73.0,0.19,0.35,0.65,0.81,min,,-1,,,,target_date_passed,2026-09-26T01:32:18.056355+00:00
KXLOWTNOLA,KXLOWTNOLA-26SEP25-B70.5,NOLA Low Temperature,KMSY,2026-09-25,between,70.0,71.0,0.0,0.03,0.97,1.0,min,,-1,,,,target_date_passed,2026-09-26T01:32:18.056355+00:00
KXHIGHTSFO,KXHIGHTSFO-26SEP26-T73,San Francisco High Temperature Daily,KSFO,2026-09-26,greater,73.0,,0.02,0.03,0.97,0.98,max,68.0,0,1.85,real_measured,0.0035,estimated,2026-09-26T01:32:18.056355+00:00
KXHIGHTSFO,KXHIGHTSFO-26SEP26-T66,San Francisco High Temperature Daily,KSFO,2026-09-26,less,,66.0,0.04,0.05,0.95,0.96,max,68.0,0,1.85,real_measured,0.14,estimated,2026-09-26T01:32:18.056355+00:00
KXHIGHTSFO,KXHIGHTSFO-26SEP26-B72.5,San Francisco High Temperature Daily,KSFO,2026-09-26,between,72.0,73.0,0.08,0.09,0.91,0.92,max,68.0,0,1.85,real_measured,0.0119,estimated,2026-09-26T01:32:18.056355+00:00
KXHIGHTSFO,KXHIGHTSFO-26SEP26-B70.5,San Francisco High Temperature Daily,KSFO,2026-09-26,between,70.0,71.0,0.45,0.46,0.54,0.55,max,68.0,0,1.85,real_measured,0.0874,estimated,2026-09-26T01:32:18.056355+00:00
KXHIGHTSFO,KXHIGHTSFO-26SEP26-B68.5,San Francisco High Temperature Daily,KSFO,2026-09-26,between,68.0,69.0,0.3,0.34,0.66,0.7,max,68.0,0,1.85,real_measured,0.2054,estimated,2026-09-26T01:32:18.056355+00:00
KXHIGHTSFO,KXHIGHTSFO-26SEP26-B66.5,San Francisco High Temperature Daily,KSFO,2026-09-26,between,66.0,67.0,0.07,0.1,0.9,0.93,max,68.0,0,1.85,real_measured,0.1545,estimated,2026-09-26T01:32:18.056355+00:00
KXHIGHTSFO,KXHIGHTSFO-26SEP25-T74,San Francisco High Temperature Daily,KSFO,2026-09-25,greater,74.0,,0.0,0.01,0.99,1.0,max,,-1,,,,target_date_passed,2026-09-26T01:32:18.056355+00:00
KXHIGHTSFO,KXHIGHTSFO-26SEP25-T67,San Francisco High Temperature Daily,KSFO,2026-09-25,less,,67.0,0.0,0.01,0.99,1.0,max,,-1,,,,target_date_passed,2026-09-26T01:32:18.056355+00:00
KXHIGHTSFO,KXHIGHTSFO-26SEP25-B73.5,San Francisco High Temperature Daily,KSFO,2026-09-25,between,73.0,74.0,0.0,0.01,0.99,1.0,max,,-1,,,,target_date_passed,2026-09-26T01:32:18.056355+00:00
KXHIGHTSFO,KXHIGHTSFO-26SEP25-B71.5,San Francisco High Temperature Daily,KSFO,2026-09-25,between,71.0,72.0,0.99,1.0,0.0,0.01,max,,-1,,,,target_date_passed,2026-09-26T01:32:18.056355+00:00
KXHIGHTSFO,KXHIGHTSFO-26SEP25-B69.5,San Francisco High Temperature Daily,KSFO,2026-09-25,between,69.0,70.0,0.0,0.01,0.99,1.0,max,,-1,,,,target_date_passed,2026-09-26T01:32:18.056355+00:00
KXHIGHTSFO,KXHIGHTSFO-26SEP25-B67.5,San Francisco High Temperature Daily,KSFO,2026-09-25,between,67.0,68.0,0.0,0.01,0.99,1.0,max,,-1,,,,target_date_passed,2026-09-26T01:32:18.056355+00:00
KXHIGHNY,KXHIGHNY-26SEP26-T69,Highest temperature in NYC,KNYC,2026-09-26,greater,69.0,,0.0,0.01,0.99,1.0,max,62.0,0,1.85,real_measured,0.0001,estimated,2026-09-26T01:32:18.056355+00:00
KXHIGHNY,KXHIGHNY-26SEP26-T62,Highest temperature in NYC,KNYC,2026-09-26,less,,62.0,0.44,0.45,0.55,0.56,max,62.0,0,1.85,real_measured,0.5,estimated,2026-09-26T01:32:18.056355+00:00
KXHIGHNY,KXHIGHNY-26SEP26-B68.5,Highest temperature in NYC,KNYC,2026-09-26,between,68.0,69.0,0.0,0.01,0.99,1.0,max,62.0,0,1.85,real_measured,0.0005,estimated,2026-09-26T01:32:18.056355+00:00
KXHIGHNY,KXHIGHNY-26SEP26-B66.5,Highest temperature in NYC,KNYC,2026-09-26,between,66.0,67.0,0.01,0.02,0.98,0.99,max,62.0,0,1.85,real_measured,0.0119,estimated,2026-09-26T01:32:18.056355+00:00
KXHIGHNY,KXHIGHNY-26SEP26-B64.5,Highest temperature in NYC,KNYC,2026-09-26,between,64.0,65.0,0.08,0.09,0.91,0.92,max,62.0,0,1.85,real_measured,0.0874,estimated,2026-09-26T01:32:18.056355+00:00
KXHIGHNY,KXHIGHNY-26SEP26-B62.5,Highest temperature in NYC,KNYC,2026-09-26,between,62.0,63.0,0.45,0.46,0.54,0.55,max,62.0,0,1.85,real_measured,0.2054,estimated,2026-09-26T01:32:18.056355+00:00
KXHIGHNY,KXHIGHNY-26SEP25-T74,Highest temperature in NYC,KNYC,2026-09-25,greater,74.0,,0.0,0.01,0.99,1.0,max,,-1,,,,target_date_passed,2026-09-26T01:32:18.056355+00:00
KXHIGHNY,KXHIGHNY-26SEP25-T67,Highest temperature in NYC,KNYC,2026-09-25,less,,67.0,0.0,0.01,0.99,1.0,max,,-1,,,,target_date_passed,2026-09-26T01:32:18.056355+00:00
KXHIGHNY,KXHIGHNY-26SEP25-B73.5,Highest temperature in NYC,KNYC,2026-09-25,between,73.0,74.0,0.0,0.01,0.99,1.0,max,,-1,,,,target_date_passed,2026-09-26T01:32:18.056355+00:00
KXHIGHNY,KXHIGHNY-26SEP25-B71.5,Highest temperature in NYC,KNYC,2026-09-25,between,71.0,72.0,0.0,0.01,0.99,1.0,max,,-1,,,,target_date_passed,2026-09-26T01:32:18.056355+00:00
KXHIGHNY,KXHIGHNY-26SEP25-B69.5,Highest temperature in NYC,KNYC,2026-09-25,between,69.0,70.0,0.99,1.0,0.0,0.01,max,,-1,,,,target_date_passed,2026-09-26T01:32:18.056355+00:00
KXHIGHNY,KXHIGHNY-26SEP25-B67.5,Highest temperature in NYC,KNYC,2026-09-25,between,67.0,68.0,0.0,0.01,0.99,1.0,max,,-1,,,,target_date_passed,2026-09-26T01:32:18.056355+00:00
KXHIGHTSDF,KXHIGHTSDF-26SEP26-T79,HIGHEST Temperature SATX,KSDF,2026-09-26,greater,79.0,,0.09,0.1,0.9,0.91,max,72.0,0,1.85,real_measured,0.0001,estimated,2026-09-26T01:32:18.056355+00:00
KXHIGHTSDF,KXHIGHTSDF-26SEP26-T72,HIGHEST Temperature SATX,KSDF,2026-09-26,less,,72.0,0.01,0.03,0.97,0.99,max,72.0,0,1.85,real_measured,0.5,estimated,2026-09-26T01:32:18.056355+00:00
KXHIGHTSDF,KXHIGHTSDF-26SEP26-B78.5,HIGHEST Temperature SATX,KSDF,2026-09-26,between,78.0,79.0,0.26,0.45,0.55,0.74,max,72.0,0,1.85,real_measured,0.0005,estimated,2026-09-26T01:32:18.056355+00:00
KXHIGHTSDF,KXHIGHTSDF-26SEP26-B76.5,HIGHEST Temperature SATX,KSDF,2026-09-26,between,76.0,77.0,0.1,0.48,0.52,0.9,max,72.0,0,1.85,real_measured,0.0119,estimated,2026-09-26T01:32:18.056355+00:00
KXHIGHTSDF,KXHIGHTSDF-26SEP26-B74.5,HIGHEST Temperature SATX,KSDF,2026-09-26,between,74.0,75.0,0.02,0.12,0.88,0.98,max,72.0,0,1.85,real_measured,0.0874,estimated,2026-09-26T01:32:18.056355+00:00
KXHIGHTSDF,KXHIGHTSDF-26SEP26-B72.5,HIGHEST Temperature SATX,KSDF,2026-09-26,between,72.0,73.0,0.01,0.07,0.93,0.99,max,72.0,0,1.85,real_measured,0.2054,estimated,2026-09-26T01:32:18.056355+00:00
KXHIGHTSDF,KXHIGHTSDF-26SEP25-T81,HIGHEST Temperature SATX,KSDF,2026-09-25,greater,81.0,,0.0,0.01,0.99,1.0,max,,-1,,,,target_date_passed,2026-09-26T01:32:18.056355+00:00
KXHIGHTSDF,KXHIGHTSDF-26SEP25-T74,HIGHEST Temperature SATX,KSDF,2026-09-25,less,,74.0,0.0,0.01,0.99,1.0,max,,-1,,,,target_date_passed,2026-09-26T01:32:18.056355+00:00
KXHIGHTSDF,KXHIGHTSDF-26SEP25-B80.5,HIGHEST Temperature SATX,KSDF,2026-09-25,between,80.0,81.0,0.0,0.01,0.99,1.0,max,,-1,,,,target_date_passed,2026-09-26T01:32:18.056355+00:00
KXHIGHTSDF,KXHIGHTSDF-26SEP25-B78.5,HIGHEST Temperature SATX,KSDF,2026-09-25,between,78.0,79.0,0.99,1.0,0.0,0.01,max,,-1,,,,target_date_passed,2026-09-26T01:32:18.056355+00:00
KXHIGHTSDF,KXHIGHTSDF-26SEP25-B76.5,HIGHEST Temperature SATX,KSDF,2026-09-25,between,76.0,77.0,0.0,0.01,0.99,1.0,max,,-1,,,,target_date_passed,2026-09-26T01:32:18.056355+00:00
KXHIGHTSDF,KXHIGHTSDF-26SEP25-B74.5,HIGHEST Temperature SATX,KSDF,2026-09-25,between,74.0,75.0,0.0,0.01,0.99,1.0,max,,-1,,,,target_date_passed,2026-09-26T01:32:18.056355+00:00
KXHIGHTMIN,KXHIGHTMIN-26SEP26-T69,Minneapolis Daily High Temperature,KMSP,2026-09-26,greater,69.0,,0.0,0.02,0.98,1.0,max,60.0,0,1.85,real_measured,0.0,estimated,2026-09-26T01:32:18.056355+00:00
KXHIGHTMIN,KXHIGHTMIN-26SEP26-T62,Minneapolis Daily High Temperature,KMSP,2026-09-26,less,,62.0,0.17,0.21,0.79,0.83,max,60.0,0,1.85,real_measured,0.86,estimated,2026-09-26T01:32:18.056355+00:00
KXHIGHTMIN,KXHIGHTMIN-26SEP26-B68.5,Minneapolis Daily High Temperature,KMSP,2026-09-26,between,68.0,69.0,0.03,0.04,0.96,0.97,max,60.0,0,1.85,real_measured,0.0,estimated,2026-09-26T01:32:18.056355+00:00
KXHIGHTMIN,KXHIGHTMIN-26SEP26-B66.5,Minneapolis Daily High Temperature,KMSP,2026-09-26,between,66.0,67.0,0.09,0.12,0.88,0.91,max,60.0,0,1.85,real_measured,0.0005,estimated,2026-09-26T01:32:18.056355+00:00
KXHIGHTMIN,KXHIGHTMIN-26SEP26-B64.5,Minneapolis Daily High Temperature,KMSP,2026-09-26,between,64.0,65.0,0.25,0.28,0.72,0.75,max,60.0,0,1.85,real_measured,0.0119,estimated,2026-09-26T01:32:18.056355+00:00
KXHIGHTMIN,KXHIGHTMIN-26SEP26-B62.5,Minneapolis Daily High Temperature,KMSP,2026-09-26,between,62.0,63.0,0.34,0.35,0.65,0.66,max,60.0,0,1.85,real_measured,0.0874,estimated,2026-09-26T01:32:18.056355+00:00
KXHIGHTMIN,KXHIGHTMIN-26SEP25-T74,Minneapolis Daily High Temperature,KMSP,2026-09-25,greater,74.0,,0.0,0.01,0.99,1.0,max,,-1,,,,target_date_passed,2026-09-26T01:32:18.056355+00:00
KXHIGHTMIN,KXHIGHTMIN-26SEP25-T67,Minneapolis Daily High Temperature,KMSP,2026-09-25,less,,67.0,0.0,0.01,0.99,1.0,max,,-1,,,,target_date_passed,2026-09-26T01:32:18.056355+00:00
KXHIGHTMIN,KXHIGHTMIN-26SEP25-B73.5,Minneapolis Daily High Temperature,KMSP,2026-09-25,between,73.0,74.0,0.0,0.01,0.99,1.0,max,,-1,,,,target_date_passed,2026-09-26T01:32:18.056355+00:00
KXHIGHTMIN,KXHIGHTMIN-26SEP25-B71.5,Minneapolis Daily High Temperature,KMSP,2026-09-25,between,71.0,72.0,0.99,1.0,0.0,0.01,max,,-1,,,,target_date_passed,2026-09-26T01:32:18.056355+00:00
KXHIGHTMIN,KXHIGHTMIN-26SEP25-B69.5,Minneapolis Daily High Temperature,KMSP,2026-09-25,between,69.0,70.0,0.0,0.01,0.99,1.0,max,,-1,,,,target_date_passed,2026-09-26T01:32:18.056355+00:00
KXHIGHTMIN,KXHIGHTMIN-26SEP25-B67.5,Minneapolis Daily High Temperature,KMSP,2026-09-25,between,67.0,68.0,0.0,0.01,0.99,1.0,max,,-1,,,,target_date_passed,2026-09-26T01:32:18.056355+00:00
KXHIGHTTTN,KXHIGHTTTN-26SEP26-T67,"Trenton, NJ Daily Max Temp",KTTN,2026-09-26,greater,67.0,,0.0,0.02,0.98,1.0,max,63.0,0,1.85,real_measured,0.0154,estimated,2026-09-26T01:32:18.056355+00:00
KXHIGHTTTN,KXHIGHTTTN-26SEP26-T60,"Trenton, NJ Daily Max Temp",KTTN,2026-09-26,less,,60.0,0.0,0.02,0.98,1.0,max,63.0,0,1.85,real_measured,0.0526,estimated,2026-09-26T01:32:18.056355+00:00
KXHIGHTTTN,KXHIGHTTTN-26SEP26-B66.5,"Trenton, NJ Daily Max Temp",KTTN,2026-09-26,between,66.0,67.0,0.03,0.14,0.86,0.97,max,63.0,0,1.85,real_measured,0.0372,estimated,2026-09-26T01:32:18.056355+00:00
KXHIGHTTTN,KXHIGHTTTN-26SEP26-B64.5,"Trenton, NJ Daily Max Temp",KTTN,2026-09-26,between,64.0,65.0,0.34,0.48,0.52,0.66,max,63.0,0,1.85,real_measured,0.1545,estimated,2026-09-26T01:32:18.056355+00:00
KXHIGHTTTN,KXHIGHTTTN-26SEP26-B62.5,"Trenton, NJ Daily Max Temp",KTTN,2026-09-26,between,62.0,63.0,0.38,0.42,0.58,0.62,max,63.0,0,1.85,real_measured,0.2054,estimated,2026-09-26T01:32:18.056355+00:00
KXHIGHTTTN,KXHIGHTTTN-26SEP26-B60.5,"Trenton, NJ Daily Max Temp",KTTN,2026-09-26,between,60.0,61.0,0.07,0.18,0.82,0.93,max,63.0,0,1.85,real_measured,0.0874,estimated,2026-09-26T01:32:18.056355+00:00
KXHIGHTTTN,KXHIGHTTTN-26SEP25-T75,"Trenton, NJ Daily Max Temp",KTTN,2026-09-25,greater,75.0,,0.0,0.01,0.99,1.0,max,,-1,,,,target_date_passed,2026-09-26T01:32:18.056355+00:00
KXHIGHTTTN,KXHIGHTTTN-26SEP25-T68,"Trenton, NJ Daily Max Temp",KTTN,2026-09-25,less,,68.0,0.0,0.01,0.99,1.0,max,,-1,,,,target_date_passed,2026-09-26T01:32:18.056355+00:00
KXHIGHTTTN,KXHIGHTTTN-26SEP25-B74.5,"Trenton, NJ Daily Max Temp",KTTN,2026-09-25,between,74.0,75.0,0.0,0.01,0.99,1.0,max,,-1,,,,target_date_passed,2026-09-26T01:32:18.056355+00:00
KXHIGHTTTN,KXHIGHTTTN-26SEP25-B72.5,"Trenton, NJ Daily Max Temp",KTTN,2026-09-25,between,72.0,73.0,0.0,0.01,0.99,1.0,max,,-1,,,,target_date_passed,2026-09-26T01:32:18.056355+00:00
KXHIGHTTTN,KXHIGHTTTN-26SEP25-B70.5,"Trenton, NJ Daily Max Temp",KTTN,2026-09-25,between,70.0,71.0,0.99,1.0,0.0,0.01,max,,-1,,,,target_date_passed,2026-09-26T01:32:18.056355+00:00
KXHIGHTTTN,KXHIGHTTTN-26SEP25-B68.5,"Trenton, NJ Daily Max Temp",KTTN,2026-09-25,between,68.0,69.0,0.0,0.01,0.99,1.0,max,,-1,,,,target_date_passed,2026-09-26T01:32:18.056355+00:00
KXHIGHTEWR,KXHIGHTEWR-26SEP26-T69,"Newark, NJ (EWR) Daily Max Temp",KEWR,2026-09-26,greater,69.0,,0.01,0.02,0.98,0.99,max,64.0,0,1.85,real_measured,0.0035,estimated,2026-09-26T01:32:18.056355+00:00
KXHIGHTEWR,KXHIGHTEWR-26SEP26-T62,"Newark, NJ (EWR) Daily Max Temp",KEWR,2026-09-26,less,,62.0,0.08,0.18,0.82,0.92,max,64.0,0,1.85,real_measured,0.14,estimated,2026-09-26T01:32:18.056355+00:00
KXHIGHTEWR,KXHIGHTEWR-26SEP26-B68.5,"Newark, NJ (EWR) Daily Max Temp",KEWR,2026-09-26,between,68.0,69.0,0.01,0.09,0.91,0.99,max,64.0,0,1.85,real_measured,0.0119,estimated,2026-09-26T01:32:18.056355+00:00
KXHIGHTEWR,KXHIGHTEWR-26SEP26-B66.5,"Newark, NJ (EWR) Daily Max Temp",KEWR,2026-09-26,between,66.0,67.0,0.14,0.2,0.8,0.86,max,64.0,0,1.85,real_measured,0.0874,estimated,2026-09-26T01:32:18.056355+00:00
KXHIGHTEWR,KXHIGHTEWR-26SEP26-B64.5,"Newark, NJ (EWR) Daily Max Temp",KEWR,2026-09-26,between,64.0,65.0,0.24,0.43,0.57,0.76,max,64.0,0,1.85,real_measured,0.2054,estimated,2026-09-26T01:32:18.056355+00:00
KXHIGHTEWR,KXHIGHTEWR-26SEP26-B62.5,"Newark, NJ (EWR) Daily Max Temp",KEWR,2026-09-26,between,62.0,63.0,0.26,0.37,0.63,0.74,max,64.0,0,1.85,real_measured,0.1545,estimated,2026-09-26T01:32:18.056355+00:00
KXHIGHTEWR,KXHIGHTEWR-26SEP25-T75,"Newark, NJ (EWR) Daily Max Temp",KEWR,2026-09-25,greater,75.0,,0.0,0.01,0.99,1.0,max,,-1,,,,target_date_passed,2026-09-26T01:32:18.056355+00:00
KXHIGHTEWR,KXHIGHTEWR-26SEP25-T68,"Newark, NJ (EWR) Daily Max Temp",KEWR,2026-09-25,less,,68.0,0.0,0.01,0.99,1.0,max,,-1,,,,target_date_passed,2026-09-26T01:32:18.056355+00:00
KXHIGHTEWR,KXHIGHTEWR-26SEP25-B74.5,"Newark, NJ (EWR) Daily Max Temp",KEWR,2026-09-25,between,74.0,75.0,0.0,0.01,0.99,1.0,max,,-1,,,,target_date_passed,2026-09-26T01:32:18.056355+00:00
KXHIGHTEWR,KXHIGHTEWR-26SEP25-B72.5,"Newark, NJ (EWR) Daily Max Temp",KEWR,2026-09-25,between,72.0,73.0,0.0,0.01,0.99,1.0,max,,-1,,,,target_date_passed,2026-09-26T01:32:18.056355+00:00
KXHIGHTEWR,KXHIGHTEWR-26SEP25-B70.5,"Newark, NJ (EWR) Daily Max Temp",KEWR,2026-09-25,between,70.0,71.0,0.99,1.0,0.0,0.01,max,,-1,,,,target_date_passed,2026-09-26T01:32:18.056355+00:00
KXHIGHTEWR,KXHIGHTEWR-26SEP25-B68.5,"Newark, NJ (EWR) Daily Max Temp",KEWR,2026-09-25,between,68.0,69.0,0.0,0.01,0.99,1.0,max,,-1,,,,target_date_passed,2026-09-26T01:32:18.056355+00:00
KXLOWTDEN,KXLOWTDEN-26SEP26-T55,Lowest temperature in Denver,KDEN,2026-09-26,greater,55.0,,0.05,0.06,0.94,0.95,min,51.0,0,1.85,real_measured,0.0154,estimated,2026-09-26T01:32:18.056355+00:00
KXLOWTDEN,KXLOWTDEN-26SEP26-T48,Lowest temperature in Denver,KDEN,2026-09-26,less,,48.0,0.01,0.03,0.97,0.99,min,51.0,0,1.85,real_measured,0.0526,estimated,2026-09-26T01:32:18.056355+00:00
KXLOWTDEN,KXLOWTDEN-26SEP26-B54.5,Lowest temperature in Denver,KDEN,2026-09-26,between,54.0,55.0,0.2,0.31,0.69,0.8,min,51.0,0,1.85,real_measured,0.0372,estimated,2026-09-26T01:32:18.056355+00:00
KXLOWTDEN,KXLOWTDEN-26SEP26-B52.5,Lowest temperature in Denver,KDEN,2026-09-26,between,52.0,53.0,0.24,0.36,0.64,0.76,min,51.0,0,1.85,real_measured,0.1545,estimated,2026-09-26T01:32:18.056355+00:00
KXLOWTDEN,KXLOWTDEN-26SEP26-B50.5,Lowest temperature in Denver,KDEN,2026-09-26,between,50.0,51.0,0.18,0.3,0.7,0.82,min,51.0,0,1.85,real_measured,0.2054,estimated,2026-09-26T01:32:18.056355+00:00
KXLOWTDEN,KXLOWTDEN-26SEP26-B48.5,Lowest temperature in Denver,KDEN,2026-09-26,between,48.0,49.0,0.05,0.08,0.92,0.95,min,51.0,0,1.85,real_measured,0.0874,estimated,2026-09-26T01:32:18.056355+00:00
KXLOWTDEN,KXLOWTDEN-26SEP25-T56,Lowest temperature in Denver,KDEN,2026-09-25,greater,56.0,,0.0,0.01,0.99,1.0,min,,-1,,,,target_date_passed,2026-09-26T01:32:18.056355+00:00
KXLOWTDEN,KXLOWTDEN-26SEP25-T49,Lowest temperature in Denver,KDEN,2026-09-25,less,,49.0,0.0,0.01,0.99,1.0,min,,-1,,,,target_date_passed,2026-09-26T01:32:18.056355+00:00
KXLOWTDEN,KXLOWTDEN-26SEP25-B55.5,Lowest temperature in Denver,KDEN,2026-09-25,between,55.0,56.0,0.0,0.01,0.99,1.0,min,,-1,,,,target_date_passed,2026-09-26T01:32:18.056355+00:00
KXLOWTDEN,KXLOWTDEN-26SEP25-B53.5,Lowest temperature in Denver,KDEN,2026-09-25,between,53.0,54.0,0.0,0.01,0.99,1.0,min,,-1,,,,target_date_passed,2026-09-26T01:32:18.056355+00:00
KXLOWTDEN,KXLOWTDEN-26SEP25-B51.5,Lowest temperature in Denver,KDEN,2026-09-25,between,51.0,52.0,0.95,0.98,0.02,0.05,min,,-1,,,,target_date_passed,2026-09-26T01:32:18.056355+00:00
KXLOWTDEN,KXLOWTDEN-26SEP25-B49.5,Lowest temperature in Denver,KDEN,2026-09-25,between,49.0,50.0,0.01,0.05,0.95,0.99,min,,-1,,,,target_date_passed,2026-09-26T01:32:18.056355+00:00
KXLOWTNYC,KXLOWTNYC-26SEP26-T61,Lowest temperature in NYC,KNYC,2026-09-26,greater,61.0,,0.0,0.03,0.97,1.0,min,58.0,0,1.85,real_measured,0.0526,estimated,2026-09-26T01:32:18.056355+00:00
KXLOWTNYC,KXLOWTNYC-26SEP26-T54,Lowest temperature in NYC,KNYC,2026-09-26,less,,54.0,0.01,0.03,0.97,0.99,min,58.0,0,1.85,real_measured,0.0154,estimated,2026-09-26T01:32:18.056355+00:00
KXLOWTNYC,KXLOWTNYC-26SEP26-B60.5,Lowest temperature in NYC,KNYC,2026-09-26,between,60.0,61.0,0.04,0.05,0.95,0.96,min,58.0,0,1.85,real_measured,0.0874,estimated,2026-09-26T01:32:18.056355+00:00
KXLOWTNYC,KXLOWTNYC-26SEP26-B58.5,Lowest temperature in NYC,KNYC,2026-09-26,between,58.0,59.0,0.17,0.2,0.8,0.83,min,58.0,0,1.85,real_measured,0.2054,estimated,2026-09-26T01:32:18.056355+00:00
KXLOWTNYC,KXLOWTNYC-26SEP26-B56.5,Lowest temperature in NYC,KNYC,2026-09-26,between,56.0,57.0,0.32,0.63,0.37,0.68,min,58.0,0,1.85,real_measured,0.1545,estimated,2026-09-26T01:32:18.056355+00:00
KXLOWTNYC,KXLOWTNYC-26SEP26-B54.5,Lowest temperature in NYC,KNYC,2026-09-26,between,54.0,55.0,0.06,0.4,0.6,0.94,min,58.0,0,1.85,real_measured,0.0372,estimated,2026-09-26T01:32:18.056355+00:00
KXLOWTNYC,KXLOWTNYC-26SEP25-T58,Lowest temperature in NYC,KNYC,2026-09-25,greater,58.0,,0.0,0.06,0.94,1.0,min,,-1,,,,target_date_passed,2026-09-26T01:32:18.056355+00:00
KXLOWTNYC,KXLOWTNYC-26SEP25-T51,Lowest temperature in NYC,KNYC,2026-09-25,less,,51.0,0.0,0.03,0.97,1.0,min,,-1,,,,target_date_passed,2026-09-26T01:32:18.056355+00:00
KXLOWTNYC,KXLOWTNYC-26SEP25-B57.5,Lowest temperature in NYC,KNYC,2026-09-25,between,57.0,58.0,0.0,0.02,0.98,1.0,min,,-1,,,,target_date_passed,2026-09-26T01:32:18.056355+00:00
KXLOWTNYC,KXLOWTNYC-26SEP25-B55.5,Lowest temperature in NYC,KNYC,2026-09-25,between,55.0,56.0,0.91,0.96,0.04,0.09,min,,-1,,,,target_date_passed,2026-09-26T01:32:18.056355+00:00
KXLOWTNYC,KXLOWTNYC-26SEP25-B53.5,Lowest temperature in NYC,KNYC,2026-09-25,between,53.0,54.0,0.03,0.04,0.96,0.97,min,,-1,,,,target_date_passed,2026-09-26T01:32:18.056355+00:00
KXLOWTNYC,KXLOWTNYC-26SEP25-B51.5,Lowest temperature in NYC,KNYC,2026-09-25,between,51.0,52.0,0.0,0.03,0.97,1.0,min,,-1,,,,target_date_passed,2026-09-26T01:32:18.056355+00:00
KXHIGHTLV,KXHIGHTLV-26SEP26-T99,Las Vegas Max Daily Temperature,KLAS,2026-09-26,greater,99.0,,0.0,0.01,0.99,1.0,max,95.0,0,1.85,real_measured,0.0154,estimated,2026-09-26T01:32:18.056355+00:00
KXHIGHTLV,KXHIGHTLV-26SEP26-T92,Las Vegas Max Daily Temperature,KLAS,2026-09-26,less,,92.0,0.0,0.01,0.99,1.0,max,95.0,0,1.85,real_measured,0.0526,estimated,2026-09-26T01:32:18.056355+00:00
KXHIGHTLV,KXHIGHTLV-26SEP26-B98.5,Las Vegas Max Daily Temperature,KLAS,2026-09-26,between,98.0,99.0,0.04,0.05,0.95,0.96,max,95.0,0,1.85,real_measured,0.0372,estimated,2026-09-26T01:32:18.056355+00:00
KXHIGHTLV,KXHIGHTLV-26SEP26-B96.5,Las Vegas Max Daily Temperature,KLAS,2026-09-26,between,96.0,97.0,0.58,0.59,0.41,0.42,max,95.0,0,1.85,real_measured,0.1545,estimated,2026-09-26T01:32:18.056355+00:00
KXHIGHTLV,KXHIGHTLV-26SEP26-B94.5,Las Vegas Max Daily Temperature,KLAS,2026-09-26,between,94.0,95.0,0.35,0.37,0.63,0.65,max,95.0,0,1.85,real_measured,0.2054,estimated,2026-09-26T01:32:18.056355+00:00
KXHIGHTLV,KXHIGHTLV-26SEP26-B92.5,Las Vegas Max Daily Temperature,KLAS,2026-09-26,between,92.0,93.0,0.01,0.02,0.98,0.99,max,95.0,0,1.85,real_measured,0.0874,estimated,2026-09-26T01:32:18.056355+00:00
KXHIGHTLV,KXHIGHTLV-26SEP25-T94,Las Vegas Max Daily Temperature,KLAS,2026-09-25,less,,94.0,0.0,0.01,0.99,1.0,max,,-1,,,,target_date_passed,2026-09-26T01:32:18.056355+00:00
KXHIGHTLV,KXHIGHTLV-26SEP25-T101,Las Vegas Max Daily Temperature,KLAS,2026-09-25,greater,101.0,,0.0,0.01,0.99,1.0,max,,-1,,,,target_date_passed,2026-09-26T01:32:18.056355+00:00
KXHIGHTLV,KXHIGHTLV-26SEP25-B98.5,Las Vegas Max Daily Temperature,KLAS,2026-09-25,between,98.0,99.0,0.0,0.01,0.99,1.0,max,,-1,,,,target_date_passed,2026-09-26T01:32:18.056355+00:00
KXHIGHTLV,KXHIGHTLV-26SEP25-B96.5,Las Vegas Max Daily Temperature,KLAS,2026-09-25,between,96.0,97.0,0.99,1.0,0.0,0.01,max,,-1,,,,target_date_passed,2026-09-26T01:32:18.056355+00:00
KXHIGHTLV,KXHIGHTLV-26SEP25-B94.5,Las Vegas Max Daily Temperature,KLAS,2026-09-25,between,94.0,95.0,0.0,0.01,0.99,1.0,max,,-1,,,,target_date_passed,2026-09-26T01:32:18.056355+00:00
KXHIGHTLV,KXHIGHTLV-26SEP25-B100.5,Las Vegas Max Daily Temperature,KLAS,2026-09-25,between,100.0,101.0,0.0,0.01,0.99,1.0,max,,-1,,,,target_date_passed,2026-09-26T01:32:18.056355+00:00
