series_ticker,market_ticker,city_label,station_id,target_date,strike_type,floor_strike,cap_strike,yes_bid,yes_ask,no_bid,no_ask,forecast_kind,forecast_value_f,lead_days,model_sigma_f,sigma_source,model_prob_yes,model_status,pulled_at
KXLOWTATL,KXLOWTATL-26SEP14-T72,Low Temperature Atlanta,KATL,2026-09-14,greater,72.0,,0.19,0.26,0.74,0.81,min,71.0,1,1.79,real_measured,0.2884,estimated,2026-09-13T14:56:43.385065+00:00
KXLOWTATL,KXLOWTATL-26SEP14-T65,Low Temperature Atlanta,KATL,2026-09-14,less,,65.0,0.02,0.03,0.97,0.98,min,71.0,1,1.79,real_measured,0.0004,estimated,2026-09-13T14:56:43.385065+00:00
KXLOWTATL,KXLOWTATL-26SEP14-B71.5,Low Temperature Atlanta,KATL,2026-09-14,between,71.0,72.0,0.5,0.58,0.42,0.5,min,71.0,1,1.79,real_measured,0.2116,estimated,2026-09-13T14:56:43.385065+00:00
KXLOWTATL,KXLOWTATL-26SEP14-B69.5,Low Temperature Atlanta,KATL,2026-09-14,between,69.0,70.0,0.17,0.25,0.75,0.83,min,71.0,1,1.79,real_measured,0.1562,estimated,2026-09-13T14:56:43.385065+00:00
KXLOWTATL,KXLOWTATL-26SEP14-B67.5,Low Temperature Atlanta,KATL,2026-09-14,between,67.0,68.0,0.02,0.16,0.84,0.98,min,71.0,1,1.79,real_measured,0.0342,estimated,2026-09-13T14:56:43.385065+00:00
KXLOWTATL,KXLOWTATL-26SEP14-B65.5,Low Temperature Atlanta,KATL,2026-09-14,between,65.0,66.0,0.02,0.16,0.84,0.98,min,71.0,1,1.79,real_measured,0.0022,estimated,2026-09-13T14:56:43.385065+00:00
KXLOWTATL,KXLOWTATL-26SEP13-T73,Low Temperature Atlanta,KATL,2026-09-13,greater,73.0,,0.0,0.01,0.99,1.0,min,72.0,0,1.98,real_measured,0.3069,estimated,2026-09-13T14:56:43.385065+00:00
KXLOWTATL,KXLOWTATL-26SEP13-T66,Low Temperature Atlanta,KATL,2026-09-13,less,,66.0,0.0,0.01,0.99,1.0,min,72.0,0,1.98,real_measured,0.0012,estimated,2026-09-13T14:56:43.385065+00:00
KXLOWTATL,KXLOWTATL-26SEP13-B72.5,Low Temperature Atlanta,KATL,2026-09-13,between,72.0,73.0,0.84,0.98,0.02,0.16,min,72.0,0,1.98,real_measured,0.1931,estimated,2026-09-13T14:56:43.385065+00:00
KXLOWTATL,KXLOWTATL-26SEP13-B70.5,Low Temperature Atlanta,KATL,2026-09-13,between,70.0,71.0,0.01,0.16,0.84,0.99,min,72.0,0,1.98,real_measured,0.1505,estimated,2026-09-13T14:56:43.385065+00:00
KXLOWTATL,KXLOWTATL-26SEP13-B68.5,Low Temperature Atlanta,KATL,2026-09-13,between,68.0,69.0,0.02,0.03,0.97,0.98,min,72.0,0,1.98,real_measured,0.0433,estimated,2026-09-13T14:56:43.385065+00:00
KXLOWTATL,KXLOWTATL-26SEP13-B66.5,Low Temperature Atlanta,KATL,2026-09-13,between,66.0,67.0,0.0,0.01,0.99,1.0,min,72.0,0,1.98,real_measured,0.0046,estimated,2026-09-13T14:56:43.385065+00:00
KXHIGHTEWR,KXHIGHTEWR-26SEP14-T81,"Newark, NJ (EWR) Daily Max Temp",KEWR,2026-09-14,greater,81.0,,0.02,0.33,0.67,0.98,max,76.0,1,1.79,real_measured,0.0026,estimated,2026-09-13T14:56:43.385065+00:00
KXHIGHTEWR,KXHIGHTEWR-26SEP14-T74,"Newark, NJ (EWR) Daily Max Temp",KEWR,2026-09-14,less,,74.0,0.09,0.19,0.81,0.91,max,76.0,1,1.79,real_measured,0.1321,estimated,2026-09-13T14:56:43.385065+00:00
KXHIGHTEWR,KXHIGHTEWR-26SEP14-B80.5,"Newark, NJ (EWR) Daily Max Temp",KEWR,2026-09-14,between,80.0,81.0,0.02,0.33,0.67,0.98,max,76.0,1,1.79,real_measured,0.0102,estimated,2026-09-13T14:56:43.385065+00:00
KXHIGHTEWR,KXHIGHTEWR-26SEP14-B78.5,"Newark, NJ (EWR) Daily Max Temp",KEWR,2026-09-14,between,78.0,79.0,0.1,0.2,0.8,0.9,max,76.0,1,1.79,real_measured,0.0851,estimated,2026-09-13T14:56:43.385065+00:00
KXHIGHTEWR,KXHIGHTEWR-26SEP14-B76.5,"Newark, NJ (EWR) Daily Max Temp",KEWR,2026-09-14,between,76.0,77.0,0.29,0.39,0.61,0.71,max,76.0,1,1.79,real_measured,0.2116,estimated,2026-09-13T14:56:43.385065+00:00
KXHIGHTEWR,KXHIGHTEWR-26SEP14-B74.5,"Newark, NJ (EWR) Daily Max Temp",KEWR,2026-09-14,between,74.0,75.0,0.29,0.39,0.61,0.71,max,76.0,1,1.79,real_measured,0.1562,estimated,2026-09-13T14:56:43.385065+00:00
KXHIGHTEWR,KXHIGHTEWR-26SEP13-T86,"Newark, NJ (EWR) Daily Max Temp",KEWR,2026-09-13,greater,86.0,,0.02,0.53,0.47,0.98,max,80.0,0,1.98,real_measured,0.0012,estimated,2026-09-13T14:56:43.385065+00:00
KXHIGHTEWR,KXHIGHTEWR-26SEP13-T79,"Newark, NJ (EWR) Daily Max Temp",KEWR,2026-09-13,less,,79.0,0.16,0.26,0.74,0.84,max,80.0,0,1.98,real_measured,0.3069,estimated,2026-09-13T14:56:43.385065+00:00
KXHIGHTEWR,KXHIGHTEWR-26SEP13-B85.5,"Newark, NJ (EWR) Daily Max Temp",KEWR,2026-09-13,between,85.0,86.0,0.02,0.09,0.91,0.98,max,80.0,0,1.98,real_measured,0.0046,estimated,2026-09-13T14:56:43.385065+00:00
KXHIGHTEWR,KXHIGHTEWR-26SEP13-B83.5,"Newark, NJ (EWR) Daily Max Temp",KEWR,2026-09-13,between,83.0,84.0,0.06,0.14,0.86,0.94,max,80.0,0,1.98,real_measured,0.0433,estimated,2026-09-13T14:56:43.385065+00:00
KXHIGHTEWR,KXHIGHTEWR-26SEP13-B81.5,"Newark, NJ (EWR) Daily Max Temp",KEWR,2026-09-13,between,81.0,82.0,0.25,0.35,0.65,0.75,max,80.0,0,1.98,real_measured,0.1505,estimated,2026-09-13T14:56:43.385065+00:00
KXHIGHTEWR,KXHIGHTEWR-26SEP13-B79.5,"Newark, NJ (EWR) Daily Max Temp",KEWR,2026-09-13,between,79.0,80.0,0.28,0.38,0.62,0.72,max,80.0,0,1.98,real_measured,0.1931,estimated,2026-09-13T14:56:43.385065+00:00
KXLOWTSATX,KXLOWTSATX-26SEP14-T79,Lowest Temperature SATX,KSAT,2026-09-14,greater,79.0,,0.14,0.23,0.77,0.86,min,78.0,1,1.79,real_measured,0.2884,estimated,2026-09-13T14:56:43.385065+00:00
KXLOWTSATX,KXLOWTSATX-26SEP14-T72,Lowest Temperature SATX,KSAT,2026-09-14,less,,72.0,0.0,0.01,0.99,1.0,min,78.0,1,1.79,real_measured,0.0004,estimated,2026-09-13T14:56:43.385065+00:00
KXLOWTSATX,KXLOWTSATX-26SEP14-B78.5,Lowest Temperature SATX,KSAT,2026-09-14,between,78.0,79.0,0.49,0.59,0.41,0.51,min,78.0,1,1.79,real_measured,0.2116,estimated,2026-09-13T14:56:43.385065+00:00
KXLOWTSATX,KXLOWTSATX-26SEP14-B76.5,Lowest Temperature SATX,KSAT,2026-09-14,between,76.0,77.0,0.26,0.29,0.71,0.74,min,78.0,1,1.79,real_measured,0.1562,estimated,2026-09-13T14:56:43.385065+00:00
KXLOWTSATX,KXLOWTSATX-26SEP14-B74.5,Lowest Temperature SATX,KSAT,2026-09-14,between,74.0,75.0,0.02,0.18,0.82,0.98,min,78.0,1,1.79,real_measured,0.0342,estimated,2026-09-13T14:56:43.385065+00:00
KXLOWTSATX,KXLOWTSATX-26SEP14-B72.5,Lowest Temperature SATX,KSAT,2026-09-14,between,72.0,73.0,0.02,0.17,0.83,0.98,min,78.0,1,1.79,real_measured,0.0022,estimated,2026-09-13T14:56:43.385065+00:00
KXLOWTSATX,KXLOWTSATX-26SEP13-T79,Lowest Temperature SATX,KSAT,2026-09-13,greater,79.0,,0.0,0.01,0.99,1.0,min,78.0,0,1.98,real_measured,0.3069,estimated,2026-09-13T14:56:43.385065+00:00
KXLOWTSATX,KXLOWTSATX-26SEP13-T72,Lowest Temperature SATX,KSAT,2026-09-13,less,,72.0,0.0,0.02,0.98,1.0,min,78.0,0,1.98,real_measured,0.0012,estimated,2026-09-13T14:56:43.385065+00:00
KXLOWTSATX,KXLOWTSATX-26SEP13-B78.5,Lowest Temperature SATX,KSAT,2026-09-13,between,78.0,79.0,0.96,0.98,0.02,0.04,min,78.0,0,1.98,real_measured,0.1931,estimated,2026-09-13T14:56:43.385065+00:00
KXLOWTSATX,KXLOWTSATX-26SEP13-B76.5,Lowest Temperature SATX,KSAT,2026-09-13,between,76.0,77.0,0.02,0.08,0.92,0.98,min,78.0,0,1.98,real_measured,0.1505,estimated,2026-09-13T14:56:43.385065+00:00
KXLOWTSATX,KXLOWTSATX-26SEP13-B74.5,Lowest Temperature SATX,KSAT,2026-09-13,between,74.0,75.0,0.01,0.02,0.98,0.99,min,78.0,0,1.98,real_measured,0.0433,estimated,2026-09-13T14:56:43.385065+00:00
KXLOWTSATX,KXLOWTSATX-26SEP13-B72.5,Lowest Temperature SATX,KSAT,2026-09-13,between,72.0,73.0,0.0,0.01,0.99,1.0,min,78.0,0,1.98,real_measured,0.0046,estimated,2026-09-13T14:56:43.385065+00:00
KXLOWTLV,KXLOWTLV-26SEP14-T78,Las Vegas Daily Low Temperature,KLAS,2026-09-14,greater,78.0,,0.68,0.75,0.25,0.32,min,78.0,1,1.79,real_measured,0.5,estimated,2026-09-13T14:56:43.385065+00:00
KXLOWTLV,KXLOWTLV-26SEP14-T71,Las Vegas Daily Low Temperature,KLAS,2026-09-14,less,,71.0,0.0,0.01,0.99,1.0,min,78.0,1,1.79,real_measured,0.0,estimated,2026-09-13T14:56:43.385065+00:00
KXLOWTLV,KXLOWTLV-26SEP14-B77.5,Las Vegas Daily Low Temperature,KLAS,2026-09-14,between,77.0,78.0,0.13,0.22,0.78,0.87,min,78.0,1,1.79,real_measured,0.2116,estimated,2026-09-13T14:56:43.385065+00:00
KXLOWTLV,KXLOWTLV-26SEP14-B75.5,Las Vegas Daily Low Temperature,KLAS,2026-09-14,between,75.0,76.0,0.04,0.12,0.88,0.96,min,78.0,1,1.79,real_measured,0.0851,estimated,2026-09-13T14:56:43.385065+00:00
KXLOWTLV,KXLOWTLV-26SEP14-B73.5,Las Vegas Daily Low Temperature,KLAS,2026-09-14,between,73.0,74.0,0.02,0.2,0.8,0.98,min,78.0,1,1.79,real_measured,0.0102,estimated,2026-09-13T14:56:43.385065+00:00
KXLOWTLV,KXLOWTLV-26SEP14-B71.5,Las Vegas Daily Low Temperature,KLAS,2026-09-14,between,71.0,72.0,0.02,0.2,0.8,0.98,min,78.0,1,1.79,real_measured,0.0004,estimated,2026-09-13T14:56:43.385065+00:00
KXLOWTLV,KXLOWTLV-26SEP13-T81,Las Vegas Daily Low Temperature,KLAS,2026-09-13,greater,81.0,,0.95,0.98,0.02,0.05,min,82.0,0,1.98,real_measured,0.6931,estimated,2026-09-13T14:56:43.385065+00:00
KXLOWTLV,KXLOWTLV-26SEP13-T74,Las Vegas Daily Low Temperature,KLAS,2026-09-13,less,,74.0,0.0,0.01,0.99,1.0,min,82.0,0,1.98,real_measured,0.0,estimated,2026-09-13T14:56:43.385065+00:00
KXLOWTLV,KXLOWTLV-26SEP13-B80.5,Las Vegas Daily Low Temperature,KLAS,2026-09-13,between,80.0,81.0,0.02,0.05,0.95,0.98,min,82.0,0,1.98,real_measured,0.1505,estimated,2026-09-13T14:56:43.385065+00:00
KXLOWTLV,KXLOWTLV-26SEP13-B78.5,Las Vegas Daily Low Temperature,KLAS,2026-09-13,between,78.0,79.0,0.0,0.02,0.98,1.0,min,82.0,0,1.98,real_measured,0.0433,estimated,2026-09-13T14:56:43.385065+00:00
KXLOWTLV,KXLOWTLV-26SEP13-B76.5,Las Vegas Daily Low Temperature,KLAS,2026-09-13,between,76.0,77.0,0.0,0.02,0.98,1.0,min,82.0,0,1.98,real_measured,0.0046,estimated,2026-09-13T14:56:43.385065+00:00
KXLOWTLV,KXLOWTLV-26SEP13-B74.5,Las Vegas Daily Low Temperature,KLAS,2026-09-13,between,74.0,75.0,0.0,0.01,0.99,1.0,min,82.0,0,1.98,real_measured,0.0002,estimated,2026-09-13T14:56:43.385065+00:00
KXHIGHTSDF,KXHIGHTSDF-26SEP14-T88,HIGHEST Temperature SATX,KSDF,2026-09-14,greater,88.0,,0.0,0.99,0.01,1.0,max,83.0,1,1.79,real_measured,0.0026,estimated,2026-09-13T14:56:43.385065+00:00
KXHIGHTSDF,KXHIGHTSDF-26SEP14-T81,HIGHEST Temperature SATX,KSDF,2026-09-14,less,,81.0,0.01,0.18,0.82,0.99,max,83.0,1,1.79,real_measured,0.1321,estimated,2026-09-13T14:56:43.385065+00:00
KXHIGHTSDF,KXHIGHTSDF-26SEP14-B87.5,HIGHEST Temperature SATX,KSDF,2026-09-14,between,87.0,88.0,0.01,0.18,0.82,0.99,max,83.0,1,1.79,real_measured,0.0102,estimated,2026-09-13T14:56:43.385065+00:00
KXHIGHTSDF,KXHIGHTSDF-26SEP14-B85.5,HIGHEST Temperature SATX,KSDF,2026-09-14,between,85.0,86.0,0.01,0.18,0.82,0.99,max,83.0,1,1.79,real_measured,0.0851,estimated,2026-09-13T14:56:43.385065+00:00
KXHIGHTSDF,KXHIGHTSDF-26SEP14-B83.5,HIGHEST Temperature SATX,KSDF,2026-09-14,between,83.0,84.0,0.65,0.75,0.25,0.35,max,83.0,1,1.79,real_measured,0.2116,estimated,2026-09-13T14:56:43.385065+00:00
KXHIGHTSDF,KXHIGHTSDF-26SEP14-B81.5,HIGHEST Temperature SATX,KSDF,2026-09-14,between,81.0,82.0,0.23,0.33,0.67,0.77,max,83.0,1,1.79,real_measured,0.1562,estimated,2026-09-13T14:56:43.385065+00:00
KXHIGHTSDF,KXHIGHTSDF-26SEP13-T95,HIGHEST Temperature SATX,KSDF,2026-09-13,greater,95.0,,0.0,0.01,0.99,1.0,max,91.0,0,1.98,real_measured,0.0218,estimated,2026-09-13T14:56:43.385065+00:00
KXHIGHTSDF,KXHIGHTSDF-26SEP13-T88,HIGHEST Temperature SATX,KSDF,2026-09-13,less,,88.0,0.01,0.02,0.98,0.99,max,91.0,0,1.98,real_measured,0.065,estimated,2026-09-13T14:56:43.385065+00:00
KXHIGHTSDF,KXHIGHTSDF-26SEP13-B94.5,HIGHEST Temperature SATX,KSDF,2026-09-13,between,94.0,95.0,0.01,0.14,0.86,0.99,max,91.0,0,1.98,real_measured,0.0433,estimated,2026-09-13T14:56:43.385065+00:00
KXHIGHTSDF,KXHIGHTSDF-26SEP13-B92.5,HIGHEST Temperature SATX,KSDF,2026-09-13,between,92.0,93.0,0.4,0.5,0.5,0.6,max,91.0,0,1.98,real_measured,0.1505,estimated,2026-09-13T14:56:43.385065+00:00
KXHIGHTSDF,KXHIGHTSDF-26SEP13-B90.5,HIGHEST Temperature SATX,KSDF,2026-09-13,between,90.0,91.0,0.49,0.59,0.41,0.51,max,91.0,0,1.98,real_measured,0.1931,estimated,2026-09-13T14:56:43.385065+00:00
KXHIGHTSDF,KXHIGHTSDF-26SEP13-B88.5,HIGHEST Temperature SATX,KSDF,2026-09-13,between,88.0,89.0,0.02,0.04,0.96,0.98,max,91.0,0,1.98,real_measured,0.0914,estimated,2026-09-13T14:56:43.385065+00:00
KXHIGHDEN,KXHIGHDEN-26SEP14-T90,Highest temperature in Denver,KDEN,2026-09-14,greater,90.0,,0.01,0.02,0.98,0.99,max,87.0,1,1.79,real_measured,0.047,estimated,2026-09-13T14:56:43.385065+00:00
KXHIGHDEN,KXHIGHDEN-26SEP14-T83,Highest temperature in Denver,KDEN,2026-09-14,less,,83.0,0.04,0.09,0.91,0.96,max,87.0,1,1.79,real_measured,0.0128,estimated,2026-09-13T14:56:43.385065+00:00
KXHIGHDEN,KXHIGHDEN-26SEP14-B89.5,Highest temperature in Denver,KDEN,2026-09-14,between,89.0,90.0,0.08,0.13,0.87,0.92,max,87.0,1,1.79,real_measured,0.0851,estimated,2026-09-13T14:56:43.385065+00:00
KXHIGHDEN,KXHIGHDEN-26SEP14-B87.5,Highest temperature in Denver,KDEN,2026-09-14,between,87.0,88.0,0.31,0.37,0.63,0.69,max,87.0,1,1.79,real_measured,0.2116,estimated,2026-09-13T14:56:43.385065+00:00
KXHIGHDEN,KXHIGHDEN-26SEP14-B85.5,Highest temperature in Denver,KDEN,2026-09-14,between,85.0,86.0,0.31,0.38,0.62,0.69,max,87.0,1,1.79,real_measured,0.1562,estimated,2026-09-13T14:56:43.385065+00:00
KXHIGHDEN,KXHIGHDEN-26SEP14-B83.5,Highest temperature in Denver,KDEN,2026-09-14,between,83.0,84.0,0.06,0.08,0.92,0.94,max,87.0,1,1.79,real_measured,0.0342,estimated,2026-09-13T14:56:43.385065+00:00
KXHIGHDEN,KXHIGHDEN-26SEP13-T96,Highest temperature in Denver,KDEN,2026-09-13,greater,96.0,,0.02,0.03,0.97,0.98,max,83.0,0,1.98,real_measured,0.0,estimated,2026-09-13T14:56:43.385065+00:00
KXHIGHDEN,KXHIGHDEN-26SEP13-T89,Highest temperature in Denver,KDEN,2026-09-13,less,,89.0,0.01,0.02,0.98,0.99,max,83.0,0,1.98,real_measured,0.9988,estimated,2026-09-13T14:56:43.385065+00:00
KXHIGHDEN,KXHIGHDEN-26SEP13-B95.5,Highest temperature in Denver,KDEN,2026-09-13,between,95.0,96.0,0.15,0.17,0.83,0.85,max,83.0,0,1.98,real_measured,0.0,estimated,2026-09-13T14:56:43.385065+00:00
KXHIGHDEN,KXHIGHDEN-26SEP13-B93.5,Highest temperature in Denver,KDEN,2026-09-13,between,93.0,94.0,0.59,0.61,0.39,0.41,max,83.0,0,1.98,real_measured,0.0,estimated,2026-09-13T14:56:43.385065+00:00
KXHIGHDEN,KXHIGHDEN-26SEP13-B91.5,Highest temperature in Denver,KDEN,2026-09-13,between,91.0,92.0,0.13,0.15,0.85,0.87,max,83.0,0,1.98,real_measured,0.0,estimated,2026-09-13T14:56:43.385065+00:00
KXHIGHDEN,KXHIGHDEN-26SEP13-B89.5,Highest temperature in Denver,KDEN,2026-09-13,between,89.0,90.0,0.02,0.03,0.97,0.98,max,83.0,0,1.98,real_measured,0.001,estimated,2026-09-13T14:56:43.385065+00:00
KXHIGHTTTN,KXHIGHTTTN-26SEP14-T80,"Trenton, NJ Daily Max Temp",KTTN,2026-09-14,greater,80.0,,0.02,0.95,0.05,0.98,max,75.0,1,1.79,real_measured,0.0026,estimated,2026-09-13T14:56:43.385065+00:00
KXHIGHTTTN,KXHIGHTTTN-26SEP14-T73,"Trenton, NJ Daily Max Temp",KTTN,2026-09-14,less,,73.0,0.03,0.95,0.05,0.97,max,75.0,1,1.79,real_measured,0.1321,estimated,2026-09-13T14:56:43.385065+00:00
KXHIGHTTTN,KXHIGHTTTN-26SEP14-B79.5,"Trenton, NJ Daily Max Temp",KTTN,2026-09-14,between,79.0,80.0,0.02,0.94,0.06,0.98,max,75.0,1,1.79,real_measured,0.0102,estimated,2026-09-13T14:56:43.385065+00:00
KXHIGHTTTN,KXHIGHTTTN-26SEP14-B77.5,"Trenton, NJ Daily Max Temp",KTTN,2026-09-14,between,77.0,78.0,0.02,0.94,0.06,0.98,max,75.0,1,1.79,real_measured,0.0851,estimated,2026-09-13T14:56:43.385065+00:00
KXHIGHTTTN,KXHIGHTTTN-26SEP14-B75.5,"Trenton, NJ Daily Max Temp",KTTN,2026-09-14,between,75.0,76.0,0.03,0.95,0.05,0.97,max,75.0,1,1.79,real_measured,0.2116,estimated,2026-09-13T14:56:43.385065+00:00
KXHIGHTTTN,KXHIGHTTTN-26SEP14-B73.5,"Trenton, NJ Daily Max Temp",KTTN,2026-09-14,between,73.0,74.0,0.03,0.53,0.47,0.97,max,75.0,1,1.79,real_measured,0.1562,estimated,2026-09-13T14:56:43.385065+00:00
KXHIGHTTTN,KXHIGHTTTN-26SEP13-T86,"Trenton, NJ Daily Max Temp",KTTN,2026-09-13,greater,86.0,,0.01,0.02,0.98,0.99,max,83.0,0,1.98,real_measured,0.065,estimated,2026-09-13T14:56:43.385065+00:00
KXHIGHTTTN,KXHIGHTTTN-26SEP13-T79,"Trenton, NJ Daily Max Temp",KTTN,2026-09-13,less,,79.0,0.02,0.19,0.81,0.98,max,83.0,0,1.98,real_measured,0.0218,estimated,2026-09-13T14:56:43.385065+00:00
KXHIGHTTTN,KXHIGHTTTN-26SEP13-B85.5,"Trenton, NJ Daily Max Temp",KTTN,2026-09-13,between,85.0,86.0,0.02,0.19,0.81,0.98,max,83.0,0,1.98,real_measured,0.0914,estimated,2026-09-13T14:56:43.385065+00:00
KXHIGHTTTN,KXHIGHTTTN-26SEP13-B83.5,"Trenton, NJ Daily Max Temp",KTTN,2026-09-13,between,83.0,84.0,0.11,0.18,0.82,0.89,max,83.0,0,1.98,real_measured,0.1931,estimated,2026-09-13T14:56:43.385065+00:00
KXHIGHTTTN,KXHIGHTTTN-26SEP13-B81.5,"Trenton, NJ Daily Max Temp",KTTN,2026-09-13,between,81.0,82.0,0.62,0.72,0.28,0.38,max,83.0,0,1.98,real_measured,0.1505,estimated,2026-09-13T14:56:43.385065+00:00
KXHIGHTTTN,KXHIGHTTTN-26SEP13-B79.5,"Trenton, NJ Daily Max Temp",KTTN,2026-09-13,between,79.0,80.0,0.14,0.24,0.76,0.86,max,83.0,0,1.98,real_measured,0.0433,estimated,2026-09-13T14:56:43.385065+00:00
KXHIGHTHOU,KXHIGHTHOU-26SEP14-T98,Daily High Temperature Houston,KHOU,2026-09-14,greater,98.0,,0.0,0.02,0.98,1.0,max,93.0,1,1.79,real_measured,0.0026,estimated,2026-09-13T14:56:43.385065+00:00
KXHIGHTHOU,KXHIGHTHOU-26SEP14-T91,Daily High Temperature Houston,KHOU,2026-09-14,less,,91.0,0.06,0.09,0.91,0.94,max,93.0,1,1.79,real_measured,0.1321,estimated,2026-09-13T14:56:43.385065+00:00
KXHIGHTHOU,KXHIGHTHOU-26SEP14-B97.5,Daily High Temperature Houston,KHOU,2026-09-14,between,97.0,98.0,0.03,0.09,0.91,0.97,max,93.0,1,1.79,real_measured,0.0102,estimated,2026-09-13T14:56:43.385065+00:00
KXHIGHTHOU,KXHIGHTHOU-26SEP14-B95.5,Daily High Temperature Houston,KHOU,2026-09-14,between,95.0,96.0,0.21,0.25,0.75,0.79,max,93.0,1,1.79,real_measured,0.0851,estimated,2026-09-13T14:56:43.385065+00:00
KXHIGHTHOU,KXHIGHTHOU-26SEP14-B93.5,Daily High Temperature Houston,KHOU,2026-09-14,between,93.0,94.0,0.31,0.37,0.63,0.69,max,93.0,1,1.79,real_measured,0.2116,estimated,2026-09-13T14:56:43.385065+00:00
KXHIGHTHOU,KXHIGHTHOU-26SEP14-B91.5,Daily High Temperature Houston,KHOU,2026-09-14,between,91.0,92.0,0.23,0.28,0.72,0.77,max,93.0,1,1.79,real_measured,0.1562,estimated,2026-09-13T14:56:43.385065+00:00
KXHIGHTHOU,KXHIGHTHOU-26SEP13-T98,Daily High Temperature Houston,KHOU,2026-09-13,greater,98.0,,0.0,0.01,0.99,1.0,max,94.0,0,1.98,real_measured,0.0218,estimated,2026-09-13T14:56:43.385065+00:00
KXHIGHTHOU,KXHIGHTHOU-26SEP13-T91,Daily High Temperature Houston,KHOU,2026-09-13,less,,91.0,0.05,0.09,0.91,0.95,max,94.0,0,1.98,real_measured,0.065,estimated,2026-09-13T14:56:43.385065+00:00
KXHIGHTHOU,KXHIGHTHOU-26SEP13-B97.5,Daily High Temperature Houston,KHOU,2026-09-13,between,97.0,98.0,0.02,0.03,0.97,0.98,max,94.0,0,1.98,real_measured,0.0433,estimated,2026-09-13T14:56:43.385065+00:00
KXHIGHTHOU,KXHIGHTHOU-26SEP13-B95.5,Daily High Temperature Houston,KHOU,2026-09-13,between,95.0,96.0,0.16,0.19,0.81,0.84,max,94.0,0,1.98,real_measured,0.1505,estimated,2026-09-13T14:56:43.385065+00:00
KXHIGHTHOU,KXHIGHTHOU-26SEP13-B93.5,Daily High Temperature Houston,KHOU,2026-09-13,between,93.0,94.0,0.46,0.47,0.53,0.54,max,94.0,0,1.98,real_measured,0.1931,estimated,2026-09-13T14:56:43.385065+00:00
KXHIGHTHOU,KXHIGHTHOU-26SEP13-B91.5,Daily High Temperature Houston,KHOU,2026-09-13,between,91.0,92.0,0.28,0.32,0.68,0.72,max,94.0,0,1.98,real_measured,0.0914,estimated,2026-09-13T14:56:43.385065+00:00
KXLOWTCHI,KXLOWTCHI-26SEP14-T57,Lowest Temperature Chicago,KMDW,2026-09-14,greater,57.0,,0.16,0.25,0.75,0.84,min,56.0,1,1.79,real_measured,0.2884,estimated,2026-09-13T14:56:43.385065+00:00
KXLOWTCHI,KXLOWTCHI-26SEP14-T50,Lowest Temperature Chicago,KMDW,2026-09-14,less,,50.0,0.0,0.01,0.99,1.0,min,56.0,1,1.79,real_measured,0.0004,estimated,2026-09-13T14:56:43.385065+00:00
KXLOWTCHI,KXLOWTCHI-26SEP14-B56.5,Lowest Temperature Chicago,KMDW,2026-09-14,between,56.0,57.0,0.34,0.35,0.65,0.66,min,56.0,1,1.79,real_measured,0.2116,estimated,2026-09-13T14:56:43.385065+00:00
KXLOWTCHI,KXLOWTCHI-26SEP14-B54.5,Lowest Temperature Chicago,KMDW,2026-09-14,between,54.0,55.0,0.31,0.32,0.68,0.69,min,56.0,1,1.79,real_measured,0.1562,estimated,2026-09-13T14:56:43.385065+00:00
KXLOWTCHI,KXLOWTCHI-26SEP14-B52.5,Lowest Temperature Chicago,KMDW,2026-09-14,between,52.0,53.0,0.0,0.07,0.93,1.0,min,56.0,1,1.79,real_measured,0.0342,estimated,2026-09-13T14:56:43.385065+00:00
KXLOWTCHI,KXLOWTCHI-26SEP14-B50.5,Lowest Temperature Chicago,KMDW,2026-09-14,between,50.0,51.0,0.01,0.06,0.94,0.99,min,56.0,1,1.79,real_measured,0.0022,estimated,2026-09-13T14:56:43.385065+00:00
KXLOWTCHI,KXLOWTCHI-26SEP13-T64,Lowest Temperature Chicago,KMDW,2026-09-13,greater,64.0,,0.0,0.01,0.99,1.0,min,65.0,0,1.98,real_measured,0.6931,estimated,2026-09-13T14:56:43.385065+00:00
KXLOWTCHI,KXLOWTCHI-26SEP13-T57,Lowest Temperature Chicago,KMDW,2026-09-13,less,,57.0,0.0,0.02,0.98,1.0,min,65.0,0,1.98,real_measured,0.0,estimated,2026-09-13T14:56:43.385065+00:00
KXLOWTCHI,KXLOWTCHI-26SEP13-B63.5,Lowest Temperature Chicago,KMDW,2026-09-13,between,63.0,64.0,0.02,0.05,0.95,0.98,min,65.0,0,1.98,real_measured,0.1505,estimated,2026-09-13T14:56:43.385065+00:00
KXLOWTCHI,KXLOWTCHI-26SEP13-B61.5,Lowest Temperature Chicago,KMDW,2026-09-13,between,61.0,62.0,0.18,0.22,0.78,0.82,min,65.0,0,1.98,real_measured,0.0433,estimated,2026-09-13T14:56:43.385065+00:00
KXLOWTCHI,KXLOWTCHI-26SEP13-B59.5,Lowest Temperature Chicago,KMDW,2026-09-13,between,59.0,60.0,0.48,0.49,0.51,0.52,min,65.0,0,1.98,real_measured,0.0046,estimated,2026-09-13T14:56:43.385065+00:00
KXLOWTCHI,KXLOWTCHI-26SEP13-B57.5,Lowest Temperature Chicago,KMDW,2026-09-13,between,57.0,58.0,0.16,0.21,0.79,0.84,min,65.0,0,1.98,real_measured,0.0002,estimated,2026-09-13T14:56:43.385065+00:00
KXLOWTMIA,KXLOWTMIA-26SEP14-T79,Lowest temperature in Miami,KMIA,2026-09-14,greater,79.0,,0.03,0.08,0.92,0.97,min,78.0,1,1.79,real_measured,0.2884,estimated,2026-09-13T14:56:43.385065+00:00
KXLOWTMIA,KXLOWTMIA-26SEP14-T72,Lowest temperature in Miami,KMIA,2026-09-14,less,,72.0,0.03,0.05,0.95,0.97,min,78.0,1,1.79,real_measured,0.0004,estimated,2026-09-13T14:56:43.385065+00:00
KXLOWTMIA,KXLOWTMIA-26SEP14-B78.5,Lowest temperature in Miami,KMIA,2026-09-14,between,78.0,79.0,0.08,0.11,0.89,0.92,min,78.0,1,1.79,real_measured,0.2116,estimated,2026-09-13T14:56:43.385065+00:00
KXLOWTMIA,KXLOWTMIA-26SEP14-B76.5,Lowest temperature in Miami,KMIA,2026-09-14,between,76.0,77.0,0.41,0.45,0.55,0.59,min,78.0,1,1.79,real_measured,0.1562,estimated,2026-09-13T14:56:43.385065+00:00
KXLOWTMIA,KXLOWTMIA-26SEP14-B74.5,Lowest temperature in Miami,KMIA,2026-09-14,between,74.0,75.0,0.21,0.29,0.71,0.79,min,78.0,1,1.79,real_measured,0.0342,estimated,2026-09-13T14:56:43.385065+00:00
KXLOWTMIA,KXLOWTMIA-26SEP14-B72.5,Lowest temperature in Miami,KMIA,2026-09-14,between,72.0,73.0,0.06,0.13,0.87,0.94,min,78.0,1,1.79,real_measured,0.0022,estimated,2026-09-13T14:56:43.385065+00:00
KXLOWTMIA,KXLOWTMIA-26SEP13-T80,Lowest temperature in Miami,KMIA,2026-09-13,greater,80.0,,0.0,0.01,0.99,1.0,min,79.0,0,1.98,real_measured,0.3069,estimated,2026-09-13T14:56:43.385065+00:00
KXLOWTMIA,KXLOWTMIA-26SEP13-T73,Lowest temperature in Miami,KMIA,2026-09-13,less,,73.0,0.0,0.03,0.97,1.0,min,79.0,0,1.98,real_measured,0.0012,estimated,2026-09-13T14:56:43.385065+00:00
KXLOWTMIA,KXLOWTMIA-26SEP13-B79.5,Lowest temperature in Miami,KMIA,2026-09-13,between,79.0,80.0,0.0,0.01,0.99,1.0,min,79.0,0,1.98,real_measured,0.1931,estimated,2026-09-13T14:56:43.385065+00:00
KXLOWTMIA,KXLOWTMIA-26SEP13-B77.5,Lowest temperature in Miami,KMIA,2026-09-13,between,77.0,78.0,0.47,0.85,0.15,0.53,min,79.0,0,1.98,real_measured,0.1505,estimated,2026-09-13T14:56:43.385065+00:00
KXLOWTMIA,KXLOWTMIA-26SEP13-B75.5,Lowest temperature in Miami,KMIA,2026-09-13,between,75.0,76.0,0.2,0.22,0.78,0.8,min,79.0,0,1.98,real_measured,0.0433,estimated,2026-09-13T14:56:43.385065+00:00
KXLOWTMIA,KXLOWTMIA-26SEP13-B73.5,Lowest temperature in Miami,KMIA,2026-09-13,between,73.0,74.0,0.03,0.1,0.9,0.97,min,79.0,0,1.98,real_measured,0.0046,estimated,2026-09-13T14:56:43.385065+00:00
KXLOWTSFO,KXLOWTSFO-26SEP14-T57,Lowest Temperature San Francisco,KSFO,2026-09-14,greater,57.0,,0.04,0.17,0.83,0.96,min,55.0,1,1.79,real_measured,0.1321,estimated,2026-09-13T14:56:43.385065+00:00
KXLOWTSFO,KXLOWTSFO-26SEP14-T50,Lowest Temperature San Francisco,KSFO,2026-09-14,less,,50.0,0.01,0.1,0.9,0.99,min,55.0,1,1.79,real_measured,0.0026,estimated,2026-09-13T14:56:43.385065+00:00
KXLOWTSFO,KXLOWTSFO-26SEP14-B56.5,Lowest Temperature San Francisco,KSFO,2026-09-14,between,56.0,57.0,0.52,0.53,0.47,0.48,min,55.0,1,1.79,real_measured,0.1562,estimated,2026-09-13T14:56:43.385065+00:00
KXLOWTSFO,KXLOWTSFO-26SEP14-B54.5,Lowest Temperature San Francisco,KSFO,2026-09-14,between,54.0,55.0,0.36,0.45,0.55,0.64,min,55.0,1,1.79,real_measured,0.2116,estimated,2026-09-13T14:56:43.385065+00:00
KXLOWTSFO,KXLOWTSFO-26SEP14-B52.5,Lowest Temperature San Francisco,KSFO,2026-09-14,between,52.0,53.0,0.01,0.11,0.89,0.99,min,55.0,1,1.79,real_measured,0.0851,estimated,2026-09-13T14:56:43.385065+00:00
KXLOWTSFO,KXLOWTSFO-26SEP14-B50.5,Lowest Temperature San Francisco,KSFO,2026-09-14,between,50.0,51.0,0.01,0.08,0.92,0.99,min,55.0,1,1.79,real_measured,0.0102,estimated,2026-09-13T14:56:43.385065+00:00
KXLOWTSFO,KXLOWTSFO-26SEP13-T60,Lowest Temperature San Francisco,KSFO,2026-09-13,greater,60.0,,0.0,0.01,0.99,1.0,min,59.0,0,1.98,real_measured,0.3069,estimated,2026-09-13T14:56:43.385065+00:00
KXLOWTSFO,KXLOWTSFO-26SEP13-T53,Lowest Temperature San Francisco,KSFO,2026-09-13,less,,53.0,0.0,0.01,0.99,1.0,min,59.0,0,1.98,real_measured,0.0012,estimated,2026-09-13T14:56:43.385065+00:00
KXLOWTSFO,KXLOWTSFO-26SEP13-B59.5,Lowest Temperature San Francisco,KSFO,2026-09-13,between,59.0,60.0,0.91,0.95,0.05,0.09,min,59.0,0,1.98,real_measured,0.1931,estimated,2026-09-13T14:56:43.385065+00:00
KXLOWTSFO,KXLOWTSFO-26SEP13-B57.5,Lowest Temperature San Francisco,KSFO,2026-09-13,between,57.0,58.0,0.02,0.11,0.89,0.98,min,59.0,0,1.98,real_measured,0.1505,estimated,2026-09-13T14:56:43.385065+00:00
KXLOWTSFO,KXLOWTSFO-26SEP13-B55.5,Lowest Temperature San Francisco,KSFO,2026-09-13,between,55.0,56.0,0.01,0.09,0.91,0.99,min,59.0,0,1.98,real_measured,0.0433,estimated,2026-09-13T14:56:43.385065+00:00
KXLOWTSFO,KXLOWTSFO-26SEP13-B53.5,Lowest Temperature San Francisco,KSFO,2026-09-13,between,53.0,54.0,0.0,0.02,0.98,1.0,min,59.0,0,1.98,real_measured,0.0046,estimated,2026-09-13T14:56:43.385065+00:00
KXHIGHPHIL,KXHIGHPHIL-26SEP14-T81,Highest temperature in Philadelphia,KPHL,2026-09-14,greater,81.0,,0.01,0.03,0.97,0.99,max,77.0,1,1.79,real_measured,0.0128,estimated,2026-09-13T14:56:43.385065+00:00
KXHIGHPHIL,KXHIGHPHIL-26SEP14-T74,Highest temperature in Philadelphia,KPHL,2026-09-14,less,,74.0,0.14,0.15,0.85,0.86,max,77.0,1,1.79,real_measured,0.047,estimated,2026-09-13T14:56:43.385065+00:00
KXHIGHPHIL,KXHIGHPHIL-26SEP14-B80.5,Highest temperature in Philadelphia,KPHL,2026-09-14,between,80.0,81.0,0.07,0.11,0.89,0.93,max,77.0,1,1.79,real_measured,0.0342,estimated,2026-09-13T14:56:43.385065+00:00
KXHIGHPHIL,KXHIGHPHIL-26SEP14-B78.5,Highest temperature in Philadelphia,KPHL,2026-09-14,between,78.0,79.0,0.34,0.4,0.6,0.66,max,77.0,1,1.79,real_measured,0.1562,estimated,2026-09-13T14:56:43.385065+00:00
KXHIGHPHIL,KXHIGHPHIL-26SEP14-B76.5,Highest temperature in Philadelphia,KPHL,2026-09-14,between,76.0,77.0,0.29,0.37,0.63,0.71,max,77.0,1,1.79,real_measured,0.2116,estimated,2026-09-13T14:56:43.385065+00:00
KXHIGHPHIL,KXHIGHPHIL-26SEP14-B74.5,Highest temperature in Philadelphia,KPHL,2026-09-14,between,74.0,75.0,0.06,0.1,0.9,0.94,max,77.0,1,1.79,real_measured,0.0851,estimated,2026-09-13T14:56:43.385065+00:00
KXHIGHPHIL,KXHIGHPHIL-26SEP13-T87,Highest temperature in Philadelphia,KPHL,2026-09-13,greater,87.0,,0.01,0.02,0.98,0.99,max,84.0,0,1.98,real_measured,0.065,estimated,2026-09-13T14:56:43.385065+00:00
KXHIGHPHIL,KXHIGHPHIL-26SEP13-T80,Highest temperature in Philadelphia,KPHL,2026-09-13,less,,80.0,0.0,0.07,0.93,1.0,max,84.0,0,1.98,real_measured,0.0218,estimated,2026-09-13T14:56:43.385065+00:00
KXHIGHPHIL,KXHIGHPHIL-26SEP13-B86.5,Highest temperature in Philadelphia,KPHL,2026-09-13,between,86.0,87.0,0.2,0.21,0.79,0.8,max,84.0,0,1.98,real_measured,0.0914,estimated,2026-09-13T14:56:43.385065+00:00
KXHIGHPHIL,KXHIGHPHIL-26SEP13-B84.5,Highest temperature in Philadelphia,KPHL,2026-09-13,between,84.0,85.0,0.55,0.56,0.44,0.45,max,84.0,0,1.98,real_measured,0.1931,estimated,2026-09-13T14:56:43.385065+00:00
KXHIGHPHIL,KXHIGHPHIL-26SEP13-B82.5,Highest temperature in Philadelphia,KPHL,2026-09-13,between,82.0,83.0,0.14,0.18,0.82,0.86,max,84.0,0,1.98,real_measured,0.1505,estimated,2026-09-13T14:56:43.385065+00:00
KXHIGHPHIL,KXHIGHPHIL-26SEP13-B80.5,Highest temperature in Philadelphia,KPHL,2026-09-13,between,80.0,81.0,0.02,0.07,0.93,0.98,max,84.0,0,1.98,real_measured,0.0433,estimated,2026-09-13T14:56:43.385065+00:00
KXHIGHCHI,KXHIGHCHI-26SEP14-T79,Highest temperature in Chicago,KMDW,2026-09-14,greater,79.0,,0.01,0.02,0.98,0.99,max,74.0,1,1.79,real_measured,0.0026,estimated,2026-09-13T14:56:43.385065+00:00
KXHIGHCHI,KXHIGHCHI-26SEP14-T72,Highest temperature in Chicago,KMDW,2026-09-14,less,,72.0,0.03,0.04,0.96,0.97,max,74.0,1,1.79,real_measured,0.1321,estimated,2026-09-13T14:56:43.385065+00:00
KXHIGHCHI,KXHIGHCHI-26SEP14-B78.5,Highest temperature in Chicago,KMDW,2026-09-14,between,78.0,79.0,0.04,0.05,0.95,0.96,max,74.0,1,1.79,real_measured,0.0102,estimated,2026-09-13T14:56:43.385065+00:00
KXHIGHCHI,KXHIGHCHI-26SEP14-B76.5,Highest temperature in Chicago,KMDW,2026-09-14,between,76.0,77.0,0.26,0.3,0.7,0.74,max,74.0,1,1.79,real_measured,0.0851,estimated,2026-09-13T14:56:43.385065+00:00
KXHIGHCHI,KXHIGHCHI-26SEP14-B74.5,Highest temperature in Chicago,KMDW,2026-09-14,between,74.0,75.0,0.34,0.36,0.64,0.66,max,74.0,1,1.79,real_measured,0.2116,estimated,2026-09-13T14:56:43.385065+00:00
KXHIGHCHI,KXHIGHCHI-26SEP14-B72.5,Highest temperature in Chicago,KMDW,2026-09-14,between,72.0,73.0,0.23,0.25,0.75,0.77,max,74.0,1,1.79,real_measured,0.1562,estimated,2026-09-13T14:56:43.385065+00:00
KXHIGHCHI,KXHIGHCHI-26SEP13-T79,Highest temperature in Chicago,KMDW,2026-09-13,greater,79.0,,0.02,0.03,0.97,0.98,max,74.0,0,1.98,real_measured,0.0058,estimated,2026-09-13T14:56:43.385065+00:00
KXHIGHCHI,KXHIGHCHI-26SEP13-T72,Highest temperature in Chicago,KMDW,2026-09-13,less,,72.0,0.0,0.01,0.99,1.0,max,74.0,0,1.98,real_measured,0.1564,estimated,2026-09-13T14:56:43.385065+00:00
KXHIGHCHI,KXHIGHCHI-26SEP13-B78.5,Highest temperature in Chicago,KMDW,2026-09-13,between,78.0,79.0,0.05,0.08,0.92,0.95,max,74.0,0,1.98,real_measured,0.0159,estimated,2026-09-13T14:56:43.385065+00:00
KXHIGHCHI,KXHIGHCHI-26SEP13-B76.5,Highest temperature in Chicago,KMDW,2026-09-13,between,76.0,77.0,0.6,0.63,0.37,0.4,max,74.0,0,1.98,real_measured,0.0914,estimated,2026-09-13T14:56:43.385065+00:00
KXHIGHCHI,KXHIGHCHI-26SEP13-B74.5,Highest temperature in Chicago,KMDW,2026-09-13,between,74.0,75.0,0.27,0.3,0.7,0.73,max,74.0,0,1.98,real_measured,0.1931,estimated,2026-09-13T14:56:43.385065+00:00
KXHIGHCHI,KXHIGHCHI-26SEP13-B72.5,Highest temperature in Chicago,KMDW,2026-09-13,between,72.0,73.0,0.0,0.01,0.99,1.0,max,74.0,0,1.98,real_measured,0.1505,estimated,2026-09-13T14:56:43.385065+00:00
KXHIGHTDAL,KXHIGHTDAL-26SEP14-T98,Dallas Maximum Temperature,KDFW,2026-09-14,less,,98.0,0.03,0.08,0.92,0.97,max,100.0,1,1.79,real_measured,0.1321,estimated,2026-09-13T14:56:43.385065+00:00
KXHIGHTDAL,KXHIGHTDAL-26SEP14-T105,Dallas Maximum Temperature,KDFW,2026-09-14,greater,105.0,,0.01,0.02,0.98,0.99,max,100.0,1,1.79,real_measured,0.0026,estimated,2026-09-13T14:56:43.385065+00:00
KXHIGHTDAL,KXHIGHTDAL-26SEP14-B98.5,Dallas Maximum Temperature,KDFW,2026-09-14,between,98.0,99.0,0.16,0.18,0.82,0.84,max,100.0,1,1.79,real_measured,0.1562,estimated,2026-09-13T14:56:43.385065+00:00
KXHIGHTDAL,KXHIGHTDAL-26SEP14-B104.5,Dallas Maximum Temperature,KDFW,2026-09-14,between,104.0,105.0,0.02,0.03,0.97,0.98,max,100.0,1,1.79,real_measured,0.0102,estimated,2026-09-13T14:56:43.385065+00:00
KXHIGHTDAL,KXHIGHTDAL-26SEP14-B102.5,Dallas Maximum Temperature,KDFW,2026-09-14,between,102.0,103.0,0.26,0.33,0.67,0.74,max,100.0,1,1.79,real_measured,0.0851,estimated,2026-09-13T14:56:43.385065+00:00
KXHIGHTDAL,KXHIGHTDAL-26SEP14-B100.5,Dallas Maximum Temperature,KDFW,2026-09-14,between,100.0,101.0,0.41,0.44,0.56,0.59,max,100.0,1,1.79,real_measured,0.2116,estimated,2026-09-13T14:56:43.385065+00:00
KXHIGHTDAL,KXHIGHTDAL-26SEP13-T98,Dallas Maximum Temperature,KDFW,2026-09-13,less,,98.0,0.0,0.01,0.99,1.0,max,100.0,0,1.98,real_measured,0.1564,estimated,2026-09-13T14:56:43.385065+00:00
KXHIGHTDAL,KXHIGHTDAL-26SEP13-T105,Dallas Maximum Temperature,KDFW,2026-09-13,greater,105.0,,0.0,0.01,0.99,1.0,max,100.0,0,1.98,real_measured,0.0058,estimated,2026-09-13T14:56:43.385065+00:00
KXHIGHTDAL,KXHIGHTDAL-26SEP13-B98.5,Dallas Maximum Temperature,KDFW,2026-09-13,between,98.0,99.0,0.16,0.21,0.79,0.84,max,100.0,0,1.98,real_measured,0.1505,estimated,2026-09-13T14:56:43.385065+00:00
KXHIGHTDAL,KXHIGHTDAL-26SEP13-B104.5,Dallas Maximum Temperature,KDFW,2026-09-13,between,104.0,105.0,0.01,0.02,0.98,0.99,max,100.0,0,1.98,real_measured,0.0159,estimated,2026-09-13T14:56:43.385065+00:00
KXHIGHTDAL,KXHIGHTDAL-26SEP13-B102.5,Dallas Maximum Temperature,KDFW,2026-09-13,between,102.0,103.0,0.18,0.23,0.77,0.82,max,100.0,0,1.98,real_measured,0.0914,estimated,2026-09-13T14:56:43.385065+00:00
KXHIGHTDAL,KXHIGHTDAL-26SEP13-B100.5,Dallas Maximum Temperature,KDFW,2026-09-13,between,100.0,101.0,0.64,0.68,0.32,0.36,max,100.0,0,1.98,real_measured,0.1931,estimated,2026-09-13T14:56:43.385065+00:00
KXHIGHTMIN,KXHIGHTMIN-26SEP14-T71,Minneapolis Daily High Temperature,KMSP,2026-09-14,greater,71.0,,0.01,0.03,0.97,0.99,max,66.0,1,1.79,real_measured,0.0026,estimated,2026-09-13T14:56:43.385065+00:00
KXHIGHTMIN,KXHIGHTMIN-26SEP14-T64,Minneapolis Daily High Temperature,KMSP,2026-09-14,less,,64.0,0.26,0.33,0.67,0.74,max,66.0,1,1.79,real_measured,0.1321,estimated,2026-09-13T14:56:43.385065+00:00
KXHIGHTMIN,KXHIGHTMIN-26SEP14-B70.5,Minneapolis Daily High Temperature,KMSP,2026-09-14,between,70.0,71.0,0.04,0.09,0.91,0.96,max,66.0,1,1.79,real_measured,0.0102,estimated,2026-09-13T14:56:43.385065+00:00
KXHIGHTMIN,KXHIGHTMIN-26SEP14-B68.5,Minneapolis Daily High Temperature,KMSP,2026-09-14,between,68.0,69.0,0.15,0.23,0.77,0.85,max,66.0,1,1.79,real_measured,0.0851,estimated,2026-09-13T14:56:43.385065+00:00
KXHIGHTMIN,KXHIGHTMIN-26SEP14-B66.5,Minneapolis Daily High Temperature,KMSP,2026-09-14,between,66.0,67.0,0.13,0.19,0.81,0.87,max,66.0,1,1.79,real_measured,0.2116,estimated,2026-09-13T14:56:43.385065+00:00
KXHIGHTMIN,KXHIGHTMIN-26SEP14-B64.5,Minneapolis Daily High Temperature,KMSP,2026-09-14,between,64.0,65.0,0.15,0.23,0.77,0.85,max,66.0,1,1.79,real_measured,0.1562,estimated,2026-09-13T14:56:43.385065+00:00
KXHIGHTMIN,KXHIGHTMIN-26SEP13-T72,Minneapolis Daily High Temperature,KMSP,2026-09-13,greater,72.0,,0.37,0.41,0.59,0.63,max,71.0,0,1.98,real_measured,0.3069,estimated,2026-09-13T14:56:43.385065+00:00
KXHIGHTMIN,KXHIGHTMIN-26SEP13-T65,Minneapolis Daily High Temperature,KMSP,2026-09-13,less,,65.0,0.0,0.01,0.99,1.0,max,71.0,0,1.98,real_measured,0.0012,estimated,2026-09-13T14:56:43.385065+00:00
KXHIGHTMIN,KXHIGHTMIN-26SEP13-B71.5,Minneapolis Daily High Temperature,KMSP,2026-09-13,between,71.0,72.0,0.49,0.51,0.49,0.51,max,71.0,0,1.98,real_measured,0.1931,estimated,2026-09-13T14:56:43.385065+00:00
KXHIGHTMIN,KXHIGHTMIN-26SEP13-B69.5,Minneapolis Daily High Temperature,KMSP,2026-09-13,between,69.0,70.0,0.08,0.09,0.91,0.92,max,71.0,0,1.98,real_measured,0.1505,estimated,2026-09-13T14:56:43.385065+00:00
KXHIGHTMIN,KXHIGHTMIN-26SEP13-B67.5,Minneapolis Daily High Temperature,KMSP,2026-09-13,between,67.0,68.0,0.02,0.03,0.97,0.98,max,71.0,0,1.98,real_measured,0.0433,estimated,2026-09-13T14:56:43.385065+00:00
KXHIGHTMIN,KXHIGHTMIN-26SEP13-B65.5,Minneapolis Daily High Temperature,KMSP,2026-09-13,between,65.0,66.0,0.01,0.02,0.98,0.99,max,71.0,0,1.98,real_measured,0.0046,estimated,2026-09-13T14:56:43.385065+00:00
KXLOWTAUS,KXLOWTAUS-26SEP14-T78,Lowest temperature in Austin,KAUS,2026-09-14,greater,78.0,,0.05,0.09,0.91,0.95,min,76.0,1,1.79,real_measured,0.1321,estimated,2026-09-13T14:56:43.385065+00:00
KXLOWTAUS,KXLOWTAUS-26SEP14-T71,Lowest temperature in Austin,KAUS,2026-09-14,less,,71.0,0.03,0.04,0.96,0.97,min,76.0,1,1.79,real_measured,0.0026,estimated,2026-09-13T14:56:43.385065+00:00
KXLOWTAUS,KXLOWTAUS-26SEP14-B77.5,Lowest temperature in Austin,KAUS,2026-09-14,between,77.0,78.0,0.23,0.33,0.67,0.77,min,76.0,1,1.79,real_measured,0.1562,estimated,2026-09-13T14:56:43.385065+00:00
KXLOWTAUS,KXLOWTAUS-26SEP14-B75.5,Lowest temperature in Austin,KAUS,2026-09-14,between,75.0,76.0,0.42,0.47,0.53,0.58,min,76.0,1,1.79,real_measured,0.2116,estimated,2026-09-13T14:56:43.385065+00:00
KXLOWTAUS,KXLOWTAUS-26SEP14-B73.5,Lowest temperature in Austin,KAUS,2026-09-14,between,73.0,74.0,0.14,0.22,0.78,0.86,min,76.0,1,1.79,real_measured,0.0851,estimated,2026-09-13T14:56:43.385065+00:00
KXLOWTAUS,KXLOWTAUS-26SEP14-B71.5,Lowest temperature in Austin,KAUS,2026-09-14,between,71.0,72.0,0.03,0.19,0.81,0.97,min,76.0,1,1.79,real_measured,0.0102,estimated,2026-09-13T14:56:43.385065+00:00
KXLOWTAUS,KXLOWTAUS-26SEP13-T78,Lowest temperature in Austin,KAUS,2026-09-13,greater,78.0,,0.0,0.01,0.99,1.0,min,75.0,0,1.98,real_measured,0.065,estimated,2026-09-13T14:56:43.385065+00:00
KXLOWTAUS,KXLOWTAUS-26SEP13-T71,Lowest temperature in Austin,KAUS,2026-09-13,less,,71.0,0.0,0.01,0.99,1.0,min,75.0,0,1.98,real_measured,0.0218,estimated,2026-09-13T14:56:43.385065+00:00
KXLOWTAUS,KXLOWTAUS-26SEP13-B77.5,Lowest temperature in Austin,KAUS,2026-09-13,between,77.0,78.0,0.0,0.01,0.99,1.0,min,75.0,0,1.98,real_measured,0.0914,estimated,2026-09-13T14:56:43.385065+00:00
KXLOWTAUS,KXLOWTAUS-26SEP13-B75.5,Lowest temperature in Austin,KAUS,2026-09-13,between,75.0,76.0,0.95,0.99,0.01,0.05,min,75.0,0,1.98,real_measured,0.1931,estimated,2026-09-13T14:56:43.385065+00:00
KXLOWTAUS,KXLOWTAUS-26SEP13-B73.5,Lowest temperature in Austin,KAUS,2026-09-13,between,73.0,74.0,0.01,0.06,0.94,0.99,min,75.0,0,1.98,real_measured,0.1505,estimated,2026-09-13T14:56:43.385065+00:00
KXLOWTAUS,KXLOWTAUS-26SEP13-B71.5,Lowest temperature in Austin,KAUS,2026-09-13,between,71.0,72.0,0.01,0.02,0.98,0.99,min,75.0,0,1.98,real_measured,0.0433,estimated,2026-09-13T14:56:43.385065+00:00
KXLOWTDEN,KXLOWTDEN-26SEP14-T66,Lowest temperature in Denver,KDEN,2026-09-14,greater,66.0,,0.05,0.1,0.9,0.95,min,63.0,1,1.79,real_measured,0.047,estimated,2026-09-13T14:56:43.385065+00:00
KXLOWTDEN,KXLOWTDEN-26SEP14-T59,Lowest temperature in Denver,KDEN,2026-09-14,less,,59.0,0.03,0.21,0.79,0.97,min,63.0,1,1.79,real_measured,0.0128,estimated,2026-09-13T14:56:43.385065+00:00
KXLOWTDEN,KXLOWTDEN-26SEP14-B65.5,Lowest temperature in Denver,KDEN,2026-09-14,between,65.0,66.0,0.15,0.25,0.75,0.85,min,63.0,1,1.79,real_measured,0.0851,estimated,2026-09-13T14:56:43.385065+00:00
KXLOWTDEN,KXLOWTDEN-26SEP14-B63.5,Lowest temperature in Denver,KDEN,2026-09-14,between,63.0,64.0,0.27,0.37,0.63,0.73,min,63.0,1,1.79,real_measured,0.2116,estimated,2026-09-13T14:56:43.385065+00:00
KXLOWTDEN,KXLOWTDEN-26SEP14-B61.5,Lowest temperature in Denver,KDEN,2026-09-14,between,61.0,62.0,0.21,0.31,0.69,0.79,min,63.0,1,1.79,real_measured,0.1562,estimated,2026-09-13T14:56:43.385065+00:00
KXLOWTDEN,KXLOWTDEN-26SEP14-B59.5,Lowest temperature in Denver,KDEN,2026-09-14,between,59.0,60.0,0.06,0.15,0.85,0.94,min,63.0,1,1.79,real_measured,0.0342,estimated,2026-09-13T14:56:43.385065+00:00
KXLOWTDEN,KXLOWTDEN-26SEP13-T62,Lowest temperature in Denver,KDEN,2026-09-13,greater,62.0,,0.0,0.01,0.99,1.0,min,58.0,0,1.98,real_measured,0.0218,estimated,2026-09-13T14:56:43.385065+00:00
KXLOWTDEN,KXLOWTDEN-26SEP13-T55,Lowest temperature in Denver,KDEN,2026-09-13,less,,55.0,0.03,0.13,0.87,0.97,min,58.0,0,1.98,real_measured,0.065,estimated,2026-09-13T14:56:43.385065+00:00
KXLOWTDEN,KXLOWTDEN-26SEP13-B61.5,Lowest temperature in Denver,KDEN,2026-09-13,between,61.0,62.0,0.0,0.01,0.99,1.0,min,58.0,0,1.98,real_measured,0.0433,estimated,2026-09-13T14:56:43.385065+00:00
KXLOWTDEN,KXLOWTDEN-26SEP13-B59.5,Lowest temperature in Denver,KDEN,2026-09-13,between,59.0,60.0,0.0,0.01,0.99,1.0,min,58.0,0,1.98,real_measured,0.1505,estimated,2026-09-13T14:56:43.385065+00:00
KXLOWTDEN,KXLOWTDEN-26SEP13-B57.5,Lowest temperature in Denver,KDEN,2026-09-13,between,57.0,58.0,0.0,0.01,0.99,1.0,min,58.0,0,1.98,real_measured,0.1931,estimated,2026-09-13T14:56:43.385065+00:00
KXLOWTDEN,KXLOWTDEN-26SEP13-B55.5,Lowest temperature in Denver,KDEN,2026-09-13,between,55.0,56.0,0.87,0.97,0.03,0.13,min,58.0,0,1.98,real_measured,0.0914,estimated,2026-09-13T14:56:43.385065+00:00
KXHIGHTDC,KXHIGHTDC-26SEP14-T85,Washington DC Daily Max Temp,KDCA,2026-09-14,greater,85.0,,0.01,0.03,0.97,0.99,max,80.0,1,1.79,real_measured,0.0026,estimated,2026-09-13T14:56:43.385065+00:00
KXHIGHTDC,KXHIGHTDC-26SEP14-T78,Washington DC Daily Max Temp,KDCA,2026-09-14,less,,78.0,0.17,0.24,0.76,0.83,max,80.0,1,1.79,real_measured,0.1321,estimated,2026-09-13T14:56:43.385065+00:00
KXHIGHTDC,KXHIGHTDC-26SEP14-B84.5,Washington DC Daily Max Temp,KDCA,2026-09-14,between,84.0,85.0,0.04,0.11,0.89,0.96,max,80.0,1,1.79,real_measured,0.0102,estimated,2026-09-13T14:56:43.385065+00:00
KXHIGHTDC,KXHIGHTDC-26SEP14-B82.5,Washington DC Daily Max Temp,KDCA,2026-09-14,between,82.0,83.0,0.26,0.28,0.72,0.74,max,80.0,1,1.79,real_measured,0.0851,estimated,2026-09-13T14:56:43.385065+00:00
KXHIGHTDC,KXHIGHTDC-26SEP14-B80.5,Washington DC Daily Max Temp,KDCA,2026-09-14,between,80.0,81.0,0.37,0.44,0.56,0.63,max,80.0,1,1.79,real_measured,0.2116,estimated,2026-09-13T14:56:43.385065+00:00
KXHIGHTDC,KXHIGHTDC-26SEP14-B78.5,Washington DC Daily Max Temp,KDCA,2026-09-14,between,78.0,79.0,0.1,0.17,0.83,0.9,max,80.0,1,1.79,real_measured,0.1562,estimated,2026-09-13T14:56:43.385065+00:00
KXHIGHTDC,KXHIGHTDC-26SEP13-T91,Washington DC Daily Max Temp,KDCA,2026-09-13,greater,91.0,,0.0,0.01,0.99,1.0,max,87.0,0,1.98,real_measured,0.0218,estimated,2026-09-13T14:56:43.385065+00:00
KXHIGHTDC,KXHIGHTDC-26SEP13-T84,Washington DC Daily Max Temp,KDCA,2026-09-13,less,,84.0,0.0,0.02,0.98,1.0,max,87.0,0,1.98,real_measured,0.065,estimated,2026-09-13T14:56:43.385065+00:00
KXHIGHTDC,KXHIGHTDC-26SEP13-B90.5,Washington DC Daily Max Temp,KDCA,2026-09-13,between,90.0,91.0,0.07,0.11,0.89,0.93,max,87.0,0,1.98,real_measured,0.0433,estimated,2026-09-13T14:56:43.385065+00:00
KXHIGHTDC,KXHIGHTDC-26SEP13-B88.5,Washington DC Daily Max Temp,KDCA,2026-09-13,between,88.0,89.0,0.47,0.52,0.48,0.53,max,87.0,0,1.98,real_measured,0.1505,estimated,2026-09-13T14:56:43.385065+00:00
KXHIGHTDC,KXHIGHTDC-26SEP13-B86.5,Washington DC Daily Max Temp,KDCA,2026-09-13,between,86.0,87.0,0.29,0.32,0.68,0.71,max,87.0,0,1.98,real_measured,0.1931,estimated,2026-09-13T14:56:43.385065+00:00
KXHIGHTDC,KXHIGHTDC-26SEP13-B84.5,Washington DC Daily Max Temp,KDCA,2026-09-13,between,84.0,85.0,0.03,0.04,0.96,0.97,max,87.0,0,1.98,real_measured,0.0914,estimated,2026-09-13T14:56:43.385065+00:00
KXLOWTNOLA,KXLOWTNOLA-26SEP14-T80,NOLA Low Temperature,KMSY,2026-09-14,greater,80.0,,0.02,0.18,0.82,0.98,min,78.0,1,1.79,real_measured,0.1321,estimated,2026-09-13T14:56:43.385065+00:00
KXLOWTNOLA,KXLOWTNOLA-26SEP14-T73,NOLA Low Temperature,KMSY,2026-09-14,less,,73.0,0.02,0.1,0.9,0.98,min,78.0,1,1.79,real_measured,0.0026,estimated,2026-09-13T14:56:43.385065+00:00
KXLOWTNOLA,KXLOWTNOLA-26SEP14-B79.5,NOLA Low Temperature,KMSY,2026-09-14,between,79.0,80.0,0.03,0.19,0.81,0.97,min,78.0,1,1.79,real_measured,0.1562,estimated,2026-09-13T14:56:43.385065+00:00
KXLOWTNOLA,KXLOWTNOLA-26SEP14-B77.5,NOLA Low Temperature,KMSY,2026-09-14,between,77.0,78.0,0.27,0.37,0.63,0.73,min,78.0,1,1.79,real_measured,0.2116,estimated,2026-09-13T14:56:43.385065+00:00
KXLOWTNOLA,KXLOWTNOLA-26SEP14-B75.5,NOLA Low Temperature,KMSY,2026-09-14,between,75.0,76.0,0.46,0.56,0.44,0.54,min,78.0,1,1.79,real_measured,0.0851,estimated,2026-09-13T14:56:43.385065+00:00
KXLOWTNOLA,KXLOWTNOLA-26SEP14-B73.5,NOLA Low Temperature,KMSY,2026-09-14,between,73.0,74.0,0.12,0.14,0.86,0.88,min,78.0,1,1.79,real_measured,0.0102,estimated,2026-09-13T14:56:43.385065+00:00
KXLOWTNOLA,KXLOWTNOLA-26SEP13-T79,NOLA Low Temperature,KMSY,2026-09-13,greater,79.0,,0.0,0.01,0.99,1.0,min,77.0,0,1.98,real_measured,0.1564,estimated,2026-09-13T14:56:43.385065+00:00
KXLOWTNOLA,KXLOWTNOLA-26SEP13-T72,NOLA Low Temperature,KMSY,2026-09-13,less,,72.0,0.01,0.02,0.98,0.99,min,77.0,0,1.98,real_measured,0.0058,estimated,2026-09-13T14:56:43.385065+00:00
KXLOWTNOLA,KXLOWTNOLA-26SEP13-B78.5,NOLA Low Temperature,KMSY,2026-09-13,between,78.0,79.0,0.0,0.01,0.99,1.0,min,77.0,0,1.98,real_measured,0.1505,estimated,2026-09-13T14:56:43.385065+00:00
KXLOWTNOLA,KXLOWTNOLA-26SEP13-B76.5,NOLA Low Temperature,KMSY,2026-09-13,between,76.0,77.0,0.0,0.01,0.99,1.0,min,77.0,0,1.98,real_measured,0.1931,estimated,2026-09-13T14:56:43.385065+00:00
KXLOWTNOLA,KXLOWTNOLA-26SEP13-B74.5,NOLA Low Temperature,KMSY,2026-09-13,between,74.0,75.0,0.97,0.98,0.02,0.03,min,77.0,0,1.98,real_measured,0.0914,estimated,2026-09-13T14:56:43.385065+00:00
KXLOWTNOLA,KXLOWTNOLA-26SEP13-B72.5,NOLA Low Temperature,KMSY,2026-09-13,between,72.0,73.0,0.02,0.03,0.97,0.98,min,77.0,0,1.98,real_measured,0.0159,estimated,2026-09-13T14:56:43.385065+00:00
KXLOWTNYC,KXLOWTNYC-26SEP14-T66,Lowest temperature in NYC,KNYC,2026-09-14,greater,66.0,,0.03,0.04,0.96,0.97,min,68.0,1,1.79,real_measured,0.8679,estimated,2026-09-13T14:56:43.385065+00:00
KXLOWTNYC,KXLOWTNYC-26SEP14-T59,Lowest temperature in NYC,KNYC,2026-09-14,less,,59.0,0.03,0.06,0.94,0.97,min,68.0,1,1.79,real_measured,0.0,estimated,2026-09-13T14:56:43.385065+00:00
KXLOWTNYC,KXLOWTNYC-26SEP14-B65.5,Lowest temperature in NYC,KNYC,2026-09-14,between,65.0,66.0,0.06,0.14,0.86,0.94,min,68.0,1,1.79,real_measured,0.0851,estimated,2026-09-13T14:56:43.385065+00:00
KXLOWTNYC,KXLOWTNYC-26SEP14-B63.5,Lowest temperature in NYC,KNYC,2026-09-14,between,63.0,64.0,0.19,0.26,0.74,0.81,min,68.0,1,1.79,real_measured,0.0102,estimated,2026-09-13T14:56:43.385065+00:00
KXLOWTNYC,KXLOWTNYC-26SEP14-B61.5,Lowest temperature in NYC,KNYC,2026-09-14,between,61.0,62.0,0.39,0.44,0.56,0.61,min,68.0,1,1.79,real_measured,0.0004,estimated,2026-09-13T14:56:43.385065+00:00
KXLOWTNYC,KXLOWTNYC-26SEP14-B59.5,Lowest temperature in NYC,KNYC,2026-09-14,between,59.0,60.0,0.08,0.12,0.88,0.92,min,68.0,1,1.79,real_measured,0.0,estimated,2026-09-13T14:56:43.385065+00:00
KXLOWTNYC,KXLOWTNYC-26SEP13-T72,Lowest temperature in NYC,KNYC,2026-09-13,greater,72.0,,0.0,0.01,0.99,1.0,min,68.0,0,1.98,real_measured,0.0218,estimated,2026-09-13T14:56:43.385065+00:00
KXLOWTNYC,KXLOWTNYC-26SEP13-T65,Lowest temperature in NYC,KNYC,2026-09-13,less,,65.0,0.01,0.02,0.98,0.99,min,68.0,0,1.98,real_measured,0.065,estimated,2026-09-13T14:56:43.385065+00:00
KXLOWTNYC,KXLOWTNYC-26SEP13-B71.5,Lowest temperature in NYC,KNYC,2026-09-13,between,71.0,72.0,0.0,0.01,0.99,1.0,min,68.0,0,1.98,real_measured,0.0433,estimated,2026-09-13T14:56:43.385065+00:00
KXLOWTNYC,KXLOWTNYC-26SEP13-B69.5,Lowest temperature in NYC,KNYC,2026-09-13,between,69.0,70.0,0.0,0.01,0.99,1.0,min,68.0,0,1.98,real_measured,0.1505,estimated,2026-09-13T14:56:43.385065+00:00
KXLOWTNYC,KXLOWTNYC-26SEP13-B67.5,Lowest temperature in NYC,KNYC,2026-09-13,between,67.0,68.0,0.85,0.95,0.05,0.15,min,68.0,0,1.98,real_measured,0.1931,estimated,2026-09-13T14:56:43.385065+00:00
KXLOWTNYC,KXLOWTNYC-26SEP13-B65.5,Lowest temperature in NYC,KNYC,2026-09-13,between,65.0,66.0,0.01,0.16,0.84,0.99,min,68.0,0,1.98,real_measured,0.0914,estimated,2026-09-13T14:56:43.385065+00:00
KXHIGHTSAN,KXHIGHTSAN-26SEP14-T81,High Temperature San Diego,KSAN,2026-09-14,greater,81.0,,0.0,0.88,0.12,1.0,max,77.0,1,1.79,real_measured,0.0128,estimated,2026-09-13T14:56:43.385065+00:00
KXHIGHTSAN,KXHIGHTSAN-26SEP14-T74,High Temperature San Diego,KSAN,2026-09-14,less,,74.0,0.02,0.39,0.61,0.98,max,77.0,1,1.79,real_measured,0.047,estimated,2026-09-13T14:56:43.385065+00:00
KXHIGHTSAN,KXHIGHTSAN-26SEP14-B80.5,High Temperature San Diego,KSAN,2026-09-14,between,80.0,81.0,0.12,0.22,0.78,0.88,max,77.0,1,1.79,real_measured,0.0342,estimated,2026-09-13T14:56:43.385065+00:00
KXHIGHTSAN,KXHIGHTSAN-26SEP14-B78.5,High Temperature San Diego,KSAN,2026-09-14,between,78.0,79.0,0.26,0.36,0.64,0.74,max,77.0,1,1.79,real_measured,0.1562,estimated,2026-09-13T14:56:43.385065+00:00
KXHIGHTSAN,KXHIGHTSAN-26SEP14-B76.5,High Temperature San Diego,KSAN,2026-09-14,between,76.0,77.0,0.24,0.34,0.66,0.76,max,77.0,1,1.79,real_measured,0.2116,estimated,2026-09-13T14:56:43.385065+00:00
KXHIGHTSAN,KXHIGHTSAN-26SEP14-B74.5,High Temperature San Diego,KSAN,2026-09-14,between,74.0,75.0,0.09,0.19,0.81,0.91,max,77.0,1,1.79,real_measured,0.0851,estimated,2026-09-13T14:56:43.385065+00:00
KXHIGHTSAN,KXHIGHTSAN-26SEP13-T84,High Temperature San Diego,KSAN,2026-09-13,greater,84.0,,0.0,0.01,0.99,1.0,max,80.0,0,1.98,real_measured,0.0218,estimated,2026-09-13T14:56:43.385065+00:00
KXHIGHTSAN,KXHIGHTSAN-26SEP13-T77,High Temperature San Diego,KSAN,2026-09-13,less,,77.0,0.0,0.34,0.66,1.0,max,80.0,0,1.98,real_measured,0.065,estimated,2026-09-13T14:56:43.385065+00:00
KXHIGHTSAN,KXHIGHTSAN-26SEP13-B83.5,High Temperature San Diego,KSAN,2026-09-13,between,83.0,84.0,0.03,0.32,0.68,0.97,max,80.0,0,1.98,real_measured,0.0433,estimated,2026-09-13T14:56:43.385065+00:00
KXHIGHTSAN,KXHIGHTSAN-26SEP13-B81.5,High Temperature San Diego,KSAN,2026-09-13,between,81.0,82.0,0.14,0.18,0.82,0.86,max,80.0,0,1.98,real_measured,0.1505,estimated,2026-09-13T14:56:43.385065+00:00
KXHIGHTSAN,KXHIGHTSAN-26SEP13-B79.5,High Temperature San Diego,KSAN,2026-09-13,between,79.0,80.0,0.43,0.52,0.48,0.57,max,80.0,0,1.98,real_measured,0.1931,estimated,2026-09-13T14:56:43.385065+00:00
KXHIGHTSAN,KXHIGHTSAN-26SEP13-B77.5,High Temperature San Diego,KSAN,2026-09-13,between,77.0,78.0,0.16,0.26,0.74,0.84,max,80.0,0,1.98,real_measured,0.0914,estimated,2026-09-13T14:56:43.385065+00:00
KXLOWTDAL,KXLOWTDAL-26SEP14-T81,Lowest temperature Dallas,KDFW,2026-09-14,greater,81.0,,0.02,0.19,0.81,0.98,min,80.0,1,1.79,real_measured,0.2884,estimated,2026-09-13T14:56:43.385065+00:00
KXLOWTDAL,KXLOWTDAL-26SEP14-T74,Lowest temperature Dallas,KDFW,2026-09-14,less,,74.0,0.01,0.04,0.96,0.99,min,80.0,1,1.79,real_measured,0.0004,estimated,2026-09-13T14:56:43.385065+00:00
KXLOWTDAL,KXLOWTDAL-26SEP14-B80.5,Lowest temperature Dallas,KDFW,2026-09-14,between,80.0,81.0,0.3,0.39,0.61,0.7,min,80.0,1,1.79,real_measured,0.2116,estimated,2026-09-13T14:56:43.385065+00:00
KXLOWTDAL,KXLOWTDAL-26SEP14-B78.5,Lowest temperature Dallas,KDFW,2026-09-14,between,78.0,79.0,0.43,0.52,0.48,0.57,min,80.0,1,1.79,real_measured,0.1562,estimated,2026-09-13T14:56:43.385065+00:00
KXLOWTDAL,KXLOWTDAL-26SEP14-B76.5,Lowest temperature Dallas,KDFW,2026-09-14,between,76.0,77.0,0.1,0.13,0.87,0.9,min,80.0,1,1.79,real_measured,0.0342,estimated,2026-09-13T14:56:43.385065+00:00
KXLOWTDAL,KXLOWTDAL-26SEP14-B74.5,Lowest temperature Dallas,KDFW,2026-09-14,between,74.0,75.0,0.03,0.2,0.8,0.97,min,80.0,1,1.79,real_measured,0.0022,estimated,2026-09-13T14:56:43.385065+00:00
KXLOWTDAL,KXLOWTDAL-26SEP13-T81,Lowest temperature Dallas,KDFW,2026-09-13,greater,81.0,,0.0,0.01,0.99,1.0,min,80.0,0,1.98,real_measured,0.3069,estimated,2026-09-13T14:56:43.385065+00:00
KXLOWTDAL,KXLOWTDAL-26SEP13-T74,Lowest temperature Dallas,KDFW,2026-09-13,less,,74.0,0.0,0.01,0.99,1.0,min,80.0,0,1.98,real_measured,0.0012,estimated,2026-09-13T14:56:43.385065+00:00
KXLOWTDAL,KXLOWTDAL-26SEP13-B80.5,Lowest temperature Dallas,KDFW,2026-09-13,between,80.0,81.0,0.97,0.99,0.01,0.03,min,80.0,0,1.98,real_measured,0.1931,estimated,2026-09-13T14:56:43.385065+00:00
KXLOWTDAL,KXLOWTDAL-26SEP13-B78.5,Lowest temperature Dallas,KDFW,2026-09-13,between,78.0,79.0,0.01,0.04,0.96,0.99,min,80.0,0,1.98,real_measured,0.1505,estimated,2026-09-13T14:56:43.385065+00:00
KXLOWTDAL,KXLOWTDAL-26SEP13-B76.5,Lowest temperature Dallas,KDFW,2026-09-13,between,76.0,77.0,0.0,0.01,0.99,1.0,min,80.0,0,1.98,real_measured,0.0433,estimated,2026-09-13T14:56:43.385065+00:00
KXLOWTDAL,KXLOWTDAL-26SEP13-B74.5,Lowest temperature Dallas,KDFW,2026-09-13,between,74.0,75.0,0.0,0.01,0.99,1.0,min,80.0,0,1.98,real_measured,0.0046,estimated,2026-09-13T14:56:43.385065+00:00
KXLOWTSAN,KXLOWTSAN-26SEP14-T69,Low Temperature San Diego,KSAN,2026-09-14,greater,69.0,,0.19,0.29,0.71,0.81,min,68.0,1,1.79,real_measured,0.2884,estimated,2026-09-13T14:56:43.385065+00:00
KXLOWTSAN,KXLOWTSAN-26SEP14-T62,Low Temperature San Diego,KSAN,2026-09-14,less,,62.0,0.0,0.0,1.0,1.0,min,68.0,1,1.79,real_measured,0.0004,estimated,2026-09-13T14:56:43.385065+00:00
KXLOWTSAN,KXLOWTSAN-26SEP14-B68.5,Low Temperature San Diego,KSAN,2026-09-14,between,68.0,69.0,0.64,0.74,0.26,0.36,min,68.0,1,1.79,real_measured,0.2116,estimated,2026-09-13T14:56:43.385065+00:00
KXLOWTSAN,KXLOWTSAN-26SEP14-B66.5,Low Temperature San Diego,KSAN,2026-09-14,between,66.0,67.0,0.02,0.12,0.88,0.98,min,68.0,1,1.79,real_measured,0.1562,estimated,2026-09-13T14:56:43.385065+00:00
KXLOWTSAN,KXLOWTSAN-26SEP14-B64.5,Low Temperature San Diego,KSAN,2026-09-14,between,64.0,65.0,0.02,0.22,0.78,0.98,min,68.0,1,1.79,real_measured,0.0342,estimated,2026-09-13T14:56:43.385065+00:00
KXLOWTSAN,KXLOWTSAN-26SEP14-B62.5,Low Temperature San Diego,KSAN,2026-09-14,between,62.0,63.0,0.02,0.22,0.78,0.98,min,68.0,1,1.79,real_measured,0.0022,estimated,2026-09-13T14:56:43.385065+00:00
KXLOWTSAN,KXLOWTSAN-26SEP13-T71,Low Temperature San Diego,KSAN,2026-09-13,greater,71.0,,0.0,0.01,0.99,1.0,min,69.0,0,1.98,real_measured,0.1564,estimated,2026-09-13T14:56:43.385065+00:00
KXLOWTSAN,KXLOWTSAN-26SEP13-T64,Low Temperature San Diego,KSAN,2026-09-13,less,,64.0,0.0,0.98,0.02,1.0,min,69.0,0,1.98,real_measured,0.0058,estimated,2026-09-13T14:56:43.385065+00:00
KXLOWTSAN,KXLOWTSAN-26SEP13-B70.5,Low Temperature San Diego,KSAN,2026-09-13,between,70.0,71.0,0.72,0.82,0.18,0.28,min,69.0,0,1.98,real_measured,0.1505,estimated,2026-09-13T14:56:43.385065+00:00
KXLOWTSAN,KXLOWTSAN-26SEP13-B68.5,Low Temperature San Diego,KSAN,2026-09-13,between,68.0,69.0,0.14,0.24,0.76,0.86,min,69.0,0,1.98,real_measured,0.1931,estimated,2026-09-13T14:56:43.385065+00:00
KXLOWTSAN,KXLOWTSAN-26SEP13-B66.5,Low Temperature San Diego,KSAN,2026-09-13,between,66.0,67.0,0.01,0.15,0.85,0.99,min,69.0,0,1.98,real_measured,0.0914,estimated,2026-09-13T14:56:43.385065+00:00
KXLOWTSAN,KXLOWTSAN-26SEP13-B64.5,Low Temperature San Diego,KSAN,2026-09-13,between,64.0,65.0,0.0,0.02,0.98,1.0,min,69.0,0,1.98,real_measured,0.0159,estimated,2026-09-13T14:56:43.385065+00:00
KXLOWTBOS,KXLOWTBOS-26SEP14-T63,Low Temperature Boston,KBOS,2026-09-14,greater,63.0,,0.07,0.08,0.92,0.93,min,63.0,1,1.79,real_measured,0.5,estimated,2026-09-13T14:56:43.385065+00:00
KXLOWTBOS,KXLOWTBOS-26SEP14-T56,Low Temperature Boston,KBOS,2026-09-14,less,,56.0,0.02,0.04,0.96,0.98,min,63.0,1,1.79,real_measured,0.0,estimated,2026-09-13T14:56:43.385065+00:00
KXLOWTBOS,KXLOWTBOS-26SEP14-B62.5,Low Temperature Boston,KBOS,2026-09-14,between,62.0,63.0,0.15,0.25,0.75,0.85,min,63.0,1,1.79,real_measured,0.2116,estimated,2026-09-13T14:56:43.385065+00:00
KXLOWTBOS,KXLOWTBOS-26SEP14-B60.5,Low Temperature Boston,KBOS,2026-09-14,between,60.0,61.0,0.22,0.29,0.71,0.78,min,63.0,1,1.79,real_measured,0.0851,estimated,2026-09-13T14:56:43.385065+00:00
KXLOWTBOS,KXLOWTBOS-26SEP14-B58.5,Low Temperature Boston,KBOS,2026-09-14,between,58.0,59.0,0.15,0.4,0.6,0.85,min,63.0,1,1.79,real_measured,0.0102,estimated,2026-09-13T14:56:43.385065+00:00
KXLOWTBOS,KXLOWTBOS-26SEP14-B56.5,Low Temperature Boston,KBOS,2026-09-14,between,56.0,57.0,0.02,0.07,0.93,0.98,min,63.0,1,1.79,real_measured,0.0004,estimated,2026-09-13T14:56:43.385065+00:00
KXLOWTBOS,KXLOWTBOS-26SEP13-T67,Low Temperature Boston,KBOS,2026-09-13,greater,67.0,,0.0,0.01,0.99,1.0,min,62.0,0,1.98,real_measured,0.0058,estimated,2026-09-13T14:56:43.385065+00:00
KXLOWTBOS,KXLOWTBOS-26SEP13-T60,Low Temperature Boston,KBOS,2026-09-13,less,,60.0,0.0,0.02,0.98,1.0,min,62.0,0,1.98,real_measured,0.1564,estimated,2026-09-13T14:56:43.385065+00:00
KXLOWTBOS,KXLOWTBOS-26SEP13-B66.5,Low Temperature Boston,KBOS,2026-09-13,between,66.0,67.0,0.0,0.01,0.99,1.0,min,62.0,0,1.98,real_measured,0.0159,estimated,2026-09-13T14:56:43.385065+00:00
KXLOWTBOS,KXLOWTBOS-26SEP13-B64.5,Low Temperature Boston,KBOS,2026-09-13,between,64.0,65.0,0.0,0.01,0.99,1.0,min,62.0,0,1.98,real_measured,0.0914,estimated,2026-09-13T14:56:43.385065+00:00
KXLOWTBOS,KXLOWTBOS-26SEP13-B62.5,Low Temperature Boston,KBOS,2026-09-13,between,62.0,63.0,0.95,0.98,0.02,0.05,min,62.0,0,1.98,real_measured,0.1931,estimated,2026-09-13T14:56:43.385065+00:00
KXLOWTBOS,KXLOWTBOS-26SEP13-B60.5,Low Temperature Boston,KBOS,2026-09-13,between,60.0,61.0,0.01,0.11,0.89,0.99,min,62.0,0,1.98,real_measured,0.1505,estimated,2026-09-13T14:56:43.385065+00:00
KXHIGHTBOS,KXHIGHTBOS-26SEP14-T77,Boston Maximum Daily Temperature,KBOS,2026-09-14,greater,77.0,,0.02,0.03,0.97,0.98,max,76.0,1,1.79,real_measured,0.2884,estimated,2026-09-13T14:56:43.385065+00:00
KXHIGHTBOS,KXHIGHTBOS-26SEP14-T70,Boston Maximum Daily Temperature,KBOS,2026-09-14,less,,70.0,0.03,0.08,0.92,0.97,max,76.0,1,1.79,real_measured,0.0004,estimated,2026-09-13T14:56:43.385065+00:00
KXHIGHTBOS,KXHIGHTBOS-26SEP14-B76.5,Boston Maximum Daily Temperature,KBOS,2026-09-14,between,76.0,77.0,0.08,0.14,0.86,0.92,max,76.0,1,1.79,real_measured,0.2116,estimated,2026-09-13T14:56:43.385065+00:00
KXHIGHTBOS,KXHIGHTBOS-26SEP14-B74.5,Boston Maximum Daily Temperature,KBOS,2026-09-14,between,74.0,75.0,0.45,0.46,0.54,0.55,max,76.0,1,1.79,real_measured,0.1562,estimated,2026-09-13T14:56:43.385065+00:00
KXHIGHTBOS,KXHIGHTBOS-26SEP14-B72.5,Boston Maximum Daily Temperature,KBOS,2026-09-14,between,72.0,73.0,0.3,0.35,0.65,0.7,max,76.0,1,1.79,real_measured,0.0342,estimated,2026-09-13T14:56:43.385065+00:00
KXHIGHTBOS,KXHIGHTBOS-26SEP14-B70.5,Boston Maximum Daily Temperature,KBOS,2026-09-14,between,70.0,71.0,0.05,0.19,0.81,0.95,max,76.0,1,1.79,real_measured,0.0022,estimated,2026-09-13T14:56:43.385065+00:00
KXHIGHTBOS,KXHIGHTBOS-26SEP13-T76,Boston Maximum Daily Temperature,KBOS,2026-09-13,greater,76.0,,0.0,0.01,0.99,1.0,max,68.0,0,1.98,real_measured,0.0,estimated,2026-09-13T14:56:43.385065+00:00
KXHIGHTBOS,KXHIGHTBOS-26SEP13-T69,Boston Maximum Daily Temperature,KBOS,2026-09-13,less,,69.0,0.0,0.01,0.99,1.0,max,68.0,0,1.98,real_measured,0.6931,estimated,2026-09-13T14:56:43.385065+00:00
KXHIGHTBOS,KXHIGHTBOS-26SEP13-B75.5,Boston Maximum Daily Temperature,KBOS,2026-09-13,between,75.0,76.0,0.01,0.02,0.98,0.99,max,68.0,0,1.98,real_measured,0.0002,estimated,2026-09-13T14:56:43.385065+00:00
KXHIGHTBOS,KXHIGHTBOS-26SEP13-B73.5,Boston Maximum Daily Temperature,KBOS,2026-09-13,between,73.0,74.0,0.05,0.06,0.94,0.95,max,68.0,0,1.98,real_measured,0.0046,estimated,2026-09-13T14:56:43.385065+00:00
KXHIGHTBOS,KXHIGHTBOS-26SEP13-B71.5,Boston Maximum Daily Temperature,KBOS,2026-09-13,between,71.0,72.0,0.41,0.44,0.56,0.59,max,68.0,0,1.98,real_measured,0.0433,estimated,2026-09-13T14:56:43.385065+00:00
KXHIGHTBOS,KXHIGHTBOS-26SEP13-B69.5,Boston Maximum Daily Temperature,KBOS,2026-09-13,between,69.0,70.0,0.52,0.56,0.44,0.48,max,68.0,0,1.98,real_measured,0.1505,estimated,2026-09-13T14:56:43.385065+00:00
KXHIGHTSATX,KXHIGHTSATX-26SEP14-T98,San Antonio Daily Maximum Temperature,KSAT,2026-09-14,less,,98.0,0.36,0.41,0.59,0.64,max,100.0,1,1.79,real_measured,0.1321,estimated,2026-09-13T14:56:43.385065+00:00
KXHIGHTSATX,KXHIGHTSATX-26SEP14-T105,San Antonio Daily Maximum Temperature,KSAT,2026-09-14,greater,105.0,,0.01,0.02,0.98,0.99,max,100.0,1,1.79,real_measured,0.0026,estimated,2026-09-13T14:56:43.385065+00:00
KXHIGHTSATX,KXHIGHTSATX-26SEP14-B98.5,San Antonio Daily Maximum Temperature,KSAT,2026-09-14,between,98.0,99.0,0.42,0.43,0.57,0.58,max,100.0,1,1.79,real_measured,0.1562,estimated,2026-09-13T14:56:43.385065+00:00
KXHIGHTSATX,KXHIGHTSATX-26SEP14-B104.5,San Antonio Daily Maximum Temperature,KSAT,2026-09-14,between,104.0,105.0,0.03,0.04,0.96,0.97,max,100.0,1,1.79,real_measured,0.0102,estimated,2026-09-13T14:56:43.385065+00:00
KXHIGHTSATX,KXHIGHTSATX-26SEP14-B102.5,San Antonio Daily Maximum Temperature,KSAT,2026-09-14,between,102.0,103.0,0.03,0.09,0.91,0.97,max,100.0,1,1.79,real_measured,0.0851,estimated,2026-09-13T14:56:43.385065+00:00
KXHIGHTSATX,KXHIGHTSATX-26SEP14-B100.5,San Antonio Daily Maximum Temperature,KSAT,2026-09-14,between,100.0,101.0,0.14,0.15,0.85,0.86,max,100.0,1,1.79,real_measured,0.2116,estimated,2026-09-13T14:56:43.385065+00:00
KXHIGHTSATX,KXHIGHTSATX-26SEP13-T98,San Antonio Daily Maximum Temperature,KSAT,2026-09-13,less,,98.0,0.03,0.04,0.96,0.97,max,99.0,0,1.98,real_measured,0.3069,estimated,2026-09-13T14:56:43.385065+00:00
KXHIGHTSATX,KXHIGHTSATX-26SEP13-T105,San Antonio Daily Maximum Temperature,KSAT,2026-09-13,greater,105.0,,0.0,0.01,0.99,1.0,max,99.0,0,1.98,real_measured,0.0012,estimated,2026-09-13T14:56:43.385065+00:00
KXHIGHTSATX,KXHIGHTSATX-26SEP13-B98.5,San Antonio Daily Maximum Temperature,KSAT,2026-09-13,between,98.0,99.0,0.6,0.61,0.39,0.4,max,99.0,0,1.98,real_measured,0.1931,estimated,2026-09-13T14:56:43.385065+00:00
KXHIGHTSATX,KXHIGHTSATX-26SEP13-B104.5,San Antonio Daily Maximum Temperature,KSAT,2026-09-13,between,104.0,105.0,0.0,0.01,0.99,1.0,max,99.0,0,1.98,real_measured,0.0046,estimated,2026-09-13T14:56:43.385065+00:00
KXHIGHTSATX,KXHIGHTSATX-26SEP13-B102.5,San Antonio Daily Maximum Temperature,KSAT,2026-09-13,between,102.0,103.0,0.0,0.01,0.99,1.0,max,99.0,0,1.98,real_measured,0.0433,estimated,2026-09-13T14:56:43.385065+00:00
KXHIGHTSATX,KXHIGHTSATX-26SEP13-B100.5,San Antonio Daily Maximum Temperature,KSAT,2026-09-13,between,100.0,101.0,0.32,0.37,0.63,0.68,max,99.0,0,1.98,real_measured,0.1505,estimated,2026-09-13T14:56:43.385065+00:00
KXHIGHTATL,KXHIGHTATL-26SEP14-T99,Atlanta Max Temperature,KATL,2026-09-14,greater,99.0,,0.01,0.03,0.97,0.99,max,95.0,1,1.79,real_measured,0.0128,estimated,2026-09-13T14:56:43.385065+00:00
KXHIGHTATL,KXHIGHTATL-26SEP14-T92,Atlanta Max Temperature,KATL,2026-09-14,less,,92.0,0.04,0.1,0.9,0.96,max,95.0,1,1.79,real_measured,0.047,estimated,2026-09-13T14:56:43.385065+00:00
KXHIGHTATL,KXHIGHTATL-26SEP14-B98.5,Atlanta Max Temperature,KATL,2026-09-14,between,98.0,99.0,0.03,0.09,0.91,0.97,max,95.0,1,1.79,real_measured,0.0342,estimated,2026-09-13T14:56:43.385065+00:00
KXHIGHTATL,KXHIGHTATL-26SEP14-B96.5,Atlanta Max Temperature,KATL,2026-09-14,between,96.0,97.0,0.15,0.23,0.77,0.85,max,95.0,1,1.79,real_measured,0.1562,estimated,2026-09-13T14:56:43.385065+00:00
KXHIGHTATL,KXHIGHTATL-26SEP14-B94.5,Atlanta Max Temperature,KATL,2026-09-14,between,94.0,95.0,0.41,0.47,0.53,0.59,max,95.0,1,1.79,real_measured,0.2116,estimated,2026-09-13T14:56:43.385065+00:00
KXHIGHTATL,KXHIGHTATL-26SEP14-B92.5,Atlanta Max Temperature,KATL,2026-09-14,between,92.0,93.0,0.23,0.24,0.76,0.77,max,95.0,1,1.79,real_measured,0.0851,estimated,2026-09-13T14:56:43.385065+00:00
KXHIGHTATL,KXHIGHTATL-26SEP13-T95,Atlanta Max Temperature,KATL,2026-09-13,greater,95.0,,0.0,0.01,0.99,1.0,max,91.0,0,1.98,real_measured,0.0218,estimated,2026-09-13T14:56:43.385065+00:00
KXHIGHTATL,KXHIGHTATL-26SEP13-T88,Atlanta Max Temperature,KATL,2026-09-13,less,,88.0,0.01,0.03,0.97,0.99,max,91.0,0,1.98,real_measured,0.065,estimated,2026-09-13T14:56:43.385065+00:00
KXHIGHTATL,KXHIGHTATL-26SEP13-B94.5,Atlanta Max Temperature,KATL,2026-09-13,between,94.0,95.0,0.01,0.02,0.98,0.99,max,91.0,0,1.98,real_measured,0.0433,estimated,2026-09-13T14:56:43.385065+00:00
KXHIGHTATL,KXHIGHTATL-26SEP13-B92.5,Atlanta Max Temperature,KATL,2026-09-13,between,92.0,93.0,0.09,0.1,0.9,0.91,max,91.0,0,1.98,real_measured,0.1505,estimated,2026-09-13T14:56:43.385065+00:00
KXHIGHTATL,KXHIGHTATL-26SEP13-B90.5,Atlanta Max Temperature,KATL,2026-09-13,between,90.0,91.0,0.61,0.65,0.35,0.39,max,91.0,0,1.98,real_measured,0.1931,estimated,2026-09-13T14:56:43.385065+00:00
KXHIGHTATL,KXHIGHTATL-26SEP13-B88.5,Atlanta Max Temperature,KATL,2026-09-13,between,88.0,89.0,0.22,0.23,0.77,0.78,max,91.0,0,1.98,real_measured,0.0914,estimated,2026-09-13T14:56:43.385065+00:00
KXHIGHTPHX,KXHIGHTPHX-26SEP14-T108,Phoenix High Temperature Daily,KPHX,2026-09-14,greater,108.0,,0.0,0.02,0.98,1.0,max,104.0,1,1.79,real_measured,0.0128,estimated,2026-09-13T14:56:43.385065+00:00
KXHIGHTPHX,KXHIGHTPHX-26SEP14-T101,Phoenix High Temperature Daily,KPHX,2026-09-14,less,,101.0,0.24,0.25,0.75,0.76,max,104.0,1,1.79,real_measured,0.047,estimated,2026-09-13T14:56:43.385065+00:00
KXHIGHTPHX,KXHIGHTPHX-26SEP14-B107.5,Phoenix High Temperature Daily,KPHX,2026-09-14,between,107.0,108.0,0.02,0.03,0.97,0.98,max,104.0,1,1.79,real_measured,0.0342,estimated,2026-09-13T14:56:43.385065+00:00
KXHIGHTPHX,KXHIGHTPHX-26SEP14-B105.5,Phoenix High Temperature Daily,KPHX,2026-09-14,between,105.0,106.0,0.04,0.1,0.9,0.96,max,104.0,1,1.79,real_measured,0.1562,estimated,2026-09-13T14:56:43.385065+00:00
KXHIGHTPHX,KXHIGHTPHX-26SEP14-B103.5,Phoenix High Temperature Daily,KPHX,2026-09-14,between,103.0,104.0,0.3,0.36,0.64,0.7,max,104.0,1,1.79,real_measured,0.2116,estimated,2026-09-13T14:56:43.385065+00:00
KXHIGHTPHX,KXHIGHTPHX-26SEP14-B101.5,Phoenix High Temperature Daily,KPHX,2026-09-14,between,101.0,102.0,0.37,0.38,0.62,0.63,max,104.0,1,1.79,real_measured,0.0851,estimated,2026-09-13T14:56:43.385065+00:00
KXHIGHTPHX,KXHIGHTPHX-26SEP13-T108,Phoenix High Temperature Daily,KPHX,2026-09-13,greater,108.0,,0.0,0.01,0.99,1.0,max,103.0,0,1.98,real_measured,0.0058,estimated,2026-09-13T14:56:43.385065+00:00
KXHIGHTPHX,KXHIGHTPHX-26SEP13-T101,Phoenix High Temperature Daily,KPHX,2026-09-13,less,,101.0,0.02,0.04,0.96,0.98,max,103.0,0,1.98,real_measured,0.1564,estimated,2026-09-13T14:56:43.385065+00:00
KXHIGHTPHX,KXHIGHTPHX-26SEP13-B107.5,Phoenix High Temperature Daily,KPHX,2026-09-13,between,107.0,108.0,0.01,0.02,0.98,0.99,max,103.0,0,1.98,real_measured,0.0159,estimated,2026-09-13T14:56:43.385065+00:00
KXHIGHTPHX,KXHIGHTPHX-26SEP13-B105.5,Phoenix High Temperature Daily,KPHX,2026-09-13,between,105.0,106.0,0.24,0.25,0.75,0.76,max,103.0,0,1.98,real_measured,0.0914,estimated,2026-09-13T14:56:43.385065+00:00
KXHIGHTPHX,KXHIGHTPHX-26SEP13-B103.5,Phoenix High Temperature Daily,KPHX,2026-09-13,between,103.0,104.0,0.57,0.63,0.37,0.43,max,103.0,0,1.98,real_measured,0.1931,estimated,2026-09-13T14:56:43.385065+00:00
KXHIGHTPHX,KXHIGHTPHX-26SEP13-B101.5,Phoenix High Temperature Daily,KPHX,2026-09-13,between,101.0,102.0,0.09,0.1,0.9,0.91,max,103.0,0,1.98,real_measured,0.1505,estimated,2026-09-13T14:56:43.385065+00:00
KXLOWTHOU,KXLOWTHOU-26SEP14-T80,Low Temperature Houston,KHOU,2026-09-14,greater,80.0,,0.06,0.15,0.85,0.94,min,79.0,1,1.79,real_measured,0.2884,estimated,2026-09-13T14:56:43.385065+00:00
KXLOWTHOU,KXLOWTHOU-26SEP14-T73,Low Temperature Houston,KHOU,2026-09-14,less,,73.0,0.0,0.01,0.99,1.0,min,79.0,1,1.79,real_measured,0.0004,estimated,2026-09-13T14:56:43.385065+00:00
KXLOWTHOU,KXLOWTHOU-26SEP14-B79.5,Low Temperature Houston,KHOU,2026-09-14,between,79.0,80.0,0.4,0.49,0.51,0.6,min,79.0,1,1.79,real_measured,0.2116,estimated,2026-09-13T14:56:43.385065+00:00
KXLOWTHOU,KXLOWTHOU-26SEP14-B77.5,Low Temperature Houston,KHOU,2026-09-14,between,77.0,78.0,0.32,0.4,0.6,0.68,min,79.0,1,1.79,real_measured,0.1562,estimated,2026-09-13T14:56:43.385065+00:00
KXLOWTHOU,KXLOWTHOU-26SEP14-B75.5,Low Temperature Houston,KHOU,2026-09-14,between,75.0,76.0,0.02,0.1,0.9,0.98,min,79.0,1,1.79,real_measured,0.0342,estimated,2026-09-13T14:56:43.385065+00:00
KXLOWTHOU,KXLOWTHOU-26SEP14-B73.5,Low Temperature Houston,KHOU,2026-09-14,between,73.0,74.0,0.02,0.03,0.97,0.98,min,79.0,1,1.79,real_measured,0.0022,estimated,2026-09-13T14:56:43.385065+00:00
KXLOWTHOU,KXLOWTHOU-26SEP13-T81,Low Temperature Houston,KHOU,2026-09-13,greater,81.0,,0.0,0.01,0.99,1.0,min,79.0,0,1.98,real_measured,0.1564,estimated,2026-09-13T14:56:43.385065+00:00
KXLOWTHOU,KXLOWTHOU-26SEP13-T74,Low Temperature Houston,KHOU,2026-09-13,less,,74.0,0.0,0.04,0.96,1.0,min,79.0,0,1.98,real_measured,0.0058,estimated,2026-09-13T14:56:43.385065+00:00
KXLOWTHOU,KXLOWTHOU-26SEP13-B80.5,Low Temperature Houston,KHOU,2026-09-13,between,80.0,81.0,0.0,0.01,0.99,1.0,min,79.0,0,1.98,real_measured,0.1505,estimated,2026-09-13T14:56:43.385065+00:00
KXLOWTHOU,KXLOWTHOU-26SEP13-B78.5,Low Temperature Houston,KHOU,2026-09-13,between,78.0,79.0,0.0,0.01,0.99,1.0,min,79.0,0,1.98,real_measured,0.1931,estimated,2026-09-13T14:56:43.385065+00:00
KXLOWTHOU,KXLOWTHOU-26SEP13-B76.5,Low Temperature Houston,KHOU,2026-09-13,between,76.0,77.0,0.85,0.93,0.07,0.15,min,79.0,0,1.98,real_measured,0.0914,estimated,2026-09-13T14:56:43.385065+00:00
KXLOWTHOU,KXLOWTHOU-26SEP13-B74.5,Low Temperature Houston,KHOU,2026-09-13,between,74.0,75.0,0.03,0.11,0.89,0.97,min,79.0,0,1.98,real_measured,0.0159,estimated,2026-09-13T14:56:43.385065+00:00
KXHIGHTNOLA,KXHIGHTNOLA-26SEP14-T96,New Orleans Max temp Daily,KMSY,2026-09-14,greater,96.0,,0.02,0.04,0.96,0.98,max,92.0,1,1.79,real_measured,0.0128,estimated,2026-09-13T14:56:43.385065+00:00
KXHIGHTNOLA,KXHIGHTNOLA-26SEP14-T89,New Orleans Max temp Daily,KMSY,2026-09-14,less,,89.0,0.08,0.16,0.84,0.92,max,92.0,1,1.79,real_measured,0.047,estimated,2026-09-13T14:56:43.385065+00:00
KXHIGHTNOLA,KXHIGHTNOLA-26SEP14-B95.5,New Orleans Max temp Daily,KMSY,2026-09-14,between,95.0,96.0,0.06,0.14,0.86,0.94,max,92.0,1,1.79,real_measured,0.0342,estimated,2026-09-13T14:56:43.385065+00:00
KXHIGHTNOLA,KXHIGHTNOLA-26SEP14-B93.5,New Orleans Max temp Daily,KMSY,2026-09-14,between,93.0,94.0,0.32,0.42,0.58,0.68,max,92.0,1,1.79,real_measured,0.1562,estimated,2026-09-13T14:56:43.385065+00:00
KXHIGHTNOLA,KXHIGHTNOLA-26SEP14-B91.5,New Orleans Max temp Daily,KMSY,2026-09-14,between,91.0,92.0,0.43,0.52,0.48,0.57,max,92.0,1,1.79,real_measured,0.2116,estimated,2026-09-13T14:56:43.385065+00:00
KXHIGHTNOLA,KXHIGHTNOLA-26SEP14-B89.5,New Orleans Max temp Daily,KMSY,2026-09-14,between,89.0,90.0,0.09,0.14,0.86,0.91,max,92.0,1,1.79,real_measured,0.0851,estimated,2026-09-13T14:56:43.385065+00:00
KXHIGHTNOLA,KXHIGHTNOLA-26SEP13-T95,New Orleans Max temp Daily,KMSY,2026-09-13,greater,95.0,,0.01,0.02,0.98,0.99,max,92.0,0,1.98,real_measured,0.065,estimated,2026-09-13T14:56:43.385065+00:00
KXHIGHTNOLA,KXHIGHTNOLA-26SEP13-T88,New Orleans Max temp Daily,KMSY,2026-09-13,less,,88.0,0.0,0.01,0.99,1.0,max,92.0,0,1.98,real_measured,0.0218,estimated,2026-09-13T14:56:43.385065+00:00
KXHIGHTNOLA,KXHIGHTNOLA-26SEP13-B94.5,New Orleans Max temp Daily,KMSY,2026-09-13,between,94.0,95.0,0.08,0.11,0.89,0.92,max,92.0,0,1.98,real_measured,0.0914,estimated,2026-09-13T14:56:43.385065+00:00
KXHIGHTNOLA,KXHIGHTNOLA-26SEP13-B92.5,New Orleans Max temp Daily,KMSY,2026-09-13,between,92.0,93.0,0.64,0.66,0.34,0.36,max,92.0,0,1.98,real_measured,0.1931,estimated,2026-09-13T14:56:43.385065+00:00
KXHIGHTNOLA,KXHIGHTNOLA-26SEP13-B90.5,New Orleans Max temp Daily,KMSY,2026-09-13,between,90.0,91.0,0.22,0.28,0.72,0.78,max,92.0,0,1.98,real_measured,0.1505,estimated,2026-09-13T14:56:43.385065+00:00
KXHIGHTNOLA,KXHIGHTNOLA-26SEP13-B88.5,New Orleans Max temp Daily,KMSY,2026-09-13,between,88.0,89.0,0.02,0.03,0.97,0.98,max,92.0,0,1.98,real_measured,0.0433,estimated,2026-09-13T14:56:43.385065+00:00
KXHIGHLAX,KXHIGHLAX-26SEP14-T82,Highest temperature in Los Angeles,KLAX,2026-09-14,greater,82.0,,0.2,0.25,0.75,0.8,max,79.0,1,1.79,real_measured,0.047,estimated,2026-09-13T14:56:43.385065+00:00
KXHIGHLAX,KXHIGHLAX-26SEP14-T75,Highest temperature in Los Angeles,KLAX,2026-09-14,less,,75.0,0.0,0.01,0.99,1.0,max,79.0,1,1.79,real_measured,0.0128,estimated,2026-09-13T14:56:43.385065+00:00
KXHIGHLAX,KXHIGHLAX-26SEP14-B81.5,Highest temperature in Los Angeles,KLAX,2026-09-14,between,81.0,82.0,0.37,0.41,0.59,0.63,max,79.0,1,1.79,real_measured,0.0851,estimated,2026-09-13T14:56:43.385065+00:00
KXHIGHLAX,KXHIGHLAX-26SEP14-B79.5,Highest temperature in Los Angeles,KLAX,2026-09-14,between,79.0,80.0,0.26,0.27,0.73,0.74,max,79.0,1,1.79,real_measured,0.2116,estimated,2026-09-13T14:56:43.385065+00:00
KXHIGHLAX,KXHIGHLAX-26SEP14-B77.5,Highest temperature in Los Angeles,KLAX,2026-09-14,between,77.0,78.0,0.08,0.09,0.91,0.92,max,79.0,1,1.79,real_measured,0.1562,estimated,2026-09-13T14:56:43.385065+00:00
KXHIGHLAX,KXHIGHLAX-26SEP14-B75.5,Highest temperature in Los Angeles,KLAX,2026-09-14,between,75.0,76.0,0.04,0.06,0.94,0.96,max,79.0,1,1.79,real_measured,0.0342,estimated,2026-09-13T14:56:43.385065+00:00
KXHIGHLAX,KXHIGHLAX-26SEP13-T83,Highest temperature in Los Angeles,KLAX,2026-09-13,greater,83.0,,0.0,0.01,0.99,1.0,max,79.0,0,1.98,real_measured,0.0218,estimated,2026-09-13T14:56:43.385065+00:00
KXHIGHLAX,KXHIGHLAX-26SEP13-T76,Highest temperature in Los Angeles,KLAX,2026-09-13,less,,76.0,0.0,0.01,0.99,1.0,max,79.0,0,1.98,real_measured,0.065,estimated,2026-09-13T14:56:43.385065+00:00
KXHIGHLAX,KXHIGHLAX-26SEP13-B82.5,Highest temperature in Los Angeles,KLAX,2026-09-13,between,82.0,83.0,0.04,0.05,0.95,0.96,max,79.0,0,1.98,real_measured,0.0433,estimated,2026-09-13T14:56:43.385065+00:00
KXHIGHLAX,KXHIGHLAX-26SEP13-B80.5,Highest temperature in Los Angeles,KLAX,2026-09-13,between,80.0,81.0,0.23,0.25,0.75,0.77,max,79.0,0,1.98,real_measured,0.1505,estimated,2026-09-13T14:56:43.385065+00:00
KXHIGHLAX,KXHIGHLAX-26SEP13-B78.5,Highest temperature in Los Angeles,KLAX,2026-09-13,between,78.0,79.0,0.6,0.62,0.38,0.4,max,79.0,0,1.98,real_measured,0.1931,estimated,2026-09-13T14:56:43.385065+00:00
KXHIGHLAX,KXHIGHLAX-26SEP13-B76.5,Highest temperature in Los Angeles,KLAX,2026-09-13,between,76.0,77.0,0.12,0.13,0.87,0.88,max,79.0,0,1.98,real_measured,0.0914,estimated,2026-09-13T14:56:43.385065+00:00
KXLOWTEWR,KXLOWTEWR-26SEP14-T65,"Newark, NJ (EWR) Daily Low Temp",KEWR,2026-09-14,greater,65.0,,0.02,0.4,0.6,0.98,min,68.0,1,1.79,real_measured,0.953,estimated,2026-09-13T14:56:43.385065+00:00
KXLOWTEWR,KXLOWTEWR-26SEP14-T58,"Newark, NJ (EWR) Daily Low Temp",KEWR,2026-09-14,less,,58.0,0.07,0.17,0.83,0.93,min,68.0,1,1.79,real_measured,0.0,estimated,2026-09-13T14:56:43.385065+00:00
KXLOWTEWR,KXLOWTEWR-26SEP14-B64.5,"Newark, NJ (EWR) Daily Low Temp",KEWR,2026-09-14,between,64.0,65.0,0.06,0.16,0.84,0.94,min,68.0,1,1.79,real_measured,0.0342,estimated,2026-09-13T14:56:43.385065+00:00
KXLOWTEWR,KXLOWTEWR-26SEP14-B62.5,"Newark, NJ (EWR) Daily Low Temp",KEWR,2026-09-14,between,62.0,63.0,0.18,0.28,0.72,0.82,min,68.0,1,1.79,real_measured,0.0022,estimated,2026-09-13T14:56:43.385065+00:00
KXLOWTEWR,KXLOWTEWR-26SEP14-B60.5,"Newark, NJ (EWR) Daily Low Temp",KEWR,2026-09-14,between,60.0,61.0,0.24,0.34,0.66,0.76,min,68.0,1,1.79,real_measured,0.0,estimated,2026-09-13T14:56:43.385065+00:00
KXLOWTEWR,KXLOWTEWR-26SEP14-B58.5,"Newark, NJ (EWR) Daily Low Temp",KEWR,2026-09-14,between,58.0,59.0,0.16,0.26,0.74,0.84,min,68.0,1,1.79,real_measured,0.0,estimated,2026-09-13T14:56:43.385065+00:00
KXLOWTEWR,KXLOWTEWR-26SEP13-T71,"Newark, NJ (EWR) Daily Low Temp",KEWR,2026-09-13,greater,71.0,,0.0,0.01,0.99,1.0,min,69.0,0,1.98,real_measured,0.1564,estimated,2026-09-13T14:56:43.385065+00:00
KXLOWTEWR,KXLOWTEWR-26SEP13-T64,"Newark, NJ (EWR) Daily Low Temp",KEWR,2026-09-13,less,,64.0,0.01,0.91,0.09,0.99,min,69.0,0,1.98,real_measured,0.0058,estimated,2026-09-13T14:56:43.385065+00:00
KXLOWTEWR,KXLOWTEWR-26SEP13-B70.5,"Newark, NJ (EWR) Daily Low Temp",KEWR,2026-09-13,between,70.0,71.0,0.0,0.01,0.99,1.0,min,69.0,0,1.98,real_measured,0.1505,estimated,2026-09-13T14:56:43.385065+00:00
KXLOWTEWR,KXLOWTEWR-26SEP13-B68.5,"Newark, NJ (EWR) Daily Low Temp",KEWR,2026-09-13,between,68.0,69.0,0.87,0.97,0.03,0.13,min,69.0,0,1.98,real_measured,0.1931,estimated,2026-09-13T14:56:43.385065+00:00
KXLOWTEWR,KXLOWTEWR-26SEP13-B66.5,"Newark, NJ (EWR) Daily Low Temp",KEWR,2026-09-13,between,66.0,67.0,0.03,0.13,0.87,0.97,min,69.0,0,1.98,real_measured,0.0914,estimated,2026-09-13T14:56:43.385065+00:00
KXLOWTEWR,KXLOWTEWR-26SEP13-B64.5,"Newark, NJ (EWR) Daily Low Temp",KEWR,2026-09-13,between,64.0,65.0,0.01,0.93,0.07,0.99,min,69.0,0,1.98,real_measured,0.0159,estimated,2026-09-13T14:56:43.385065+00:00
KXHIGHTLV,KXHIGHTLV-26SEP14-T97,Las Vegas Max Daily Temperature,KLAS,2026-09-14,less,,97.0,0.07,0.08,0.92,0.93,max,99.0,1,1.79,real_measured,0.1321,estimated,2026-09-13T14:56:43.385065+00:00
KXHIGHTLV,KXHIGHTLV-26SEP14-T104,Las Vegas Max Daily Temperature,KLAS,2026-09-14,greater,104.0,,0.0,0.02,0.98,1.0,max,99.0,1,1.79,real_measured,0.0026,estimated,2026-09-13T14:56:43.385065+00:00
KXHIGHTLV,KXHIGHTLV-26SEP14-B99.5,Las Vegas Max Daily Temperature,KLAS,2026-09-14,between,99.0,100.0,0.5,0.56,0.44,0.5,max,99.0,1,1.79,real_measured,0.2116,estimated,2026-09-13T14:56:43.385065+00:00
KXHIGHTLV,KXHIGHTLV-26SEP14-B97.5,Las Vegas Max Daily Temperature,KLAS,2026-09-14,between,97.0,98.0,0.12,0.13,0.87,0.88,max,99.0,1,1.79,real_measured,0.1562,estimated,2026-09-13T14:56:43.385065+00:00
KXHIGHTLV,KXHIGHTLV-26SEP14-B103.5,Las Vegas Max Daily Temperature,KLAS,2026-09-14,between,103.0,104.0,0.03,0.1,0.9,0.97,max,99.0,1,1.79,real_measured,0.0102,estimated,2026-09-13T14:56:43.385065+00:00
KXHIGHTLV,KXHIGHTLV-26SEP14-B101.5,Las Vegas Max Daily Temperature,KLAS,2026-09-14,between,101.0,102.0,0.27,0.28,0.72,0.73,max,99.0,1,1.79,real_measured,0.0851,estimated,2026-09-13T14:56:43.385065+00:00
KXHIGHTLV,KXHIGHTLV-26SEP13-T98,Las Vegas Max Daily Temperature,KLAS,2026-09-13,less,,98.0,0.0,0.01,0.99,1.0,max,103.0,0,1.98,real_measured,0.0058,estimated,2026-09-13T14:56:43.385065+00:00
KXHIGHTLV,KXHIGHTLV-26SEP13-T105,Las Vegas Max Daily Temperature,KLAS,2026-09-13,greater,105.0,,0.0,0.01,0.99,1.0,max,103.0,0,1.98,real_measured,0.1564,estimated,2026-09-13T14:56:43.385065+00:00
KXHIGHTLV,KXHIGHTLV-26SEP13-B98.5,Las Vegas Max Daily Temperature,KLAS,2026-09-13,between,98.0,99.0,0.02,0.04,0.96,0.98,max,103.0,0,1.98,real_measured,0.0159,estimated,2026-09-13T14:56:43.385065+00:00
KXHIGHTLV,KXHIGHTLV-26SEP13-B104.5,Las Vegas Max Daily Temperature,KLAS,2026-09-13,between,104.0,105.0,0.02,0.03,0.97,0.98,max,103.0,0,1.98,real_measured,0.1505,estimated,2026-09-13T14:56:43.385065+00:00
KXHIGHTLV,KXHIGHTLV-26SEP13-B102.5,Las Vegas Max Daily Temperature,KLAS,2026-09-13,between,102.0,103.0,0.5,0.53,0.47,0.5,max,103.0,0,1.98,real_measured,0.1931,estimated,2026-09-13T14:56:43.385065+00:00
KXHIGHTLV,KXHIGHTLV-26SEP13-B100.5,Las Vegas Max Daily Temperature,KLAS,2026-09-13,between,100.0,101.0,0.39,0.44,0.56,0.61,max,103.0,0,1.98,real_measured,0.0914,estimated,2026-09-13T14:56:43.385065+00:00
KXLOWTPHIL,KXLOWTPHIL-26SEP14-T65,Lowest temperature in Philadelphia,KPHL,2026-09-14,greater,65.0,,0.14,0.24,0.76,0.86,min,69.0,1,1.79,real_measured,0.9872,estimated,2026-09-13T14:56:43.385065+00:00
KXLOWTPHIL,KXLOWTPHIL-26SEP14-T58,Lowest temperature in Philadelphia,KPHL,2026-09-14,less,,58.0,0.0,0.01,0.99,1.0,min,69.0,1,1.79,real_measured,0.0,estimated,2026-09-13T14:56:43.385065+00:00
KXLOWTPHIL,KXLOWTPHIL-26SEP14-B64.5,Lowest temperature in Philadelphia,KPHL,2026-09-14,between,64.0,65.0,0.34,0.43,0.57,0.66,min,69.0,1,1.79,real_measured,0.0102,estimated,2026-09-13T14:56:43.385065+00:00
KXLOWTPHIL,KXLOWTPHIL-26SEP14-B62.5,Lowest temperature in Philadelphia,KPHL,2026-09-14,between,62.0,63.0,0.22,0.28,0.72,0.78,min,69.0,1,1.79,real_measured,0.0004,estimated,2026-09-13T14:56:43.385065+00:00
KXLOWTPHIL,KXLOWTPHIL-26SEP14-B60.5,Lowest temperature in Philadelphia,KPHL,2026-09-14,between,60.0,61.0,0.05,0.09,0.91,0.95,min,69.0,1,1.79,real_measured,0.0,estimated,2026-09-13T14:56:43.385065+00:00
KXLOWTPHIL,KXLOWTPHIL-26SEP14-B58.5,Lowest temperature in Philadelphia,KPHL,2026-09-14,between,58.0,59.0,0.02,0.04,0.96,0.98,min,69.0,1,1.79,real_measured,0.0,estimated,2026-09-13T14:56:43.385065+00:00
KXLOWTPHIL,KXLOWTPHIL-26SEP13-T73,Lowest temperature in Philadelphia,KPHL,2026-09-13,greater,73.0,,0.0,0.01,0.99,1.0,min,70.0,0,1.98,real_measured,0.065,estimated,2026-09-13T14:56:43.385065+00:00
KXLOWTPHIL,KXLOWTPHIL-26SEP13-T66,Lowest temperature in Philadelphia,KPHL,2026-09-13,less,,66.0,0.0,0.01,0.99,1.0,min,70.0,0,1.98,real_measured,0.0218,estimated,2026-09-13T14:56:43.385065+00:00
KXLOWTPHIL,KXLOWTPHIL-26SEP13-B72.5,Lowest temperature in Philadelphia,KPHL,2026-09-13,between,72.0,73.0,0.0,0.01,0.99,1.0,min,70.0,0,1.98,real_measured,0.0914,estimated,2026-09-13T14:56:43.385065+00:00
KXLOWTPHIL,KXLOWTPHIL-26SEP13-B70.5,Lowest temperature in Philadelphia,KPHL,2026-09-13,between,70.0,71.0,0.96,0.98,0.02,0.04,min,70.0,0,1.98,real_measured,0.1931,estimated,2026-09-13T14:56:43.385065+00:00
KXLOWTPHIL,KXLOWTPHIL-26SEP13-B68.5,Lowest temperature in Philadelphia,KPHL,2026-09-13,between,68.0,69.0,0.01,0.04,0.96,0.99,min,70.0,0,1.98,real_measured,0.1505,estimated,2026-09-13T14:56:43.385065+00:00
KXLOWTPHIL,KXLOWTPHIL-26SEP13-B66.5,Lowest temperature in Philadelphia,KPHL,2026-09-13,between,66.0,67.0,0.01,0.02,0.98,0.99,min,70.0,0,1.98,real_measured,0.0433,estimated,2026-09-13T14:56:43.385065+00:00
KXLOWTOKC,KXLOWTOKC-26SEP14-T77,Low Temperature Oklahoma City,KOKC,2026-09-14,greater,77.0,,0.18,0.26,0.74,0.82,min,75.0,1,1.79,real_measured,0.1321,estimated,2026-09-13T14:56:43.385065+00:00
KXLOWTOKC,KXLOWTOKC-26SEP14-T70,Low Temperature Oklahoma City,KOKC,2026-09-14,less,,70.0,0.02,0.06,0.94,0.98,min,75.0,1,1.79,real_measured,0.0026,estimated,2026-09-13T14:56:43.385065+00:00
KXLOWTOKC,KXLOWTOKC-26SEP14-B76.5,Low Temperature Oklahoma City,KOKC,2026-09-14,between,76.0,77.0,0.19,0.28,0.72,0.81,min,75.0,1,1.79,real_measured,0.1562,estimated,2026-09-13T14:56:43.385065+00:00
KXLOWTOKC,KXLOWTOKC-26SEP14-B74.5,Low Temperature Oklahoma City,KOKC,2026-09-14,between,74.0,75.0,0.26,0.34,0.66,0.74,min,75.0,1,1.79,real_measured,0.2116,estimated,2026-09-13T14:56:43.385065+00:00
KXLOWTOKC,KXLOWTOKC-26SEP14-B72.5,Low Temperature Oklahoma City,KOKC,2026-09-14,between,72.0,73.0,0.11,0.2,0.8,0.89,min,75.0,1,1.79,real_measured,0.0851,estimated,2026-09-13T14:56:43.385065+00:00
KXLOWTOKC,KXLOWTOKC-26SEP14-B70.5,Low Temperature Oklahoma City,KOKC,2026-09-14,between,70.0,71.0,0.02,0.08,0.92,0.98,min,75.0,1,1.79,real_measured,0.0102,estimated,2026-09-13T14:56:43.385065+00:00
KXLOWTOKC,KXLOWTOKC-26SEP13-T76,Low Temperature Oklahoma City,KOKC,2026-09-13,greater,76.0,,0.97,0.99,0.01,0.03,min,74.0,0,1.98,real_measured,0.1564,estimated,2026-09-13T14:56:43.385065+00:00
KXLOWTOKC,KXLOWTOKC-26SEP13-T69,Low Temperature Oklahoma City,KOKC,2026-09-13,less,,69.0,0.0,0.02,0.98,1.0,min,74.0,0,1.98,real_measured,0.0058,estimated,2026-09-13T14:56:43.385065+00:00
KXLOWTOKC,KXLOWTOKC-26SEP13-B75.5,Low Temperature Oklahoma City,KOKC,2026-09-13,between,75.0,76.0,0.01,0.03,0.97,0.99,min,74.0,0,1.98,real_measured,0.1505,estimated,2026-09-13T14:56:43.385065+00:00
KXLOWTOKC,KXLOWTOKC-26SEP13-B73.5,Low Temperature Oklahoma City,KOKC,2026-09-13,between,73.0,74.0,0.0,0.01,0.99,1.0,min,74.0,0,1.98,real_measured,0.1931,estimated,2026-09-13T14:56:43.385065+00:00
KXLOWTOKC,KXLOWTOKC-26SEP13-B71.5,Low Temperature Oklahoma City,KOKC,2026-09-13,between,71.0,72.0,0.0,0.01,0.99,1.0,min,74.0,0,1.98,real_measured,0.0914,estimated,2026-09-13T14:56:43.385065+00:00
KXLOWTOKC,KXLOWTOKC-26SEP13-B69.5,Low Temperature Oklahoma City,KOKC,2026-09-13,between,69.0,70.0,0.0,0.02,0.98,1.0,min,74.0,0,1.98,real_measured,0.0159,estimated,2026-09-13T14:56:43.385065+00:00
KXHIGHNY,KXHIGHNY-26SEP14-T81,Highest temperature in NYC,KNYC,2026-09-14,greater,81.0,,0.0,0.01,0.99,1.0,max,75.0,1,1.79,real_measured,0.0004,estimated,2026-09-13T14:56:43.385065+00:00
KXHIGHNY,KXHIGHNY-26SEP14-T74,Highest temperature in NYC,KNYC,2026-09-14,less,,74.0,0.33,0.36,0.64,0.67,max,75.0,1,1.79,real_measured,0.2884,estimated,2026-09-13T14:56:43.385065+00:00
KXHIGHNY,KXHIGHNY-26SEP14-B80.5,Highest temperature in NYC,KNYC,2026-09-14,between,80.0,81.0,0.01,0.02,0.98,0.99,max,75.0,1,1.79,real_measured,0.0022,estimated,2026-09-13T14:56:43.385065+00:00
KXHIGHNY,KXHIGHNY-26SEP14-B78.5,Highest temperature in NYC,KNYC,2026-09-14,between,78.0,79.0,0.03,0.04,0.96,0.97,max,75.0,1,1.79,real_measured,0.0342,estimated,2026-09-13T14:56:43.385065+00:00
KXHIGHNY,KXHIGHNY-26SEP14-B76.5,Highest temperature in NYC,KNYC,2026-09-14,between,76.0,77.0,0.15,0.16,0.84,0.85,max,75.0,1,1.79,real_measured,0.1562,estimated,2026-09-13T14:56:43.385065+00:00
KXHIGHNY,KXHIGHNY-26SEP14-B74.5,Highest temperature in NYC,KNYC,2026-09-14,between,74.0,75.0,0.42,0.45,0.55,0.58,max,75.0,1,1.79,real_measured,0.2116,estimated,2026-09-13T14:56:43.385065+00:00
KXHIGHNY,KXHIGHNY-26SEP13-T85,Highest temperature in NYC,KNYC,2026-09-13,greater,85.0,,0.0,0.01,0.99,1.0,max,79.0,0,1.98,real_measured,0.0012,estimated,2026-09-13T14:56:43.385065+00:00
KXHIGHNY,KXHIGHNY-26SEP13-T78,Highest temperature in NYC,KNYC,2026-09-13,less,,78.0,0.54,0.57,0.43,0.46,max,79.0,0,1.98,real_measured,0.3069,estimated,2026-09-13T14:56:43.385065+00:00
KXHIGHNY,KXHIGHNY-26SEP13-B84.5,Highest temperature in NYC,KNYC,2026-09-13,between,84.0,85.0,0.0,0.01,0.99,1.0,max,79.0,0,1.98,real_measured,0.0046,estimated,2026-09-13T14:56:43.385065+00:00
KXHIGHNY,KXHIGHNY-26SEP13-B82.5,Highest temperature in NYC,KNYC,2026-09-13,between,82.0,83.0,0.01,0.02,0.98,0.99,max,79.0,0,1.98,real_measured,0.0433,estimated,2026-09-13T14:56:43.385065+00:00
KXHIGHNY,KXHIGHNY-26SEP13-B80.5,Highest temperature in NYC,KNYC,2026-09-13,between,80.0,81.0,0.11,0.14,0.86,0.89,max,79.0,0,1.98,real_measured,0.1505,estimated,2026-09-13T14:56:43.385065+00:00
KXHIGHNY,KXHIGHNY-26SEP13-B78.5,Highest temperature in NYC,KNYC,2026-09-13,between,78.0,79.0,0.31,0.34,0.66,0.69,max,79.0,0,1.98,real_measured,0.1931,estimated,2026-09-13T14:56:43.385065+00:00
KXLOWTDC,KXLOWTDC-26SEP14-T66,Lowest Temperature DC ,KDCA,2026-09-14,greater,66.0,,0.18,0.5,0.5,0.82,min,70.0,1,1.79,real_measured,0.9872,estimated,2026-09-13T14:56:43.385065+00:00
KXLOWTDC,KXLOWTDC-26SEP14-T59,Lowest Temperature DC ,KDCA,2026-09-14,less,,59.0,0.0,0.01,0.99,1.0,min,70.0,1,1.79,real_measured,0.0,estimated,2026-09-13T14:56:43.385065+00:00
KXLOWTDC,KXLOWTDC-26SEP14-B65.5,Lowest Temperature DC ,KDCA,2026-09-14,between,65.0,66.0,0.3,0.4,0.6,0.7,min,70.0,1,1.79,real_measured,0.0102,estimated,2026-09-13T14:56:43.385065+00:00
KXLOWTDC,KXLOWTDC-26SEP14-B63.5,Lowest Temperature DC ,KDCA,2026-09-14,between,63.0,64.0,0.16,0.24,0.76,0.84,min,70.0,1,1.79,real_measured,0.0004,estimated,2026-09-13T14:56:43.385065+00:00
KXLOWTDC,KXLOWTDC-26SEP14-B61.5,Lowest Temperature DC ,KDCA,2026-09-14,between,61.0,62.0,0.01,0.05,0.95,0.99,min,70.0,1,1.79,real_measured,0.0,estimated,2026-09-13T14:56:43.385065+00:00
KXLOWTDC,KXLOWTDC-26SEP14-B59.5,Lowest Temperature DC ,KDCA,2026-09-14,between,59.0,60.0,0.01,0.04,0.96,0.99,min,70.0,1,1.79,real_measured,0.0,estimated,2026-09-13T14:56:43.385065+00:00
KXLOWTDC,KXLOWTDC-26SEP13-T72,Lowest Temperature DC ,KDCA,2026-09-13,greater,72.0,,0.89,0.98,0.02,0.11,min,74.0,0,1.98,real_measured,0.8436,estimated,2026-09-13T14:56:43.385065+00:00
KXLOWTDC,KXLOWTDC-26SEP13-T65,Lowest Temperature DC ,KDCA,2026-09-13,less,,65.0,0.0,0.01,0.99,1.0,min,74.0,0,1.98,real_measured,0.0,estimated,2026-09-13T14:56:43.385065+00:00
KXLOWTDC,KXLOWTDC-26SEP13-B71.5,Lowest Temperature DC ,KDCA,2026-09-13,between,71.0,72.0,0.01,0.12,0.88,0.99,min,74.0,0,1.98,real_measured,0.0914,estimated,2026-09-13T14:56:43.385065+00:00
KXLOWTDC,KXLOWTDC-26SEP13-B69.5,Lowest Temperature DC ,KDCA,2026-09-13,between,69.0,70.0,0.02,0.12,0.88,0.98,min,74.0,0,1.98,real_measured,0.0159,estimated,2026-09-13T14:56:43.385065+00:00
KXLOWTDC,KXLOWTDC-26SEP13-B67.5,Lowest Temperature DC ,KDCA,2026-09-13,between,67.0,68.0,0.02,0.03,0.97,0.98,min,74.0,0,1.98,real_measured,0.001,estimated,2026-09-13T14:56:43.385065+00:00
KXLOWTDC,KXLOWTDC-26SEP13-B65.5,Lowest Temperature DC ,KDCA,2026-09-13,between,65.0,66.0,0.0,0.02,0.98,1.0,min,74.0,0,1.98,real_measured,0.0,estimated,2026-09-13T14:56:43.385065+00:00
KXHIGHAUS,KXHIGHAUS-26SEP14-T97,Highest temperature in Austin,KAUS,2026-09-14,less,,97.0,0.03,0.06,0.94,0.97,max,100.0,1,1.79,real_measured,0.047,estimated,2026-09-13T14:56:43.385065+00:00
KXHIGHAUS,KXHIGHAUS-26SEP14-T104,Highest temperature in Austin,KAUS,2026-09-14,greater,104.0,,0.01,0.03,0.97,0.99,max,100.0,1,1.79,real_measured,0.0128,estimated,2026-09-13T14:56:43.385065+00:00
KXHIGHAUS,KXHIGHAUS-26SEP14-B99.5,Highest temperature in Austin,KAUS,2026-09-14,between,99.0,100.0,0.44,0.45,0.55,0.56,max,100.0,1,1.79,real_measured,0.2116,estimated,2026-09-13T14:56:43.385065+00:00
KXHIGHAUS,KXHIGHAUS-26SEP14-B97.5,Highest temperature in Austin,KAUS,2026-09-14,between,97.0,98.0,0.19,0.25,0.75,0.81,max,100.0,1,1.79,real_measured,0.0851,estimated,2026-09-13T14:56:43.385065+00:00
KXHIGHAUS,KXHIGHAUS-26SEP14-B103.5,Highest temperature in Austin,KAUS,2026-09-14,between,103.0,104.0,0.03,0.08,0.92,0.97,max,100.0,1,1.79,real_measured,0.0342,estimated,2026-09-13T14:56:43.385065+00:00
KXHIGHAUS,KXHIGHAUS-26SEP14-B101.5,Highest temperature in Austin,KAUS,2026-09-14,between,101.0,102.0,0.19,0.25,0.75,0.81,max,100.0,1,1.79,real_measured,0.1562,estimated,2026-09-13T14:56:43.385065+00:00
KXHIGHAUS,KXHIGHAUS-26SEP13-T97,Highest temperature in Austin,KAUS,2026-09-13,less,,97.0,0.0,0.01,0.99,1.0,max,100.0,0,1.98,real_measured,0.065,estimated,2026-09-13T14:56:43.385065+00:00
KXHIGHAUS,KXHIGHAUS-26SEP13-T104,Highest temperature in Austin,KAUS,2026-09-13,greater,104.0,,0.0,0.01,0.99,1.0,max,100.0,0,1.98,real_measured,0.0218,estimated,2026-09-13T14:56:43.385065+00:00
KXHIGHAUS,KXHIGHAUS-26SEP13-B99.5,Highest temperature in Austin,KAUS,2026-09-13,between,99.0,100.0,0.37,0.38,0.62,0.63,max,100.0,0,1.98,real_measured,0.1931,estimated,2026-09-13T14:56:43.385065+00:00
KXHIGHAUS,KXHIGHAUS-26SEP13-B97.5,Highest temperature in Austin,KAUS,2026-09-13,between,97.0,98.0,0.02,0.04,0.96,0.98,max,100.0,0,1.98,real_measured,0.0914,estimated,2026-09-13T14:56:43.385065+00:00
KXHIGHAUS,KXHIGHAUS-26SEP13-B103.5,Highest temperature in Austin,KAUS,2026-09-13,between,103.0,104.0,0.04,0.05,0.95,0.96,max,100.0,0,1.98,real_measured,0.0433,estimated,2026-09-13T14:56:43.385065+00:00
KXHIGHAUS,KXHIGHAUS-26SEP13-B101.5,Highest temperature in Austin,KAUS,2026-09-13,between,101.0,102.0,0.58,0.6,0.4,0.42,max,100.0,0,1.98,real_measured,0.1505,estimated,2026-09-13T14:56:43.385065+00:00
KXLOWTSEA,KXLOWTSEA-26SEP14-T55,Low Temperature Seattle,KSEA,2026-09-14,greater,55.0,,0.29,0.38,0.62,0.71,min,54.0,1,1.79,real_measured,0.2884,estimated,2026-09-13T14:56:43.385065+00:00
KXLOWTSEA,KXLOWTSEA-26SEP14-T48,Low Temperature Seattle,KSEA,2026-09-14,less,,48.0,0.0,0.01,0.99,1.0,min,54.0,1,1.79,real_measured,0.0004,estimated,2026-09-13T14:56:43.385065+00:00
KXLOWTSEA,KXLOWTSEA-26SEP14-B54.5,Low Temperature Seattle,KSEA,2026-09-14,between,54.0,55.0,0.38,0.47,0.53,0.62,min,54.0,1,1.79,real_measured,0.2116,estimated,2026-09-13T14:56:43.385065+00:00
KXLOWTSEA,KXLOWTSEA-26SEP14-B52.5,Low Temperature Seattle,KSEA,2026-09-14,between,52.0,53.0,0.18,0.28,0.72,0.82,min,54.0,1,1.79,real_measured,0.1562,estimated,2026-09-13T14:56:43.385065+00:00
KXLOWTSEA,KXLOWTSEA-26SEP14-B50.5,Low Temperature Seattle,KSEA,2026-09-14,between,50.0,51.0,0.02,0.2,0.8,0.98,min,54.0,1,1.79,real_measured,0.0342,estimated,2026-09-13T14:56:43.385065+00:00
KXLOWTSEA,KXLOWTSEA-26SEP14-B48.5,Low Temperature Seattle,KSEA,2026-09-14,between,48.0,49.0,0.01,0.02,0.98,0.99,min,54.0,1,1.79,real_measured,0.0022,estimated,2026-09-13T14:56:43.385065+00:00
KXLOWTSEA,KXLOWTSEA-26SEP13-T55,Low Temperature Seattle,KSEA,2026-09-13,greater,55.0,,0.0,0.01,0.99,1.0,min,53.0,0,1.98,real_measured,0.1564,estimated,2026-09-13T14:56:43.385065+00:00
KXLOWTSEA,KXLOWTSEA-26SEP13-T48,Low Temperature Seattle,KSEA,2026-09-13,less,,48.0,0.0,0.02,0.98,1.0,min,53.0,0,1.98,real_measured,0.0058,estimated,2026-09-13T14:56:43.385065+00:00
KXLOWTSEA,KXLOWTSEA-26SEP13-B54.5,Low Temperature Seattle,KSEA,2026-09-13,between,54.0,55.0,0.38,0.83,0.17,0.62,min,53.0,0,1.98,real_measured,0.1505,estimated,2026-09-13T14:56:43.385065+00:00
KXLOWTSEA,KXLOWTSEA-26SEP13-B52.5,Low Temperature Seattle,KSEA,2026-09-13,between,52.0,53.0,0.12,0.22,0.78,0.88,min,53.0,0,1.98,real_measured,0.1931,estimated,2026-09-13T14:56:43.385065+00:00
KXLOWTSEA,KXLOWTSEA-26SEP13-B50.5,Low Temperature Seattle,KSEA,2026-09-13,between,50.0,51.0,0.01,0.15,0.85,0.99,min,53.0,0,1.98,real_measured,0.0914,estimated,2026-09-13T14:56:43.385065+00:00
KXLOWTSEA,KXLOWTSEA-26SEP13-B48.5,Low Temperature Seattle,KSEA,2026-09-13,between,48.0,49.0,0.01,0.09,0.91,0.99,min,53.0,0,1.98,real_measured,0.0159,estimated,2026-09-13T14:56:43.385065+00:00
KXHIGHTSEA,KXHIGHTSEA-26SEP14-T73,Seattle Maximum Temperature Daily,KSEA,2026-09-14,greater,73.0,,0.01,0.03,0.97,0.99,max,69.0,1,1.79,real_measured,0.0128,estimated,2026-09-13T14:56:43.385065+00:00
KXHIGHTSEA,KXHIGHTSEA-26SEP14-T66,Seattle Maximum Temperature Daily,KSEA,2026-09-14,less,,66.0,0.14,0.15,0.85,0.86,max,69.0,1,1.79,real_measured,0.047,estimated,2026-09-13T14:56:43.385065+00:00
KXHIGHTSEA,KXHIGHTSEA-26SEP14-B72.5,Seattle Maximum Temperature Daily,KSEA,2026-09-14,between,72.0,73.0,0.02,0.03,0.97,0.98,max,69.0,1,1.79,real_measured,0.0342,estimated,2026-09-13T14:56:43.385065+00:00
KXHIGHTSEA,KXHIGHTSEA-26SEP14-B70.5,Seattle Maximum Temperature Daily,KSEA,2026-09-14,between,70.0,71.0,0.13,0.21,0.79,0.87,max,69.0,1,1.79,real_measured,0.1562,estimated,2026-09-13T14:56:43.385065+00:00
KXHIGHTSEA,KXHIGHTSEA-26SEP14-B68.5,Seattle Maximum Temperature Daily,KSEA,2026-09-14,between,68.0,69.0,0.36,0.42,0.58,0.64,max,69.0,1,1.79,real_measured,0.2116,estimated,2026-09-13T14:56:43.385065+00:00
KXHIGHTSEA,KXHIGHTSEA-26SEP14-B66.5,Seattle Maximum Temperature Daily,KSEA,2026-09-14,between,66.0,67.0,0.26,0.33,0.67,0.74,max,69.0,1,1.79,real_measured,0.0851,estimated,2026-09-13T14:56:43.385065+00:00
KXHIGHTSEA,KXHIGHTSEA-26SEP13-T71,Seattle Maximum Temperature Daily,KSEA,2026-09-13,greater,71.0,,0.0,0.01,0.99,1.0,max,70.0,0,1.98,real_measured,0.3069,estimated,2026-09-13T14:56:43.385065+00:00
KXHIGHTSEA,KXHIGHTSEA-26SEP13-T64,Seattle Maximum Temperature Daily,KSEA,2026-09-13,less,,64.0,0.91,0.93,0.07,0.09,max,70.0,0,1.98,real_measured,0.0012,estimated,2026-09-13T14:56:43.385065+00:00
KXHIGHTSEA,KXHIGHTSEA-26SEP13-B70.5,Seattle Maximum Temperature Daily,KSEA,2026-09-13,between,70.0,71.0,0.0,0.01,0.99,1.0,max,70.0,0,1.98,real_measured,0.1931,estimated,2026-09-13T14:56:43.385065+00:00
KXHIGHTSEA,KXHIGHTSEA-26SEP13-B68.5,Seattle Maximum Temperature Daily,KSEA,2026-09-13,between,68.0,69.0,0.0,0.01,0.99,1.0,max,70.0,0,1.98,real_measured,0.1505,estimated,2026-09-13T14:56:43.385065+00:00
KXHIGHTSEA,KXHIGHTSEA-26SEP13-B66.5,Seattle Maximum Temperature Daily,KSEA,2026-09-13,between,66.0,67.0,0.01,0.02,0.98,0.99,max,70.0,0,1.98,real_measured,0.0433,estimated,2026-09-13T14:56:43.385065+00:00
KXHIGHTSEA,KXHIGHTSEA-26SEP13-B64.5,Seattle Maximum Temperature Daily,KSEA,2026-09-13,between,64.0,65.0,0.06,0.08,0.92,0.94,max,70.0,0,1.98,real_measured,0.0046,estimated,2026-09-13T14:56:43.385065+00:00
KXLOWTMIN,KXLOWTMIN-26SEP14-T51,Low  temperature Minnesota,KMSP,2026-09-14,greater,51.0,,0.46,0.54,0.46,0.54,min,50.0,1,1.79,real_measured,0.2884,estimated,2026-09-13T14:56:43.385065+00:00
KXLOWTMIN,KXLOWTMIN-26SEP14-T44,Low  temperature Minnesota,KMSP,2026-09-14,less,,44.0,0.02,0.03,0.97,0.98,min,50.0,1,1.79,real_measured,0.0004,estimated,2026-09-13T14:56:43.385065+00:00
KXLOWTMIN,KXLOWTMIN-26SEP14-B50.5,Low  temperature Minnesota,KMSP,2026-09-14,between,50.0,51.0,0.29,0.33,0.67,0.71,min,50.0,1,1.79,real_measured,0.2116,estimated,2026-09-13T14:56:43.385065+00:00
KXLOWTMIN,KXLOWTMIN-26SEP14-B48.5,Low  temperature Minnesota,KMSP,2026-09-14,between,48.0,49.0,0.14,0.2,0.8,0.86,min,50.0,1,1.79,real_measured,0.1562,estimated,2026-09-13T14:56:43.385065+00:00
KXLOWTMIN,KXLOWTMIN-26SEP14-B46.5,Low  temperature Minnesota,KMSP,2026-09-14,between,46.0,47.0,0.02,0.18,0.82,0.98,min,50.0,1,1.79,real_measured,0.0342,estimated,2026-09-13T14:56:43.385065+00:00
KXLOWTMIN,KXLOWTMIN-26SEP14-B44.5,Low  temperature Minnesota,KMSP,2026-09-14,between,44.0,45.0,0.02,0.03,0.97,0.98,min,50.0,1,1.79,real_measured,0.0022,estimated,2026-09-13T14:56:43.385065+00:00
KXLOWTMIN,KXLOWTMIN-26SEP13-T56,Low  temperature Minnesota,KMSP,2026-09-13,greater,56.0,,0.0,0.01,0.99,1.0,min,54.0,0,1.98,real_measured,0.1564,estimated,2026-09-13T14:56:43.385065+00:00
KXLOWTMIN,KXLOWTMIN-26SEP13-T49,Low  temperature Minnesota,KMSP,2026-09-13,less,,49.0,0.0,0.02,0.98,1.0,min,54.0,0,1.98,real_measured,0.0058,estimated,2026-09-13T14:56:43.385065+00:00
KXLOWTMIN,KXLOWTMIN-26SEP13-B55.5,Low  temperature Minnesota,KMSP,2026-09-13,between,55.0,56.0,0.0,0.01,0.99,1.0,min,54.0,0,1.98,real_measured,0.1505,estimated,2026-09-13T14:56:43.385065+00:00
KXLOWTMIN,KXLOWTMIN-26SEP13-B53.5,Low  temperature Minnesota,KMSP,2026-09-13,between,53.0,54.0,0.89,0.93,0.07,0.11,min,54.0,0,1.98,real_measured,0.1931,estimated,2026-09-13T14:56:43.385065+00:00
KXLOWTMIN,KXLOWTMIN-26SEP13-B51.5,Low  temperature Minnesota,KMSP,2026-09-13,between,51.0,52.0,0.04,0.11,0.89,0.96,min,54.0,0,1.98,real_measured,0.0914,estimated,2026-09-13T14:56:43.385065+00:00
KXLOWTMIN,KXLOWTMIN-26SEP13-B49.5,Low  temperature Minnesota,KMSP,2026-09-13,between,49.0,50.0,0.02,0.09,0.91,0.98,min,54.0,0,1.98,real_measured,0.0159,estimated,2026-09-13T14:56:43.385065+00:00
KXHIGHTSFO,KXHIGHTSFO-26SEP14-T79,San Francisco High Temperature Daily,KSFO,2026-09-14,greater,79.0,,0.03,0.1,0.9,0.97,max,76.0,1,1.79,real_measured,0.047,estimated,2026-09-13T14:56:43.385065+00:00
KXHIGHTSFO,KXHIGHTSFO-26SEP14-T72,San Francisco High Temperature Daily,KSFO,2026-09-14,less,,72.0,0.06,0.26,0.74,0.94,max,76.0,1,1.79,real_measured,0.0128,estimated,2026-09-13T14:56:43.385065+00:00
KXHIGHTSFO,KXHIGHTSFO-26SEP14-B78.5,San Francisco High Temperature Daily,KSFO,2026-09-14,between,78.0,79.0,0.1,0.18,0.82,0.9,max,76.0,1,1.79,real_measured,0.0851,estimated,2026-09-13T14:56:43.385065+00:00
KXHIGHTSFO,KXHIGHTSFO-26SEP14-B76.5,San Francisco High Temperature Daily,KSFO,2026-09-14,between,76.0,77.0,0.23,0.32,0.68,0.77,max,76.0,1,1.79,real_measured,0.2116,estimated,2026-09-13T14:56:43.385065+00:00
KXHIGHTSFO,KXHIGHTSFO-26SEP14-B74.5,San Francisco High Temperature Daily,KSFO,2026-09-14,between,74.0,75.0,0.31,0.41,0.59,0.69,max,76.0,1,1.79,real_measured,0.1562,estimated,2026-09-13T14:56:43.385065+00:00
KXHIGHTSFO,KXHIGHTSFO-26SEP14-B72.5,San Francisco High Temperature Daily,KSFO,2026-09-14,between,72.0,73.0,0.07,0.14,0.86,0.93,max,76.0,1,1.79,real_measured,0.0342,estimated,2026-09-13T14:56:43.385065+00:00
KXHIGHTSFO,KXHIGHTSFO-26SEP13-T74,San Francisco High Temperature Daily,KSFO,2026-09-13,greater,74.0,,0.01,0.02,0.98,0.99,max,70.0,0,1.98,real_measured,0.0218,estimated,2026-09-13T14:56:43.385065+00:00
KXHIGHTSFO,KXHIGHTSFO-26SEP13-T67,San Francisco High Temperature Daily,KSFO,2026-09-13,less,,67.0,0.0,0.02,0.98,1.0,max,70.0,0,1.98,real_measured,0.065,estimated,2026-09-13T14:56:43.385065+00:00
KXHIGHTSFO,KXHIGHTSFO-26SEP13-B73.5,San Francisco High Temperature Daily,KSFO,2026-09-13,between,73.0,74.0,0.04,0.06,0.94,0.96,max,70.0,0,1.98,real_measured,0.0433,estimated,2026-09-13T14:56:43.385065+00:00
KXHIGHTSFO,KXHIGHTSFO-26SEP13-B71.5,San Francisco High Temperature Daily,KSFO,2026-09-13,between,71.0,72.0,0.53,0.54,0.46,0.47,max,70.0,0,1.98,real_measured,0.1505,estimated,2026-09-13T14:56:43.385065+00:00
KXHIGHTSFO,KXHIGHTSFO-26SEP13-B69.5,San Francisco High Temperature Daily,KSFO,2026-09-13,between,69.0,70.0,0.4,0.42,0.58,0.6,max,70.0,0,1.98,real_measured,0.1931,estimated,2026-09-13T14:56:43.385065+00:00
KXHIGHTSFO,KXHIGHTSFO-26SEP13-B67.5,San Francisco High Temperature Daily,KSFO,2026-09-13,between,67.0,68.0,0.04,0.05,0.95,0.96,max,70.0,0,1.98,real_measured,0.0914,estimated,2026-09-13T14:56:43.385065+00:00
KXHIGHTOKC,KXHIGHTOKC-26SEP14-T95,Oklahoma City Maximum High Temperature,KOKC,2026-09-14,less,,95.0,0.03,0.08,0.92,0.97,max,99.0,1,1.79,real_measured,0.0128,estimated,2026-09-13T14:56:43.385065+00:00
KXHIGHTOKC,KXHIGHTOKC-26SEP14-T102,Oklahoma City Maximum High Temperature,KOKC,2026-09-14,greater,102.0,,0.05,0.09,0.91,0.95,max,99.0,1,1.79,real_measured,0.047,estimated,2026-09-13T14:56:43.385065+00:00
KXHIGHTOKC,KXHIGHTOKC-26SEP14-B99.5,Oklahoma City Maximum High Temperature,KOKC,2026-09-14,between,99.0,100.0,0.31,0.33,0.67,0.69,max,99.0,1,1.79,real_measured,0.2116,estimated,2026-09-13T14:56:43.385065+00:00
KXHIGHTOKC,KXHIGHTOKC-26SEP14-B97.5,Oklahoma City Maximum High Temperature,KOKC,2026-09-14,between,97.0,98.0,0.14,0.22,0.78,0.86,max,99.0,1,1.79,real_measured,0.1562,estimated,2026-09-13T14:56:43.385065+00:00
KXHIGHTOKC,KXHIGHTOKC-26SEP14-B95.5,Oklahoma City Maximum High Temperature,KOKC,2026-09-14,between,95.0,96.0,0.03,0.08,0.92,0.97,max,99.0,1,1.79,real_measured,0.0342,estimated,2026-09-13T14:56:43.385065+00:00
KXHIGHTOKC,KXHIGHTOKC-26SEP14-B101.5,Oklahoma City Maximum High Temperature,KOKC,2026-09-14,between,101.0,102.0,0.28,0.36,0.64,0.72,max,99.0,1,1.79,real_measured,0.0851,estimated,2026-09-13T14:56:43.385065+00:00
KXHIGHTOKC,KXHIGHTOKC-26SEP13-T97,Oklahoma City Maximum High Temperature,KOKC,2026-09-13,less,,97.0,0.09,0.11,0.89,0.91,max,100.0,0,1.98,real_measured,0.065,estimated,2026-09-13T14:56:43.385065+00:00
KXHIGHTOKC,KXHIGHTOKC-26SEP13-T104,Oklahoma City Maximum High Temperature,KOKC,2026-09-13,greater,104.0,,0.0,0.02,0.98,1.0,max,100.0,0,1.98,real_measured,0.0218,estimated,2026-09-13T14:56:43.385065+00:00
KXHIGHTOKC,KXHIGHTOKC-26SEP13-B99.5,Oklahoma City Maximum High Temperature,KOKC,2026-09-13,between,99.0,100.0,0.24,0.29,0.71,0.76,max,100.0,0,1.98,real_measured,0.1931,estimated,2026-09-13T14:56:43.385065+00:00
KXHIGHTOKC,KXHIGHTOKC-26SEP13-B97.5,Oklahoma City Maximum High Temperature,KOKC,2026-09-13,between,97.0,98.0,0.24,0.3,0.7,0.76,max,100.0,0,1.98,real_measured,0.0914,estimated,2026-09-13T14:56:43.385065+00:00
KXHIGHTOKC,KXHIGHTOKC-26SEP13-B103.5,Oklahoma City Maximum High Temperature,KOKC,2026-09-13,between,103.0,104.0,0.04,0.05,0.95,0.96,max,100.0,0,1.98,real_measured,0.0433,estimated,2026-09-13T14:56:43.385065+00:00
KXHIGHTOKC,KXHIGHTOKC-26SEP13-B101.5,Oklahoma City Maximum High Temperature,KOKC,2026-09-13,between,101.0,102.0,0.32,0.41,0.59,0.68,max,100.0,0,1.98,real_measured,0.1505,estimated,2026-09-13T14:56:43.385065+00:00
KXHIGHMIA,KXHIGHMIA-26SEP14-T93,Highest temperature in Miami,KMIA,2026-09-14,greater,93.0,,0.04,0.06,0.94,0.96,max,90.0,1,1.79,real_measured,0.047,estimated,2026-09-13T14:56:43.385065+00:00
KXHIGHMIA,KXHIGHMIA-26SEP14-T86,Highest temperature in Miami,KMIA,2026-09-14,less,,86.0,0.01,0.02,0.98,0.99,max,90.0,1,1.79,real_measured,0.0128,estimated,2026-09-13T14:56:43.385065+00:00
KXHIGHMIA,KXHIGHMIA-26SEP14-B92.5,Highest temperature in Miami,KMIA,2026-09-14,between,92.0,93.0,0.3,0.32,0.68,0.7,max,90.0,1,1.79,real_measured,0.0851,estimated,2026-09-13T14:56:43.385065+00:00
KXHIGHMIA,KXHIGHMIA-26SEP14-B90.5,Highest temperature in Miami,KMIA,2026-09-14,between,90.0,91.0,0.48,0.49,0.51,0.52,max,90.0,1,1.79,real_measured,0.2116,estimated,2026-09-13T14:56:43.385065+00:00
KXHIGHMIA,KXHIGHMIA-26SEP14-B88.5,Highest temperature in Miami,KMIA,2026-09-14,between,88.0,89.0,0.09,0.1,0.9,0.91,max,90.0,1,1.79,real_measured,0.1562,estimated,2026-09-13T14:56:43.385065+00:00
KXHIGHMIA,KXHIGHMIA-26SEP14-B86.5,Highest temperature in Miami,KMIA,2026-09-14,between,86.0,87.0,0.03,0.04,0.96,0.97,max,90.0,1,1.79,real_measured,0.0342,estimated,2026-09-13T14:56:43.385065+00:00
KXHIGHMIA,KXHIGHMIA-26SEP13-T92,Highest temperature in Miami,KMIA,2026-09-13,greater,92.0,,0.33,0.35,0.65,0.67,max,91.0,0,1.98,real_measured,0.3069,estimated,2026-09-13T14:56:43.385065+00:00
KXHIGHMIA,KXHIGHMIA-26SEP13-T85,Highest temperature in Miami,KMIA,2026-09-13,less,,85.0,0.0,0.01,0.99,1.0,max,91.0,0,1.98,real_measured,0.0012,estimated,2026-09-13T14:56:43.385065+00:00
KXHIGHMIA,KXHIGHMIA-26SEP13-B91.5,Highest temperature in Miami,KMIA,2026-09-13,between,91.0,92.0,0.54,0.55,0.45,0.46,max,91.0,0,1.98,real_measured,0.1931,estimated,2026-09-13T14:56:43.385065+00:00
KXHIGHMIA,KXHIGHMIA-26SEP13-B89.5,Highest temperature in Miami,KMIA,2026-09-13,between,89.0,90.0,0.11,0.15,0.85,0.89,max,91.0,0,1.98,real_measured,0.1505,estimated,2026-09-13T14:56:43.385065+00:00
KXHIGHMIA,KXHIGHMIA-26SEP13-B87.5,Highest temperature in Miami,KMIA,2026-09-13,between,87.0,88.0,0.0,0.01,0.99,1.0,max,91.0,0,1.98,real_measured,0.0433,estimated,2026-09-13T14:56:43.385065+00:00
KXHIGHMIA,KXHIGHMIA-26SEP13-B85.5,Highest temperature in Miami,KMIA,2026-09-13,between,85.0,86.0,0.0,0.01,0.99,1.0,max,91.0,0,1.98,real_measured,0.0046,estimated,2026-09-13T14:56:43.385065+00:00
KXLOWTTTN,KXLOWTTTN-26SEP14-T60,Trenton Daily low temp ,KTTN,2026-09-14,greater,60.0,,0.06,0.16,0.84,0.94,min,65.0,1,1.79,real_measured,0.9974,estimated,2026-09-13T14:56:43.385065+00:00
KXLOWTTTN,KXLOWTTTN-26SEP14-T53,Trenton Daily low temp ,KTTN,2026-09-14,less,,53.0,0.02,0.4,0.6,0.98,min,65.0,1,1.79,real_measured,0.0,estimated,2026-09-13T14:56:43.385065+00:00
KXLOWTTTN,KXLOWTTTN-26SEP14-B59.5,Trenton Daily low temp ,KTTN,2026-09-14,between,59.0,60.0,0.16,0.26,0.74,0.84,min,65.0,1,1.79,real_measured,0.0022,estimated,2026-09-13T14:56:43.385065+00:00
KXLOWTTTN,KXLOWTTTN-26SEP14-B57.5,Trenton Daily low temp ,KTTN,2026-09-14,between,57.0,58.0,0.23,0.33,0.67,0.77,min,65.0,1,1.79,real_measured,0.0,estimated,2026-09-13T14:56:43.385065+00:00
KXLOWTTTN,KXLOWTTTN-26SEP14-B55.5,Trenton Daily low temp ,KTTN,2026-09-14,between,55.0,56.0,0.17,0.27,0.73,0.83,min,65.0,1,1.79,real_measured,0.0,estimated,2026-09-13T14:56:43.385065+00:00
KXLOWTTTN,KXLOWTTTN-26SEP14-B53.5,Trenton Daily low temp ,KTTN,2026-09-14,between,53.0,54.0,0.09,0.19,0.81,0.91,min,65.0,1,1.79,real_measured,0.0,estimated,2026-09-13T14:56:43.385065+00:00
KXLOWTTTN,KXLOWTTTN-26SEP13-T70,Trenton Daily low temp ,KTTN,2026-09-13,greater,70.0,,0.0,0.01,0.99,1.0,min,65.0,0,1.98,real_measured,0.0058,estimated,2026-09-13T14:56:43.385065+00:00
KXLOWTTTN,KXLOWTTTN-26SEP13-T63,Trenton Daily low temp ,KTTN,2026-09-13,less,,63.0,0.02,0.94,0.06,0.98,min,65.0,0,1.98,real_measured,0.1564,estimated,2026-09-13T14:56:43.385065+00:00
KXLOWTTTN,KXLOWTTTN-26SEP13-B69.5,Trenton Daily low temp ,KTTN,2026-09-13,between,69.0,70.0,0.0,0.01,0.99,1.0,min,65.0,0,1.98,real_measured,0.0159,estimated,2026-09-13T14:56:43.385065+00:00
KXLOWTTTN,KXLOWTTTN-26SEP13-B67.5,Trenton Daily low temp ,KTTN,2026-09-13,between,67.0,68.0,0.0,0.01,0.99,1.0,min,65.0,0,1.98,real_measured,0.0914,estimated,2026-09-13T14:56:43.385065+00:00
KXLOWTTTN,KXLOWTTTN-26SEP13-B65.5,Trenton Daily low temp ,KTTN,2026-09-13,between,65.0,66.0,0.9,0.98,0.02,0.1,min,65.0,0,1.98,real_measured,0.1931,estimated,2026-09-13T14:56:43.385065+00:00
KXLOWTTTN,KXLOWTTTN-26SEP13-B63.5,Trenton Daily low temp ,KTTN,2026-09-13,between,63.0,64.0,0.02,0.95,0.05,0.98,min,65.0,0,1.98,real_measured,0.1505,estimated,2026-09-13T14:56:43.385065+00:00
KXLOWTLAX,KXLOWTLAX-26SEP14-T68,Lowest Temperature in LA,KLAX,2026-09-14,greater,68.0,,0.26,0.35,0.65,0.74,min,67.0,1,1.79,real_measured,0.2884,estimated,2026-09-13T14:56:43.385065+00:00
KXLOWTLAX,KXLOWTLAX-26SEP14-T61,Lowest Temperature in LA,KLAX,2026-09-14,less,,61.0,0.01,0.02,0.98,0.99,min,67.0,1,1.79,real_measured,0.0004,estimated,2026-09-13T14:56:43.385065+00:00
KXLOWTLAX,KXLOWTLAX-26SEP14-B67.5,Lowest Temperature in LA,KLAX,2026-09-14,between,67.0,68.0,0.57,0.64,0.36,0.43,min,67.0,1,1.79,real_measured,0.2116,estimated,2026-09-13T14:56:43.385065+00:00
KXLOWTLAX,KXLOWTLAX-26SEP14-B65.5,Lowest Temperature in LA,KLAX,2026-09-14,between,65.0,66.0,0.03,0.11,0.89,0.97,min,67.0,1,1.79,real_measured,0.1562,estimated,2026-09-13T14:56:43.385065+00:00
KXLOWTLAX,KXLOWTLAX-26SEP14-B63.5,Lowest Temperature in LA,KLAX,2026-09-14,between,63.0,64.0,0.03,0.07,0.93,0.97,min,67.0,1,1.79,real_measured,0.0342,estimated,2026-09-13T14:56:43.385065+00:00
KXLOWTLAX,KXLOWTLAX-26SEP14-B61.5,Lowest Temperature in LA,KLAX,2026-09-14,between,61.0,62.0,0.03,0.08,0.92,0.97,min,67.0,1,1.79,real_measured,0.0022,estimated,2026-09-13T14:56:43.385065+00:00
KXLOWTLAX,KXLOWTLAX-26SEP13-T69,Lowest Temperature in LA,KLAX,2026-09-13,greater,69.0,,0.4,0.41,0.59,0.6,min,68.0,0,1.98,real_measured,0.3069,estimated,2026-09-13T14:56:43.385065+00:00
KXLOWTLAX,KXLOWTLAX-26SEP13-T62,Lowest Temperature in LA,KLAX,2026-09-13,less,,62.0,0.0,0.01,0.99,1.0,min,68.0,0,1.98,real_measured,0.0012,estimated,2026-09-13T14:56:43.385065+00:00
KXLOWTLAX,KXLOWTLAX-26SEP13-B68.5,Lowest Temperature in LA,KLAX,2026-09-13,between,68.0,69.0,0.42,0.5,0.5,0.58,min,68.0,0,1.98,real_measured,0.1931,estimated,2026-09-13T14:56:43.385065+00:00
KXLOWTLAX,KXLOWTLAX-26SEP13-B66.5,Lowest Temperature in LA,KLAX,2026-09-13,between,66.0,67.0,0.01,0.08,0.92,0.99,min,68.0,0,1.98,real_measured,0.1505,estimated,2026-09-13T14:56:43.385065+00:00
KXLOWTLAX,KXLOWTLAX-26SEP13-B64.5,Lowest Temperature in LA,KLAX,2026-09-13,between,64.0,65.0,0.0,0.01,0.99,1.0,min,68.0,0,1.98,real_measured,0.0433,estimated,2026-09-13T14:56:43.385065+00:00
KXLOWTLAX,KXLOWTLAX-26SEP13-B62.5,Lowest Temperature in LA,KLAX,2026-09-13,between,62.0,63.0,0.0,0.01,0.99,1.0,min,68.0,0,1.98,real_measured,0.0046,estimated,2026-09-13T14:56:43.385065+00:00
KXLOWTSDF,KXLOWTSDF-26SEP14-T64,Lowest Temperature SDX,KSDF,2026-09-14,greater,64.0,,0.43,0.53,0.47,0.57,min,62.0,1,1.79,real_measured,0.1321,estimated,2026-09-13T14:56:43.385065+00:00
KXLOWTSDF,KXLOWTSDF-26SEP14-T57,Lowest Temperature SDX,KSDF,2026-09-14,less,,57.0,0.0,0.0,1.0,1.0,min,62.0,1,1.79,real_measured,0.0026,estimated,2026-09-13T14:56:43.385065+00:00
KXLOWTSDF,KXLOWTSDF-26SEP14-B63.5,Lowest Temperature SDX,KSDF,2026-09-14,between,63.0,64.0,0.43,0.53,0.47,0.57,min,62.0,1,1.79,real_measured,0.1562,estimated,2026-09-13T14:56:43.385065+00:00
KXLOWTSDF,KXLOWTSDF-26SEP14-B61.5,Lowest Temperature SDX,KSDF,2026-09-14,between,61.0,62.0,0.02,0.19,0.81,0.98,min,62.0,1,1.79,real_measured,0.2116,estimated,2026-09-13T14:56:43.385065+00:00
KXLOWTSDF,KXLOWTSDF-26SEP14-B59.5,Lowest Temperature SDX,KSDF,2026-09-14,between,59.0,60.0,0.01,0.17,0.83,0.99,min,62.0,1,1.79,real_measured,0.0851,estimated,2026-09-13T14:56:43.385065+00:00
KXLOWTSDF,KXLOWTSDF-26SEP14-B57.5,Lowest Temperature SDX,KSDF,2026-09-14,between,57.0,58.0,0.02,0.19,0.81,0.98,min,62.0,1,1.79,real_measured,0.0102,estimated,2026-09-13T14:56:43.385065+00:00
KXLOWTSDF,KXLOWTSDF-26SEP13-T71,Lowest Temperature SDX,KSDF,2026-09-13,greater,71.0,,0.0,0.01,0.99,1.0,min,70.0,0,1.98,real_measured,0.3069,estimated,2026-09-13T14:56:43.385065+00:00
KXLOWTSDF,KXLOWTSDF-26SEP13-T64,Lowest Temperature SDX,KSDF,2026-09-13,less,,64.0,0.0,0.99,0.01,1.0,min,70.0,0,1.98,real_measured,0.0012,estimated,2026-09-13T14:56:43.385065+00:00
KXLOWTSDF,KXLOWTSDF-26SEP13-B70.5,Lowest Temperature SDX,KSDF,2026-09-13,between,70.0,71.0,0.8,0.99,0.01,0.2,min,70.0,0,1.98,real_measured,0.1931,estimated,2026-09-13T14:56:43.385065+00:00
KXLOWTSDF,KXLOWTSDF-26SEP13-B68.5,Lowest Temperature SDX,KSDF,2026-09-13,between,68.0,69.0,0.0,0.99,0.01,1.0,min,70.0,0,1.98,real_measured,0.1505,estimated,2026-09-13T14:56:43.385065+00:00
KXLOWTSDF,KXLOWTSDF-26SEP13-B66.5,Lowest Temperature SDX,KSDF,2026-09-13,between,66.0,67.0,0.02,0.8,0.2,0.98,min,70.0,0,1.98,real_measured,0.0433,estimated,2026-09-13T14:56:43.385065+00:00
KXLOWTSDF,KXLOWTSDF-26SEP13-B64.5,Lowest Temperature SDX,KSDF,2026-09-13,between,64.0,65.0,0.0,0.99,0.01,1.0,min,70.0,0,1.98,real_measured,0.0046,estimated,2026-09-13T14:56:43.385065+00:00
KXLOWTPHX,KXLOWTPHX-26SEP14-T87,Low Temperature Phoenix,KPHX,2026-09-14,greater,87.0,,0.2,0.27,0.73,0.8,min,86.0,1,1.79,real_measured,0.2884,estimated,2026-09-13T14:56:43.385065+00:00
KXLOWTPHX,KXLOWTPHX-26SEP14-T80,Low Temperature Phoenix,KPHX,2026-09-14,less,,80.0,0.01,0.04,0.96,0.99,min,86.0,1,1.79,real_measured,0.0004,estimated,2026-09-13T14:56:43.385065+00:00
KXLOWTPHX,KXLOWTPHX-26SEP14-B86.5,Low Temperature Phoenix,KPHX,2026-09-14,between,86.0,87.0,0.17,0.25,0.75,0.83,min,86.0,1,1.79,real_measured,0.2116,estimated,2026-09-13T14:56:43.385065+00:00
KXLOWTPHX,KXLOWTPHX-26SEP14-B84.5,Low Temperature Phoenix,KPHX,2026-09-14,between,84.0,85.0,0.19,0.26,0.74,0.81,min,86.0,1,1.79,real_measured,0.1562,estimated,2026-09-13T14:56:43.385065+00:00
KXLOWTPHX,KXLOWTPHX-26SEP14-B82.5,Low Temperature Phoenix,KPHX,2026-09-14,between,82.0,83.0,0.13,0.22,0.78,0.87,min,86.0,1,1.79,real_measured,0.0342,estimated,2026-09-13T14:56:43.385065+00:00
KXLOWTPHX,KXLOWTPHX-26SEP14-B80.5,Low Temperature Phoenix,KPHX,2026-09-14,between,80.0,81.0,0.04,0.13,0.87,0.96,min,86.0,1,1.79,real_measured,0.0022,estimated,2026-09-13T14:56:43.385065+00:00
KXLOWTPHX,KXLOWTPHX-26SEP13-T87,Low Temperature Phoenix,KPHX,2026-09-13,greater,87.0,,0.0,0.01,0.99,1.0,min,85.0,0,1.98,real_measured,0.1564,estimated,2026-09-13T14:56:43.385065+00:00
KXLOWTPHX,KXLOWTPHX-26SEP13-T80,Low Temperature Phoenix,KPHX,2026-09-13,less,,80.0,0.0,0.01,0.99,1.0,min,85.0,0,1.98,real_measured,0.0058,estimated,2026-09-13T14:56:43.385065+00:00
KXLOWTPHX,KXLOWTPHX-26SEP13-B86.5,Low Temperature Phoenix,KPHX,2026-09-13,between,86.0,87.0,0.95,0.98,0.02,0.05,min,85.0,0,1.98,real_measured,0.1505,estimated,2026-09-13T14:56:43.385065+00:00
KXLOWTPHX,KXLOWTPHX-26SEP13-B84.5,Low Temperature Phoenix,KPHX,2026-09-13,between,84.0,85.0,0.02,0.04,0.96,0.98,min,85.0,0,1.98,real_measured,0.1931,estimated,2026-09-13T14:56:43.385065+00:00
KXLOWTPHX,KXLOWTPHX-26SEP13-B82.5,Low Temperature Phoenix,KPHX,2026-09-13,between,82.0,83.0,0.02,0.05,0.95,0.98,min,85.0,0,1.98,real_measured,0.0914,estimated,2026-09-13T14:56:43.385065+00:00
KXLOWTPHX,KXLOWTPHX-26SEP13-B80.5,Low Temperature Phoenix,KPHX,2026-09-13,between,80.0,81.0,0.0,0.01,0.99,1.0,min,85.0,0,1.98,real_measured,0.0159,estimated,2026-09-13T14:56:43.385065+00:00
