series_ticker,market_ticker,city_label,station_id,target_date,strike_type,floor_strike,cap_strike,yes_bid,yes_ask,no_bid,no_ask,forecast_kind,forecast_value_f,lead_days,model_sigma_f,sigma_source,model_prob_yes,model_status,pulled_at
KXHIGHDEN,KXHIGHDEN-26SEP23-T83,Highest temperature in Denver,KDEN,2026-09-23,greater,83.0,,0.0,0.01,0.99,1.0,max,78.0,1,1.74,real_measured,0.0021,estimated,2026-09-22T15:32:31.103340+00:00
KXHIGHDEN,KXHIGHDEN-26SEP23-T76,Highest temperature in Denver,KDEN,2026-09-23,less,,76.0,0.25,0.28,0.72,0.75,max,78.0,1,1.74,real_measured,0.1255,estimated,2026-09-22T15:32:31.103340+00:00
KXHIGHDEN,KXHIGHDEN-26SEP23-B82.5,Highest temperature in Denver,KDEN,2026-09-23,between,82.0,83.0,0.03,0.04,0.96,0.97,max,78.0,1,1.74,real_measured,0.0088,estimated,2026-09-22T15:32:31.103340+00:00
KXHIGHDEN,KXHIGHDEN-26SEP23-B80.5,Highest temperature in Denver,KDEN,2026-09-23,between,80.0,81.0,0.08,0.09,0.91,0.92,max,78.0,1,1.74,real_measured,0.083,estimated,2026-09-22T15:32:31.103340+00:00
KXHIGHDEN,KXHIGHDEN-26SEP23-B78.5,Highest temperature in Denver,KDEN,2026-09-23,between,78.0,79.0,0.26,0.3,0.7,0.74,max,78.0,1,1.74,real_measured,0.217,estimated,2026-09-22T15:32:31.103340+00:00
KXHIGHDEN,KXHIGHDEN-26SEP23-B76.5,Highest temperature in Denver,KDEN,2026-09-23,between,76.0,77.0,0.31,0.32,0.68,0.69,max,78.0,1,1.74,real_measured,0.1575,estimated,2026-09-22T15:32:31.103340+00:00
KXHIGHDEN,KXHIGHDEN-26SEP22-T84,Highest temperature in Denver,KDEN,2026-09-22,greater,84.0,,0.04,0.05,0.95,0.96,max,74.0,0,1.85,real_measured,0.0,estimated,2026-09-22T15:32:31.103340+00:00
KXHIGHDEN,KXHIGHDEN-26SEP22-T77,Highest temperature in Denver,KDEN,2026-09-22,less,,77.0,0.0,0.01,0.99,1.0,max,74.0,0,1.85,real_measured,0.9474,estimated,2026-09-22T15:32:31.103340+00:00
KXHIGHDEN,KXHIGHDEN-26SEP22-B83.5,Highest temperature in Denver,KDEN,2026-09-22,between,83.0,84.0,0.51,0.53,0.47,0.49,max,74.0,0,1.85,real_measured,0.0,estimated,2026-09-22T15:32:31.103340+00:00
KXHIGHDEN,KXHIGHDEN-26SEP22-B81.5,Highest temperature in Denver,KDEN,2026-09-22,between,81.0,82.0,0.37,0.39,0.61,0.63,max,74.0,0,1.85,real_measured,0.0001,estimated,2026-09-22T15:32:31.103340+00:00
KXHIGHDEN,KXHIGHDEN-26SEP22-B79.5,Highest temperature in Denver,KDEN,2026-09-22,between,79.0,80.0,0.06,0.07,0.93,0.94,max,74.0,0,1.85,real_measured,0.0029,estimated,2026-09-22T15:32:31.103340+00:00
KXHIGHDEN,KXHIGHDEN-26SEP22-B77.5,Highest temperature in Denver,KDEN,2026-09-22,between,77.0,78.0,0.01,0.02,0.98,0.99,max,74.0,0,1.85,real_measured,0.0372,estimated,2026-09-22T15:32:31.103340+00:00
KXLOWTPHIL,KXLOWTPHIL-26SEP23-T57,Lowest temperature in Philadelphia,KPHL,2026-09-23,greater,57.0,,0.15,0.25,0.75,0.85,min,56.0,1,1.74,real_measured,0.283,estimated,2026-09-22T15:32:31.103340+00:00
KXLOWTPHIL,KXLOWTPHIL-26SEP23-T50,Lowest temperature in Philadelphia,KPHL,2026-09-23,less,,50.0,0.0,0.01,0.99,1.0,min,56.0,1,1.74,real_measured,0.0003,estimated,2026-09-22T15:32:31.103340+00:00
KXLOWTPHIL,KXLOWTPHIL-26SEP23-B56.5,Lowest temperature in Philadelphia,KPHL,2026-09-23,between,56.0,57.0,0.19,0.39,0.61,0.81,min,56.0,1,1.74,real_measured,0.217,estimated,2026-09-22T15:32:31.103340+00:00
KXLOWTPHIL,KXLOWTPHIL-26SEP23-B54.5,Lowest temperature in Philadelphia,KPHL,2026-09-23,between,54.0,55.0,0.36,0.46,0.54,0.64,min,56.0,1,1.74,real_measured,0.1575,estimated,2026-09-22T15:32:31.103340+00:00
KXLOWTPHIL,KXLOWTPHIL-26SEP23-B52.5,Lowest temperature in Philadelphia,KPHL,2026-09-23,between,52.0,53.0,0.03,0.12,0.88,0.97,min,56.0,1,1.74,real_measured,0.0317,estimated,2026-09-22T15:32:31.103340+00:00
KXLOWTPHIL,KXLOWTPHIL-26SEP23-B50.5,Lowest temperature in Philadelphia,KPHL,2026-09-23,between,50.0,51.0,0.0,0.02,0.98,1.0,min,56.0,1,1.74,real_measured,0.0018,estimated,2026-09-22T15:32:31.103340+00:00
KXLOWTPHIL,KXLOWTPHIL-26SEP22-T60,Lowest temperature in Philadelphia,KPHL,2026-09-22,greater,60.0,,0.0,0.01,0.99,1.0,min,60.0,0,1.85,real_measured,0.5,estimated,2026-09-22T15:32:31.103340+00:00
KXLOWTPHIL,KXLOWTPHIL-26SEP22-T53,Lowest temperature in Philadelphia,KPHL,2026-09-22,less,,53.0,0.01,0.06,0.94,0.99,min,60.0,0,1.85,real_measured,0.0001,estimated,2026-09-22T15:32:31.103340+00:00
KXLOWTPHIL,KXLOWTPHIL-26SEP22-B59.5,Lowest temperature in Philadelphia,KPHL,2026-09-22,between,59.0,60.0,0.63,0.68,0.32,0.37,min,60.0,0,1.85,real_measured,0.2054,estimated,2026-09-22T15:32:31.103340+00:00
KXLOWTPHIL,KXLOWTPHIL-26SEP22-B57.5,Lowest temperature in Philadelphia,KPHL,2026-09-22,between,57.0,58.0,0.15,0.25,0.75,0.85,min,60.0,0,1.85,real_measured,0.0874,estimated,2026-09-22T15:32:31.103340+00:00
KXLOWTPHIL,KXLOWTPHIL-26SEP22-B55.5,Lowest temperature in Philadelphia,KPHL,2026-09-22,between,55.0,56.0,0.03,0.1,0.9,0.97,min,60.0,0,1.85,real_measured,0.0119,estimated,2026-09-22T15:32:31.103340+00:00
KXLOWTPHIL,KXLOWTPHIL-26SEP22-B53.5,Lowest temperature in Philadelphia,KPHL,2026-09-22,between,53.0,54.0,0.01,0.04,0.96,0.99,min,60.0,0,1.85,real_measured,0.0005,estimated,2026-09-22T15:32:31.103340+00:00
KXHIGHTHOU,KXHIGHTHOU-26SEP23-T93,Daily High Temperature Houston,KHOU,2026-09-23,less,,93.0,0.03,0.05,0.95,0.97,max,95.0,1,1.74,real_measured,0.1255,estimated,2026-09-22T15:32:31.103340+00:00
KXHIGHTHOU,KXHIGHTHOU-26SEP23-T100,Daily High Temperature Houston,KHOU,2026-09-23,greater,100.0,,0.0,0.02,0.98,1.0,max,95.0,1,1.74,real_measured,0.0021,estimated,2026-09-22T15:32:31.103340+00:00
KXHIGHTHOU,KXHIGHTHOU-26SEP23-B99.5,Daily High Temperature Houston,KHOU,2026-09-23,between,99.0,100.0,0.03,0.06,0.94,0.97,max,95.0,1,1.74,real_measured,0.0088,estimated,2026-09-22T15:32:31.103340+00:00
KXHIGHTHOU,KXHIGHTHOU-26SEP23-B97.5,Daily High Temperature Houston,KHOU,2026-09-23,between,97.0,98.0,0.22,0.25,0.75,0.78,max,95.0,1,1.74,real_measured,0.083,estimated,2026-09-22T15:32:31.103340+00:00
KXHIGHTHOU,KXHIGHTHOU-26SEP23-B95.5,Daily High Temperature Houston,KHOU,2026-09-23,between,95.0,96.0,0.47,0.5,0.5,0.53,max,95.0,1,1.74,real_measured,0.217,estimated,2026-09-22T15:32:31.103340+00:00
KXHIGHTHOU,KXHIGHTHOU-26SEP23-B93.5,Daily High Temperature Houston,KHOU,2026-09-23,between,93.0,94.0,0.14,0.21,0.79,0.86,max,95.0,1,1.74,real_measured,0.1575,estimated,2026-09-22T15:32:31.103340+00:00
KXHIGHTHOU,KXHIGHTHOU-26SEP22-T93,Daily High Temperature Houston,KHOU,2026-09-22,less,,93.0,0.0,0.01,0.99,1.0,max,95.0,0,1.85,real_measured,0.14,estimated,2026-09-22T15:32:31.103340+00:00
KXHIGHTHOU,KXHIGHTHOU-26SEP22-T100,Daily High Temperature Houston,KHOU,2026-09-22,greater,100.0,,0.0,0.01,0.99,1.0,max,95.0,0,1.85,real_measured,0.0035,estimated,2026-09-22T15:32:31.103340+00:00
KXHIGHTHOU,KXHIGHTHOU-26SEP22-B99.5,Daily High Temperature Houston,KHOU,2026-09-22,between,99.0,100.0,0.02,0.03,0.97,0.98,max,95.0,0,1.85,real_measured,0.0119,estimated,2026-09-22T15:32:31.103340+00:00
KXHIGHTHOU,KXHIGHTHOU-26SEP22-B97.5,Daily High Temperature Houston,KHOU,2026-09-22,between,97.0,98.0,0.31,0.33,0.67,0.69,max,95.0,0,1.85,real_measured,0.0874,estimated,2026-09-22T15:32:31.103340+00:00
KXHIGHTHOU,KXHIGHTHOU-26SEP22-B95.5,Daily High Temperature Houston,KHOU,2026-09-22,between,95.0,96.0,0.53,0.54,0.46,0.47,max,95.0,0,1.85,real_measured,0.2054,estimated,2026-09-22T15:32:31.103340+00:00
KXHIGHTHOU,KXHIGHTHOU-26SEP22-B93.5,Daily High Temperature Houston,KHOU,2026-09-22,between,93.0,94.0,0.15,0.16,0.84,0.85,max,95.0,0,1.85,real_measured,0.1545,estimated,2026-09-22T15:32:31.103340+00:00
KXHIGHTSEA,KXHIGHTSEA-26SEP23-T72,Seattle Maximum Temperature Daily,KSEA,2026-09-23,greater,72.0,,0.0,0.01,0.99,1.0,max,67.0,1,1.74,real_measured,0.0021,estimated,2026-09-22T15:32:31.103340+00:00
KXHIGHTSEA,KXHIGHTSEA-26SEP23-T65,Seattle Maximum Temperature Daily,KSEA,2026-09-23,less,,65.0,0.18,0.19,0.81,0.82,max,67.0,1,1.74,real_measured,0.1255,estimated,2026-09-22T15:32:31.103340+00:00
KXHIGHTSEA,KXHIGHTSEA-26SEP23-B71.5,Seattle Maximum Temperature Daily,KSEA,2026-09-23,between,71.0,72.0,0.03,0.04,0.96,0.97,max,67.0,1,1.74,real_measured,0.0088,estimated,2026-09-22T15:32:31.103340+00:00
KXHIGHTSEA,KXHIGHTSEA-26SEP23-B69.5,Seattle Maximum Temperature Daily,KSEA,2026-09-23,between,69.0,70.0,0.1,0.17,0.83,0.9,max,67.0,1,1.74,real_measured,0.083,estimated,2026-09-22T15:32:31.103340+00:00
KXHIGHTSEA,KXHIGHTSEA-26SEP23-B67.5,Seattle Maximum Temperature Daily,KSEA,2026-09-23,between,67.0,68.0,0.33,0.36,0.64,0.67,max,67.0,1,1.74,real_measured,0.217,estimated,2026-09-22T15:32:31.103340+00:00
KXHIGHTSEA,KXHIGHTSEA-26SEP23-B65.5,Seattle Maximum Temperature Daily,KSEA,2026-09-23,between,65.0,66.0,0.28,0.33,0.67,0.72,max,67.0,1,1.74,real_measured,0.1575,estimated,2026-09-22T15:32:31.103340+00:00
KXHIGHTSEA,KXHIGHTSEA-26SEP22-T73,Seattle Maximum Temperature Daily,KSEA,2026-09-22,greater,73.0,,0.0,0.01,0.99,1.0,max,70.0,0,1.85,real_measured,0.0526,estimated,2026-09-22T15:32:31.103340+00:00
KXHIGHTSEA,KXHIGHTSEA-26SEP22-T66,Seattle Maximum Temperature Daily,KSEA,2026-09-22,less,,66.0,0.02,0.03,0.97,0.98,max,70.0,0,1.85,real_measured,0.0154,estimated,2026-09-22T15:32:31.103340+00:00
KXHIGHTSEA,KXHIGHTSEA-26SEP22-B72.5,Seattle Maximum Temperature Daily,KSEA,2026-09-22,between,72.0,73.0,0.01,0.02,0.98,0.99,max,70.0,0,1.85,real_measured,0.0874,estimated,2026-09-22T15:32:31.103340+00:00
KXHIGHTSEA,KXHIGHTSEA-26SEP22-B70.5,Seattle Maximum Temperature Daily,KSEA,2026-09-22,between,70.0,71.0,0.13,0.14,0.86,0.87,max,70.0,0,1.85,real_measured,0.2054,estimated,2026-09-22T15:32:31.103340+00:00
KXHIGHTSEA,KXHIGHTSEA-26SEP22-B68.5,Seattle Maximum Temperature Daily,KSEA,2026-09-22,between,68.0,69.0,0.5,0.53,0.47,0.5,max,70.0,0,1.85,real_measured,0.1545,estimated,2026-09-22T15:32:31.103340+00:00
KXHIGHTSEA,KXHIGHTSEA-26SEP22-B66.5,Seattle Maximum Temperature Daily,KSEA,2026-09-22,between,66.0,67.0,0.28,0.3,0.7,0.72,max,70.0,0,1.85,real_measured,0.0372,estimated,2026-09-22T15:32:31.103340+00:00
KXHIGHAUS,KXHIGHAUS-26SEP23-T96,Highest temperature in Austin,KAUS,2026-09-23,less,,96.0,0.03,0.05,0.95,0.97,max,99.0,1,1.74,real_measured,0.0425,estimated,2026-09-22T15:32:31.103340+00:00
KXHIGHAUS,KXHIGHAUS-26SEP23-T103,Highest temperature in Austin,KAUS,2026-09-23,greater,103.0,,0.01,0.02,0.98,0.99,max,99.0,1,1.74,real_measured,0.0108,estimated,2026-09-22T15:32:31.103340+00:00
KXHIGHAUS,KXHIGHAUS-26SEP23-B98.5,Highest temperature in Austin,KAUS,2026-09-23,between,98.0,99.0,0.43,0.46,0.54,0.57,max,99.0,1,1.74,real_measured,0.217,estimated,2026-09-22T15:32:31.103340+00:00
KXHIGHAUS,KXHIGHAUS-26SEP23-B96.5,Highest temperature in Austin,KAUS,2026-09-23,between,96.0,97.0,0.09,0.15,0.85,0.91,max,99.0,1,1.74,real_measured,0.083,estimated,2026-09-22T15:32:31.103340+00:00
KXHIGHAUS,KXHIGHAUS-26SEP23-B102.5,Highest temperature in Austin,KAUS,2026-09-23,between,102.0,103.0,0.05,0.07,0.93,0.95,max,99.0,1,1.74,real_measured,0.0317,estimated,2026-09-22T15:32:31.103340+00:00
KXHIGHAUS,KXHIGHAUS-26SEP23-B100.5,Highest temperature in Austin,KAUS,2026-09-23,between,100.0,101.0,0.33,0.36,0.64,0.67,max,99.0,1,1.74,real_measured,0.1575,estimated,2026-09-22T15:32:31.103340+00:00
KXHIGHAUS,KXHIGHAUS-26SEP22-T95,Highest temperature in Austin,KAUS,2026-09-22,less,,95.0,0.0,0.01,0.99,1.0,max,100.0,0,1.85,real_measured,0.0035,estimated,2026-09-22T15:32:31.103340+00:00
KXHIGHAUS,KXHIGHAUS-26SEP22-T102,Highest temperature in Austin,KAUS,2026-09-22,greater,102.0,,0.0,0.01,0.99,1.0,max,100.0,0,1.85,real_measured,0.14,estimated,2026-09-22T15:32:31.103340+00:00
KXHIGHAUS,KXHIGHAUS-26SEP22-B99.5,Highest temperature in Austin,KAUS,2026-09-22,between,99.0,100.0,0.59,0.63,0.37,0.41,max,100.0,0,1.85,real_measured,0.2054,estimated,2026-09-22T15:32:31.103340+00:00
KXHIGHAUS,KXHIGHAUS-26SEP22-B97.5,Highest temperature in Austin,KAUS,2026-09-22,between,97.0,98.0,0.27,0.29,0.71,0.73,max,100.0,0,1.85,real_measured,0.0874,estimated,2026-09-22T15:32:31.103340+00:00
KXHIGHAUS,KXHIGHAUS-26SEP22-B95.5,Highest temperature in Austin,KAUS,2026-09-22,between,95.0,96.0,0.04,0.06,0.94,0.96,max,100.0,0,1.85,real_measured,0.0119,estimated,2026-09-22T15:32:31.103340+00:00
KXHIGHAUS,KXHIGHAUS-26SEP22-B101.5,Highest temperature in Austin,KAUS,2026-09-22,between,101.0,102.0,0.02,0.05,0.95,0.98,max,100.0,0,1.85,real_measured,0.1545,estimated,2026-09-22T15:32:31.103340+00:00
KXHIGHLAX,KXHIGHLAX-26SEP23-T85,Highest temperature in Los Angeles,KLAX,2026-09-23,greater,85.0,,0.01,0.02,0.98,0.99,max,82.0,1,1.74,real_measured,0.0425,estimated,2026-09-22T15:32:31.103340+00:00
KXHIGHLAX,KXHIGHLAX-26SEP23-T78,Highest temperature in Los Angeles,KLAX,2026-09-23,less,,78.0,0.04,0.05,0.95,0.96,max,82.0,1,1.74,real_measured,0.0108,estimated,2026-09-22T15:32:31.103340+00:00
KXHIGHLAX,KXHIGHLAX-26SEP23-B84.5,Highest temperature in Los Angeles,KLAX,2026-09-23,between,84.0,85.0,0.06,0.07,0.93,0.94,max,82.0,1,1.74,real_measured,0.083,estimated,2026-09-22T15:32:31.103340+00:00
KXHIGHLAX,KXHIGHLAX-26SEP23-B82.5,Highest temperature in Los Angeles,KLAX,2026-09-23,between,82.0,83.0,0.24,0.27,0.73,0.76,max,82.0,1,1.74,real_measured,0.217,estimated,2026-09-22T15:32:31.103340+00:00
KXHIGHLAX,KXHIGHLAX-26SEP23-B80.5,Highest temperature in Los Angeles,KLAX,2026-09-23,between,80.0,81.0,0.36,0.37,0.63,0.64,max,82.0,1,1.74,real_measured,0.1575,estimated,2026-09-22T15:32:31.103340+00:00
KXHIGHLAX,KXHIGHLAX-26SEP23-B78.5,Highest temperature in Los Angeles,KLAX,2026-09-23,between,78.0,79.0,0.24,0.25,0.75,0.76,max,82.0,1,1.74,real_measured,0.0317,estimated,2026-09-22T15:32:31.103340+00:00
KXHIGHLAX,KXHIGHLAX-26SEP22-T82,Highest temperature in Los Angeles,KLAX,2026-09-22,greater,82.0,,0.0,0.01,0.99,1.0,max,75.0,0,1.85,real_measured,0.0001,estimated,2026-09-22T15:32:31.103340+00:00
KXHIGHLAX,KXHIGHLAX-26SEP22-T75,Highest temperature in Los Angeles,KLAX,2026-09-22,less,,75.0,0.01,0.02,0.98,0.99,max,75.0,0,1.85,real_measured,0.5,estimated,2026-09-22T15:32:31.103340+00:00
KXHIGHLAX,KXHIGHLAX-26SEP22-B81.5,Highest temperature in Los Angeles,KLAX,2026-09-22,between,81.0,82.0,0.0,0.01,0.99,1.0,max,75.0,0,1.85,real_measured,0.0005,estimated,2026-09-22T15:32:31.103340+00:00
KXHIGHLAX,KXHIGHLAX-26SEP22-B79.5,Highest temperature in Los Angeles,KLAX,2026-09-22,between,79.0,80.0,0.26,0.27,0.73,0.74,max,75.0,0,1.85,real_measured,0.0119,estimated,2026-09-22T15:32:31.103340+00:00
KXHIGHLAX,KXHIGHLAX-26SEP22-B77.5,Highest temperature in Los Angeles,KLAX,2026-09-22,between,77.0,78.0,0.55,0.57,0.43,0.45,max,75.0,0,1.85,real_measured,0.0874,estimated,2026-09-22T15:32:31.103340+00:00
KXHIGHLAX,KXHIGHLAX-26SEP22-B75.5,Highest temperature in Los Angeles,KLAX,2026-09-22,between,75.0,76.0,0.21,0.22,0.78,0.79,max,75.0,0,1.85,real_measured,0.2054,estimated,2026-09-22T15:32:31.103340+00:00
KXLOWTLV,KXLOWTLV-26SEP23-T72,Las Vegas Daily Low Temperature,KLAS,2026-09-23,greater,72.0,,0.1,0.51,0.49,0.9,min,71.0,1,1.74,real_measured,0.283,estimated,2026-09-22T15:32:31.103340+00:00
KXLOWTLV,KXLOWTLV-26SEP23-T65,Las Vegas Daily Low Temperature,KLAS,2026-09-23,less,,65.0,0.0,0.01,0.99,1.0,min,71.0,1,1.74,real_measured,0.0003,estimated,2026-09-22T15:32:31.103340+00:00
KXLOWTLV,KXLOWTLV-26SEP23-B71.5,Las Vegas Daily Low Temperature,KLAS,2026-09-23,between,71.0,72.0,0.35,0.43,0.57,0.65,min,71.0,1,1.74,real_measured,0.217,estimated,2026-09-22T15:32:31.103340+00:00
KXLOWTLV,KXLOWTLV-26SEP23-B69.5,Las Vegas Daily Low Temperature,KLAS,2026-09-23,between,69.0,70.0,0.13,0.23,0.77,0.87,min,71.0,1,1.74,real_measured,0.1575,estimated,2026-09-22T15:32:31.103340+00:00
KXLOWTLV,KXLOWTLV-26SEP23-B67.5,Las Vegas Daily Low Temperature,KLAS,2026-09-23,between,67.0,68.0,0.02,0.11,0.89,0.98,min,71.0,1,1.74,real_measured,0.0317,estimated,2026-09-22T15:32:31.103340+00:00
KXLOWTLV,KXLOWTLV-26SEP23-B65.5,Las Vegas Daily Low Temperature,KLAS,2026-09-23,between,65.0,66.0,0.0,0.09,0.91,1.0,min,71.0,1,1.74,real_measured,0.0018,estimated,2026-09-22T15:32:31.103340+00:00
KXLOWTLV,KXLOWTLV-26SEP22-T72,Las Vegas Daily Low Temperature,KLAS,2026-09-22,greater,72.0,,0.0,0.01,0.99,1.0,min,69.0,0,1.85,real_measured,0.0526,estimated,2026-09-22T15:32:31.103340+00:00
KXLOWTLV,KXLOWTLV-26SEP22-T65,Las Vegas Daily Low Temperature,KLAS,2026-09-22,less,,65.0,0.0,0.01,0.99,1.0,min,69.0,0,1.85,real_measured,0.0154,estimated,2026-09-22T15:32:31.103340+00:00
KXLOWTLV,KXLOWTLV-26SEP22-B71.5,Las Vegas Daily Low Temperature,KLAS,2026-09-22,between,71.0,72.0,0.0,0.01,0.99,1.0,min,69.0,0,1.85,real_measured,0.0874,estimated,2026-09-22T15:32:31.103340+00:00
KXLOWTLV,KXLOWTLV-26SEP22-B69.5,Las Vegas Daily Low Temperature,KLAS,2026-09-22,between,69.0,70.0,0.0,0.01,0.99,1.0,min,69.0,0,1.85,real_measured,0.2054,estimated,2026-09-22T15:32:31.103340+00:00
KXLOWTLV,KXLOWTLV-26SEP22-B67.5,Las Vegas Daily Low Temperature,KLAS,2026-09-22,between,67.0,68.0,0.9,0.99,0.01,0.1,min,69.0,0,1.85,real_measured,0.1545,estimated,2026-09-22T15:32:31.103340+00:00
KXLOWTLV,KXLOWTLV-26SEP22-B65.5,Las Vegas Daily Low Temperature,KLAS,2026-09-22,between,65.0,66.0,0.01,0.1,0.9,0.99,min,69.0,0,1.85,real_measured,0.0372,estimated,2026-09-22T15:32:31.103340+00:00
KXHIGHTMIN,KXHIGHTMIN-26SEP23-T69,Minneapolis Daily High Temperature,KMSP,2026-09-23,greater,69.0,,0.07,0.08,0.92,0.93,max,65.0,1,1.74,real_measured,0.0108,estimated,2026-09-22T15:32:31.103340+00:00
KXHIGHTMIN,KXHIGHTMIN-26SEP23-T62,Minneapolis Daily High Temperature,KMSP,2026-09-23,less,,62.0,0.01,0.02,0.98,0.99,max,65.0,1,1.74,real_measured,0.0425,estimated,2026-09-22T15:32:31.103340+00:00
KXHIGHTMIN,KXHIGHTMIN-26SEP23-B68.5,Minneapolis Daily High Temperature,KMSP,2026-09-23,between,68.0,69.0,0.24,0.33,0.67,0.76,max,65.0,1,1.74,real_measured,0.0317,estimated,2026-09-22T15:32:31.103340+00:00
KXHIGHTMIN,KXHIGHTMIN-26SEP23-B66.5,Minneapolis Daily High Temperature,KMSP,2026-09-23,between,66.0,67.0,0.35,0.36,0.64,0.65,max,65.0,1,1.74,real_measured,0.1575,estimated,2026-09-22T15:32:31.103340+00:00
KXHIGHTMIN,KXHIGHTMIN-26SEP23-B64.5,Minneapolis Daily High Temperature,KMSP,2026-09-23,between,64.0,65.0,0.13,0.14,0.86,0.87,max,65.0,1,1.74,real_measured,0.217,estimated,2026-09-22T15:32:31.103340+00:00
KXHIGHTMIN,KXHIGHTMIN-26SEP23-B62.5,Minneapolis Daily High Temperature,KMSP,2026-09-23,between,62.0,63.0,0.03,0.08,0.92,0.97,max,65.0,1,1.74,real_measured,0.083,estimated,2026-09-22T15:32:31.103340+00:00
KXHIGHTMIN,KXHIGHTMIN-26SEP22-T69,Minneapolis Daily High Temperature,KMSP,2026-09-22,greater,69.0,,0.0,0.01,0.99,1.0,max,63.0,0,1.85,real_measured,0.0006,estimated,2026-09-22T15:32:31.103340+00:00
KXHIGHTMIN,KXHIGHTMIN-26SEP22-T62,Minneapolis Daily High Temperature,KMSP,2026-09-22,less,,62.0,0.01,0.04,0.96,0.99,max,63.0,0,1.85,real_measured,0.2946,estimated,2026-09-22T15:32:31.103340+00:00
KXHIGHTMIN,KXHIGHTMIN-26SEP22-B68.5,Minneapolis Daily High Temperature,KMSP,2026-09-22,between,68.0,69.0,0.01,0.02,0.98,0.99,max,63.0,0,1.85,real_measured,0.0029,estimated,2026-09-22T15:32:31.103340+00:00
KXHIGHTMIN,KXHIGHTMIN-26SEP22-B66.5,Minneapolis Daily High Temperature,KMSP,2026-09-22,between,66.0,67.0,0.22,0.23,0.77,0.78,max,63.0,0,1.85,real_measured,0.0372,estimated,2026-09-22T15:32:31.103340+00:00
KXHIGHTMIN,KXHIGHTMIN-26SEP22-B64.5,Minneapolis Daily High Temperature,KMSP,2026-09-22,between,64.0,65.0,0.51,0.54,0.46,0.49,max,63.0,0,1.85,real_measured,0.1545,estimated,2026-09-22T15:32:31.103340+00:00
KXHIGHTMIN,KXHIGHTMIN-26SEP22-B62.5,Minneapolis Daily High Temperature,KMSP,2026-09-22,between,62.0,63.0,0.25,0.27,0.73,0.75,max,63.0,0,1.85,real_measured,0.2054,estimated,2026-09-22T15:32:31.103340+00:00
KXLOWTSATX,KXLOWTSATX-26SEP23-T77,Lowest Temperature SATX,KSAT,2026-09-23,greater,77.0,,0.08,0.28,0.72,0.92,min,76.0,1,1.74,real_measured,0.283,estimated,2026-09-22T15:32:31.103340+00:00
KXLOWTSATX,KXLOWTSATX-26SEP23-T70,Lowest Temperature SATX,KSAT,2026-09-23,less,,70.0,0.0,0.01,0.99,1.0,min,76.0,1,1.74,real_measured,0.0003,estimated,2026-09-22T15:32:31.103340+00:00
KXLOWTSATX,KXLOWTSATX-26SEP23-B76.5,Lowest Temperature SATX,KSAT,2026-09-23,between,76.0,77.0,0.35,0.55,0.45,0.65,min,76.0,1,1.74,real_measured,0.217,estimated,2026-09-22T15:32:31.103340+00:00
KXLOWTSATX,KXLOWTSATX-26SEP23-B74.5,Lowest Temperature SATX,KSAT,2026-09-23,between,74.0,75.0,0.24,0.4,0.6,0.76,min,76.0,1,1.74,real_measured,0.1575,estimated,2026-09-22T15:32:31.103340+00:00
KXLOWTSATX,KXLOWTSATX-26SEP23-B72.5,Lowest Temperature SATX,KSAT,2026-09-23,between,72.0,73.0,0.03,0.1,0.9,0.97,min,76.0,1,1.74,real_measured,0.0317,estimated,2026-09-22T15:32:31.103340+00:00
KXLOWTSATX,KXLOWTSATX-26SEP23-B70.5,Lowest Temperature SATX,KSAT,2026-09-23,between,70.0,71.0,0.02,0.08,0.92,0.98,min,76.0,1,1.74,real_measured,0.0018,estimated,2026-09-22T15:32:31.103340+00:00
KXLOWTSATX,KXLOWTSATX-26SEP22-T76,Lowest Temperature SATX,KSAT,2026-09-22,greater,76.0,,0.0,0.01,0.99,1.0,min,76.0,0,1.85,real_measured,0.5,estimated,2026-09-22T15:32:31.103340+00:00
KXLOWTSATX,KXLOWTSATX-26SEP22-T69,Lowest Temperature SATX,KSAT,2026-09-22,less,,69.0,0.0,0.02,0.98,1.0,min,76.0,0,1.85,real_measured,0.0001,estimated,2026-09-22T15:32:31.103340+00:00
KXLOWTSATX,KXLOWTSATX-26SEP22-B75.5,Lowest Temperature SATX,KSAT,2026-09-22,between,75.0,76.0,0.9,0.99,0.01,0.1,min,76.0,0,1.85,real_measured,0.2054,estimated,2026-09-22T15:32:31.103340+00:00
KXLOWTSATX,KXLOWTSATX-26SEP22-B73.5,Lowest Temperature SATX,KSAT,2026-09-22,between,73.0,74.0,0.02,0.1,0.9,0.98,min,76.0,0,1.85,real_measured,0.0874,estimated,2026-09-22T15:32:31.103340+00:00
KXLOWTSATX,KXLOWTSATX-26SEP22-B71.5,Lowest Temperature SATX,KSAT,2026-09-22,between,71.0,72.0,0.01,0.08,0.92,0.99,min,76.0,0,1.85,real_measured,0.0119,estimated,2026-09-22T15:32:31.103340+00:00
KXLOWTSATX,KXLOWTSATX-26SEP22-B69.5,Lowest Temperature SATX,KSAT,2026-09-22,between,69.0,70.0,0.0,0.03,0.97,1.0,min,76.0,0,1.85,real_measured,0.0005,estimated,2026-09-22T15:32:31.103340+00:00
KXHIGHTDAL,KXHIGHTDAL-26SEP23-T94,Dallas Maximum Temperature,KDFW,2026-09-23,less,,94.0,0.09,0.11,0.89,0.91,max,96.0,1,1.74,real_measured,0.1255,estimated,2026-09-22T15:32:31.103340+00:00
KXHIGHTDAL,KXHIGHTDAL-26SEP23-T101,Dallas Maximum Temperature,KDFW,2026-09-23,greater,101.0,,0.01,0.02,0.98,0.99,max,96.0,1,1.74,real_measured,0.0021,estimated,2026-09-22T15:32:31.103340+00:00
KXHIGHTDAL,KXHIGHTDAL-26SEP23-B98.5,Dallas Maximum Temperature,KDFW,2026-09-23,between,98.0,99.0,0.09,0.1,0.9,0.91,max,96.0,1,1.74,real_measured,0.083,estimated,2026-09-22T15:32:31.103340+00:00
KXHIGHTDAL,KXHIGHTDAL-26SEP23-B96.5,Dallas Maximum Temperature,KDFW,2026-09-23,between,96.0,97.0,0.4,0.43,0.57,0.6,max,96.0,1,1.74,real_measured,0.217,estimated,2026-09-22T15:32:31.103340+00:00
KXHIGHTDAL,KXHIGHTDAL-26SEP23-B94.5,Dallas Maximum Temperature,KDFW,2026-09-23,between,94.0,95.0,0.25,0.3,0.7,0.75,max,96.0,1,1.74,real_measured,0.1575,estimated,2026-09-22T15:32:31.103340+00:00
KXHIGHTDAL,KXHIGHTDAL-26SEP23-B100.5,Dallas Maximum Temperature,KDFW,2026-09-23,between,100.0,101.0,0.02,0.04,0.96,0.98,max,96.0,1,1.74,real_measured,0.0088,estimated,2026-09-22T15:32:31.103340+00:00
KXHIGHTDAL,KXHIGHTDAL-26SEP22-T93,Dallas Maximum Temperature,KDFW,2026-09-22,less,,93.0,0.01,0.04,0.96,0.99,max,96.0,0,1.85,real_measured,0.0526,estimated,2026-09-22T15:32:31.103340+00:00
KXHIGHTDAL,KXHIGHTDAL-26SEP22-T100,Dallas Maximum Temperature,KDFW,2026-09-22,greater,100.0,,0.0,0.01,0.99,1.0,max,96.0,0,1.85,real_measured,0.0154,estimated,2026-09-22T15:32:31.103340+00:00
KXHIGHTDAL,KXHIGHTDAL-26SEP22-B99.5,Dallas Maximum Temperature,KDFW,2026-09-22,between,99.0,100.0,0.01,0.02,0.98,0.99,max,96.0,0,1.85,real_measured,0.0372,estimated,2026-09-22T15:32:31.103340+00:00
KXHIGHTDAL,KXHIGHTDAL-26SEP22-B97.5,Dallas Maximum Temperature,KDFW,2026-09-22,between,97.0,98.0,0.2,0.22,0.78,0.8,max,96.0,0,1.85,real_measured,0.1545,estimated,2026-09-22T15:32:31.103340+00:00
KXHIGHTDAL,KXHIGHTDAL-26SEP22-B95.5,Dallas Maximum Temperature,KDFW,2026-09-22,between,95.0,96.0,0.53,0.54,0.46,0.47,max,96.0,0,1.85,real_measured,0.2054,estimated,2026-09-22T15:32:31.103340+00:00
KXHIGHTDAL,KXHIGHTDAL-26SEP22-B93.5,Dallas Maximum Temperature,KDFW,2026-09-22,between,93.0,94.0,0.27,0.29,0.71,0.73,max,96.0,0,1.85,real_measured,0.0874,estimated,2026-09-22T15:32:31.103340+00:00
KXHIGHTDC,KXHIGHTDC-26SEP23-T67,Washington DC Daily Max Temp,KDCA,2026-09-23,greater,67.0,,0.12,0.16,0.84,0.88,max,64.0,1,1.74,real_measured,0.0425,estimated,2026-09-22T15:32:31.103340+00:00
KXHIGHTDC,KXHIGHTDC-26SEP23-T60,Washington DC Daily Max Temp,KDCA,2026-09-23,less,,60.0,0.01,0.02,0.98,0.99,max,64.0,1,1.74,real_measured,0.0108,estimated,2026-09-22T15:32:31.103340+00:00
KXHIGHTDC,KXHIGHTDC-26SEP23-B66.5,Washington DC Daily Max Temp,KDCA,2026-09-23,between,66.0,67.0,0.35,0.39,0.61,0.65,max,64.0,1,1.74,real_measured,0.083,estimated,2026-09-22T15:32:31.103340+00:00
KXHIGHTDC,KXHIGHTDC-26SEP23-B64.5,Washington DC Daily Max Temp,KDCA,2026-09-23,between,64.0,65.0,0.27,0.28,0.72,0.73,max,64.0,1,1.74,real_measured,0.217,estimated,2026-09-22T15:32:31.103340+00:00
KXHIGHTDC,KXHIGHTDC-26SEP23-B62.5,Washington DC Daily Max Temp,KDCA,2026-09-23,between,62.0,63.0,0.15,0.16,0.84,0.85,max,64.0,1,1.74,real_measured,0.1575,estimated,2026-09-22T15:32:31.103340+00:00
KXHIGHTDC,KXHIGHTDC-26SEP23-B60.5,Washington DC Daily Max Temp,KDCA,2026-09-23,between,60.0,61.0,0.04,0.07,0.93,0.96,max,64.0,1,1.74,real_measured,0.0317,estimated,2026-09-22T15:32:31.103340+00:00
KXHIGHTDC,KXHIGHTDC-26SEP22-T73,Washington DC Daily Max Temp,KDCA,2026-09-22,greater,73.0,,0.0,0.01,0.99,1.0,max,63.0,0,1.85,real_measured,0.0,estimated,2026-09-22T15:32:31.103340+00:00
KXHIGHTDC,KXHIGHTDC-26SEP22-T66,Washington DC Daily Max Temp,KDCA,2026-09-22,less,,66.0,0.94,0.95,0.05,0.06,max,63.0,0,1.85,real_measured,0.9474,estimated,2026-09-22T15:32:31.103340+00:00
KXHIGHTDC,KXHIGHTDC-26SEP22-B72.5,Washington DC Daily Max Temp,KDCA,2026-09-22,between,72.0,73.0,0.0,0.01,0.99,1.0,max,63.0,0,1.85,real_measured,0.0,estimated,2026-09-22T15:32:31.103340+00:00
KXHIGHTDC,KXHIGHTDC-26SEP22-B70.5,Washington DC Daily Max Temp,KDCA,2026-09-22,between,70.0,71.0,0.0,0.01,0.99,1.0,max,63.0,0,1.85,real_measured,0.0001,estimated,2026-09-22T15:32:31.103340+00:00
KXHIGHTDC,KXHIGHTDC-26SEP22-B68.5,Washington DC Daily Max Temp,KDCA,2026-09-22,between,68.0,69.0,0.0,0.01,0.99,1.0,max,63.0,0,1.85,real_measured,0.0029,estimated,2026-09-22T15:32:31.103340+00:00
KXHIGHTDC,KXHIGHTDC-26SEP22-B66.5,Washington DC Daily Max Temp,KDCA,2026-09-22,between,66.0,67.0,0.06,0.08,0.92,0.94,max,63.0,0,1.85,real_measured,0.0372,estimated,2026-09-22T15:32:31.103340+00:00
KXLOWTMIN,KXLOWTMIN-26SEP23-T49,Low  temperature Minnesota,KMSP,2026-09-23,greater,49.0,,0.21,0.26,0.74,0.79,min,48.0,1,1.74,real_measured,0.283,estimated,2026-09-22T15:32:31.103340+00:00
KXLOWTMIN,KXLOWTMIN-26SEP23-T42,Low  temperature Minnesota,KMSP,2026-09-23,less,,42.0,0.0,0.02,0.98,1.0,min,48.0,1,1.74,real_measured,0.0003,estimated,2026-09-22T15:32:31.103340+00:00
KXLOWTMIN,KXLOWTMIN-26SEP23-B48.5,Low  temperature Minnesota,KMSP,2026-09-23,between,48.0,49.0,0.32,0.42,0.58,0.68,min,48.0,1,1.74,real_measured,0.217,estimated,2026-09-22T15:32:31.103340+00:00
KXLOWTMIN,KXLOWTMIN-26SEP23-B46.5,Low  temperature Minnesota,KMSP,2026-09-23,between,46.0,47.0,0.22,0.29,0.71,0.78,min,48.0,1,1.74,real_measured,0.1575,estimated,2026-09-22T15:32:31.103340+00:00
KXLOWTMIN,KXLOWTMIN-26SEP23-B44.5,Low  temperature Minnesota,KMSP,2026-09-23,between,44.0,45.0,0.03,0.13,0.87,0.97,min,48.0,1,1.74,real_measured,0.0317,estimated,2026-09-22T15:32:31.103340+00:00
KXLOWTMIN,KXLOWTMIN-26SEP23-B42.5,Low  temperature Minnesota,KMSP,2026-09-23,between,42.0,43.0,0.02,0.08,0.92,0.98,min,48.0,1,1.74,real_measured,0.0018,estimated,2026-09-22T15:32:31.103340+00:00
KXLOWTMIN,KXLOWTMIN-26SEP22-T49,Low  temperature Minnesota,KMSP,2026-09-22,greater,49.0,,0.82,0.97,0.03,0.18,min,49.0,0,1.85,real_measured,0.5,estimated,2026-09-22T15:32:31.103340+00:00
KXLOWTMIN,KXLOWTMIN-26SEP22-T42,Low  temperature Minnesota,KMSP,2026-09-22,less,,42.0,0.0,0.02,0.98,1.0,min,49.0,0,1.85,real_measured,0.0001,estimated,2026-09-22T15:32:31.103340+00:00
KXLOWTMIN,KXLOWTMIN-26SEP22-B48.5,Low  temperature Minnesota,KMSP,2026-09-22,between,48.0,49.0,0.01,0.14,0.86,0.99,min,49.0,0,1.85,real_measured,0.2054,estimated,2026-09-22T15:32:31.103340+00:00
KXLOWTMIN,KXLOWTMIN-26SEP22-B46.5,Low  temperature Minnesota,KMSP,2026-09-22,between,46.0,47.0,0.01,0.11,0.89,0.99,min,49.0,0,1.85,real_measured,0.0874,estimated,2026-09-22T15:32:31.103340+00:00
KXLOWTMIN,KXLOWTMIN-26SEP22-B44.5,Low  temperature Minnesota,KMSP,2026-09-22,between,44.0,45.0,0.0,0.04,0.96,1.0,min,49.0,0,1.85,real_measured,0.0119,estimated,2026-09-22T15:32:31.103340+00:00
KXLOWTMIN,KXLOWTMIN-26SEP22-B42.5,Low  temperature Minnesota,KMSP,2026-09-22,between,42.0,43.0,0.0,0.02,0.98,1.0,min,49.0,0,1.85,real_measured,0.0005,estimated,2026-09-22T15:32:31.103340+00:00
KXLOWTSDF,KXLOWTSDF-26SEP23-T63,Lowest Temperature SDX,KSDF,2026-09-23,greater,63.0,,0.01,0.31,0.69,0.99,min,62.0,1,1.74,real_measured,0.283,estimated,2026-09-22T15:32:31.103340+00:00
KXLOWTSDF,KXLOWTSDF-26SEP23-T56,Lowest Temperature SDX,KSDF,2026-09-23,less,,56.0,0.0,0.1,0.9,1.0,min,62.0,1,1.74,real_measured,0.0003,estimated,2026-09-22T15:32:31.103340+00:00
KXLOWTSDF,KXLOWTSDF-26SEP23-B62.5,Lowest Temperature SDX,KSDF,2026-09-23,between,62.0,63.0,0.55,0.75,0.25,0.45,min,62.0,1,1.74,real_measured,0.217,estimated,2026-09-22T15:32:31.103340+00:00
KXLOWTSDF,KXLOWTSDF-26SEP23-B60.5,Lowest Temperature SDX,KSDF,2026-09-23,between,60.0,61.0,0.01,0.18,0.82,0.99,min,62.0,1,1.74,real_measured,0.1575,estimated,2026-09-22T15:32:31.103340+00:00
KXLOWTSDF,KXLOWTSDF-26SEP23-B58.5,Lowest Temperature SDX,KSDF,2026-09-23,between,58.0,59.0,0.01,0.1,0.9,0.99,min,62.0,1,1.74,real_measured,0.0317,estimated,2026-09-22T15:32:31.103340+00:00
KXLOWTSDF,KXLOWTSDF-26SEP23-B56.5,Lowest Temperature SDX,KSDF,2026-09-23,between,56.0,57.0,0.01,0.1,0.9,0.99,min,62.0,1,1.74,real_measured,0.0018,estimated,2026-09-22T15:32:31.103340+00:00
KXLOWTSDF,KXLOWTSDF-26SEP22-T65,Lowest Temperature SDX,KSDF,2026-09-22,greater,65.0,,0.0,0.01,0.99,1.0,min,62.0,0,1.85,real_measured,0.0526,estimated,2026-09-22T15:32:31.103340+00:00
KXLOWTSDF,KXLOWTSDF-26SEP22-T58,Lowest Temperature SDX,KSDF,2026-09-22,less,,58.0,0.0,0.07,0.93,1.0,min,62.0,0,1.85,real_measured,0.0154,estimated,2026-09-22T15:32:31.103340+00:00
KXLOWTSDF,KXLOWTSDF-26SEP22-B64.5,Lowest Temperature SDX,KSDF,2026-09-22,between,64.0,65.0,0.0,0.01,0.99,1.0,min,62.0,0,1.85,real_measured,0.0874,estimated,2026-09-22T15:32:31.103340+00:00
KXLOWTSDF,KXLOWTSDF-26SEP22-B62.5,Lowest Temperature SDX,KSDF,2026-09-22,between,62.0,63.0,0.0,0.01,0.99,1.0,min,62.0,0,1.85,real_measured,0.2054,estimated,2026-09-22T15:32:31.103340+00:00
KXLOWTSDF,KXLOWTSDF-26SEP22-B60.5,Lowest Temperature SDX,KSDF,2026-09-22,between,60.0,61.0,0.97,0.98,0.02,0.03,min,62.0,0,1.85,real_measured,0.1545,estimated,2026-09-22T15:32:31.103340+00:00
KXLOWTSDF,KXLOWTSDF-26SEP22-B58.5,Lowest Temperature SDX,KSDF,2026-09-22,between,58.0,59.0,0.0,0.04,0.96,1.0,min,62.0,0,1.85,real_measured,0.0372,estimated,2026-09-22T15:32:31.103340+00:00
KXHIGHTTTN,KXHIGHTTTN-26SEP23-T71,"Trenton, NJ Daily Max Temp",KTTN,2026-09-23,greater,71.0,,0.03,0.04,0.96,0.97,max,66.0,1,1.74,real_measured,0.0021,estimated,2026-09-22T15:32:31.103340+00:00
KXHIGHTTTN,KXHIGHTTTN-26SEP23-T64,"Trenton, NJ Daily Max Temp",KTTN,2026-09-23,less,,64.0,0.01,0.02,0.98,0.99,max,66.0,1,1.74,real_measured,0.1255,estimated,2026-09-22T15:32:31.103340+00:00
KXHIGHTTTN,KXHIGHTTTN-26SEP23-B70.5,"Trenton, NJ Daily Max Temp",KTTN,2026-09-23,between,70.0,71.0,0.03,0.13,0.87,0.97,max,66.0,1,1.74,real_measured,0.0088,estimated,2026-09-22T15:32:31.103340+00:00
KXHIGHTTTN,KXHIGHTTTN-26SEP23-B68.5,"Trenton, NJ Daily Max Temp",KTTN,2026-09-23,between,68.0,69.0,0.28,0.48,0.52,0.72,max,66.0,1,1.74,real_measured,0.083,estimated,2026-09-22T15:32:31.103340+00:00
KXHIGHTTTN,KXHIGHTTTN-26SEP23-B66.5,"Trenton, NJ Daily Max Temp",KTTN,2026-09-23,between,66.0,67.0,0.34,0.54,0.46,0.66,max,66.0,1,1.74,real_measured,0.217,estimated,2026-09-22T15:32:31.103340+00:00
KXHIGHTTTN,KXHIGHTTTN-26SEP23-B64.5,"Trenton, NJ Daily Max Temp",KTTN,2026-09-23,between,64.0,65.0,0.04,0.23,0.77,0.96,max,66.0,1,1.74,real_measured,0.1575,estimated,2026-09-22T15:32:31.103340+00:00
KXHIGHTTTN,KXHIGHTTTN-26SEP22-T68,"Trenton, NJ Daily Max Temp",KTTN,2026-09-22,greater,68.0,,0.04,0.05,0.95,0.96,max,63.0,0,1.85,real_measured,0.0035,estimated,2026-09-22T15:32:31.103340+00:00
KXHIGHTTTN,KXHIGHTTTN-26SEP22-T61,"Trenton, NJ Daily Max Temp",KTTN,2026-09-22,less,,61.0,0.0,0.01,0.99,1.0,max,63.0,0,1.85,real_measured,0.14,estimated,2026-09-22T15:32:31.103340+00:00
KXHIGHTTTN,KXHIGHTTTN-26SEP22-B67.5,"Trenton, NJ Daily Max Temp",KTTN,2026-09-22,between,67.0,68.0,0.11,0.31,0.69,0.89,max,63.0,0,1.85,real_measured,0.0119,estimated,2026-09-22T15:32:31.103340+00:00
KXHIGHTTTN,KXHIGHTTTN-26SEP22-B65.5,"Trenton, NJ Daily Max Temp",KTTN,2026-09-22,between,65.0,66.0,0.23,0.41,0.59,0.77,max,63.0,0,1.85,real_measured,0.0874,estimated,2026-09-22T15:32:31.103340+00:00
KXHIGHTTTN,KXHIGHTTTN-26SEP22-B63.5,"Trenton, NJ Daily Max Temp",KTTN,2026-09-22,between,63.0,64.0,0.23,0.42,0.58,0.77,max,63.0,0,1.85,real_measured,0.2054,estimated,2026-09-22T15:32:31.103340+00:00
KXHIGHTTTN,KXHIGHTTTN-26SEP22-B61.5,"Trenton, NJ Daily Max Temp",KTTN,2026-09-22,between,61.0,62.0,0.0,0.01,0.99,1.0,max,63.0,0,1.85,real_measured,0.1545,estimated,2026-09-22T15:32:31.103340+00:00
KXLOWTBOS,KXLOWTBOS-26SEP23-T58,Low Temperature Boston,KBOS,2026-09-23,greater,58.0,,0.03,0.11,0.89,0.97,min,57.0,1,1.74,real_measured,0.283,estimated,2026-09-22T15:32:31.103340+00:00
KXLOWTBOS,KXLOWTBOS-26SEP23-T51,Low Temperature Boston,KBOS,2026-09-23,less,,51.0,0.02,0.04,0.96,0.98,min,57.0,1,1.74,real_measured,0.0003,estimated,2026-09-22T15:32:31.103340+00:00
KXLOWTBOS,KXLOWTBOS-26SEP23-B57.5,Low Temperature Boston,KBOS,2026-09-23,between,57.0,58.0,0.13,0.14,0.86,0.87,min,57.0,1,1.74,real_measured,0.217,estimated,2026-09-22T15:32:31.103340+00:00
KXLOWTBOS,KXLOWTBOS-26SEP23-B55.5,Low Temperature Boston,KBOS,2026-09-23,between,55.0,56.0,0.32,0.48,0.52,0.68,min,57.0,1,1.74,real_measured,0.1575,estimated,2026-09-22T15:32:31.103340+00:00
KXLOWTBOS,KXLOWTBOS-26SEP23-B53.5,Low Temperature Boston,KBOS,2026-09-23,between,53.0,54.0,0.17,0.23,0.77,0.83,min,57.0,1,1.74,real_measured,0.0317,estimated,2026-09-22T15:32:31.103340+00:00
KXLOWTBOS,KXLOWTBOS-26SEP23-B51.5,Low Temperature Boston,KBOS,2026-09-23,between,51.0,52.0,0.06,0.18,0.82,0.94,min,57.0,1,1.74,real_measured,0.0018,estimated,2026-09-22T15:32:31.103340+00:00
KXLOWTBOS,KXLOWTBOS-26SEP22-T58,Low Temperature Boston,KBOS,2026-09-22,greater,58.0,,0.0,0.01,0.99,1.0,min,56.0,0,1.85,real_measured,0.14,estimated,2026-09-22T15:32:31.103340+00:00
KXLOWTBOS,KXLOWTBOS-26SEP22-T51,Low Temperature Boston,KBOS,2026-09-22,less,,51.0,0.0,0.02,0.98,1.0,min,56.0,0,1.85,real_measured,0.0035,estimated,2026-09-22T15:32:31.103340+00:00
KXLOWTBOS,KXLOWTBOS-26SEP22-B57.5,Low Temperature Boston,KBOS,2026-09-22,between,57.0,58.0,0.43,0.44,0.56,0.57,min,56.0,0,1.85,real_measured,0.1545,estimated,2026-09-22T15:32:31.103340+00:00
KXLOWTBOS,KXLOWTBOS-26SEP22-B55.5,Low Temperature Boston,KBOS,2026-09-22,between,55.0,56.0,0.42,0.61,0.39,0.58,min,56.0,0,1.85,real_measured,0.2054,estimated,2026-09-22T15:32:31.103340+00:00
KXLOWTBOS,KXLOWTBOS-26SEP22-B53.5,Low Temperature Boston,KBOS,2026-09-22,between,53.0,54.0,0.02,0.13,0.87,0.98,min,56.0,0,1.85,real_measured,0.0874,estimated,2026-09-22T15:32:31.103340+00:00
KXLOWTBOS,KXLOWTBOS-26SEP22-B51.5,Low Temperature Boston,KBOS,2026-09-22,between,51.0,52.0,0.01,0.02,0.98,0.99,min,56.0,0,1.85,real_measured,0.0119,estimated,2026-09-22T15:32:31.103340+00:00
KXHIGHTATL,KXHIGHTATL-26SEP23-T87,Atlanta Max Temperature,KATL,2026-09-23,greater,87.0,,0.0,0.02,0.98,1.0,max,83.0,1,1.74,real_measured,0.0108,estimated,2026-09-22T15:32:31.103340+00:00
KXHIGHTATL,KXHIGHTATL-26SEP23-T80,Atlanta Max Temperature,KATL,2026-09-23,less,,80.0,0.57,0.59,0.41,0.43,max,83.0,1,1.74,real_measured,0.0425,estimated,2026-09-22T15:32:31.103340+00:00
KXHIGHTATL,KXHIGHTATL-26SEP23-B86.5,Atlanta Max Temperature,KATL,2026-09-23,between,86.0,87.0,0.01,0.02,0.98,0.99,max,83.0,1,1.74,real_measured,0.0317,estimated,2026-09-22T15:32:31.103340+00:00
KXHIGHTATL,KXHIGHTATL-26SEP23-B84.5,Atlanta Max Temperature,KATL,2026-09-23,between,84.0,85.0,0.03,0.05,0.95,0.97,max,83.0,1,1.74,real_measured,0.1575,estimated,2026-09-22T15:32:31.103340+00:00
KXHIGHTATL,KXHIGHTATL-26SEP23-B82.5,Atlanta Max Temperature,KATL,2026-09-23,between,82.0,83.0,0.09,0.1,0.9,0.91,max,83.0,1,1.74,real_measured,0.217,estimated,2026-09-22T15:32:31.103340+00:00
KXHIGHTATL,KXHIGHTATL-26SEP23-B80.5,Atlanta Max Temperature,KATL,2026-09-23,between,80.0,81.0,0.24,0.3,0.7,0.76,max,83.0,1,1.74,real_measured,0.083,estimated,2026-09-22T15:32:31.103340+00:00
KXHIGHTATL,KXHIGHTATL-26SEP22-T94,Atlanta Max Temperature,KATL,2026-09-22,greater,94.0,,0.0,0.01,0.99,1.0,max,92.0,0,1.85,real_measured,0.14,estimated,2026-09-22T15:32:31.103340+00:00
KXHIGHTATL,KXHIGHTATL-26SEP22-T87,Atlanta Max Temperature,KATL,2026-09-22,less,,87.0,0.31,0.33,0.67,0.69,max,92.0,0,1.85,real_measured,0.0035,estimated,2026-09-22T15:32:31.103340+00:00
KXHIGHTATL,KXHIGHTATL-26SEP22-B93.5,Atlanta Max Temperature,KATL,2026-09-22,between,93.0,94.0,0.0,0.01,0.99,1.0,max,92.0,0,1.85,real_measured,0.1545,estimated,2026-09-22T15:32:31.103340+00:00
KXHIGHTATL,KXHIGHTATL-26SEP22-B91.5,Atlanta Max Temperature,KATL,2026-09-22,between,91.0,92.0,0.05,0.09,0.91,0.95,max,92.0,0,1.85,real_measured,0.2054,estimated,2026-09-22T15:32:31.103340+00:00
KXHIGHTATL,KXHIGHTATL-26SEP22-B89.5,Atlanta Max Temperature,KATL,2026-09-22,between,89.0,90.0,0.23,0.25,0.75,0.77,max,92.0,0,1.85,real_measured,0.0874,estimated,2026-09-22T15:32:31.103340+00:00
KXHIGHTATL,KXHIGHTATL-26SEP22-B87.5,Atlanta Max Temperature,KATL,2026-09-22,between,87.0,88.0,0.42,0.43,0.57,0.58,max,92.0,0,1.85,real_measured,0.0119,estimated,2026-09-22T15:32:31.103340+00:00
KXLOWTPHX,KXLOWTPHX-26SEP23-T83,Low Temperature Phoenix,KPHX,2026-09-23,greater,83.0,,0.29,0.34,0.66,0.71,min,83.0,1,1.74,real_measured,0.5,estimated,2026-09-22T15:32:31.103340+00:00
KXLOWTPHX,KXLOWTPHX-26SEP23-T76,Low Temperature Phoenix,KPHX,2026-09-23,less,,76.0,0.0,0.01,0.99,1.0,min,83.0,1,1.74,real_measured,0.0,estimated,2026-09-22T15:32:31.103340+00:00
KXLOWTPHX,KXLOWTPHX-26SEP23-B82.5,Low Temperature Phoenix,KPHX,2026-09-23,between,82.0,83.0,0.18,0.26,0.74,0.82,min,83.0,1,1.74,real_measured,0.217,estimated,2026-09-22T15:32:31.103340+00:00
KXLOWTPHX,KXLOWTPHX-26SEP23-B80.5,Low Temperature Phoenix,KPHX,2026-09-23,between,80.0,81.0,0.21,0.29,0.71,0.79,min,83.0,1,1.74,real_measured,0.083,estimated,2026-09-22T15:32:31.103340+00:00
KXLOWTPHX,KXLOWTPHX-26SEP23-B78.5,Low Temperature Phoenix,KPHX,2026-09-23,between,78.0,79.0,0.11,0.18,0.82,0.89,min,83.0,1,1.74,real_measured,0.0088,estimated,2026-09-22T15:32:31.103340+00:00
KXLOWTPHX,KXLOWTPHX-26SEP23-B76.5,Low Temperature Phoenix,KPHX,2026-09-23,between,76.0,77.0,0.03,0.04,0.96,0.97,min,83.0,1,1.74,real_measured,0.0003,estimated,2026-09-22T15:32:31.103340+00:00
KXLOWTPHX,KXLOWTPHX-26SEP22-T79,Low Temperature Phoenix,KPHX,2026-09-22,greater,79.0,,0.9,0.99,0.01,0.1,min,79.0,0,1.85,real_measured,0.5,estimated,2026-09-22T15:32:31.103340+00:00
KXLOWTPHX,KXLOWTPHX-26SEP22-T72,Low Temperature Phoenix,KPHX,2026-09-22,less,,72.0,0.0,0.01,0.99,1.0,min,79.0,0,1.85,real_measured,0.0001,estimated,2026-09-22T15:32:31.103340+00:00
KXLOWTPHX,KXLOWTPHX-26SEP22-B78.5,Low Temperature Phoenix,KPHX,2026-09-22,between,78.0,79.0,0.02,0.1,0.9,0.98,min,79.0,0,1.85,real_measured,0.2054,estimated,2026-09-22T15:32:31.103340+00:00
KXLOWTPHX,KXLOWTPHX-26SEP22-B76.5,Low Temperature Phoenix,KPHX,2026-09-22,between,76.0,77.0,0.01,0.1,0.9,0.99,min,79.0,0,1.85,real_measured,0.0874,estimated,2026-09-22T15:32:31.103340+00:00
KXLOWTPHX,KXLOWTPHX-26SEP22-B74.5,Low Temperature Phoenix,KPHX,2026-09-22,between,74.0,75.0,0.0,0.01,0.99,1.0,min,79.0,0,1.85,real_measured,0.0119,estimated,2026-09-22T15:32:31.103340+00:00
KXLOWTPHX,KXLOWTPHX-26SEP22-B72.5,Low Temperature Phoenix,KPHX,2026-09-22,between,72.0,73.0,0.0,0.01,0.99,1.0,min,79.0,0,1.85,real_measured,0.0005,estimated,2026-09-22T15:32:31.103340+00:00
KXHIGHTNOLA,KXHIGHTNOLA-26SEP23-T98,New Orleans Max temp Daily,KMSY,2026-09-23,greater,98.0,,0.0,0.05,0.95,1.0,max,94.0,1,1.74,real_measured,0.0108,estimated,2026-09-22T15:32:31.103340+00:00
KXHIGHTNOLA,KXHIGHTNOLA-26SEP23-T91,New Orleans Max temp Daily,KMSY,2026-09-23,less,,91.0,0.07,0.13,0.87,0.93,max,94.0,1,1.74,real_measured,0.0425,estimated,2026-09-22T15:32:31.103340+00:00
KXHIGHTNOLA,KXHIGHTNOLA-26SEP23-B97.5,New Orleans Max temp Daily,KMSY,2026-09-23,between,97.0,98.0,0.02,0.03,0.97,0.98,max,94.0,1,1.74,real_measured,0.0317,estimated,2026-09-22T15:32:31.103340+00:00
KXHIGHTNOLA,KXHIGHTNOLA-26SEP23-B95.5,New Orleans Max temp Daily,KMSY,2026-09-23,between,95.0,96.0,0.08,0.12,0.88,0.92,max,94.0,1,1.74,real_measured,0.1575,estimated,2026-09-22T15:32:31.103340+00:00
KXHIGHTNOLA,KXHIGHTNOLA-26SEP23-B93.5,New Orleans Max temp Daily,KMSY,2026-09-23,between,93.0,94.0,0.4,0.49,0.51,0.6,max,94.0,1,1.74,real_measured,0.217,estimated,2026-09-22T15:32:31.103340+00:00
KXHIGHTNOLA,KXHIGHTNOLA-26SEP23-B91.5,New Orleans Max temp Daily,KMSY,2026-09-23,between,91.0,92.0,0.37,0.39,0.61,0.63,max,94.0,1,1.74,real_measured,0.083,estimated,2026-09-22T15:32:31.103340+00:00
KXHIGHTNOLA,KXHIGHTNOLA-26SEP22-T97,New Orleans Max temp Daily,KMSY,2026-09-22,greater,97.0,,0.0,0.01,0.99,1.0,max,93.0,0,1.85,real_measured,0.0154,estimated,2026-09-22T15:32:31.103340+00:00
KXHIGHTNOLA,KXHIGHTNOLA-26SEP22-T90,New Orleans Max temp Daily,KMSY,2026-09-22,less,,90.0,0.16,0.17,0.83,0.84,max,93.0,0,1.85,real_measured,0.0526,estimated,2026-09-22T15:32:31.103340+00:00
KXHIGHTNOLA,KXHIGHTNOLA-26SEP22-B96.5,New Orleans Max temp Daily,KMSY,2026-09-22,between,96.0,97.0,0.0,0.01,0.99,1.0,max,93.0,0,1.85,real_measured,0.0372,estimated,2026-09-22T15:32:31.103340+00:00
KXHIGHTNOLA,KXHIGHTNOLA-26SEP22-B94.5,New Orleans Max temp Daily,KMSY,2026-09-22,between,94.0,95.0,0.01,0.03,0.97,0.99,max,93.0,0,1.85,real_measured,0.1545,estimated,2026-09-22T15:32:31.103340+00:00
KXHIGHTNOLA,KXHIGHTNOLA-26SEP22-B92.5,New Orleans Max temp Daily,KMSY,2026-09-22,between,92.0,93.0,0.41,0.42,0.58,0.59,max,93.0,0,1.85,real_measured,0.2054,estimated,2026-09-22T15:32:31.103340+00:00
KXHIGHTNOLA,KXHIGHTNOLA-26SEP22-B90.5,New Orleans Max temp Daily,KMSY,2026-09-22,between,90.0,91.0,0.42,0.43,0.57,0.58,max,93.0,0,1.85,real_measured,0.0874,estimated,2026-09-22T15:32:31.103340+00:00
KXHIGHMIA,KXHIGHMIA-26SEP23-T89,Highest temperature in Miami,KMIA,2026-09-23,greater,89.0,,0.08,0.09,0.91,0.92,max,87.0,1,1.74,real_measured,0.1255,estimated,2026-09-22T15:32:31.103340+00:00
KXHIGHMIA,KXHIGHMIA-26SEP23-T82,Highest temperature in Miami,KMIA,2026-09-23,less,,82.0,0.01,0.02,0.98,0.99,max,87.0,1,1.74,real_measured,0.0021,estimated,2026-09-22T15:32:31.103340+00:00
KXHIGHMIA,KXHIGHMIA-26SEP23-B88.5,Highest temperature in Miami,KMIA,2026-09-23,between,88.0,89.0,0.28,0.3,0.7,0.72,max,87.0,1,1.74,real_measured,0.1575,estimated,2026-09-22T15:32:31.103340+00:00
KXHIGHMIA,KXHIGHMIA-26SEP23-B86.5,Highest temperature in Miami,KMIA,2026-09-23,between,86.0,87.0,0.39,0.4,0.6,0.61,max,87.0,1,1.74,real_measured,0.217,estimated,2026-09-22T15:32:31.103340+00:00
KXHIGHMIA,KXHIGHMIA-26SEP23-B84.5,Highest temperature in Miami,KMIA,2026-09-23,between,84.0,85.0,0.17,0.19,0.81,0.83,max,87.0,1,1.74,real_measured,0.083,estimated,2026-09-22T15:32:31.103340+00:00
KXHIGHMIA,KXHIGHMIA-26SEP23-B82.5,Highest temperature in Miami,KMIA,2026-09-23,between,82.0,83.0,0.03,0.04,0.96,0.97,max,87.0,1,1.74,real_measured,0.0088,estimated,2026-09-22T15:32:31.103340+00:00
KXHIGHMIA,KXHIGHMIA-26SEP22-T90,Highest temperature in Miami,KMIA,2026-09-22,greater,90.0,,0.34,0.35,0.65,0.66,max,88.0,0,1.85,real_measured,0.14,estimated,2026-09-22T15:32:31.103340+00:00
KXHIGHMIA,KXHIGHMIA-26SEP22-T83,Highest temperature in Miami,KMIA,2026-09-22,less,,83.0,0.0,0.01,0.99,1.0,max,88.0,0,1.85,real_measured,0.0035,estimated,2026-09-22T15:32:31.103340+00:00
KXHIGHMIA,KXHIGHMIA-26SEP22-B89.5,Highest temperature in Miami,KMIA,2026-09-22,between,89.0,90.0,0.54,0.55,0.45,0.46,max,88.0,0,1.85,real_measured,0.1545,estimated,2026-09-22T15:32:31.103340+00:00
KXHIGHMIA,KXHIGHMIA-26SEP22-B87.5,Highest temperature in Miami,KMIA,2026-09-22,between,87.0,88.0,0.13,0.16,0.84,0.87,max,88.0,0,1.85,real_measured,0.2054,estimated,2026-09-22T15:32:31.103340+00:00
KXHIGHMIA,KXHIGHMIA-26SEP22-B85.5,Highest temperature in Miami,KMIA,2026-09-22,between,85.0,86.0,0.0,0.01,0.99,1.0,max,88.0,0,1.85,real_measured,0.0874,estimated,2026-09-22T15:32:31.103340+00:00
KXHIGHMIA,KXHIGHMIA-26SEP22-B83.5,Highest temperature in Miami,KMIA,2026-09-22,between,83.0,84.0,0.0,0.01,0.99,1.0,max,88.0,0,1.85,real_measured,0.0119,estimated,2026-09-22T15:32:31.103340+00:00
KXHIGHNY,KXHIGHNY-26SEP23-T72,Highest temperature in NYC,KNYC,2026-09-23,greater,72.0,,0.01,0.02,0.98,0.99,max,66.0,1,1.74,real_measured,0.0003,estimated,2026-09-22T15:32:31.103340+00:00
KXHIGHNY,KXHIGHNY-26SEP23-T65,Highest temperature in NYC,KNYC,2026-09-23,less,,65.0,0.08,0.09,0.91,0.92,max,66.0,1,1.74,real_measured,0.283,estimated,2026-09-22T15:32:31.103340+00:00
KXHIGHNY,KXHIGHNY-26SEP23-B71.5,Highest temperature in NYC,KNYC,2026-09-23,between,71.0,72.0,0.02,0.03,0.97,0.98,max,66.0,1,1.74,real_measured,0.0018,estimated,2026-09-22T15:32:31.103340+00:00
KXHIGHNY,KXHIGHNY-26SEP23-B69.5,Highest temperature in NYC,KNYC,2026-09-23,between,69.0,70.0,0.07,0.08,0.92,0.93,max,66.0,1,1.74,real_measured,0.0317,estimated,2026-09-22T15:32:31.103340+00:00
KXHIGHNY,KXHIGHNY-26SEP23-B67.5,Highest temperature in NYC,KNYC,2026-09-23,between,67.0,68.0,0.48,0.49,0.51,0.52,max,66.0,1,1.74,real_measured,0.1575,estimated,2026-09-22T15:32:31.103340+00:00
KXHIGHNY,KXHIGHNY-26SEP23-B65.5,Highest temperature in NYC,KNYC,2026-09-23,between,65.0,66.0,0.34,0.35,0.65,0.66,max,66.0,1,1.74,real_measured,0.217,estimated,2026-09-22T15:32:31.103340+00:00
KXHIGHNY,KXHIGHNY-26SEP22-T70,Highest temperature in NYC,KNYC,2026-09-22,greater,70.0,,0.0,0.01,0.99,1.0,max,72.0,0,1.85,real_measured,0.86,estimated,2026-09-22T15:32:31.103340+00:00
KXHIGHNY,KXHIGHNY-26SEP22-T63,Highest temperature in NYC,KNYC,2026-09-22,less,,63.0,0.0,0.01,0.99,1.0,max,72.0,0,1.85,real_measured,0.0,estimated,2026-09-22T15:32:31.103340+00:00
KXHIGHNY,KXHIGHNY-26SEP22-B69.5,Highest temperature in NYC,KNYC,2026-09-22,between,69.0,70.0,0.01,0.02,0.98,0.99,max,72.0,0,1.85,real_measured,0.0874,estimated,2026-09-22T15:32:31.103340+00:00
KXHIGHNY,KXHIGHNY-26SEP22-B67.5,Highest temperature in NYC,KNYC,2026-09-22,between,67.0,68.0,0.39,0.42,0.58,0.61,max,72.0,0,1.85,real_measured,0.0119,estimated,2026-09-22T15:32:31.103340+00:00
KXHIGHNY,KXHIGHNY-26SEP22-B65.5,Highest temperature in NYC,KNYC,2026-09-22,between,65.0,66.0,0.5,0.51,0.49,0.5,max,72.0,0,1.85,real_measured,0.0005,estimated,2026-09-22T15:32:31.103340+00:00
KXHIGHNY,KXHIGHNY-26SEP22-B63.5,Highest temperature in NYC,KNYC,2026-09-22,between,63.0,64.0,0.1,0.11,0.89,0.9,max,72.0,0,1.85,real_measured,0.0,estimated,2026-09-22T15:32:31.103340+00:00
KXLOWTTTN,KXLOWTTTN-26SEP23-T53,Trenton Daily low temp ,KTTN,2026-09-23,greater,53.0,,0.06,0.25,0.75,0.94,min,52.0,1,1.74,real_measured,0.283,estimated,2026-09-22T15:32:31.103340+00:00
KXLOWTTTN,KXLOWTTTN-26SEP23-T46,Trenton Daily low temp ,KTTN,2026-09-23,less,,46.0,0.01,0.1,0.9,0.99,min,52.0,1,1.74,real_measured,0.0003,estimated,2026-09-22T15:32:31.103340+00:00
KXLOWTTTN,KXLOWTTTN-26SEP23-B52.5,Trenton Daily low temp ,KTTN,2026-09-23,between,52.0,53.0,0.22,0.41,0.59,0.78,min,52.0,1,1.74,real_measured,0.217,estimated,2026-09-22T15:32:31.103340+00:00
KXLOWTTTN,KXLOWTTTN-26SEP23-B50.5,Trenton Daily low temp ,KTTN,2026-09-23,between,50.0,51.0,0.23,0.42,0.58,0.77,min,52.0,1,1.74,real_measured,0.1575,estimated,2026-09-22T15:32:31.103340+00:00
KXLOWTTTN,KXLOWTTTN-26SEP23-B48.5,Trenton Daily low temp ,KTTN,2026-09-23,between,48.0,49.0,0.05,0.25,0.75,0.95,min,52.0,1,1.74,real_measured,0.0317,estimated,2026-09-22T15:32:31.103340+00:00
KXLOWTTTN,KXLOWTTTN-26SEP23-B46.5,Trenton Daily low temp ,KTTN,2026-09-23,between,46.0,47.0,0.01,0.13,0.87,0.99,min,52.0,1,1.74,real_measured,0.0018,estimated,2026-09-22T15:32:31.103340+00:00
KXLOWTTTN,KXLOWTTTN-26SEP22-T55,Trenton Daily low temp ,KTTN,2026-09-22,greater,55.0,,0.79,0.9,0.1,0.21,min,57.0,0,1.85,real_measured,0.86,estimated,2026-09-22T15:32:31.103340+00:00
KXLOWTTTN,KXLOWTTTN-26SEP22-T48,Trenton Daily low temp ,KTTN,2026-09-22,less,,48.0,0.0,0.1,0.9,1.0,min,57.0,0,1.85,real_measured,0.0,estimated,2026-09-22T15:32:31.103340+00:00
KXLOWTTTN,KXLOWTTTN-26SEP22-B54.5,Trenton Daily low temp ,KTTN,2026-09-22,between,54.0,55.0,0.13,0.17,0.83,0.87,min,57.0,0,1.85,real_measured,0.0874,estimated,2026-09-22T15:32:31.103340+00:00
KXLOWTTTN,KXLOWTTTN-26SEP22-B52.5,Trenton Daily low temp ,KTTN,2026-09-22,between,52.0,53.0,0.0,0.1,0.9,1.0,min,57.0,0,1.85,real_measured,0.0119,estimated,2026-09-22T15:32:31.103340+00:00
KXLOWTTTN,KXLOWTTTN-26SEP22-B50.5,Trenton Daily low temp ,KTTN,2026-09-22,between,50.0,51.0,0.0,0.01,0.99,1.0,min,57.0,0,1.85,real_measured,0.0005,estimated,2026-09-22T15:32:31.103340+00:00
KXLOWTTTN,KXLOWTTTN-26SEP22-B48.5,Trenton Daily low temp ,KTTN,2026-09-22,between,48.0,49.0,0.0,0.07,0.93,1.0,min,57.0,0,1.85,real_measured,0.0,estimated,2026-09-22T15:32:31.103340+00:00
KXHIGHTSAN,KXHIGHTSAN-26SEP23-T84,High Temperature San Diego,KSAN,2026-09-23,greater,84.0,,0.03,0.13,0.87,0.97,max,79.0,1,1.74,real_measured,0.0021,estimated,2026-09-22T15:32:31.103340+00:00
KXHIGHTSAN,KXHIGHTSAN-26SEP23-T77,High Temperature San Diego,KSAN,2026-09-23,less,,77.0,0.11,0.31,0.69,0.89,max,79.0,1,1.74,real_measured,0.1255,estimated,2026-09-22T15:32:31.103340+00:00
KXHIGHTSAN,KXHIGHTSAN-26SEP23-B83.5,High Temperature San Diego,KSAN,2026-09-23,between,83.0,84.0,0.03,0.15,0.85,0.97,max,79.0,1,1.74,real_measured,0.0088,estimated,2026-09-22T15:32:31.103340+00:00
KXHIGHTSAN,KXHIGHTSAN-26SEP23-B81.5,High Temperature San Diego,KSAN,2026-09-23,between,81.0,82.0,0.04,0.23,0.77,0.96,max,79.0,1,1.74,real_measured,0.083,estimated,2026-09-22T15:32:31.103340+00:00
KXHIGHTSAN,KXHIGHTSAN-26SEP23-B79.5,High Temperature San Diego,KSAN,2026-09-23,between,79.0,80.0,0.1,0.3,0.7,0.9,max,79.0,1,1.74,real_measured,0.217,estimated,2026-09-22T15:32:31.103340+00:00
KXHIGHTSAN,KXHIGHTSAN-26SEP23-B77.5,High Temperature San Diego,KSAN,2026-09-23,between,77.0,78.0,0.27,0.46,0.54,0.73,max,79.0,1,1.74,real_measured,0.1575,estimated,2026-09-22T15:32:31.103340+00:00
KXHIGHTSAN,KXHIGHTSAN-26SEP22-T79,High Temperature San Diego,KSAN,2026-09-22,greater,79.0,,0.13,0.24,0.76,0.87,max,76.0,0,1.85,real_measured,0.0526,estimated,2026-09-22T15:32:31.103340+00:00
KXHIGHTSAN,KXHIGHTSAN-26SEP22-T72,High Temperature San Diego,KSAN,2026-09-22,less,,72.0,0.01,0.03,0.97,0.99,max,76.0,0,1.85,real_measured,0.0154,estimated,2026-09-22T15:32:31.103340+00:00
KXHIGHTSAN,KXHIGHTSAN-26SEP22-B78.5,High Temperature San Diego,KSAN,2026-09-22,between,78.0,79.0,0.38,0.58,0.42,0.62,max,76.0,0,1.85,real_measured,0.0874,estimated,2026-09-22T15:32:31.103340+00:00
KXHIGHTSAN,KXHIGHTSAN-26SEP22-B76.5,High Temperature San Diego,KSAN,2026-09-22,between,76.0,77.0,0.17,0.27,0.73,0.83,max,76.0,0,1.85,real_measured,0.2054,estimated,2026-09-22T15:32:31.103340+00:00
KXHIGHTSAN,KXHIGHTSAN-26SEP22-B74.5,High Temperature San Diego,KSAN,2026-09-22,between,74.0,75.0,0.02,0.05,0.95,0.98,max,76.0,0,1.85,real_measured,0.1545,estimated,2026-09-22T15:32:31.103340+00:00
KXHIGHTSAN,KXHIGHTSAN-26SEP22-B72.5,High Temperature San Diego,KSAN,2026-09-22,between,72.0,73.0,0.01,0.04,0.96,0.99,max,76.0,0,1.85,real_measured,0.0372,estimated,2026-09-22T15:32:31.103340+00:00
KXLOWTDC,KXLOWTDC-26SEP23-T58,Lowest Temperature DC ,KDCA,2026-09-23,greater,58.0,,0.13,0.19,0.81,0.87,min,57.0,1,1.74,real_measured,0.283,estimated,2026-09-22T15:32:31.103340+00:00
KXLOWTDC,KXLOWTDC-26SEP23-T51,Lowest Temperature DC ,KDCA,2026-09-23,less,,51.0,0.0,0.01,0.99,1.0,min,57.0,1,1.74,real_measured,0.0003,estimated,2026-09-22T15:32:31.103340+00:00
KXLOWTDC,KXLOWTDC-26SEP23-B57.5,Lowest Temperature DC ,KDCA,2026-09-23,between,57.0,58.0,0.25,0.43,0.57,0.75,min,57.0,1,1.74,real_measured,0.217,estimated,2026-09-22T15:32:31.103340+00:00
KXLOWTDC,KXLOWTDC-26SEP23-B55.5,Lowest Temperature DC ,KDCA,2026-09-23,between,55.0,56.0,0.26,0.41,0.59,0.74,min,57.0,1,1.74,real_measured,0.1575,estimated,2026-09-22T15:32:31.103340+00:00
KXLOWTDC,KXLOWTDC-26SEP23-B53.5,Lowest Temperature DC ,KDCA,2026-09-23,between,53.0,54.0,0.04,0.23,0.77,0.96,min,57.0,1,1.74,real_measured,0.0317,estimated,2026-09-22T15:32:31.103340+00:00
KXLOWTDC,KXLOWTDC-26SEP23-B51.5,Lowest Temperature DC ,KDCA,2026-09-23,between,51.0,52.0,0.01,0.09,0.91,0.99,min,57.0,1,1.74,real_measured,0.0018,estimated,2026-09-22T15:32:31.103340+00:00
KXLOWTDC,KXLOWTDC-26SEP22-T63,Lowest Temperature DC ,KDCA,2026-09-22,greater,63.0,,0.0,0.01,0.99,1.0,min,61.0,0,1.85,real_measured,0.14,estimated,2026-09-22T15:32:31.103340+00:00
KXLOWTDC,KXLOWTDC-26SEP22-T56,Lowest Temperature DC ,KDCA,2026-09-22,less,,56.0,0.0,0.03,0.97,1.0,min,61.0,0,1.85,real_measured,0.0035,estimated,2026-09-22T15:32:31.103340+00:00
KXLOWTDC,KXLOWTDC-26SEP22-B62.5,Lowest Temperature DC ,KDCA,2026-09-22,between,62.0,63.0,0.0,0.01,0.99,1.0,min,61.0,0,1.85,real_measured,0.1545,estimated,2026-09-22T15:32:31.103340+00:00
KXLOWTDC,KXLOWTDC-26SEP22-B60.5,Lowest Temperature DC ,KDCA,2026-09-22,between,60.0,61.0,0.62,0.69,0.31,0.38,min,61.0,0,1.85,real_measured,0.2054,estimated,2026-09-22T15:32:31.103340+00:00
KXLOWTDC,KXLOWTDC-26SEP22-B58.5,Lowest Temperature DC ,KDCA,2026-09-22,between,58.0,59.0,0.33,0.39,0.61,0.67,min,61.0,0,1.85,real_measured,0.0874,estimated,2026-09-22T15:32:31.103340+00:00
KXLOWTDC,KXLOWTDC-26SEP22-B56.5,Lowest Temperature DC ,KDCA,2026-09-22,between,56.0,57.0,0.03,0.04,0.96,0.97,min,61.0,0,1.85,real_measured,0.0119,estimated,2026-09-22T15:32:31.103340+00:00
KXLOWTDAL,KXLOWTDAL-26SEP23-T77,Lowest temperature Dallas,KDFW,2026-09-23,greater,77.0,,0.03,0.12,0.88,0.97,min,76.0,1,1.74,real_measured,0.283,estimated,2026-09-22T15:32:31.103340+00:00
KXLOWTDAL,KXLOWTDAL-26SEP23-T70,Lowest temperature Dallas,KDFW,2026-09-23,less,,70.0,0.01,0.03,0.97,0.99,min,76.0,1,1.74,real_measured,0.0003,estimated,2026-09-22T15:32:31.103340+00:00
KXLOWTDAL,KXLOWTDAL-26SEP23-B76.5,Lowest temperature Dallas,KDFW,2026-09-23,between,76.0,77.0,0.38,0.5,0.5,0.62,min,76.0,1,1.74,real_measured,0.217,estimated,2026-09-22T15:32:31.103340+00:00
KXLOWTDAL,KXLOWTDAL-26SEP23-B74.5,Lowest temperature Dallas,KDFW,2026-09-23,between,74.0,75.0,0.31,0.46,0.54,0.69,min,76.0,1,1.74,real_measured,0.1575,estimated,2026-09-22T15:32:31.103340+00:00
KXLOWTDAL,KXLOWTDAL-26SEP23-B72.5,Lowest temperature Dallas,KDFW,2026-09-23,between,72.0,73.0,0.03,0.14,0.86,0.97,min,76.0,1,1.74,real_measured,0.0317,estimated,2026-09-22T15:32:31.103340+00:00
KXLOWTDAL,KXLOWTDAL-26SEP23-B70.5,Lowest temperature Dallas,KDFW,2026-09-23,between,70.0,71.0,0.02,0.08,0.92,0.98,min,76.0,1,1.74,real_measured,0.0018,estimated,2026-09-22T15:32:31.103340+00:00
KXLOWTDAL,KXLOWTDAL-26SEP22-T76,Lowest temperature Dallas,KDFW,2026-09-22,greater,76.0,,0.0,0.01,0.99,1.0,min,76.0,0,1.85,real_measured,0.5,estimated,2026-09-22T15:32:31.103340+00:00
KXLOWTDAL,KXLOWTDAL-26SEP22-T69,Lowest temperature Dallas,KDFW,2026-09-22,less,,69.0,0.0,0.01,0.99,1.0,min,76.0,0,1.85,real_measured,0.0001,estimated,2026-09-22T15:32:31.103340+00:00
KXLOWTDAL,KXLOWTDAL-26SEP22-B75.5,Lowest temperature Dallas,KDFW,2026-09-22,between,75.0,76.0,0.0,0.01,0.99,1.0,min,76.0,0,1.85,real_measured,0.2054,estimated,2026-09-22T15:32:31.103340+00:00
KXLOWTDAL,KXLOWTDAL-26SEP22-B73.5,Lowest temperature Dallas,KDFW,2026-09-22,between,73.0,74.0,0.96,1.0,0.0,0.04,min,76.0,0,1.85,real_measured,0.0874,estimated,2026-09-22T15:32:31.103340+00:00
KXLOWTDAL,KXLOWTDAL-26SEP22-B71.5,Lowest temperature Dallas,KDFW,2026-09-22,between,71.0,72.0,0.0,0.1,0.9,1.0,min,76.0,0,1.85,real_measured,0.0119,estimated,2026-09-22T15:32:31.103340+00:00
KXLOWTDAL,KXLOWTDAL-26SEP22-B69.5,Lowest temperature Dallas,KDFW,2026-09-22,between,69.0,70.0,0.0,0.02,0.98,1.0,min,76.0,0,1.85,real_measured,0.0005,estimated,2026-09-22T15:32:31.103340+00:00
KXLOWTCHI,KXLOWTCHI-26SEP23-T58,Lowest Temperature Chicago,KMDW,2026-09-23,greater,58.0,,0.33,0.44,0.56,0.67,min,57.0,1,1.74,real_measured,0.283,estimated,2026-09-22T15:32:31.103340+00:00
KXLOWTCHI,KXLOWTCHI-26SEP23-T51,Lowest Temperature Chicago,KMDW,2026-09-23,less,,51.0,0.01,0.03,0.97,0.99,min,57.0,1,1.74,real_measured,0.0003,estimated,2026-09-22T15:32:31.103340+00:00
KXLOWTCHI,KXLOWTCHI-26SEP23-B57.5,Lowest Temperature Chicago,KMDW,2026-09-23,between,57.0,58.0,0.38,0.44,0.56,0.62,min,57.0,1,1.74,real_measured,0.217,estimated,2026-09-22T15:32:31.103340+00:00
KXLOWTCHI,KXLOWTCHI-26SEP23-B55.5,Lowest Temperature Chicago,KMDW,2026-09-23,between,55.0,56.0,0.1,0.23,0.77,0.9,min,57.0,1,1.74,real_measured,0.1575,estimated,2026-09-22T15:32:31.103340+00:00
KXLOWTCHI,KXLOWTCHI-26SEP23-B53.5,Lowest Temperature Chicago,KMDW,2026-09-23,between,53.0,54.0,0.03,0.12,0.88,0.97,min,57.0,1,1.74,real_measured,0.0317,estimated,2026-09-22T15:32:31.103340+00:00
KXLOWTCHI,KXLOWTCHI-26SEP23-B51.5,Lowest Temperature Chicago,KMDW,2026-09-23,between,51.0,52.0,0.03,0.07,0.93,0.97,min,57.0,1,1.74,real_measured,0.0018,estimated,2026-09-22T15:32:31.103340+00:00
KXLOWTCHI,KXLOWTCHI-26SEP22-T57,Lowest Temperature Chicago,KMDW,2026-09-22,greater,57.0,,0.0,0.01,0.99,1.0,min,56.0,0,1.85,real_measured,0.2946,estimated,2026-09-22T15:32:31.103340+00:00
KXLOWTCHI,KXLOWTCHI-26SEP22-T50,Lowest Temperature Chicago,KMDW,2026-09-22,less,,50.0,0.0,0.01,0.99,1.0,min,56.0,0,1.85,real_measured,0.0006,estimated,2026-09-22T15:32:31.103340+00:00
KXLOWTCHI,KXLOWTCHI-26SEP22-B56.5,Lowest Temperature Chicago,KMDW,2026-09-22,between,56.0,57.0,0.93,0.98,0.02,0.07,min,56.0,0,1.85,real_measured,0.2054,estimated,2026-09-22T15:32:31.103340+00:00
KXLOWTCHI,KXLOWTCHI-26SEP22-B54.5,Lowest Temperature Chicago,KMDW,2026-09-22,between,54.0,55.0,0.03,0.09,0.91,0.97,min,56.0,0,1.85,real_measured,0.1545,estimated,2026-09-22T15:32:31.103340+00:00
KXLOWTCHI,KXLOWTCHI-26SEP22-B52.5,Lowest Temperature Chicago,KMDW,2026-09-22,between,52.0,53.0,0.0,0.02,0.98,1.0,min,56.0,0,1.85,real_measured,0.0372,estimated,2026-09-22T15:32:31.103340+00:00
KXLOWTCHI,KXLOWTCHI-26SEP22-B50.5,Lowest Temperature Chicago,KMDW,2026-09-22,between,50.0,51.0,0.0,0.01,0.99,1.0,min,56.0,0,1.85,real_measured,0.0029,estimated,2026-09-22T15:32:31.103340+00:00
KXHIGHTBOS,KXHIGHTBOS-26SEP23-T67,Boston Maximum Daily Temperature,KBOS,2026-09-23,greater,67.0,,0.0,0.02,0.98,1.0,max,61.0,1,1.74,real_measured,0.0003,estimated,2026-09-22T15:32:31.103340+00:00
KXHIGHTBOS,KXHIGHTBOS-26SEP23-T60,Boston Maximum Daily Temperature,KBOS,2026-09-23,less,,60.0,0.03,0.04,0.96,0.97,max,61.0,1,1.74,real_measured,0.283,estimated,2026-09-22T15:32:31.103340+00:00
KXHIGHTBOS,KXHIGHTBOS-26SEP23-B66.5,Boston Maximum Daily Temperature,KBOS,2026-09-23,between,66.0,67.0,0.03,0.04,0.96,0.97,max,61.0,1,1.74,real_measured,0.0018,estimated,2026-09-22T15:32:31.103340+00:00
KXHIGHTBOS,KXHIGHTBOS-26SEP23-B64.5,Boston Maximum Daily Temperature,KBOS,2026-09-23,between,64.0,65.0,0.24,0.26,0.74,0.76,max,61.0,1,1.74,real_measured,0.0317,estimated,2026-09-22T15:32:31.103340+00:00
KXHIGHTBOS,KXHIGHTBOS-26SEP23-B62.5,Boston Maximum Daily Temperature,KBOS,2026-09-23,between,62.0,63.0,0.41,0.47,0.53,0.59,max,61.0,1,1.74,real_measured,0.1575,estimated,2026-09-22T15:32:31.103340+00:00
KXHIGHTBOS,KXHIGHTBOS-26SEP23-B60.5,Boston Maximum Daily Temperature,KBOS,2026-09-23,between,60.0,61.0,0.2,0.22,0.78,0.8,max,61.0,1,1.74,real_measured,0.217,estimated,2026-09-22T15:32:31.103340+00:00
KXHIGHTBOS,KXHIGHTBOS-26SEP22-T65,Boston Maximum Daily Temperature,KBOS,2026-09-22,greater,65.0,,0.06,0.08,0.92,0.94,max,62.0,0,1.85,real_measured,0.0526,estimated,2026-09-22T15:32:31.103340+00:00
KXHIGHTBOS,KXHIGHTBOS-26SEP22-T58,Boston Maximum Daily Temperature,KBOS,2026-09-22,less,,58.0,0.0,0.01,0.99,1.0,max,62.0,0,1.85,real_measured,0.0154,estimated,2026-09-22T15:32:31.103340+00:00
KXHIGHTBOS,KXHIGHTBOS-26SEP22-B64.5,Boston Maximum Daily Temperature,KBOS,2026-09-22,between,64.0,65.0,0.37,0.4,0.6,0.63,max,62.0,0,1.85,real_measured,0.0874,estimated,2026-09-22T15:32:31.103340+00:00
KXHIGHTBOS,KXHIGHTBOS-26SEP22-B62.5,Boston Maximum Daily Temperature,KBOS,2026-09-22,between,62.0,63.0,0.5,0.57,0.43,0.5,max,62.0,0,1.85,real_measured,0.2054,estimated,2026-09-22T15:32:31.103340+00:00
KXHIGHTBOS,KXHIGHTBOS-26SEP22-B60.5,Boston Maximum Daily Temperature,KBOS,2026-09-22,between,60.0,61.0,0.0,0.01,0.99,1.0,max,62.0,0,1.85,real_measured,0.1545,estimated,2026-09-22T15:32:31.103340+00:00
KXHIGHTBOS,KXHIGHTBOS-26SEP22-B58.5,Boston Maximum Daily Temperature,KBOS,2026-09-22,between,58.0,59.0,0.0,0.01,0.99,1.0,max,62.0,0,1.85,real_measured,0.0372,estimated,2026-09-22T15:32:31.103340+00:00
KXLOWTNOLA,KXLOWTNOLA-26SEP23-T78,NOLA Low Temperature,KMSY,2026-09-23,greater,78.0,,0.02,0.1,0.9,0.98,min,78.0,1,1.74,real_measured,0.5,estimated,2026-09-22T15:32:31.103340+00:00
KXLOWTNOLA,KXLOWTNOLA-26SEP23-T71,NOLA Low Temperature,KMSY,2026-09-23,less,,71.0,0.0,0.01,0.99,1.0,min,78.0,1,1.74,real_measured,0.0,estimated,2026-09-22T15:32:31.103340+00:00
KXLOWTNOLA,KXLOWTNOLA-26SEP23-B77.5,NOLA Low Temperature,KMSY,2026-09-23,between,77.0,78.0,0.16,0.17,0.83,0.84,min,78.0,1,1.74,real_measured,0.217,estimated,2026-09-22T15:32:31.103340+00:00
KXLOWTNOLA,KXLOWTNOLA-26SEP23-B75.5,NOLA Low Temperature,KMSY,2026-09-23,between,75.0,76.0,0.42,0.57,0.43,0.58,min,78.0,1,1.74,real_measured,0.083,estimated,2026-09-22T15:32:31.103340+00:00
KXLOWTNOLA,KXLOWTNOLA-26SEP23-B73.5,NOLA Low Temperature,KMSY,2026-09-23,between,73.0,74.0,0.15,0.35,0.65,0.85,min,78.0,1,1.74,real_measured,0.0088,estimated,2026-09-22T15:32:31.103340+00:00
KXLOWTNOLA,KXLOWTNOLA-26SEP23-B71.5,NOLA Low Temperature,KMSY,2026-09-23,between,71.0,72.0,0.02,0.09,0.91,0.98,min,78.0,1,1.74,real_measured,0.0003,estimated,2026-09-22T15:32:31.103340+00:00
KXLOWTNOLA,KXLOWTNOLA-26SEP22-T77,NOLA Low Temperature,KMSY,2026-09-22,greater,77.0,,0.0,0.01,0.99,1.0,min,77.0,0,1.85,real_measured,0.5,estimated,2026-09-22T15:32:31.103340+00:00
KXLOWTNOLA,KXLOWTNOLA-26SEP22-T70,NOLA Low Temperature,KMSY,2026-09-22,less,,70.0,0.0,0.02,0.98,1.0,min,77.0,0,1.85,real_measured,0.0001,estimated,2026-09-22T15:32:31.103340+00:00
KXLOWTNOLA,KXLOWTNOLA-26SEP22-B76.5,NOLA Low Temperature,KMSY,2026-09-22,between,76.0,77.0,0.0,0.01,0.99,1.0,min,77.0,0,1.85,real_measured,0.2054,estimated,2026-09-22T15:32:31.103340+00:00
KXLOWTNOLA,KXLOWTNOLA-26SEP22-B74.5,NOLA Low Temperature,KMSY,2026-09-22,between,74.0,75.0,0.0,0.01,0.99,1.0,min,77.0,0,1.85,real_measured,0.0874,estimated,2026-09-22T15:32:31.103340+00:00
KXLOWTNOLA,KXLOWTNOLA-26SEP22-B72.5,NOLA Low Temperature,KMSY,2026-09-22,between,72.0,73.0,0.96,0.98,0.02,0.04,min,77.0,0,1.85,real_measured,0.0119,estimated,2026-09-22T15:32:31.103340+00:00
KXLOWTNOLA,KXLOWTNOLA-26SEP22-B70.5,NOLA Low Temperature,KMSY,2026-09-22,between,70.0,71.0,0.01,0.03,0.97,0.99,min,77.0,0,1.85,real_measured,0.0005,estimated,2026-09-22T15:32:31.103340+00:00
KXLOWTOKC,KXLOWTOKC-26SEP23-T63,Low Temperature Oklahoma City,KOKC,2026-09-23,greater,63.0,,0.26,0.45,0.55,0.74,min,62.0,1,1.74,real_measured,0.283,estimated,2026-09-22T15:32:31.103340+00:00
KXLOWTOKC,KXLOWTOKC-26SEP23-T56,Low Temperature Oklahoma City,KOKC,2026-09-23,less,,56.0,0.02,0.03,0.97,0.98,min,62.0,1,1.74,real_measured,0.0003,estimated,2026-09-22T15:32:31.103340+00:00
KXLOWTOKC,KXLOWTOKC-26SEP23-B62.5,Low Temperature Oklahoma City,KOKC,2026-09-23,between,62.0,63.0,0.2,0.4,0.6,0.8,min,62.0,1,1.74,real_measured,0.217,estimated,2026-09-22T15:32:31.103340+00:00
KXLOWTOKC,KXLOWTOKC-26SEP23-B60.5,Low Temperature Oklahoma City,KOKC,2026-09-23,between,60.0,61.0,0.14,0.18,0.82,0.86,min,62.0,1,1.74,real_measured,0.1575,estimated,2026-09-22T15:32:31.103340+00:00
KXLOWTOKC,KXLOWTOKC-26SEP23-B58.5,Low Temperature Oklahoma City,KOKC,2026-09-23,between,58.0,59.0,0.03,0.12,0.88,0.97,min,62.0,1,1.74,real_measured,0.0317,estimated,2026-09-22T15:32:31.103340+00:00
KXLOWTOKC,KXLOWTOKC-26SEP23-B56.5,Low Temperature Oklahoma City,KOKC,2026-09-23,between,56.0,57.0,0.02,0.11,0.89,0.98,min,62.0,1,1.74,real_measured,0.0018,estimated,2026-09-22T15:32:31.103340+00:00
KXLOWTOKC,KXLOWTOKC-26SEP22-T65,Low Temperature Oklahoma City,KOKC,2026-09-22,greater,65.0,,0.65,0.98,0.02,0.35,min,64.0,0,1.85,real_measured,0.2946,estimated,2026-09-22T15:32:31.103340+00:00
KXLOWTOKC,KXLOWTOKC-26SEP22-T58,Low Temperature Oklahoma City,KOKC,2026-09-22,less,,58.0,0.0,0.02,0.98,1.0,min,64.0,0,1.85,real_measured,0.0006,estimated,2026-09-22T15:32:31.103340+00:00
KXLOWTOKC,KXLOWTOKC-26SEP22-B64.5,Low Temperature Oklahoma City,KOKC,2026-09-22,between,64.0,65.0,0.01,0.09,0.91,0.99,min,64.0,0,1.85,real_measured,0.2054,estimated,2026-09-22T15:32:31.103340+00:00
KXLOWTOKC,KXLOWTOKC-26SEP22-B62.5,Low Temperature Oklahoma City,KOKC,2026-09-22,between,62.0,63.0,0.01,0.06,0.94,0.99,min,64.0,0,1.85,real_measured,0.1545,estimated,2026-09-22T15:32:31.103340+00:00
KXLOWTOKC,KXLOWTOKC-26SEP22-B60.5,Low Temperature Oklahoma City,KOKC,2026-09-22,between,60.0,61.0,0.0,0.04,0.96,1.0,min,64.0,0,1.85,real_measured,0.0372,estimated,2026-09-22T15:32:31.103340+00:00
KXLOWTOKC,KXLOWTOKC-26SEP22-B58.5,Low Temperature Oklahoma City,KOKC,2026-09-22,between,58.0,59.0,0.0,0.02,0.98,1.0,min,64.0,0,1.85,real_measured,0.0029,estimated,2026-09-22T15:32:31.103340+00:00
KXHIGHTEWR,KXHIGHTEWR-26SEP23-T72,"Newark, NJ (EWR) Daily Max Temp",KEWR,2026-09-23,greater,72.0,,0.03,0.04,0.96,0.97,max,68.0,1,1.74,real_measured,0.0108,estimated,2026-09-22T15:32:31.103340+00:00
KXHIGHTEWR,KXHIGHTEWR-26SEP23-T65,"Newark, NJ (EWR) Daily Max Temp",KEWR,2026-09-23,less,,65.0,0.03,0.1,0.9,0.97,max,68.0,1,1.74,real_measured,0.0425,estimated,2026-09-22T15:32:31.103340+00:00
KXHIGHTEWR,KXHIGHTEWR-26SEP23-B71.5,"Newark, NJ (EWR) Daily Max Temp",KEWR,2026-09-23,between,71.0,72.0,0.05,0.18,0.82,0.95,max,68.0,1,1.74,real_measured,0.0317,estimated,2026-09-22T15:32:31.103340+00:00
KXHIGHTEWR,KXHIGHTEWR-26SEP23-B69.5,"Newark, NJ (EWR) Daily Max Temp",KEWR,2026-09-23,between,69.0,70.0,0.46,0.66,0.34,0.54,max,68.0,1,1.74,real_measured,0.1575,estimated,2026-09-22T15:32:31.103340+00:00
KXHIGHTEWR,KXHIGHTEWR-26SEP23-B67.5,"Newark, NJ (EWR) Daily Max Temp",KEWR,2026-09-23,between,67.0,68.0,0.25,0.44,0.56,0.75,max,68.0,1,1.74,real_measured,0.217,estimated,2026-09-22T15:32:31.103340+00:00
KXHIGHTEWR,KXHIGHTEWR-26SEP23-B65.5,"Newark, NJ (EWR) Daily Max Temp",KEWR,2026-09-23,between,65.0,66.0,0.03,0.11,0.89,0.97,max,68.0,1,1.74,real_measured,0.083,estimated,2026-09-22T15:32:31.103340+00:00
KXHIGHTEWR,KXHIGHTEWR-26SEP22-T70,"Newark, NJ (EWR) Daily Max Temp",KEWR,2026-09-22,greater,70.0,,0.01,0.02,0.98,0.99,max,75.0,0,1.85,real_measured,0.9965,estimated,2026-09-22T15:32:31.103340+00:00
KXHIGHTEWR,KXHIGHTEWR-26SEP22-T63,"Newark, NJ (EWR) Daily Max Temp",KEWR,2026-09-22,less,,63.0,0.0,0.01,0.99,1.0,max,75.0,0,1.85,real_measured,0.0,estimated,2026-09-22T15:32:31.103340+00:00
KXHIGHTEWR,KXHIGHTEWR-26SEP22-B69.5,"Newark, NJ (EWR) Daily Max Temp",KEWR,2026-09-22,between,69.0,70.0,0.26,0.39,0.61,0.74,max,75.0,0,1.85,real_measured,0.0029,estimated,2026-09-22T15:32:31.103340+00:00
KXHIGHTEWR,KXHIGHTEWR-26SEP22-B67.5,"Newark, NJ (EWR) Daily Max Temp",KEWR,2026-09-22,between,67.0,68.0,0.31,0.4,0.6,0.69,max,75.0,0,1.85,real_measured,0.0001,estimated,2026-09-22T15:32:31.103340+00:00
KXHIGHTEWR,KXHIGHTEWR-26SEP22-B65.5,"Newark, NJ (EWR) Daily Max Temp",KEWR,2026-09-22,between,65.0,66.0,0.09,0.13,0.87,0.91,max,75.0,0,1.85,real_measured,0.0,estimated,2026-09-22T15:32:31.103340+00:00
KXHIGHTEWR,KXHIGHTEWR-26SEP22-B63.5,"Newark, NJ (EWR) Daily Max Temp",KEWR,2026-09-22,between,63.0,64.0,0.02,0.05,0.95,0.98,max,75.0,0,1.85,real_measured,0.0,estimated,2026-09-22T15:32:31.103340+00:00
KXLOWTATL,KXLOWTATL-26SEP23-T72,Low Temperature Atlanta,KATL,2026-09-23,greater,72.0,,0.02,0.04,0.96,0.98,min,71.0,1,1.74,real_measured,0.283,estimated,2026-09-22T15:32:31.103340+00:00
KXLOWTATL,KXLOWTATL-26SEP23-T65,Low Temperature Atlanta,KATL,2026-09-23,less,,65.0,0.01,0.03,0.97,0.99,min,71.0,1,1.74,real_measured,0.0003,estimated,2026-09-22T15:32:31.103340+00:00
KXLOWTATL,KXLOWTATL-26SEP23-B71.5,Low Temperature Atlanta,KATL,2026-09-23,between,71.0,72.0,0.04,0.12,0.88,0.96,min,71.0,1,1.74,real_measured,0.217,estimated,2026-09-22T15:32:31.103340+00:00
KXLOWTATL,KXLOWTATL-26SEP23-B69.5,Low Temperature Atlanta,KATL,2026-09-23,between,69.0,70.0,0.28,0.37,0.63,0.72,min,71.0,1,1.74,real_measured,0.1575,estimated,2026-09-22T15:32:31.103340+00:00
KXLOWTATL,KXLOWTATL-26SEP23-B67.5,Low Temperature Atlanta,KATL,2026-09-23,between,67.0,68.0,0.27,0.39,0.61,0.73,min,71.0,1,1.74,real_measured,0.0317,estimated,2026-09-22T15:32:31.103340+00:00
KXLOWTATL,KXLOWTATL-26SEP23-B65.5,Low Temperature Atlanta,KATL,2026-09-23,between,65.0,66.0,0.04,0.24,0.76,0.96,min,71.0,1,1.74,real_measured,0.0018,estimated,2026-09-22T15:32:31.103340+00:00
KXLOWTATL,KXLOWTATL-26SEP22-T73,Low Temperature Atlanta,KATL,2026-09-22,greater,73.0,,0.0,0.01,0.99,1.0,min,72.0,0,1.85,real_measured,0.2946,estimated,2026-09-22T15:32:31.103340+00:00
KXLOWTATL,KXLOWTATL-26SEP22-T66,Low Temperature Atlanta,KATL,2026-09-22,less,,66.0,0.0,0.02,0.98,1.0,min,72.0,0,1.85,real_measured,0.0006,estimated,2026-09-22T15:32:31.103340+00:00
KXLOWTATL,KXLOWTATL-26SEP22-B72.5,Low Temperature Atlanta,KATL,2026-09-22,between,72.0,73.0,0.77,0.89,0.11,0.23,min,72.0,0,1.85,real_measured,0.2054,estimated,2026-09-22T15:32:31.103340+00:00
KXLOWTATL,KXLOWTATL-26SEP22-B70.5,Low Temperature Atlanta,KATL,2026-09-22,between,70.0,71.0,0.03,0.12,0.88,0.97,min,72.0,0,1.85,real_measured,0.1545,estimated,2026-09-22T15:32:31.103340+00:00
KXLOWTATL,KXLOWTATL-26SEP22-B68.5,Low Temperature Atlanta,KATL,2026-09-22,between,68.0,69.0,0.0,0.01,0.99,1.0,min,72.0,0,1.85,real_measured,0.0372,estimated,2026-09-22T15:32:31.103340+00:00
KXLOWTATL,KXLOWTATL-26SEP22-B66.5,Low Temperature Atlanta,KATL,2026-09-22,between,66.0,67.0,0.0,0.02,0.98,1.0,min,72.0,0,1.85,real_measured,0.0029,estimated,2026-09-22T15:32:31.103340+00:00
KXLOWTHOU,KXLOWTHOU-26SEP23-T80,Low Temperature Houston,KHOU,2026-09-23,greater,80.0,,0.07,0.27,0.73,0.93,min,79.0,1,1.74,real_measured,0.283,estimated,2026-09-22T15:32:31.103340+00:00
KXLOWTHOU,KXLOWTHOU-26SEP23-T73,Low Temperature Houston,KHOU,2026-09-23,less,,73.0,0.0,0.01,0.99,1.0,min,79.0,1,1.74,real_measured,0.0003,estimated,2026-09-22T15:32:31.103340+00:00
KXLOWTHOU,KXLOWTHOU-26SEP23-B79.5,Low Temperature Houston,KHOU,2026-09-23,between,79.0,80.0,0.43,0.57,0.43,0.57,min,79.0,1,1.74,real_measured,0.217,estimated,2026-09-22T15:32:31.103340+00:00
KXLOWTHOU,KXLOWTHOU-26SEP23-B77.5,Low Temperature Houston,KHOU,2026-09-23,between,77.0,78.0,0.3,0.4,0.6,0.7,min,79.0,1,1.74,real_measured,0.1575,estimated,2026-09-22T15:32:31.103340+00:00
KXLOWTHOU,KXLOWTHOU-26SEP23-B75.5,Low Temperature Houston,KHOU,2026-09-23,between,75.0,76.0,0.02,0.1,0.9,0.98,min,79.0,1,1.74,real_measured,0.0317,estimated,2026-09-22T15:32:31.103340+00:00
KXLOWTHOU,KXLOWTHOU-26SEP23-B73.5,Low Temperature Houston,KHOU,2026-09-23,between,73.0,74.0,0.02,0.07,0.93,0.98,min,79.0,1,1.74,real_measured,0.0018,estimated,2026-09-22T15:32:31.103340+00:00
KXLOWTHOU,KXLOWTHOU-26SEP22-T79,Low Temperature Houston,KHOU,2026-09-22,greater,79.0,,0.0,0.01,0.99,1.0,min,78.0,0,1.85,real_measured,0.2946,estimated,2026-09-22T15:32:31.103340+00:00
KXLOWTHOU,KXLOWTHOU-26SEP22-T72,Low Temperature Houston,KHOU,2026-09-22,less,,72.0,0.0,0.01,0.99,1.0,min,78.0,0,1.85,real_measured,0.0006,estimated,2026-09-22T15:32:31.103340+00:00
KXLOWTHOU,KXLOWTHOU-26SEP22-B78.5,Low Temperature Houston,KHOU,2026-09-22,between,78.0,79.0,0.0,0.01,0.99,1.0,min,78.0,0,1.85,real_measured,0.2054,estimated,2026-09-22T15:32:31.103340+00:00
KXLOWTHOU,KXLOWTHOU-26SEP22-B76.5,Low Temperature Houston,KHOU,2026-09-22,between,76.0,77.0,0.9,0.99,0.01,0.1,min,78.0,0,1.85,real_measured,0.1545,estimated,2026-09-22T15:32:31.103340+00:00
KXLOWTHOU,KXLOWTHOU-26SEP22-B74.5,Low Temperature Houston,KHOU,2026-09-22,between,74.0,75.0,0.02,0.09,0.91,0.98,min,78.0,0,1.85,real_measured,0.0372,estimated,2026-09-22T15:32:31.103340+00:00
KXLOWTHOU,KXLOWTHOU-26SEP22-B72.5,Low Temperature Houston,KHOU,2026-09-22,between,72.0,73.0,0.0,0.02,0.98,1.0,min,78.0,0,1.85,real_measured,0.0029,estimated,2026-09-22T15:32:31.103340+00:00
KXHIGHTSFO,KXHIGHTSFO-26SEP23-T82,San Francisco High Temperature Daily,KSFO,2026-09-23,greater,82.0,,0.1,0.11,0.89,0.9,max,79.0,1,1.74,real_measured,0.0425,estimated,2026-09-22T15:32:31.103340+00:00
KXHIGHTSFO,KXHIGHTSFO-26SEP23-T75,San Francisco High Temperature Daily,KSFO,2026-09-23,less,,75.0,0.06,0.11,0.89,0.94,max,79.0,1,1.74,real_measured,0.0108,estimated,2026-09-22T15:32:31.103340+00:00
KXHIGHTSFO,KXHIGHTSFO-26SEP23-B81.5,San Francisco High Temperature Daily,KSFO,2026-09-23,between,81.0,82.0,0.18,0.19,0.81,0.82,max,79.0,1,1.74,real_measured,0.083,estimated,2026-09-22T15:32:31.103340+00:00
KXHIGHTSFO,KXHIGHTSFO-26SEP23-B79.5,San Francisco High Temperature Daily,KSFO,2026-09-23,between,79.0,80.0,0.26,0.29,0.71,0.74,max,79.0,1,1.74,real_measured,0.217,estimated,2026-09-22T15:32:31.103340+00:00
KXHIGHTSFO,KXHIGHTSFO-26SEP23-B77.5,San Francisco High Temperature Daily,KSFO,2026-09-23,between,77.0,78.0,0.26,0.28,0.72,0.74,max,79.0,1,1.74,real_measured,0.1575,estimated,2026-09-22T15:32:31.103340+00:00
KXHIGHTSFO,KXHIGHTSFO-26SEP23-B75.5,San Francisco High Temperature Daily,KSFO,2026-09-23,between,75.0,76.0,0.07,0.11,0.89,0.93,max,79.0,1,1.74,real_measured,0.0317,estimated,2026-09-22T15:32:31.103340+00:00
KXHIGHTSFO,KXHIGHTSFO-26SEP22-T75,San Francisco High Temperature Daily,KSFO,2026-09-22,greater,75.0,,0.0,0.01,0.99,1.0,max,69.0,0,1.85,real_measured,0.0006,estimated,2026-09-22T15:32:31.103340+00:00
KXHIGHTSFO,KXHIGHTSFO-26SEP22-T68,San Francisco High Temperature Daily,KSFO,2026-09-22,less,,68.0,0.27,0.3,0.7,0.73,max,69.0,0,1.85,real_measured,0.2946,estimated,2026-09-22T15:32:31.103340+00:00
KXHIGHTSFO,KXHIGHTSFO-26SEP22-B74.5,San Francisco High Temperature Daily,KSFO,2026-09-22,between,74.0,75.0,0.0,0.01,0.99,1.0,max,69.0,0,1.85,real_measured,0.0029,estimated,2026-09-22T15:32:31.103340+00:00
KXHIGHTSFO,KXHIGHTSFO-26SEP22-B72.5,San Francisco High Temperature Daily,KSFO,2026-09-22,between,72.0,73.0,0.02,0.03,0.97,0.98,max,69.0,0,1.85,real_measured,0.0372,estimated,2026-09-22T15:32:31.103340+00:00
KXHIGHTSFO,KXHIGHTSFO-26SEP22-B70.5,San Francisco High Temperature Daily,KSFO,2026-09-22,between,70.0,71.0,0.25,0.27,0.73,0.75,max,69.0,0,1.85,real_measured,0.1545,estimated,2026-09-22T15:32:31.103340+00:00
KXHIGHTSFO,KXHIGHTSFO-26SEP22-B68.5,San Francisco High Temperature Daily,KSFO,2026-09-22,between,68.0,69.0,0.47,0.48,0.52,0.53,max,69.0,0,1.85,real_measured,0.2054,estimated,2026-09-22T15:32:31.103340+00:00
KXHIGHTSATX,KXHIGHTSATX-26SEP23-T94,San Antonio Daily Maximum Temperature,KSAT,2026-09-23,less,,94.0,0.03,0.07,0.93,0.97,max,96.0,1,1.74,real_measured,0.1255,estimated,2026-09-22T15:32:31.103340+00:00
KXHIGHTSATX,KXHIGHTSATX-26SEP23-T101,San Antonio Daily Maximum Temperature,KSAT,2026-09-23,greater,101.0,,0.0,0.01,0.99,1.0,max,96.0,1,1.74,real_measured,0.0021,estimated,2026-09-22T15:32:31.103340+00:00
KXHIGHTSATX,KXHIGHTSATX-26SEP23-B98.5,San Antonio Daily Maximum Temperature,KSAT,2026-09-23,between,98.0,99.0,0.18,0.21,0.79,0.82,max,96.0,1,1.74,real_measured,0.083,estimated,2026-09-22T15:32:31.103340+00:00
KXHIGHTSATX,KXHIGHTSATX-26SEP23-B96.5,San Antonio Daily Maximum Temperature,KSAT,2026-09-23,between,96.0,97.0,0.44,0.45,0.55,0.56,max,96.0,1,1.74,real_measured,0.217,estimated,2026-09-22T15:32:31.103340+00:00
KXHIGHTSATX,KXHIGHTSATX-26SEP23-B94.5,San Antonio Daily Maximum Temperature,KSAT,2026-09-23,between,94.0,95.0,0.21,0.27,0.73,0.79,max,96.0,1,1.74,real_measured,0.1575,estimated,2026-09-22T15:32:31.103340+00:00
KXHIGHTSATX,KXHIGHTSATX-26SEP23-B100.5,San Antonio Daily Maximum Temperature,KSAT,2026-09-23,between,100.0,101.0,0.03,0.04,0.96,0.97,max,96.0,1,1.74,real_measured,0.0088,estimated,2026-09-22T15:32:31.103340+00:00
KXHIGHTSATX,KXHIGHTSATX-26SEP22-T93,San Antonio Daily Maximum Temperature,KSAT,2026-09-22,less,,93.0,0.0,0.01,0.99,1.0,max,96.0,0,1.85,real_measured,0.0526,estimated,2026-09-22T15:32:31.103340+00:00
KXHIGHTSATX,KXHIGHTSATX-26SEP22-T100,San Antonio Daily Maximum Temperature,KSAT,2026-09-22,greater,100.0,,0.0,0.01,0.99,1.0,max,96.0,0,1.85,real_measured,0.0154,estimated,2026-09-22T15:32:31.103340+00:00
KXHIGHTSATX,KXHIGHTSATX-26SEP22-B99.5,San Antonio Daily Maximum Temperature,KSAT,2026-09-22,between,99.0,100.0,0.01,0.02,0.98,0.99,max,96.0,0,1.85,real_measured,0.0372,estimated,2026-09-22T15:32:31.103340+00:00
KXHIGHTSATX,KXHIGHTSATX-26SEP22-B97.5,San Antonio Daily Maximum Temperature,KSAT,2026-09-22,between,97.0,98.0,0.53,0.54,0.46,0.47,max,96.0,0,1.85,real_measured,0.1545,estimated,2026-09-22T15:32:31.103340+00:00
KXHIGHTSATX,KXHIGHTSATX-26SEP22-B95.5,San Antonio Daily Maximum Temperature,KSAT,2026-09-22,between,95.0,96.0,0.32,0.34,0.66,0.68,max,96.0,0,1.85,real_measured,0.2054,estimated,2026-09-22T15:32:31.103340+00:00
KXHIGHTSATX,KXHIGHTSATX-26SEP22-B93.5,San Antonio Daily Maximum Temperature,KSAT,2026-09-22,between,93.0,94.0,0.17,0.18,0.82,0.83,max,96.0,0,1.85,real_measured,0.0874,estimated,2026-09-22T15:32:31.103340+00:00
KXHIGHCHI,KXHIGHCHI-26SEP23-T70,Highest temperature in Chicago,KMDW,2026-09-23,greater,70.0,,0.01,0.02,0.98,0.99,max,66.0,1,1.74,real_measured,0.0108,estimated,2026-09-22T15:32:31.103340+00:00
KXHIGHCHI,KXHIGHCHI-26SEP23-T63,Highest temperature in Chicago,KMDW,2026-09-23,less,,63.0,0.03,0.04,0.96,0.97,max,66.0,1,1.74,real_measured,0.0425,estimated,2026-09-22T15:32:31.103340+00:00
KXHIGHCHI,KXHIGHCHI-26SEP23-B69.5,Highest temperature in Chicago,KMDW,2026-09-23,between,69.0,70.0,0.14,0.15,0.85,0.86,max,66.0,1,1.74,real_measured,0.0317,estimated,2026-09-22T15:32:31.103340+00:00
KXHIGHCHI,KXHIGHCHI-26SEP23-B67.5,Highest temperature in Chicago,KMDW,2026-09-23,between,67.0,68.0,0.3,0.32,0.68,0.7,max,66.0,1,1.74,real_measured,0.1575,estimated,2026-09-22T15:32:31.103340+00:00
KXHIGHCHI,KXHIGHCHI-26SEP23-B65.5,Highest temperature in Chicago,KMDW,2026-09-23,between,65.0,66.0,0.31,0.35,0.65,0.69,max,66.0,1,1.74,real_measured,0.217,estimated,2026-09-22T15:32:31.103340+00:00
KXHIGHCHI,KXHIGHCHI-26SEP23-B63.5,Highest temperature in Chicago,KMDW,2026-09-23,between,63.0,64.0,0.14,0.15,0.85,0.86,max,66.0,1,1.74,real_measured,0.083,estimated,2026-09-22T15:32:31.103340+00:00
KXHIGHCHI,KXHIGHCHI-26SEP22-T69,Highest temperature in Chicago,KMDW,2026-09-22,greater,69.0,,0.0,0.01,0.99,1.0,max,64.0,0,1.85,real_measured,0.0035,estimated,2026-09-22T15:32:31.103340+00:00
KXHIGHCHI,KXHIGHCHI-26SEP22-T62,Highest temperature in Chicago,KMDW,2026-09-22,less,,62.0,0.13,0.15,0.85,0.87,max,64.0,0,1.85,real_measured,0.14,estimated,2026-09-22T15:32:31.103340+00:00
KXHIGHCHI,KXHIGHCHI-26SEP22-B68.5,Highest temperature in Chicago,KMDW,2026-09-22,between,68.0,69.0,0.0,0.01,0.99,1.0,max,64.0,0,1.85,real_measured,0.0119,estimated,2026-09-22T15:32:31.103340+00:00
KXHIGHCHI,KXHIGHCHI-26SEP22-B66.5,Highest temperature in Chicago,KMDW,2026-09-22,between,66.0,67.0,0.01,0.02,0.98,0.99,max,64.0,0,1.85,real_measured,0.0874,estimated,2026-09-22T15:32:31.103340+00:00
KXHIGHCHI,KXHIGHCHI-26SEP22-B64.5,Highest temperature in Chicago,KMDW,2026-09-22,between,64.0,65.0,0.3,0.31,0.69,0.7,max,64.0,0,1.85,real_measured,0.2054,estimated,2026-09-22T15:32:31.103340+00:00
KXHIGHCHI,KXHIGHCHI-26SEP22-B62.5,Highest temperature in Chicago,KMDW,2026-09-22,between,62.0,63.0,0.51,0.52,0.48,0.49,max,64.0,0,1.85,real_measured,0.1545,estimated,2026-09-22T15:32:31.103340+00:00
KXLOWTDEN,KXLOWTDEN-26SEP23-T57,Lowest temperature in Denver,KDEN,2026-09-23,greater,57.0,,0.3,0.39,0.61,0.7,min,55.0,1,1.74,real_measured,0.1255,estimated,2026-09-22T15:32:31.103340+00:00
KXLOWTDEN,KXLOWTDEN-26SEP23-T50,Lowest temperature in Denver,KDEN,2026-09-23,less,,50.0,0.02,0.07,0.93,0.98,min,55.0,1,1.74,real_measured,0.0021,estimated,2026-09-22T15:32:31.103340+00:00
KXLOWTDEN,KXLOWTDEN-26SEP23-B56.5,Lowest temperature in Denver,KDEN,2026-09-23,between,56.0,57.0,0.2,0.27,0.73,0.8,min,55.0,1,1.74,real_measured,0.1575,estimated,2026-09-22T15:32:31.103340+00:00
KXLOWTDEN,KXLOWTDEN-26SEP23-B54.5,Lowest temperature in Denver,KDEN,2026-09-23,between,54.0,55.0,0.17,0.24,0.76,0.83,min,55.0,1,1.74,real_measured,0.217,estimated,2026-09-22T15:32:31.103340+00:00
KXLOWTDEN,KXLOWTDEN-26SEP23-B52.5,Lowest temperature in Denver,KDEN,2026-09-23,between,52.0,53.0,0.08,0.17,0.83,0.92,min,55.0,1,1.74,real_measured,0.083,estimated,2026-09-22T15:32:31.103340+00:00
KXLOWTDEN,KXLOWTDEN-26SEP23-B50.5,Lowest temperature in Denver,KDEN,2026-09-23,between,50.0,51.0,0.02,0.08,0.92,0.98,min,55.0,1,1.74,real_measured,0.0088,estimated,2026-09-22T15:32:31.103340+00:00
KXLOWTDEN,KXLOWTDEN-26SEP22-T55,Lowest temperature in Denver,KDEN,2026-09-22,greater,55.0,,0.0,0.01,0.99,1.0,min,53.0,0,1.85,real_measured,0.14,estimated,2026-09-22T15:32:31.103340+00:00
KXLOWTDEN,KXLOWTDEN-26SEP22-T48,Lowest temperature in Denver,KDEN,2026-09-22,less,,48.0,0.0,0.01,0.99,1.0,min,53.0,0,1.85,real_measured,0.0035,estimated,2026-09-22T15:32:31.103340+00:00
KXLOWTDEN,KXLOWTDEN-26SEP22-B54.5,Lowest temperature in Denver,KDEN,2026-09-22,between,54.0,55.0,0.0,0.01,0.99,1.0,min,53.0,0,1.85,real_measured,0.1545,estimated,2026-09-22T15:32:31.103340+00:00
KXLOWTDEN,KXLOWTDEN-26SEP22-B52.5,Lowest temperature in Denver,KDEN,2026-09-22,between,52.0,53.0,0.69,0.75,0.25,0.31,min,53.0,0,1.85,real_measured,0.2054,estimated,2026-09-22T15:32:31.103340+00:00
KXLOWTDEN,KXLOWTDEN-26SEP22-B50.5,Lowest temperature in Denver,KDEN,2026-09-22,between,50.0,51.0,0.26,0.29,0.71,0.74,min,53.0,0,1.85,real_measured,0.0874,estimated,2026-09-22T15:32:31.103340+00:00
KXLOWTDEN,KXLOWTDEN-26SEP22-B48.5,Lowest temperature in Denver,KDEN,2026-09-22,between,48.0,49.0,0.01,0.08,0.92,0.99,min,53.0,0,1.85,real_measured,0.0119,estimated,2026-09-22T15:32:31.103340+00:00
KXHIGHTSDF,KXHIGHTSDF-26SEP23-T76,HIGHEST Temperature SATX,KSDF,2026-09-23,greater,76.0,,0.03,0.04,0.96,0.97,max,76.0,1,1.74,real_measured,0.5,estimated,2026-09-22T15:32:31.103340+00:00
KXHIGHTSDF,KXHIGHTSDF-26SEP23-T69,HIGHEST Temperature SATX,KSDF,2026-09-23,less,,69.0,0.06,0.25,0.75,0.94,max,76.0,1,1.74,real_measured,0.0,estimated,2026-09-22T15:32:31.103340+00:00
KXHIGHTSDF,KXHIGHTSDF-26SEP23-B75.5,HIGHEST Temperature SATX,KSDF,2026-09-23,between,75.0,76.0,0.06,0.26,0.74,0.94,max,76.0,1,1.74,real_measured,0.217,estimated,2026-09-22T15:32:31.103340+00:00
KXHIGHTSDF,KXHIGHTSDF-26SEP23-B73.5,HIGHEST Temperature SATX,KSDF,2026-09-23,between,73.0,74.0,0.42,0.6,0.4,0.58,max,76.0,1,1.74,real_measured,0.083,estimated,2026-09-22T15:32:31.103340+00:00
KXHIGHTSDF,KXHIGHTSDF-26SEP23-B71.5,HIGHEST Temperature SATX,KSDF,2026-09-23,between,71.0,72.0,0.04,0.22,0.78,0.96,max,76.0,1,1.74,real_measured,0.0088,estimated,2026-09-22T15:32:31.103340+00:00
KXHIGHTSDF,KXHIGHTSDF-26SEP23-B69.5,HIGHEST Temperature SATX,KSDF,2026-09-23,between,69.0,70.0,0.03,0.16,0.84,0.97,max,76.0,1,1.74,real_measured,0.0003,estimated,2026-09-22T15:32:31.103340+00:00
KXHIGHTSDF,KXHIGHTSDF-26SEP22-T82,HIGHEST Temperature SATX,KSDF,2026-09-22,greater,82.0,,0.0,0.02,0.98,1.0,max,88.0,0,1.85,real_measured,0.9994,estimated,2026-09-22T15:32:31.103340+00:00
KXHIGHTSDF,KXHIGHTSDF-26SEP22-T75,HIGHEST Temperature SATX,KSDF,2026-09-22,less,,75.0,0.75,0.92,0.08,0.25,max,88.0,0,1.85,real_measured,0.0,estimated,2026-09-22T15:32:31.103340+00:00
KXHIGHTSDF,KXHIGHTSDF-26SEP22-B81.5,HIGHEST Temperature SATX,KSDF,2026-09-22,between,81.0,82.0,0.01,0.03,0.97,0.99,max,88.0,0,1.85,real_measured,0.0005,estimated,2026-09-22T15:32:31.103340+00:00
KXHIGHTSDF,KXHIGHTSDF-26SEP22-B79.5,HIGHEST Temperature SATX,KSDF,2026-09-22,between,79.0,80.0,0.01,0.06,0.94,0.99,max,88.0,0,1.85,real_measured,0.0,estimated,2026-09-22T15:32:31.103340+00:00
KXHIGHTSDF,KXHIGHTSDF-26SEP22-B77.5,HIGHEST Temperature SATX,KSDF,2026-09-22,between,77.0,78.0,0.01,0.07,0.93,0.99,max,88.0,0,1.85,real_measured,0.0,estimated,2026-09-22T15:32:31.103340+00:00
KXHIGHTSDF,KXHIGHTSDF-26SEP22-B75.5,HIGHEST Temperature SATX,KSDF,2026-09-22,between,75.0,76.0,0.02,0.26,0.74,0.98,max,88.0,0,1.85,real_measured,0.0,estimated,2026-09-22T15:32:31.103340+00:00
KXLOWTLAX,KXLOWTLAX-26SEP23-T66,Lowest Temperature in LA,KLAX,2026-09-23,greater,66.0,,0.29,0.33,0.67,0.71,min,65.0,1,1.74,real_measured,0.283,estimated,2026-09-22T15:32:31.103340+00:00
KXLOWTLAX,KXLOWTLAX-26SEP23-T59,Lowest Temperature in LA,KLAX,2026-09-23,less,,59.0,0.01,0.03,0.97,0.99,min,65.0,1,1.74,real_measured,0.0003,estimated,2026-09-22T15:32:31.103340+00:00
KXLOWTLAX,KXLOWTLAX-26SEP23-B65.5,Lowest Temperature in LA,KLAX,2026-09-23,between,65.0,66.0,0.47,0.64,0.36,0.53,min,65.0,1,1.74,real_measured,0.217,estimated,2026-09-22T15:32:31.103340+00:00
KXLOWTLAX,KXLOWTLAX-26SEP23-B63.5,Lowest Temperature in LA,KLAX,2026-09-23,between,63.0,64.0,0.05,0.14,0.86,0.95,min,65.0,1,1.74,real_measured,0.1575,estimated,2026-09-22T15:32:31.103340+00:00
KXLOWTLAX,KXLOWTLAX-26SEP23-B61.5,Lowest Temperature in LA,KLAX,2026-09-23,between,61.0,62.0,0.01,0.07,0.93,0.99,min,65.0,1,1.74,real_measured,0.0317,estimated,2026-09-22T15:32:31.103340+00:00
KXLOWTLAX,KXLOWTLAX-26SEP23-B59.5,Lowest Temperature in LA,KLAX,2026-09-23,between,59.0,60.0,0.01,0.03,0.97,0.99,min,65.0,1,1.74,real_measured,0.0018,estimated,2026-09-22T15:32:31.103340+00:00
KXLOWTLAX,KXLOWTLAX-26SEP22-T65,Lowest Temperature in LA,KLAX,2026-09-22,greater,65.0,,0.0,0.01,0.99,1.0,min,64.0,0,1.85,real_measured,0.2946,estimated,2026-09-22T15:32:31.103340+00:00
KXLOWTLAX,KXLOWTLAX-26SEP22-T58,Lowest Temperature in LA,KLAX,2026-09-22,less,,58.0,0.0,0.01,0.99,1.0,min,64.0,0,1.85,real_measured,0.0006,estimated,2026-09-22T15:32:31.103340+00:00
KXLOWTLAX,KXLOWTLAX-26SEP22-B64.5,Lowest Temperature in LA,KLAX,2026-09-22,between,64.0,65.0,0.89,0.99,0.01,0.11,min,64.0,0,1.85,real_measured,0.2054,estimated,2026-09-22T15:32:31.103340+00:00
KXLOWTLAX,KXLOWTLAX-26SEP22-B62.5,Lowest Temperature in LA,KLAX,2026-09-22,between,62.0,63.0,0.01,0.09,0.91,0.99,min,64.0,0,1.85,real_measured,0.1545,estimated,2026-09-22T15:32:31.103340+00:00
KXLOWTLAX,KXLOWTLAX-26SEP22-B60.5,Lowest Temperature in LA,KLAX,2026-09-22,between,60.0,61.0,0.0,0.02,0.98,1.0,min,64.0,0,1.85,real_measured,0.0372,estimated,2026-09-22T15:32:31.103340+00:00
KXLOWTLAX,KXLOWTLAX-26SEP22-B58.5,Lowest Temperature in LA,KLAX,2026-09-22,between,58.0,59.0,0.0,0.02,0.98,1.0,min,64.0,0,1.85,real_measured,0.0029,estimated,2026-09-22T15:32:31.103340+00:00
KXHIGHTOKC,KXHIGHTOKC-26SEP23-T94,Oklahoma City Maximum High Temperature,KOKC,2026-09-23,greater,94.0,,0.02,0.03,0.97,0.98,max,89.0,1,1.74,real_measured,0.0021,estimated,2026-09-22T15:32:31.103340+00:00
KXHIGHTOKC,KXHIGHTOKC-26SEP23-T87,Oklahoma City Maximum High Temperature,KOKC,2026-09-23,less,,87.0,0.2,0.22,0.78,0.8,max,89.0,1,1.74,real_measured,0.1255,estimated,2026-09-22T15:32:31.103340+00:00
KXHIGHTOKC,KXHIGHTOKC-26SEP23-B93.5,Oklahoma City Maximum High Temperature,KOKC,2026-09-23,between,93.0,94.0,0.04,0.06,0.94,0.96,max,89.0,1,1.74,real_measured,0.0088,estimated,2026-09-22T15:32:31.103340+00:00
KXHIGHTOKC,KXHIGHTOKC-26SEP23-B91.5,Oklahoma City Maximum High Temperature,KOKC,2026-09-23,between,91.0,92.0,0.21,0.24,0.76,0.79,max,89.0,1,1.74,real_measured,0.083,estimated,2026-09-22T15:32:31.103340+00:00
KXHIGHTOKC,KXHIGHTOKC-26SEP23-B89.5,Oklahoma City Maximum High Temperature,KOKC,2026-09-23,between,89.0,90.0,0.28,0.3,0.7,0.72,max,89.0,1,1.74,real_measured,0.217,estimated,2026-09-22T15:32:31.103340+00:00
KXHIGHTOKC,KXHIGHTOKC-26SEP23-B87.5,Oklahoma City Maximum High Temperature,KOKC,2026-09-23,between,87.0,88.0,0.19,0.2,0.8,0.81,max,89.0,1,1.74,real_measured,0.1575,estimated,2026-09-22T15:32:31.103340+00:00
KXHIGHTOKC,KXHIGHTOKC-26SEP22-T91,Oklahoma City Maximum High Temperature,KOKC,2026-09-22,greater,91.0,,0.0,0.01,0.99,1.0,max,88.0,0,1.85,real_measured,0.0526,estimated,2026-09-22T15:32:31.103340+00:00
KXHIGHTOKC,KXHIGHTOKC-26SEP22-T84,Oklahoma City Maximum High Temperature,KOKC,2026-09-22,less,,84.0,0.12,0.13,0.87,0.88,max,88.0,0,1.85,real_measured,0.0154,estimated,2026-09-22T15:32:31.103340+00:00
KXHIGHTOKC,KXHIGHTOKC-26SEP22-B90.5,Oklahoma City Maximum High Temperature,KOKC,2026-09-22,between,90.0,91.0,0.01,0.03,0.97,0.99,max,88.0,0,1.85,real_measured,0.0874,estimated,2026-09-22T15:32:31.103340+00:00
KXHIGHTOKC,KXHIGHTOKC-26SEP22-B88.5,Oklahoma City Maximum High Temperature,KOKC,2026-09-22,between,88.0,89.0,0.1,0.12,0.88,0.9,max,88.0,0,1.85,real_measured,0.2054,estimated,2026-09-22T15:32:31.103340+00:00
KXHIGHTOKC,KXHIGHTOKC-26SEP22-B86.5,Oklahoma City Maximum High Temperature,KOKC,2026-09-22,between,86.0,87.0,0.42,0.43,0.57,0.58,max,88.0,0,1.85,real_measured,0.1545,estimated,2026-09-22T15:32:31.103340+00:00
KXHIGHTOKC,KXHIGHTOKC-26SEP22-B84.5,Oklahoma City Maximum High Temperature,KOKC,2026-09-22,between,84.0,85.0,0.36,0.37,0.63,0.64,max,88.0,0,1.85,real_measured,0.0372,estimated,2026-09-22T15:32:31.103340+00:00
KXHIGHTPHX,KXHIGHTPHX-26SEP23-T93,Phoenix High Temperature Daily,KPHX,2026-09-23,less,,93.0,0.01,0.02,0.98,0.99,max,97.0,1,1.74,real_measured,0.0108,estimated,2026-09-22T15:32:31.103340+00:00
KXHIGHTPHX,KXHIGHTPHX-26SEP23-T100,Phoenix High Temperature Daily,KPHX,2026-09-23,greater,100.0,,0.03,0.13,0.87,0.97,max,97.0,1,1.74,real_measured,0.0425,estimated,2026-09-22T15:32:31.103340+00:00
KXHIGHTPHX,KXHIGHTPHX-26SEP23-B99.5,Phoenix High Temperature Daily,KPHX,2026-09-23,between,99.0,100.0,0.27,0.31,0.69,0.73,max,97.0,1,1.74,real_measured,0.083,estimated,2026-09-22T15:32:31.103340+00:00
KXHIGHTPHX,KXHIGHTPHX-26SEP23-B97.5,Phoenix High Temperature Daily,KPHX,2026-09-23,between,97.0,98.0,0.35,0.4,0.6,0.65,max,97.0,1,1.74,real_measured,0.217,estimated,2026-09-22T15:32:31.103340+00:00
KXHIGHTPHX,KXHIGHTPHX-26SEP23-B95.5,Phoenix High Temperature Daily,KPHX,2026-09-23,between,95.0,96.0,0.22,0.26,0.74,0.78,max,97.0,1,1.74,real_measured,0.1575,estimated,2026-09-22T15:32:31.103340+00:00
KXHIGHTPHX,KXHIGHTPHX-26SEP23-B93.5,Phoenix High Temperature Daily,KPHX,2026-09-23,between,93.0,94.0,0.03,0.04,0.96,0.97,max,97.0,1,1.74,real_measured,0.0317,estimated,2026-09-22T15:32:31.103340+00:00
KXHIGHTPHX,KXHIGHTPHX-26SEP22-T96,Phoenix High Temperature Daily,KPHX,2026-09-22,less,,96.0,0.0,0.01,0.99,1.0,max,100.0,0,1.85,real_measured,0.0154,estimated,2026-09-22T15:32:31.103340+00:00
KXHIGHTPHX,KXHIGHTPHX-26SEP22-T103,Phoenix High Temperature Daily,KPHX,2026-09-22,greater,103.0,,0.0,0.01,0.99,1.0,max,100.0,0,1.85,real_measured,0.0526,estimated,2026-09-22T15:32:31.103340+00:00
KXHIGHTPHX,KXHIGHTPHX-26SEP22-B98.5,Phoenix High Temperature Daily,KPHX,2026-09-22,between,98.0,99.0,0.13,0.17,0.83,0.87,max,100.0,0,1.85,real_measured,0.1545,estimated,2026-09-22T15:32:31.103340+00:00
KXHIGHTPHX,KXHIGHTPHX-26SEP22-B96.5,Phoenix High Temperature Daily,KPHX,2026-09-22,between,96.0,97.0,0.02,0.05,0.95,0.98,max,100.0,0,1.85,real_measured,0.0372,estimated,2026-09-22T15:32:31.103340+00:00
KXHIGHTPHX,KXHIGHTPHX-26SEP22-B102.5,Phoenix High Temperature Daily,KPHX,2026-09-22,between,102.0,103.0,0.16,0.17,0.83,0.84,max,100.0,0,1.85,real_measured,0.0874,estimated,2026-09-22T15:32:31.103340+00:00
KXHIGHTPHX,KXHIGHTPHX-26SEP22-B100.5,Phoenix High Temperature Daily,KPHX,2026-09-22,between,100.0,101.0,0.67,0.69,0.31,0.33,max,100.0,0,1.85,real_measured,0.2054,estimated,2026-09-22T15:32:31.103340+00:00
KXLOWTSAN,KXLOWTSAN-26SEP23-T69,Low Temperature San Diego,KSAN,2026-09-23,greater,69.0,,0.01,0.1,0.9,0.99,min,68.0,1,1.74,real_measured,0.283,estimated,2026-09-22T15:32:31.103340+00:00
KXLOWTSAN,KXLOWTSAN-26SEP23-T62,Low Temperature San Diego,KSAN,2026-09-23,less,,62.0,0.0,0.1,0.9,1.0,min,68.0,1,1.74,real_measured,0.0003,estimated,2026-09-22T15:32:31.103340+00:00
KXLOWTSAN,KXLOWTSAN-26SEP23-B68.5,Low Temperature San Diego,KSAN,2026-09-23,between,68.0,69.0,0.43,0.63,0.37,0.57,min,68.0,1,1.74,real_measured,0.217,estimated,2026-09-22T15:32:31.103340+00:00
KXLOWTSAN,KXLOWTSAN-26SEP23-B66.5,Low Temperature San Diego,KSAN,2026-09-23,between,66.0,67.0,0.12,0.23,0.77,0.88,min,68.0,1,1.74,real_measured,0.1575,estimated,2026-09-22T15:32:31.103340+00:00
KXLOWTSAN,KXLOWTSAN-26SEP23-B64.5,Low Temperature San Diego,KSAN,2026-09-23,between,64.0,65.0,0.01,0.1,0.9,0.99,min,68.0,1,1.74,real_measured,0.0317,estimated,2026-09-22T15:32:31.103340+00:00
KXLOWTSAN,KXLOWTSAN-26SEP23-B62.5,Low Temperature San Diego,KSAN,2026-09-23,between,62.0,63.0,0.01,0.1,0.9,0.99,min,68.0,1,1.74,real_measured,0.0018,estimated,2026-09-22T15:32:31.103340+00:00
KXLOWTSAN,KXLOWTSAN-26SEP22-T67,Low Temperature San Diego,KSAN,2026-09-22,greater,67.0,,0.88,0.99,0.01,0.12,min,68.0,0,1.85,real_measured,0.7054,estimated,2026-09-22T15:32:31.103340+00:00
KXLOWTSAN,KXLOWTSAN-26SEP22-T60,Low Temperature San Diego,KSAN,2026-09-22,less,,60.0,0.0,0.03,0.97,1.0,min,68.0,0,1.85,real_measured,0.0,estimated,2026-09-22T15:32:31.103340+00:00
KXLOWTSAN,KXLOWTSAN-26SEP22-B66.5,Low Temperature San Diego,KSAN,2026-09-22,between,66.0,67.0,0.02,0.12,0.88,0.98,min,68.0,0,1.85,real_measured,0.1545,estimated,2026-09-22T15:32:31.103340+00:00
KXLOWTSAN,KXLOWTSAN-26SEP22-B64.5,Low Temperature San Diego,KSAN,2026-09-22,between,64.0,65.0,0.01,0.1,0.9,0.99,min,68.0,0,1.85,real_measured,0.0372,estimated,2026-09-22T15:32:31.103340+00:00
KXLOWTSAN,KXLOWTSAN-26SEP22-B62.5,Low Temperature San Diego,KSAN,2026-09-22,between,62.0,63.0,0.0,0.09,0.91,1.0,min,68.0,0,1.85,real_measured,0.0029,estimated,2026-09-22T15:32:31.103340+00:00
KXLOWTSAN,KXLOWTSAN-26SEP22-B60.5,Low Temperature San Diego,KSAN,2026-09-22,between,60.0,61.0,0.0,0.1,0.9,1.0,min,68.0,0,1.85,real_measured,0.0001,estimated,2026-09-22T15:32:31.103340+00:00
KXHIGHTLV,KXHIGHTLV-26SEP23-T98,Las Vegas Max Daily Temperature,KLAS,2026-09-23,greater,98.0,,0.0,0.02,0.98,1.0,max,93.0,1,1.74,real_measured,0.0021,estimated,2026-09-22T15:32:31.103340+00:00
KXHIGHTLV,KXHIGHTLV-26SEP23-T91,Las Vegas Max Daily Temperature,KLAS,2026-09-23,less,,91.0,0.01,0.02,0.98,0.99,max,93.0,1,1.74,real_measured,0.1255,estimated,2026-09-22T15:32:31.103340+00:00
KXHIGHTLV,KXHIGHTLV-26SEP23-B97.5,Las Vegas Max Daily Temperature,KLAS,2026-09-23,between,97.0,98.0,0.01,0.02,0.98,0.99,max,93.0,1,1.74,real_measured,0.0088,estimated,2026-09-22T15:32:31.103340+00:00
KXHIGHTLV,KXHIGHTLV-26SEP23-B95.5,Las Vegas Max Daily Temperature,KLAS,2026-09-23,between,95.0,96.0,0.14,0.17,0.83,0.86,max,93.0,1,1.74,real_measured,0.083,estimated,2026-09-22T15:32:31.103340+00:00
KXHIGHTLV,KXHIGHTLV-26SEP23-B93.5,Las Vegas Max Daily Temperature,KLAS,2026-09-23,between,93.0,94.0,0.58,0.61,0.39,0.42,max,93.0,1,1.74,real_measured,0.217,estimated,2026-09-22T15:32:31.103340+00:00
KXHIGHTLV,KXHIGHTLV-26SEP23-B91.5,Las Vegas Max Daily Temperature,KLAS,2026-09-23,between,91.0,92.0,0.19,0.25,0.75,0.81,max,93.0,1,1.74,real_measured,0.1575,estimated,2026-09-22T15:32:31.103340+00:00
KXHIGHTLV,KXHIGHTLV-26SEP22-T95,Las Vegas Max Daily Temperature,KLAS,2026-09-22,greater,95.0,,0.0,0.01,0.99,1.0,max,93.0,0,1.85,real_measured,0.14,estimated,2026-09-22T15:32:31.103340+00:00
KXHIGHTLV,KXHIGHTLV-26SEP22-T88,Las Vegas Max Daily Temperature,KLAS,2026-09-22,less,,88.0,0.0,0.01,0.99,1.0,max,93.0,0,1.85,real_measured,0.0035,estimated,2026-09-22T15:32:31.103340+00:00
KXHIGHTLV,KXHIGHTLV-26SEP22-B94.5,Las Vegas Max Daily Temperature,KLAS,2026-09-22,between,94.0,95.0,0.0,0.01,0.99,1.0,max,93.0,0,1.85,real_measured,0.1545,estimated,2026-09-22T15:32:31.103340+00:00
KXHIGHTLV,KXHIGHTLV-26SEP22-B92.5,Las Vegas Max Daily Temperature,KLAS,2026-09-22,between,92.0,93.0,0.02,0.04,0.96,0.98,max,93.0,0,1.85,real_measured,0.2054,estimated,2026-09-22T15:32:31.103340+00:00
KXHIGHTLV,KXHIGHTLV-26SEP22-B90.5,Las Vegas Max Daily Temperature,KLAS,2026-09-22,between,90.0,91.0,0.64,0.65,0.35,0.36,max,93.0,0,1.85,real_measured,0.0874,estimated,2026-09-22T15:32:31.103340+00:00
KXHIGHTLV,KXHIGHTLV-26SEP22-B88.5,Las Vegas Max Daily Temperature,KLAS,2026-09-22,between,88.0,89.0,0.35,0.36,0.64,0.65,max,93.0,0,1.85,real_measured,0.0119,estimated,2026-09-22T15:32:31.103340+00:00
KXLOWTNYC,KXLOWTNYC-26SEP23-T57,Lowest temperature in NYC,KNYC,2026-09-23,greater,57.0,,0.03,0.11,0.89,0.97,min,53.0,1,1.74,real_measured,0.0108,estimated,2026-09-22T15:32:31.103340+00:00
KXLOWTNYC,KXLOWTNYC-26SEP23-T50,Lowest temperature in NYC,KNYC,2026-09-23,less,,50.0,0.02,0.08,0.92,0.98,min,53.0,1,1.74,real_measured,0.0425,estimated,2026-09-22T15:32:31.103340+00:00
KXLOWTNYC,KXLOWTNYC-26SEP23-B56.5,Lowest temperature in NYC,KNYC,2026-09-23,between,56.0,57.0,0.14,0.24,0.76,0.86,min,53.0,1,1.74,real_measured,0.0317,estimated,2026-09-22T15:32:31.103340+00:00
KXLOWTNYC,KXLOWTNYC-26SEP23-B54.5,Lowest temperature in NYC,KNYC,2026-09-23,between,54.0,55.0,0.25,0.44,0.56,0.75,min,53.0,1,1.74,real_measured,0.1575,estimated,2026-09-22T15:32:31.103340+00:00
KXLOWTNYC,KXLOWTNYC-26SEP23-B52.5,Lowest temperature in NYC,KNYC,2026-09-23,between,52.0,53.0,0.2,0.31,0.69,0.8,min,53.0,1,1.74,real_measured,0.217,estimated,2026-09-22T15:32:31.103340+00:00
KXLOWTNYC,KXLOWTNYC-26SEP23-B50.5,Lowest temperature in NYC,KNYC,2026-09-23,between,50.0,51.0,0.05,0.25,0.75,0.95,min,53.0,1,1.74,real_measured,0.083,estimated,2026-09-22T15:32:31.103340+00:00
KXLOWTNYC,KXLOWTNYC-26SEP22-T60,Lowest temperature in NYC,KNYC,2026-09-22,greater,60.0,,0.0,0.01,0.99,1.0,min,60.0,0,1.85,real_measured,0.5,estimated,2026-09-22T15:32:31.103340+00:00
KXLOWTNYC,KXLOWTNYC-26SEP22-T53,Lowest temperature in NYC,KNYC,2026-09-22,less,,53.0,0.0,0.03,0.97,1.0,min,60.0,0,1.85,real_measured,0.0001,estimated,2026-09-22T15:32:31.103340+00:00
KXLOWTNYC,KXLOWTNYC-26SEP22-B59.5,Lowest temperature in NYC,KNYC,2026-09-22,between,59.0,60.0,0.12,0.38,0.62,0.88,min,60.0,0,1.85,real_measured,0.2054,estimated,2026-09-22T15:32:31.103340+00:00
KXLOWTNYC,KXLOWTNYC-26SEP22-B57.5,Lowest temperature in NYC,KNYC,2026-09-22,between,57.0,58.0,0.24,0.59,0.41,0.76,min,60.0,0,1.85,real_measured,0.0874,estimated,2026-09-22T15:32:31.103340+00:00
KXLOWTNYC,KXLOWTNYC-26SEP22-B55.5,Lowest temperature in NYC,KNYC,2026-09-22,between,55.0,56.0,0.32,0.71,0.29,0.68,min,60.0,0,1.85,real_measured,0.0119,estimated,2026-09-22T15:32:31.103340+00:00
KXLOWTNYC,KXLOWTNYC-26SEP22-B53.5,Lowest temperature in NYC,KNYC,2026-09-22,between,53.0,54.0,0.01,0.05,0.95,0.99,min,60.0,0,1.85,real_measured,0.0005,estimated,2026-09-22T15:32:31.103340+00:00
KXHIGHPHIL,KXHIGHPHIL-26SEP23-T71,Highest temperature in Philadelphia,KPHL,2026-09-23,greater,71.0,,0.03,0.05,0.95,0.97,max,67.0,1,1.74,real_measured,0.0108,estimated,2026-09-22T15:32:31.103340+00:00
KXHIGHPHIL,KXHIGHPHIL-26SEP23-T64,Highest temperature in Philadelphia,KPHL,2026-09-23,less,,64.0,0.01,0.02,0.98,0.99,max,67.0,1,1.74,real_measured,0.0425,estimated,2026-09-22T15:32:31.103340+00:00
KXHIGHPHIL,KXHIGHPHIL-26SEP23-B70.5,Highest temperature in Philadelphia,KPHL,2026-09-23,between,70.0,71.0,0.33,0.34,0.66,0.67,max,67.0,1,1.74,real_measured,0.0317,estimated,2026-09-22T15:32:31.103340+00:00
KXHIGHPHIL,KXHIGHPHIL-26SEP23-B68.5,Highest temperature in Philadelphia,KPHL,2026-09-23,between,68.0,69.0,0.46,0.5,0.5,0.54,max,67.0,1,1.74,real_measured,0.1575,estimated,2026-09-22T15:32:31.103340+00:00
KXHIGHPHIL,KXHIGHPHIL-26SEP23-B66.5,Highest temperature in Philadelphia,KPHL,2026-09-23,between,66.0,67.0,0.11,0.12,0.88,0.89,max,67.0,1,1.74,real_measured,0.217,estimated,2026-09-22T15:32:31.103340+00:00
KXHIGHPHIL,KXHIGHPHIL-26SEP23-B64.5,Highest temperature in Philadelphia,KPHL,2026-09-23,between,64.0,65.0,0.02,0.03,0.97,0.98,max,67.0,1,1.74,real_measured,0.083,estimated,2026-09-22T15:32:31.103340+00:00
KXHIGHPHIL,KXHIGHPHIL-26SEP22-T69,Highest temperature in Philadelphia,KPHL,2026-09-22,greater,69.0,,0.02,0.03,0.97,0.98,max,63.0,0,1.85,real_measured,0.0006,estimated,2026-09-22T15:32:31.103340+00:00
KXHIGHPHIL,KXHIGHPHIL-26SEP22-T62,Highest temperature in Philadelphia,KPHL,2026-09-22,less,,62.0,0.0,0.01,0.99,1.0,max,63.0,0,1.85,real_measured,0.2946,estimated,2026-09-22T15:32:31.103340+00:00
KXHIGHPHIL,KXHIGHPHIL-26SEP22-B68.5,Highest temperature in Philadelphia,KPHL,2026-09-22,between,68.0,69.0,0.03,0.04,0.96,0.97,max,63.0,0,1.85,real_measured,0.0029,estimated,2026-09-22T15:32:31.103340+00:00
KXHIGHPHIL,KXHIGHPHIL-26SEP22-B66.5,Highest temperature in Philadelphia,KPHL,2026-09-22,between,66.0,67.0,0.37,0.4,0.6,0.63,max,63.0,0,1.85,real_measured,0.0372,estimated,2026-09-22T15:32:31.103340+00:00
KXHIGHPHIL,KXHIGHPHIL-26SEP22-B64.5,Highest temperature in Philadelphia,KPHL,2026-09-22,between,64.0,65.0,0.49,0.53,0.47,0.51,max,63.0,0,1.85,real_measured,0.1545,estimated,2026-09-22T15:32:31.103340+00:00
KXHIGHPHIL,KXHIGHPHIL-26SEP22-B62.5,Highest temperature in Philadelphia,KPHL,2026-09-22,between,62.0,63.0,0.0,0.01,0.99,1.0,max,63.0,0,1.85,real_measured,0.2054,estimated,2026-09-22T15:32:31.103340+00:00
KXLOWTAUS,KXLOWTAUS-26SEP23-T77,Lowest temperature in Austin,KAUS,2026-09-23,greater,77.0,,0.02,0.06,0.94,0.98,min,74.0,1,1.74,real_measured,0.0425,estimated,2026-09-22T15:32:31.103340+00:00
KXLOWTAUS,KXLOWTAUS-26SEP23-T70,Lowest temperature in Austin,KAUS,2026-09-23,less,,70.0,0.08,0.09,0.91,0.92,min,74.0,1,1.74,real_measured,0.0108,estimated,2026-09-22T15:32:31.103340+00:00
KXLOWTAUS,KXLOWTAUS-26SEP23-B76.5,Lowest temperature in Austin,KAUS,2026-09-23,between,76.0,77.0,0.04,0.09,0.91,0.96,min,74.0,1,1.74,real_measured,0.083,estimated,2026-09-22T15:32:31.103340+00:00
KXLOWTAUS,KXLOWTAUS-26SEP23-B74.5,Lowest temperature in Austin,KAUS,2026-09-23,between,74.0,75.0,0.13,0.24,0.76,0.87,min,74.0,1,1.74,real_measured,0.217,estimated,2026-09-22T15:32:31.103340+00:00
KXLOWTAUS,KXLOWTAUS-26SEP23-B72.5,Lowest temperature in Austin,KAUS,2026-09-23,between,72.0,73.0,0.3,0.43,0.57,0.7,min,74.0,1,1.74,real_measured,0.1575,estimated,2026-09-22T15:32:31.103340+00:00
KXLOWTAUS,KXLOWTAUS-26SEP23-B70.5,Lowest temperature in Austin,KAUS,2026-09-23,between,70.0,71.0,0.22,0.33,0.67,0.78,min,74.0,1,1.74,real_measured,0.0317,estimated,2026-09-22T15:32:31.103340+00:00
KXLOWTAUS,KXLOWTAUS-26SEP22-T76,Lowest temperature in Austin,KAUS,2026-09-22,greater,76.0,,0.0,0.01,0.99,1.0,min,73.0,0,1.85,real_measured,0.0526,estimated,2026-09-22T15:32:31.103340+00:00
KXLOWTAUS,KXLOWTAUS-26SEP22-T69,Lowest temperature in Austin,KAUS,2026-09-22,less,,69.0,0.0,0.01,0.99,1.0,min,73.0,0,1.85,real_measured,0.0154,estimated,2026-09-22T15:32:31.103340+00:00
KXLOWTAUS,KXLOWTAUS-26SEP22-B75.5,Lowest temperature in Austin,KAUS,2026-09-22,between,75.0,76.0,0.0,0.01,0.99,1.0,min,73.0,0,1.85,real_measured,0.0874,estimated,2026-09-22T15:32:31.103340+00:00
KXLOWTAUS,KXLOWTAUS-26SEP22-B73.5,Lowest temperature in Austin,KAUS,2026-09-22,between,73.0,74.0,0.0,0.01,0.99,1.0,min,73.0,0,1.85,real_measured,0.2054,estimated,2026-09-22T15:32:31.103340+00:00
KXLOWTAUS,KXLOWTAUS-26SEP22-B71.5,Lowest temperature in Austin,KAUS,2026-09-22,between,71.0,72.0,0.98,1.0,0.0,0.02,min,73.0,0,1.85,real_measured,0.1545,estimated,2026-09-22T15:32:31.103340+00:00
KXLOWTAUS,KXLOWTAUS-26SEP22-B69.5,Lowest temperature in Austin,KAUS,2026-09-22,between,69.0,70.0,0.0,0.01,0.99,1.0,min,73.0,0,1.85,real_measured,0.0372,estimated,2026-09-22T15:32:31.103340+00:00
KXLOWTEWR,KXLOWTEWR-26SEP23-T55,"Newark, NJ (EWR) Daily Low Temp",KEWR,2026-09-23,greater,55.0,,0.14,0.33,0.67,0.86,min,54.0,1,1.74,real_measured,0.283,estimated,2026-09-22T15:32:31.103340+00:00
KXLOWTEWR,KXLOWTEWR-26SEP23-T48,"Newark, NJ (EWR) Daily Low Temp",KEWR,2026-09-23,less,,48.0,0.01,0.1,0.9,0.99,min,54.0,1,1.74,real_measured,0.0003,estimated,2026-09-22T15:32:31.103340+00:00
KXLOWTEWR,KXLOWTEWR-26SEP23-B54.5,"Newark, NJ (EWR) Daily Low Temp",KEWR,2026-09-23,between,54.0,55.0,0.24,0.43,0.57,0.76,min,54.0,1,1.74,real_measured,0.217,estimated,2026-09-22T15:32:31.103340+00:00
KXLOWTEWR,KXLOWTEWR-26SEP23-B52.5,"Newark, NJ (EWR) Daily Low Temp",KEWR,2026-09-23,between,52.0,53.0,0.17,0.36,0.64,0.83,min,54.0,1,1.74,real_measured,0.1575,estimated,2026-09-22T15:32:31.103340+00:00
KXLOWTEWR,KXLOWTEWR-26SEP23-B50.5,"Newark, NJ (EWR) Daily Low Temp",KEWR,2026-09-23,between,50.0,51.0,0.02,0.2,0.8,0.98,min,54.0,1,1.74,real_measured,0.0317,estimated,2026-09-22T15:32:31.103340+00:00
KXLOWTEWR,KXLOWTEWR-26SEP23-B48.5,"Newark, NJ (EWR) Daily Low Temp",KEWR,2026-09-23,between,48.0,49.0,0.01,0.12,0.88,0.99,min,54.0,1,1.74,real_measured,0.0018,estimated,2026-09-22T15:32:31.103340+00:00
KXLOWTEWR,KXLOWTEWR-26SEP22-T60,"Newark, NJ (EWR) Daily Low Temp",KEWR,2026-09-22,greater,60.0,,0.0,0.01,0.99,1.0,min,59.0,0,1.85,real_measured,0.2946,estimated,2026-09-22T15:32:31.103340+00:00
KXLOWTEWR,KXLOWTEWR-26SEP22-T53,"Newark, NJ (EWR) Daily Low Temp",KEWR,2026-09-22,less,,53.0,0.0,0.04,0.96,1.0,min,59.0,0,1.85,real_measured,0.0006,estimated,2026-09-22T15:32:31.103340+00:00
KXLOWTEWR,KXLOWTEWR-26SEP22-B59.5,"Newark, NJ (EWR) Daily Low Temp",KEWR,2026-09-22,between,59.0,60.0,0.0,0.01,0.99,1.0,min,59.0,0,1.85,real_measured,0.2054,estimated,2026-09-22T15:32:31.103340+00:00
KXLOWTEWR,KXLOWTEWR-26SEP22-B57.5,"Newark, NJ (EWR) Daily Low Temp",KEWR,2026-09-22,between,57.0,58.0,0.84,0.95,0.05,0.16,min,59.0,0,1.85,real_measured,0.1545,estimated,2026-09-22T15:32:31.103340+00:00
KXLOWTEWR,KXLOWTEWR-26SEP22-B55.5,"Newark, NJ (EWR) Daily Low Temp",KEWR,2026-09-22,between,55.0,56.0,0.06,0.16,0.84,0.94,min,59.0,0,1.85,real_measured,0.0372,estimated,2026-09-22T15:32:31.103340+00:00
KXLOWTEWR,KXLOWTEWR-26SEP22-B53.5,"Newark, NJ (EWR) Daily Low Temp",KEWR,2026-09-22,between,53.0,54.0,0.0,0.09,0.91,1.0,min,59.0,0,1.85,real_measured,0.0029,estimated,2026-09-22T15:32:31.103340+00:00
KXLOWTSEA,KXLOWTSEA-26SEP23-T52,Low Temperature Seattle,KSEA,2026-09-23,greater,52.0,,0.19,0.33,0.67,0.81,min,51.0,1,1.74,real_measured,0.283,estimated,2026-09-22T15:32:31.103340+00:00
KXLOWTSEA,KXLOWTSEA-26SEP23-T45,Low Temperature Seattle,KSEA,2026-09-23,less,,45.0,0.0,0.01,0.99,1.0,min,51.0,1,1.74,real_measured,0.0003,estimated,2026-09-22T15:32:31.103340+00:00
KXLOWTSEA,KXLOWTSEA-26SEP23-B51.5,Low Temperature Seattle,KSEA,2026-09-23,between,51.0,52.0,0.49,0.59,0.41,0.51,min,51.0,1,1.74,real_measured,0.217,estimated,2026-09-22T15:32:31.103340+00:00
KXLOWTSEA,KXLOWTSEA-26SEP23-B49.5,Low Temperature Seattle,KSEA,2026-09-23,between,49.0,50.0,0.09,0.24,0.76,0.91,min,51.0,1,1.74,real_measured,0.1575,estimated,2026-09-22T15:32:31.103340+00:00
KXLOWTSEA,KXLOWTSEA-26SEP23-B47.5,Low Temperature Seattle,KSEA,2026-09-23,between,47.0,48.0,0.01,0.08,0.92,0.99,min,51.0,1,1.74,real_measured,0.0317,estimated,2026-09-22T15:32:31.103340+00:00
KXLOWTSEA,KXLOWTSEA-26SEP23-B45.5,Low Temperature Seattle,KSEA,2026-09-23,between,45.0,46.0,0.01,0.05,0.95,0.99,min,51.0,1,1.74,real_measured,0.0018,estimated,2026-09-22T15:32:31.103340+00:00
KXLOWTSEA,KXLOWTSEA-26SEP22-T55,Low Temperature Seattle,KSEA,2026-09-22,greater,55.0,,0.12,0.31,0.69,0.88,min,54.0,0,1.85,real_measured,0.2946,estimated,2026-09-22T15:32:31.103340+00:00
KXLOWTSEA,KXLOWTSEA-26SEP22-T48,Low Temperature Seattle,KSEA,2026-09-22,less,,48.0,0.0,0.01,0.99,1.0,min,54.0,0,1.85,real_measured,0.0006,estimated,2026-09-22T15:32:31.103340+00:00
KXLOWTSEA,KXLOWTSEA-26SEP22-B54.5,Low Temperature Seattle,KSEA,2026-09-22,between,54.0,55.0,0.61,0.74,0.26,0.39,min,54.0,0,1.85,real_measured,0.2054,estimated,2026-09-22T15:32:31.103340+00:00
KXLOWTSEA,KXLOWTSEA-26SEP22-B52.5,Low Temperature Seattle,KSEA,2026-09-22,between,52.0,53.0,0.02,0.2,0.8,0.98,min,54.0,0,1.85,real_measured,0.1545,estimated,2026-09-22T15:32:31.103340+00:00
KXLOWTSEA,KXLOWTSEA-26SEP22-B50.5,Low Temperature Seattle,KSEA,2026-09-22,between,50.0,51.0,0.01,0.04,0.96,0.99,min,54.0,0,1.85,real_measured,0.0372,estimated,2026-09-22T15:32:31.103340+00:00
KXLOWTSEA,KXLOWTSEA-26SEP22-B48.5,Low Temperature Seattle,KSEA,2026-09-22,between,48.0,49.0,0.0,0.02,0.98,1.0,min,54.0,0,1.85,real_measured,0.0029,estimated,2026-09-22T15:32:31.103340+00:00
KXLOWTSFO,KXLOWTSFO-26SEP23-T58,Lowest Temperature San Francisco,KSFO,2026-09-23,greater,58.0,,0.01,0.07,0.93,0.99,min,55.0,1,1.74,real_measured,0.0425,estimated,2026-09-22T15:32:31.103340+00:00
KXLOWTSFO,KXLOWTSFO-26SEP23-T51,Lowest Temperature San Francisco,KSFO,2026-09-23,less,,51.0,0.01,0.07,0.93,0.99,min,55.0,1,1.74,real_measured,0.0108,estimated,2026-09-22T15:32:31.103340+00:00
KXLOWTSFO,KXLOWTSFO-26SEP23-B57.5,Lowest Temperature San Francisco,KSFO,2026-09-23,between,57.0,58.0,0.09,0.18,0.82,0.91,min,55.0,1,1.74,real_measured,0.083,estimated,2026-09-22T15:32:31.103340+00:00
KXLOWTSFO,KXLOWTSFO-26SEP23-B55.5,Lowest Temperature San Francisco,KSFO,2026-09-23,between,55.0,56.0,0.53,0.73,0.27,0.47,min,55.0,1,1.74,real_measured,0.217,estimated,2026-09-22T15:32:31.103340+00:00
KXLOWTSFO,KXLOWTSFO-26SEP23-B53.5,Lowest Temperature San Francisco,KSFO,2026-09-23,between,53.0,54.0,0.04,0.15,0.85,0.96,min,55.0,1,1.74,real_measured,0.1575,estimated,2026-09-22T15:32:31.103340+00:00
KXLOWTSFO,KXLOWTSFO-26SEP23-B51.5,Lowest Temperature San Francisco,KSFO,2026-09-23,between,51.0,52.0,0.01,0.08,0.92,0.99,min,55.0,1,1.74,real_measured,0.0317,estimated,2026-09-22T15:32:31.103340+00:00
KXLOWTSFO,KXLOWTSFO-26SEP22-T59,Lowest Temperature San Francisco,KSFO,2026-09-22,greater,59.0,,0.0,0.01,0.99,1.0,min,57.0,0,1.85,real_measured,0.14,estimated,2026-09-22T15:32:31.103340+00:00
KXLOWTSFO,KXLOWTSFO-26SEP22-T52,Lowest Temperature San Francisco,KSFO,2026-09-22,less,,52.0,0.0,0.02,0.98,1.0,min,57.0,0,1.85,real_measured,0.0035,estimated,2026-09-22T15:32:31.103340+00:00
KXLOWTSFO,KXLOWTSFO-26SEP22-B58.5,Lowest Temperature San Francisco,KSFO,2026-09-22,between,58.0,59.0,0.0,0.01,0.99,1.0,min,57.0,0,1.85,real_measured,0.1545,estimated,2026-09-22T15:32:31.103340+00:00
KXLOWTSFO,KXLOWTSFO-26SEP22-B56.5,Lowest Temperature San Francisco,KSFO,2026-09-22,between,56.0,57.0,0.86,0.93,0.07,0.14,min,57.0,0,1.85,real_measured,0.2054,estimated,2026-09-22T15:32:31.103340+00:00
KXLOWTSFO,KXLOWTSFO-26SEP22-B54.5,Lowest Temperature San Francisco,KSFO,2026-09-22,between,54.0,55.0,0.04,0.05,0.95,0.96,min,57.0,0,1.85,real_measured,0.0874,estimated,2026-09-22T15:32:31.103340+00:00
KXLOWTSFO,KXLOWTSFO-26SEP22-B52.5,Lowest Temperature San Francisco,KSFO,2026-09-22,between,52.0,53.0,0.0,0.05,0.95,1.0,min,57.0,0,1.85,real_measured,0.0119,estimated,2026-09-22T15:32:31.103340+00:00
KXLOWTMIA,KXLOWTMIA-26SEP23-T78,Lowest temperature in Miami,KMIA,2026-09-23,greater,78.0,,0.03,0.1,0.9,0.97,min,76.0,1,1.74,real_measured,0.1255,estimated,2026-09-22T15:32:31.103340+00:00
KXLOWTMIA,KXLOWTMIA-26SEP23-T71,Lowest temperature in Miami,KMIA,2026-09-23,less,,71.0,0.02,0.08,0.92,0.98,min,76.0,1,1.74,real_measured,0.0021,estimated,2026-09-22T15:32:31.103340+00:00
KXLOWTMIA,KXLOWTMIA-26SEP23-B77.5,Lowest temperature in Miami,KMIA,2026-09-23,between,77.0,78.0,0.12,0.22,0.78,0.88,min,76.0,1,1.74,real_measured,0.1575,estimated,2026-09-22T15:32:31.103340+00:00
KXLOWTMIA,KXLOWTMIA-26SEP23-B75.5,Lowest temperature in Miami,KMIA,2026-09-23,between,75.0,76.0,0.29,0.48,0.52,0.71,min,76.0,1,1.74,real_measured,0.217,estimated,2026-09-22T15:32:31.103340+00:00
KXLOWTMIA,KXLOWTMIA-26SEP23-B73.5,Lowest temperature in Miami,KMIA,2026-09-23,between,73.0,74.0,0.25,0.27,0.73,0.75,min,76.0,1,1.74,real_measured,0.083,estimated,2026-09-22T15:32:31.103340+00:00
KXLOWTMIA,KXLOWTMIA-26SEP23-B71.5,Lowest temperature in Miami,KMIA,2026-09-23,between,71.0,72.0,0.03,0.14,0.86,0.97,min,76.0,1,1.74,real_measured,0.0088,estimated,2026-09-22T15:32:31.103340+00:00
KXLOWTMIA,KXLOWTMIA-26SEP22-T78,Lowest temperature in Miami,KMIA,2026-09-22,greater,78.0,,0.0,0.01,0.99,1.0,min,77.0,0,1.85,real_measured,0.2946,estimated,2026-09-22T15:32:31.103340+00:00
KXLOWTMIA,KXLOWTMIA-26SEP22-T71,Lowest temperature in Miami,KMIA,2026-09-22,less,,71.0,0.0,0.02,0.98,1.0,min,77.0,0,1.85,real_measured,0.0006,estimated,2026-09-22T15:32:31.103340+00:00
KXLOWTMIA,KXLOWTMIA-26SEP22-B77.5,Lowest temperature in Miami,KMIA,2026-09-22,between,77.0,78.0,0.51,0.65,0.35,0.49,min,77.0,0,1.85,real_measured,0.2054,estimated,2026-09-22T15:32:31.103340+00:00
KXLOWTMIA,KXLOWTMIA-26SEP22-B75.5,Lowest temperature in Miami,KMIA,2026-09-22,between,75.0,76.0,0.22,0.24,0.76,0.78,min,77.0,0,1.85,real_measured,0.1545,estimated,2026-09-22T15:32:31.103340+00:00
KXLOWTMIA,KXLOWTMIA-26SEP22-B73.5,Lowest temperature in Miami,KMIA,2026-09-22,between,73.0,74.0,0.06,0.11,0.89,0.94,min,77.0,0,1.85,real_measured,0.0372,estimated,2026-09-22T15:32:31.103340+00:00
KXLOWTMIA,KXLOWTMIA-26SEP22-B71.5,Lowest temperature in Miami,KMIA,2026-09-22,between,71.0,72.0,0.01,0.06,0.94,0.99,min,77.0,0,1.85,real_measured,0.0029,estimated,2026-09-22T15:32:31.103340+00:00
