series_ticker,market_ticker,city_label,station_id,target_date,strike_type,floor_strike,cap_strike,yes_bid,yes_ask,no_bid,no_ask,forecast_kind,forecast_value_f,lead_days,model_sigma_f,sigma_source,model_prob_yes,model_status,pulled_at
KXHIGHTBOS,KXHIGHTBOS-26SEP22-T65,Boston Maximum Daily Temperature,KBOS,2026-09-22,greater,65.0,,0.01,0.02,0.98,0.99,max,61.0,1,1.73,real_measured,0.0103,estimated,2026-09-21T17:03:35.507851+00:00
KXHIGHTBOS,KXHIGHTBOS-26SEP22-T58,Boston Maximum Daily Temperature,KBOS,2026-09-22,less,,58.0,0.0,0.01,0.99,1.0,max,61.0,1,1.73,real_measured,0.0412,estimated,2026-09-21T17:03:35.507851+00:00
KXHIGHTBOS,KXHIGHTBOS-26SEP22-B64.5,Boston Maximum Daily Temperature,KBOS,2026-09-22,between,64.0,65.0,0.05,0.09,0.91,0.95,max,61.0,1,1.73,real_measured,0.0309,estimated,2026-09-21T17:03:35.507851+00:00
KXHIGHTBOS,KXHIGHTBOS-26SEP22-B62.5,Boston Maximum Daily Temperature,KBOS,2026-09-22,between,62.0,63.0,0.38,0.46,0.54,0.62,max,61.0,1,1.73,real_measured,0.1579,estimated,2026-09-21T17:03:35.507851+00:00
KXHIGHTBOS,KXHIGHTBOS-26SEP22-B60.5,Boston Maximum Daily Temperature,KBOS,2026-09-22,between,60.0,61.0,0.47,0.48,0.52,0.53,max,61.0,1,1.73,real_measured,0.2187,estimated,2026-09-21T17:03:35.507851+00:00
KXHIGHTBOS,KXHIGHTBOS-26SEP22-B58.5,Boston Maximum Daily Temperature,KBOS,2026-09-22,between,58.0,59.0,0.04,0.09,0.91,0.96,max,61.0,1,1.73,real_measured,0.0822,estimated,2026-09-21T17:03:35.507851+00:00
KXHIGHTBOS,KXHIGHTBOS-26SEP21-T69,Boston Maximum Daily Temperature,KBOS,2026-09-21,greater,69.0,,0.0,0.01,0.99,1.0,max,64.0,0,1.84,real_measured,0.0033,estimated,2026-09-21T17:03:35.507851+00:00
KXHIGHTBOS,KXHIGHTBOS-26SEP21-T62,Boston Maximum Daily Temperature,KBOS,2026-09-21,less,,62.0,0.0,0.01,0.99,1.0,max,64.0,0,1.84,real_measured,0.1385,estimated,2026-09-21T17:03:35.507851+00:00
KXHIGHTBOS,KXHIGHTBOS-26SEP21-B68.5,Boston Maximum Daily Temperature,KBOS,2026-09-21,between,68.0,69.0,0.03,0.04,0.96,0.97,max,64.0,0,1.84,real_measured,0.0116,estimated,2026-09-21T17:03:35.507851+00:00
KXHIGHTBOS,KXHIGHTBOS-26SEP21-B66.5,Boston Maximum Daily Temperature,KBOS,2026-09-21,between,66.0,67.0,0.78,0.85,0.15,0.22,max,64.0,0,1.84,real_measured,0.087,estimated,2026-09-21T17:03:35.507851+00:00
KXHIGHTBOS,KXHIGHTBOS-26SEP21-B64.5,Boston Maximum Daily Temperature,KBOS,2026-09-21,between,64.0,65.0,0.13,0.15,0.85,0.87,max,64.0,0,1.84,real_measured,0.2066,estimated,2026-09-21T17:03:35.507851+00:00
KXHIGHTBOS,KXHIGHTBOS-26SEP21-B62.5,Boston Maximum Daily Temperature,KBOS,2026-09-21,between,62.0,63.0,0.0,0.01,0.99,1.0,max,64.0,0,1.84,real_measured,0.1549,estimated,2026-09-21T17:03:35.507851+00:00
KXHIGHTNOLA,KXHIGHTNOLA-26SEP22-T97,New Orleans Max temp Daily,KMSY,2026-09-22,greater,97.0,,0.0,0.02,0.98,1.0,max,93.0,1,1.73,real_measured,0.0103,estimated,2026-09-21T17:03:35.507851+00:00
KXHIGHTNOLA,KXHIGHTNOLA-26SEP22-T90,New Orleans Max temp Daily,KMSY,2026-09-22,less,,90.0,0.08,0.14,0.86,0.92,max,93.0,1,1.73,real_measured,0.0412,estimated,2026-09-21T17:03:35.507851+00:00
KXHIGHTNOLA,KXHIGHTNOLA-26SEP22-B96.5,New Orleans Max temp Daily,KMSY,2026-09-22,between,96.0,97.0,0.01,0.03,0.97,0.99,max,93.0,1,1.73,real_measured,0.0309,estimated,2026-09-21T17:03:35.507851+00:00
KXHIGHTNOLA,KXHIGHTNOLA-26SEP22-B94.5,New Orleans Max temp Daily,KMSY,2026-09-22,between,94.0,95.0,0.08,0.17,0.83,0.92,max,93.0,1,1.73,real_measured,0.1579,estimated,2026-09-21T17:03:35.507851+00:00
KXHIGHTNOLA,KXHIGHTNOLA-26SEP22-B92.5,New Orleans Max temp Daily,KMSY,2026-09-22,between,92.0,93.0,0.39,0.44,0.56,0.61,max,93.0,1,1.73,real_measured,0.2187,estimated,2026-09-21T17:03:35.507851+00:00
KXHIGHTNOLA,KXHIGHTNOLA-26SEP22-B90.5,New Orleans Max temp Daily,KMSY,2026-09-22,between,90.0,91.0,0.35,0.43,0.57,0.65,max,93.0,1,1.73,real_measured,0.0822,estimated,2026-09-21T17:03:35.507851+00:00
KXHIGHTNOLA,KXHIGHTNOLA-26SEP21-T98,New Orleans Max temp Daily,KMSY,2026-09-21,greater,98.0,,0.0,0.01,0.99,1.0,max,93.0,0,1.84,real_measured,0.0033,estimated,2026-09-21T17:03:35.507851+00:00
KXHIGHTNOLA,KXHIGHTNOLA-26SEP21-T91,New Orleans Max temp Daily,KMSY,2026-09-21,less,,91.0,0.07,0.11,0.89,0.93,max,93.0,0,1.84,real_measured,0.1385,estimated,2026-09-21T17:03:35.507851+00:00
KXHIGHTNOLA,KXHIGHTNOLA-26SEP21-B97.5,New Orleans Max temp Daily,KMSY,2026-09-21,between,97.0,98.0,0.0,0.01,0.99,1.0,max,93.0,0,1.84,real_measured,0.0116,estimated,2026-09-21T17:03:35.507851+00:00
KXHIGHTNOLA,KXHIGHTNOLA-26SEP21-B95.5,New Orleans Max temp Daily,KMSY,2026-09-21,between,95.0,96.0,0.02,0.04,0.96,0.98,max,93.0,0,1.84,real_measured,0.087,estimated,2026-09-21T17:03:35.507851+00:00
KXHIGHTNOLA,KXHIGHTNOLA-26SEP21-B93.5,New Orleans Max temp Daily,KMSY,2026-09-21,between,93.0,94.0,0.51,0.54,0.46,0.49,max,93.0,0,1.84,real_measured,0.2066,estimated,2026-09-21T17:03:35.507851+00:00
KXHIGHTNOLA,KXHIGHTNOLA-26SEP21-B91.5,New Orleans Max temp Daily,KMSY,2026-09-21,between,91.0,92.0,0.44,0.48,0.52,0.56,max,93.0,0,1.84,real_measured,0.1549,estimated,2026-09-21T17:03:35.507851+00:00
KXLOWTBOS,KXLOWTBOS-26SEP22-T58,Low Temperature Boston,KBOS,2026-09-22,greater,58.0,,0.02,0.07,0.93,0.98,min,54.0,1,1.73,real_measured,0.0103,estimated,2026-09-21T17:03:35.507851+00:00
KXLOWTBOS,KXLOWTBOS-26SEP22-T51,Low Temperature Boston,KBOS,2026-09-22,less,,51.0,0.0,0.02,0.98,1.0,min,54.0,1,1.73,real_measured,0.0412,estimated,2026-09-21T17:03:35.507851+00:00
KXLOWTBOS,KXLOWTBOS-26SEP22-B57.5,Low Temperature Boston,KBOS,2026-09-22,between,57.0,58.0,0.23,0.46,0.54,0.77,min,54.0,1,1.73,real_measured,0.0309,estimated,2026-09-21T17:03:35.507851+00:00
KXLOWTBOS,KXLOWTBOS-26SEP22-B55.5,Low Temperature Boston,KBOS,2026-09-22,between,55.0,56.0,0.36,0.47,0.53,0.64,min,54.0,1,1.73,real_measured,0.1579,estimated,2026-09-21T17:03:35.507851+00:00
KXLOWTBOS,KXLOWTBOS-26SEP22-B53.5,Low Temperature Boston,KBOS,2026-09-22,between,53.0,54.0,0.05,0.25,0.75,0.95,min,54.0,1,1.73,real_measured,0.2187,estimated,2026-09-21T17:03:35.507851+00:00
KXLOWTBOS,KXLOWTBOS-26SEP22-B51.5,Low Temperature Boston,KBOS,2026-09-22,between,51.0,52.0,0.02,0.04,0.96,0.98,min,54.0,1,1.73,real_measured,0.0822,estimated,2026-09-21T17:03:35.507851+00:00
KXLOWTBOS,KXLOWTBOS-26SEP21-T59,Low Temperature Boston,KBOS,2026-09-21,greater,59.0,,0.0,0.01,0.99,1.0,min,57.0,0,1.84,real_measured,0.1385,estimated,2026-09-21T17:03:35.507851+00:00
KXLOWTBOS,KXLOWTBOS-26SEP21-T52,Low Temperature Boston,KBOS,2026-09-21,less,,52.0,0.0,0.02,0.98,1.0,min,57.0,0,1.84,real_measured,0.0033,estimated,2026-09-21T17:03:35.507851+00:00
KXLOWTBOS,KXLOWTBOS-26SEP21-B58.5,Low Temperature Boston,KBOS,2026-09-21,between,58.0,59.0,0.0,0.01,0.99,1.0,min,57.0,0,1.84,real_measured,0.1549,estimated,2026-09-21T17:03:35.507851+00:00
KXLOWTBOS,KXLOWTBOS-26SEP21-B56.5,Low Temperature Boston,KBOS,2026-09-21,between,56.0,57.0,0.0,0.01,0.99,1.0,min,57.0,0,1.84,real_measured,0.2066,estimated,2026-09-21T17:03:35.507851+00:00
KXLOWTBOS,KXLOWTBOS-26SEP21-B54.5,Low Temperature Boston,KBOS,2026-09-21,between,54.0,55.0,0.99,1.0,0.0,0.01,min,57.0,0,1.84,real_measured,0.087,estimated,2026-09-21T17:03:35.507851+00:00
KXLOWTBOS,KXLOWTBOS-26SEP21-B52.5,Low Temperature Boston,KBOS,2026-09-21,between,52.0,53.0,0.0,0.02,0.98,1.0,min,57.0,0,1.84,real_measured,0.0116,estimated,2026-09-21T17:03:35.507851+00:00
KXHIGHTSATX,KXHIGHTSATX-26SEP22-T93,San Antonio Daily Maximum Temperature,KSAT,2026-09-22,less,,93.0,0.03,0.04,0.96,0.97,max,97.0,1,1.73,real_measured,0.0103,estimated,2026-09-21T17:03:35.507851+00:00
KXHIGHTSATX,KXHIGHTSATX-26SEP22-T100,San Antonio Daily Maximum Temperature,KSAT,2026-09-22,greater,100.0,,0.0,0.01,0.99,1.0,max,97.0,1,1.73,real_measured,0.0412,estimated,2026-09-21T17:03:35.507851+00:00
KXHIGHTSATX,KXHIGHTSATX-26SEP22-B99.5,San Antonio Daily Maximum Temperature,KSAT,2026-09-22,between,99.0,100.0,0.04,0.08,0.92,0.96,max,97.0,1,1.73,real_measured,0.0822,estimated,2026-09-21T17:03:35.507851+00:00
KXHIGHTSATX,KXHIGHTSATX-26SEP22-B97.5,San Antonio Daily Maximum Temperature,KSAT,2026-09-22,between,97.0,98.0,0.26,0.31,0.69,0.74,max,97.0,1,1.73,real_measured,0.2187,estimated,2026-09-21T17:03:35.507851+00:00
KXHIGHTSATX,KXHIGHTSATX-26SEP22-B95.5,San Antonio Daily Maximum Temperature,KSAT,2026-09-22,between,95.0,96.0,0.48,0.55,0.45,0.52,max,97.0,1,1.73,real_measured,0.1579,estimated,2026-09-21T17:03:35.507851+00:00
KXHIGHTSATX,KXHIGHTSATX-26SEP22-B93.5,San Antonio Daily Maximum Temperature,KSAT,2026-09-22,between,93.0,94.0,0.09,0.12,0.88,0.91,max,97.0,1,1.73,real_measured,0.0309,estimated,2026-09-21T17:03:35.507851+00:00
KXHIGHTSATX,KXHIGHTSATX-26SEP21-T96,San Antonio Daily Maximum Temperature,KSAT,2026-09-21,less,,96.0,0.04,0.05,0.95,0.96,max,96.0,0,1.84,real_measured,0.5,estimated,2026-09-21T17:03:35.507851+00:00
KXHIGHTSATX,KXHIGHTSATX-26SEP21-T103,San Antonio Daily Maximum Temperature,KSAT,2026-09-21,greater,103.0,,0.0,0.01,0.99,1.0,max,96.0,0,1.84,real_measured,0.0001,estimated,2026-09-21T17:03:35.507851+00:00
KXHIGHTSATX,KXHIGHTSATX-26SEP21-B98.5,San Antonio Daily Maximum Temperature,KSAT,2026-09-21,between,98.0,99.0,0.41,0.48,0.52,0.59,max,96.0,0,1.84,real_measured,0.087,estimated,2026-09-21T17:03:35.507851+00:00
KXHIGHTSATX,KXHIGHTSATX-26SEP21-B96.5,San Antonio Daily Maximum Temperature,KSAT,2026-09-21,between,96.0,97.0,0.49,0.5,0.5,0.51,max,96.0,0,1.84,real_measured,0.2066,estimated,2026-09-21T17:03:35.507851+00:00
KXHIGHTSATX,KXHIGHTSATX-26SEP21-B102.5,San Antonio Daily Maximum Temperature,KSAT,2026-09-21,between,102.0,103.0,0.0,0.01,0.99,1.0,max,96.0,0,1.84,real_measured,0.0005,estimated,2026-09-21T17:03:35.507851+00:00
KXHIGHTSATX,KXHIGHTSATX-26SEP21-B100.5,San Antonio Daily Maximum Temperature,KSAT,2026-09-21,between,100.0,101.0,0.0,0.01,0.99,1.0,max,96.0,0,1.84,real_measured,0.0116,estimated,2026-09-21T17:03:35.507851+00:00
KXHIGHMIA,KXHIGHMIA-26SEP22-T90,Highest temperature in Miami,KMIA,2026-09-22,greater,90.0,,0.03,0.04,0.96,0.97,max,87.0,1,1.73,real_measured,0.0412,estimated,2026-09-21T17:03:35.507851+00:00
KXHIGHMIA,KXHIGHMIA-26SEP22-T83,Highest temperature in Miami,KMIA,2026-09-22,less,,83.0,0.01,0.02,0.98,0.99,max,87.0,1,1.73,real_measured,0.0103,estimated,2026-09-21T17:03:35.507851+00:00
KXHIGHMIA,KXHIGHMIA-26SEP22-B89.5,Highest temperature in Miami,KMIA,2026-09-22,between,89.0,90.0,0.42,0.43,0.57,0.58,max,87.0,1,1.73,real_measured,0.0822,estimated,2026-09-21T17:03:35.507851+00:00
KXHIGHMIA,KXHIGHMIA-26SEP22-B87.5,Highest temperature in Miami,KMIA,2026-09-22,between,87.0,88.0,0.41,0.43,0.57,0.59,max,87.0,1,1.73,real_measured,0.2187,estimated,2026-09-21T17:03:35.507851+00:00
KXHIGHMIA,KXHIGHMIA-26SEP22-B85.5,Highest temperature in Miami,KMIA,2026-09-22,between,85.0,86.0,0.08,0.09,0.91,0.92,max,87.0,1,1.73,real_measured,0.1579,estimated,2026-09-21T17:03:35.507851+00:00
KXHIGHMIA,KXHIGHMIA-26SEP22-B83.5,Highest temperature in Miami,KMIA,2026-09-22,between,83.0,84.0,0.01,0.02,0.98,0.99,max,87.0,1,1.73,real_measured,0.0309,estimated,2026-09-21T17:03:35.507851+00:00
KXHIGHMIA,KXHIGHMIA-26SEP21-T91,Highest temperature in Miami,KMIA,2026-09-21,greater,91.0,,0.0,0.01,0.99,1.0,max,87.0,0,1.84,real_measured,0.0149,estimated,2026-09-21T17:03:35.507851+00:00
KXHIGHMIA,KXHIGHMIA-26SEP21-T84,Highest temperature in Miami,KMIA,2026-09-21,less,,84.0,0.0,0.01,0.99,1.0,max,87.0,0,1.84,real_measured,0.0515,estimated,2026-09-21T17:03:35.507851+00:00
KXHIGHMIA,KXHIGHMIA-26SEP21-B90.5,Highest temperature in Miami,KMIA,2026-09-21,between,90.0,91.0,0.0,0.01,0.99,1.0,max,87.0,0,1.84,real_measured,0.0367,estimated,2026-09-21T17:03:35.507851+00:00
KXHIGHMIA,KXHIGHMIA-26SEP21-B88.5,Highest temperature in Miami,KMIA,2026-09-21,between,88.0,89.0,0.68,0.71,0.29,0.32,max,87.0,0,1.84,real_measured,0.1549,estimated,2026-09-21T17:03:35.507851+00:00
KXHIGHMIA,KXHIGHMIA-26SEP21-B86.5,Highest temperature in Miami,KMIA,2026-09-21,between,86.0,87.0,0.31,0.32,0.68,0.69,max,87.0,0,1.84,real_measured,0.2066,estimated,2026-09-21T17:03:35.507851+00:00
KXHIGHMIA,KXHIGHMIA-26SEP21-B84.5,Highest temperature in Miami,KMIA,2026-09-21,between,84.0,85.0,0.0,0.01,0.99,1.0,max,87.0,0,1.84,real_measured,0.087,estimated,2026-09-21T17:03:35.507851+00:00
KXHIGHNY,KXHIGHNY-26SEP22-T70,Highest temperature in NYC,KNYC,2026-09-22,greater,70.0,,0.0,0.01,0.99,1.0,max,65.0,1,1.73,real_measured,0.0019,estimated,2026-09-21T17:03:35.507851+00:00
KXHIGHNY,KXHIGHNY-26SEP22-T63,Highest temperature in NYC,KNYC,2026-09-22,less,,63.0,0.18,0.2,0.8,0.82,max,65.0,1,1.73,real_measured,0.1234,estimated,2026-09-21T17:03:35.507851+00:00
KXHIGHNY,KXHIGHNY-26SEP22-B69.5,Highest temperature in NYC,KNYC,2026-09-22,between,69.0,70.0,0.01,0.02,0.98,0.99,max,65.0,1,1.73,real_measured,0.0084,estimated,2026-09-21T17:03:35.507851+00:00
KXHIGHNY,KXHIGHNY-26SEP22-B67.5,Highest temperature in NYC,KNYC,2026-09-22,between,67.0,68.0,0.06,0.07,0.93,0.94,max,65.0,1,1.73,real_measured,0.0822,estimated,2026-09-21T17:03:35.507851+00:00
KXHIGHNY,KXHIGHNY-26SEP22-B65.5,Highest temperature in NYC,KNYC,2026-09-22,between,65.0,66.0,0.28,0.29,0.71,0.72,max,65.0,1,1.73,real_measured,0.2187,estimated,2026-09-21T17:03:35.507851+00:00
KXHIGHNY,KXHIGHNY-26SEP22-B63.5,Highest temperature in NYC,KNYC,2026-09-22,between,63.0,64.0,0.44,0.45,0.55,0.56,max,65.0,1,1.73,real_measured,0.1579,estimated,2026-09-21T17:03:35.507851+00:00
KXHIGHNY,KXHIGHNY-26SEP21-T73,Highest temperature in NYC,KNYC,2026-09-21,greater,73.0,,0.0,0.01,0.99,1.0,max,71.0,0,1.84,real_measured,0.1385,estimated,2026-09-21T17:03:35.507851+00:00
KXHIGHNY,KXHIGHNY-26SEP21-T66,Highest temperature in NYC,KNYC,2026-09-21,less,,66.0,0.0,0.01,0.99,1.0,max,71.0,0,1.84,real_measured,0.0033,estimated,2026-09-21T17:03:35.507851+00:00
KXHIGHNY,KXHIGHNY-26SEP21-B72.5,Highest temperature in NYC,KNYC,2026-09-21,between,72.0,73.0,0.13,0.17,0.83,0.87,max,71.0,0,1.84,real_measured,0.1549,estimated,2026-09-21T17:03:35.507851+00:00
KXHIGHNY,KXHIGHNY-26SEP21-B70.5,Highest temperature in NYC,KNYC,2026-09-21,between,70.0,71.0,0.81,0.86,0.14,0.19,max,71.0,0,1.84,real_measured,0.2066,estimated,2026-09-21T17:03:35.507851+00:00
KXHIGHNY,KXHIGHNY-26SEP21-B68.5,Highest temperature in NYC,KNYC,2026-09-21,between,68.0,69.0,0.01,0.02,0.98,0.99,max,71.0,0,1.84,real_measured,0.087,estimated,2026-09-21T17:03:35.507851+00:00
KXHIGHNY,KXHIGHNY-26SEP21-B66.5,Highest temperature in NYC,KNYC,2026-09-21,between,66.0,67.0,0.0,0.01,0.99,1.0,max,71.0,0,1.84,real_measured,0.0116,estimated,2026-09-21T17:03:35.507851+00:00
KXHIGHAUS,KXHIGHAUS-26SEP22-T95,Highest temperature in Austin,KAUS,2026-09-22,less,,95.0,0.02,0.05,0.95,0.98,max,97.0,1,1.73,real_measured,0.1234,estimated,2026-09-21T17:03:35.507851+00:00
KXHIGHAUS,KXHIGHAUS-26SEP22-T102,Highest temperature in Austin,KAUS,2026-09-22,greater,102.0,,0.01,0.04,0.96,0.99,max,97.0,1,1.73,real_measured,0.0019,estimated,2026-09-21T17:03:35.507851+00:00
KXHIGHAUS,KXHIGHAUS-26SEP22-B99.5,Highest temperature in Austin,KAUS,2026-09-22,between,99.0,100.0,0.39,0.4,0.6,0.61,max,97.0,1,1.73,real_measured,0.0822,estimated,2026-09-21T17:03:35.507851+00:00
KXHIGHAUS,KXHIGHAUS-26SEP22-B97.5,Highest temperature in Austin,KAUS,2026-09-22,between,97.0,98.0,0.33,0.4,0.6,0.67,max,97.0,1,1.73,real_measured,0.2187,estimated,2026-09-21T17:03:35.507851+00:00
KXHIGHAUS,KXHIGHAUS-26SEP22-B95.5,Highest temperature in Austin,KAUS,2026-09-22,between,95.0,96.0,0.04,0.08,0.92,0.96,max,97.0,1,1.73,real_measured,0.1579,estimated,2026-09-21T17:03:35.507851+00:00
KXHIGHAUS,KXHIGHAUS-26SEP22-B101.5,Highest temperature in Austin,KAUS,2026-09-22,between,101.0,102.0,0.06,0.11,0.89,0.94,max,97.0,1,1.73,real_measured,0.0084,estimated,2026-09-21T17:03:35.507851+00:00
KXHIGHAUS,KXHIGHAUS-26SEP21-T95,Highest temperature in Austin,KAUS,2026-09-21,less,,95.0,0.0,0.02,0.98,1.0,max,98.0,0,1.84,real_measured,0.0515,estimated,2026-09-21T17:03:35.507851+00:00
KXHIGHAUS,KXHIGHAUS-26SEP21-T102,Highest temperature in Austin,KAUS,2026-09-21,greater,102.0,,0.0,0.01,0.99,1.0,max,98.0,0,1.84,real_measured,0.0149,estimated,2026-09-21T17:03:35.507851+00:00
KXHIGHAUS,KXHIGHAUS-26SEP21-B99.5,Highest temperature in Austin,KAUS,2026-09-21,between,99.0,100.0,0.68,0.69,0.31,0.32,max,98.0,0,1.84,real_measured,0.1549,estimated,2026-09-21T17:03:35.507851+00:00
KXHIGHAUS,KXHIGHAUS-26SEP21-B97.5,Highest temperature in Austin,KAUS,2026-09-21,between,97.0,98.0,0.1,0.12,0.88,0.9,max,98.0,0,1.84,real_measured,0.2066,estimated,2026-09-21T17:03:35.507851+00:00
KXHIGHAUS,KXHIGHAUS-26SEP21-B95.5,Highest temperature in Austin,KAUS,2026-09-21,between,95.0,96.0,0.01,0.02,0.98,0.99,max,98.0,0,1.84,real_measured,0.087,estimated,2026-09-21T17:03:35.507851+00:00
KXHIGHAUS,KXHIGHAUS-26SEP21-B101.5,Highest temperature in Austin,KAUS,2026-09-21,between,101.0,102.0,0.15,0.18,0.82,0.85,max,98.0,0,1.84,real_measured,0.0367,estimated,2026-09-21T17:03:35.507851+00:00
KXLOWTCHI,KXLOWTCHI-26SEP22-T57,Lowest Temperature Chicago,KMDW,2026-09-22,greater,57.0,,0.07,0.11,0.89,0.93,min,56.0,1,1.73,real_measured,0.2813,estimated,2026-09-21T17:03:35.507851+00:00
KXLOWTCHI,KXLOWTCHI-26SEP22-T50,Lowest Temperature Chicago,KMDW,2026-09-22,less,,50.0,0.01,0.04,0.96,0.99,min,56.0,1,1.73,real_measured,0.0003,estimated,2026-09-21T17:03:35.507851+00:00
KXLOWTCHI,KXLOWTCHI-26SEP22-B56.5,Lowest Temperature Chicago,KMDW,2026-09-22,between,56.0,57.0,0.41,0.58,0.42,0.59,min,56.0,1,1.73,real_measured,0.2187,estimated,2026-09-21T17:03:35.507851+00:00
KXLOWTCHI,KXLOWTCHI-26SEP22-B54.5,Lowest Temperature Chicago,KMDW,2026-09-22,between,54.0,55.0,0.25,0.33,0.67,0.75,min,56.0,1,1.73,real_measured,0.1579,estimated,2026-09-21T17:03:35.507851+00:00
KXLOWTCHI,KXLOWTCHI-26SEP22-B52.5,Lowest Temperature Chicago,KMDW,2026-09-22,between,52.0,53.0,0.06,0.12,0.88,0.94,min,56.0,1,1.73,real_measured,0.0309,estimated,2026-09-21T17:03:35.507851+00:00
KXLOWTCHI,KXLOWTCHI-26SEP22-B50.5,Lowest Temperature Chicago,KMDW,2026-09-22,between,50.0,51.0,0.02,0.07,0.93,0.98,min,56.0,1,1.73,real_measured,0.0016,estimated,2026-09-21T17:03:35.507851+00:00
KXLOWTCHI,KXLOWTCHI-26SEP21-T61,Lowest Temperature Chicago,KMDW,2026-09-21,greater,61.0,,0.0,0.01,0.99,1.0,min,59.0,0,1.84,real_measured,0.1385,estimated,2026-09-21T17:03:35.507851+00:00
KXLOWTCHI,KXLOWTCHI-26SEP21-T54,Lowest Temperature Chicago,KMDW,2026-09-21,less,,54.0,0.0,0.01,0.99,1.0,min,59.0,0,1.84,real_measured,0.0033,estimated,2026-09-21T17:03:35.507851+00:00
KXLOWTCHI,KXLOWTCHI-26SEP21-B60.5,Lowest Temperature Chicago,KMDW,2026-09-21,between,60.0,61.0,0.0,0.01,0.99,1.0,min,59.0,0,1.84,real_measured,0.1549,estimated,2026-09-21T17:03:35.507851+00:00
KXLOWTCHI,KXLOWTCHI-26SEP21-B58.5,Lowest Temperature Chicago,KMDW,2026-09-21,between,58.0,59.0,0.81,0.9,0.1,0.19,min,59.0,0,1.84,real_measured,0.2066,estimated,2026-09-21T17:03:35.507851+00:00
KXLOWTCHI,KXLOWTCHI-26SEP21-B56.5,Lowest Temperature Chicago,KMDW,2026-09-21,between,56.0,57.0,0.09,0.14,0.86,0.91,min,59.0,0,1.84,real_measured,0.087,estimated,2026-09-21T17:03:35.507851+00:00
KXLOWTCHI,KXLOWTCHI-26SEP21-B54.5,Lowest Temperature Chicago,KMDW,2026-09-21,between,54.0,55.0,0.0,0.02,0.98,1.0,min,59.0,0,1.84,real_measured,0.0116,estimated,2026-09-21T17:03:35.507851+00:00
KXHIGHTSAN,KXHIGHTSAN-26SEP22-T79,High Temperature San Diego,KSAN,2026-09-22,greater,79.0,,0.16,0.27,0.73,0.84,max,78.0,1,1.73,real_measured,0.2813,estimated,2026-09-21T17:03:35.507851+00:00
KXHIGHTSAN,KXHIGHTSAN-26SEP22-T72,High Temperature San Diego,KSAN,2026-09-22,less,,72.0,0.03,0.04,0.96,0.97,max,78.0,1,1.73,real_measured,0.0003,estimated,2026-09-21T17:03:35.507851+00:00
KXHIGHTSAN,KXHIGHTSAN-26SEP22-B78.5,High Temperature San Diego,KSAN,2026-09-22,between,78.0,79.0,0.27,0.45,0.55,0.73,max,78.0,1,1.73,real_measured,0.2187,estimated,2026-09-21T17:03:35.507851+00:00
KXHIGHTSAN,KXHIGHTSAN-26SEP22-B76.5,High Temperature San Diego,KSAN,2026-09-22,between,76.0,77.0,0.3,0.42,0.58,0.7,max,78.0,1,1.73,real_measured,0.1579,estimated,2026-09-21T17:03:35.507851+00:00
KXHIGHTSAN,KXHIGHTSAN-26SEP22-B74.5,High Temperature San Diego,KSAN,2026-09-22,between,74.0,75.0,0.11,0.22,0.78,0.89,max,78.0,1,1.73,real_measured,0.0309,estimated,2026-09-21T17:03:35.507851+00:00
KXHIGHTSAN,KXHIGHTSAN-26SEP22-B72.5,High Temperature San Diego,KSAN,2026-09-22,between,72.0,73.0,0.03,0.11,0.89,0.97,max,78.0,1,1.73,real_measured,0.0016,estimated,2026-09-21T17:03:35.507851+00:00
KXHIGHTSAN,KXHIGHTSAN-26SEP21-T79,High Temperature San Diego,KSAN,2026-09-21,greater,79.0,,0.01,0.04,0.96,0.99,max,76.0,0,1.84,real_measured,0.0515,estimated,2026-09-21T17:03:35.507851+00:00
KXHIGHTSAN,KXHIGHTSAN-26SEP21-T72,High Temperature San Diego,KSAN,2026-09-21,less,,72.0,0.0,0.01,0.99,1.0,max,76.0,0,1.84,real_measured,0.0149,estimated,2026-09-21T17:03:35.507851+00:00
KXHIGHTSAN,KXHIGHTSAN-26SEP21-B78.5,High Temperature San Diego,KSAN,2026-09-21,between,78.0,79.0,0.08,0.22,0.78,0.92,max,76.0,0,1.84,real_measured,0.087,estimated,2026-09-21T17:03:35.507851+00:00
KXHIGHTSAN,KXHIGHTSAN-26SEP21-B76.5,High Temperature San Diego,KSAN,2026-09-21,between,76.0,77.0,0.5,0.61,0.39,0.5,max,76.0,0,1.84,real_measured,0.2066,estimated,2026-09-21T17:03:35.507851+00:00
KXHIGHTSAN,KXHIGHTSAN-26SEP21-B74.5,High Temperature San Diego,KSAN,2026-09-21,between,74.0,75.0,0.26,0.28,0.72,0.74,max,76.0,0,1.84,real_measured,0.1549,estimated,2026-09-21T17:03:35.507851+00:00
KXHIGHTSAN,KXHIGHTSAN-26SEP21-B72.5,High Temperature San Diego,KSAN,2026-09-21,between,72.0,73.0,0.02,0.04,0.96,0.98,max,76.0,0,1.84,real_measured,0.0367,estimated,2026-09-21T17:03:35.507851+00:00
KXLOWTEWR,KXLOWTEWR-26SEP22-T60,"Newark, NJ (EWR) Daily Low Temp",KEWR,2026-09-22,greater,60.0,,0.03,0.13,0.87,0.97,min,59.0,1,1.73,real_measured,0.2813,estimated,2026-09-21T17:03:35.507851+00:00
KXLOWTEWR,KXLOWTEWR-26SEP22-T53,"Newark, NJ (EWR) Daily Low Temp",KEWR,2026-09-22,less,,53.0,0.02,0.12,0.88,0.98,min,59.0,1,1.73,real_measured,0.0003,estimated,2026-09-21T17:03:35.507851+00:00
KXLOWTEWR,KXLOWTEWR-26SEP22-B59.5,"Newark, NJ (EWR) Daily Low Temp",KEWR,2026-09-22,between,59.0,60.0,0.06,0.24,0.76,0.94,min,59.0,1,1.73,real_measured,0.2187,estimated,2026-09-21T17:03:35.507851+00:00
KXLOWTEWR,KXLOWTEWR-26SEP22-B57.5,"Newark, NJ (EWR) Daily Low Temp",KEWR,2026-09-22,between,57.0,58.0,0.24,0.42,0.58,0.76,min,59.0,1,1.73,real_measured,0.1579,estimated,2026-09-21T17:03:35.507851+00:00
KXLOWTEWR,KXLOWTEWR-26SEP22-B55.5,"Newark, NJ (EWR) Daily Low Temp",KEWR,2026-09-22,between,55.0,56.0,0.24,0.42,0.58,0.76,min,59.0,1,1.73,real_measured,0.0309,estimated,2026-09-21T17:03:35.507851+00:00
KXLOWTEWR,KXLOWTEWR-26SEP22-B53.5,"Newark, NJ (EWR) Daily Low Temp",KEWR,2026-09-22,between,53.0,54.0,0.02,0.13,0.87,0.98,min,59.0,1,1.73,real_measured,0.0016,estimated,2026-09-21T17:03:35.507851+00:00
KXLOWTEWR,KXLOWTEWR-26SEP21-T61,"Newark, NJ (EWR) Daily Low Temp",KEWR,2026-09-21,greater,61.0,,0.0,0.01,0.99,1.0,min,60.0,0,1.84,real_measured,0.2934,estimated,2026-09-21T17:03:35.507851+00:00
KXLOWTEWR,KXLOWTEWR-26SEP21-T54,"Newark, NJ (EWR) Daily Low Temp",KEWR,2026-09-21,less,,54.0,0.0,0.01,0.99,1.0,min,60.0,0,1.84,real_measured,0.0006,estimated,2026-09-21T17:03:35.507851+00:00
KXLOWTEWR,KXLOWTEWR-26SEP21-B60.5,"Newark, NJ (EWR) Daily Low Temp",KEWR,2026-09-21,between,60.0,61.0,0.96,0.99,0.01,0.04,min,60.0,0,1.84,real_measured,0.2066,estimated,2026-09-21T17:03:35.507851+00:00
KXLOWTEWR,KXLOWTEWR-26SEP21-B58.5,"Newark, NJ (EWR) Daily Low Temp",KEWR,2026-09-21,between,58.0,59.0,0.01,0.04,0.96,0.99,min,60.0,0,1.84,real_measured,0.1549,estimated,2026-09-21T17:03:35.507851+00:00
KXLOWTEWR,KXLOWTEWR-26SEP21-B56.5,"Newark, NJ (EWR) Daily Low Temp",KEWR,2026-09-21,between,56.0,57.0,0.0,0.09,0.91,1.0,min,60.0,0,1.84,real_measured,0.0367,estimated,2026-09-21T17:03:35.507851+00:00
KXLOWTEWR,KXLOWTEWR-26SEP21-B54.5,"Newark, NJ (EWR) Daily Low Temp",KEWR,2026-09-21,between,54.0,55.0,0.0,0.09,0.91,1.0,min,60.0,0,1.84,real_measured,0.0027,estimated,2026-09-21T17:03:35.507851+00:00
KXLOWTSFO,KXLOWTSFO-26SEP22-T59,Lowest Temperature San Francisco,KSFO,2026-09-22,greater,59.0,,0.0,0.05,0.95,1.0,min,58.0,1,1.73,real_measured,0.2813,estimated,2026-09-21T17:03:35.507851+00:00
KXLOWTSFO,KXLOWTSFO-26SEP22-T52,Lowest Temperature San Francisco,KSFO,2026-09-22,less,,52.0,0.0,0.01,0.99,1.0,min,58.0,1,1.73,real_measured,0.0003,estimated,2026-09-21T17:03:35.507851+00:00
KXLOWTSFO,KXLOWTSFO-26SEP22-B58.5,Lowest Temperature San Francisco,KSFO,2026-09-22,between,58.0,59.0,0.31,0.34,0.66,0.69,min,58.0,1,1.73,real_measured,0.2187,estimated,2026-09-21T17:03:35.507851+00:00
KXLOWTSFO,KXLOWTSFO-26SEP22-B56.5,Lowest Temperature San Francisco,KSFO,2026-09-22,between,56.0,57.0,0.54,0.62,0.38,0.46,min,58.0,1,1.73,real_measured,0.1579,estimated,2026-09-21T17:03:35.507851+00:00
KXLOWTSFO,KXLOWTSFO-26SEP22-B54.5,Lowest Temperature San Francisco,KSFO,2026-09-22,between,54.0,55.0,0.05,0.07,0.93,0.95,min,58.0,1,1.73,real_measured,0.0309,estimated,2026-09-21T17:03:35.507851+00:00
KXLOWTSFO,KXLOWTSFO-26SEP22-B52.5,Lowest Temperature San Francisco,KSFO,2026-09-22,between,52.0,53.0,0.0,0.07,0.93,1.0,min,58.0,1,1.73,real_measured,0.0016,estimated,2026-09-21T17:03:35.507851+00:00
KXLOWTSFO,KXLOWTSFO-26SEP21-T60,Lowest Temperature San Francisco,KSFO,2026-09-21,greater,60.0,,0.0,0.01,0.99,1.0,min,58.0,0,1.84,real_measured,0.1385,estimated,2026-09-21T17:03:35.507851+00:00
KXLOWTSFO,KXLOWTSFO-26SEP21-T53,Lowest Temperature San Francisco,KSFO,2026-09-21,less,,53.0,0.0,0.01,0.99,1.0,min,58.0,0,1.84,real_measured,0.0033,estimated,2026-09-21T17:03:35.507851+00:00
KXLOWTSFO,KXLOWTSFO-26SEP21-B59.5,Lowest Temperature San Francisco,KSFO,2026-09-21,between,59.0,60.0,0.0,0.01,0.99,1.0,min,58.0,0,1.84,real_measured,0.1549,estimated,2026-09-21T17:03:35.507851+00:00
KXLOWTSFO,KXLOWTSFO-26SEP21-B57.5,Lowest Temperature San Francisco,KSFO,2026-09-21,between,57.0,58.0,0.9,0.99,0.01,0.1,min,58.0,0,1.84,real_measured,0.2066,estimated,2026-09-21T17:03:35.507851+00:00
KXLOWTSFO,KXLOWTSFO-26SEP21-B55.5,Lowest Temperature San Francisco,KSFO,2026-09-21,between,55.0,56.0,0.0,0.01,0.99,1.0,min,58.0,0,1.84,real_measured,0.087,estimated,2026-09-21T17:03:35.507851+00:00
KXLOWTSFO,KXLOWTSFO-26SEP21-B53.5,Lowest Temperature San Francisco,KSFO,2026-09-21,between,53.0,54.0,0.0,0.02,0.98,1.0,min,58.0,0,1.84,real_measured,0.0116,estimated,2026-09-21T17:03:35.507851+00:00
KXLOWTDAL,KXLOWTDAL-26SEP22-T76,Lowest temperature Dallas,KDFW,2026-09-22,greater,76.0,,0.03,0.08,0.92,0.97,min,75.0,1,1.73,real_measured,0.2813,estimated,2026-09-21T17:03:35.507851+00:00
KXLOWTDAL,KXLOWTDAL-26SEP22-T69,Lowest temperature Dallas,KDFW,2026-09-22,less,,69.0,0.0,0.01,0.99,1.0,min,75.0,1,1.73,real_measured,0.0003,estimated,2026-09-21T17:03:35.507851+00:00
KXLOWTDAL,KXLOWTDAL-26SEP22-B75.5,Lowest temperature Dallas,KDFW,2026-09-22,between,75.0,76.0,0.48,0.61,0.39,0.52,min,75.0,1,1.73,real_measured,0.2187,estimated,2026-09-21T17:03:35.507851+00:00
KXLOWTDAL,KXLOWTDAL-26SEP22-B73.5,Lowest temperature Dallas,KDFW,2026-09-22,between,73.0,74.0,0.3,0.39,0.61,0.7,min,75.0,1,1.73,real_measured,0.1579,estimated,2026-09-21T17:03:35.507851+00:00
KXLOWTDAL,KXLOWTDAL-26SEP22-B71.5,Lowest temperature Dallas,KDFW,2026-09-22,between,71.0,72.0,0.04,0.06,0.94,0.96,min,75.0,1,1.73,real_measured,0.0309,estimated,2026-09-21T17:03:35.507851+00:00
KXLOWTDAL,KXLOWTDAL-26SEP22-B69.5,Lowest temperature Dallas,KDFW,2026-09-22,between,69.0,70.0,0.02,0.07,0.93,0.98,min,75.0,1,1.73,real_measured,0.0016,estimated,2026-09-21T17:03:35.507851+00:00
KXLOWTDAL,KXLOWTDAL-26SEP21-T75,Lowest temperature Dallas,KDFW,2026-09-21,greater,75.0,,0.0,0.01,0.99,1.0,min,76.0,0,1.84,real_measured,0.7066,estimated,2026-09-21T17:03:35.507851+00:00
KXLOWTDAL,KXLOWTDAL-26SEP21-T68,Lowest temperature Dallas,KDFW,2026-09-21,less,,68.0,0.0,0.01,0.99,1.0,min,76.0,0,1.84,real_measured,0.0,estimated,2026-09-21T17:03:35.507851+00:00
KXLOWTDAL,KXLOWTDAL-26SEP21-B74.5,Lowest temperature Dallas,KDFW,2026-09-21,between,74.0,75.0,0.99,1.0,0.0,0.01,min,76.0,0,1.84,real_measured,0.1549,estimated,2026-09-21T17:03:35.507851+00:00
KXLOWTDAL,KXLOWTDAL-26SEP21-B72.5,Lowest temperature Dallas,KDFW,2026-09-21,between,72.0,73.0,0.0,0.01,0.99,1.0,min,76.0,0,1.84,real_measured,0.0367,estimated,2026-09-21T17:03:35.507851+00:00
KXLOWTDAL,KXLOWTDAL-26SEP21-B70.5,Lowest temperature Dallas,KDFW,2026-09-21,between,70.0,71.0,0.0,0.01,0.99,1.0,min,76.0,0,1.84,real_measured,0.0027,estimated,2026-09-21T17:03:35.507851+00:00
KXLOWTDAL,KXLOWTDAL-26SEP21-B68.5,Lowest temperature Dallas,KDFW,2026-09-21,between,68.0,69.0,0.0,0.01,0.99,1.0,min,76.0,0,1.84,real_measured,0.0001,estimated,2026-09-21T17:03:35.507851+00:00
KXLOWTNYC,KXLOWTNYC-26SEP22-T60,Lowest temperature in NYC,KNYC,2026-09-22,greater,60.0,,0.03,0.08,0.92,0.97,min,58.0,1,1.73,real_measured,0.1234,estimated,2026-09-21T17:03:35.507851+00:00
KXLOWTNYC,KXLOWTNYC-26SEP22-T53,Lowest temperature in NYC,KNYC,2026-09-22,less,,53.0,0.02,0.04,0.96,0.98,min,58.0,1,1.73,real_measured,0.0019,estimated,2026-09-21T17:03:35.507851+00:00
KXLOWTNYC,KXLOWTNYC-26SEP22-B59.5,Lowest temperature in NYC,KNYC,2026-09-22,between,59.0,60.0,0.12,0.13,0.87,0.88,min,58.0,1,1.73,real_measured,0.1579,estimated,2026-09-21T17:03:35.507851+00:00
KXLOWTNYC,KXLOWTNYC-26SEP22-B57.5,Lowest temperature in NYC,KNYC,2026-09-22,between,57.0,58.0,0.38,0.49,0.51,0.62,min,58.0,1,1.73,real_measured,0.2187,estimated,2026-09-21T17:03:35.507851+00:00
KXLOWTNYC,KXLOWTNYC-26SEP22-B55.5,Lowest temperature in NYC,KNYC,2026-09-22,between,55.0,56.0,0.19,0.28,0.72,0.81,min,58.0,1,1.73,real_measured,0.0822,estimated,2026-09-21T17:03:35.507851+00:00
KXLOWTNYC,KXLOWTNYC-26SEP22-B53.5,Lowest temperature in NYC,KNYC,2026-09-22,between,53.0,54.0,0.05,0.09,0.91,0.95,min,58.0,1,1.73,real_measured,0.0084,estimated,2026-09-21T17:03:35.507851+00:00
KXLOWTNYC,KXLOWTNYC-26SEP21-T62,Lowest temperature in NYC,KNYC,2026-09-21,greater,62.0,,0.0,0.01,0.99,1.0,min,59.0,0,1.84,real_measured,0.0515,estimated,2026-09-21T17:03:35.507851+00:00
KXLOWTNYC,KXLOWTNYC-26SEP21-T55,Lowest temperature in NYC,KNYC,2026-09-21,less,,55.0,0.0,0.01,0.99,1.0,min,59.0,0,1.84,real_measured,0.0149,estimated,2026-09-21T17:03:35.507851+00:00
KXLOWTNYC,KXLOWTNYC-26SEP21-B61.5,Lowest temperature in NYC,KNYC,2026-09-21,between,61.0,62.0,0.63,0.7,0.3,0.37,min,59.0,0,1.84,real_measured,0.087,estimated,2026-09-21T17:03:35.507851+00:00
KXLOWTNYC,KXLOWTNYC-26SEP21-B59.5,Lowest temperature in NYC,KNYC,2026-09-21,between,59.0,60.0,0.24,0.33,0.67,0.76,min,59.0,0,1.84,real_measured,0.2066,estimated,2026-09-21T17:03:35.507851+00:00
KXLOWTNYC,KXLOWTNYC-26SEP21-B57.5,Lowest temperature in NYC,KNYC,2026-09-21,between,57.0,58.0,0.01,0.03,0.97,0.99,min,59.0,0,1.84,real_measured,0.1549,estimated,2026-09-21T17:03:35.507851+00:00
KXLOWTNYC,KXLOWTNYC-26SEP21-B55.5,Lowest temperature in NYC,KNYC,2026-09-21,between,55.0,56.0,0.01,0.02,0.98,0.99,min,59.0,0,1.84,real_measured,0.0367,estimated,2026-09-21T17:03:35.507851+00:00
KXHIGHDEN,KXHIGHDEN-26SEP22-T84,Highest temperature in Denver,KDEN,2026-09-22,greater,84.0,,0.06,0.08,0.92,0.94,max,81.0,1,1.73,real_measured,0.0412,estimated,2026-09-21T17:03:35.507851+00:00
KXHIGHDEN,KXHIGHDEN-26SEP22-T77,Highest temperature in Denver,KDEN,2026-09-22,less,,77.0,0.01,0.02,0.98,0.99,max,81.0,1,1.73,real_measured,0.0103,estimated,2026-09-21T17:03:35.507851+00:00
KXHIGHDEN,KXHIGHDEN-26SEP22-B83.5,Highest temperature in Denver,KDEN,2026-09-22,between,83.0,84.0,0.37,0.38,0.62,0.63,max,81.0,1,1.73,real_measured,0.0822,estimated,2026-09-21T17:03:35.507851+00:00
KXHIGHDEN,KXHIGHDEN-26SEP22-B81.5,Highest temperature in Denver,KDEN,2026-09-22,between,81.0,82.0,0.36,0.38,0.62,0.64,max,81.0,1,1.73,real_measured,0.2187,estimated,2026-09-21T17:03:35.507851+00:00
KXHIGHDEN,KXHIGHDEN-26SEP22-B79.5,Highest temperature in Denver,KDEN,2026-09-22,between,79.0,80.0,0.07,0.1,0.9,0.93,max,81.0,1,1.73,real_measured,0.1579,estimated,2026-09-21T17:03:35.507851+00:00
KXHIGHDEN,KXHIGHDEN-26SEP22-B77.5,Highest temperature in Denver,KDEN,2026-09-22,between,77.0,78.0,0.02,0.04,0.96,0.98,max,81.0,1,1.73,real_measured,0.0309,estimated,2026-09-21T17:03:35.507851+00:00
KXHIGHDEN,KXHIGHDEN-26SEP21-T77,Highest temperature in Denver,KDEN,2026-09-21,greater,77.0,,0.01,0.03,0.97,0.99,max,72.0,0,1.84,real_measured,0.0033,estimated,2026-09-21T17:03:35.507851+00:00
KXHIGHDEN,KXHIGHDEN-26SEP21-T70,Highest temperature in Denver,KDEN,2026-09-21,less,,70.0,0.0,0.01,0.99,1.0,max,72.0,0,1.84,real_measured,0.1385,estimated,2026-09-21T17:03:35.507851+00:00
KXHIGHDEN,KXHIGHDEN-26SEP21-B76.5,Highest temperature in Denver,KDEN,2026-09-21,between,76.0,77.0,0.32,0.38,0.62,0.68,max,72.0,0,1.84,real_measured,0.0116,estimated,2026-09-21T17:03:35.507851+00:00
KXHIGHDEN,KXHIGHDEN-26SEP21-B74.5,Highest temperature in Denver,KDEN,2026-09-21,between,74.0,75.0,0.59,0.69,0.31,0.41,max,72.0,0,1.84,real_measured,0.087,estimated,2026-09-21T17:03:35.507851+00:00
KXHIGHDEN,KXHIGHDEN-26SEP21-B72.5,Highest temperature in Denver,KDEN,2026-09-21,between,72.0,73.0,0.02,0.05,0.95,0.98,max,72.0,0,1.84,real_measured,0.2066,estimated,2026-09-21T17:03:35.507851+00:00
KXHIGHDEN,KXHIGHDEN-26SEP21-B70.5,Highest temperature in Denver,KDEN,2026-09-21,between,70.0,71.0,0.01,0.02,0.98,0.99,max,72.0,0,1.84,real_measured,0.1549,estimated,2026-09-21T17:03:35.507851+00:00
KXHIGHLAX,KXHIGHLAX-26SEP22-T82,Highest temperature in Los Angeles,KLAX,2026-09-22,greater,82.0,,0.01,0.02,0.98,0.99,max,77.0,1,1.73,real_measured,0.0019,estimated,2026-09-21T17:03:35.507851+00:00
KXHIGHLAX,KXHIGHLAX-26SEP22-T75,Highest temperature in Los Angeles,KLAX,2026-09-22,less,,75.0,0.1,0.11,0.89,0.9,max,77.0,1,1.73,real_measured,0.1234,estimated,2026-09-21T17:03:35.507851+00:00
KXHIGHLAX,KXHIGHLAX-26SEP22-B81.5,Highest temperature in Los Angeles,KLAX,2026-09-22,between,81.0,82.0,0.01,0.02,0.98,0.99,max,77.0,1,1.73,real_measured,0.0084,estimated,2026-09-21T17:03:35.507851+00:00
KXHIGHLAX,KXHIGHLAX-26SEP22-B79.5,Highest temperature in Los Angeles,KLAX,2026-09-22,between,79.0,80.0,0.06,0.07,0.93,0.94,max,77.0,1,1.73,real_measured,0.0822,estimated,2026-09-21T17:03:35.507851+00:00
KXHIGHLAX,KXHIGHLAX-26SEP22-B77.5,Highest temperature in Los Angeles,KLAX,2026-09-22,between,77.0,78.0,0.44,0.45,0.55,0.56,max,77.0,1,1.73,real_measured,0.2187,estimated,2026-09-21T17:03:35.507851+00:00
KXHIGHLAX,KXHIGHLAX-26SEP22-B75.5,Highest temperature in Los Angeles,KLAX,2026-09-22,between,75.0,76.0,0.42,0.43,0.57,0.58,max,77.0,1,1.73,real_measured,0.1579,estimated,2026-09-21T17:03:35.507851+00:00
KXHIGHLAX,KXHIGHLAX-26SEP21-T80,Highest temperature in Los Angeles,KLAX,2026-09-21,greater,80.0,,0.0,0.01,0.99,1.0,max,75.0,0,1.84,real_measured,0.0033,estimated,2026-09-21T17:03:35.507851+00:00
KXHIGHLAX,KXHIGHLAX-26SEP21-T73,Highest temperature in Los Angeles,KLAX,2026-09-21,less,,73.0,0.0,0.01,0.99,1.0,max,75.0,0,1.84,real_measured,0.1385,estimated,2026-09-21T17:03:35.507851+00:00
KXHIGHLAX,KXHIGHLAX-26SEP21-B79.5,Highest temperature in Los Angeles,KLAX,2026-09-21,between,79.0,80.0,0.06,0.07,0.93,0.94,max,75.0,0,1.84,real_measured,0.0116,estimated,2026-09-21T17:03:35.507851+00:00
KXHIGHLAX,KXHIGHLAX-26SEP21-B77.5,Highest temperature in Los Angeles,KLAX,2026-09-21,between,77.0,78.0,0.6,0.61,0.39,0.4,max,75.0,0,1.84,real_measured,0.087,estimated,2026-09-21T17:03:35.507851+00:00
KXHIGHLAX,KXHIGHLAX-26SEP21-B75.5,Highest temperature in Los Angeles,KLAX,2026-09-21,between,75.0,76.0,0.3,0.31,0.69,0.7,max,75.0,0,1.84,real_measured,0.2066,estimated,2026-09-21T17:03:35.507851+00:00
KXHIGHLAX,KXHIGHLAX-26SEP21-B73.5,Highest temperature in Los Angeles,KLAX,2026-09-21,between,73.0,74.0,0.01,0.02,0.98,0.99,max,75.0,0,1.84,real_measured,0.1549,estimated,2026-09-21T17:03:35.507851+00:00
KXLOWTAUS,KXLOWTAUS-26SEP22-T76,Lowest temperature in Austin,KAUS,2026-09-22,greater,76.0,,0.02,0.07,0.93,0.98,min,73.0,1,1.73,real_measured,0.0412,estimated,2026-09-21T17:03:35.507851+00:00
KXLOWTAUS,KXLOWTAUS-26SEP22-T69,Lowest temperature in Austin,KAUS,2026-09-22,less,,69.0,0.02,0.03,0.97,0.98,min,73.0,1,1.73,real_measured,0.0103,estimated,2026-09-21T17:03:35.507851+00:00
KXLOWTAUS,KXLOWTAUS-26SEP22-B75.5,Lowest temperature in Austin,KAUS,2026-09-22,between,75.0,76.0,0.06,0.13,0.87,0.94,min,73.0,1,1.73,real_measured,0.0822,estimated,2026-09-21T17:03:35.507851+00:00
KXLOWTAUS,KXLOWTAUS-26SEP22-B73.5,Lowest temperature in Austin,KAUS,2026-09-22,between,73.0,74.0,0.32,0.41,0.59,0.68,min,73.0,1,1.73,real_measured,0.2187,estimated,2026-09-21T17:03:35.507851+00:00
KXLOWTAUS,KXLOWTAUS-26SEP22-B71.5,Lowest temperature in Austin,KAUS,2026-09-22,between,71.0,72.0,0.36,0.47,0.53,0.64,min,73.0,1,1.73,real_measured,0.1579,estimated,2026-09-21T17:03:35.507851+00:00
KXLOWTAUS,KXLOWTAUS-26SEP22-B69.5,Lowest temperature in Austin,KAUS,2026-09-22,between,69.0,70.0,0.07,0.09,0.91,0.93,min,73.0,1,1.73,real_measured,0.0309,estimated,2026-09-21T17:03:35.507851+00:00
KXLOWTAUS,KXLOWTAUS-26SEP21-T77,Lowest temperature in Austin,KAUS,2026-09-21,greater,77.0,,0.0,0.01,0.99,1.0,min,74.0,0,1.84,real_measured,0.0515,estimated,2026-09-21T17:03:35.507851+00:00
KXLOWTAUS,KXLOWTAUS-26SEP21-T70,Lowest temperature in Austin,KAUS,2026-09-21,less,,70.0,0.0,0.01,0.99,1.0,min,74.0,0,1.84,real_measured,0.0149,estimated,2026-09-21T17:03:35.507851+00:00
KXLOWTAUS,KXLOWTAUS-26SEP21-B76.5,Lowest temperature in Austin,KAUS,2026-09-21,between,76.0,77.0,0.0,0.01,0.99,1.0,min,74.0,0,1.84,real_measured,0.087,estimated,2026-09-21T17:03:35.507851+00:00
KXLOWTAUS,KXLOWTAUS-26SEP21-B74.5,Lowest temperature in Austin,KAUS,2026-09-21,between,74.0,75.0,0.0,0.01,0.99,1.0,min,74.0,0,1.84,real_measured,0.2066,estimated,2026-09-21T17:03:35.507851+00:00
KXLOWTAUS,KXLOWTAUS-26SEP21-B72.5,Lowest temperature in Austin,KAUS,2026-09-21,between,72.0,73.0,0.99,1.0,0.0,0.01,min,74.0,0,1.84,real_measured,0.1549,estimated,2026-09-21T17:03:35.507851+00:00
KXLOWTAUS,KXLOWTAUS-26SEP21-B70.5,Lowest temperature in Austin,KAUS,2026-09-21,between,70.0,71.0,0.0,0.01,0.99,1.0,min,74.0,0,1.84,real_measured,0.0367,estimated,2026-09-21T17:03:35.507851+00:00
KXHIGHTDC,KXHIGHTDC-26SEP22-T73,Washington DC Daily Max Temp,KDCA,2026-09-22,greater,73.0,,0.0,0.02,0.98,1.0,max,66.0,1,1.73,real_measured,0.0,estimated,2026-09-21T17:03:35.507851+00:00
KXHIGHTDC,KXHIGHTDC-26SEP22-T66,Washington DC Daily Max Temp,KDCA,2026-09-22,less,,66.0,0.1,0.13,0.87,0.9,max,66.0,1,1.73,real_measured,0.5,estimated,2026-09-21T17:03:35.507851+00:00
KXHIGHTDC,KXHIGHTDC-26SEP22-B72.5,Washington DC Daily Max Temp,KDCA,2026-09-22,between,72.0,73.0,0.01,0.03,0.97,0.99,max,66.0,1,1.73,real_measured,0.0002,estimated,2026-09-21T17:03:35.507851+00:00
KXHIGHTDC,KXHIGHTDC-26SEP22-B70.5,Washington DC Daily Max Temp,KDCA,2026-09-22,between,70.0,71.0,0.08,0.1,0.9,0.92,max,66.0,1,1.73,real_measured,0.0084,estimated,2026-09-21T17:03:35.507851+00:00
KXHIGHTDC,KXHIGHTDC-26SEP22-B68.5,Washington DC Daily Max Temp,KDCA,2026-09-22,between,68.0,69.0,0.37,0.39,0.61,0.63,max,66.0,1,1.73,real_measured,0.0822,estimated,2026-09-21T17:03:35.507851+00:00
KXHIGHTDC,KXHIGHTDC-26SEP22-B66.5,Washington DC Daily Max Temp,KDCA,2026-09-22,between,66.0,67.0,0.38,0.44,0.56,0.62,max,66.0,1,1.73,real_measured,0.2187,estimated,2026-09-21T17:03:35.507851+00:00
KXHIGHTDC,KXHIGHTDC-26SEP21-T78,Washington DC Daily Max Temp,KDCA,2026-09-21,greater,78.0,,0.01,0.05,0.95,0.99,max,76.0,0,1.84,real_measured,0.1385,estimated,2026-09-21T17:03:35.507851+00:00
KXHIGHTDC,KXHIGHTDC-26SEP21-T71,Washington DC Daily Max Temp,KDCA,2026-09-21,less,,71.0,0.0,0.01,0.99,1.0,max,76.0,0,1.84,real_measured,0.0033,estimated,2026-09-21T17:03:35.507851+00:00
KXHIGHTDC,KXHIGHTDC-26SEP21-B77.5,Washington DC Daily Max Temp,KDCA,2026-09-21,between,77.0,78.0,0.04,0.11,0.89,0.96,max,76.0,0,1.84,real_measured,0.1549,estimated,2026-09-21T17:03:35.507851+00:00
KXHIGHTDC,KXHIGHTDC-26SEP21-B75.5,Washington DC Daily Max Temp,KDCA,2026-09-21,between,75.0,76.0,0.45,0.48,0.52,0.55,max,76.0,0,1.84,real_measured,0.2066,estimated,2026-09-21T17:03:35.507851+00:00
KXHIGHTDC,KXHIGHTDC-26SEP21-B73.5,Washington DC Daily Max Temp,KDCA,2026-09-21,between,73.0,74.0,0.48,0.54,0.46,0.52,max,76.0,0,1.84,real_measured,0.087,estimated,2026-09-21T17:03:35.507851+00:00
KXHIGHTDC,KXHIGHTDC-26SEP21-B71.5,Washington DC Daily Max Temp,KDCA,2026-09-21,between,71.0,72.0,0.0,0.01,0.99,1.0,max,76.0,0,1.84,real_measured,0.0116,estimated,2026-09-21T17:03:35.507851+00:00
KXHIGHTMIN,KXHIGHTMIN-26SEP22-T69,Minneapolis Daily High Temperature,KMSP,2026-09-22,greater,69.0,,0.01,0.03,0.97,0.99,max,65.0,1,1.73,real_measured,0.0103,estimated,2026-09-21T17:03:35.507851+00:00
KXHIGHTMIN,KXHIGHTMIN-26SEP22-T62,Minneapolis Daily High Temperature,KMSP,2026-09-22,less,,62.0,0.17,0.2,0.8,0.83,max,65.0,1,1.73,real_measured,0.0412,estimated,2026-09-21T17:03:35.507851+00:00
KXHIGHTMIN,KXHIGHTMIN-26SEP22-B68.5,Minneapolis Daily High Temperature,KMSP,2026-09-22,between,68.0,69.0,0.02,0.03,0.97,0.98,max,65.0,1,1.73,real_measured,0.0309,estimated,2026-09-21T17:03:35.507851+00:00
KXHIGHTMIN,KXHIGHTMIN-26SEP22-B66.5,Minneapolis Daily High Temperature,KMSP,2026-09-22,between,66.0,67.0,0.14,0.18,0.82,0.86,max,65.0,1,1.73,real_measured,0.1579,estimated,2026-09-21T17:03:35.507851+00:00
KXHIGHTMIN,KXHIGHTMIN-26SEP22-B64.5,Minneapolis Daily High Temperature,KMSP,2026-09-22,between,64.0,65.0,0.36,0.37,0.63,0.64,max,65.0,1,1.73,real_measured,0.2187,estimated,2026-09-21T17:03:35.507851+00:00
KXHIGHTMIN,KXHIGHTMIN-26SEP22-B62.5,Minneapolis Daily High Temperature,KMSP,2026-09-22,between,62.0,63.0,0.27,0.3,0.7,0.73,max,65.0,1,1.73,real_measured,0.0822,estimated,2026-09-21T17:03:35.507851+00:00
KXHIGHTMIN,KXHIGHTMIN-26SEP21-T67,Minneapolis Daily High Temperature,KMSP,2026-09-21,greater,67.0,,0.0,0.01,0.99,1.0,max,58.0,0,1.84,real_measured,0.0,estimated,2026-09-21T17:03:35.507851+00:00
KXHIGHTMIN,KXHIGHTMIN-26SEP21-T60,Minneapolis Daily High Temperature,KMSP,2026-09-21,less,,60.0,0.82,0.84,0.16,0.18,max,58.0,0,1.84,real_measured,0.8615,estimated,2026-09-21T17:03:35.507851+00:00
KXHIGHTMIN,KXHIGHTMIN-26SEP21-B66.5,Minneapolis Daily High Temperature,KMSP,2026-09-21,between,66.0,67.0,0.0,0.01,0.99,1.0,max,58.0,0,1.84,real_measured,0.0,estimated,2026-09-21T17:03:35.507851+00:00
KXHIGHTMIN,KXHIGHTMIN-26SEP21-B64.5,Minneapolis Daily High Temperature,KMSP,2026-09-21,between,64.0,65.0,0.0,0.01,0.99,1.0,max,58.0,0,1.84,real_measured,0.0005,estimated,2026-09-21T17:03:35.507851+00:00
KXHIGHTMIN,KXHIGHTMIN-26SEP21-B62.5,Minneapolis Daily High Temperature,KMSP,2026-09-21,between,62.0,63.0,0.02,0.03,0.97,0.98,max,58.0,0,1.84,real_measured,0.0116,estimated,2026-09-21T17:03:35.507851+00:00
KXHIGHTMIN,KXHIGHTMIN-26SEP21-B60.5,Minneapolis Daily High Temperature,KMSP,2026-09-21,between,60.0,61.0,0.09,0.18,0.82,0.91,max,58.0,0,1.84,real_measured,0.087,estimated,2026-09-21T17:03:35.507851+00:00
KXLOWTMIN,KXLOWTMIN-26SEP22-T49,Low  temperature Minnesota,KMSP,2026-09-22,greater,49.0,,0.13,0.23,0.77,0.87,min,45.0,1,1.73,real_measured,0.0103,estimated,2026-09-21T17:03:35.507851+00:00
KXLOWTMIN,KXLOWTMIN-26SEP22-T42,Low  temperature Minnesota,KMSP,2026-09-22,less,,42.0,0.02,0.05,0.95,0.98,min,45.0,1,1.73,real_measured,0.0412,estimated,2026-09-21T17:03:35.507851+00:00
KXLOWTMIN,KXLOWTMIN-26SEP22-B48.5,Low  temperature Minnesota,KMSP,2026-09-22,between,48.0,49.0,0.29,0.45,0.55,0.71,min,45.0,1,1.73,real_measured,0.0309,estimated,2026-09-21T17:03:35.507851+00:00
KXLOWTMIN,KXLOWTMIN-26SEP22-B46.5,Low  temperature Minnesota,KMSP,2026-09-22,between,46.0,47.0,0.21,0.31,0.69,0.79,min,45.0,1,1.73,real_measured,0.1579,estimated,2026-09-21T17:03:35.507851+00:00
KXLOWTMIN,KXLOWTMIN-26SEP22-B44.5,Low  temperature Minnesota,KMSP,2026-09-22,between,44.0,45.0,0.07,0.12,0.88,0.93,min,45.0,1,1.73,real_measured,0.2187,estimated,2026-09-21T17:03:35.507851+00:00
KXLOWTMIN,KXLOWTMIN-26SEP22-B42.5,Low  temperature Minnesota,KMSP,2026-09-22,between,42.0,43.0,0.03,0.08,0.92,0.97,min,45.0,1,1.73,real_measured,0.0822,estimated,2026-09-21T17:03:35.507851+00:00
KXLOWTMIN,KXLOWTMIN-26SEP21-T54,Low  temperature Minnesota,KMSP,2026-09-21,greater,54.0,,0.0,0.01,0.99,1.0,min,49.0,0,1.84,real_measured,0.0033,estimated,2026-09-21T17:03:35.507851+00:00
KXLOWTMIN,KXLOWTMIN-26SEP21-T47,Low  temperature Minnesota,KMSP,2026-09-21,less,,47.0,0.0,0.02,0.98,1.0,min,49.0,0,1.84,real_measured,0.1385,estimated,2026-09-21T17:03:35.507851+00:00
KXLOWTMIN,KXLOWTMIN-26SEP21-B53.5,Low  temperature Minnesota,KMSP,2026-09-21,between,53.0,54.0,0.0,0.01,0.99,1.0,min,49.0,0,1.84,real_measured,0.0116,estimated,2026-09-21T17:03:35.507851+00:00
KXLOWTMIN,KXLOWTMIN-26SEP21-B51.5,Low  temperature Minnesota,KMSP,2026-09-21,between,51.0,52.0,0.0,0.01,0.99,1.0,min,49.0,0,1.84,real_measured,0.087,estimated,2026-09-21T17:03:35.507851+00:00
KXLOWTMIN,KXLOWTMIN-26SEP21-B49.5,Low  temperature Minnesota,KMSP,2026-09-21,between,49.0,50.0,0.91,0.97,0.03,0.09,min,49.0,0,1.84,real_measured,0.2066,estimated,2026-09-21T17:03:35.507851+00:00
KXLOWTMIN,KXLOWTMIN-26SEP21-B47.5,Low  temperature Minnesota,KMSP,2026-09-21,between,47.0,48.0,0.02,0.1,0.9,0.98,min,49.0,0,1.84,real_measured,0.1549,estimated,2026-09-21T17:03:35.507851+00:00
KXHIGHTDAL,KXHIGHTDAL-26SEP22-T93,Dallas Maximum Temperature,KDFW,2026-09-22,less,,93.0,0.09,0.1,0.9,0.91,max,95.0,1,1.73,real_measured,0.1234,estimated,2026-09-21T17:03:35.507851+00:00
KXHIGHTDAL,KXHIGHTDAL-26SEP22-T100,Dallas Maximum Temperature,KDFW,2026-09-22,greater,100.0,,0.01,0.02,0.98,0.99,max,95.0,1,1.73,real_measured,0.0019,estimated,2026-09-21T17:03:35.507851+00:00
KXHIGHTDAL,KXHIGHTDAL-26SEP22-B99.5,Dallas Maximum Temperature,KDFW,2026-09-22,between,99.0,100.0,0.02,0.03,0.97,0.98,max,95.0,1,1.73,real_measured,0.0084,estimated,2026-09-21T17:03:35.507851+00:00
KXHIGHTDAL,KXHIGHTDAL-26SEP22-B97.5,Dallas Maximum Temperature,KDFW,2026-09-22,between,97.0,98.0,0.18,0.23,0.77,0.82,max,95.0,1,1.73,real_measured,0.0822,estimated,2026-09-21T17:03:35.507851+00:00
KXHIGHTDAL,KXHIGHTDAL-26SEP22-B95.5,Dallas Maximum Temperature,KDFW,2026-09-22,between,95.0,96.0,0.47,0.48,0.52,0.53,max,95.0,1,1.73,real_measured,0.2187,estimated,2026-09-21T17:03:35.507851+00:00
KXHIGHTDAL,KXHIGHTDAL-26SEP22-B93.5,Dallas Maximum Temperature,KDFW,2026-09-22,between,93.0,94.0,0.21,0.23,0.77,0.79,max,95.0,1,1.73,real_measured,0.1579,estimated,2026-09-21T17:03:35.507851+00:00
KXHIGHTDAL,KXHIGHTDAL-26SEP21-T97,Dallas Maximum Temperature,KDFW,2026-09-21,greater,97.0,,0.27,0.29,0.71,0.73,max,97.0,0,1.84,real_measured,0.5,estimated,2026-09-21T17:03:35.507851+00:00
KXHIGHTDAL,KXHIGHTDAL-26SEP21-T90,Dallas Maximum Temperature,KDFW,2026-09-21,less,,90.0,0.0,0.01,0.99,1.0,max,97.0,0,1.84,real_measured,0.0001,estimated,2026-09-21T17:03:35.507851+00:00
KXHIGHTDAL,KXHIGHTDAL-26SEP21-B96.5,Dallas Maximum Temperature,KDFW,2026-09-21,between,96.0,97.0,0.62,0.63,0.37,0.38,max,97.0,0,1.84,real_measured,0.2066,estimated,2026-09-21T17:03:35.507851+00:00
KXHIGHTDAL,KXHIGHTDAL-26SEP21-B94.5,Dallas Maximum Temperature,KDFW,2026-09-21,between,94.0,95.0,0.11,0.12,0.88,0.89,max,97.0,0,1.84,real_measured,0.087,estimated,2026-09-21T17:03:35.507851+00:00
KXHIGHTDAL,KXHIGHTDAL-26SEP21-B92.5,Dallas Maximum Temperature,KDFW,2026-09-21,between,92.0,93.0,0.01,0.03,0.97,0.99,max,97.0,0,1.84,real_measured,0.0116,estimated,2026-09-21T17:03:35.507851+00:00
KXHIGHTDAL,KXHIGHTDAL-26SEP21-B90.5,Dallas Maximum Temperature,KDFW,2026-09-21,between,90.0,91.0,0.0,0.01,0.99,1.0,max,97.0,0,1.84,real_measured,0.0005,estimated,2026-09-21T17:03:35.507851+00:00
KXHIGHTLV,KXHIGHTLV-26SEP22-T95,Las Vegas Max Daily Temperature,KLAS,2026-09-22,greater,95.0,,0.0,0.02,0.98,1.0,max,91.0,1,1.73,real_measured,0.0103,estimated,2026-09-21T17:03:35.507851+00:00
KXHIGHTLV,KXHIGHTLV-26SEP22-T88,Las Vegas Max Daily Temperature,KLAS,2026-09-22,less,,88.0,0.0,0.02,0.98,1.0,max,91.0,1,1.73,real_measured,0.0412,estimated,2026-09-21T17:03:35.507851+00:00
KXHIGHTLV,KXHIGHTLV-26SEP22-B94.5,Las Vegas Max Daily Temperature,KLAS,2026-09-22,between,94.0,95.0,0.04,0.11,0.89,0.96,max,91.0,1,1.73,real_measured,0.0309,estimated,2026-09-21T17:03:35.507851+00:00
KXHIGHTLV,KXHIGHTLV-26SEP22-B92.5,Las Vegas Max Daily Temperature,KLAS,2026-09-22,between,92.0,93.0,0.37,0.4,0.6,0.63,max,91.0,1,1.73,real_measured,0.1579,estimated,2026-09-21T17:03:35.507851+00:00
KXHIGHTLV,KXHIGHTLV-26SEP22-B90.5,Las Vegas Max Daily Temperature,KLAS,2026-09-22,between,90.0,91.0,0.47,0.49,0.51,0.53,max,91.0,1,1.73,real_measured,0.2187,estimated,2026-09-21T17:03:35.507851+00:00
KXHIGHTLV,KXHIGHTLV-26SEP22-B88.5,Las Vegas Max Daily Temperature,KLAS,2026-09-22,between,88.0,89.0,0.07,0.08,0.92,0.93,max,91.0,1,1.73,real_measured,0.0822,estimated,2026-09-21T17:03:35.507851+00:00
KXHIGHTLV,KXHIGHTLV-26SEP21-T97,Las Vegas Max Daily Temperature,KLAS,2026-09-21,greater,97.0,,0.0,0.01,0.99,1.0,max,93.0,0,1.84,real_measured,0.0149,estimated,2026-09-21T17:03:35.507851+00:00
KXHIGHTLV,KXHIGHTLV-26SEP21-T90,Las Vegas Max Daily Temperature,KLAS,2026-09-21,less,,90.0,0.08,0.1,0.9,0.92,max,93.0,0,1.84,real_measured,0.0515,estimated,2026-09-21T17:03:35.507851+00:00
KXHIGHTLV,KXHIGHTLV-26SEP21-B96.5,Las Vegas Max Daily Temperature,KLAS,2026-09-21,between,96.0,97.0,0.0,0.01,0.99,1.0,max,93.0,0,1.84,real_measured,0.0367,estimated,2026-09-21T17:03:35.507851+00:00
KXHIGHTLV,KXHIGHTLV-26SEP21-B94.5,Las Vegas Max Daily Temperature,KLAS,2026-09-21,between,94.0,95.0,0.07,0.08,0.92,0.93,max,93.0,0,1.84,real_measured,0.1549,estimated,2026-09-21T17:03:35.507851+00:00
KXHIGHTLV,KXHIGHTLV-26SEP21-B92.5,Las Vegas Max Daily Temperature,KLAS,2026-09-21,between,92.0,93.0,0.43,0.48,0.52,0.57,max,93.0,0,1.84,real_measured,0.2066,estimated,2026-09-21T17:03:35.507851+00:00
KXHIGHTLV,KXHIGHTLV-26SEP21-B90.5,Las Vegas Max Daily Temperature,KLAS,2026-09-21,between,90.0,91.0,0.36,0.37,0.63,0.64,max,93.0,0,1.84,real_measured,0.087,estimated,2026-09-21T17:03:35.507851+00:00
KXLOWTATL,KXLOWTATL-26SEP22-T73,Low Temperature Atlanta,KATL,2026-09-22,greater,73.0,,0.07,0.1,0.9,0.93,min,72.0,1,1.73,real_measured,0.2813,estimated,2026-09-21T17:03:35.507851+00:00
KXLOWTATL,KXLOWTATL-26SEP22-T66,Low Temperature Atlanta,KATL,2026-09-22,less,,66.0,0.0,0.03,0.97,1.0,min,72.0,1,1.73,real_measured,0.0003,estimated,2026-09-21T17:03:35.507851+00:00
KXLOWTATL,KXLOWTATL-26SEP22-B72.5,Low Temperature Atlanta,KATL,2026-09-22,between,72.0,73.0,0.46,0.54,0.46,0.54,min,72.0,1,1.73,real_measured,0.2187,estimated,2026-09-21T17:03:35.507851+00:00
KXLOWTATL,KXLOWTATL-26SEP22-B70.5,Low Temperature Atlanta,KATL,2026-09-22,between,70.0,71.0,0.25,0.34,0.66,0.75,min,72.0,1,1.73,real_measured,0.1579,estimated,2026-09-21T17:03:35.507851+00:00
KXLOWTATL,KXLOWTATL-26SEP22-B68.5,Low Temperature Atlanta,KATL,2026-09-22,between,68.0,69.0,0.02,0.1,0.9,0.98,min,72.0,1,1.73,real_measured,0.0309,estimated,2026-09-21T17:03:35.507851+00:00
KXLOWTATL,KXLOWTATL-26SEP22-B66.5,Low Temperature Atlanta,KATL,2026-09-22,between,66.0,67.0,0.02,0.06,0.94,0.98,min,72.0,1,1.73,real_measured,0.0016,estimated,2026-09-21T17:03:35.507851+00:00
KXLOWTATL,KXLOWTATL-26SEP21-T74,Low Temperature Atlanta,KATL,2026-09-21,greater,74.0,,0.0,0.01,0.99,1.0,min,73.0,0,1.84,real_measured,0.2934,estimated,2026-09-21T17:03:35.507851+00:00
KXLOWTATL,KXLOWTATL-26SEP21-T67,Low Temperature Atlanta,KATL,2026-09-21,less,,67.0,0.0,0.01,0.99,1.0,min,73.0,0,1.84,real_measured,0.0006,estimated,2026-09-21T17:03:35.507851+00:00
KXLOWTATL,KXLOWTATL-26SEP21-B73.5,Low Temperature Atlanta,KATL,2026-09-21,between,73.0,74.0,0.0,0.01,0.99,1.0,min,73.0,0,1.84,real_measured,0.2066,estimated,2026-09-21T17:03:35.507851+00:00
KXLOWTATL,KXLOWTATL-26SEP21-B71.5,Low Temperature Atlanta,KATL,2026-09-21,between,71.0,72.0,0.87,0.97,0.03,0.13,min,73.0,0,1.84,real_measured,0.1549,estimated,2026-09-21T17:03:35.507851+00:00
KXLOWTATL,KXLOWTATL-26SEP21-B69.5,Low Temperature Atlanta,KATL,2026-09-21,between,69.0,70.0,0.01,0.08,0.92,0.99,min,73.0,0,1.84,real_measured,0.0367,estimated,2026-09-21T17:03:35.507851+00:00
KXLOWTATL,KXLOWTATL-26SEP21-B67.5,Low Temperature Atlanta,KATL,2026-09-21,between,67.0,68.0,0.01,0.04,0.96,0.99,min,73.0,0,1.84,real_measured,0.0027,estimated,2026-09-21T17:03:35.507851+00:00
KXLOWTSAN,KXLOWTSAN-26SEP22-T67,Low Temperature San Diego,KSAN,2026-09-22,greater,67.0,,0.66,0.84,0.16,0.34,min,67.0,1,1.73,real_measured,0.5,estimated,2026-09-21T17:03:35.507851+00:00
KXLOWTSAN,KXLOWTSAN-26SEP22-T60,Low Temperature San Diego,KSAN,2026-09-22,less,,60.0,0.0,0.1,0.9,1.0,min,67.0,1,1.73,real_measured,0.0,estimated,2026-09-21T17:03:35.507851+00:00
KXLOWTSAN,KXLOWTSAN-26SEP22-B66.5,Low Temperature San Diego,KSAN,2026-09-22,between,66.0,67.0,0.17,0.3,0.7,0.83,min,67.0,1,1.73,real_measured,0.2187,estimated,2026-09-21T17:03:35.507851+00:00
KXLOWTSAN,KXLOWTSAN-26SEP22-B64.5,Low Temperature San Diego,KSAN,2026-09-22,between,64.0,65.0,0.01,0.1,0.9,0.99,min,67.0,1,1.73,real_measured,0.0822,estimated,2026-09-21T17:03:35.507851+00:00
KXLOWTSAN,KXLOWTSAN-26SEP22-B62.5,Low Temperature San Diego,KSAN,2026-09-22,between,62.0,63.0,0.01,0.1,0.9,0.99,min,67.0,1,1.73,real_measured,0.0084,estimated,2026-09-21T17:03:35.507851+00:00
KXLOWTSAN,KXLOWTSAN-26SEP22-B60.5,Low Temperature San Diego,KSAN,2026-09-22,between,60.0,61.0,0.0,0.1,0.9,1.0,min,67.0,1,1.73,real_measured,0.0002,estimated,2026-09-21T17:03:35.507851+00:00
KXLOWTSAN,KXLOWTSAN-26SEP21-T68,Low Temperature San Diego,KSAN,2026-09-21,greater,68.0,,0.85,0.91,0.09,0.15,min,67.0,0,1.84,real_measured,0.2934,estimated,2026-09-21T17:03:35.507851+00:00
KXLOWTSAN,KXLOWTSAN-26SEP21-T61,Low Temperature San Diego,KSAN,2026-09-21,less,,61.0,0.0,0.01,0.99,1.0,min,67.0,0,1.84,real_measured,0.0006,estimated,2026-09-21T17:03:35.507851+00:00
KXLOWTSAN,KXLOWTSAN-26SEP21-B67.5,Low Temperature San Diego,KSAN,2026-09-21,between,67.0,68.0,0.01,0.11,0.89,0.99,min,67.0,0,1.84,real_measured,0.2066,estimated,2026-09-21T17:03:35.507851+00:00
KXLOWTSAN,KXLOWTSAN-26SEP21-B65.5,Low Temperature San Diego,KSAN,2026-09-21,between,65.0,66.0,0.01,0.11,0.89,0.99,min,67.0,0,1.84,real_measured,0.1549,estimated,2026-09-21T17:03:35.507851+00:00
KXLOWTSAN,KXLOWTSAN-26SEP21-B63.5,Low Temperature San Diego,KSAN,2026-09-21,between,63.0,64.0,0.0,0.11,0.89,1.0,min,67.0,0,1.84,real_measured,0.0367,estimated,2026-09-21T17:03:35.507851+00:00
KXLOWTSAN,KXLOWTSAN-26SEP21-B61.5,Low Temperature San Diego,KSAN,2026-09-21,between,61.0,62.0,0.0,0.01,0.99,1.0,min,67.0,0,1.84,real_measured,0.0027,estimated,2026-09-21T17:03:35.507851+00:00
KXLOWTTTN,KXLOWTTTN-26SEP22-T55,Trenton Daily low temp ,KTTN,2026-09-22,greater,55.0,,0.46,0.64,0.36,0.54,min,54.0,1,1.73,real_measured,0.2813,estimated,2026-09-21T17:03:35.507851+00:00
KXLOWTTTN,KXLOWTTTN-26SEP22-T48,Trenton Daily low temp ,KTTN,2026-09-22,less,,48.0,0.0,0.1,0.9,1.0,min,54.0,1,1.73,real_measured,0.0003,estimated,2026-09-21T17:03:35.507851+00:00
KXLOWTTTN,KXLOWTTTN-26SEP22-B54.5,Trenton Daily low temp ,KTTN,2026-09-22,between,54.0,55.0,0.21,0.39,0.61,0.79,min,54.0,1,1.73,real_measured,0.2187,estimated,2026-09-21T17:03:35.507851+00:00
KXLOWTTTN,KXLOWTTTN-26SEP22-B52.5,Trenton Daily low temp ,KTTN,2026-09-22,between,52.0,53.0,0.03,0.21,0.79,0.97,min,54.0,1,1.73,real_measured,0.1579,estimated,2026-09-21T17:03:35.507851+00:00
KXLOWTTTN,KXLOWTTTN-26SEP22-B50.5,Trenton Daily low temp ,KTTN,2026-09-22,between,50.0,51.0,0.01,0.11,0.89,0.99,min,54.0,1,1.73,real_measured,0.0309,estimated,2026-09-21T17:03:35.507851+00:00
KXLOWTTTN,KXLOWTTTN-26SEP22-B48.5,Trenton Daily low temp ,KTTN,2026-09-22,between,48.0,49.0,0.01,0.1,0.9,0.99,min,54.0,1,1.73,real_measured,0.0016,estimated,2026-09-21T17:03:35.507851+00:00
KXLOWTTTN,KXLOWTTTN-26SEP21-T60,Trenton Daily low temp ,KTTN,2026-09-21,greater,60.0,,0.52,0.63,0.37,0.48,min,59.0,0,1.84,real_measured,0.2934,estimated,2026-09-21T17:03:35.507851+00:00
KXLOWTTTN,KXLOWTTTN-26SEP21-T53,Trenton Daily low temp ,KTTN,2026-09-21,less,,53.0,0.0,0.01,0.99,1.0,min,59.0,0,1.84,real_measured,0.0006,estimated,2026-09-21T17:03:35.507851+00:00
KXLOWTTTN,KXLOWTTTN-26SEP21-B59.5,Trenton Daily low temp ,KTTN,2026-09-21,between,59.0,60.0,0.25,0.43,0.57,0.75,min,59.0,0,1.84,real_measured,0.2066,estimated,2026-09-21T17:03:35.507851+00:00
KXLOWTTTN,KXLOWTTTN-26SEP21-B57.5,Trenton Daily low temp ,KTTN,2026-09-21,between,57.0,58.0,0.02,0.2,0.8,0.98,min,59.0,0,1.84,real_measured,0.1549,estimated,2026-09-21T17:03:35.507851+00:00
KXLOWTTTN,KXLOWTTTN-26SEP21-B55.5,Trenton Daily low temp ,KTTN,2026-09-21,between,55.0,56.0,0.0,0.11,0.89,1.0,min,59.0,0,1.84,real_measured,0.0367,estimated,2026-09-21T17:03:35.507851+00:00
KXLOWTTTN,KXLOWTTTN-26SEP21-B53.5,Trenton Daily low temp ,KTTN,2026-09-21,between,53.0,54.0,0.0,0.09,0.91,1.0,min,59.0,0,1.84,real_measured,0.0027,estimated,2026-09-21T17:03:35.507851+00:00
KXLOWTHOU,KXLOWTHOU-26SEP22-T79,Low Temperature Houston,KHOU,2026-09-22,greater,79.0,,0.06,0.13,0.87,0.94,min,78.0,1,1.73,real_measured,0.2813,estimated,2026-09-21T17:03:35.507851+00:00
KXLOWTHOU,KXLOWTHOU-26SEP22-T72,Low Temperature Houston,KHOU,2026-09-22,less,,72.0,0.0,0.01,0.99,1.0,min,78.0,1,1.73,real_measured,0.0003,estimated,2026-09-21T17:03:35.507851+00:00
KXLOWTHOU,KXLOWTHOU-26SEP22-B78.5,Low Temperature Houston,KHOU,2026-09-22,between,78.0,79.0,0.43,0.6,0.4,0.57,min,78.0,1,1.73,real_measured,0.2187,estimated,2026-09-21T17:03:35.507851+00:00
KXLOWTHOU,KXLOWTHOU-26SEP22-B76.5,Low Temperature Houston,KHOU,2026-09-22,between,76.0,77.0,0.36,0.47,0.53,0.64,min,78.0,1,1.73,real_measured,0.1579,estimated,2026-09-21T17:03:35.507851+00:00
KXLOWTHOU,KXLOWTHOU-26SEP22-B74.5,Low Temperature Houston,KHOU,2026-09-22,between,74.0,75.0,0.02,0.1,0.9,0.98,min,78.0,1,1.73,real_measured,0.0309,estimated,2026-09-21T17:03:35.507851+00:00
KXLOWTHOU,KXLOWTHOU-26SEP22-B72.5,Low Temperature Houston,KHOU,2026-09-22,between,72.0,73.0,0.02,0.06,0.94,0.98,min,78.0,1,1.73,real_measured,0.0016,estimated,2026-09-21T17:03:35.507851+00:00
KXLOWTHOU,KXLOWTHOU-26SEP21-T79,Low Temperature Houston,KHOU,2026-09-21,greater,79.0,,0.0,0.01,0.99,1.0,min,79.0,0,1.84,real_measured,0.5,estimated,2026-09-21T17:03:35.507851+00:00
KXLOWTHOU,KXLOWTHOU-26SEP21-T72,Low Temperature Houston,KHOU,2026-09-21,less,,72.0,0.0,0.02,0.98,1.0,min,79.0,0,1.84,real_measured,0.0001,estimated,2026-09-21T17:03:35.507851+00:00
KXLOWTHOU,KXLOWTHOU-26SEP21-B78.5,Low Temperature Houston,KHOU,2026-09-21,between,78.0,79.0,0.9,0.99,0.01,0.1,min,79.0,0,1.84,real_measured,0.2066,estimated,2026-09-21T17:03:35.507851+00:00
KXLOWTHOU,KXLOWTHOU-26SEP21-B76.5,Low Temperature Houston,KHOU,2026-09-21,between,76.0,77.0,0.0,0.09,0.91,1.0,min,79.0,0,1.84,real_measured,0.087,estimated,2026-09-21T17:03:35.507851+00:00
KXLOWTHOU,KXLOWTHOU-26SEP21-B74.5,Low Temperature Houston,KHOU,2026-09-21,between,74.0,75.0,0.0,0.01,0.99,1.0,min,79.0,0,1.84,real_measured,0.0116,estimated,2026-09-21T17:03:35.507851+00:00
KXLOWTHOU,KXLOWTHOU-26SEP21-B72.5,Low Temperature Houston,KHOU,2026-09-21,between,72.0,73.0,0.0,0.02,0.98,1.0,min,79.0,0,1.84,real_measured,0.0005,estimated,2026-09-21T17:03:35.507851+00:00
KXHIGHTHOU,KXHIGHTHOU-26SEP22-T93,Daily High Temperature Houston,KHOU,2026-09-22,less,,93.0,0.02,0.04,0.96,0.98,max,95.0,1,1.73,real_measured,0.1234,estimated,2026-09-21T17:03:35.507851+00:00
KXHIGHTHOU,KXHIGHTHOU-26SEP22-T100,Daily High Temperature Houston,KHOU,2026-09-22,greater,100.0,,0.0,0.02,0.98,1.0,max,95.0,1,1.73,real_measured,0.0019,estimated,2026-09-21T17:03:35.507851+00:00
KXHIGHTHOU,KXHIGHTHOU-26SEP22-B99.5,Daily High Temperature Houston,KHOU,2026-09-22,between,99.0,100.0,0.05,0.08,0.92,0.95,max,95.0,1,1.73,real_measured,0.0084,estimated,2026-09-21T17:03:35.507851+00:00
KXHIGHTHOU,KXHIGHTHOU-26SEP22-B97.5,Daily High Temperature Houston,KHOU,2026-09-22,between,97.0,98.0,0.27,0.32,0.68,0.73,max,95.0,1,1.73,real_measured,0.0822,estimated,2026-09-21T17:03:35.507851+00:00
KXHIGHTHOU,KXHIGHTHOU-26SEP22-B95.5,Daily High Temperature Houston,KHOU,2026-09-22,between,95.0,96.0,0.36,0.41,0.59,0.64,max,95.0,1,1.73,real_measured,0.2187,estimated,2026-09-21T17:03:35.507851+00:00
KXHIGHTHOU,KXHIGHTHOU-26SEP22-B93.5,Daily High Temperature Houston,KHOU,2026-09-22,between,93.0,94.0,0.11,0.19,0.81,0.89,max,95.0,1,1.73,real_measured,0.1579,estimated,2026-09-21T17:03:35.507851+00:00
KXHIGHTHOU,KXHIGHTHOU-26SEP21-T99,Daily High Temperature Houston,KHOU,2026-09-21,greater,99.0,,0.0,0.01,0.99,1.0,max,94.0,0,1.84,real_measured,0.0033,estimated,2026-09-21T17:03:35.507851+00:00
KXHIGHTHOU,KXHIGHTHOU-26SEP21-T92,Daily High Temperature Houston,KHOU,2026-09-21,less,,92.0,0.0,0.01,0.99,1.0,max,94.0,0,1.84,real_measured,0.1385,estimated,2026-09-21T17:03:35.507851+00:00
KXHIGHTHOU,KXHIGHTHOU-26SEP21-B98.5,Daily High Temperature Houston,KHOU,2026-09-21,between,98.0,99.0,0.0,0.01,0.99,1.0,max,94.0,0,1.84,real_measured,0.0116,estimated,2026-09-21T17:03:35.507851+00:00
KXHIGHTHOU,KXHIGHTHOU-26SEP21-B96.5,Daily High Temperature Houston,KHOU,2026-09-21,between,96.0,97.0,0.02,0.03,0.97,0.98,max,94.0,0,1.84,real_measured,0.087,estimated,2026-09-21T17:03:35.507851+00:00
KXHIGHTHOU,KXHIGHTHOU-26SEP21-B94.5,Daily High Temperature Houston,KHOU,2026-09-21,between,94.0,95.0,0.87,0.89,0.11,0.13,max,94.0,0,1.84,real_measured,0.2066,estimated,2026-09-21T17:03:35.507851+00:00
KXHIGHTHOU,KXHIGHTHOU-26SEP21-B92.5,Daily High Temperature Houston,KHOU,2026-09-21,between,92.0,93.0,0.12,0.13,0.87,0.88,max,94.0,0,1.84,real_measured,0.1549,estimated,2026-09-21T17:03:35.507851+00:00
KXLOWTPHX,KXLOWTPHX-26SEP22-T79,Low Temperature Phoenix,KPHX,2026-09-22,greater,79.0,,0.52,0.62,0.38,0.48,min,78.0,1,1.73,real_measured,0.2813,estimated,2026-09-21T17:03:35.507851+00:00
KXLOWTPHX,KXLOWTPHX-26SEP22-T72,Low Temperature Phoenix,KPHX,2026-09-22,less,,72.0,0.0,0.01,0.99,1.0,min,78.0,1,1.73,real_measured,0.0003,estimated,2026-09-21T17:03:35.507851+00:00
KXLOWTPHX,KXLOWTPHX-26SEP22-B78.5,Low Temperature Phoenix,KPHX,2026-09-22,between,78.0,79.0,0.26,0.34,0.66,0.74,min,78.0,1,1.73,real_measured,0.2187,estimated,2026-09-21T17:03:35.507851+00:00
KXLOWTPHX,KXLOWTPHX-26SEP22-B76.5,Low Temperature Phoenix,KPHX,2026-09-22,between,76.0,77.0,0.05,0.12,0.88,0.95,min,78.0,1,1.73,real_measured,0.1579,estimated,2026-09-21T17:03:35.507851+00:00
KXLOWTPHX,KXLOWTPHX-26SEP22-B74.5,Low Temperature Phoenix,KPHX,2026-09-22,between,74.0,75.0,0.04,0.1,0.9,0.96,min,78.0,1,1.73,real_measured,0.0309,estimated,2026-09-21T17:03:35.507851+00:00
KXLOWTPHX,KXLOWTPHX-26SEP22-B72.5,Low Temperature Phoenix,KPHX,2026-09-22,between,72.0,73.0,0.01,0.03,0.97,0.99,min,78.0,1,1.73,real_measured,0.0016,estimated,2026-09-21T17:03:35.507851+00:00
KXLOWTPHX,KXLOWTPHX-26SEP21-T81,Low Temperature Phoenix,KPHX,2026-09-21,greater,81.0,,0.96,0.99,0.01,0.04,min,81.0,0,1.84,real_measured,0.5,estimated,2026-09-21T17:03:35.507851+00:00
KXLOWTPHX,KXLOWTPHX-26SEP21-T74,Low Temperature Phoenix,KPHX,2026-09-21,less,,74.0,0.0,0.01,0.99,1.0,min,81.0,0,1.84,real_measured,0.0001,estimated,2026-09-21T17:03:35.507851+00:00
KXLOWTPHX,KXLOWTPHX-26SEP21-B80.5,Low Temperature Phoenix,KPHX,2026-09-21,between,80.0,81.0,0.01,0.03,0.97,0.99,min,81.0,0,1.84,real_measured,0.2066,estimated,2026-09-21T17:03:35.507851+00:00
KXLOWTPHX,KXLOWTPHX-26SEP21-B78.5,Low Temperature Phoenix,KPHX,2026-09-21,between,78.0,79.0,0.0,0.01,0.99,1.0,min,81.0,0,1.84,real_measured,0.087,estimated,2026-09-21T17:03:35.507851+00:00
KXLOWTPHX,KXLOWTPHX-26SEP21-B76.5,Low Temperature Phoenix,KPHX,2026-09-21,between,76.0,77.0,0.0,0.01,0.99,1.0,min,81.0,0,1.84,real_measured,0.0116,estimated,2026-09-21T17:03:35.507851+00:00
KXLOWTPHX,KXLOWTPHX-26SEP21-B74.5,Low Temperature Phoenix,KPHX,2026-09-21,between,74.0,75.0,0.0,0.01,0.99,1.0,min,81.0,0,1.84,real_measured,0.0005,estimated,2026-09-21T17:03:35.507851+00:00
KXHIGHPHIL,KXHIGHPHIL-26SEP22-T69,Highest temperature in Philadelphia,KPHL,2026-09-22,greater,69.0,,0.01,0.02,0.98,0.99,max,64.0,1,1.73,real_measured,0.0019,estimated,2026-09-21T17:03:35.507851+00:00
KXHIGHPHIL,KXHIGHPHIL-26SEP22-T62,Highest temperature in Philadelphia,KPHL,2026-09-22,less,,62.0,0.0,0.02,0.98,1.0,max,64.0,1,1.73,real_measured,0.1234,estimated,2026-09-21T17:03:35.507851+00:00
KXHIGHPHIL,KXHIGHPHIL-26SEP22-B68.5,Highest temperature in Philadelphia,KPHL,2026-09-22,between,68.0,69.0,0.18,0.2,0.8,0.82,max,64.0,1,1.73,real_measured,0.0084,estimated,2026-09-21T17:03:35.507851+00:00
KXHIGHPHIL,KXHIGHPHIL-26SEP22-B66.5,Highest temperature in Philadelphia,KPHL,2026-09-22,between,66.0,67.0,0.35,0.36,0.64,0.65,max,64.0,1,1.73,real_measured,0.0822,estimated,2026-09-21T17:03:35.507851+00:00
KXHIGHPHIL,KXHIGHPHIL-26SEP22-B64.5,Highest temperature in Philadelphia,KPHL,2026-09-22,between,64.0,65.0,0.31,0.32,0.68,0.69,max,64.0,1,1.73,real_measured,0.2187,estimated,2026-09-21T17:03:35.507851+00:00
KXHIGHPHIL,KXHIGHPHIL-26SEP22-B62.5,Highest temperature in Philadelphia,KPHL,2026-09-22,between,62.0,63.0,0.04,0.08,0.92,0.96,max,64.0,1,1.73,real_measured,0.1579,estimated,2026-09-21T17:03:35.507851+00:00
KXHIGHPHIL,KXHIGHPHIL-26SEP21-T75,Highest temperature in Philadelphia,KPHL,2026-09-21,greater,75.0,,0.2,0.23,0.77,0.8,max,72.0,0,1.84,real_measured,0.0515,estimated,2026-09-21T17:03:35.507851+00:00
KXHIGHPHIL,KXHIGHPHIL-26SEP21-T68,Highest temperature in Philadelphia,KPHL,2026-09-21,less,,68.0,0.0,0.01,0.99,1.0,max,72.0,0,1.84,real_measured,0.0149,estimated,2026-09-21T17:03:35.507851+00:00
KXHIGHPHIL,KXHIGHPHIL-26SEP21-B74.5,Highest temperature in Philadelphia,KPHL,2026-09-21,between,74.0,75.0,0.67,0.68,0.32,0.33,max,72.0,0,1.84,real_measured,0.087,estimated,2026-09-21T17:03:35.507851+00:00
KXHIGHPHIL,KXHIGHPHIL-26SEP21-B72.5,Highest temperature in Philadelphia,KPHL,2026-09-21,between,72.0,73.0,0.08,0.15,0.85,0.92,max,72.0,0,1.84,real_measured,0.2066,estimated,2026-09-21T17:03:35.507851+00:00
KXHIGHPHIL,KXHIGHPHIL-26SEP21-B70.5,Highest temperature in Philadelphia,KPHL,2026-09-21,between,70.0,71.0,0.0,0.01,0.99,1.0,max,72.0,0,1.84,real_measured,0.1549,estimated,2026-09-21T17:03:35.507851+00:00
KXHIGHPHIL,KXHIGHPHIL-26SEP21-B68.5,Highest temperature in Philadelphia,KPHL,2026-09-21,between,68.0,69.0,0.0,0.01,0.99,1.0,max,72.0,0,1.84,real_measured,0.0367,estimated,2026-09-21T17:03:35.507851+00:00
KXLOWTLV,KXLOWTLV-26SEP22-T72,Las Vegas Daily Low Temperature,KLAS,2026-09-22,greater,72.0,,0.06,0.09,0.91,0.94,min,71.0,1,1.73,real_measured,0.2813,estimated,2026-09-21T17:03:35.507851+00:00
KXLOWTLV,KXLOWTLV-26SEP22-T65,Las Vegas Daily Low Temperature,KLAS,2026-09-22,less,,65.0,0.0,0.01,0.99,1.0,min,71.0,1,1.73,real_measured,0.0003,estimated,2026-09-21T17:03:35.507851+00:00
KXLOWTLV,KXLOWTLV-26SEP22-B71.5,Las Vegas Daily Low Temperature,KLAS,2026-09-22,between,71.0,72.0,0.19,0.29,0.71,0.81,min,71.0,1,1.73,real_measured,0.2187,estimated,2026-09-21T17:03:35.507851+00:00
KXLOWTLV,KXLOWTLV-26SEP22-B69.5,Las Vegas Daily Low Temperature,KLAS,2026-09-22,between,69.0,70.0,0.47,0.54,0.46,0.53,min,71.0,1,1.73,real_measured,0.1579,estimated,2026-09-21T17:03:35.507851+00:00
KXLOWTLV,KXLOWTLV-26SEP22-B67.5,Las Vegas Daily Low Temperature,KLAS,2026-09-22,between,67.0,68.0,0.12,0.13,0.87,0.88,min,71.0,1,1.73,real_measured,0.0309,estimated,2026-09-21T17:03:35.507851+00:00
KXLOWTLV,KXLOWTLV-26SEP22-B65.5,Las Vegas Daily Low Temperature,KLAS,2026-09-22,between,65.0,66.0,0.02,0.09,0.91,0.98,min,71.0,1,1.73,real_measured,0.0016,estimated,2026-09-21T17:03:35.507851+00:00
KXLOWTLV,KXLOWTLV-26SEP21-T76,Las Vegas Daily Low Temperature,KLAS,2026-09-21,greater,76.0,,0.0,0.01,0.99,1.0,min,76.0,0,1.84,real_measured,0.5,estimated,2026-09-21T17:03:35.507851+00:00
KXLOWTLV,KXLOWTLV-26SEP21-T69,Las Vegas Daily Low Temperature,KLAS,2026-09-21,less,,69.0,0.0,0.01,0.99,1.0,min,76.0,0,1.84,real_measured,0.0001,estimated,2026-09-21T17:03:35.507851+00:00
KXLOWTLV,KXLOWTLV-26SEP21-B75.5,Las Vegas Daily Low Temperature,KLAS,2026-09-21,between,75.0,76.0,0.81,0.94,0.06,0.19,min,76.0,0,1.84,real_measured,0.2066,estimated,2026-09-21T17:03:35.507851+00:00
KXLOWTLV,KXLOWTLV-26SEP21-B73.5,Las Vegas Daily Low Temperature,KLAS,2026-09-21,between,73.0,74.0,0.05,0.16,0.84,0.95,min,76.0,0,1.84,real_measured,0.087,estimated,2026-09-21T17:03:35.507851+00:00
KXLOWTLV,KXLOWTLV-26SEP21-B71.5,Las Vegas Daily Low Temperature,KLAS,2026-09-21,between,71.0,72.0,0.01,0.03,0.97,0.99,min,76.0,0,1.84,real_measured,0.0116,estimated,2026-09-21T17:03:35.507851+00:00
KXLOWTLV,KXLOWTLV-26SEP21-B69.5,Las Vegas Daily Low Temperature,KLAS,2026-09-21,between,69.0,70.0,0.0,0.01,0.99,1.0,min,76.0,0,1.84,real_measured,0.0005,estimated,2026-09-21T17:03:35.507851+00:00
KXHIGHTPHX,KXHIGHTPHX-26SEP22-T96,Phoenix High Temperature Daily,KPHX,2026-09-22,less,,96.0,0.0,0.02,0.98,1.0,max,99.0,1,1.73,real_measured,0.0412,estimated,2026-09-21T17:03:35.507851+00:00
KXHIGHTPHX,KXHIGHTPHX-26SEP22-T103,Phoenix High Temperature Daily,KPHX,2026-09-22,greater,103.0,,0.0,0.03,0.97,1.0,max,99.0,1,1.73,real_measured,0.0103,estimated,2026-09-21T17:03:35.507851+00:00
KXHIGHTPHX,KXHIGHTPHX-26SEP22-B98.5,Phoenix High Temperature Daily,KPHX,2026-09-22,between,98.0,99.0,0.2,0.24,0.76,0.8,max,99.0,1,1.73,real_measured,0.2187,estimated,2026-09-21T17:03:35.507851+00:00
KXHIGHTPHX,KXHIGHTPHX-26SEP22-B96.5,Phoenix High Temperature Daily,KPHX,2026-09-22,between,96.0,97.0,0.03,0.04,0.96,0.97,max,99.0,1,1.73,real_measured,0.0822,estimated,2026-09-21T17:03:35.507851+00:00
KXHIGHTPHX,KXHIGHTPHX-26SEP22-B102.5,Phoenix High Temperature Daily,KPHX,2026-09-22,between,102.0,103.0,0.26,0.27,0.73,0.74,max,99.0,1,1.73,real_measured,0.0309,estimated,2026-09-21T17:03:35.507851+00:00
KXHIGHTPHX,KXHIGHTPHX-26SEP22-B100.5,Phoenix High Temperature Daily,KPHX,2026-09-22,between,100.0,101.0,0.4,0.41,0.59,0.6,max,99.0,1,1.73,real_measured,0.1579,estimated,2026-09-21T17:03:35.507851+00:00
KXHIGHTPHX,KXHIGHTPHX-26SEP21-T97,Phoenix High Temperature Daily,KPHX,2026-09-21,less,,97.0,0.0,0.01,0.99,1.0,max,101.0,0,1.84,real_measured,0.0149,estimated,2026-09-21T17:03:35.507851+00:00
KXHIGHTPHX,KXHIGHTPHX-26SEP21-T104,Phoenix High Temperature Daily,KPHX,2026-09-21,greater,104.0,,0.0,0.02,0.98,1.0,max,101.0,0,1.84,real_measured,0.0515,estimated,2026-09-21T17:03:35.507851+00:00
KXHIGHTPHX,KXHIGHTPHX-26SEP21-B99.5,Phoenix High Temperature Daily,KPHX,2026-09-21,between,99.0,100.0,0.05,0.06,0.94,0.95,max,101.0,0,1.84,real_measured,0.1549,estimated,2026-09-21T17:03:35.507851+00:00
KXHIGHTPHX,KXHIGHTPHX-26SEP21-B97.5,Phoenix High Temperature Daily,KPHX,2026-09-21,between,97.0,98.0,0.0,0.01,0.99,1.0,max,101.0,0,1.84,real_measured,0.0367,estimated,2026-09-21T17:03:35.507851+00:00
KXHIGHTPHX,KXHIGHTPHX-26SEP21-B103.5,Phoenix High Temperature Daily,KPHX,2026-09-21,between,103.0,104.0,0.29,0.3,0.7,0.71,max,101.0,0,1.84,real_measured,0.087,estimated,2026-09-21T17:03:35.507851+00:00
KXHIGHTPHX,KXHIGHTPHX-26SEP21-B101.5,Phoenix High Temperature Daily,KPHX,2026-09-21,between,101.0,102.0,0.68,0.69,0.31,0.32,max,101.0,0,1.84,real_measured,0.2066,estimated,2026-09-21T17:03:35.507851+00:00
KXHIGHTSFO,KXHIGHTSFO-26SEP22-T75,San Francisco High Temperature Daily,KSFO,2026-09-22,greater,75.0,,0.01,0.02,0.98,0.99,max,71.0,1,1.73,real_measured,0.0103,estimated,2026-09-21T17:03:35.507851+00:00
KXHIGHTSFO,KXHIGHTSFO-26SEP22-T68,San Francisco High Temperature Daily,KSFO,2026-09-22,less,,68.0,0.24,0.33,0.67,0.76,max,71.0,1,1.73,real_measured,0.0412,estimated,2026-09-21T17:03:35.507851+00:00
KXHIGHTSFO,KXHIGHTSFO-26SEP22-B74.5,San Francisco High Temperature Daily,KSFO,2026-09-22,between,74.0,75.0,0.03,0.06,0.94,0.97,max,71.0,1,1.73,real_measured,0.0309,estimated,2026-09-21T17:03:35.507851+00:00
KXHIGHTSFO,KXHIGHTSFO-26SEP22-B72.5,San Francisco High Temperature Daily,KSFO,2026-09-22,between,72.0,73.0,0.1,0.11,0.89,0.9,max,71.0,1,1.73,real_measured,0.1579,estimated,2026-09-21T17:03:35.507851+00:00
KXHIGHTSFO,KXHIGHTSFO-26SEP22-B70.5,San Francisco High Temperature Daily,KSFO,2026-09-22,between,70.0,71.0,0.25,0.31,0.69,0.75,max,71.0,1,1.73,real_measured,0.2187,estimated,2026-09-21T17:03:35.507851+00:00
KXHIGHTSFO,KXHIGHTSFO-26SEP22-B68.5,San Francisco High Temperature Daily,KSFO,2026-09-22,between,68.0,69.0,0.28,0.32,0.68,0.72,max,71.0,1,1.73,real_measured,0.0822,estimated,2026-09-21T17:03:35.507851+00:00
KXHIGHTSFO,KXHIGHTSFO-26SEP21-T73,San Francisco High Temperature Daily,KSFO,2026-09-21,greater,73.0,,0.0,0.01,0.99,1.0,max,69.0,0,1.84,real_measured,0.0149,estimated,2026-09-21T17:03:35.507851+00:00
KXHIGHTSFO,KXHIGHTSFO-26SEP21-T66,San Francisco High Temperature Daily,KSFO,2026-09-21,less,,66.0,0.25,0.26,0.74,0.75,max,69.0,0,1.84,real_measured,0.0515,estimated,2026-09-21T17:03:35.507851+00:00
KXHIGHTSFO,KXHIGHTSFO-26SEP21-B72.5,San Francisco High Temperature Daily,KSFO,2026-09-21,between,72.0,73.0,0.0,0.01,0.99,1.0,max,69.0,0,1.84,real_measured,0.0367,estimated,2026-09-21T17:03:35.507851+00:00
KXHIGHTSFO,KXHIGHTSFO-26SEP21-B70.5,San Francisco High Temperature Daily,KSFO,2026-09-21,between,70.0,71.0,0.02,0.03,0.97,0.98,max,69.0,0,1.84,real_measured,0.1549,estimated,2026-09-21T17:03:35.507851+00:00
KXHIGHTSFO,KXHIGHTSFO-26SEP21-B68.5,San Francisco High Temperature Daily,KSFO,2026-09-21,between,68.0,69.0,0.37,0.41,0.59,0.63,max,69.0,0,1.84,real_measured,0.2066,estimated,2026-09-21T17:03:35.507851+00:00
KXHIGHTSFO,KXHIGHTSFO-26SEP21-B66.5,San Francisco High Temperature Daily,KSFO,2026-09-21,between,66.0,67.0,0.38,0.39,0.61,0.62,max,69.0,0,1.84,real_measured,0.087,estimated,2026-09-21T17:03:35.507851+00:00
KXLOWTPHIL,KXLOWTPHIL-26SEP22-T60,Lowest temperature in Philadelphia,KPHL,2026-09-22,greater,60.0,,0.07,0.18,0.82,0.93,min,58.0,1,1.73,real_measured,0.1234,estimated,2026-09-21T17:03:35.507851+00:00
KXLOWTPHIL,KXLOWTPHIL-26SEP22-T53,Lowest temperature in Philadelphia,KPHL,2026-09-22,less,,53.0,0.0,0.04,0.96,1.0,min,58.0,1,1.73,real_measured,0.0019,estimated,2026-09-21T17:03:35.507851+00:00
KXLOWTPHIL,KXLOWTPHIL-26SEP22-B59.5,Lowest temperature in Philadelphia,KPHL,2026-09-22,between,59.0,60.0,0.32,0.42,0.58,0.68,min,58.0,1,1.73,real_measured,0.1579,estimated,2026-09-21T17:03:35.507851+00:00
KXLOWTPHIL,KXLOWTPHIL-26SEP22-B57.5,Lowest temperature in Philadelphia,KPHL,2026-09-22,between,57.0,58.0,0.36,0.44,0.56,0.64,min,58.0,1,1.73,real_measured,0.2187,estimated,2026-09-21T17:03:35.507851+00:00
KXLOWTPHIL,KXLOWTPHIL-26SEP22-B55.5,Lowest temperature in Philadelphia,KPHL,2026-09-22,between,55.0,56.0,0.04,0.09,0.91,0.96,min,58.0,1,1.73,real_measured,0.0822,estimated,2026-09-21T17:03:35.507851+00:00
KXLOWTPHIL,KXLOWTPHIL-26SEP22-B53.5,Lowest temperature in Philadelphia,KPHL,2026-09-22,between,53.0,54.0,0.02,0.05,0.95,0.98,min,58.0,1,1.73,real_measured,0.0084,estimated,2026-09-21T17:03:35.507851+00:00
KXLOWTPHIL,KXLOWTPHIL-26SEP21-T64,Lowest temperature in Philadelphia,KPHL,2026-09-21,greater,64.0,,0.46,0.55,0.45,0.54,min,64.0,0,1.84,real_measured,0.5,estimated,2026-09-21T17:03:35.507851+00:00
KXLOWTPHIL,KXLOWTPHIL-26SEP21-T57,Lowest temperature in Philadelphia,KPHL,2026-09-21,less,,57.0,0.0,0.01,0.99,1.0,min,64.0,0,1.84,real_measured,0.0001,estimated,2026-09-21T17:03:35.507851+00:00
KXLOWTPHIL,KXLOWTPHIL-26SEP21-B63.5,Lowest temperature in Philadelphia,KPHL,2026-09-21,between,63.0,64.0,0.31,0.41,0.59,0.69,min,64.0,0,1.84,real_measured,0.2066,estimated,2026-09-21T17:03:35.507851+00:00
KXLOWTPHIL,KXLOWTPHIL-26SEP21-B61.5,Lowest temperature in Philadelphia,KPHL,2026-09-21,between,61.0,62.0,0.02,0.05,0.95,0.98,min,64.0,0,1.84,real_measured,0.087,estimated,2026-09-21T17:03:35.507851+00:00
KXLOWTPHIL,KXLOWTPHIL-26SEP21-B59.5,Lowest temperature in Philadelphia,KPHL,2026-09-21,between,59.0,60.0,0.0,0.02,0.98,1.0,min,64.0,0,1.84,real_measured,0.0116,estimated,2026-09-21T17:03:35.507851+00:00
KXLOWTPHIL,KXLOWTPHIL-26SEP21-B57.5,Lowest temperature in Philadelphia,KPHL,2026-09-21,between,57.0,58.0,0.0,0.01,0.99,1.0,min,64.0,0,1.84,real_measured,0.0005,estimated,2026-09-21T17:03:35.507851+00:00
KXLOWTOKC,KXLOWTOKC-26SEP22-T65,Low Temperature Oklahoma City,KOKC,2026-09-22,greater,65.0,,0.33,0.34,0.66,0.67,min,64.0,1,1.73,real_measured,0.2813,estimated,2026-09-21T17:03:35.507851+00:00
KXLOWTOKC,KXLOWTOKC-26SEP22-T58,Low Temperature Oklahoma City,KOKC,2026-09-22,less,,58.0,0.02,0.03,0.97,0.98,min,64.0,1,1.73,real_measured,0.0003,estimated,2026-09-21T17:03:35.507851+00:00
KXLOWTOKC,KXLOWTOKC-26SEP22-B64.5,Low Temperature Oklahoma City,KOKC,2026-09-22,between,64.0,65.0,0.21,0.34,0.66,0.79,min,64.0,1,1.73,real_measured,0.2187,estimated,2026-09-21T17:03:35.507851+00:00
KXLOWTOKC,KXLOWTOKC-26SEP22-B62.5,Low Temperature Oklahoma City,KOKC,2026-09-22,between,62.0,63.0,0.14,0.26,0.74,0.86,min,64.0,1,1.73,real_measured,0.1579,estimated,2026-09-21T17:03:35.507851+00:00
KXLOWTOKC,KXLOWTOKC-26SEP22-B60.5,Low Temperature Oklahoma City,KOKC,2026-09-22,between,60.0,61.0,0.05,0.11,0.89,0.95,min,64.0,1,1.73,real_measured,0.0309,estimated,2026-09-21T17:03:35.507851+00:00
KXLOWTOKC,KXLOWTOKC-26SEP22-B58.5,Low Temperature Oklahoma City,KOKC,2026-09-22,between,58.0,59.0,0.03,0.09,0.91,0.97,min,64.0,1,1.73,real_measured,0.0016,estimated,2026-09-21T17:03:35.507851+00:00
KXLOWTOKC,KXLOWTOKC-26SEP21-T67,Low Temperature Oklahoma City,KOKC,2026-09-21,greater,67.0,,0.97,0.99,0.01,0.03,min,66.0,0,1.84,real_measured,0.2934,estimated,2026-09-21T17:03:35.507851+00:00
KXLOWTOKC,KXLOWTOKC-26SEP21-T60,Low Temperature Oklahoma City,KOKC,2026-09-21,less,,60.0,0.0,0.01,0.99,1.0,min,66.0,0,1.84,real_measured,0.0006,estimated,2026-09-21T17:03:35.507851+00:00
KXLOWTOKC,KXLOWTOKC-26SEP21-B66.5,Low Temperature Oklahoma City,KOKC,2026-09-21,between,66.0,67.0,0.02,0.05,0.95,0.98,min,66.0,0,1.84,real_measured,0.2066,estimated,2026-09-21T17:03:35.507851+00:00
KXLOWTOKC,KXLOWTOKC-26SEP21-B64.5,Low Temperature Oklahoma City,KOKC,2026-09-21,between,64.0,65.0,0.01,0.03,0.97,0.99,min,66.0,0,1.84,real_measured,0.1549,estimated,2026-09-21T17:03:35.507851+00:00
KXLOWTOKC,KXLOWTOKC-26SEP21-B62.5,Low Temperature Oklahoma City,KOKC,2026-09-21,between,62.0,63.0,0.0,0.06,0.94,1.0,min,66.0,0,1.84,real_measured,0.0367,estimated,2026-09-21T17:03:35.507851+00:00
KXLOWTOKC,KXLOWTOKC-26SEP21-B60.5,Low Temperature Oklahoma City,KOKC,2026-09-21,between,60.0,61.0,0.0,0.01,0.99,1.0,min,66.0,0,1.84,real_measured,0.0027,estimated,2026-09-21T17:03:35.507851+00:00
KXHIGHTEWR,KXHIGHTEWR-26SEP22-T70,"Newark, NJ (EWR) Daily Max Temp",KEWR,2026-09-22,greater,70.0,,0.01,0.02,0.98,0.99,max,65.0,1,1.73,real_measured,0.0019,estimated,2026-09-21T17:03:35.507851+00:00
KXHIGHTEWR,KXHIGHTEWR-26SEP22-T63,"Newark, NJ (EWR) Daily Max Temp",KEWR,2026-09-22,less,,63.0,0.01,0.11,0.89,0.99,max,65.0,1,1.73,real_measured,0.1234,estimated,2026-09-21T17:03:35.507851+00:00
KXHIGHTEWR,KXHIGHTEWR-26SEP22-B69.5,"Newark, NJ (EWR) Daily Max Temp",KEWR,2026-09-22,between,69.0,70.0,0.03,0.13,0.87,0.97,max,65.0,1,1.73,real_measured,0.0084,estimated,2026-09-21T17:03:35.507851+00:00
KXHIGHTEWR,KXHIGHTEWR-26SEP22-B67.5,"Newark, NJ (EWR) Daily Max Temp",KEWR,2026-09-22,between,67.0,68.0,0.29,0.38,0.62,0.71,max,65.0,1,1.73,real_measured,0.0822,estimated,2026-09-21T17:03:35.507851+00:00
KXHIGHTEWR,KXHIGHTEWR-26SEP22-B65.5,"Newark, NJ (EWR) Daily Max Temp",KEWR,2026-09-22,between,65.0,66.0,0.39,0.57,0.43,0.61,max,65.0,1,1.73,real_measured,0.2187,estimated,2026-09-21T17:03:35.507851+00:00
KXHIGHTEWR,KXHIGHTEWR-26SEP22-B63.5,"Newark, NJ (EWR) Daily Max Temp",KEWR,2026-09-22,between,63.0,64.0,0.1,0.28,0.72,0.9,max,65.0,1,1.73,real_measured,0.1579,estimated,2026-09-21T17:03:35.507851+00:00
KXHIGHTEWR,KXHIGHTEWR-26SEP21-T72,"Newark, NJ (EWR) Daily Max Temp",KEWR,2026-09-21,greater,72.0,,0.58,0.8,0.2,0.42,max,72.0,0,1.84,real_measured,0.5,estimated,2026-09-21T17:03:35.507851+00:00
KXHIGHTEWR,KXHIGHTEWR-26SEP21-T65,"Newark, NJ (EWR) Daily Max Temp",KEWR,2026-09-21,less,,65.0,0.0,0.01,0.99,1.0,max,72.0,0,1.84,real_measured,0.0001,estimated,2026-09-21T17:03:35.507851+00:00
KXHIGHTEWR,KXHIGHTEWR-26SEP21-B71.5,"Newark, NJ (EWR) Daily Max Temp",KEWR,2026-09-21,between,71.0,72.0,0.22,0.33,0.67,0.78,max,72.0,0,1.84,real_measured,0.2066,estimated,2026-09-21T17:03:35.507851+00:00
KXHIGHTEWR,KXHIGHTEWR-26SEP21-B69.5,"Newark, NJ (EWR) Daily Max Temp",KEWR,2026-09-21,between,69.0,70.0,0.0,0.01,0.99,1.0,max,72.0,0,1.84,real_measured,0.087,estimated,2026-09-21T17:03:35.507851+00:00
KXHIGHTEWR,KXHIGHTEWR-26SEP21-B67.5,"Newark, NJ (EWR) Daily Max Temp",KEWR,2026-09-21,between,67.0,68.0,0.0,0.01,0.99,1.0,max,72.0,0,1.84,real_measured,0.0116,estimated,2026-09-21T17:03:35.507851+00:00
KXHIGHTEWR,KXHIGHTEWR-26SEP21-B65.5,"Newark, NJ (EWR) Daily Max Temp",KEWR,2026-09-21,between,65.0,66.0,0.0,0.01,0.99,1.0,max,72.0,0,1.84,real_measured,0.0005,estimated,2026-09-21T17:03:35.507851+00:00
KXLOWTSEA,KXLOWTSEA-26SEP22-T55,Low Temperature Seattle,KSEA,2026-09-22,greater,55.0,,0.15,0.24,0.76,0.85,min,54.0,1,1.73,real_measured,0.2813,estimated,2026-09-21T17:03:35.507851+00:00
KXLOWTSEA,KXLOWTSEA-26SEP22-T48,Low Temperature Seattle,KSEA,2026-09-22,less,,48.0,0.0,0.01,0.99,1.0,min,54.0,1,1.73,real_measured,0.0003,estimated,2026-09-21T17:03:35.507851+00:00
KXLOWTSEA,KXLOWTSEA-26SEP22-B54.5,Low Temperature Seattle,KSEA,2026-09-22,between,54.0,55.0,0.43,0.58,0.42,0.57,min,54.0,1,1.73,real_measured,0.2187,estimated,2026-09-21T17:03:35.507851+00:00
KXLOWTSEA,KXLOWTSEA-26SEP22-B52.5,Low Temperature Seattle,KSEA,2026-09-22,between,52.0,53.0,0.19,0.3,0.7,0.81,min,54.0,1,1.73,real_measured,0.1579,estimated,2026-09-21T17:03:35.507851+00:00
KXLOWTSEA,KXLOWTSEA-26SEP22-B50.5,Low Temperature Seattle,KSEA,2026-09-22,between,50.0,51.0,0.03,0.07,0.93,0.97,min,54.0,1,1.73,real_measured,0.0309,estimated,2026-09-21T17:03:35.507851+00:00
KXLOWTSEA,KXLOWTSEA-26SEP22-B48.5,Low Temperature Seattle,KSEA,2026-09-22,between,48.0,49.0,0.0,0.08,0.92,1.0,min,54.0,1,1.73,real_measured,0.0016,estimated,2026-09-21T17:03:35.507851+00:00
KXLOWTSEA,KXLOWTSEA-26SEP21-T53,Low Temperature Seattle,KSEA,2026-09-21,greater,53.0,,0.0,0.01,0.99,1.0,min,52.0,0,1.84,real_measured,0.2934,estimated,2026-09-21T17:03:35.507851+00:00
KXLOWTSEA,KXLOWTSEA-26SEP21-T46,Low Temperature Seattle,KSEA,2026-09-21,less,,46.0,0.0,0.01,0.99,1.0,min,52.0,0,1.84,real_measured,0.0006,estimated,2026-09-21T17:03:35.507851+00:00
KXLOWTSEA,KXLOWTSEA-26SEP21-B52.5,Low Temperature Seattle,KSEA,2026-09-21,between,52.0,53.0,0.9,0.93,0.07,0.1,min,52.0,0,1.84,real_measured,0.2066,estimated,2026-09-21T17:03:35.507851+00:00
KXLOWTSEA,KXLOWTSEA-26SEP21-B50.5,Low Temperature Seattle,KSEA,2026-09-21,between,50.0,51.0,0.01,0.1,0.9,0.99,min,52.0,0,1.84,real_measured,0.1549,estimated,2026-09-21T17:03:35.507851+00:00
KXLOWTSEA,KXLOWTSEA-26SEP21-B48.5,Low Temperature Seattle,KSEA,2026-09-21,between,48.0,49.0,0.02,0.04,0.96,0.98,min,52.0,0,1.84,real_measured,0.0367,estimated,2026-09-21T17:03:35.507851+00:00
KXLOWTSEA,KXLOWTSEA-26SEP21-B46.5,Low Temperature Seattle,KSEA,2026-09-21,between,46.0,47.0,0.0,0.01,0.99,1.0,min,52.0,0,1.84,real_measured,0.0027,estimated,2026-09-21T17:03:35.507851+00:00
KXHIGHTSDF,KXHIGHTSDF-26SEP22-T82,HIGHEST Temperature SATX,KSDF,2026-09-22,greater,82.0,,0.03,0.04,0.96,0.97,max,77.0,1,1.73,real_measured,0.0019,estimated,2026-09-21T17:03:35.507851+00:00
KXHIGHTSDF,KXHIGHTSDF-26SEP22-T75,HIGHEST Temperature SATX,KSDF,2026-09-22,less,,75.0,0.51,0.65,0.35,0.49,max,77.0,1,1.73,real_measured,0.1234,estimated,2026-09-21T17:03:35.507851+00:00
KXHIGHTSDF,KXHIGHTSDF-26SEP22-B81.5,HIGHEST Temperature SATX,KSDF,2026-09-22,between,81.0,82.0,0.03,0.1,0.9,0.97,max,77.0,1,1.73,real_measured,0.0084,estimated,2026-09-21T17:03:35.507851+00:00
KXHIGHTSDF,KXHIGHTSDF-26SEP22-B79.5,HIGHEST Temperature SATX,KSDF,2026-09-22,between,79.0,80.0,0.03,0.1,0.9,0.97,max,77.0,1,1.73,real_measured,0.0822,estimated,2026-09-21T17:03:35.507851+00:00
KXHIGHTSDF,KXHIGHTSDF-26SEP22-B77.5,HIGHEST Temperature SATX,KSDF,2026-09-22,between,77.0,78.0,0.03,0.11,0.89,0.97,max,77.0,1,1.73,real_measured,0.2187,estimated,2026-09-21T17:03:35.507851+00:00
KXHIGHTSDF,KXHIGHTSDF-26SEP22-B75.5,HIGHEST Temperature SATX,KSDF,2026-09-22,between,75.0,76.0,0.29,0.4,0.6,0.71,max,77.0,1,1.73,real_measured,0.1579,estimated,2026-09-21T17:03:35.507851+00:00
KXHIGHTSDF,KXHIGHTSDF-26SEP21-T92,HIGHEST Temperature SATX,KSDF,2026-09-21,greater,92.0,,0.0,0.01,0.99,1.0,max,88.0,0,1.84,real_measured,0.0149,estimated,2026-09-21T17:03:35.507851+00:00
KXHIGHTSDF,KXHIGHTSDF-26SEP21-T85,HIGHEST Temperature SATX,KSDF,2026-09-21,less,,85.0,0.01,0.09,0.91,0.99,max,88.0,0,1.84,real_measured,0.0515,estimated,2026-09-21T17:03:35.507851+00:00
KXHIGHTSDF,KXHIGHTSDF-26SEP21-B91.5,HIGHEST Temperature SATX,KSDF,2026-09-21,between,91.0,92.0,0.0,0.01,0.99,1.0,max,88.0,0,1.84,real_measured,0.0367,estimated,2026-09-21T17:03:35.507851+00:00
KXHIGHTSDF,KXHIGHTSDF-26SEP21-B89.5,HIGHEST Temperature SATX,KSDF,2026-09-21,between,89.0,90.0,0.07,0.21,0.79,0.93,max,88.0,0,1.84,real_measured,0.1549,estimated,2026-09-21T17:03:35.507851+00:00
KXHIGHTSDF,KXHIGHTSDF-26SEP21-B87.5,HIGHEST Temperature SATX,KSDF,2026-09-21,between,87.0,88.0,0.28,0.49,0.51,0.72,max,88.0,0,1.84,real_measured,0.2066,estimated,2026-09-21T17:03:35.507851+00:00
KXHIGHTSDF,KXHIGHTSDF-26SEP21-B85.5,HIGHEST Temperature SATX,KSDF,2026-09-21,between,85.0,86.0,0.09,0.26,0.74,0.91,max,88.0,0,1.84,real_measured,0.087,estimated,2026-09-21T17:03:35.507851+00:00
KXHIGHTOKC,KXHIGHTOKC-26SEP22-T91,Oklahoma City Maximum High Temperature,KOKC,2026-09-22,greater,91.0,,0.01,0.02,0.98,0.99,max,86.0,1,1.73,real_measured,0.0019,estimated,2026-09-21T17:03:35.507851+00:00
KXHIGHTOKC,KXHIGHTOKC-26SEP22-T84,Oklahoma City Maximum High Temperature,KOKC,2026-09-22,less,,84.0,0.03,0.09,0.91,0.97,max,86.0,1,1.73,real_measured,0.1234,estimated,2026-09-21T17:03:35.507851+00:00
KXHIGHTOKC,KXHIGHTOKC-26SEP22-B90.5,Oklahoma City Maximum High Temperature,KOKC,2026-09-22,between,90.0,91.0,0.06,0.1,0.9,0.94,max,86.0,1,1.73,real_measured,0.0084,estimated,2026-09-21T17:03:35.507851+00:00
KXHIGHTOKC,KXHIGHTOKC-26SEP22-B88.5,Oklahoma City Maximum High Temperature,KOKC,2026-09-22,between,88.0,89.0,0.28,0.29,0.71,0.72,max,86.0,1,1.73,real_measured,0.0822,estimated,2026-09-21T17:03:35.507851+00:00
KXHIGHTOKC,KXHIGHTOKC-26SEP22-B86.5,Oklahoma City Maximum High Temperature,KOKC,2026-09-22,between,86.0,87.0,0.39,0.45,0.55,0.61,max,86.0,1,1.73,real_measured,0.2187,estimated,2026-09-21T17:03:35.507851+00:00
KXHIGHTOKC,KXHIGHTOKC-26SEP22-B84.5,Oklahoma City Maximum High Temperature,KOKC,2026-09-22,between,84.0,85.0,0.08,0.18,0.82,0.92,max,86.0,1,1.73,real_measured,0.1579,estimated,2026-09-21T17:03:35.507851+00:00
KXHIGHTOKC,KXHIGHTOKC-26SEP21-T89,Oklahoma City Maximum High Temperature,KOKC,2026-09-21,greater,89.0,,0.02,0.03,0.97,0.98,max,88.0,0,1.84,real_measured,0.2934,estimated,2026-09-21T17:03:35.507851+00:00
KXHIGHTOKC,KXHIGHTOKC-26SEP21-T82,Oklahoma City Maximum High Temperature,KOKC,2026-09-21,less,,82.0,0.16,0.17,0.83,0.84,max,88.0,0,1.84,real_measured,0.0006,estimated,2026-09-21T17:03:35.507851+00:00
KXHIGHTOKC,KXHIGHTOKC-26SEP21-B88.5,Oklahoma City Maximum High Temperature,KOKC,2026-09-21,between,88.0,89.0,0.12,0.13,0.87,0.88,max,88.0,0,1.84,real_measured,0.2066,estimated,2026-09-21T17:03:35.507851+00:00
KXHIGHTOKC,KXHIGHTOKC-26SEP21-B86.5,Oklahoma City Maximum High Temperature,KOKC,2026-09-21,between,86.0,87.0,0.35,0.37,0.63,0.65,max,88.0,0,1.84,real_measured,0.1549,estimated,2026-09-21T17:03:35.507851+00:00
KXHIGHTOKC,KXHIGHTOKC-26SEP21-B84.5,Oklahoma City Maximum High Temperature,KOKC,2026-09-21,between,84.0,85.0,0.21,0.24,0.76,0.79,max,88.0,0,1.84,real_measured,0.0367,estimated,2026-09-21T17:03:35.507851+00:00
KXHIGHTOKC,KXHIGHTOKC-26SEP21-B82.5,Oklahoma City Maximum High Temperature,KOKC,2026-09-21,between,82.0,83.0,0.11,0.12,0.88,0.89,max,88.0,0,1.84,real_measured,0.0027,estimated,2026-09-21T17:03:35.507851+00:00
KXLOWTDEN,KXLOWTDEN-26SEP22-T55,Lowest temperature in Denver,KDEN,2026-09-22,greater,55.0,,0.05,0.09,0.91,0.95,min,53.0,1,1.73,real_measured,0.1234,estimated,2026-09-21T17:03:35.507851+00:00
KXLOWTDEN,KXLOWTDEN-26SEP22-T48,Lowest temperature in Denver,KDEN,2026-09-22,less,,48.0,0.07,0.11,0.89,0.93,min,53.0,1,1.73,real_measured,0.0019,estimated,2026-09-21T17:03:35.507851+00:00
KXLOWTDEN,KXLOWTDEN-26SEP22-B54.5,Lowest temperature in Denver,KDEN,2026-09-22,between,54.0,55.0,0.1,0.11,0.89,0.9,min,53.0,1,1.73,real_measured,0.1579,estimated,2026-09-21T17:03:35.507851+00:00
KXLOWTDEN,KXLOWTDEN-26SEP22-B52.5,Lowest temperature in Denver,KDEN,2026-09-22,between,52.0,53.0,0.25,0.35,0.65,0.75,min,53.0,1,1.73,real_measured,0.2187,estimated,2026-09-21T17:03:35.507851+00:00
KXLOWTDEN,KXLOWTDEN-26SEP22-B50.5,Lowest temperature in Denver,KDEN,2026-09-22,between,50.0,51.0,0.25,0.34,0.66,0.75,min,53.0,1,1.73,real_measured,0.0822,estimated,2026-09-21T17:03:35.507851+00:00
KXLOWTDEN,KXLOWTDEN-26SEP22-B48.5,Lowest temperature in Denver,KDEN,2026-09-22,between,48.0,49.0,0.07,0.16,0.84,0.93,min,53.0,1,1.73,real_measured,0.0084,estimated,2026-09-21T17:03:35.507851+00:00
KXLOWTDEN,KXLOWTDEN-26SEP21-T53,Lowest temperature in Denver,KDEN,2026-09-21,greater,53.0,,0.0,0.01,0.99,1.0,min,51.0,0,1.84,real_measured,0.1385,estimated,2026-09-21T17:03:35.507851+00:00
KXLOWTDEN,KXLOWTDEN-26SEP21-T46,Lowest temperature in Denver,KDEN,2026-09-21,less,,46.0,0.0,0.01,0.99,1.0,min,51.0,0,1.84,real_measured,0.0033,estimated,2026-09-21T17:03:35.507851+00:00
KXLOWTDEN,KXLOWTDEN-26SEP21-B52.5,Lowest temperature in Denver,KDEN,2026-09-21,between,52.0,53.0,0.82,0.91,0.09,0.18,min,51.0,0,1.84,real_measured,0.1549,estimated,2026-09-21T17:03:35.507851+00:00
KXLOWTDEN,KXLOWTDEN-26SEP21-B50.5,Lowest temperature in Denver,KDEN,2026-09-21,between,50.0,51.0,0.06,0.17,0.83,0.94,min,51.0,0,1.84,real_measured,0.2066,estimated,2026-09-21T17:03:35.507851+00:00
KXLOWTDEN,KXLOWTDEN-26SEP21-B48.5,Lowest temperature in Denver,KDEN,2026-09-21,between,48.0,49.0,0.0,0.03,0.97,1.0,min,51.0,0,1.84,real_measured,0.087,estimated,2026-09-21T17:03:35.507851+00:00
KXLOWTDEN,KXLOWTDEN-26SEP21-B46.5,Lowest temperature in Denver,KDEN,2026-09-21,between,46.0,47.0,0.0,0.01,0.99,1.0,min,51.0,0,1.84,real_measured,0.0116,estimated,2026-09-21T17:03:35.507851+00:00
KXHIGHCHI,KXHIGHCHI-26SEP22-T69,Highest temperature in Chicago,KMDW,2026-09-22,greater,69.0,,0.01,0.02,0.98,0.99,max,64.0,1,1.73,real_measured,0.0019,estimated,2026-09-21T17:03:35.507851+00:00
KXHIGHCHI,KXHIGHCHI-26SEP22-T62,Highest temperature in Chicago,KMDW,2026-09-22,less,,62.0,0.4,0.41,0.59,0.6,max,64.0,1,1.73,real_measured,0.1234,estimated,2026-09-21T17:03:35.507851+00:00
KXHIGHCHI,KXHIGHCHI-26SEP22-B68.5,Highest temperature in Chicago,KMDW,2026-09-22,between,68.0,69.0,0.01,0.02,0.98,0.99,max,64.0,1,1.73,real_measured,0.0084,estimated,2026-09-21T17:03:35.507851+00:00
KXHIGHCHI,KXHIGHCHI-26SEP22-B66.5,Highest temperature in Chicago,KMDW,2026-09-22,between,66.0,67.0,0.03,0.04,0.96,0.97,max,64.0,1,1.73,real_measured,0.0822,estimated,2026-09-21T17:03:35.507851+00:00
KXHIGHCHI,KXHIGHCHI-26SEP22-B64.5,Highest temperature in Chicago,KMDW,2026-09-22,between,64.0,65.0,0.2,0.22,0.78,0.8,max,64.0,1,1.73,real_measured,0.2187,estimated,2026-09-21T17:03:35.507851+00:00
KXHIGHCHI,KXHIGHCHI-26SEP22-B62.5,Highest temperature in Chicago,KMDW,2026-09-22,between,62.0,63.0,0.38,0.39,0.61,0.62,max,64.0,1,1.73,real_measured,0.1579,estimated,2026-09-21T17:03:35.507851+00:00
KXHIGHCHI,KXHIGHCHI-26SEP21-T70,Highest temperature in Chicago,KMDW,2026-09-21,greater,70.0,,0.0,0.01,0.99,1.0,max,64.0,0,1.84,real_measured,0.0006,estimated,2026-09-21T17:03:35.507851+00:00
KXHIGHCHI,KXHIGHCHI-26SEP21-T63,Highest temperature in Chicago,KMDW,2026-09-21,less,,63.0,0.0,0.01,0.99,1.0,max,64.0,0,1.84,real_measured,0.2934,estimated,2026-09-21T17:03:35.507851+00:00
KXHIGHCHI,KXHIGHCHI-26SEP21-B69.5,Highest temperature in Chicago,KMDW,2026-09-21,between,69.0,70.0,0.0,0.01,0.99,1.0,max,64.0,0,1.84,real_measured,0.0027,estimated,2026-09-21T17:03:35.507851+00:00
KXHIGHCHI,KXHIGHCHI-26SEP21-B67.5,Highest temperature in Chicago,KMDW,2026-09-21,between,67.0,68.0,0.02,0.03,0.97,0.98,max,64.0,0,1.84,real_measured,0.0367,estimated,2026-09-21T17:03:35.507851+00:00
KXHIGHCHI,KXHIGHCHI-26SEP21-B65.5,Highest temperature in Chicago,KMDW,2026-09-21,between,65.0,66.0,0.68,0.69,0.31,0.32,max,64.0,0,1.84,real_measured,0.1549,estimated,2026-09-21T17:03:35.507851+00:00
KXHIGHCHI,KXHIGHCHI-26SEP21-B63.5,Highest temperature in Chicago,KMDW,2026-09-21,between,63.0,64.0,0.24,0.25,0.75,0.76,max,64.0,0,1.84,real_measured,0.2066,estimated,2026-09-21T17:03:35.507851+00:00
KXHIGHTTTN,KXHIGHTTTN-26SEP22-T68,"Trenton, NJ Daily Max Temp",KTTN,2026-09-22,greater,68.0,,0.02,0.04,0.96,0.98,max,63.0,1,1.73,real_measured,0.0019,estimated,2026-09-21T17:03:35.507851+00:00
KXHIGHTTTN,KXHIGHTTTN-26SEP22-T61,"Trenton, NJ Daily Max Temp",KTTN,2026-09-22,less,,61.0,0.04,0.14,0.86,0.96,max,63.0,1,1.73,real_measured,0.1234,estimated,2026-09-21T17:03:35.507851+00:00
KXHIGHTTTN,KXHIGHTTTN-26SEP22-B67.5,"Trenton, NJ Daily Max Temp",KTTN,2026-09-22,between,67.0,68.0,0.03,0.11,0.89,0.97,max,63.0,1,1.73,real_measured,0.0084,estimated,2026-09-21T17:03:35.507851+00:00
KXHIGHTTTN,KXHIGHTTTN-26SEP22-B65.5,"Trenton, NJ Daily Max Temp",KTTN,2026-09-22,between,65.0,66.0,0.17,0.28,0.72,0.83,max,63.0,1,1.73,real_measured,0.0822,estimated,2026-09-21T17:03:35.507851+00:00
KXHIGHTTTN,KXHIGHTTTN-26SEP22-B63.5,"Trenton, NJ Daily Max Temp",KTTN,2026-09-22,between,63.0,64.0,0.37,0.55,0.45,0.63,max,63.0,1,1.73,real_measured,0.2187,estimated,2026-09-21T17:03:35.507851+00:00
KXHIGHTTTN,KXHIGHTTTN-26SEP22-B61.5,"Trenton, NJ Daily Max Temp",KTTN,2026-09-22,between,61.0,62.0,0.2,0.38,0.62,0.8,max,63.0,1,1.73,real_measured,0.1579,estimated,2026-09-21T17:03:35.507851+00:00
KXHIGHTTTN,KXHIGHTTTN-26SEP21-T73,"Trenton, NJ Daily Max Temp",KTTN,2026-09-21,greater,73.0,,0.09,0.12,0.88,0.91,max,70.0,0,1.84,real_measured,0.0515,estimated,2026-09-21T17:03:35.507851+00:00
KXHIGHTTTN,KXHIGHTTTN-26SEP21-T66,"Trenton, NJ Daily Max Temp",KTTN,2026-09-21,less,,66.0,0.0,0.01,0.99,1.0,max,70.0,0,1.84,real_measured,0.0149,estimated,2026-09-21T17:03:35.507851+00:00
KXHIGHTTTN,KXHIGHTTTN-26SEP21-B72.5,"Trenton, NJ Daily Max Temp",KTTN,2026-09-21,between,72.0,73.0,0.24,0.35,0.65,0.76,max,70.0,0,1.84,real_measured,0.087,estimated,2026-09-21T17:03:35.507851+00:00
KXHIGHTTTN,KXHIGHTTTN-26SEP21-B70.5,"Trenton, NJ Daily Max Temp",KTTN,2026-09-21,between,70.0,71.0,0.44,0.55,0.45,0.56,max,70.0,0,1.84,real_measured,0.2066,estimated,2026-09-21T17:03:35.507851+00:00
KXHIGHTTTN,KXHIGHTTTN-26SEP21-B68.5,"Trenton, NJ Daily Max Temp",KTTN,2026-09-21,between,68.0,69.0,0.0,0.01,0.99,1.0,max,70.0,0,1.84,real_measured,0.1549,estimated,2026-09-21T17:03:35.507851+00:00
KXHIGHTTTN,KXHIGHTTTN-26SEP21-B66.5,"Trenton, NJ Daily Max Temp",KTTN,2026-09-21,between,66.0,67.0,0.0,0.01,0.99,1.0,max,70.0,0,1.84,real_measured,0.0367,estimated,2026-09-21T17:03:35.507851+00:00
KXHIGHTSEA,KXHIGHTSEA-26SEP22-T73,Seattle Maximum Temperature Daily,KSEA,2026-09-22,greater,73.0,,0.01,0.02,0.98,0.99,max,69.0,1,1.73,real_measured,0.0103,estimated,2026-09-21T17:03:35.507851+00:00
KXHIGHTSEA,KXHIGHTSEA-26SEP22-T66,Seattle Maximum Temperature Daily,KSEA,2026-09-22,less,,66.0,0.14,0.18,0.82,0.86,max,69.0,1,1.73,real_measured,0.0412,estimated,2026-09-21T17:03:35.507851+00:00
KXHIGHTSEA,KXHIGHTSEA-26SEP22-B72.5,Seattle Maximum Temperature Daily,KSEA,2026-09-22,between,72.0,73.0,0.02,0.04,0.96,0.98,max,69.0,1,1.73,real_measured,0.0309,estimated,2026-09-21T17:03:35.507851+00:00
KXHIGHTSEA,KXHIGHTSEA-26SEP22-B70.5,Seattle Maximum Temperature Daily,KSEA,2026-09-22,between,70.0,71.0,0.06,0.09,0.91,0.94,max,69.0,1,1.73,real_measured,0.1579,estimated,2026-09-21T17:03:35.507851+00:00
KXHIGHTSEA,KXHIGHTSEA-26SEP22-B68.5,Seattle Maximum Temperature Daily,KSEA,2026-09-22,between,68.0,69.0,0.39,0.43,0.57,0.61,max,69.0,1,1.73,real_measured,0.2187,estimated,2026-09-21T17:03:35.507851+00:00
KXHIGHTSEA,KXHIGHTSEA-26SEP22-B66.5,Seattle Maximum Temperature Daily,KSEA,2026-09-22,between,66.0,67.0,0.29,0.34,0.66,0.71,max,69.0,1,1.73,real_measured,0.0822,estimated,2026-09-21T17:03:35.507851+00:00
KXHIGHTSEA,KXHIGHTSEA-26SEP21-T76,Seattle Maximum Temperature Daily,KSEA,2026-09-21,greater,76.0,,0.0,0.01,0.99,1.0,max,69.0,0,1.84,real_measured,0.0001,estimated,2026-09-21T17:03:35.507851+00:00
KXHIGHTSEA,KXHIGHTSEA-26SEP21-T69,Seattle Maximum Temperature Daily,KSEA,2026-09-21,less,,69.0,0.84,0.86,0.14,0.16,max,69.0,0,1.84,real_measured,0.5,estimated,2026-09-21T17:03:35.507851+00:00
KXHIGHTSEA,KXHIGHTSEA-26SEP21-B75.5,Seattle Maximum Temperature Daily,KSEA,2026-09-21,between,75.0,76.0,0.0,0.01,0.99,1.0,max,69.0,0,1.84,real_measured,0.0005,estimated,2026-09-21T17:03:35.507851+00:00
KXHIGHTSEA,KXHIGHTSEA-26SEP21-B73.5,Seattle Maximum Temperature Daily,KSEA,2026-09-21,between,73.0,74.0,0.0,0.01,0.99,1.0,max,69.0,0,1.84,real_measured,0.0116,estimated,2026-09-21T17:03:35.507851+00:00
KXHIGHTSEA,KXHIGHTSEA-26SEP21-B71.5,Seattle Maximum Temperature Daily,KSEA,2026-09-21,between,71.0,72.0,0.01,0.02,0.98,0.99,max,69.0,0,1.84,real_measured,0.087,estimated,2026-09-21T17:03:35.507851+00:00
KXHIGHTSEA,KXHIGHTSEA-26SEP21-B69.5,Seattle Maximum Temperature Daily,KSEA,2026-09-21,between,69.0,70.0,0.16,0.17,0.83,0.84,max,69.0,0,1.84,real_measured,0.2066,estimated,2026-09-21T17:03:35.507851+00:00
KXLOWTNOLA,KXLOWTNOLA-26SEP22-T77,NOLA Low Temperature,KMSY,2026-09-22,greater,77.0,,0.14,0.18,0.82,0.86,min,77.0,1,1.73,real_measured,0.5,estimated,2026-09-21T17:03:35.507851+00:00
KXLOWTNOLA,KXLOWTNOLA-26SEP22-T70,NOLA Low Temperature,KMSY,2026-09-22,less,,70.0,0.0,0.01,0.99,1.0,min,77.0,1,1.73,real_measured,0.0,estimated,2026-09-21T17:03:35.507851+00:00
KXLOWTNOLA,KXLOWTNOLA-26SEP22-B76.5,NOLA Low Temperature,KMSY,2026-09-22,between,76.0,77.0,0.4,0.49,0.51,0.6,min,77.0,1,1.73,real_measured,0.2187,estimated,2026-09-21T17:03:35.507851+00:00
KXLOWTNOLA,KXLOWTNOLA-26SEP22-B74.5,NOLA Low Temperature,KMSY,2026-09-22,between,74.0,75.0,0.27,0.38,0.62,0.73,min,77.0,1,1.73,real_measured,0.0822,estimated,2026-09-21T17:03:35.507851+00:00
KXLOWTNOLA,KXLOWTNOLA-26SEP22-B72.5,NOLA Low Temperature,KMSY,2026-09-22,between,72.0,73.0,0.05,0.11,0.89,0.95,min,77.0,1,1.73,real_measured,0.0084,estimated,2026-09-21T17:03:35.507851+00:00
KXLOWTNOLA,KXLOWTNOLA-26SEP22-B70.5,NOLA Low Temperature,KMSY,2026-09-22,between,70.0,71.0,0.01,0.04,0.96,0.99,min,77.0,1,1.73,real_measured,0.0002,estimated,2026-09-21T17:03:35.507851+00:00
KXLOWTNOLA,KXLOWTNOLA-26SEP21-T78,NOLA Low Temperature,KMSY,2026-09-21,greater,78.0,,0.0,0.01,0.99,1.0,min,77.0,0,1.84,real_measured,0.2934,estimated,2026-09-21T17:03:35.507851+00:00
KXLOWTNOLA,KXLOWTNOLA-26SEP21-T71,NOLA Low Temperature,KMSY,2026-09-21,less,,71.0,0.0,0.01,0.99,1.0,min,77.0,0,1.84,real_measured,0.0006,estimated,2026-09-21T17:03:35.507851+00:00
KXLOWTNOLA,KXLOWTNOLA-26SEP21-B77.5,NOLA Low Temperature,KMSY,2026-09-21,between,77.0,78.0,0.72,0.83,0.17,0.28,min,77.0,0,1.84,real_measured,0.2066,estimated,2026-09-21T17:03:35.507851+00:00
KXLOWTNOLA,KXLOWTNOLA-26SEP21-B75.5,NOLA Low Temperature,KMSY,2026-09-21,between,75.0,76.0,0.12,0.15,0.85,0.88,min,77.0,0,1.84,real_measured,0.1549,estimated,2026-09-21T17:03:35.507851+00:00
KXLOWTNOLA,KXLOWTNOLA-26SEP21-B73.5,NOLA Low Temperature,KMSY,2026-09-21,between,73.0,74.0,0.01,0.08,0.92,0.99,min,77.0,0,1.84,real_measured,0.0367,estimated,2026-09-21T17:03:35.507851+00:00
KXLOWTNOLA,KXLOWTNOLA-26SEP21-B71.5,NOLA Low Temperature,KMSY,2026-09-21,between,71.0,72.0,0.0,0.02,0.98,1.0,min,77.0,0,1.84,real_measured,0.0027,estimated,2026-09-21T17:03:35.507851+00:00
KXHIGHTATL,KXHIGHTATL-26SEP22-T94,Atlanta Max Temperature,KATL,2026-09-22,greater,94.0,,0.0,0.03,0.97,1.0,max,90.0,1,1.73,real_measured,0.0103,estimated,2026-09-21T17:03:35.507851+00:00
KXHIGHTATL,KXHIGHTATL-26SEP22-T87,Atlanta Max Temperature,KATL,2026-09-22,less,,87.0,0.16,0.26,0.74,0.84,max,90.0,1,1.73,real_measured,0.0412,estimated,2026-09-21T17:03:35.507851+00:00
KXHIGHTATL,KXHIGHTATL-26SEP22-B93.5,Atlanta Max Temperature,KATL,2026-09-22,between,93.0,94.0,0.01,0.02,0.98,0.99,max,90.0,1,1.73,real_measured,0.0309,estimated,2026-09-21T17:03:35.507851+00:00
KXHIGHTATL,KXHIGHTATL-26SEP22-B91.5,Atlanta Max Temperature,KATL,2026-09-22,between,91.0,92.0,0.09,0.12,0.88,0.91,max,90.0,1,1.73,real_measured,0.1579,estimated,2026-09-21T17:03:35.507851+00:00
KXHIGHTATL,KXHIGHTATL-26SEP22-B89.5,Atlanta Max Temperature,KATL,2026-09-22,between,89.0,90.0,0.23,0.28,0.72,0.77,max,90.0,1,1.73,real_measured,0.2187,estimated,2026-09-21T17:03:35.507851+00:00
KXHIGHTATL,KXHIGHTATL-26SEP22-B87.5,Atlanta Max Temperature,KATL,2026-09-22,between,87.0,88.0,0.35,0.41,0.59,0.65,max,90.0,1,1.73,real_measured,0.0822,estimated,2026-09-21T17:03:35.507851+00:00
KXHIGHTATL,KXHIGHTATL-26SEP21-T96,Atlanta Max Temperature,KATL,2026-09-21,greater,96.0,,0.0,0.01,0.99,1.0,max,90.0,0,1.84,real_measured,0.0006,estimated,2026-09-21T17:03:35.507851+00:00
KXHIGHTATL,KXHIGHTATL-26SEP21-T89,Atlanta Max Temperature,KATL,2026-09-21,less,,89.0,0.0,0.01,0.99,1.0,max,90.0,0,1.84,real_measured,0.2934,estimated,2026-09-21T17:03:35.507851+00:00
KXHIGHTATL,KXHIGHTATL-26SEP21-B95.5,Atlanta Max Temperature,KATL,2026-09-21,between,95.0,96.0,0.0,0.01,0.99,1.0,max,90.0,0,1.84,real_measured,0.0027,estimated,2026-09-21T17:03:35.507851+00:00
KXHIGHTATL,KXHIGHTATL-26SEP21-B93.5,Atlanta Max Temperature,KATL,2026-09-21,between,93.0,94.0,0.06,0.1,0.9,0.94,max,90.0,0,1.84,real_measured,0.0367,estimated,2026-09-21T17:03:35.507851+00:00
KXHIGHTATL,KXHIGHTATL-26SEP21-B91.5,Atlanta Max Temperature,KATL,2026-09-21,between,91.0,92.0,0.68,0.76,0.24,0.32,max,90.0,0,1.84,real_measured,0.1549,estimated,2026-09-21T17:03:35.507851+00:00
KXHIGHTATL,KXHIGHTATL-26SEP21-B89.5,Atlanta Max Temperature,KATL,2026-09-21,between,89.0,90.0,0.1,0.21,0.79,0.9,max,90.0,0,1.84,real_measured,0.2066,estimated,2026-09-21T17:03:35.507851+00:00
KXLOWTLAX,KXLOWTLAX-26SEP22-T65,Lowest Temperature in LA,KLAX,2026-09-22,greater,65.0,,0.68,0.78,0.22,0.32,min,64.0,1,1.73,real_measured,0.2813,estimated,2026-09-21T17:03:35.507851+00:00
KXLOWTLAX,KXLOWTLAX-26SEP22-T58,Lowest Temperature in LA,KLAX,2026-09-22,less,,58.0,0.0,0.02,0.98,1.0,min,64.0,1,1.73,real_measured,0.0003,estimated,2026-09-21T17:03:35.507851+00:00
KXLOWTLAX,KXLOWTLAX-26SEP22-B64.5,Lowest Temperature in LA,KLAX,2026-09-22,between,64.0,65.0,0.2,0.26,0.74,0.8,min,64.0,1,1.73,real_measured,0.2187,estimated,2026-09-21T17:03:35.507851+00:00
KXLOWTLAX,KXLOWTLAX-26SEP22-B62.5,Lowest Temperature in LA,KLAX,2026-09-22,between,62.0,63.0,0.02,0.04,0.96,0.98,min,64.0,1,1.73,real_measured,0.1579,estimated,2026-09-21T17:03:35.507851+00:00
KXLOWTLAX,KXLOWTLAX-26SEP22-B60.5,Lowest Temperature in LA,KLAX,2026-09-22,between,60.0,61.0,0.02,0.04,0.96,0.98,min,64.0,1,1.73,real_measured,0.0309,estimated,2026-09-21T17:03:35.507851+00:00
KXLOWTLAX,KXLOWTLAX-26SEP22-B58.5,Lowest Temperature in LA,KLAX,2026-09-22,between,58.0,59.0,0.02,0.06,0.94,0.98,min,64.0,1,1.73,real_measured,0.0016,estimated,2026-09-21T17:03:35.507851+00:00
KXLOWTLAX,KXLOWTLAX-26SEP21-T67,Lowest Temperature in LA,KLAX,2026-09-21,greater,67.0,,0.64,0.7,0.3,0.36,min,65.0,0,1.84,real_measured,0.1385,estimated,2026-09-21T17:03:35.507851+00:00
KXLOWTLAX,KXLOWTLAX-26SEP21-T60,Lowest Temperature in LA,KLAX,2026-09-21,less,,60.0,0.0,0.01,0.99,1.0,min,65.0,0,1.84,real_measured,0.0033,estimated,2026-09-21T17:03:35.507851+00:00
KXLOWTLAX,KXLOWTLAX-26SEP21-B66.5,Lowest Temperature in LA,KLAX,2026-09-21,between,66.0,67.0,0.28,0.38,0.62,0.72,min,65.0,0,1.84,real_measured,0.1549,estimated,2026-09-21T17:03:35.507851+00:00
KXLOWTLAX,KXLOWTLAX-26SEP21-B64.5,Lowest Temperature in LA,KLAX,2026-09-21,between,64.0,65.0,0.02,0.13,0.87,0.98,min,65.0,0,1.84,real_measured,0.2066,estimated,2026-09-21T17:03:35.507851+00:00
KXLOWTLAX,KXLOWTLAX-26SEP21-B62.5,Lowest Temperature in LA,KLAX,2026-09-21,between,62.0,63.0,0.0,0.01,0.99,1.0,min,65.0,0,1.84,real_measured,0.087,estimated,2026-09-21T17:03:35.507851+00:00
KXLOWTLAX,KXLOWTLAX-26SEP21-B60.5,Lowest Temperature in LA,KLAX,2026-09-21,between,60.0,61.0,0.0,0.01,0.99,1.0,min,65.0,0,1.84,real_measured,0.0116,estimated,2026-09-21T17:03:35.507851+00:00
KXLOWTDC,KXLOWTDC-26SEP22-T63,Lowest Temperature DC ,KDCA,2026-09-22,greater,63.0,,0.08,0.12,0.88,0.92,min,63.0,1,1.73,real_measured,0.5,estimated,2026-09-21T17:03:35.507851+00:00
KXLOWTDC,KXLOWTDC-26SEP22-T56,Lowest Temperature DC ,KDCA,2026-09-22,less,,56.0,0.0,0.01,0.99,1.0,min,63.0,1,1.73,real_measured,0.0,estimated,2026-09-21T17:03:35.507851+00:00
KXLOWTDC,KXLOWTDC-26SEP22-B62.5,Lowest Temperature DC ,KDCA,2026-09-22,between,62.0,63.0,0.13,0.2,0.8,0.87,min,63.0,1,1.73,real_measured,0.2187,estimated,2026-09-21T17:03:35.507851+00:00
KXLOWTDC,KXLOWTDC-26SEP22-B60.5,Lowest Temperature DC ,KDCA,2026-09-22,between,60.0,61.0,0.37,0.46,0.54,0.63,min,63.0,1,1.73,real_measured,0.0822,estimated,2026-09-21T17:03:35.507851+00:00
KXLOWTDC,KXLOWTDC-26SEP22-B58.5,Lowest Temperature DC ,KDCA,2026-09-22,between,58.0,59.0,0.27,0.37,0.63,0.73,min,63.0,1,1.73,real_measured,0.0084,estimated,2026-09-21T17:03:35.507851+00:00
KXLOWTDC,KXLOWTDC-26SEP22-B56.5,Lowest Temperature DC ,KDCA,2026-09-22,between,56.0,57.0,0.02,0.08,0.92,0.98,min,63.0,1,1.73,real_measured,0.0002,estimated,2026-09-21T17:03:35.507851+00:00
KXLOWTDC,KXLOWTDC-26SEP21-T67,Lowest Temperature DC ,KDCA,2026-09-21,greater,67.0,,0.11,0.21,0.79,0.89,min,68.0,0,1.84,real_measured,0.7066,estimated,2026-09-21T17:03:35.507851+00:00
KXLOWTDC,KXLOWTDC-26SEP21-T60,Lowest Temperature DC ,KDCA,2026-09-21,less,,60.0,0.01,0.02,0.98,0.99,min,68.0,0,1.84,real_measured,0.0,estimated,2026-09-21T17:03:35.507851+00:00
KXLOWTDC,KXLOWTDC-26SEP21-B66.5,Lowest Temperature DC ,KDCA,2026-09-21,between,66.0,67.0,0.4,0.41,0.59,0.6,min,68.0,0,1.84,real_measured,0.1549,estimated,2026-09-21T17:03:35.507851+00:00
KXLOWTDC,KXLOWTDC-26SEP21-B64.5,Lowest Temperature DC ,KDCA,2026-09-21,between,64.0,65.0,0.18,0.25,0.75,0.82,min,68.0,0,1.84,real_measured,0.0367,estimated,2026-09-21T17:03:35.507851+00:00
KXLOWTDC,KXLOWTDC-26SEP21-B62.5,Lowest Temperature DC ,KDCA,2026-09-21,between,62.0,63.0,0.02,0.05,0.95,0.98,min,68.0,0,1.84,real_measured,0.0027,estimated,2026-09-21T17:03:35.507851+00:00
KXLOWTDC,KXLOWTDC-26SEP21-B60.5,Lowest Temperature DC ,KDCA,2026-09-21,between,60.0,61.0,0.01,0.07,0.93,0.99,min,68.0,0,1.84,real_measured,0.0001,estimated,2026-09-21T17:03:35.507851+00:00
KXLOWTSDF,KXLOWTSDF-26SEP22-T65,Lowest Temperature SDX,KSDF,2026-09-22,greater,65.0,,0.02,0.13,0.87,0.98,min,64.0,1,1.73,real_measured,0.2813,estimated,2026-09-21T17:03:35.507851+00:00
KXLOWTSDF,KXLOWTSDF-26SEP22-T58,Lowest Temperature SDX,KSDF,2026-09-22,less,,58.0,0.0,0.1,0.9,1.0,min,64.0,1,1.73,real_measured,0.0003,estimated,2026-09-21T17:03:35.507851+00:00
KXLOWTSDF,KXLOWTSDF-26SEP22-B64.5,Lowest Temperature SDX,KSDF,2026-09-22,between,64.0,65.0,0.36,0.54,0.46,0.64,min,64.0,1,1.73,real_measured,0.2187,estimated,2026-09-21T17:03:35.507851+00:00
KXLOWTSDF,KXLOWTSDF-26SEP22-B62.5,Lowest Temperature SDX,KSDF,2026-09-22,between,62.0,63.0,0.37,0.55,0.45,0.63,min,64.0,1,1.73,real_measured,0.1579,estimated,2026-09-21T17:03:35.507851+00:00
KXLOWTSDF,KXLOWTSDF-26SEP22-B60.5,Lowest Temperature SDX,KSDF,2026-09-22,between,60.0,61.0,0.05,0.15,0.85,0.95,min,64.0,1,1.73,real_measured,0.0309,estimated,2026-09-21T17:03:35.507851+00:00
KXLOWTSDF,KXLOWTSDF-26SEP22-B58.5,Lowest Temperature SDX,KSDF,2026-09-22,between,58.0,59.0,0.02,0.1,0.9,0.98,min,64.0,1,1.73,real_measured,0.0016,estimated,2026-09-21T17:03:35.507851+00:00
KXLOWTSDF,KXLOWTSDF-26SEP21-T73,Lowest Temperature SDX,KSDF,2026-09-21,greater,73.0,,0.0,0.01,0.99,1.0,min,72.0,0,1.84,real_measured,0.2934,estimated,2026-09-21T17:03:35.507851+00:00
KXLOWTSDF,KXLOWTSDF-26SEP21-T66,Lowest Temperature SDX,KSDF,2026-09-21,less,,66.0,0.0,0.02,0.98,1.0,min,72.0,0,1.84,real_measured,0.0006,estimated,2026-09-21T17:03:35.507851+00:00
KXLOWTSDF,KXLOWTSDF-26SEP21-B72.5,Lowest Temperature SDX,KSDF,2026-09-21,between,72.0,73.0,0.0,0.02,0.98,1.0,min,72.0,0,1.84,real_measured,0.2066,estimated,2026-09-21T17:03:35.507851+00:00
KXLOWTSDF,KXLOWTSDF-26SEP21-B70.5,Lowest Temperature SDX,KSDF,2026-09-21,between,70.0,71.0,0.02,0.13,0.87,0.98,min,72.0,0,1.84,real_measured,0.1549,estimated,2026-09-21T17:03:35.507851+00:00
KXLOWTSDF,KXLOWTSDF-26SEP21-B68.5,Lowest Temperature SDX,KSDF,2026-09-21,between,68.0,69.0,0.57,0.68,0.32,0.43,min,72.0,0,1.84,real_measured,0.0367,estimated,2026-09-21T17:03:35.507851+00:00
KXLOWTSDF,KXLOWTSDF-26SEP21-B66.5,Lowest Temperature SDX,KSDF,2026-09-21,between,66.0,67.0,0.18,0.32,0.68,0.82,min,72.0,0,1.84,real_measured,0.0027,estimated,2026-09-21T17:03:35.507851+00:00
KXLOWTSATX,KXLOWTSATX-26SEP22-T76,Lowest Temperature SATX,KSAT,2026-09-22,greater,76.0,,0.14,0.25,0.75,0.86,min,75.0,1,1.73,real_measured,0.2813,estimated,2026-09-21T17:03:35.507851+00:00
KXLOWTSATX,KXLOWTSATX-26SEP22-T69,Lowest Temperature SATX,KSAT,2026-09-22,less,,69.0,0.0,0.01,0.99,1.0,min,75.0,1,1.73,real_measured,0.0003,estimated,2026-09-21T17:03:35.507851+00:00
KXLOWTSATX,KXLOWTSATX-26SEP22-B75.5,Lowest Temperature SATX,KSAT,2026-09-22,between,75.0,76.0,0.51,0.68,0.32,0.49,min,75.0,1,1.73,real_measured,0.2187,estimated,2026-09-21T17:03:35.507851+00:00
KXLOWTSATX,KXLOWTSATX-26SEP22-B73.5,Lowest Temperature SATX,KSAT,2026-09-22,between,73.0,74.0,0.07,0.18,0.82,0.93,min,75.0,1,1.73,real_measured,0.1579,estimated,2026-09-21T17:03:35.507851+00:00
KXLOWTSATX,KXLOWTSATX-26SEP22-B71.5,Lowest Temperature SATX,KSAT,2026-09-22,between,71.0,72.0,0.02,0.09,0.91,0.98,min,75.0,1,1.73,real_measured,0.0309,estimated,2026-09-21T17:03:35.507851+00:00
KXLOWTSATX,KXLOWTSATX-26SEP22-B69.5,Lowest Temperature SATX,KSAT,2026-09-22,between,69.0,70.0,0.02,0.08,0.92,0.98,min,75.0,1,1.73,real_measured,0.0016,estimated,2026-09-21T17:03:35.507851+00:00
KXLOWTSATX,KXLOWTSATX-26SEP21-T77,Lowest Temperature SATX,KSAT,2026-09-21,greater,77.0,,0.83,0.94,0.06,0.17,min,77.0,0,1.84,real_measured,0.5,estimated,2026-09-21T17:03:35.507851+00:00
KXLOWTSATX,KXLOWTSATX-26SEP21-T70,Lowest Temperature SATX,KSAT,2026-09-21,less,,70.0,0.0,0.01,0.99,1.0,min,77.0,0,1.84,real_measured,0.0001,estimated,2026-09-21T17:03:35.507851+00:00
KXLOWTSATX,KXLOWTSATX-26SEP21-B76.5,Lowest Temperature SATX,KSAT,2026-09-21,between,76.0,77.0,0.02,0.04,0.96,0.98,min,77.0,0,1.84,real_measured,0.2066,estimated,2026-09-21T17:03:35.507851+00:00
KXLOWTSATX,KXLOWTSATX-26SEP21-B74.5,Lowest Temperature SATX,KSAT,2026-09-21,between,74.0,75.0,0.0,0.1,0.9,1.0,min,77.0,0,1.84,real_measured,0.087,estimated,2026-09-21T17:03:35.507851+00:00
KXLOWTSATX,KXLOWTSATX-26SEP21-B72.5,Lowest Temperature SATX,KSAT,2026-09-21,between,72.0,73.0,0.0,0.02,0.98,1.0,min,77.0,0,1.84,real_measured,0.0116,estimated,2026-09-21T17:03:35.507851+00:00
KXLOWTSATX,KXLOWTSATX-26SEP21-B70.5,Lowest Temperature SATX,KSAT,2026-09-21,between,70.0,71.0,0.0,0.02,0.98,1.0,min,77.0,0,1.84,real_measured,0.0005,estimated,2026-09-21T17:03:35.507851+00:00
KXLOWTMIA,KXLOWTMIA-26SEP22-T78,Lowest temperature in Miami,KMIA,2026-09-22,greater,78.0,,0.05,0.09,0.91,0.95,min,77.0,1,1.73,real_measured,0.2813,estimated,2026-09-21T17:03:35.507851+00:00
KXLOWTMIA,KXLOWTMIA-26SEP22-T71,Lowest temperature in Miami,KMIA,2026-09-22,less,,71.0,0.02,0.03,0.97,0.98,min,77.0,1,1.73,real_measured,0.0003,estimated,2026-09-21T17:03:35.507851+00:00
KXLOWTMIA,KXLOWTMIA-26SEP22-B77.5,Lowest temperature in Miami,KMIA,2026-09-22,between,77.0,78.0,0.15,0.26,0.74,0.85,min,77.0,1,1.73,real_measured,0.2187,estimated,2026-09-21T17:03:35.507851+00:00
KXLOWTMIA,KXLOWTMIA-26SEP22-B75.5,Lowest temperature in Miami,KMIA,2026-09-22,between,75.0,76.0,0.37,0.46,0.54,0.63,min,77.0,1,1.73,real_measured,0.1579,estimated,2026-09-21T17:03:35.507851+00:00
KXLOWTMIA,KXLOWTMIA-26SEP22-B73.5,Lowest temperature in Miami,KMIA,2026-09-22,between,73.0,74.0,0.18,0.29,0.71,0.82,min,77.0,1,1.73,real_measured,0.0309,estimated,2026-09-21T17:03:35.507851+00:00
KXLOWTMIA,KXLOWTMIA-26SEP22-B71.5,Lowest temperature in Miami,KMIA,2026-09-22,between,71.0,72.0,0.05,0.12,0.88,0.95,min,77.0,1,1.73,real_measured,0.0016,estimated,2026-09-21T17:03:35.507851+00:00
KXLOWTMIA,KXLOWTMIA-26SEP21-T77,Lowest temperature in Miami,KMIA,2026-09-21,greater,77.0,,0.0,0.01,0.99,1.0,min,76.0,0,1.84,real_measured,0.2934,estimated,2026-09-21T17:03:35.507851+00:00
KXLOWTMIA,KXLOWTMIA-26SEP21-T70,Lowest temperature in Miami,KMIA,2026-09-21,less,,70.0,0.0,0.01,0.99,1.0,min,76.0,0,1.84,real_measured,0.0006,estimated,2026-09-21T17:03:35.507851+00:00
KXLOWTMIA,KXLOWTMIA-26SEP21-B76.5,Lowest temperature in Miami,KMIA,2026-09-21,between,76.0,77.0,0.53,0.66,0.34,0.47,min,76.0,0,1.84,real_measured,0.2066,estimated,2026-09-21T17:03:35.507851+00:00
KXLOWTMIA,KXLOWTMIA-26SEP21-B74.5,Lowest temperature in Miami,KMIA,2026-09-21,between,74.0,75.0,0.23,0.29,0.71,0.77,min,76.0,0,1.84,real_measured,0.1549,estimated,2026-09-21T17:03:35.507851+00:00
KXLOWTMIA,KXLOWTMIA-26SEP21-B72.5,Lowest temperature in Miami,KMIA,2026-09-21,between,72.0,73.0,0.08,0.19,0.81,0.92,min,76.0,0,1.84,real_measured,0.0367,estimated,2026-09-21T17:03:35.507851+00:00
KXLOWTMIA,KXLOWTMIA-26SEP21-B70.5,Lowest temperature in Miami,KMIA,2026-09-21,between,70.0,71.0,0.0,0.06,0.94,1.0,min,76.0,0,1.84,real_measured,0.0027,estimated,2026-09-21T17:03:35.507851+00:00
