date,race_code,state,chamber,district,num_seats,seat,dem_name,rep_name,other_name,incumbent,incumbent_party,inc_running,open_seat,pres_margin,fed_lean,lean,state_swing,inc_adj,cand_strength,inc_hold,env,uncontested,margin,dem_prob,rep_prob,rating,cook,sabato
2026-09-06,AK-HD-1,AK,House,HD-1,1,,,Jeremy Bynum,Grant Echohawk,Jeremy Bynum,R,True,False,-17.3,-18.05,-12.46,3.28,-7.43,0.0,-5.0,5.3,R,-19.59,0.02,0.98,Safe R,,
2026-09-06,AK-HD-10,AK,House,HD-10,1,,,Chuck Kopp,,Chuck Kopp,R,True,False,-3.2,-3.78,-0.43,3.28,-7.43,0.0,-5.0,5.3,R,-7.56,0.02,0.98,Safe R,,
2026-09-06,AK-HD-11,AK,House,HD-11,1,,Danni M. Hall,Julie Coulombe,,Julie Coulombe,R,True,False,-2.2,-3.8,-0.44,3.28,-7.43,0.0,-5.0,5.3,,-7.57,0.3103,0.6897,Lean R,,
2026-09-06,AK-HD-12,AK,House,HD-12,1,,,Jieun C. McDonald,Calvin Schrage,Calvin Schrage,I,True,False,1.4,1.28,3.84,3.28,0.0,0.0,0.0,5.3,R,9.14,0.02,0.98,Safe R,,
2026-09-06,AK-HD-13,AK,House,HD-13,1,,Lisa M. Keller,,,Andy Josephson,D,False,True,1.3,1.36,3.91,3.28,0.0,0.0,0.0,5.3,D,9.21,0.98,0.02,Safe D,,
2026-09-06,AK-HD-14,AK,House,HD-14,1,,,,Alyse Galvin,Alyse Galvin,I,True,False,21.4,21.76,21.11,3.28,0.0,0.0,0.0,5.3,,26.41,0.9579,0.0421,Safe D,,
2026-09-06,AK-HD-15,AK,House,HD-15,1,,Denny Wells,Mia Costello,,Mia Costello,R,True,False,-2.4,-2.91,0.31,3.28,-7.43,-2.13,0.0,5.3,,-3.95,0.398,0.602,Lean R,,
2026-09-06,AK-HD-16,AK,House,HD-16,1,,Carolyn Hall,Liz Vazquez,Phil Isley,Carolyn Hall,D,True,False,14.7,15.34,15.71,3.28,7.43,-0.12,5.0,5.3,,33.32,0.9853,0.0147,Safe D,,
2026-09-06,AK-HD-17,AK,House,HD-17,1,,Zack Fields,Daniel L. Bradley,Matthew H. Salisbury,Zack Fields,D,True,False,33.6,34.94,32.23,3.28,7.43,0.0,5.0,5.3,,49.96,0.9995,0.0005,Safe D,,
2026-09-06,AK-HD-18,AK,House,HD-18,1,,Cliff Groh,Dan Sager,,David Nelson,R,False,True,-15.6,-10.26,-5.89,3.28,0.0,5.3,0.0,5.3,,4.72,0.6212,0.3788,Lean D,,
2026-09-06,AK-HD-19,AK,House,HD-19,1,,Genevieve Mina,,,Genevieve Mina,D,True,False,17.1,19.31,19.05,3.28,7.43,3.64,0.0,5.3,D,35.42,0.98,0.02,Safe D,,
2026-09-06,AK-HD-2,AK,House,HD-2,1,,,Kenny Karl Skaflestad,Rebecca Himschoot,Rebecca Himschoot,I,True,False,0.5,1.24,3.81,3.28,0.0,0.0,0.0,5.3,R,9.11,0.02,0.98,Safe R,,
2026-09-06,AK-HD-20,AK,House,HD-20,1,,Andrew Gray,,Paul Bauer,Andrew Gray,D,True,False,12.2,12.74,13.51,3.28,7.43,0.26,5.0,5.3,D,31.5,0.98,0.02,Safe D,,
2026-09-06,AK-HD-21,AK,House,HD-21,1,,Donna Mears,Aimee Sims,,Donna Mears,D,True,False,8.1,7.36,8.97,3.28,7.43,0.05,5.0,5.3,,26.76,0.9599,0.0401,Safe D,,
2026-09-06,AK-HD-22,AK,House,HD-22,1,,Ted Eischeid,Jose Roel A. Tagle,,Ted Eischeid,D,True,False,1.3,2.0,4.45,3.28,7.43,-0.36,5.0,5.3,,21.83,0.9233,0.0767,Likely D,,
2026-09-06,AK-HD-23,AK,House,HD-23,1,,Jim Arlington,Jamie Allard,,Jamie Allard,R,True,False,-18.5,-20.51,-14.53,3.28,-7.43,-3.06,0.0,5.3,,-19.72,0.0986,0.9014,Likely R,,
2026-09-06,AK-HD-24,AK,House,HD-24,1,,,Ken McCarty,,Dan Saddler,R,False,True,-32.0,-33.39,-25.4,3.28,0.0,-14.54,0.0,5.3,R,-34.64,0.02,0.98,Safe R,,
2026-09-06,AK-HD-25,AK,House,HD-25,1,,,DeLena Johnson,Steven L. Merritt,DeLena Johnson,R,True,False,-35.5,-37.87,-29.17,3.28,-7.43,-15.44,0.0,5.3,R,-46.74,0.02,0.98,Safe R,,
2026-09-06,AK-HD-26,AK,House,HD-26,1,,Jeanne Troshynski,Steve St. Clair,,Steve St. Clair,R,True,False,-54.2,-56.51,-44.9,3.28,-7.43,0.0,-5.0,5.3,,-52.03,0.0003,0.9997,Safe R,,
2026-09-06,AK-HD-27,AK,House,HD-27,1,,,Jubilee Underwood,,Jubilee Underwood,R,True,False,-56.1,-57.83,-46.01,3.28,-7.43,0.0,-5.0,5.3,R,-53.14,0.02,0.98,Safe R,,
2026-09-06,AK-HD-28,AK,House,HD-28,1,,Kathleen M. “Kit” Kennedy,Elexie Moore,,Elexie Moore,R,True,False,-48.4,-50.8,-40.08,3.28,-7.43,0.0,-5.0,5.3,,-47.21,0.001,0.999,Safe R,,
2026-09-06,AK-HD-29,AK,House,HD-29,1,,Kimberly Slone,Garret Nelson,Jessica I. Kusner-Kalarchik,Garret Nelson,R,True,False,-44.8,-46.51,-36.46,3.28,-7.43,0.0,-5.0,5.3,,-43.59,0.0022,0.9978,Safe R,,
2026-09-06,AK-HD-3,AK,House,HD-3,1,,Andi Story,Annette Kreitzer,,Andi Story,D,True,False,14.8,15.41,15.77,3.28,7.43,0.0,5.0,5.3,,33.5,0.9858,0.0142,Safe D,,
2026-09-06,AK-HD-30,AK,House,HD-30,1,,Sandra D. Loomis,Kevin McCabe,,Kevin McCabe,R,True,False,-44.6,-45.79,-35.86,3.28,-7.43,-5.93,0.0,5.3,,-43.92,0.002,0.998,Safe R,,
2026-09-06,AK-HD-31,AK,House,HD-31,1,,Maxine Dibert,Aimeé Moore,Jonathan Powell-Mark,Maxine Dibert,D,True,False,-3.2,-3.28,-0.0,3.28,7.43,1.87,0.0,5.3,,14.6,0.8301,0.1699,Likely D,,
2026-09-06,AK-HD-32,AK,House,HD-32,1,,,Will Stapp,,Will Stapp,R,True,False,-31.6,-32.68,-24.8,3.28,-7.43,-0.92,0.0,5.3,R,-27.84,0.02,0.98,Safe R,,
2026-09-06,AK-HD-33,AK,House,HD-33,1,,,Glenn Prax,Pepper McFarland,Glenn Prax,R,True,False,-51.1,-53.12,-42.04,3.28,-7.43,0.0,-5.0,5.3,R,-49.17,0.02,0.98,Safe R,,
2026-09-06,AK-HD-34,AK,House,HD-34,1,,,Harmony Tomaszewski,Joy Cottle,Frank Tomaszewski,R,False,True,-20.6,-22.47,-16.18,3.28,0.0,0.0,0.0,5.3,R,-10.88,0.02,0.98,Safe R,,
2026-09-06,AK-HD-35,AK,House,HD-35,1,,Ashley Carrick,Jeffrey L. “Jeff” Rentzel,Bridger Terra,Ashley Carrick,D,True,False,5.1,5.87,7.72,3.28,7.43,1.18,0.0,5.3,,21.63,0.9214,0.0786,Likely D,,
2026-09-06,AK-HD-36,AK,House,HD-36,1,,,Becky Schwanke,Crystal Jones,Becky Schwanke,R,True,False,-21.7,-20.55,-14.57,3.28,-7.43,0.0,-5.0,5.3,R,-21.7,0.02,0.98,Safe R,,
2026-09-06,AK-HD-37,AK,House,HD-37,1,,Evelynn M. Trefon,Brenda L. Wilson,Mark Smith,Bryce Edgmon,I,False,True,-6.5,-2.29,0.83,3.28,0.0,0.0,0.0,5.3,,6.13,0.6558,0.3442,Lean D,,
2026-09-06,AK-HD-38,AK,House,HD-38,1,,Nellie Jimmie,Willy Keppel,Joseph R. Amik,Nellie Jimmie,D,True,False,11.9,18.24,18.15,3.28,7.43,0.0,5.0,5.3,,35.88,0.9905,0.0095,Safe D,,
2026-09-06,AK-HD-39,AK,House,HD-39,1,,Neal Foster,,Reynold D. “Papa Joe” Okitkun,Neal Foster,D,True,False,11.8,17.4,17.44,3.28,7.43,10.59,0.0,5.3,D,40.76,0.98,0.02,Safe D,,
2026-09-06,AK-HD-4,AK,House,HD-4,1,,Sara Hannan,,,Sara Hannan,D,True,False,37.5,38.2,34.98,3.28,7.43,0.0,5.0,5.3,D,52.71,0.98,0.02,Safe D,,
2026-09-06,AK-HD-40,AK,House,HD-40,1,,Robyn Niayuq Frier,,,Robyn Niayuq Frier,D,True,False,-9.8,-4.88,-1.35,3.28,7.43,0.0,5.0,5.3,D,16.38,0.98,0.02,Safe D,,
2026-09-06,AK-HD-5,AK,House,HD-5,1,,,Sheldon R.J. Prout,Kathy C. Simpler,Louise Stutes,R,False,True,-12.7,-12.99,-8.19,3.28,0.0,0.0,0.0,5.3,R,-2.89,0.02,0.98,Safe R,,
2026-09-06,AK-HD-6,AK,House,HD-6,1,,,Sarah Vance,Brent Johnson,Sarah Vance,R,True,False,-16.0,-15.86,-10.61,3.28,-7.43,0.0,-5.0,5.3,R,-17.74,0.02,0.98,Safe R,,
2026-09-06,AK-HD-7,AK,House,HD-7,1,,Kate Veh,Justin Ruffridge,,Justin Ruffridge,R,True,False,-44.3,-46.53,-36.48,3.28,-7.43,0.0,-5.0,5.3,,-43.61,0.0022,0.9978,Safe R,,
2026-09-06,AK-HD-8,AK,House,HD-8,1,,,Bill Elam,Frank Quinn,Bill Elam,R,True,False,-49.6,-50.83,-40.11,3.28,-7.43,0.0,-5.0,5.3,R,-47.24,0.02,0.98,Safe R,,
2026-09-06,AK-HD-9,AK,House,HD-9,1,,,John C. Boyle,Ky Holland,Ky Holland,NP,True,False,2.4,1.48,4.02,3.28,0.0,0.0,0.0,5.3,R,9.32,0.02,0.98,Safe R,,
2026-09-06,AK-SD-A,AK,Senate,SD-A,1,,,Bert Stedman,,Bert Stedman,R,True,False,-7.9,-7.81,-3.82,3.28,-7.43,0.0,-5.0,5.3,R,-10.95,0.02,0.98,Safe R,,
2026-09-06,AK-SD-C,AK,Senate,SD-C,1,,,Louise B. Stutes,,Gary Stevens,R,False,True,-14.7,-14.7,-9.63,3.28,0.0,0.0,0.0,5.3,R,-4.33,0.02,0.98,Safe R,,
2026-09-06,AK-SD-E,AK,Senate,SD-E,1,,,Cathy Giessel,,Cathy Giessel,R,True,False,0.0,-0.77,2.11,3.28,-7.43,0.0,-5.0,5.3,R,-5.02,0.02,0.98,Safe R,,
2026-09-06,AK-SD-G,AK,Senate,SD-G,1,,Elvi Gray-Jackson,,Nicholas Danger,Elvi Gray-Jackson,D,True,False,11.2,11.26,12.26,3.28,7.43,0.0,5.0,5.3,D,29.99,0.98,0.02,Safe D,,
2026-09-06,AK-SD-I,AK,Senate,SD-I,1,,Löki Tobin,,,Löki Tobin,D,True,False,14.7,17.46,17.49,3.28,7.43,0.0,5.0,5.3,D,35.22,0.98,0.02,Safe D,,
2026-09-06,AK-SD-K,AK,Senate,SD-K,1,,Bill Wielechowski,,,Bill Wielechowski,D,True,False,5.6,5.34,7.27,3.28,7.43,3.52,0.0,5.3,D,23.52,0.98,0.02,Safe D,,
2026-09-06,AK-SD-M,AK,Senate,SD-M,1,,Patricia R. Chesbro,Cathy Tilton,,Cathy Tilton,R,True,False,-44.4,-46.8,-36.71,3.28,-7.43,0.0,-5.0,5.3,,-43.84,0.0021,0.9979,Safe R,,
2026-09-06,AK-SD-O,AK,Senate,SD-O,1,,Peter Bauer,George Rauscher,,George Rauscher,R,True,False,-44.7,-46.15,-36.16,3.28,-7.43,-16.6,0.0,5.3,,-54.89,0.0002,0.9998,Safe R,,
2026-09-06,AK-SD-Q,AK,Senate,SD-Q,1,,William Hunt,Frank Tomaszewski,,Robert Myers,R,False,True,-34.9,-37.19,-28.6,3.28,0.0,2.83,0.0,5.3,,-20.48,0.0903,0.9097,Likely R,,
2026-09-06,AK-SD-S,AK,Senate,SD-S,1,,Wassilie P. “WG” Guy,Darren Deacon,Bryce Edgmon,Lyman Hoffman,D,False,True,2.3,7.25,8.88,3.28,0.0,0.0,0.0,5.3,,14.18,0.823,0.177,Likely D,,
2026-09-06,AL-HD-1,AL,House,HD-1,1,,,Maurice McCaney,,Phillip Pettus,R,False,True,-49.2,-48.33,-37.48,3.89,0.0,0.0,0.0,5.3,R,-32.18,0.02,0.98,Safe R,,
2026-09-06,AL-HD-10,AL,House,HD-10,1,,Marilyn Lands,Aaron Thomas,,Marilyn Lands,D,True,False,-0.1,-1.34,2.15,3.89,7.43,-2.23,0.0,5.3,,12.65,0.7959,0.2041,Likely D,,
2026-09-06,AL-HD-100,AL,House,HD-100,1,,,Mark Shirey,,Mark Shirey,R,True,False,-39.2,-41.91,-32.07,3.89,-7.43,0.0,-5.0,5.3,R,-39.2,0.02,0.98,Safe R,,
2026-09-06,AL-HD-101,AL,House,HD-101,1,,Joan Friedlander,Chris Pringle,,Chris Pringle,R,True,False,-31.6,-29.12,-21.28,3.89,-7.43,0.0,-5.0,5.3,,-28.42,0.0316,0.9684,Safe R,,
2026-09-06,AL-HD-102,AL,House,HD-102,1,,,Shane Stringer,,Shane Stringer,R,True,False,-67.6,-64.21,-50.87,3.89,-7.43,0.0,-5.0,5.3,R,-58.01,0.02,0.98,Safe R,,
2026-09-06,AL-HD-103,AL,House,HD-103,1,,Barbara Drummond,,,Barbara Drummond,D,True,False,29.8,29.3,27.99,3.89,7.43,0.0,5.0,5.3,D,45.72,0.98,0.02,Safe D,,
2026-09-06,AL-HD-104,AL,House,HD-104,1,,,Margie Wilcox,,Margie Wilcox,R,True,False,-24.0,-25.17,-17.95,3.89,-7.43,0.0,-5.0,5.3,R,-25.08,0.02,0.98,Safe R,,
2026-09-06,AL-HD-105,AL,House,HD-105,1,,,Chip Brown,,Chip Brown,R,True,False,-60.1,-60.62,-47.85,3.89,-7.43,0.0,-5.0,5.3,R,-54.98,0.02,0.98,Safe R,,
2026-09-06,AL-HD-11,AL,House,HD-11,1,,,Heath Allbright,,Heath Allbright,R,True,False,-82.1,-82.04,-65.91,3.89,-7.43,0.0,-5.0,5.3,R,-73.05,0.02,0.98,Safe R,,
2026-09-06,AL-HD-12,AL,House,HD-12,1,,,Cindy Myrex,,Cindy Myrex,R,True,False,-78.3,-78.38,-62.82,3.89,-7.43,0.0,-5.0,5.3,R,-69.95,0.02,0.98,Safe R,,
2026-09-06,AL-HD-13,AL,House,HD-13,1,,,Mike Elliott,,Greg Barnes,R,False,True,-70.5,-70.22,-55.94,3.89,0.0,0.0,0.0,5.3,R,-50.64,0.02,0.98,Safe R,,
2026-09-06,AL-HD-14,AL,House,HD-14,1,,,Tim Wadsworth,,Tim Wadsworth,R,True,False,-80.9,-80.88,-64.93,3.89,-7.43,0.0,-5.0,5.3,R,-72.07,0.02,0.98,Safe R,,
2026-09-06,AL-HD-15,AL,House,HD-15,1,,Nell Brown,Leigh Hulsey,,Leigh Hulsey,R,True,False,-16.1,-14.44,-8.9,3.89,-7.43,-4.53,0.0,5.3,,-15.55,0.1546,0.8454,Likely R,,
2026-09-06,AL-HD-16,AL,House,HD-16,1,,Christian Martin,Bryan Brinyark,,Bryan Brinyark,R,True,False,-74.5,-75.41,-60.32,3.89,-7.43,0.0,-5.0,5.3,,-67.45,0.0,1.0,Safe R,,
2026-09-06,AL-HD-17,AL,House,HD-17,1,,,Phil Segraves,,Tracy Estes,R,False,True,-79.8,-79.16,-63.49,3.89,0.0,0.0,0.0,5.3,R,-58.19,0.02,0.98,Safe R,,
2026-09-06,AL-HD-18,AL,House,HD-18,1,,,Jamie Kiel,,Jamie Kiel,R,True,False,-71.1,-70.1,-55.85,3.89,-7.43,0.0,-5.0,5.3,R,-62.98,0.02,0.98,Safe R,,
2026-09-06,AL-HD-19,AL,House,HD-19,1,,Laura Hall,Donald Barnes,,Laura Hall,D,True,False,29.3,35.01,32.81,3.89,7.43,0.0,5.0,5.3,,50.54,0.9995,0.0005,Safe D,,
2026-09-06,AL-HD-2,AL,House,HD-2,1,,Rick Pressnell,Ben Harrison,,Ben Harrison,R,True,False,-63.4,-65.68,-52.12,3.89,-7.43,0.0,-5.0,5.3,,-59.25,0.0001,0.9999,Safe R,,
2026-09-06,AL-HD-20,AL,House,HD-20,1,,James Linderholm,James Lomax,,James Lomax,R,True,False,-21.4,-25.95,-18.6,3.89,-7.43,0.0,-5.0,5.3,,-25.74,0.0462,0.9538,Safe R,,
2026-09-06,AL-HD-21,AL,House,HD-21,1,,Forrest Satterfield,Rex Reynolds,,Rex Reynolds,R,True,False,-18.9,-21.59,-14.93,3.89,-7.43,0.0,-5.0,5.3,,-22.06,0.0746,0.9254,Likely R,,
2026-09-06,AL-HD-22,AL,House,HD-22,1,,,Ritchie Whorton,,Ritchie Whorton,R,True,False,-48.7,-50.05,-38.93,3.89,-7.43,0.0,-5.0,5.3,R,-46.06,0.02,0.98,Safe R,,
2026-09-06,AL-HD-23,AL,House,HD-23,1,,,Mike Kirkland,,Mike Kirkland,R,True,False,-71.2,-70.32,-56.03,3.89,-7.43,0.0,-5.0,5.3,R,-63.16,0.02,0.98,Safe R,,
2026-09-06,AL-HD-24,AL,House,HD-24,1,,,Nathaniel Ledbetter,,Nathaniel Ledbetter,R,True,False,-72.7,-73.61,-58.8,3.89,-7.43,0.0,-5.0,5.3,R,-65.93,0.02,0.98,Safe R,,
2026-09-06,AL-HD-25,AL,House,HD-25,1,,Allison Montgomery,Phillip Rigsby,,Phillip Rigsby,R,True,False,-9.2,-8.5,-3.89,3.89,-7.43,-2.6,0.0,5.3,,-8.62,0.2864,0.7136,Lean R,,
2026-09-06,AL-HD-26,AL,House,HD-26,1,,,Brock Colvin,,Brock Colvin,R,True,False,-72.9,-72.41,-57.79,3.89,-7.43,-2.31,0.0,5.3,R,-62.23,0.02,0.98,Safe R,,
2026-09-06,AL-HD-27,AL,House,HD-27,1,,,Jeana Ross,,Jeana Ross,R,True,False,-70.6,-70.93,-56.54,3.89,-7.43,0.0,-5.0,5.3,R,-63.67,0.02,0.98,Safe R,,
2026-09-06,AL-HD-28,AL,House,HD-28,1,,Rob Hunter,Mack Butler,,Mack Butler,R,True,False,-28.3,-24.83,-17.66,3.89,-7.43,0.0,-5.0,5.3,,-24.79,0.0525,0.9475,Likely R,,
2026-09-06,AL-HD-29,AL,House,HD-29,1,,,Mark Gidley,,Mark Gidley,R,True,False,-72.3,-73.29,-58.53,3.89,-7.43,0.0,-5.0,5.3,R,-65.66,0.02,0.98,Safe R,,
2026-09-06,AL-HD-3,AL,House,HD-3,1,,,Bubba Underwood,,Bubba Underwood,R,True,False,-31.0,-28.75,-20.97,3.89,-7.43,0.0,-5.0,5.3,R,-28.1,0.02,0.98,Safe R,,
2026-09-06,AL-HD-30,AL,House,HD-30,1,,,Craig Lipscomb,,Craig Lipscomb,R,True,False,-74.4,-76.01,-60.83,3.89,-7.43,0.0,-5.0,5.3,R,-67.96,0.02,0.98,Safe R,,
2026-09-06,AL-HD-31,AL,House,HD-31,1,,,Troy Stubbs,,Troy Stubbs,R,True,False,-59.5,-59.61,-46.99,3.89,-7.43,0.0,-5.0,5.3,R,-54.12,0.02,0.98,Safe R,,
2026-09-06,AL-HD-32,AL,House,HD-32,1,,Debra Foster,Joey Callahan,,Barbara Boyd,D,False,True,-2.0,-3.59,0.26,3.89,0.0,0.0,0.0,5.3,,5.56,0.6418,0.3582,Lean D,,
2026-09-06,AL-HD-33,AL,House,HD-33,1,,,Ben Robbins,,Ben Robbins,R,True,False,-37.5,-35.03,-26.27,3.89,-7.43,-4.75,0.0,5.3,R,-33.15,0.02,0.98,Safe R,,
2026-09-06,AL-HD-34,AL,House,HD-34,1,,,David Standridge,,David Standridge,R,True,False,-80.6,-80.97,-65.01,3.89,-7.43,0.0,-5.0,5.3,R,-72.14,0.02,0.98,Safe R,,
2026-09-06,AL-HD-35,AL,House,HD-35,1,,,Steve Hurst,,Steve Hurst,R,True,False,-58.7,-56.22,-44.14,3.89,-7.43,0.0,-5.0,5.3,R,-51.27,0.02,0.98,Safe R,,
2026-09-06,AL-HD-36,AL,House,HD-36,1,,,Randy Wood,,Randy Wood,R,True,False,-48.5,-47.94,-37.16,3.89,-7.43,0.0,-5.0,5.3,R,-44.29,0.02,0.98,Safe R,,
2026-09-06,AL-HD-37,AL,House,HD-37,1,,Michelle French,Jeff Monroe,,Bob Fincher,R,False,True,-44.7,-43.1,-33.07,3.89,0.0,0.0,0.0,5.3,,-27.77,0.0347,0.9653,Safe R,,
2026-09-06,AL-HD-38,AL,House,HD-38,1,,Hazel Floyd,Kristin Nelson,,Kristin Nelson,R,True,False,-47.0,-41.79,-31.97,3.89,-7.43,0.0,-5.0,5.3,,-39.1,0.0053,0.9947,Safe R,,
2026-09-06,AL-HD-39,AL,House,HD-39,1,,,Ginny Shaver,,Ginny Shaver,R,True,False,-75.9,-73.99,-59.12,3.89,-7.43,0.0,-5.0,5.3,R,-66.25,0.02,0.98,Safe R,,
2026-09-06,AL-HD-4,AL,House,HD-4,1,,Hanu Karlapalem,Parker Moore,,Parker Moore,R,True,False,-28.2,-32.64,-24.25,3.89,-7.43,0.0,-5.0,5.3,,-31.38,0.0201,0.9799,Safe R,,
2026-09-06,AL-HD-40,AL,House,HD-40,1,,Pam Howard,Chad Robertson,,Chad Robertson,R,True,False,-63.4,-61.03,-48.19,3.89,-7.43,-2.49,0.0,5.3,,-52.81,0.0003,0.9997,Safe R,,
2026-09-06,AL-HD-41,AL,House,HD-41,1,,David Morgan,Corley Ellis,,Corley Ellis,R,True,False,-49.4,-47.57,-36.84,3.89,-7.43,-2.34,0.0,5.3,,-41.31,0.0035,0.9965,Safe R,,
2026-09-06,AL-HD-42,AL,House,HD-42,1,,,Van Smith,,Van Smith,R,True,False,-71.2,-70.79,-56.42,3.89,-7.43,0.0,-5.0,5.3,R,-63.56,0.02,0.98,Safe R,,
2026-09-06,AL-HD-43,AL,House,HD-43,1,,Taylor Cook,Arnold Mooney,,Arnold Mooney,R,True,False,-39.5,-42.9,-32.9,3.89,-7.43,-4.57,0.0,5.3,,-39.6,0.0048,0.9952,Safe R,,
2026-09-06,AL-HD-44,AL,House,HD-44,1,,,Danny Garrett,,Danny Garrett,R,True,False,-25.4,-30.39,-22.35,3.89,-7.43,0.0,-5.0,5.3,R,-29.49,0.02,0.98,Safe R,,
2026-09-06,AL-HD-45,AL,House,HD-45,1,,Toni Vaughn,Susan DuBose,,Susan DuBose,R,True,False,-41.8,-44.34,-34.11,3.89,-7.43,0.0,-5.0,5.3,,-41.24,0.0035,0.9965,Safe R,,
2026-09-06,AL-HD-46,AL,House,HD-46,1,,,David Faulkner,,David Faulkner,R,True,False,-16.6,-19.3,-13.0,3.89,-7.43,0.0,-5.0,5.3,R,-20.13,0.02,0.98,Safe R,,
2026-09-06,AL-HD-47,AL,House,HD-47,1,,Jim Toomey,Michael A. Shaw,,Michael A. Shaw,R,True,False,-15.1,-16.56,-10.69,3.89,-7.43,0.0,-5.0,5.3,,-17.82,0.1219,0.8781,Likely R,,
2026-09-06,AL-HD-48,AL,House,HD-48,1,,,Lloyd Peeples,,Jim Carns,R,False,True,-30.8,-35.85,-26.96,3.89,0.0,0.0,0.0,5.3,R,-21.66,0.02,0.98,Safe R,,
2026-09-06,AL-HD-49,AL,House,HD-49,1,,,Russell Bedsole,,Russell Bedsole,R,True,False,-52.4,-48.12,-37.3,3.89,-7.43,0.0,-5.0,5.3,R,-44.44,0.02,0.98,Safe R,,
2026-09-06,AL-HD-5,AL,House,HD-5,1,,Jessie Barcala,Danny Crawford,,Danny Crawford,R,True,False,-41.3,-42.35,-32.44,3.89,-7.43,0.0,-5.0,5.3,,-39.57,0.0048,0.9952,Safe R,,
2026-09-06,AL-HD-50,AL,House,HD-50,1,,Alan Thomas,Bill Morris,,Jim Hill,R,False,True,-60.0,-61.63,-48.7,3.89,0.0,0.0,0.0,5.3,,-43.4,0.0023,0.9977,Safe R,,
2026-09-06,AL-HD-51,AL,House,HD-51,1,,,Allen Treadaway,,Allen Treadaway,R,True,False,-57.4,-61.25,-48.38,3.89,-7.43,0.0,-5.0,5.3,R,-55.51,0.02,0.98,Safe R,,
2026-09-06,AL-HD-52,AL,House,HD-52,1,,GiGi Hayes,,,Kelvin Datcher,D,False,True,62.7,69.43,61.84,3.89,0.0,0.0,0.0,5.3,D,67.14,0.98,0.02,Safe D,,
2026-09-06,AL-HD-53,AL,House,HD-53,1,,Anthony Daniels,,,Anthony Daniels,D,True,False,43.1,44.77,41.04,3.89,7.43,0.0,5.0,5.3,D,58.77,0.98,0.02,Safe D,,
2026-09-06,AL-HD-54,AL,House,HD-54,1,,Neil Rafferty,,,Neil Rafferty,D,True,False,56.2,61.13,54.83,3.89,7.43,0.0,5.0,5.3,D,72.57,0.98,0.02,Safe D,,
2026-09-06,AL-HD-55,AL,House,HD-55,1,,Travis Hendrix,,,Travis Hendrix,D,True,False,68.3,74.86,66.42,3.89,7.43,0.0,5.0,5.3,D,84.15,0.98,0.02,Safe D,,
2026-09-06,AL-HD-56,AL,House,HD-56,1,,Ontario Tillman,,,Ontario Tillman,D,True,False,43.3,46.4,42.41,3.89,7.43,0.0,5.0,5.3,D,60.14,0.98,0.02,Safe D,,
2026-09-06,AL-HD-57,AL,House,HD-57,1,,Patrick Sellers,,,Patrick Sellers,D,True,False,31.2,31.6,29.93,3.89,7.43,0.12,5.0,5.3,D,47.79,0.98,0.02,Safe D,,
2026-09-06,AL-HD-58,AL,House,HD-58,1,,Rolanda Hollis,,,Rolanda Hollis,D,True,False,54.7,56.45,50.89,3.89,7.43,0.0,5.0,5.3,D,68.62,0.98,0.02,Safe D,,
2026-09-06,AL-HD-59,AL,House,HD-59,1,,Mary Moore,,,Mary Moore,D,True,False,62.6,66.31,59.2,3.89,7.43,0.0,5.0,5.3,D,76.93,0.98,0.02,Safe D,,
2026-09-06,AL-HD-6,AL,House,HD-6,1,,,Andy Whitt,,Andy Whitt,R,True,False,-28.6,-31.86,-23.59,3.89,-7.43,0.0,-5.0,5.3,R,-30.72,0.02,0.98,Safe R,,
2026-09-06,AL-HD-60,AL,House,HD-60,1,,Alicia Escott Lumpkin,,,Juandalynn Givan,D,False,True,46.9,49.4,44.94,3.89,0.0,0.0,0.0,5.3,D,50.24,0.98,0.02,Safe D,,
2026-09-06,AL-HD-61,AL,House,HD-61,1,,,Ron Bolton,,Ron Bolton,R,True,False,-46.0,-45.8,-35.35,3.89,-7.43,0.0,-5.0,5.3,R,-42.48,0.02,0.98,Safe R,,
2026-09-06,AL-HD-62,AL,House,HD-62,1,,,Bill Lamb,,Bill Lamb,R,True,False,-43.8,-41.99,-32.14,3.89,-7.43,-2.73,0.0,5.3,R,-36.99,0.02,0.98,Safe R,,
2026-09-06,AL-HD-63,AL,House,HD-63,1,,Judith Taylor,Norman Crow,,Norman Crow,R,True,False,-17.0,-16.47,-10.61,3.89,-7.43,0.0,-5.0,5.3,,-17.74,0.123,0.877,Likely R,,
2026-09-06,AL-HD-64,AL,House,HD-64,1,,,Donna Givens,,Donna Givens,R,True,False,-63.8,-62.64,-49.55,3.89,-7.43,0.0,-5.0,5.3,R,-56.68,0.02,0.98,Safe R,,
2026-09-06,AL-HD-65,AL,House,HD-65,1,,,John Knapp,,Brett Easterbrook,R,False,True,-42.4,-41.71,-31.9,3.89,0.0,0.0,0.0,5.3,R,-26.6,0.02,0.98,Safe R,,
2026-09-06,AL-HD-66,AL,House,HD-66,1,,,Alan Baker,,Alan Baker,R,True,False,-58.5,-56.01,-43.96,3.89,-7.43,0.0,-5.0,5.3,R,-51.09,0.02,0.98,Safe R,,
2026-09-06,AL-HD-67,AL,House,HD-67,1,,Prince Chestnut,,,Prince Chestnut,D,True,False,32.4,33.86,31.84,3.89,7.43,0.0,5.0,5.3,D,49.57,0.98,0.02,Safe D,,
2026-09-06,AL-HD-68,AL,House,HD-68,1,,Thomas Jackson,Fred Kelley,,Thomas Jackson,D,True,False,-0.5,2.08,5.04,3.89,7.43,-0.09,5.0,5.3,,22.68,0.931,0.069,Likely D,,
2026-09-06,AL-HD-69,AL,House,HD-69,1,,Kelvin Lawrence,Josh Pendergrass,,Kelvin Lawrence,D,True,False,7.2,10.93,12.5,3.89,7.43,-0.82,0.0,5.3,,24.41,0.9448,0.0552,Likely D,,
2026-09-06,AL-HD-7,AL,House,HD-7,1,,,Ernie Yarbrough,,Ernie Yarbrough,R,True,False,-57.0,-55.03,-43.14,3.89,-7.43,-0.86,0.0,5.3,R,-46.13,0.02,0.98,Safe R,,
2026-09-06,AL-HD-70,AL,House,HD-70,1,,Chris England,Ian Chwatuk,,Chris England,D,True,False,36.0,39.7,36.76,3.89,7.43,0.0,5.0,5.3,,54.49,0.9998,0.0002,Safe D,,
2026-09-06,AL-HD-71,AL,House,HD-71,1,,A.J. McCampbell,,,A.J. McCampbell,D,True,False,11.0,14.37,15.4,3.89,7.43,0.0,5.0,5.3,D,33.13,0.98,0.02,Safe D,,
2026-09-06,AL-HD-72,AL,House,HD-72,1,,Curtis Travis,,,Curtis Travis,D,True,False,10.5,13.62,14.77,3.89,7.43,0.0,5.0,5.3,D,32.5,0.98,0.02,Safe D,,
2026-09-06,AL-HD-73,AL,House,HD-73,1,,,Kenneth Paschal,,Kenneth Paschal,R,True,False,-27.7,-29.74,-21.81,3.89,-7.43,0.0,-5.0,5.3,R,-28.94,0.02,0.98,Safe R,,
2026-09-06,AL-HD-74,AL,House,HD-74,1,,Jasmyne Crimiel,Alva Lambert,,Phillip Ensler,D,False,True,30.4,27.24,26.25,3.89,0.0,0.0,0.0,5.3,,31.55,0.9805,0.0195,Safe D,,
2026-09-06,AL-HD-75,AL,House,HD-75,1,,Tisha Dickson Nickson,Reed Ingram,,Reed Ingram,R,True,False,-29.0,-29.66,-21.74,3.89,-7.43,0.0,-5.0,5.3,,-28.87,0.0295,0.9705,Safe R,,
2026-09-06,AL-HD-76,AL,House,HD-76,1,,Penni McClammy,,,Penni McClammy,D,True,False,48.2,52.9,47.9,3.89,7.43,0.0,5.0,5.3,D,65.63,0.98,0.02,Safe D,,
2026-09-06,AL-HD-77,AL,House,HD-77,1,,TaShina Morris,,,TaShina Morris,D,True,False,46.1,47.99,43.75,3.89,7.43,0.0,5.0,5.3,D,61.48,0.98,0.02,Safe D,,
2026-09-06,AL-HD-78,AL,House,HD-78,1,,Kenyatté Hassell,,,Kenyatté Hassell,D,True,False,39.5,39.19,36.33,3.89,7.43,0.0,5.0,5.3,D,54.06,0.98,0.02,Safe D,,
2026-09-06,AL-HD-79,AL,House,HD-79,1,,,Joe Lovvorn,,Joe Lovvorn,R,True,False,-11.5,-13.81,-8.37,3.89,-7.43,0.0,-5.0,5.3,R,-15.5,0.02,0.98,Safe R,,
2026-09-06,AL-HD-8,AL,House,HD-8,1,,Bruce Sparkman,Patrick Johnson,,Terri Collins,R,False,True,-28.4,-27.97,-20.31,3.89,0.0,0.0,0.0,5.3,,-15.01,0.1632,0.8368,Likely R,,
2026-09-06,AL-HD-80,AL,House,HD-80,1,,Manfred Malone,Chris Blackshear,,Chris Blackshear,R,True,False,-32.9,-33.47,-24.95,3.89,-7.43,0.0,-5.0,5.3,,-32.08,0.018,0.982,Safe R,,
2026-09-06,AL-HD-81,AL,House,HD-81,1,,,Ed Oliver,,Ed Oliver,R,True,False,-48.1,-46.24,-35.72,3.89,-7.43,0.0,-5.0,5.3,R,-42.85,0.02,0.98,Safe R,,
2026-09-06,AL-HD-82,AL,House,HD-82,1,,Pebblin Warren,Kinsley Hammons,,Pebblin Warren,D,True,False,30.5,22.41,22.18,3.89,7.43,0.0,5.0,5.3,,39.91,0.9955,0.0045,Safe D,,
2026-09-06,AL-HD-83,AL,House,HD-83,1,,Jeremy Gray,,,Jeremy Gray,D,True,False,8.6,6.36,8.64,3.89,7.43,0.0,5.0,5.3,D,26.37,0.98,0.02,Safe D,,
2026-09-06,AL-HD-84,AL,House,HD-84,1,,Berry Forte,,,Berry Forte,D,True,False,1.0,7.63,9.71,3.89,7.43,0.0,5.0,5.3,D,27.44,0.98,0.02,Safe D,,
2026-09-06,AL-HD-85,AL,House,HD-85,1,,Aristotle Kirkland,Rick Rehm,,Rick Rehm,R,True,False,-27.6,-23.5,-16.54,3.89,-7.43,4.6,0.0,5.3,,-14.07,0.1787,0.8213,Likely R,,
2026-09-06,AL-HD-86,AL,House,HD-86,1,,,Paul Lee,,Paul Lee,R,True,False,-57.2,-57.7,-45.38,3.89,-7.43,0.0,-5.0,5.3,R,-52.51,0.02,0.98,Safe R,,
2026-09-06,AL-HD-87,AL,House,HD-87,1,,,Jeff Sorrells,,Jeff Sorrells,R,True,False,-71.7,-72.32,-57.72,3.89,-7.43,0.0,-5.0,5.3,R,-64.85,0.02,0.98,Safe R,,
2026-09-06,AL-HD-88,AL,House,HD-88,1,,,Jerry Starnes,,Jerry Starnes,R,True,False,-37.2,-39.56,-30.09,3.89,-7.43,0.0,-5.0,5.3,R,-37.22,0.02,0.98,Safe R,,
2026-09-06,AL-HD-89,AL,House,HD-89,1,,,Marcus Paramore,,Marcus Paramore,R,True,False,-34.4,-32.44,-24.08,3.89,-7.43,0.0,-5.0,5.3,R,-31.21,0.02,0.98,Safe R,,
2026-09-06,AL-HD-9,AL,House,HD-9,1,,,Scott Stadthagen,,Scott Stadthagen,R,True,False,-71.1,-72.04,-57.48,3.89,-7.43,0.0,-5.0,5.3,R,-64.61,0.02,0.98,Safe R,,
2026-09-06,AL-HD-90,AL,House,HD-90,1,,,Chris Sells,,Chris Sells,R,True,False,-41.5,-39.8,-30.29,3.89,-7.43,0.0,-5.0,5.3,R,-37.42,0.02,0.98,Safe R,,
2026-09-06,AL-HD-91,AL,House,HD-91,1,,,Jody Linton,,Rhett Marques,R,False,True,-52.5,-52.11,-40.67,3.89,0.0,0.0,0.0,5.3,R,-35.37,0.02,0.98,Safe R,,
2026-09-06,AL-HD-92,AL,House,HD-92,1,,,Matthew Hammett,,Matthew Hammett,R,True,False,-71.7,-71.01,-56.61,3.89,-7.43,-1.45,0.0,5.3,R,-60.2,0.02,0.98,Safe R,,
2026-09-06,AL-HD-93,AL,House,HD-93,1,,,Steve Clouse,,Steve Clouse,R,True,False,-49.5,-49.18,-38.2,3.89,-7.43,0.0,-5.0,5.3,R,-45.33,0.02,0.98,Safe R,,
2026-09-06,AL-HD-94,AL,House,HD-94,1,,,Jennifer Fidler,,Jennifer Fidler,R,True,False,-53.2,-53.52,-41.86,3.89,-7.43,0.0,-5.0,5.3,R,-48.99,0.02,0.98,Safe R,,
2026-09-06,AL-HD-95,AL,House,HD-95,1,,,Frances Holk-Jones,,Frances Holk-Jones,R,True,False,-63.1,-63.37,-50.17,3.89,-7.43,0.0,-5.0,5.3,R,-57.3,0.02,0.98,Safe R,,
2026-09-06,AL-HD-96,AL,House,HD-96,1,,Terri Osborne,Danielle Duggar,,Matt Simpson,R,False,True,-44.8,-44.58,-34.32,3.89,0.0,0.0,0.0,5.3,,-29.02,0.0289,0.9711,Safe R,,
2026-09-06,AL-HD-97,AL,House,HD-97,1,,Adline Clarke,,,Adline Clarke,D,True,False,24.0,29.02,27.76,3.89,7.43,0.0,5.0,5.3,D,45.49,0.98,0.02,Safe D,,
2026-09-06,AL-HD-98,AL,House,HD-98,1,,Napoleon Bracy,,,Napoleon Bracy,D,True,False,8.2,7.3,9.44,3.89,7.43,0.0,5.0,5.3,D,27.17,0.98,0.02,Safe D,,
2026-09-06,AL-HD-99,AL,House,HD-99,1,,Sam Jones,Charlie Watts,,Sam Jones,D,True,False,26.0,29.18,27.89,3.89,7.43,0.0,5.0,5.3,,45.62,0.9986,0.0014,Safe D,,
2026-09-06,AL-SD-1,AL,Senate,SD-1,1,,,Tim Melson,,Tim Melson,R,True,False,-53.4,-52.04,-40.61,3.89,-7.43,0.0,-5.0,5.3,R,-47.74,0.02,0.98,Safe R,,
2026-09-06,AL-SD-10,AL,Senate,SD-10,1,,,Andrew Jones,,Andrew Jones,R,True,False,-61.8,-61.01,-48.18,3.89,-7.43,0.0,-5.0,5.3,R,-55.31,0.02,0.98,Safe R,,
2026-09-06,AL-SD-11,AL,Senate,SD-11,1,,Donald Mottern,Lance Bell,,Lance Bell,R,True,False,-52.5,-50.14,-39.01,3.89,-7.43,0.0,-5.0,5.3,,-46.14,0.0013,0.9987,Safe R,,
2026-09-06,AL-SD-12,AL,Senate,SD-12,1,,,Keith Kelley,,Keith Kelley,R,True,False,-43.9,-42.77,-32.79,3.89,-7.43,-2.43,0.0,5.3,R,-37.35,0.02,0.98,Safe R,,
2026-09-06,AL-SD-13,AL,Senate,SD-13,1,,Jamie Forsyth,Randy Price,,Randy Price,R,True,False,-47.9,-46.98,-36.34,3.89,-7.43,0.0,-5.0,5.3,,-43.47,0.0022,0.9978,Safe R,,
2026-09-06,AL-SD-14,AL,Senate,SD-14,1,,Mandie Ledkins,April Weaver,,April Weaver,R,True,False,-45.5,-44.46,-34.22,3.89,-7.43,0.0,-5.0,5.3,,-41.35,0.0034,0.9966,Safe R,,
2026-09-06,AL-SD-15,AL,Senate,SD-15,1,,,Scott Ortis,,Dan Roberts,R,False,True,-36.5,-40.55,-30.92,3.89,0.0,0.0,0.0,5.3,R,-25.62,0.02,0.98,Safe R,,
2026-09-06,AL-SD-16,AL,Senate,SD-16,1,,Spencer Stone,Jabo Waggoner,,Jabo Waggoner,R,True,False,-23.4,-25.63,-18.34,3.89,-7.43,0.0,-5.0,5.3,,-25.47,0.0479,0.9521,Safe R,,
2026-09-06,AL-SD-17,AL,Senate,SD-17,1,,,Shay Shelnutt,,Shay Shelnutt,R,True,False,-63.4,-65.98,-52.37,3.89,-7.43,0.0,-5.0,5.3,R,-59.5,0.02,0.98,Safe R,,
2026-09-06,AL-SD-18,AL,Senate,SD-18,1,,Rodger Smitherman,,,Rodger Smitherman,D,True,False,54.5,60.1,53.96,3.89,7.43,0.0,5.0,5.3,D,71.7,0.98,0.02,Safe D,,
2026-09-06,AL-SD-19,AL,Senate,SD-19,1,,Merika Coleman,,,Merika Coleman,D,True,False,29.1,29.89,28.49,3.89,7.43,0.0,5.0,5.3,D,46.22,0.98,0.02,Safe D,,
2026-09-06,AL-SD-2,AL,Senate,SD-2,1,,Rudolph Drake,John Roberts,,Tom Butler,R,False,True,-1.5,-1.93,1.65,3.89,0.0,0.0,0.0,5.3,,6.95,0.6754,0.3246,Lean D,,
2026-09-06,AL-SD-20,AL,Senate,SD-20,1,,Linda Coleman-Madison,,,Linda Coleman-Madison,D,True,False,52.9,55.14,49.78,3.89,7.43,0.0,5.0,5.3,D,67.51,0.98,0.02,Safe D,,
2026-09-06,AL-SD-21,AL,Senate,SD-21,1,,,Gerald Allen,,Gerald Allen,R,True,False,-30.5,-30.41,-22.37,3.89,-7.43,-1.45,0.0,5.3,R,-25.95,0.02,0.98,Safe R,,
2026-09-06,AL-SD-22,AL,Senate,SD-22,1,,Ashley Sharpe,Terry Waters,,Greg Albritton,R,False,True,-59.9,-58.03,-45.66,3.89,0.0,0.0,0.0,5.3,,-40.36,0.0042,0.9958,Safe R,,
2026-09-06,AL-SD-23,AL,Senate,SD-23,1,,Rob Stewart,Thayer Spencer,,Rob Stewart,D,True,False,5.4,7.53,9.63,3.89,7.43,0.0,5.0,5.3,,27.36,0.9632,0.0368,Safe D,,
2026-09-06,AL-SD-24,AL,Senate,SD-24,1,,Bobby Singleton,,,Bobby Singleton,D,True,False,18.0,19.0,19.31,3.89,7.43,0.0,5.0,5.3,D,37.04,0.98,0.02,Safe D,,
2026-09-06,AL-SD-25,AL,Senate,SD-25,1,,Phadra Carson Foster,Will Barfoot,,Will Barfoot,R,True,False,-27.9,-29.7,-21.77,3.89,-7.43,0.0,-5.0,5.3,,-28.9,0.0294,0.9706,Safe R,,
2026-09-06,AL-SD-26,AL,Senate,SD-26,1,,Kirk Hatcher,,,Kirk Hatcher,D,True,False,50.6,53.08,48.04,3.89,7.43,0.0,5.0,5.3,D,65.77,0.98,0.02,Safe D,,
2026-09-06,AL-SD-27,AL,Senate,SD-27,1,,,Jay Hovey,,Jay Hovey,R,True,False,-25.1,-26.91,-19.42,3.89,-7.43,-5.87,0.0,5.3,R,-27.42,0.02,0.98,Safe R,,
2026-09-06,AL-SD-28,AL,Senate,SD-28,1,,Billy Beasley,Brent Comer,,Billy Beasley,D,True,False,2.4,6.04,8.38,3.89,7.43,0.0,5.0,5.3,,26.11,0.9561,0.0439,Safe D,,
2026-09-06,AL-SD-29,AL,Senate,SD-29,1,,Jimmy McCray,Donnie Chesteen,,Donnie Chesteen,R,True,False,-58.5,-58.66,-46.2,3.89,-7.43,-2.82,0.0,5.3,,-51.15,0.0004,0.9996,Safe R,,
2026-09-06,AL-SD-3,AL,Senate,SD-3,1,,John Dickey,Arthur Orr,,Arthur Orr,R,True,False,-45.7,-40.3,-30.71,3.89,-7.43,0.0,-5.0,5.3,,-37.84,0.0067,0.9933,Safe R,,
2026-09-06,AL-SD-30,AL,Senate,SD-30,1,,,Clyde Chambliss,,Clyde Chambliss,R,True,False,-44.9,-44.74,-34.46,3.89,-7.43,0.0,-5.0,5.3,R,-41.59,0.02,0.98,Safe R,,
2026-09-06,AL-SD-31,AL,Senate,SD-31,1,,,Josh Carnley,,Josh Carnley,R,True,False,-56.1,-55.27,-43.33,3.89,-7.43,0.0,-5.0,5.3,R,-50.46,0.02,0.98,Safe R,,
2026-09-06,AL-SD-32,AL,Senate,SD-32,1,,Janet Appleby,Chris Elliott,,Chris Elliott,R,True,False,-53.9,-54.04,-42.3,3.89,-7.43,0.0,-5.0,5.3,,-49.43,0.0006,0.9994,Safe R,,
2026-09-06,AL-SD-33,AL,Senate,SD-33,1,,Vivian Figures,,,Vivian Figures,D,True,False,39.9,38.28,35.56,3.89,7.43,0.0,5.0,5.3,D,53.29,0.98,0.02,Safe D,,
2026-09-06,AL-SD-34,AL,Senate,SD-34,1,,,Rusty Glover,,Jack Williams,R,False,True,-36.7,-38.19,-28.93,3.89,0.0,0.0,0.0,5.3,R,-23.63,0.02,0.98,Safe R,,
2026-09-06,AL-SD-35,AL,Senate,SD-35,1,,,David Sessions,,David Sessions,R,True,False,-40.3,-41.95,-32.11,3.89,-7.43,0.0,-5.0,5.3,R,-39.24,0.02,0.98,Safe R,,
2026-09-06,AL-SD-4,AL,Senate,SD-4,1,,,Garlan Gudger,,Garlan Gudger,R,True,False,-81.1,-80.98,-65.02,3.89,-7.43,0.0,-5.0,5.3,R,-72.15,0.02,0.98,Safe R,,
2026-09-06,AL-SD-5,AL,Senate,SD-5,1,,,Matt Woods,,Matt Woods,R,True,False,-72.9,-73.24,-58.49,3.89,-7.43,0.0,-5.0,5.3,R,-65.63,0.02,0.98,Safe R,,
2026-09-06,AL-SD-6,AL,Senate,SD-6,1,,Bobby Martin,Larry Stutts,,Larry Stutts,R,True,False,-53.0,-53.78,-42.08,3.89,-7.43,0.0,-5.0,5.3,,-49.21,0.0006,0.9994,Safe R,,
2026-09-06,AL-SD-7,AL,Senate,SD-7,1,,Jared Sluss,Sam Givhan,,Sam Givhan,R,True,False,-9.6,-12.05,-6.88,3.89,-7.43,-5.47,0.0,5.3,,-14.49,0.1717,0.8283,Likely R,,
2026-09-06,AL-SD-8,AL,Senate,SD-8,1,,Katie Kramer,Steve Livingston,,Steve Livingston,R,True,False,-52.5,-54.47,-42.66,3.89,-7.43,0.0,-5.0,5.3,,-49.79,0.0006,0.9994,Safe R,,
2026-09-06,AL-SD-9,AL,Senate,SD-9,1,,,Wes Kitchens,,Wes Kitchens,R,True,False,-61.2,-59.39,-46.81,3.89,-7.43,-3.19,0.0,5.3,R,-52.13,0.02,0.98,Safe R,,
2026-09-06,AR-HD-1,AR,House,HD-1,1,,,Mark Nichols,,Jeremy Wooldridge,R,False,True,-65.5,-65.43,-51.79,4.02,0.0,0.0,0.0,5.3,R,-46.49,0.02,0.98,Safe R,,
2026-09-06,AR-HD-10,AR,House,HD-10,1,,Jacob Allen,Mindy McAlindon,,Mindy McAlindon,R,True,False,-9.7,-11.35,-6.19,4.02,-7.43,-0.43,0.0,5.3,,-8.75,0.2835,0.7165,Lean R,,
2026-09-06,AR-HD-100,AR,House,HD-100,1,,,Carol Dalby,,Carol Dalby,R,True,False,-35.2,-31.29,-23.0,4.02,-7.43,0.0,-5.0,5.3,R,-30.13,0.02,0.98,Safe R,,
2026-09-06,AR-HD-11,AR,House,HD-11,1,,Rey Hernandez,Rebecca Burkes,,Rebecca Burkes,R,True,False,-18.4,-18.95,-12.59,4.02,-7.43,-1.25,0.0,5.3,,-15.97,0.1482,0.8518,Likely R,,
2026-09-06,AR-HD-12,AR,House,HD-12,1,,,Hope Duke,,Hope Duke,R,True,False,-39.3,-40.8,-31.02,4.02,-7.43,0.0,-5.0,5.3,R,-38.16,0.02,0.98,Safe R,,
2026-09-06,AR-HD-13,AR,House,HD-13,1,,Mitchell Smith,Scott Richardson,,Scott Richardson,R,True,False,-9.0,-10.36,-5.35,4.02,-7.43,-2.91,0.0,5.3,,-10.4,0.2483,0.7517,Likely R,,
2026-09-06,AR-HD-14,AR,House,HD-14,1,,Timothy Heron Jr.,Nick Burkes,,Nick Burkes,R,True,False,-24.1,-25.5,-18.12,4.02,-7.43,-2.32,0.0,5.3,,-22.57,0.07,0.93,Likely R,,
2026-09-06,AR-HD-15,AR,House,HD-15,1,,Daniel Holtmeyer,John Carr,,John Carr,R,True,False,-12.4,-12.78,-7.39,4.02,-7.43,0.87,0.0,5.3,,-8.65,0.2858,0.7142,Lean R,,
2026-09-06,AR-HD-16,AR,House,HD-16,1,,Letisha Hinds,Kendon Underwood,,Kendon Underwood,R,True,False,-28.2,-29.78,-21.73,4.02,-7.43,2.62,0.0,5.3,,-21.24,0.0824,0.9176,Likely R,,
2026-09-06,AR-HD-17,AR,House,HD-17,1,,,Randy Torres,,Randy Torres,R,True,False,-51.1,-52.38,-40.79,4.02,-7.43,0.0,-5.0,5.3,R,-47.92,0.02,0.98,Safe R,,
2026-09-06,AR-HD-18,AR,House,HD-18,1,,,Robin Lundstrum,,Robin Lundstrum,R,True,False,-21.3,-22.15,-15.3,4.02,-7.43,-0.52,0.0,5.3,R,-17.95,0.02,0.98,Safe R,,
2026-09-06,AR-HD-19,AR,House,HD-19,1,,Jamie Atkinson,Steve Unger,,Steve Unger,R,True,False,-6.8,-7.89,-3.27,4.02,-7.43,-0.51,0.0,5.3,,-5.91,0.3495,0.6505,Lean R,,
2026-09-06,AR-HD-2,AR,House,HD-2,1,,,Trey Steimel,,Trey Steimel,R,True,False,-58.3,-58.16,-45.67,4.02,-7.43,0.0,-5.0,5.3,R,-52.8,0.02,0.98,Safe R,,
2026-09-06,AR-HD-20,AR,House,HD-20,1,,Max Deitchler,,,Denise Garner,D,False,True,22.1,22.14,22.06,4.02,0.0,0.0,0.0,5.3,D,27.36,0.98,0.02,Safe D,,
2026-09-06,AR-HD-21,AR,House,HD-21,1,,Nicole Clowney,,,Nicole Clowney,D,True,False,44.3,46.43,42.54,4.02,7.43,39.49,0.0,5.3,D,94.77,0.98,0.02,Safe D,,
2026-09-06,AR-HD-22,AR,House,HD-22,1,,David Whitaker,,,David Whitaker,D,True,False,-1.9,-1.06,2.49,4.02,7.43,11.15,0.0,5.3,D,26.37,0.98,0.02,Safe D,,
2026-09-06,AR-HD-23,AR,House,HD-23,1,,,Kendra Moore,Laura Marsh,Kendra Moore,R,True,False,-34.7,-35.6,-26.64,4.02,-7.43,0.0,-5.0,5.3,R,-33.77,0.02,0.98,Safe R,,
2026-09-06,AR-HD-24,AR,House,HD-24,1,,Ryan Intchauspe,Charlene Fite,,Brad Hall,R,False,True,-61.4,-62.24,-49.11,4.02,0.0,-37.91,0.0,5.3,,-81.72,0.0,1.0,Safe R,,
2026-09-06,AR-HD-25,AR,House,HD-25,1,,Courtney King,Chad Puryear,,Chad Puryear,R,True,False,-40.3,-41.17,-31.34,4.02,-7.43,0.78,0.0,5.3,,-32.68,0.0163,0.9837,Safe R,,
2026-09-06,AR-HD-26,AR,House,HD-26,1,,,James Eaton,,James Eaton,R,True,False,-60.2,-60.19,-47.38,4.02,-7.43,0.0,-5.0,5.3,R,-54.51,0.02,0.98,Safe R,,
2026-09-06,AR-HD-27,AR,House,HD-27,1,,,Steven Walker,,Steven Walker,R,True,False,-67.1,-66.92,-53.05,4.02,-7.43,0.0,-5.0,5.3,R,-60.18,0.02,0.98,Safe R,,
2026-09-06,AR-HD-28,AR,House,HD-28,1,,,Bart Schulz,,Bart Schulz,R,True,False,-68.5,-68.62,-54.49,4.02,-7.43,0.0,-5.0,5.3,R,-61.62,0.02,0.98,Safe R,,
2026-09-06,AR-HD-29,AR,House,HD-29,1,,Deonna Morgan,Rick McClure,,Rick McClure,R,True,False,-49.7,-49.74,-38.56,4.02,-7.43,1.8,0.0,5.3,,-38.9,0.0055,0.9945,Safe R,,
2026-09-06,AR-HD-3,AR,House,HD-3,1,,Carrie Huddleston,Stetson Painter,,Stetson Painter,R,True,False,-57.6,-57.54,-45.14,4.02,-7.43,0.0,-5.0,5.3,,-52.27,0.0003,0.9997,Safe R,,
2026-09-06,AR-HD-30,AR,House,HD-30,1,,,Josh Longmire,,Fran Cavenaugh,R,False,True,-56.1,-55.62,-43.52,4.02,0.0,0.0,0.0,5.3,R,-38.22,0.02,0.98,Safe R,,
2026-09-06,AR-HD-31,AR,House,HD-31,1,,,Jimmy Gazaway,,Jimmy Gazaway,R,True,False,-57.2,-55.66,-43.56,4.02,-7.43,0.0,-5.0,5.3,R,-50.69,0.02,0.98,Safe R,,
2026-09-06,AR-HD-32,AR,House,HD-32,1,,Erika Askeland,Jack Ladyman,,Jack Ladyman,R,True,False,-19.3,-19.87,-13.37,4.02,-7.43,8.5,0.0,5.3,,-7.0,0.3236,0.6764,Lean R,,
2026-09-06,AR-HD-33,AR,House,HD-33,1,,,Jon Milligan,,Jon Milligan,R,True,False,-60.9,-57.69,-45.27,4.02,-7.43,0.0,-5.0,5.3,R,-52.4,0.02,0.98,Safe R,,
2026-09-06,AR-HD-34,AR,House,HD-34,1,,Michael Middlebrook,Joey Carr,,Joey Carr,R,True,False,-11.5,-6.66,-2.23,4.02,-7.43,-2.63,0.0,5.3,,-6.99,0.3238,0.6762,Lean R,,
2026-09-06,AR-HD-35,AR,House,HD-35,1,,Audrey Willis,Robert Thorne Jr.,,Jessie McGruder,D,False,True,3.9,-2.47,1.3,4.02,0.0,2.7,0.0,5.3,,9.3,0.7286,0.2714,Lean D,,
2026-09-06,AR-HD-36,AR,House,HD-36,1,,Shamal Carter,Johnny Rye,,Johnny Rye,R,True,False,-35.4,-36.35,-27.27,4.02,-7.43,1.29,0.0,5.3,,-28.11,0.033,0.967,Safe R,,
2026-09-06,AR-HD-37,AR,House,HD-37,1,,,Steve Hollowell,,Steve Hollowell,R,True,False,-42.0,-40.26,-30.56,4.02,-7.43,-4.61,0.0,5.3,R,-37.31,0.02,0.98,Safe R,,
2026-09-06,AR-HD-38,AR,House,HD-38,1,,,Dwight Tosh,,Dwight Tosh,R,True,False,-48.6,-48.25,-37.31,4.02,-7.43,0.0,-5.0,5.3,R,-44.44,0.02,0.98,Safe R,,
2026-09-06,AR-HD-39,AR,House,HD-39,1,,,Wayne Long,,Wayne Long,R,True,False,-61.2,-60.84,-47.92,4.02,-7.43,0.0,-5.0,5.3,R,-55.05,0.02,0.98,Safe R,,
2026-09-06,AR-HD-4,AR,House,HD-4,1,,,Jason Nazarenko,,Jason Nazarenko,R,True,False,-59.2,-59.28,-46.61,4.02,-7.43,0.0,-5.0,5.3,R,-53.74,0.02,0.98,Safe R,,
2026-09-06,AR-HD-40,AR,House,HD-40,1,,,Shad Pearce,,Shad Pearce,R,True,False,-59.4,-59.93,-47.16,4.02,-7.43,0.0,-5.0,5.3,R,-54.29,0.02,0.98,Safe R,,
2026-09-06,AR-HD-41,AR,House,HD-41,1,,,Alyssa Brown,,Alyssa Brown,R,True,False,-65.4,-65.58,-51.92,4.02,-7.43,2.47,0.0,5.3,R,-51.58,0.02,0.98,Safe R,,
2026-09-06,AR-HD-42,AR,House,HD-42,1,,,Jeremy Riddle,,Stephen Meeks,R,False,True,-62.1,-62.45,-49.28,4.02,0.0,0.0,0.0,5.3,R,-43.98,0.02,0.98,Safe R,,
2026-09-06,AR-HD-43,AR,House,HD-43,1,,,Rick Beck,,Rick Beck,R,True,False,-47.5,-46.72,-36.02,4.02,-7.43,-31.43,0.0,5.3,R,-69.58,0.02,0.98,Safe R,,
2026-09-06,AR-HD-44,AR,House,HD-44,1,,,Bill Teeter,,Bill Teeter,R,True,False,-64.5,-65.26,-51.65,4.02,-7.43,0.0,-5.0,5.3,R,-58.78,0.02,0.98,Safe R,,
2026-09-06,AR-HD-45,AR,House,HD-45,1,,,Aaron Pilkington,Debra Hobbs,Aaron Pilkington,R,True,False,-53.8,-53.95,-42.12,4.02,-7.43,1.25,0.0,5.3,R,-43.0,0.02,0.98,Safe R,,
2026-09-06,AR-HD-46,AR,House,HD-46,1,,,Tonya Fletcher,,Jon Eubanks,R,False,True,-62.4,-62.46,-49.29,4.02,0.0,0.0,0.0,5.3,R,-43.99,0.02,0.98,Safe R,,
2026-09-06,AR-HD-47,AR,House,HD-47,1,,,Lee Johnson,,Lee Johnson,R,True,False,-64.5,-65.64,-51.98,4.02,-7.43,0.0,-5.0,5.3,R,-59.11,0.02,0.98,Safe R,,
2026-09-06,AR-HD-48,AR,House,HD-48,1,,,Ryan Rose,Orion Jackson,Ryan Rose,R,True,False,-47.8,-47.56,-36.73,4.02,-7.43,0.0,-5.0,5.3,R,-43.86,0.02,0.98,Safe R,,
2026-09-06,AR-HD-49,AR,House,HD-49,1,,Jay Richardson,,,Jay Richardson,D,True,False,9.9,11.51,13.09,4.02,7.43,1.49,0.0,5.3,D,27.32,0.98,0.02,Safe D,,
2026-09-06,AR-HD-5,AR,House,HD-5,1,,,Mike Bishop,,Ron McNair,R,False,True,-63.5,-63.5,-50.17,4.02,0.0,0.0,0.0,5.3,R,-44.87,0.02,0.98,Safe R,,
2026-09-06,AR-HD-50,AR,House,HD-50,1,,Wendy Peer,Zack Gramlich,,Zack Gramlich,R,True,False,-20.8,-21.57,-14.8,4.02,-7.43,-2.53,0.0,5.3,,-19.47,0.1015,0.8985,Likely R,,
2026-09-06,AR-HD-51,AR,House,HD-51,1,,Jane-Ellen Udouj-Kutchka,Cindy Crawford,,Cindy Crawford,R,True,False,-34.8,-35.24,-26.33,4.02,-7.43,-22.29,0.0,5.3,,-50.75,0.0005,0.9995,Safe R,,
2026-09-06,AR-HD-52,AR,House,HD-52,1,,,Brent Montgomery,,Marcus Richmond,R,False,True,-66.5,-66.25,-52.48,4.02,0.0,0.0,0.0,5.3,R,-47.18,0.02,0.98,Safe R,,
2026-09-06,AR-HD-53,AR,House,HD-53,1,,Jennifer Lewter,Matt Duffield,,Matt Duffield,R,True,False,-33.0,-33.72,-25.05,4.02,-7.43,-3.97,0.0,5.3,,-31.15,0.0208,0.9792,Safe R,,
2026-09-06,AR-HD-54,AR,House,HD-54,1,,Doug Corbitt,Mary Bentley,,Mary Bentley,R,True,False,-40.7,-39.43,-29.87,4.02,-7.43,1.05,0.0,5.3,,-30.95,0.0215,0.9785,Safe R,,
2026-09-06,AR-HD-55,AR,House,HD-55,1,,Cynthia Nations,Matt Brown,,Matt Brown,R,True,False,-11.0,-11.3,-6.15,4.02,-7.43,-3.69,0.0,5.3,,-11.97,0.2169,0.7831,Likely R,,
2026-09-06,AR-HD-56,AR,House,HD-56,1,,Steve Magie,Mark Brannan,,Steve Magie,D,True,False,-4.6,-3.67,0.3,4.02,7.43,-2.08,0.0,5.3,,10.94,0.7629,0.2371,Likely D,,
2026-09-06,AR-HD-57,AR,House,HD-57,1,,,Cameron Cooper,,Cameron Cooper,R,True,False,-66.1,-67.33,-53.4,4.02,-7.43,-0.85,0.0,5.3,R,-56.37,0.02,0.98,Safe R,,
2026-09-06,AR-HD-58,AR,House,HD-58,1,,,Les Eaves,Jocelyn Fry,Les Eaves,R,True,False,-51.3,-52.36,-40.77,4.02,-7.43,-1.19,0.0,5.3,R,-44.1,0.02,0.98,Safe R,,
2026-09-06,AR-HD-59,AR,House,HD-59,1,,,Jim Wooten,,Jim Wooten,R,True,False,-61.3,-62.37,-49.21,4.02,-7.43,-1.89,0.0,5.3,R,-53.24,0.02,0.98,Safe R,,
2026-09-06,AR-HD-6,AR,House,HD-6,1,,,Cody Rogers,,Harlan Breaux,R,False,True,-37.3,-37.88,-28.56,4.02,0.0,0.0,0.0,5.3,R,-23.26,0.02,0.98,Safe R,,
2026-09-06,AR-HD-60,AR,House,HD-60,1,,Beverly Coleman-Keown,Roger Lynch,Quendy Gibbins Medlin,Roger Lynch,R,True,False,-50.7,-51.45,-40.01,4.02,-7.43,-0.83,0.0,5.3,,-42.96,0.0025,0.9975,Safe R,,
2026-09-06,AR-HD-61,AR,House,HD-61,1,,,Jeremiah Moore,Garrett Sheeks,Jeremiah Moore,R,True,False,-38.6,-36.97,-27.79,4.02,-7.43,-0.96,0.0,5.3,R,-30.88,0.02,0.98,Safe R,,
2026-09-06,AR-HD-62,AR,House,HD-62,1,,Dexter Miller,Mark McElroy,,Mark McElroy,R,True,False,1.8,4.39,7.09,4.02,-7.43,-2.92,0.0,5.3,,2.04,0.553,0.447,Toss-up,,
2026-09-06,AR-HD-63,AR,House,HD-63,1,,Lincoln Barnett,,,Lincoln Barnett,D,True,False,9.5,22.88,22.69,4.02,7.43,-5.22,0.0,5.3,D,30.2,0.98,0.02,Safe D,,
2026-09-06,AR-HD-64,AR,House,HD-64,1,,Ken Ferguson,,,Ken Ferguson,D,True,False,51.3,52.48,47.65,4.02,7.43,0.0,5.0,5.3,D,65.38,0.98,0.02,Safe D,,
2026-09-06,AR-HD-65,AR,House,HD-65,1,,Glenn Barnes,,,Glenn Barnes,D,True,False,46.8,47.64,43.57,4.02,7.43,0.0,5.0,5.3,D,61.3,0.98,0.02,Safe D,,
2026-09-06,AR-HD-66,AR,House,HD-66,1,,Mark Perry,,,Mark Perry,D,True,False,33.5,35.02,32.92,4.02,7.43,1.24,0.0,5.3,D,46.89,0.98,0.02,Safe D,,
2026-09-06,AR-HD-67,AR,House,HD-67,1,,Andrew Eberly,Karilyn Brown,,Karilyn Brown,R,True,False,-0.3,-1.1,2.46,4.02,-7.43,5.85,0.0,5.3,,6.17,0.6567,0.3433,Lean D,,
2026-09-06,AR-HD-68,AR,House,HD-68,1,,,Brian Evans,,Brian Evans,R,True,False,-53.3,-55.08,-43.07,4.02,-7.43,-0.1,-5.0,5.3,R,-50.3,0.02,0.98,Safe R,,
2026-09-06,AR-HD-69,AR,House,HD-69,1,,Dean Hunter,David Ray,,David Ray,R,True,False,-35.8,-37.51,-28.25,4.02,-7.43,-0.82,0.0,5.3,,-31.2,0.0207,0.9793,Safe R,,
2026-09-06,AR-HD-7,AR,House,HD-7,1,,,Brit McKenzie,,Brit McKenzie,R,True,False,-27.2,-27.84,-20.09,4.02,-7.43,-1.02,0.0,5.3,R,-23.24,0.02,0.98,Safe R,,
2026-09-06,AR-HD-70,AR,House,HD-70,1,,Alex Holladay,Bo Renshaw,,Alex Holladay,D,True,False,2.2,-1.36,2.24,4.02,7.43,-0.87,0.0,5.3,,14.1,0.8218,0.1782,Likely D,,
2026-09-06,AR-HD-71,AR,House,HD-71,1,,Cassandra Mayes,Stephen Bright,,Brandon Achor,R,False,True,-2.4,-1.99,1.71,4.02,0.0,0.0,0.0,5.3,,7.01,0.6767,0.3233,Lean D,,
2026-09-06,AR-HD-72,AR,House,HD-72,1,,Talesha Dokes,,,Tracy Steele,D,False,True,45.3,46.05,42.23,4.02,0.0,0.0,0.0,5.3,D,47.53,0.98,0.02,Safe D,,
2026-09-06,AR-HD-73,AR,House,HD-73,1,,Andrew Collins,,,Andrew Collins,D,True,False,19.0,18.58,19.06,4.02,7.43,0.69,0.0,5.3,D,32.49,0.98,0.02,Safe D,,
2026-09-06,AR-HD-74,AR,House,HD-74,1,,Tippi McCullough,,,Tippi McCullough,D,True,False,47.2,47.73,43.64,4.02,7.43,0.0,5.0,5.3,D,61.37,0.98,0.02,Safe D,,
2026-09-06,AR-HD-75,AR,House,HD-75,1,,Ashley Hudson,Hunter Sadler,,Ashley Hudson,D,True,False,11.6,9.96,11.79,4.02,7.43,3.62,0.0,5.3,,28.13,0.9671,0.0329,Safe D,,
2026-09-06,AR-HD-76,AR,House,HD-76,1,,Joy Springer,Isbac Ceja,,Joy Springer,D,True,False,73.6,75.29,66.89,4.02,7.43,0.0,5.0,5.3,,84.62,1.0,0.0,Safe D,,
2026-09-06,AR-HD-77,AR,House,HD-77,1,,Steven Person,,,Fred Allen,D,False,True,59.2,59.84,53.85,4.02,0.0,0.0,0.0,5.3,D,59.15,0.98,0.02,Safe D,,
2026-09-06,AR-HD-78,AR,House,HD-78,1,,,Keith Brooks,,Keith Brooks,R,True,False,-29.4,-29.72,-21.68,4.02,-7.43,2.29,0.0,5.3,R,-21.52,0.02,0.98,Safe R,,
2026-09-06,AR-HD-79,AR,House,HD-79,1,,Michael Mason,,,Tara Shephard,D,False,True,62.8,64.51,57.8,4.02,0.0,0.0,0.0,5.3,D,63.1,0.98,0.02,Safe D,,
2026-09-06,AR-HD-8,AR,House,HD-8,1,,Parker John Stohlton,Brian Armas,,Austin McCollum,R,False,True,-35.1,-36.23,-27.17,4.02,0.0,0.0,0.0,5.3,,-21.87,0.0764,0.9236,Likely R,,
2026-09-06,AR-HD-80,AR,House,HD-80,1,,Denise Ennett,,Daniel Stuckey,Denise Ennett,D,True,False,53.7,55.08,49.84,4.02,7.43,0.0,5.0,5.3,D,67.57,0.98,0.02,Safe D,,
2026-09-06,AR-HD-81,AR,House,HD-81,1,,Gina Thomas-Littlejohn,R.J. Hawk,,R.J. Hawk,R,True,False,-19.0,-20.8,-14.15,4.02,-7.43,-2.59,0.0,5.3,,-18.88,0.1085,0.8915,Likely R,,
2026-09-06,AR-HD-82,AR,House,HD-82,1,,,Tony Furman,,Tony Furman,R,True,False,-33.4,-32.67,-24.17,4.02,-7.43,-0.1,-5.0,5.3,R,-31.4,0.02,0.98,Safe R,,
2026-09-06,AR-HD-83,AR,House,HD-83,1,,,Paul Childress,,Paul Childress,R,True,False,-44.6,-45.76,-35.21,4.02,-7.43,-2.24,0.0,5.3,R,-39.58,0.02,0.98,Safe R,,
2026-09-06,AR-HD-84,AR,House,HD-84,1,,,Les Warren,,Les Warren,R,True,False,-25.9,-26.79,-19.21,4.02,-7.43,-1.4,0.0,5.3,R,-22.74,0.02,0.98,Safe R,,
2026-09-06,AR-HD-85,AR,House,HD-85,1,,,Richard McGrew,,Richard McGrew,R,True,False,-47.4,-45.58,-35.05,4.02,-7.43,-1.37,0.0,5.3,R,-38.55,0.02,0.98,Safe R,,
2026-09-06,AR-HD-86,AR,House,HD-86,1,,,John Maddox,,John Maddox,R,True,False,-69.1,-69.71,-55.41,4.02,-7.43,-1.18,0.0,5.3,R,-58.72,0.02,0.98,Safe R,,
2026-09-06,AR-HD-87,AR,House,HD-87,1,,,DeAnn Vaught,,DeAnn Vaught,R,True,False,-59.0,-57.28,-44.92,4.02,-7.43,-0.93,0.0,5.3,R,-47.98,0.02,0.98,Safe R,,
2026-09-06,AR-HD-88,AR,House,HD-88,1,,,Dolly Henley,,Dolly Henley,R,True,False,-36.9,-35.31,-26.39,4.02,-7.43,0.0,-5.0,5.3,R,-33.52,0.02,0.98,Safe R,,
2026-09-06,AR-HD-89,AR,House,HD-89,1,,,Justin Gonzales,,Justin Gonzales,R,True,False,-54.7,-53.45,-41.69,4.02,-7.43,0.0,-5.0,5.3,R,-48.82,0.02,0.98,Safe R,,
2026-09-06,AR-HD-9,AR,House,HD-9,1,,Diana Gonzales Worthen,Matthew Goff,,Diana Gonzales Worthen,D,True,False,1.2,1.24,4.44,4.02,7.43,3.18,0.0,5.3,,20.35,0.9083,0.0917,Likely D,,
2026-09-06,AR-HD-90,AR,House,HD-90,1,,,Richard Womack,,Richard Womack,R,True,False,-38.2,-37.35,-28.12,4.02,-7.43,0.0,-5.0,5.3,R,-35.25,0.02,0.98,Safe R,,
2026-09-06,AR-HD-91,AR,House,HD-91,1,,,Bruce Cozart,,Bruce Cozart,R,True,False,-27.4,-27.94,-20.18,4.02,-7.43,-2.42,0.0,5.3,R,-24.73,0.02,0.98,Safe R,,
2026-09-06,AR-HD-92,AR,House,HD-92,1,,,Dawn Creekmore,,Julie Mayberry,R,False,True,-65.0,-65.56,-51.91,4.02,0.0,0.0,0.0,5.3,R,-46.61,0.02,0.98,Safe R,,
2026-09-06,AR-HD-93,AR,House,HD-93,1,,,Mike Holcomb,,Mike Holcomb,R,True,False,-56.1,-56.83,-44.55,4.02,-7.43,0.0,-5.0,5.3,R,-51.68,0.02,0.98,Safe R,,
2026-09-06,AR-HD-94,AR,House,HD-94,1,,,John Day,,Jeff Wardlaw,R,False,True,-28.6,-26.77,-19.19,4.02,0.0,0.0,0.0,5.3,R,-13.89,0.02,0.98,Safe R,,
2026-09-06,AR-HD-95,AR,House,HD-95,1,,,Howard Beaty,,Howard Beaty,R,True,False,-30.7,-29.02,-21.09,4.02,-7.43,-2.88,0.0,5.3,R,-26.1,0.02,0.98,Safe R,,
2026-09-06,AR-HD-96,AR,House,HD-96,1,,,Sonia Barker,,Sonia Barker,R,True,False,-50.0,-48.2,-37.26,4.02,-7.43,0.0,-5.0,5.3,R,-44.39,0.02,0.98,Safe R,,
2026-09-06,AR-HD-97,AR,House,HD-97,1,,,Jim Andrews,,Matthew Shepherd,R,False,True,-28.4,-28.06,-20.27,4.02,0.0,0.0,0.0,5.3,R,-14.97,0.02,0.98,Safe R,,
2026-09-06,AR-HD-98,AR,House,HD-98,1,,,Wade Andrews,,Wade Andrews,R,True,False,-13.9,-12.46,-7.12,4.02,-7.43,1.06,0.0,5.3,R,-8.19,0.02,0.98,Safe R,,
2026-09-06,AR-HD-99,AR,House,HD-99,1,,,Beth Anne Rankin Baker,,Lane Jean,R,False,True,-63.6,-63.43,-50.11,4.02,0.0,0.0,0.0,5.3,R,-44.81,0.02,0.98,Safe R,,
2026-09-06,AR-SD-10,AR,Senate,SD-10,1,,,Ron Caldwell,,Ron Caldwell,R,True,False,-43.3,-42.23,-32.23,4.02,-7.43,0.0,-5.0,5.3,R,-39.36,0.02,0.98,Safe R,,
2026-09-06,AR-SD-11,AR,Senate,SD-11,1,,,Ricky Hill,,Ricky Hill,R,True,False,-47.4,-49.06,-37.99,4.02,-7.43,0.0,-5.0,5.3,R,-45.12,0.02,0.98,Safe R,,
2026-09-06,AR-SD-13,AR,Senate,SD-13,1,,Allison Sweatman,Brandon Achor,,Jane English,R,False,True,-1.3,-2.45,1.32,4.02,0.0,-4.38,0.0,5.3,,2.24,0.5582,0.4418,Toss-up,,
2026-09-06,AR-SD-14,AR,Senate,SD-14,1,,Clarke Tucker,,Mark S. Foster,Clarke Tucker,D,True,False,25.4,25.69,25.05,4.02,7.43,10.77,0.0,5.3,D,48.55,0.98,0.02,Safe D,,
2026-09-06,AR-SD-15,AR,Senate,SD-15,1,,Tara Shephard,,,Fred Love,D,False,True,61.7,62.9,56.44,4.02,0.0,0.0,0.0,5.3,D,61.74,0.98,0.02,Safe D,,
2026-09-06,AR-SD-16,AR,Senate,SD-16,1,,Joshua Irby,Rodney Wright,,Kim Hammer,R,False,True,-32.5,-31.32,-23.03,4.02,0.0,0.0,0.0,5.3,,-17.73,0.1232,0.8768,Likely R,,
2026-09-06,AR-SD-2,AR,Senate,SD-2,1,,,Matt Stone,,Matt Stone,R,True,False,-37.9,-35.5,-26.55,4.02,-7.43,-0.52,0.0,5.3,R,-29.2,0.02,0.98,Safe R,,
2026-09-06,AR-SD-21,AR,Senate,SD-21,1,,,Jeremy Wooldridge,,Blake Johnson,R,False,True,-61.5,-61.63,-48.59,4.02,0.0,0.7,0.0,5.3,R,-42.59,0.02,0.98,Safe R,,
2026-09-06,AR-SD-24,AR,Senate,SD-24,1,,,Missy Irvin,,Missy Irvin,R,True,False,-61.6,-62.39,-49.23,4.02,-7.43,0.0,-5.0,5.3,R,-56.36,0.02,0.98,Safe R,,
2026-09-06,AR-SD-27,AR,Senate,SD-27,1,,Eduardo Guzman,Justin Boyd,,Justin Boyd,R,True,False,-21.0,-19.99,-13.47,4.02,-7.43,-3.14,0.0,5.3,,-18.74,0.1102,0.8898,Likely R,,
2026-09-06,AR-SD-28,AR,Senate,SD-28,1,,,Bryan King,,Bryan King,R,True,False,-55.5,-52.48,-40.87,4.02,-7.43,-0.38,0.0,5.3,R,-43.38,0.02,0.98,Safe R,,
2026-09-06,AR-SD-30,AR,Senate,SD-30,1,,Denise Garner,,,Greg Leding,D,False,True,25.6,26.78,25.97,4.02,0.0,0.0,0.0,5.3,D,31.27,0.98,0.02,Safe D,,
2026-09-06,AR-SD-31,AR,Senate,SD-31,1,,,Clint Penzo,,Clint Penzo,R,True,False,-17.0,-17.3,-11.2,4.02,-7.43,1.52,0.0,5.3,R,-11.81,0.02,0.98,Safe R,,
2026-09-06,AR-SD-32,AR,Senate,SD-32,1,,,Josh Bryant,,Josh Bryant,R,True,False,-29.8,-29.06,-21.13,4.02,-7.43,0.0,-5.0,5.3,R,-28.26,0.02,0.98,Safe R,,
2026-09-06,AR-SD-35,AR,Senate,SD-35,1,,,Tyler Dees,,Tyler Dees,R,True,False,-33.9,-37.21,-27.99,4.02,-7.43,0.0,-5.0,5.3,R,-35.12,0.02,0.98,Safe R,,
2026-09-06,AR-SD-7,AR,Senate,SD-7,1,,,Alan Clark,,Alan Clark,R,True,False,-48.4,-52.36,-40.77,4.02,-7.43,-17.01,0.0,5.3,R,-59.91,0.02,0.98,Safe R,,
2026-09-06,AR-SD-9,AR,Senate,SD-9,1,,Jessie McGruder,Kenny Phillips,,Reginald Murdock,D,False,True,6.9,10.69,12.4,4.02,0.0,2.7,0.0,5.3,,20.4,0.9089,0.0911,Likely D,,
2026-09-06,AZ-HD-10A,AZ,House,HD-10,1,A,Brian Calaway,James Rogers,David Scott,,R,False,True,-20.9,-21.15,-14.83,3.56,0.0,0.0,0.0,5.3,,-9.53,0.2666,0.7334,Lean R,,
2026-09-06,AZ-HD-10B,AZ,House,HD-10,1,B,Helen Hunter,Justin Olson,,Justin Olson,R,True,False,-20.9,-21.15,-14.83,3.56,-7.43,-9.32,0.0,5.3,,-26.28,0.0428,0.9572,Safe R,,
2026-09-06,AZ-HD-11A,AZ,House,HD-11,1,A,Junelle Cavero,Cesar Aleman,,Junelle Cavero,D,True,False,39.8,43.9,40.03,3.57,7.43,1.71,0.0,5.3,,54.47,0.9998,0.0002,Safe D,,
2026-09-06,AZ-HD-11B,AZ,House,HD-11,1,B,Oscar De Los Santos,Joseph Dailey,,Oscar De Los Santos,D,True,False,39.8,43.9,40.03,3.57,7.43,1.71,0.0,5.3,,54.47,0.9998,0.0002,Safe D,,
2026-09-06,AZ-HD-12A,AZ,House,HD-12,1,A,Anastasia Travers,,,Anastasia Travers,D,True,False,15.8,16.29,16.74,3.57,7.43,0.0,5.0,5.3,D,34.47,0.98,0.02,Safe D,,
2026-09-06,AZ-HD-12B,AZ,House,HD-12,1,B,Armando Montero,David Richardson,,,D,False,True,15.8,16.29,16.74,3.57,0.0,-0.3,0.0,5.3,,21.74,0.9224,0.0776,Likely D,,
2026-09-06,AZ-HD-13A,AZ,House,HD-13,1,A,Racquel Armstrong,Kevin Hartke,,,R,False,True,-1.2,-0.52,2.57,3.56,0.0,0.0,0.0,5.3,,7.87,0.6966,0.3034,Lean D,,
2026-09-06,AZ-HD-13B,AZ,House,HD-13,1,B,Jacob Weinberg,Janet Weninger,,,R,False,True,-1.2,-0.52,2.57,3.56,0.0,0.0,0.0,5.3,,7.87,0.6966,0.3034,Lean D,,
2026-09-06,AZ-HD-14A,AZ,House,HD-14,1,A,Mary Rose,Tyler Farnsworth,,,R,False,True,-18.3,-18.0,-12.18,3.56,0.0,0.0,0.0,5.3,,-6.88,0.3264,0.6736,Lean R,,
2026-09-06,AZ-HD-14B,AZ,House,HD-14,1,B,,Laurin Hendrix,,Laurin Hendrix,R,True,False,-18.3,-18.0,-12.18,3.56,-7.43,-10.31,0.0,5.3,R,-24.62,0.02,0.98,Safe R,,
2026-09-06,AZ-HD-15A,AZ,House,HD-15,1,A,,Neal Carter,,Neal Carter,R,True,False,-30.5,-30.27,-22.53,3.57,-7.43,0.56,0.0,5.3,R,-24.09,0.02,0.98,Safe R,,
2026-09-06,AZ-HD-15B,AZ,House,HD-15,1,B,,Michael Way,,Michael Way,R,True,False,-30.5,-30.27,-22.53,3.57,-7.43,-0.55,0.0,5.3,R,-25.2,0.02,0.98,Safe R,,
2026-09-06,AZ-HD-16A,AZ,House,HD-16,1,A,Julia Gusse,Chris Lopez,,Chris Lopez,R,True,False,-9.4,-7.99,-3.73,3.56,-7.43,3.48,0.0,5.3,,-2.38,0.4381,0.5619,Toss-up,,
2026-09-06,AZ-HD-16B,AZ,House,HD-16,1,B,,Teresa Martinez,,Teresa Martinez,R,True,False,-9.4,-7.99,-3.73,3.56,-7.43,-3.12,0.0,5.3,R,-8.99,0.02,0.98,Safe R,,
2026-09-06,AZ-HD-17A,AZ,House,HD-17,1,A,Kevin Volk,John Winchester,,Kevin Volk,D,True,False,-3.9,-4.24,-0.57,3.56,7.43,0.0,5.0,5.3,,17.16,0.8692,0.1308,Likely D,,
2026-09-06,AZ-HD-17B,AZ,House,HD-17,1,B,Hollace Lyon,Rachel Keshel,,Rachel Keshel,R,True,False,-3.9,-4.24,-0.57,3.56,-7.43,0.0,-5.0,5.3,,-7.7,0.3074,0.6926,Lean R,,
2026-09-06,AZ-HD-18A,AZ,House,HD-18,1,A,Nancy Gutierrez,Bob Dohse,,Nancy Gutierrez,D,True,False,24.0,24.1,23.33,3.57,7.43,9.28,0.0,5.3,,45.34,0.9985,0.0015,Safe D,,
2026-09-06,AZ-HD-18B,AZ,House,HD-18,1,B,Christopher Mathis,,,Christopher Mathis,D,True,False,24.0,24.1,23.33,3.57,7.43,0.0,5.0,5.3,D,41.06,0.98,0.02,Safe D,,
2026-09-06,AZ-HD-19A,AZ,House,HD-19,1,A,Jackie Anderson,David Gowan,,David Gowan,R,True,False,-23.0,-24.58,-17.72,3.57,-7.43,-1.01,0.0,5.3,,-20.87,0.0862,0.9138,Likely R,,
2026-09-06,AZ-HD-19B,AZ,House,HD-19,1,B,Aiden Swallow,Lupe Diaz,,Lupe Diaz,R,True,False,-23.0,-24.58,-17.72,3.57,-7.43,-9.93,0.0,5.3,,-29.79,0.0257,0.9743,Safe R,,
2026-09-06,AZ-HD-1A,AZ,House,HD-1,1,A,Sandy Zalecki,Selina Bliss,,Selina Bliss,R,True,False,-33.1,-33.08,-24.89,3.56,-7.43,0.22,-5.0,5.3,,-31.81,0.0188,0.9812,Safe R,,
2026-09-06,AZ-HD-1B,AZ,House,HD-1,1,B,,Quang Nguyen,,Quang Nguyen,R,True,False,-33.1,-33.08,-24.89,3.56,-7.43,-3.06,0.0,5.3,R,-30.09,0.02,0.98,Safe R,,
2026-09-06,AZ-HD-20A,AZ,House,HD-20,1,A,Betty Villegas,,,Betty Villegas,D,True,False,43.2,45.81,41.64,3.56,7.43,0.0,5.0,5.3,D,59.37,0.98,0.02,Safe D,,
2026-09-06,AZ-HD-20B,AZ,House,HD-20,1,B,Sally Ann Gonzales,,,Sally Ann Gonzales,D,True,False,43.2,45.81,41.64,3.56,7.43,0.0,5.0,5.3,D,59.37,0.98,0.02,Safe D,,
2026-09-06,AZ-HD-21A,AZ,House,HD-21,1,A,Consuelo Hernandez,Christopher Kibbey,,Consuelo Hernandez,D,True,False,18.5,21.05,20.76,3.56,7.43,17.72,0.0,5.3,,51.22,0.9996,0.0004,Safe D,,
2026-09-06,AZ-HD-21B,AZ,House,HD-21,1,B,Miranda Lopez,,,,D,False,True,18.5,21.05,20.76,3.56,0.0,0.0,0.0,5.3,D,26.06,0.98,0.02,Safe D,,
2026-09-06,AZ-HD-22A,AZ,House,HD-22,1,A,Elda Luna-Nájera,,,Elda Luna-Nájera,D,True,False,21.1,25.07,24.15,3.56,7.43,0.0,5.0,5.3,D,41.88,0.98,0.02,Safe D,,
2026-09-06,AZ-HD-22B,AZ,House,HD-22,1,B,Betsy Munoz,,,,D,False,True,21.1,25.07,24.15,3.56,0.0,0.0,0.0,5.3,D,29.45,0.98,0.02,Safe D,,
2026-09-06,AZ-HD-23A,AZ,House,HD-23,1,A,Mariana Sandoval,Gary Garcia Snyder,,Mariana Sandoval,D,True,False,1.8,4.43,6.75,3.56,7.43,-0.42,0.0,5.3,,19.05,0.8936,0.1064,Likely D,,
2026-09-06,AZ-HD-23B,AZ,House,HD-23,1,B,Emilia Cortez,Michele Pena,,Michele Pena,R,True,False,1.8,4.43,6.75,3.56,-7.43,10.19,0.0,5.3,,14.8,0.8334,0.1666,Likely D,,
2026-09-06,AZ-HD-24A,AZ,House,HD-24,1,A,Alberto Flores,,,,D,False,True,20.5,23.88,23.14,3.56,0.0,0.0,0.0,5.3,D,28.44,0.98,0.02,Safe D,,
2026-09-06,AZ-HD-24B,AZ,House,HD-24,1,B,Lisbeth Arescurenaga,Delores McLaughlin,,,D,False,True,20.5,23.88,23.14,3.56,0.0,0.0,0.0,5.3,,28.44,0.9686,0.0314,Safe D,,
2026-09-06,AZ-HD-25A,AZ,House,HD-25,1,A,Tiffany Byrne,Michael Carbone,,Michael Carbone,R,True,False,-29.4,-28.13,-20.72,3.56,-7.43,-7.54,0.0,5.3,,-30.38,0.0235,0.9765,Safe R,,
2026-09-06,AZ-HD-25B,AZ,House,HD-25,1,B,,Nick Kupper,,Nick Kupper,R,True,False,-29.4,-28.13,-20.72,3.56,-7.43,0.0,-5.0,5.3,R,-27.85,0.02,0.98,Safe R,,
2026-09-06,AZ-HD-26A,AZ,House,HD-26,1,A,Cesar Aguilar,Jonathan McKenna,Hector Gomez,Cesar Aguilar,D,True,False,28.7,31.66,29.71,3.57,7.43,0.74,0.0,5.3,,43.18,0.9976,0.0024,Safe D,,
2026-09-06,AZ-HD-26B,AZ,House,HD-26,1,B,Quantá Crews,Frank Roberts,,Quantá Crews,D,True,False,28.7,31.66,29.71,3.57,7.43,1.85,0.0,5.3,,44.29,0.9981,0.0019,Safe D,,
2026-09-06,AZ-HD-27A,AZ,House,HD-27,1,A,Deborah Howard,Lisa Fink,,Lisa Fink,R,True,False,-11.3,-11.11,-6.36,3.56,-7.43,-19.84,0.0,5.3,,-28.34,0.0319,0.9681,Safe R,,
2026-09-06,AZ-HD-27B,AZ,House,HD-27,1,B,,Tony Rivero,,Tony Rivero,R,True,False,-11.3,-11.11,-6.36,3.56,-7.43,-9.92,0.0,5.3,R,-18.42,0.02,0.98,Safe R,,
2026-09-06,AZ-HD-28A,AZ,House,HD-28,1,A,Barbara Fike,David Livingston,,David Livingston,R,True,False,-23.1,-23.68,-16.97,3.57,-7.43,-13.97,0.0,5.3,,-33.07,0.0153,0.9847,Safe R,,
2026-09-06,AZ-HD-28B,AZ,House,HD-28,1,B,Marc Graham,Beverly Pingerelli,,Beverly Pingerelli,R,True,False,-23.1,-23.68,-16.97,3.57,-7.43,-14.27,0.0,5.3,,-33.37,0.0145,0.9855,Safe R,,
2026-09-06,AZ-HD-29A,AZ,House,HD-29,1,A,Christine Scianna,Steve Montenegro,,Steve Montenegro,R,True,False,-18.3,-17.79,-11.99,3.57,-7.43,-4.86,0.0,5.3,,-18.98,0.1072,0.8928,Likely R,,
2026-09-06,AZ-HD-29B,AZ,House,HD-29,1,B,,James Taylor,,James Taylor,R,True,False,-18.3,-17.79,-11.99,3.57,-7.43,-0.53,0.0,5.3,R,-14.65,0.02,0.98,Safe R,,
2026-09-06,AZ-HD-2A,AZ,House,HD-2,1,A,Stephanie Simacek,Paul Carver,,Stephanie Simacek,D,True,False,-5.5,-4.74,-0.99,3.56,7.43,-8.88,0.0,5.3,,2.85,0.574,0.426,Toss-up,,
2026-09-06,AZ-HD-2B,AZ,House,HD-2,1,B,,Justin Wilmeth,,Justin Wilmeth,R,True,False,-5.5,-4.74,-0.99,3.56,-7.43,-7.79,0.0,5.3,R,-10.91,0.02,0.98,Safe R,,
2026-09-06,AZ-HD-30A,AZ,House,HD-30,1,A,Brian McMahan,Mike Gannuscio,,,R,False,True,-55.2,-54.51,-42.96,3.56,0.0,0.0,0.0,5.3,,-37.66,0.0069,0.9931,Safe R,,
2026-09-06,AZ-HD-30B,AZ,House,HD-30,1,B,,David Rose,,,R,False,True,-55.2,-54.51,-42.96,3.56,0.0,0.0,0.0,5.3,R,-37.66,0.02,0.98,Safe R,,
2026-09-06,AZ-HD-3A,AZ,House,HD-3,1,A,Julie Gable,George Khalaf,,,R,False,True,-24.5,-23.63,-16.92,3.56,0.0,0.0,0.0,5.3,,-11.62,0.2236,0.7764,Likely R,,
2026-09-06,AZ-HD-3B,AZ,House,HD-3,1,B,Richard Spargo,Cody Reim,,Cody Reim,R,True,False,-24.5,-23.63,-16.92,3.56,-7.43,0.0,-5.0,5.3,,-24.05,0.0579,0.9421,Likely R,,
2026-09-06,AZ-HD-4A,AZ,House,HD-4,1,A,Tammy Caputi,Pamela Carter,,Pamela Carter,R,True,False,-3.5,-2.65,0.77,3.56,-7.43,-0.64,0.0,5.3,,-2.0,0.4481,0.5519,Toss-up,,
2026-09-06,AZ-HD-4B,AZ,House,HD-4,1,B,Karen Gresham,Matt Gress,,Matt Gress,R,True,False,-3.5,-2.65,0.77,3.56,-7.43,-6.28,0.0,5.3,,-7.64,0.3087,0.6913,Lean R,,
2026-09-06,AZ-HD-5A,AZ,House,HD-5,1,A,Sarah Liguori,,,Sarah Liguori,D,True,False,36.4,37.15,34.34,3.57,7.43,8.26,0.0,5.3,D,55.33,0.98,0.02,Safe D,,
2026-09-06,AZ-HD-5B,AZ,House,HD-5,1,B,Aaron Marquez,,,Aaron Marquez,D,True,False,36.4,37.15,34.34,3.57,7.43,8.26,0.0,5.3,D,55.33,0.98,0.02,Safe D,,
2026-09-06,AZ-HD-6A,AZ,House,HD-6,1,A,Mae Peshlakai,,Brendan Trachsel,Mae Peshlakai,D,True,False,27.2,28.99,27.45,3.57,7.43,3.56,0.0,5.3,D,43.74,0.98,0.02,Safe D,,
2026-09-06,AZ-HD-6B,AZ,House,HD-6,1,B,Ian Teller,,,,D,False,True,27.2,28.99,27.45,3.57,0.0,0.0,0.0,5.3,D,32.75,0.98,0.02,Safe D,,
2026-09-06,AZ-HD-7A,AZ,House,HD-7,1,A,Samuel Martin,David Cook,Richard Grayson,,R,False,True,-29.9,-27.9,-20.53,3.57,0.0,-25.56,0.0,5.3,,-40.79,0.0038,0.9962,Safe R,,
2026-09-06,AZ-HD-7B,AZ,House,HD-7,1,B,,Walter Blackman,,Walter Blackman,R,True,False,-29.9,-27.9,-20.53,3.57,-7.43,0.0,-5.0,5.3,R,-27.66,0.02,0.98,Safe R,,
2026-09-06,AZ-HD-8A,AZ,House,HD-8,1,A,Janeen Connolly,Donald Hawker,,Janeen Connolly,D,True,False,19.6,21.62,21.24,3.57,7.43,5.38,0.0,5.3,,39.35,0.995,0.005,Safe D,,
2026-09-06,AZ-HD-8B,AZ,House,HD-8,1,B,Brian Garcia,,,Brian Garcia,D,True,False,19.6,21.62,21.24,3.57,7.43,9.22,0.0,5.3,D,43.2,0.98,0.02,Safe D,,
2026-09-06,AZ-HD-9A,AZ,House,HD-9,1,A,Lorena Austin,Bradley Bettencourt,,Lorena Austin,D,True,False,3.0,3.28,5.78,3.57,7.43,-0.74,0.0,5.3,,17.77,0.8774,0.1226,Likely D,,
2026-09-06,AZ-HD-9B,AZ,House,HD-9,1,B,Jacob Martinez,,,,D,False,True,3.0,3.28,5.78,3.57,0.0,0.0,0.0,5.3,D,11.08,0.98,0.02,Safe D,,
2026-09-06,AZ-SD-1,AZ,Senate,SD-1,1,,Christine Dargon,Mark Finchem,,Mark Finchem,R,True,False,-33.1,-33.08,-24.89,3.56,-7.43,-16.22,0.0,5.3,,-43.24,0.0023,0.9977,Safe R,,
2026-09-06,AZ-SD-10,AZ,Senate,SD-10,1,,Blair Moses,Dave Farnsworth,Nick Fierro,Dave Farnsworth,R,True,False,-20.9,-21.15,-14.83,3.56,-7.43,0.0,-5.0,5.3,,-21.96,0.0755,0.9245,Likely R,,
2026-09-06,AZ-SD-11,AZ,Senate,SD-11,1,,Catherine Miranda,Joshua Ayala,,Catherine Miranda,D,True,False,39.8,43.9,40.03,3.57,7.43,2.83,0.0,5.3,,55.59,0.9999,0.0001,Safe D,,
2026-09-06,AZ-SD-12,AZ,Senate,SD-12,1,,Patty Contreras,,Anthony Ramirez,Denise Epstein,D,False,True,15.8,16.29,16.74,3.57,0.0,0.0,0.0,5.3,D,22.04,0.98,0.02,Safe D,,
2026-09-06,AZ-SD-13,AZ,Senate,SD-13,1,,Kristie O'Brien,Julie Willoughby,,Javan Daniel Mesnard,R,False,True,-1.2,-0.52,2.57,3.56,0.0,-6.39,0.0,5.3,,1.48,0.5387,0.4613,Toss-up,,
2026-09-06,AZ-SD-14,AZ,Senate,SD-14,1,,Stephanie Walsh,Mylie Biggs,,Warren Petersen,R,False,True,-18.3,-18.0,-12.18,3.56,0.0,0.0,0.0,5.3,,-6.88,0.3264,0.6736,Lean R,,
2026-09-06,AZ-SD-15,AZ,Senate,SD-15,1,,Jayme Accalia,Jake Hoffman,,Jake Hoffman,R,True,False,-30.5,-30.27,-22.53,3.57,-7.43,2.67,0.0,5.3,,-21.98,0.0753,0.9247,Likely R,,
2026-09-06,AZ-SD-16,AZ,Senate,SD-16,1,,Elaine Aldrete,T.J. Shope,,T.J. Shope,R,True,False,-9.4,-7.99,-3.73,3.56,-7.43,0.0,-5.0,5.3,,-10.86,0.2387,0.7613,Likely R,,
2026-09-06,AZ-SD-17,AZ,Senate,SD-17,1,,Edgar Soto,Christopher King,,Vince Leach,R,False,True,-3.9,-4.24,-0.57,3.56,0.0,0.0,0.0,5.3,,4.73,0.6215,0.3785,Lean D,,
2026-09-06,AZ-SD-18,AZ,Senate,SD-18,1,,Priya Sundareshan,Douglas Everett,,Priya Sundareshan,D,True,False,24.0,24.1,23.33,3.57,7.43,0.12,5.0,5.3,,41.18,0.9965,0.0035,Safe D,,
2026-09-06,AZ-SD-19,AZ,Senate,SD-19,1,,Bob Karp,Gail Griffin,,David Gowan,R,False,True,-23.0,-24.58,-17.72,3.57,0.0,-10.06,0.0,5.3,,-22.49,0.0707,0.9293,Likely R,,
2026-09-06,AZ-SD-2,AZ,Senate,SD-2,1,,Amelia Gallitano,Shawnna Bolick,,Shawnna Bolick,R,True,False,-5.5,-4.74,-0.99,3.56,-7.43,-14.87,0.0,5.3,,-17.99,0.1197,0.8803,Likely R,,
2026-09-06,AZ-SD-20,AZ,Senate,SD-20,1,,Alma Hernández,,,Sally Ann Gonzales,D,False,True,43.2,45.81,41.64,3.56,0.0,0.0,0.0,5.3,D,46.94,0.98,0.02,Safe D,,
2026-09-06,AZ-SD-21,AZ,Senate,SD-21,1,,Rosanna Gabaldón,Esteban Flores,,Rosanna Gabaldón,D,True,False,18.5,21.05,20.76,3.56,7.43,0.0,5.0,5.3,,38.5,0.9941,0.0059,Safe D,,
2026-09-06,AZ-SD-22,AZ,Senate,SD-22,1,,Eva Diaz,,,Eva Diaz,D,True,False,21.1,25.07,24.15,3.56,7.43,1.86,0.0,5.3,D,38.74,0.98,0.02,Safe D,,
2026-09-06,AZ-SD-23,AZ,Senate,SD-23,1,,Brian Fernandez,Michelle Altherr,,Brian Fernandez,D,True,False,1.8,4.43,6.75,3.56,7.43,3.34,0.0,5.3,,22.82,0.9322,0.0678,Likely D,,
2026-09-06,AZ-SD-24,AZ,Senate,SD-24,1,,Analise Ortiz,Frank Steele,,Analise Ortiz,D,True,False,20.5,23.88,23.14,3.56,7.43,0.0,5.0,5.3,,40.88,0.9962,0.0038,Safe D,,
2026-09-06,AZ-SD-25,AZ,Senate,SD-25,1,,Laura Huber,Tim Dunn,,Tim Dunn,R,True,False,-29.4,-28.13,-20.72,3.56,-7.43,0.0,-5.0,5.3,,-27.85,0.0343,0.9657,Safe R,,
2026-09-06,AZ-SD-26,AZ,Senate,SD-26,1,,Flavio Bravo,Jim Bishop,,Flavio Bravo,D,True,False,28.7,31.66,29.71,3.57,7.43,1.48,0.0,5.3,,43.92,0.998,0.002,Safe D,,
2026-09-06,AZ-SD-27,AZ,Senate,SD-27,1,,Kyle Clayton,Kevin Payne,,Kevin Payne,R,True,False,-11.3,-11.11,-6.36,3.56,-7.43,-17.21,0.0,5.3,,-25.7,0.0464,0.9536,Safe R,,
2026-09-06,AZ-SD-28,AZ,Senate,SD-28,1,,Michael Braun,Frank Carroll,,Frank Carroll,R,True,False,-23.1,-23.68,-16.97,3.57,-7.43,-11.82,0.0,5.3,,-30.92,0.0216,0.9784,Safe R,,
2026-09-06,AZ-SD-29,AZ,Senate,SD-29,1,,Eric Stafford,Janae Shamp,,Janae Shamp,R,True,False,-18.3,-17.79,-11.99,3.57,-7.43,0.29,-5.0,5.3,,-18.83,0.109,0.891,Likely R,,
2026-09-06,AZ-SD-3,AZ,Senate,SD-3,1,,Jeffrey Fortney,John Kavanagh,,John Kavanagh,R,True,False,-24.5,-23.63,-16.92,3.56,-7.43,-11.18,0.0,5.3,,-30.24,0.024,0.976,Safe R,,
2026-09-06,AZ-SD-30,AZ,Senate,SD-30,1,,,Leo Biasiucci,,Hildy Angius,R,False,True,-55.2,-54.51,-42.96,3.56,0.0,-4.46,0.0,5.3,R,-42.12,0.02,0.98,Safe R,,
2026-09-06,AZ-SD-4,AZ,Senate,SD-4,1,,Aaron Lieberman,Carine Werner,,Carine Werner,R,True,False,-3.5,-2.65,0.77,3.56,-7.43,11.3,0.0,5.3,,9.94,0.7422,0.2578,Lean D,,
2026-09-06,AZ-SD-5,AZ,Senate,SD-5,1,,Christine Marsh,,Jason Laforest,Lela Alston,D,False,True,36.4,37.15,34.34,3.57,0.0,-0.09,0.0,5.3,D,39.55,0.98,0.02,Safe D,,
2026-09-06,AZ-SD-6,AZ,Senate,SD-6,1,,Jamescita Peshlakai,Lloyd Johnson,,Theresa Hatathlie,D,False,True,27.2,28.99,27.45,3.57,0.0,3.56,0.0,5.3,,36.31,0.9912,0.0088,Safe D,,
2026-09-06,AZ-SD-7,AZ,Senate,SD-7,1,,Mike Montiel,Wendy Rogers,,Wendy Rogers,R,True,False,-29.9,-27.9,-20.53,3.57,-7.43,-3.79,0.0,5.3,,-26.45,0.0418,0.9582,Safe R,,
2026-09-06,AZ-SD-8,AZ,Senate,SD-8,1,,Lauren Kuby,Bill Loughrige,,Lauren Kuby,D,True,False,19.6,21.62,21.24,3.57,7.43,0.29,5.0,5.3,,39.26,0.9949,0.0051,Safe D,,
2026-09-06,AZ-SD-9,AZ,Senate,SD-9,1,,Kiana Sears,Bridget Fitzgibbons,,Kiana Sears,D,True,False,3.0,3.28,5.78,3.57,7.43,0.0,5.0,5.3,,23.51,0.9379,0.0621,Likely D,,
2026-09-06,CA-AD-1,CA,Assembly,AD-1,1,,Dianna Margaret James,Heather Hadwick,,Heather Hadwick,R,True,False,-16.0,-16.14,-12.13,1.75,-7.43,0.0,-5.0,5.3,,-19.27,0.1039,0.8961,Likely R,,
2026-09-06,CA-AD-10,CA,Assembly,AD-10,1,,Stephanie Nguyen,Vinaya Singh,,Stephanie Nguyen,D,True,False,27.9,32.03,28.49,1.75,7.43,4.19,0.0,5.3,,45.42,0.9985,0.0015,Safe D,,
2026-09-06,CA-AD-11,CA,Assembly,AD-11,1,,Lori Wilson,,Jenny Callison,Lori Wilson,D,True,False,19.7,22.38,20.35,1.75,7.43,-1.83,0.0,5.3,D,31.26,0.98,0.02,Safe D,,
2026-09-06,CA-AD-12,CA,Assembly,AD-12,1,,Eric Lucan,,,Damon Connolly,D,False,True,55.5,58.22,50.58,1.75,0.0,0.0,0.0,5.3,D,55.88,0.98,0.02,Safe D,,
2026-09-06,CA-AD-13,CA,Assembly,AD-13,1,,Rhodesia Ransom,Tom Patti,,Rhodesia Ransom,D,True,False,13.3,18.59,17.16,1.75,7.43,0.16,5.0,5.3,,35.05,0.9891,0.0109,Safe D,,
2026-09-06,CA-AD-14,CA,Assembly,AD-14,1,,Buffy Wicks,,Mark Rendon,Buffy Wicks,D,True,False,71.5,76.32,65.85,1.75,7.43,0.71,0.0,5.3,D,79.29,0.98,0.02,Safe D,,
2026-09-06,CA-AD-15,CA,Assembly,AD-15,1,,Anamarie Avila Farias,,Arthur Webb,Anamarie Avila Farias,D,True,False,31.8,35.38,31.32,1.75,7.43,-1.39,0.0,5.3,D,42.66,0.98,0.02,Safe D,,
2026-09-06,CA-AD-16,CA,Assembly,AD-16,1,,Rebecca Bauer-Kahan,Joseph Alexander Rubay,,Rebecca Bauer-Kahan,D,True,False,36.5,38.27,33.75,1.75,7.43,-2.93,0.0,5.3,,43.56,0.9978,0.0022,Safe D,,
2026-09-06,CA-AD-17,CA,Assembly,AD-17,1,,Matt Haney,Manuel Noris-Barrera,,Matt Haney,D,True,False,67.3,72.66,62.76,1.75,7.43,0.25,5.0,5.3,,80.74,1.0,0.0,Safe D,,
2026-09-06,CA-AD-18,CA,Assembly,AD-18,1,,Mia Bonta,,,Mia Bonta,D,True,False,72.1,78.01,67.27,1.75,7.43,1.38,0.0,5.3,D,81.37,0.98,0.02,Safe D,,
2026-09-06,CA-AD-19,CA,Assembly,AD-19,1,,Catherine Stefani,Philip Louis Wing,,Catherine Stefani,D,True,False,57.5,62.16,53.91,1.75,7.43,0.0,5.0,5.3,,71.64,1.0,0.0,Safe D,,
2026-09-06,CA-AD-2,CA,Assembly,AD-2,1,,Chris Rogers,Michael Greer,,Chris Rogers,D,True,False,34.8,37.5,33.1,1.75,7.43,-2.29,0.0,5.3,,43.55,0.9978,0.0022,Safe D,,
2026-09-06,CA-AD-20,CA,Assembly,AD-20,1,,Liz Ortega,Patricia Muga,,Liz Ortega,D,True,False,40.3,45.34,39.72,1.75,7.43,0.93,0.0,5.3,,53.37,0.9998,0.0002,Safe D,,
2026-09-06,CA-AD-21,CA,Assembly,AD-21,1,,Diane Papan,Jabra J Muhawieh,,Diane Papan,D,True,False,50.6,54.3,47.27,1.75,7.43,-2.21,0.0,5.3,,57.8,0.9999,0.0001,Safe D,,
2026-09-06,CA-AD-22,CA,Assembly,AD-22,1,,,Juan Alanis,,Juan Alanis,R,True,False,-7.4,-4.16,-2.03,1.75,-7.43,-3.1,0.0,5.3,R,-7.27,0.02,0.98,Safe R,,
2026-09-06,CA-AD-23,CA,Assembly,AD-23,1,,Marc Berman,David G. Johnson,,Marc Berman,D,True,False,54.5,57.74,50.17,1.75,7.43,-1.07,0.0,5.3,,61.84,1.0,0.0,Safe D,,
2026-09-06,CA-AD-24,CA,Assembly,AD-24,1,,Alex Lee,Max Hsia,,Alex Lee,D,True,False,30.7,35.98,31.82,1.75,7.43,-0.29,5.0,5.3,,49.26,0.9994,0.0006,Safe D,,
2026-09-06,CA-AD-25,CA,Assembly,AD-25,1,,Ash Kalra,Himat Singh Bainiwal,,Ash Kalra,D,True,False,32.5,37.91,33.45,1.75,7.43,4.3,0.0,5.3,,50.48,0.9995,0.0005,Safe D,,
2026-09-06,CA-AD-26,CA,Assembly,AD-26,1,,Patrick Ahrens,Tim Gorsulowsky,,Patrick Ahrens,D,True,False,45.3,49.7,43.4,1.75,7.43,-0.51,0.0,5.3,,55.62,0.9999,0.0001,Safe D,,
2026-09-06,CA-AD-27,CA,Assembly,AD-27,1,,Brian Pacheco,Mike Murphy,,Esmeralda Soria,D,False,True,-2.4,2.05,3.2,1.75,0.0,0.0,0.0,5.3,,8.5,0.7109,0.2891,Lean D,,
2026-09-06,CA-AD-28,CA,Assembly,AD-28,1,,Gail Pellerin,Carol Pefley,,Gail Pellerin,D,True,False,44.0,46.65,40.82,1.75,7.43,-4.24,0.0,5.3,,49.32,0.9994,0.0006,Safe D,,
2026-09-06,CA-AD-29,CA,Assembly,AD-29,1,,Robert Rivas,Dennis P. Sanchez,,Robert Rivas,D,True,False,23.4,28.67,25.66,1.75,7.43,1.33,0.0,5.3,,39.71,0.9953,0.0047,Safe D,,
2026-09-06,CA-AD-3,CA,Assembly,AD-3,1,,,Dom Belza,,,R,False,True,-19.2,-17.95,-13.66,1.75,0.0,0.0,0.0,5.3,R,-8.36,0.02,0.98,Safe R,,
2026-09-06,CA-AD-30,CA,Assembly,AD-30,1,,Dawn Addis,Shannon Kessler,,Dawn Addis,D,True,False,27.1,28.53,25.54,1.75,7.43,-5.42,0.0,5.3,,32.85,0.9841,0.0159,Safe D,,
2026-09-06,CA-AD-31,CA,Assembly,AD-31,1,,Annalisa Perea,Jim Polsgrove,,Joaquin Arambula,D,False,True,13.1,17.34,16.1,1.75,0.0,0.0,0.0,5.3,,21.4,0.9192,0.0808,Likely D,,
2026-09-06,CA-AD-32,CA,Assembly,AD-32,1,,,David Couch,,Stan Ellis,R,False,True,-33.2,-32.72,-26.12,1.75,0.0,0.0,0.0,5.3,R,-20.82,0.02,0.98,Safe R,,
2026-09-06,CA-AD-33,CA,Assembly,AD-33,1,,Hipolito Cerros,Ali Macedo,,Ali Macedo,R,True,False,-18.5,-15.1,-11.25,1.75,-7.43,0.0,-5.0,5.3,,-18.38,0.1146,0.8854,Likely R,,
2026-09-06,CA-AD-34,CA,Assembly,AD-34,1,,Randall Putz,Charles Frederick Hughes,,Tom Lackey,R,False,True,-19.7,-19.4,-14.88,1.75,0.0,0.0,0.0,5.3,,-9.58,0.2654,0.7346,Lean R,,
2026-09-06,CA-AD-35,CA,Assembly,AD-35,1,,Andrae Gonzales,Saul Ayon,,Jasmeet Bains,D,False,True,0.4,5.53,6.14,1.75,0.0,0.0,0.0,5.3,,11.44,0.7729,0.2271,Likely D,,
2026-09-06,CA-AD-36,CA,Assembly,AD-36,1,,Ida S. Obeso-Martinez,Jeff Gonzalez,,Jeff Gonzalez,R,True,False,-1.2,3.32,4.28,1.75,-7.43,-0.8,0.0,5.3,,1.35,0.5352,0.4648,Toss-up,,
2026-09-06,CA-AD-37,CA,Assembly,AD-37,1,,Gregg Hart,Sari Domingues,,Gregg Hart,D,True,False,24.3,26.38,23.73,1.75,7.43,-4.1,0.0,5.3,,32.36,0.9828,0.0172,Safe D,,
2026-09-06,CA-AD-38,CA,Assembly,AD-38,1,,Steve Bennett,,,Steve Bennett,D,True,False,24.0,26.85,24.13,1.75,7.43,0.01,5.0,5.3,D,41.87,0.98,0.02,Safe D,,
2026-09-06,CA-AD-39,CA,Assembly,AD-39,1,,Juan Carrillo,Paul Marsh,,Juan Carrillo,D,True,False,9.3,13.87,13.17,1.75,7.43,-2.34,0.0,5.3,,23.56,0.9383,0.0617,Likely D,,
2026-09-06,CA-AD-4,CA,Assembly,AD-4,1,,Cecilia Aguiar-Curry,,,Cecilia Aguiar-Curry,D,True,False,30.0,32.31,28.73,1.75,7.43,1.2,0.0,5.3,D,42.65,0.98,0.02,Safe D,,
2026-09-06,CA-AD-40,CA,Assembly,AD-40,1,,Pilar Schiavo,Rickey Tracy Hayes II,,Pilar Schiavo,D,True,False,8.4,11.05,10.79,1.75,7.43,-3.37,0.0,5.3,,20.16,0.9063,0.0937,Likely D,,
2026-09-06,CA-AD-41,CA,Assembly,AD-41,1,,John Harabedian,Adam Christopher Vena,,John Harabedian,D,True,False,21.4,23.25,21.08,1.75,7.43,-1.63,0.0,5.3,,32.18,0.9823,0.0177,Safe D,,
2026-09-06,CA-AD-42,CA,Assembly,AD-42,1,,Deborah Klein Lopez,Ted Nordblum,,Jacqui Irwin,D,False,True,14.3,15.88,14.87,1.75,0.0,-2.07,0.0,5.3,,18.1,0.8818,0.1182,Likely D,,
2026-09-06,CA-AD-43,CA,Assembly,AD-43,1,,Celeste Rodriguez,Ricardo Antonio Benitez,,Celeste Rodriguez,D,True,False,29.7,36.97,32.66,1.75,7.43,1.36,0.0,5.3,,46.75,0.9989,0.0011,Safe D,,
2026-09-06,CA-AD-44,CA,Assembly,AD-44,1,,Nick Schultz,Carolyn Daniels,,Nick Schultz,D,True,False,32.9,35.92,31.78,1.75,7.43,-0.39,0.0,5.3,,44.12,0.998,0.002,Safe D,,
2026-09-06,CA-AD-45,CA,Assembly,AD-45,1,,James Ramos,Greg Abdouch,,James Ramos,D,True,False,12.3,17.58,16.31,1.75,7.43,1.67,0.0,5.3,,30.71,0.9777,0.0223,Safe D,,
2026-09-06,CA-AD-46,CA,Assembly,AD-46,1,,Jesse Gabriel,Tracey Schroeder,,Jesse Gabriel,D,True,False,25.9,30.63,27.32,1.75,7.43,-0.34,5.0,5.3,,44.7,0.9983,0.0017,Safe D,,
2026-09-06,CA-AD-47,CA,Assembly,AD-47,1,,Leila Namvar,Greg Wallis,,Greg Wallis,R,True,False,4.2,4.87,5.59,1.75,-7.43,-1.77,0.0,5.3,,1.69,0.544,0.456,Toss-up,,
2026-09-06,CA-AD-48,CA,Assembly,AD-48,1,,Blanca Rubio,Dan Tran,,Blanca Rubio,D,True,False,16.6,21.29,19.43,1.75,7.43,2.49,0.0,5.3,,34.65,0.9883,0.0117,Safe D,,
2026-09-06,CA-AD-49,CA,Assembly,AD-49,1,,Mike Fong,Long Liu,,Mike Fong,D,True,False,23.8,28.24,25.3,1.75,7.43,0.21,5.0,5.3,,43.24,0.9977,0.0023,Safe D,,
2026-09-06,CA-AD-5,CA,Assembly,AD-5,1,,Neva Parker,Joe Patterson,,Joe Patterson,R,True,False,-10.7,-10.79,-7.62,1.75,-7.43,-8.79,0.0,5.3,,-18.54,0.1126,0.8874,Likely R,,
2026-09-06,CA-AD-50,CA,Assembly,AD-50,1,,Robert Garcia,Victoria Viveros Mageno,,Robert Garcia,D,True,False,9.8,14.63,13.82,1.75,7.43,0.0,5.0,5.3,,31.55,0.9804,0.0196,Safe D,,
2026-09-06,CA-AD-51,CA,Assembly,AD-51,1,,Rick Zbur,,,Rick Zbur,D,True,False,52.0,55.8,48.54,1.75,7.43,0.0,5.0,5.3,D,66.27,0.98,0.02,Safe D,,
2026-09-06,CA-AD-52,CA,Assembly,AD-52,1,,Jessica Caloza,Andrea Lee Anderson,,Jessica Caloza,D,True,False,53.6,59.05,51.28,1.75,7.43,0.0,5.0,5.3,,69.01,1.0,0.0,Safe D,,
2026-09-06,CA-AD-53,CA,Assembly,AD-53,1,,Michelle Rodriguez,Rafaela Romero,,Michelle Rodriguez,D,True,False,12.0,17.57,16.3,1.75,7.43,1.19,0.0,5.3,,30.22,0.976,0.024,Safe D,,
2026-09-06,CA-AD-54,CA,Assembly,AD-54,1,,Mark González,Alexandra Briseno,,Mark González,D,True,False,43.8,50.91,44.42,1.75,7.43,0.0,5.0,5.3,,62.15,1.0,0.0,Safe D,,
2026-09-06,CA-AD-55,CA,Assembly,AD-55,1,,Isaac Bryan,,,Isaac Bryan,D,True,False,62.2,66.89,57.9,1.75,7.43,-0.51,0.0,5.3,D,70.12,0.98,0.02,Safe D,,
2026-09-06,CA-AD-56,CA,Assembly,AD-56,1,,Lisa Calderon,Jessica Martinez,,Lisa Calderon,D,True,False,17.8,22.95,20.84,1.75,7.43,-16.38,0.0,5.3,,17.19,0.8695,0.1305,Likely D,,
2026-09-06,CA-AD-57,CA,Assembly,AD-57,1,,Sade Elhawary,Constance Jewel Menzies,,Sade Elhawary,D,True,False,52.6,60.71,52.68,1.75,7.43,0.0,5.0,5.3,,70.41,1.0,0.0,Safe D,,
2026-09-06,CA-AD-58,CA,Assembly,AD-58,1,,Clarissa Cervantes,Leticia Castillo,,Leticia Castillo,R,True,False,4.0,8.35,8.52,1.75,-7.43,-3.24,0.0,5.3,,3.15,0.5816,0.4184,Toss-up,,
2026-09-06,CA-AD-59,CA,Assembly,AD-59,1,,,Phillip Chen,Victor Hernandez,Phillip Chen,R,True,False,-6.4,-5.46,-3.13,1.75,-7.43,-17.08,0.0,5.3,R,-22.33,0.02,0.98,Safe R,,
2026-09-06,CA-AD-6,CA,Assembly,AD-6,1,,Maggy Krell,,,Maggy Krell,D,True,False,34.0,36.47,32.23,1.75,7.43,-0.03,5.0,5.3,D,49.93,0.98,0.02,Safe D,,
2026-09-06,CA-AD-60,CA,Assembly,AD-60,1,,Corey Jackson,Ed Delgado,,Corey Jackson,D,True,False,8.4,13.22,12.62,1.75,7.43,-1.45,0.0,5.3,,23.9,0.941,0.059,Likely D,,
2026-09-06,CA-AD-61,CA,Assembly,AD-61,1,,Tina McKinnor,Brian Lockwood,,Tina McKinnor,D,True,False,56.9,62.0,53.77,1.75,7.43,0.0,5.0,5.3,,71.5,1.0,0.0,Safe D,,
2026-09-06,CA-AD-62,CA,Assembly,AD-62,1,,José Solache,Paul Irving Jones,,José Solache,D,True,False,28.8,35.54,31.45,1.75,7.43,0.0,5.0,5.3,,49.18,0.9994,0.0006,Safe D,,
2026-09-06,CA-AD-63,CA,Assembly,AD-63,1,,,Natasha Johnson,Kevin Akin,Natasha Johnson,R,True,False,-12.8,-11.4,-8.14,1.75,-7.43,0.0,-5.0,5.3,R,-15.27,0.02,0.98,Safe R,,
2026-09-06,CA-AD-64,CA,Assembly,AD-64,1,,Blanca Pacheco,Raul Ortiz Jr.,,Blanca Pacheco,D,True,False,16.2,21.85,19.91,1.75,7.43,2.07,0.0,5.3,,34.71,0.9884,0.0116,Safe D,,
2026-09-06,CA-AD-65,CA,Assembly,AD-65,1,,Ayanna Davis,Lydia A. Gutiérrez,,Mike Gipson,D,False,True,43.5,50.13,43.76,1.75,0.0,0.0,0.0,5.3,,49.06,0.9993,0.0007,Safe D,,
2026-09-06,CA-AD-66,CA,Assembly,AD-66,1,,Paul Seo,,,Al Muratsuchi,D,False,True,23.3,25.32,22.84,1.75,0.0,0.0,0.0,5.3,D,28.14,0.98,0.02,Safe D,,
2026-09-06,CA-AD-67,CA,Assembly,AD-67,1,,Mark Pulido,Paulo Morales,,Sharon Quirk-Silva,D,False,True,10.4,13.58,12.93,1.75,0.0,0.0,0.0,5.3,,18.23,0.8834,0.1166,Likely D,,
2026-09-06,CA-AD-68,CA,Assembly,AD-68,1,,David Penaloza,,,Avelino Valencia,D,False,True,22.2,27.08,24.31,1.75,0.0,0.0,0.0,5.3,D,29.61,0.98,0.02,Safe D,,
2026-09-06,CA-AD-69,CA,Assembly,AD-69,1,,Josh Lowenthal,,,Josh Lowenthal,D,True,False,38.2,41.58,36.55,1.75,7.43,-1.61,0.0,5.3,D,47.67,0.98,0.02,Safe D,,
2026-09-06,CA-AD-7,CA,Assembly,AD-7,1,,Amy L. Slavensky,Joshua Hoover,,Joshua Hoover,R,True,False,4.5,4.99,5.68,1.75,-7.43,0.0,-5.0,5.3,,-1.45,0.4623,0.5377,Toss-up,,
2026-09-06,CA-AD-70,CA,Assembly,AD-70,1,,Paula Swift,Tri Ta,,Tri Ta,R,True,False,-3.1,-0.75,0.84,1.75,-7.43,-1.79,0.0,5.3,,-3.08,0.4202,0.5798,Toss-up,,
2026-09-06,CA-AD-71,CA,Assembly,AD-71,1,,JJ Galvez,Kate Sanchez,,Kate Sanchez,R,True,False,-11.0,-11.04,-7.83,1.75,-7.43,-3.31,0.0,5.3,,-13.28,0.1926,0.8074,Likely R,,
2026-09-06,CA-AD-72,CA,Assembly,AD-72,1,,Chris Kluwe,Gracey Van Der Mark,,Diane Dixon,R,False,True,-2.7,-1.73,0.02,1.75,0.0,0.0,0.0,5.3,,5.32,0.636,0.364,Lean D,,
2026-09-06,CA-AD-73,CA,Assembly,AD-73,1,,Cottie Petrie-Norris,Urson Russell,,Cottie Petrie-Norris,D,True,False,16.6,19.23,17.7,1.75,7.43,-0.96,0.0,5.3,,29.48,0.973,0.027,Safe D,,
2026-09-06,CA-AD-74,CA,Assembly,AD-74,1,,Sergio Farias,Laurie Davies,,Laurie Davies,R,True,False,1.9,2.7,3.76,1.75,-7.43,-6.43,0.0,5.3,,-4.8,0.3768,0.6232,Lean R,,
2026-09-06,CA-AD-75,CA,Assembly,AD-75,1,,Gerald Boursiquot,Carl DeMaio,,Carl DeMaio,R,True,False,-13.8,-13.86,-10.21,1.75,-7.43,0.0,-5.0,5.3,,-17.34,0.1284,0.8716,Likely R,,
2026-09-06,CA-AD-76,CA,Assembly,AD-76,1,,Darsh Patel,Carrie S. Espinoza Villanueva,,Darsh Patel,D,True,False,12.7,13.55,12.9,1.75,7.43,0.0,5.0,5.3,,30.63,0.9774,0.0226,Safe D,,
2026-09-06,CA-AD-77,CA,Assembly,AD-77,1,,Tasha Boerner,Trinity Hannaway,,Tasha Boerner Horvath,D,True,False,29.4,30.7,27.37,1.75,7.43,-3.09,0.0,5.3,,37.01,0.9922,0.0078,Safe D,,
2026-09-06,CA-AD-78,CA,Assembly,AD-78,1,,Chris Ward,Payton Galvez,,Chris Ward,D,True,False,36.3,37.91,33.45,1.75,7.43,-1.23,0.0,5.3,,44.96,0.9984,0.0016,Safe D,,
2026-09-06,CA-AD-79,CA,Assembly,AD-79,1,,LaShae Sharp-Collins,Andrew Lawson,,LaShae Sharp-Collins,D,True,False,22.6,26.98,24.24,1.75,7.43,0.0,5.0,5.3,,41.97,0.997,0.003,Safe D,,
2026-09-06,CA-AD-8,CA,Assembly,AD-8,1,,,David Tangipa,,David Tangipa,R,True,False,-18.3,-17.97,-13.68,1.75,-7.43,0.0,-5.0,5.3,R,-20.81,0.02,0.98,Safe R,,
2026-09-06,CA-AD-80,CA,Assembly,AD-80,1,,David Alvarez,Alejandro Galicia,,David Alvarez,D,True,False,17.1,22.8,20.71,1.75,7.43,-0.11,5.0,5.3,,38.34,0.9939,0.0061,Safe D,,
2026-09-06,CA-AD-9,CA,Assembly,AD-9,1,,Matthew Adams,Heath Flora,,Heath Flora,R,True,False,-23.3,-20.68,-15.97,1.75,-7.43,-18.84,0.0,5.3,,-36.94,0.0079,0.9921,Safe R,,
2026-09-06,CA-SD-10,CA,Senate,SD-10,1,,Scott Sakakihara,Linda R. Price,,Aisha Wahab,D,False,True,37.2,42.45,37.28,1.75,0.0,0.0,0.0,5.3,,42.58,0.9973,0.0027,Safe D,,
2026-09-06,CA-SD-12,CA,Senate,SD-12,1,,,Nathan Magsig,William Brown Jr.,Shannon Grove,R,False,True,-25.9,-25.29,-19.85,1.75,0.0,0.0,0.0,5.3,R,-14.55,0.02,0.98,Safe R,,
2026-09-06,CA-SD-14,CA,Senate,SD-14,1,,Esmeralda Soria,Darin S. DuPont,,Anna Caballero,D,False,True,4.1,8.67,8.79,1.75,0.0,0.82,0.0,5.3,,14.9,0.8351,0.1649,Likely D,,
2026-09-06,CA-SD-16,CA,Senate,SD-16,1,,Melissa Hurtado,Guillermo Asuncion Gonzalez,,Melissa Hurtado,D,True,False,-8.9,-4.44,-2.27,1.75,7.43,0.14,5.0,5.3,,15.6,0.8462,0.1538,Likely D,,
2026-09-06,CA-SD-18,CA,Senate,SD-18,1,,Steve Padilla,Art Hodges,,Steve Padilla,D,True,False,13.1,18.81,17.34,1.75,7.43,-0.73,0.0,5.3,,29.34,0.9725,0.0275,Safe D,,
2026-09-06,CA-SD-2,CA,Senate,SD-2,1,,Damon Connolly,Tief Gibbs,,Mike McGuire,D,False,True,43.2,45.85,40.15,1.75,0.0,-2.63,0.0,5.3,,42.82,0.9974,0.0026,Safe D,,
2026-09-06,CA-SD-20,CA,Senate,SD-20,1,,Caroline Menjivar,Tony Rodriguez,,Caroline Menjivar,D,True,False,28.1,33.79,29.98,1.75,7.43,-0.39,0.0,5.3,,42.32,0.9972,0.0028,Safe D,,
2026-09-06,CA-SD-22,CA,Senate,SD-22,1,,Susan Rubio,Mike Netter,,Susan Rubio,D,True,False,14.1,19.27,17.73,1.75,7.43,-1.81,0.0,5.3,,28.65,0.9695,0.0305,Safe D,,
2026-09-06,CA-SD-24,CA,Senate,SD-24,1,,John M. Erickson,,,Ben Allen,D,False,True,35.9,39.63,34.9,1.75,0.0,0.0,0.0,5.3,D,40.2,0.98,0.02,Safe D,,
2026-09-06,CA-SD-26,CA,Senate,SD-26,1,,Sara Hernandez,,,María Elena Durazo,D,False,True,54.0,60.01,52.09,1.75,0.0,0.0,0.0,5.3,D,57.39,0.98,0.02,Safe D,,
2026-09-06,CA-SD-28,CA,Senate,SD-28,1,,Lola Smallwood-Cuevas,Joe Lisuzzo,,Lola Smallwood-Cuevas,D,True,False,60.0,65.03,56.32,1.75,7.43,0.0,5.0,5.3,,74.05,1.0,0.0,Safe D,,
2026-09-06,CA-SD-30,CA,Senate,SD-30,1,,Bob Archuleta,Araceli Martinez,,Bob Archuleta,D,True,False,17.3,22.47,20.43,1.75,7.43,-1.08,0.0,5.3,,32.08,0.982,0.018,Safe D,,
2026-09-06,CA-SD-32,CA,Senate,SD-32,1,,Tiffanie Tate,Kelly Seyarto,,Kelly Seyarto,R,True,False,-15.0,-14.32,-10.6,1.75,-7.43,-9.55,0.0,5.3,,-22.28,0.0726,0.9274,Likely R,,
2026-09-06,CA-SD-34,CA,Senate,SD-34,1,,Avelino Valencia,Rhonda Shader,,Tom Umberg,D,False,True,16.4,20.81,19.03,1.75,0.0,-2.25,0.0,5.3,,22.08,0.9256,0.0744,Likely D,,
2026-09-06,CA-SD-36,CA,Senate,SD-36,1,,Chris Duncan,Tony Strickland,,Tony Strickland,R,True,False,-4.0,-2.39,-0.54,1.75,-7.43,-2.37,0.0,5.3,,-5.04,0.3709,0.6291,Lean R,,
2026-09-06,CA-SD-38,CA,Senate,SD-38,1,,Catherine Blakespear,Laura Bassett,,Catherine Blakespear,D,True,False,12.8,13.96,13.25,1.75,7.43,-3.78,0.0,5.3,,22.21,0.9268,0.0732,Likely D,,
2026-09-06,CA-SD-4,CA,Senate,SD-4,1,,Jaron Brandon,Alexandra Duarte,,Marie Alvarado-Gil,R,False,True,-12.6,-11.12,-7.9,1.75,0.0,0.0,0.0,5.3,,-2.6,0.4325,0.5675,Toss-up,,
2026-09-06,CA-SD-40,CA,Senate,SD-40,1,,Mara Elliott,Kristie Bruce-Lane,,Brian L. Jones,R,False,True,3.8,4.11,4.95,1.75,0.0,-1.7,0.0,5.3,,8.54,0.7118,0.2882,Lean D,,
2026-09-06,CA-SD-6,CA,Senate,SD-6,1,,Sean Frame,Roger Niello,,Roger Niello,R,True,False,-1.1,-0.76,0.84,1.75,-7.43,-4.21,0.0,5.3,,-5.51,0.3594,0.6406,Lean R,,
2026-09-06,CA-SD-8,CA,Senate,SD-8,1,,Angelique Ashby,Susan Mason,,Angelique Ashby,D,True,False,32.5,36.05,31.89,1.75,7.43,0.0,5.0,5.3,,49.62,0.9994,0.0006,Safe D,,
2026-09-06,CO-HD-1,CO,House,HD-1,1,,Javier Mabrey,Joseph Montoya,,Javier Mabrey,D,True,False,29.4,32.11,30.46,4.0,7.43,-0.77,0.0,5.3,,42.42,0.9972,0.0028,Safe D,,
2026-09-06,CO-HD-10,CO,House,HD-10,1,,Junie Joseph,,,Junie Joseph,D,True,False,72.6,75.52,67.07,4.0,7.43,-0.94,0.0,5.3,D,78.86,0.98,0.02,Safe D,,
2026-09-06,CO-HD-11,CO,House,HD-11,1,,Karen McCormick,,,Karen McCormick,D,True,False,40.5,40.36,37.42,4.0,7.43,-1.59,0.0,5.3,D,48.56,0.98,0.02,Safe D,,
2026-09-06,CO-HD-12,CO,House,HD-12,1,,Kyle Brown,Ryan Rhatigan,,Kyle Brown,D,True,False,58.1,58.65,52.84,4.0,7.43,-1.7,0.0,5.3,,63.87,1.0,0.0,Safe D,,
2026-09-06,CO-HD-13,CO,House,HD-13,1,,Consuelo Redhorse,Miguel Martinez,,Julie McCluskie,D,False,True,11.2,10.81,12.5,4.0,0.0,0.0,0.0,5.3,,17.8,0.8777,0.1223,Likely D,,
2026-09-06,CO-HD-14,CO,House,HD-14,1,,Sarah Emery,Ava Flanell,,Ava Flanell,R,True,False,-10.5,-13.23,-7.78,4.0,-7.43,0.0,-5.0,5.3,,-14.91,0.1648,0.8352,Likely R,,
2026-09-06,CO-HD-15,CO,House,HD-15,1,,Jeff Livingston,Pricella Tiegen,Doug Jones,Scott Bottoms,R,False,True,-13.3,-14.97,-9.25,4.0,0.0,-1.08,0.0,5.3,,-5.03,0.3712,0.6288,Lean R,,
2026-09-06,CO-HD-16,CO,House,HD-16,1,,Stephanie Vigil,Jill Haffley,John C Hjersman,Rebecca Keltie,R,False,True,6.9,6.1,8.52,4.0,0.0,-4.31,0.0,5.3,,9.51,0.733,0.267,Lean D,,
2026-09-06,CO-HD-17,CO,House,HD-17,1,,Regina English,Laura Martin,John Michael Angle,Regina English,D,True,False,11.0,11.35,12.95,4.0,7.43,-0.02,5.0,5.3,,30.66,0.9775,0.0225,Safe D,,
2026-09-06,CO-HD-18,CO,House,HD-18,1,,Amy Paschal,Adriana Cuva,,Amy Paschal,D,True,False,11.5,10.66,12.37,4.0,7.43,-1.71,0.0,5.3,,23.39,0.937,0.063,Likely D,,
2026-09-06,CO-HD-19,CO,House,HD-19,1,,Jillaire McMillan,Dan Woog,Tim Johnson,Dan Woog,R,True,False,8.7,7.39,9.61,4.0,-7.43,-0.93,0.0,5.3,,6.54,0.6657,0.3343,Lean D,,
2026-09-06,CO-HD-2,CO,House,HD-2,1,,Scott Baldermann,Carey Marin,,Steven Woodrow,D,False,True,57.1,58.52,52.74,4.0,0.0,0.0,0.0,5.3,,58.04,0.9999,0.0001,Safe D,,
2026-09-06,CO-HD-20,CO,House,HD-20,1,,,Jarvis Caldwell,,Jarvis Caldwell,R,True,False,-32.9,-34.24,-25.5,4.0,-7.43,-4.48,0.0,5.3,R,-32.11,0.02,0.98,Safe R,,
2026-09-06,CO-HD-21,CO,House,HD-21,1,,Michelle Tweed,Brenda Miller,,Mary Bradfield,R,False,True,-15.0,-15.4,-9.61,4.0,0.0,0.0,0.0,5.3,,-4.31,0.3891,0.6109,Lean R,,
2026-09-06,CO-HD-22,CO,House,HD-22,1,,Michael Pierson,Ken DeGraaf,,Ken DeGraaf,R,True,False,-10.4,-12.74,-7.37,4.0,-7.43,-5.65,0.0,5.3,,-15.15,0.161,0.839,Likely R,,
2026-09-06,CO-HD-23,CO,House,HD-23,1,,Alexis Hoffkling,,Ross Metler,Monica Duran,D,False,True,30.0,30.03,28.7,4.0,0.0,0.0,0.0,5.3,D,34.0,0.98,0.02,Safe D,,
2026-09-06,CO-HD-24,CO,House,HD-24,1,,Lisa Feret,Kristopher Johnson,,Lisa Feret,D,True,False,18.2,17.52,18.15,4.0,7.43,-1.87,0.0,5.3,,29.01,0.9711,0.0289,Safe D,,
2026-09-06,CO-HD-25,CO,House,HD-25,1,,Tammy Story,Mark Herzfeld,,Tammy Story,D,True,False,10.7,9.57,11.45,4.0,7.43,-3.2,0.0,5.3,,20.98,0.915,0.085,Likely D,,
2026-09-06,CO-HD-26,CO,House,HD-26,1,,Meghan Lukens,James Kellogg,,Meghan Lukens,D,True,False,6.0,5.86,8.32,4.0,7.43,0.89,0.0,5.3,,21.93,0.9243,0.0757,Likely D,,
2026-09-06,CO-HD-27,CO,House,HD-27,1,,Danielle Varda,Eric Bodenstab,,Brianna Titone,D,False,True,22.4,21.53,21.54,4.0,0.0,0.0,0.0,5.3,,26.84,0.9604,0.0396,Safe D,,
2026-09-06,CO-HD-28,CO,House,HD-28,1,,David Rein,,,Sheila Lieder,D,False,True,10.8,10.52,12.25,4.0,0.0,0.0,0.0,5.3,D,17.55,0.98,0.02,Safe D,,
2026-09-06,CO-HD-29,CO,House,HD-29,1,,Lori Goldstein,Kristine Ireland,,Lori Goldstein,D,True,False,22.3,21.94,21.88,4.0,7.43,0.0,5.0,5.3,,39.61,0.9952,0.0048,Safe D,,
2026-09-06,CO-HD-3,CO,House,HD-3,1,,Gena Ozols,Rebecca Winegar,,Meg Froelich,D,False,True,33.6,34.76,32.69,4.0,0.0,0.0,0.0,5.3,,37.99,0.9935,0.0065,Safe D,,
2026-09-06,CO-HD-30,CO,House,HD-30,1,,Rebekah Stewart,William Tyler Switzer,,Rebekah Stewart,D,True,False,29.2,30.42,29.03,4.0,7.43,-1.74,0.0,5.3,,40.03,0.9956,0.0044,Safe D,,
2026-09-06,CO-HD-31,CO,House,HD-31,1,,Gabriel Cervantes,Ray Roll,,Jacque Phillips,D,False,True,11.2,13.85,15.06,4.0,0.0,0.0,0.0,5.3,,20.36,0.9085,0.0915,Likely D,,
2026-09-06,CO-HD-32,CO,House,HD-32,1,,Chris VanDijk,Michelle D. Lee,,Manny Rutinel,D,False,True,7.1,12.03,13.52,4.0,0.0,0.0,0.0,5.3,,18.82,0.8908,0.1092,Likely D,,
2026-09-06,CO-HD-33,CO,House,HD-33,1,,Kenny Nguyen,Nate Jorgensen,,Kenny Nguyen,D,True,False,22.9,22.57,22.41,4.0,7.43,0.0,5.0,5.3,,40.14,0.9957,0.0043,Safe D,,
2026-09-06,CO-HD-34,CO,House,HD-34,1,,Jenny Willford,Craig Sullivan,,Jenny Willford,D,True,False,7.7,8.67,10.69,4.0,7.43,-1.5,0.0,5.3,,21.92,0.9242,0.0758,Likely D,,
2026-09-06,CO-HD-35,CO,House,HD-35,1,,Lorena García,,,Lorena García,D,True,False,25.0,26.89,26.06,4.0,7.43,0.0,5.0,5.3,D,43.79,0.98,0.02,Safe D,,
2026-09-06,CO-HD-36,CO,House,HD-36,1,,Michael Carter,Paul E. Nelson,Andrew Gibson,Michael Carter,D,True,False,24.0,26.41,25.65,4.0,7.43,0.0,5.0,5.3,,43.39,0.9977,0.0023,Safe D,,
2026-09-06,CO-HD-37,CO,House,HD-37,1,,Chad Clifford,Jill Thompson,,Chad Clifford,D,True,False,19.3,19.54,19.85,4.0,7.43,0.0,5.0,5.3,,37.58,0.993,0.007,Safe D,,
2026-09-06,CO-HD-38,CO,House,HD-38,1,,Gretchen Rydin,,Tim Martin,Gretchen Rydin,D,True,False,16.0,15.01,16.04,4.0,7.43,0.0,5.0,5.3,D,33.77,0.98,0.02,Safe D,,
2026-09-06,CO-HD-39,CO,House,HD-39,1,,Christian Schilder,Brandi Bradley,,Brandi Bradley,R,True,False,-8.6,-10.27,-5.28,4.0,-7.43,-2.31,0.0,5.3,,-9.72,0.2625,0.7375,Lean R,,
2026-09-06,CO-HD-4,CO,House,HD-4,1,,Cecelia Espenoza,Ellwood Ervin,Bill Hare,Cecelia Espenoza,D,True,False,58.1,61.51,55.25,4.0,7.43,-0.02,5.0,5.3,,72.96,1.0,0.0,Safe D,,
2026-09-06,CO-HD-40,CO,House,HD-40,1,,Naquetta Ricks,Clinton Porter,,Naquetta Ricks,D,True,False,18.9,20.62,20.76,4.0,7.43,-1.33,0.0,5.3,,32.16,0.9823,0.0177,Safe D,,
2026-09-06,CO-HD-41,CO,House,HD-41,1,,Jamie Jackson,,,Jamie Jackson,D,True,False,29.0,31.5,29.94,4.0,7.43,0.0,5.0,5.3,D,47.67,0.98,0.02,Safe D,,
2026-09-06,CO-HD-42,CO,House,HD-42,1,,Sarah Woodson,,,Mandy Lindsay,D,False,True,35.0,39.35,36.57,4.0,0.0,0.0,0.0,5.3,D,41.87,0.98,0.02,Safe D,,
2026-09-06,CO-HD-43,CO,House,HD-43,1,,Bob Marshall,Nate Marsh,,Bob Marshall,D,True,False,7.0,6.13,8.55,4.0,7.43,-1.65,0.0,5.3,,19.63,0.9004,0.0996,Likely D,,
2026-09-06,CO-HD-44,CO,House,HD-44,1,,Richard Bowness,Tony Hartsook,John H Sutton,Tony Hartsook,R,True,False,-9.7,-9.91,-4.98,4.0,-7.43,0.0,-5.0,5.3,,-12.11,0.2141,0.7859,Likely R,,
2026-09-06,CO-HD-45,CO,House,HD-45,1,,Michael Clarkson,Max Brooks,Caryn Ann Harlos,Max Brooks,R,True,False,-16.5,-17.86,-11.69,4.0,-7.43,-2.93,0.0,5.3,,-16.75,0.1366,0.8634,Likely R,,
2026-09-06,CO-HD-46,CO,House,HD-46,1,,Tisha Mauro,Jonathan Post,,Tisha Mauro,D,True,False,-0.8,0.09,3.45,4.0,7.43,1.71,0.0,5.3,,17.89,0.879,0.121,Likely D,,
2026-09-06,CO-HD-47,CO,House,HD-47,1,,Vic Meyers,Ty Winter,,Ty Winter,R,True,False,-30.4,-30.23,-22.12,4.0,-7.43,-0.44,0.0,5.3,,-24.69,0.0532,0.9468,Likely R,,
2026-09-06,CO-HD-48,CO,House,HD-48,1,,Dez Packard,Carlos Barron,Eric E. Joss,Carlos Barron,R,True,False,-26.4,-23.75,-16.65,4.0,-7.43,0.0,-5.0,5.3,,-23.78,0.0599,0.9401,Likely R,,
2026-09-06,CO-HD-49,CO,House,HD-49,1,,Lesley Smith,Michael Sheperek,,Lesley Smith,D,True,False,33.0,33.93,31.99,4.0,7.43,-2.11,0.0,5.3,,42.62,0.9973,0.0027,Safe D,,
2026-09-06,CO-HD-5,CO,House,HD-5,1,,Justine Sandoval,John Johnson,,Alex Valdez,D,False,True,58.6,62.32,55.94,4.0,0.0,0.0,0.0,5.3,,61.24,1.0,0.0,Safe D,,
2026-09-06,CO-HD-50,CO,House,HD-50,1,,Tommy Butler,Ryan Gonzalez,,Ryan Gonzalez,R,True,False,-3.3,-1.56,2.06,4.0,-7.43,0.51,0.0,5.3,,0.44,0.5114,0.4886,Toss-up,,
2026-09-06,CO-HD-51,CO,House,HD-51,1,,Jacki Marsh,Amy Parks,,Ron Weinberg,R,False,True,0.8,-1.34,2.25,4.0,0.0,0.0,0.0,5.3,,7.55,0.6892,0.3108,Lean D,,
2026-09-06,CO-HD-52,CO,House,HD-52,1,,Yara Zokaie,,Steve Yurash,Yara Zokaie,D,True,False,33.3,32.67,30.93,4.0,7.43,0.0,5.0,5.3,D,48.66,0.98,0.02,Safe D,,
2026-09-06,CO-HD-53,CO,House,HD-53,1,,Andy Boesenecker,Daniel Frick,,Andy Boesenecker,D,True,False,49.3,49.69,45.28,4.0,7.43,-0.64,0.0,5.3,,57.37,0.9999,0.0001,Safe D,,
2026-09-06,CO-HD-54,CO,House,HD-54,1,,Mallory Martin,Jason Bias,,Matt Soper,R,False,True,-39.1,-40.87,-31.09,4.0,0.0,0.0,0.0,5.3,,-25.79,0.0458,0.9542,Safe R,,
2026-09-06,CO-HD-55,CO,House,HD-55,1,,Brittni Packard,Rick Taggart,,Rick Taggart,R,True,False,-14.4,-16.09,-10.19,4.0,-7.43,-4.16,0.0,5.3,,-16.49,0.1404,0.8596,Likely R,,
2026-09-06,CO-HD-56,CO,House,HD-56,1,,,Chris Richardson,Amy L. Lunde,Chris Richardson,R,True,False,-49.0,-50.26,-39.02,4.0,-7.43,-0.99,0.0,5.3,R,-42.14,0.02,0.98,Safe R,,
2026-09-06,CO-HD-57,CO,House,HD-57,1,,Elizabeth Velasco,Russ Andrews,,Elizabeth Velasco,D,True,False,16.0,16.93,17.66,4.0,7.43,-3.25,0.0,5.3,,27.14,0.962,0.038,Safe D,,
2026-09-06,CO-HD-58,CO,House,HD-58,1,,Susannah Smith,Larry Suckla,,Larry Suckla,R,True,False,-9.2,-9.88,-4.95,4.0,-7.43,0.0,-5.0,5.3,,-12.08,0.2147,0.7853,Likely R,,
2026-09-06,CO-HD-59,CO,House,HD-59,1,,Katie Stewart,Naomi Riess,,Katie Stewart,D,True,False,7.3,6.3,8.69,4.0,7.43,-1.66,0.0,5.3,,19.76,0.9018,0.0982,Likely D,,
2026-09-06,CO-HD-6,CO,House,HD-6,1,,Iris Halpern,Kathleen Angel,,Sean Camacho,D,False,True,69.5,71.77,63.91,4.0,0.0,0.0,0.0,5.3,,69.21,1.0,0.0,Safe D,,
2026-09-06,CO-HD-60,CO,House,HD-60,1,,Kathryn Green,Matthew Alexander,,Stephanie Luck,R,False,True,-35.5,-36.75,-27.62,4.0,0.0,-1.59,0.0,5.3,,-23.91,0.0589,0.9411,Likely R,,
2026-09-06,CO-HD-61,CO,House,HD-61,1,,Eliza Hamrick,Scott Shamblin,Kevin Gulbranson,Eliza Hamrick,D,True,False,8.3,8.65,10.67,4.0,7.43,-2.47,0.0,5.3,,20.93,0.9145,0.0855,Likely D,,
2026-09-06,CO-HD-62,CO,House,HD-62,1,,Matt Martinez,Steven Rodriguez,Donald Luke Vermillion,Matt Martinez,D,True,False,0.1,2.89,5.82,4.0,7.43,0.0,5.0,5.3,,23.55,0.9382,0.0618,Likely D,,
2026-09-06,CO-HD-63,CO,House,HD-63,1,,,Dusty Johnson,,Dusty Johnson,R,True,False,-57.6,-57.48,-45.1,4.0,-7.43,0.0,-5.0,5.3,R,-52.23,0.02,0.98,Safe R,,
2026-09-06,CO-HD-64,CO,House,HD-64,1,,Maureen Dower,Scott Slaugh,,Scott Slaugh,R,True,False,-20.5,-21.28,-14.57,4.0,-7.43,0.0,-5.0,5.3,,-21.7,0.0779,0.9221,Likely R,,
2026-09-06,CO-HD-65,CO,House,HD-65,1,,,Lori Garcia Sander,,Lori Garcia Sander,R,True,False,-17.1,-17.56,-11.43,4.0,-7.43,-3.43,0.0,5.3,R,-16.99,0.02,0.98,Safe R,,
2026-09-06,CO-HD-7,CO,House,HD-7,1,,Jennifer Bacon,,Jeff Wilson,Jennifer Bacon,D,True,False,44.9,49.63,45.23,4.0,7.43,1.12,0.0,5.3,D,59.08,0.98,0.02,Safe D,,
2026-09-06,CO-HD-8,CO,House,HD-8,1,,Lindsay Gilchrist,Carolyn Barnes,Jesse Lashawn Parris,Lindsay Gilchrist,D,True,False,74.2,76.51,67.9,4.0,7.43,-0.37,5.0,5.3,,85.27,1.0,0.0,Safe D,,
2026-09-06,CO-HD-9,CO,House,HD-9,1,,Monica VanBuskirk,Tom Cowhick,,Emily Sirota,D,False,True,49.3,51.37,46.7,4.0,0.0,0.44,0.0,5.3,,52.43,0.9997,0.0003,Safe D,,
2026-09-06,CO-SD-1,CO,Senate,SD-1,1,,Jamie Jeffery,Byron Pelton,Aron Lam,Byron Pelton,R,True,False,-44.4,-44.2,-33.9,4.0,-7.43,0.0,-5.0,5.3,,-41.03,0.0036,0.9964,Safe R,,
2026-09-06,CO-SD-11,CO,Senate,SD-11,1,,Tony Exum Sr,Levon Stilson,Janet Turner,Tony Exum Sr,D,True,False,4.2,4.48,7.16,4.0,7.43,0.0,5.0,5.3,,24.89,0.9482,0.0518,Likely D,,
2026-09-06,CO-SD-15,CO,Senate,SD-15,1,,Janice Marchman,Rob Woodward,,Janice Marchman,D,True,False,7.7,7.74,9.91,4.0,7.43,-4.75,0.0,5.3,,17.89,0.879,0.121,Likely D,,
2026-09-06,CO-SD-17,CO,Senate,SD-17,1,,Katie Wallace,Pat Miller,,,,False,True,39.6,39.37,36.58,4.0,0.0,0.0,0.0,5.3,,41.88,0.9969,0.0031,Safe D,,
2026-09-06,CO-SD-20,CO,Senate,SD-20,1,,Sheila Lieder,Richard (Rich) Mancuso,,Lisa Cutter,D,False,True,17.3,16.72,17.48,4.0,0.0,-2.53,0.0,5.3,,20.25,0.9073,0.0927,Likely D,,
2026-09-06,CO-SD-21,CO,Senate,SD-21,1,,Adrienne Benavidez,Frederick Alfred Jr,,,,False,True,3.7,6.73,9.05,4.0,0.0,2.15,0.0,5.3,,16.51,0.8598,0.1402,Likely D,,
2026-09-06,CO-SD-22,CO,Senate,SD-22,1,,Monica Duran,Steve Harkess,,Jessie Danielson,D,False,True,32.9,33.55,31.67,4.0,0.0,2.08,0.0,5.3,,39.05,0.9947,0.0053,Safe D,,
2026-09-06,CO-SD-24,CO,Senate,SD-24,1,,Kyle Mullica,Kevin Allen,,Kyle Mullica,D,True,False,6.7,8.25,10.33,4.0,7.43,1.45,0.0,5.3,,24.51,0.9455,0.0545,Likely D,,
2026-09-06,CO-SD-25,CO,Senate,SD-25,1,,William Lindstedt,Rich Guggenheim,Mark Bromley,William Lindstedt,D,True,False,23.1,23.18,22.93,4.0,7.43,-2.48,0.0,5.3,,33.18,0.985,0.015,Safe D,,
2026-09-06,CO-SD-27,CO,Senate,SD-27,1,,Tom Sullivan,Danielle Lammon,Michele Poague,Tom Sullivan,D,True,False,12.0,12.2,13.67,4.0,7.43,-2.34,0.0,5.3,,24.06,0.9422,0.0578,Likely D,,
2026-09-06,CO-SD-29,CO,Senate,SD-29,1,,Iman M. Jodeh,Robert McKenna,,,,False,True,26.6,29.4,28.17,4.0,0.0,-2.22,0.0,5.3,,31.25,0.9795,0.0205,Safe D,,
2026-09-06,CO-SD-3,CO,Senate,SD-3,1,,Aaron Gutierrez,Dana Charles,,Nick Hinrichsen,D,False,True,-5.1,-3.5,0.43,4.0,0.0,0.0,0.0,5.3,,5.73,0.646,0.354,Lean D,,
2026-09-06,CO-SD-30,CO,Senate,SD-30,1,,Kevin Leung,John Carson,,John Carson,R,True,False,2.4,0.92,4.15,4.0,-7.43,0.0,-5.0,5.3,,-2.98,0.4227,0.5773,Toss-up,,
2026-09-06,CO-SD-31,CO,Senate,SD-31,1,,Matt Ball,Michael F. DiManna,,,,False,True,64.4,66.46,59.43,4.0,0.0,-3.21,0.0,5.3,,61.52,1.0,0.0,Safe D,,
2026-09-06,CO-SD-32,CO,Senate,SD-32,1,,Emily Sirota,Sydnnia Wulff,,Robert Rodriguez,D,False,True,47.7,49.78,45.36,4.0,0.0,-1.73,0.0,5.3,,48.93,0.9993,0.0007,Safe D,,
2026-09-06,CO-SD-34,CO,Senate,SD-34,1,,Graciela Garcia Irlando,Jack Daus,Jacob Luria,Julie Gonzales,D,False,True,57.8,61.54,55.28,4.0,0.0,0.66,0.0,5.3,,61.24,1.0,0.0,Safe D,,
2026-09-06,CO-SD-35,CO,Senate,SD-35,1,,Duane L Gurule,Rod Pelton,Richard Graf,Rod Pelton,R,True,False,-43.5,-44.26,-33.96,4.0,-7.43,-2.21,0.0,5.3,,-38.29,0.0061,0.9939,Safe R,,
2026-09-06,CO-SD-4,CO,Senate,SD-4,1,,Justin Kurth,Teddy Collins,,Mark Baisley,R,False,True,-17.2,-17.62,-11.48,4.0,0.0,0.0,0.0,5.3,,-6.18,0.343,0.657,Lean R,,
2026-09-06,CO-SD-7,CO,Senate,SD-7,1,,,Janice Rich,,Janice Rich,R,True,False,-24.8,-26.94,-19.34,4.0,-7.43,-5.07,0.0,5.3,R,-26.54,0.02,0.98,Safe R,,
2026-09-06,CO-SD-8,CO,Senate,SD-8,1,,Dylan Roberts,Corey Marshall,,Dylan Roberts,D,True,False,10.2,9.54,11.42,4.0,7.43,0.44,0.0,5.3,,24.59,0.9461,0.0539,Likely D,,
2026-09-06,CO-SD-9,CO,Senate,SD-9,1,,William Moses,Terri Carver,,Lynda Zamora Wilson,R,False,True,-14.6,-17.17,-11.1,4.0,0.0,5.34,0.0,5.3,,-0.46,0.4881,0.5119,Toss-up,,
2026-09-06,CT-HD-1,CT,House,HD-1,1,,Mathew Ritter,,,Matt Ritter,D,False,True,73.8,69.71,59.73,1.11,0.0,0.0,0.0,5.3,D,65.03,0.98,0.02,Safe D,,
2026-09-06,CT-HD-10,CT,House,HD-10,1,,Angie Parkinson,Chris Tierinni,,Henry Genga,D,False,True,37.7,40.37,34.99,1.11,0.0,-0.19,0.0,5.3,,40.1,0.9956,0.0044,Safe D,,
2026-09-06,CT-HD-100,CT,House,HD-100,1,,Kai Belton,Susan Manke,,Kai Belton,D,True,False,25.9,30.1,26.33,1.11,7.43,0.0,5.0,5.3,,44.06,0.998,0.002,Safe D,,
2026-09-06,CT-HD-101,CT,House,HD-101,1,,John-Michael Parker,Mary Ann Connelly,,John-Michael Parker,D,True,False,18.7,18.03,16.14,1.11,7.43,-1.62,0.0,5.3,,27.25,0.9626,0.0374,Safe D,,
2026-09-06,CT-HD-102,CT,House,HD-102,1,,Robin Comey,Paul Crisci,,Robin Comey,D,True,False,14.8,16.06,14.48,1.11,7.43,-3.72,0.0,5.3,,23.5,0.9378,0.0622,Likely D,,
2026-09-06,CT-HD-103,CT,House,HD-103,1,,Liz Linehan,Jeff Weiss,,Liz Linehan,D,True,False,14.6,21.19,18.81,1.11,7.43,-2.39,0.0,5.3,,29.15,0.9717,0.0283,Safe D,,
2026-09-06,CT-HD-104,CT,House,HD-104,1,,Kara Rochelle,Daniel Sexton,,Kara Rochelle,D,True,False,2.0,1.82,2.47,1.11,7.43,1.23,0.0,5.3,,16.43,0.8587,0.1413,Likely D,,
2026-09-06,CT-HD-105,CT,House,HD-105,1,,Josh James Beaupre,Nicole Klarides-Ditria,,Nicole Klarides-Ditria,R,True,False,-17.3,-16.22,-12.74,1.11,-7.43,0.0,-5.0,5.3,,-19.88,0.0968,0.9032,Likely R,,
2026-09-06,CT-HD-106,CT,House,HD-106,1,,Michelle Embree Ku,Mitch Bolinsky,,Mitch Bolinsky,R,True,False,10.2,10.24,9.57,1.11,-7.43,-11.0,0.0,5.3,,-3.56,0.4079,0.5921,Toss-up,,
2026-09-06,CT-HD-107,CT,House,HD-107,1,,Julie Kerton,Marty Foncello,,Marty Foncello,R,True,False,-2.1,0.51,1.37,1.11,-7.43,0.0,-5.0,5.3,,-5.76,0.3532,0.6468,Lean R,,
2026-09-06,CT-HD-108,CT,House,HD-108,1,,Anne Weisberg,Pat Callahan,,Pat Callahan,R,True,False,-4.0,-2.42,-1.11,1.11,-7.43,-5.01,0.0,5.3,,-8.25,0.2947,0.7053,Lean R,,
2026-09-06,CT-HD-109,CT,House,HD-109,1,,Farley Santos,Ed Vachovetz,,Farley Santos,D,True,False,5.2,10.09,9.44,1.11,7.43,-0.55,0.0,5.3,,21.63,0.9213,0.0787,Likely D,,
2026-09-06,CT-HD-11,CT,House,HD-11,1,,Patrick Biggins,Salema Davis,,Patrick Biggins,D,True,False,39.7,39.44,34.2,1.11,7.43,2.48,0.0,5.3,,49.4,0.9994,0.0006,Safe D,,
2026-09-06,CT-HD-110,CT,House,HD-110,1,,Bob Godfrey,Anthony Rongetti,,Bob Godfrey,D,True,False,13.5,14.67,13.31,1.11,7.43,3.74,0.0,5.3,,29.78,0.9743,0.0257,Safe D,,
2026-09-06,CT-HD-111,CT,House,HD-111,1,,Aimee Berger-Girvalo,Blake Consentino,,Aimee Berger-Girvalo,D,True,False,27.2,27.0,23.71,1.11,7.43,-3.47,0.0,5.3,,32.97,0.9845,0.0155,Safe D,,
2026-09-06,CT-HD-112,CT,House,HD-112,1,,Wiley Mullins,Tony Scott,,Tony Scott,R,True,False,-1.9,-2.45,-1.13,1.11,-7.43,-5.23,0.0,5.3,,-8.49,0.2895,0.7105,Lean R,,
2026-09-06,CT-HD-113,CT,House,HD-113,1,,Bryan Lizotte,Joe Lauretti,,Amy Romano,R,False,True,-10.8,-11.25,-8.55,1.11,0.0,0.0,0.0,5.3,,-3.25,0.4158,0.5842,Toss-up,,
2026-09-06,CT-HD-114,CT,House,HD-114,1,,Mary Welander,Brooke Hopkins,,Mary Welander,D,True,False,13.2,20.57,18.29,1.11,7.43,-4.06,0.0,5.3,,26.96,0.961,0.039,Safe D,,
2026-09-06,CT-HD-115,CT,House,HD-115,1,,William Heffernan III,Victor Borras,,William Heffernan III,D,True,False,21.4,21.7,19.24,1.11,7.43,0.0,5.0,5.3,,36.97,0.9922,0.0078,Safe D,,
2026-09-06,CT-HD-116,CT,House,HD-116,1,,Treneé McGee,,,Treneé McGee,D,True,False,42.3,29.2,25.56,1.11,7.43,0.0,5.0,5.3,D,43.29,0.98,0.02,Safe D,,
2026-09-06,CT-HD-117,CT,House,HD-117,1,,M.J. Shannon,Ray Collins,,M.J. Shannon,D,True,False,4.0,7.57,7.32,1.11,7.43,0.0,5.0,5.3,,25.05,0.9493,0.0507,Likely D,,
2026-09-06,CT-HD-118,CT,House,HD-118,1,,Toni Lombardi,Steve Visconti,,Frank Smith,D,False,True,9.5,3.51,3.9,1.11,0.0,0.0,0.0,5.3,,9.2,0.7262,0.2738,Lean D,,
2026-09-06,CT-HD-119,CT,House,HD-119,1,,Alex Armstrong,Kathy Kennedy,,Kathy Kennedy,R,True,False,-12.5,1.66,2.34,1.11,-7.43,-2.91,0.0,5.3,,-2.7,0.4299,0.5701,Toss-up,,
2026-09-06,CT-HD-12,CT,House,HD-12,1,,Geoff Luxenberg,,,Geoff Luxenberg,D,True,False,32.1,34.09,29.68,1.11,7.43,-2.33,0.0,5.3,D,40.08,0.98,0.02,Safe D,,
2026-09-06,CT-HD-120,CT,House,HD-120,1,,Kaitlyn Shake,Troy D Gargiulo,,Kaitlyn Shake,D,True,False,11.6,17.0,15.27,1.11,7.43,-4.07,0.0,5.3,,23.93,0.9412,0.0588,Likely D,,
2026-09-06,CT-HD-121,CT,House,HD-121,1,,Joe Gresko,Rafael Irizarry,,Joe Gresko,D,True,False,27.4,22.99,20.32,1.11,7.43,5.43,0.0,5.3,,38.48,0.9941,0.0059,Safe D,,
2026-09-06,CT-HD-122,CT,House,HD-122,1,,Mandy Kilmartin,Ben McGorty,,Ben McGorty,R,True,False,-3.4,-1.78,-0.57,1.11,-7.43,-4.89,0.0,5.3,,-7.59,0.3098,0.6902,Lean R,,
2026-09-06,CT-HD-123,CT,House,HD-123,1,,Bill Mecca,Dave Rutigliano,,Dave Rutigliano,R,True,False,4.2,5.48,5.56,1.11,-7.43,0.0,-5.0,5.3,,-1.57,0.4591,0.5409,Toss-up,,
2026-09-06,CT-HD-124,CT,House,HD-124,1,,Andre Baker,,,Andre Baker,D,True,False,54.5,53.38,45.96,1.11,7.43,2.22,0.0,5.3,D,60.91,0.98,0.02,Safe D,,
2026-09-06,CT-HD-125,CT,House,HD-125,1,,Meredith Tobitsch,Tom O'Dea,,Tom O'Dea,R,True,False,15.7,20.39,18.13,1.11,-7.43,-12.29,0.0,5.3,,3.71,0.596,0.404,Toss-up,,
2026-09-06,CT-HD-126,CT,House,HD-126,1,,Fred Gee,,,Fred Gee,D,True,False,50.9,51.81,44.64,1.11,7.43,1.7,0.0,5.3,D,59.07,0.98,0.02,Safe D,,
2026-09-06,CT-HD-127,CT,House,HD-127,1,,Marcus Brown,,,Marcus Brown,D,True,False,32.7,47.02,40.59,1.11,7.43,-3.81,0.0,5.3,D,49.52,0.98,0.02,Safe D,,
2026-09-06,CT-HD-128,CT,House,HD-128,1,,Christopher Rosario,,,Christopher Rosario,D,True,False,50.5,53.22,45.82,1.11,7.43,2.04,0.0,5.3,D,60.59,0.98,0.02,Safe D,,
2026-09-06,CT-HD-129,CT,House,HD-129,1,,Steve Stafstrom,,,Steve Stafstrom,D,True,False,44.8,49.37,42.58,1.11,7.43,2.28,0.0,5.3,D,57.58,0.98,0.02,Safe D,,
2026-09-06,CT-HD-13,CT,House,HD-13,1,,Jason Doucette,Bianca Stanescu,,Jason Doucette,D,True,False,30.5,30.47,26.64,1.11,7.43,-1.96,0.0,5.3,,37.41,0.9928,0.0072,Safe D,,
2026-09-06,CT-HD-130,CT,House,HD-130,1,,Antonio Felipe,,,Antonio Felipe,D,True,False,55.7,53.58,46.12,1.11,7.43,2.39,0.0,5.3,D,61.25,0.98,0.02,Safe D,,
2026-09-06,CT-HD-131,CT,House,HD-131,1,,Heather Stafford,Arnold Jensen,,Arnie Jensen,R,False,True,-16.3,-15.44,-12.09,1.11,0.0,-0.68,0.0,5.3,,-7.47,0.3126,0.6874,Lean R,,
2026-09-06,CT-HD-132,CT,House,HD-132,1,,Jenn Leeper,Carol Pontrelli,,Jenn Leeper,D,True,False,26.9,26.63,23.39,1.11,7.43,0.0,5.0,5.3,,41.12,0.9964,0.0036,Safe D,,
2026-09-06,CT-HD-133,CT,House,HD-133,1,,Cristin McCarthy Vahey,Lisa Miro,,Cristin McCarthy Vahey,D,True,False,26.8,29.64,25.94,1.11,7.43,-0.05,5.0,5.3,,43.62,0.9978,0.0022,Safe D,,
2026-09-06,CT-HD-134,CT,House,HD-134,1,,Sarah Keitt,Ken Astarita,,Sarah Keitt,D,True,False,17.2,22.75,20.12,1.11,7.43,-8.88,0.0,5.3,,23.98,0.9416,0.0584,Likely D,,
2026-09-06,CT-HD-135,CT,House,HD-135,1,,Anne Hughes,Darrell Harris,,Anne Hughes,D,True,False,30.4,30.43,26.6,1.11,7.43,-5.04,0.0,5.3,,34.29,0.9875,0.0125,Safe D,,
2026-09-06,CT-HD-136,CT,House,HD-136,1,,Lee Goldstein,Douglas Ouellette,,Jonathan Steinberg,D,False,True,44.0,46.21,39.91,1.11,0.0,0.0,0.0,5.3,,45.21,0.9984,0.0016,Safe D,,
2026-09-06,CT-HD-137,CT,House,HD-137,1,,Kadeem Roberts,Tricia Ciccone,,Kadeem Roberts,D,True,False,31.2,32.33,28.2,1.11,7.43,-1.43,0.0,5.3,,39.5,0.9951,0.0049,Safe D,,
2026-09-06,CT-HD-138,CT,House,HD-138,1,,Ken Gucker,Irving Fox,,Ken Gucker,D,True,False,4.9,9.53,8.97,1.11,7.43,0.0,5.0,5.3,,26.7,0.9596,0.0404,Safe D,,
2026-09-06,CT-HD-139,CT,House,HD-139,1,,Larry Pemberton,Brandon Sabbag,,Larry Pemberton,D,True,False,7.6,10.65,9.92,1.11,7.43,0.0,5.0,5.3,,27.65,0.9647,0.0353,Safe D,,
2026-09-06,CT-HD-14,CT,House,HD-14,1,,Harrison Amadasun,Tom Delnicki,,Tom Delnicki,R,True,False,20.2,20.97,18.62,1.11,-7.43,-10.55,0.0,5.3,,5.94,0.6512,0.3488,Lean D,,
2026-09-06,CT-HD-140,CT,House,HD-140,1,,Travis Simms,Enrique Santiago,,Travis Simms,D,True,False,42.1,36.11,31.39,1.11,7.43,8.64,0.0,5.3,,52.77,0.9997,0.0003,Safe D,,
2026-09-06,CT-HD-141,CT,House,HD-141,1,,Erika Procaccini,Tracy Marra,,Tracy Marra,R,True,False,22.8,21.89,19.4,1.11,-7.43,-11.92,0.0,5.3,,5.35,0.6368,0.3632,Lean D,,
2026-09-06,CT-HD-142,CT,House,HD-142,1,,Lucy Dathan,Donald Mastronardi,,Lucy Dathan,D,True,False,25.6,28.03,24.58,1.11,7.43,-8.84,0.0,5.3,,28.47,0.9687,0.0313,Safe D,,
2026-09-06,CT-HD-143,CT,House,HD-143,1,,Dominique Johnson,Greg Helms,,Dominique Johnson,D,True,False,22.4,30.44,26.61,1.11,7.43,-5.11,0.0,5.3,,34.23,0.9874,0.0126,Safe D,,
2026-09-06,CT-HD-144,CT,House,HD-144,1,,Hubert Delany,Layne Rodney,,Hubert Delany,D,True,False,27.6,29.27,25.62,1.11,7.43,0.23,5.0,5.3,,43.59,0.9978,0.0022,Safe D,,
2026-09-06,CT-HD-145,CT,House,HD-145,1,,Corey Paris,Andrew Krill,,Corey Paris,D,True,False,43.9,36.15,31.43,1.11,7.43,4.08,0.0,5.3,,48.24,0.9992,0.0008,Safe D,,
2026-09-06,CT-HD-146,CT,House,HD-146,1,,Eilish Collins Main,,,Eilish Collins Main,D,True,False,31.3,33.13,28.88,1.11,7.43,-0.16,5.0,5.3,D,46.45,0.98,0.02,Safe D,,
2026-09-06,CT-HD-147,CT,House,HD-147,1,,Matt Blumenthal,Carola Cammann,,Matt Blumenthal,D,True,False,17.4,27.29,23.95,1.11,7.43,-2.77,0.0,5.3,,33.91,0.9867,0.0133,Safe D,,
2026-09-06,CT-HD-148,CT,House,HD-148,1,,Jonathan Jacobson,Ensly Maizo,,Jonathan Jacobson,D,True,False,26.5,31.05,27.12,1.11,7.43,0.87,0.0,5.3,,40.72,0.9961,0.0039,Safe D,,
2026-09-06,CT-HD-149,CT,House,HD-149,1,,Amiel Goldberg,Tina Courpas,,Tina Courpas,R,True,False,13.0,20.6,18.31,1.11,-7.43,-9.53,0.0,5.3,,6.65,0.6682,0.3318,Lean D,,
2026-09-06,CT-HD-15,CT,House,HD-15,1,,Bobby Gibson,Seth M. Pitts,,Bobby Gibson,D,True,False,67.5,68.6,58.79,1.11,7.43,-1.02,0.0,5.3,,70.51,1.0,0.0,Safe D,,
2026-09-06,CT-HD-150,CT,House,HD-150,1,,Steve Meskers,Jonathan Charles Goldstein,,Steve Meskers,D,True,False,22.2,20.29,18.05,1.11,7.43,-4.87,0.0,5.3,,25.91,0.9549,0.0451,Safe D,,
2026-09-06,CT-HD-151,CT,House,HD-151,1,,Hector Arzeno,Michael S Mason,,Hector Arzeno,D,True,False,16.5,18.07,16.18,1.11,7.43,-7.41,0.0,5.3,,21.5,0.9202,0.0798,Likely D,,
2026-09-06,CT-HD-16,CT,House,HD-16,1,,Melissa Osborne,Jason Levy,,Melissa Osborne,D,True,False,29.7,29.48,25.8,1.11,7.43,-5.16,0.0,5.3,,33.38,0.9855,0.0145,Safe D,,
2026-09-06,CT-HD-17,CT,House,HD-17,1,,Eleni Kavros DeGraw,Andrew Ziemba,,Eleni Kavros DeGraw,D,True,False,20.8,19.8,17.63,1.11,7.43,0.58,0.0,5.3,,30.95,0.9785,0.0215,Safe D,,
2026-09-06,CT-HD-18,CT,House,HD-18,1,,Tiffani McGinnis,Philip Tummescheit,,Jill Gilchrest,D,False,True,55.7,53.13,45.74,1.11,0.0,0.0,0.0,5.3,,51.04,0.9996,0.0004,Safe D,,
2026-09-06,CT-HD-19,CT,House,HD-19,1,,Olaleye Onikuyide,,,Tammy Exum,D,False,True,46.3,44.85,38.77,1.11,0.0,0.0,0.0,5.3,D,44.07,0.98,0.02,Safe D,,
2026-09-06,CT-HD-2,CT,House,HD-2,1,,Raghib Allie-Brennan,Deborah K. Rizzo,,Raghib Allie-Brennan,D,True,False,12.1,10.18,9.52,1.11,7.43,1.85,0.0,5.3,,24.09,0.9424,0.0576,Likely D,,
2026-09-06,CT-HD-20,CT,House,HD-20,1,,Kate Farrar,,,Kate Farrar,D,True,False,27.1,33.37,29.08,1.11,7.43,-4.07,0.0,5.3,D,37.74,0.98,0.02,Safe D,,
2026-09-06,CT-HD-21,CT,House,HD-21,1,,Mike Demicco,Gary A. Palumbo,,Mike Demicco,D,True,False,20.3,19.9,17.72,1.11,7.43,-1.19,0.0,5.3,,29.26,0.9722,0.0278,Safe D,,
2026-09-06,CT-HD-22,CT,House,HD-22,1,,Rebecca Martinez,Richard Mette,,Rebecca Martinez,D,True,False,-3.9,-1.36,-0.21,1.11,7.43,-0.02,5.0,5.3,,17.5,0.8738,0.1262,Likely D,,
2026-09-06,CT-HD-23,CT,House,HD-23,1,,Jane Wisialowski,Barbara Labriola,,Devin Carney,R,False,True,18.1,17.82,15.96,1.11,0.0,-7.52,0.0,5.3,,13.74,0.8156,0.1844,Likely D,,
2026-09-06,CT-HD-24,CT,House,HD-24,1,,Manny Sanchez,Tina Santana,,Manny Sanchez,D,True,False,26.0,27.25,23.92,1.11,7.43,0.0,5.0,5.3,,41.65,0.9968,0.0032,Safe D,,
2026-09-06,CT-HD-25,CT,House,HD-25,1,,Iris Sánchez,Jamie Vaughan,,Iris Sánchez,D,True,False,30.5,30.36,26.55,1.11,7.43,6.18,0.0,5.3,,45.45,0.9985,0.0015,Safe D,,
2026-09-06,CT-HD-26,CT,House,HD-26,1,,Dave DeFronzo,Sal S Simsek,,Dave DeFronzo,D,True,False,15.0,25.47,22.42,1.11,7.43,0.0,5.0,5.3,,40.15,0.9957,0.0043,Safe D,,
2026-09-06,CT-HD-27,CT,House,HD-27,1,,Gary Turco,,,Gary Turco,D,True,False,14.5,14.83,13.45,1.11,7.43,-0.21,5.0,5.3,D,30.96,0.98,0.02,Safe D,,
2026-09-06,CT-HD-28,CT,House,HD-28,1,,Amy Morrin Bello,William Davidson,,Amy Morrin Bello,D,True,False,13.8,15.68,14.16,1.11,7.43,0.22,5.0,5.3,,32.11,0.9821,0.0179,Safe D,,
2026-09-06,CT-HD-29,CT,House,HD-29,1,,Kerry Wood,Stanley Stasiowski,,Kerry Wood,D,True,False,9.3,10.92,10.15,1.11,7.43,0.0,5.0,5.3,,27.88,0.9659,0.0341,Safe D,,
2026-09-06,CT-HD-3,CT,House,HD-3,1,,Minnie Gonzalez,,,Minnie Gonzalez,D,True,False,51.5,67.18,57.59,1.11,7.43,0.0,5.0,5.3,D,75.32,0.98,0.02,Safe D,,
2026-09-06,CT-HD-30,CT,House,HD-30,1,,Linda Pierce,Donna Veach,,Donna Veach,R,True,False,-7.2,-6.72,-4.73,1.11,-7.43,-1.9,0.0,5.3,,-8.77,0.2832,0.7168,Lean R,,
2026-09-06,CT-HD-31,CT,House,HD-31,1,,Moise "Moses" Carelus,Susan Dzialo,Jill Barry,Jill Barry,D,False,True,25.1,25.05,22.07,1.11,0.0,0.0,0.0,5.3,,27.37,0.9632,0.0368,Safe D,,
2026-09-06,CT-HD-32,CT,House,HD-32,1,,Marilyn Teitelbaum Dworkin,Christie Carpino,,Christie Carpino,R,True,False,8.2,8.61,8.2,1.11,-7.43,-10.34,0.0,5.3,,-4.27,0.3899,0.6101,Lean R,,
2026-09-06,CT-HD-33,CT,House,HD-33,1,,Brandon Chafee,,,Brandon Chafee,D,True,False,32.3,30.85,26.95,1.11,7.43,-1.91,0.0,5.3,D,37.78,0.98,0.02,Safe D,,
2026-09-06,CT-HD-34,CT,House,HD-34,1,,Meghan Rosenfeld,Melissa Ziobron,,Irene Haines,R,False,True,0.6,1.1,1.86,1.11,0.0,0.0,0.0,5.3,,7.16,0.6803,0.3197,Lean D,,
2026-09-06,CT-HD-35,CT,House,HD-35,1,,Cinzia Lettieri,Chris Aniskovich,,Chris Aniskovich,R,True,False,6.9,7.58,7.33,1.11,-7.43,-6.3,0.0,5.3,,-1.1,0.4714,0.5286,Toss-up,,
2026-09-06,CT-HD-36,CT,House,HD-36,1,,Renee Muir,Guy Tuccero,,Renee Muir,D,True,False,16.2,16.53,14.88,1.11,7.43,0.0,5.0,5.3,,32.61,0.9835,0.0165,Safe D,,
2026-09-06,CT-HD-37,CT,House,HD-37,1,,Nick Menapace,Anne Santoro,,Nick Menapace,D,True,False,18.7,18.96,16.93,1.11,7.43,-8.17,0.0,5.3,,21.49,0.92,0.08,Likely D,,
2026-09-06,CT-HD-38,CT,House,HD-38,1,,Nick Gauthier,John Foley,,Nick Gauthier,D,True,False,8.7,8.74,8.31,1.11,7.43,-4.44,0.0,5.3,,16.6,0.8611,0.1389,Likely D,,
2026-09-06,CT-HD-39,CT,House,HD-39,1,,Anthony Nolan,John W Russell,,Anthony Nolan,D,True,False,44.1,47.68,41.15,1.11,7.43,2.14,0.0,5.3,,56.02,0.9999,0.0001,Safe D,,
2026-09-06,CT-HD-4,CT,House,HD-4,1,,Julio Concepción,,,Julio Concepción,D,True,False,60.8,67.52,57.88,1.11,7.43,0.0,5.0,5.3,D,75.61,0.98,0.02,Safe D,,
2026-09-06,CT-HD-40,CT,House,HD-40,1,,Dan Gaiewski,Isabelle Roode,,Dan Gaiewski,D,True,False,22.2,31.52,27.52,1.11,7.43,0.0,5.0,5.3,,45.25,0.9985,0.0015,Safe D,,
2026-09-06,CT-HD-41,CT,House,HD-41,1,,Aundré Bumgardner,Thaler Hefel,,Aundré Bumgardner,D,True,False,32.9,26.86,23.59,1.11,7.43,0.0,5.0,5.3,,41.32,0.9966,0.0034,Safe D,,
2026-09-06,CT-HD-42,CT,House,HD-42,1,,Savet Constantine,,,Savet Constantine,D,True,False,27.9,27.99,24.54,1.11,7.43,-8.62,0.0,5.3,D,28.65,0.98,0.02,Safe D,,
2026-09-06,CT-HD-43,CT,House,HD-43,1,,Bill Heughins,Greg Howard,,Greg Howard,R,True,False,9.4,13.19,12.06,1.11,-7.43,-7.38,0.0,5.3,,2.55,0.5662,0.4338,Toss-up,,
2026-09-06,CT-HD-44,CT,House,HD-44,1,,Samantha Derenthal,Anne Dauphinais,,Anne Dauphinais,R,True,False,-24.1,-24.09,-19.38,1.11,-7.43,-1.6,0.0,5.3,,-23.11,0.0654,0.9346,Likely R,,
2026-09-06,CT-HD-45,CT,House,HD-45,1,,Matt Danieluk,Brian Lanoue,,Brian Lanoue,R,True,False,-12.6,-12.89,-9.93,1.11,-7.43,-3.54,0.0,5.3,,-15.6,0.1539,0.8461,Likely R,,
2026-09-06,CT-HD-46,CT,House,HD-46,1,,Derell Wilson,Marcia Wilbur,,Derell Wilson,D,True,False,23.2,20.35,18.1,1.11,7.43,-1.39,0.0,5.3,,29.44,0.9729,0.0271,Safe D,,
2026-09-06,CT-HD-47,CT,House,HD-47,1,,Marcus Palumbo,Doug Dubitsky,,Doug Dubitsky,R,True,False,-16.6,-10.65,-8.04,1.11,-7.43,-2.31,0.0,5.3,,-12.48,0.2072,0.7928,Likely R,,
2026-09-06,CT-HD-48,CT,House,HD-48,1,,Bob Fernandez,Mark DeCaprio,,Mark DeCaprio,R,True,False,0.9,0.91,1.7,1.11,-7.43,-1.71,0.0,5.3,,-2.14,0.4443,0.5557,Toss-up,,
2026-09-06,CT-HD-49,CT,House,HD-49,1,,Susan Johnson,Brian Saucier,,Susan Johnson,D,True,False,19.8,23.47,20.73,1.11,7.43,0.0,5.0,5.3,,38.46,0.9941,0.0059,Safe D,,
2026-09-06,CT-HD-5,CT,House,HD-5,1,,Kyle Anderson,,,Maryam Khan,D,False,True,58.7,57.24,49.22,1.11,0.0,0.0,0.0,5.3,D,54.52,0.98,0.02,Safe D,,
2026-09-06,CT-HD-50,CT,House,HD-50,1,,Pat Boyd,Anthony J. Emilio,,Pat Boyd,D,True,False,1.9,5.94,5.95,1.11,7.43,-0.5,0.0,5.3,,18.18,0.8828,0.1172,Likely D,,
2026-09-06,CT-HD-51,CT,House,HD-51,1,,Lina Wagner,Chris Stewart,,Chris Stewart,R,True,False,-19.2,-17.53,-13.85,1.11,-7.43,1.59,0.0,5.3,,-14.39,0.1733,0.8267,Likely R,,
2026-09-06,CT-HD-52,CT,House,HD-52,1,,Vincent Tocci,Kurt Vail,,Kurt Vail,R,True,False,-14.7,-13.68,-10.61,1.11,-7.43,-4.56,0.0,5.3,,-17.3,0.129,0.871,Likely R,,
2026-09-06,CT-HD-53,CT,House,HD-53,1,,Michelle Doucette Cunningham,Tammy Nuccio,,Tammy Nuccio,R,True,False,5.5,9.16,8.67,1.11,-7.43,-6.47,0.0,5.3,,0.06,0.5016,0.4984,Toss-up,,
2026-09-06,CT-HD-54,CT,House,HD-54,1,,Gregg Haddad,,,Gregg Haddad,D,True,False,49.0,51.21,44.13,1.11,7.43,-1.4,0.0,5.3,D,55.46,0.98,0.02,Safe D,,
2026-09-06,CT-HD-55,CT,House,HD-55,1,,Ellen Paul,Steve Weir,,Steve Weir,R,True,False,7.9,10.33,9.65,1.11,-7.43,-4.63,0.0,5.3,,2.88,0.5748,0.4252,Toss-up,,
2026-09-06,CT-HD-56,CT,House,HD-56,1,,Kevin Brown,Andy Tedford,,Kevin Brown,D,True,False,18.7,19.45,17.34,1.11,7.43,-2.64,0.0,5.3,,27.43,0.9636,0.0364,Safe D,,
2026-09-06,CT-HD-57,CT,House,HD-57,1,,Jaime Foster,,,Jaime Foster,D,True,False,3.5,2.33,2.9,1.11,7.43,-1.2,0.0,5.3,D,14.43,0.98,0.02,Safe D,,
2026-09-06,CT-HD-58,CT,House,HD-58,1,,John Santanella,Kelly Hemmeler,,John Santanella,D,True,False,6.5,4.92,5.09,1.11,7.43,2.74,0.0,5.3,,20.56,0.9106,0.0894,Likely D,,
2026-09-06,CT-HD-59,CT,House,HD-59,1,,Rick LeBorious,Carol Hall,,Carol Hall,R,True,False,-0.2,2.85,3.34,1.11,-7.43,-4.93,0.0,5.3,,-3.72,0.4039,0.5961,Toss-up,,
2026-09-06,CT-HD-6,CT,House,HD-6,1,,Jimmy Sánchez,Nicole CoCo Roscoe,,Jimmy Sánchez,D,True,False,46.7,64.53,55.36,1.11,7.43,0.0,5.0,5.3,,73.09,1.0,0.0,Safe D,,
2026-09-06,CT-HD-60,CT,House,HD-60,1,,Jane Garibay,Chantelle Ankerman,,Jane Garibay,D,True,False,28.2,38.13,33.09,1.11,7.43,-6.26,0.0,5.3,,39.57,0.9952,0.0048,Safe D,,
2026-09-06,CT-HD-61,CT,House,HD-61,1,,James Mol,Tami Zawistowski,,Tami Zawistowski,R,True,False,1.1,1.82,2.47,1.11,-7.43,-7.92,0.0,5.3,,-7.58,0.3101,0.6899,Lean R,,
2026-09-06,CT-HD-62,CT,House,HD-62,1,,Kim Becker,Mark Anderson,,Mark Anderson,R,True,False,1.1,0.53,1.39,1.11,-7.43,-7.39,0.0,5.3,,-8.14,0.2973,0.7027,Lean R,,
2026-09-06,CT-HD-63,CT,House,HD-63,1,,Caitlin Hall,Jay Case,,Jay Case,R,True,False,-15.6,-14.67,-11.44,1.11,-7.43,-7.32,0.0,5.3,,-20.89,0.0859,0.9141,Likely R,,
2026-09-06,CT-HD-64,CT,House,HD-64,1,,Maria Horn,Katelynn Borraiz,,Maria Horn,D,True,False,26.4,28.39,24.88,1.11,7.43,-4.03,0.0,5.3,,33.58,0.986,0.014,Safe D,,
2026-09-06,CT-HD-65,CT,House,HD-65,1,,Edward M Corey,Joe Canino,,Joe Canino,R,True,False,-11.3,-13.07,-10.08,1.11,-7.43,4.98,0.0,5.3,,-7.23,0.3181,0.6819,Lean R,,
2026-09-06,CT-HD-66,CT,House,HD-66,1,,Suzanne Lovig,Karen Reddington-Hughes,,Karen Reddington-Hughes,R,True,False,-1.8,-5.29,-3.52,1.11,-7.43,-2.54,0.0,5.3,,-8.19,0.2961,0.7039,Lean R,,
2026-09-06,CT-HD-67,CT,House,HD-67,1,,Alexandra Thomas,Billy Buckbee,,Billy Buckbee,R,True,False,-5.2,-3.16,-1.73,1.11,-7.43,-7.43,0.0,5.3,,-11.29,0.2301,0.7699,Likely R,,
2026-09-06,CT-HD-68,CT,House,HD-68,1,,,Joe Polletta,,Joe Polletta,R,True,False,-28.9,-27.56,-22.31,1.11,-7.43,-3.56,0.0,5.3,R,-28.0,0.02,0.98,Safe R,,
2026-09-06,CT-HD-69,CT,House,HD-69,1,,,Jason Buchsbaum,,Jason Buchsbaum,R,True,False,3.0,2.33,2.9,1.11,-7.43,-3.77,0.0,5.3,R,-3.0,0.02,0.98,Safe R,,
2026-09-06,CT-HD-7,CT,House,HD-7,1,,Joshua Hall,,,Joshua Hall,D,True,False,81.3,71.59,61.32,1.11,7.43,0.0,5.0,5.3,D,79.05,0.98,0.02,Safe D,,
2026-09-06,CT-HD-70,CT,House,HD-70,1,,Jeff Litke,Seth Bronko,,Seth Bronko,R,True,False,-10.2,-9.55,-7.11,1.11,-7.43,-2.53,0.0,5.3,,-11.77,0.2207,0.7793,Likely R,,
2026-09-06,CT-HD-71,CT,House,HD-71,1,,Stephen R Ferrucci III,Bill Pizzuto,,Bill Pizzuto,R,True,False,-8.9,-1.52,-0.35,1.11,-7.43,0.0,-5.0,5.3,,-7.48,0.3124,0.6876,Lean R,,
2026-09-06,CT-HD-72,CT,House,HD-72,1,,Larry Butler,,,Larry Butler,D,True,False,27.8,19.14,17.08,1.11,7.43,2.44,0.0,5.3,D,32.25,0.98,0.02,Safe D,,
2026-09-06,CT-HD-73,CT,House,HD-73,1,,Ronald Napoli Jr.,Terence Lott Sr.,,Ronald Napoli Jr.,D,True,False,9.5,12.09,11.14,1.11,7.43,4.51,0.0,5.3,,28.37,0.9682,0.0318,Safe D,,
2026-09-06,CT-HD-74,CT,House,HD-74,1,,Michael DiGiovancarlo,Ollie Gray III,,Michael DiGiovancarlo,D,True,False,10.2,13.63,12.43,1.11,7.43,-5.93,0.0,5.3,,19.24,0.8958,0.1042,Likely D,,
2026-09-06,CT-HD-75,CT,House,HD-75,1,,Geraldo Reyes,Faithalee Goclowski,,Geraldo Reyes,D,True,False,21.2,18.94,16.91,1.11,7.43,0.0,5.0,5.3,,34.64,0.9883,0.0117,Safe D,,
2026-09-06,CT-HD-76,CT,House,HD-76,1,,Jennifer C. Davis,John Piscopo,,John Piscopo,R,True,False,-18.9,-17.31,-13.66,1.11,-7.43,-4.46,0.0,5.3,,-20.25,0.0928,0.9072,Likely R,,
2026-09-06,CT-HD-77,CT,House,HD-77,1,,DeWayne K Wynn Jr,Cara Pavalock-D'Amato,,Cara Pavalock-D'Amato,R,True,False,-0.6,0.48,1.34,1.11,-7.43,0.0,-5.0,5.3,,-5.79,0.3524,0.6476,Lean R,,
2026-09-06,CT-HD-78,CT,House,HD-78,1,,Sean Moore,Joe Hoxha,,Joe Hoxha,R,True,False,-16.5,-12.76,-9.82,1.11,-7.43,0.0,-5.0,5.3,,-16.95,0.1338,0.8662,Likely R,,
2026-09-06,CT-HD-79,CT,House,HD-79,1,,Mary Fortier,Cheryl L. Thibeault,,Mary Fortier,D,True,False,4.2,2.46,3.01,1.11,7.43,-0.96,0.0,5.3,,14.78,0.8331,0.1669,Likely D,,
2026-09-06,CT-HD-8,CT,House,HD-8,1,,Francis Lombard,William Gifford,,Tim Ackert,R,False,True,1.6,2.16,2.75,1.11,0.0,0.0,0.0,5.3,,8.05,0.7008,0.2992,Lean D,,
2026-09-06,CT-HD-80,CT,House,HD-80,1,,Cheryl Hilton,Gale Mastrofrancesco,,Gale Mastrofrancesco,R,True,False,-25.6,-22.86,-18.35,1.11,-7.43,0.3,-5.0,5.3,,-25.18,0.0498,0.9502,Safe R,,
2026-09-06,CT-HD-81,CT,House,HD-81,1,,Chris Poulos,Timothy J. Wilk,,Chris Poulos,D,True,False,-3.4,-4.75,-3.07,1.11,7.43,5.08,0.0,5.3,,14.74,0.8325,0.1675,Likely D,,
2026-09-06,CT-HD-82,CT,House,HD-82,1,,Michael Quinn,,,Michael Quinn,D,True,False,13.0,14.95,13.55,1.11,7.43,-2.71,0.0,5.3,D,23.56,0.98,0.02,Safe D,,
2026-09-06,CT-HD-83,CT,House,HD-83,1,,Chad Cardillo,Bob Ham,,Jack Fazzino,D,False,True,2.0,4.74,4.93,1.11,0.0,0.0,0.0,5.3,,10.23,0.7482,0.2518,Lean D,,
2026-09-06,CT-HD-84,CT,House,HD-84,1,,Hilda Santiago,,,Hilda Santiago,D,True,False,19.3,18.9,16.88,1.11,7.43,2.09,0.0,5.3,D,31.7,0.98,0.02,Safe D,,
2026-09-06,CT-HD-85,CT,House,HD-85,1,,Samuel Carmody,Tom Laffin,,Mary Mushinsky,D,False,True,7.6,4.46,4.69,1.11,0.0,0.0,0.0,5.3,,9.99,0.7433,0.2567,Lean D,,
2026-09-06,CT-HD-86,CT,House,HD-86,1,,,Vin Candelora,,Vin Candelora,R,True,False,-13.2,-3.65,-2.14,1.11,-7.43,0.0,-5.0,5.3,R,-9.27,0.02,0.98,Safe R,,
2026-09-06,CT-HD-87,CT,House,HD-87,1,,Kathleen Kimball,Dave Yaccarino,,Dave Yaccarino,R,True,False,-7.7,-7.07,-5.03,1.11,-7.43,-4.91,0.0,5.3,,-12.07,0.2149,0.7851,Likely R,,
2026-09-06,CT-HD-88,CT,House,HD-88,1,,Josh Elliott,Hudson Molinari,,Josh Elliott,D,True,False,41.6,46.75,40.36,1.11,7.43,0.0,5.0,5.3,,58.09,0.9999,0.0001,Safe D,,
2026-09-06,CT-HD-89,CT,House,HD-89,1,,,Lezlye Zupkus,,Lezlye Zupkus,R,True,False,-10.0,-7.42,-5.32,1.11,-7.43,-6.98,0.0,5.3,R,-14.43,0.02,0.98,Safe R,,
2026-09-06,CT-HD-9,CT,House,HD-9,1,,Jason Rojas,,,Jason Rojas,D,True,False,31.7,34.98,30.44,1.11,7.43,-1.34,0.0,5.3,D,41.83,0.98,0.02,Safe D,,
2026-09-06,CT-HD-90,CT,House,HD-90,1,,David J. Fritz,Craig Fishbein,,Craig Fishbein,R,True,False,-1.8,1.98,2.61,1.11,-7.43,-2.64,0.0,5.3,,-2.16,0.4437,0.5563,Toss-up,,
2026-09-06,CT-HD-91,CT,House,HD-91,1,,Laurie Sweet,,,Laurie Sweet,D,True,False,53.0,50.09,43.18,1.11,7.43,0.0,5.0,5.3,D,60.91,0.98,0.02,Safe D,,
2026-09-06,CT-HD-92,CT,House,HD-92,1,,Eli Sabin,,,Pat Dillon,D,False,True,71.4,68.55,58.75,1.11,0.0,0.0,0.0,5.3,D,64.05,0.98,0.02,Safe D,,
2026-09-06,CT-HD-93,CT,House,HD-93,1,,Toni Walker,,,Toni Walker,D,True,False,71.1,69.2,59.3,1.11,7.43,0.0,5.0,5.3,D,77.03,0.98,0.02,Safe D,,
2026-09-06,CT-HD-94,CT,House,HD-94,1,,Steven Winter,,,Steven Winter,D,True,False,72.9,64.51,55.35,1.11,7.43,0.0,5.0,5.3,D,73.08,0.98,0.02,Safe D,,
2026-09-06,CT-HD-95,CT,House,HD-95,1,,Juan Candelaria,,,Juan Candelaria,D,True,False,50.0,64.72,55.52,1.11,7.43,0.0,5.0,5.3,D,73.26,0.98,0.02,Safe D,,
2026-09-06,CT-HD-96,CT,House,HD-96,1,,Roland Lemar,,,Roland Lemar,D,True,False,73.3,68.7,58.88,1.11,7.43,-3.79,0.0,5.3,D,67.82,0.98,0.02,Safe D,,
2026-09-06,CT-HD-97,CT,House,HD-97,1,,Wildaliz Bermudez,Kimberely DeMayo,,Al Paolillo,D,False,True,36.9,59.56,51.17,1.11,0.0,0.0,0.0,5.3,,56.47,0.9999,0.0001,Safe D,,
2026-09-06,CT-HD-98,CT,House,HD-98,1,,Moira Rader,Carlyle Ciccone,,Moira Rader,D,True,False,30.0,25.73,22.63,1.11,7.43,-0.73,0.0,5.3,,34.63,0.9882,0.0118,Safe D,,
2026-09-06,CT-HD-99,CT,House,HD-99,1,,Karen A. Martin,Joseph Zullo,,Joseph Zullo,R,True,False,-9.7,-10.08,-7.57,1.11,-7.43,0.0,-5.0,5.3,,-14.7,0.1683,0.8317,Likely R,,
2026-09-06,CT-SD-1,CT,Senate,SD-1,1,,John Fonfara,,,John Fonfara,D,True,False,37.5,45.03,38.92,1.11,7.43,-1.76,0.0,5.3,D,49.89,0.98,0.02,Safe D,,
2026-09-06,CT-SD-10,CT,Senate,SD-10,1,,Gary Holder-Winfield,,,Gary Holder-Winfield,D,True,False,61.1,55.6,47.83,1.11,7.43,0.0,5.0,5.3,D,65.56,0.98,0.02,Safe D,,
2026-09-06,CT-SD-11,CT,Senate,SD-11,1,,Alphonse Paolillo, Jr,,Rosa Pepper-Macias,Martin Looney,D,False,True,52.9,57.82,49.7,1.11,0.0,-1.84,0.0,5.3,D,53.16,0.98,0.02,Safe D,,
2026-09-06,CT-SD-12,CT,Senate,SD-12,1,,Christine Cohen,Lisa Deane,,Christine Cohen,D,True,False,14.2,13.89,12.65,1.11,7.43,-3.31,0.0,5.3,,22.07,0.9255,0.0745,Likely D,,
2026-09-06,CT-SD-13,CT,Senate,SD-13,1,,Jonathan Fazzino,,,Jan Hochadel,D,False,True,15.4,17.13,15.39,1.11,0.0,0.0,0.0,5.3,D,20.69,0.98,0.02,Safe D,,
2026-09-06,CT-SD-14,CT,Senate,SD-14,1,,James Maroney,Owen T. Weaver,,James Maroney,D,True,False,3.1,6.37,6.3,1.11,7.43,0.67,0.0,5.3,,19.71,0.9013,0.0987,Likely D,,
2026-09-06,CT-SD-15,CT,Senate,SD-15,1,,Joan Hartley,Ruben Rodriguez,,Joan Hartley,D,True,False,6.9,9.71,9.12,1.11,7.43,0.0,5.0,5.3,,26.85,0.9605,0.0395,Safe D,,
2026-09-06,CT-SD-16,CT,Senate,SD-16,1,,Jack Perry,Rob Sampson,,Rob Sampson,R,True,False,-9.7,-8.71,-6.41,1.11,-7.43,-2.99,0.0,5.3,,-11.53,0.2255,0.7745,Likely R,,
2026-09-06,CT-SD-17,CT,Senate,SD-17,1,,Jorge Cabrera,John-Paul Dorais,,Jorge Cabrera,D,True,False,12.8,14.03,12.77,1.11,7.43,-3.94,0.0,5.3,,21.56,0.9207,0.0793,Likely D,,
2026-09-06,CT-SD-18,CT,Senate,SD-18,1,,Joe de la Cruz,Heather Somers,,Heather Somers,R,True,False,5.3,5.7,5.75,1.11,-7.43,-5.84,0.0,5.3,,-2.22,0.4422,0.5578,Toss-up,,
2026-09-06,CT-SD-19,CT,Senate,SD-19,1,,Cathy Osten,Jason Guidone,,Cathy Osten,D,True,False,6.4,7.09,6.91,1.11,7.43,0.94,0.0,5.3,,20.59,0.9109,0.0891,Likely D,,
2026-09-06,CT-SD-2,CT,Senate,SD-2,1,,Maryam Khan,Timothy Knotts,,Doug McCrory,D,False,True,65.5,63.29,54.31,1.11,0.0,-2.5,0.0,5.3,,57.11,0.9999,0.0001,Safe D,,
2026-09-06,CT-SD-20,CT,Senate,SD-20,1,,Martha Marx,Ronald J. LaBonte,,Martha Marx,D,True,False,17.8,18.34,16.4,1.11,7.43,-6.41,0.0,5.3,,22.73,0.9314,0.0686,Likely D,,
2026-09-06,CT-SD-21,CT,Senate,SD-21,1,,Carolann Reid,Jason Perillo,,Jason Perillo,R,True,False,-0.5,0.82,1.62,1.11,-7.43,-7.77,0.0,5.3,,-8.28,0.2941,0.7059,Lean R,,
2026-09-06,CT-SD-22,CT,Senate,SD-22,1,,Sujata Gadkar-Wilcox,Scott M Modlin,,Sujata Gadkar-Wilcox,D,True,False,18.8,20.53,18.25,1.11,7.43,-0.21,5.0,5.3,,35.77,0.9903,0.0097,Safe D,,
2026-09-06,CT-SD-23,CT,Senate,SD-23,1,,Herron Gaston,,,Herron Gaston,D,True,False,50.9,50.58,43.6,1.11,7.43,2.18,0.0,5.3,D,58.51,0.98,0.02,Safe D,,
2026-09-06,CT-SD-24,CT,Senate,SD-24,1,,Julie Kushner,Melissa Lindsey,,Julie Kushner,D,True,False,7.5,12.22,11.24,1.11,7.43,-3.26,0.0,5.3,,20.71,0.9122,0.0878,Likely D,,
2026-09-06,CT-SD-25,CT,Senate,SD-25,1,,Bob Duff,Justin Perry,,Bob Duff,D,True,False,28.0,29.96,26.2,1.11,7.43,-3.84,0.0,5.3,,35.1,0.9891,0.0109,Safe D,,
2026-09-06,CT-SD-26,CT,Senate,SD-26,1,,Samantha Nestor,Alma Sarelli,,Ceci Maher,D,False,True,32.9,35.25,30.66,1.11,0.0,-3.52,0.0,5.3,,32.44,0.9831,0.0169,Safe D,,
2026-09-06,CT-SD-27,CT,Senate,SD-27,1,,Patricia Miller,,,Patricia Miller,D,True,False,28.1,29.47,25.79,1.11,7.43,-2.87,0.0,5.3,D,35.65,0.98,0.02,Safe D,,
2026-09-06,CT-SD-28,CT,Senate,SD-28,1,,Rob Blanchard,Amybeth Laroche,,Tony Hwang,R,False,True,18.3,18.91,16.88,1.11,0.0,-9.22,0.0,5.3,,12.97,0.8018,0.1982,Likely D,,
2026-09-06,CT-SD-29,CT,Senate,SD-29,1,,Mae Flexer,Chris Reddy,,Mae Flexer,D,True,False,3.6,5.12,5.26,1.11,7.43,-3.98,0.0,5.3,,14.01,0.8203,0.1797,Likely D,,
2026-09-06,CT-SD-3,CT,Senate,SD-3,1,,Saud Anwar,Eliott R Hughes,,Saud Anwar,D,True,False,22.7,24.56,21.65,1.11,7.43,-2.04,0.0,5.3,,32.34,0.9828,0.0172,Safe D,,
2026-09-06,CT-SD-30,CT,Senate,SD-30,1,,Aaron Zimmer,Stephen Harding,,Stephen Harding,R,True,False,0.9,0.13,1.05,1.11,-7.43,-7.76,0.0,5.3,,-8.85,0.2814,0.7186,Lean R,,
2026-09-06,CT-SD-31,CT,Senate,SD-31,1,,Laurel LaPorte-Grimes,Henri Martin,,Henri Martin,R,True,False,-8.1,-7.62,-5.49,1.11,-7.43,-4.61,0.0,5.3,,-12.22,0.212,0.788,Likely R,,
2026-09-06,CT-SD-32,CT,Senate,SD-32,1,,Matt Knickerbocker,Eric Berthel,,Eric Berthel,R,True,False,-9.2,-10.25,-7.71,1.11,-7.43,-2.06,0.0,5.3,,-11.9,0.2183,0.7817,Likely R,,
2026-09-06,CT-SD-33,CT,Senate,SD-33,1,,Norm Needleman,Charles J. Ferraro,,Norm Needleman,D,True,False,9.4,9.65,9.08,1.11,7.43,-4.82,0.0,5.3,,16.99,0.8667,0.1333,Likely D,,
2026-09-06,CT-SD-34,CT,Senate,SD-34,1,,Brandi Mandato,Paul Cicarella,,Paul Cicarella,R,True,False,-4.6,-3.2,-1.76,1.11,-7.43,-7.03,0.0,5.3,,-10.92,0.2375,0.7625,Likely R,,
2026-09-06,CT-SD-35,CT,Senate,SD-35,1,,Ethan Werstler,Jeff Gordon,,Jeff Gordon,R,True,False,3.0,3.81,4.15,1.11,-7.43,-3.25,0.0,5.3,,-1.23,0.4679,0.5321,Toss-up,,
2026-09-06,CT-SD-36,CT,Senate,SD-36,1,,Jill Oberlander,Joe Kelly,,Ryan Fazio,R,False,True,16.8,20.78,18.46,1.11,0.0,-8.55,0.0,5.3,,15.21,0.84,0.16,Likely D,,
2026-09-06,CT-SD-4,CT,Senate,SD-4,1,,M.D. Rahman,Jenn Jennings,,M.D. Rahman,D,True,False,26.2,27.32,23.98,1.11,7.43,-2.89,0.0,5.3,,33.82,0.9865,0.0135,Safe D,,
2026-09-06,CT-SD-5,CT,Senate,SD-5,1,,Derek Slap,,,Derek Slap,D,True,False,37.6,39.08,33.89,1.11,7.43,-1.92,0.0,5.3,D,44.71,0.98,0.02,Safe D,,
2026-09-06,CT-SD-6,CT,Senate,SD-6,1,,Rick Lopes,Tremell Collins,,Rick Lopes,D,True,False,12.0,14.93,13.52,1.11,7.43,-2.97,0.0,5.3,,23.29,0.9361,0.0639,Likely D,,
2026-09-06,CT-SD-7,CT,Senate,SD-7,1,,David William Kiner,John Kissel,,John Kissel,R,True,False,2.2,3.91,4.23,1.11,-7.43,-5.38,0.0,5.3,,-3.27,0.4153,0.5847,Toss-up,,
2026-09-06,CT-SD-8,CT,Senate,SD-8,1,,Paul Honig,Michael R. Criss,,Paul Honig,D,True,False,9.8,11.6,10.72,1.11,7.43,-4.05,0.0,5.3,,19.41,0.8978,0.1022,Likely D,,
2026-09-06,CT-SD-9,CT,Senate,SD-9,1,,Matt Lesser,Grant W. Polomsky,,Matt Lesser,D,True,False,14.7,15.9,14.34,1.11,7.43,0.0,5.0,5.3,,32.07,0.982,0.018,Safe D,,
2026-09-06,DE-HD-1,DE,House,HD-1,1,,,,,Nnamdi Chukwuocha,D,False,False,77.6,79.21,68.84,2.42,0.0,0.0,0.0,5.3,,74.14,1.0,0.0,Safe D,,
2026-09-06,DE-HD-10,DE,House,HD-10,1,,,,,Melanie Ross Levin,D,False,False,25.5,26.11,24.06,2.42,0.0,0.0,0.0,5.3,,29.36,0.9726,0.0274,Safe D,,
2026-09-06,DE-HD-11,DE,House,HD-11,1,,,,,Jeff Spiegelman,R,False,False,-24.3,-10.43,-6.76,2.42,0.0,0.0,0.0,5.3,,-1.46,0.462,0.538,Toss-up,,
2026-09-06,DE-HD-12,DE,House,HD-12,1,,,,,Krista Griffith,D,False,False,28.9,28.99,26.49,2.42,0.0,0.0,0.0,5.3,,31.79,0.9812,0.0188,Safe D,,
2026-09-06,DE-HD-13,DE,House,HD-13,1,,,,,DeShanna Neal,D,False,False,25.2,27.36,25.11,2.42,0.0,0.0,0.0,5.3,,30.41,0.9766,0.0234,Safe D,,
2026-09-06,DE-HD-14,DE,House,HD-14,1,,,,,Claire Snyder-Hall,D,False,False,22.2,20.39,19.24,2.42,0.0,0.0,0.0,5.3,,24.54,0.9457,0.0543,Likely D,,
2026-09-06,DE-HD-15,DE,House,HD-15,1,,,,,Kam Smith,D,False,False,34.1,36.39,32.73,2.42,0.0,0.0,0.0,5.3,,38.03,0.9936,0.0064,Safe D,,
2026-09-06,DE-HD-16,DE,House,HD-16,1,,,,,Franklin Cooke Jr.,D,False,False,54.5,56.95,50.07,2.42,0.0,0.0,0.0,5.3,,55.37,0.9999,0.0001,Safe D,,
2026-09-06,DE-HD-17,DE,House,HD-17,1,,,,,Melissa Minor-Brown,D,False,False,36.4,37.27,33.47,2.42,0.0,0.0,0.0,5.3,,38.77,0.9944,0.0056,Safe D,,
2026-09-06,DE-HD-18,DE,House,HD-18,1,,,,,Sophie Phillips,D,False,False,40.2,41.69,37.2,2.42,0.0,0.0,0.0,5.3,,42.5,0.9973,0.0027,Safe D,,
2026-09-06,DE-HD-19,DE,House,HD-19,1,,,,,Kim Williams,D,False,False,16.2,17.68,16.95,2.42,0.0,0.0,0.0,5.3,,22.25,0.9272,0.0728,Likely D,,
2026-09-06,DE-HD-2,DE,House,HD-2,1,,,,,Stephanie Bolden,D,False,False,71.9,74.15,64.57,2.42,0.0,0.0,0.0,5.3,,69.87,1.0,0.0,Safe D,,
2026-09-06,DE-HD-20,DE,House,HD-20,1,,Ruby Schaeffer,,,Alonna Berry,D,False,False,8.6,6.85,7.82,2.42,0.0,0.0,0.0,5.3,D,13.12,0.98,0.02,Safe D,,
2026-09-06,DE-HD-21,DE,House,HD-21,1,,,,,Frank Burns,D,False,False,18.3,19.5,18.49,2.42,0.0,0.0,0.0,5.3,,23.79,0.9401,0.0599,Likely D,,
2026-09-06,DE-HD-22,DE,House,HD-22,1,,,,,Michael W. Smith,R,False,False,16.3,16.92,16.31,2.42,0.0,0.0,0.0,5.3,,21.61,0.9212,0.0788,Likely D,,
2026-09-06,DE-HD-23,DE,House,HD-23,1,,,,,Mara Gorman,D,False,False,30.6,31.29,28.43,2.42,0.0,0.0,0.0,5.3,,33.73,0.9863,0.0137,Safe D,,
2026-09-06,DE-HD-24,DE,House,HD-24,1,,,,,Ed Osienski,D,False,False,26.7,28.49,26.07,2.42,0.0,0.0,0.0,5.3,,31.37,0.9799,0.0201,Safe D,,
2026-09-06,DE-HD-25,DE,House,HD-25,1,,,,,Cyndie Romer,D,False,False,31.0,31.77,28.84,2.42,0.0,0.0,0.0,5.3,,34.14,0.9872,0.0128,Safe D,,
2026-09-06,DE-HD-26,DE,House,HD-26,1,,,,,Madinah Wilson-Anton,D,False,False,42.3,44.11,39.24,2.42,0.0,0.0,0.0,5.3,,44.54,0.9982,0.0018,Safe D,,
2026-09-06,DE-HD-27,DE,House,HD-27,1,,,,,Eric Morrison,D,False,False,16.9,19.3,18.32,2.42,0.0,0.0,0.0,5.3,,23.62,0.9388,0.0612,Likely D,,
2026-09-06,DE-HD-28,DE,House,HD-28,1,,,,,Bill Carson,D,False,False,16.6,17.61,16.89,2.42,0.0,0.0,0.0,5.3,,22.19,0.9266,0.0734,Likely D,,
2026-09-06,DE-HD-29,DE,House,HD-29,1,,,,,Bill Bush,D,False,False,16.9,13.51,13.43,2.42,0.0,0.0,0.0,5.3,,18.73,0.8897,0.1103,Likely D,,
2026-09-06,DE-HD-3,DE,House,HD-3,1,,,,,Josue Ortega,D,False,False,65.2,67.82,59.24,2.42,0.0,0.0,0.0,5.3,,64.54,1.0,0.0,Safe D,,
2026-09-06,DE-HD-30,DE,House,HD-30,1,,,,,Shannon Morris,R,False,False,-36.5,-35.3,-27.73,2.42,0.0,0.0,0.0,5.3,,-22.43,0.0712,0.9288,Likely R,,
2026-09-06,DE-HD-31,DE,House,HD-31,1,,,,,Sean Lynn,D,False,False,39.5,37.49,33.65,2.42,0.0,0.0,0.0,5.3,,38.95,0.9946,0.0054,Safe D,,
2026-09-06,DE-HD-32,DE,House,HD-32,1,,,,,Kerri Harris,D,False,False,25.6,21.62,20.27,2.42,0.0,0.0,0.0,5.3,,25.57,0.9527,0.0473,Safe D,,
2026-09-06,DE-HD-33,DE,House,HD-33,1,,,Matt Bucher,,Charles Postles,R,False,False,-14.1,-12.69,-8.66,2.42,0.0,0.0,0.0,5.3,R,-3.36,0.02,0.98,Safe R,,
2026-09-06,DE-HD-34,DE,House,HD-34,1,,,,,Lyndon Yearick,R,False,False,4.3,4.84,6.12,2.42,0.0,0.0,0.0,5.3,,11.42,0.7724,0.2276,Likely D,,
2026-09-06,DE-HD-35,DE,House,HD-35,1,,,,,Jesse Vanderwende,R,False,False,-31.4,-30.42,-23.62,2.42,0.0,0.0,0.0,5.3,,-18.32,0.1155,0.8845,Likely R,,
2026-09-06,DE-HD-36,DE,House,HD-36,1,,,,,Bryan Shupe,R,False,False,-12.1,-13.24,-9.13,2.42,0.0,0.0,0.0,5.3,,-3.83,0.4011,0.5989,Toss-up,,
2026-09-06,DE-HD-37,DE,House,HD-37,1,,,,,Valerie Giltner,R,False,False,-14.8,-12.11,-8.18,2.42,0.0,0.0,0.0,5.3,,-2.88,0.4254,0.5746,Toss-up,,
2026-09-06,DE-HD-38,DE,House,HD-38,1,,,,,Ron Gray,R,False,False,-11.8,-14.83,-10.47,2.42,0.0,0.0,0.0,5.3,,-5.17,0.3678,0.6322,Lean R,,
2026-09-06,DE-HD-39,DE,House,HD-39,1,,,,,Danny Short,R,False,False,-23.0,-22.45,-16.9,2.42,0.0,0.0,0.0,5.3,,-11.6,0.2241,0.7759,Likely R,,
2026-09-06,DE-HD-4,DE,House,HD-4,1,,,,,Jeff Hilovsky,R,False,False,-6.7,-8.32,-4.98,2.42,0.0,0.0,0.0,5.3,,0.32,0.5083,0.4917,Toss-up,,
2026-09-06,DE-HD-40,DE,House,HD-40,1,,,,,Tim Dukes,R,False,False,-43.8,-42.35,-33.68,2.42,0.0,0.0,0.0,5.3,,-28.38,0.0317,0.9683,Safe R,,
2026-09-06,DE-HD-41,DE,House,HD-41,1,,,,,Rich Collins,R,False,False,-26.9,-26.48,-20.29,2.42,0.0,0.0,0.0,5.3,,-14.99,0.1634,0.8366,Likely R,,
2026-09-06,DE-HD-5,DE,House,HD-5,1,,,,,Kendra Johnson,D,False,False,57.7,59.3,52.06,2.42,0.0,0.0,0.0,5.3,,57.36,0.9999,0.0001,Safe D,,
2026-09-06,DE-HD-6,DE,House,HD-6,1,,,,,Debra Heffernan,D,False,False,35.1,36.09,32.47,2.42,0.0,0.0,0.0,5.3,,37.77,0.9932,0.0068,Safe D,,
2026-09-06,DE-HD-7,DE,House,HD-7,1,,,,,Larry Lambert,D,False,False,37.2,38.55,34.55,2.42,0.0,0.0,0.0,5.3,,39.85,0.9954,0.0046,Safe D,,
2026-09-06,DE-HD-8,DE,House,HD-8,1,,,,,Sherae'a Moore,D,False,False,23.8,24.15,22.41,2.42,0.0,0.0,0.0,5.3,,27.71,0.965,0.035,Safe D,,
2026-09-06,DE-HD-9,DE,House,HD-9,1,,,,,Kevin Hensley,R,False,False,15.4,13.06,13.05,2.42,0.0,0.0,0.0,5.3,,18.35,0.8849,0.1151,Likely D,,
2026-09-06,DE-SD-1,DE,Senate,SD-1,1,,,,,Dan Cruce,D,False,False,46.6,47.27,41.91,2.42,0.0,0.0,0.0,5.3,,47.21,0.999,0.001,Safe D,,
2026-09-06,DE-SD-12,DE,Senate,SD-12,1,,,,,Nicole Poore,D,False,False,25.6,27.09,24.88,2.42,0.0,0.0,0.0,5.3,,30.18,0.9758,0.0242,Safe D,,
2026-09-06,DE-SD-13,DE,Senate,SD-13,1,,,,,Marie Pinkney,D,False,False,47.7,48.36,42.83,2.42,0.0,0.0,0.0,5.3,,48.13,0.9992,0.0008,Safe D,,
2026-09-06,DE-SD-14,DE,Senate,SD-14,1,,,,,Kyra Hoffner,D,False,False,11.7,8.72,9.39,2.42,0.0,0.0,0.0,5.3,,14.69,0.8317,0.1683,Likely D,,
2026-09-06,DE-SD-15,DE,Senate,SD-15,1,,,,,Dave Lawson,R,False,False,-27.7,-17.85,-13.02,2.42,0.0,0.0,0.0,5.3,,-7.72,0.3069,0.6931,Lean R,,
2026-09-06,DE-SD-19,DE,Senate,SD-19,1,,,,,Brian Pettyjohn,R,False,False,-11.9,-12.5,-8.5,2.42,0.0,0.0,0.0,5.3,,-3.2,0.417,0.583,Toss-up,,
2026-09-06,DE-SD-20,DE,Senate,SD-20,1,,,,,Gerald Hocker,R,False,False,-15.2,-16.86,-12.18,2.42,0.0,0.0,0.0,5.3,,-6.88,0.3264,0.6736,Lean R,,
2026-09-06,DE-SD-5,DE,Senate,SD-5,1,,,,,Ray Seigfried,D,False,False,31.8,32.72,29.64,2.42,0.0,0.0,0.0,5.3,,34.94,0.9888,0.0112,Safe D,,
2026-09-06,DE-SD-7,DE,Senate,SD-7,1,,,,,Spiros Mantzavinos,D,False,False,17.7,19.3,18.31,2.42,0.0,0.0,0.0,5.3,,23.61,0.9387,0.0613,Likely D,,
2026-09-06,DE-SD-8,DE,Senate,SD-8,1,,Mara Gorman,,,Dave Sokola,D,False,False,27.5,28.13,25.77,2.42,0.0,0.0,0.0,5.3,D,31.07,0.98,0.02,Safe D,,
2026-09-06,DE-SD-9,DE,Senate,SD-9,1,,,,,Jack Walsh,D,False,False,23.9,25.47,23.52,2.42,0.0,0.0,0.0,5.3,,28.82,0.9703,0.0297,Safe D,,
2026-09-06,FL-HD-1,FL,House,HD-1,1,,Francesca Yabraian,Michelle Salzman,,Michelle Salzman,R,True,False,-25.9,-25.5,-19.29,2.62,-7.43,-2.85,0.0,5.3,,-24.27,0.0562,0.9438,Likely R,,
2026-09-06,FL-HD-10,FL,House,HD-10,1,,Merrillee Malwitz Jipson,Marshall Rawson,,Chuck Brannan,R,False,True,-46.4,-44.54,-35.35,2.62,0.0,0.0,0.0,5.3,,-30.05,0.0247,0.9753,Safe R,,
2026-09-06,FL-HD-100,FL,House,HD-100,1,,Michael Terence Ferguson,Yoni Anijar,,Chip LaMarca,R,False,True,-7.8,-5.69,-2.59,2.62,0.0,0.0,0.0,5.3,,2.71,0.5704,0.4296,Toss-up,,
2026-09-06,FL-HD-101,FL,House,HD-101,1,,Todd Delmay,Hillary Cassel,,Hillary Cassel,R,True,False,-2.6,2.55,4.36,2.62,-7.43,0.61,0.0,5.3,,2.84,0.5736,0.4264,Toss-up,,
2026-09-06,FL-HD-102,FL,House,HD-102,1,,Michael Friend,Mery Lopez-Palma,,Mike Gottlieb,D,False,True,4.4,7.62,8.64,2.62,0.0,1.13,0.0,5.3,,15.07,0.8378,0.1622,Likely D,,
2026-09-06,FL-HD-103,FL,House,HD-103,1,,Robin Bartleman,Imtiaz Mohammad,,Robin Bartleman,D,True,False,5.0,9.6,10.31,2.62,7.43,2.45,0.0,5.3,,25.49,0.9522,0.0478,Safe D,,
2026-09-06,FL-HD-104,FL,House,HD-104,1,,Felicia Robinson,,,Felicia Robinson,D,True,False,31.2,33.79,30.71,2.62,7.43,0.0,5.0,5.3,D,48.45,0.98,0.02,Safe D,,
2026-09-06,FL-HD-105,FL,House,HD-105,1,,Marie Woodson,,,Marie Woodson,D,True,False,27.2,32.41,29.55,2.62,7.43,6.6,0.0,5.3,D,48.88,0.98,0.02,Safe D,,
2026-09-06,FL-HD-106,FL,House,HD-106,1,,Lucia Baez-Geller,Fabián Basabe,,Fabián Basabe,R,True,False,-8.9,-2.65,-0.02,2.62,-7.43,0.0,-5.0,5.3,,-7.15,0.32,0.68,Lean R,,
2026-09-06,FL-HD-107,FL,House,HD-107,1,,Wallace Aristide,,,Wallace Aristide,D,True,False,34.8,41.38,37.11,2.62,7.43,0.0,5.0,5.3,D,54.84,0.98,0.02,Safe D,,
2026-09-06,FL-HD-108,FL,House,HD-108,1,,Daphne Campbell,Wancito Francius,,Dotie Joseph,D,False,True,47.1,52.49,46.48,2.62,0.0,0.0,0.0,5.3,,51.78,0.9996,0.0004,Safe D,,
2026-09-06,FL-HD-109,FL,House,HD-109,1,,James Bush III,,,Ashley Gantt,D,False,True,30.3,37.97,34.24,2.62,0.0,0.0,0.0,5.3,D,39.54,0.98,0.02,Safe D,,
2026-09-06,FL-HD-11,FL,House,HD-11,1,,,Sam Garrison,,Sam Garrison,R,True,False,-35.0,-35.56,-27.77,2.62,-7.43,-2.53,0.0,5.3,R,-32.44,0.02,0.98,Safe R,,
2026-09-06,FL-HD-110,FL,House,HD-110,1,,,Tom Fabricio,,Tom Fabricio,R,True,False,-39.7,-32.85,-25.49,2.62,-7.43,-4.91,0.0,5.3,R,-32.53,0.02,0.98,Safe R,,
2026-09-06,FL-HD-111,FL,House,HD-111,1,,,David Borrero,,David Borrero,R,True,False,-35.6,-27.72,-21.17,2.62,-7.43,-8.8,0.0,5.3,R,-32.1,0.02,0.98,Safe R,,
2026-09-06,FL-HD-112,FL,House,HD-112,1,,,Alex Rizo,,Alex Rizo,R,True,False,-45.4,-38.48,-30.24,2.62,-7.43,0.55,0.0,5.3,R,-31.82,0.02,0.98,Safe R,,
2026-09-06,FL-HD-113,FL,House,HD-113,1,,Gloria Romero,Bruno Barreiro,Paola Vazquez del Mercado,Vicki Lopez,R,False,True,-5.1,1.02,3.07,2.62,0.0,12.67,0.0,5.3,,21.04,0.9156,0.0844,Likely D,,
2026-09-06,FL-HD-114,FL,House,HD-114,1,,,Demi Busatta Cabrera,,Demi Busatta Cabrera,R,True,False,-10.3,-6.02,-2.87,2.62,-7.43,-2.49,0.0,5.3,R,-7.49,0.02,0.98,Safe R,,
2026-09-06,FL-HD-115,FL,House,HD-115,1,,Marcos Reyes,Omar Blanco,,Omar Blanco,R,True,False,-15.7,-10.97,-7.04,2.62,-7.43,-1.45,0.0,5.3,,-10.62,0.2438,0.7562,Likely R,,
2026-09-06,FL-HD-116,FL,House,HD-116,1,,Nicolas Ramos,Ashley Perez-Biliskov,,Daniel Perez,R,False,True,-34.5,-29.11,-22.34,2.62,0.0,-1.1,0.0,5.3,,-18.14,0.1178,0.8822,Likely R,,
2026-09-06,FL-HD-117,FL,House,HD-117,1,,Kevin Chambliss,Miguel Granda,,Kevin Chambliss,D,True,False,2.4,11.39,11.82,2.62,7.43,0.3,5.0,5.3,,29.85,0.9745,0.0255,Safe D,,
2026-09-06,FL-HD-118,FL,House,HD-118,1,,Armando A.C. Castillo,Mike Redondo,,Mike Redondo,R,True,False,-34.6,-27.57,-21.04,2.62,-7.43,-0.99,0.0,5.3,,-24.17,0.057,0.943,Likely R,,
2026-09-06,FL-HD-119,FL,House,HD-119,1,,Rey Lazaro Sordo,Juan Porras,,Juan Porras,R,True,False,-28.3,-21.47,-15.9,2.62,-7.43,-3.75,0.0,5.3,,-21.77,0.0772,0.9228,Likely R,,
2026-09-06,FL-HD-12,FL,House,HD-12,1,,Benjamin Sandlin,Terrance Freeman,,Wyman Duggan,R,False,True,-10.2,-7.95,-4.49,2.62,0.0,0.0,0.0,5.3,,0.81,0.521,0.479,Toss-up,,
2026-09-06,FL-HD-120,FL,House,HD-120,1,,,Jim Mooney,,Jim Mooney,R,True,False,-20.0,-15.62,-10.96,2.62,-7.43,0.0,-5.0,5.3,R,-18.09,0.02,0.98,Safe R,,
2026-09-06,FL-HD-13,FL,House,HD-13,1,,Audrey Gibson,,Brice Gaillard,Angie Nixon,D,False,True,24.2,24.84,23.16,2.62,0.0,0.0,0.0,5.3,D,28.46,0.98,0.02,Safe D,,
2026-09-06,FL-HD-14,FL,House,HD-14,1,,Kim Daniels,,,Kim Daniels,D,True,False,25.6,27.09,25.06,2.62,7.43,0.0,5.0,5.3,D,42.79,0.98,0.02,Safe D,,
2026-09-06,FL-HD-15,FL,House,HD-15,1,,,Dean Black,Chadd Charland,Dean Black,R,True,False,-28.1,-28.6,-21.91,2.62,-7.43,0.43,0.0,5.3,R,-23.61,0.02,0.98,Safe R,,
2026-09-06,FL-HD-16,FL,House,HD-16,1,,,Kiyan Michael,,Kiyan Michael,R,True,False,-20.7,-19.85,-14.53,2.62,-7.43,0.0,-5.0,5.3,R,-21.66,0.02,0.98,Safe R,,
2026-09-06,FL-HD-17,FL,House,HD-17,1,,Jacob Guerrero,Jessica Baker,,Jessica Baker,R,True,False,-12.5,-11.6,-7.57,2.62,-7.43,-2.45,0.0,5.3,,-12.15,0.2135,0.7865,Likely R,,
2026-09-06,FL-HD-18,FL,House,HD-18,1,,Art Stresing,Kim Kendall,,Kim Kendall,R,True,False,-34.1,-33.98,-26.45,2.62,-7.43,-2.24,0.0,5.3,,-30.82,0.0219,0.9781,Safe R,,
2026-09-06,FL-HD-19,FL,House,HD-19,1,,Suzanna Pavelle,Sam Greco,,Sam Greco,R,True,False,-24.8,-23.2,-17.35,2.62,-7.43,1.07,0.0,5.3,,-18.41,0.1143,0.8857,Likely R,,
2026-09-06,FL-HD-2,FL,House,HD-2,1,,Johnny Thompson,Jon Fay,,Alex Andrade,R,False,True,-19.2,-17.66,-12.68,2.62,0.0,0.0,0.0,5.3,,-7.38,0.3147,0.6853,Lean R,,
2026-09-06,FL-HD-20,FL,House,HD-20,1,,Lee Butler,Judson Sapp,,Judson Sapp,R,True,False,-48.5,-46.31,-36.84,2.62,-7.43,-1.35,0.0,5.3,,-40.32,0.0042,0.9958,Safe R,,
2026-09-06,FL-HD-21,FL,House,HD-21,1,,Jacquelyn Randall,,,Yvonne Hinson,D,False,True,22.2,22.92,21.54,2.62,0.0,0.0,0.0,5.3,D,26.84,0.98,0.02,Safe D,,
2026-09-06,FL-HD-22,FL,House,HD-22,1,,Amy Trask,Chad Johnson,,Chad Johnson,R,True,False,-6.2,-5.54,-2.46,2.62,-7.43,-2.35,0.0,5.3,,-6.94,0.325,0.675,Lean R,,
2026-09-06,FL-HD-23,FL,House,HD-23,1,,Mark Leland Baker,J.J. Grow,,J.J. Grow,R,True,False,-45.9,-43.78,-34.71,2.62,-7.43,0.0,-5.0,5.3,,-41.84,0.0031,0.9969,Safe R,,
2026-09-06,FL-HD-24,FL,House,HD-24,1,,,Ryan Chamberlin,,Ryan Chamberlin,R,True,False,-28.1,-27.08,-20.63,2.62,-7.43,-0.3,-5.0,5.3,R,-28.05,0.02,0.98,Safe R,,
2026-09-06,FL-HD-25,FL,House,HD-25,1,,Banks Helfrich,Taylor Yarkosky,,Taylor Yarkosky,R,True,False,-16.7,-16.24,-11.49,2.62,-7.43,0.08,-5.0,5.3,,-18.54,0.1127,0.8873,Likely R,,
2026-09-06,FL-HD-26,FL,House,HD-26,1,,Robyn Elaine Lawrence,Nan Cobb,,Nan Cobb,R,True,False,-28.9,-27.85,-21.28,2.62,-7.43,-0.47,0.0,5.3,,-23.88,0.0592,0.9408,Likely R,,
2026-09-06,FL-HD-27,FL,House,HD-27,1,,Andy Ferrari,Richard Gentry,,Richard Gentry,R,True,False,-37.2,-35.56,-27.78,2.62,-7.43,-0.93,0.0,5.3,,-30.84,0.0219,0.9781,Safe R,,
2026-09-06,FL-HD-28,FL,House,HD-28,1,,Sammy Jackson,Bill Partington,Joe Hannoush,Bill Partington,R,True,False,-16.0,-14.02,-9.61,2.62,-7.43,-0.56,0.0,5.3,,-12.3,0.2105,0.7895,Likely R,,
2026-09-06,FL-HD-29,FL,House,HD-29,1,,Don Kanfer,Webster Barnaby,,Webster Barnaby,R,True,False,-16.1,-12.92,-8.69,2.62,-7.43,1.85,0.0,5.3,,-8.97,0.2788,0.7212,Lean R,,
2026-09-06,FL-HD-3,FL,House,HD-3,1,,Ingrid D. Wadsworth,Nathan Boyles,,Nathan Boyles,R,True,False,-55.2,-54.84,-44.04,2.62,-7.43,0.0,-5.0,5.3,,-51.17,0.0004,0.9996,Safe R,,
2026-09-06,FL-HD-30,FL,House,HD-30,1,,Edwin Munoz,Chase Tramont,,Chase Tramont,R,True,False,-30.9,-30.4,-23.43,2.62,-7.43,1.29,0.0,5.3,,-24.27,0.0562,0.9438,Likely R,,
2026-09-06,FL-HD-31,FL,House,HD-31,1,,Daniel Lewis Cicirelli,Matthew Davidson Woodside,,Tyler Sirois,R,False,True,-26.1,-25.05,-18.92,2.62,0.0,0.0,0.0,5.3,,-13.62,0.1866,0.8134,Likely R,,
2026-09-06,FL-HD-32,FL,House,HD-32,1,,Juan Hinojosa,Brian Hodgers,,Brian Hodgers,R,True,False,-20.0,-19.55,-14.27,2.62,-7.43,-3.2,0.0,5.3,,-19.6,0.0999,0.9001,Likely R,,
2026-09-06,FL-HD-33,FL,House,HD-33,1,,Daniel McDow,Monique Miller,,Monique Miller,R,True,False,-11.5,-10.31,-6.49,2.62,-7.43,-0.25,-5.0,5.3,,-13.87,0.1822,0.8178,Likely R,,
2026-09-06,FL-HD-34,FL,House,HD-34,1,,Jordyn Guadalupe Balderas,Robbie Brackett,,Robbie Brackett,R,True,False,-28.0,-26.82,-20.41,2.62,-7.43,0.0,-5.0,5.3,,-27.54,0.0359,0.9641,Safe R,,
2026-09-06,FL-HD-35,FL,House,HD-35,1,,Eric Gray,Erika Booth,,Erika Booth,R,True,False,-4.0,-2.07,0.46,2.62,-7.43,0.12,-5.0,5.3,,-6.55,0.3343,0.6657,Lean R,,
2026-09-06,FL-HD-36,FL,House,HD-36,1,,Darryl Block,Rachel Plakon,,Rachel Plakon,R,True,False,-3.1,-1.07,1.31,2.62,-7.43,-2.12,0.0,5.3,,-2.94,0.4237,0.5763,Toss-up,,
2026-09-06,FL-HD-37,FL,House,HD-37,1,,Jane Aman,Robert Allen Prater,,Susan Plasencia,R,False,True,2.9,4.95,6.39,2.62,0.0,0.0,0.0,5.3,,11.69,0.7777,0.2223,Likely D,,
2026-09-06,FL-HD-38,FL,House,HD-38,1,,Michelle DeJesus,Emily Duda Buckley,,David Smith,R,False,True,1.7,2.97,4.72,2.62,0.0,0.0,0.0,5.3,,10.02,0.7437,0.2563,Lean D,,
2026-09-06,FL-HD-39,FL,House,HD-39,1,,Jarod Fox,Doug Bankson,,Doug Bankson,R,True,False,-3.0,-2.1,0.44,2.62,-7.43,-1.79,0.0,5.3,,-3.48,0.41,0.59,Toss-up,,
2026-09-06,FL-HD-4,FL,House,HD-4,1,,John Peter Emerling,Patt Maney,,Patt Maney,R,True,False,-38.6,-39.24,-30.89,2.62,-7.43,-2.59,0.0,5.3,,-35.61,0.0099,0.9901,Safe R,,
2026-09-06,FL-HD-40,FL,House,HD-40,1,,RaShon Young,,,RaShon Young,D,True,False,35.6,38.39,34.59,2.62,7.43,0.0,5.0,5.3,D,52.32,0.98,0.02,Safe D,,
2026-09-06,FL-HD-41,FL,House,HD-41,1,,Bruce Antone,,,Bruce Antone,D,True,False,43.5,47.58,42.34,2.62,7.43,0.0,5.0,5.3,D,60.07,0.98,0.02,Safe D,,
2026-09-06,FL-HD-42,FL,House,HD-42,1,,Felipe Sousa Lazaballet,Bonnie Jackson,,Anna Eskamani,D,False,True,15.7,15.6,15.37,2.62,0.0,-1.18,0.0,5.3,,19.5,0.8988,0.1012,Likely D,,
2026-09-06,FL-HD-43,FL,House,HD-43,1,,Samuel Vilchez Santiago,Jorge Malavet,,Johanna López,D,False,True,11.2,15.75,15.5,2.62,0.0,0.0,0.0,5.3,,20.8,0.9131,0.0869,Likely D,,
2026-09-06,FL-HD-44,FL,House,HD-44,1,,Rita Harris,,,Jennifer Harris,D,True,False,11.2,15.39,15.2,2.62,7.43,0.0,5.0,5.3,D,32.93,0.98,0.02,Safe D,,
2026-09-06,FL-HD-45,FL,House,HD-45,1,,Leonard Spencer,Erin Huntley,,Leonard Spencer,D,True,False,-0.2,0.53,2.66,2.62,7.43,0.9,0.0,5.3,,16.28,0.8565,0.1435,Likely D,,
2026-09-06,FL-HD-46,FL,House,HD-46,1,,Jose Alvarez,Michael Cruz,Ivan Rivera,Jose Alvarez,D,True,False,12.2,18.56,17.86,2.62,7.43,3.77,0.0,5.3,,34.36,0.9877,0.0123,Safe D,,
2026-09-06,FL-HD-47,FL,House,HD-47,1,,Anthony Nieves,,,Paula Stark,R,False,True,-2.1,2.46,4.29,2.62,0.0,-2.66,0.0,5.3,D,6.93,0.98,0.02,Safe D,,
2026-09-06,FL-HD-48,FL,House,HD-48,1,,Alethea Pugh,Jon Albert,,Jon Albert,R,True,False,-15.9,-14.32,-9.86,2.62,-7.43,0.06,-5.0,5.3,,-16.93,0.1342,0.8658,Likely R,,
2026-09-06,FL-HD-49,FL,House,HD-49,1,,Robert Anzalone,Jennifer Kincart Jonsson,,Jennifer Kincart Jonsson,R,True,False,-33.1,-31.53,-24.38,2.62,-7.43,-0.42,0.0,5.3,,-26.94,0.0391,0.9609,Safe R,,
2026-09-06,FL-HD-5,FL,House,HD-5,1,,Alexander Nathan Finney,Shane Abbott,,Shane Abbott,R,True,False,-59.0,-57.77,-46.51,2.62,-7.43,0.32,-5.0,5.3,,-53.32,0.0002,0.9998,Safe R,,
2026-09-06,FL-HD-50,FL,House,HD-50,1,,Ricky Santiago,Jennifer Canady,Jarvis Washington,Jennifer Canady,R,True,False,-21.4,-19.53,-14.26,2.62,-7.43,-0.44,0.0,5.3,,-16.83,0.1356,0.8644,Likely R,,
2026-09-06,FL-HD-51,FL,House,HD-51,1,,Octavio Hernandez,Hilary Holley,,Hilary Holley,R,True,False,-13.7,-12.51,-8.33,2.62,-7.43,0.1,-5.0,5.3,,-15.36,0.1576,0.8424,Likely R,,
2026-09-06,FL-HD-52,FL,House,HD-52,1,,Pamala Kaye Bivins,Samantha Scott,,Samantha Scott,R,True,False,-39.1,-38.57,-30.32,2.62,-7.43,0.0,-5.0,5.3,,-37.45,0.0072,0.9928,Safe R,,
2026-09-06,FL-HD-53,FL,House,HD-53,1,,Tony Claude,Brian Hawkins,Christopher Alan Anger,Jeff Holcomb,R,False,True,-36.5,-34.6,-26.97,2.62,0.0,0.0,0.0,5.3,,-21.67,0.0782,0.9218,Likely R,,
2026-09-06,FL-HD-54,FL,House,HD-54,1,,,Randy Maggard,Paul Bybee,Randy Maggard,R,True,False,-17.9,-16.92,-12.06,2.62,-7.43,-4.29,0.0,5.3,R,-18.48,0.02,0.98,Safe R,,
2026-09-06,FL-HD-55,FL,House,HD-55,1,,Zach Funkhouser,Walter Price,,Kevin Steele,R,False,True,-27.1,-26.24,-19.92,2.62,0.0,0.0,0.0,5.3,,-14.62,0.1695,0.8305,Likely R,,
2026-09-06,FL-HD-56,FL,House,HD-56,1,,Jose Freites,Brad Yeager,,Brad Yeager,R,True,False,-27.6,-26.05,-19.76,2.62,-7.43,0.13,-5.0,5.3,,-26.75,0.0401,0.9599,Safe R,,
2026-09-06,FL-HD-57,FL,House,HD-57,1,,Wendy Hoy,Adam Anderson,,Adam Anderson,R,True,False,-16.7,-14.96,-10.41,2.62,-7.43,-0.5,0.0,5.3,,-13.04,0.197,0.803,Likely R,,
2026-09-06,FL-HD-58,FL,House,HD-58,1,,Bryan Beckman,Kim Berfield,,Kim Berfield,R,True,False,-12.1,-11.23,-7.26,2.62,-7.43,-5.06,0.0,5.3,,-14.45,0.1724,0.8276,Likely R,,
2026-09-06,FL-HD-59,FL,House,HD-59,1,,Susan Rochelle Leff,Berny Jacques,,Berny Jacques,R,True,False,-16.1,-14.88,-10.34,2.62,-7.43,-0.89,0.0,5.3,,-13.36,0.1911,0.8089,Likely R,,
2026-09-06,FL-HD-6,FL,House,HD-6,1,,Stephanie Lyn Leonard,Tricia Berry,,Griff Griffitts,R,False,True,-47.4,-47.07,-37.48,2.62,0.0,-0.79,0.0,5.3,,-32.97,0.0155,0.9845,Safe R,,
2026-09-06,FL-HD-60,FL,House,HD-60,1,,Lindsay Polega-Quigley,Melissa Rutland,,Lindsay Cross,D,False,True,6.7,7.08,8.18,2.62,0.0,0.0,0.0,5.3,,13.48,0.811,0.189,Likely D,,
2026-09-06,FL-HD-61,FL,House,HD-61,1,,May Thach,Linda Chaney,,Linda Chaney,R,True,False,-8.5,-7.45,-4.07,2.62,-7.43,-1.12,0.0,5.3,,-7.32,0.3162,0.6838,Lean R,,
2026-09-06,FL-HD-62,FL,House,HD-62,1,,Kyandra Darling,,,Michele Rayner,D,False,True,34.0,35.83,32.43,2.62,0.0,0.0,0.0,5.3,D,37.73,0.98,0.02,Safe D,,
2026-09-06,FL-HD-63,FL,House,HD-63,1,,Jacqueline Coffie-Leeks,,,Dianne Hart,D,False,True,41.2,44.98,40.15,2.62,0.0,0.0,0.0,5.3,D,45.45,0.98,0.02,Safe D,,
2026-09-06,FL-HD-64,FL,House,HD-64,1,,Luis Salazar,Dan Weldon,,Susan Valdés,R,False,True,-2.7,3.32,5.01,2.62,0.0,0.0,0.0,5.3,,10.31,0.75,0.25,Likely D,,
2026-09-06,FL-HD-65,FL,House,HD-65,1,,Ben Braver,Karen Gonzalez Pittman,,Karen Gonzalez Pittman,R,True,False,-6.3,-3.72,-0.93,2.62,-7.43,-4.31,0.0,5.3,,-7.37,0.315,0.685,Lean R,,
2026-09-06,FL-HD-66,FL,House,HD-66,1,,Jose A. "Dante" Sanchez Sanchez,Traci Koster,,Traci Koster,R,True,False,-12.9,-11.0,-7.06,2.62,-7.43,-4.42,0.0,5.3,,-13.62,0.1866,0.8134,Likely R,,
2026-09-06,FL-HD-67,FL,House,HD-67,1,,Luis Viera,Lisette Bonano,,Fentrice Driskell,D,False,True,10.3,12.21,12.51,2.62,0.0,-2.32,0.0,5.3,,15.49,0.8445,0.1555,Likely D,,
2026-09-06,FL-HD-68,FL,House,HD-68,1,,Tony Smith,Ryan Gill,,Lawrence McClure,R,False,True,-28.7,-27.34,-20.85,2.62,0.0,0.0,0.0,5.3,,-15.55,0.1546,0.8454,Likely R,,
2026-09-06,FL-HD-69,FL,House,HD-69,1,,Ashley Herrmann,Danny Alvarez,,Danny Alvarez,R,True,False,-8.7,-7.05,-3.73,2.62,-7.43,0.0,-5.0,5.3,,-10.86,0.2387,0.7613,Likely R,,
2026-09-06,FL-HD-7,FL,House,HD-7,1,,,Jason Shoaf,,Jason Shoaf,R,True,False,-54.5,-52.76,-42.28,2.62,-7.43,0.92,0.0,5.3,R,-43.49,0.02,0.98,Safe R,,
2026-09-06,FL-HD-70,FL,House,HD-70,1,,Luther Keith Wilkins,Michael Owen,,Michael Owen,R,True,False,-13.7,-12.51,-8.33,2.62,-7.43,-0.21,-5.0,5.3,,-15.67,0.1527,0.8473,Likely R,,
2026-09-06,FL-HD-71,FL,House,HD-71,1,,Ocean Fitts,Jordan Varnadore,Joseph Hoolihan,Will Robinson,R,False,True,-16.2,-14.87,-10.33,2.62,0.0,0.0,0.0,5.3,,-5.03,0.3711,0.6289,Lean R,,
2026-09-06,FL-HD-72,FL,House,HD-72,1,,Harvey Shifrin,Bill Conerly,,Bill Conerly,R,True,False,-26.4,-24.88,-18.77,2.62,-7.43,0.0,-5.0,5.3,,-25.9,0.0452,0.9548,Safe R,,
2026-09-06,FL-HD-73,FL,House,HD-73,1,,Lisa Klein,Fiona McFarland,,Fiona McFarland,R,True,False,-7.1,-5.98,-2.83,2.62,-7.43,-0.04,-5.0,5.3,,-10.01,0.2564,0.7436,Lean R,,
2026-09-06,FL-HD-74,FL,House,HD-74,1,,Ryan Neill,Nick Pachota,,James Buchanan,R,False,True,-25.4,-23.09,-17.26,2.62,0.0,0.0,0.0,5.3,,-11.96,0.2171,0.7829,Likely R,,
2026-09-06,FL-HD-75,FL,House,HD-75,1,,Cynthia L. Butler,Danny Nix,,Danny Nix,R,True,False,-30.8,-28.97,-22.22,2.62,-7.43,-0.78,0.0,5.3,,-25.13,0.0502,0.9498,Likely R,,
2026-09-06,FL-HD-76,FL,House,HD-76,1,,Phillip Carter,Vanessa Oliver,,Vanessa Oliver,R,True,False,-37.2,-35.54,-27.76,2.62,-7.43,-2.58,0.0,5.3,,-32.48,0.0168,0.9832,Safe R,,
2026-09-06,FL-HD-77,FL,House,HD-77,1,,Cornelius Fowler,Tiffany Esposito,,Tiffany Esposito,R,True,False,-25.9,-22.42,-16.69,2.62,-7.43,-4.8,0.0,5.3,,-23.62,0.0612,0.9388,Likely R,,
2026-09-06,FL-HD-78,FL,House,HD-78,1,,Cindy Banyai,Susan Frantz,,,R,False,True,-15.2,-13.33,-9.03,2.62,0.0,0.0,0.0,5.3,,-3.73,0.4037,0.5963,Toss-up,,
2026-09-06,FL-HD-79,FL,House,HD-79,1,,,Mike Giallombardo,,Mike Giallombardo,R,True,False,-36.8,-34.15,-26.59,2.62,-7.43,-2.53,0.0,5.3,R,-31.25,0.02,0.98,Safe R,,
2026-09-06,FL-HD-8,FL,House,HD-8,1,,Gallop Franklin,,,Gallop Franklin,D,True,False,42.8,44.94,40.12,2.62,7.43,-0.69,0.0,5.3,D,52.16,0.98,0.02,Safe D,,
2026-09-06,FL-HD-80,FL,House,HD-80,1,,William Moskal,Adam Botana,,Adam Botana,R,True,False,-30.3,-29.58,-22.73,2.62,-7.43,-2.39,0.0,5.3,,-27.26,0.0373,0.9627,Safe R,,
2026-09-06,FL-HD-81,FL,House,HD-81,1,,Kim Finer,Yvette Benarroch,,Yvette Benarroch,R,True,False,-31.1,-29.95,-23.05,2.62,-7.43,-1.9,0.0,5.3,,-27.08,0.0383,0.9617,Safe R,,
2026-09-06,FL-HD-82,FL,House,HD-82,1,,Arthur Boyer,Liesa Priddy,,Lauren Melo,R,False,True,-36.0,-32.18,-24.93,2.62,0.0,0.0,0.0,5.3,,-19.63,0.0996,0.9004,Likely R,,
2026-09-06,FL-HD-83,FL,House,HD-83,1,,Leigh Estes,Kaylee Tuck,,Kaylee Tuck,R,True,False,-45.8,-43.7,-34.65,2.62,-7.43,-3.32,0.0,5.3,,-40.1,0.0044,0.9956,Safe R,,
2026-09-06,FL-HD-84,FL,House,HD-84,1,,Jennifer Massey,Dana Trabulsy,,Dana Trabulsy,R,True,False,-10.9,-9.04,-5.42,2.62,-7.43,-2.08,0.0,5.3,,-9.63,0.2645,0.7355,Lean R,,
2026-09-06,FL-HD-85,FL,House,HD-85,1,,Wayne Richter,Anthony Bonna,Amr Metwally,Toby Overdorf,R,False,True,-13.2,-11.32,-7.33,2.62,0.0,0.0,0.0,5.3,,-2.03,0.4471,0.5529,Toss-up,,
2026-09-06,FL-HD-86,FL,House,HD-86,1,,Elizabeth Brendel Pandich,John Snyder,,John Snyder,R,True,False,-27.7,-26.33,-20.0,2.62,-7.43,-3.19,0.0,5.3,,-25.32,0.0489,0.9511,Safe R,,
2026-09-06,FL-HD-87,FL,House,HD-87,1,,Emily Gregory,Jon Maples,,Emily Gregory,D,True,False,-10.7,-7.57,-4.17,2.62,7.43,0.0,5.0,5.3,,13.56,0.8124,0.1876,Likely D,,
2026-09-06,FL-HD-88,FL,House,HD-88,1,,Tae Edmonds,William Joseph,,Tae Edmonds,D,True,False,37.2,40.65,36.5,2.62,7.43,0.0,5.0,5.3,,54.23,0.9998,0.0002,Safe D,,
2026-09-06,FL-HD-89,FL,House,HD-89,1,,Debra Tendrich,Cathy Higgins,,Debra Tendrich,D,True,False,1.3,7.27,8.34,2.62,7.43,0.22,5.0,5.3,,26.3,0.9573,0.0427,Safe D,,
2026-09-06,FL-HD-9,FL,House,HD-9,1,,Allison Tant,Tracy Robinson,,Allison Tant,D,True,False,4.4,6.36,7.58,2.62,7.43,2.18,0.0,5.3,,22.49,0.9294,0.0706,Likely D,,
2026-09-06,FL-HD-90,FL,House,HD-90,1,,Rob Long,Ionel Roiban,,Bobby Long,D,True,False,10.5,13.65,13.73,2.62,7.43,0.0,5.0,5.3,,31.46,0.9802,0.0198,Safe D,,
2026-09-06,FL-HD-91,FL,House,HD-91,1,,Luis Garcia,Peggy Gossett-Seidman,,Peggy Gossett-Seidman,R,True,False,-8.5,-5.0,-2.01,2.62,-7.43,-0.21,-5.0,5.3,,-9.35,0.2706,0.7294,Lean R,,
2026-09-06,FL-HD-92,FL,House,HD-92,1,,Kelly Skidmore,Steve Byers,,Kelly Skidmore,D,True,False,8.0,11.51,11.92,2.62,7.43,7.58,0.0,5.3,,32.23,0.9825,0.0175,Safe D,,
2026-09-06,FL-HD-93,FL,House,HD-93,1,,August Mangeney,Anne Gerwig,,Anne Gerwig,R,True,False,1.0,3.48,5.15,2.62,-7.43,-0.46,0.0,5.3,,2.56,0.5665,0.4335,Toss-up,,
2026-09-06,FL-HD-94,FL,House,HD-94,1,,Elizabeth Holmes,Meg Weinberger,Doug Barrow,Meg Weinberger,R,True,False,-9.8,-6.69,-3.43,2.62,-7.43,-0.2,-5.0,5.3,,-10.76,0.2408,0.7592,Likely R,,
2026-09-06,FL-HD-95,FL,House,HD-95,1,,Christine Hunschofsky,,,Christine Hunschofsky,D,True,False,12.2,15.77,15.52,2.62,7.43,0.0,5.0,5.3,D,33.25,0.98,0.02,Safe D,,
2026-09-06,FL-HD-96,FL,House,HD-96,1,,Dan Daley,,,Dan Daley,D,True,False,19.0,22.58,21.25,2.62,7.43,-0.97,0.0,5.3,D,33.02,0.98,0.02,Safe D,,
2026-09-06,FL-HD-97,FL,House,HD-97,1,,Lisa Dunkley,,,Lisa Dunkley,D,True,False,52.2,55.32,48.87,2.62,7.43,0.0,5.0,5.3,D,66.6,0.98,0.02,Safe D,,
2026-09-06,FL-HD-98,FL,House,HD-98,1,,Mitch Rosenwald,,,Mitch Rosenwald,D,True,False,29.8,33.18,30.2,2.62,7.43,0.0,5.0,5.3,D,47.93,0.98,0.02,Safe D,,
2026-09-06,FL-HD-99,FL,House,HD-99,1,,Daryl Campbell,,,Daryl Campbell,D,True,False,44.6,47.02,41.87,2.62,7.43,0.0,5.0,5.3,D,59.6,0.98,0.02,Safe D,,
2026-09-06,FL-SD-10,FL,Senate,SD-10,1,,John Lowndes,Jason Brodeur,,Jason Brodeur,R,True,False,-2.2,-0.29,1.96,2.62,-7.43,0.58,0.0,5.3,,0.42,0.5109,0.4891,Toss-up,,
2026-09-06,FL-SD-12,FL,Senate,SD-12,1,,Alfred Reynolds,Colleen Burton,,Colleen Burton,R,True,False,-15.6,-13.91,-9.51,2.62,-7.43,-13.71,0.0,5.3,,-25.36,0.0486,0.9514,Safe R,,
2026-09-06,FL-SD-14,FL,Senate,SD-14,1,,Brian Nathan,Josie Tomkow,,Brian Nathan,D,True,False,-7.4,-4.24,-1.36,2.62,7.43,-2.85,0.0,5.3,,8.52,0.7112,0.2888,Lean D,,
2026-09-06,FL-SD-16,FL,Senate,SD-16,1,,Fentrice Driskell,,,Darryl Rouson,D,False,True,25.8,28.84,26.54,2.62,0.0,-1.73,0.0,5.3,D,30.11,0.98,0.02,Safe D,,
2026-09-06,FL-SD-18,FL,Senate,SD-18,1,,Karla Kemp,Nick DiCeglie,,Nick DiCeglie,R,True,False,-9.6,-8.38,-4.86,2.62,-7.43,-3.48,0.0,5.3,,-10.47,0.2467,0.7533,Likely R,,
2026-09-06,FL-SD-2,FL,Senate,SD-2,1,,Lauren Donahoo,Jay Trumbull,,Jay Trumbull,R,True,False,-49.6,-48.45,-38.65,2.62,-7.43,-2.09,0.0,5.3,,-42.87,0.0025,0.9975,Safe R,,
2026-09-06,FL-SD-20,FL,Senate,SD-20,1,,Gerald Baldi,Jim Boyd,,Jim Boyd,R,True,False,-19.2,-17.46,-12.52,2.62,-7.43,-2.87,0.0,5.3,,-17.52,0.126,0.874,Likely R,,
2026-09-06,FL-SD-22,FL,Senate,SD-22,1,,Lew Wasserman,James Buchanan,Martin Hyde,Joe Gruters,R,False,True,-17.8,-16.36,-11.59,2.62,0.0,-1.61,0.0,5.3,,-7.9,0.3028,0.6972,Lean R,,
2026-09-06,FL-SD-24,FL,Senate,SD-24,1,,Mack Bernard,Jackie Green,,Mack Bernard,D,True,False,10.2,14.26,14.24,2.62,7.43,0.0,5.0,5.3,,31.97,0.9817,0.0183,Safe D,,
2026-09-06,FL-SD-26,FL,Senate,SD-26,1,,David Silvers,Richard Roth,,Lori Berman,D,False,True,5.7,8.85,9.68,2.62,0.0,3.61,0.0,5.3,,18.59,0.8879,0.1121,Likely D,,
2026-09-06,FL-SD-28,FL,Senate,SD-28,1,,David Silverberg,Lauren Melo,,Kathleen Passidomo,R,False,True,-33.3,-29.39,-22.57,2.62,0.0,0.0,0.0,5.3,,-17.27,0.1294,0.8706,Likely R,,
2026-09-06,FL-SD-30,FL,Senate,SD-30,1,,Lauren Book,Hector Rivera,,Tina Polsky,D,False,True,8.5,12.28,12.57,2.62,0.0,0.0,0.0,5.3,,17.87,0.8787,0.1213,Likely D,,
2026-09-06,FL-SD-32,FL,Senate,SD-32,1,,Rosalind Osgood,,Crescente Furnaguera,Rosalind Osgood,D,True,False,40.3,42.9,38.4,2.62,7.43,0.0,5.0,5.3,D,56.13,0.98,0.02,Safe D,,
2026-09-06,FL-SD-34,FL,Senate,SD-34,1,,Ashley Gantt,Elizabeth Jeanty,,Shev Jones,D,False,True,39.0,44.72,39.93,2.62,0.0,0.0,0.0,5.3,,45.23,0.9985,0.0015,Safe D,,
2026-09-06,FL-SD-36,FL,Senate,SD-36,1,,George Lavin,Ileana Garcia,,Ileana Garcia,R,True,False,-16.1,-9.96,-6.18,2.62,-7.43,-4.35,0.0,5.3,,-12.67,0.2037,0.7963,Likely R,,
2026-09-06,FL-SD-38,FL,Senate,SD-38,1,,Richard Lamondin Jr,Alexis Calatayud,Jeffrey Solomon,Alexis Calatayud,R,True,False,-10.2,-4.47,-1.56,2.62,-7.43,-2.67,0.0,5.3,,-6.37,0.3386,0.6614,Lean R,,
2026-09-06,FL-SD-4,FL,Senate,SD-4,1,,,Clay Yarborough,,Clay Yarborough,R,True,False,-26.6,-22.97,-17.16,2.62,-7.43,-5.38,0.0,5.3,R,-24.66,0.02,0.98,Safe R,,
2026-09-06,FL-SD-40,FL,Senate,SD-40,1,,Jose Antonio Stoute,Ana Maria Rodriguez,Ramiro Orta,Ana Maria Rodriguez,R,True,False,-27.2,-21.38,-15.82,2.62,-7.43,0.0,-5.0,5.3,,-22.95,0.0667,0.9333,Likely R,,
2026-09-06,FL-SD-6,FL,Senate,SD-6,1,,Jason Bellamy-Fults,Jennifer Bradley,Joseph Thornton,Jennifer Bradley,R,True,False,-28.1,-27.03,-20.58,2.62,-7.43,-26.56,0.0,5.3,,-49.27,0.0006,0.9994,Safe R,,
2026-09-06,FL-SD-8,FL,Senate,SD-8,1,,Judy Ngying,Jake Johansson,Gabriel Jude Wozniak,Tommy Wright,R,False,True,-22.1,-20.4,-14.99,2.62,0.0,0.0,0.0,5.3,,-9.69,0.2631,0.7369,Lean R,,
2026-09-06,GA-HD-1,GA,House,HD-1,1,,Steven Willard Disbrow,Mike Cameron,,Mike Cameron,R,True,False,-57.3,-57.74,-45.53,3.75,-7.43,-0.17,-5.0,5.3,,-52.83,0.0003,0.9997,Safe R,,
2026-09-06,GA-HD-10,GA,House,HD-10,1,,John Brown,Victor Anderson,,Victor Anderson,R,True,False,-62.6,-63.16,-50.11,3.75,-7.43,-1.02,0.0,5.3,,-53.26,0.0002,0.9998,Safe R,,
2026-09-06,GA-HD-100,GA,House,HD-100,1,,Jennifer Ambler,Josh Clark,,David Clark,R,False,True,-19.2,-21.65,-15.1,3.75,0.0,-1.67,0.0,5.3,,-11.47,0.2266,0.7734,Likely R,,
2026-09-06,GA-HD-101,GA,House,HD-101,1,,Scott Holcomb,Jennifer Bowers Hutchison,,Scott Holcomb,D,True,False,46.3,46.68,42.54,3.75,7.43,10.29,0.0,5.3,,65.56,1.0,0.0,Safe D,,
2026-09-06,GA-HD-102,GA,House,HD-102,1,,Gabe Okoye,,,Gabe Okoye,D,True,False,31.1,31.21,29.48,3.75,7.43,-0.87,0.0,5.3,D,41.34,0.98,0.02,Safe D,,
2026-09-06,GA-HD-103,GA,House,HD-103,1,,Chris Luchey,Soo Hong,,Soo Hong,R,True,False,-13.2,-14.66,-9.2,3.75,-7.43,-8.19,0.0,5.3,,-19.53,0.1008,0.8992,Likely R,,
2026-09-06,GA-HD-104,GA,House,HD-104,1,,,Chuck Efstration,,Chuck Efstration,R,True,False,-22.5,-25.07,-17.98,3.75,-7.43,0.0,-5.0,5.3,R,-25.11,0.02,0.98,Safe R,,
2026-09-06,GA-HD-105,GA,House,HD-105,1,,Farooq Mughal,Sandy Donatucci,,Sandy Donatucci,R,True,False,2.6,0.97,3.98,3.75,-7.43,-0.91,0.0,5.3,,0.95,0.5247,0.4753,Toss-up,,
2026-09-06,GA-HD-106,GA,House,HD-106,1,,Akbar Ali,,,Akbar Ali,D,True,False,19.7,20.74,20.65,3.75,7.43,0.0,5.0,5.3,D,38.39,0.98,0.02,Safe D,,
2026-09-06,GA-HD-107,GA,House,HD-107,1,,Sam Park,Murray R. Berkowitz,,Sam Park,D,True,False,17.3,17.69,18.08,3.75,7.43,1.5,0.0,5.3,,32.31,0.9827,0.0173,Safe D,,
2026-09-06,GA-HD-108,GA,House,HD-108,1,,Rahim Asani,Elvia Davila,,Jasmine Clark,D,False,True,8.7,7.44,9.44,3.75,0.0,-0.36,0.0,5.3,,14.37,0.8264,0.1736,Likely D,,
2026-09-06,GA-HD-109,GA,House,HD-109,1,,Juan Estrada,,,Dewey McClain,D,False,True,35.6,41.13,37.86,3.75,0.0,0.0,0.0,5.3,D,43.16,0.98,0.02,Safe D,,
2026-09-06,GA-HD-11,GA,House,HD-11,1,,Ryan Fountain,Rick Jasperse,,Rick Jasperse,R,True,False,-61.4,-61.93,-49.07,3.75,-7.43,-1.73,0.0,5.3,,-52.93,0.0003,0.9997,Safe R,,
2026-09-06,GA-HD-110,GA,House,HD-110,1,,Segun Adeyina,Charles Lollar,,Segun Adeyina,D,True,False,31.1,27.81,26.62,3.75,7.43,-1.45,0.0,5.3,,37.9,0.9934,0.0066,Safe D,,
2026-09-06,GA-HD-111,GA,House,HD-111,1,,Scott Jackson,Rey Martinez,,Rey Martinez,R,True,False,-19.3,-21.4,-14.88,3.75,-7.43,-3.57,0.0,5.3,,-20.58,0.0892,0.9108,Likely R,,
2026-09-06,GA-HD-112,GA,House,HD-112,1,,Lisa Maria,Bruce G Williamson,,Bruce G Williamson,R,True,False,-38.0,-38.57,-29.37,3.75,-7.43,0.0,-5.0,5.3,,-36.5,0.0085,0.9915,Safe R,,
2026-09-06,GA-HD-113,GA,House,HD-113,1,,Karla Daniels Hooper,Don Scarbrough,,Sharon Henderson,D,False,True,45.1,44.94,41.07,3.75,0.0,0.0,0.0,5.3,,46.37,0.9988,0.0012,Safe D,,
2026-09-06,GA-HD-114,GA,House,HD-114,1,,Michael Caw,Brett Mauldin,,Tim Fleming,R,False,True,-37.7,-36.29,-27.45,3.75,0.0,0.0,0.0,5.3,,-22.15,0.0738,0.9262,Likely R,,
2026-09-06,GA-HD-115,GA,House,HD-115,1,,Regina Lewis-Ward,Darius L Francis,,Regina Lewis-Ward,D,True,False,64.8,64.84,57.85,3.75,7.43,0.0,5.0,5.3,,75.58,1.0,0.0,Safe D,,
2026-09-06,GA-HD-116,GA,House,HD-116,1,,El-Mahdi Holly,Samie Lee Conyers,,El-Mahdi Holly,D,True,False,64.7,64.27,57.37,3.75,7.43,-0.4,0.0,5.3,,69.71,1.0,0.0,Safe D,,
2026-09-06,GA-HD-117,GA,House,HD-117,1,,Kim Thomas Smith,,,Mary Ann Santos,D,False,True,49.7,47.46,43.2,3.75,0.0,0.0,0.0,5.3,D,48.5,0.98,0.02,Safe D,,
2026-09-06,GA-HD-118,GA,House,HD-118,1,,Sharonda Bell,Clint Crowe,,Clint Crowe,R,True,False,-30.7,-29.84,-22.01,3.75,-7.43,-19.72,0.0,5.3,,-43.86,0.0021,0.9979,Safe R,,
2026-09-06,GA-HD-119,GA,House,HD-119,1,,Catherine Morris,Holt Persinger,,Holt Persinger,R,True,False,-42.2,-43.52,-33.54,3.75,-7.43,0.0,-5.0,5.3,,-40.67,0.0039,0.9961,Safe R,,
2026-09-06,GA-HD-12,GA,House,HD-12,1,,Holly Chaney,Eddie Lumsden,,Eddie Lumsden,R,True,False,-57.9,-57.54,-45.36,3.75,-7.43,-2.45,0.0,5.3,,-49.94,0.0005,0.9995,Safe R,,
2026-09-06,GA-HD-120,GA,House,HD-120,1,,Suzanna Karatassos,Ward Black,,Houston Gaines,R,False,True,-11.3,-11.49,-6.53,3.75,0.0,0.0,0.0,5.3,,-1.23,0.4681,0.5319,Toss-up,,
2026-09-06,GA-HD-121,GA,House,HD-121,1,,Eric Gisler,Mack Guest IV,,Eric Gisler,D,True,False,-12.3,-10.58,-5.76,3.75,7.43,0.0,5.0,5.3,,11.97,0.7831,0.2169,Likely D,,
2026-09-06,GA-HD-122,GA,House,HD-122,1,,Spencer Frye,Carol Bennett Hubbard,,Spencer Frye,D,True,False,49.7,50.81,46.02,3.75,7.43,0.0,5.0,5.3,,63.75,1.0,0.0,Safe D,,
2026-09-06,GA-HD-123,GA,House,HD-123,1,,Hope Beard,Rob Leverett,,Rob Leverett,R,True,False,-40.5,-39.44,-30.1,3.75,-7.43,-0.4,0.0,5.3,,-32.62,0.0164,0.9836,Safe R,,
2026-09-06,GA-HD-124,GA,House,HD-124,1,,Melanie Miller,Ralph Lanier Rhodes III,,Trey Rhodes,R,False,True,-22.5,-22.74,-16.01,3.75,0.0,-2.97,0.0,5.3,,-13.69,0.1854,0.8146,Likely R,,
2026-09-06,GA-HD-125,GA,House,HD-125,1,,Leonard Warren Hennessy III,Gary Richardson,,Gary Richardson,R,True,False,-24.0,-24.87,-17.81,3.75,-7.43,-1.96,0.0,5.3,,-21.9,0.076,0.924,Likely R,,
2026-09-06,GA-HD-126,GA,House,HD-126,1,,L.C. Myles,William Howard Harris,,L.C. Myles,D,True,False,18.9,20.38,20.35,3.75,7.43,0.0,5.0,5.3,,38.08,0.9936,0.0064,Safe D,,
2026-09-06,GA-HD-127,GA,House,HD-127,1,,Channing Taylor,Mark Newton,,Mark Newton,R,True,False,-25.5,-25.6,-18.43,3.75,-7.43,0.0,-5.0,5.3,,-25.56,0.0473,0.9527,Safe R,,
2026-09-06,GA-HD-128,GA,House,HD-128,1,,Tyrone A Evans,Trey Sheppard,,Mack Jackson,D,False,True,-4.4,-2.89,0.73,3.75,0.0,0.0,0.0,5.3,,6.03,0.6532,0.3468,Lean D,,
2026-09-06,GA-HD-129,GA,House,HD-129,1,,Karlton Howard,,,Karlton Howard,D,True,False,32.8,35.23,32.88,3.75,7.43,0.0,5.0,5.3,D,50.61,0.98,0.02,Safe D,,
2026-09-06,GA-HD-13,GA,House,HD-13,1,,Vincent Mendes III,Katie Dempsey,,Katie Dempsey,R,True,False,-31.6,-31.64,-23.52,3.75,-7.43,-1.63,0.0,5.3,,-27.28,0.0372,0.9628,Safe R,,
2026-09-06,GA-HD-130,GA,House,HD-130,1,,Sheila Clark Nelson,David Carson,,Sheila Clark Nelson,D,True,False,35.9,36.04,33.56,3.75,7.43,0.0,5.0,5.3,,51.29,0.9996,0.0004,Safe D,,
2026-09-06,GA-HD-131,GA,House,HD-131,1,,Jenny E Eppard,Rob Clifton,,Rob Clifton,R,True,False,-25.6,-27.23,-19.8,3.75,-7.43,-1.56,0.0,5.3,,-23.49,0.0622,0.9378,Likely R,,
2026-09-06,GA-HD-132,GA,House,HD-132,1,,Brian Prince,,,Brian Prince,D,True,False,37.5,38.15,35.34,3.75,7.43,0.0,5.0,5.3,D,53.07,0.98,0.02,Safe D,,
2026-09-06,GA-HD-133,GA,House,HD-133,1,,,Danny Mathis,,Danny Mathis,R,True,False,-37.7,-36.31,-27.46,3.75,-7.43,0.84,0.0,5.3,R,-28.75,0.02,0.98,Safe R,,
2026-09-06,GA-HD-134,GA,House,HD-134,1,,,Robert Dickey,,Robert Dickey,R,True,False,-37.7,-36.88,-27.94,3.75,-7.43,0.0,-5.0,5.3,R,-35.07,0.02,0.98,Safe R,,
2026-09-06,GA-HD-135,GA,House,HD-135,1,,,Beth Camp,,Beth Camp,R,True,False,-48.1,-48.97,-38.13,3.75,-7.43,-8.63,0.0,5.3,R,-48.89,0.02,0.98,Safe R,,
2026-09-06,GA-HD-136,GA,House,HD-136,1,,,David Jenkins,,David Jenkins,R,True,False,-35.9,-33.93,-25.45,3.75,-7.43,-7.7,0.0,5.3,R,-35.29,0.02,0.98,Safe R,,
2026-09-06,GA-HD-137,GA,House,HD-137,1,,Debbie Buckner,,,Debbie Buckner,D,True,False,17.1,17.54,17.96,3.75,7.43,0.09,5.0,5.3,D,35.78,0.98,0.02,Safe D,,
2026-09-06,GA-HD-138,GA,House,HD-138,1,,Cyndie Hutchings,Vance Smith,,Vance Smith,R,True,False,-40.6,-40.82,-31.27,3.75,-7.43,0.0,-5.0,5.3,,-38.4,0.006,0.994,Safe R,,
2026-09-06,GA-HD-139,GA,House,HD-139,1,,Elliot Andrew Valdez,Carmen Rice,,Carmen Rice,R,True,False,-19.6,-21.52,-14.99,3.75,-7.43,-2.92,0.0,5.3,,-20.04,0.095,0.905,Likely R,,
2026-09-06,GA-HD-14,GA,House,HD-14,1,,Bella Bautista,Mitchell Scoggins,,Mitchell Scoggins,R,True,False,-60.8,-61.13,-48.39,3.75,-7.43,0.0,-5.0,5.3,,-55.52,0.0001,0.9999,Safe R,,
2026-09-06,GA-HD-140,GA,House,HD-140,1,,Marquese K Averett,Edward Kvietkus Jr,,Teddy Reese,D,False,True,46.8,48.51,44.08,3.75,0.0,0.0,0.0,5.3,,49.38,0.9994,0.0006,Safe D,,
2026-09-06,GA-HD-141,GA,House,HD-141,1,,Carolyn Hugley,Regina Liparoto,,Carolyn Hugley,D,True,False,47.5,43.61,39.95,3.75,7.43,0.0,5.0,5.3,,57.68,0.9999,0.0001,Safe D,,
2026-09-06,GA-HD-142,GA,House,HD-142,1,,Miriam Paris,Calvin Palmer,,Miriam Paris,D,True,False,18.7,17.64,18.04,3.75,7.43,0.11,5.0,5.3,,35.88,0.9905,0.0095,Safe D,,
2026-09-06,GA-HD-143,GA,House,HD-143,1,,Nissa Jones,,,Nissa Jones,D,True,False,24.0,29.68,28.2,3.75,7.43,0.0,5.0,5.3,D,45.93,0.98,0.02,Safe D,,
2026-09-06,GA-HD-144,GA,House,HD-144,1,,,Dale Washburn,,Dale Washburn,R,True,False,-41.2,-39.51,-30.16,3.75,-7.43,0.3,-5.0,5.3,R,-36.99,0.02,0.98,Safe R,,
2026-09-06,GA-HD-145,GA,House,HD-145,1,,Tangie Herring,Eric Shannon Wilson,,Tangie Herring,D,True,False,5.8,4.17,6.68,3.75,7.43,-0.81,0.0,5.3,,18.61,0.8882,0.1118,Likely D,,
2026-09-06,GA-HD-146,GA,House,HD-146,1,,,Shaw Blackmon,,Shaw Blackmon,R,True,False,-20.0,-21.98,-15.37,3.75,-7.43,-1.34,0.0,5.3,R,-18.84,0.02,0.98,Safe R,,
2026-09-06,GA-HD-147,GA,House,HD-147,1,,Renita A Duncan,Bethany Ballard,,Bethany Ballard,R,True,False,-7.7,-8.66,-4.14,3.75,-7.43,-1.27,0.0,5.3,,-7.54,0.311,0.689,Lean R,,
2026-09-06,GA-HD-148,GA,House,HD-148,1,,Cynthia Brooks Johnson,Noel Williams,,Noel Williams,R,True,False,-36.0,-33.71,-25.26,3.75,-7.43,-2.82,0.0,5.3,,-30.21,0.0241,0.9759,Safe R,,
2026-09-06,GA-HD-149,GA,House,HD-149,1,,Floyd Griffin,Randy Keith Peters,,Floyd Griffin,D,True,False,11.8,12.15,13.41,3.75,7.43,-0.49,0.0,5.3,,25.66,0.9533,0.0467,Safe D,,
2026-09-06,GA-HD-15,GA,House,HD-15,1,,Lauren Jones,Matthew Gambill,,Matthew Gambill,R,True,False,-42.5,-43.13,-33.21,3.75,-7.43,0.0,-5.0,5.3,,-40.34,0.0042,0.9958,Safe R,,
2026-09-06,GA-HD-150,GA,House,HD-150,1,,Patty Marie Stinson,Cary Lee Moore,,Patty Marie Stinson,D,True,False,5.8,6.34,8.51,3.75,7.43,0.52,0.0,5.3,,21.77,0.9227,0.0773,Likely D,,
2026-09-06,GA-HD-151,GA,House,HD-151,1,,James E. Wolfe,Mike Cheokas,,Mike Cheokas,R,True,False,-8.1,-5.07,-1.11,3.75,-7.43,0.0,-5.0,5.3,,-8.25,0.2949,0.7051,Lean R,,
2026-09-06,GA-HD-152,GA,House,HD-152,1,,Mitchell Rosa,Bill Yearta,,Bill Yearta,R,True,False,-39.8,-40.07,-30.63,3.75,-7.43,0.0,-5.0,5.3,,-37.76,0.0068,0.9932,Safe R,,
2026-09-06,GA-HD-153,GA,House,HD-153,1,,David Sampson,,,David Sampson,D,True,False,39.2,38.92,35.99,3.75,7.43,-2.96,0.0,5.3,D,45.76,0.98,0.02,Safe D,,
2026-09-06,GA-HD-154,GA,House,HD-154,1,,Harry James,Gerald Greene,,Gerald Greene,R,True,False,2.6,3.3,5.95,3.75,-7.43,-3.44,0.0,5.3,,0.38,0.5099,0.4901,Toss-up,,
2026-09-06,GA-HD-155,GA,House,HD-155,1,,Joe Powers,Matt Hatchett,,Matt Hatchett,R,True,False,-34.7,-33.53,-25.11,3.75,-7.43,0.0,-5.0,5.3,,-32.25,0.0175,0.9825,Safe R,,
2026-09-06,GA-HD-156,GA,House,HD-156,1,,,Leesa Hagan,,Leesa Hagan,R,True,False,-47.2,-46.09,-35.71,3.75,-7.43,-2.22,0.0,5.3,R,-40.05,0.02,0.98,Safe R,,
2026-09-06,GA-HD-157,GA,House,HD-157,1,,Micah King,Bradley Anderson,,Bill Werkheiser,R,False,True,-54.9,-53.6,-42.04,3.75,0.0,0.0,0.0,5.3,,-36.74,0.0081,0.9919,Safe R,,
2026-09-06,GA-HD-158,GA,House,HD-158,1,,,Butch Parrish,,Larry Parrish,R,False,True,-34.4,-33.59,-25.17,3.75,0.0,-3.97,0.0,5.3,R,-23.84,0.02,0.98,Safe R,,
2026-09-06,GA-HD-159,GA,House,HD-159,1,,,Jon Burns,,Jon Burns,R,True,False,-43.5,-41.76,-32.06,3.75,-7.43,0.0,-5.0,5.3,R,-39.19,0.02,0.98,Safe R,,
2026-09-06,GA-HD-16,GA,House,HD-16,1,,Diana Spangler,Trey Kelley,,Trey Kelley,R,True,False,-55.6,-54.34,-42.67,3.75,-7.43,0.0,-5.0,5.3,,-49.8,0.0006,0.9994,Safe R,,
2026-09-06,GA-HD-160,GA,House,HD-160,1,,,Lehman Franklin,,Lehman Franklin,R,True,False,-40.1,-39.01,-29.73,3.75,-7.43,0.0,-5.0,5.3,R,-36.87,0.02,0.98,Safe R,,
2026-09-06,GA-HD-161,GA,House,HD-161,1,,David Dillie,Bill Hitchens,,Bill Hitchens,R,True,False,-15.8,-19.35,-13.15,3.75,-7.43,0.0,-5.0,5.3,,-20.28,0.0924,0.9076,Likely R,,
2026-09-06,GA-HD-162,GA,House,HD-162,1,,Orlando Scott,,,Carl Gilliard,D,False,True,29.6,31.7,29.9,3.75,0.0,0.0,0.0,5.3,D,35.2,0.98,0.02,Safe D,,
2026-09-06,GA-HD-163,GA,House,HD-163,1,,Anne Westbrook,,,Anne Westbrook,D,True,False,44.5,44.53,40.72,3.75,7.43,0.0,5.0,5.3,D,58.45,0.98,0.02,Safe D,,
2026-09-06,GA-HD-164,GA,House,HD-164,1,,Stephanie Omega Burgess,Ron Stephens,,Ron Stephens,R,True,False,-10.4,-13.11,-7.89,3.75,-7.43,0.0,-5.0,5.3,,-15.02,0.163,0.837,Likely R,,
2026-09-06,GA-HD-165,GA,House,HD-165,1,,Miquan Green,,,Edna Jackson,D,False,True,52.7,54.55,49.18,3.75,0.0,0.0,0.0,5.3,D,54.48,0.98,0.02,Safe D,,
2026-09-06,GA-HD-166,GA,House,HD-166,1,,Pat Daley,Jesse Petrea,,Jesse Petrea,R,True,False,-31.0,-28.13,-20.56,3.75,-7.43,-4.72,0.0,5.3,,-27.41,0.0365,0.9635,Safe R,,
2026-09-06,GA-HD-167,GA,House,HD-167,1,,Nathaniel Hicks Jr,Buddy DeLoach,,Buddy DeLoach,R,True,False,-36.6,-33.95,-25.47,3.75,-7.43,-1.69,0.0,5.3,,-29.29,0.0277,0.9723,Safe R,,
2026-09-06,GA-HD-168,GA,House,HD-168,1,,Al Williams,Kevin Lee Remillard,,Al Williams,D,True,False,17.4,19.06,19.24,3.75,7.43,0.0,5.0,5.3,,36.97,0.9922,0.0078,Safe D,,
2026-09-06,GA-HD-169,GA,House,HD-169,1,,,Angie O'Steen,,Angie O'Steen,R,True,False,-48.5,-48.09,-37.39,3.75,-7.43,-0.15,-5.0,5.3,R,-44.68,0.02,0.98,Safe R,,
2026-09-06,GA-HD-17,GA,House,HD-17,1,,Tamyko Green,Martin Momtahan,,Martin Momtahan,R,True,False,-25.2,-27.99,-20.44,3.75,-7.43,-2.58,0.0,5.3,,-25.16,0.05,0.95,Safe R,,
2026-09-06,GA-HD-170,GA,House,HD-170,1,,,Jaclyn Ford,,Jaclyn Ford,R,True,False,-45.3,-44.85,-34.66,3.75,-7.43,0.0,-5.0,5.3,R,-41.79,0.02,0.98,Safe R,,
2026-09-06,GA-HD-171,GA,House,HD-171,1,,,Joe Campbell,,Joe Campbell,R,True,False,-27.1,-25.46,-18.31,3.75,-7.43,0.0,-5.0,5.3,R,-25.44,0.02,0.98,Safe R,,
2026-09-06,GA-HD-172,GA,House,HD-172,1,,,Chas Cannon,,Chas Cannon,R,True,False,-49.0,-48.02,-37.34,3.75,-7.43,0.0,-5.0,5.3,R,-44.47,0.02,0.98,Safe R,,
2026-09-06,GA-HD-173,GA,House,HD-173,1,,Adam Chitwood,Darlene Taylor,,Darlene Taylor,R,True,False,-21.5,-20.13,-13.82,3.75,-7.43,-1.92,0.0,5.3,,-17.87,0.1213,0.8787,Likely R,,
2026-09-06,GA-HD-174,GA,House,HD-174,1,,David Hall,John Corbett,,John Corbett,R,True,False,-57.0,-58.31,-46.01,3.75,-7.43,0.0,-5.0,5.3,,-53.14,0.0003,0.9997,Safe R,,
2026-09-06,GA-HD-175,GA,House,HD-175,1,,Anissa Knight Wiseman,John LaHood,,John LaHood,R,True,False,-33.1,-25.21,-18.1,3.75,-7.43,-11.87,0.0,5.3,,-32.1,0.0179,0.9821,Safe R,,
2026-09-06,GA-HD-176,GA,House,HD-176,1,,Marcus Tyrone Ryan,James Burchett,,James Burchett,R,True,False,-46.1,-38.87,-29.62,3.75,-7.43,-2.67,0.0,5.3,,-34.42,0.0122,0.9878,Safe R,,
2026-09-06,GA-HD-177,GA,House,HD-177,1,,Elsie Cason Napier,,,Alvin Payton Jr.,D,False,True,7.3,4.36,6.84,3.75,0.0,0.0,0.0,5.3,D,12.14,0.98,0.02,Safe D,,
2026-09-06,GA-HD-178,GA,House,HD-178,1,,Barry Dunham,Steven Meeks,,Steven Meeks,R,True,False,-69.9,-69.5,-55.45,3.75,-7.43,0.0,-5.0,5.3,,-62.58,0.0,1.0,Safe R,,
2026-09-06,GA-HD-179,GA,House,HD-179,1,,,Rick Townsend,,Rick Townsend,R,True,False,-18.7,-18.49,-12.43,3.75,-7.43,0.0,-5.0,5.3,R,-19.56,0.02,0.98,Safe R,,
2026-09-06,GA-HD-18,GA,House,HD-18,1,,Pat Rhudy,Tyler Smith,,Tyler Smith,R,True,False,-66.3,-66.04,-52.53,3.75,-7.43,2.16,0.0,5.3,,-52.51,0.0003,0.9997,Safe R,,
2026-09-06,GA-HD-180,GA,House,HD-180,1,,,Steven Sainz,,Steven Sainz,R,True,False,-35.9,-35.08,-26.43,3.75,-7.43,0.05,-5.0,5.3,R,-33.5,0.02,0.98,Safe R,,
2026-09-06,GA-HD-19,GA,House,HD-19,1,,Cynthia Starke-Jones,Joseph Gullett,,Joseph Gullett,R,True,False,-10.1,-12.33,-7.24,3.75,-7.43,-2.53,0.0,5.3,,-11.9,0.2182,0.7818,Likely R,,
2026-09-06,GA-HD-2,GA,House,HD-2,1,,Whitney Echenique,Steve Tarvin,,Steve Tarvin,R,True,False,-62.4,-62.53,-49.58,3.75,-7.43,0.0,-5.0,5.3,,-56.71,0.0001,0.9999,Safe R,,
2026-09-06,GA-HD-20,GA,House,HD-20,1,,Jason D. Tanner,Charlice Byrd,,Charlice Byrd,R,True,False,-32.2,-33.59,-25.16,3.75,-7.43,0.13,-5.0,5.3,,-32.17,0.0177,0.9823,Safe R,,
2026-09-06,GA-HD-21,GA,House,HD-21,1,,Anthony Lewis Aragues Jr,Brad Thomas,,Brad Thomas,R,True,False,-42.7,-44.23,-34.14,3.75,-7.43,-1.1,0.0,5.3,,-37.37,0.0073,0.9927,Safe R,,
2026-09-06,GA-HD-22,GA,House,HD-22,1,,James Shade,Jordan Ridley,,Jordan Ridley,R,True,False,-16.1,-17.34,-11.46,3.75,-7.43,-1.59,0.0,5.3,,-15.18,0.1605,0.8395,Likely R,,
2026-09-06,GA-HD-23,GA,House,HD-23,1,,Rob Epstein,Bill Fincher,,Bill Fincher,R,True,False,-46.8,-48.17,-37.46,3.75,-7.43,0.0,-5.0,5.3,,-44.59,0.0018,0.9982,Safe R,,
2026-09-06,GA-HD-24,GA,House,HD-24,1,,Maureen Gault,Carter Barrett,,Carter Barrett,R,True,False,-28.6,-28.82,-21.14,3.75,-7.43,-2.13,0.0,5.3,,-25.41,0.0483,0.9517,Safe R,,
2026-09-06,GA-HD-25,GA,House,HD-25,1,,Elaine Padgett,Todd Jones,,Todd Jones,R,True,False,-11.9,-12.42,-7.31,3.75,-7.43,-7.96,0.0,5.3,,-17.39,0.1277,0.8723,Likely R,,
2026-09-06,GA-HD-26,GA,House,HD-26,1,,Meredith Greene,Lauren McDonald III,,Lauren McDonald III,R,True,False,-30.9,-34.41,-25.86,3.75,-7.43,-5.26,0.0,5.3,,-33.25,0.0148,0.9852,Safe R,,
2026-09-06,GA-HD-27,GA,House,HD-27,1,,Joseph Ivey Kirkland IV,Lee Hawkins,,Lee Hawkins,R,True,False,-62.5,-63.07,-50.03,3.75,-7.43,0.0,-5.0,5.3,,-57.16,0.0001,0.9999,Safe R,,
2026-09-06,GA-HD-28,GA,House,HD-28,1,,Mateo Sanabria,Brent Cox,,Brent Cox,R,True,False,-50.9,-51.15,-39.98,3.75,-7.43,-2.53,0.0,5.3,,-44.64,0.0018,0.9982,Safe R,,
2026-09-06,GA-HD-29,GA,House,HD-29,1,,Scott Richard Soracco,Matt Dubnik,,Matt Dubnik,R,True,False,-17.6,-16.26,-10.55,3.75,-7.43,-4.83,0.0,5.3,,-17.51,0.1261,0.8739,Likely R,,
2026-09-06,GA-HD-3,GA,House,HD-3,1,,Margaret Spear,Mitchell Horner,,Mitchell Horner,R,True,False,-53.9,-54.81,-43.06,3.75,-7.43,0.0,-5.0,5.3,,-50.2,0.0005,0.9995,Safe R,,
2026-09-06,GA-HD-30,GA,House,HD-30,1,,Braden Michael Doxey,Derrick McCollum,,Derrick McCollum,R,True,False,-41.3,-42.76,-32.9,3.75,-7.43,-2.05,0.0,5.3,,-37.08,0.0077,0.9923,Safe R,,
2026-09-06,GA-HD-31,GA,House,HD-31,1,,,Chad Winfield Bingham,,Emory West Dunahoo Jr.,R,False,True,-49.9,-51.2,-40.01,3.75,0.0,0.0,0.0,5.3,R,-34.71,0.02,0.98,Safe R,,
2026-09-06,GA-HD-32,GA,House,HD-32,1,,Rebecca Sims,Chris Erwin,,Chris Erwin,R,True,False,-67.5,-66.88,-53.25,3.75,-7.43,0.0,-5.0,5.3,,-60.38,0.0,1.0,Safe R,,
2026-09-06,GA-HD-33,GA,House,HD-33,1,,,Alan Powell,,Alan Powell,R,True,False,-64.6,-63.65,-50.52,3.75,-7.43,-1.28,0.0,5.3,R,-53.93,0.02,0.98,Safe R,,
2026-09-06,GA-HD-34,GA,House,HD-34,1,,Titus Nichols,Devan Seabaugh,,Devan Seabaugh,R,True,False,-8.7,-9.85,-5.14,3.75,-7.43,-3.54,0.0,5.3,,-10.81,0.2397,0.7603,Likely R,,
2026-09-06,GA-HD-35,GA,House,HD-35,1,,Lisa Campbell,Elvis Julian Casely,,Lisa Campbell,D,True,False,19.9,17.96,18.31,3.75,7.43,-2.47,0.0,5.3,,28.57,0.9691,0.0309,Safe D,,
2026-09-06,GA-HD-36,GA,House,HD-36,1,,Luc "Luke" Noiset,Ginny Ehrhart,,Ginny Ehrhart,R,True,False,-18.6,-19.23,-13.05,3.75,-7.43,-2.7,0.0,5.3,,-17.88,0.1211,0.8789,Likely R,,
2026-09-06,GA-HD-37,GA,House,HD-37,1,,Mary Frances Williams,,,Mary Frances Williams,D,True,False,17.6,18.48,18.75,3.75,7.43,-2.5,0.0,5.3,D,28.98,0.98,0.02,Safe D,,
2026-09-06,GA-HD-38,GA,House,HD-38,1,,David Wilkerson,,,David Wilkerson,D,True,False,45.3,44.92,41.05,3.75,7.43,0.0,5.0,5.3,D,58.78,0.98,0.02,Safe D,,
2026-09-06,GA-HD-39,GA,House,HD-39,1,,Terry Cummings,,,Terry Cummings,D,True,False,56.3,56.93,51.18,3.75,7.43,0.02,5.0,5.3,D,68.93,0.98,0.02,Safe D,,
2026-09-06,GA-HD-4,GA,House,HD-4,1,,Quentin Lemont Postell Jr,Kasey Carpenter,,Kasey Carpenter,R,True,False,-28.6,-27.45,-19.98,3.75,-7.43,0.0,-5.0,5.3,,-27.12,0.0381,0.9619,Safe R,,
2026-09-06,GA-HD-40,GA,House,HD-40,1,,Elisa Yvette Lassiter,Kimberly New,,Kimberly New,R,True,False,-15.7,-18.98,-12.84,3.75,-7.43,-9.84,0.0,5.3,,-24.81,0.0523,0.9477,Likely R,,
2026-09-06,GA-HD-41,GA,House,HD-41,1,,Michael W. Smith,,,Michael W. Smith,D,True,False,40.4,40.93,37.68,3.75,7.43,-0.44,0.0,5.3,D,49.98,0.98,0.02,Safe D,,
2026-09-06,GA-HD-42,GA,House,HD-42,1,,Gabriel Sanchez,Andre' Lamar Stafford,,Gabriel Sanchez,D,True,False,34.1,35.25,32.9,3.75,7.43,-2.86,0.0,5.3,,42.76,0.9974,0.0026,Safe D,,
2026-09-06,GA-HD-43,GA,House,HD-43,1,,Solomon Adesanya,,,Solomon Adesanya,D,True,False,24.4,24.36,23.71,3.75,7.43,-4.62,0.0,5.3,D,31.81,0.98,0.02,Safe D,,
2026-09-06,GA-HD-44,GA,House,HD-44,1,,Danielle Bell,Don Parsons,,Don Parsons,R,True,False,-8.8,-9.97,-5.25,3.75,-7.43,-3.46,0.0,5.3,,-10.84,0.2393,0.7607,Likely R,,
2026-09-06,GA-HD-45,GA,House,HD-45,1,,Michelle Schreiner,Sharon Cooper,,Sharon Cooper,R,True,False,-2.7,-4.04,-0.24,3.75,-7.43,-6.24,0.0,5.3,,-8.61,0.2868,0.7132,Lean R,,
2026-09-06,GA-HD-46,GA,House,HD-46,1,,Dumont Walker,John Carson,,John Carson,R,True,False,-8.4,-9.85,-5.15,3.75,-7.43,-3.29,0.0,5.3,,-10.57,0.2447,0.7553,Likely R,,
2026-09-06,GA-HD-47,GA,House,HD-47,1,,Lindsay Defranco,Jack Miller,,Jan Jones,R,False,True,-14.7,-15.35,-9.78,3.75,0.0,0.0,0.0,5.3,,-4.48,0.3848,0.6152,Lean R,,
2026-09-06,GA-HD-48,GA,House,HD-48,1,,Adam Cleveland,Scott Hilton,,Scott Hilton,R,True,False,1.1,0.74,3.79,3.75,-7.43,-3.46,0.0,5.3,,-1.81,0.453,0.547,Toss-up,,
2026-09-06,GA-HD-49,GA,House,HD-49,1,,Teresa Diane Lin,Charles Martin, Jr.,,Charles Martin, Jr.,R,True,False,-6.3,-5.98,-1.88,3.75,-7.43,0.0,-5.0,5.3,,-9.01,0.2779,0.7221,Lean R,,
2026-09-06,GA-HD-5,GA,House,HD-5,1,,Rasmus Jensen,Matt Barton,,Matt Barton,R,True,False,-63.0,-63.26,-50.19,3.75,-7.43,0.0,-5.0,5.3,,-57.32,0.0001,0.9999,Safe R,,
2026-09-06,GA-HD-50,GA,House,HD-50,1,,Michelle Au,Azure Duan,,Michelle Au,D,True,False,13.1,13.67,14.69,3.75,7.43,0.3,5.0,5.3,,32.72,0.9838,0.0162,Safe D,,
2026-09-06,GA-HD-51,GA,House,HD-51,1,,Esther Panitch,Keith Gettmann,,Esther Panitch,D,True,False,18.8,18.87,19.08,3.75,7.43,-2.56,0.0,5.3,,29.24,0.9721,0.0279,Safe D,,
2026-09-06,GA-HD-52,GA,House,HD-52,1,,Shea Roberts,,,Shea Roberts,D,True,False,26.5,26.14,25.21,3.75,7.43,-4.98,0.0,5.3,D,32.96,0.98,0.02,Safe D,,
2026-09-06,GA-HD-53,GA,House,HD-53,1,,Beth Fuller,Deborah Silcox,,Deborah Silcox,R,True,False,6.9,6.94,9.02,3.75,-7.43,-5.74,0.0,5.3,,1.14,0.5297,0.4703,Toss-up,,
2026-09-06,GA-HD-54,GA,House,HD-54,1,,Betsy Holland,Gregory Thomas Miller,,Betsy Holland,D,True,False,23.8,22.93,22.5,3.75,7.43,-2.9,0.0,5.3,,32.33,0.9828,0.0172,Safe D,,
2026-09-06,GA-HD-55,GA,House,HD-55,1,,Inga Willis,Samuel Lenaeus,,Inga Willis,D,True,False,60.5,61.67,55.18,3.75,7.43,-4.0,0.0,5.3,,63.91,1.0,0.0,Safe D,,
2026-09-06,GA-HD-56,GA,House,HD-56,1,,Bryce Berry,,,Bryce Berry,D,True,False,77.4,79.0,69.79,3.75,7.43,-3.54,0.0,5.3,D,78.98,0.98,0.02,Safe D,,
2026-09-06,GA-HD-57,GA,House,HD-57,1,,Stacey Evans,Helmut Lucero-Domagalski Love,,Stacey Evans,D,True,False,61.2,61.6,55.12,3.75,7.43,-2.28,0.0,5.3,,65.57,1.0,0.0,Safe D,,
2026-09-06,GA-HD-58,GA,House,HD-58,1,,Mathewos Samson,Torrey D Balam,,Park Cannon,D,False,True,77.7,79.84,70.51,3.75,0.0,0.0,0.0,5.3,,75.81,1.0,0.0,Safe D,,
2026-09-06,GA-HD-59,GA,House,HD-59,1,,Phil Olaleye,Sully Sullivan,,Phil Olaleye,D,True,False,83.7,85.42,75.21,3.75,7.43,-1.84,0.0,5.3,,86.1,1.0,0.0,Safe D,,
2026-09-06,GA-HD-6,GA,House,HD-6,1,,Cathy Kott,Jason Ridley,,Jason Ridley,R,True,False,-69.0,-68.55,-54.65,3.75,-7.43,-0.16,-5.0,5.3,,-61.94,0.0,1.0,Safe R,,
2026-09-06,GA-HD-60,GA,House,HD-60,1,,Sheila Jones,,,Sheila Jones,D,True,False,48.5,49.16,44.63,3.75,7.43,-3.1,0.0,5.3,D,54.26,0.98,0.02,Safe D,,
2026-09-06,GA-HD-61,GA,House,HD-61,1,,Mekyah McQueen,Damita Jean Bishop,,Mekyah McQueen,D,True,False,58.1,57.23,51.44,3.75,7.43,0.0,5.0,5.3,,69.17,1.0,0.0,Safe D,,
2026-09-06,GA-HD-62,GA,House,HD-62,1,,Kenn Collier,,,Tanya Miller,D,False,True,82.5,84.25,74.22,3.75,0.0,0.0,0.0,5.3,D,79.52,0.98,0.02,Safe D,,
2026-09-06,GA-HD-63,GA,House,HD-63,1,,Kim Schofield,,,Kim Schofield,D,True,False,78.9,80.51,71.07,3.75,7.43,0.0,5.0,5.3,D,88.8,0.98,0.02,Safe D,,
2026-09-06,GA-HD-64,GA,House,HD-64,1,,Sylvia Wayfer Baker,Lydia Parchue,,Sylvia Wayfer,D,True,False,39.6,36.87,34.26,3.75,7.43,-0.44,0.0,5.3,,46.55,0.9988,0.0012,Safe D,,
2026-09-06,GA-HD-65,GA,House,HD-65,1,,Robert C. Dawson,Gordon Rolle,,Robert C. Dawson,D,True,False,50.6,51.44,46.55,3.75,7.43,0.0,5.0,5.3,,64.28,1.0,0.0,Safe D,,
2026-09-06,GA-HD-66,GA,House,HD-66,1,,Kimberly Alexander,,,Kimberly Alexander,D,True,False,43.7,42.35,38.88,3.75,7.43,-2.51,0.0,5.3,D,49.1,0.98,0.02,Safe D,,
2026-09-06,GA-HD-67,GA,House,HD-67,1,,Lydia Glaize,Daniel Kelly Cook,,Lydia Glaize,D,True,False,33.6,32.8,30.83,3.75,7.43,-0.75,0.0,5.3,,42.81,0.9974,0.0026,Safe D,,
2026-09-06,GA-HD-68,GA,House,HD-68,1,,Timoria McQueen Saba,,,Derrick L Jackson,D,False,True,31.3,30.29,28.71,3.75,0.0,0.0,0.0,5.3,D,34.01,0.98,0.02,Safe D,,
2026-09-06,GA-HD-69,GA,House,HD-69,1,,Debra Bazemore,,,Debra Bazemore,D,True,False,50.1,49.57,44.97,3.75,7.43,-8.58,0.0,5.3,D,49.12,0.98,0.02,Safe D,,
2026-09-06,GA-HD-7,GA,House,HD-7,1,,,Johnny Chastain,,Johnny Chastain,R,True,False,-63.8,-64.05,-50.86,3.75,-7.43,0.0,-5.0,5.3,R,-57.99,0.02,0.98,Safe R,,
2026-09-06,GA-HD-70,GA,House,HD-70,1,,Diane Boulai,Melissa Stuckey,,Lynn Smith,R,False,True,-22.7,-22.46,-15.78,3.75,0.0,-1.71,0.0,5.3,,-12.19,0.2127,0.7873,Likely R,,
2026-09-06,GA-HD-71,GA,House,HD-71,1,,Anna Higgins,Jutt Howard,,Jutt Howard,R,True,False,-32.8,-33.54,-25.12,3.75,-7.43,0.0,-5.0,5.3,,-32.26,0.0175,0.9825,Safe R,,
2026-09-06,GA-HD-72,GA,House,HD-72,1,,,David Huddleston,,David Huddleston,R,True,False,-47.0,-45.63,-35.32,3.75,-7.43,-0.44,0.0,5.3,R,-37.89,0.02,0.98,Safe R,,
2026-09-06,GA-HD-73,GA,House,HD-73,1,,Tim Wilkinson,Josh Bonner,,Josh Bonner,R,True,False,-24.6,-26.98,-19.59,3.75,-7.43,-1.83,0.0,5.3,,-23.56,0.0617,0.9383,Likely R,,
2026-09-06,GA-HD-74,GA,House,HD-74,1,,Robert Flournoy,,,Robert Flournoy,D,True,False,54.3,53.86,48.59,3.75,7.43,0.0,5.0,5.3,D,66.32,0.98,0.02,Safe D,,
2026-09-06,GA-HD-75,GA,House,HD-75,1,,Eric Bell,,,Eric Bell,D,True,False,71.0,72.1,63.97,3.75,7.43,0.0,5.0,5.3,D,81.71,0.98,0.02,Safe D,,
2026-09-06,GA-HD-76,GA,House,HD-76,1,,Sandra Givens Scott,,,Sandra Givens Scott,D,True,False,67.2,68.78,61.18,3.75,7.43,0.0,5.0,5.3,D,78.91,0.98,0.02,Safe D,,
2026-09-06,GA-HD-77,GA,House,HD-77,1,,Rhonda Burnough,,,Rhonda Burnough,D,True,False,74.4,76.26,67.48,3.75,7.43,0.0,5.0,5.3,D,85.21,0.98,0.02,Safe D,,
2026-09-06,GA-HD-78,GA,House,HD-78,1,,Demetrius Douglas,,,Demetrius Douglas,D,True,False,49.8,48.09,43.72,3.75,7.43,0.0,5.0,5.3,D,61.45,0.98,0.02,Safe D,,
2026-09-06,GA-HD-79,GA,House,HD-79,1,,Yasmin Neal,David Allen Hamrick,,Yasmin Neal,D,True,False,71.1,73.0,64.73,3.75,7.43,0.0,5.0,5.3,,82.47,1.0,0.0,Safe D,,
2026-09-06,GA-HD-8,GA,House,HD-8,1,,Nick Mitchell,Stan Gunter,,Stan Gunter,R,True,False,-64.2,-64.33,-51.09,3.75,-7.43,-2.66,0.0,5.3,,-55.88,0.0001,0.9999,Safe R,,
2026-09-06,GA-HD-80,GA,House,HD-80,1,,Long Tran,Brian Anderson,,Long Tran,D,True,False,21.3,21.44,21.25,3.75,7.43,-4.28,0.0,5.3,,29.69,0.9739,0.0261,Safe D,,
2026-09-06,GA-HD-81,GA,House,HD-81,1,,Mishael White,Noelle Kahaian,,Noelle Kahaian,R,True,False,-12.2,-17.81,-11.86,3.75,-7.43,-1.41,0.0,5.3,,-15.4,0.157,0.843,Likely R,,
2026-09-06,GA-HD-82,GA,House,HD-82,1,,Anthony Dickson,Karen Mathiak,,Karen Mathiak,R,True,False,-21.0,-22.5,-15.81,3.75,-7.43,-9.04,0.0,5.3,,-26.98,0.0388,0.9612,Safe R,,
2026-09-06,GA-HD-83,GA,House,HD-83,1,,Karen Lupton,James Trip Smith,,Karen Lupton,D,True,False,31.2,31.21,29.49,3.75,7.43,-3.24,0.0,5.3,,38.98,0.9946,0.0054,Safe D,,
2026-09-06,GA-HD-84,GA,House,HD-84,1,,Mary Margaret Oliver,,,Mary Margaret Oliver,D,True,False,80.6,81.81,72.16,3.75,7.43,0.0,5.0,5.3,D,89.9,0.98,0.02,Safe D,,
2026-09-06,GA-HD-85,GA,House,HD-85,1,,Karla Drenner,Tyion Annette Fields,,Karla Drenner,D,True,False,69.0,70.86,62.93,3.75,7.43,0.0,5.0,5.3,,80.66,1.0,0.0,Safe D,,
2026-09-06,GA-HD-86,GA,House,HD-86,1,,Imani Barnes,,,Imani Barnes,D,True,False,61.6,64.01,57.15,3.75,7.43,1.66,0.0,5.3,D,71.54,0.98,0.02,Safe D,,
2026-09-06,GA-HD-87,GA,House,HD-87,1,,Viola Davis,Timothy J Burson,,Viola Davis,D,True,False,54.2,55.95,50.36,3.75,7.43,0.0,5.0,5.3,,68.09,1.0,0.0,Safe D,,
2026-09-06,GA-HD-88,GA,House,HD-88,1,,Billy Mitchell,William Freeman,,Billy Mitchell,D,True,False,59.6,61.23,54.8,3.75,7.43,0.33,5.0,5.3,,72.87,1.0,0.0,Safe D,,
2026-09-06,GA-HD-89,GA,House,HD-89,1,,Omari Crawford,,,Omari Crawford,D,True,False,82.2,83.74,73.79,3.75,7.43,0.0,5.0,5.3,D,91.52,0.98,0.02,Safe D,,
2026-09-06,GA-HD-9,GA,House,HD-9,1,,Roger L Smith,Chris Dockery,,Will Wade,R,False,True,-64.2,-65.04,-51.69,3.75,0.0,0.0,0.0,5.3,,-46.39,0.0012,0.9988,Safe R,,
2026-09-06,GA-HD-90,GA,House,HD-90,1,,Bentley Hudgins,Samantha Nicole Boston,,Saira Draper,D,False,True,80.8,82.42,72.68,3.75,0.0,0.0,0.0,5.3,,77.98,1.0,0.0,Safe D,,
2026-09-06,GA-HD-91,GA,House,HD-91,1,,Angela Moore,,,Angela Moore,D,True,False,61.6,60.79,54.44,3.75,7.43,0.0,5.0,5.3,D,72.17,0.98,0.02,Safe D,,
2026-09-06,GA-HD-92,GA,House,HD-92,1,,Rhonda Taylor,,,Rhonda Taylor,D,True,False,58.9,58.46,52.47,3.75,7.43,0.0,5.0,5.3,D,70.2,0.98,0.02,Safe D,,
2026-09-06,GA-HD-93,GA,House,HD-93,1,,Doreen Carter,,,Doreen Carter,D,True,False,53.0,51.92,46.96,3.75,7.43,0.0,5.0,5.3,D,64.69,0.98,0.02,Safe D,,
2026-09-06,GA-HD-94,GA,House,HD-94,1,,Venola Mason,,,Venola Mason,D,True,False,50.0,50.15,45.46,3.75,7.43,0.0,5.0,5.3,D,63.19,0.98,0.02,Safe D,,
2026-09-06,GA-HD-95,GA,House,HD-95,1,,Dar'shun Kendrick,Reggie Tyrell Hall,,Dar'shun Kendrick,D,True,False,59.5,60.9,54.52,3.75,7.43,0.0,5.0,5.3,,72.25,1.0,0.0,Safe D,,
2026-09-06,GA-HD-96,GA,House,HD-96,1,,Arlene Beckles,,,Arlene Beckles,D,True,False,27.0,28.55,27.24,3.75,7.43,0.0,5.0,5.3,D,44.97,0.98,0.02,Safe D,,
2026-09-06,GA-HD-97,GA,House,HD-97,1,,Jyot Singh,Yassin Mohamed Moghazy,,Ruwa Romman,D,False,True,22.8,24.14,23.52,3.75,0.0,0.0,0.0,5.3,,28.82,0.9703,0.0297,Safe D,,
2026-09-06,GA-HD-98,GA,House,HD-98,1,,Marvin Lim,,,Marvin Lim,D,True,False,32.8,37.94,35.17,3.75,7.43,0.0,5.0,5.3,D,52.9,0.98,0.02,Safe D,,
2026-09-06,GA-HD-99,GA,House,HD-99,1,,Michelle Kang,Matt Reeves,,Matt Reeves,R,True,False,5.8,4.79,7.2,3.75,-7.43,-3.53,0.0,5.3,,1.54,0.5401,0.4599,Toss-up,,
2026-09-06,GA-SD-1,GA,Senate,SD-1,1,,Corey Foreman,Ben Watson,,Ben Watson,R,True,False,-13.6,-13.92,-8.57,3.75,-7.43,0.0,-5.0,5.3,,-15.7,0.1522,0.8478,Likely R,,
2026-09-06,GA-SD-10,GA,Senate,SD-10,1,,Larry Johnson,Furquan Stafford,,Emanuel Jones,D,False,True,69.7,70.38,62.52,3.75,0.0,0.32,0.0,5.3,,68.14,1.0,0.0,Safe D,,
2026-09-06,GA-SD-11,GA,Senate,SD-11,1,,,Sam Watson,,Sam Watson,R,True,False,-34.6,-33.26,-24.89,3.75,-7.43,0.0,-5.0,5.3,R,-32.02,0.02,0.98,Safe R,,
2026-09-06,GA-SD-12,GA,Senate,SD-12,1,,Edward Brown,,,,D,False,True,14.1,14.87,15.71,3.75,0.0,0.0,0.0,5.3,D,21.01,0.98,0.02,Safe D,,
2026-09-06,GA-SD-13,GA,Senate,SD-13,1,,,Carden Summers,,Carden Summers,R,True,False,-42.7,-42.34,-32.55,3.75,-7.43,0.55,0.0,5.3,R,-34.13,0.02,0.98,Safe R,,
2026-09-06,GA-SD-14,GA,Senate,SD-14,1,,Kevin Abel,Michael Dwight Dvorscak,,Josh McLaurin,D,False,True,18.1,18.09,18.42,3.75,0.0,0.0,0.0,5.3,,23.72,0.9396,0.0604,Likely D,,
2026-09-06,GA-SD-15,GA,Senate,SD-15,1,,Teddy Reese,Charles Herbert Hand III,,Ed Harbison,D,False,True,29.9,30.93,29.25,3.75,0.0,0.0,0.0,5.3,,34.55,0.9881,0.0119,Safe D,,
2026-09-06,GA-SD-16,GA,Senate,SD-16,1,,Sonya Wimberly Hawkins,Marty Harbin,,Marty Harbin,R,True,False,-26.0,-27.05,-19.65,3.75,-7.43,-2.07,0.0,5.3,,-23.86,0.0594,0.9406,Likely R,,
2026-09-06,GA-SD-17,GA,Senate,SD-17,1,,Gail Davenport,,,Gail Davenport,D,True,False,53.0,51.48,46.58,3.75,7.43,-0.96,0.0,5.3,D,58.35,0.98,0.02,Safe D,,
2026-09-06,GA-SD-18,GA,Senate,SD-18,1,,,Steven McNeel,,Steven McNeel,R,True,False,-22.6,-22.62,-15.91,3.75,-7.43,0.0,-5.0,5.3,R,-23.04,0.02,0.98,Safe R,,
2026-09-06,GA-SD-19,GA,Senate,SD-19,1,,Joshua C Wilkerson,David Sikes,,Blake Tillery,R,False,True,-53.4,-52.41,-41.04,3.75,0.0,0.0,0.0,5.3,,-35.74,0.0097,0.9903,Safe R,,
2026-09-06,GA-SD-2,GA,Senate,SD-2,1,,Derek Mallow,,,Derek Mallow,D,True,False,43.2,44.06,40.32,3.75,7.43,-0.08,5.0,5.3,D,57.97,0.98,0.02,Safe D,,
2026-09-06,GA-SD-20,GA,Senate,SD-20,1,,,Larry Walker,,Larry Walker,R,True,False,-32.4,-32.43,-24.19,3.75,-7.43,0.42,0.0,5.3,R,-25.9,0.02,0.98,Safe R,,
2026-09-06,GA-SD-21,GA,Senate,SD-21,1,,Kori Simmons,Jason Dickerson,,Jason Dickerson,R,True,False,-34.0,-34.39,-25.84,3.75,-7.43,0.0,-5.0,5.3,,-32.97,0.0155,0.9845,Safe R,,
2026-09-06,GA-SD-22,GA,Senate,SD-22,1,,Harold Jones,,,Harold Jones,D,True,False,40.9,41.29,37.99,3.75,7.43,-1.3,0.0,5.3,D,49.42,0.98,0.02,Safe D,,
2026-09-06,GA-SD-23,GA,Senate,SD-23,1,,Shayna Boston,Max Burns,,Max Burns,R,True,False,-18.1,-17.47,-11.57,3.75,-7.43,-3.24,0.0,5.3,,-16.94,0.1339,0.8661,Likely R,,
2026-09-06,GA-SD-24,GA,Senate,SD-24,1,,Lorraine Violet Thomas,Lee Anderson,,Lee Anderson,R,True,False,-36.8,-36.63,-27.73,3.75,-7.43,0.0,-5.0,5.3,,-34.86,0.0113,0.9887,Safe R,,
2026-09-06,GA-SD-25,GA,Senate,SD-25,1,,,Rick Williams,,Rick Williams,R,True,False,-23.5,-23.93,-17.02,3.75,-7.43,0.0,-5.0,5.3,R,-24.15,0.02,0.98,Safe R,,
2026-09-06,GA-SD-26,GA,Senate,SD-26,1,,David E. Lucas,Tracy Conkle Wheeler,,David E. Lucas,D,True,False,25.0,26.13,25.2,3.75,7.43,0.0,5.0,5.3,,42.93,0.9975,0.0025,Safe D,,
2026-09-06,GA-SD-27,GA,Senate,SD-27,1,,Jessica Roper,Mike Dudgeon,,Greg Dolezal,R,False,True,-38.1,-39.36,-30.04,3.75,0.0,0.0,0.0,5.3,,-24.74,0.0529,0.9471,Likely R,,
2026-09-06,GA-SD-28,GA,Senate,SD-28,1,,Donzella James,,,Donzella James,D,True,False,51.4,50.46,45.72,3.75,7.43,0.0,5.0,5.3,D,63.45,0.98,0.02,Safe D,,
2026-09-06,GA-SD-29,GA,Senate,SD-29,1,,Jeff Lowe,Randy Robertson,,Randy Robertson,R,True,False,-25.4,-25.66,-18.47,3.75,-7.43,-1.79,0.0,5.3,,-22.4,0.0715,0.9285,Likely R,,
2026-09-06,GA-SD-3,GA,Senate,SD-3,1,,,Mike Hodges,,Mike Hodges,R,True,False,-35.5,-34.77,-26.16,3.75,-7.43,0.0,-5.0,5.3,R,-33.29,0.02,0.98,Safe R,,
2026-09-06,GA-SD-30,GA,Senate,SD-30,1,,Wanda Cooper,Tim Bearden,,Tim Bearden,R,True,False,-27.9,-28.55,-20.91,3.75,-7.43,-0.89,0.0,5.3,,-23.93,0.0588,0.9412,Likely R,,
2026-09-06,GA-SD-31,GA,Senate,SD-31,1,,Alec Miller,Jason Anavitarte,,Jason Anavitarte,R,True,False,-29.4,-31.39,-23.31,3.75,-7.43,-3.17,0.0,5.3,,-28.61,0.0307,0.9693,Safe R,,
2026-09-06,GA-SD-32,GA,Senate,SD-32,1,,Michael Hettig,Kay Kirkpatrick,,Kay Kirkpatrick,R,True,False,-12.9,-13.69,-8.38,3.75,-7.43,-1.29,0.0,5.3,,-11.8,0.2201,0.7799,Likely R,,
2026-09-06,GA-SD-33,GA,Senate,SD-33,1,,Doc Rhett,,,Doc Rhett,D,True,False,29.6,29.52,28.06,3.75,7.43,0.0,5.0,5.3,D,45.79,0.98,0.02,Safe D,,
2026-09-06,GA-SD-34,GA,Senate,SD-34,1,,Kenya Wicks,,,Kenya Wicks,D,True,False,63.4,64.33,57.42,3.75,7.43,0.16,5.0,5.3,D,75.31,0.98,0.02,Safe D,,
2026-09-06,GA-SD-35,GA,Senate,SD-35,1,,Jaha Howard,,,Jaha Howard,D,True,False,56.0,57.12,51.34,3.75,7.43,0.0,5.0,5.3,D,69.07,0.98,0.02,Safe D,,
2026-09-06,GA-SD-36,GA,Senate,SD-36,1,,Nan Orrock,Katie Corkren,,Nan Orrock,D,True,False,76.9,78.51,69.38,3.75,7.43,0.0,5.0,5.3,,87.11,1.0,0.0,Safe D,,
2026-09-06,GA-SD-37,GA,Senate,SD-37,1,,Darcy Castro,Ed Setzler,,Ed Setzler,R,True,False,-8.5,-9.9,-5.18,3.75,-7.43,-2.44,0.0,5.3,,-9.75,0.2618,0.7382,Lean R,,
2026-09-06,GA-SD-38,GA,Senate,SD-38,1,,RaShaun Kemp,Eric Jamal Helvy,,RaShaun Kemp,D,True,False,55.3,56.09,50.47,3.75,7.43,0.0,5.0,5.3,,68.2,1.0,0.0,Safe D,,
2026-09-06,GA-SD-39,GA,Senate,SD-39,1,,Sonya Halpern,John Franklin Guest Jr.,,Sonya Halpern,D,True,False,69.9,71.1,63.13,3.75,7.43,0.0,5.0,5.3,,80.86,1.0,0.0,Safe D,,
2026-09-06,GA-SD-4,GA,Senate,SD-4,1,,,Billy Hickman,,Billy Hickman,R,True,False,-35.1,-35.54,-26.81,3.75,-7.43,0.0,-5.0,5.3,R,-33.94,0.02,0.98,Safe R,,
2026-09-06,GA-SD-40,GA,Senate,SD-40,1,,Sally Harrell,Melina Renee Mast,,Sally Harrell,D,True,False,27.9,28.05,26.82,3.75,7.43,-2.77,0.0,5.3,,36.78,0.9919,0.0081,Safe D,,
2026-09-06,GA-SD-41,GA,Senate,SD-41,1,,Kim Jackson,Jeff Newlin,,Kim Jackson,D,True,False,63.0,65.21,58.16,3.75,7.43,-1.77,0.0,5.3,,69.12,1.0,0.0,Safe D,,
2026-09-06,GA-SD-42,GA,Senate,SD-42,1,,Eric W. Lee Sr,Bret Austin Dunn,,Brian Strickland,R,False,True,-11.8,-12.97,-7.78,3.75,0.0,0.0,0.0,5.3,,-2.48,0.4357,0.5643,Toss-up,,
2026-09-06,GA-SD-43,GA,Senate,SD-43,1,,Tonya Anderson,,,Tonya Anderson,D,True,False,53.3,51.41,46.52,3.75,7.43,0.4,0.0,5.3,D,59.66,0.98,0.02,Safe D,,
2026-09-06,GA-SD-44,GA,Senate,SD-44,1,,Saira Draper,Ngozi Orabueze,,Elena Parent,D,False,True,77.5,78.8,69.63,3.75,0.0,1.88,0.0,5.3,,76.81,1.0,0.0,Safe D,,
2026-09-06,GA-SD-45,GA,Senate,SD-45,1,,Anthony Scott Tippetts,Clint Dixon,,Clint Dixon,R,True,False,-14.3,-16.21,-10.51,3.75,-7.43,0.39,0.0,5.3,,-12.25,0.2116,0.7884,Likely R,,
2026-09-06,GA-SD-46,GA,Senate,SD-46,1,,Ray Smith,Marc McMain,,Bill Cowsert,R,False,True,-19.4,-19.92,-13.64,3.75,0.0,0.0,0.0,5.3,,-8.34,0.2928,0.7072,Lean R,,
2026-09-06,GA-SD-47,GA,Senate,SD-47,1,,Justin Grant Gillespie,Frank Ginn,,Frank Ginn,R,True,False,-22.1,-20.89,-14.46,3.75,-7.43,-1.31,0.0,5.3,,-17.9,0.1209,0.8791,Likely R,,
2026-09-06,GA-SD-48,GA,Senate,SD-48,1,,Laura Murvartian,Shawn Still,,Shawn Still,R,True,False,-4.6,-5.4,-1.39,3.75,-7.43,-5.74,0.0,5.3,,-9.26,0.2724,0.7276,Lean R,,
2026-09-06,GA-SD-49,GA,Senate,SD-49,1,,William Wallace,Drew Echols,,Drew Echols,R,True,False,-44.4,-45.07,-34.85,3.75,-7.43,0.0,-5.0,5.3,,-41.98,0.003,0.997,Safe R,,
2026-09-06,GA-SD-5,GA,Senate,SD-5,1,,Sheikh Rahman,,,Sheikh Rahman,D,True,False,33.7,37.54,34.83,3.75,7.43,0.67,0.0,5.3,D,48.23,0.98,0.02,Safe D,,
2026-09-06,GA-SD-50,GA,Senate,SD-50,1,,Dave Cooper,Bo Hatchett,,Bo Hatchett,R,True,False,-64.1,-64.01,-50.83,3.75,-7.43,-1.38,0.0,5.3,,-54.34,0.0002,0.9998,Safe R,,
2026-09-06,GA-SD-51,GA,Senate,SD-51,1,,Gary St. Lawrence,Will Wade,,Steve Gooch,R,False,True,-64.2,-64.74,-51.43,3.75,0.0,-1.05,0.0,5.3,,-47.18,0.001,0.999,Safe R,,
2026-09-06,GA-SD-52,GA,Senate,SD-52,1,,,Chuck Hufstetler,,Chuck Hufstetler,R,True,False,-48.1,-48.14,-37.44,3.75,-7.43,0.0,-5.0,5.3,R,-44.57,0.02,0.98,Safe R,,
2026-09-06,GA-SD-53,GA,Senate,SD-53,1,,Jack Zibluk,Lanny Thomas,,Lanny Thomas,R,True,False,-58.1,-58.89,-46.5,3.75,-7.43,0.0,-5.0,5.3,,-53.63,0.0002,0.9998,Safe R,,
2026-09-06,GA-SD-54,GA,Senate,SD-54,1,,,Chuck Payne,,Chuck Payne,R,True,False,-55.4,-55.07,-43.28,3.75,-7.43,0.0,-5.0,5.3,R,-50.41,0.02,0.98,Safe R,,
2026-09-06,GA-SD-55,GA,Senate,SD-55,1,,Randal Mangham,Mary Williams Benefield,,Randal Mangham,D,True,False,54.4,55.12,49.65,3.75,7.43,-1.84,0.0,5.3,,60.54,1.0,0.0,Safe D,,
2026-09-06,GA-SD-56,GA,Senate,SD-56,1,,Patrick Thompson,John Albers,,John Albers,R,True,False,-12.4,-13.35,-8.1,3.75,-7.43,-4.68,0.0,5.3,,-14.91,0.1648,0.8352,Likely R,,
2026-09-06,GA-SD-6,GA,Senate,SD-6,1,,Jermarkus A Jacobs,Matt Brass,,Matt Brass,R,True,False,-40.3,-40.97,-31.39,3.75,-7.43,-1.59,0.0,5.3,,-35.12,0.0108,0.9892,Safe R,,
2026-09-06,GA-SD-7,GA,Senate,SD-7,1,,Ruwa Romman,Aizaz Shaikh,,Adrienne Annice White,D,False,True,14.2,14.32,15.24,3.75,0.0,-3.38,0.0,5.3,,17.16,0.8691,0.1309,Likely D,,
2026-09-06,GA-SD-8,GA,Senate,SD-8,1,,,Russ Goodman,,Russ Goodman,R,True,False,-34.5,-33.58,-25.16,3.75,-7.43,2.1,0.0,5.3,R,-25.19,0.02,0.98,Safe R,,
2026-09-06,GA-SD-9,GA,Senate,SD-9,1,,Nikki Merritt,Michael Johnson,,Nikki Merritt,D,True,False,20.6,19.92,19.96,3.75,7.43,-3.74,0.0,5.3,,28.95,0.9708,0.0292,Safe D,,
2026-09-06,HI-HD-1,HI,House,HD-1,1,,Matthias Kusch,,,Matthias Kusch,D,True,False,37.7,40.89,36.31,2.17,7.43,0.0,5.0,5.3,D,54.04,0.98,0.02,Safe D,,
2026-09-06,HI-HD-10,HI,House,HD-10,1,,Tyson Miyake,Travis Bumanglag,,Tyson Miyake,D,True,False,26.5,29.66,26.85,2.17,7.43,0.0,5.0,5.3,,44.58,0.9982,0.0018,Safe D,,
2026-09-06,HI-HD-11,HI,House,HD-11,1,,Terez Amato,Sheila Walker,,Terez Amato,D,True,False,26.7,28.71,26.04,2.17,7.43,1.48,0.0,5.3,,40.25,0.9958,0.0042,Safe D,,
2026-09-06,HI-HD-12,HI,House,HD-12,1,,Kyle Yamashita,Dan Johnson,,Kyle Yamashita,D,True,False,31.0,34.7,31.1,2.17,7.43,6.25,0.0,5.3,,50.08,0.9995,0.0005,Safe D,,
2026-09-06,HI-HD-13,HI,House,HD-13,1,,Mahina Poepoe,Robin Vanderpool,,Mahina Poepoe,D,True,False,29.2,33.78,30.32,2.17,7.43,8.75,0.0,5.3,,51.8,0.9996,0.0004,Safe D,,
2026-09-06,HI-HD-14,HI,House,HD-14,1,,Sne Patel,Elle Cochran,Pa'ele Kiakona,Elle Cochran,D,True,False,16.0,20.2,18.86,2.17,7.43,-0.86,0.0,5.3,,30.74,0.9778,0.0222,Safe D,,
2026-09-06,HI-HD-15,HI,House,HD-15,1,,Nadine Nakamura,,,Nadine Nakamura,D,True,False,19.3,23.19,21.38,2.17,7.43,8.26,0.0,5.3,D,42.37,0.98,0.02,Safe D,,
2026-09-06,HI-HD-16,HI,House,HD-16,1,,Luke Evslin,David Hazlebeck,,Luke Evslin,D,True,False,18.5,21.73,20.15,2.17,7.43,7.59,0.0,5.3,,40.47,0.9959,0.0041,Safe D,,
2026-09-06,HI-HD-17,HI,House,HD-17,1,,Daynette Morikawa,Misty Cluett,,Daynette Morikawa,D,True,False,20.8,24.2,22.23,2.17,7.43,0.0,5.0,5.3,,39.97,0.9955,0.0045,Safe D,,
2026-09-06,HI-HD-18,HI,House,HD-18,1,,James (Jamie) Wataru,Joe Gedeon,,Joe Gedeon,R,True,False,31.9,32.97,29.63,2.17,-7.43,0.0,-5.0,5.3,,22.5,0.9294,0.0706,Likely D,,
2026-09-06,HI-HD-19,HI,House,HD-19,1,,Mark Hashem,,,Mark Hashem,D,True,False,35.6,36.66,32.74,2.17,7.43,0.94,0.0,5.3,D,46.42,0.98,0.02,Safe D,,
2026-09-06,HI-HD-2,HI,House,HD-2,1,,Sue Keohokapu Lee Loy,Jonathan Kennealy,,Sue Lee Loy,D,False,True,38.8,41.95,37.21,2.17,0.0,3.72,0.0,5.3,,46.22,0.9987,0.0013,Safe D,,
2026-09-06,HI-HD-20,HI,House,HD-20,1,,Tina Grandinetti,David Asing,,Tina Grandinetti,D,True,False,40.2,42.01,37.26,2.17,7.43,0.0,5.0,5.3,,54.99,0.9998,0.0002,Safe D,,
2026-09-06,HI-HD-21,HI,House,HD-21,1,,Derek Turbin,,,Jackson Sayama,D,False,True,43.2,45.24,39.98,2.17,0.0,0.0,0.0,5.3,D,45.28,0.98,0.02,Safe D,,
2026-09-06,HI-HD-22,HI,House,HD-22,1,,Andrew Garrett,,,Andrew Garrett,D,True,False,51.4,52.52,46.13,2.17,7.43,1.63,0.0,5.3,D,60.49,0.98,0.02,Safe D,,
2026-09-06,HI-HD-23,HI,House,HD-23,1,,Ikaika Olds,Victor Muh,,Ikaika Olds,D,True,False,37.6,39.7,35.31,2.17,7.43,0.0,5.0,5.3,,53.04,0.9997,0.0003,Safe D,,
2026-09-06,HI-HD-24,HI,House,HD-24,1,,Adrian Tam,,,Adrian Tam,D,True,False,33.3,33.77,30.31,2.17,7.43,-1.75,0.0,5.3,D,41.29,0.98,0.02,Safe D,,
2026-09-06,HI-HD-25,HI,House,HD-25,1,,Kim Coco Iwamoto,,,Kim Coco Iwamoto,D,True,False,39.1,40.11,35.66,2.17,7.43,0.0,5.0,5.3,D,53.39,0.98,0.02,Safe D,,
2026-09-06,HI-HD-26,HI,House,HD-26,1,,Ian Ross,Tony Silva,,Della Belatti,D,False,True,41.2,42.67,37.82,2.17,0.0,0.0,0.0,5.3,,43.12,0.9976,0.0024,Safe D,,
2026-09-06,HI-HD-27,HI,House,HD-27,1,,Jenna Takenouchi,,,Jenna Takenouchi,D,True,False,39.3,40.3,35.82,2.17,7.43,0.03,5.0,5.3,D,53.58,0.98,0.02,Safe D,,
2026-09-06,HI-HD-28,HI,House,HD-28,1,,Michael (Cov) Ratcliffe,,,Michael (Cov) Ratcliffe,D,True,False,23.3,26.6,24.26,2.17,7.43,0.0,5.0,5.3,D,41.99,0.98,0.02,Safe D,,
2026-09-06,HI-HD-29,HI,House,HD-29,1,,Ikaika Hussey,Tess Abalos,,Ikaika Hussey,D,True,False,11.5,15.37,14.79,2.17,7.43,0.0,5.0,5.3,,32.52,0.9833,0.0167,Safe D,,
2026-09-06,HI-HD-3,HI,House,HD-3,1,,Chris Todd,,Austin Martin,Chris Todd,D,True,False,24.9,30.7,27.72,2.17,7.43,0.0,5.0,5.3,D,45.45,0.98,0.02,Safe D,,
2026-09-06,HI-HD-30,HI,House,HD-30,1,,Shirley Templo,Amanda Ybanez,,Shirley Templo,D,True,False,2.4,7.64,8.27,2.17,7.43,0.0,5.0,5.3,,26.0,0.9555,0.0445,Safe D,,
2026-09-06,HI-HD-31,HI,House,HD-31,1,,Linda Ichiyama,Nancy Valdez,,Linda Ichiyama,D,True,False,19.6,22.13,20.49,2.17,7.43,12.33,0.0,5.3,,45.56,0.9986,0.0014,Safe D,,
2026-09-06,HI-HD-32,HI,House,HD-32,1,,Micah Pookela Kim Aiu,Garner Shimizu,,Garner Shimizu,R,True,False,21.8,23.84,21.94,2.17,-7.43,-16.12,0.0,5.3,,3.69,0.5954,0.4046,Toss-up,,
2026-09-06,HI-HD-33,HI,House,HD-33,1,,Sam Kong,,,Sam Kong,D,True,False,30.9,33.13,29.77,2.17,7.43,5.34,0.0,5.3,D,47.84,0.98,0.02,Safe D,,
2026-09-06,HI-HD-34,HI,House,HD-34,1,,Gregg Takayama,Gaius, II (Kipi) Dupio,,Gregg Takayama,D,True,False,22.0,25.24,23.11,2.17,7.43,3.32,0.0,5.3,,39.16,0.9948,0.0052,Safe D,,
2026-09-06,HI-HD-35,HI,House,HD-35,1,,Cory Chun,,,Cory Chun,D,True,False,12.5,14.68,14.21,2.17,7.43,4.02,0.0,5.3,D,30.96,0.98,0.02,Safe D,,
2026-09-06,HI-HD-36,HI,House,HD-36,1,,Daisy Hartsfield,,,Daisy Hartsfield,D,True,False,1.7,6.74,7.51,2.17,7.43,0.0,5.0,5.3,D,25.24,0.98,0.02,Safe D,,
2026-09-06,HI-HD-37,HI,House,HD-37,1,,Trish La Chica,,,Trish La Chica,D,True,False,22.3,24.08,22.14,2.17,7.43,5.2,0.0,5.3,D,40.07,0.98,0.02,Safe D,,
2026-09-06,HI-HD-38,HI,House,HD-38,1,,,Lauren Matsumoto,,Lauren Matsumoto,R,True,False,17.8,20.06,18.75,2.17,-7.43,0.0,-5.0,5.3,R,11.62,0.02,0.98,Safe R,,
2026-09-06,HI-HD-39,HI,House,HD-39,1,,Corey Rosenlee,Daniel (Danny) Degracia,,Elijah Pierick,R,False,True,2.7,7.16,7.87,2.17,0.0,-4.08,0.0,5.3,,9.09,0.7239,0.2761,Lean D,,
2026-09-06,HI-HD-4,HI,House,HD-4,1,,Greggor Ilagan,Zak Wittenhagen,,Greggor Ilagan,D,True,False,28.6,31.19,28.13,2.17,7.43,4.92,0.0,5.3,,45.78,0.9986,0.0014,Safe D,,
2026-09-06,HI-HD-40,HI,House,HD-40,1,,Rose Martinez,Julie Reyes Oda,,Julie Reyes Oda,R,True,False,-8.6,-5.35,-2.68,2.17,-7.43,0.04,-5.0,5.3,,-9.77,0.2613,0.7387,Lean R,,
2026-09-06,HI-HD-41,HI,House,HD-41,1,,,David Alcos,,David Alcos,R,True,False,-2.8,-0.39,1.5,2.17,-7.43,-5.41,0.0,5.3,R,-6.04,0.02,0.98,Safe R,,
2026-09-06,HI-HD-42,HI,House,HD-42,1,,Anthony Makana Paris,Diamond Garcia,,Diamond Garcia,R,True,False,-6.2,-1.97,0.17,2.17,-7.43,-4.1,0.0,5.3,,-6.06,0.3459,0.6541,Lean R,,
2026-09-06,HI-HD-43,HI,House,HD-43,1,,,Sheila Medeiros,,Kanani Souza,R,False,True,-2.5,-0.09,1.75,2.17,0.0,0.0,0.0,5.3,R,7.05,0.02,0.98,Safe R,,
2026-09-06,HI-HD-44,HI,House,HD-44,1,,Darius Kila,Charla (Kahealani) Weaver,,Darius Kila,D,True,False,-12.6,-9.08,-5.83,2.17,7.43,11.95,0.0,5.3,,18.85,0.8911,0.1089,Likely D,,
2026-09-06,HI-HD-45,HI,House,HD-45,1,,Kalehua Kaopua,Chris Muraoka,,Chris Muraoka,R,True,False,-10.2,-6.22,-3.42,2.17,-7.43,2.57,0.0,5.3,,-2.98,0.4228,0.5772,Toss-up,,
2026-09-06,HI-HD-46,HI,House,HD-46,1,,Amy Perruso,Daniel Gabriel,,Amy Perruso,D,True,False,4.5,8.76,9.22,2.17,7.43,3.59,0.0,5.3,,25.54,0.9526,0.0474,Safe D,,
2026-09-06,HI-HD-47,HI,House,HD-47,1,,Sean Quinlan,Mark Talaeai,,Sean Quinlan,D,True,False,-2.7,-0.03,1.8,2.17,7.43,8.68,0.0,5.3,,23.21,0.9355,0.0645,Likely D,,
2026-09-06,HI-HD-48,HI,House,HD-48,1,,Lisa Kitagawa,,,Lisa Kitagawa,D,True,False,23.6,24.77,22.72,2.17,7.43,5.55,0.0,5.3,D,41.0,0.98,0.02,Safe D,,
2026-09-06,HI-HD-49,HI,House,HD-49,1,,Scot Matayoshi,'Ale Rodas,,Scot Matayoshi,D,True,False,27.1,29.76,26.93,2.17,7.43,5.97,0.0,5.3,,45.64,0.9986,0.0014,Safe D,,
2026-09-06,HI-HD-5,HI,House,HD-5,1,,Jeanné Kapela,Dalene Mccormick,,Jeanné Kapela,D,True,False,27.1,31.01,27.99,2.17,7.43,0.0,5.0,5.3,,45.72,0.9986,0.0014,Safe D,,
2026-09-06,HI-HD-50,HI,House,HD-50,1,,Mike Lee,,Jesse W.M. Fitzgerald,Michael Lee,D,False,True,32.2,33.79,30.32,2.17,0.0,2.76,0.0,5.3,D,38.38,0.98,0.02,Safe D,,
2026-09-06,HI-HD-51,HI,House,HD-51,1,,Lisa Marten,,,Lisa Marten,D,True,False,26.4,27.75,25.24,2.17,7.43,-3.6,0.0,5.3,D,34.37,0.98,0.02,Safe D,,
2026-09-06,HI-HD-6,HI,House,HD-6,1,,Kirstin Kahaloa,,,Kirstin Kahaloa,D,True,False,22.3,23.79,21.89,2.17,7.43,1.48,0.0,5.3,D,36.11,0.98,0.02,Safe D,,
2026-09-06,HI-HD-7,HI,House,HD-7,1,,Nicole Lowen,,,Nicole Lowen,D,True,False,13.9,17.69,16.75,2.17,7.43,-2.72,0.0,5.3,D,26.76,0.98,0.02,Safe D,,
2026-09-06,HI-HD-8,HI,House,HD-8,1,,David Tarnas,Monique CobbAdams Perreira,,David Tarnas,D,True,False,29.9,33.33,29.94,2.17,7.43,-2.93,0.0,5.3,,39.74,0.9953,0.0047,Safe D,,
2026-09-06,HI-HD-9,HI,House,HD-9,1,,Justin Woodson,,,Justin Woodson,D,True,False,21.4,26.32,24.02,2.17,7.43,0.0,5.0,5.3,D,41.75,0.98,0.02,Safe D,,
2026-09-06,HI-HI Senate 19,HI,Senate,HI Senate 19,1,,Rachele Lamosao,Elijah Pierick,,Rachele Lamosao,D,True,False,6.3,10.79,10.93,2.17,7.43,13.15,0.0,5.3,,36.81,0.992,0.008,Safe D,,
2026-09-06,HI-SD-10,HI,Senate,SD-10,1,,Jackson Sayama,,,Les Ihara Jr.,D,False,True,42.4,44.5,39.36,2.17,0.0,1.83,0.0,5.3,D,46.49,0.98,0.02,Safe D,,
2026-09-06,HI-SD-11,HI,Senate,SD-11,1,,Carol Fukunaga,,,Carol Fukunaga,D,True,False,46.1,47.43,41.83,2.17,7.43,1.57,0.0,5.3,D,56.12,0.98,0.02,Safe D,,
2026-09-06,HI-SD-13,HI,Senate,SD-13,1,,Tricia Kwai Lin Nakamatsu,Wallyn Kanoelani Christian,,Karl Rhoads,D,False,True,34.7,36.4,32.53,2.17,0.0,0.0,0.0,5.3,,37.83,0.9933,0.0067,Safe D,,
2026-09-06,HI-SD-14,HI,Senate,SD-14,1,,Donna Kim,,,Donna Kim,D,True,False,18.2,21.45,19.92,2.17,7.43,8.42,0.0,5.3,D,41.06,0.98,0.02,Safe D,,
2026-09-06,HI-SD-15,HI,Senate,SD-15,1,,Glenn Wakai,,,Glenn Wakai,D,True,False,14.0,17.3,16.42,2.17,7.43,5.48,0.0,5.3,D,34.63,0.98,0.02,Safe D,,
2026-09-06,HI-SD-17,HI,Senate,SD-17,1,,Donovan Dela Cruz,,,Donovan Dela Cruz,D,True,False,15.6,18.27,17.24,2.17,7.43,0.0,5.0,5.3,D,34.97,0.98,0.02,Safe D,,
2026-09-06,HI-SD-2,HI,Senate,SD-2,1,,Joy San Buenaventura,,Fred Fogel,Joy San Buenaventura,D,True,False,26.9,30.41,27.48,2.17,7.43,0.0,5.0,5.3,D,45.21,0.98,0.02,Safe D,,
2026-09-06,HI-SD-20,HI,Senate,SD-20,1,,Markus Owens,Bob McDermott,,Kurt Fevella,R,False,True,-4.9,-2.25,-0.07,2.17,0.0,-5.92,0.0,5.3,,-0.69,0.482,0.518,Toss-up,,
2026-09-06,HI-SD-21,HI,Senate,SD-21,1,,Mike Gabbard,,,Mike Gabbard,D,True,False,-4.2,-0.96,1.02,2.17,7.43,6.21,0.0,5.3,D,19.96,0.98,0.02,Safe D,,
2026-09-06,HI-SD-25,HI,Senate,SD-25,1,,Chris Lee,,,Chris Lee,D,True,False,30.2,31.41,28.32,2.17,7.43,0.53,0.0,5.3,D,41.58,0.98,0.02,Safe D,,
2026-09-06,HI-SD-5,HI,Senate,SD-5,1,,Troy Hashimoto,,,Troy Hashimoto,D,True,False,24.8,28.14,25.56,2.17,7.43,0.0,5.0,5.3,D,43.29,0.98,0.02,Safe D,,
2026-09-06,HI-SD-8,HI,Senate,SD-8,1,,Ron Kouchi,,,Ron Kouchi,D,True,False,19.5,23.03,21.25,2.17,7.43,0.0,5.0,5.3,D,38.98,0.98,0.02,Safe D,,
2026-09-06,HI-SD-9,HI,Senate,SD-9,1,,Stanley Chang,David A. Croswell,,Stanley Chang,D,True,False,36.7,37.98,33.86,2.17,7.43,-3.0,0.0,5.3,,43.6,0.9978,0.0022,Safe D,,
2026-09-06,IA-HD-1,IA,House,HD-1,1,,Shawn Olorundami,Josh Steinhoff,,J.D. Scholten,D,False,True,-1.6,0.98,5.16,5.14,0.0,3.15,0.0,5.3,,13.62,0.8134,0.1866,Likely D,,
2026-09-06,IA-HD-10,IA,House,HD-10,1,,,John Wills,,John Wills,R,True,False,-43.0,-42.06,-31.13,5.14,-7.43,0.0,-5.0,5.3,R,-38.26,0.02,0.98,Safe R,,
2026-09-06,IA-HD-100,IA,House,HD-100,1,,Matt Mohrfeld,Blaine Watkins,,Blaine Watkins,R,True,False,-26.8,-24.96,-16.71,5.14,-7.43,0.0,-5.0,5.3,,-23.84,0.0595,0.9405,Likely R,,
2026-09-06,IA-HD-11,IA,House,HD-11,1,,Bill Owen,Craig Williams,,Craig Williams,R,True,False,-40.7,-40.15,-29.52,5.14,-7.43,0.3,-5.0,5.3,,-36.35,0.0087,0.9913,Safe R,,
2026-09-06,IA-HD-12,IA,House,HD-12,1,,Dustin Durbin,Steven Holt,,Steven Holt,R,True,False,-45.7,-45.24,-33.82,5.14,-7.43,-1.83,0.0,5.3,,-37.78,0.0067,0.9933,Safe R,,
2026-09-06,IA-HD-13,IA,House,HD-13,1,,,Travis Sitzmann,,Travis Sitzmann,R,True,False,-54.6,-53.25,-40.57,5.14,-7.43,-0.33,-5.0,5.3,R,-48.03,0.02,0.98,Safe R,,
2026-09-06,IA-HD-14,IA,House,HD-14,1,,,Jacob Bossman,,Jacob Bossman,R,True,False,-26.8,-26.52,-18.03,5.14,-7.43,0.0,-5.0,5.3,R,-25.16,0.02,0.98,Safe R,,
2026-09-06,IA-HD-15,IA,House,HD-15,1,,Benjamin Schauer,Jason Sherer,Blake Johnson,Matt Windschitl,R,False,True,-35.3,-35.19,-25.34,5.14,0.0,-1.35,0.0,5.3,,-21.4,0.0809,0.9191,Likely R,,
2026-09-06,IA-HD-16,IA,House,HD-16,1,,Jack Goodman,David Sieck,,David Sieck,R,True,False,-42.0,-42.58,-31.57,5.14,-7.43,-1.83,0.0,5.3,,-35.53,0.0101,0.9899,Safe R,,
2026-09-06,IA-HD-17,IA,House,HD-17,1,,,Devon Wood,,Devon Wood,R,True,False,-44.0,-43.7,-32.52,5.14,-7.43,0.17,-5.0,5.3,R,-39.48,0.02,0.98,Safe R,,
2026-09-06,IA-HD-18,IA,House,HD-18,1,,Tripp Narup,Tom Moore,,Tom Moore,R,True,False,-40.3,-40.79,-30.07,5.14,-7.43,-11.76,0.0,5.3,,-43.96,0.002,0.998,Safe R,,
2026-09-06,IA-HD-19,IA,House,HD-19,1,,Benjamin Thomas Larson,Brent Siegrist,,Brent Siegrist,R,True,False,-8.6,-8.29,-2.65,5.14,-7.43,2.57,0.0,5.3,,-2.21,0.4425,0.5575,Toss-up,,
2026-09-06,IA-HD-2,IA,House,HD-2,1,,Jessica Lopez-Walker,Bob Henderson,,Bob Henderson,R,True,False,-18.6,-17.39,-10.33,5.14,-7.43,0.0,-5.0,5.3,,-17.46,0.1268,0.8732,Likely R,,
2026-09-06,IA-HD-20,IA,House,HD-20,1,,Eric Armstrong,Keith Jones,,Josh Turek,D,False,True,-8.2,-7.5,-1.99,5.14,0.0,0.0,0.0,5.3,,3.31,0.5858,0.4142,Toss-up,,
2026-09-06,IA-HD-21,IA,House,HD-21,1,,Spencer Waugh,Brooke Boden,,Brooke Boden,R,True,False,-23.5,-22.26,-14.44,5.14,-7.43,7.64,0.0,5.3,,-8.93,0.2796,0.7204,Lean R,,
2026-09-06,IA-HD-22,IA,House,HD-22,1,,Rory Taylor,Samantha Fett,,Samantha Fett,R,True,False,-20.6,-20.13,-12.64,5.14,-7.43,1.44,0.0,5.3,,-13.33,0.1917,0.8083,Likely R,,
2026-09-06,IA-HD-23,IA,House,HD-23,1,,Karen Varley,Ray Sorensen,,Ray Sorensen,R,True,False,-40.7,-39.85,-29.27,5.14,-7.43,-1.39,0.0,5.3,,-32.8,0.016,0.984,Safe R,,
2026-09-06,IA-HD-24,IA,House,HD-24,1,,Sonya Hicks,Sam Wengryn,,Sam Wengryn,R,True,False,-47.7,-46.35,-34.75,5.14,-7.43,10.12,0.0,5.3,,-26.76,0.0401,0.9599,Safe R,,
2026-09-06,IA-HD-25,IA,House,HD-25,1,,Kolton Jones,Hans Wilz,,Hans Wilz,R,True,False,-28.1,-26.18,-17.74,5.14,-7.43,-0.15,-5.0,5.3,,-25.02,0.0509,0.9491,Likely R,,
2026-09-06,IA-HD-26,IA,House,HD-26,1,,Brett Mohler,Austin Harris,,Austin Harris,R,True,False,-50.2,-49.21,-37.16,5.14,-7.43,2.11,0.0,5.3,,-37.18,0.0075,0.9925,Safe R,,
2026-09-06,IA-HD-27,IA,House,HD-27,1,,Kenan Judge,,,Kenan Judge,D,True,False,0.9,0.87,5.07,5.14,7.43,1.37,0.0,5.3,D,19.17,0.98,0.02,Safe D,,
2026-09-06,IA-HD-28,IA,House,HD-28,1,,Tom Walton,David Young,,David Young,R,True,False,-1.7,-1.86,2.77,5.14,-7.43,-1.38,0.0,5.3,,-0.74,0.4808,0.5192,Toss-up,,
2026-09-06,IA-HD-29,IA,House,HD-29,1,,Brian Meyer,,,Brian Meyer,D,True,False,15.6,18.25,19.73,5.14,7.43,-2.1,0.0,5.3,D,30.36,0.98,0.02,Safe D,,
2026-09-06,IA-HD-3,IA,House,HD-3,1,,,Robert Driesen,,Tom Jeneary,R,False,True,-57.1,-57.02,-43.75,5.14,0.0,0.0,0.0,5.3,R,-38.45,0.02,0.98,Safe R,,
2026-09-06,IA-HD-30,IA,House,HD-30,1,,Megan Srinivas,,,Megan Srinivas,D,True,False,17.8,19.03,20.39,5.14,7.43,2.3,0.0,5.3,D,35.42,0.98,0.02,Safe D,,
2026-09-06,IA-HD-31,IA,House,HD-31,1,,Mary Madison,Kevin W. DuBay,,Mary Madison,D,True,False,14.9,15.39,17.32,5.14,7.43,-1.2,0.0,5.3,,28.85,0.9704,0.0296,Safe D,,
2026-09-06,IA-HD-32,IA,House,HD-32,1,,Mike Jones,,,Jennifer Konfrst,D,False,True,19.8,20.03,21.23,5.14,0.0,0.0,0.0,5.3,D,26.53,0.98,0.02,Safe D,,
2026-09-06,IA-HD-33,IA,House,HD-33,1,,Ivette Muhammad,Lynn Hammel,,Ruth Ann Gaines,D,False,True,24.6,27.71,27.71,5.14,0.0,0.0,0.0,5.3,,33.01,0.9846,0.0154,Safe D,,
2026-09-06,IA-HD-34,IA,House,HD-34,1,,Rob Johnson,,,Rob Johnson,D,True,False,47.1,50.16,46.64,5.14,7.43,2.43,0.0,5.3,D,61.8,0.98,0.02,Safe D,,
2026-09-06,IA-HD-35,IA,House,HD-35,1,,Sean Bagniewski,,,Sean Bagniewski,D,True,False,38.0,38.96,37.2,5.14,7.43,-1.04,0.0,5.3,D,48.89,0.98,0.02,Safe D,,
2026-09-06,IA-HD-36,IA,House,HD-36,1,,Austin Baeth,Bruce A Michalowski,,Austin Baeth,D,True,False,52.0,52.99,49.03,5.14,7.43,0.0,5.0,5.3,,66.76,1.0,0.0,Safe D,,
2026-09-06,IA-HD-37,IA,House,HD-37,1,,,Jason Sandholdt,,Barb Kniff McCulla,R,False,True,-44.3,-44.11,-32.86,5.14,0.0,0.0,0.0,5.3,R,-27.56,0.02,0.98,Safe R,,
2026-09-06,IA-HD-38,IA,House,HD-38,1,,Brad Magg,Matt Oleson,,Jon Dunwell,R,False,True,-24.6,-23.19,-15.22,5.14,0.0,4.85,0.0,5.3,,-5.07,0.37,0.63,Lean R,,
2026-09-06,IA-HD-39,IA,House,HD-39,1,,Nate Boulton,Troy Clark,,Rick Olson,D,False,True,-0.8,0.99,5.17,5.14,0.0,5.36,0.0,5.3,,15.83,0.8497,0.1503,Likely D,,
2026-09-06,IA-HD-4,IA,House,HD-4,1,,,Skyler Wheeler,Garth Van Donselaar,Skyler Wheeler,R,True,False,-73.3,-73.87,-57.96,5.14,-7.43,2.64,0.0,5.3,R,-57.45,0.02,0.98,Safe R,,
2026-09-06,IA-HD-40,IA,House,HD-40,1,,Heather Sievers,Bill Gustoff,,Bill Gustoff,R,True,False,-7.5,-6.83,-1.43,5.14,-7.43,4.15,0.0,5.3,,0.59,0.5155,0.4845,Toss-up,,
2026-09-06,IA-HD-41,IA,House,HD-41,1,,Molly Buck,Ryan Weldon,,Ryan Weldon,R,True,False,-3.5,-2.88,1.91,5.14,-7.43,1.43,0.0,5.3,,1.21,0.5315,0.4685,Toss-up,,
2026-09-06,IA-HD-42,IA,House,HD-42,1,,Amy Tagliareni,Heather Stephenson,,Heather Matson,D,False,True,-0.7,-0.69,3.75,5.14,0.0,0.55,0.0,5.3,,9.6,0.7349,0.2651,Lean D,,
2026-09-06,IA-HD-43,IA,House,HD-43,1,,Jill Alesch,Nicole Hasso,,Eddie Andrews,R,False,True,4.0,3.89,7.62,5.14,0.0,0.0,0.0,5.3,,12.92,0.8009,0.1991,Likely D,,
2026-09-06,IA-HD-44,IA,House,HD-44,1,,Larry McBurney,,,Larry McBurney,D,True,False,9.7,10.34,13.06,5.14,7.43,0.0,5.0,5.3,D,30.79,0.98,0.02,Safe D,,
2026-09-06,IA-HD-45,IA,House,HD-45,1,,Kendra Haug,Austin Stubbs,,Brian Lohse,R,False,True,-24.4,-23.87,-15.79,5.14,0.0,0.0,0.0,5.3,,-10.49,0.2464,0.7536,Likely R,,
2026-09-06,IA-HD-46,IA,House,HD-46,1,,Mandy Newton Rosenow,Dan Gehlbach,,Dan Gehlbach,R,True,False,-8.7,-8.35,-2.7,5.14,-7.43,-0.58,0.0,5.3,,-5.42,0.3616,0.6384,Lean R,,
2026-09-06,IA-HD-47,IA,House,HD-47,1,,Chris New,Carter Nordman,,Carter Nordman,R,True,False,-28.6,-27.61,-18.95,5.14,-7.43,-2.04,0.0,5.3,,-23.12,0.0653,0.9347,Likely R,,
2026-09-06,IA-HD-48,IA,House,HD-48,1,,Benjamin Olsen,Chad Behn,,Chad Behn,R,True,False,-17.7,-16.22,-9.34,5.14,-7.43,-1.09,0.0,5.3,,-12.56,0.2057,0.7943,Likely R,,
2026-09-06,IA-HD-49,IA,House,HD-49,1,,Beth Wessel-Kroeschell,,,Beth Wessel-Kroeschell,D,True,False,24.5,27.56,27.58,5.14,7.43,0.0,5.0,5.3,D,45.31,0.98,0.02,Safe D,,
2026-09-06,IA-HD-5,IA,House,HD-5,1,,Stephanie Steiner,Keith Glienke,,Zach Dieken,R,False,True,-55.2,-55.84,-42.76,5.14,0.0,0.0,0.0,5.3,,-37.46,0.0072,0.9928,Safe R,,
2026-09-06,IA-HD-50,IA,House,HD-50,1,,Ross Wilburn,,,Ross Wilburn,D,True,False,29.4,31.49,30.9,5.14,7.43,0.0,5.0,5.3,D,48.63,0.98,0.02,Safe D,,
2026-09-06,IA-HD-51,IA,House,HD-51,1,,Teresa Perin,Brett Barker,,Brett Barker,R,True,False,-21.3,-20.82,-13.22,5.14,-7.43,-1.51,0.0,5.3,,-16.86,0.1351,0.8649,Likely R,,
2026-09-06,IA-HD-52,IA,House,HD-52,1,,Mike Tupper,David Blom,,David Blom,R,True,False,-7.2,-5.2,-0.04,5.14,-7.43,0.97,0.0,5.3,,-1.2,0.4687,0.5313,Toss-up,,
2026-09-06,IA-HD-53,IA,House,HD-53,1,,Berleen Wobeter,Dean Fisher,,Dean Fisher,R,True,False,-19.3,-17.77,-10.65,5.14,-7.43,-1.81,0.0,5.3,,-14.59,0.17,0.83,Likely R,,
2026-09-06,IA-HD-54,IA,House,HD-54,1,,Leila Staton,Josh Meggers,,Josh Meggers,R,True,False,-39.1,-38.16,-27.85,5.14,-7.43,0.0,-5.0,5.3,,-34.98,0.0111,0.9889,Safe R,,
2026-09-06,IA-HD-55,IA,House,HD-55,1,,Cynthia Oppedal Paschen,Beau Klaver,,Shannon Latham,R,False,True,-32.3,-31.24,-22.01,5.14,0.0,-0.27,0.0,5.3,,-16.98,0.1334,0.8666,Likely R,,
2026-09-06,IA-HD-56,IA,House,HD-56,1,,Kyle Kruse,Mark Thompson,,Mark Thompson,R,True,False,-44.4,-43.96,-32.73,5.14,-7.43,-1.92,0.0,5.3,,-36.78,0.0081,0.9919,Safe R,,
2026-09-06,IA-HD-57,IA,House,HD-57,1,,Shawn Ellerbroek,Pat Grassley,,Pat Grassley,R,True,False,-28.0,-26.76,-18.23,5.14,-7.43,5.59,0.0,5.3,,-14.77,0.167,0.833,Likely R,,
2026-09-06,IA-HD-58,IA,House,HD-58,1,,India May,Charley Thomson,,Charley Thomson,R,True,False,-33.1,-31.34,-22.1,5.14,-7.43,3.79,0.0,5.3,,-20.44,0.0907,0.9093,Likely R,,
2026-09-06,IA-HD-59,IA,House,HD-59,1,,Jacob Welper,Christian Hermanson,,Christian Hermanson,R,True,False,-5.2,-3.85,1.09,5.14,-7.43,0.0,-5.0,5.3,,-6.04,0.3465,0.6535,Lean R,,
2026-09-06,IA-HD-6,IA,House,HD-6,1,,,Megan Jones,,Megan Jones,R,True,False,-36.2,-35.19,-25.34,5.14,-7.43,0.0,-5.0,5.3,R,-32.47,0.02,0.98,Safe R,,
2026-09-06,IA-HD-60,IA,House,HD-60,1,,Alexander Schmidt,Dani Ollenburg,,Jane Bloomingdale,R,False,True,-29.1,-28.44,-19.65,5.14,0.0,0.0,0.0,5.3,,-14.35,0.174,0.826,Likely R,,
2026-09-06,IA-HD-61,IA,House,HD-61,1,,Vincent Collis,,Lucas Hewitt,Timi Brown-Powers,D,False,True,4.5,6.66,9.95,5.14,0.0,0.0,0.0,5.3,D,15.25,0.98,0.02,Safe D,,
2026-09-06,IA-HD-62,IA,House,HD-62,1,,Jerome Amos,,,Jerome Amos,D,True,False,22.0,25.44,25.79,5.14,7.43,0.0,5.0,5.3,D,43.52,0.98,0.02,Safe D,,
2026-09-06,IA-HD-63,IA,House,HD-63,1,,Jeff Thurlow,Michael Bergan,,Michael Bergan,R,True,False,-18.0,-16.75,-9.79,5.14,-7.43,2.06,0.0,5.3,,-9.86,0.2595,0.7405,Lean R,,
2026-09-06,IA-HD-64,IA,House,HD-64,1,,Brian Bruening,Jason Gearhart,,Jason Gearhart,R,True,False,-34.7,-33.37,-23.81,5.14,-7.43,-1.63,0.0,5.3,,-27.57,0.0357,0.9643,Safe R,,
2026-09-06,IA-HD-65,IA,House,HD-65,1,,Carolyn Wiezorek,Shannon Lundgren,,Shannon Lundgren,R,True,False,-25.6,-24.65,-16.45,5.14,-7.43,-3.32,0.0,5.3,,-21.9,0.076,0.924,Likely R,,
2026-09-06,IA-HD-66,IA,House,HD-66,1,,Matt English,Steve Bradley,,Steve Bradley,R,True,False,-30.9,-29.74,-20.75,5.14,-7.43,0.0,-5.0,5.3,,-27.88,0.0341,0.9659,Safe R,,
2026-09-06,IA-HD-67,IA,House,HD-67,1,,Michael Coonrad,Craig Johnson,,Craig Johnson,R,True,False,-32.9,-31.62,-22.33,5.14,-7.43,-1.2,0.0,5.3,,-25.66,0.0467,0.9533,Safe R,,
2026-09-06,IA-HD-68,IA,House,HD-68,1,,Scott Bodley,Chad Ingels,,Chad Ingels,R,True,False,-30.4,-28.48,-19.68,5.14,-7.43,2.9,0.0,5.3,,-18.91,0.1081,0.8919,Likely R,,
2026-09-06,IA-HD-69,IA,House,HD-69,1,,Randy Meier,Tom Determann,,Tom Determann,R,True,False,-12.3,-9.51,-3.68,5.14,-7.43,-1.0,0.0,5.3,,-6.81,0.3281,0.6719,Lean R,,
2026-09-06,IA-HD-7,IA,House,HD-7,1,,Rachel Burns,Wendy Larson,,Wendy Larson,R,True,False,-50.6,-50.11,-37.93,5.14,-7.43,0.0,-5.0,5.3,,-45.06,0.0016,0.9984,Safe R,,
2026-09-06,IA-HD-70,IA,House,HD-70,1,,George Pickup,Norlin Mommsen,,Norlin Mommsen,R,True,False,-28.6,-27.24,-18.64,5.14,-7.43,-5.27,0.0,5.3,,-26.04,0.0443,0.9557,Safe R,,
2026-09-06,IA-HD-71,IA,House,HD-71,1,,Sam Wooden,,,Lindsay James,D,False,True,7.9,9.98,12.76,5.14,0.0,0.0,0.0,5.3,D,18.06,0.98,0.02,Safe D,,
2026-09-06,IA-HD-72,IA,House,HD-72,1,,Matt Robinson,Jennifer Smith,,Jennifer Smith,R,True,False,-1.4,0.13,4.45,5.14,-7.43,0.61,0.0,5.3,,2.93,0.576,0.424,Toss-up,,
2026-09-06,IA-HD-73,IA,House,HD-73,1,,Elizabeth Wilson,,,Elizabeth Wilson,D,True,False,6.7,6.7,9.99,5.14,7.43,-1.9,0.0,5.3,D,20.83,0.98,0.02,Safe D,,
2026-09-06,IA-HD-74,IA,House,HD-74,1,,Eric Gjerde,,,Eric Gjerde,D,True,False,16.5,17.27,18.91,5.14,7.43,12.57,0.0,5.3,D,44.2,0.98,0.02,Safe D,,
2026-09-06,IA-HD-75,IA,House,HD-75,1,,Drew Stensland,,,Bob Kressig,D,False,True,8.8,10.39,13.1,5.14,0.0,0.0,0.0,5.3,D,18.4,0.98,0.02,Safe D,,
2026-09-06,IA-HD-76,IA,House,HD-76,1,,Calvin Horn,Matt Reisetter,,,,False,True,-18.2,-17.49,-10.41,5.14,0.0,0.0,0.0,5.3,,-5.11,0.369,0.631,Lean R,,
2026-09-06,IA-HD-77,IA,House,HD-77,1,,Jeff Cooling,,,Jeff Cooling,D,True,False,12.1,14.07,16.21,5.14,7.43,0.0,5.0,5.3,D,33.94,0.98,0.02,Safe D,,
2026-09-06,IA-HD-78,IA,House,HD-78,1,,Angel Ramirez,,,Angel Ramirez,D,True,False,32.5,34.56,33.48,5.14,7.43,0.0,5.0,5.3,D,51.21,0.98,0.02,Safe D,,
2026-09-06,IA-HD-79,IA,House,HD-79,1,,Tracy Ehlert,Barclay Woerner,,Tracy Ehlert,D,True,False,16.6,18.0,19.52,5.14,7.43,2.54,0.0,5.3,,34.79,0.9886,0.0114,Safe D,,
2026-09-06,IA-HD-8,IA,House,HD-8,1,,Kristofer Williams,Ann Meyer,,Ann Meyer,R,True,False,-26.7,-25.03,-16.77,5.14,-7.43,6.91,0.0,5.3,,-11.99,0.2165,0.7835,Likely R,,
2026-09-06,IA-HD-80,IA,House,HD-80,1,,Aime Wichtendahl,,,Aime Wichtendahl,D,True,False,9.3,9.55,12.39,5.14,7.43,-1.66,0.0,5.3,D,23.46,0.98,0.02,Safe D,,
2026-09-06,IA-HD-81,IA,House,HD-81,1,,Dan Gosa,Dillon Fillion,,Dan Gosa,D,True,False,1.3,3.33,7.15,5.14,7.43,0.0,5.0,5.3,,24.88,0.9481,0.0519,Likely D,,
2026-09-06,IA-HD-82,IA,House,HD-82,1,,James Behrmann,Bobby Kaufmann,,Bobby Kaufmann,R,True,False,-22.3,-20.97,-13.35,5.14,-7.43,-4.44,0.0,5.3,,-19.92,0.0963,0.9037,Likely R,,
2026-09-06,IA-HD-83,IA,House,HD-83,1,,Mike Bergman,Cindy Golding,,Cindy Golding,R,True,False,-10.5,-9.82,-3.94,5.14,-7.43,-2.44,0.0,5.3,,-8.51,0.2888,0.7112,Lean R,,
2026-09-06,IA-HD-84,IA,House,HD-84,1,,Polly Denison,Tom Gerhold,,Tom Gerhold,R,True,False,-27.6,-26.57,-18.07,5.14,-7.43,0.0,-5.0,5.3,,-25.2,0.0497,0.9503,Safe R,,
2026-09-06,IA-HD-85,IA,House,HD-85,1,,Amy Nielsen,,,Amy Nielsen,D,True,False,28.2,29.47,29.19,5.14,7.43,0.37,5.0,5.3,D,47.29,0.98,0.02,Safe D,,
2026-09-06,IA-HD-86,IA,House,HD-86,1,,Dave Jacoby,,,Dave Jacoby,D,True,False,49.6,51.36,47.65,5.14,7.43,-0.13,5.0,5.3,D,65.25,0.98,0.02,Safe D,,
2026-09-06,IA-HD-87,IA,House,HD-87,1,,Thomas O'Donnell,Jeff Shipley,,Jeff Shipley,R,True,False,-20.9,-20.12,-12.63,5.14,-7.43,3.54,0.0,5.3,,-11.22,0.2315,0.7685,Likely R,,
2026-09-06,IA-HD-88,IA,House,HD-88,1,,,Helena Hayes,,Helena Hayes,R,True,False,-49.1,-48.32,-36.42,5.14,-7.43,-0.45,0.0,5.3,R,-38.99,0.02,0.98,Safe R,,
2026-09-06,IA-HD-89,IA,House,HD-89,1,,Elinor Levin,,Daniel Arch,Elinor Levin,D,True,False,51.9,55.12,50.83,5.14,7.43,3.07,0.0,5.3,D,66.62,0.98,0.02,Safe D,,
2026-09-06,IA-HD-9,IA,House,HD-9,1,,,Henry Stone,,Henry Stone,R,True,False,-38.8,-37.93,-27.65,5.14,-7.43,2.3,0.0,5.3,R,-27.48,0.02,0.98,Safe R,,
2026-09-06,IA-HD-90,IA,House,HD-90,1,,Adam Zabner,,,Adam Zabner,D,True,False,53.2,55.7,51.32,5.14,7.43,0.0,5.0,5.3,D,69.05,0.98,0.02,Safe D,,
2026-09-06,IA-HD-91,IA,House,HD-91,1,,Mark Divitt,Judd Lawler,,Judd Lawler,R,True,False,-12.9,-12.53,-6.23,5.14,-7.43,1.15,0.0,5.3,,-7.21,0.3187,0.6813,Lean R,,
2026-09-06,IA-HD-92,IA,House,HD-92,1,,Brittany Erickson,Heather Hora,,Heather Hora,R,True,False,-15.2,-14.15,-7.59,5.14,-7.43,-1.83,0.0,5.3,,-11.56,0.2249,0.7751,Likely R,,
2026-09-06,IA-HD-93,IA,House,HD-93,1,,Keith Soko,Gary Mohr,,Gary Mohr,R,True,False,-8.1,-7.28,-1.8,5.14,-7.43,-3.99,0.0,5.3,,-7.92,0.3022,0.6978,Lean R,,
2026-09-06,IA-HD-94,IA,House,HD-94,1,,Karen Roebuck,Mike Vondran,,Mike Vondran,R,True,False,-7.9,-6.68,-1.29,5.14,-7.43,0.29,-5.0,5.3,,-8.13,0.2975,0.7025,Lean R,,
2026-09-06,IA-HD-95,IA,House,HD-95,1,,Carrie Trevino,Taylor Collins,,Taylor Collins,R,True,False,-41.0,-39.39,-28.88,5.14,-7.43,0.44,0.0,5.3,,-30.57,0.0228,0.9772,Safe R,,
2026-09-06,IA-HD-96,IA,House,HD-96,1,,Nick Salazar,Mark Cisneros,,Mark Cisneros,R,True,False,-12.5,-10.86,-4.82,5.14,-7.43,-2.09,0.0,5.3,,-9.04,0.2772,0.7228,Lean R,,
2026-09-06,IA-HD-97,IA,House,HD-97,1,,Adam Peters,Charlie Helmick,,Ken Croken,D,False,True,19.1,21.76,22.69,5.14,0.0,0.0,0.0,5.3,,27.99,0.9664,0.0336,Safe D,,
2026-09-06,IA-HD-98,IA,House,HD-98,1,,Andrew Fitzgerald,Nathan Ramker,,Monica Kurth,D,False,True,-1.7,1.2,5.35,5.14,0.0,0.75,0.0,5.3,,11.4,0.772,0.228,Likely D,,
2026-09-06,IA-HD-99,IA,House,HD-99,1,,Jennifer Kirkman,Matt Rinker,,Matt Rinker,R,True,False,-8.3,-6.73,-1.34,5.14,-7.43,0.0,-5.0,5.3,,-8.47,0.2899,0.7101,Lean R,,
2026-09-06,IA-SD-1,IA,Senate,SD-1,1,,Catelin Drey,Christopher Prosch,,Catelin Drey,D,True,False,-11.4,-9.53,-3.7,5.14,7.43,0.0,5.0,5.3,,14.03,0.8205,0.1795,Likely D,,
2026-09-06,IA-SD-11,IA,Senate,SD-11,1,,Sinikka Waugh,Hollie Arlene Zajicek,,,R,False,True,-21.9,-21.1,-13.46,5.14,0.0,0.0,0.0,5.3,,-8.16,0.2969,0.7031,Lean R,,
2026-09-06,IA-SD-13,IA,Senate,SD-13,1,,Brenda Case,Jeff Kulmatycki,,Cherielynn Westrich,R,False,True,-40.5,-38.93,-28.49,5.14,0.0,0.0,0.0,5.3,,-23.19,0.0647,0.9353,Likely R,,
2026-09-06,IA-SD-15,IA,Senate,SD-15,1,,Tony Bisignano,,,Tony Bisignano,D,True,False,16.8,18.65,20.07,5.14,7.43,0.0,5.0,5.3,D,37.8,0.98,0.02,Safe D,,
2026-09-06,IA-SD-17,IA,Senate,SD-17,1,,Samy El-Baroudi,Ronald Langston,,Izaah Knox,D,False,True,35.8,38.9,37.14,5.14,0.0,0.0,0.0,5.3,,42.44,0.9972,0.0028,Safe D,,
2026-09-06,IA-SD-19,IA,Senate,SD-19,1,,Zachary Mecham,Barb Kniff McCulla,,Ken Rozenboom,R,False,True,-35.1,-34.32,-24.61,5.14,0.0,0.0,0.0,5.3,,-19.31,0.1033,0.8967,Likely R,,
2026-09-06,IA-SD-21,IA,Senate,SD-21,1,,Heather Matson,John Hollinrake,,Mike Bousselot,R,False,True,-2.2,-1.87,2.76,5.14,0.0,2.04,0.0,5.3,,10.1,0.7455,0.2545,Lean D,,
2026-09-06,IA-SD-23,IA,Senate,SD-23,1,,Tony Thompson,Wes Enos,,Jack Whitver,R,False,True,-16.6,-16.3,-9.41,5.14,0.0,0.0,0.0,5.3,,-4.11,0.394,0.606,Lean R,,
2026-09-06,IA-SD-25,IA,Senate,SD-25,1,,Herman Quirmbach,Paul Wacker,,Herman Quirmbach,D,True,False,27.3,29.79,29.46,5.14,7.43,0.0,5.0,5.3,,47.2,0.999,0.001,Safe D,,
2026-09-06,IA-SD-27,IA,Senate,SD-27,1,,,Annette Sweeney,,Annette Sweeney,R,True,False,-29.5,-28.29,-19.52,5.14,-7.43,-2.48,0.0,5.3,R,-24.13,0.02,0.98,Safe R,,
2026-09-06,IA-SD-29,IA,Senate,SD-29,1,,Jim Vowels,Sandy Salmon,,Sandy Salmon,R,True,False,-30.4,-28.95,-20.08,5.14,-7.43,-3.06,0.0,5.3,,-25.26,0.0493,0.9507,Safe R,,
2026-09-06,IA-SD-3,IA,Senate,SD-3,1,,Mike Frantz,Lynn Evans,,Lynn Evans,R,True,False,-46.6,-46.55,-34.92,5.14,-7.43,0.0,-5.0,5.3,,-42.05,0.003,0.997,Safe R,,
2026-09-06,IA-SD-31,IA,Senate,SD-31,1,,Timi Brown Powers,,,Bill Dotzler,D,False,True,12.3,15.09,17.07,5.14,0.0,0.0,0.0,5.3,D,22.37,0.98,0.02,Safe D,,
2026-09-06,IA-SD-33,IA,Senate,SD-33,1,,Mary Ungs-Sogaard,Carrie Koelker,,Carrie Koelker,R,True,False,-28.2,-27.09,-18.51,5.14,-7.43,-2.15,0.0,5.3,,-22.79,0.0681,0.9319,Likely R,,
2026-09-06,IA-SD-35,IA,Senate,SD-35,1,,Mike Zimmer,Joe Stutting,,Mike Zimmer,D,True,False,-21.1,-19.06,-11.73,5.14,7.43,0.0,5.0,5.3,,6.0,0.6525,0.3475,Lean D,,
2026-09-06,IA-SD-37,IA,Senate,SD-37,1,,Molly Donahue,Randy Marzen,,Molly Donahue,D,True,False,11.3,11.72,14.22,5.14,7.43,5.86,0.0,5.3,,32.81,0.9841,0.0159,Safe D,,
2026-09-06,IA-SD-39,IA,Senate,SD-39,1,,Liz Bennett,Edward Bernie Hayes,,Liz Bennett,D,True,False,22.5,24.53,25.02,5.14,7.43,1.46,0.0,5.3,,39.22,0.9948,0.0052,Safe D,,
2026-09-06,IA-SD-41,IA,Senate,SD-41,1,,Tom Wieck,Kerry Gruenhagen,,Kerry Gruenhagen,R,True,False,-11.3,-9.52,-3.69,5.14,-7.43,-3.19,0.0,5.3,,-9.02,0.2777,0.7223,Lean R,,
2026-09-06,IA-SD-43,IA,Senate,SD-43,1,,Meghann Foster,,,Zach Wahls,D,False,True,38.3,39.79,37.9,5.14,0.0,0.0,0.0,5.3,D,43.2,0.98,0.02,Safe D,,
2026-09-06,IA-SD-45,IA,Senate,SD-45,1,,Janice Weiner,,,Janice Weiner,D,True,False,52.6,55.44,51.1,5.14,7.43,2.86,0.0,5.3,D,66.69,0.98,0.02,Safe D,,
2026-09-06,IA-SD-47,IA,Senate,SD-47,1,,Nikhil Wagle,Scott Webster,,Scott Webster,R,True,False,-8.0,-6.98,-1.55,5.14,-7.43,-2.61,0.0,5.3,,-6.3,0.3403,0.6597,Lean R,,
2026-09-06,IA-SD-49,IA,Senate,SD-49,1,,Cindy Winckler,Cynthia Mensendick,,Cindy Winckler,D,True,False,8.7,11.44,13.99,5.14,7.43,0.0,5.0,5.3,,31.72,0.981,0.019,Safe D,,
2026-09-06,IA-SD-5,IA,Senate,SD-5,1,,,Dave Rowley,Rachel Gravert,Dave Rowley,R,True,False,-41.0,-40.11,-29.49,5.14,-7.43,0.0,-5.0,5.3,R,-36.63,0.02,0.98,Safe R,,
2026-09-06,IA-SD-7,IA,Senate,SD-7,1,,,Kevin Alons,,Kevin Alons,R,True,False,-41.8,-40.99,-30.23,5.14,-7.43,0.0,-5.0,5.3,R,-37.36,0.02,0.98,Safe R,,
2026-09-06,IA-SD-9,IA,Senate,SD-9,1,,James Uhlenkamp,Steve Baier,,Tom Shipley,R,False,True,-42.1,-42.22,-31.27,5.14,0.0,0.0,0.0,5.3,,-25.97,0.0447,0.9553,Safe R,,
2026-09-06,ID-HD-10A,ID,House,HD-10,1,A,Michael Hofferber,Mike Moyle,,Mike Moyle,R,True,False,-59.3,-58.31,-47.75,1.69,-7.43,-5.42,0.0,5.3,,-55.3,0.0001,0.9999,Safe R,,
2026-09-06,ID-HD-10B,ID,House,HD-10,1,B,Beth Ann McFalls,Bruce Skaug,,Bruce Skaug,R,True,False,-59.3,-58.31,-47.75,1.69,-7.43,-12.41,0.0,5.3,,-62.29,0.0,1.0,Safe R,,
2026-09-06,ID-HD-11A,ID,House,HD-11,1,A,Marissa Wilson,Kent Marmon,,Kent Marmon,R,True,False,-33.2,-32.21,-25.74,1.69,-7.43,0.0,-5.0,5.3,,-32.87,0.0158,0.9842,Safe R,,
2026-09-06,ID-HD-11B,ID,House,HD-11,1,B,Joshua Preminger,Debbie Geyer,,Lucas Cayler,R,False,True,-33.2,-32.21,-25.74,1.69,0.0,0.0,0.0,5.3,,-20.44,0.0907,0.9093,Likely R,,
2026-09-06,ID-HD-12A,ID,House,HD-12,1,A,Sterling Barnett,Jeff Cornilles,,Jeff Cornilles,R,True,False,-40.1,-39.73,-32.08,1.69,-7.43,0.0,-5.0,5.3,,-39.21,0.0052,0.9948,Safe R,,
2026-09-06,ID-HD-12B,ID,House,HD-12,1,B,Curtis James,Jaron Crane,,Jaron Crane,R,True,False,-40.1,-39.73,-32.08,1.69,-7.43,0.0,-5.0,5.3,,-39.21,0.0052,0.9948,Safe R,,
2026-09-06,ID-HD-13A,ID,House,HD-13,1,A,Clifford Hohman,Brent Crane,,Brent Crane,R,True,False,-39.9,-40.43,-32.67,1.69,-7.43,-8.45,0.0,5.3,,-43.25,0.0023,0.9977,Safe R,,
2026-09-06,ID-HD-13B,ID,House,HD-13,1,B,Cody Gorman,Steve Tanner,,Steve Tanner,R,True,False,-39.9,-40.43,-32.67,1.69,-7.43,0.0,-5.0,5.3,,-39.8,0.0046,0.9954,Safe R,,
2026-09-06,ID-HD-14A,ID,House,HD-14,1,A,Jo Daly,Ted Hill,,Ted Hill,R,True,False,-49.0,-48.26,-39.28,1.69,-7.43,-1.84,0.0,5.3,,-43.25,0.0023,0.9977,Safe R,,
2026-09-06,ID-HD-14B,ID,House,HD-14,1,B,Valerie Ruxton,Josh Tanner,,Josh Tanner,R,True,False,-49.0,-48.26,-39.28,1.69,-7.43,-1.84,0.0,5.3,,-43.25,0.0023,0.9977,Safe R,,
2026-09-06,ID-HD-15A,ID,House,HD-15,1,A,Steve Berch,Steve Keyser,,Steve Berch,D,True,False,-5.1,-6.0,-3.63,1.69,7.43,3.1,0.0,5.3,,12.2,0.7875,0.2125,Likely D,,
2026-09-06,ID-HD-15B,ID,House,HD-15,1,B,Jae Etchart,Dori Healey,,Dori Healey,R,True,False,-5.1,-6.0,-3.63,1.69,-7.43,1.97,0.0,5.3,,-3.79,0.4022,0.5978,Toss-up,,
2026-09-06,ID-HD-16A,ID,House,HD-16,1,A,Megan Woller,Jackie Davidson,,Soñia Galaviz,D,False,True,19.0,19.18,17.61,1.69,0.0,0.0,0.0,5.3,,22.91,0.9329,0.0671,Likely D,,
2026-09-06,ID-HD-16B,ID,House,HD-16,1,B,Annie Henderson Haws,Chandler Hadraba,,Annie Henderson Haws,D,True,False,19.0,19.18,17.61,1.69,7.43,0.0,5.0,5.3,,35.34,0.9896,0.0104,Safe D,,
2026-09-06,ID-HD-17A,ID,House,HD-17,1,A,John Gannon,James R. Nechwedowich,,John Gannon,D,True,False,13.0,13.68,12.96,1.69,7.43,3.18,0.0,5.3,,28.87,0.9705,0.0295,Safe D,,
2026-09-06,ID-HD-17B,ID,House,HD-17,1,B,Megan Egbert,Justin Alexander Peter Hughes,,Megan Egbert,D,True,False,13.0,13.68,12.96,1.69,7.43,0.0,5.0,5.3,,30.69,0.9776,0.0224,Safe D,,
2026-09-06,ID-HD-18A,ID,House,HD-18,1,A,Ilana Rubel,,,Ilana Rubel,D,True,False,22.8,24.07,21.73,1.69,7.43,-0.46,0.0,5.3,D,34.0,0.98,0.02,Safe D,,
2026-09-06,ID-HD-18B,ID,House,HD-18,1,B,Brooke Green,,Joseph Bishop,Brooke Green,D,True,False,22.8,24.07,21.73,1.69,7.43,-0.46,0.0,5.3,D,34.0,0.98,0.02,Safe D,,
2026-09-06,ID-HD-19A,ID,House,HD-19,1,A,Monica Church,Bryan Hopkins,,Monica Church,D,True,False,30.1,34.97,30.92,1.69,7.43,0.0,5.0,5.3,,48.65,0.9993,0.0007,Safe D,,
2026-09-06,ID-HD-19B,ID,House,HD-19,1,B,Chris Mathias,Stanley Roach,,Chris Mathias,D,True,False,30.1,34.97,30.92,1.69,7.43,-0.44,0.0,5.3,,43.21,0.9976,0.0024,Safe D,,
2026-09-06,ID-HD-1A,ID,House,HD-1,1,A,Karen Matthee,Jane Sauter,,Mark Sauter,R,False,True,-46.7,-45.88,-37.27,1.69,0.0,0.0,0.0,5.3,,-31.97,0.0183,0.9817,Safe R,,
2026-09-06,ID-HD-1B,ID,House,HD-1,1,B,Kathryn Larson,Cornel Rasor,,Cornel Rasor,R,True,False,-46.7,-45.88,-37.27,1.69,-7.43,0.0,-5.0,5.3,,-44.4,0.0018,0.9982,Safe R,,
2026-09-06,ID-HD-20A,ID,House,HD-20,1,A,Jennifer Stephens,Joe Palmer,,Joe Palmer,R,True,False,-32.5,-32.58,-26.05,1.69,-7.43,-0.92,0.0,5.3,,-29.1,0.0285,0.9715,Safe R,,
2026-09-06,ID-HD-20B,ID,House,HD-20,1,B,Mary A. Mosley,James Holtzclaw,,James Holtzclaw,R,True,False,-32.5,-32.58,-26.05,1.69,-7.43,-0.92,0.0,5.3,,-29.1,0.0285,0.9715,Safe R,,
2026-09-06,ID-HD-21A,ID,House,HD-21,1,A,Camille Allan,James Petzke,,James Petzke,R,True,False,-29.9,-30.92,-24.65,1.69,-7.43,-12.32,0.0,5.3,,-39.11,0.0053,0.9947,Safe R,,
2026-09-06,ID-HD-21B,ID,House,HD-21,1,B,Casey Hess,Jeff Ehlers,Daniel S. Weston,Jeff Ehlers,R,True,False,-29.9,-30.92,-24.65,1.69,-7.43,-12.32,0.0,5.3,,-39.11,0.0053,0.9947,Safe R,,
2026-09-06,ID-HD-22A,ID,House,HD-22,1,A,Loren Petty,Kelly Walton,,John Vander Woude,R,False,True,-28.1,-28.46,-22.58,1.69,0.0,0.0,0.0,5.3,,-17.28,0.1293,0.8707,Likely R,,
2026-09-06,ID-HD-22B,ID,House,HD-22,1,B,Amanda Easley,Jason Monks,,Jason Monks,R,True,False,-28.1,-28.46,-22.58,1.69,-7.43,-3.77,0.0,5.3,,-28.48,0.0313,0.9687,Safe R,,
2026-09-06,ID-HD-23A,ID,House,HD-23,1,A,Emily Fisher,Chris Bruce,,Chris Bruce,R,True,False,-57.9,-56.72,-46.41,1.69,-7.43,0.0,-5.0,5.3,,-53.54,0.0002,0.9998,Safe R,,
2026-09-06,ID-HD-23B,ID,House,HD-23,1,B,Joe Fuller,Shawn Dygert,,Shawn Dygert,R,True,False,-57.9,-56.72,-46.41,1.69,-7.43,0.0,-5.0,5.3,,-53.54,0.0002,0.9998,Safe R,,
2026-09-06,ID-HD-24A,ID,House,HD-24,1,A,,Clint Hostetler,Kevin Moxley,Clint Hostetler,R,True,False,-60.7,-61.73,-50.63,1.69,-7.43,0.0,-5.0,5.3,R,-57.77,0.02,0.98,Safe R,,
2026-09-06,ID-HD-24B,ID,House,HD-24,1,B,Enrique Salas Viernes,Chance Requa,,Steve Miller,R,False,True,-60.7,-61.73,-50.63,1.69,0.0,0.0,0.0,5.3,,-45.33,0.0015,0.9985,Safe R,,
2026-09-06,ID-HD-25A,ID,House,HD-25,1,A,Marla Palmer,Grayson Stone,Liyah Babayan,Don Hall,R,False,True,-38.3,-38.1,-30.71,1.69,0.0,0.0,0.0,5.3,,-25.41,0.0483,0.9517,Safe R,,
2026-09-06,ID-HD-25B,ID,House,HD-25,1,B,,Cherie Vollmer,Jeremy Brown,David E. Leavitt,R,False,True,-38.3,-38.1,-30.71,1.69,0.0,0.0,0.0,5.3,R,-25.41,0.02,0.98,Safe R,,
2026-09-06,ID-HD-26A,ID,House,HD-26,1,A,Anita Janis,Mike Pohanka,Isabella Schiffler,Mike Pohanka,R,True,False,-5.2,-4.32,-2.22,1.69,-7.43,0.92,0.0,5.3,,-3.43,0.4113,0.5887,Toss-up,,
2026-09-06,ID-HD-26B,ID,House,HD-26,1,B,Kevin Marsh,Lyle Johnstone,,Jack Nelsen,R,False,True,-5.2,-4.32,-2.22,1.69,0.0,0.0,0.0,5.3,,3.08,0.5799,0.4201,Toss-up,,
2026-09-06,ID-HD-27A,ID,House,HD-27,1,A,,Doug Pickett,,Doug Pickett,R,True,False,-67.6,-68.57,-56.41,1.69,-7.43,0.0,-5.0,5.3,R,-63.54,0.02,0.98,Safe R,,
2026-09-06,ID-HD-27B,ID,House,HD-27,1,B,,Clay Handy,,Clay Handy,R,True,False,-67.6,-68.57,-56.41,1.69,-7.43,0.0,-5.0,5.3,R,-63.54,0.02,0.98,Safe R,,
2026-09-06,ID-HD-28A,ID,House,HD-28,1,A,Kim Jackman,Rick Cheatum,,Rick Cheatum,R,True,False,-50.7,-51.16,-41.72,1.69,-7.43,0.0,-5.0,5.3,,-48.85,0.0007,0.9993,Safe R,,
2026-09-06,ID-HD-28B,ID,House,HD-28,1,B,Jayson Meline,Dan Garner,,Dan Garner,R,True,False,-50.7,-51.16,-41.72,1.69,-7.43,0.0,-5.0,5.3,,-48.85,0.0007,0.9993,Safe R,,
2026-09-06,ID-HD-29A,ID,House,HD-29,1,A,Mary Shea,Dustin Manwaring,,Dustin Manwaring,R,True,False,-12.4,-12.1,-8.78,1.69,-7.43,3.25,0.0,5.3,,-7.66,0.3083,0.6917,Lean R,,
2026-09-06,ID-HD-29B,ID,House,HD-29,1,B,Nate Roberts,Jennifer Miles,,Tanya Burgoyne,R,False,True,-12.4,-12.1,-8.78,1.69,0.0,3.25,0.0,5.3,,-0.22,0.4941,0.5059,Toss-up,,
2026-09-06,ID-HD-2A,ID,House,HD-2,1,A,Birgid Niedenzu,Heather Scott,,Heather Scott,R,True,False,-62.6,-61.62,-50.55,1.69,-7.43,-6.68,0.0,5.3,,-59.36,0.0001,0.9999,Safe R,,
2026-09-06,ID-HD-2B,ID,House,HD-2,1,B,Sabine Krier,Dale Hawkins,,Dale Hawkins,R,True,False,-62.6,-61.62,-50.55,1.69,-7.43,-7.21,0.0,5.3,,-59.89,0.0,1.0,Safe R,,
2026-09-06,ID-HD-30A,ID,House,HD-30,1,A,,David Cannon,,David Cannon,R,True,False,-60.5,-61.16,-50.15,1.69,-7.43,-0.25,-5.0,5.3,R,-57.53,0.02,0.98,Safe R,,
2026-09-06,ID-HD-30B,ID,House,HD-30,1,B,Breane Buckingham,Ben Fuhriman,,Ben Fuhriman,R,True,False,-60.5,-61.16,-50.15,1.69,-7.43,0.0,-5.0,5.3,,-57.28,0.0001,0.9999,Safe R,,
2026-09-06,ID-HD-31A,ID,House,HD-31,1,A,Kindsey Smith,Jerald Raymond,,Jerald Raymond,R,True,False,-69.0,-70.87,-58.35,1.69,-7.43,-1.25,0.0,5.3,,-61.73,0.0,1.0,Safe R,,
2026-09-06,ID-HD-31B,ID,House,HD-31,1,B,Wendy Norman,Rod Furniss,,Rod Furniss,R,True,False,-69.0,-70.87,-58.35,1.69,-7.43,-1.25,0.0,5.3,,-61.73,0.0,1.0,Safe R,,
2026-09-06,ID-HD-32A,ID,House,HD-32,1,A,,Stephanie Mickelsen,,Stephanie Mickelsen,R,True,False,-49.5,-50.87,-41.48,1.69,-7.43,0.0,-5.0,5.3,R,-48.61,0.02,0.98,Safe R,,
2026-09-06,ID-HD-32B,ID,House,HD-32,1,B,Kamber Anne Weninger,Erin Bingham,,Erin Bingham,R,True,False,-49.5,-50.87,-41.48,1.69,-7.43,0.0,-5.0,5.3,,-48.61,0.0007,0.9993,Safe R,,
2026-09-06,ID-HD-33A,ID,House,HD-33,1,A,Chance Marshall,Barbara Ehardt,,Barbara Ehardt,R,True,False,-28.7,-29.88,-23.77,1.69,-7.43,-3.4,0.0,5.3,,-29.31,0.0276,0.9724,Safe R,,
2026-09-06,ID-HD-33B,ID,House,HD-33,1,B,Todd DeVries,Marco Erickson,,Marco Erickson,R,True,False,-28.7,-29.88,-23.77,1.69,-7.43,-3.4,0.0,5.3,,-29.31,0.0276,0.9724,Safe R,,
2026-09-06,ID-HD-34A,ID,House,HD-34,1,A,,Jon Weber,,Jon Weber,R,True,False,-64.3,-67.44,-55.46,1.69,-7.43,0.0,-5.0,5.3,R,-62.59,0.02,0.98,Safe R,,
2026-09-06,ID-HD-34B,ID,House,HD-34,1,B,,Britt Raybould,,Britt Raybould,R,True,False,-64.3,-67.44,-55.46,1.69,-7.43,0.0,-5.0,5.3,R,-62.59,0.02,0.98,Safe R,,
2026-09-06,ID-HD-35A,ID,House,HD-35,1,A,Walter Boyd,Mike Veile,,Mike Veile,R,True,False,-49.8,-51.22,-41.77,1.69,-7.43,0.0,-5.0,5.3,,-48.9,0.0007,0.9993,Safe R,,
2026-09-06,ID-HD-35B,ID,House,HD-35,1,B,Mary Kaufman,Josh Wheeler,,Josh Wheeler,R,True,False,-49.8,-51.22,-41.77,1.69,-7.43,0.0,-5.0,5.3,,-48.9,0.0007,0.9993,Safe R,,
2026-09-06,ID-HD-3A,ID,House,HD-3,1,A,Melissa Mateer,Vito Barbieri,,Vito Barbieri,R,True,False,-59.3,-58.49,-47.91,1.69,-7.43,17.49,0.0,5.3,,-32.55,0.0166,0.9834,Safe R,,
2026-09-06,ID-HD-3B,ID,House,HD-3,1,B,,Jordan Redman,,Jordan Redman,R,True,False,-59.3,-58.49,-47.91,1.69,-7.43,0.0,-5.0,5.3,R,-55.04,0.02,0.98,Safe R,,
2026-09-06,ID-HD-4A,ID,House,HD-4,1,A,Maxwell McSwain,Joe Alfieri,,Joe Alfieri,R,True,False,-31.1,-29.9,-23.79,1.69,-7.43,0.66,0.0,5.3,,-25.26,0.0493,0.9507,Safe R,,
2026-09-06,ID-HD-4B,ID,House,HD-4,1,B,Aaron Hayes,Elaine Price,,Elaine Price,R,True,False,-31.1,-29.9,-23.79,1.69,-7.43,0.66,0.0,5.3,,-25.26,0.0493,0.9507,Safe R,,
2026-09-06,ID-HD-5A,ID,House,HD-5,1,A,Mirna Pleines,Ron Mendive,,Ron Mendive,R,True,False,-56.4,-55.38,-45.28,1.69,-7.43,-1.2,0.0,5.3,,-48.61,0.0007,0.9993,Safe R,,
2026-09-06,ID-HD-5B,ID,House,HD-5,1,B,Lee Wallace,Tony Wisniewski,,Tony Wisniewski,R,True,False,-56.4,-55.38,-45.28,1.69,-7.43,-1.2,0.0,5.3,,-48.61,0.0007,0.9993,Safe R,,
2026-09-06,ID-HD-6A,ID,House,HD-6,1,A,Trish Carter-Goodheart,Colton Bennett,,Lori McCann,R,False,True,-18.6,-15.38,-11.55,1.69,0.0,0.0,0.0,5.3,,-6.25,0.3414,0.6586,Lean R,,
2026-09-06,ID-HD-6B,ID,House,HD-6,1,B,Kathy Dawes,Brandon Mitchell,,Brandon Mitchell,R,True,False,-18.6,-15.38,-11.55,1.69,-7.43,5.66,0.0,5.3,,-8.02,0.3,0.7,Lean R,,
2026-09-06,ID-HD-7A,ID,House,HD-7,1,A,Larry Nostrant,Kyle Harris,,Kyle Harris,R,True,False,-50.3,-51.94,-42.38,1.69,-7.43,0.0,-5.0,5.3,,-49.51,0.0006,0.9994,Safe R,,
2026-09-06,ID-HD-7B,ID,House,HD-7,1,B,Pete Gertonson,Charlie Shepherd,,Charlie Shepherd,R,True,False,-50.3,-51.94,-42.38,1.69,-7.43,0.0,-5.0,5.3,,-49.51,0.0006,0.9994,Safe R,,
2026-09-06,ID-HD-8A,ID,House,HD-8,1,A,,Rob Beiswenger,Heather Lewis,Rob Beiswenger,R,True,False,-41.6,-42.02,-34.01,1.69,-7.43,0.0,-5.0,5.3,R,-41.14,0.02,0.98,Safe R,,
2026-09-06,ID-HD-8B,ID,House,HD-8,1,B,Jared Dawson,Brian Beckley,Tony Ullrich,Faye Thompson,R,False,True,-41.6,-42.02,-34.01,1.69,0.0,0.0,0.0,5.3,,-28.71,0.0302,0.9698,Safe R,,
2026-09-06,ID-HD-9A,ID,House,HD-9,1,A,,John Shirts,,John Shirts,R,True,False,-62.9,-62.91,-51.63,1.69,-7.43,0.0,-5.0,5.3,R,-58.76,0.02,0.98,Safe R,,
2026-09-06,ID-HD-9B,ID,House,HD-9,1,B,Lupita Connor,Judy Boyle,,Judy Boyle,R,True,False,-62.9,-62.91,-51.63,1.69,-7.43,-7.2,0.0,5.3,,-60.97,0.0,1.0,Safe R,,
2026-09-06,ID-SD-1,ID,Senate,SD-1,1,,,Scott Herndon,Steve Johnson,Jim Woodward,R,False,True,-46.7,-45.88,-37.27,1.69,0.0,0.0,0.0,5.3,R,-31.97,0.02,0.98,Safe R,,
2026-09-06,ID-SD-10,ID,Senate,SD-10,1,,Nancy Parker,Tammy Nichols,,Tammy Nichols,R,True,False,-59.3,-58.31,-47.75,1.69,-7.43,-4.24,0.0,5.3,,-54.12,0.0002,0.9998,Safe R,,
2026-09-06,ID-SD-11,ID,Senate,SD-11,1,,Susan Counsil,Camille Blaylock,,Camille Blaylock,R,True,False,-33.2,-32.21,-25.74,1.69,-7.43,0.41,0.0,5.3,,-27.46,0.0363,0.9637,Safe R,,
2026-09-06,ID-SD-12,ID,Senate,SD-12,1,,Krystal Flippence,Ben Adams,,Ben Adams,R,True,False,-40.1,-39.73,-32.08,1.69,-7.43,-8.45,0.0,5.3,,-42.66,0.0026,0.9974,Safe R,,
2026-09-06,ID-SD-13,ID,Senate,SD-13,1,,Letishia Silva,Brian Lenney,,Brian Lenney,R,True,False,-39.9,-40.43,-32.67,1.69,-7.43,0.27,-5.0,5.3,,-39.53,0.0049,0.9951,Safe R,,
2026-09-06,ID-SD-14,ID,Senate,SD-14,1,,Ariel Olvera,Scott Grow,,Scott Grow,R,True,False,-49.0,-48.26,-39.28,1.69,-7.43,0.0,-5.0,5.3,,-46.41,0.0012,0.9988,Safe R,,
2026-09-06,ID-SD-15,ID,Senate,SD-15,1,,Nancy Gregory,Desi Burbank,,Codi Galloway,R,False,True,-5.1,-6.0,-3.63,1.69,0.0,0.0,0.0,5.3,,1.67,0.5434,0.4566,Toss-up,,
2026-09-06,ID-SD-16,ID,Senate,SD-16,1,,Soñia Galaviz,Geoffrey Surbeck,,Ali Rabe,D,False,True,19.0,19.18,17.61,1.69,0.0,0.0,0.0,5.3,,22.91,0.9329,0.0671,Likely D,,
2026-09-06,ID-SD-17,ID,Senate,SD-17,1,,Carrie Semmelroth,Benjamin Chafetz,Blaise Larrabee,Carrie Semmelroth,D,True,False,13.0,13.68,12.96,1.69,7.43,1.18,0.0,5.3,,26.88,0.9606,0.0394,Safe D,,
2026-09-06,ID-SD-18,ID,Senate,SD-18,1,,Janie Ward-Engelking,Dan Bridges,,Janie Ward-Engelking,D,True,False,22.8,24.07,21.73,1.69,7.43,2.8,0.0,5.3,,37.26,0.9926,0.0074,Safe D,,
2026-09-06,ID-SD-19,ID,Senate,SD-19,1,,Melissa Wintrow,Melissa J. Christian,,Melissa Wintrow,D,True,False,30.1,34.97,30.92,1.69,7.43,0.24,5.0,5.3,,48.89,0.9993,0.0007,Safe D,,
2026-09-06,ID-SD-2,ID,Senate,SD-2,1,,Valerie Wade,Phil Hart,,Phil Hart,R,True,False,-62.6,-61.62,-50.55,1.69,-7.43,1.63,0.0,5.3,,-51.05,0.0004,0.9996,Safe R,,
2026-09-06,ID-SD-20,ID,Senate,SD-20,1,,Pamela Renee Wilson,Josh Keyser,,Josh Keyser,R,True,False,-32.5,-32.58,-26.05,1.69,-7.43,-2.48,0.0,5.3,,-30.66,0.0225,0.9775,Safe R,,
2026-09-06,ID-SD-21,ID,Senate,SD-21,1,,Brenda H. Quick,Treg Bernt,,Treg Bernt,R,True,False,-29.9,-30.92,-24.65,1.69,-7.43,0.0,-5.0,5.3,,-31.78,0.0188,0.9812,Safe R,,
2026-09-06,ID-SD-22,ID,Senate,SD-22,1,,Karlie Easley,Lori Den Hartog,,Lori Den Hartog,R,True,False,-28.1,-28.46,-22.58,1.69,-7.43,-1.91,0.0,5.3,,-26.62,0.0409,0.9591,Safe R,,
2026-09-06,ID-SD-23,ID,Senate,SD-23,1,,Paul Morgan,Todd Lakey,Paul Smith,Todd Lakey,R,True,False,-57.9,-56.72,-46.41,1.69,-7.43,-3.26,0.0,5.3,,-51.8,0.0004,0.9996,Safe R,,
2026-09-06,ID-SD-24,ID,Senate,SD-24,1,,Mary Jo Durfee,Brent David Reinke,,Glenneda Zuiderveld,R,False,True,-60.7,-61.73,-50.63,1.69,0.0,0.0,0.0,5.3,,-45.33,0.0015,0.9985,Safe R,,
2026-09-06,ID-SD-25,ID,Senate,SD-25,1,,W. Lane Startin,Casey Hunter Swensen,,Josh Kohl,R,False,True,-38.3,-38.1,-30.71,1.69,0.0,0.0,0.0,5.3,,-25.41,0.0483,0.9517,Safe R,,
2026-09-06,ID-SD-26,ID,Senate,SD-26,1,,Ron Taylor,Bryan Hyde,Shaila Tate,Ron Taylor,D,True,False,-5.2,-4.32,-2.22,1.69,7.43,1.8,0.0,5.3,,12.31,0.7897,0.2103,Likely D,,
2026-09-06,ID-SD-27,ID,Senate,SD-27,1,,Margo Saunders,Kelly Anthon,,Kelly Anthon,R,True,False,-67.6,-68.57,-56.41,1.69,-7.43,0.0,-5.0,5.3,,-63.54,0.0,1.0,Safe R,,
2026-09-06,ID-SD-28,ID,Senate,SD-28,1,,Mandy Peace,Jim Guthrie,,Jim Guthrie,R,True,False,-50.7,-51.16,-41.72,1.69,-7.43,-1.32,0.0,5.3,,-45.18,0.0016,0.9984,Safe R,,
2026-09-06,ID-SD-29,ID,Senate,SD-29,1,,James Ruchti,John Crowder,,James Ruchti,D,True,False,-12.4,-12.1,-8.78,1.69,7.43,12.37,0.0,5.3,,16.33,0.8572,0.1428,Likely D,,
2026-09-06,ID-SD-3,ID,Senate,SD-3,1,,Brian Seguin,Doug Okuniewicz,,Doug Okuniewicz,R,True,False,-59.3,-58.49,-47.91,1.69,-7.43,-0.69,0.0,5.3,,-50.73,0.0005,0.9995,Safe R,,
2026-09-06,ID-SD-30,ID,Senate,SD-30,1,,Joni Lin Sorensen,Julie VanOrden,,Julie VanOrden,R,True,False,-60.5,-61.16,-50.15,1.69,-7.43,-2.66,0.0,5.3,,-54.94,0.0002,0.9998,Safe R,,
2026-09-06,ID-SD-31,ID,Senate,SD-31,1,,Kevin Gerrard,Van Burtenshaw,,Van Burtenshaw,R,True,False,-69.0,-70.87,-58.35,1.69,-7.43,-1.15,0.0,5.3,,-61.63,0.0,1.0,Safe R,,
2026-09-06,ID-SD-32,ID,Senate,SD-32,1,,Konnor Whitfield,Kevin Cook,,Kevin Cook,R,True,False,-49.5,-50.87,-41.48,1.69,-7.43,0.0,-5.0,5.3,,-48.61,0.0007,0.9993,Safe R,,
2026-09-06,ID-SD-33,ID,Senate,SD-33,1,,Jan Brown,Dave Lent,,Dave Lent,R,True,False,-28.7,-29.88,-23.77,1.69,-7.43,0.0,-5.0,5.3,,-30.91,0.0216,0.9784,Safe R,,
2026-09-06,ID-SD-34,ID,Senate,SD-34,1,,Ethan Golden Sanford,Doug Ricks,,Doug Ricks,R,True,False,-64.3,-67.44,-55.46,1.69,-7.43,-1.77,0.0,5.3,,-59.36,0.0001,0.9999,Safe R,,
2026-09-06,ID-SD-35,ID,Senate,SD-35,1,,Marty Rotz Kilhefner,Mark Harris,,Mark Harris,R,True,False,-49.8,-51.22,-41.77,1.69,-7.43,-0.88,0.0,5.3,,-44.79,0.0017,0.9983,Safe R,,
2026-09-06,ID-SD-4,ID,Senate,SD-4,1,,Carissa Brewer,Ben Toews,,Ben Toews,R,True,False,-31.1,-29.9,-23.79,1.69,-7.43,0.62,0.0,5.3,,-25.3,0.049,0.951,Safe R,,
2026-09-06,ID-SD-5,ID,Senate,SD-5,1,,Adam Chapman,Carl Bjerke,,Carl Bjerke,R,True,False,-56.4,-55.38,-45.28,1.69,-7.43,-0.7,0.0,5.3,,-48.12,0.0008,0.9992,Safe R,,
2026-09-06,ID-SD-6,ID,Senate,SD-6,1,,Robin Weldy,Dan Foreman,,Dan Foreman,R,True,False,-18.6,-15.38,-11.55,1.69,-7.43,8.85,0.0,5.3,,-4.83,0.376,0.624,Lean R,,
2026-09-06,ID-SD-7,ID,Senate,SD-7,1,,Patrice Yeatter,Cindy Carlson,,Cindy Carlson,R,True,False,-50.3,-51.94,-42.38,1.69,-7.43,1.24,0.0,5.3,,-43.27,0.0023,0.9977,Safe R,,
2026-09-06,ID-SD-8,ID,Senate,SD-8,1,,John H. Garrett,Christy Zito,,Christy Zito,R,True,False,-41.6,-42.02,-34.01,1.69,-7.43,-0.27,-5.0,5.3,,-41.42,0.0034,0.9966,Safe R,,
2026-09-06,ID-SD-9,ID,Senate,SD-9,1,,Janice Martell,Brandon Shippy,,Brandon Shippy,R,True,False,-62.9,-62.91,-51.63,1.69,-7.43,-1.05,0.0,5.3,,-54.82,0.0002,0.9998,Safe R,,
2026-09-06,IL-HD-1,IL,House,HD-1,1,,Aarón Ortíz,,,Aarón Ortíz,D,True,False,29.2,37.99,35.17,3.71,7.43,0.0,5.0,5.3,D,52.9,0.98,0.02,Safe D,,
2026-09-06,IL-HD-10,IL,House,HD-10,1,,Jawaharial Williams,,,Jawaharial Williams,D,True,False,69.1,72.73,64.47,3.71,7.43,0.0,5.0,5.3,D,82.2,0.98,0.02,Safe D,,
2026-09-06,IL-HD-100,IL,House,HD-100,1,,,C.D. Davidsmeyer,,C.D. Davidsmeyer,R,True,False,-49.6,-49.84,-38.91,3.71,-7.43,0.0,-5.0,5.3,R,-46.04,0.02,0.98,Safe R,,
2026-09-06,IL-HD-101,IL,House,HD-101,1,,Douglas Fagan,Chris Miller,,Chris Miller,R,True,False,-33.7,-34.32,-25.82,3.71,-7.43,0.0,-5.0,5.3,,-32.95,0.0156,0.9844,Safe R,,
2026-09-06,IL-HD-102,IL,House,HD-102,1,,,Adam Niemerg,,Adam Niemerg,R,True,False,-54.4,-54.7,-43.0,3.71,-7.43,-9.22,0.0,5.3,R,-54.35,0.02,0.98,Safe R,,
2026-09-06,IL-HD-103,IL,House,HD-103,1,,Carol Ammons,,,Carol Ammons,D,True,False,57.1,58.59,52.54,3.71,7.43,0.0,5.0,5.3,D,70.28,0.98,0.02,Safe D,,
2026-09-06,IL-HD-104,IL,House,HD-104,1,,Mary Catherine Roberson,Brandun Schweizer,,Brandun Schweizer,R,True,False,1.8,3.64,6.2,3.71,-7.43,-1.58,0.0,5.3,,2.49,0.5646,0.4354,Toss-up,,
2026-09-06,IL-HD-105,IL,House,HD-105,1,,,Tim Ruestman,,Dennis Tipsword,R,False,True,-27.2,-27.14,-19.76,3.71,0.0,0.0,0.0,5.3,R,-14.46,0.02,0.98,Safe R,,
2026-09-06,IL-HD-106,IL,House,HD-106,1,,,Jason Bunting,,Jason Bunting,R,True,False,-43.8,-43.76,-33.78,3.71,-7.43,0.0,-5.0,5.3,R,-40.91,0.02,0.98,Safe R,,
2026-09-06,IL-HD-107,IL,House,HD-107,1,,,Brad Halbrook,,Brad Halbrook,R,True,False,-52.7,-53.22,-41.76,3.71,-7.43,3.65,0.0,5.3,R,-40.24,0.02,0.98,Safe R,,
2026-09-06,IL-HD-108,IL,House,HD-108,1,,,Wayne Rosenthal,,Wayne Rosenthal,R,True,False,-37.2,-37.0,-28.08,3.71,-7.43,0.0,-5.0,5.3,R,-35.21,0.02,0.98,Safe R,,
2026-09-06,IL-HD-109,IL,House,HD-109,1,,,Charlie Meier,,Charlie Meier,R,True,False,-39.7,-39.73,-30.38,3.71,-7.43,0.0,-5.0,5.3,R,-37.51,0.02,0.98,Safe R,,
2026-09-06,IL-HD-11,IL,House,HD-11,1,,Ann Williams,,,Ann Williams,D,True,False,71.6,73.29,64.94,3.71,7.43,-1.51,0.0,5.3,D,76.16,0.98,0.02,Safe D,,
2026-09-06,IL-HD-110,IL,House,HD-110,1,,,Blaine Wilhour,,Blaine Wilhour,R,True,False,-56.8,-56.76,-44.75,3.71,-7.43,-0.12,-5.0,5.3,R,-51.99,0.02,0.98,Safe R,,
2026-09-06,IL-HD-111,IL,House,HD-111,1,,Rosetta Brown,Amy Elik,,Amy Elik,R,True,False,-12.3,-12.43,-7.36,3.71,-7.43,-0.2,-5.0,5.3,,-14.69,0.1683,0.8317,Likely R,,
2026-09-06,IL-HD-112,IL,House,HD-112,1,,Katie Stuart,Jimmy Ford,Andrew Stephen Cottingham,Katie Stuart,D,True,False,7.6,7.14,9.15,3.71,7.43,-0.23,5.0,5.3,,26.65,0.9593,0.0407,Safe D,,
2026-09-06,IL-HD-113,IL,House,HD-113,1,,Jay Hoffman,,,Jay Hoffman,D,True,False,19.9,19.53,19.6,3.71,7.43,-1.1,0.0,5.3,D,31.24,0.98,0.02,Safe D,,
2026-09-06,IL-HD-114,IL,House,HD-114,1,,George McClellan Jr.,Kevin Schmidt,,Kevin Schmidt,R,True,False,1.2,3.7,6.25,3.71,-7.43,-2.49,0.0,5.3,,1.63,0.5425,0.4575,Toss-up,,
2026-09-06,IL-HD-115,IL,House,HD-115,1,,,David Friess,,David Friess,R,True,False,-43.5,-43.75,-33.77,3.71,-7.43,8.92,0.0,5.3,R,-26.98,0.02,0.98,Safe R,,
2026-09-06,IL-HD-116,IL,House,HD-116,1,,,Dave Severin,,Dave Severin,R,True,False,-55.8,-55.89,-44.01,3.71,-7.43,0.0,-5.0,5.3,R,-51.14,0.02,0.98,Safe R,,
2026-09-06,IL-HD-117,IL,House,HD-117,1,,,Patrick Windhorst,,Patrick Windhorst,R,True,False,-53.8,-54.0,-42.41,3.71,-7.43,0.0,-5.0,5.3,R,-49.54,0.02,0.98,Safe R,,
2026-09-06,IL-HD-118,IL,House,HD-118,1,,Homer Markel,Scott Doody,,Paul Jacobs,R,False,True,-15.4,-15.6,-10.03,3.71,0.0,0.0,0.0,5.3,,-4.73,0.3785,0.6215,Lean R,,
2026-09-06,IL-HD-12,IL,House,HD-12,1,,Paul Kendrick,Justin Kumar,,Margaret Croke,D,False,True,61.4,63.06,56.31,3.71,0.0,0.0,0.0,5.3,,61.61,1.0,0.0,Safe D,,
2026-09-06,IL-HD-13,IL,House,HD-13,1,,Demi Palecek,Terry Le,Abdallah J. Alkodah,Hoan Huynh,D,False,True,76.4,77.99,68.9,3.71,0.0,0.0,0.0,5.3,,74.2,1.0,0.0,Safe D,,
2026-09-06,IL-HD-14,IL,House,HD-14,1,,Kelly Cassidy,,,Kelly Cassidy,D,True,False,75.4,78.26,69.13,3.71,7.43,0.0,5.0,5.3,D,86.86,0.98,0.02,Safe D,,
2026-09-06,IL-HD-15,IL,House,HD-15,1,,Michael Kelly,,,Michael Kelly,D,True,False,15.4,19.4,19.49,3.71,7.43,3.21,0.0,5.3,D,35.43,0.98,0.02,Safe D,,
2026-09-06,IL-HD-16,IL,House,HD-16,1,,Kevin Olickal,,,Kevin Olickal,D,True,False,19.4,26.38,25.38,3.71,7.43,4.94,0.0,5.3,D,43.05,0.98,0.02,Safe D,,
2026-09-06,IL-HD-17,IL,House,HD-17,1,,Jen Gong-Gershowitz,Jim Geldermann,,Jen Gong-Gershowitz,D,True,False,36.9,39.19,36.19,3.71,7.43,0.14,5.0,5.3,,54.05,0.9998,0.0002,Safe D,,
2026-09-06,IL-HD-18,IL,House,HD-18,1,,Robyn Gabel,Pete Donaghue,,Robyn Gabel,D,True,False,67.6,69.23,61.52,3.71,7.43,-3.87,0.0,5.3,,70.38,1.0,0.0,Safe D,,
2026-09-06,IL-HD-19,IL,House,HD-19,1,,Lindsey LaPointe,John Zimmers,,Lindsey LaPointe,D,True,False,29.5,32.24,30.32,3.71,7.43,-0.85,0.0,5.3,,42.2,0.9971,0.0029,Safe D,,
2026-09-06,IL-HD-2,IL,House,HD-2,1,,Lisa Hernandez,Laura Hruska,,Lisa Hernandez,D,True,False,30.8,35.93,33.43,3.71,7.43,5.15,0.0,5.3,,51.31,0.9996,0.0004,Safe D,,
2026-09-06,IL-HD-20,IL,House,HD-20,1,,,Brad Stephens,,Brad Stephens,R,True,False,-9.1,-6.17,-2.07,3.71,-7.43,-3.0,0.0,5.3,R,-7.21,0.02,0.98,Safe R,,
2026-09-06,IL-HD-21,IL,House,HD-21,1,,Abdelnasser Rashid,Eric Su,,Abdelnasser Rashid,D,True,False,26.5,30.45,28.81,3.71,7.43,-0.2,5.0,5.3,,46.34,0.9988,0.0012,Safe D,,
2026-09-06,IL-HD-22,IL,House,HD-22,1,,Angie Guerrero-Cuellar,,,Angie Guerrero-Cuellar,D,True,False,9.5,16.35,16.92,3.71,7.43,0.0,5.0,5.3,D,34.65,0.98,0.02,Safe D,,
2026-09-06,IL-HD-23,IL,House,HD-23,1,,Edgar González,,,Edgar González,D,True,False,36.6,47.94,43.56,3.71,7.43,0.0,5.0,5.3,D,61.29,0.98,0.02,Safe D,,
2026-09-06,IL-HD-24,IL,House,HD-24,1,,Theresa Mah,,,Theresa Mah,D,True,False,37.8,44.55,40.7,3.71,7.43,6.03,0.0,5.3,D,59.47,0.98,0.02,Safe D,,
2026-09-06,IL-HD-25,IL,House,HD-25,1,,Curtis Tarver,Antoinette Simmons,,Curtis Tarver,D,True,False,76.7,81.31,71.71,3.71,7.43,0.0,5.0,5.3,,89.44,1.0,0.0,Safe D,,
2026-09-06,IL-HD-26,IL,House,HD-26,1,,Kam Buckner,,,Kam Buckner,D,True,False,67.6,71.71,63.61,3.71,7.43,-3.13,0.0,5.3,D,73.21,0.98,0.02,Safe D,,
2026-09-06,IL-HD-27,IL,House,HD-27,1,,Justin Slaughter,,,Justin Slaughter,D,True,False,38.8,41.99,38.54,3.71,7.43,-1.49,0.0,5.3,D,49.78,0.98,0.02,Safe D,,
2026-09-06,IL-HD-28,IL,House,HD-28,1,,Bob Rita,,,Bob Rita,D,True,False,36.9,40.92,37.64,3.71,7.43,0.0,5.0,5.3,D,55.37,0.98,0.02,Safe D,,
2026-09-06,IL-HD-29,IL,House,HD-29,1,,Thaddeus Jones,,,Thaddeus Jones,D,True,False,40.5,44.33,40.51,3.71,7.43,-3.29,0.0,5.3,D,49.96,0.98,0.02,Safe D,,
2026-09-06,IL-HD-3,IL,House,HD-3,1,,Eva-Dina Delgado,,,Eva-Dina Delgado,D,True,False,51.2,55.77,50.16,3.71,7.43,0.0,5.0,5.3,D,67.89,0.98,0.02,Safe D,,
2026-09-06,IL-HD-30,IL,House,HD-30,1,,Bill Davis,,,Bill Davis,D,True,False,54.5,58.08,52.11,3.71,7.43,0.0,5.0,5.3,D,69.84,0.98,0.02,Safe D,,
2026-09-06,IL-HD-31,IL,House,HD-31,1,,Mike Crawford,,,Mike Crawford,D,True,False,41.3,47.1,42.85,3.71,7.43,0.0,5.0,5.3,D,60.58,0.98,0.02,Safe D,,
2026-09-06,IL-HD-32,IL,House,HD-32,1,,Lisa Davis,,,Lisa Davis,D,True,False,50.4,57.0,51.2,3.71,7.43,0.0,5.0,5.3,D,68.93,0.98,0.02,Safe D,,
2026-09-06,IL-HD-33,IL,House,HD-33,1,,Marcus Evans,,,Marcus Evans,D,True,False,66.0,69.28,61.56,3.71,7.43,0.86,0.0,5.3,D,75.16,0.98,0.02,Safe D,,
2026-09-06,IL-HD-34,IL,House,HD-34,1,,Cleopatra Cowley,,,Nick Smith,D,False,True,54.1,57.08,51.27,3.71,0.0,0.0,0.0,5.3,D,56.57,0.98,0.02,Safe D,,
2026-09-06,IL-HD-35,IL,House,HD-35,1,,Mary Gill,David Dewar,,Mary Gill,D,True,False,8.4,10.57,12.05,3.71,7.43,5.67,0.0,5.3,,30.44,0.9768,0.0232,Safe D,,
2026-09-06,IL-HD-36,IL,House,HD-36,1,,Rick Ryan,David Sheppard,,Rick Ryan,D,True,False,8.0,10.09,11.64,3.71,7.43,8.42,0.0,5.3,,32.79,0.984,0.016,Safe D,,
2026-09-06,IL-HD-37,IL,House,HD-37,1,,,Patrick Sheehan,,Patrick Sheehan,R,True,False,-19.8,-19.22,-13.08,3.71,-7.43,-3.66,0.0,5.3,R,-18.87,0.02,0.98,Safe R,,
2026-09-06,IL-HD-38,IL,House,HD-38,1,,Debbie Meyers-Martin,,,Debbie Meyers-Martin,D,True,False,40.6,41.77,38.36,3.71,7.43,0.0,5.0,5.3,D,56.09,0.98,0.02,Safe D,,
2026-09-06,IL-HD-39,IL,House,HD-39,1,,Will Guzzardi,Cesar Guillen,,Will Guzzardi,D,True,False,60.3,64.68,57.68,3.71,7.43,0.5,0.0,5.3,,70.91,1.0,0.0,Safe D,,
2026-09-06,IL-HD-4,IL,House,HD-4,1,,Lilian Jiménez,,,Lilian Jiménez,D,True,False,62.6,67.7,60.23,3.71,7.43,0.0,5.0,5.3,D,77.96,0.98,0.02,Safe D,,
2026-09-06,IL-HD-40,IL,House,HD-40,1,,Miguel Alvelo-Rivera,,,Jaime Andrade,D,False,True,63.3,67.09,59.72,3.71,0.0,0.0,0.0,5.3,D,65.02,0.98,0.02,Safe D,,
2026-09-06,IL-HD-41,IL,House,HD-41,1,,Janet Yang Rohr,Ajay Gupta,,Janet Yang Rohr,D,True,False,23.2,24.43,23.73,3.71,7.43,0.0,5.0,5.3,,41.47,0.9967,0.0033,Safe D,,
2026-09-06,IL-HD-42,IL,House,HD-42,1,,Margaret DeLaRosa,Stephanie Trussell,,Margaret DeLaRosa,D,True,False,21.0,22.5,22.1,3.71,7.43,0.0,5.0,5.3,,39.83,0.9954,0.0046,Safe D,,
2026-09-06,IL-HD-43,IL,House,HD-43,1,,Anna Moeller,,,Anna Moeller,D,True,False,20.9,24.88,24.11,3.71,7.43,0.3,5.0,5.3,D,42.15,0.98,0.02,Safe D,,
2026-09-06,IL-HD-44,IL,House,HD-44,1,,Fred Crespo,Ralph Black,,Fred Crespo,D,True,False,15.5,19.41,19.5,3.71,7.43,0.86,0.0,5.3,,33.09,0.9848,0.0152,Safe D,,
2026-09-06,IL-HD-45,IL,House,HD-45,1,,Marti Deuter,Gina Parrilli,,Marti Deuter,D,True,False,12.8,14.2,15.11,3.71,7.43,0.0,5.0,5.3,,32.84,0.9841,0.0159,Safe D,,
2026-09-06,IL-HD-46,IL,House,HD-46,1,,Diane Blair-Sherlock,Pedro Mendoza,,Diane Blair-Sherlock,D,True,False,9.7,13.17,14.24,3.71,7.43,1.28,0.0,5.3,,28.25,0.9676,0.0324,Safe D,,
2026-09-06,IL-HD-47,IL,House,HD-47,1,,Erica Bray-Parker,Robert Vrankovich,,Amy Grant,R,False,True,10.5,11.24,12.61,3.71,0.0,0.0,0.0,5.3,,17.91,0.8792,0.1208,Likely D,,
2026-09-06,IL-HD-48,IL,House,HD-48,1,,Amanda Zahorak,Jennifer Sanalitro,,Jennifer Sanalitro,R,True,False,-4.5,-2.68,0.87,3.71,-7.43,-3.17,0.0,5.3,,-4.43,0.3859,0.6141,Lean R,,
2026-09-06,IL-HD-49,IL,House,HD-49,1,,Maura Hirschauer,John Paul Augustynowicz,,Maura Hirschauer,D,True,False,8.6,10.94,12.35,3.71,7.43,-2.36,0.0,5.3,,22.73,0.9314,0.0686,Likely D,,
2026-09-06,IL-HD-5,IL,House,HD-5,1,,Kimberly Neely Dubuclet,,,Kimberly Du Buclet,D,False,True,73.0,75.66,66.94,3.71,0.0,0.27,0.0,5.3,D,72.51,0.98,0.02,Safe D,,
2026-09-06,IL-HD-50,IL,House,HD-50,1,,Barbara Hernandez,,,Barbara Hernandez,D,True,False,27.6,30.37,28.74,3.71,7.43,1.96,0.0,5.3,D,43.44,0.98,0.02,Safe D,,
2026-09-06,IL-HD-51,IL,House,HD-51,1,,Jenny Levin,Lori Smith,,Nabeela Syed,D,False,True,12.6,12.88,13.99,3.71,0.0,0.0,0.0,5.3,,19.29,0.8964,0.1036,Likely D,,
2026-09-06,IL-HD-52,IL,House,HD-52,1,,Maria Peterson,Marty McLaughlin,,Marty McLaughlin,R,True,False,5.0,5.38,7.67,3.71,-7.43,-2.82,0.0,5.3,,2.71,0.5705,0.4295,Toss-up,,
2026-09-06,IL-HD-53,IL,House,HD-53,1,,Nicolle Grasse,Elizabeth Bauer,,Nicolle Grasse,D,True,False,15.1,16.61,17.14,3.71,7.43,0.4,0.0,5.3,,30.26,0.9761,0.0239,Safe D,,
2026-09-06,IL-HD-54,IL,House,HD-54,1,,Mary Beth Canty,Joseph M. Tracy,,Mary Beth Canty,D,True,False,19.9,21.0,20.84,3.71,7.43,-0.77,0.0,5.3,,32.8,0.984,0.016,Safe D,,
2026-09-06,IL-HD-55,IL,House,HD-55,1,,Justin Cochran,Joseph Johnson,,Justin Cochran,D,True,False,6.8,9.79,11.38,3.71,7.43,0.0,5.0,5.3,,29.11,0.9715,0.0285,Safe D,,
2026-09-06,IL-HD-56,IL,House,HD-56,1,,Michelle Mussman,Rhys Read,,Michelle Mussman,D,True,False,11.5,14.11,15.03,3.71,7.43,-0.59,0.0,5.3,,27.17,0.9622,0.0378,Safe D,,
2026-09-06,IL-HD-57,IL,House,HD-57,1,,Tracy Katz Muhl,Daniel Behr,,Tracy Katz Muhl,D,True,False,25.6,27.23,26.09,3.71,7.43,-4.79,0.0,5.3,,34.03,0.987,0.013,Safe D,,
2026-09-06,IL-HD-58,IL,House,HD-58,1,,Bob Morgan,,,Bob Morgan,D,True,False,40.5,42.13,38.67,3.71,7.43,-2.19,0.0,5.3,D,49.21,0.98,0.02,Safe D,,
2026-09-06,IL-HD-59,IL,House,HD-59,1,,Dan Didech,,,Dan Didech,D,True,False,29.7,31.43,29.63,3.71,7.43,0.0,5.0,5.3,D,47.36,0.98,0.02,Safe D,,
2026-09-06,IL-HD-6,IL,House,HD-6,1,,Sonya Harper,,,Sonya Harper,D,True,False,61.4,67.56,60.11,3.71,7.43,0.57,0.0,5.3,D,73.41,0.98,0.02,Safe D,,
2026-09-06,IL-HD-60,IL,House,HD-60,1,,Rita Mayfield,,,Rita Mayfield,D,True,False,39.1,43.37,39.71,3.71,7.43,0.0,5.0,5.3,D,57.44,0.98,0.02,Safe D,,
2026-09-06,IL-HD-61,IL,House,HD-61,1,,Joyce Mason,Tina Durrant,,Joyce Mason,D,True,False,15.1,16.44,16.99,3.71,7.43,-2.2,0.0,5.3,,27.52,0.9641,0.0359,Safe D,,
2026-09-06,IL-HD-62,IL,House,HD-62,1,,Laura Faver Dias,,,Laura Faver Dias,D,True,False,21.2,22.38,22.01,3.71,7.43,0.0,5.0,5.3,D,39.74,0.98,0.02,Safe D,,
2026-09-06,IL-HD-63,IL,House,HD-63,1,,,Steve Reick,,Steve Reick,R,True,False,0.8,0.61,3.64,3.71,-7.43,0.0,-5.0,5.3,R,-3.49,0.02,0.98,Safe R,,
2026-09-06,IL-HD-64,IL,House,HD-64,1,,AJ Johnson,Tom Weber,,Tom Weber,R,True,False,-13.2,-13.03,-7.86,3.71,-7.43,-2.56,0.0,5.3,,-12.55,0.206,0.794,Likely R,,
2026-09-06,IL-HD-65,IL,House,HD-65,1,,Ricky Rivard,Dan Ugaste,,Dan Ugaste,R,True,False,-1.1,-0.86,2.4,3.71,-7.43,-3.77,0.0,5.3,,-3.5,0.4095,0.5905,Toss-up,,
2026-09-06,IL-HD-66,IL,House,HD-66,1,,Suzanne Ness,Laurie Parman,,Suzanne Ness,D,True,False,6.4,7.54,9.48,3.71,7.43,-1.77,0.0,5.3,,20.44,0.9094,0.0906,Likely D,,
2026-09-06,IL-HD-67,IL,House,HD-67,1,,Maurice West,,,Maurice West,D,True,False,12.3,13.88,14.83,3.71,7.43,1.75,0.0,5.3,D,29.31,0.98,0.02,Safe D,,
2026-09-06,IL-HD-68,IL,House,HD-68,1,,Dave Vella,Kathy Easton,,Dave Vella,D,True,False,8.8,9.18,10.87,3.71,7.43,-2.37,0.0,5.3,,21.24,0.9176,0.0824,Likely D,,
2026-09-06,IL-HD-69,IL,House,HD-69,1,,Peter Janko,Joe Sosnowski,,Joe Sosnowski,R,True,False,-12.8,-12.55,-7.46,3.71,-7.43,-6.81,0.0,5.3,,-16.4,0.1417,0.8583,Likely R,,
2026-09-06,IL-HD-7,IL,House,HD-7,1,,Emanuel "Chris" Welch,,,Emanuel "Chris" Welch,D,True,False,53.5,55.84,50.22,3.71,7.43,-1.42,0.0,5.3,D,61.54,0.98,0.02,Safe D,,
2026-09-06,IL-HD-70,IL,House,HD-70,1,,Veronica Garcia-Martinez,Jeff Keicher,,Jeff Keicher,R,True,False,-6.5,-5.82,-1.78,3.71,-7.43,-4.18,0.0,5.3,,-8.09,0.2983,0.7017,Lean R,,
2026-09-06,IL-HD-71,IL,House,HD-71,1,,Kermit Thomas,Dan Swanson,,Dan Swanson,R,True,False,-7.6,-6.65,-2.48,3.71,-7.43,0.0,-5.0,5.3,,-9.61,0.2649,0.7351,Lean R,,
2026-09-06,IL-HD-72,IL,House,HD-72,1,,Gregg Johnson,,,Gregg Johnson,D,True,False,18.2,19.35,19.45,3.71,7.43,0.25,5.0,5.3,D,37.43,0.98,0.02,Safe D,,
2026-09-06,IL-HD-73,IL,House,HD-73,1,,Nicole Dopler,Ryan Spain,,Ryan Spain,R,True,False,-24.8,-24.89,-17.87,3.71,-7.43,0.0,-5.0,5.3,,-25.0,0.0511,0.9489,Likely R,,
2026-09-06,IL-HD-74,IL,House,HD-74,1,,Nolan Kemp,Brad Fritts,,Brad Fritts,R,True,False,-16.8,-13.09,-7.91,3.71,-7.43,0.0,-5.0,5.3,,-15.04,0.1627,0.8373,Likely R,,
2026-09-06,IL-HD-75,IL,House,HD-75,1,,Caroline McCree,Jed Davis,,Jed Davis,R,True,False,-17.5,-17.16,-11.35,3.71,-7.43,-1.6,0.0,5.3,,-15.08,0.162,0.838,Likely R,,
2026-09-06,IL-HD-76,IL,House,HD-76,1,,Murri Briel,Liz Bishop,,Murri Briel,D,True,False,6.0,5.42,7.7,3.71,7.43,-1.11,0.0,5.3,,19.33,0.8969,0.1031,Likely D,,
2026-09-06,IL-HD-77,IL,House,HD-77,1,,Norma Hernandez,Anthony Airdo,,Norma Hernandez,D,True,False,8.2,11.79,13.07,3.71,7.43,4.46,0.0,5.3,,30.26,0.9761,0.0239,Safe D,,
2026-09-06,IL-HD-78,IL,House,HD-78,1,,Camille Lilly,Julian-Jahleel Jemison,,Camille Lilly,D,True,False,66.6,68.76,61.12,3.71,7.43,0.0,5.0,5.3,,78.85,1.0,0.0,Safe D,,
2026-09-06,IL-HD-79,IL,House,HD-79,1,,,Jackie Haas,,Jackie Haas,R,True,False,-4.7,-5.21,-1.26,3.71,-7.43,-4.59,0.0,5.3,R,-7.99,0.02,0.98,Safe R,,
2026-09-06,IL-HD-8,IL,House,HD-8,1,,Shantel Franklin,,,La Shawn Ford,D,False,True,53.4,58.08,52.11,3.71,0.0,0.0,0.0,5.3,D,57.41,0.98,0.02,Safe D,,
2026-09-06,IL-HD-80,IL,House,HD-80,1,,Anthony DeLuca,Adam Beaty,,Anthony DeLuca,D,True,False,5.1,8.81,10.56,3.71,7.43,6.31,0.0,5.3,,29.6,0.9736,0.0264,Safe D,,
2026-09-06,IL-HD-81,IL,House,HD-81,1,,Anne Stava,Laura Hois,,Anne Stava,D,True,False,21.2,22.2,21.85,3.71,7.43,-6.69,0.0,5.3,,27.89,0.9659,0.0341,Safe D,,
2026-09-06,IL-HD-82,IL,House,HD-82,1,,,Nicole La Ha,,Nicole La Ha,R,True,False,-6.2,-5.17,-1.23,3.71,-7.43,-4.72,0.0,5.3,R,-8.09,0.02,0.98,Safe R,,
2026-09-06,IL-HD-83,IL,House,HD-83,1,,Matt Hanson,Jesse Rodriguez,,Matt Hanson,D,True,False,16.4,16.59,17.12,3.71,7.43,-3.59,0.0,5.3,,26.26,0.957,0.043,Safe D,,
2026-09-06,IL-HD-84,IL,House,HD-84,1,,Saba Haider,Brian Scopa,,Stephanie Kifowit,D,False,True,26.7,29.2,27.76,3.71,0.0,0.0,0.0,5.3,,33.06,0.9847,0.0153,Safe D,,
2026-09-06,IL-HD-85,IL,House,HD-85,1,,Dee Avelar,Chris Metcalfe,,Dee Avelar,D,True,False,17.2,20.21,20.18,3.71,7.43,-1.34,0.0,5.3,,31.57,0.9805,0.0195,Safe D,,
2026-09-06,IL-HD-86,IL,House,HD-86,1,,Lawrence Walsh, Jr.,,,Lawrence Walsh, Jr.,D,True,False,7.8,8.78,10.53,3.71,7.43,0.0,5.0,5.3,D,28.27,0.98,0.02,Safe D,,
2026-09-06,IL-HD-87,IL,House,HD-87,1,,,Bill Hauter,,Bill Hauter,R,True,False,-37.4,-38.29,-29.16,3.71,-7.43,0.0,-5.0,5.3,R,-36.29,0.02,0.98,Safe R,,
2026-09-06,IL-HD-88,IL,House,HD-88,1,,,Regan Deering,,Regan Deering,R,True,False,-19.6,-20.85,-14.46,3.71,-7.43,0.0,-5.0,5.3,R,-21.59,0.02,0.98,Safe R,,
2026-09-06,IL-HD-89,IL,House,HD-89,1,,,Tony McCombie,,Tony McCombie,R,True,False,-29.1,-28.44,-20.86,3.71,-7.43,-6.84,0.0,5.3,R,-29.83,0.02,0.98,Safe R,,
2026-09-06,IL-HD-9,IL,House,HD-9,1,,Yolonda Morris,,,Yolonda Morris,D,True,False,63.6,68.14,60.6,3.71,7.43,0.0,5.0,5.3,D,78.33,0.98,0.02,Safe D,,
2026-09-06,IL-HD-90,IL,House,HD-90,1,,,John Cabello,,John Cabello,R,True,False,-14.9,-14.17,-8.82,3.71,-7.43,-3.6,0.0,5.3,R,-14.55,0.02,0.98,Safe R,,
2026-09-06,IL-HD-91,IL,House,HD-91,1,,Sharon Chung,,,Sharon Chung,D,True,False,10.2,7.71,9.63,3.71,7.43,-1.23,0.0,5.3,D,21.13,0.98,0.02,Safe D,,
2026-09-06,IL-HD-92,IL,House,HD-92,1,,Jehan Gordon-Booth,,,Jehan Gordon-Booth,D,True,False,26.0,26.16,25.19,3.71,7.43,0.0,5.0,5.3,D,42.92,0.98,0.02,Safe D,,
2026-09-06,IL-HD-93,IL,House,HD-93,1,,,Travis Weaver,,Travis Weaver,R,True,False,-25.5,-25.57,-18.44,3.71,-7.43,0.0,-5.0,5.3,R,-25.57,0.02,0.98,Safe R,,
2026-09-06,IL-HD-94,IL,House,HD-94,1,,,Joshua Higgins,,Norine Hammond,R,False,True,-35.4,-35.03,-26.42,3.71,0.0,0.0,0.0,5.3,R,-21.12,0.02,0.98,Safe R,,
2026-09-06,IL-HD-95,IL,House,HD-95,1,,,Mike Coffey,,Mike Coffey,R,True,False,-5.3,-5.32,-1.36,3.71,-7.43,-5.77,0.0,5.3,R,-9.26,0.02,0.98,Safe R,,
2026-09-06,IL-HD-96,IL,House,HD-96,1,,Sue Scherer,,,Sue Scherer,D,True,False,15.7,15.47,16.18,3.71,7.43,-1.59,0.0,5.3,D,27.32,0.98,0.02,Safe D,,
2026-09-06,IL-HD-97,IL,House,HD-97,1,,Jessica Dixon Heitman,Gabby Shanahan,,Jessica Dixon Heitman,D,True,False,4.2,6.08,8.25,3.71,7.43,-0.09,5.0,5.3,,25.89,0.9548,0.0452,Safe D,,
2026-09-06,IL-HD-98,IL,House,HD-98,1,,Natalie Manley,Nona Parker,,Natalie Manley,D,True,False,15.7,17.96,18.28,3.71,7.43,-1.25,0.0,5.3,,29.76,0.9742,0.0258,Safe D,,
2026-09-06,IL-HD-99,IL,House,HD-99,1,,,Kyle Moore,,Kyle Moore,R,True,False,-40.1,-40.46,-30.99,3.71,-7.43,0.0,-5.0,5.3,R,-38.12,0.02,0.98,Safe R,,
2026-09-06,IL-SD-11,IL,Senate,SD-11,1,,Mike Porfirio,,,Mike Porfirio,D,True,False,18.1,23.54,22.99,3.71,7.43,2.1,0.0,5.3,D,37.81,0.98,0.02,Safe D,,
2026-09-06,IL-SD-12,IL,Senate,SD-12,1,,Celina Villanueva,,Jordan Villas,Celina Villanueva,D,True,False,37.4,45.92,41.86,3.71,7.43,0.0,5.0,5.3,D,59.59,0.98,0.02,Safe D,,
2026-09-06,IL-SD-14,IL,Senate,SD-14,1,,Emil Jones,Brian Skala,,Emil Jones,D,True,False,37.9,41.5,38.13,3.71,7.43,0.0,5.0,5.3,,55.86,0.9999,0.0001,Safe D,,
2026-09-06,IL-SD-15,IL,Senate,SD-15,1,,Napoleon Harris,,,Napoleon Harris,D,True,False,47.2,50.89,46.05,3.71,7.43,0.0,5.0,5.3,D,63.78,0.98,0.02,Safe D,,
2026-09-06,IL-SD-17,IL,Senate,SD-17,1,,Elgie R. Sims, Jr.,Frederick L. Walls,,Elgie R. Sims, Jr.,D,True,False,59.7,62.75,56.05,3.71,7.43,-0.34,5.0,5.3,,73.45,1.0,0.0,Safe D,,
2026-09-06,IL-SD-18,IL,Senate,SD-18,1,,Frances Ann Hurley,Christine McGovern,,Bill Cunningham,D,False,True,8.2,10.35,11.86,3.71,0.0,0.0,0.0,5.3,,17.16,0.8691,0.1309,Likely D,,
2026-09-06,IL-SD-2,IL,Senate,SD-2,1,,Omar Aquino,,,Omar Aquino,D,True,False,56.7,61.49,54.99,3.71,7.43,0.0,5.0,5.3,D,72.72,0.98,0.02,Safe D,,
2026-09-06,IL-SD-20,IL,Senate,SD-20,1,,Graciela Guzmán,,,Graciela Guzmán,D,True,False,61.8,65.93,58.73,3.71,7.43,0.0,5.0,5.3,D,76.46,0.98,0.02,Safe D,,
2026-09-06,IL-SD-21,IL,Senate,SD-21,1,,Laura Ellman,Julie Berkowicz,,Laura Ellman,D,True,False,22.1,23.45,22.91,3.71,7.43,-2.22,0.0,5.3,,33.42,0.9856,0.0144,Safe D,,
2026-09-06,IL-SD-23,IL,Senate,SD-23,1,,Suzy Glowiak Hilton,Linda Polacek,,Suzy Glowiak Hilton,D,True,False,11.5,13.79,14.76,3.71,7.43,0.0,5.0,5.3,,32.49,0.9832,0.0168,Safe D,,
2026-09-06,IL-SD-24,IL,Senate,SD-24,1,,Ben McAdams,Seth Lewis,,Seth Lewis,R,True,False,3.4,4.76,7.14,3.71,-7.43,-6.03,0.0,5.3,,-1.02,0.4734,0.5266,Toss-up,,
2026-09-06,IL-SD-26,IL,Senate,SD-26,1,,Nabeela Syed,Darby Hills,,Darby Hills,R,True,False,8.8,9.12,10.82,3.71,-7.43,-1.81,0.0,5.3,,6.88,0.6736,0.3264,Lean D,,
2026-09-06,IL-SD-27,IL,Senate,SD-27,1,,Carina Santa Maria,David Mathis,,Mark Walker,D,False,True,17.5,18.89,19.06,3.71,0.0,0.0,0.0,5.3,,24.36,0.9444,0.0556,Likely D,,
2026-09-06,IL-SD-29,IL,Senate,SD-29,1,,Julie Morrison,Kate McGrath,,Julie Morrison,D,True,False,33.4,34.99,32.64,3.71,7.43,0.0,5.0,5.3,,50.37,0.9995,0.0005,Safe D,,
2026-09-06,IL-SD-3,IL,Senate,SD-3,1,,Mattie Hunter,,,Mattie Hunter,D,True,False,68.2,72.15,63.98,3.71,7.43,0.0,5.0,5.3,D,81.71,0.98,0.02,Safe D,,
2026-09-06,IL-SD-30,IL,Senate,SD-30,1,,Adriane Johnson,,,Adriane Johnson,D,True,False,33.3,36.02,33.51,3.71,7.43,0.0,5.0,5.3,D,51.24,0.98,0.02,Safe D,,
2026-09-06,IL-SD-32,IL,Senate,SD-32,1,,Karen Battaglia,Craig Wilcox,,Craig Wilcox,R,True,False,-6.2,-6.26,-2.15,3.71,-7.43,-2.33,0.0,5.3,,-6.61,0.3329,0.6671,Lean R,,
2026-09-06,IL-SD-33,IL,Senate,SD-33,1,,Michele Clark,Danielle Penman,,Don DeWitte,R,False,True,2.4,3.07,5.72,3.71,0.0,0.0,0.0,5.3,,11.02,0.7645,0.2355,Likely D,,
2026-09-06,IL-SD-35,IL,Senate,SD-35,1,,Sarah Mertens,Dave Syverson,,Dave Syverson,R,True,False,-9.5,-8.93,-4.4,3.71,-7.43,0.0,-5.0,5.3,,-11.53,0.2254,0.7746,Likely R,,
2026-09-06,IL-SD-36,IL,Senate,SD-36,1,,Mike Halpin,Brad Beekman,,Mike Halpin,D,True,False,4.8,5.75,7.98,3.71,7.43,0.0,5.0,5.3,,25.71,0.9537,0.0463,Safe D,,
2026-09-06,IL-SD-38,IL,Senate,SD-38,1,,Ernie Marcelain,Sue Rezin,,Sue Rezin,R,True,False,-6.6,-6.78,-2.59,3.71,-7.43,0.0,-5.0,5.3,,-9.72,0.2625,0.7375,Lean R,,
2026-09-06,IL-SD-39,IL,Senate,SD-39,1,,Don Harmon,,,Don Harmon,D,True,False,44.2,47.17,42.92,3.71,7.43,0.0,5.0,5.3,D,60.65,0.98,0.02,Safe D,,
2026-09-06,IL-SD-41,IL,Senate,SD-41,1,,,John Curran,,John Curran,R,True,False,7.5,8.6,10.39,3.71,-7.43,0.0,-5.0,5.3,R,3.26,0.02,0.98,Safe R,,
2026-09-06,IL-SD-42,IL,Senate,SD-42,1,,Jared Ploger,Edgardo Perez,,Linda Holmes,D,True,False,21.0,22.43,22.05,3.71,7.43,0.0,5.0,5.3,,39.78,0.9954,0.0046,Safe D,,
2026-09-06,IL-SD-44,IL,Senate,SD-44,1,,,Sally Turner,,Sally Turner,R,True,False,-28.4,-29.28,-21.56,3.71,-7.43,0.0,-5.0,5.3,R,-28.69,0.02,0.98,Safe R,,
2026-09-06,IL-SD-45,IL,Senate,SD-45,1,,Joe Berning,Andrew Chesney,,Andrew Chesney,R,True,False,-22.3,-21.5,-15.01,3.71,-7.43,-4.57,0.0,5.3,,-21.71,0.0778,0.9222,Likely R,,
2026-09-06,IL-SD-47,IL,Senate,SD-47,1,,,Neil Anderson,,Neil Anderson,R,True,False,-30.6,-30.48,-22.58,3.71,-7.43,0.0,-5.0,5.3,R,-29.71,0.02,0.98,Safe R,,
2026-09-06,IL-SD-48,IL,Senate,SD-48,1,,Doris Turner,Frank Lesko,,Doris Turner,D,True,False,3.3,3.67,6.23,3.71,7.43,-0.77,0.0,5.3,,18.18,0.8828,0.1172,Likely D,,
2026-09-06,IL-SD-5,IL,Senate,SD-5,1,,Lakesia Collins,,,Lakesia Collins,D,True,False,66.5,70.57,62.65,3.71,7.43,0.0,5.0,5.3,D,80.38,0.98,0.02,Safe D,,
2026-09-06,IL-SD-50,IL,Senate,SD-50,1,,,Jil Tracy,,Jil Tracy,R,True,False,-45.4,-45.59,-35.32,3.71,-7.43,0.0,-5.0,5.3,R,-42.45,0.02,0.98,Safe R,,
2026-09-06,IL-SD-51,IL,Senate,SD-51,1,,,Chapin Rose,,Chapin Rose,R,True,False,-44.3,-44.88,-34.72,3.71,-7.43,0.0,-5.0,5.3,R,-41.85,0.02,0.98,Safe R,,
2026-09-06,IL-SD-53,IL,Senate,SD-53,1,,,Chris Balkema,,Chris Balkema,R,True,False,-35.2,-35.31,-26.65,3.71,-7.43,0.0,-5.0,5.3,R,-33.78,0.02,0.98,Safe R,,
2026-09-06,IL-SD-54,IL,Senate,SD-54,1,,,Steve McClure,,Steve McClure,R,True,False,-44.8,-44.9,-34.74,3.71,-7.43,0.0,-5.0,5.3,R,-41.87,0.02,0.98,Safe R,,
2026-09-06,IL-SD-56,IL,Senate,SD-56,1,,Marsia Geldert-Murphey,Erica Harriss,,Erica Harriss,R,True,False,-2.0,-2.47,1.04,3.71,-7.43,0.0,-5.0,5.3,,-6.09,0.3453,0.6547,Lean R,,
2026-09-06,IL-SD-57,IL,Senate,SD-57,1,,Christopher Belt,Daniel Rhyne,,Christopher Belt,D,True,False,10.6,11.68,12.98,3.71,7.43,1.31,0.0,5.3,,27.02,0.9614,0.0386,Safe D,,
2026-09-06,IL-SD-59,IL,Senate,SD-59,1,,Tamiko Mueller,Paul Jacobs,,Dale Fowler,R,False,True,-35.4,-35.74,-27.01,3.71,0.0,-2.68,0.0,5.3,,-24.4,0.0553,0.9447,Likely R,,
2026-09-06,IL-SD-6,IL,Senate,SD-6,1,,Sara Feigenholtz,,,Sara Feigenholtz,D,True,False,66.6,68.27,60.7,3.71,7.43,-1.59,0.0,5.3,D,71.85,0.98,0.02,Safe D,,
2026-09-06,IL-SD-8,IL,Senate,SD-8,1,,Ram Villivalam,Vince Romano,,Ram Villivalam,D,True,False,17.2,22.61,22.2,3.71,7.43,0.0,5.0,5.3,,39.93,0.9955,0.0045,Safe D,,
2026-09-06,IL-SD-9,IL,Senate,SD-9,1,,Patrick Hanley,Tom Lally,,Laura Fine,D,False,True,51.7,53.77,48.48,3.71,0.0,0.0,0.0,5.3,,53.78,0.9998,0.0002,Safe D,,
2026-09-06,IN-HD-1,IN,House,HD-1,1,,Carolyn Jackson,,,Carolyn Jackson,D,True,False,25.7,29.76,25.1,0.0,7.43,0.0,5.0,5.3,D,42.83,0.98,0.02,Safe D,,
2026-09-06,IN-HD-10,IN,House,HD-10,1,,Chuck Moseley,Ted Uzelac,,Chuck Moseley,D,True,False,-5.3,-3.67,-3.1,0.0,7.43,0.0,5.0,5.3,,14.63,0.8307,0.1693,Likely D,,
2026-09-06,IN-HD-100,IN,House,HD-100,1,,Robert Blake Johnson,,,Robert Blake Johnson,D,True,False,42.9,42.64,35.96,0.0,7.43,0.0,5.0,5.3,D,53.7,0.98,0.02,Safe D,,
2026-09-06,IN-HD-11,IN,House,HD-11,1,,Tyler Bridges,Mike Aylesworth,,Mike Aylesworth,R,True,False,-47.5,-46.09,-38.87,0.0,-7.43,0.0,-5.0,5.3,,-46.0,0.0013,0.9987,Safe R,,
2026-09-06,IN-HD-12,IN,House,HD-12,1,,Mike Andrade,,,Mike Andrade,D,True,False,3.9,5.06,4.27,0.0,7.43,1.54,0.0,5.3,D,18.53,0.98,0.02,Safe D,,
2026-09-06,IN-HD-13,IN,House,HD-13,1,,Brenna Geswein,Matt Commons,Ben Davis,Matt Commons,R,True,False,-39.9,-40.82,-34.43,0.0,-7.43,0.0,-5.0,5.3,,-41.56,0.0033,0.9967,Safe R,,
2026-09-06,IN-HD-14,IN,House,HD-14,1,,Vernon Smith,,,Vernon Smith,D,True,False,39.9,42.93,36.21,0.0,7.43,0.52,0.0,5.3,D,49.46,0.98,0.02,Safe D,,
2026-09-06,IN-HD-15,IN,House,HD-15,1,,Anthony Oberman,Harold Slager,,Harold Slager,R,True,False,-20.2,-19.09,-16.1,0.0,-7.43,0.0,-5.0,5.3,,-23.24,0.0643,0.9357,Likely R,,
2026-09-06,IN-HD-16,IN,House,HD-16,1,,Ashley Hammac,Kendell Culp,,Kendell Culp,R,True,False,-49.8,-49.56,-41.8,0.0,-7.43,-0.06,-5.0,5.3,,-49.0,0.0007,0.9993,Safe R,,
2026-09-06,IN-HD-17,IN,House,HD-17,1,,Mary Gibson,John Paul Jordan,,John Paul Jordan,R,True,False,-46.1,-46.18,-38.95,0.0,-7.43,0.0,-5.0,5.3,,-46.08,0.0013,0.9987,Safe R,,
2026-09-06,IN-HD-18,IN,House,HD-18,1,,,David Abbott,,David Abbott,R,True,False,-53.9,-54.69,-46.13,0.0,-7.43,0.0,-5.0,5.3,R,-53.26,0.02,0.98,Safe R,,
2026-09-06,IN-HD-19,IN,House,HD-19,1,,Nick Neal,Julie Olthoff,,Julie Olthoff,R,True,False,-19.7,-18.64,-15.72,0.0,-7.43,2.66,0.0,5.3,,-15.19,0.1602,0.8398,Likely R,,
2026-09-06,IN-HD-2,IN,House,HD-2,1,,Earl Harris,,,Earl Harris,D,True,False,57.8,61.89,52.2,0.0,7.43,-5.95,0.0,5.3,D,58.98,0.98,0.02,Safe D,,
2026-09-06,IN-HD-20,IN,House,HD-20,1,,Laura Liskey,Jim Pressel,,Jim Pressel,R,True,False,-30.2,-29.03,-24.48,0.0,-7.43,0.0,-5.0,5.3,,-31.61,0.0193,0.9807,Safe R,,
2026-09-06,IN-HD-21,IN,House,HD-21,1,,Charles Burkley,Tim Wesco,,Tim Wesco,R,True,False,-34.8,-33.72,-28.44,0.0,-7.43,0.0,-5.0,5.3,,-35.57,0.01,0.99,Safe R,,
2026-09-06,IN-HD-22,IN,House,HD-22,1,,,Craig Snow,,Craig Snow,R,True,False,-53.0,-54.04,-45.58,0.0,-7.43,-2.56,0.0,5.3,R,-50.27,0.02,0.98,Safe R,,
2026-09-06,IN-HD-23,IN,House,HD-23,1,,Austin Meives,Ethan Manning,,Ethan Manning,R,True,False,-49.3,-49.36,-41.63,0.0,-7.43,1.66,0.0,5.3,,-42.1,0.003,0.997,Safe R,,
2026-09-06,IN-HD-24,IN,House,HD-24,1,,Racheal Bleicher,Hunter Smith,,Hunter Smith,R,True,False,-7.7,-8.7,-7.34,0.0,-7.43,-1.71,0.0,5.3,,-11.18,0.2324,0.7676,Likely R,,
2026-09-06,IN-HD-25,IN,House,HD-25,1,,Tiffany Stoner,Becky Cash,,Becky Cash,R,True,False,-2.9,-4.46,-3.76,0.0,-7.43,2.87,0.0,5.3,,-3.02,0.4218,0.5782,Toss-up,,
2026-09-06,IN-HD-26,IN,House,HD-26,1,,Chris Campbell,Magdalaine Davis,,Chris Campbell,D,True,False,23.6,24.49,20.65,0.0,7.43,-1.2,0.0,5.3,,32.18,0.9823,0.0177,Safe D,,
2026-09-06,IN-HD-27,IN,House,HD-27,1,,Sheila Klinker,Tracy Brown,,Sheila Klinker,D,True,False,7.0,6.78,5.72,0.0,7.43,1.38,0.0,5.3,,19.83,0.9026,0.0974,Likely D,,
2026-09-06,IN-HD-28,IN,House,HD-28,1,,Karen Whitney,Jeff Thompson,,Jeff Thompson,R,True,False,-40.0,-42.06,-35.48,0.0,-7.43,0.0,-5.0,5.3,,-42.61,0.0027,0.9973,Safe R,,
2026-09-06,IN-HD-29,IN,House,HD-29,1,,Devon Wellington,Alaina Shonkwiler,,Alaina Shonkwiler,R,True,False,-16.6,-18.15,-15.31,0.0,-7.43,-3.76,0.0,5.3,,-21.19,0.0829,0.9171,Likely R,,
2026-09-06,IN-HD-3,IN,House,HD-3,1,,Ragen Hatcher,,,Ragen Hatcher,D,True,False,22.0,25.99,21.92,0.0,7.43,-6.86,0.0,5.3,D,27.79,0.98,0.02,Safe D,,
2026-09-06,IN-HD-30,IN,House,HD-30,1,,Jack Chance,Paula Davis,,Mike Karickhoff,R,False,True,-31.9,-31.73,-26.76,0.0,0.0,0.0,0.0,5.3,,-21.46,0.0803,0.9197,Likely R,,
2026-09-06,IN-HD-31,IN,House,HD-31,1,,Katie Robins,Lori Goss-Reaves,,Lori Goss-Reaves,R,True,False,-41.7,-41.76,-35.22,0.0,-7.43,0.0,-5.0,5.3,,-42.35,0.0028,0.9972,Safe R,,
2026-09-06,IN-HD-32,IN,House,HD-32,1,,Victoria Garcia Wilburn,Paul Nix,,Victoria Garcia Wilburn,D,True,False,8.8,7.57,6.38,0.0,7.43,-1.68,0.0,5.3,,17.43,0.8729,0.1271,Likely D,,
2026-09-06,IN-HD-33,IN,House,HD-33,1,,,J.D. Prescott,,J.D. Prescott,R,True,False,-49.5,-49.61,-41.84,0.0,-7.43,0.0,-5.0,5.3,R,-48.98,0.02,0.98,Safe R,,
2026-09-06,IN-HD-34,IN,House,HD-34,1,,Sara Gullion,Rich Ivy,,Sue Errington,D,False,True,3.8,4.7,3.97,0.0,0.0,0.0,0.0,5.3,,9.27,0.7278,0.2722,Lean D,,
2026-09-06,IN-HD-35,IN,House,HD-35,1,,Philip Gift,Elizabeth Rowray,,Elizabeth Rowray,R,True,False,-38.2,-38.1,-32.13,0.0,-7.43,2.87,0.0,5.3,,-31.39,0.0201,0.9799,Safe R,,
2026-09-06,IN-HD-36,IN,House,HD-36,1,,Kim Townsend,Kyle Pierce,,Kyle Pierce,R,True,False,-13.1,-12.53,-10.57,0.0,-7.43,3.17,0.0,5.3,,-9.53,0.2665,0.7335,Lean R,,
2026-09-06,IN-HD-37,IN,House,HD-37,1,,Lauren Cole,Todd Huston,,Todd Huston,R,True,False,-11.7,-12.62,-10.64,0.0,-7.43,-0.35,-5.0,5.3,,-18.13,0.1179,0.8821,Likely R,,
2026-09-06,IN-HD-38,IN,House,HD-38,1,,Nate Stout,Heath VanNatter,,Heath VanNatter,R,True,False,-48.2,-49.14,-41.44,0.0,-7.43,-1.2,0.0,5.3,,-44.78,0.0017,0.9983,Safe R,,
2026-09-06,IN-HD-39,IN,House,HD-39,1,,Lindsay Gramlich,Danny Lopez,,Danny Lopez,R,True,False,-0.4,-1.61,-1.36,0.0,-7.43,0.0,-5.0,5.3,,-8.49,0.2894,0.7106,Lean R,,
2026-09-06,IN-HD-4,IN,House,HD-4,1,,Ryan Kominakis,Ed Soliday,Travis Gearhart,Ed Soliday,R,True,False,-9.8,-9.23,-7.79,0.0,-7.43,-4.89,0.0,5.3,,-14.8,0.1665,0.8335,Likely R,,
2026-09-06,IN-HD-40,IN,House,HD-40,1,,William Colteryahn,Greg Steuerwald,,Greg Steuerwald,R,True,False,-13.7,-13.8,-11.64,0.0,-7.43,0.0,-5.0,5.3,,-18.77,0.1098,0.8902,Likely R,,
2026-09-06,IN-HD-41,IN,House,HD-41,1,,Jackson Hayes,Mark Genda,,Mark Genda,R,True,False,-39.3,-40.55,-34.2,0.0,-7.43,-3.46,0.0,5.3,,-39.79,0.0046,0.9954,Safe R,,
2026-09-06,IN-HD-42,IN,House,HD-42,1,,Brandi Cooper Vandivier,Tim Yocum,,Tim Yocum,R,True,False,-49.7,-49.76,-41.97,0.0,-7.43,0.0,-5.0,5.3,,-49.1,0.0007,0.9993,Safe R,,
2026-09-06,IN-HD-43,IN,House,HD-43,1,,Tonya Pfaff,Amy Lore,,Tonya Pfaff,D,True,False,-7.3,-6.39,-5.39,0.0,7.43,6.98,0.0,5.3,,14.32,0.8256,0.1744,Likely D,,
2026-09-06,IN-HD-44,IN,House,HD-44,1,,Kelsey Kauffman,Beau Baird,,Beau Baird,R,True,False,-49.2,-49.87,-42.06,0.0,-7.43,0.0,-5.0,5.3,,-49.19,0.0006,0.9994,Safe R,,
2026-09-06,IN-HD-45,IN,House,HD-45,1,,Rebecca Mayfield,Kellie Streeter,,Bruce Borders,R,False,True,-55.5,-55.84,-47.09,0.0,0.0,0.0,0.0,5.3,,-41.79,0.0031,0.9969,Safe R,,
2026-09-06,IN-HD-46,IN,House,HD-46,1,,James Pittsford III,Bob Heaton,,Bob Heaton,R,True,False,-31.5,-32.45,-27.36,0.0,-7.43,-3.91,0.0,5.3,,-33.41,0.0145,0.9855,Safe R,,
2026-09-06,IN-HD-47,IN,House,HD-47,1,,Michael Potter,Robb Greene,,Robb Greene,R,True,False,-43.3,-44.68,-37.68,0.0,-7.43,-0.05,-5.0,5.3,,-44.87,0.0017,0.9983,Safe R,,
2026-09-06,IN-HD-48,IN,House,HD-48,1,,Emily Yaw,Doug Miller,Marshall Travis,Doug Miller,R,True,False,-28.2,-28.05,-23.66,0.0,-7.43,0.0,-5.0,5.3,,-30.79,0.022,0.978,Safe R,,
2026-09-06,IN-HD-49,IN,House,HD-49,1,,Michelle Milne,Joanna King,,Joanna King,R,True,False,-29.3,-29.19,-24.62,0.0,-7.43,-2.4,0.0,5.3,,-29.15,0.0283,0.9717,Safe R,,
2026-09-06,IN-HD-5,IN,House,HD-5,1,,Alex Wait,Dale DeVon,,Dale DeVon,R,True,False,-9.6,-9.63,-8.12,0.0,-7.43,0.88,0.0,5.3,,-9.37,0.27,0.73,Lean R,,
2026-09-06,IN-HD-50,IN,House,HD-50,1,,Pepper Snyder,Lorissa Sweet,,Lorissa Sweet,R,True,False,-49.6,-50.67,-42.74,0.0,-7.43,-1.12,0.0,5.3,,-45.99,0.0013,0.9987,Safe R,,
2026-09-06,IN-HD-51,IN,House,HD-51,1,,Judy Rowe,Tony Isa,,Tony Isa,R,True,False,-47.6,-48.2,-40.66,0.0,-7.43,-5.81,0.0,5.3,,-48.6,0.0007,0.9993,Safe R,,
2026-09-06,IN-HD-52,IN,House,HD-52,1,,Joseph Trost,Ben Smaltz,,Ben Smaltz,R,True,False,-47.1,-47.88,-40.38,0.0,-7.43,-1.85,0.0,5.3,,-44.37,0.0019,0.9981,Safe R,,
2026-09-06,IN-HD-53,IN,House,HD-53,1,,,Ethan Lawson,,Ethan Lawson,R,True,False,-40.1,-41.79,-35.24,0.0,-7.43,-0.22,-5.0,5.3,R,-42.6,0.02,0.98,Safe R,,
2026-09-06,IN-HD-54,IN,House,HD-54,1,,Nan Polk,Cory Criswell,,Cory Criswell,R,True,False,-49.9,-50.28,-42.41,0.0,-7.43,1.22,0.0,5.3,,-43.32,0.0023,0.9977,Safe R,,
2026-09-06,IN-HD-55,IN,House,HD-55,1,,Victoria Martz,Lindsay Patterson,,Lindsay Patterson,R,True,False,-59.3,-59.51,-50.19,0.0,-7.43,-0.1,-5.0,5.3,,-57.42,0.0001,0.9999,Safe R,,
2026-09-06,IN-HD-56,IN,House,HD-56,1,,Thomas Rockwell,Randy Retter,,Brad Barrett,R,False,True,-32.7,-32.47,-27.39,0.0,0.0,0.0,0.0,5.3,,-22.09,0.0743,0.9257,Likely R,,
2026-09-06,IN-HD-57,IN,House,HD-57,1,,Suzanne Fortenberry,Wes Bennett,,Craig Haggard,R,False,True,-32.2,-33.47,-28.23,0.0,0.0,-1.66,0.0,5.3,,-24.59,0.0539,0.9461,Likely R,,
2026-09-06,IN-HD-58,IN,House,HD-58,1,,Michelle Hennessee Sears,John Reed,,Michelle Davis,R,False,True,-32.2,-33.06,-27.88,0.0,0.0,0.0,0.0,5.3,,-22.58,0.0699,0.9301,Likely R,,
2026-09-06,IN-HD-59,IN,House,HD-59,1,,Josh Burbrink,Ryan Lauer,,Ryan Lauer,R,True,False,-22.1,-22.8,-19.23,0.0,-7.43,0.03,-5.0,5.3,,-26.33,0.0426,0.9574,Safe R,,
2026-09-06,IN-HD-6,IN,House,HD-6,1,,Maureen Bauer,,,Maureen Bauer,D,True,False,32.5,32.75,27.62,0.0,7.43,0.0,5.0,5.3,D,45.35,0.98,0.02,Safe D,,
2026-09-06,IN-HD-60,IN,House,HD-60,1,,Carrie Syczylo,Peggy Mayfield,,Peggy Mayfield,R,True,False,-49.2,-50.35,-42.47,0.0,-7.43,2.72,0.0,5.3,,-41.88,0.0031,0.9969,Safe R,,
2026-09-06,IN-HD-61,IN,House,HD-61,1,,Matt Pierce,,,Matt Pierce,D,True,False,61.0,62.47,52.69,0.0,7.43,0.0,5.0,5.3,D,70.42,0.98,0.02,Safe D,,
2026-09-06,IN-HD-62,IN,House,HD-62,1,,Amy Huffman Oliver,Dave Hall,,Dave Hall,R,True,False,1.4,0.91,0.77,0.0,-7.43,-6.53,0.0,5.3,,-7.89,0.3029,0.6971,Lean R,,
2026-09-06,IN-HD-63,IN,House,HD-63,1,,Tiffanie Arthur,Amy Kippenbrock,,Shane Lindauer,R,False,True,-52.3,-52.94,-44.65,0.0,0.0,0.0,0.0,5.3,,-39.35,0.005,0.995,Safe R,,
2026-09-06,IN-HD-64,IN,House,HD-64,1,,Candace Greer,Matt Hostettler,,Matt Hostettler,R,True,False,-47.3,-47.51,-40.07,0.0,-7.43,-2.63,0.0,5.3,,-44.83,0.0017,0.9983,Safe R,,
2026-09-06,IN-HD-65,IN,House,HD-65,1,,,Chris May,Sean S. Steele,Chris May,R,True,False,-52.2,-52.67,-44.42,0.0,-7.43,0.0,-5.0,5.3,R,-51.55,0.02,0.98,Safe R,,
2026-09-06,IN-HD-66,IN,House,HD-66,1,,Ryan Price,Zach Payne,,Zach Payne,R,True,False,-40.0,-40.13,-33.84,0.0,-7.43,4.33,0.0,5.3,,-31.65,0.0192,0.9808,Safe R,,
2026-09-06,IN-HD-67,IN,House,HD-67,1,,Justin Chadwick,Alex Zimmerman,,Alex Zimmerman,R,True,False,-53.2,-53.26,-44.92,0.0,-7.43,0.0,-5.0,5.3,,-52.05,0.0003,0.9997,Safe R,,
2026-09-06,IN-HD-68,IN,House,HD-68,1,,Hunter Collins,Garrett Bascom,,Garrett Bascom,R,True,False,-57.8,-57.67,-48.64,0.0,-7.43,-0.76,0.0,5.3,,-51.53,0.0004,0.9996,Safe R,,
2026-09-06,IN-HD-69,IN,House,HD-69,1,,Chris Bowen,Jim Lucas,Tyler J. Henkle,Jim Lucas,R,True,False,-53.3,-53.4,-45.04,0.0,-7.43,5.8,0.0,5.3,,-41.36,0.0034,0.9966,Safe R,,
2026-09-06,IN-HD-7,IN,House,HD-7,1,,Oliver Davis,Jake Teshka,,Jake Teshka,R,True,False,-17.1,-16.35,-13.79,0.0,-7.43,0.31,-5.0,5.3,,-20.6,0.0889,0.9111,Likely R,,
2026-09-06,IN-HD-70,IN,House,HD-70,1,,Sarah Blessing,Scott Fluhr,Brandi Tibben,Karen Engleman,R,False,True,-46.2,-46.46,-39.18,0.0,0.0,-1.24,0.0,5.3,,-35.13,0.0108,0.9892,Safe R,,
2026-09-06,IN-HD-71,IN,House,HD-71,1,,Wendy Dant Chesser,James McClure Jr.,,Wendy Dant Chesser,D,True,False,-0.3,-0.42,-0.35,0.0,7.43,1.23,0.0,5.3,,13.61,0.8133,0.1867,Likely D,,
2026-09-06,IN-HD-72,IN,House,HD-72,1,,Michele Henry,Darrell Neeley,,Ed Clere,R,False,True,-12.2,-12.51,-10.55,0.0,0.0,0.0,0.0,5.3,,-5.25,0.3658,0.6342,Lean R,,
2026-09-06,IN-HD-73,IN,House,HD-73,1,,Allen Miller,Jenny Meltzer,,Jenny Meltzer,R,True,False,-48.6,-49.48,-41.73,0.0,-7.43,0.0,-5.0,5.3,,-48.86,0.0007,0.9993,Safe R,,
2026-09-06,IN-HD-74,IN,House,HD-74,1,,Lena Goffinet,Steve Bartels,,Steve Bartels,R,True,False,-40.5,-39.94,-33.69,0.0,-7.43,0.0,-5.0,5.3,,-40.82,0.0038,0.9962,Safe R,,
2026-09-06,IN-HD-75,IN,House,HD-75,1,,Mason Barclay,Cindy Ledbetter,Jim Shields,Cindy Ledbetter,R,True,False,-36.4,-36.4,-30.7,0.0,-7.43,1.43,0.0,5.3,,-31.4,0.02,0.98,Safe R,,
2026-09-06,IN-HD-76,IN,House,HD-76,1,,Logan Patberg,Wendy (Mac) Mcnamara,,Wendy (Mac) Mcnamara,R,True,False,-32.5,-32.49,-27.4,0.0,-7.43,1.33,0.0,5.3,,-28.2,0.0326,0.9674,Safe R,,
2026-09-06,IN-HD-77,IN,House,HD-77,1,,Alex Burton,,,Alex Burton,D,True,False,12.3,13.3,11.22,0.0,7.43,0.0,5.0,5.3,D,28.95,0.98,0.02,Safe D,,
2026-09-06,IN-HD-78,IN,House,HD-78,1,,Sally Busby,Tim O'Brien,,Tim O'Brien,R,True,False,-17.2,-17.55,-14.8,0.0,-7.43,0.0,-5.0,5.3,,-21.93,0.0757,0.9243,Likely R,,
2026-09-06,IN-HD-79,IN,House,HD-79,1,,Ian Richardson,Matt Lehman,,Matt Lehman,R,True,False,-55.7,-56.49,-47.64,0.0,-7.43,0.0,-5.0,5.3,,-54.77,0.0002,0.9998,Safe R,,
2026-09-06,IN-HD-8,IN,House,HD-8,1,,Ryan Dvorak,Eric Rashad Harris,,Ryan Dvorak,D,True,False,12.3,13.19,11.13,0.0,7.43,-0.92,0.0,5.3,,22.94,0.9332,0.0668,Likely D,,
2026-09-06,IN-HD-80,IN,House,HD-80,1,,Phil GiaQuinta,,,Phil GiaQuinta,D,True,False,32.8,34.62,29.2,0.0,7.43,0.0,5.0,5.3,D,46.93,0.98,0.02,Safe D,,
2026-09-06,IN-HD-81,IN,House,HD-81,1,,Sharon Wight,Martin Carbaugh,,Martin Carbaugh,R,True,False,-23.7,-25.07,-21.14,0.0,-7.43,3.23,0.0,5.3,,-20.04,0.095,0.905,Likely R,,
2026-09-06,IN-HD-82,IN,House,HD-82,1,,Kyle Miller,,,Kyle Miller,D,True,False,14.8,15.36,12.96,0.0,7.43,3.16,0.0,5.3,D,28.85,0.98,0.02,Safe D,,
2026-09-06,IN-HD-83,IN,House,HD-83,1,,Wesley Haffenden,Chris Judy,,Chris Judy,R,True,False,-21.9,-22.98,-19.38,0.0,-7.43,0.0,-5.0,5.3,,-26.52,0.0415,0.9585,Safe R,,
2026-09-06,IN-HD-84,IN,House,HD-84,1,,Misti Meehan,Bob Morris,,Bob Morris,R,True,False,-16.9,-18.15,-15.31,0.0,-7.43,0.0,-5.0,5.3,,-22.44,0.0711,0.9289,Likely R,,
2026-09-06,IN-HD-85,IN,House,HD-85,1,,Mark Wehrle,Dave Heine,,Dave Heine,R,True,False,-40.6,-42.23,-35.61,0.0,-7.43,-1.21,0.0,5.3,,-38.96,0.0054,0.9946,Safe R,,
2026-09-06,IN-HD-86,IN,House,HD-86,1,,Ed DeLaney,Glenn Bill,,Ed DeLaney,D,True,False,46.2,46.32,39.06,0.0,7.43,0.0,5.0,5.3,,56.79,0.9999,0.0001,Safe D,,
2026-09-06,IN-HD-87,IN,House,HD-87,1,,Carey Hamilton,,,Carey Hamilton,D,True,False,30.0,29.44,24.83,0.0,7.43,-1.71,0.0,5.3,D,35.86,0.98,0.02,Safe D,,
2026-09-06,IN-HD-88,IN,House,HD-88,1,,Stephanie Yocum,Chris Jeter,,Chris Jeter,R,True,False,-10.0,-11.54,-9.73,0.0,-7.43,-1.82,0.0,5.3,,-13.68,0.1855,0.8145,Likely R,,
2026-09-06,IN-HD-89,IN,House,HD-89,1,,Mitch Gore,,Donald Weingarten,Mitch Gore,D,True,False,6.3,5.49,4.63,0.0,7.43,-0.74,0.0,5.3,D,16.63,0.98,0.02,Safe D,,
2026-09-06,IN-HD-9,IN,House,HD-9,1,,Randy Novak,Chris Cleveland,,Randy Novak,D,True,False,1.7,3.13,2.64,0.0,7.43,0.0,5.0,5.3,,20.37,0.9086,0.0914,Likely D,,
2026-09-06,IN-HD-90,IN,House,HD-90,1,,David Lawrence Boyd,Andrew Ireland,,Andrew Ireland,R,True,False,-20.2,-21.32,-17.98,0.0,-7.43,-2.6,0.0,5.3,,-22.71,0.0688,0.9312,Likely R,,
2026-09-06,IN-HD-91,IN,House,HD-91,1,,Jarren Hurt,Bob Behning,,Bob Behning,R,True,False,-20.4,-21.15,-17.84,0.0,-7.43,0.0,-5.0,5.3,,-24.97,0.0513,0.9487,Likely R,,
2026-09-06,IN-HD-92,IN,House,HD-92,1,,Reneé Pack,,,Reneé Pack,D,True,False,16.1,16.07,13.55,0.0,7.43,0.0,5.0,5.3,D,31.28,0.98,0.02,Safe D,,
2026-09-06,IN-HD-93,IN,House,HD-93,1,,Eva Rosberg,Julie McGuire,,Julie McGuire,R,True,False,-17.8,-18.0,-15.18,0.0,-7.43,-1.58,0.0,5.3,,-18.89,0.1083,0.8917,Likely R,,
2026-09-06,IN-HD-94,IN,House,HD-94,1,,Cherrish Pryor,,,Cherrish Pryor,D,True,False,66.2,68.38,57.67,0.0,7.43,0.12,5.0,5.3,D,75.52,0.98,0.02,Safe D,,
2026-09-06,IN-HD-95,IN,House,HD-95,1,,John Bartlett,,,John Bartlett,D,True,False,48.2,49.75,41.96,0.0,7.43,2.88,0.0,5.3,D,57.56,0.98,0.02,Safe D,,
2026-09-06,IN-HD-96,IN,House,HD-96,1,,Gregory Porter,,,Gregory Porter,D,True,False,70.0,72.49,61.13,0.0,7.43,0.0,5.0,5.3,D,78.87,0.98,0.02,Safe D,,
2026-09-06,IN-HD-97,IN,House,HD-97,1,,Justin Moed,,Mark Renholzberger,Justin Moed,D,True,False,13.3,13.18,11.12,0.0,7.43,1.26,0.0,5.3,D,25.11,0.98,0.02,Safe D,,
2026-09-06,IN-HD-98,IN,House,HD-98,1,,Robin Shackleford,,,Robin Shackleford,D,True,False,61.7,63.57,53.61,0.0,7.43,0.0,5.0,5.3,D,71.34,0.98,0.02,Safe D,,
2026-09-06,IN-HD-99,IN,House,HD-99,1,,Vanessa Summers,,,Vanessa Summers,D,True,False,60.4,62.84,53.0,0.0,7.43,-0.27,5.0,5.3,D,70.46,0.98,0.02,Safe D,,
2026-09-06,IN-SD-1,IN,Senate,SD-1,1,,Scott Houldieson,Trevor De Vries,,Dan Dernulc,R,False,True,-7.2,-5.44,-4.59,0.0,0.0,0.0,0.0,5.3,,0.71,0.5185,0.4815,Toss-up,,
2026-09-06,IN-SD-11,IN,Senate,SD-11,1,,Gabrianna Gratzol,Brian Schmutzler,,Linda Rogers,R,False,True,-13.3,-13.69,-11.55,0.0,0.0,0.0,0.0,5.3,,-6.25,0.3414,0.6586,Lean R,,
2026-09-06,IN-SD-14,IN,Senate,SD-14,1,,Blaine Sefton,Tyler Johnson,,Tyler Johnson,R,True,False,-25.8,-24.97,-21.06,0.0,-7.43,-2.55,0.0,5.3,,-25.74,0.0462,0.9538,Safe R,,
2026-09-06,IN-SD-15,IN,Senate,SD-15,1,,Julie McGill,Liz Brown,,Liz Brown,R,True,False,-16.8,-17.94,-15.13,0.0,-7.43,0.0,-5.0,5.3,,-22.26,0.0727,0.9273,Likely R,,
2026-09-06,IN-SD-17,IN,Senate,SD-17,1,,Cynthia Wehr,Chris Parker,,Nick McKinley,R,False,True,-46.0,-46.59,-39.29,0.0,0.0,0.0,0.0,5.3,,-33.99,0.0131,0.9869,Safe R,,
2026-09-06,IN-SD-19,IN,Senate,SD-19,1,,Timothy Murphy,Blake Fiechter,,Travis Holdman,R,False,True,-38.7,-39.08,-32.96,0.0,0.0,0.0,0.0,5.3,,-27.66,0.0352,0.9648,Safe R,,
2026-09-06,IN-SD-21,IN,Senate,SD-21,1,,Kirsten Root,Tracey Powell,,Jim Buck,R,False,True,-23.9,-24.97,-21.06,0.0,0.0,0.0,0.0,5.3,,-15.76,0.1513,0.8487,Likely R,,
2026-09-06,IN-SD-22,IN,Senate,SD-22,1,,Natasha Baker,Ron Alting,,Ron Alting,R,True,False,-14.2,-14.89,-12.56,0.0,-7.43,0.0,-5.0,5.3,,-19.69,0.099,0.901,Likely R,,
2026-09-06,IN-SD-23,IN,Senate,SD-23,1,,David J. Sanders,Paula Copenhaver,Joshua Brant,Spencer Deery,R,False,True,-26.2,-25.97,-21.9,0.0,0.0,-0.94,0.0,5.3,,-17.54,0.1257,0.8743,Likely R,,
2026-09-06,IN-SD-25,IN,Senate,SD-25,1,,Tamie Dixon-Tatum,Mike Gaskill,,Mike Gaskill,R,True,False,-28.2,-27.9,-23.53,0.0,-7.43,-0.69,0.0,5.3,,-26.36,0.0424,0.9576,Safe R,,
2026-09-06,IN-SD-26,IN,Senate,SD-26,1,,Andrew Dale,Scott Alexander,,Scott Alexander,R,True,False,-22.9,-22.56,-19.03,0.0,-7.43,-0.09,-5.0,5.3,,-26.24,0.0431,0.9569,Safe R,,
2026-09-06,IN-SD-27,IN,Senate,SD-27,1,,Ronald Itnyre,Jeff Raatz,,Jeff Raatz,R,True,False,-43.3,-43.23,-36.46,0.0,-7.43,-0.15,-5.0,5.3,,-43.74,0.0021,0.9979,Safe R,,
2026-09-06,IN-SD-29,IN,Senate,SD-29,1,,Kristina Moorhead,John Ruckelshaus,,J.D. Ford,D,False,True,14.3,14.17,11.95,0.0,0.0,-13.82,0.0,5.3,,3.43,0.5888,0.4112,Toss-up,,
2026-09-06,IN-SD-31,IN,Senate,SD-31,1,,Kerry Forestal,Juanita Albright,,Kyle Walker,R,False,True,2.6,1.47,1.24,0.0,0.0,0.0,0.0,5.3,,6.54,0.6655,0.3345,Lean D,,
2026-09-06,IN-SD-38,IN,Senate,SD-38,1,,Kacey Blundell,Greg Goode,,Greg Goode,R,True,False,-28.0,-27.7,-23.37,0.0,-7.43,0.0,-5.0,5.3,,-30.5,0.0231,0.9769,Safe R,,
2026-09-06,IN-SD-39,IN,Senate,SD-39,1,,,Jeff Ellington,,Eric Bassler,R,False,True,-55.2,-55.34,-46.68,0.0,0.0,0.0,0.0,5.3,R,-41.38,0.02,0.98,Safe R,,
2026-09-06,IN-SD-4,IN,Senate,SD-4,1,,Rodney Pol,Nate Uldricks,,Rodney Pol,D,True,False,-1.7,-0.09,-0.08,0.0,7.43,1.31,0.0,5.3,,13.96,0.8194,0.1806,Likely D,,
2026-09-06,IN-SD-41,IN,Senate,SD-41,1,,Ross Thomas,Michelle Davis,,Greg Walker,R,False,True,-32.5,-33.48,-28.24,0.0,0.0,-2.08,0.0,5.3,,-25.01,0.051,0.949,Likely R,,
2026-09-06,IN-SD-43,IN,Senate,SD-43,1,,Byron Holland,Randy Maxwell,,Randy Maxwell,R,True,False,-52.2,-51.92,-43.79,0.0,-7.43,0.0,-5.0,5.3,,-50.92,0.0004,0.9996,Safe R,,
2026-09-06,IN-SD-45,IN,Senate,SD-45,1,,Nick Marshall,Chris Garten,Larry Mahaney,Chris Garten,R,True,False,-19.3,-19.46,-16.41,0.0,-7.43,-4.21,0.0,5.3,,-22.75,0.0684,0.9316,Likely R,,
2026-09-06,IN-SD-46,IN,Senate,SD-46,1,,Allissa Impink,,,Andrea Hunley,D,False,True,41.5,41.49,34.99,0.0,0.0,0.0,0.0,5.3,D,40.29,0.98,0.02,Safe D,,
2026-09-06,IN-SD-47,IN,Senate,SD-47,1,,Ethan Sweetland-May,Gary Byrne,,Gary Byrne,R,True,False,-33.1,-33.27,-28.06,0.0,-7.43,-0.55,0.0,5.3,,-30.74,0.0222,0.9778,Safe R,,
2026-09-06,IN-SD-48,IN,Senate,SD-48,1,,Bradley Hochgesang,Daryl Schmitt,,Daryl Schmitt,R,True,False,-44.5,-44.38,-37.43,0.0,-7.43,0.0,-5.0,5.3,,-44.56,0.0018,0.9982,Safe R,,
2026-09-06,IN-SD-49,IN,Senate,SD-49,1,,Cindi Clayton,Jim Tomes,,Jim Tomes,R,True,False,-21.8,-21.38,-18.03,0.0,-7.43,0.0,-5.0,5.3,,-25.16,0.0499,0.9501,Safe R,,
2026-09-06,IN-SD-6,IN,Senate,SD-6,1,,Kate-Lynn Holley,James Starkey,,Rick Niemeyer,R,False,True,-35.8,-34.84,-29.39,0.0,0.0,0.0,0.0,5.3,,-24.09,0.0576,0.9424,Likely R,,
2026-09-06,KS-HD-1,KS,House,HD-1,1,,,Dale Helwig,,Dale Helwig,R,True,False,-54.1,-54.18,-43.28,2.87,-7.43,1.75,0.0,5.3,R,-43.66,0.02,0.98,Safe R,,
2026-09-06,KS-HD-10,KS,House,HD-10,1,,Suzanne Wikle,,,Suzanne Wikle,D,True,False,54.8,55.88,49.55,2.87,7.43,0.0,5.0,5.3,D,67.28,0.98,0.02,Safe D,,
2026-09-06,KS-HD-100,KS,House,HD-100,1,,Amanda Mogoi,Al Jirak,,Dan Hawkins,R,False,True,-19.9,-20.96,-15.26,2.87,0.0,0.0,0.0,5.3,,-9.96,0.2575,0.7425,Lean R,,
2026-09-06,KS-HD-101,KS,House,HD-101,1,,Mary Ann Harmon,Kevin D. O'Brien,,,,False,True,-47.5,-48.66,-38.62,2.87,0.0,0.0,0.0,5.3,,-33.32,0.0147,0.9853,Safe R,,
2026-09-06,KS-HD-102,KS,House,HD-102,1,,Jason Probst,Kyler Sweely,,Kyler Sweely,R,True,False,-17.8,-17.28,-12.15,2.87,-7.43,10.37,0.0,5.3,,-3.92,0.3989,0.6011,Lean R,,
2026-09-06,KS-HD-103,KS,House,HD-103,1,,Angela Martinez,Jordan Chessher,,Angela Martinez,D,True,False,23.0,24.05,22.7,2.87,7.43,0.0,5.0,5.3,,40.43,0.9959,0.0041,Safe D,,
2026-09-06,KS-HD-104,KS,House,HD-104,1,,Lynnette Krieger-Zook,Randy Parks,,,,False,True,-35.3,-36.16,-28.08,2.87,0.0,2.2,0.0,5.3,,-20.58,0.0891,0.9109,Likely R,,
2026-09-06,KS-HD-105,KS,House,HD-105,1,,John Burke,Jill Ward,,Jill Ward,R,True,False,-13.8,-14.13,-9.5,2.87,-7.43,-1.55,0.0,5.3,,-13.18,0.1944,0.8056,Likely R,,
2026-09-06,KS-HD-106,KS,House,HD-106,1,,,Lisa Moser,,Lisa Moser,R,True,False,-61.4,-61.66,-49.58,2.87,-7.43,3.37,0.0,5.3,R,-48.35,0.02,0.98,Safe R,,
2026-09-06,KS-HD-107,KS,House,HD-107,1,,Cheri Koochel,Dawn Wolf,,Dawn Wolf,R,True,False,-56.5,-56.5,-45.23,2.87,-7.43,0.0,-5.0,5.3,,-52.36,0.0003,0.9997,Safe R,,
2026-09-06,KS-HD-108,KS,House,HD-108,1,,Brandon Woodard,,,Brandon Woodard,D,True,False,17.2,16.59,16.41,2.87,7.43,0.11,5.0,5.3,D,34.25,0.98,0.02,Safe D,,
2026-09-06,KS-HD-109,KS,House,HD-109,1,,,Troy Waymaster,,Troy Waymaster,R,True,False,-62.0,-63.38,-51.03,2.87,-7.43,-1.17,0.0,5.3,R,-54.34,0.02,0.98,Safe R,,
2026-09-06,KS-HD-11,KS,House,HD-11,1,,William Kendall,Ron Bryce,,Ron Bryce,R,True,False,-46.8,-47.49,-37.64,2.87,-7.43,-1.27,0.0,5.3,,-41.04,0.0036,0.9964,Safe R,,
2026-09-06,KS-HD-110,KS,House,HD-110,1,,Mark Schaukowitch,Cody Ward,,Ken Rahjes,R,False,True,-69.3,-70.3,-56.87,2.87,0.0,0.0,0.0,5.3,,-51.57,0.0004,0.9996,Safe R,,
2026-09-06,KS-HD-111,KS,House,HD-111,1,,Melanie McMillan,Barb Wasinger,,Barb Wasinger,R,True,False,-41.0,-40.93,-32.11,2.87,-7.43,-2.29,0.0,5.3,,-36.52,0.0085,0.9915,Safe R,,
2026-09-06,KS-HD-112,KS,House,HD-112,1,,Rhys Froetschner,Sherri Brantley,,Sherri Brantley,R,True,False,-55.4,-56.75,-45.44,2.87,-7.43,4.74,0.0,5.3,,-42.84,0.0025,0.9975,Safe R,,
2026-09-06,KS-HD-113,KS,House,HD-113,1,,Jo Ann Roth,Brett Fairchild,,Brett Fairchild,R,True,False,-58.6,-59.12,-47.44,2.87,-7.43,4.51,0.0,5.3,,-45.06,0.0016,0.9984,Safe R,,
2026-09-06,KS-HD-114,KS,House,HD-114,1,,Alan Albers,Kevin Schwertfeger,,Kevin Schwertfeger,R,True,False,-54.9,-55.59,-44.46,2.87,-7.43,0.0,-5.0,5.3,,-51.6,0.0004,0.9996,Safe R,,
2026-09-06,KS-HD-115,KS,House,HD-115,1,,,Gary White,,Gary White,R,True,False,-63.5,-63.94,-51.51,2.87,-7.43,0.0,-5.0,5.3,R,-58.64,0.02,0.98,Safe R,,
2026-09-06,KS-HD-116,KS,House,HD-116,1,,Nathan Bales,Kyle Hoffman,,Kyle Hoffman,R,True,False,-62.3,-64.18,-51.71,2.87,-7.43,3.13,0.0,5.3,,-50.71,0.0005,0.9995,Safe R,,
2026-09-06,KS-HD-117,KS,House,HD-117,1,,Brandon Holland,Adam Turk,,Adam Turk,R,True,False,-6.6,-7.68,-4.06,2.87,-7.43,-0.4,0.0,5.3,,-6.59,0.3332,0.6668,Lean R,,
2026-09-06,KS-HD-118,KS,House,HD-118,1,,,Jim Minnix,,Jim Minnix,R,True,False,-74.9,-75.82,-61.53,2.87,-7.43,0.0,-5.0,5.3,R,-68.66,0.02,0.98,Safe R,,
2026-09-06,KS-HD-119,KS,House,HD-119,1,,,Jason Goetz,,Jason Goetz,R,True,False,-23.3,-22.28,-16.37,2.87,-7.43,0.0,-5.0,5.3,R,-23.5,0.02,0.98,Safe R,,
2026-09-06,KS-HD-12,KS,House,HD-12,1,,Pete Ferrell,Marci Laffen,,Doug Blex,R,False,True,-64.0,-64.19,-51.72,2.87,0.0,0.0,0.0,5.3,,-46.42,0.0012,0.9988,Safe R,,
2026-09-06,KS-HD-120,KS,House,HD-120,1,,,Adam Smith,,Adam Smith,R,True,False,-69.4,-70.68,-57.19,2.87,-7.43,0.0,-5.0,5.3,R,-64.32,0.02,0.98,Safe R,,
2026-09-06,KS-HD-121,KS,House,HD-121,1,,Kelsey Stock,Thomas Palenske,,Mike Storm,R,False,True,-4.3,-5.48,-2.21,2.87,0.0,0.0,0.0,5.3,,3.09,0.5802,0.4198,Toss-up,,
2026-09-06,KS-HD-122,KS,House,HD-122,1,,,Lon Pishny,,Lon Pishny,R,True,False,-56.0,-55.83,-44.67,2.87,-7.43,0.0,-5.0,5.3,R,-51.8,0.02,0.98,Safe R,,
2026-09-06,KS-HD-123,KS,House,HD-123,1,,Becca Burnfin,Bob Lewis,,Bob Lewis,R,True,False,-27.5,-25.72,-19.27,2.87,-7.43,-0.24,-5.0,5.3,,-26.64,0.0407,0.9593,Safe R,,
2026-09-06,KS-HD-124,KS,House,HD-124,1,,,Marty Long,,Marty Long,R,True,False,-67.9,-68.18,-55.08,2.87,-7.43,0.0,-5.0,5.3,R,-62.21,0.02,0.98,Safe R,,
2026-09-06,KS-HD-125,KS,House,HD-125,1,,,Shannon Francis,,Shannon Francis,R,True,False,-40.8,-39.16,-30.6,2.87,-7.43,0.0,-5.0,5.3,R,-37.74,0.02,0.98,Safe R,,
2026-09-06,KS-HD-13,KS,House,HD-13,1,,Mark Remmert,Duane Droge,,Duane Droge,R,True,False,-57.0,-56.94,-45.6,2.87,-7.43,-1.56,0.0,5.3,,-49.29,0.0006,0.9994,Safe R,,
2026-09-06,KS-HD-14,KS,House,HD-14,1,,Sherry Giebler,Charlotte Esau,,Charlotte Esau,R,True,False,2.4,1.63,3.79,2.87,-7.43,-1.51,0.0,5.3,,0.15,0.5039,0.4961,Toss-up,,
2026-09-06,KS-HD-15,KS,House,HD-15,1,,Allison Hougland,Lauren Bohi,,Lauren Bohi,R,True,False,-0.9,-2.21,0.56,2.87,-7.43,-0.02,-5.0,5.3,,-6.59,0.3331,0.6669,Lean R,,
2026-09-06,KS-HD-16,KS,House,HD-16,1,,Linda Featherston,,,Linda Featherston,D,True,False,9.8,8.72,9.77,2.87,7.43,-2.05,0.0,5.3,D,20.45,0.98,0.02,Safe D,,
2026-09-06,KS-HD-17,KS,House,HD-17,1,,Jo Ella Hoye,Jim Eschrich,,Jo Ella Hoye,D,True,False,12.4,12.08,12.61,2.87,7.43,0.0,5.0,5.3,,30.34,0.9764,0.0236,Safe D,,
2026-09-06,KS-HD-18,KS,House,HD-18,1,,Cindy Neighbor,Robert Whitman,,Cindy Neighbor,D,True,False,12.2,11.01,11.7,2.87,7.43,1.3,0.0,5.3,,25.73,0.9538,0.0462,Safe D,,
2026-09-06,KS-HD-19,KS,House,HD-19,1,,Stephanie Clayton,Mark Hermes,,Stephanie Clayton,D,True,False,26.4,26.21,24.52,2.87,7.43,-2.56,0.0,5.3,,34.69,0.9884,0.0116,Safe D,,
2026-09-06,KS-HD-2,KS,House,HD-2,1,,Avery Rowland,Daniel Muter,,Ken Collins,R,False,True,-42.4,-42.55,-33.47,2.87,0.0,0.0,0.0,5.3,,-28.17,0.0327,0.9673,Safe R,,
2026-09-06,KS-HD-20,KS,House,HD-20,1,,Mari-Lynn Poskin,,,Mari-Lynn Poskin,D,True,False,15.7,14.6,14.73,2.87,7.43,-0.21,5.0,5.3,D,32.25,0.98,0.02,Safe D,,
2026-09-06,KS-HD-21,KS,House,HD-21,1,,Jerry Stogsdill,,,Jerry Stogsdill,D,True,False,33.0,32.6,29.92,2.87,7.43,-2.86,0.0,5.3,D,39.79,0.98,0.02,Safe D,,
2026-09-06,KS-HD-22,KS,House,HD-22,1,,Reed Krewson,,,Lindsay Vaughn,D,False,True,25.3,24.97,23.48,2.87,0.0,0.0,0.0,5.3,D,28.78,0.98,0.02,Safe D,,
2026-09-06,KS-HD-23,KS,House,HD-23,1,,Susan Ruiz,,,Susan Ruiz,D,True,False,21.6,21.98,20.96,2.87,7.43,-2.75,0.0,5.3,D,30.94,0.98,0.02,Safe D,,
2026-09-06,KS-HD-24,KS,House,HD-24,1,,Jarrod Ousley,Scott Speicker,,Jarrod Ousley,D,True,False,29.0,29.11,26.97,2.87,7.43,-0.74,0.0,5.3,,38.96,0.9946,0.0054,Safe D,,
2026-09-06,KS-HD-25,KS,House,HD-25,1,,Rui Xu,,,Rui Xu,D,True,False,36.0,35.74,32.56,2.87,7.43,-3.66,0.0,5.3,D,41.63,0.98,0.02,Safe D,,
2026-09-06,KS-HD-26,KS,House,HD-26,1,,Laura Johnson,Chip VanHouden,,Chip VanHouden,R,True,False,-13.6,-14.74,-10.01,2.87,-7.43,0.0,-5.0,5.3,,-17.14,0.1312,0.8688,Likely R,,
2026-09-06,KS-HD-27,KS,House,HD-27,1,,Sara Kiewiet,Sean Tarwater,,Sean Tarwater,R,True,False,-9.7,-9.88,-5.91,2.87,-7.43,-3.21,0.0,5.3,,-11.26,0.2308,0.7692,Likely R,,
2026-09-06,KS-HD-28,KS,House,HD-28,1,,Bryan Mouber,Alex. N Bergman,,Carl Turner,R,False,True,4.9,3.83,5.65,2.87,0.0,0.0,0.0,5.3,,10.95,0.763,0.237,Likely D,,
2026-09-06,KS-HD-29,KS,House,HD-29,1,,Heather Meyer,,,Heather Meyer,D,True,False,21.3,20.07,19.34,2.87,7.43,-2.08,0.0,5.3,D,29.99,0.98,0.02,Safe D,,
2026-09-06,KS-HD-3,KS,House,HD-3,1,,Isaiah Harris,D J Perry,,,,False,True,-14.5,-14.56,-9.86,2.87,0.0,0.0,0.0,5.3,,-4.56,0.3828,0.6172,Lean R,,
2026-09-06,KS-HD-30,KS,House,HD-30,1,,Amelia Wiederaenders,Laura Williams,,Laura Williams,R,True,False,3.2,3.75,5.58,2.87,-7.43,-1.52,0.0,5.3,,1.93,0.5502,0.4498,Toss-up,,
2026-09-06,KS-HD-31,KS,House,HD-31,1,,Emily Hane,Dennis Grindel,,Louis Ruiz,D,False,True,35.9,37.77,34.28,2.87,0.0,2.56,0.0,5.3,,42.14,0.9971,0.0029,Safe D,,
2026-09-06,KS-HD-32,KS,House,HD-32,1,,Pam Curtis,,,Pam Curtis,D,True,False,40.5,43.05,38.73,2.87,7.43,1.16,0.0,5.3,D,52.62,0.98,0.02,Safe D,,
2026-09-06,KS-HD-33,KS,House,HD-33,1,,Emily Blanks,Carolyn Caiharr,,Carolyn Caiharr,R,True,False,-4.5,-3.23,-0.31,2.87,-7.43,0.0,-5.0,5.3,,-7.44,0.3133,0.6867,Lean R,,
2026-09-06,KS-HD-34,KS,House,HD-34,1,,Valdenia Winn,CeCe Harlin,,Valdenia Winn,D,True,False,54.6,58.25,51.54,2.87,7.43,-1.36,0.0,5.3,,62.91,1.0,0.0,Safe D,,
2026-09-06,KS-HD-35,KS,House,HD-35,1,,Wanda Paige,Alex Sanchez,,Wanda Paige,D,True,False,53.4,57.58,50.98,2.87,7.43,0.0,5.0,5.3,,68.71,1.0,0.0,Safe D,,
2026-09-06,KS-HD-36,KS,House,HD-36,1,,Lynn Melton,Brian Dickason,,Lynn Melton,D,True,False,13.3,15.72,15.68,2.87,7.43,2.28,0.0,5.3,,30.69,0.9776,0.0224,Safe D,,
2026-09-06,KS-HD-37,KS,House,HD-37,1,,Melissa Oropeza,Connie Jo Henry,,Melissa Oropeza,D,True,False,16.6,18.54,18.05,2.87,7.43,1.84,0.0,5.3,,32.63,0.9836,0.0164,Safe D,,
2026-09-06,KS-HD-38,KS,House,HD-38,1,,Richard Paz,Tim Johnson,,Tim Johnson,R,True,False,-25.1,-25.98,-19.49,2.87,-7.43,-2.84,0.0,5.3,,-24.46,0.0549,0.9451,Likely R,,
2026-09-06,KS-HD-39,KS,House,HD-39,1,,Zach Maier,Angela Stiens,,Angela Stiens,R,True,False,-0.2,-2.75,0.1,2.87,-7.43,-0.57,0.0,5.3,,-2.6,0.4325,0.5675,Toss-up,,
2026-09-06,KS-HD-4,KS,House,HD-4,1,,,Rick James,Rob Hodgkinson,Rick James,R,True,False,-58.3,-58.71,-47.09,2.87,-7.43,0.0,-5.0,5.3,R,-54.22,0.02,0.98,Safe R,,
2026-09-06,KS-HD-40,KS,House,HD-40,1,,Mika Stilwell,Dave Buehler,,Dave Buehler,R,True,False,-11.7,-11.01,-6.87,2.87,-7.43,0.0,-5.0,5.3,,-14.0,0.18,0.82,Likely R,,
2026-09-06,KS-HD-41,KS,House,HD-41,1,,Jeff Pittman,Ann Reinhart,,Pat Proctor,R,False,True,-16.8,-16.75,-11.71,2.87,0.0,4.04,0.0,5.3,,-2.37,0.4384,0.5616,Toss-up,,
2026-09-06,KS-HD-42,KS,House,HD-42,1,,Brandon Wendt,Lance Neelly,,Lance Neelly,R,True,False,-25.8,-22.49,-16.55,2.87,-7.43,-2.68,0.0,5.3,,-21.36,0.0812,0.9188,Likely R,,
2026-09-06,KS-HD-43,KS,House,HD-43,1,,Kristen Schultz,Billie H. Sutton,,Billie H. Sutton,R,True,False,-23.2,-22.47,-16.53,2.87,-7.43,0.0,-5.0,5.3,,-23.66,0.0609,0.9391,Likely R,,
2026-09-06,KS-HD-44,KS,House,HD-44,1,,Barbara Ballard,,,Barbara Ballard,D,True,False,51.8,51.84,46.14,2.87,7.43,0.0,5.0,5.3,D,63.87,0.98,0.02,Safe D,,
2026-09-06,KS-HD-45,KS,House,HD-45,1,,Mike Amyx,,,Mike Amyx,D,True,False,39.9,40.09,36.23,2.87,7.43,0.0,5.0,5.3,D,53.97,0.98,0.02,Safe D,,
2026-09-06,KS-HD-46,KS,House,HD-46,1,,Brooklynne Mosley,,,Brooklynne Mosley,D,True,False,70.6,71.56,62.78,2.87,7.43,0.0,5.0,5.3,D,80.51,0.98,0.02,Safe D,,
2026-09-06,KS-HD-47,KS,House,HD-47,1,,Mary Frances Williams,Paula Newell Ellis,,Ronald Ellis,R,False,True,-32.2,-31.32,-24.0,2.87,0.0,0.0,0.0,5.3,,-18.7,0.1107,0.8893,Likely R,,
2026-09-06,KS-HD-48,KS,House,HD-48,1,,Dan Osman,,,Dan Osman,D,True,False,9.1,7.74,8.95,2.87,7.43,-2.14,0.0,5.3,D,19.54,0.98,0.02,Safe D,,
2026-09-06,KS-HD-49,KS,House,HD-49,1,,Nikki McDonald,Tricia Sinclair,,Nikki McDonald,D,True,False,4.2,3.05,4.99,2.87,7.43,-1.08,0.0,5.3,,16.65,0.8618,0.1382,Likely D,,
2026-09-06,KS-HD-5,KS,House,HD-5,1,,Henry L. Johns,Courtney Sappington,,Courtney Sappington,R,True,False,-29.4,-29.45,-22.42,2.87,-7.43,-2.67,0.0,5.3,,-27.22,0.0375,0.9625,Safe R,,
2026-09-06,KS-HD-50,KS,House,HD-50,1,,,Kyle McNorton,,Kyle McNorton,R,True,False,-28.4,-28.54,-21.65,2.87,-7.43,-1.59,0.0,5.3,R,-25.37,0.02,0.98,Safe R,,
2026-09-06,KS-HD-51,KS,House,HD-51,1,,,Megan Steele,,Megan Steele,R,True,False,-34.8,-38.27,-29.86,2.87,-7.43,-0.07,-5.0,5.3,R,-37.06,0.02,0.98,Safe R,,
2026-09-06,KS-HD-52,KS,House,HD-52,1,,Toni Scalia,Jesse Borjon,,Jesse Borjon,R,True,False,-2.6,-3.4,-0.45,2.87,-7.43,-2.49,0.0,5.3,,-5.07,0.3701,0.6299,Lean R,,
2026-09-06,KS-HD-53,KS,House,HD-53,1,,Kirk Haskins,,,Kirk Haskins,D,True,False,10.6,10.51,11.28,2.87,7.43,-1.13,0.0,5.3,D,22.88,0.98,0.02,Safe D,,
2026-09-06,KS-HD-54,KS,House,HD-54,1,,Chris Tanner,Ken Corbet,,Ken Corbet,R,True,False,-34.2,-34.04,-26.29,2.87,-7.43,-0.01,-5.0,5.3,,-33.43,0.0144,0.9856,Safe R,,
2026-09-06,KS-HD-55,KS,House,HD-55,1,,Tobias Schlingensiepen,Lanell Griffith,,Tobias Schlingensiepen,D,True,False,23.4,24.64,23.2,2.87,7.43,2.24,0.0,5.3,,38.17,0.9937,0.0063,Safe D,,
2026-09-06,KS-HD-56,KS,House,HD-56,1,,Virgil Weigel,Elvin Fajardo,,Virgil Weigel,D,True,False,9.4,9.19,10.17,2.87,7.43,-2.03,0.0,5.3,,20.87,0.9139,0.0861,Likely D,,
2026-09-06,KS-HD-57,KS,House,HD-57,1,,John Alcala,,,John Alcala,D,True,False,7.9,9.79,10.67,2.87,7.43,3.54,0.0,5.3,D,26.94,0.98,0.02,Safe D,,
2026-09-06,KS-HD-58,KS,House,HD-58,1,,Alexis Simmons,Michael Mathewson,,Alexis Simmons,D,True,False,23.4,24.9,23.42,2.87,7.43,2.7,0.0,5.3,,38.85,0.9945,0.0055,Safe D,,
2026-09-06,KS-HD-59,KS,House,HD-59,1,,Michael Lewis,Rebecca Schmoe,,Rebecca Schmoe,R,True,False,-39.6,-40.1,-31.4,2.87,-7.43,-0.41,0.0,5.3,,-33.94,0.0132,0.9868,Safe R,,
2026-09-06,KS-HD-6,KS,House,HD-6,1,,Frank Henderson,Samantha M. Poetter Parshall,,Samantha Poetter,R,False,True,-39.0,-39.62,-31.0,2.87,0.0,-1.04,0.0,5.3,,-26.74,0.0402,0.9598,Safe R,,
2026-09-06,KS-HD-60,KS,House,HD-60,1,,Maddison D. Glover,Mark Schreiber,,Mark Schreiber,R,True,False,-2.6,-1.55,1.12,2.87,-7.43,-4.73,0.0,5.3,,-5.74,0.3536,0.6464,Lean R,,
2026-09-06,KS-HD-61,KS,House,HD-61,1,,,Francis Awerkamp,,Francis Awerkamp,R,True,False,-45.3,-43.11,-33.94,2.87,-7.43,0.0,-5.0,5.3,R,-41.07,0.02,0.98,Safe R,,
2026-09-06,KS-HD-62,KS,House,HD-62,1,,,Sean Willcott,Jack E. Geiger,Sean Willcott,R,True,False,-58.8,-59.45,-47.72,2.87,-7.43,0.0,-5.0,5.3,R,-54.85,0.02,0.98,Safe R,,
2026-09-06,KS-HD-63,KS,House,HD-63,1,,Adam Booth,Allen Reavis,,Allen Reavis,R,True,False,-46.0,-46.02,-36.39,2.87,-7.43,0.0,-5.0,5.3,,-43.53,0.0022,0.9978,Safe R,,
2026-09-06,KS-HD-64,KS,House,HD-64,1,,,Lewis Bloom,,Lewis Bloom,R,True,False,-51.7,-52.85,-42.15,2.87,-7.43,0.0,-5.0,5.3,R,-49.28,0.02,0.98,Safe R,,
2026-09-06,KS-HD-65,KS,House,HD-65,1,,,Shawn Chauncey,,Shawn Chauncey,R,True,False,-14.7,-14.9,-10.15,2.87,-7.43,0.44,0.0,5.3,R,-11.84,0.02,0.98,Safe R,,
2026-09-06,KS-HD-66,KS,House,HD-66,1,,Sydney Carlin,Noah Perry,Andrew Frey,Sydney Carlin,D,True,False,24.4,24.55,23.12,2.87,7.43,0.0,5.0,5.3,,40.85,0.9962,0.0038,Safe D,,
2026-09-06,KS-HD-67,KS,House,HD-67,1,,Brenda Bandy,Stacy Kohlmeier,,Angel Roeser,R,False,True,5.5,5.83,7.34,2.87,0.0,0.0,0.0,5.3,,12.64,0.7957,0.2043,Likely D,,
2026-09-06,KS-HD-68,KS,House,HD-68,1,,,Nate Butler,,Nate Butler,R,True,False,-34.3,-34.02,-26.27,2.87,-7.43,0.0,-5.0,5.3,R,-33.4,0.02,0.98,Safe R,,
2026-09-06,KS-HD-69,KS,House,HD-69,1,,Miranda Bachman,Clarke Sanders,,Clarke Sanders,R,True,False,-33.5,-34.39,-26.58,2.87,-7.43,5.02,0.0,5.3,,-23.69,0.0607,0.9393,Likely R,,
2026-09-06,KS-HD-7,KS,House,HD-7,1,,Taylor Moreland,Thomas Douglas Allen,,Dan Goddard,R,False,True,-35.8,-35.68,-27.68,2.87,0.0,0.0,0.0,5.3,,-22.38,0.0717,0.9283,Likely R,,
2026-09-06,KS-HD-70,KS,House,HD-70,1,,Kylie Kilmer,Greg Wilson,,Greg Wilson,R,True,False,-54.3,-54.92,-43.9,2.87,-7.43,0.0,-5.0,5.3,,-51.03,0.0004,0.9996,Safe R,,
2026-09-06,KS-HD-71,KS,House,HD-71,1,,Jerry Lonergan,Steve Howe,,Steve Howe,R,True,False,-29.9,-29.93,-22.82,2.87,-7.43,0.0,-5.0,5.3,,-29.95,0.0251,0.9749,Safe R,,
2026-09-06,KS-HD-72,KS,House,HD-72,1,,Matthew L Smith,Avery Anderson,,Avery Anderson,R,True,False,-23.0,-23.04,-17.01,2.87,-7.43,1.22,0.0,5.3,,-17.92,0.1206,0.8794,Likely R,,
2026-09-06,KS-HD-73,KS,House,HD-73,1,,Bobby Joe Robertson Jr,Lori Shultz,,Rick Wilborn,R,False,True,-36.9,-37.93,-29.57,2.87,0.0,0.0,0.0,5.3,,-24.27,0.0562,0.9438,Likely R,,
2026-09-06,KS-HD-74,KS,House,HD-74,1,,Michele L. Ediger,Mike King,,Mike King,R,True,False,-33.8,-34.14,-26.37,2.87,-7.43,-2.82,0.0,5.3,,-31.32,0.0203,0.9797,Safe R,,
2026-09-06,KS-HD-75,KS,House,HD-75,1,,Randy Quinn,Tyler Coats,,Will Carpenter,R,False,True,-45.2,-45.73,-36.15,2.87,0.0,0.0,0.0,5.3,,-30.85,0.0218,0.9782,Safe R,,
2026-09-06,KS-HD-76,KS,House,HD-76,1,,David A. Claridge,Russel Stukey,,Brad Barrett,R,False,True,-48.9,-49.63,-39.44,2.87,0.0,0.0,0.0,5.3,,-34.14,0.0128,0.9872,Safe R,,
2026-09-06,KS-HD-77,KS,House,HD-77,1,,Troy Nicks,Kristey Williams,,Kristey Williams,R,True,False,-42.1,-44.38,-35.01,2.87,-7.43,0.0,-5.0,5.3,,-42.14,0.0029,0.9971,Safe R,,
2026-09-06,KS-HD-78,KS,House,HD-78,1,,Tim Lundberg,Robyn Essex,,Robyn Essex,R,True,False,-1.8,-2.3,0.48,2.87,-7.43,-1.89,0.0,5.3,,-3.54,0.4084,0.5916,Toss-up,,
2026-09-06,KS-HD-79,KS,House,HD-79,1,,Siobhan McIntyre,Web Roth,,Web Roth,R,True,False,-40.6,-41.68,-32.74,2.87,-7.43,-1.68,0.0,5.3,,-36.55,0.0084,0.9916,Safe R,,
2026-09-06,KS-HD-8,KS,House,HD-8,1,,Megan Phillips,Chris Croft,,Chris Croft,R,True,False,-6.1,-5.44,-2.17,2.87,-7.43,-0.78,0.0,5.3,,-5.07,0.37,0.63,Lean R,,
2026-09-06,KS-HD-80,KS,House,HD-80,1,,,Bill Rhiley,Lex Goff,Bill Rhiley,R,True,False,-40.6,-40.74,-31.94,2.87,-7.43,0.0,-5.0,5.3,R,-39.07,0.02,0.98,Safe R,,
2026-09-06,KS-HD-81,KS,House,HD-81,1,,Kayden Bennett,Blake Carpenter,,Blake Carpenter,R,True,False,-26.5,-26.84,-20.22,2.87,-7.43,-1.08,0.0,5.3,,-23.43,0.0627,0.9373,Likely R,,
2026-09-06,KS-HD-82,KS,House,HD-82,1,,Kyle Beauchamp,Leah Howell,Dean Hayse,Leah Howell,R,True,False,-32.5,-33.55,-25.88,2.87,-7.43,-0.38,0.0,5.3,,-28.39,0.0317,0.9683,Safe R,,
2026-09-06,KS-HD-83,KS,House,HD-83,1,,Brandon Whipple,Zachary Werhan,,Henry Helgerson,D,False,True,17.7,18.17,17.75,2.87,0.0,0.0,0.0,5.3,,23.05,0.9341,0.0659,Likely D,,
2026-09-06,KS-HD-84,KS,House,HD-84,1,,Bonita Gooch,,,Ford Carr,D,False,True,42.2,43.8,39.36,2.87,0.0,0.0,0.0,5.3,D,44.66,0.98,0.02,Safe D,,
2026-09-06,KS-HD-85,KS,House,HD-85,1,,Mackenzi Truelove,Steve Brunk,,Steven Brunk,R,False,True,-8.1,-8.88,-5.07,2.87,0.0,0.0,0.0,5.3,,0.23,0.506,0.494,Toss-up,,
2026-09-06,KS-HD-86,KS,House,HD-86,1,,Abi Boatman,Kevin Thompson,,Abi Boatman,D,True,False,12.4,12.99,13.38,2.87,7.43,0.0,5.0,5.3,,31.11,0.979,0.021,Safe D,,
2026-09-06,KS-HD-87,KS,House,HD-87,1,,,Susan Estes,,Susan Estes,R,True,False,-4.5,-5.08,-1.86,2.87,-7.43,-1.58,0.0,5.3,R,-5.57,0.02,0.98,Safe R,,
2026-09-06,KS-HD-88,KS,House,HD-88,1,,Candace Landers,Sandy Pickert,,Sandy Pickert,R,True,False,0.4,0.39,2.75,2.87,-7.43,-0.51,0.0,5.3,,0.11,0.503,0.497,Toss-up,,
2026-09-06,KS-HD-89,KS,House,HD-89,1,,Carol Brewer,,,K.C. Ohaebosim,D,False,True,23.3,25.02,23.52,2.87,0.0,0.61,0.0,5.3,D,29.43,0.98,0.02,Safe D,,
2026-09-06,KS-HD-9,KS,House,HD-9,1,,,Fred Gardner,,Fred Gardner,R,True,False,-51.7,-51.85,-41.31,2.87,-7.43,0.82,0.0,5.3,R,-42.62,0.02,0.98,Safe R,,
2026-09-06,KS-HD-90,KS,House,HD-90,1,,Amy Warhurst,Steve Huebert,,Steve Huebert,R,True,False,-40.4,-41.43,-32.53,2.87,-7.43,-0.67,0.0,5.3,,-35.32,0.0104,0.9896,Safe R,,
2026-09-06,KS-HD-91,KS,House,HD-91,1,,Velma Davis,Emil Bergquist,,Emil Bergquist,R,True,False,-26.3,-28.22,-21.38,2.87,-7.43,-0.48,0.0,5.3,,-23.99,0.0583,0.9417,Likely R,,
2026-09-06,KS-HD-92,KS,House,HD-92,1,,John Carmichael,Vail Fruechting,,John Carmichael,D,True,False,15.9,14.77,14.87,2.87,7.43,-1.03,0.0,5.3,,26.57,0.9589,0.0411,Safe D,,
2026-09-06,KS-HD-93,KS,House,HD-93,1,,Eli Rueda-Vega,Brian Bergkamp,,Brian Bergkamp,R,True,False,-49.1,-49.71,-39.51,2.87,-7.43,0.88,0.0,5.3,,-40.76,0.0038,0.9962,Safe R,,
2026-09-06,KS-HD-94,KS,House,HD-94,1,,,Leo Delperdang,,Leo Delperdang,R,True,False,-25.1,-26.46,-19.9,2.87,-7.43,-1.22,0.0,5.3,R,-23.25,0.02,0.98,Safe R,,
2026-09-06,KS-HD-95,KS,House,HD-95,1,,Tom Sawyer,,,Tom Sawyer,D,True,False,0.8,0.72,3.02,2.87,7.43,2.64,0.0,5.3,D,18.4,0.98,0.02,Safe D,,
2026-09-06,KS-HD-96,KS,House,HD-96,1,,Jessica Maldonado,Tom Kessler,Joseph Trotter,Tom Kessler,R,True,False,-7.6,-8.74,-4.96,2.87,-7.43,0.67,0.0,5.3,,-6.42,0.3373,0.6627,Lean R,,
2026-09-06,KS-HD-97,KS,House,HD-97,1,,Rhashanna Grant,Nick Hoheisel,,Nick Hoheisel,R,True,False,-22.1,-23.08,-17.05,2.87,-7.43,-0.2,-5.0,5.3,,-24.38,0.0554,0.9446,Likely R,,
2026-09-06,KS-HD-98,KS,House,HD-98,1,,Erika L. Lewis,Cyndi Howerton,,Cyndi Howerton,R,True,False,-25.3,-26.58,-20.0,2.87,-7.43,0.12,-5.0,5.3,,-27.01,0.0387,0.9613,Safe R,,
2026-09-06,KS-HD-99,KS,House,HD-99,1,,Mark B Barlow,Susan Humphries,,Susan Humphries,R,True,False,-24.2,-26.48,-19.91,2.87,-7.43,-2.87,0.0,5.3,,-24.91,0.0516,0.9484,Likely R,,
2026-09-06,KY-HD-1,KY,House,HD-1,1,,,Steven Rudy,,Steven Rudy,R,True,False,-51.1,-50.5,-42.09,0.6,-7.43,0.0,-5.0,5.3,R,-49.22,0.02,0.98,Safe R,,
2026-09-06,KY-HD-10,KY,House,HD-10,1,,John Whipple,Josh Calloway,,Josh Calloway,R,True,False,-45.2,-45.17,-37.59,0.59,-7.43,11.47,0.0,5.3,,-28.25,0.0323,0.9677,Safe R,,
2026-09-06,KY-HD-100,KY,House,HD-100,1,,,Scott Sharp,,Scott Sharp,R,True,False,-46.1,-45.75,-38.08,0.59,-7.43,12.27,0.0,5.3,R,-27.95,0.02,0.98,Safe R,,
2026-09-06,KY-HD-11,KY,House,HD-11,1,,Janelle Rowena Glass,J.T. Payne,,J.T. Payne,R,True,False,-29.2,-28.58,-23.6,0.6,-7.43,0.0,-5.0,5.3,,-30.74,0.0222,0.9778,Safe R,,
2026-09-06,KY-HD-12,KY,House,HD-12,1,,,Jim Gooch,,Jim Gooch,R,True,False,-59.5,-59.07,-49.32,0.59,-7.43,1.16,0.0,5.3,R,-50.29,0.02,0.98,Safe R,,
2026-09-06,KY-HD-13,KY,House,HD-13,1,,Rhondalyn Randolph,D.J. Johnson,,D.J. Johnson,R,True,False,-25.8,-25.64,-21.12,0.59,-7.43,2.84,0.0,5.3,,-20.41,0.091,0.909,Likely R,,
2026-09-06,KY-HD-14,KY,House,HD-14,1,,Donna Haynes,Wesley Pate,,Scott Lewis,R,False,True,-55.8,-55.12,-45.99,0.59,0.0,0.0,0.0,5.3,,-40.69,0.0039,0.9961,Safe R,,
2026-09-06,KY-HD-15,KY,House,HD-15,1,,Chris Waddell,Rebecca Raymer,,Rebecca Raymer,R,True,False,-58.0,-57.24,-47.78,0.6,-7.43,2.74,0.0,5.3,,-47.16,0.001,0.999,Safe R,,
2026-09-06,KY-HD-16,KY,House,HD-16,1,,,Jason Petrie,,Jason Petrie,R,True,False,-57.3,-56.47,-47.13,0.6,-7.43,0.0,-5.0,5.3,R,-54.26,0.02,0.98,Safe R,,
2026-09-06,KY-HD-17,KY,House,HD-17,1,,,Robert Duvall,,Robert Duvall,R,True,False,-24.5,-23.35,-19.19,0.59,-7.43,0.0,-5.0,5.3,R,-26.32,0.02,0.98,Safe R,,
2026-09-06,KY-HD-18,KY,House,HD-18,1,,,Samara Heavrin,,Samara Heavrin,R,True,False,-57.5,-57.51,-48.0,0.59,-7.43,0.0,-5.0,5.3,R,-55.13,0.02,0.98,Safe R,,
2026-09-06,KY-HD-19,KY,House,HD-19,1,,,Michael Meredith,,Michael Meredith,R,True,False,-42.6,-41.91,-34.85,0.59,-7.43,-1.11,0.0,5.3,R,-38.09,0.02,0.98,Safe R,,
2026-09-06,KY-HD-2,KY,House,HD-2,1,,,Kim Holloway,,Kim Holloway,R,True,False,-60.0,-59.8,-49.93,0.59,-7.43,0.0,-5.0,5.3,R,-57.06,0.02,0.98,Safe R,,
2026-09-06,KY-HD-20,KY,House,HD-20,1,,,Kevin Jackson,,Kevin Jackson,R,True,False,-9.7,-8.84,-6.95,0.59,-7.43,-0.87,0.0,5.3,R,-9.95,0.02,0.98,Safe R,,
2026-09-06,KY-HD-21,KY,House,HD-21,1,,,Amy Neighbors,,Amy Neighbors,R,True,False,-71.1,-70.56,-59.01,0.59,-7.43,3.39,0.0,5.3,R,-57.75,0.02,0.98,Safe R,,
2026-09-06,KY-HD-22,KY,House,HD-22,1,,,Shawn McPherson,,Shawn McPherson,R,True,False,-53.6,-53.22,-44.39,0.6,-7.43,3.88,0.0,5.3,R,-42.64,0.02,0.98,Safe R,,
2026-09-06,KY-HD-23,KY,House,HD-23,1,,,Steve Riley,,Steve Riley,R,True,False,-52.8,-52.18,-43.51,0.59,-7.43,-3.11,0.0,5.3,R,-48.75,0.02,0.98,Safe R,,
2026-09-06,KY-HD-24,KY,House,HD-24,1,,Johnny Pennington,Ryan Bivens,,Ryan Bivens,R,True,False,-63.6,-62.69,-52.37,0.59,-7.43,0.3,-5.0,5.3,,-59.2,0.0001,0.9999,Safe R,,
2026-09-06,KY-HD-25,KY,House,HD-25,1,,Cherlyn Smith,Steve Bratcher,,Steve Bratcher,R,True,False,-22.8,-22.59,-18.55,0.59,-7.43,-1.45,0.0,5.3,,-22.13,0.0739,0.9261,Likely R,,
2026-09-06,KY-HD-26,KY,House,HD-26,1,,,Peyton Griffee,,Peyton Griffee,R,True,False,-46.9,-46.85,-39.01,0.59,-7.43,0.0,-5.0,5.3,R,-46.14,0.02,0.98,Safe R,,
2026-09-06,KY-HD-27,KY,House,HD-27,1,,Susan Doman,Joseph Redmon,,Nancy Tate,R,False,True,-39.9,-38.36,-31.85,0.59,0.0,0.0,0.0,5.3,,-26.55,0.0413,0.9587,Safe R,,
2026-09-06,KY-HD-28,KY,House,HD-28,1,,Almaria Baker,Jared Bauman,,Jared Bauman,R,True,False,-12.9,-13.24,-10.66,0.59,-7.43,-2.06,0.0,5.3,,-14.85,0.1657,0.8343,Likely R,,
2026-09-06,KY-HD-29,KY,House,HD-29,1,,Cassie Blausey,Chris Lewis,,Chris Lewis,R,True,False,-10.3,-11.33,-9.06,0.59,-7.43,-1.77,0.0,5.3,,-12.96,0.1984,0.8016,Likely R,,
2026-09-06,KY-HD-3,KY,House,HD-3,1,,Michael McVicker,Randy Bridges,,Randy Bridges,R,True,False,-32.3,-32.23,-26.68,0.59,-7.43,2.04,0.0,5.3,,-26.77,0.04,0.96,Safe R,,
2026-09-06,KY-HD-30,KY,House,HD-30,1,,Mitra Subedi,,,Daniel Grossberg,D,False,True,40.6,43.87,37.5,0.6,0.0,0.0,0.0,5.3,D,42.8,0.98,0.02,Safe D,,
2026-09-06,KY-HD-31,KY,House,HD-31,1,,Tim Hall,Susan Witten,,Susan Witten,R,True,False,3.2,2.63,2.72,0.6,-7.43,-2.71,0.0,5.3,,-2.12,0.4448,0.5552,Toss-up,,
2026-09-06,KY-HD-32,KY,House,HD-32,1,,Tina Bojanowski,,,Tina Bojanowski,D,True,False,20.4,21.01,18.22,0.6,7.43,-5.8,0.0,5.3,D,25.15,0.98,0.02,Safe D,,
2026-09-06,KY-HD-33,KY,House,HD-33,1,,Jennifer Hardin,Jason Nemes,,Jason Nemes,R,True,False,-7.6,-8.37,-6.56,0.59,-7.43,-0.07,-5.0,5.3,,-13.75,0.1842,0.8158,Likely R,,
2026-09-06,KY-HD-34,KY,House,HD-34,1,,Sarah Stalker,Victoria Ligon,,Sarah Stalker,D,True,False,34.7,34.63,29.71,0.59,7.43,0.0,5.0,5.3,,47.44,0.999,0.001,Safe D,,
2026-09-06,KY-HD-35,KY,House,HD-35,1,,Lisa Willner,Bret Shultz,,Lisa Willner,D,True,False,5.0,6.09,5.64,0.6,7.43,0.0,5.0,5.3,,23.37,0.9368,0.0632,Likely D,,
2026-09-06,KY-HD-36,KY,House,HD-36,1,,William Zorn,John Hodgson,,John Hodgson,R,True,False,-10.9,-12.0,-9.62,0.59,-7.43,-0.68,0.0,5.3,,-12.43,0.2082,0.7918,Likely R,,
2026-09-06,KY-HD-37,KY,House,HD-37,1,,,Emily Callaway,,Emily Callaway,R,True,False,-18.4,-17.67,-14.4,0.59,-7.43,1.48,0.0,5.3,R,-15.05,0.02,0.98,Safe R,,
2026-09-06,KY-HD-38,KY,House,HD-38,1,,Rachel Roarx,Carrie Sanders McKeehan,,Rachel Roarx,D,True,False,-1.4,-0.65,-0.04,0.59,7.43,1.43,0.0,5.3,,14.12,0.8221,0.1779,Likely D,,
2026-09-06,KY-HD-39,KY,House,HD-39,1,,Ryan Stanford,Matt Lockett,,Matt Lockett,R,True,False,-18.1,-18.5,-15.1,0.59,-7.43,-0.91,0.0,5.3,,-18.13,0.1178,0.8822,Likely R,,
2026-09-06,KY-HD-4,KY,House,HD-4,1,,,Wade Williams,,Wade Williams,R,True,False,-50.9,-51.18,-42.66,0.59,-7.43,1.59,0.0,5.3,R,-43.2,0.02,0.98,Safe R,,
2026-09-06,KY-HD-40,KY,House,HD-40,1,,Nima Kulkarni,,,Nima Kulkarni,D,True,False,50.3,52.76,45.0,0.59,7.43,0.0,5.0,5.3,D,62.73,0.98,0.02,Safe D,,
2026-09-06,KY-HD-41,KY,House,HD-41,1,,Mary Lou Marzian,,,Mary Lou Marzian,D,True,False,48.3,48.82,41.67,0.6,7.43,-0.15,5.0,5.3,D,59.26,0.98,0.02,Safe D,,
2026-09-06,KY-HD-42,KY,House,HD-42,1,,Joshua Watkins,,,Joshua Watkins,D,True,False,71.1,74.23,63.11,0.59,7.43,0.0,5.0,5.3,D,80.84,0.98,0.02,Safe D,,
2026-09-06,KY-HD-43,KY,House,HD-43,1,,Robert LeVertis Bell,,,Pamela Stevenson,D,False,True,64.7,67.66,57.57,0.59,0.0,0.0,0.0,5.3,D,62.87,0.98,0.02,Safe D,,
2026-09-06,KY-HD-44,KY,House,HD-44,1,,Kenya Wade,,,Beverly Chester-Burton,D,False,True,39.0,41.1,35.16,0.6,0.0,0.0,0.0,5.3,D,40.46,0.98,0.02,Safe D,,
2026-09-06,KY-HD-45,KY,House,HD-45,1,,Adam Moore,Killian Timoney,,Adam Moore,D,True,False,-4.0,-4.91,-3.64,0.59,7.43,2.21,0.0,5.3,,11.3,0.7701,0.2299,Likely D,,
2026-09-06,KY-HD-46,KY,House,HD-46,1,,Al Gentry,Brad Woolridge,,Al Gentry,D,True,False,10.0,10.39,9.27,0.6,7.43,0.0,5.0,5.3,,27.0,0.9613,0.0387,Safe D,,
2026-09-06,KY-HD-47,KY,House,HD-47,1,,,Felicia Rabourn,,Felicia Rabourn,R,True,False,-55.4,-54.37,-45.35,0.6,-7.43,5.53,0.0,5.3,R,-41.95,0.02,0.98,Safe R,,
2026-09-06,KY-HD-48,KY,House,HD-48,1,,Suhas Kulkarni,Ken Fleming,,Ken Fleming,R,True,False,2.3,1.6,1.85,0.6,-7.43,-2.23,0.0,5.3,,-2.52,0.4346,0.5654,Toss-up,,
2026-09-06,KY-HD-49,KY,House,HD-49,1,,,Thomas Huff,,Thomas Huff,R,True,False,-51.5,-51.76,-43.16,0.6,-7.43,0.3,-5.0,5.3,R,-49.99,0.02,0.98,Safe R,,
2026-09-06,KY-HD-5,KY,House,HD-5,1,,,Mary Beth Imes,,Mary Beth Imes,R,True,False,-41.1,-40.62,-33.76,0.59,-7.43,3.74,0.0,5.3,R,-32.15,0.02,0.98,Safe R,,
2026-09-06,KY-HD-50,KY,House,HD-50,1,,J.D. Netherton,Candy Massaroni,,Candy Massaroni,R,True,False,-41.7,-40.67,-33.8,0.59,-7.43,0.0,-5.0,5.3,,-40.93,0.0037,0.9963,Safe R,,
2026-09-06,KY-HD-51,KY,House,HD-51,1,,,Michael Pollock,,Michael Pollock,R,True,False,-51.1,-50.02,-41.69,0.6,-7.43,0.0,-5.0,5.3,R,-48.82,0.02,0.98,Safe R,,
2026-09-06,KY-HD-52,KY,House,HD-52,1,,,Kevin Jones,,Ken Upchurch,R,False,True,-69.1,-68.87,-57.58,0.59,0.0,0.0,0.0,5.3,R,-52.28,0.02,0.98,Safe R,,
2026-09-06,KY-HD-53,KY,House,HD-53,1,,,James Tipton,,James Tipton,R,True,False,-52.6,-52.99,-44.19,0.6,-7.43,-0.22,-5.0,5.3,R,-51.54,0.02,0.98,Safe R,,
2026-09-06,KY-HD-54,KY,House,HD-54,1,,,Daniel Elliott,,Daniel Elliott,R,True,False,-44.7,-44.46,-37.0,0.59,-7.43,0.0,-5.0,5.3,R,-44.13,0.02,0.98,Safe R,,
2026-09-06,KY-HD-55,KY,House,HD-55,1,,Katrina Sexton,Kim King,,Kim King,R,True,False,-49.2,-48.97,-40.8,0.59,-7.43,2.85,0.0,5.3,,-40.08,0.0044,0.9956,Safe R,,
2026-09-06,KY-HD-56,KY,House,HD-56,1,,David Graves,Dan Fister,,Dan Fister,R,True,False,-18.8,-19.27,-15.75,0.59,-7.43,0.0,-5.0,5.3,,-22.88,0.0673,0.9327,Likely R,,
2026-09-06,KY-HD-57,KY,House,HD-57,1,,Erika Hancock,,,Erika Hancock,D,True,False,-2.0,-0.96,-0.31,0.59,7.43,0.0,5.0,5.3,D,17.42,0.98,0.02,Safe D,,
2026-09-06,KY-HD-58,KY,House,HD-58,1,,Andrew Monarch,Jennifer Decker,,Jennifer Decker,R,True,False,-34.0,-33.5,-27.75,0.59,-7.43,-0.99,0.0,5.3,,-30.87,0.0217,0.9783,Safe R,,
2026-09-06,KY-HD-59,KY,House,HD-59,1,,Stephanie White,David Osborne,,David Osborne,R,True,False,-23.0,-23.85,-19.62,0.59,-7.43,0.0,-5.0,5.3,,-26.75,0.0401,0.9599,Safe R,,
2026-09-06,KY-HD-6,KY,House,HD-6,1,,,Chris Freeland,,Chris Freeland,R,True,False,-56.1,-55.55,-46.35,0.6,-7.43,2.43,0.0,5.3,R,-46.04,0.02,0.98,Safe R,,
2026-09-06,KY-HD-60,KY,House,HD-60,1,,Tracey Reid,Marianne Proctor,,Marianne Proctor,R,True,False,-33.0,-34.16,-28.31,0.59,-7.43,1.08,0.0,5.3,,-29.36,0.0274,0.9726,Safe R,,
2026-09-06,KY-HD-61,KY,House,HD-61,1,,,Savannah Maddox,,Savannah Maddox,R,True,False,-59.9,-59.31,-49.52,0.6,-7.43,2.69,0.0,5.3,R,-48.96,0.02,0.98,Safe R,,
2026-09-06,KY-HD-62,KY,House,HD-62,1,,Randy Jackson Simpkins,Tony Hampton,,Tony Hampton,R,True,False,-29.1,-29.14,-24.08,0.59,-7.43,-1.37,0.0,5.3,,-27.58,0.0357,0.9643,Safe R,,
2026-09-06,KY-HD-63,KY,House,HD-63,1,,,Cole Cuzick,,Kim Banta,R,False,True,-18.6,-19.18,-15.68,0.59,0.0,0.0,0.0,5.3,R,-10.38,0.02,0.98,Safe R,,
2026-09-06,KY-HD-64,KY,House,HD-64,1,,William Whalen,Kim Moser,,Kim Moser,R,True,False,-28.8,-29.35,-24.25,0.59,-7.43,0.0,-5.0,5.3,,-31.38,0.0201,0.9799,Safe R,,
2026-09-06,KY-HD-65,KY,House,HD-65,1,,Aaron Currin,Stephanie Dietz,,Stephanie Dietz,R,True,False,-5.5,-5.35,-4.01,0.59,-7.43,-1.99,0.0,5.3,,-8.13,0.2975,0.7025,Lean R,,
2026-09-06,KY-HD-66,KY,House,HD-66,1,,Jason Ellis,T.J. Roberts,,T.J. Roberts,R,True,False,-40.4,-41.54,-34.54,0.59,-7.43,-0.2,-5.0,5.3,,-41.86,0.0031,0.9969,Safe R,,
2026-09-06,KY-HD-67,KY,House,HD-67,1,,Matt Lehman,Terry Hatton,,Matt Lehman,D,True,False,-2.7,-2.47,-1.58,0.59,7.43,1.04,0.0,5.3,,12.19,0.7873,0.2127,Likely D,,
2026-09-06,KY-HD-68,KY,House,HD-68,1,,Amy Amin,Mike Clines,,Mike Clines,R,True,False,-27.5,-28.7,-23.71,0.59,-7.43,0.04,-5.0,5.3,,-30.8,0.022,0.978,Safe R,,
2026-09-06,KY-HD-69,KY,House,HD-69,1,,Wilanne Stangel,Steven Doan,,Steven Doan,R,True,False,-23.4,-23.28,-19.13,0.59,-7.43,0.21,-5.0,5.3,,-26.05,0.0442,0.9558,Safe R,,
2026-09-06,KY-HD-7,KY,House,HD-7,1,,Laurie Campbell,Suzanne Miles,,Suzanne Miles,R,True,False,-31.0,-30.88,-25.55,0.6,-7.43,0.0,-5.0,5.3,,-32.68,0.0163,0.9837,Safe R,,
2026-09-06,KY-HD-70,KY,House,HD-70,1,,Charlotte Harris,Mike Fisher,,William Lawrence,R,False,True,-50.5,-49.98,-41.66,0.6,0.0,0.0,0.0,5.3,,-36.36,0.0087,0.9913,Safe R,,
2026-09-06,KY-HD-71,KY,House,HD-71,1,,,Josh Bray,,Josh Bray,R,True,False,-55.4,-54.91,-45.81,0.59,-7.43,1.1,0.0,5.3,R,-46.84,0.02,0.98,Safe R,,
2026-09-06,KY-HD-72,KY,House,HD-72,1,,,Matt Koch,,Matt Koch,R,True,False,-45.7,-45.2,-37.62,0.59,-7.43,0.0,-5.0,5.3,R,-44.75,0.02,0.98,Safe R,,
2026-09-06,KY-HD-73,KY,House,HD-73,1,,Chelsea Kirk,Daniel Konstantopoulos,,Ryan Dotson,R,False,True,-29.2,-29.53,-24.4,0.6,0.0,0.0,0.0,5.3,,-19.1,0.1058,0.8942,Likely R,,
2026-09-06,KY-HD-74,KY,House,HD-74,1,,,David Charles,,David Hale,R,False,True,-49.5,-48.37,-40.29,0.59,0.0,0.0,0.0,5.3,R,-34.99,0.02,0.98,Safe R,,
2026-09-06,KY-HD-75,KY,House,HD-75,1,,Lindsey Burke,Jeff Forsyth,Geoff M. Young,Lindsey Burke,D,True,False,27.3,27.85,23.99,0.6,7.43,0.0,5.0,5.3,,41.72,0.9968,0.0032,Safe D,,
2026-09-06,KY-HD-76,KY,House,HD-76,1,,Anne Donworth,Avram Hicks,,Anne Donworth,D,True,False,26.4,26.87,23.16,0.59,7.43,0.0,5.0,5.3,,40.89,0.9963,0.0037,Safe D,,
2026-09-06,KY-HD-77,KY,House,HD-77,1,,George Brown,Jason Griffith,,George Brown,D,True,False,44.4,46.81,39.98,0.59,7.43,-0.06,5.0,5.3,,57.65,0.9999,0.0001,Safe D,,
2026-09-06,KY-HD-78,KY,House,HD-78,1,,,Mark Hart,,Mark Hart,R,True,False,-54.4,-54.72,-45.65,0.59,-7.43,0.0,-5.0,5.3,R,-52.78,0.02,0.98,Safe R,,
2026-09-06,KY-HD-79,KY,House,HD-79,1,,Chad Aull,,,Chad Aull,D,True,False,26.6,27.33,23.55,0.6,7.43,0.0,5.0,5.3,D,41.28,0.98,0.02,Safe D,,
2026-09-06,KY-HD-8,KY,House,HD-8,1,,,Walker Thomas,,Walker Thomas,R,True,False,-41.0,-40.08,-33.3,0.59,-7.43,0.0,-5.0,5.3,R,-40.43,0.02,0.98,Safe R,,
2026-09-06,KY-HD-80,KY,House,HD-80,1,,Mary Russell,David Meade,,David Meade,R,True,False,-61.4,-61.17,-51.09,0.59,-7.43,0.0,-5.0,5.3,,-58.22,0.0001,0.9999,Safe R,,
2026-09-06,KY-HD-81,KY,House,HD-81,1,,Anthony Looney,Deanna Gordon,,Deanna Gordon,R,True,False,-33.2,-33.43,-27.69,0.59,-7.43,0.0,-5.0,5.3,,-34.83,0.0114,0.9886,Safe R,,
2026-09-06,KY-HD-82,KY,House,HD-82,1,,,Nick Wilson,,Nick Wilson,R,True,False,-69.4,-69.26,-57.91,0.59,-7.43,0.0,-5.0,5.3,R,-65.04,0.02,0.98,Safe R,,
2026-09-06,KY-HD-83,KY,House,HD-83,1,,,Joshua Branscum,,Joshua Branscum,R,True,False,-71.9,-72.11,-60.32,0.59,-7.43,0.0,-5.0,5.3,R,-67.45,0.02,0.98,Safe R,,
2026-09-06,KY-HD-84,KY,House,HD-84,1,,,Chris Fugate,,Chris Fugate,R,True,False,-61.4,-60.51,-50.53,0.6,-7.43,8.29,0.0,5.3,R,-44.37,0.02,0.98,Safe R,,
2026-09-06,KY-HD-85,KY,House,HD-85,1,,,Shane Baker,,Shane Baker,R,True,False,-62.8,-63.39,-52.96,0.59,-7.43,0.46,0.0,5.3,R,-54.63,0.02,0.98,Safe R,,
2026-09-06,KY-HD-86,KY,House,HD-86,1,,,Tom Smith,,Tom Smith,R,True,False,-71.3,-70.93,-59.32,0.59,-7.43,0.0,-5.0,5.3,R,-66.46,0.02,0.98,Safe R,,
2026-09-06,KY-HD-87,KY,House,HD-87,1,,,Adam Bowling,,Adam Bowling,R,True,False,-71.5,-70.73,-59.15,0.59,-7.43,1.61,0.0,5.3,R,-59.68,0.02,0.98,Safe R,,
2026-09-06,KY-HD-88,KY,House,HD-88,1,,,Vanessa Grossl,L. Scott Miller,Vanessa Grossl,R,True,False,-6.2,-6.53,-5.01,0.59,-7.43,2.08,0.0,5.3,R,-5.06,0.02,0.98,Safe R,,
2026-09-06,KY-HD-89,KY,House,HD-89,1,,,Timmy Truett,,Timmy Truett,R,True,False,-63.5,-63.91,-53.4,0.6,-7.43,2.99,0.0,5.3,R,-52.54,0.02,0.98,Safe R,,
2026-09-06,KY-HD-9,KY,House,HD-9,1,,,Myron Dossett,,Myron Dossett,R,True,False,-33.5,-32.94,-27.28,0.59,-7.43,-0.25,-5.0,5.3,R,-34.65,0.02,0.98,Safe R,,
2026-09-06,KY-HD-90,KY,House,HD-90,1,,,Derek Lewis,,Derek Lewis,R,True,False,-75.6,-75.95,-63.55,0.59,-7.43,9.1,0.0,5.3,R,-56.58,0.02,0.98,Safe R,,
2026-09-06,KY-HD-91,KY,House,HD-91,1,,David Johnson,Darrell Billings,,Bill Wesley,R,False,True,-41.5,-41.19,-34.24,0.59,0.0,0.0,0.0,5.3,,-28.94,0.0292,0.9708,Safe R,,
2026-09-06,KY-HD-92,KY,House,HD-92,1,,,John Blanton,,John Blanton,R,True,False,-64.4,-63.43,-53.0,0.59,-7.43,5.42,0.0,5.3,R,-49.71,0.02,0.98,Safe R,,
2026-09-06,KY-HD-93,KY,House,HD-93,1,,Adrielle Camuel,Hannah Beth Rivera,,Adrielle Camuel,D,True,False,12.4,13.19,11.63,0.6,7.43,0.0,5.0,5.3,,29.36,0.9726,0.0274,Safe D,,
2026-09-06,KY-HD-94,KY,House,HD-94,1,,,Mitch Whitaker,,Mitch Whitaker,R,True,False,-67.5,-66.99,-56.0,0.59,-7.43,0.0,-5.0,5.3,R,-63.13,0.02,0.98,Safe R,,
2026-09-06,KY-HD-95,KY,House,HD-95,1,,Johnny Ray Turner,Tanner Hesterberg,,Ashley Laferty,D,False,True,-57.6,-56.66,-47.29,0.59,0.0,0.0,0.0,5.3,,-41.99,0.003,0.997,Safe R,,
2026-09-06,KY-HD-96,KY,House,HD-96,1,,Pamela Lewis,Patrick Flannery,,Patrick Flannery,R,True,False,-62.2,-61.42,-51.3,0.6,-7.43,7.24,0.0,5.3,,-46.2,0.0013,0.9987,Safe R,,
2026-09-06,KY-HD-97,KY,House,HD-97,1,,Rebekah Skaggs,Bobby McCool,,Bobby McCool,R,True,False,-73.2,-73.18,-61.22,0.59,-7.43,4.67,0.0,5.3,,-58.68,0.0001,0.9999,Safe R,,
2026-09-06,KY-HD-98,KY,House,HD-98,1,,,Aaron Thompson,,Aaron Thompson,R,True,False,-48.1,-47.22,-39.33,0.59,-7.43,1.59,0.0,5.3,R,-39.87,0.02,0.98,Safe R,,
2026-09-06,KY-HD-99,KY,House,HD-99,1,,Iva Markicevic Daley,Richard White,,Richard White,R,True,False,-43.8,-42.43,-35.29,0.59,-7.43,5.48,0.0,5.3,,-31.94,0.0184,0.9816,Safe R,,
2026-09-06,KY-SD-10,KY,Senate,SD-10,1,,Christopher Gatrost,Matt Deneen,,Matt Deneen,R,True,False,-29.5,-29.06,-24.01,0.6,-7.43,0.0,-5.0,5.3,,-31.14,0.0209,0.9791,Safe R,,
2026-09-06,KY-SD-12,KY,Senate,SD-12,1,,Bill O'Brien,Amanda Bledsoe,,Amanda Bledsoe,R,True,False,-17.7,-18.01,-14.69,0.59,-7.43,-1.68,0.0,5.3,,-18.5,0.1132,0.8868,Likely R,,
2026-09-06,KY-SD-14,KY,Senate,SD-14,1,,Carrie Gribbins Truitt,Ben Mudd,,Jimmy Higdon,R,False,True,-48.4,-47.61,-39.65,0.59,0.0,0.0,0.0,5.3,,-34.35,0.0123,0.9877,Safe R,,
2026-09-06,KY-SD-16,KY,Senate,SD-16,1,,,Max Wise,,Max Wise,R,True,False,-54.9,-53.69,-44.78,0.59,-7.43,0.0,-5.0,5.3,R,-51.91,0.02,0.98,Safe R,,
2026-09-06,KY-SD-18,KY,Senate,SD-18,1,,,Robin Webb,,Robin Webb,R,True,False,-50.2,-49.5,-41.25,0.59,-7.43,0.0,-5.0,5.3,R,-48.38,0.02,0.98,Safe R,,
2026-09-06,KY-SD-2,KY,Senate,SD-2,1,,,Danny Carroll,,Danny Carroll,R,True,False,-46.8,-46.62,-38.81,0.59,-7.43,0.0,-5.0,5.3,R,-45.94,0.02,0.98,Safe R,,
2026-09-06,KY-SD-20,KY,Senate,SD-20,1,,Stella Pollard,Gex Williams,,Gex Williams,R,True,False,-29.1,-29.76,-24.6,0.6,-7.43,0.0,-5.0,5.3,,-31.73,0.019,0.981,Safe R,,
2026-09-06,KY-SD-22,KY,Senate,SD-22,1,,,Don Douglas,,Don Douglas,R,True,False,-19.5,-19.18,-15.68,0.59,-7.43,0.0,-5.0,5.3,R,-22.81,0.02,0.98,Safe R,,
2026-09-06,KY-SD-24,KY,Senate,SD-24,1,,Joshua Baker,Shelley Frommeyer,,Shelley Frommeyer,R,True,False,-27.9,-26.6,-21.94,0.6,-7.43,0.0,-5.0,5.3,,-29.07,0.0287,0.9713,Safe R,,
2026-09-06,KY-SD-26,KY,Senate,SD-26,1,,Karen Berg,Everett Corley,,Karen Berg,D,True,False,20.4,20.5,17.79,0.6,7.43,0.03,5.0,5.3,,35.55,0.99,0.01,Safe D,,
2026-09-06,KY-SD-28,KY,Senate,SD-28,1,,,Greg Elkins,,Greg Elkins,R,True,False,-25.9,-25.21,-20.76,0.6,-7.43,0.0,-5.0,5.3,R,-27.89,0.02,0.98,Safe R,,
2026-09-06,KY-SD-30,KY,Senate,SD-30,1,,,Brandon Smith,,Brandon Smith,R,True,False,-62.3,-61.48,-51.35,0.59,-7.43,4.4,0.0,5.3,R,-49.08,0.02,0.98,Safe R,,
2026-09-06,KY-SD-32,KY,Senate,SD-32,1,,,Mike Wilson,,Mike Wilson,R,True,False,-38.5,-38.24,-31.75,0.59,-7.43,0.0,-5.0,5.3,R,-38.88,0.02,0.98,Safe R,,
2026-09-06,KY-SD-34,KY,Senate,SD-34,1,,Jessica McIntosh,Jared Carpenter,,Jared Carpenter,R,True,False,-20.9,-20.68,-16.94,0.59,-7.43,0.25,-5.0,5.3,,-23.82,0.0596,0.9404,Likely R,,
2026-09-06,KY-SD-36,KY,Senate,SD-36,1,,Sarah Cole McIntosh,Julie Raque Adams,,Julie Raque Adams,R,True,False,-1.9,-2.91,-1.95,0.59,-7.43,0.0,-5.0,5.3,,-9.08,0.2763,0.7237,Lean R,,
2026-09-06,KY-SD-38,KY,Senate,SD-38,1,,,Mike Nemes,,Mike Nemes,R,True,False,-40.7,-41.0,-34.08,0.59,-7.43,0.0,-5.0,5.3,R,-41.21,0.02,0.98,Safe R,,
2026-09-06,KY-SD-4,KY,Senate,SD-4,1,,,Robby Mills,,Robby Mills,R,True,False,-44.2,-43.96,-36.57,0.59,-7.43,0.0,-5.0,5.3,R,-43.7,0.02,0.98,Safe R,,
2026-09-06,KY-SD-6,KY,Senate,SD-6,1,,Christian Furman,Lindsey Tichenor,,Lindsey Tichenor,R,True,False,-11.9,-12.17,-9.76,0.59,-7.43,0.0,-5.0,5.3,,-16.89,0.1347,0.8653,Likely R,,
2026-09-06,KY-SD-8,KY,Senate,SD-8,1,,Vicki Quisenberry,Gary Boswell,,Gary Boswell,R,True,False,-35.2,-34.84,-28.88,0.59,-7.43,0.0,-5.0,5.3,,-36.02,0.0093,0.9907,Safe R,,
2026-09-06,MA-10th Bristol,MA,House,10th Bristol,1,,Mark Sylvia,,,Mark Sylvia,D,True,False,2.2,4.39,5.6,2.25,7.43,0.0,5.0,5.3,D,23.33,0.98,0.02,Safe D,,
2026-09-06,MA-10th Essex,MA,House,10th Essex,1,,Dan Cahill,,,Dan Cahill,D,True,False,22.2,28.03,25.53,2.25,7.43,0.0,5.0,5.3,D,43.26,0.98,0.02,Safe D,,
2026-09-06,MA-10th Hampden,MA,House,10th Hampden,1,,Carlos González,,,Carlos González,D,True,False,40.1,47.4,41.87,2.25,7.43,0.0,5.0,5.3,D,59.6,0.98,0.02,Safe D,,
2026-09-06,MA-10th Middlesex,MA,House,10th Middlesex,1,,Alison Leary,,,John J. Lawn, Jr.,D,False,True,43.7,46.55,41.15,2.25,0.0,0.0,0.0,5.3,D,46.45,0.98,0.02,Safe D,,
2026-09-06,MA-10th Norfolk,MA,House,10th Norfolk,1,,Jeff Roy,,,Jeff Roy,D,True,False,19.3,20.77,19.41,2.25,7.43,0.0,5.0,5.3,D,37.15,0.98,0.02,Safe D,,
2026-09-06,MA-10th Plymouth,MA,House,10th Plymouth,1,,Michelle DuBois,,,Michelle DuBois,D,True,False,39.4,42.51,37.75,2.25,7.43,0.0,5.0,5.3,D,55.48,0.98,0.02,Safe D,,
2026-09-06,MA-10th Suffolk,MA,House,10th Suffolk,1,,Billy MacGregor,,,Billy MacGregor,D,True,False,47.2,49.98,44.04,2.25,7.43,0.0,5.0,5.3,D,61.77,0.98,0.02,Safe D,,
2026-09-06,MA-10th Worcester,MA,House,10th Worcester,1,,Brian Murray,,,Brian Murray,D,True,False,11.0,13.1,12.95,2.25,7.43,0.0,5.0,5.3,D,30.68,0.98,0.02,Safe D,,
2026-09-06,MA-11th Bristol,MA,House,11th Bristol,1,,Chris Hendricks,,,Chris Hendricks,D,True,False,10.8,16.54,15.84,2.25,7.43,0.0,5.0,5.3,D,33.57,0.98,0.02,Safe D,,
2026-09-06,MA-11th Essex,MA,House,11th Essex,1,,Sean Reid,,,Sean Reid,D,True,False,24.4,29.38,26.67,2.25,7.43,0.0,5.0,5.3,D,44.4,0.98,0.02,Safe D,,
2026-09-06,MA-11th Hampden,MA,House,11th Hampden,1,,Bud Williams,,,Bud Williams,D,True,False,42.3,49.97,44.04,2.25,7.43,0.0,5.0,5.3,D,61.77,0.98,0.02,Safe D,,
2026-09-06,MA-11th Middlesex,MA,House,11th Middlesex,1,,Amy Sangiolo,,,Amy Sangiolo,D,True,False,62.5,65.71,57.32,2.25,7.43,0.0,5.0,5.3,D,75.05,0.98,0.02,Safe D,,
2026-09-06,MA-11th Norfolk,MA,House,11th Norfolk,1,,Paul McMurtry,,,Paul McMurtry,D,True,False,27.0,29.11,26.45,2.25,7.43,0.0,5.0,5.3,D,44.18,0.98,0.02,Safe D,,
2026-09-06,MA-11th Plymouth,MA,House,11th Plymouth,1,,Rita Mendes,,,Rita Mendes,D,True,False,54.4,58.49,51.22,2.25,7.43,0.0,5.0,5.3,D,68.95,0.98,0.02,Safe D,,
2026-09-06,MA-11th Suffolk,MA,House,11th Suffolk,1,,Judith García,,,Judith García,D,True,False,35.2,41.85,37.19,2.25,7.43,0.0,5.0,5.3,D,54.92,0.98,0.02,Safe D,,
2026-09-06,MA-11th Worcester,MA,House,11th Worcester,1,,,Hannah Kane,,Hannah Kane,R,True,False,23.1,26.2,23.99,2.25,-7.43,0.0,-5.0,5.3,R,16.86,0.02,0.98,Safe R,,
2026-09-06,MA-12th Bristol,MA,House,12th Bristol,1,,,Norm Orrall,,Norm Orrall,R,True,False,-10.8,-8.89,-5.61,2.25,-7.43,0.0,-5.0,5.3,R,-12.74,0.02,0.98,Safe R,,
2026-09-06,MA-12th Essex,MA,House,12th Essex,1,,Thomas P. Walsh,,,Thomas Walsh,D,False,True,7.1,9.66,10.05,2.25,0.0,0.0,0.0,5.3,D,15.35,0.98,0.02,Safe D,,
2026-09-06,MA-12th Hampden,MA,House,12th Hampden,1,,Angelo J. Puppolo Jr.,,,Angelo Puppolo,D,False,True,11.5,12.5,12.44,2.25,0.0,0.0,0.0,5.3,D,17.74,0.98,0.02,Safe D,,
2026-09-06,MA-12th Middlesex,MA,House,12th Middlesex,1,,Greg Schwartz,,,Greg Schwartz,D,True,False,60.5,64.19,56.03,2.25,7.43,0.0,5.0,5.3,D,73.76,0.98,0.02,Safe D,,
2026-09-06,MA-12th Norfolk,MA,House,12th Norfolk,1,,John Rogers,,,John Rogers,D,True,False,18.6,20.81,19.45,2.25,7.43,0.0,5.0,5.3,D,37.18,0.98,0.02,Safe D,,
2026-09-06,MA-12th Plymouth,MA,House,12th Plymouth,1,,Kathy LaNatra,Eric Meschino,,Kathy LaNatra,D,True,False,0.6,2.21,3.76,2.25,7.43,2.17,0.0,5.3,,18.66,0.8888,0.1112,Likely D,,
2026-09-06,MA-12th Suffolk,MA,House,12th Suffolk,1,,Brandy Fluker Reid,,,Brandy Fluker Oakley,D,False,True,73.0,76.23,66.19,2.25,0.0,0.0,0.0,5.3,D,71.49,0.98,0.02,Safe D,,
2026-09-06,MA-12th Worcester,MA,House,12th Worcester,1,,Meg Kilcoyne,Lisa Mair,,Meg Kilcoyne,D,True,False,14.0,15.13,14.66,2.25,7.43,0.0,5.0,5.3,,32.39,0.9829,0.0171,Safe D,,
2026-09-06,MA-13th Bristol,MA,House,13th Bristol,1,,Antonio F.D. Cabral,,,Tony Cabral,D,False,True,13.8,18.94,17.86,2.25,0.0,0.0,0.0,5.3,D,23.16,0.98,0.02,Safe D,,
2026-09-06,MA-13th Essex,MA,House,13th Essex,1,,Sally Kerans,,,Sally Kerans,D,True,False,6.4,7.72,8.4,2.25,7.43,0.0,5.0,5.3,D,26.13,0.98,0.02,Safe D,,
2026-09-06,MA-13th Middlesex,MA,House,13th Middlesex,1,,Ravi Simon,,,Carmine Gentile,D,False,True,54.7,56.61,49.64,2.25,0.0,0.0,0.0,5.3,D,54.94,0.98,0.02,Safe D,,
2026-09-06,MA-13th Norfolk,MA,House,13th Norfolk,1,,Josh Tarsky,,,Josh Tarsky,D,True,False,48.1,50.31,44.33,2.25,7.43,0.0,5.0,5.3,D,62.06,0.98,0.02,Safe D,,
2026-09-06,MA-13th Suffolk,MA,House,13th Suffolk,1,,Dan Hunt,,,Dan Hunt,D,True,False,36.1,40.44,36.0,2.25,7.43,0.0,5.0,5.3,D,53.73,0.98,0.02,Safe D,,
2026-09-06,MA-13th Worcester,MA,House,13th Worcester,1,,John Mahoney,,,John Mahoney,D,True,False,32.8,35.35,31.71,2.25,7.43,0.0,5.0,5.3,D,49.44,0.98,0.02,Safe D,,
2026-09-06,MA-14th Bristol,MA,House,14th Bristol,1,,Adam Scanlon,,,Adam Scanlon,D,True,False,9.5,11.15,11.3,2.25,7.43,0.95,0.0,5.3,D,24.98,0.98,0.02,Safe D,,
2026-09-06,MA-14th Essex,MA,House,14th Essex,1,,Adrianne Ramos,,,Adrianne Ramos,D,True,False,19.9,20.69,19.34,2.25,7.43,0.0,5.0,5.3,D,37.07,0.98,0.02,Safe D,,
2026-09-06,MA-14th Middlesex,MA,House,14th Middlesex,1,,Simon Cataldo,,,Simon Cataldo,D,True,False,46.7,48.29,42.63,2.25,7.43,0.0,5.0,5.3,D,60.36,0.98,0.02,Safe D,,
2026-09-06,MA-14th Norfolk,MA,House,14th Norfolk,1,,Alice Peisch,,,Alice Peisch,D,True,False,49.6,52.45,46.13,2.25,7.43,0.0,5.0,5.3,D,63.86,0.98,0.02,Safe D,,
2026-09-06,MA-14th Suffolk,MA,House,14th Suffolk,1,,Rob Consalvo,,,Rob Consalvo,D,True,False,56.1,60.29,52.74,2.25,7.43,0.0,5.0,5.3,D,70.47,0.98,0.02,Safe D,,
2026-09-06,MA-14th Worcester,MA,House,14th Worcester,1,,Jim O'Day,,,Jim O'Day,D,True,False,26.7,29.77,27.0,2.25,7.43,0.0,5.0,5.3,D,44.73,0.98,0.02,Safe D,,
2026-09-06,MA-15th Essex,MA,House,15th Essex,1,,Ryan Hamilton,Ronald L. Heiseler III,,Ryan Hamilton,D,True,False,2.7,4.7,5.86,2.25,7.43,0.0,5.0,5.3,,23.59,0.9385,0.0615,Likely D,,
2026-09-06,MA-15th Middlesex,MA,House,15th Middlesex,1,,Michelle Ciccolo,,,Michelle Ciccolo,D,True,False,46.8,49.21,43.39,2.25,7.43,0.0,5.0,5.3,D,61.13,0.98,0.02,Safe D,,
2026-09-06,MA-15th Norfolk,MA,House,15th Norfolk,1,,Tommy Vitolo,,,Tommy Vitolo,D,True,False,74.9,78.51,68.11,2.25,7.43,0.0,5.0,5.3,D,85.84,0.98,0.02,Safe D,,
2026-09-06,MA-15th Suffolk,MA,House,15th Suffolk,1,,Samantha Montaño,,,Sam Montaño,D,False,True,77.9,83.61,72.41,2.25,0.0,0.0,0.0,5.3,D,77.71,0.98,0.02,Safe D,,
2026-09-06,MA-15th Worcester,MA,House,15th Worcester,1,,Mary Keefe,,,Mary Keefe,D,True,False,31.4,36.25,32.47,2.25,7.43,0.0,5.0,5.3,D,50.2,0.98,0.02,Safe D,,
2026-09-06,MA-16th Essex,MA,House,16th Essex,1,,Francisco Paulino,,,Francisco Paulino,D,True,False,12.0,18.94,17.87,2.25,7.43,0.0,5.0,5.3,D,35.6,0.98,0.02,Safe D,,
2026-09-06,MA-16th Middlesex,MA,House,16th Middlesex,1,,Corey Michael Robinson,Karla J. Miller,,Rodney Elliott,D,False,True,17.5,19.98,18.74,2.25,0.0,0.0,0.0,5.3,,24.04,0.9421,0.0579,Likely D,,
2026-09-06,MA-16th Suffolk,MA,House,16th Suffolk,1,,Jessica Giannino,,,Jessica Giannino,D,True,False,-0.3,4.82,5.96,2.25,7.43,0.0,5.0,5.3,D,23.69,0.98,0.02,Safe D,,
2026-09-06,MA-16th Worcester,MA,House,16th Worcester,1,,Dan Donahue,,,Dan Donahue,D,True,False,19.2,23.5,21.72,2.25,7.43,0.0,5.0,5.3,D,39.45,0.98,0.02,Safe D,,
2026-09-06,MA-17th Essex,MA,House,17th Essex,1,,Frank Moran,,,Frank Moran,D,True,False,24.1,30.83,27.9,2.25,7.43,0.0,5.0,5.3,D,45.63,0.98,0.02,Safe D,,
2026-09-06,MA-17th Middlesex,MA,House,17th Middlesex,1,,Anthony John Leite,,,Vanna Howard,D,False,True,22.2,26.26,24.04,2.25,0.0,0.0,0.0,5.3,D,29.34,0.98,0.02,Safe D,,
2026-09-06,MA-17th Suffolk,MA,House,17th Suffolk,1,,Kevin Honan,,,Kevin Honan,D,True,False,66.7,72.03,62.64,2.25,7.43,0.0,5.0,5.3,D,80.37,0.98,0.02,Safe D,,
2026-09-06,MA-17th Worcester,MA,House,17th Worcester,1,,David LeBoeuf,,,David LeBoeuf,D,True,False,17.8,21.72,20.21,2.25,7.43,0.0,5.0,5.3,D,37.94,0.98,0.02,Safe D,,
2026-09-06,MA-18th Essex,MA,House,18th Essex,1,,Connor A. Murray,,,Tram Nguyen,D,False,True,20.9,22.33,20.73,2.25,0.0,0.0,0.0,5.3,D,26.03,0.98,0.02,Safe D,,
2026-09-06,MA-18th Middlesex,MA,House,18th Middlesex,1,,Tara Hong,,,Tara Hong,D,True,False,27.2,31.81,28.72,2.25,7.43,0.0,5.0,5.3,D,46.45,0.98,0.02,Safe D,,
2026-09-06,MA-18th Suffolk,MA,House,18th Suffolk,1,,Michael J. Moran,,,Michael J. Moran,D,True,False,59.2,64.5,56.29,2.25,7.43,0.0,5.0,5.3,D,74.02,0.98,0.02,Safe D,,
2026-09-06,MA-18th Worcester,MA,House,18th Worcester,1,,Jenifer Heck,Joe McKenna,,Joe McKenna,R,True,False,-9.9,-8.75,-5.49,2.25,-7.43,0.0,-5.0,5.3,,-12.62,0.2046,0.7954,Likely R,,
2026-09-06,MA-19th Middlesex,MA,House,19th Middlesex,1,,David B Robertson,,,David B Robertson,D,True,False,1.3,2.45,3.96,2.25,7.43,0.0,5.0,5.3,D,21.69,0.98,0.02,Safe D,,
2026-09-06,MA-19th Suffolk,MA,House,19th Suffolk,1,,Jeff Turco,,,Jeff Turco,D,True,False,14.9,18.99,17.91,2.25,7.43,0.0,5.0,5.3,D,35.64,0.98,0.02,Safe D,,
2026-09-06,MA-19th Worcester,MA,House,19th Worcester,1,,Kate Donaghue,,,Kate Donaghue,D,True,False,37.5,39.31,35.05,2.25,7.43,0.0,5.0,5.3,D,52.78,0.98,0.02,Safe D,,
2026-09-06,MA-1st Barnstable,MA,House,1st Barnstable,1,,Christopher Lambton,,,Chris Flanagan,D,False,True,20.9,21.78,20.26,2.25,0.0,0.0,0.0,5.3,D,25.56,0.98,0.02,Safe D,,
2026-09-06,MA-1st Berkshire,MA,House,1st Berkshire,1,,John Barrett,,,John Barrett,D,True,False,30.1,32.85,29.6,2.25,7.43,0.0,5.0,5.3,D,47.33,0.98,0.02,Safe D,,
2026-09-06,MA-1st Bristol,MA,House,1st Bristol,1,,,Michael Chaisson,,Michael Chaisson,R,True,False,11.6,13.53,13.31,2.25,-7.43,-4.34,0.0,5.3,R,6.84,0.02,0.98,Safe R,,
2026-09-06,MA-1st Essex,MA,House,1st Essex,1,,Dawne Shand,,,Dawne Shand,D,True,False,27.6,28.75,26.14,2.25,7.43,0.0,5.0,5.3,D,43.87,0.98,0.02,Safe D,,
2026-09-06,MA-1st Franklin,MA,House,1st Franklin,1,,Corinne Ellen Coryat,,,,D,False,True,44.1,47.09,41.61,2.25,0.0,0.0,0.0,5.3,D,46.91,0.98,0.02,Safe D,,
2026-09-06,MA-1st Hampden,MA,House,1st Hampden,1,,,Todd Smola,,Todd Smola,R,True,False,-7.9,-6.79,-3.83,2.25,-7.43,0.0,-5.0,5.3,R,-10.97,0.02,0.98,Safe R,,
2026-09-06,MA-1st Hampshire,MA,House,1st Hampshire,1,,Lindsay Sabadosa,,,Lindsay Sabadosa,D,True,False,61.2,64.4,56.21,2.25,7.43,0.0,5.0,5.3,D,73.94,0.98,0.02,Safe D,,
2026-09-06,MA-1st Middlesex,MA,House,1st Middlesex,1,,Margaret Scarsdale,Christopher M. Lyons,,Margaret Scarsdale,D,True,False,8.7,9.35,9.78,2.25,7.43,-2.17,0.0,5.3,,20.34,0.9082,0.0918,Likely D,,
2026-09-06,MA-1st Norfolk,MA,House,1st Norfolk,1,,Bruce Ayers,,,Bruce Ayers,D,True,False,28.4,32.35,29.18,2.25,7.43,0.0,5.0,5.3,D,46.91,0.98,0.02,Safe D,,
2026-09-06,MA-1st Plymouth,MA,House,1st Plymouth,1,,Michelle Badger,David Michael Golden Jr.,,Michelle Badger,D,True,False,8.4,9.5,9.91,2.25,7.43,-1.44,0.0,5.3,,21.19,0.9171,0.0829,Likely D,,
2026-09-06,MA-1st Suffolk,MA,House,1st Suffolk,1,,Adrian Madaro,,,Adrian Madaro,D,True,False,40.6,45.4,40.19,2.25,7.43,0.0,5.0,5.3,D,57.92,0.98,0.02,Safe D,,
2026-09-06,MA-1st Worcester,MA,House,1st Worcester,1,,Krista Suzanne Ferrante,Stephanie R. Mulroy,,Kim Ferguson,R,False,True,6.9,7.93,8.58,2.25,0.0,0.0,0.0,5.3,,13.88,0.818,0.182,Likely D,,
2026-09-06,MA-20th Middlesex,MA,House,20th Middlesex,1,,Joseph Markey,Trevor David Currier,,Bradley Jones, Jr.,R,False,True,6.4,7.31,8.06,2.25,0.0,0.0,0.0,5.3,,13.36,0.8089,0.1911,Likely D,,
2026-09-06,MA-21st Middlesex,MA,House,21st Middlesex,1,,Ken Gordon,,,Ken Gordon,D,True,False,30.8,32.69,29.46,2.25,7.43,0.0,5.0,5.3,D,47.2,0.98,0.02,Safe D,,
2026-09-06,MA-22nd Middlesex,MA,House,22nd Middlesex,1,,Daniel Ronald Darris-O'Connor,Marc Lombardo,,Marc Lombardo,R,True,False,1.5,3.16,4.56,2.25,-7.43,0.0,-5.0,5.3,,-2.58,0.4331,0.5669,Toss-up,,
2026-09-06,MA-23rd Middlesex,MA,House,23rd Middlesex,1,,Sean Garballey,,,Sean Garballey,D,True,False,60.9,62.77,54.83,2.25,7.43,0.0,5.0,5.3,D,72.56,0.98,0.02,Safe D,,
2026-09-06,MA-24th Middlesex,MA,House,24th Middlesex,1,,David M. Rogers,,,David M. Rogers,D,True,False,63.3,65.9,57.47,2.25,7.43,0.0,5.0,5.3,D,75.2,0.98,0.02,Safe D,,
2026-09-06,MA-25th Middlesex,MA,House,25th Middlesex,1,,Marjorie Decker,,,Marjorie Decker,D,True,False,84.2,88.79,76.78,2.25,7.43,0.0,5.0,5.3,D,94.51,0.98,0.02,Safe D,,
2026-09-06,MA-26th Middlesex,MA,House,26th Middlesex,1,,Mike Connolly,,,Mike Connolly,D,True,False,73.4,78.39,68.01,2.25,7.43,0.0,5.0,5.3,D,85.74,0.98,0.02,Safe D,,
2026-09-06,MA-27th Middlesex,MA,House,27th Middlesex,1,,Ben Ewen-Campen,,,Erika Uyterhoeven,D,False,True,76.9,81.28,70.44,2.25,0.0,0.0,0.0,5.3,D,75.74,0.98,0.02,Safe D,,
2026-09-06,MA-28th Middlesex,MA,House,28th Middlesex,1,,Joseph W. McGonagle,,,Joe McGonagle,D,False,True,24.7,30.31,27.46,2.25,0.0,0.0,0.0,5.3,D,32.76,0.98,0.02,Safe D,,
2026-09-06,MA-29th Middlesex,MA,House,29th Middlesex,1,,Stephen Owens,,,Stephen Owens,D,True,False,66.9,70.85,61.65,2.25,7.43,0.0,5.0,5.3,D,79.38,0.98,0.02,Safe D,,
2026-09-06,MA-2nd Barnstable,MA,House,2nd Barnstable,1,,Kip Diggs,,,Kip Diggs,D,True,False,13.9,15.04,14.58,2.25,7.43,1.82,0.0,5.3,D,29.13,0.98,0.02,Safe D,,
2026-09-06,MA-2nd Berkshire,MA,House,2nd Berkshire,1,,Tricia Farley-Bouvier,,,Tricia Farley-Bouvier,D,True,False,43.2,46.31,40.95,2.25,7.43,0.0,5.0,5.3,D,58.68,0.98,0.02,Safe D,,
2026-09-06,MA-2nd Bristol,MA,House,2nd Bristol,1,,Jim Hawkins,,,Jim Hawkins,D,True,False,10.9,12.59,12.52,2.25,7.43,0.0,5.0,5.3,D,30.25,0.98,0.02,Safe D,,
2026-09-06,MA-2nd Essex,MA,House,2nd Essex,1,,Kristin Kassner,Daniel James Kelly,,Kristin Kassner,D,True,False,21.3,22.21,20.63,2.25,7.43,-4.68,0.0,5.3,,28.68,0.9697,0.0303,Safe D,,
2026-09-06,MA-2nd Franklin,MA,House,2nd Franklin,1,,,,,Susannah Whipps,D,False,False,9.5,11.52,11.61,2.25,0.0,0.0,0.0,5.3,,16.91,0.8656,0.1344,Likely D,,
2026-09-06,MA-2nd Hampden,MA,House,2nd Hampden,1,,Brian Ashe,Peter Warren,,Brian Ashe,D,True,False,8.3,9.75,10.12,2.25,7.43,0.0,5.0,5.3,,27.85,0.9657,0.0343,Safe D,,
2026-09-06,MA-2nd Hampshire,MA,House,2nd Hampshire,1,,Homar Gomez,,,Homar Gomez,D,True,False,34.1,35.87,32.15,2.25,7.43,0.0,5.0,5.3,D,49.88,0.98,0.02,Safe D,,
2026-09-06,MA-2nd Middlesex,MA,House,2nd Middlesex,1,,Jim Arciero,,,Jim Arciero,D,True,False,32.1,33.21,29.9,2.25,7.43,0.0,5.0,5.3,D,47.64,0.98,0.02,Safe D,,
2026-09-06,MA-2nd Norfolk,MA,House,2nd Norfolk,1,,Tackey Chan,Sharon Cintolo,,Tackey Chan,D,True,False,26.1,28.97,26.33,2.25,7.43,5.0,0.0,5.3,,44.06,0.998,0.002,Safe D,,
2026-09-06,MA-2nd Plymouth,MA,House,2nd Plymouth,1,,Sarah Hewins,John Gaskey,,John Gaskey,R,True,False,-6.6,-4.79,-2.15,2.25,-7.43,-26.45,0.0,5.3,,-30.73,0.0222,0.9778,Safe R,,
2026-09-06,MA-2nd Suffolk,MA,House,2nd Suffolk,1,,Danny Ryan,,,Danny Ryan,D,True,False,55.4,58.64,51.35,2.25,7.43,0.0,5.0,5.3,D,69.08,0.98,0.02,Safe D,,
2026-09-06,MA-2nd Worcester,MA,House,2nd Worcester,1,,Michael Joseph Nicholson,,,Jon Zlotnik,D,False,True,-2.2,-0.6,1.39,2.25,0.0,0.0,0.0,5.3,D,6.69,0.98,0.02,Safe D,,
2026-09-06,MA-30th Middlesex,MA,House,30th Middlesex,1,,Rich Haggerty,,,Rich Haggerty,D,True,False,21.9,23.42,21.65,2.25,7.43,0.0,5.0,5.3,D,39.38,0.98,0.02,Safe D,,
2026-09-06,MA-31st Middlesex,MA,House,31st Middlesex,1,,Mike Day,Stephen G. Ternullo,,Mike Day,D,True,False,27.8,29.46,26.74,2.25,7.43,0.0,5.0,5.3,,44.47,0.9982,0.0018,Safe D,,
2026-09-06,MA-32nd Middlesex,MA,House,32nd Middlesex,1,,John Higgins,,,Kate Lipper-Garabedian,D,False,True,39.1,40.52,36.07,2.25,0.0,0.0,0.0,5.3,D,41.37,0.98,0.02,Safe D,,
2026-09-06,MA-33rd Middlesex,MA,House,33rd Middlesex,1,,Steve Ultrino,,,Steve Ultrino,D,True,False,36.7,41.3,36.72,2.25,7.43,0.0,5.0,5.3,D,54.45,0.98,0.02,Safe D,,
2026-09-06,MA-34th Middlesex,MA,House,34th Middlesex,1,,Christopher Ryan Oates,,,Christine Barber,D,False,True,60.2,64.5,56.29,2.25,0.0,0.0,0.0,5.3,D,61.59,0.98,0.02,Safe D,,
2026-09-06,MA-35th Middlesex,MA,House,35th Middlesex,1,,Paul J. Donato,James C. Seibel,,Paul J. Donato, Sr.,D,False,True,37.9,41.04,36.51,2.25,0.0,0.0,0.0,5.3,,41.81,0.9969,0.0031,Safe D,,
2026-09-06,MA-36th Middlesex,MA,House,36th Middlesex,1,,Colleen Garry,,,Colleen Garry,D,True,False,-4.4,-3.47,-1.03,2.25,7.43,0.0,5.0,5.3,D,16.7,0.98,0.02,Safe D,,
2026-09-06,MA-37th Middlesex,MA,House,37th Middlesex,1,,Dan Sena,,,Dan Sena,D,True,False,42.2,43.75,38.8,2.25,7.43,0.0,5.0,5.3,D,56.53,0.98,0.02,Safe D,,
2026-09-06,MA-3rd Barnstable,MA,House,3rd Barnstable,1,,Jack Peter Richardson,Dave Vieira,,Dave Vieira,R,True,False,17.5,18.25,17.29,2.25,-7.43,0.0,-5.0,5.3,,10.16,0.7467,0.2533,Lean D,,
2026-09-06,MA-3rd Berkshire,MA,House,3rd Berkshire,1,,Leigh Davis,,,Leigh Davis,D,True,False,45.3,47.83,42.23,2.25,7.43,0.0,5.0,5.3,D,59.96,0.98,0.02,Safe D,,
2026-09-06,MA-3rd Bristol,MA,House,3rd Bristol,1,,Lisa Field,Lawrence Quintal,,Lisa Field,D,True,False,5.6,8.15,8.77,2.25,7.43,0.0,5.0,5.3,,26.5,0.9584,0.0416,Safe D,,
2026-09-06,MA-3rd Essex,MA,House,3rd Essex,1,,Andres Xavier Vargas,,,Andy Vargas,D,False,True,11.3,14.04,13.73,2.25,0.0,0.0,0.0,5.3,D,19.03,0.98,0.02,Safe D,,
2026-09-06,MA-3rd Hampden,MA,House,3rd Hampden,1,,Thomas D. Hendrickson,Nick Boldyga,,Nick Boldyga,R,True,False,-12.6,-11.69,-7.97,2.25,-7.43,0.0,-5.0,5.3,,-15.1,0.1617,0.8383,Likely R,,
2026-09-06,MA-3rd Hampshire,MA,House,3rd Hampshire,1,,Mindy Domb,,,Mindy Domb,D,True,False,67.7,71.55,62.24,2.25,7.43,0.0,5.0,5.3,D,79.97,0.98,0.02,Safe D,,
2026-09-06,MA-3rd Middlesex,MA,House,3rd Middlesex,1,,Kate Hogan,,,Kate Hogan,D,True,False,35.0,36.55,32.72,2.25,7.43,0.0,5.0,5.3,D,50.45,0.98,0.02,Safe D,,
2026-09-06,MA-3rd Norfolk,MA,House,3rd Norfolk,1,,Ronald Mariano,,,Ronald Mariano,D,True,False,17.6,20.09,18.84,2.25,7.43,0.0,5.0,5.3,D,36.57,0.98,0.02,Safe D,,
2026-09-06,MA-3rd Plymouth,MA,House,3rd Plymouth,1,,Joan Meschino,,,Joan Meschino,D,True,False,30.0,31.63,28.57,2.25,7.43,0.0,5.0,5.3,D,46.3,0.98,0.02,Safe D,,
2026-09-06,MA-3rd Suffolk,MA,House,3rd Suffolk,1,,Aaron Michlewitz,,,Aaron Michlewitz,D,True,False,54.6,58.94,51.61,2.25,7.43,0.0,5.0,5.3,D,69.34,0.98,0.02,Safe D,,
2026-09-06,MA-3rd Worcester,MA,House,3rd Worcester,1,,Mike Kushmerek,,,Mike Kushmerek,D,True,False,11.7,14.62,14.23,2.25,7.43,0.0,5.0,5.3,D,31.96,0.98,0.02,Safe D,,
2026-09-06,MA-4th Barnstable,MA,House,4th Barnstable,1,,Hadley Luddy,,,Hadley Luddy,D,True,False,38.4,39.0,34.78,2.25,7.43,0.0,5.0,5.3,D,52.52,0.98,0.02,Safe D,,
2026-09-06,MA-4th Bristol,MA,House,4th Bristol,1,,,Steven Howitt,,Steven Howitt,R,True,False,-6.3,-4.53,-1.92,2.25,-7.43,0.0,-5.0,5.3,R,-9.06,0.02,0.98,Safe R,,
2026-09-06,MA-4th Essex,MA,House,4th Essex,1,,Estela Reyes,,,Estela Reyes,D,True,False,12.9,20.39,19.09,2.25,7.43,0.0,5.0,5.3,D,36.82,0.98,0.02,Safe D,,
2026-09-06,MA-4th Hampden,MA,House,4th Hampden,1,,Colby Walshe Hoffman,Kelly Pease,,Kelly Pease,R,True,False,-1.8,-0.86,1.17,2.25,-7.43,-5.89,0.0,5.3,,-6.86,0.3269,0.6731,Lean R,,
2026-09-06,MA-4th Middlesex,MA,House,4th Middlesex,1,,Danielle Gregoire,,,Danielle Gregoire,D,True,False,27.0,29.72,26.96,2.25,7.43,0.0,5.0,5.3,D,44.69,0.98,0.02,Safe D,,
2026-09-06,MA-4th Norfolk,MA,House,4th Norfolk,1,,James Michael Murphy,,,James Michael Murphy,D,False,True,12.7,14.88,14.45,2.25,0.0,0.0,0.0,5.3,D,19.75,0.98,0.02,Safe D,,
2026-09-06,MA-4th Plymouth,MA,House,4th Plymouth,1,,Patrick Kearney,,,Patrick Kearney,D,True,False,14.9,15.99,15.38,2.25,7.43,0.0,5.0,5.3,D,33.11,0.98,0.02,Safe D,,
2026-09-06,MA-4th Suffolk,MA,House,4th Suffolk,1,,David Biele,,,David Biele,D,True,False,27.4,32.55,29.34,2.25,7.43,0.0,5.0,5.3,D,47.07,0.98,0.02,Safe D,,
2026-09-06,MA-4th Worcester,MA,House,4th Worcester,1,,Natalie Higgins,Josh William Bowdridge,,Natalie Higgins,D,True,False,9.2,11.1,11.25,2.25,7.43,2.22,0.0,5.3,,26.2,0.9567,0.0433,Safe D,,
2026-09-06,MA-5th Barnstable,MA,House,5th Barnstable,1,,,Steve Xiarhos,,Steve Xiarhos,R,True,False,4.8,5.54,6.57,2.25,-7.43,0.0,-5.0,5.3,R,-0.56,0.02,0.98,Safe R,,
2026-09-06,MA-5th Bristol,MA,House,5th Bristol,1,,Jamison D. Souza,Justin Thurber,,Justin Thurber,R,True,False,-7.4,-4.9,-2.24,2.25,-7.43,1.29,0.0,5.3,,-3.08,0.4201,0.5799,Toss-up,,
2026-09-06,MA-5th Essex,MA,House,5th Essex,1,,Andrew Tarr,Christina Delisio,,Andrew Tarr,D,True,False,33.5,35.38,31.73,2.25,7.43,0.0,5.0,5.3,,49.47,0.9994,0.0006,Safe D,,
2026-09-06,MA-5th Hampden,MA,House,5th Hampden,1,,Pat Duffy,,,Pat Duffy,D,True,False,28.5,32.2,29.05,2.25,7.43,0.0,5.0,5.3,D,46.78,0.98,0.02,Safe D,,
2026-09-06,MA-5th Middlesex,MA,House,5th Middlesex,1,,David Linsky,Luisa A. Cestari,,David Linsky,D,True,False,49.4,51.56,45.38,2.25,7.43,0.0,5.0,5.3,,63.11,1.0,0.0,Safe D,,
2026-09-06,MA-5th Norfolk,MA,House,5th Norfolk,1,,Mark Cusack,,,Mark Cusack,D,True,False,7.4,9.95,10.28,2.25,7.43,0.0,5.0,5.3,D,28.01,0.98,0.02,Safe D,,
2026-09-06,MA-5th Plymouth,MA,House,5th Plymouth,1,,Lori Childs,David DeCoste,,David DeCoste,R,True,False,-0.3,1.33,3.02,2.25,-7.43,0.0,-5.0,5.3,,-4.11,0.394,0.606,Lean R,,
2026-09-06,MA-5th Suffolk,MA,House,5th Suffolk,1,,Chris Worrell,,,Chris Worrell,D,True,False,67.1,73.1,63.55,2.25,7.43,0.0,5.0,5.3,D,81.28,0.98,0.02,Safe D,,
2026-09-06,MA-5th Worcester,MA,House,5th Worcester,1,,,Donald Roger Berthiaume Jr.,,Donald Berthiaume, Jr.,R,False,True,-10.0,-9.01,-5.7,2.25,0.0,0.0,0.0,5.3,R,-0.4,0.02,0.98,Safe R,,
2026-09-06,MA-6th Bristol,MA,House,6th Bristol,1,,Carole Fiola,Robert G. Anctil,,Carole Fiola,D,True,False,0.5,4.47,5.67,2.25,7.43,0.0,5.0,5.3,,23.4,0.937,0.063,Likely D,,
2026-09-06,MA-6th Essex,MA,House,6th Essex,1,,Hannah Bowen,,,Hannah Bowen,D,True,False,34.5,36.08,32.32,2.25,7.43,0.0,5.0,5.3,D,50.06,0.98,0.02,Safe D,,
2026-09-06,MA-6th Hampden,MA,House,6th Hampden,1,,Mike Finn,,,Mike Finn,D,True,False,0.0,2.16,3.72,2.25,7.43,0.0,5.0,5.3,D,21.45,0.98,0.02,Safe D,,
2026-09-06,MA-6th Middlesex,MA,House,6th Middlesex,1,,Priscila Sousa,,,Priscila Sousa,D,True,False,38.8,43.32,38.43,2.25,7.43,0.0,5.0,5.3,D,56.16,0.98,0.02,Safe D,,
2026-09-06,MA-6th Norfolk,MA,House,6th Norfolk,1,,Lisa R. Lopez,,,William C. Galvin,D,False,True,21.9,24.23,22.33,2.25,0.0,0.0,0.0,5.3,D,27.63,0.98,0.02,Safe D,,
2026-09-06,MA-6th Plymouth,MA,House,6th Plymouth,1,,Jessica Marie Rushing,Ken Sweezey,,Ken Sweezey,R,True,False,5.2,6.72,7.56,2.25,-7.43,0.0,-5.0,5.3,,0.43,0.5112,0.4888,Toss-up,,
2026-09-06,MA-6th Suffolk,MA,House,6th Suffolk,1,,Russell Holmes,,,Russell Holmes,D,True,False,72.5,77.8,67.51,2.25,7.43,0.0,5.0,5.3,D,85.24,0.98,0.02,Safe D,,
2026-09-06,MA-6th Worcester,MA,House,6th Worcester,1,,Jeanne Renaud Costello,John Marsi,,John Marsi,R,True,False,-7.2,-5.51,-2.75,2.25,-7.43,-12.4,0.0,5.3,,-17.29,0.1291,0.8709,Likely R,,
2026-09-06,MA-7th Bristol,MA,House,7th Bristol,1,,Alan Silvia,Talos D. Farris,,Alan Silvia,D,True,False,-4.7,0.29,2.13,2.25,7.43,0.0,5.0,5.3,,19.87,0.903,0.097,Likely D,,
2026-09-06,MA-7th Essex,MA,House,7th Essex,1,,Manny Cruz,,,Manny Cruz,D,True,False,45.6,48.26,42.6,2.25,7.43,0.0,5.0,5.3,D,60.33,0.98,0.02,Safe D,,
2026-09-06,MA-7th Hampden,MA,House,7th Hampden,1,,Aaron Saunders,,,Aaron Saunders,D,True,False,12.5,14.07,13.76,2.25,7.43,0.0,5.0,5.3,D,31.49,0.98,0.02,Safe D,,
2026-09-06,MA-7th Middlesex,MA,House,7th Middlesex,1,,Jack Lewis,,,Jack Lewis,D,True,False,40.9,42.79,37.98,2.25,7.43,0.0,5.0,5.3,D,55.71,0.98,0.02,Safe D,,
2026-09-06,MA-7th Norfolk,MA,House,7th Norfolk,1,,Richard Wells,,,Richard Wells,D,True,False,43.8,46.36,41.0,2.25,7.43,0.0,5.0,5.3,D,58.73,0.98,0.02,Safe D,,
2026-09-06,MA-7th Plymouth,MA,House,7th Plymouth,1,,Rosemary Aahanna-Hill,Alyson M. Sullivan-Almeida,,Alyson Sullivan,R,False,True,-3.6,-1.89,0.3,2.25,0.0,0.0,0.0,5.3,,5.6,0.6429,0.3571,Lean D,,
2026-09-06,MA-7th Suffolk,MA,House,7th Suffolk,1,,Chynah Tyler,,,Chynah Tyler,D,True,False,71.4,78.04,67.71,2.25,7.43,0.0,5.0,5.3,D,85.44,0.98,0.02,Safe D,,
2026-09-06,MA-7th Worcester,MA,House,7th Worcester,1,,Nicholas Lazzaro,Paul Frost,,Paul Frost,R,True,False,-0.4,0.73,2.51,2.25,-7.43,0.0,-5.0,5.3,,-4.62,0.3813,0.6187,Lean R,,
2026-09-06,MA-8th Bristol,MA,House,8th Bristol,1,,Steven Ouellette,Christopher Thrasher,,Steven Ouellette,D,True,False,-11.6,-9.07,-5.75,2.25,7.43,9.54,0.0,5.3,,16.52,0.86,0.14,Likely D,,
2026-09-06,MA-8th Essex,MA,House,8th Essex,1,,Jenny Armini,,,Jenny Armini,D,True,False,38.8,40.98,36.46,2.25,7.43,0.0,5.0,5.3,D,54.19,0.98,0.02,Safe D,,
2026-09-06,MA-8th Hampden,MA,House,8th Hampden,1,,Shirley Arriaga,,,Shirley Arriaga,D,True,False,5.1,7.36,8.1,2.25,7.43,0.0,5.0,5.3,D,25.83,0.98,0.02,Safe D,,
2026-09-06,MA-8th Middlesex,MA,House,8th Middlesex,1,,James Arena-DeRosa,,,James Arena-DeRosa,D,True,False,37.0,38.89,34.69,2.25,7.43,0.0,5.0,5.3,D,52.42,0.98,0.02,Safe D,,
2026-09-06,MA-8th Norfolk,MA,House,8th Norfolk,1,,Ted Philips,,,Ted Philips,D,True,False,32.0,34.18,30.72,2.25,7.43,0.0,5.0,5.3,D,48.45,0.98,0.02,Safe D,,
2026-09-06,MA-8th Plymouth,MA,House,8th Plymouth,1,,Dennis Gallagher,John Edward Norris,,Dennis Gallagher,D,True,False,-2.9,-1.49,0.64,2.25,7.43,1.44,0.0,5.3,,14.8,0.8335,0.1665,Likely D,,
2026-09-06,MA-8th Suffolk,MA,House,8th Suffolk,1,,Jay Livingstone,,,Jay Livingstone,D,True,False,63.7,67.69,58.99,2.25,7.43,0.0,5.0,5.3,D,76.72,0.98,0.02,Safe D,,
2026-09-06,MA-8th Worcester,MA,House,8th Worcester,1,,,Mike Soter,,Mike Soter,R,True,False,-2.4,-1.02,1.04,2.25,-7.43,0.0,-5.0,5.3,R,-6.09,0.02,0.98,Safe R,,
2026-09-06,MA-9th Bristol,MA,House,9th Bristol,1,,Edward M. Pacheco,Chester M. Tam,,Christopher Markey,D,False,True,-1.1,2.05,3.62,2.25,0.0,0.0,0.0,5.3,,8.92,0.7201,0.2799,Lean D,,
2026-09-06,MA-9th Essex,MA,House,9th Essex,1,,Peter Meaney,Donald Wong,,Donald Wong,R,True,False,2.2,3.95,5.23,2.25,-7.43,0.0,-5.0,5.3,,-1.9,0.4505,0.5495,Toss-up,,
2026-09-06,MA-9th Hampden,MA,House,9th Hampden,1,,Orlando Ramos,,,Orlando Ramos,D,True,False,28.4,33.98,30.55,2.25,7.43,0.0,5.0,5.3,D,48.28,0.98,0.02,Safe D,,
2026-09-06,MA-9th Middlesex,MA,House,9th Middlesex,1,,Thomas M. Stanley,,,Thomas M. Stanley,D,True,False,36.3,37.96,33.91,2.25,7.43,6.07,0.0,5.3,D,52.71,0.98,0.02,Safe D,,
2026-09-06,MA-9th Norfolk,MA,House,9th Norfolk,1,,Thomas R. Melville,Marcus Vaughn,,Marcus Vaughn,R,True,False,12.3,13.79,13.53,2.25,-7.43,-9.96,0.0,5.3,,1.44,0.5374,0.4626,Toss-up,,
2026-09-06,MA-9th Plymouth,MA,House,9th Plymouth,1,,Bridget Plouffe,Lawrence Novak,,Bridget Plouffe,D,True,False,15.5,17.17,16.38,2.25,7.43,3.31,0.0,5.3,,32.41,0.983,0.017,Safe D,,
2026-09-06,MA-9th Suffolk,MA,House,9th Suffolk,1,,John Moran,,,John Moran,D,True,False,68.0,72.83,63.32,2.25,7.43,0.0,5.0,5.3,D,81.05,0.98,0.02,Safe D,,
2026-09-06,MA-9th Worcester,MA,House,9th Worcester,1,,,David Kent Muradian Jr.,,David Muradian, Jr.,R,False,True,12.4,13.55,13.32,2.25,0.0,0.0,0.0,5.3,R,18.62,0.02,0.98,Safe R,,
2026-09-06,MA-Barnstable, Dukes, and Nantucket,MA,House,Barnstable, Dukes, and Nantucket,1,,Thomas Moakley,,,Thomas Moakley,D,True,False,45.1,,41.18,2.25,7.43,0.0,5.0,5.3,D,58.91,0.98,0.02,Safe D,,
2026-09-06,MA-1st Bristol and Plymouth,MA,Senate,1st Bristol and Plymouth,1,,Michael Rodrigues,Gabriel Boomer Amaral,,Michael Rodrigues,D,True,False,-6.9,,-2.68,2.25,7.43,0.0,5.0,5.3,,15.05,0.8376,0.1624,Likely D,,
2026-09-06,MA-1st Essex and Middlesex,MA,Senate,1st Essex and Middlesex,1,,,Bruce Tarr,,Bruce Tarr,D,True,False,22.6,,22.2,2.25,7.43,0.0,5.0,5.3,R,39.93,0.02,0.98,Safe R,,
2026-09-06,MA-1st Essex-2,MA,Senate,1st Essex,1,,Pavel Payano,,,Pavel Payano,D,True,False,9.9,,11.49,2.25,7.43,0.0,5.0,5.3,D,29.22,0.98,0.02,Safe D,,
2026-09-06,MA-1st Middlesex-2,MA,Senate,1st Middlesex,1,,Vanna Howard,Sam Meas,,Vanna Howard,D,True,False,10.7,,12.17,2.25,7.43,0.0,5.0,5.3,,29.9,0.9747,0.0253,Safe D,,
2026-09-06,MA-1st Plymouth and Norfolk,MA,Senate,1st Plymouth and Norfolk,1,,,Patrick O'Connor,,Patrick O'Connor,D,True,False,18.5,,18.75,2.25,7.43,0.0,5.0,5.3,R,36.48,0.02,0.98,Safe R,,
2026-09-06,MA-1st Suffolk-2,MA,Senate,1st Suffolk,1,,Nick Collins,,,Nick Collins,D,True,False,48.6,,44.13,2.25,7.43,0.0,5.0,5.3,D,61.86,0.98,0.02,Safe D,,
2026-09-06,MA-1st Worcester-2,MA,Senate,1st Worcester,1,,Robyn Kennedy,,,Robyn Kennedy,R,True,False,29.5,,28.02,2.25,-7.43,0.0,-5.0,5.3,D,20.89,0.98,0.02,Safe D,,
2026-09-06,MA-2nd Bristol and Plymouth,MA,Senate,2nd Bristol and Plymouth,1,,Mark Montigny,Robert McConnell,,Mark Montigny,D,True,False,3.0,,5.67,2.25,7.43,0.0,5.0,5.3,,23.4,0.937,0.063,Likely D,,
2026-09-06,MA-2nd Essex and Middlesex,MA,Senate,2nd Essex and Middlesex,1,,Barry Finegold,Theodore T. Semesnyei,,Barry Finegold,D,True,False,14.4,,15.29,2.25,7.43,0.0,5.0,5.3,,33.02,0.9846,0.0154,Safe D,,
2026-09-06,MA-2nd Essex-2,MA,Senate,2nd Essex,1,,Joan Lovely,,,Joan Lovely,R,True,False,23.1,,22.63,2.25,-7.43,0.0,-5.0,5.3,D,15.49,0.98,0.02,Safe D,,
2026-09-06,MA-2nd Middlesex-2,MA,Senate,2nd Middlesex,1,,Burhan Azeem,,,Patricia D. Jehlen,D,False,True,61.7,,55.18,2.25,0.0,0.0,0.0,5.3,D,60.48,0.98,0.02,Safe D,,
2026-09-06,MA-2nd Plymouth and Norfolk,MA,Senate,2nd Plymouth and Norfolk,1,,Michael D. Brady,,,Mike Brady,D,False,True,22.2,,21.87,2.25,0.0,0.0,0.0,5.3,D,27.17,0.98,0.02,Safe D,,
2026-09-06,MA-2nd Suffolk-2,MA,Senate,2nd Suffolk,1,,Liz Miranda,,,Liz Miranda,D,True,False,74.0,,65.55,2.25,7.43,0.0,5.0,5.3,D,83.29,0.98,0.02,Safe D,,
2026-09-06,MA-2nd Worcester-2,MA,Senate,2nd Worcester,1,,Michael O. Moore,,,Michael O. Moore,D,True,False,19.9,,19.93,2.25,7.43,0.0,5.0,5.3,D,37.66,0.98,0.02,Safe D,,
2026-09-06,MA-3rd Bristol and Plymouth,MA,Senate,3rd Bristol and Plymouth,1,,,Kelly Dooner,,Kelly Dooner,D,True,False,-4.7,,-0.82,2.25,7.43,0.0,5.0,5.3,R,16.91,0.02,0.98,Safe R,,
2026-09-06,MA-3rd Essex-2,MA,Senate,3rd Essex,1,,Brendan Crighton,,,Brendan Crighton,D,True,False,18.7,,18.91,2.25,7.43,0.0,5.0,5.3,D,36.65,0.98,0.02,Safe D,,
2026-09-06,MA-3rd Middlesex-2,MA,Senate,3rd Middlesex,1,,Michael J. Barrett,,,Michael J. Barrett,D,True,False,42.8,,39.24,2.25,7.43,0.0,5.0,5.3,D,56.97,0.98,0.02,Safe D,,
2026-09-06,MA-3rd Suffolk-2,MA,Senate,3rd Suffolk,1,,Lydia Edwards,,,Lydia Edwards,D,True,False,34.0,,31.82,2.25,7.43,0.0,5.0,5.3,D,49.55,0.98,0.02,Safe D,,
2026-09-06,MA-4th Middlesex-2,MA,Senate,4th Middlesex,1,,Cindy Friedman,,,Cindy Friedman,D,True,False,32.2,,30.3,2.25,7.43,0.0,5.0,5.3,D,48.03,0.98,0.02,Safe D,,
2026-09-06,MA-5th Middlesex-2,MA,Senate,5th Middlesex,1,,Carey McDonald,,,Jason Lewis,D,False,True,31.8,,29.96,2.25,0.0,0.0,0.0,5.3,D,35.26,0.98,0.02,Safe D,,
2026-09-06,MA-Berkshire, Hampden, Franklin, and Hampshire,MA,Senate,Berkshire, Hampden, Franklin, and Hampshire,1,,Paul Mark,,,Paul Mark,D,True,False,33.4,,31.31,2.25,7.43,3.28,0.0,5.3,D,47.32,0.98,0.02,Safe D,,
2026-09-06,MA-Bristol and Norfolk,MA,Senate,Bristol and Norfolk,1,,Paul Feeney,,,Paul Feeney,D,True,False,15.8,17.75,16.86,2.25,7.43,0.0,5.0,5.3,D,34.59,0.98,0.02,Safe D,,
2026-09-06,MA-Cape and Islands,MA,Senate,Cape and Islands,1,,Julian Cyr,,,Julian Cyr,D,True,False,27.6,28.73,26.13,2.25,7.43,0.0,5.0,5.3,D,43.86,0.98,0.02,Safe D,,
2026-09-06,MA-Hampden,MA,Senate,Hampden,1,,Adam Gomez,,,Adam Gómez,D,False,True,29.3,34.32,30.84,2.25,0.0,0.0,0.0,5.3,D,36.14,0.98,0.02,Safe D,,
2026-09-06,MA-Hampden and Hampshire,MA,Senate,Hampden and Hampshire,1,,John Velis,,,John Velis,D,True,False,9.0,10.87,11.06,2.25,7.43,0.0,5.0,5.3,D,28.79,0.98,0.02,Safe D,,
2026-09-06,MA-Hampden, Hampshire, and Worcester,MA,Senate,Hampden, Hampshire, and Worcester,1,,Jacob R. Oliveira,,,Jake Oliveira,D,False,True,8.1,,9.97,2.25,0.0,0.0,0.0,5.3,D,15.27,0.98,0.02,Safe D,,
2026-09-06,MA-Hampshire, Franklin, and Worcester,MA,Senate,Hampshire, Franklin, and Worcester,1,,Joanne M. Comerford,,,Jo Comerford,D,False,True,42.0,,38.57,2.25,0.0,0.0,0.0,5.3,D,43.87,0.98,0.02,Safe D,,
2026-09-06,MA-Middlesex and Norfolk,MA,Senate,Middlesex and Norfolk,1,,Karen Spilka,,,Karen Spilka,D,True,False,39.9,65.32,56.99,2.25,7.43,0.0,5.0,5.3,D,74.72,0.98,0.02,Safe D,,
2026-09-06,MA-Middlesex and Suffolk,MA,Senate,Middlesex and Suffolk,1,,Sal DiDomenico,,,Sal DiDomenico,D,True,False,55.9,65.61,57.23,2.25,7.43,0.0,5.0,5.3,D,74.96,0.98,0.02,Safe D,,
2026-09-06,MA-Middlesex and Worcester,MA,Senate,Middlesex and Worcester,1,,James B. Eldridge,Joseph Timothy Shea,,James B. Eldridge,D,True,False,40.9,42.86,38.04,2.25,7.43,6.0,0.0,5.3,,56.77,0.9999,0.0001,Safe D,,
2026-09-06,MA-Norfolk and Middlesex,MA,Senate,Norfolk and Middlesex,1,,Cynthia Creem,,,Cynthia Creem,D,True,False,61.9,65.32,56.99,2.25,7.43,0.0,5.0,5.3,D,74.72,0.98,0.02,Safe D,,
2026-09-06,MA-Norfolk and Plymouth,MA,Senate,Norfolk and Plymouth,1,,John Keenan,,,John Keenan,D,True,False,14.0,16.56,15.86,2.25,7.43,0.0,5.0,5.3,D,33.6,0.98,0.02,Safe D,,
2026-09-06,MA-Norfolk and Suffolk,MA,Senate,Norfolk and Suffolk,1,,Michael F. Rush,,,Michael F. Rush,D,True,False,34.4,37.27,33.32,2.25,7.43,0.0,5.0,5.3,D,51.06,0.98,0.02,Safe D,,
2026-09-06,MA-Norfolk, Plymouth, and Bristol,MA,Senate,Norfolk, Plymouth, and Bristol,1,,Michael F. Zullas,,,William Driscoll Jr.,R,False,True,20.2,,20.18,2.25,0.0,0.0,0.0,5.3,D,25.48,0.98,0.02,Safe D,,
2026-09-06,MA-Norfolk, Worcester, and Middlesex,MA,Senate,Norfolk, Worcester, and Middlesex,1,,Rebecca L. Rausch,,,Becca Rausch,D,False,True,23.3,,22.79,2.25,0.0,-1.93,0.0,5.3,D,26.16,0.98,0.02,Safe D,,
2026-09-06,MA-Plymouth and Barnstable,MA,Senate,Plymouth and Barnstable,1,,Dylan Fernandes,Kari MacRae,,Dylan Fernandes,D,True,False,10.5,11.58,11.66,2.25,7.43,-2.94,0.0,5.3,,21.46,0.9197,0.0803,Likely D,,
2026-09-06,MA-Suffolk and Middlesex,MA,Senate,Suffolk and Middlesex,1,,William N. Brownsberger,,,William N. Brownsberger,D,True,False,61.6,65.61,57.23,2.25,7.43,0.0,5.0,5.3,D,74.96,0.98,0.02,Safe D,,
2026-09-06,MA-Worcester and Hampden,MA,Senate,Worcester and Hampden,1,,,Ryan Fattman,,Ryan Fattman,R,True,False,-4.8,-3.5,-1.06,2.25,-7.43,0.0,-5.0,5.3,R,-8.19,0.02,0.98,Safe R,,
2026-09-06,MA-Worcester and Hampshire,MA,Senate,Worcester and Hampshire,1,,Shannon M. Teabo,Peter Durant,,Peter Durant,R,True,False,0.3,1.62,3.26,2.25,-7.43,0.0,-5.0,5.3,,-3.87,0.4001,0.5999,Toss-up,,
2026-09-06,MA-Worcester and Middlesex,MA,Senate,Worcester and Middlesex,1,,John Cronin,,,John Cronin,D,True,False,15.4,42.86,38.04,2.25,7.43,6.0,0.0,5.3,D,56.77,0.98,0.02,Safe D,,
2026-09-06,MD-HD-10A,MD,House of Delegates,HD-10,1,A,Jennifer White Holland,,,,D,False,True,55.1,55.23,48.01,1.69,0.0,0.0,0.0,5.3,D,53.31,0.98,0.02,Safe D,,
2026-09-06,MD-HD-10B,MD,House of Delegates,HD-10,1,B,Robin Harvey,,,,D,False,True,55.1,55.23,48.01,1.69,0.0,0.0,0.0,5.3,D,53.31,0.98,0.02,Safe D,,
2026-09-06,MD-HD-10C,MD,House of Delegates,HD-10,1,C,N. Scott Phillips,,,,D,False,True,55.1,55.23,48.01,1.69,0.0,0.0,0.0,5.3,D,53.31,0.98,0.02,Safe D,,
2026-09-06,MD-HD-11A,MD,House of Delegates,HD-11A,1,,Cheryl E. Pasteur,,,Cheryl E. Pasteur,D,True,False,59.6,62.62,54.24,1.69,7.43,0.0,5.0,5.3,D,71.97,0.98,0.02,Safe D,,
2026-09-06,MD-HD-11BA,MD,House of Delegates,HD-11A,1,A,Jon S. Cardin,John C. Gordon,,Jon S. Cardin,D,True,False,59.6,30.39,27.05,1.69,7.43,0.0,5.0,5.3,,44.78,0.9983,0.0017,Safe D,,
2026-09-06,MD-HD-11BB,MD,House of Delegates,HD-11A,1,B,Dana Stein,,,Dana Stein,D,True,False,59.6,30.39,27.05,1.69,7.43,0.0,5.0,5.3,D,44.78,0.98,0.02,Safe D,,
2026-09-06,MD-HD-12AA,MD,House of Delegates,HD-12A,1,A,Jessica Feldmark,Frank Glover,,Jessica Feldmark,D,True,False,49.6,51.78,45.09,1.68,7.43,0.0,5.0,5.3,,62.82,1.0,0.0,Safe D,,
2026-09-06,MD-HD-12AB,MD,House of Delegates,HD-12A,1,B,Terri Hill,,,Terri Hill,D,True,False,49.6,51.78,45.09,1.68,7.43,0.0,5.0,5.3,D,62.82,0.98,0.02,Safe D,,
2026-09-06,MD-HD-12B,MD,House of Delegates,HD-12A,1,,Gary Simmons,Blair L. Brannock,,Gary Simmons,D,True,False,49.6,11.59,11.2,1.68,7.43,0.0,5.0,5.3,,28.93,0.9707,0.0293,Safe D,,
2026-09-06,MD-HD-13A,MD,House of Delegates,HD-13,1,A,Amy Brooks,Mark Fisher,,,D,False,True,49.4,52.3,45.53,1.69,0.0,0.0,0.0,5.3,,50.83,0.9996,0.0004,Safe D,,
2026-09-06,MD-HD-13B,MD,House of Delegates,HD-13,1,B,Pam Lanman Guzzone,,,,D,False,True,49.4,52.3,45.53,1.69,0.0,0.0,0.0,5.3,D,50.83,0.98,0.02,Safe D,,
2026-09-06,MD-HD-13C,MD,House of Delegates,HD-13,1,C,Gabriel Maximilian Moreno,,,,D,False,True,49.4,52.3,45.53,1.69,0.0,0.0,0.0,5.3,D,50.83,0.98,0.02,Safe D,,
2026-09-06,MD-HD-14A,MD,House of Delegates,HD-14,1,A,Anne R. Kaiser,,,Anne R. Kaiser,D,True,False,42.6,45.9,40.13,1.69,7.43,4.15,0.0,5.3,D,57.01,0.98,0.02,Safe D,,
2026-09-06,MD-HD-14B,MD,House of Delegates,HD-14,1,B,Matt Post,,,,D,False,True,42.6,45.9,40.13,1.69,0.0,0.0,0.0,5.3,D,45.43,0.98,0.02,Safe D,,
2026-09-06,MD-HD-14C,MD,House of Delegates,HD-14,1,C,Bernice Mireku-North,,,,D,False,True,42.6,45.9,40.13,1.69,0.0,0.0,0.0,5.3,D,45.43,0.98,0.02,Safe D,,
2026-09-06,MD-HD-15A,MD,House of Delegates,HD-15,1,A,David V. Fraser-Hidalgo,Peter Chan,,,D,False,True,43.9,46.95,41.02,1.69,0.0,0.0,0.0,5.3,,46.32,0.9988,0.0012,Safe D,,
2026-09-06,MD-HD-15B,MD,House of Delegates,HD-15,1,B,Lily Qi,,,Lily Qi,D,True,False,43.9,46.95,41.02,1.69,7.43,-0.52,0.0,5.3,D,53.22,0.98,0.02,Safe D,,
2026-09-06,MD-HD-15C,MD,House of Delegates,HD-15,1,C,Linda Foley,,,Linda Foley,D,True,False,43.9,46.95,41.02,1.69,7.43,-0.52,0.0,5.3,D,53.22,0.98,0.02,Safe D,,
2026-09-06,MD-HD-16A,MD,House of Delegates,HD-16,1,A,Sarah Wolek,Ann Guthrie Hingston,,,D,False,True,62.8,65.7,56.84,1.69,0.0,0.0,0.0,5.3,,62.14,1.0,0.0,Safe D,,
2026-09-06,MD-HD-16B,MD,House of Delegates,HD-16,1,B,Marc Korman,,,Marc Korman,D,True,False,62.8,65.7,56.84,1.69,7.43,0.0,5.0,5.3,D,74.57,0.98,0.02,Safe D,,
2026-09-06,MD-HD-16C,MD,House of Delegates,HD-16,1,C,Teresa Saavedra Woorman,,,,D,False,True,62.8,65.7,56.84,1.69,0.0,0.0,0.0,5.3,D,62.14,0.98,0.02,Safe D,,
2026-09-06,MD-HD-17A,MD,House of Delegates,HD-17,1,A,Joe Vogel,,,Joe Vogel,D,True,False,53.9,57.29,49.74,1.68,7.43,4.38,0.0,5.3,D,66.86,0.98,0.02,Safe D,,
2026-09-06,MD-HD-17B,MD,House of Delegates,HD-17,1,B,Julie Palakovich Carr,,,,D,False,True,53.9,57.29,49.74,1.68,0.0,0.0,0.0,5.3,D,55.04,0.98,0.02,Safe D,,
2026-09-06,MD-HD-17C,MD,House of Delegates,HD-17,1,C,Ryan Spiegel,,,,D,False,True,53.9,57.29,49.74,1.68,0.0,0.0,0.0,5.3,D,55.04,0.98,0.02,Safe D,,
2026-09-06,MD-HD-18A,MD,House of Delegates,HD-18,1,A,Emily Shetty,,,Emily Shetty,D,True,False,61.4,65.57,56.72,1.69,7.43,6.48,0.0,5.3,D,75.93,0.98,0.02,Safe D,,
2026-09-06,MD-HD-18B,MD,House of Delegates,HD-18,1,B,Jared Solomon,,,Jared Solomon,D,True,False,61.4,65.57,56.72,1.69,7.43,6.48,0.0,5.3,D,75.93,0.98,0.02,Safe D,,
2026-09-06,MD-HD-18C,MD,House of Delegates,HD-18,1,C,Aaron M. Kaufman,,,Aaron M. Kaufman,D,True,False,61.4,65.57,56.72,1.69,7.43,6.48,0.0,5.3,D,75.93,0.98,0.02,Safe D,,
2026-09-06,MD-HD-19A,MD,House of Delegates,HD-19,1,A,Charlotte Crutchfield,,,Charlotte Crutchfield,D,True,False,47.7,51.47,44.83,1.69,7.43,9.84,0.0,5.3,D,67.4,0.98,0.02,Safe D,,
2026-09-06,MD-HD-19B,MD,House of Delegates,HD-19,1,B,Vaughn Stewart,,,Vaughn Stewart,D,True,False,47.7,51.47,44.83,1.69,7.43,9.84,0.0,5.3,D,67.4,0.98,0.02,Safe D,,
2026-09-06,MD-HD-19C,MD,House of Delegates,HD-19,1,C,Christa Tichy,,,,D,False,True,47.7,51.47,44.83,1.69,0.0,0.0,0.0,5.3,D,50.13,0.98,0.02,Safe D,,
2026-09-06,MD-HD-1A,MD,House of Delegates,HD-1A,1,,Jason M. Jobe,Dan Duggan,,,R,False,True,-50.3,-52.03,-42.46,1.69,0.0,0.0,0.0,5.3,,-37.16,0.0075,0.9925,Safe R,,
2026-09-06,MD-HD-1B,MD,House of Delegates,HD-1A,1,,Rhiannon C. Brown,Jason C. Buckel,,Jason C. Buckel,R,True,False,-50.3,-36.11,-29.03,1.69,-7.43,0.0,-5.0,5.3,,-36.16,0.009,0.991,Safe R,,
2026-09-06,MD-HD-1C,MD,House of Delegates,HD-1A,1,,Seth Funk,Terry Baker,,Terry Baker,R,True,False,-50.3,-48.16,-39.2,1.69,-7.43,0.0,-5.0,5.3,,-46.33,0.0012,0.9988,Safe R,,
2026-09-06,MD-HD-20A,MD,House of Delegates,HD-20,1,A,David Moon,,,David Moon,D,True,False,70.4,75.05,64.72,1.69,7.43,0.0,5.0,5.3,D,82.45,0.98,0.02,Safe D,,
2026-09-06,MD-HD-20B,MD,House of Delegates,HD-20,1,B,Lorig Charkoudian,,,Lorig Charkoudian,D,True,False,70.4,75.05,64.72,1.69,7.43,0.0,5.0,5.3,D,82.45,0.98,0.02,Safe D,,
2026-09-06,MD-HD-20C,MD,House of Delegates,HD-20,1,C,Jheanelle K. Wilkins,,,Jheanelle K. Wilkins,D,True,False,70.4,75.05,64.72,1.69,7.43,0.0,5.0,5.3,D,82.45,0.98,0.02,Safe D,,
2026-09-06,MD-HD-21A,MD,House of Delegates,HD-21,1,A,Mary A. Lehman,,,Mary A. Lehman,D,True,False,54.3,56.86,49.37,1.69,7.43,0.0,5.0,5.3,D,67.1,0.98,0.02,Safe D,,
2026-09-06,MD-HD-21B,MD,House of Delegates,HD-21,1,B,Ben Barnes,,,Ben Barnes,D,True,False,54.3,56.86,49.37,1.69,7.43,0.0,5.0,5.3,D,67.1,0.98,0.02,Safe D,,
2026-09-06,MD-HD-21C,MD,House of Delegates,HD-21,1,C,Joseline A. Peña-Melnyk,,,,D,False,True,54.3,56.86,49.37,1.69,0.0,0.0,0.0,5.3,D,54.67,0.98,0.02,Safe D,,
2026-09-06,MD-HD-22A,MD,House of Delegates,HD-22,1,A,Ashanti Martinez,,,,D,False,True,69.7,74.88,64.58,1.69,0.0,0.0,0.0,5.3,D,69.88,0.98,0.02,Safe D,,
2026-09-06,MD-HD-22B,MD,House of Delegates,HD-22,1,B,Tracy Gant,,,,D,False,True,69.7,74.88,64.58,1.69,0.0,0.0,0.0,5.3,D,69.88,0.98,0.02,Safe D,,
2026-09-06,MD-HD-22C,MD,House of Delegates,HD-22,1,C,Molly McKee-Seabrook,,,,D,False,True,69.7,74.88,64.58,1.69,0.0,0.0,0.0,5.3,D,69.88,0.98,0.02,Safe D,,
2026-09-06,MD-HD-23A,MD,House of Delegates,HD-23,1,A,Keenon James,Michael Riker,,,D,False,True,71.0,73.1,63.07,1.69,0.0,0.0,0.0,5.3,,68.37,1.0,0.0,Safe D,,
2026-09-06,MD-HD-23B,MD,House of Delegates,HD-23,1,B,Kym Taylor,Kimberly Simmons Robinson,,Kym Taylor,D,True,False,71.0,73.1,63.07,1.69,7.43,0.0,5.0,5.3,,80.8,1.0,0.0,Safe D,,
2026-09-06,MD-HD-23C,MD,House of Delegates,HD-23,1,C,Marvin E. Holmes, Jr.,,,Marvin E. Holmes, Jr.,D,True,False,71.0,73.1,63.07,1.69,7.43,0.0,5.0,5.3,D,80.8,0.98,0.02,Safe D,,
2026-09-06,MD-HD-24A,MD,House of Delegates,HD-24,1,A,Andrea Fletcher Harrison,,,,D,False,True,81.2,85.13,73.22,1.69,0.0,0.0,0.0,5.3,D,78.52,0.98,0.02,Safe D,,
2026-09-06,MD-HD-24B,MD,House of Delegates,HD-24,1,B,LaTasha R. Ward,,,,D,False,True,81.2,85.13,73.22,1.69,0.0,0.0,0.0,5.3,D,78.52,0.98,0.02,Safe D,,
2026-09-06,MD-HD-24C,MD,House of Delegates,HD-24,1,C,Derrick L. Coley,,,,D,False,True,81.2,85.13,73.22,1.69,0.0,0.0,0.0,5.3,D,78.52,0.98,0.02,Safe D,,
2026-09-06,MD-HD-25A,MD,House of Delegates,HD-25,1,A,Karen Toles,,,Karen Toles,D,True,False,84.8,87.91,75.57,1.69,7.43,0.0,5.0,5.3,D,93.3,0.98,0.02,Safe D,,
2026-09-06,MD-HD-25B,MD,House of Delegates,HD-25,1,B,Denise Roberts,,,,D,False,True,84.8,87.91,75.57,1.69,0.0,0.0,0.0,5.3,D,80.87,0.98,0.02,Safe D,,
2026-09-06,MD-HD-25C,MD,House of Delegates,HD-25,1,C,Kent Roberson,,,,D,False,True,84.8,87.91,75.57,1.69,0.0,0.0,0.0,5.3,D,80.87,0.98,0.02,Safe D,,
2026-09-06,MD-HD-26A,MD,House of Delegates,HD-26,1,A,Kriselda Valderrama,JoAnn Y. Fisher,,,D,False,True,79.4,83.15,71.55,1.69,0.0,3.72,0.0,5.3,,80.57,1.0,0.0,Safe D,,
2026-09-06,MD-HD-26B,MD,House of Delegates,HD-26,1,B,Jamila J. Woods,Ike Puzon,,Jamila J. Woods,D,True,False,79.4,83.15,71.55,1.69,7.43,4.77,0.0,5.3,,89.05,1.0,0.0,Safe D,,
2026-09-06,MD-HD-26C,MD,House of Delegates,HD-26,1,C,Veronica Turner,,,Veronica Turner,D,True,False,79.4,83.15,71.55,1.69,7.43,3.72,0.0,5.3,D,88.0,0.98,0.02,Safe D,,
2026-09-06,MD-HD-27A,MD,House of Delegates,HD-27A,1,,Darrell C. Odom, Sr.,Jim Crawford,,,D,False,True,59.9,61.09,52.95,1.69,0.0,0.0,0.0,5.3,,58.25,0.9999,0.0001,Safe D,,
2026-09-06,MD-HD-27B,MD,House of Delegates,HD-27A,1,,Jeffrie E. Long, Jr.,Dan L. Thomas,,Jeffrie E. Long, Jr.,D,True,False,59.9,30.3,26.98,1.69,7.43,0.0,5.0,5.3,,44.71,0.9983,0.0017,Safe D,,
2026-09-06,MD-HD-27C,MD,House of Delegates,HD-27A,1,,Jennifer M. Davidson,Mark N. Fisher,,Mark N. Fisher,R,True,False,59.9,-14.43,-10.75,1.68,-7.43,0.0,-5.0,5.3,,-17.88,0.1212,0.8788,Likely R,,
2026-09-06,MD-HD-28A,MD,House of Delegates,HD-28,1,A,Abena Affum-McAllister,James Emerson Ashburn,,,D,False,True,39.1,38.98,34.3,1.69,0.0,0.0,0.0,5.3,,39.6,0.9952,0.0048,Safe D,,
2026-09-06,MD-HD-28B,MD,House of Delegates,HD-28,1,B,Debra Davis,Winfield W. Clark, Jr.,,Debra Davis,D,True,False,39.1,38.98,34.3,1.69,7.43,-0.42,0.0,5.3,,46.61,0.9988,0.0012,Safe D,,
2026-09-06,MD-HD-28C,MD,House of Delegates,HD-28,1,C,Edith J. Patterson,,,Edith J. Patterson,D,True,False,39.1,38.98,34.3,1.69,7.43,-0.42,0.0,5.3,D,46.61,0.98,0.02,Safe D,,
2026-09-06,MD-HD-29A,MD,House of Delegates,HD-29A,1,,Jennifer Lynn Clancy,Matt Morgan,,Matt Morgan,R,True,False,-35.6,-36.09,-29.02,1.68,-7.43,0.0,-5.0,5.3,,-36.15,0.009,0.991,Safe R,,
2026-09-06,MD-HD-29B,MD,House of Delegates,HD-29A,1,,Adrianne M. Mathis,BJ Hall,,,D,False,True,-35.6,11.1,10.78,1.68,0.0,0.0,0.0,5.3,,16.08,0.8535,0.1465,Likely D,,
2026-09-06,MD-HD-29C,MD,House of Delegates,HD-29A,1,,Shaara Watts,Todd B. Morgan,,Todd B. Morgan,R,True,False,-35.6,-13.82,-10.23,1.69,-7.43,0.0,-5.0,5.3,,-17.36,0.1281,0.8719,Likely R,,
2026-09-06,MD-HD-2AA,MD,House of Delegates,HD-2A,1,A,John D. Leonard,William J. Wivell,,William J. Wivell,R,True,False,-26.7,-27.97,-22.17,1.68,-7.43,0.0,-5.0,5.3,,-29.3,0.0277,0.9723,Safe R,,
2026-09-06,MD-HD-2AB,MD,House of Delegates,HD-2A,1,B,Brandon Thompson,William Valentine,,William Valentine,R,True,False,-26.7,-27.97,-22.17,1.68,-7.43,0.0,-5.0,5.3,,-29.3,0.0277,0.9723,Safe R,,
2026-09-06,MD-HD-2B,MD,House of Delegates,HD-2A,1,,Matthew J. Schindler,Brenda J. Thiam,,,D,False,True,-26.7,9.51,9.44,1.69,0.0,0.0,0.0,5.3,,14.74,0.8324,0.1676,Likely D,,
2026-09-06,MD-HD-30AA,MD,House of Delegates,HD-30A,1,A,Dana Jones,,,Dana Jones,D,True,False,31.4,32.4,28.74,1.69,7.43,0.0,5.0,5.3,D,46.47,0.98,0.02,Safe D,,
2026-09-06,MD-HD-30AB,MD,House of Delegates,HD-30A,1,B,Dylan Behler,,,,D,False,True,31.4,32.4,28.74,1.69,0.0,0.0,0.0,5.3,D,34.04,0.98,0.02,Safe D,,
2026-09-06,MD-HD-30B,MD,House of Delegates,HD-30A,1,,Matt Johnston,Seth Howard,,Seth Howard,R,True,False,31.4,-8.55,-5.79,1.68,-7.43,0.0,-5.0,5.3,,-12.92,0.1991,0.8009,Likely R,,
2026-09-06,MD-HD-31A,MD,House of Delegates,HD-31,1,A,Heidi Buchanan Schmidt,Brian A. Chisholm,,Brian A. Chisholm,R,True,False,-10.8,-11.5,-8.28,1.68,-7.43,-9.18,0.0,5.3,,-19.59,0.1001,0.8999,Likely R,,
2026-09-06,MD-HD-31B,MD,House of Delegates,HD-31,1,B,Joan Barone Cole,Mike Jacobs,,,R,False,True,-10.8,-11.5,-8.28,1.68,0.0,0.0,0.0,5.3,,-2.98,0.4228,0.5772,Toss-up,,
2026-09-06,MD-HD-31C,MD,House of Delegates,HD-31,1,C,Ryan Kelly Shaban,LaToya Marie Caldwell-Nkongolo,,,R,False,True,-10.8,-11.5,-8.28,1.68,0.0,0.0,0.0,5.3,,-2.98,0.4228,0.5772,Toss-up,,
2026-09-06,MD-HD-32A,MD,House of Delegates,HD-32,1,A,J. Sandy Bartlett,Mary Phelps,,J. Sandy Bartlett,D,True,False,30.1,30.82,27.42,1.69,7.43,-0.23,5.0,5.3,,44.92,0.9983,0.0017,Safe D,,
2026-09-06,MD-HD-32B,MD,House of Delegates,HD-32,1,B,Mike Rogers,Colin McEvers,,Mike Rogers,D,True,False,30.1,30.82,27.42,1.69,7.43,-0.23,5.0,5.3,,44.92,0.9983,0.0017,Safe D,,
2026-09-06,MD-HD-32C,MD,House of Delegates,HD-32,1,C,Spencer F. Dixon,Marcus Damon Snipes, Jr.,,,D,False,True,30.1,30.82,27.42,1.69,0.0,0.0,0.0,5.3,,32.72,0.9838,0.0162,Safe D,,
2026-09-06,MD-HD-33A,MD,House of Delegates,HD-33A,1,,Andrew C. Pruski,,,Andrew C. Pruski,D,True,False,35.4,36.78,32.44,1.69,7.43,0.0,5.0,5.3,D,50.17,0.98,0.02,Safe D,,
2026-09-06,MD-HD-33B,MD,House of Delegates,HD-33A,1,,Chuck Cook,Stuart M. Schmidt, Jr.,,Stuart M. Schmidt, Jr.,R,True,False,35.4,8.87,8.9,1.69,-7.43,0.0,-5.0,5.3,,1.77,0.5462,0.4538,Toss-up,,
2026-09-06,MD-HD-33C,MD,House of Delegates,HD-33A,1,,Heather A. Bagnall,Kristin M. Norris,,Heather A. Bagnall,D,True,False,35.4,14.36,13.53,1.69,7.43,0.0,5.0,5.3,,31.26,0.9795,0.0205,Safe D,,
2026-09-06,MD-HD-34AA,MD,House of Delegates,HD-34A,1,A,Andre V. Johnson, Jr.,Elliott Joseph Herneker,,Andre V. Johnson, Jr.,D,True,False,16.4,16.91,15.68,1.68,7.43,0.0,5.0,5.3,,33.41,0.9856,0.0144,Safe D,,
2026-09-06,MD-HD-34AB,MD,House of Delegates,HD-34A,1,B,Steve Johnson,,,Steve Johnson,D,True,False,16.4,16.91,15.68,1.68,7.43,0.0,5.0,5.3,D,33.41,0.98,0.02,Safe D,,
2026-09-06,MD-HD-34B,MD,House of Delegates,HD-34A,1,,Anthony Lyon,Jake Taylor,,,R,False,True,16.4,-10.71,-7.61,1.69,0.0,0.0,0.0,5.3,,-2.31,0.4399,0.5601,Toss-up,,
2026-09-06,MD-HD-35AA,MD,House of Delegates,HD-35A,1,A,Gregory V. Anderson,Mike Griffith,,Mike Griffith,R,True,False,-34.1,-35.54,-28.55,1.68,-7.43,0.0,-5.0,5.3,,-35.69,0.0098,0.9902,Safe R,,
2026-09-06,MD-HD-35AB,MD,House of Delegates,HD-35A,1,B,Michael A. Eckels, Jr.,Teresa Reilly,,Teresa Reilly,R,True,False,-34.1,-35.54,-28.55,1.68,-7.43,0.0,-5.0,5.3,,-35.69,0.0098,0.9902,Safe R,,
2026-09-06,MD-HD-35B,MD,House of Delegates,HD-35A,1,,Blessing T. Oluwadare,Derek J. Howell,,,R,False,True,-34.1,-39.14,-31.59,1.69,0.0,0.0,0.0,5.3,,-26.29,0.0428,0.9572,Safe R,,
2026-09-06,MD-HD-36A,MD,House of Delegates,HD-36,1,A,Crystal Woodward,Jay A. Jacobs,,Jay A. Jacobs,R,True,False,-22.9,-23.06,-18.02,1.68,-7.43,0.0,-5.0,5.3,,-25.16,0.05,0.95,Safe R,,
2026-09-06,MD-HD-36B,MD,House of Delegates,HD-36,1,B,Michelle Ravert,Jeff Ghrist,,Jeff Ghrist,R,True,False,-22.9,-23.06,-18.02,1.68,-7.43,0.0,-5.0,5.3,,-25.16,0.05,0.95,Safe R,,
2026-09-06,MD-HD-36C,MD,House of Delegates,HD-36,1,C,Nevin Crouse,Steve Arentz,,,R,False,True,-22.9,-23.06,-18.02,1.68,0.0,0.0,0.0,5.3,,-12.72,0.2027,0.7973,Likely R,,
2026-09-06,MD-HD-37A,MD,House of Delegates,HD-37A,1,,Sheree Sample-Hughes,,,,D,False,True,22.5,25.93,23.29,1.69,0.0,0.0,0.0,5.3,D,28.59,0.98,0.02,Safe D,,
2026-09-06,MD-HD-37BA,MD,House of Delegates,HD-37A,1,A,Michele W. Johnson (Talbot County),Tom Hutchinson (Dorchester County),,,R,False,True,22.5,-18.89,-14.51,1.68,0.0,0.0,0.0,5.3,,-9.21,0.2735,0.7265,Lean R,,
2026-09-06,MD-HD-37BB,MD,House of Delegates,HD-37A,1,B,Edmund J. Barrett,Chris Adams (Wicomico County),,,R,False,True,22.5,-18.89,-14.51,1.68,0.0,0.0,0.0,5.3,,-9.21,0.2735,0.7265,Lean R,,
2026-09-06,MD-HD-38A,MD,House of Delegates,HD-38A,1,,Shelley Johnson,C. L. Marshall, III,,,R,False,True,-15.9,-15.37,-11.54,1.68,0.0,0.0,0.0,5.3,,-6.24,0.3416,0.6584,Lean R,,
2026-09-06,MD-HD-38B,MD,House of Delegates,HD-38A,1,,Josh Hastings,Barry S. Beauchamp,,,R,False,True,-15.9,6.25,6.69,1.69,0.0,0.0,0.0,5.3,,11.99,0.7835,0.2165,Likely D,,
2026-09-06,MD-HD-38C,MD,House of Delegates,HD-38A,1,,Laurie Anne Brittingham,Wayne A. Hartman,,Wayne A. Hartman,R,True,False,-15.9,-29.96,-23.85,1.68,-7.43,0.0,-5.0,5.3,,-30.98,0.0214,0.9786,Safe R,,
2026-09-06,MD-HD-39A,MD,House of Delegates,HD-39,1,A,Lesley J. Lopez,,,Lesley J. Lopez,D,True,False,45.7,50.49,44.01,1.69,7.43,0.0,5.0,5.3,D,61.74,0.98,0.02,Safe D,,
2026-09-06,MD-HD-39B,MD,House of Delegates,HD-39,1,B,Gabriel Acevero,,,Gabriel Acevero,D,True,False,45.7,50.49,44.01,1.69,7.43,0.0,5.0,5.3,D,61.74,0.98,0.02,Safe D,,
2026-09-06,MD-HD-39C,MD,House of Delegates,HD-39,1,C,Greg Wims,,,,D,False,True,45.7,50.49,44.01,1.69,0.0,0.0,0.0,5.3,D,49.31,0.98,0.02,Safe D,,
2026-09-06,MD-HD-3A,MD,House of Delegates,HD-3,1,A,Kris Fair,Angela McIntosh,,Kris Fair,D,True,False,32.7,33.46,29.64,1.69,7.43,5.32,0.0,5.3,,47.69,0.9991,0.0009,Safe D,,
2026-09-06,MD-HD-3B,MD,House of Delegates,HD-3,1,B,Karen Simpson,Ashley Nieves,,Karen Simpson,D,True,False,32.7,33.46,29.64,1.69,7.43,5.4,0.0,5.3,,47.78,0.9991,0.0009,Safe D,,
2026-09-06,MD-HD-3C,MD,House of Delegates,HD-3,1,C,Ken Kerr,,,Ken Kerr,D,True,False,32.7,33.46,29.64,1.69,7.43,5.4,0.0,5.3,D,47.78,0.98,0.02,Safe D,,
2026-09-06,MD-HD-40A,MD,House of Delegates,HD-40,1,A,Marlon D. Amprey,,,Marlon D. Amprey,D,True,False,79.4,83.41,71.77,1.69,7.43,3.35,0.0,5.3,D,87.85,0.98,0.02,Safe D,,
2026-09-06,MD-HD-40B,MD,House of Delegates,HD-40,1,B,Melissa Wells,,,Melissa Wells,D,True,False,79.4,83.41,71.77,1.69,7.43,3.35,0.0,5.3,D,87.85,0.98,0.02,Safe D,,
2026-09-06,MD-HD-40C,MD,House of Delegates,HD-40,1,C,Tiffany Welch,,,,D,False,True,79.4,83.41,71.77,1.69,0.0,0.0,0.0,5.3,D,77.07,0.98,0.02,Safe D,,
2026-09-06,MD-HD-41A,MD,House of Delegates,HD-41,1,A,S. I. "Sandy" Rosenberg,,,,D,False,True,65.4,69.17,59.76,1.69,0.0,0.0,0.0,5.3,D,65.06,0.98,0.02,Safe D,,
2026-09-06,MD-HD-41B,MD,House of Delegates,HD-41,1,B,Sean A. Stinnett,,,,D,False,True,65.4,69.17,59.76,1.69,0.0,0.0,0.0,5.3,D,65.06,0.98,0.02,Safe D,,
2026-09-06,MD-HD-41C,MD,House of Delegates,HD-41,1,C,Ryan Turner,,,,D,False,True,65.4,69.17,59.76,1.69,0.0,0.0,0.0,5.3,D,65.06,0.98,0.02,Safe D,,
2026-09-06,MD-HD-42A,MD,House of Delegates,HD-42A,1,,Jyoti Mohan,Charles Edward Murphy, III,,,R,False,True,-10.1,-9.53,-6.62,1.68,0.0,0.0,0.0,5.3,,-1.32,0.4657,0.5343,Toss-up,,
2026-09-06,MD-HD-42B,MD,House of Delegates,HD-42A,1,,Michele Guyton,Jeffry K. McDonald,,Michele Guyton,D,True,False,-10.1,27.32,24.46,1.69,7.43,0.0,5.0,5.3,,42.19,0.9971,0.0029,Safe D,,
2026-09-06,MD-HD-42C,MD,House of Delegates,HD-42A,1,,Corynne Courpas,Steve Patten,,,R,False,True,-10.1,-33.21,-26.59,1.68,0.0,0.0,0.0,5.3,,-21.29,0.0819,0.9181,Likely R,,
2026-09-06,MD-HD-43AA,MD,House of Delegates,HD-43A,1,A,Regina T. Boyce,,,Regina T. Boyce,D,True,False,84.0,87.64,75.34,1.69,7.43,0.0,5.0,5.3,D,93.07,0.98,0.02,Safe D,,
2026-09-06,MD-HD-43AB,MD,House of Delegates,HD-43A,1,B,Elizabeth Embry,,,Elizabeth Embry,D,True,False,84.0,87.64,75.34,1.69,7.43,0.0,5.0,5.3,D,93.07,0.98,0.02,Safe D,,
2026-09-06,MD-HD-43B,MD,House of Delegates,HD-43A,1,,Cathi Forbes,,,Cathi Forbes,D,True,False,84.0,56.83,49.35,1.69,7.43,0.0,5.0,5.3,D,67.08,0.98,0.02,Safe D,,
2026-09-06,MD-HD-44A,MD,House of Delegates,HD-44A,1,,Eric Ebersole,Chuck Linton,,Eric Ebersole,D,True,False,21.0,20.55,18.76,1.68,7.43,0.0,5.0,5.3,,36.49,0.9915,0.0085,Safe D,,
2026-09-06,MD-HD-44BA,MD,House of Delegates,HD-44A,1,A,Aletheia McCaskill,Domonic Martin,,Aletheia McCaskill,D,True,False,21.0,60.9,52.78,1.69,7.43,0.0,5.0,5.3,,70.51,1.0,0.0,Safe D,,
2026-09-06,MD-HD-44BB,MD,House of Delegates,HD-44A,1,B,Sheila Ruth,,,Sheila Ruth,D,True,False,21.0,60.9,52.78,1.69,7.43,0.0,5.0,5.3,D,70.51,0.98,0.02,Safe D,,
2026-09-06,MD-HD-45A,MD,House of Delegates,HD-45,1,A,Jackie Addison,,,Jackie Addison,D,True,False,76.4,79.48,68.46,1.69,7.43,3.87,0.0,5.3,D,85.05,0.98,0.02,Safe D,,
2026-09-06,MD-HD-45B,MD,House of Delegates,HD-45,1,B,Caylin Young,,,Caylin Young,D,True,False,76.4,79.48,68.46,1.69,7.43,3.87,0.0,5.3,D,85.05,0.98,0.02,Safe D,,
2026-09-06,MD-HD-45C,MD,House of Delegates,HD-45,1,C,Chanel A. Branch,,Renaud De'Aundre Brown,,D,False,True,76.4,79.48,68.46,1.69,0.0,0.0,0.0,5.3,D,73.76,0.98,0.02,Safe D,,
2026-09-06,MD-HD-46A,MD,House of Delegates,HD-46,1,A,Luke Clippinger,Jeremy L. Amason,,Luke Clippinger,D,True,False,61.8,64.1,55.49,1.69,7.43,8.1,0.0,5.3,,76.32,1.0,0.0,Safe D,,
2026-09-06,MD-HD-46B,MD,House of Delegates,HD-46,1,B,Robbyn Lewis,,,Robbyn Lewis,D,True,False,61.8,64.1,55.49,1.69,7.43,8.1,0.0,5.3,D,76.32,0.98,0.02,Safe D,,
2026-09-06,MD-HD-46C,MD,House of Delegates,HD-46,1,C,Mark Edelson,,,Mark Edelson,D,True,False,61.8,64.1,55.49,1.69,7.43,8.1,0.0,5.3,D,76.32,0.98,0.02,Safe D,,
2026-09-06,MD-HD-47AA,MD,House of Delegates,HD-47A,1,A,Robert Julian Ivey,Fred M. Price, Jr.,,,D,False,True,72.4,78.11,67.3,1.69,0.0,0.0,0.0,5.3,,72.6,1.0,0.0,Safe D,,
2026-09-06,MD-HD-47AB,MD,House of Delegates,HD-47A,1,B,Diana M. Fennell,,,Diana M. Fennell,D,True,False,72.4,78.11,67.3,1.69,7.43,0.0,5.0,5.3,D,85.03,0.98,0.02,Safe D,,
2026-09-06,MD-HD-47B,MD,House of Delegates,HD-47A,1,,Deni Taveras,,,Deni Taveras,D,True,False,72.4,67.96,58.74,1.69,7.43,0.0,5.0,5.3,D,76.47,0.98,0.02,Safe D,,
2026-09-06,MD-HD-4A,MD,House of Delegates,HD-4,1,A,Andrew Duck,Jesse T. Pippy,,Jesse T. Pippy,R,True,False,-6.1,-6.17,-3.79,1.68,-7.43,-5.28,0.0,5.3,,-11.2,0.2319,0.7681,Likely R,,
2026-09-06,MD-HD-4B,MD,House of Delegates,HD-4,1,B,Jerry Donald,April Fleming Miller,,,R,False,True,-6.1,-6.17,-3.79,1.68,0.0,0.0,0.0,5.3,,1.51,0.5394,0.4606,Toss-up,,
2026-09-06,MD-HD-4C,MD,House of Delegates,HD-4,1,C,Alleria Stanley,Jason E. Keckler,,,R,False,True,-6.1,-6.17,-3.79,1.68,0.0,0.0,0.0,5.3,,1.51,0.5394,0.4606,Toss-up,,
2026-09-06,MD-HD-5A,MD,House of Delegates,HD-5,1,A,Alison Rudolph,April R. Rose,,April R. Rose,R,True,False,-21.2,-22.98,-17.96,1.69,-7.43,0.0,-5.0,5.3,,-25.09,0.0504,0.9496,Likely R,,
2026-09-06,MD-HD-5B,MD,House of Delegates,HD-5,1,B,Dayana Bergman,Chris Tomlinson,,Chris Tomlinson,R,True,False,-21.2,-22.98,-17.96,1.69,-7.43,0.0,-5.0,5.3,,-25.09,0.0504,0.9496,Likely R,,
2026-09-06,MD-HD-5C,MD,House of Delegates,HD-5,1,C,Courtney Alexa Welch,Steve Whisler,,,R,False,True,-21.2,-22.98,-17.96,1.69,0.0,0.0,0.0,5.3,,-12.66,0.2038,0.7962,Likely R,,
2026-09-06,MD-HD-6A,MD,House of Delegates,HD-6,1,A,Megan Ann Mioduszewski,Bob Long,,Bob Long,R,True,False,-17.9,-17.35,-13.21,1.68,-7.43,-8.41,0.0,5.3,,-23.75,0.0602,0.9398,Likely R,,
2026-09-06,MD-HD-6B,MD,House of Delegates,HD-6,1,B,Rayneika Robinson,Robin L. Grammer,,Robin L. Grammer,R,True,False,-17.9,-17.35,-13.21,1.68,-7.43,-8.41,0.0,5.3,,-23.75,0.0602,0.9398,Likely R,,
2026-09-06,MD-HD-6C,MD,House of Delegates,HD-6,1,C,Artus W. Huffman,Ric Metzgar,,,R,False,True,-17.9,-17.35,-13.21,1.68,0.0,0.0,0.0,5.3,,-7.91,0.3024,0.6976,Lean R,,
2026-09-06,MD-HD-7AA,MD,House of Delegates,HD-7A,1,A,Ly Xinzhen Brown,Kathy Szeliga,,Kathy Szeliga,R,True,False,-8.8,-8.38,-5.64,1.68,-7.43,0.0,-5.0,5.3,,-12.77,0.2018,0.7982,Likely R,,
2026-09-06,MD-HD-7AB,MD,House of Delegates,HD-7A,1,B,Satish Chapagain,Ryan Nawrocki,,Ryan Nawrocki,R,True,False,-8.8,-8.38,-5.64,1.68,-7.43,0.0,-5.0,5.3,,-12.77,0.2018,0.7982,Likely R,,
2026-09-06,MD-HD-7B,MD,House of Delegates,HD-7A,1,,Candace Hart,Lauren Arikan,,Lauren Arikan,R,True,False,-8.8,-29.17,-23.18,1.69,-7.43,0.0,-5.0,5.3,,-30.31,0.0237,0.9763,Safe R,,
2026-09-06,MD-HD-8A,MD,House of Delegates,HD-8,1,A,Nick Allen,Brian A. Campbell,,Nick Allen,D,True,False,25.9,25.53,22.95,1.68,7.43,-0.32,5.0,5.3,,40.36,0.9958,0.0042,Safe D,,
2026-09-06,MD-HD-8B,MD,House of Delegates,HD-8,1,B,Kim L. Ross,Steven J. Riemer,,,D,False,True,25.9,25.53,22.95,1.68,0.0,0.0,0.0,5.3,,28.25,0.9677,0.0323,Safe D,,
2026-09-06,MD-HD-8C,MD,House of Delegates,HD-8,1,C,Harry Bhandari,Glen Geelhaar,,,D,False,True,25.9,25.53,22.95,1.68,0.0,-0.32,0.0,5.3,,27.93,0.9661,0.0339,Safe D,,
2026-09-06,MD-HD-9AA,MD,House of Delegates,HD-9A,1,A,Natalie Ziegler,Fitzgerald Mofor,,Natalie Ziegler,D,True,False,19.2,20.3,18.54,1.69,7.43,0.0,5.0,5.3,,36.27,0.9912,0.0088,Safe D,,
2026-09-06,MD-HD-9AB,MD,House of Delegates,HD-9A,1,B,Chao Wu,Spencer Rhoda,,Chao Wu,D,True,False,19.2,20.3,18.54,1.69,7.43,0.0,5.0,5.3,,36.27,0.9912,0.0088,Safe D,,
2026-09-06,MD-HD-9B,MD,House of Delegates,HD-9A,1,,Courtney Watson,,,Courtney Watson,D,True,False,19.2,42.27,37.07,1.69,7.43,0.0,5.0,5.3,D,54.8,0.98,0.02,Safe D,,
2026-09-06,MD-SD-1,MD,Senate,SD-1,1,,Ashley Emerick,Mike McKay,,Mike McKay,R,True,False,-44.6,-45.53,-36.98,1.68,-7.43,-1.02,0.0,5.3,,-40.14,0.0043,0.9957,Safe R,,
2026-09-06,MD-SD-10,MD,Senate,SD-10,1,,Ben Brooks,,,Ben Brooks,D,True,False,55.1,55.23,48.01,1.69,7.43,0.0,5.0,5.3,D,65.74,0.98,0.02,Safe D,,
2026-09-06,MD-SD-11,MD,Senate,SD-11,1,,Shelly Hettleman,Jim Simpson,,Shelly Hettleman,D,True,False,36.3,38.86,34.2,1.69,7.43,1.39,0.0,5.3,,48.31,0.9992,0.0008,Safe D,,
2026-09-06,MD-SD-12,MD,Senate,SD-12,1,,Clarence Lam,,,Clarence Lam,D,True,False,39.5,40.91,35.92,1.69,7.43,-0.27,5.0,5.3,D,53.38,0.98,0.02,Safe D,,
2026-09-06,MD-SD-13,MD,Senate,SD-13,1,,Guy Guzzone,,,Guy Guzzone,D,True,False,49.4,52.3,45.53,1.69,7.43,0.0,5.0,5.3,D,63.26,0.98,0.02,Safe D,,
2026-09-06,MD-SD-14,MD,Senate,SD-14,1,,Craig Zucker,,,Craig Zucker,D,True,False,42.6,45.9,40.13,1.69,7.43,0.18,5.0,5.3,D,58.04,0.98,0.02,Safe D,,
2026-09-06,MD-SD-15,MD,Senate,SD-15,1,,Brian Feldman,,,Brian Feldman,D,True,False,43.9,46.95,41.02,1.69,7.43,-0.35,5.0,5.3,D,58.4,0.98,0.02,Safe D,,
2026-09-06,MD-SD-16,MD,Senate,SD-16,1,,Sara Love,,,Sara Love,D,True,False,62.8,65.7,56.84,1.69,7.43,0.0,5.0,5.3,D,74.57,0.98,0.02,Safe D,,
2026-09-06,MD-SD-17,MD,Senate,SD-17,1,,Cheryl Kagan,Helene Meister,,Cheryl Kagan,D,True,False,53.9,57.29,49.74,1.68,7.43,4.38,0.0,5.3,,66.86,1.0,0.0,Safe D,,
2026-09-06,MD-SD-18,MD,Senate,SD-18,1,,Jeff Waldstreicher,,,Jeff Waldstreicher,D,True,False,61.4,65.57,56.72,1.69,7.43,0.4,0.0,5.3,D,69.85,0.98,0.02,Safe D,,
2026-09-06,MD-SD-19,MD,Senate,SD-19,1,,Ben Kramer,,,Ben Kramer,D,True,False,47.7,51.47,44.83,1.69,7.43,0.0,5.0,5.3,D,62.56,0.98,0.02,Safe D,,
2026-09-06,MD-SD-2,MD,Senate,SD-2,1,,Eric Van Buren,Paul Corderman,,Paul Corderman,R,True,False,-17.9,-18.41,-14.11,1.68,-7.43,-4.11,0.0,5.3,,-20.35,0.0916,0.9084,Likely R,,
2026-09-06,MD-SD-20,MD,Senate,SD-20,1,,Will Smith,,,Will Smith,D,True,False,70.4,75.05,64.72,1.69,7.43,0.0,5.0,5.3,D,82.45,0.98,0.02,Safe D,,
2026-09-06,MD-SD-21,MD,Senate,SD-21,1,,Jim Rosapepe,Lee Havis,,Jim Rosapepe,D,True,False,54.3,56.86,49.37,1.69,7.43,0.85,0.0,5.3,,62.95,1.0,0.0,Safe D,,
2026-09-06,MD-SD-22,MD,Senate,SD-22,1,,Alonzo Washington,Jim Wass,,Alonzo Washington,D,True,False,69.7,74.88,64.58,1.69,7.43,0.0,5.0,5.3,,82.31,1.0,0.0,Safe D,,
2026-09-06,MD-SD-23,MD,Senate,SD-23,1,,Ron Watson,James Amah,,Ron Watson,D,True,False,71.0,73.1,63.07,1.69,7.43,0.9,0.0,5.3,,76.7,1.0,0.0,Safe D,,
2026-09-06,MD-SD-24,MD,Senate,SD-24,1,,Tiffany Alston,,,Joanne Benson,D,False,True,81.2,85.13,73.22,1.69,0.0,0.0,0.0,5.3,D,78.52,0.98,0.02,Safe D,,
2026-09-06,MD-SD-25,MD,Senate,SD-25,1,,Nick Charles,,,Nick Charles,D,True,False,84.8,87.91,75.57,1.69,7.43,0.0,5.0,5.3,D,93.3,0.98,0.02,Safe D,,
2026-09-06,MD-SD-26,MD,Senate,SD-26,1,,Anthony Muse,,,Anthony Muse,D,True,False,79.4,83.15,71.55,1.69,7.43,1.05,0.0,5.3,D,85.33,0.98,0.02,Safe D,,
2026-09-06,MD-SD-27,MD,Senate,SD-27,1,,Kevin Harris,Allan Larsen,,Kevin Harris,D,True,False,22.4,25.35,22.81,1.68,7.43,0.0,5.0,5.3,,40.54,0.996,0.004,Safe D,,
2026-09-06,MD-SD-28,MD,Senate,SD-28,1,,C.T. Wilson,,,Arthur Ellis,D,False,True,39.1,38.98,34.3,1.69,0.0,-0.42,0.0,5.3,D,39.18,0.98,0.02,Safe D,,
2026-09-06,MD-SD-29,MD,Senate,SD-29,1,,Chuck Borges,Jack Bailey,,Jack Bailey,R,True,False,-15.0,-15.1,-11.31,1.68,-7.43,0.0,-5.0,5.3,,-18.44,0.1139,0.8861,Likely R,,
2026-09-06,MD-SD-3,MD,Senate,SD-3,1,,Karen Young,Shelley Aloi,,Karen Young,D,True,False,32.7,33.46,29.64,1.69,7.43,0.0,5.0,5.3,,47.38,0.999,0.001,Safe D,,
2026-09-06,MD-SD-30,MD,Senate,SD-30,1,,Shaneka Henson,Jessica Haire,,Shaneka Henson,D,True,False,17.5,17.99,16.59,1.69,7.43,0.0,5.0,5.3,,34.32,0.9876,0.0124,Safe D,,
2026-09-06,MD-SD-31,MD,Senate,SD-31,1,,Brent Mulrooney,Nic Kipke,,Bryan Simonaire,R,False,True,-10.8,-11.5,-8.28,1.68,0.0,0.0,0.0,5.3,,-2.98,0.4228,0.5772,Toss-up,,
2026-09-06,MD-SD-32,MD,Senate,SD-32,1,,Mark Chang,Justin Gallucci,,Pam Beidle,D,False,True,30.1,30.82,27.42,1.69,0.0,-0.23,0.0,5.3,,32.49,0.9832,0.0168,Safe D,,
2026-09-06,MD-SD-33,MD,Senate,SD-33,1,,Dawn Gile,Amy Leahy,,Dawn Gile,D,True,False,18.3,18.11,16.69,1.68,7.43,-2.7,0.0,5.3,,26.72,0.9597,0.0403,Safe D,,
2026-09-06,MD-SD-34,MD,Senate,SD-34,1,,Mary-Dulany James,Raj Goel,,Mary-Dulany James,D,True,False,6.4,6.3,6.73,1.68,7.43,0.0,5.0,5.3,,24.46,0.9452,0.0548,Likely D,,
2026-09-06,MD-SD-35,MD,Senate,SD-35,1,,Neil Jennings,Jason Gallion,,Jason Gallion,R,True,False,-35.5,-36.61,-29.46,1.68,-7.43,0.0,-5.0,5.3,,-36.59,0.0084,0.9916,Safe R,,
2026-09-06,MD-SD-36,MD,Senate,SD-36,1,,Nivek Johnson,Stephen Hershey, Jr.,,Stephen Hershey, Jr.,R,True,False,-22.9,-23.06,-18.02,1.68,-7.43,0.0,-5.0,5.3,,-25.16,0.05,0.95,Safe R,,
2026-09-06,MD-SD-37,MD,Senate,SD-37,1,,Katie G. Clendaniel,Johnny Mautz,,Johnny Mautz,R,True,False,-8.8,-8.3,-5.58,1.68,-7.43,-5.47,0.0,5.3,,-13.17,0.1945,0.8055,Likely R,,
2026-09-06,MD-SD-38,MD,Senate,SD-38,1,,Lino V. Cressotti,Mary Beth Carozza,,Mary Beth Carozza,R,True,False,-16.1,-16.49,-12.49,1.68,-7.43,0.0,-5.0,5.3,,-19.62,0.0997,0.9003,Likely R,,
2026-09-06,MD-SD-39,MD,Senate,SD-39,1,,Amar Mukunda,,,Nancy King,D,False,True,45.7,50.49,44.01,1.69,0.0,0.0,0.0,5.3,D,49.31,0.98,0.02,Safe D,,
2026-09-06,MD-SD-4,MD,Senate,SD-4,1,,Lara Westdorp,William Folden,,William Folden,R,True,False,-6.1,-6.17,-3.79,1.68,-7.43,0.0,-5.0,5.3,,-10.92,0.2376,0.7624,Likely R,,
2026-09-06,MD-SD-40,MD,Senate,SD-40,1,,Antonio Hayes,,Alan Rebar,Antonio Hayes,D,True,False,79.4,83.41,71.77,1.69,7.43,0.97,0.0,5.3,D,85.47,0.98,0.02,Safe D,,
2026-09-06,MD-SD-41,MD,Senate,SD-41,1,,Malcolm Ruff,,,Dalya Attar,D,False,True,65.4,69.17,59.76,1.69,0.0,0.0,0.0,5.3,D,65.06,0.98,0.02,Safe D,,
2026-09-06,MD-SD-42,MD,Senate,SD-42,1,,Stephanie Popescu,Kevin Ford,,Chris West,R,False,True,-8.6,-10.17,-7.16,1.68,0.0,0.0,0.0,5.3,,-1.86,0.4517,0.5483,Toss-up,,
2026-09-06,MD-SD-43,MD,Senate,SD-43,1,,Mary Washington,,,Mary Washington,D,True,False,74.7,78.0,67.2,1.69,7.43,0.0,5.0,5.3,D,84.93,0.98,0.02,Safe D,,
2026-09-06,MD-SD-44,MD,Senate,SD-44,1,,Charles Sydnor,,,Charles Sydnor,D,True,False,45.2,49.17,42.89,1.69,7.43,0.0,5.0,5.3,D,60.62,0.98,0.02,Safe D,,
2026-09-06,MD-SD-45,MD,Senate,SD-45,1,,Cory McCray,,,Cory McCray,D,True,False,76.4,79.48,68.46,1.69,7.43,0.0,5.0,5.3,D,86.19,0.98,0.02,Safe D,,
2026-09-06,MD-SD-46,MD,Senate,SD-46,1,,Bill Ferguson,Emmanuel Digman,,Bill Ferguson,D,True,False,61.8,64.1,55.49,1.69,7.43,5.09,0.0,5.3,,73.31,1.0,0.0,Safe D,,
2026-09-06,MD-SD-47,MD,Senate,SD-47,1,,Malcolm Augustine,,,Malcolm Augustine,D,True,False,70.1,75.9,65.44,1.69,7.43,0.0,5.0,5.3,D,83.17,0.98,0.02,Safe D,,
2026-09-06,MD-SD-5,MD,Senate,SD-5,1,,Gary Foote,Justin Ready,,Justin Ready,R,True,False,-21.2,-22.98,-17.96,1.69,-7.43,0.0,-5.0,5.3,,-25.09,0.0504,0.9496,Likely R,,
2026-09-06,MD-SD-6,MD,Senate,SD-6,1,,Justin Holliday,Johnny Salling,,Johnny Salling,R,True,False,-17.9,-17.35,-13.21,1.68,-7.43,-2.28,0.0,5.3,,-17.62,0.1246,0.8754,Likely R,,
2026-09-06,MD-SD-7,MD,Senate,SD-7,1,,Bill Geibler,J.B. Jennings,,J.B. Jennings,R,True,False,-15.9,-15.94,-12.02,1.68,-7.43,0.0,-5.0,5.3,,-19.15,0.1052,0.8948,Likely R,,
2026-09-06,MD-SD-8,MD,Senate,SD-8,1,,Carl Jackson,Yahu Blackwell,,Carl Jackson,D,True,False,25.9,25.53,22.95,1.68,7.43,-0.32,5.0,5.3,,40.36,0.9958,0.0042,Safe D,,
2026-09-06,MD-SD-9,MD,Senate,SD-9,1,,Katie Hester,Ben Hightower,,Katie Hester,D,True,False,25.7,26.98,24.17,1.69,7.43,0.0,5.0,5.3,,41.91,0.9969,0.0031,Safe D,,
2026-09-06,ME-HD-1,ME,House,HD-1,1,,Jennifer L. Levesque,Austin Theriault,,Lucien Daigle,R,False,True,-18.8,-18.14,-15.69,-0.47,0.0,-8.42,0.0,5.3,,-18.81,0.1093,0.8907,Likely R,,
2026-09-06,ME-HD-10,ME,House,HD-10,1,,Genevieve M. Lemire,Will Tuell,,Will Tuell,R,True,False,-24.9,-25.89,-22.23,-0.47,-7.43,0.0,-5.0,5.3,,-29.36,0.0274,0.9726,Safe R,,
2026-09-06,ME-HD-100,ME,House,HD-100,1,,Dan Ankeles,Brett Y. Barrett,,Dan Ankeles,D,True,False,45.4,45.83,38.26,-0.47,7.43,0.0,5.0,5.3,,55.99,0.9999,0.0001,Safe D,,
2026-09-06,ME-HD-101,ME,House,HD-101,1,,Poppy Arford,Ravi Jackson,,Poppy Arford,D,True,False,45.4,45.85,38.27,-0.47,7.43,0.09,5.0,5.3,,56.09,0.9999,0.0001,Safe D,,
2026-09-06,ME-HD-102,ME,House,HD-102,1,,Maura H. Pillsbury,Henry Lloyd Lawrence III,,Melanie Sachs,D,False,True,42.2,43.03,35.9,-0.47,0.0,0.0,0.0,5.3,,41.2,0.9965,0.0035,Safe D,,
2026-09-06,ME-HD-103,ME,House,HD-103,1,,Karin Orenstein,,,Art Bell,D,False,True,54.6,54.55,45.61,-0.47,0.0,0.0,0.0,5.3,D,50.91,0.98,0.02,Safe D,,
2026-09-06,ME-HD-104,ME,House,HD-104,1,,,R. Melissa Winslow,L. Samuel Pfeifle,Amy Arata,R,False,True,-2.9,-2.52,-2.52,-0.47,0.0,0.0,0.0,5.3,R,2.78,0.02,0.98,Safe R,,
2026-09-06,ME-HD-105,ME,House,HD-105,1,,Annie Graham,,,Annie Graham,D,True,False,14.8,15.42,12.61,-0.47,7.43,0.0,5.0,5.3,D,30.34,0.98,0.02,Safe D,,
2026-09-06,ME-HD-106,ME,House,HD-106,1,,Bradley M. Youngs,Barbara Bagshaw,,Barbara Bagshaw,R,True,False,3.9,3.6,2.64,-0.47,-7.43,-2.34,0.0,5.3,,-1.83,0.4524,0.5476,Toss-up,,
2026-09-06,ME-HD-107,ME,House,HD-107,1,,Joseph A. Campbell,Mark Cooper,,Mark Cooper,R,True,False,3.9,3.61,2.65,-0.47,-7.43,-2.41,0.0,5.3,,-1.89,0.4507,0.5493,Toss-up,,
2026-09-06,ME-HD-108,ME,House,HD-108,1,,Parnell Terry,Kelly L. Dearborn,,Parnell Terry,D,True,False,20.2,20.16,16.61,-0.47,7.43,0.0,5.0,5.3,,34.34,0.9876,0.0124,Safe D,,
2026-09-06,ME-HD-109,ME,House,HD-109,1,,Seven R. Siegel,Diana Kushnar,,Ellie Sato,D,False,True,20.2,20.16,16.61,-0.47,0.0,0.0,0.0,5.3,,21.91,0.924,0.076,Likely D,,
2026-09-06,ME-HD-11,ME,House,HD-11,1,,Keith A. Newman,Tiffany Strout,,Tiffany Strout,R,True,False,-30.1,-26.29,-22.57,-0.47,-7.43,-3.8,0.0,5.3,,-28.5,0.0312,0.9688,Safe R,,
2026-09-06,ME-HD-110,ME,House,HD-110,1,,Christina Mitchell,Jason Lewis Copp,,Christina Mitchell,D,True,False,43.5,42.85,35.74,-0.47,7.43,0.0,5.0,5.3,,53.47,0.9998,0.0002,Safe D,,
2026-09-06,ME-HD-111,ME,House,HD-111,1,,Amy Kuhn,,,Amy Kuhn,D,True,False,41.4,41.08,34.25,-0.47,7.43,-1.52,0.0,5.3,D,45.46,0.98,0.02,Safe D,,
2026-09-06,ME-HD-112,ME,House,HD-112,1,,Sean M. Mahoney,Lauren Chelsea Jones,,Ed Crockett,D,False,True,48.1,51.68,43.19,-0.47,0.0,0.0,0.0,5.3,,48.49,0.9992,0.0008,Safe D,,
2026-09-06,ME-HD-113,ME,House,HD-113,1,,Grayson Lookner,,,Grayson Lookner,D,True,False,61.2,64.88,54.33,-0.47,7.43,0.0,5.0,5.3,D,72.06,0.98,0.02,Safe D,,
2026-09-06,ME-HD-114,ME,House,HD-114,1,,April Fournier,,,Dylan Pugh,D,False,True,60.9,65.58,54.92,-0.47,0.0,0.0,0.0,5.3,D,60.22,0.98,0.02,Safe D,,
2026-09-06,ME-HD-115,ME,House,HD-115,1,,Andrew J. Zarro,,,Michael Brennan,D,False,True,64.2,67.33,56.39,-0.47,0.0,0.0,0.0,5.3,D,61.69,0.98,0.02,Safe D,,
2026-09-06,ME-HD-116,ME,House,HD-116,1,,Sam Zager,,,Sam Zager,D,True,False,64.1,66.15,55.4,-0.47,7.43,0.0,5.0,5.3,D,73.13,0.98,0.02,Safe D,,
2026-09-06,ME-HD-117,ME,House,HD-117,1,,Matt Moonen,,,Matt Moonen,D,True,False,71.1,71.09,59.56,-0.47,7.43,0.0,5.0,5.3,D,77.29,0.98,0.02,Safe D,,
2026-09-06,ME-HD-118,ME,House,HD-118,1,,Yusuf Yusuf,,,Yusuf Yusuf,D,True,False,67.9,70.79,59.31,-0.47,7.43,0.0,5.0,5.3,D,77.04,0.98,0.02,Safe D,,
2026-09-06,ME-HD-119,ME,House,HD-119,1,,Michael P. Dixon,Jacob Wakem,,Charles Skold,D,False,True,70.7,70.15,58.77,-0.47,0.0,0.0,0.0,5.3,,64.07,1.0,0.0,Safe D,,
2026-09-06,ME-HD-12,ME,House,HD-12,1,,,Thomas Arthur Hart Jr.,Roy Gott,Billy Bob Faulkingham,R,False,True,-8.5,-11.02,-9.69,-0.47,0.0,0.0,0.0,5.3,R,-4.39,0.02,0.98,Safe R,,
2026-09-06,ME-HD-120,ME,House,HD-120,1,,Jason J. Shedlock,,,Deqa Dhalac,D,False,True,44.3,51.24,42.82,-0.47,0.0,0.0,0.0,5.3,D,48.12,0.98,0.02,Safe D,,
2026-09-06,ME-HD-121,ME,House,HD-121,1,,Lucy Louisa Perkins,Meagan J. Smith,,Christopher Kessler,D,False,True,49.6,50.98,42.6,-0.47,0.0,0.0,0.0,5.3,,47.9,0.9991,0.0009,Safe D,,
2026-09-06,ME-HD-122,ME,House,HD-122,1,,Matt Beck,,,Matt Beck,D,True,False,58.3,54.76,45.79,-0.47,7.43,0.0,5.0,5.3,D,63.52,0.98,0.02,Safe D,,
2026-09-06,ME-HD-123,ME,House,HD-123,1,,Michelle Boyer,,,Michelle Boyer,D,True,False,57.2,57.48,48.08,-0.47,7.43,0.0,5.0,5.3,D,65.81,0.98,0.02,Safe D,,
2026-09-06,ME-HD-124,ME,House,HD-124,1,,Eric James Nathanson,Scott W. Doherty,Mary Shannon Lindstrom,Sophie Warren,D,False,True,31.6,30.7,25.5,-0.47,0.0,0.0,0.0,5.3,,30.8,0.978,0.022,Safe D,,
2026-09-06,ME-HD-125,ME,House,HD-125,1,,Kelly Murphy,,,Kelly Murphy,D,True,False,31.6,30.7,25.5,-0.47,7.43,-4.03,0.0,5.3,D,34.2,0.98,0.02,Safe D,,
2026-09-06,ME-HD-126,ME,House,HD-126,1,,Drew Gattine,Ethan E. Mongue,,Drew Gattine,D,True,False,29.8,29.64,24.61,-0.47,7.43,0.0,5.0,5.3,,42.34,0.9972,0.0028,Safe D,,
2026-09-06,ME-HD-127,ME,House,HD-127,1,,Morgan Rielly,,,Morgan Rielly,D,True,False,32.4,32.6,27.1,-0.47,7.43,2.48,0.0,5.3,D,42.32,0.98,0.02,Safe D,,
2026-09-06,ME-HD-128,ME,House,HD-128,1,,Sue Salisbury,,Lawrence P. McWilliams,Sue Salisbury,D,True,False,32.4,32.45,26.97,-0.47,7.43,0.0,5.0,5.3,D,44.7,0.98,0.02,Safe D,,
2026-09-06,ME-HD-129,ME,House,HD-129,1,,Marshall Archer,,,Marshall Archer,D,True,False,26.3,26.54,21.99,-0.47,7.43,0.0,5.0,5.3,D,39.72,0.98,0.02,Safe D,,
2026-09-06,ME-HD-13,ME,House,HD-13,1,,Michael Hobart Cunningham II,Russ White,,Russ White,R,True,False,-4.0,-3.01,-2.93,-0.47,-7.43,0.0,-5.0,5.3,,-10.06,0.2552,0.7448,Lean R,,
2026-09-06,ME-HD-130,ME,House,HD-130,1,,Lynn Copeland,,Todd M. Davis,Lynn Copeland,D,True,False,26.3,26.67,22.1,-0.47,7.43,-3.24,0.0,5.3,D,31.58,0.98,0.02,Safe D,,
2026-09-06,ME-HD-131,ME,House,HD-131,1,,Robert James Kelly,,Kenneth Craig Blow,Lori Gramlich,D,False,True,19.1,19.99,16.46,-0.47,0.0,0.0,0.0,5.3,D,21.76,0.98,0.02,Safe D,,
2026-09-06,ME-HD-132,ME,House,HD-132,1,,Ryan Fecteau,,,Ryan Fecteau,D,True,False,27.1,27.86,23.11,-0.47,7.43,0.0,5.0,5.3,D,40.84,0.98,0.02,Safe D,,
2026-09-06,ME-HD-133,ME,House,HD-133,1,,Marc Malon,,Marc P. Lessard,Marc Malon,D,True,False,27.1,27.89,23.13,-0.47,7.43,0.0,5.0,5.3,D,40.86,0.98,0.02,Safe D,,
2026-09-06,ME-HD-134,ME,House,HD-134,1,,Traci Gere,,Allen Daggett,Traci Gere,D,True,False,29.6,29.18,24.22,-0.47,7.43,1.03,0.0,5.3,D,37.98,0.98,0.02,Safe D,,
2026-09-06,ME-HD-135,ME,House,HD-135,1,,Lisa Joy Pratt,,Scott Craig,Dan Sayre,D,False,True,32.9,32.88,27.34,-0.47,0.0,0.0,0.0,5.3,D,32.64,0.98,0.02,Safe D,,
2026-09-06,ME-HD-136,ME,House,HD-136,1,,Michelle Conners,John Eder,,John Eder,R,True,False,-4.7,-9.59,-8.49,-0.47,-7.43,-1.45,0.0,5.3,,-12.06,0.2151,0.7849,Likely R,,
2026-09-06,ME-HD-137,ME,House,HD-137,1,,Charles Tilburg,Nathan Carlow,,Nathan Carlow,R,True,False,-8.0,-8.0,-7.15,-0.47,-7.43,-5.26,0.0,5.3,,-14.54,0.1709,0.8291,Likely R,,
2026-09-06,ME-HD-138,ME,House,HD-138,1,,Oliver D. McAvoy,Jonathan Kinney,,Mark Blier,R,False,True,-15.2,-15.43,-13.41,-0.47,0.0,0.0,0.0,5.3,,-8.11,0.2979,0.7021,Lean R,,
2026-09-06,ME-HD-139,ME,House,HD-139,1,,Dean P. LePage,Jamie Newton,,David Woodsome,R,False,True,-15.0,-14.5,-12.62,-0.47,0.0,0.0,0.0,5.3,,-7.32,0.316,0.684,Lean R,,
2026-09-06,ME-HD-14,ME,House,HD-14,1,,Gary Friedmann,,,Gary Friedmann,D,True,False,39.5,42.28,35.27,-0.47,7.43,-1.95,0.0,5.3,D,46.05,0.98,0.02,Safe D,,
2026-09-06,ME-HD-140,ME,House,HD-140,1,,Kirstan Watson,Wayne Parry,,Wayne Parry,R,True,False,-7.3,-6.79,-6.12,-0.47,-7.43,2.15,0.0,5.3,,-6.1,0.345,0.655,Lean R,,
2026-09-06,ME-HD-141,ME,House,HD-141,1,,Rebecca L. Flood Andrews,Marc Boisse,David Mongeau,Lucas Lanigan,R,False,True,-6.8,-10.76,-9.47,-0.47,0.0,0.0,0.0,5.3,,-4.17,0.3925,0.6075,Lean R,,
2026-09-06,ME-HD-142,ME,House,HD-142,1,,Ayn M. Hanselmann,Domingo E. Torres,,Anne-Marie Mastraccio,D,False,True,3.9,0.6,0.11,-0.47,0.0,0.0,0.0,5.3,,5.41,0.6383,0.3617,Lean D,,
2026-09-06,ME-HD-143,ME,House,HD-143,1,,John R. Henkelman,Melissa A. Simpson,,Ann Marie Fredericks,R,False,True,-12.5,-1.49,-1.65,-0.47,0.0,0.0,0.0,5.3,,3.65,0.5942,0.4058,Toss-up,,
2026-09-06,ME-HD-144,ME,House,HD-144,1,,,Karen A. Gerrish,Corinna Cole,,,False,True,-28.4,-27.97,-23.98,-0.47,0.0,0.0,0.0,5.3,R,-18.68,0.02,0.98,Safe R,,
2026-09-06,ME-HD-145,ME,House,HD-145,1,,Kristin T. Davis,Caleb J. Chase,,Bob Foley,R,False,True,12.8,13.16,10.7,-0.47,0.0,0.0,0.0,5.3,,16.0,0.8523,0.1477,Likely D,,
2026-09-06,ME-HD-146,ME,House,HD-146,1,,Walter Runte Jr.,Bradley Moulton,,Walter Runte Jr.,D,True,False,27.1,25.22,20.87,-0.47,7.43,-6.69,0.0,5.3,,26.91,0.9608,0.0392,Safe D,,
2026-09-06,ME-HD-147,ME,House,HD-147,1,,Holly Sargent,,,Holly Sargent,D,True,False,28.5,28.62,23.74,-0.47,7.43,1.47,0.0,5.3,D,37.94,0.98,0.02,Safe D,,
2026-09-06,ME-HD-148,ME,House,HD-148,1,,Marissa L. Tasker,Thomas Lavigne,,Thomas Lavigne,R,True,False,-6.8,-6.93,-6.24,-0.47,-7.43,-0.15,-5.0,5.3,,-13.52,0.1884,0.8116,Likely R,,
2026-09-06,ME-HD-149,ME,House,HD-149,1,,Mallory A. Cook,Timothy R. Towne,,Tiffany Roberts,D,False,True,9.4,13.77,11.22,-0.47,0.0,0.0,0.0,5.3,,16.52,0.86,0.14,Likely D,,
2026-09-06,ME-HD-15,ME,House,HD-15,1,,Holly Eaton,,Clifford J. Noyes,Holly Eaton,D,True,False,20.1,22.75,18.79,-0.47,7.43,-5.63,0.0,5.3,D,25.89,0.98,0.02,Safe D,,
2026-09-06,ME-HD-150,ME,House,HD-150,1,,Alexandros Orestis,Mark Zimmer,,Michele Meyer,D,False,True,21.4,20.64,17.01,-0.47,0.0,0.0,0.0,5.3,,22.31,0.9277,0.0723,Likely D,,
2026-09-06,ME-HD-151,ME,House,HD-151,1,,Kristi Mathieson,Suzanne Johnson,,Kristi Mathieson,D,True,False,41.7,42.07,35.09,-0.47,7.43,-0.43,0.0,5.3,,47.39,0.999,0.001,Safe D,,
2026-09-06,ME-HD-16,ME,House,HD-16,1,,Nina Milliken,Eric M. White,,Nina Milliken,D,True,False,23.6,25.59,21.19,-0.47,7.43,0.93,0.0,5.3,,34.85,0.9887,0.0113,Safe D,,
2026-09-06,ME-HD-17,ME,House,HD-17,1,,Ronald B. Russell,Steve Bishop,,Steve Bishop,R,True,False,-1.4,-0.09,-0.47,-0.47,-7.43,-0.57,0.0,5.3,,-3.17,0.4178,0.5822,Toss-up,,
2026-09-06,ME-HD-18,ME,House,HD-18,1,,Jonathan C. Goble,Mathew McIntyre,,Mathew McIntyre,R,True,False,-29.0,-28.09,-24.09,-0.47,-7.43,-5.5,0.0,5.3,,-31.72,0.019,0.981,Safe R,,
2026-09-06,ME-HD-19,ME,House,HD-19,1,,David Ulrich,Dick Campbell,,Dick Campbell,R,True,False,-16.0,-17.1,-14.82,-0.47,-7.43,0.0,-5.0,5.3,,-21.95,0.0756,0.9244,Likely R,,
2026-09-06,ME-HD-2,ME,House,HD-2,1,,Roland Martin,Roger Albert,,Roger Albert,R,True,False,-9.8,-6.72,-6.06,-0.47,-7.43,-3.27,0.0,5.3,,-11.47,0.2267,0.7733,Likely R,,
2026-09-06,ME-HD-20,ME,House,HD-20,1,,Dani O'Halloran,Patrick Jude,,Dani O'Halloran,D,True,False,-0.6,-1.45,-1.62,-0.47,7.43,2.51,0.0,5.3,,13.62,0.8135,0.1865,Likely D,,
2026-09-06,ME-HD-21,ME,House,HD-21,1,,Ambureen Rana,Frank Joseph Casella,,Ambureen Rana,D,True,False,26.4,20.27,16.7,-0.47,7.43,-0.55,0.0,5.3,,28.88,0.9705,0.0295,Safe D,,
2026-09-06,ME-HD-22,ME,House,HD-22,1,,Laura Supica,,,Laura Supica,D,True,False,13.9,20.28,16.71,-0.47,7.43,-4.91,0.0,5.3,D,24.53,0.98,0.02,Safe D,,
2026-09-06,ME-HD-23,ME,House,HD-23,1,,Victoria Kornfield,Brian A. Ames,,Amy Roeder,D,False,True,20.2,20.28,16.71,-0.47,0.0,0.0,0.0,5.3,,22.01,0.925,0.075,Likely D,,
2026-09-06,ME-HD-24,ME,House,HD-24,1,,Sean Faircloth,,,Sean Faircloth,D,True,False,25.1,31.33,26.03,-0.47,7.43,0.0,5.0,5.3,D,43.76,0.98,0.02,Safe D,,
2026-09-06,ME-HD-25,ME,House,HD-25,1,,Laurie Osher,Anthony M. Weaver,,Laurie Osher,D,True,False,40.5,43.35,36.17,-0.47,7.43,-0.96,0.0,5.3,,47.94,0.9991,0.0009,Safe D,,
2026-09-06,ME-HD-26,ME,House,HD-26,1,,Jim Dill,,Adam Joseph Shaw,Jim Dill,D,True,False,10.2,9.82,7.89,-0.47,7.43,0.0,5.0,5.3,D,25.62,0.98,0.02,Safe D,,
2026-09-06,ME-HD-27,ME,House,HD-27,1,,Devan C. Arnold,David Giles,,Gary Drinkwater,R,False,True,-31.7,-32.04,-27.42,-0.47,0.0,0.0,0.0,5.3,,-22.12,0.074,0.926,Likely R,,
2026-09-06,ME-HD-28,ME,House,HD-28,1,,Gordon P. Street,Irene Gifford,,Irene Gifford,R,True,False,-38.0,-37.93,-32.39,-0.47,-7.43,-2.59,0.0,5.3,,-37.11,0.0076,0.9924,Safe R,,
2026-09-06,ME-HD-29,ME,House,HD-29,1,,Nancy Marie McDowell,Nancy J. Theriault,,Nancy J. Theriault,R,True,False,-27.0,-28.05,-24.05,-0.47,-7.43,0.0,-5.0,5.3,,-31.19,0.0207,0.9793,Safe R,,
2026-09-06,ME-HD-3,ME,House,HD-3,1,,David McCrea,Sue Bernard,,Mark Babin,R,False,True,-23.6,-22.73,-19.57,-0.47,0.0,6.56,0.0,5.3,,-7.71,0.3071,0.6929,Lean R,,
2026-09-06,ME-HD-30,ME,House,HD-30,1,,John J. Contreni Jr.,Jim White,,Jim White,R,True,False,-33.6,-30.97,-26.51,-0.47,-7.43,0.0,-5.0,5.3,,-33.64,0.0139,0.9861,Safe R,,
2026-09-06,ME-HD-31,ME,House,HD-31,1,,Eric J. Boothroyd,Andrew Torbett,,Chad Perkins,R,False,True,-25.7,-27.47,-23.56,-0.47,0.0,0.0,0.0,5.3,,-18.26,0.1162,0.8838,Likely R,,
2026-09-06,ME-HD-32,ME,House,HD-32,1,,,Shawn Lancaster,,Steven Foster,R,False,True,-37.9,-38.46,-32.83,-0.47,0.0,0.0,0.0,5.3,R,-27.53,0.02,0.98,Safe R,,
2026-09-06,ME-HD-33,ME,House,HD-33,1,,Michael A. Brayson,Ken Fredette,,Ken Fredette,R,True,False,-37.4,-37.24,-31.8,-0.47,-7.43,0.0,-5.0,5.3,,-38.93,0.0055,0.9945,Safe R,,
2026-09-06,ME-HD-34,ME,House,HD-34,1,,James P. McClymer,Stacey Guerin,,Abigail Griffin,R,False,True,-29.8,-30.13,-25.81,-0.47,0.0,-4.41,0.0,5.3,,-24.91,0.0516,0.9484,Likely R,,
2026-09-06,ME-HD-35,ME,House,HD-35,1,,Debora S. Farnham,Jim Thorne,,Jim Thorne,R,True,False,-27.4,-28.55,-24.48,-0.47,-7.43,0.0,-5.0,5.3,,-31.61,0.0194,0.9806,Safe R,,
2026-09-06,ME-HD-36,ME,House,HD-36,1,,Clifton Guy Foster III,Kim Haggan,,Kim Haggan,R,True,False,-2.4,-2.78,-2.74,-0.47,-7.43,0.0,-5.0,5.3,,-9.87,0.2593,0.7407,Lean R,,
2026-09-06,ME-HD-37,ME,House,HD-37,1,,Alan Lee Orcutt,Reagan Paul,,Reagan Paul,R,True,False,-5.7,-5.73,-5.22,-0.47,-7.43,-0.0,-5.0,5.3,,-12.36,0.2095,0.7905,Likely R,,
2026-09-06,ME-HD-38,ME,House,HD-38,1,,Kayla M.T. Miller,Ben Hymes,,Ben Hymes,R,True,False,-11.9,-11.64,-10.21,-0.47,-7.43,0.0,-5.0,5.3,,-17.34,0.1284,0.8716,Likely R,,
2026-09-06,ME-HD-39,ME,House,HD-39,1,,Madison Crissey Cook,Michael Nicholson,,Janice Dodge,D,False,True,31.0,31.28,25.99,-0.47,0.0,0.0,0.0,5.3,,31.29,0.9796,0.0204,Safe D,,
2026-09-06,ME-HD-4,ME,House,HD-4,1,,,Timmy Guerrette,,Timmy Guerrette,R,True,False,-21.8,-21.34,-18.39,-0.47,-7.43,0.0,-5.0,5.3,R,-25.52,0.02,0.98,Safe R,,
2026-09-06,ME-HD-40,ME,House,HD-40,1,,Mike Ray,Joseph McLaughlin,,Mike Ray,D,True,False,10.6,11.14,9.0,-0.47,7.43,0.7,0.0,5.3,,22.43,0.9288,0.0712,Likely D,,
2026-09-06,ME-HD-41,ME,House,HD-41,1,,Joshua Gerritsen,Cory Christopher Raymond,,Vicki Doudera,D,False,True,50.2,50.31,42.04,-0.47,0.0,0.0,0.0,5.3,,47.34,0.999,0.001,Safe D,,
2026-09-06,ME-HD-42,ME,House,HD-42,1,,Valli Geiger,Melissa Joy Byer,,Valli Geiger,D,True,False,28.8,29.21,24.24,-0.47,7.43,-2.75,0.0,5.3,,34.22,0.9874,0.0126,Safe D,,
2026-09-06,ME-HD-43,ME,House,HD-43,1,,Rhiannon Corey Hampson,Christopher Paul Austin,,Ann Matlack,D,False,True,12.2,12.98,10.55,-0.47,0.0,0.0,0.0,5.3,,15.85,0.85,0.15,Likely D,,
2026-09-06,ME-HD-44,ME,House,HD-44,1,,,Ray Thombs Jr.,Shawn Saindon,Bill Pluecker,D,False,True,-5.7,-5.49,-5.02,-0.47,0.0,0.0,0.0,5.3,R,0.28,0.02,0.98,Safe R,,
2026-09-06,ME-HD-45,ME,House,HD-45,1,,,Rebecca M. Stephens,Clinton E. Collamore,Abden Simmons,R,False,True,-5.8,-6.0,-5.46,-0.47,0.0,0.0,0.0,5.3,R,-0.16,0.02,0.98,Safe R,,
2026-09-06,ME-HD-46,ME,House,HD-46,1,,Jennifer F. Mayher,,Kristine A. Poland,Lydia Crafts,D,False,True,30.1,27.38,22.7,-0.47,0.0,0.0,0.0,5.3,D,28.0,0.98,0.02,Safe D,,
2026-09-06,ME-HD-47,ME,House,HD-47,1,,Wayne Farrin,Chester B. Grover III,,Wayne Farrin,D,True,False,-0.4,-2.48,-2.49,-0.47,7.43,1.62,0.0,5.3,,11.86,0.7811,0.2189,Likely D,,
2026-09-06,ME-HD-48,ME,House,HD-48,1,,Charlotte Nutt,Erik D. Hobson,,Holly Stover,D,False,True,21.6,19.71,16.23,-0.47,0.0,0.0,0.0,5.3,,21.53,0.9204,0.0796,Likely D,,
2026-09-06,ME-HD-49,ME,House,HD-49,1,,Trent E. Vellella,Suzanne Andresen,,Allison Hepler,D,False,True,10.5,9.79,7.86,-0.47,0.0,0.0,0.0,5.3,,13.16,0.8053,0.1947,Likely D,,
2026-09-06,ME-HD-5,ME,House,HD-5,1,,Lori G. Kenneson,Douglas Carlisle,,Joseph Underwood,R,False,True,-8.7,-9.2,-8.15,-0.47,0.0,0.0,0.0,5.3,,-2.85,0.426,0.574,Toss-up,,
2026-09-06,ME-HD-50,ME,House,HD-50,1,,David Sinclair,Jedediah James Rice II,,David Sinclair,D,True,False,36.7,37.14,30.93,-0.47,7.43,1.05,0.0,5.3,,44.72,0.9983,0.0017,Safe D,,
2026-09-06,ME-HD-51,ME,House,HD-51,1,,Rafael Macias,Annalyse O. Sarvinas,,Rafael Macias,D,True,False,27.6,26.81,22.21,-0.47,7.43,0.0,5.0,5.3,,39.95,0.9955,0.0045,Safe D,,
2026-09-06,ME-HD-52,ME,House,HD-52,1,,Sally Cluchey,David Guilmette,,Sally Cluchey,D,True,False,-4.0,-3.86,-3.65,-0.47,7.43,1.44,0.0,5.3,,10.52,0.7543,0.2457,Likely D,,
2026-09-06,ME-HD-53,ME,House,HD-53,1,,Richard Marc Goldman,Michael Lemelin,,Michael Lemelin,R,True,False,-17.9,-17.2,-14.9,-0.47,-7.43,-1.03,0.0,5.3,,-18.06,0.1188,0.8812,Likely R,,
2026-09-06,ME-HD-54,ME,House,HD-54,1,,Karen Montell,Michelle M. Tucker,,Karen Montell,D,True,False,11.1,11.04,8.92,-0.47,7.43,-2.27,0.0,5.3,,19.38,0.8975,0.1025,Likely D,,
2026-09-06,ME-HD-55,ME,House,HD-55,1,,Maureen AuCoin,Charles L. Hippler IV,,Dan Shagoury,D,False,True,6.4,7.71,6.11,-0.47,0.0,0.0,0.0,5.3,,11.41,0.7721,0.2279,Likely D,,
2026-09-06,ME-HD-56,ME,House,HD-56,1,,Robin L. Upton-Sukeforth,Randall Greenwood,,Randall Greenwood,R,True,False,-23.3,-22.54,-19.4,-0.47,-7.43,0.0,-5.0,5.3,,-26.53,0.0414,0.9586,Safe R,,
2026-09-06,ME-HD-57,ME,House,HD-57,1,,Tavis Hasenfus,David R. Potvin,,Tavis Hasenfus,D,True,False,3.1,4.76,3.62,-0.47,7.43,2.64,0.0,5.3,,18.99,0.8929,0.1071,Likely D,,
2026-09-06,ME-HD-58,ME,House,HD-58,1,,,Dexter E. Bridges Jr.,Sharon Frost,Sharon Frost,D,True,False,-9.3,-7.57,-6.78,-0.47,7.43,0.0,5.0,5.3,R,10.95,0.02,0.98,Safe R,,
2026-09-06,ME-HD-59,ME,House,HD-59,1,,Katrina Couch Ray-Saulis,John Reny,,Dave Rollins,D,False,True,9.3,10.37,8.35,-0.47,0.0,0.0,0.0,5.3,,13.65,0.8139,0.1861,Likely D,,
2026-09-06,ME-HD-6,ME,House,HD-6,1,,Melanie Tompkins,Donald Ardell,,Donald Ardell,R,True,False,-42.4,-42.13,-35.93,-0.47,-7.43,4.27,0.0,5.3,,-33.79,0.0136,0.9864,Safe R,,
2026-09-06,ME-HD-60,ME,House,HD-60,1,,Bill Bridgeo,Wyatt Albert Beaulieu,,Bill Bridgeo,D,True,False,9.3,10.49,8.45,-0.47,7.43,0.0,5.0,5.3,,26.18,0.9566,0.0434,Safe D,,
2026-09-06,ME-HD-61,ME,House,HD-61,1,,Robin G. Crawley,Alicia Collins,,Alicia Collins,R,True,False,-18.7,-17.69,-15.31,-0.47,-7.43,0.0,-5.0,5.3,,-22.44,0.0711,0.9289,Likely R,,
2026-09-06,ME-HD-62,ME,House,HD-62,1,,Pamela Swift,Katrina Smith,,Katrina Smith,R,True,False,-23.2,-22.32,-19.22,-0.47,-7.43,-2.49,0.0,5.3,,-23.84,0.0595,0.9405,Likely R,,
2026-09-06,ME-HD-63,ME,House,HD-63,1,,Taylor Marie West,Paul Flynn,,Paul Flynn,R,True,False,-14.2,-11.65,-10.22,-0.47,-7.43,-2.96,0.0,5.3,,-15.31,0.1584,0.8416,Likely R,,
2026-09-06,ME-HD-64,ME,House,HD-64,1,,Flavia DeBrito,Shawn Packard,,Flavia DeBrito,D,True,False,30.2,26.45,21.91,-0.47,7.43,2.04,0.0,5.3,,36.68,0.9918,0.0082,Safe D,,
2026-09-06,ME-HD-65,ME,House,HD-65,1,,Cassie Julia,Jeremy R. McArthur,,Cassie Julia,D,True,False,17.2,27.84,23.09,-0.47,7.43,0.0,5.0,5.3,,40.82,0.9962,0.0038,Safe D,,
2026-09-06,ME-HD-66,ME,House,HD-66,1,,,Michael D. Perkins,,Bob Nutting,R,False,True,-11.8,-10.61,-9.34,-0.47,0.0,-2.98,0.0,5.3,R,-7.02,0.02,0.98,Safe R,,
2026-09-06,ME-HD-67,ME,House,HD-67,1,,Matthew Townsend,Shawn Dixon,,Shelley Rudnicki,R,False,True,-21.4,-19.69,-17.0,-0.47,0.0,6.11,0.0,5.3,,-5.59,0.3574,0.6426,Lean R,,
2026-09-06,ME-HD-68,ME,House,HD-68,1,,,Amanda Collamore,Zachary S. Lejonhud,Amanda Collamore,R,True,False,-28.4,-26.72,-22.93,-0.47,-7.43,-4.02,0.0,5.3,R,-29.08,0.02,0.98,Safe R,,
2026-09-06,ME-HD-69,ME,House,HD-69,1,,Jessica Blanchard,Dean Cray,,Dean Cray,R,True,False,-40.4,-39.33,-33.57,-0.47,-7.43,-4.9,0.0,5.3,,-40.6,0.004,0.996,Safe R,,
2026-09-06,ME-HD-7,ME,House,HD-7,1,,Matthew J. Rush,Jantzen Craine,,Gregg Swallow,R,False,True,-34.9,-34.69,-29.66,-0.47,0.0,0.22,0.0,5.3,,-24.14,0.0572,0.9428,Likely R,,
2026-09-06,ME-HD-70,ME,House,HD-70,1,,Joseph R. Almand,Jennifer Poirier,,Jennifer Poirier,R,True,False,-14.6,-12.24,-10.72,-0.47,-7.43,-3.56,0.0,5.3,,-16.41,0.1416,0.8584,Likely R,,
2026-09-06,ME-HD-71,ME,House,HD-71,1,,,Jack Ducharme,,Jack Ducharme,R,True,False,-26.9,-25.18,-21.63,-0.47,-7.43,0.0,-5.0,5.3,R,-28.76,0.02,0.98,Safe R,,
2026-09-06,ME-HD-72,ME,House,HD-72,1,,Cynthia Soma-Hernandez,Douglas Thomas,,Liz Caruso,R,False,True,-35.3,-35.01,-29.93,-0.47,0.0,0.0,0.0,5.3,,-24.63,0.0537,0.9463,Likely R,,
2026-09-06,ME-HD-73,ME,House,HD-73,1,,Daniel J. Simonds,Mike Soboleski,,Mike Soboleski,R,True,False,-9.6,-14.07,-12.26,-0.47,-7.43,0.0,-5.0,5.3,,-19.39,0.1024,0.8976,Likely R,,
2026-09-06,ME-HD-74,ME,House,HD-74,1,,Marc Edwards,Russell Black,,Randy Hall,R,False,True,-22.2,-17.08,-14.8,-0.47,0.0,-1.68,0.0,5.3,,-11.18,0.2324,0.7676,Likely R,,
2026-09-06,ME-HD-75,ME,House,HD-75,1,,H. Scott Landry Jr.,Randall Gauvin,,Steve Bunker,D,False,True,4.1,8.03,6.38,-0.47,0.0,-5.64,0.0,5.3,,6.04,0.6537,0.3463,Lean D,,
2026-09-06,ME-HD-76,ME,House,HD-76,1,,Trevor Alex Doiron,Sheila Lyman,,Sheila Lyman,R,True,False,-17.3,-15.08,-13.12,-0.47,-7.43,-1.62,0.0,5.3,,-16.87,0.135,0.865,Likely R,,
2026-09-06,ME-HD-77,ME,House,HD-77,1,,Arlie E. Hetrick Jr.,Tammy Schmersal-Burgess,,Tammy Schmersal-Burgess,R,True,False,-26.4,-26.28,-22.56,-0.47,-7.43,0.0,-5.0,5.3,,-29.69,0.0261,0.9739,Safe R,,
2026-09-06,ME-HD-78,ME,House,HD-78,1,,Woodleigh H. Hughes,Rachel Henderson,,Rachel Henderson,R,True,False,-5.1,-4.32,-4.04,-0.47,-7.43,-2.68,0.0,5.3,,-8.85,0.2814,0.7186,Lean R,,
2026-09-06,ME-HD-79,ME,House,HD-79,1,,Brianna Fern Lueck,Mike Lance,,Mike Lance,R,True,False,-17.9,-17.72,-15.34,-0.47,-7.43,0.0,-5.0,5.3,,-22.47,0.0709,0.9291,Likely R,,
2026-09-06,ME-HD-8,ME,House,HD-8,1,,,Tracy Quint,,Tracy Quint,R,True,False,-52.4,-51.39,-43.74,-0.47,-7.43,-1.65,0.0,5.3,R,-47.52,0.02,0.98,Safe R,,
2026-09-06,ME-HD-80,ME,House,HD-80,1,,,Ernest M. Fitts IV,Azalea D. Cormier,Caldwell Jackson,R,False,True,-24.0,-24.25,-20.84,-0.47,0.0,0.0,0.0,5.3,R,-15.54,0.02,0.98,Safe R,,
2026-09-06,ME-HD-81,ME,House,HD-81,1,,Christopher A. Easton,Peter Wood,,Peter Wood,R,True,False,0.1,-1.32,-1.51,-0.47,-7.43,0.0,-5.0,5.3,,-8.64,0.2861,0.7139,Lean R,,
2026-09-06,ME-HD-82,ME,House,HD-82,1,,Chris Lewey,Caleb Ness,,Nate Wadsworth,R,False,True,-2.4,-3.32,-3.19,-0.47,0.0,0.41,0.0,5.3,,2.51,0.5653,0.4347,Toss-up,,
2026-09-06,ME-HD-83,ME,House,HD-83,1,,Timothy J. Becker,Marygrace Cimino,,Marygrace Cimino,R,True,False,-0.5,-0.88,-1.13,-0.47,-7.43,0.0,-5.0,5.3,,-8.27,0.2944,0.7056,Lean R,,
2026-09-06,ME-HD-84,ME,House,HD-84,1,,Cassandra Dove,Mark Walker,,Mark Walker,R,True,False,-19.2,-18.17,-15.72,-0.47,-7.43,0.67,0.0,5.3,,-17.17,0.1307,0.8693,Likely R,,
2026-09-06,ME-HD-85,ME,House,HD-85,1,,Paul Harris Welch,Adrienne Paul,,Kim Pomerleau,R,False,True,-7.0,-6.9,-6.21,-0.47,0.0,0.0,0.0,5.3,,-0.91,0.4762,0.5238,Toss-up,,
2026-09-06,ME-HD-86,ME,House,HD-86,1,,Abigail N. Geer,Rolf Olsen,,Rolf Olsen,R,True,False,-1.5,-2.05,-2.12,-0.47,-7.43,-0.95,0.0,5.3,,-5.2,0.367,0.633,Lean R,,
2026-09-06,ME-HD-87,ME,House,HD-87,1,,,David Boyer,,David Boyer,R,True,False,-15.4,-15.61,-13.56,-0.47,-7.43,0.0,-5.0,5.3,R,-20.69,0.02,0.98,Safe R,,
2026-09-06,ME-HD-88,ME,House,HD-88,1,,Dana N. Staples,Quentin Chapman,,Quentin Chapman,R,True,False,3.9,5.6,4.33,-0.47,-7.43,-6.23,0.0,5.3,,-4.03,0.3961,0.6039,Lean R,,
2026-09-06,ME-HD-89,ME,House,HD-89,1,,Adam Lee,James D. Berube,,Adam Lee,D,True,False,6.2,7.23,5.7,-0.47,7.43,1.54,0.0,5.3,,19.97,0.9042,0.0958,Likely D,,
2026-09-06,ME-HD-9,ME,House,HD-9,1,,Nicole N. Richards,Artie Mingo,,Artie Mingo,R,True,False,-10.8,-8.53,-7.59,-0.47,-7.43,0.0,-5.0,5.3,,-14.72,0.1679,0.8321,Likely R,,
2026-09-06,ME-HD-90,ME,House,HD-90,1,,Pamela B. Hart,James Sorcek,,Laurel Libby,R,False,True,0.9,0.27,-0.17,-0.47,0.0,-1.34,0.0,5.3,,3.79,0.5979,0.4021,Toss-up,,
2026-09-06,ME-HD-91,ME,House,HD-91,1,,,Jeff Timberlake,,Josh Morris,R,False,True,-19.7,-19.4,-16.76,-0.47,0.0,0.0,0.0,5.3,R,-11.46,0.02,0.98,Safe R,,
2026-09-06,ME-HD-92,ME,House,HD-92,1,,,Steve Wood,Scott Girardin,Steve Wood,R,True,False,-29.1,-29.18,-25.01,-0.47,-7.43,0.0,-5.0,5.3,R,-32.14,0.02,0.98,Safe R,,
2026-09-06,ME-HD-93,ME,House,HD-93,1,,Julie McCabe,Susan G. Longchamps,,Julie McCabe,D,True,False,17.4,12.68,10.3,-0.47,7.43,0.0,5.0,5.3,,28.03,0.9666,0.0334,Safe D,,
2026-09-06,ME-HD-94,ME,House,HD-94,1,,Scott Harriman,Janet Beaudoin,,Scott Harriman,D,True,False,10.8,11.06,8.93,-0.47,7.43,2.44,0.0,5.3,,24.1,0.9425,0.0575,Likely D,,
2026-09-06,ME-HD-95,ME,House,HD-95,1,,Kiernan Majerus-Collins,Bret M. Martel,,Mana Abdi,D,False,True,6.1,9.83,7.9,-0.47,0.0,0.0,0.0,5.3,,13.2,0.8059,0.1941,Likely D,,
2026-09-06,ME-HD-96,ME,House,HD-96,1,,Luke Jensen,Kerryl Clement,,Michel Lajoie,D,False,True,1.6,5.23,4.02,-0.47,0.0,0.0,0.0,5.3,,9.32,0.7288,0.2712,Lean D,,
2026-09-06,ME-HD-97,ME,House,HD-97,1,,,Dale John Crafts,,Rick Mason,R,False,True,-10.8,-12.11,-10.6,-0.47,0.0,0.0,0.0,5.3,R,-5.3,0.02,0.98,Safe R,,
2026-09-06,ME-HD-98,ME,House,HD-98,1,,Kilton Webb,William J. St. Michel,,Kilton Webb,D,True,False,4.0,7.94,6.3,-0.47,7.43,-2.85,0.0,5.3,,16.18,0.855,0.145,Likely D,,
2026-09-06,ME-HD-99,ME,House,HD-99,1,,Cheryl Golek,Braeden D. Webber,,Cheryl Golek,D,True,False,31.3,34.07,28.34,-0.47,7.43,-6.48,0.0,5.3,,34.59,0.9882,0.0118,Safe D,,
2026-09-06,ME-SD-1,ME,Senate,SD-1,1,,Vaughn McLaughlin,Lucien Daigle,,Sue Bernard,R,False,True,-20.1,-17.75,-15.37,-0.47,0.0,0.0,0.0,5.3,,-10.07,0.2552,0.7448,Lean R,,
2026-09-06,ME-SD-10,ME,Senate,SD-10,1,,Jaric Travis Fontaine,David Haggan,,David Haggan,R,True,False,-9.1,-10.19,-8.99,-0.47,-7.43,-11.5,0.0,5.3,,-22.63,0.0695,0.9305,Likely R,,
2026-09-06,ME-SD-11,ME,Senate,SD-11,1,,Glenn Curry,Ryan Otis,,Glenn Curry,D,True,False,3.4,3.76,2.77,-0.47,7.43,1.21,0.0,5.3,,16.72,0.8628,0.1372,Likely D,,
2026-09-06,ME-SD-12,ME,Senate,SD-12,1,,Ann Matlack,,Nicole Kalloch,Anne Beebe-Center,D,False,True,19.9,20.53,16.92,-0.47,0.0,0.41,0.0,5.3,D,22.63,0.98,0.02,Safe D,,
2026-09-06,ME-SD-13,ME,Senate,SD-13,1,,Cameron Reny,,Edwin Mitchell,Cameron Reny,D,True,False,8.2,8.04,6.38,-0.47,7.43,0.02,5.0,5.3,D,24.14,0.98,0.02,Safe D,,
2026-09-06,ME-SD-14,ME,Senate,SD-14,1,,Craig Hickman,Steven A. McGee,,Craig Hickman,D,True,False,-0.4,0.59,0.1,-0.47,7.43,0.98,0.0,5.3,,13.81,0.8168,0.1832,Likely D,,
2026-09-06,ME-SD-15,ME,Senate,SD-15,1,,Amanda Ann Heath,Kati McCormick,,Dick Bradstreet,R,False,True,-3.9,-2.85,-2.8,-0.47,0.0,0.0,0.0,5.3,,2.5,0.565,0.435,Toss-up,,
2026-09-06,ME-SD-16,ME,Senate,SD-16,1,,Patric Aaron Moore,Scott Cyrway,,Scott Cyrway,R,True,False,3.9,2.91,2.06,-0.47,-7.43,-6.92,0.0,5.3,,-6.99,0.3238,0.6762,Lean R,,
2026-09-06,ME-SD-17,ME,Senate,SD-17,1,,Jo-Jean Keller,Richard Mason,,Jeff Timberlake,R,False,True,-22.5,-22.51,-19.38,-0.47,0.0,-2.41,0.0,5.3,,-16.5,0.1404,0.8596,Likely R,,
2026-09-06,ME-SD-18,ME,Senate,SD-18,1,,Elizabeth Bosworth,John Andrews,,Rick Bennett,I,False,True,-9.2,-8.99,-7.98,-0.47,0.0,-5.95,0.0,5.3,,-8.63,0.2862,0.7138,Lean R,,
2026-09-06,ME-SD-19,ME,Senate,SD-19,1,,Peter Southam,Joe Martin,David A. Duguay,Joe Martin,R,True,False,-14.9,-14.39,-12.53,-0.47,-7.43,0.0,-5.0,5.3,,-19.66,0.0992,0.9008,Likely R,,
2026-09-06,ME-SD-2,ME,Senate,SD-2,1,,Janel C. Underwood-Charette,Harold Stewart,,Harold Stewart,R,True,False,-33.6,-32.82,-28.07,-0.47,-7.43,1.77,0.0,5.3,,-28.44,0.0315,0.9685,Safe R,,
2026-09-06,ME-SD-20,ME,Senate,SD-20,1,,Michael Scott,Bruce Bickford,,Bruce Bickford,R,True,False,0.9,1.12,0.55,-0.47,-7.43,-2.06,0.0,5.3,,-3.64,0.4058,0.5942,Toss-up,,
2026-09-06,ME-SD-21,ME,Senate,SD-21,1,,Shanna Cox,,Eryn M. Soule,Peggy Rotundo,D,False,True,8.2,9.45,7.57,-0.47,0.0,0.0,0.0,5.3,D,12.87,0.98,0.02,Safe D,,
2026-09-06,ME-SD-22,ME,Senate,SD-22,1,,Nathan Burnett,Kim Pomerleau,,Jim Libby,R,False,True,-16.7,-16.29,-14.13,-0.47,0.0,-1.88,0.0,5.3,,-10.71,0.2418,0.7582,Likely R,,
2026-09-06,ME-SD-23,ME,Senate,SD-23,1,,Mattie Daughtry,Bernard Porter,,Mattie Daughtry,D,True,False,41.2,42.6,35.53,-0.47,7.43,0.0,5.0,5.3,,53.26,0.9998,0.0002,Safe D,,
2026-09-06,ME-SD-24,ME,Senate,SD-24,1,,Denise Tepler,,,Denise Tepler,D,True,False,15.5,15.3,12.51,-0.47,7.43,2.6,0.0,5.3,D,27.84,0.98,0.02,Safe D,,
2026-09-06,ME-SD-25,ME,Senate,SD-25,1,,Teresa Pierce,,,Teresa Pierce,D,True,False,34.4,32.46,26.98,-0.47,7.43,-2.25,0.0,5.3,D,37.46,0.98,0.02,Safe D,,
2026-09-06,ME-SD-26,ME,Senate,SD-26,1,,Tim Nangle,Kenneth J. Cianchette,,Tim Nangle,D,True,False,10.9,10.71,8.63,-0.47,7.43,-2.61,0.0,5.3,,18.75,0.8899,0.1101,Likely D,,
2026-09-06,ME-SD-27,ME,Senate,SD-27,1,,Jill Duson,,,Jill Duson,D,True,False,59.2,55.43,46.36,-0.47,7.43,-0.11,5.0,5.3,D,63.98,0.98,0.02,Safe D,,
2026-09-06,ME-SD-28,ME,Senate,SD-28,1,,Rachel Talbot Ross,,,Rachel Talbot Ross,D,True,False,64.9,69.37,58.11,-0.47,7.43,0.0,5.0,5.3,D,75.84,0.98,0.02,Safe D,,
2026-09-06,ME-SD-29,ME,Senate,SD-29,1,,Anne Carney,Vincent A. Maietta,,Anne Carney,D,True,False,52.1,49.63,41.46,-0.47,7.43,-2.18,0.0,5.3,,52.01,0.9997,0.0003,Safe D,,
2026-09-06,ME-SD-3,ME,Senate,SD-3,1,,Ester B. Franklin,Joel Stetkis,,Brad Farrin,R,False,True,-28.1,-27.02,-23.19,-0.47,0.0,0.0,0.0,5.3,,-17.89,0.1211,0.8789,Likely R,,
2026-09-06,ME-SD-30,ME,Senate,SD-30,1,,Sophia Bailey Warren,M. Thad Moody,,Stacy Brenner,D,False,True,26.5,25.14,20.81,-0.47,0.0,-6.52,0.0,5.3,,19.58,0.8998,0.1002,Likely D,,
2026-09-06,ME-SD-31,ME,Senate,SD-31,1,,Donna Bailey,Scott Benedetto Eccleston,,Donna Bailey,D,True,False,17.4,17.6,14.45,-0.47,7.43,0.01,5.0,5.3,,32.19,0.9824,0.0176,Safe D,,
2026-09-06,ME-SD-32,ME,Senate,SD-32,1,,Henry Ingwersen,,Jason Litalien,Henry Ingwersen,D,True,False,9.8,10.43,8.4,-0.47,7.43,3.3,0.0,5.3,D,24.43,0.98,0.02,Safe D,,
2026-09-06,ME-SD-33,ME,Senate,SD-33,1,,Mark H. Vigliotta,Matt Harrington,,Matt Harrington,R,True,False,-9.9,-9.36,-8.29,-0.47,-7.43,0.0,-5.0,5.3,,-15.42,0.1566,0.8434,Likely R,,
2026-09-06,ME-SD-34,ME,Senate,SD-34,1,,Dan Sayre,Jonathan Fallon,,Joe Rafferty,D,False,True,14.8,15.1,12.34,-0.47,0.0,0.0,0.0,5.3,,17.64,0.8757,0.1243,Likely D,,
2026-09-06,ME-SD-35,ME,Senate,SD-35,1,,Michele Meyer,Julie N. Rakic,,Mark Lawrence,D,False,True,29.1,29.52,24.51,-0.47,0.0,4.09,0.0,5.3,,33.89,0.9867,0.0133,Safe D,,
2026-09-06,ME-SD-4,ME,Senate,SD-4,1,,Lisa G. Kalp,Chad Perkins,,Stacey Guerin,R,False,True,-34.0,-33.95,-29.03,-0.47,0.0,-2.97,0.0,5.3,,-26.69,0.0405,0.9595,Safe R,,
2026-09-06,ME-SD-5,ME,Senate,SD-5,1,,Robert Sullebarger,Elizabeth Caruso,,Russell Black,R,False,True,-18.9,-17.88,-15.47,-0.47,0.0,0.0,0.0,5.3,,-10.17,0.253,0.747,Lean R,,
2026-09-06,ME-SD-6,ME,Senate,SD-6,1,,,Billy Bob Faulkingham,Aaron M. Dana,Marianne Moore,R,False,True,-17.4,-20.31,-17.52,-0.47,0.0,-4.55,0.0,5.3,R,-16.77,0.02,0.98,Safe R,,
2026-09-06,ME-SD-7,ME,Senate,SD-7,1,,Nicole Grohoski,Cheryl A. Hewes,,Nicole Grohoski,D,True,False,26.3,21.98,18.14,-0.47,7.43,-3.06,0.0,5.3,,27.81,0.9655,0.0345,Safe D,,
2026-09-06,ME-SD-8,ME,Senate,SD-8,1,,Mike Tipping,Leo C. Kenney,,Mike Tipping,D,True,False,-2.5,-0.8,-1.07,-0.47,7.43,0.84,0.0,5.3,,12.51,0.7933,0.2067,Likely D,,
2026-09-06,ME-SD-9,ME,Senate,SD-9,1,,Amy Roeder,,Stephen Richard Carey,Joe Baldacci,D,False,True,10.5,10.99,8.88,-0.47,0.0,-3.92,0.0,5.3,D,10.26,0.98,0.02,Safe D,,
2026-09-06,MI-HD-1,MI,House,HD-1,1,,Tyrone Carter,Valerie Whittaker,,Tyrone Carter,D,True,False,58.9,64.24,57.69,4.17,7.43,4.06,0.0,5.3,,74.48,1.0,0.0,Safe D,,
2026-09-06,MI-HD-10,MI,House,HD-10,1,,Veronica Paiz,Peter Ochs,Piper Willow Smith,Veronica Paiz,D,True,False,36.5,37.1,34.81,4.17,7.43,-5.81,0.0,5.3,,41.72,0.9968,0.0032,Safe D,,
2026-09-06,MI-HD-100,MI,House,HD-100,1,,Tracy Ruell,Tom Kunse,,Tom Kunse,R,True,False,-37.0,-36.81,-27.53,4.17,-7.43,-0.47,0.0,5.3,,-30.13,0.0244,0.9756,Safe R,,
2026-09-06,MI-HD-101,MI,House,HD-101,1,,Christopher Crain,Jaxon Deur,,Joseph Fox,R,False,True,-37.2,-37.25,-27.9,4.17,0.0,-1.36,0.0,5.3,,-23.96,0.0585,0.9415,Likely R,,
2026-09-06,MI-HD-102,MI,House,HD-102,1,,Angel Coon,Curt VanderWall,Shawn Orton,Curt VanderWall,R,True,False,-19.8,-19.63,-13.04,4.17,-7.43,-1.48,0.0,5.3,,-16.65,0.1381,0.8619,Likely R,,
2026-09-06,MI-HD-103,MI,House,HD-103,1,,Betsy Coffia,Edwin B. Dean,Michael Gorbe,Betsy Coffia,D,True,False,7.1,6.0,8.57,4.17,7.43,-1.94,0.0,5.3,,19.36,0.8973,0.1027,Likely D,,
2026-09-06,MI-HD-104,MI,House,HD-104,1,,Mitchell Ryan Distin,John R. Roth,Alexander Jarvis,John Roth,R,True,False,-25.2,-25.69,-18.15,4.17,-7.43,2.15,0.0,5.3,,-18.14,0.1178,0.8822,Likely R,,
2026-09-06,MI-HD-105,MI,House,HD-105,1,,Rachel Longendyke-Teeter,Ken Borton,Frank Tillman,Ken Borton,R,True,False,-38.9,-38.89,-29.29,4.17,-7.43,0.71,0.0,5.3,,-30.71,0.0223,0.9777,Safe R,,
2026-09-06,MI-HD-106,MI,House,HD-106,1,,Mary Lucille Hamilton,Cam Cavitt,,Cam Cavitt,R,True,False,-33.8,-33.9,-25.08,4.17,-7.43,0.13,-5.0,5.3,,-32.08,0.018,0.982,Safe R,,
2026-09-06,MI-HD-107,MI,House,HD-107,1,,Melissa Perron,Parker Fairbairn,,Parker Fairbairn,R,True,False,-15.6,-16.12,-10.08,4.17,-7.43,-2.15,0.0,5.3,,-14.36,0.1738,0.8262,Likely R,,
2026-09-06,MI-HD-108,MI,House,HD-108,1,,Rachel M. Keys,Larry Johnson,,Dave Prestin,R,False,True,-33.0,-32.48,-23.88,4.17,0.0,0.0,0.0,5.3,,-18.58,0.1122,0.8878,Likely R,,
2026-09-06,MI-HD-109,MI,House,HD-109,1,,Anna Rink,Karl Bohnak,,Karl Bohnak,R,True,False,-0.6,-0.29,3.27,4.17,-7.43,-0.96,0.0,5.3,,0.18,0.5046,0.4954,Toss-up,,
2026-09-06,MI-HD-11,MI,House,HD-11,1,,Kimberly Fisher,Matthew Stafford,,Donavan McKinney,D,False,True,59.7,63.19,56.81,4.17,0.0,0.0,0.0,5.3,,62.11,1.0,0.0,Safe D,,
2026-09-06,MI-HD-110,MI,House,HD-110,1,,Brian Irizarry,Greg Markkanen,,Greg Markkanen,R,True,False,-23.9,-23.42,-16.24,4.17,-7.43,0.0,-5.0,5.3,,-23.37,0.0632,0.9368,Likely R,,
2026-09-06,MI-HD-12,MI,House,HD-12,1,,Kimberly Edwards,Randell Shafer,,Kimberly Edwards,D,True,False,34.5,35.71,33.63,4.17,7.43,3.47,0.0,5.3,,49.84,0.9994,0.0006,Safe D,,
2026-09-06,MI-HD-13,MI,House,HD-13,1,,Mai Xiong,Mark T. Foster,,Mai Xiong,D,True,False,-1.9,-1.15,2.54,4.17,7.43,-8.7,0.0,5.3,,6.57,0.6663,0.3337,Lean D,,
2026-09-06,MI-HD-14,MI,House,HD-14,1,,Mike McFall,Larry Szyska,Jeff Sparling,Mike McFall,D,True,False,11.2,12.56,14.1,4.17,7.43,-2.57,0.0,5.3,,24.26,0.9437,0.0563,Likely D,,
2026-09-06,MI-HD-15,MI,House,HD-15,1,,Jalal Abdallah,Hassan H Nehme,,Erin Byrnes,D,False,True,-2.1,3.88,6.79,4.17,0.0,0.0,0.0,5.3,,12.09,0.7854,0.2146,Likely D,,
2026-09-06,MI-HD-16,MI,House,HD-16,1,,Stephanie Young,Brian Duggan,,Stephanie Young,D,True,False,51.0,52.26,47.59,4.17,7.43,1.96,0.0,5.3,,62.28,1.0,0.0,Safe D,,
2026-09-06,MI-HD-17,MI,House,HD-17,1,,Laurie Pohutsky,Ken Crider,,Laurie Pohutsky,D,True,False,34.0,35.43,33.4,4.17,7.43,-18.62,0.0,5.3,,27.51,0.964,0.036,Safe D,,
2026-09-06,MI-HD-18,MI,House,HD-18,1,,Kelly Garrett,Ryan Foster,,Jason Hoskins,D,False,True,53.7,55.96,50.71,4.17,0.0,0.0,0.0,5.3,,56.01,0.9999,0.0001,Safe D,,
2026-09-06,MI-HD-19,MI,House,HD-19,1,,Samantha Steckloff,Kevin Hammer,,Samantha Steckloff,D,True,False,32.2,33.66,31.91,4.17,7.43,5.16,0.0,5.3,,49.8,0.9994,0.0006,Safe D,,
2026-09-06,MI-HD-2,MI,House,HD-2,1,,Joanna Whaley,Ron Kokinda,,Tullio Liberati,D,False,True,1.5,3.54,6.5,4.17,0.0,0.0,0.0,5.3,,11.8,0.7799,0.2201,Likely D,,
2026-09-06,MI-HD-20,MI,House,HD-20,1,,Noah Arbit,S. Dave Sullivan,,Noah Arbit,D,True,False,4.7,6.77,9.23,4.17,7.43,20.4,0.0,5.3,,42.35,0.9972,0.0028,Safe D,,
2026-09-06,MI-HD-21,MI,House,HD-21,1,,Kelly Breen,Ross Barranco,,Kelly Breen,D,True,False,12.2,12.36,13.94,4.17,7.43,-0.94,0.0,5.3,,25.73,0.9537,0.0463,Safe D,,
2026-09-06,MI-HD-22,MI,House,HD-22,1,,Lisa McIntyre,Casey J. Noce,,Matt Koleszar,D,False,True,3.5,3.09,6.12,4.17,0.0,0.0,0.0,5.3,,11.42,0.7725,0.2275,Likely D,,
2026-09-06,MI-HD-23,MI,House,HD-23,1,,Jason Morgan,Miriam Corvino,Christina Marudas,Jason Morgan,D,True,False,27.5,28.38,27.45,4.17,7.43,-0.57,0.0,5.3,,39.61,0.9952,0.0048,Safe D,,
2026-09-06,MI-HD-24,MI,House,HD-24,1,,Ranjeev Puri,Allison Kay Fuller,,Ranjeev Puri,D,True,False,15.5,17.74,18.48,4.17,7.43,0.94,0.0,5.3,,32.15,0.9822,0.0178,Safe D,,
2026-09-06,MI-HD-25,MI,House,HD-25,1,,Peter Herzberg,Dawn Udell,,Peter Herzberg,D,True,False,13.6,15.24,16.37,4.17,7.43,1.58,0.0,5.3,,30.68,0.9776,0.0224,Safe D,,
2026-09-06,MI-HD-26,MI,House,HD-26,1,,Dylan Wegela,Chris Dobis,,Dylan Wegela,D,True,False,25.5,27.75,26.92,4.17,7.43,1.89,0.0,5.3,,41.54,0.9967,0.0033,Safe D,,
2026-09-06,MI-HD-27,MI,House,HD-27,1,,Jaime Churches,Rylee Linting,,Rylee Linting,R,True,False,-8.4,-7.6,-2.89,4.17,-7.43,3.16,0.0,5.3,,-1.87,0.4514,0.5486,Toss-up,,
2026-09-06,MI-HD-28,MI,House,HD-28,1,,Sherry A. Berecz,Jamie Thompson,,Jamie Thompson,R,True,False,-12.3,-10.72,-5.53,4.17,-7.43,2.47,0.0,5.3,,-5.19,0.3673,0.6327,Lean R,,
2026-09-06,MI-HD-29,MI,House,HD-29,1,,Darian Counts,Jim DeSana,,Jim DeSana,R,True,False,-12.5,-11.31,-6.03,4.17,-7.43,0.0,-5.0,5.3,,-13.16,0.1948,0.8052,Likely R,,
2026-09-06,MI-HD-3,MI,House,HD-3,1,,Alabas Farhat,Gus H. Tarraf,,Alabas Farhat,D,True,False,-7.2,6.46,8.96,4.17,7.43,13.05,0.0,5.3,,34.74,0.9885,0.0115,Safe D,,
2026-09-06,MI-HD-30,MI,House,HD-30,1,,Omar G. Ferdin,Will Bruck,,Will Bruck,R,True,False,-25.4,-24.63,-17.26,4.17,-7.43,0.0,-5.0,5.3,,-24.39,0.0554,0.9446,Likely R,,
2026-09-06,MI-HD-31,MI,House,HD-31,1,,Shannon Dare Wayne,Laura M. Perry,,Reggie Miller,D,False,True,-2.7,-1.76,2.03,4.17,0.0,0.0,0.0,5.3,,7.33,0.6842,0.3158,Lean D,,
2026-09-06,MI-HD-32,MI,House,HD-32,1,,Jimmie Wilson,Mike Eller,John R. Tatar,Jimmie Wilson,D,True,False,51.4,54.13,49.17,4.17,7.43,0.94,0.0,5.3,,62.84,1.0,0.0,Safe D,,
2026-09-06,MI-HD-33,MI,House,HD-33,1,,Morgan Foreman,Catherine Rogers,,Morgan Foreman,D,True,False,49.6,50.86,46.41,4.17,7.43,-0.17,5.0,5.3,,63.97,1.0,0.0,Safe D,,
2026-09-06,MI-HD-34,MI,House,HD-34,1,,,Nancy Jenkins-Arno,,Nancy Jenkins-Arno,R,True,False,-21.6,-21.1,-14.28,4.17,-7.43,-2.43,0.0,5.3,R,-18.84,0.02,0.98,Safe R,,
2026-09-06,MI-HD-35,MI,House,HD-35,1,,Jeff Cooley,Jennifer Wortz,,Jennifer Wortz,R,True,False,-47.0,-46.62,-35.81,4.17,-7.43,-0.44,0.0,5.3,,-38.38,0.006,0.994,Safe R,,
2026-09-06,MI-HD-36,MI,House,HD-36,1,,Cole Slaski,Steve Carra,,Steve Carra,R,True,False,-34.4,-34.16,-25.3,4.17,-7.43,0.13,-5.0,5.3,,-32.29,0.0173,0.9827,Safe R,,
2026-09-06,MI-HD-37,MI,House,HD-37,1,,Angela Jones,Brad Paquette,,Brad Paquette,R,True,False,-23.1,-23.1,-15.97,4.17,-7.43,-3.57,0.0,5.3,,-21.67,0.0782,0.9218,Likely R,,
2026-09-06,MI-HD-38,MI,House,HD-38,1,,Joey Andrews,Mark Krieger,Jett Newton,Joey Andrews,D,True,False,9.2,8.99,11.09,4.17,7.43,-2.11,0.0,5.3,,21.71,0.9222,0.0778,Likely D,,
2026-09-06,MI-HD-39,MI,House,HD-39,1,,Kerry Tapper,Pauline Wendzel,Jared Polonowski,Pauline Wendzel,R,True,False,-23.2,-22.97,-15.86,4.17,-7.43,0.27,-5.0,5.3,,-22.73,0.0686,0.9314,Likely R,,
2026-09-06,MI-HD-4,MI,House,HD-4,1,,Regina Ross,Everett Davis,,Karen Whitsett,D,False,True,85.0,88.28,77.97,4.17,0.0,0.0,0.0,5.3,,83.27,1.0,0.0,Safe D,,
2026-09-06,MI-HD-40,MI,House,HD-40,1,,Matt Longjohn,Robert M. Sitarski,,Matt Longjohn,D,True,False,18.1,17.91,18.62,4.17,7.43,-1.16,0.0,5.3,,30.18,0.9758,0.0242,Safe D,,
2026-09-06,MI-HD-41,MI,House,HD-41,1,,Jen Strebs,Nicole Sabel,Rafael Wolf,Julie Rogers,D,False,True,51.0,52.57,47.85,4.17,0.0,0.0,0.0,5.3,,53.15,0.9997,0.0003,Safe D,,
2026-09-06,MI-HD-42,MI,House,HD-42,1,,Nick Rowe,Matt Hall,,Matt Hall,R,True,False,-8.9,-8.87,-3.97,4.17,-7.43,0.11,-5.0,5.3,,-10.99,0.2361,0.7639,Likely R,,
2026-09-06,MI-HD-43,MI,House,HD-43,1,,Alan Swank,Rachelle Smit,,Rachelle Smit,R,True,False,-41.0,-41.3,-31.31,4.17,-7.43,-0.29,-5.0,5.3,,-38.73,0.0057,0.9943,Safe R,,
2026-09-06,MI-HD-44,MI,House,HD-44,1,,Jim Haadsma,Steve Frisbie,,Steve Frisbie,R,True,False,-3.9,-3.05,0.95,4.17,-7.43,3.48,0.0,5.3,,2.29,0.5595,0.4405,Toss-up,,
2026-09-06,MI-HD-45,MI,House,HD-45,1,,Randy Davis,Sarah Lightner,,Sarah Lightner,R,True,False,-34.6,-34.7,-25.75,4.17,-7.43,1.32,0.0,5.3,,-26.57,0.0412,0.9588,Safe R,,
2026-09-06,MI-HD-46,MI,House,HD-46,1,,Jan Maino,Kathy Schmaltz,,Kathy Schmaltz,R,True,False,-2.2,-1.74,2.05,4.17,-7.43,-1.18,0.0,5.3,,-1.26,0.4671,0.5329,Toss-up,,
2026-09-06,MI-HD-47,MI,House,HD-47,1,,Carrie Rheingans,Justin Griffis,,Carrie Rheingans,D,True,False,23.7,24.5,24.17,4.17,7.43,-0.4,0.0,5.3,,36.51,0.9915,0.0085,Safe D,,
2026-09-06,MI-HD-48,MI,House,HD-48,1,,Jennifer Conlin,Brian Ignatowski,,Jennifer Conlin,D,True,False,5.4,5.72,8.34,4.17,7.43,-1.2,0.0,5.3,,19.87,0.9031,0.0969,Likely D,,
2026-09-06,MI-HD-49,MI,House,HD-49,1,,Dan Pelchat,Ann Bollin,Trevor Step,Ann Bollin,R,True,False,-9.8,-9.94,-4.87,4.17,-7.43,-3.3,0.0,5.3,,-10.3,0.2502,0.7498,Lean R,,
2026-09-06,MI-HD-5,MI,House,HD-5,1,,Candace Calloway,Chris Venable,,Regina Weiss,D,False,True,76.5,79.5,70.56,4.17,0.0,0.0,0.0,5.3,,75.86,1.0,0.0,Safe D,,
2026-09-06,MI-HD-50,MI,House,HD-50,1,,Cassie Canedo,Jason Woolford,,Jason Woolford,R,True,False,-31.7,-32.0,-23.48,4.17,-7.43,-0.39,0.0,5.3,,-26.0,0.0446,0.9554,Safe R,,
2026-09-06,MI-HD-51,MI,House,HD-51,1,,Stacey McDuffie,Matt Maddock,,Matt Maddock,R,True,False,-19.9,-20.48,-13.76,4.17,-7.43,-1.34,0.0,5.3,,-17.23,0.1299,0.8701,Likely R,,
2026-09-06,MI-HD-52,MI,House,HD-52,1,,Brendan P. Leddy,Mike Harris,,Mike Harris,R,True,False,-16.8,-17.22,-11.01,4.17,-7.43,-0.96,0.0,5.3,,-14.1,0.1782,0.8218,Likely R,,
2026-09-06,MI-HD-53,MI,House,HD-53,1,,Brenda Carter,Melissa Schultz,,Brenda Carter,D,True,False,28.9,31.16,29.79,4.17,7.43,7.99,0.0,5.3,,50.52,0.9995,0.0005,Safe D,,
2026-09-06,MI-HD-54,MI,House,HD-54,1,,Sarah Pounds,Roman Gaskey,,Donni Steele,R,False,True,-1.0,-0.79,2.85,4.17,0.0,0.0,0.0,5.3,,8.15,0.7029,0.2971,Lean D,,
2026-09-06,MI-HD-55,MI,House,HD-55,1,,Alex Hawkins,Mark Tisdel,,Mark Tisdel,R,True,False,-0.7,-0.42,3.16,4.17,-7.43,2.41,0.0,5.3,,3.44,0.5889,0.4111,Toss-up,,
2026-09-06,MI-HD-56,MI,House,HD-56,1,,Sharon MacDonell,Ashok Baddi,,Sharon MacDonell,D,True,False,13.4,13.71,15.08,4.17,7.43,-0.16,5.0,5.3,,32.65,0.9836,0.0164,Safe D,,
2026-09-06,MI-HD-57,MI,House,HD-57,1,,Thomas Turner,Tom Kuhn,,Tom Kuhn,R,True,False,-17.6,-15.36,-9.44,4.17,-7.43,0.0,-5.0,5.3,,-16.57,0.1393,0.8607,Likely R,,
2026-09-06,MI-HD-58,MI,House,HD-58,1,,Katrina Manetta,Ron Robinson,,Ron Robinson,R,True,False,-12.9,-11.51,-6.19,4.17,-7.43,2.4,0.0,5.3,,-5.92,0.3494,0.6506,Lean R,,
2026-09-06,MI-HD-59,MI,House,HD-59,1,,Jason Robbins,Sylvia Grot,,Doug Wozniak,R,False,True,-32.1,-31.68,-23.21,4.17,0.0,0.0,0.0,5.3,,-17.91,0.1208,0.8792,Likely R,,
2026-09-06,MI-HD-6,MI,House,HD-6,1,,Melanie Macey,Mike Steger,,Natalie Price,D,False,True,32.2,32.87,31.24,4.17,0.0,0.0,0.0,5.3,,36.54,0.9916,0.0084,Safe D,,
2026-09-06,MI-HD-60,MI,House,HD-60,1,,Amy Gray,Joe Aragona,,Joe Aragona,R,True,False,-22.6,-21.76,-14.84,4.17,-7.43,0.0,-5.0,5.3,,-21.97,0.0754,0.9246,Likely R,,
2026-09-06,MI-HD-61,MI,House,HD-61,1,,Denise Mentzer,Robert Wojtowicz,,Denise Mentzer,D,True,False,-5.1,-4.22,-0.04,4.17,7.43,4.35,0.0,5.3,,17.04,0.8674,0.1326,Likely D,,
2026-09-06,MI-HD-62,MI,House,HD-62,1,,Matt Smith,Alicia St. Germaine,,Alicia St. Germaine,R,True,False,-11.1,-10.26,-5.14,4.17,-7.43,-0.35,-5.0,5.3,,-12.62,0.2046,0.7954,Likely R,,
2026-09-06,MI-HD-63,MI,House,HD-63,1,,Jamie Sonneberger,Jay DeBoyer,,Jay DeBoyer,R,True,False,-33.3,-32.96,-24.28,4.17,-7.43,0.7,0.0,5.3,,-25.71,0.0463,0.9537,Safe R,,
2026-09-06,MI-HD-64,MI,House,HD-64,1,,Ken Heuvelman,Joe Pavlov,,Joe Pavlov,R,True,False,-24.0,-23.67,-16.45,4.17,-7.43,0.0,-5.0,5.3,,-23.58,0.0616,0.9384,Likely R,,
2026-09-06,MI-HD-65,MI,House,HD-65,1,,James M. O'Brien,Jaime Greene,,Jaime Greene,R,True,False,-47.0,-46.75,-35.92,4.17,-7.43,0.54,0.0,5.3,,-37.51,0.0071,0.9929,Safe R,,
2026-09-06,MI-HD-66,MI,House,HD-66,1,,Ned Zimmer,Josh Schriver,,Josh Schriver,R,True,False,-32.0,-32.44,-23.85,4.17,-7.43,0.14,-5.0,5.3,,-30.84,0.0219,0.9781,Safe R,,
2026-09-06,MI-HD-67,MI,House,HD-67,1,,Leslie Getz,Phil Green,,Phil Green,R,True,False,-26.3,-25.34,-17.86,4.17,-7.43,-6.18,0.0,5.3,,-26.17,0.0435,0.9565,Safe R,,
2026-09-06,MI-HD-68,MI,House,HD-68,1,,Matt Schlinker,David Martin,Deanna L Martin,David Martin,R,True,False,-9.2,-8.68,-3.81,4.17,-7.43,-0.57,0.0,5.3,,-6.51,0.3351,0.6649,Lean R,,
2026-09-06,MI-HD-69,MI,House,HD-69,1,,Jasper Martus,Patrick Duvendeck,Adam Blake Childress,Jasper Martus,D,True,False,8.1,9.84,11.81,4.17,7.43,3.24,0.0,5.3,,27.79,0.9654,0.0346,Safe D,,
2026-09-06,MI-HD-7,MI,House,HD-7,1,,Tonya Phillips,Reginald Moorer,,Tonya Phillips,D,True,False,58.6,68.52,61.3,4.17,7.43,0.0,5.0,5.3,,79.03,1.0,0.0,Safe D,,
2026-09-06,MI-HD-70,MI,House,HD-70,1,,Cynthia Neeley,Larry Hutchinson Jr.,,Cynthia Neeley,D,True,False,55.3,57.93,52.37,4.17,7.43,12.17,0.0,5.3,,77.28,1.0,0.0,Safe D,,
2026-09-06,MI-HD-71,MI,House,HD-71,1,,Stephen Schlaack,Brian BeGole,,Brian BeGole,R,True,False,-23.9,-23.29,-16.13,4.17,-7.43,1.54,0.0,5.3,,-16.72,0.1372,0.8628,Likely R,,
2026-09-06,MI-HD-72,MI,House,HD-72,1,,Tom Ryan,Mike Mueller,,Mike Mueller,R,True,False,-14.0,-13.77,-8.1,4.17,-7.43,-2.22,0.0,5.3,,-12.45,0.2078,0.7922,Likely R,,
2026-09-06,MI-HD-73,MI,House,HD-73,1,,Julie Brixie,Joshua Rockey,,Julie Brixie,D,True,False,8.9,10.11,12.04,4.17,7.43,3.38,0.0,5.3,,28.15,0.9672,0.0328,Safe D,,
2026-09-06,MI-HD-74,MI,House,HD-74,1,,Harold A. Pope,Clinton Tarver,,Kara Hope,D,False,True,33.8,35.02,33.05,4.17,0.0,0.0,0.0,5.3,,38.35,0.9939,0.0061,Safe D,,
2026-09-06,MI-HD-75,MI,House,HD-75,1,,Penelope Tsernoglou,Frank Lambert,,Penelope Tsernoglou,D,True,False,19.1,19.95,20.34,4.17,7.43,-1.15,0.0,5.3,,31.92,0.9816,0.0184,Safe D,,
2026-09-06,MI-HD-76,MI,House,HD-76,1,,Angela Witwer,Bill Kaiser,,Angela Witwer,D,True,False,-0.2,0.21,3.69,4.17,7.43,4.51,0.0,5.3,,20.93,0.9145,0.0855,Likely D,,
2026-09-06,MI-HD-77,MI,House,HD-77,1,,Emily Dievendorf,Sally Jo Nelton,Jennifer Long,Emily Dievendorf,D,True,False,22.4,23.21,23.09,4.17,7.43,-0.66,0.0,5.3,,35.16,0.9892,0.0108,Safe D,,
2026-09-06,MI-HD-78,MI,House,HD-78,1,,Rachel Gross,Brandon L. Strong,Ben DeJong,Gina Johnsen,R,False,True,-30.6,-30.8,-22.46,4.17,0.0,0.0,0.0,5.3,,-17.16,0.1309,0.8691,Likely R,,
2026-09-06,MI-HD-79,MI,House,HD-79,1,,Zach Abbott,Angela Rigas,,Angela Rigas,R,True,False,-27.4,-28.61,-20.62,4.17,-7.43,-1.1,0.0,5.3,,-23.85,0.0594,0.9406,Likely R,,
2026-09-06,MI-HD-8,MI,House,HD-8,1,,Chris Gilmer-Hill,Bruce P. Langran,Stephen Boyle,Helena Scott,D,False,True,76.7,79.41,70.49,4.17,0.0,0.0,0.0,5.3,,75.79,1.0,0.0,Safe D,,
2026-09-06,MI-HD-80,MI,House,HD-80,1,,Lily Cheng-Schulting,Doug Lee,,Phil Skaggs,D,False,True,17.9,17.87,18.58,4.17,0.0,0.0,0.0,5.3,,23.88,0.9408,0.0592,Likely D,,
2026-09-06,MI-HD-81,MI,House,HD-81,1,,Stephen Wooden,Holly DeBoer,,Stephen Wooden,D,True,False,14.5,13.96,15.29,4.17,7.43,-1.11,0.0,5.3,,26.91,0.9608,0.0392,Safe D,,
2026-09-06,MI-HD-82,MI,House,HD-82,1,,Kristian Grant,Ryan Malinoski,,Kristian Grant,D,True,False,51.4,52.53,47.82,4.17,7.43,-1.83,0.0,5.3,,58.72,0.9999,0.0001,Safe D,,
2026-09-06,MI-HD-83,MI,House,HD-83,1,,John Fitzgerald,Cindy Ramirez,,John Fitzgerald,D,True,False,8.5,8.5,10.69,4.17,7.43,-1.18,0.0,5.3,,22.23,0.927,0.073,Likely D,,
2026-09-06,MI-HD-84,MI,House,HD-84,1,,Khristian Silvis,Drew Jake Robbins,,Carol Glanville,D,False,True,11.2,10.32,12.22,4.17,0.0,0.0,0.0,5.3,,17.52,0.874,0.126,Likely D,,
2026-09-06,MI-HD-85,MI,House,HD-85,1,,Rick Abraham,Brad Slagh,,Brad Slagh,R,True,False,-33.5,-35.42,-26.36,4.17,-7.43,0.0,-5.0,5.3,,-33.49,0.0143,0.9857,Safe R,,
2026-09-06,MI-HD-86,MI,House,HD-86,1,,Joseph McClusky,Nancy DeBoer,,Nancy DeBoer,R,True,False,-0.3,-0.93,2.73,4.17,-7.43,-3.89,0.0,5.3,,-3.29,0.4148,0.5852,Toss-up,,
2026-09-06,MI-HD-87,MI,House,HD-87,1,,Will Snyder,Cody A. Chipman,,Will Snyder,D,True,False,16.6,18.03,18.72,4.17,7.43,1.26,0.0,5.3,,32.71,0.9838,0.0162,Safe D,,
2026-09-06,MI-HD-88,MI,House,HD-88,1,,Kiel Reid,Greg VanWoerkom,,Greg VanWoerkom,R,True,False,-8.1,-8.85,-3.95,4.17,-7.43,-2.17,0.0,5.3,,-8.25,0.2948,0.7052,Lean R,,
2026-09-06,MI-HD-89,MI,House,HD-89,1,,Meegan Zickus,Joe Moss,,Luke Meerman,R,False,True,-33.2,-33.92,-25.09,4.17,0.0,0.0,0.0,5.3,,-19.79,0.0978,0.9022,Likely R,,
2026-09-06,MI-HD-9,MI,House,HD-9,1,,Willie Burton,Michele Lundgren,Jahdante John Elijah Smith,Joe Tate,D,False,True,83.2,86.47,76.45,4.17,0.0,0.12,0.0,5.3,,81.87,1.0,0.0,Safe D,,
2026-09-06,MI-HD-90,MI,House,HD-90,1,,Rachel Crowther,Lynn Afendoulis,,Bryan Posthumus,R,False,True,-17.9,-19.11,-12.6,4.17,0.0,-1.14,0.0,5.3,,-8.44,0.2905,0.7095,Lean R,,
2026-09-06,MI-HD-91,MI,House,HD-91,1,,Frank LaFata,Pat Outman,,Pat Outman,R,True,False,-37.0,-37.16,-27.83,4.17,-7.43,-12.52,0.0,5.3,,-42.48,0.0027,0.9973,Safe R,,
2026-09-06,MI-HD-92,MI,House,HD-92,1,,Luke Del Castillo,Jerry Neyer,,Jerry Neyer,R,True,False,-12.3,-11.19,-5.93,4.17,-7.43,-0.54,0.0,5.3,,-8.6,0.287,0.713,Lean R,,
2026-09-06,MI-HD-93,MI,House,HD-93,1,,Serenity Salak,Tim Kelly,,Tim Kelly,R,True,False,-31.9,-31.55,-23.09,4.17,-7.43,-2.28,0.0,5.3,,-27.51,0.036,0.964,Safe R,,
2026-09-06,MI-HD-94,MI,House,HD-94,1,,Amos O'Neal,Don Sugg,,Amos O'Neal,D,True,False,30.8,32.21,30.68,4.17,7.43,0.0,5.0,5.3,,48.41,0.9992,0.0008,Safe D,,
2026-09-06,MI-HD-95,MI,House,HD-95,1,,AnnMarie Horseman,Bill Schuette,,Bill Schuette,R,True,False,-17.4,-17.62,-11.35,4.17,-7.43,-2.33,0.0,5.3,,-15.81,0.1507,0.8493,Likely R,,
2026-09-06,MI-HD-96,MI,House,HD-96,1,,Christopher R. Girard,Timmy Beson,,Timmy Beson,R,True,False,-12.0,-11.35,-6.06,4.17,-7.43,0.0,-5.0,5.3,,-13.19,0.1943,0.8057,Likely R,,
2026-09-06,MI-HD-97,MI,House,HD-97,1,,Jack Bader,Briar Bearss,,Matt Bierlein,R,False,True,-32.5,-30.91,-22.56,4.17,0.0,0.0,0.0,5.3,,-17.26,0.1295,0.8705,Likely R,,
2026-09-06,MI-HD-98,MI,House,HD-98,1,,Keith Brusseau,Greg Alexander,,Greg Alexander,R,True,False,-46.4,-46.21,-35.46,4.17,-7.43,0.0,-5.0,5.3,,-42.59,0.0027,0.9973,Safe R,,
2026-09-06,MI-HD-99,MI,House,HD-99,1,,David Forgione,Mike Hoadley,Steven Jacob Lull,Mike Hoadley,R,True,False,-38.5,-38.02,-28.55,4.17,-7.43,0.17,-5.0,5.3,,-35.52,0.0101,0.9899,Safe R,,
2026-09-06,MI-SD-1,MI,Senate,SD-1,1,,Justin Onwenu,Patrick O'Connell,,Erika Geiss,D,False,True,31.4,54.55,49.52,4.17,0.0,0.0,0.0,5.3,,54.82,0.9998,0.0002,Safe D,,
2026-09-06,MI-SD-10,MI,Senate,SD-10,1,,Natalie Price,Michelle Nard,,Paul Wojno,D,False,True,24.6,32.0,30.5,4.17,0.0,-4.14,0.0,5.3,,31.66,0.9808,0.0192,Safe D,,
2026-09-06,MI-SD-11,MI,Senate,SD-11,1,,Veronica Klinefelt,Johnnie S. Townsend,,Veronica Klinefelt,D,True,False,-1.8,4.33,7.17,4.17,7.43,-0.09,5.0,5.3,,24.81,0.9476,0.0524,Likely D,,
2026-09-06,MI-SD-12,MI,Senate,SD-12,1,,Kevin Hertel,John Goldwater,,Kevin Hertel,D,True,False,-7.0,-6.83,-2.25,4.17,7.43,-5.83,0.0,5.3,,4.65,0.6196,0.3804,Lean D,,
2026-09-06,MI-SD-13,MI,Senate,SD-13,1,,Sean Carlson,Ryan Berman,,Rosemary Bayer,D,False,True,10.1,-0.78,2.85,4.17,0.0,5.66,0.0,5.3,,13.82,0.8169,0.1831,Likely D,,
2026-09-06,MI-SD-14,MI,Senate,SD-14,1,,Sue Shink,Tawn Beliger,,Sue Shink,D,True,False,9.5,9.85,11.82,4.17,7.43,0.65,0.0,5.3,,25.2,0.9503,0.0497,Safe D,,
2026-09-06,MI-SD-15,MI,Senate,SD-15,1,,Felicia Brabec,Jason Rogers,,Jeff Irwin,D,False,True,44.0,45.02,41.48,4.17,0.0,7.73,0.0,5.3,,54.52,0.9998,0.0002,Safe D,,
2026-09-06,MI-SD-16,MI,Senate,SD-16,1,,Deandre Barnes,Joe Bellino,,Joe Bellino,R,True,False,-30.0,-29.25,-21.15,4.17,-7.43,0.0,-5.0,5.3,,-28.29,0.0322,0.9678,Safe R,,
2026-09-06,MI-SD-17,MI,Senate,SD-17,1,,Ashleigh Baker,Jonathan Lindsey,,Jonathan Lindsey,R,True,False,-30.0,-29.87,-21.68,4.17,-7.43,-0.72,0.0,5.3,,-24.53,0.0544,0.9456,Likely R,,
2026-09-06,MI-SD-18,MI,Senate,SD-18,1,,Anthony Pennock,Thomas Albert,,Thomas Albert,R,True,False,-23.7,-23.63,-16.42,4.17,-7.43,-5.04,0.0,5.3,,-23.59,0.0614,0.9386,Likely R,,
2026-09-06,MI-SD-19,MI,Senate,SD-19,1,,Julie Rogers,Shaun Young,,Sean McCann,D,False,True,17.1,17.48,18.25,4.17,0.0,8.47,0.0,5.3,,32.03,0.9819,0.0181,Safe D,,
2026-09-06,MI-SD-2,MI,Senate,SD-2,1,,Abbas Alawieh,Harry Sawicki,,Sylvia Santana,D,False,True,17.9,3.46,6.43,4.17,0.0,10.23,0.0,5.3,,21.96,0.9245,0.0755,Likely D,,
2026-09-06,MI-SD-20,MI,Senate,SD-20,1,,Dale Murney,Chris Moraitis,,Aric Nesbitt,R,False,True,-17.0,-16.65,-10.53,4.17,0.0,0.0,0.0,5.3,,-5.23,0.3662,0.6338,Lean R,,
2026-09-06,MI-SD-21,MI,Senate,SD-21,1,,Sarah Anthony,Josh Burns,,Sarah Anthony,D,True,False,12.4,13.43,14.84,4.17,7.43,11.91,0.0,5.3,,39.48,0.9951,0.0049,Safe D,,
2026-09-06,MI-SD-22,MI,Senate,SD-22,1,,Robert Hower,Mike Murphy,,Lana Theis,R,False,True,-24.0,-24.35,-17.02,4.17,0.0,0.0,0.0,5.3,,-11.72,0.2217,0.7783,Likely R,,
2026-09-06,MI-SD-23,MI,Senate,SD-23,1,,Greg Hill,Donni Steele,,Jim Runestad,R,False,True,-14.9,-23.71,-16.48,4.17,0.0,-0.69,0.0,5.3,,-11.87,0.2188,0.7812,Likely R,,
2026-09-06,MI-SD-24,MI,Senate,SD-24,1,,Edlira Sako,Doug Wozniak,,Ruth Johnson,R,False,True,-30.1,-26.9,-19.17,4.17,0.0,0.0,0.0,5.3,,-13.87,0.1822,0.8178,Likely R,,
2026-09-06,MI-SD-25,MI,Senate,SD-25,1,,April Osentowski,Andrew Beeler,,Dan Lauwers,R,False,True,-37.4,-37.0,-27.69,4.17,0.0,-7.66,0.0,5.3,,-30.05,0.0247,0.9753,Safe R,,
2026-09-06,MI-SD-26,MI,Senate,SD-26,1,,Brendan Johnson,Matt Bierlein,,Kevin Daley,R,False,True,-27.4,-26.56,-18.89,4.17,0.0,0.0,0.0,5.3,,-13.59,0.1872,0.8128,Likely R,,
2026-09-06,MI-SD-27,MI,Senate,SD-27,1,,John Cherry,Bill Bain,,John Cherry,D,True,False,18.5,20.43,20.74,4.17,7.43,9.72,0.0,5.3,,43.19,0.9976,0.0024,Safe D,,
2026-09-06,MI-SD-28,MI,Senate,SD-28,1,,Rashida Harrison,Julie L. DeRose,,Sam Singh,D,False,True,9.5,9.87,11.84,4.17,0.0,0.0,0.0,5.3,,17.14,0.8688,0.1312,Likely D,,
2026-09-06,MI-SD-29,MI,Senate,SD-29,1,,Abbie Groff-Blaszak,Brady A. Middleton,,Winnie Brinks,D,False,True,26.0,26.42,25.8,4.17,0.0,0.0,0.0,5.3,,31.1,0.979,0.021,Safe D,,
2026-09-06,MI-SD-3,MI,Senate,SD-3,1,,John Conyers III,Mark Ashley Price,,Stephanie Chang,D,False,True,42.2,82.16,72.81,4.17,0.0,0.0,0.0,5.3,,78.11,1.0,0.0,Safe D,,
2026-09-06,MI-SD-30,MI,Senate,SD-30,1,,Carol Glanville,Mark Huizenga,,Mark Huizenga,R,True,False,4.3,3.53,6.49,4.17,-7.43,-13.12,0.0,5.3,,-8.76,0.2833,0.7167,Lean R,,
2026-09-06,MI-SD-31,MI,Senate,SD-31,1,,Chris Kleinjans,John Wetzel,,Roger Victory,R,False,True,-18.6,-19.78,-13.16,4.17,0.0,-0.38,0.0,5.3,,-8.25,0.2948,0.7052,Lean R,,
2026-09-06,MI-SD-32,MI,Senate,SD-32,1,,Rebecca Amidon,Kim Cole,,Jon Bumstead,R,False,True,-6.9,-6.4,-1.88,4.17,0.0,0.0,0.0,5.3,,3.42,0.5885,0.4115,Toss-up,,
2026-09-06,MI-SD-33,MI,Senate,SD-33,1,,Stan Opal,Gina Johnsen,,Rick Outman,R,False,True,-34.8,-34.97,-25.98,4.17,0.0,2.44,0.0,5.3,,-18.24,0.1165,0.8835,Likely R,,
2026-09-06,MI-SD-34,MI,Senate,SD-34,1,,Tyler Landgraf,Roger Hauck,,Roger Hauck,R,True,False,-31.1,-30.47,-22.18,4.17,-7.43,1.7,0.0,5.3,,-22.61,0.0696,0.9304,Likely R,,
2026-09-06,MI-SD-35,MI,Senate,SD-35,1,,Chedrick Greene,Jason Tunney,,Chedrick Greene,D,True,False,0.8,1.33,4.64,4.17,7.43,0.0,5.0,5.3,,22.37,0.9282,0.0718,Likely D,,
2026-09-06,MI-SD-36,MI,Senate,SD-36,1,,Mark W. Yonkman,Michele Hoitenga,,Michele Hoitenga,R,True,False,-36.9,-36.83,-27.55,4.17,-7.43,-3.28,0.0,5.3,,-32.96,0.0156,0.9844,Safe R,,
2026-09-06,MI-SD-37,MI,Senate,SD-37,1,,Kate Gallup,John Damoose,,John Damoose,R,True,False,-10.8,-11.52,-6.2,4.17,-7.43,-1.47,0.0,5.3,,-9.8,0.2608,0.7392,Lean R,,
2026-09-06,MI-SD-38,MI,Senate,SD-38,1,,Kelli van Ginhoven,David Prestin,Sara Cambensy,Ed McBroom,R,False,True,-18.6,-18.2,-11.84,4.17,0.0,0.18,0.0,5.3,,-6.36,0.3388,0.6612,Lean R,,
2026-09-06,MI-SD-4,MI,Senate,SD-4,1,,Darrin Camilleri,Marcie Grzywacz,,Darrin Camilleri,D,True,False,-0.9,1.49,4.77,4.17,7.43,-3.28,0.0,5.3,,14.23,0.8239,0.1761,Likely D,,
2026-09-06,MI-SD-5,MI,Senate,SD-5,1,,Matt Koleszar,Estelle Oliansky,,Dayna Polehanki,D,False,True,14.6,16.62,17.53,4.17,0.0,0.14,0.0,5.3,,22.97,0.9334,0.0666,Likely D,,
2026-09-06,MI-SD-6,MI,Senate,SD-6,1,,Mary Cavanagh,Joi Pokerwinski,,Mary Cavanagh,D,True,False,35.6,79.75,70.77,4.17,7.43,-1.51,0.0,5.3,,81.99,1.0,0.0,Safe D,,
2026-09-06,MI-SD-7,MI,Senate,SD-7,1,,Jason Hoskins,Anthony Paesano,,Jeremy Moss,D,False,True,43.0,38.3,35.81,4.17,0.0,0.86,0.0,5.3,,41.97,0.997,0.003,Safe D,,
2026-09-06,MI-SD-8,MI,Senate,SD-8,1,,Dayna Polehanki,Kenneth D. Massey,,Mallory McMorrow,D,False,True,51.6,12.0,13.64,4.17,0.0,1.61,0.0,5.3,,20.54,0.9104,0.0896,Likely D,,
2026-09-06,MI-SD-9,MI,Senate,SD-9,1,,Theresa Brooks,Michael Webber,Philippe Cicchini,Michael Webber,R,True,False,-5.2,-4.08,0.07,4.17,-7.43,0.53,0.0,5.3,,-1.54,0.46,0.54,Toss-up,,
2026-09-06,MN-10A,MN,House,10A,1,,Melissa Maertens,Mark Striemer,,Ron Kresha,R,False,True,-40.5,-40.55,-32.0,2.6,0.0,0.0,0.0,5.3,,-26.7,0.0404,0.9596,Safe R,,
2026-09-06,MN-10B,MN,House,10B,1,,Jeff Larson,Isaac Schultz,,Isaac Schultz,R,True,False,-58.2,-58.22,-46.91,2.6,-7.43,-0.45,0.0,5.3,,-49.49,0.0006,0.9994,Safe R,,
2026-09-06,MN-11A,MN,House,11A,1,,Chris Swanson,Jeff Dotseth,,Jeff Dotseth,R,True,False,-3.7,-2.48,0.1,2.6,-7.43,0.35,-5.0,5.3,,-6.68,0.3311,0.6689,Lean R,,
2026-09-06,MN-11B,MN,House,11B,1,,Jack L'Heureux,Nathan Nelson,,Nathan Nelson,R,True,False,-38.5,-37.93,-29.8,2.6,-7.43,0.44,0.0,5.3,,-31.48,0.0198,0.9802,Safe R,,
2026-09-06,MN-12A,MN,House,12A,1,,Talitha Anderson,Paul Anderson,,Paul Anderson,R,True,False,-36.8,-36.08,-28.23,2.6,-7.43,-3.02,0.0,5.3,,-33.38,0.0145,0.9855,Safe R,,
2026-09-06,MN-12B,MN,House,12B,1,,Michael Gardner,Mary Franson,,Mary Franson,R,True,False,-37.9,-38.23,-30.05,2.6,-7.43,-6.82,0.0,5.3,,-39.0,0.0054,0.9946,Safe R,,
2026-09-06,MN-13A,MN,House,13A,1,,Arlis Sayler,Tanja Goering,,Lisa Demuth,R,False,True,-42.0,-41.28,-32.62,2.6,0.0,0.0,0.0,5.3,,-27.32,0.037,0.963,Safe R,,
2026-09-06,MN-13B,MN,House,13B,1,,Justin Doyle,Dawn Loberg,,Tim O'Driscoll,R,False,True,-26.0,-26.91,-20.5,2.6,0.0,0.0,0.0,5.3,,-15.2,0.1601,0.8399,Likely R,,
2026-09-06,MN-14A,MN,House,14A,1,,Abdi Daisane,Mike Conway,,Bernie Perryman,R,False,True,-6.5,-5.4,-2.36,2.6,0.0,-2.25,0.0,5.3,,0.69,0.518,0.482,Toss-up,,
2026-09-06,MN-14B,MN,House,14B,1,,Zach Dorholt,Sue Ek,,Dan Wolgamott,D,False,True,-1.8,-0.79,1.53,2.6,0.0,0.89,0.0,5.3,,7.71,0.693,0.307,Lean D,,
2026-09-06,MN-15A,MN,House,15A,1,,Nathan Schmig,Bradley L Hennen,,Chris Swedzinski,R,False,True,-33.6,-33.03,-25.66,2.6,0.0,0.0,0.0,5.3,,-20.36,0.0915,0.9085,Likely R,,
2026-09-06,MN-15B,MN,House,15B,1,,Keith R. Klawitter,Geri Theis,,Paul Torkelson,R,False,True,-37.5,-37.92,-29.79,2.6,0.0,0.0,0.0,5.3,,-24.49,0.0546,0.9454,Likely R,,
2026-09-06,MN-16A,MN,House,16A,1,,David J Torgelson,Scott Van Binsbergen,,Scott Van Binsbergen,R,True,False,-38.8,-38.62,-30.38,2.6,-7.43,-1.67,0.0,5.3,,-34.18,0.0127,0.9873,Safe R,,
2026-09-06,MN-16B,MN,House,16B,1,,Julie Henslin,Dave Baker,,Dave Baker,R,True,False,-30.7,-29.91,-23.03,2.6,-7.43,-7.99,0.0,5.3,,-33.15,0.0151,0.9849,Safe R,,
2026-09-06,MN-17A,MN,House,17A,1,,Mali Anderson,Dawn Gillman,,Dawn Gillman,R,True,False,-39.0,-39.64,-31.24,2.6,-7.43,-1.18,0.0,5.3,,-34.55,0.0119,0.9881,Safe R,,
2026-09-06,MN-17B,MN,House,17B,1,,Ben Wieman,Bobbie Harder,,Bobbie Harder,R,True,False,-35.9,-36.88,-28.91,2.6,-7.43,-1.57,0.0,5.3,,-32.61,0.0165,0.9835,Safe R,,
2026-09-06,MN-18A,MN,House,18A,1,,Leah Hanson,Erica Schwartz,,Erica Schwartz,R,True,False,-1.4,-0.67,1.63,2.6,-7.43,-0.76,0.0,5.3,,-1.26,0.4672,0.5328,Toss-up,,
2026-09-06,MN-18B,MN,House,18B,1,,Luke Frederick,,,Luke Frederick,D,True,False,11.8,13.54,13.62,2.6,7.43,-0.15,5.0,5.3,D,31.2,0.98,0.02,Safe D,,
2026-09-06,MN-19A,MN,House,19A,1,,Martha Brown,Keith Allen,,Keith Allen,R,True,False,-28.2,-27.58,-21.07,2.6,-7.43,-0.39,0.0,5.3,,-23.58,0.0615,0.9385,Likely R,,
2026-09-06,MN-19B,MN,House,19B,1,,Zack Meyman,Tom Sexton,,Tom Sexton,R,True,False,-22.3,-22.66,-16.92,2.6,-7.43,0.0,-5.0,5.3,,-24.05,0.0579,0.9421,Likely R,,
2026-09-06,MN-1A,MN,House,1A,1,,Leanna Sandahl,John Burkel,,John Burkel,R,True,False,-41.5,-41.28,-32.62,2.6,-7.43,-3.95,0.0,5.3,,-38.7,0.0057,0.9943,Safe R,,
2026-09-06,MN-1B,MN,House,1B,1,,Jennifer Compeau,Steve Gander,,Steve Gander,R,True,False,-32.3,-31.5,-24.37,2.6,-7.43,-0.8,0.0,5.3,,-27.3,0.0371,0.9629,Safe R,,
2026-09-06,MN-20A,MN,House,20A,1,,Heather Arndt,Pam Altendorf,,Pam Altendorf,R,True,False,-12.2,-12.08,-7.99,2.6,-7.43,-2.25,0.0,5.3,,-12.37,0.2092,0.7908,Likely R,,
2026-09-06,MN-20B,MN,House,20B,1,,Steve Holm,Sara Bertschinger,,Steve Jacob,R,False,True,-30.2,-30.77,-23.75,2.6,0.0,0.0,0.0,5.3,,-18.45,0.1138,0.8862,Likely R,,
2026-09-06,MN-21A,MN,House,21A,1,,LS Rusty Nelson,Krist Wollum,,Joe Schomacker,R,False,True,-44.4,-44.73,-35.53,2.6,0.0,0.0,0.0,5.3,,-30.23,0.024,0.976,Safe R,,
2026-09-06,MN-21B,MN,House,21B,1,,Jon Wilson,Marj Fogelman,,Marj Fogelman,R,True,False,-32.8,-32.15,-24.92,2.6,-7.43,0.09,-5.0,5.3,,-31.96,0.0183,0.9817,Safe R,,
2026-09-06,MN-22A,MN,House,22A,1,,Sonja L. Denn,Bjorn Olson,,Bjorn Olson,R,True,False,-33.8,-34.11,-26.57,2.6,-7.43,-1.88,0.0,5.3,,-30.58,0.0228,0.9772,Safe R,,
2026-09-06,MN-22B,MN,House,22B,1,,Mary Nesgoda,Terry Stier,,Terry Stier,R,True,False,-33.1,-33.28,-25.87,2.6,-7.43,-1.56,0.0,5.3,,-29.56,0.0266,0.9734,Safe R,,
2026-09-06,MN-23A,MN,House,23A,1,,Joe Staloch,Nick Ronnenberg,,Peggy Bennett,R,False,True,-27.4,-26.7,-20.32,2.6,0.0,-3.06,0.0,5.3,,-18.08,0.1186,0.8814,Likely R,,
2026-09-06,MN-23B,MN,House,23B,1,,Christoph Dundas,Patty Mueller,,Patty Mueller,R,True,False,-11.1,-10.01,-6.25,2.6,-7.43,0.0,-5.0,5.3,,-13.38,0.1908,0.8092,Likely R,,
2026-09-06,MN-24A,MN,House,24A,1,,Heather Holmes,Duane Quam,,Duane Quam,R,True,False,-22.6,-22.23,-16.55,2.6,-7.43,-3.93,0.0,5.3,,-22.61,0.0697,0.9303,Likely R,,
2026-09-06,MN-24B,MN,House,24B,1,,Tina Liebling,John Michael Ajouri,,Tina Liebling,D,True,False,16.8,16.0,15.69,2.6,7.43,-0.3,5.0,5.3,,33.12,0.9848,0.0152,Safe D,,
2026-09-06,MN-25A,MN,House,25A,1,,Kim Hicks,Brad Trahan,,Kim Hicks,D,True,False,15.9,15.49,15.26,2.6,7.43,-1.39,0.0,5.3,,26.6,0.959,0.041,Safe D,,
2026-09-06,MN-25B,MN,House,25B,1,,Andy Smith,Wes Lund,,Andy Smith,D,True,False,28.7,28.74,26.44,2.6,7.43,-0.4,0.0,5.3,,38.76,0.9944,0.0056,Safe D,,
2026-09-06,MN-26A,MN,House,26A,1,,Danny Wilson,Ripper Repinski,,Ripper Repinski,R,True,False,-0.3,1.01,3.05,2.6,-7.43,0.0,-5.0,5.3,,-4.09,0.3947,0.6053,Lean R,,
2026-09-06,MN-26B,MN,House,26B,1,,Allie Wolf,Greg Davids,,Greg Davids,R,True,False,-22.5,-22.13,-16.47,2.6,-7.43,-1.61,0.0,5.3,,-20.21,0.0932,0.9068,Likely R,,
2026-09-06,MN-27A,MN,House,27A,1,,Vanessa Davenport,Shane Mekeland,,Shane Mekeland,R,True,False,-40.6,-41.6,-32.89,2.6,-7.43,-0.71,0.0,5.3,,-35.73,0.0097,0.9903,Safe R,,
2026-09-06,MN-27B,MN,House,27B,1,,Charles A. McConaughay,Bryan Lawrence,,Bryan Lawrence,R,True,False,-45.9,-46.39,-36.93,2.6,-7.43,-0.9,0.0,5.3,,-39.96,0.0045,0.9955,Safe R,,
2026-09-06,MN-28A,MN,House,28A,1,,Tim Dummer,Jimmy Gordon,,Jimmy Gordon,R,True,False,-38.3,-38.85,-30.57,2.6,-7.43,0.83,0.0,5.3,,-31.87,0.0186,0.9814,Safe R,,
2026-09-06,MN-28B,MN,House,28B,1,,Daniel Colten Schmidt,Max Rymer,,Max Rymer,R,True,False,-29.5,-29.5,-22.68,2.6,-7.43,-0.3,-5.0,5.3,,-30.12,0.0244,0.9756,Safe R,,
2026-09-06,MN-29A,MN,House,29A,1,,Emily Dahlgren,Joe McDonald,,Joe McDonald,R,True,False,-35.2,-35.54,-27.78,2.6,-7.43,-2.37,0.0,5.3,,-32.28,0.0174,0.9826,Safe R,,
2026-09-06,MN-29B,MN,House,29B,1,,Colton Kratky,Marion Rarick,,Marion Rarick,R,True,False,-28.0,-28.6,-21.93,2.6,-7.43,-1.86,0.0,5.3,,-25.92,0.045,0.955,Safe R,,
2026-09-06,MN-2A,MN,House,2A,1,,Reed Olson,Bidal Duran,,Bidal Duran,R,True,False,-7.0,-6.94,-3.66,2.6,-7.43,2.33,0.0,5.3,,-3.46,0.4104,0.5896,Toss-up,,
2026-09-06,MN-2B,MN,House,2B,1,,Emily Thabes,Matt Bliss,,Matt Bliss,R,True,False,-25.3,-24.63,-18.58,2.6,-7.43,-0.79,0.0,5.3,,-21.5,0.0799,0.9201,Likely R,,
2026-09-06,MN-30A,MN,House,30A,1,,Joey Smyth,Walter Hudson,,Walter Hudson,R,True,False,-24.5,-25.54,-19.35,2.6,-7.43,-0.48,0.0,5.3,,-21.96,0.0755,0.9245,Likely R,,
2026-09-06,MN-30B,MN,House,30B,1,,Keenan Gentry,Chad Westberg,,Paul Novotny,R,False,True,-26.3,-27.72,-21.19,2.6,0.0,0.0,0.0,5.3,,-15.89,0.1494,0.8506,Likely R,,
2026-09-06,MN-31A,MN,House,31A,1,,Brian Walker,Harry Niska,,Harry Niska,R,True,False,-17.2,-17.98,-12.97,2.6,-7.43,-1.9,0.0,5.3,,-17.0,0.1332,0.8668,Likely R,,
2026-09-06,MN-31B,MN,House,31B,1,,Jen Bloomquist,Peggy Scott,,Peggy Scott,R,True,False,-33.3,-33.51,-26.06,2.6,-7.43,-3.01,0.0,5.3,,-31.21,0.0206,0.9794,Safe R,,
2026-09-06,MN-32A,MN,House,32A,1,,Amanda Matchett,Nolan West,,Nolan West,R,True,False,-7.2,-7.61,-4.22,2.6,-7.43,-3.48,0.0,5.3,,-9.83,0.2601,0.7399,Lean R,,
2026-09-06,MN-32B,MN,House,32B,1,,Matt Norris,Leslie Larson,,Matt Norris,D,True,False,1.1,1.72,3.65,2.6,7.43,0.2,5.0,5.3,,21.58,0.9209,0.0791,Likely D,,
2026-09-06,MN-33A,MN,House,33A,1,,Angela Thompson,Stacey Stout,,Patti Anderson,R,False,True,-7.5,-7.5,-4.13,2.6,0.0,0.0,0.0,5.3,,1.17,0.5305,0.4695,Toss-up,,
2026-09-06,MN-33B,MN,House,33B,1,,Josiah Hill,Jessica L. Johnson,,Josiah Hill,D,True,False,8.7,7.71,8.7,2.6,7.43,-10.83,0.0,5.3,,10.61,0.7561,0.2439,Likely D,,
2026-09-06,MN-34A,MN,House,34A,1,,Jason Heaser,Danny Nadeau,,Danny Nadeau,R,True,False,0.8,-0.73,1.58,2.6,-7.43,-2.95,0.0,5.3,,-3.5,0.4095,0.5905,Toss-up,,
2026-09-06,MN-34B,MN,House,34B,1,,Xp Lee,Ruth Bittner,,Xp Lee,D,True,False,27.4,26.81,24.81,2.6,7.43,0.0,5.0,5.3,,42.54,0.9973,0.0027,Safe D,,
2026-09-06,MN-35A,MN,House,35A,1,,Zack Stephenson,Josh Jungling,,Zack Stephenson,D,True,False,3.5,3.14,4.84,2.6,7.43,0.26,5.0,5.3,,22.83,0.9323,0.0677,Likely D,,
2026-09-06,MN-35B,MN,House,35B,1,,Kari Rehrauer,Steve Pape,,Kari Rehrauer,D,True,False,2.6,2.39,4.21,2.6,7.43,-1.51,0.0,5.3,,15.44,0.8436,0.1564,Likely D,,
2026-09-06,MN-36A,MN,House,36A,1,,Jim DeMay,Sebastian Stoss,,Elliott Engen,R,False,True,2.1,2.02,3.9,2.6,0.0,0.0,0.0,5.3,,9.2,0.7263,0.2737,Lean D,,
2026-09-06,MN-36B,MN,House,36B,1,,Brion Curran,Patty Bradway,,Brion Curran,D,True,False,16.6,16.49,16.1,2.6,7.43,-9.65,0.0,5.3,,19.18,0.8951,0.1049,Likely D,,
2026-09-06,MN-37A,MN,House,37A,1,,Darci Smith,Tom McKee,,Kristin Robbins,R,False,True,-0.4,-1.71,0.76,2.6,0.0,0.0,0.0,5.3,,6.06,0.654,0.346,Lean D,,
2026-09-06,MN-37B,MN,House,37B,1,,Kristin Bahner,Luke Doerer,,Kristin Bahner,D,True,False,17.1,16.19,15.85,2.6,7.43,-2.31,0.0,5.3,,26.27,0.9571,0.0429,Safe D,,
2026-09-06,MN-38A,MN,House,38A,1,,Huldah Momanyi-Hiltsley,Charlie Kistler,,Huldah Hiltsley,D,True,False,34.3,36.43,32.92,2.6,7.43,0.0,5.0,5.3,,50.65,0.9995,0.0005,Safe D,,
2026-09-06,MN-38B,MN,House,38B,1,,Samantha Vang,Robert Marvin,,Samantha Vang,D,True,False,43.9,45.26,40.37,2.6,7.43,4.89,0.0,5.3,,57.98,0.9999,0.0001,Safe D,,
2026-09-06,MN-39A,MN,House,39A,1,,Aaron Klemz,Andy Macko,,Erin Koegel,D,False,True,26.3,27.54,25.42,2.6,0.0,0.0,0.0,5.3,,30.72,0.9777,0.0223,Safe D,,
2026-09-06,MN-39B,MN,House,39B,1,,Amada Marquez Simula,Kt Jacobs,,Sandra Feist,D,False,True,41.6,43.39,38.79,2.6,0.0,0.05,0.0,5.3,,44.13,0.998,0.002,Safe D,,
2026-09-06,MN-3A,MN,House,3A,1,,Aaron Kania,Roger Skraba,,Roger Skraba,R,True,False,-7.0,-6.89,-3.62,2.6,-7.43,-2.6,0.0,5.3,,-8.35,0.2925,0.7075,Lean R,,
2026-09-06,MN-3B,MN,House,3B,1,,Aaron Schweiger,Natalie Zeleznikar,,Natalie Zeleznikar,R,True,False,4.1,4.87,6.31,2.6,-7.43,-1.84,0.0,5.3,,2.33,0.5606,0.4394,Toss-up,,
2026-09-06,MN-40A,MN,House,40A,1,,Aisha Elmquist,Luis Withrow,,Kelly Moller,D,False,True,26.8,27.21,25.14,2.6,0.0,0.0,0.0,5.3,,30.44,0.9768,0.0232,Safe D,,
2026-09-06,MN-40B,MN,House,40B,1,,David Gottfried,Allen Shen,,David Gottfried,D,True,False,38.6,39.22,35.27,2.6,7.43,0.0,5.0,5.3,,53.0,0.9997,0.0003,Safe D,,
2026-09-06,MN-41A,MN,House,41A,1,,Cole Birkeland,Wayne Johnson,,Wayne Johnson,R,True,False,4.2,4.02,5.59,2.6,-7.43,-2.02,0.0,5.3,,1.44,0.5374,0.4626,Toss-up,,
2026-09-06,MN-41B,MN,House,41B,1,,Jen Fox,William Beck,,Tom Dippel,R,False,True,-1.9,-0.43,1.83,2.6,0.0,-0.56,0.0,5.3,,6.57,0.6663,0.3337,Lean D,,
2026-09-06,MN-42A,MN,House,42A,1,,Ned Carroll,Kathy Burkett,,Ned Carroll,D,True,False,24.2,24.32,22.71,2.6,7.43,-7.16,0.0,5.3,,28.28,0.9678,0.0322,Safe D,,
2026-09-06,MN-42B,MN,House,42B,1,,Ginny Klevorn,,,Ginny Klevorn,D,True,False,29.4,28.96,26.62,2.6,7.43,-0.49,0.0,5.3,D,38.87,0.98,0.02,Safe D,,
2026-09-06,MN-43A,MN,House,43A,1,,Kyrstin Schuette,Todd Hesemann,,Cedrick Frazier,D,False,True,37.0,37.11,33.5,2.6,0.0,-1.53,0.0,5.3,,37.27,0.9926,0.0074,Safe D,,
2026-09-06,MN-43B,MN,House,43B,1,,Jess Lewis,,,Mike Freiberg,D,False,True,51.9,52.15,46.18,2.6,0.0,0.0,0.0,5.3,D,51.48,0.98,0.02,Safe D,,
2026-09-06,MN-44A,MN,House,44A,1,,Peter Fischer,Justin Middaugh,,Peter Fischer,D,True,False,25.1,26.5,24.55,2.6,7.43,-0.07,5.0,5.3,,42.21,0.9971,0.0029,Safe D,,
2026-09-06,MN-44B,MN,House,44B,1,,Leon Lillie,,TJ Hawthorne,Leon Lillie,D,True,False,16.3,16.51,16.12,2.6,7.43,1.01,0.0,5.3,D,29.86,0.98,0.02,Safe D,,
2026-09-06,MN-45A,MN,House,45A,1,,Tracey Breazeale,Andrew Myers,,Andrew Myers,R,True,False,1.7,1.23,3.24,2.6,-7.43,-8.85,0.0,5.3,,-7.75,0.3062,0.6938,Lean R,,
2026-09-06,MN-45B,MN,House,45B,1,,Patty Acomb,Thomas Bergerson,,Patty Acomb,D,True,False,31.1,31.35,28.63,2.6,7.43,0.0,5.0,5.3,,46.37,0.9988,0.0012,Safe D,,
2026-09-06,MN-46A,MN,House,46A,1,,Larry Kraft,Karl Olson,,Larry Kraft,D,True,False,53.2,54.41,48.09,2.6,7.43,-1.04,0.0,5.3,,59.78,1.0,0.0,Safe D,,
2026-09-06,MN-46B,MN,House,46B,1,,Cheryl Youakim,Kim Rich,,Cheryl Youakim,D,True,False,44.0,44.9,40.07,2.6,7.43,-6.56,0.0,5.3,,46.24,0.9988,0.0012,Safe D,,
2026-09-06,MN-47A,MN,House,47A,1,,Shelley Buck,,,Shelley Buck,D,True,False,25.3,25.84,23.99,2.6,7.43,0.0,5.0,5.3,D,41.72,0.98,0.02,Safe D,,
2026-09-06,MN-47B,MN,House,47B,1,,Ethan Cha,,Kim Wilson,Ethan Cha,D,True,False,18.6,18.37,17.69,2.6,7.43,-3.6,0.0,5.3,D,26.82,0.98,0.02,Safe D,,
2026-09-06,MN-48A,MN,House,48A,1,,Joe Brothers,Jim Nash,,Jim Nash,R,True,False,-9.2,-11.3,-7.33,2.6,-7.43,-3.82,0.0,5.3,,-13.28,0.1925,0.8075,Likely R,,
2026-09-06,MN-48B,MN,House,48B,1,,Lucy Rehm,Caleb Steffenhagen,,Lucy Rehm,D,True,False,10.4,10.74,11.26,2.6,7.43,-3.77,0.0,5.3,,20.22,0.9069,0.0931,Likely D,,
2026-09-06,MN-49A,MN,House,49A,1,,Alex Falconer,Jeff Houdek,,Alex Falconer,D,True,False,31.3,31.44,28.71,2.6,7.43,-3.58,0.0,5.3,,37.86,0.9934,0.0066,Safe D,,
2026-09-06,MN-49B,MN,House,49B,1,,Carlie Kotyza-Witthuhn,Wendy Cregg,,Carlie Kotyza-Witthuhn,D,True,False,26.4,26.13,24.24,2.6,7.43,-4.48,0.0,5.3,,32.49,0.9832,0.0168,Safe D,,
2026-09-06,MN-4A,MN,House,4A,1,,Erika Yoney,Andrew Rockhold,,Heather Keeler,D,False,True,15.1,16.19,15.85,2.6,0.0,0.0,0.0,5.3,,21.15,0.9167,0.0833,Likely D,,
2026-09-06,MN-4B,MN,House,4B,1,,Thaddeus Laugisch,Jim Joy,,Jim Joy,R,True,False,-24.6,-23.13,-17.31,2.6,-7.43,-7.06,0.0,5.3,,-26.5,0.0416,0.9584,Safe R,,
2026-09-06,MN-50A,MN,House,50A,1,,Julie Greene,Chris Wedum,,Julie Greene,D,True,False,40.0,40.19,36.09,2.6,7.43,-3.88,0.0,5.3,,44.95,0.9984,0.0016,Safe D,,
2026-09-06,MN-50B,MN,House,50B,1,,Steve Elkins,,,Steve Elkins,D,True,False,31.1,31.11,28.43,2.6,7.43,-1.75,0.0,5.3,D,39.41,0.98,0.02,Safe D,,
2026-09-06,MN-51A,MN,House,51A,1,,Mike Howard,Frank Pafko,,Mike Howard,D,True,False,49.0,50.86,45.1,2.6,7.43,-0.15,5.0,5.3,,62.68,1.0,0.0,Safe D,,
2026-09-06,MN-51B,MN,House,51B,1,,Nathan Coulter,Jim Lund,,Nathan Coulter,D,True,False,29.1,29.82,27.34,2.6,7.43,-0.29,5.0,5.3,,44.79,0.9983,0.0017,Safe D,,
2026-09-06,MN-52A,MN,House,52A,1,,Christos Roy Jensen,George Gilmour,,Liz Reyer,D,False,True,26.6,26.44,24.5,2.6,0.0,0.0,0.0,5.3,,29.8,0.9743,0.0257,Safe D,,
2026-09-06,MN-52B,MN,House,52B,1,,Bianca Virnig,Tom Lopac,,Bianca Virnig,D,True,False,30.1,30.14,27.61,2.6,7.43,-3.3,0.0,5.3,,37.04,0.9923,0.0077,Safe D,,
2026-09-06,MN-53A,MN,House,53A,1,,Mary Clardy,AJ Gubash,,Mary Clardy,D,True,False,20.5,20.32,19.34,2.6,7.43,0.0,5.0,5.3,,37.07,0.9923,0.0077,Safe D,,
2026-09-06,MN-53B,MN,House,53B,1,,Rick Hansen,Patti Mikulski,,Rick Hansen,D,True,False,13.0,14.57,14.48,2.6,7.43,1.81,0.0,5.3,,29.03,0.9712,0.0288,Safe D,,
2026-09-06,MN-54A,MN,House,54A,1,,Brad Tabke,Aaron Paul,,Brad Tabke,D,True,False,4.4,4.91,6.34,2.6,7.43,-3.33,0.0,5.3,,15.74,0.8483,0.1517,Likely D,,
2026-09-06,MN-54B,MN,House,54B,1,,Christopher Kartschoke,Natalie Barnes,,Ben Bakeberg,R,False,True,-11.7,-12.69,-8.51,2.6,0.0,0.0,0.0,5.3,,-3.21,0.4169,0.5831,Toss-up,,
2026-09-06,MN-55A,MN,House,55A,1,,Jess Hanson,Pam Myhra,,Jess Hanson,D,True,False,10.6,11.7,12.06,2.6,7.43,-2.09,0.0,5.3,,22.71,0.9312,0.0688,Likely D,,
2026-09-06,MN-55B,MN,House,55B,1,,Hunter Cantrell,Todd Buchwald,,Kaela Berg,D,False,True,20.8,20.84,19.77,2.6,0.0,0.0,0.0,5.3,,25.07,0.9495,0.0505,Likely D,,
2026-09-06,MN-56A,MN,House,56A,1,,Robert Bierman,A.J. Prospect,,Robert Bierman,D,True,False,22.7,22.55,21.22,2.6,7.43,-0.01,5.0,5.3,,38.94,0.9946,0.0054,Safe D,,
2026-09-06,MN-56B,MN,House,56B,1,,John Huot,Andrew Hattaway,,John Huot,D,True,False,14.3,15.22,15.03,2.6,7.43,-1.3,0.0,5.3,,26.46,0.9582,0.0418,Safe D,,
2026-09-06,MN-57A,MN,House,57A,1,,JD Delgado,Jon Koznick,,Jon Koznick,R,True,False,-15.1,-15.81,-11.14,2.6,-7.43,-3.81,0.0,5.3,,-17.08,0.132,0.868,Likely R,,
2026-09-06,MN-57B,MN,House,57B,1,,Brian Cohn,Jeff Witte,,Jeff Witte,R,True,False,2.0,1.28,3.28,2.6,-7.43,-5.06,0.0,5.3,,-3.91,0.3991,0.6009,Lean R,,
2026-09-06,MN-58A,MN,House,58A,1,,Kristi Pursell,Steven E. Cherney,,Kristi Pursell,D,True,False,6.0,6.34,7.54,2.6,7.43,-0.43,0.0,5.3,,19.84,0.9028,0.0972,Likely D,,
2026-09-06,MN-58B,MN,House,58B,1,,Ed Fellows,Drew Roach,,Drew Roach,R,True,False,-18.8,-16.9,-12.06,2.6,-7.43,-1.17,0.0,5.3,,-15.35,0.1577,0.8423,Likely R,,
2026-09-06,MN-59A,MN,House,59A,1,,Fue Lee,,,Fue Lee,D,True,False,63.5,66.91,58.62,2.6,7.43,0.0,5.0,5.3,D,76.36,0.98,0.02,Safe D,,
2026-09-06,MN-59B,MN,House,59B,1,,Esther Agbaje,Kenneth Smoron,,Esther Agbaje,D,True,False,68.5,71.66,62.64,2.6,7.43,-2.62,0.0,5.3,,72.74,1.0,0.0,Safe D,,
2026-09-06,MN-5A,MN,House,5A,1,,Dan S. Mitchell,Krista Knudsen,,Krista Knudsen,R,True,False,-40.4,-40.62,-32.06,2.6,-7.43,-0.87,0.0,5.3,,-35.06,0.0109,0.9891,Safe R,,
2026-09-06,MN-5B,MN,House,5B,1,,Maggie Evers,Jonathan Claussen,,Mike Wiener,R,False,True,-52.2,-51.77,-41.47,2.6,0.0,0.0,0.0,5.3,,-36.17,0.009,0.991,Safe R,,
2026-09-06,MN-60A,MN,House,60A,1,,Sydney Jordan,John Holmberg,,Sydney Jordan,D,True,False,69.7,72.2,63.09,2.6,7.43,-0.11,5.0,5.3,,80.71,1.0,0.0,Safe D,,
2026-09-06,MN-60B,MN,House,60B,1,,Mohamud Noor,,,Mohamud Noor,D,True,False,65.8,70.89,61.98,2.6,7.43,-0.13,5.0,5.3,D,79.59,0.98,0.02,Safe D,,
2026-09-06,MN-61A,MN,House,61A,1,,Katie Jones,,,Katie Jones,D,True,False,74.4,76.27,66.52,2.6,7.43,0.0,5.0,5.3,D,84.25,0.98,0.02,Safe D,,
2026-09-06,MN-61B,MN,House,61B,1,,Jamie Long,,,Jamie Long,D,True,False,79.6,80.86,70.39,2.6,7.43,-0.44,0.0,5.3,D,82.69,0.98,0.02,Safe D,,
2026-09-06,MN-62A,MN,House,62A,1,,Aisha Gomez,,,Aisha Gomez,D,True,False,75.3,81.04,70.55,2.6,7.43,1.79,0.0,5.3,D,85.06,0.98,0.02,Safe D,,
2026-09-06,MN-62B,MN,House,62B,1,,Anquam Mahamoud,Bob Sullentrop,,Anquam Mahamoud,D,True,False,76.5,81.03,70.54,2.6,7.43,-1.31,0.0,5.3,,81.95,1.0,0.0,Safe D,,
2026-09-06,MN-63A,MN,House,63A,1,,Samantha Sencer-Mura,Kyle Bragg,,Samantha Sencer-Mura,D,True,False,78.5,80.76,70.31,2.6,7.43,0.0,5.0,5.3,,88.04,1.0,0.0,Safe D,,
2026-09-06,MN-63B,MN,House,63B,1,,Emma Greenman,Nicholas Peters,,Emma Greenman,D,True,False,75.2,75.52,65.89,2.6,7.43,-1.47,0.0,5.3,,77.15,1.0,0.0,Safe D,,
2026-09-06,MN-64A,MN,House,64A,1,,Meg Luger-Nikolai,,,Meg Luger-Nikolai,D,True,False,70.9,72.38,63.24,2.6,7.43,0.0,5.0,5.3,D,80.97,0.98,0.02,Safe D,,
2026-09-06,MN-64B,MN,House,64B,1,,Dave Pinto,,,Dave Pinto,D,True,False,64.1,65.44,57.39,2.6,7.43,-1.46,0.0,5.3,D,68.66,0.98,0.02,Safe D,,
2026-09-06,MN-65A,MN,House,65A,1,,Samakab Hussein,,,Samakab Hussein,D,True,False,55.7,61.91,54.41,2.6,7.43,0.0,5.0,5.3,D,72.14,0.98,0.02,Safe D,,
2026-09-06,MN-65B,MN,House,65B,1,,Sebastian Ellefson,,,María Isa Pérez-Vega,D,False,True,53.5,56.2,49.59,2.6,0.0,0.0,0.0,5.3,D,54.89,0.98,0.02,Safe D,,
2026-09-06,MN-66A,MN,House,66A,1,,Leigh Finke,Mark Born,,Leigh Finke,D,True,False,65.5,68.2,59.72,2.6,7.43,-1.41,0.0,5.3,,71.04,1.0,0.0,Safe D,,
2026-09-06,MN-66B,MN,House,66B,1,,Athena Hollins,Mary O'Neal,,Athena Hollins,D,True,False,47.9,51.36,45.52,2.6,7.43,1.88,0.0,5.3,,60.12,1.0,0.0,Safe D,,
2026-09-06,MN-67A,MN,House,67A,1,,Liz Lee,Jennifer McPherson,,Liz Lee,D,True,False,34.6,39.02,35.11,2.6,7.43,4.94,0.0,5.3,,52.78,0.9997,0.0003,Safe D,,
2026-09-06,MN-67B,MN,House,67B,1,,Jay Xiong,,,Jay Xiong,D,True,False,39.6,43.28,38.7,2.6,7.43,3.67,0.0,5.3,D,55.1,0.98,0.02,Safe D,,
2026-09-06,MN-6A,MN,House,6A,1,,Samuel Grigsby,Ben Davis,,Ben Davis,R,True,False,-26.1,-26.0,-19.73,2.6,-7.43,-2.26,0.0,5.3,,-24.13,0.0573,0.9427,Likely R,,
2026-09-06,MN-6B,MN,House,6B,1,,Nicky Hardy,Josh Heintzeman,,Josh Heintzeman,R,True,False,-27.7,-28.13,-21.53,2.6,-7.43,-0.96,0.0,5.3,,-24.62,0.0537,0.9463,Likely R,,
2026-09-06,MN-7A,MN,House,7A,1,,Erin McCabe Ningen,Spencer Igo,,Spencer Igo,R,True,False,-17.7,-16.39,-11.62,2.6,-7.43,-1.14,0.0,5.3,,-14.89,0.165,0.835,Likely R,,
2026-09-06,MN-7B,MN,House,7B,1,,Dan Horoshak,Cal Warwas,,Cal Warwas,R,True,False,-9.2,-7.89,-4.46,2.6,-7.43,-1.32,0.0,5.3,,-7.91,0.3024,0.6976,Lean R,,
2026-09-06,MN-8A,MN,House,8A,1,,Peter B. Johnson,Allan Kehr II,,Peter B. Johnson,D,True,False,35.3,36.59,33.05,2.6,7.43,0.34,5.0,5.3,,51.13,0.9996,0.0004,Safe D,,
2026-09-06,MN-8B,MN,House,8B,1,,Liish Kozlowski,Shawn Savela,,Alicia Kozlowski,D,False,True,42.3,42.8,38.29,2.6,0.0,-1.85,0.0,5.3,,41.75,0.9968,0.0032,Safe D,,
2026-09-06,MN-9A,MN,House,9A,1,,Nicholas Hanson,Jeff Backer,,Jeff Backer,R,True,False,-28.8,-29.22,-22.45,2.6,-7.43,-3.31,0.0,5.3,,-27.88,0.0341,0.9659,Safe R,,
2026-09-06,MN-9B,MN,House,9B,1,,Owen Werner,Tom Murphy,,Tom Murphy,R,True,False,-40.0,-40.31,-31.8,2.6,-7.43,-1.22,0.0,5.3,,-35.15,0.0108,0.9892,Safe R,,
2026-09-06,MN-SD-1,MN,Senate,SD-1,1,,Bjorn Solberg,Mark Johnson,,Mark Johnson,R,True,False,-37.1,-36.6,-28.67,2.6,-7.43,-2.58,0.0,5.3,,-33.38,0.0145,0.9855,Safe R,,
2026-09-06,MN-SD-10,MN,Senate,SD-10,1,,Tara Killen,Nathan Wesenberg,,Nathan Wesenberg,R,True,False,-49.3,-49.33,-39.4,2.6,-7.43,1.01,0.0,5.3,,-40.52,0.004,0.996,Safe R,,
2026-09-06,MN-SD-11,MN,Senate,SD-11,1,,Mary Carlson,Jason Rarick,Monique Doward,Jason Rarick,R,True,False,-21.1,-20.16,-14.81,2.6,-7.43,0.66,0.0,5.3,,-16.27,0.1436,0.8564,Likely R,,
2026-09-06,MN-SD-12,MN,Senate,SD-12,1,,Kari Dorry,Torrey Westrom,,Torrey Westrom,R,True,False,-37.3,-37.18,-29.16,2.6,-7.43,-4.5,0.0,5.3,,-35.79,0.0096,0.9904,Safe R,,
2026-09-06,MN-SD-13,MN,Senate,SD-13,1,,Trent C Dilks,Jared J. Gapinski,,Jeff Howe,R,False,True,-34.2,-34.4,-26.82,2.6,0.0,0.0,0.0,5.3,,-21.52,0.0797,0.9203,Likely R,,
2026-09-06,MN-SD-14,MN,Senate,SD-14,1,,Aric Putnam,Bernie Perryman,,Aric Putnam,D,True,False,-4.1,-3.02,-0.35,2.6,7.43,-2.2,0.0,5.3,,10.18,0.7471,0.2529,Lean D,,
2026-09-06,MN-SD-15,MN,Senate,SD-15,1,,Andrea Boettger,Braxton John Seifert,,Gary Dahms,R,False,True,-35.6,-35.51,-27.75,2.6,0.0,0.0,0.0,5.3,,-22.45,0.071,0.929,Likely R,,
2026-09-06,MN-SD-16,MN,Senate,SD-16,1,,Kathy Jorgenson,Andrew Lang,,Andrew Lang,R,True,False,-34.8,-34.3,-26.74,2.6,-7.43,-1.12,0.0,5.3,,-29.98,0.025,0.975,Safe R,,
2026-09-06,MN-SD-17,MN,Senate,SD-17,1,,Julie Kelzer,Glenn Gruenhagen,,Glenn Gruenhagen,R,True,False,-37.4,-38.23,-30.04,2.6,-7.43,-1.27,0.0,5.3,,-33.45,0.0144,0.9856,Safe R,,
2026-09-06,MN-SD-18,MN,Senate,SD-18,1,,Nick Frentz,Jackie Henry,,Nick Frentz,D,True,False,4.7,5.87,7.15,2.6,7.43,9.16,0.0,5.3,,29.04,0.9712,0.0288,Safe D,,
2026-09-06,MN-SD-19,MN,Senate,SD-19,1,,Sam Powell,John Jasinski,,John Jasinski,R,True,False,-25.1,-25.05,-18.93,2.6,-7.43,-5.85,0.0,5.3,,-26.91,0.0392,0.9608,Safe R,,
2026-09-06,MN-SD-2,MN,Senate,SD-2,1,,Dan R. Rogers,Steve Green,Calvin Larson Jr,Steve Green,R,True,False,-16.2,-15.9,-11.21,2.6,-7.43,-2.09,0.0,5.3,,-15.43,0.1564,0.8436,Likely R,,
2026-09-06,MN-SD-20,MN,Senate,SD-20,1,,Jason Lohmann,Steve Jacob,,Steve Drazkowski,R,False,True,-21.3,-21.49,-15.93,2.6,0.0,0.0,0.0,5.3,,-10.63,0.2435,0.7565,Likely R,,
2026-09-06,MN-SD-21,MN,Senate,SD-21,1,,Caitlyn Sanow-Minett,Chris Knoll,,Bill Weber,R,False,True,-39.3,-39.14,-30.81,2.6,0.0,0.0,0.0,5.3,,-25.51,0.0476,0.9524,Safe R,,
2026-09-06,MN-SD-22,MN,Senate,SD-22,1,,Marisa Ulmen,Jeremy Munson,,Rich Draheim,R,False,True,-33.4,-33.68,-26.21,2.6,0.0,-1.88,0.0,5.3,,-22.79,0.0681,0.9319,Likely R,,
2026-09-06,MN-SD-23,MN,Senate,SD-23,1,,Angie Hanson,Gene Dornink,,Gene Dornink,R,True,False,-19.8,-18.98,-13.81,2.6,-7.43,6.06,0.0,5.3,,-9.88,0.2591,0.7409,Lean R,,
2026-09-06,MN-SD-24,MN,Senate,SD-24,1,,Simon Glaser,Nels Pierson,,Carla Nelson,R,False,True,-3.8,-4.22,-1.37,2.6,0.0,0.0,0.0,5.3,,3.93,0.6015,0.3985,Lean D,,
2026-09-06,MN-SD-25,MN,Senate,SD-25,1,,Liz Boldon,John Howie,,Liz Boldon,D,True,False,21.9,21.72,20.51,2.6,7.43,-0.91,0.0,5.3,,32.33,0.9828,0.0172,Safe D,,
2026-09-06,MN-SD-26,MN,Senate,SD-26,1,,Jack Hedin,Cherie Johnson,,Jeremy Miller,R,False,True,-11.8,-10.99,-7.08,2.6,0.0,0.0,0.0,5.3,,-1.78,0.4538,0.5462,Toss-up,,
2026-09-06,MN-SD-27,MN,Senate,SD-27,1,,Brandon Van Dover,Andrew Mathews,,Andrew Mathews,R,True,False,-43.3,-44.0,-34.92,2.6,-7.43,-2.59,0.0,5.3,,-39.63,0.0048,0.9952,Safe R,,
2026-09-06,MN-SD-28,MN,Senate,SD-28,1,,Max Glenna,Mark Koran,,Mark Koran,R,True,False,-33.9,-33.99,-26.47,2.6,-7.43,-6.23,0.0,5.3,,-34.83,0.0114,0.9886,Safe R,,
2026-09-06,MN-SD-29,MN,Senate,SD-29,1,,Louis McNutt,Mike Holmstrom,,Mike Holmstrom,R,True,False,-31.8,-32.23,-24.99,2.6,-7.43,0.0,-5.0,5.3,,-32.12,0.0178,0.9822,Safe R,,
2026-09-06,MN-SD-3,MN,Senate,SD-3,1,,Grant Hauschild,Andrea Zupancich,,Grant Hauschild,D,True,False,-1.4,-0.9,1.44,2.6,7.43,1.6,0.0,5.3,,15.77,0.8488,0.1512,Likely D,,
2026-09-06,MN-SD-30,MN,Senate,SD-30,1,,Leah Temple,Eric Lucero,,Eric Lucero,R,True,False,-25.4,-26.59,-20.23,2.6,-7.43,-1.74,0.0,5.3,,-24.1,0.0575,0.9425,Likely R,,
2026-09-06,MN-SD-31,MN,Senate,SD-31,1,,Gadisa Berkessa,Cal Bahr,,Cal Bahr,R,True,False,-25.4,-25.95,-19.69,2.6,-7.43,-3.01,0.0,5.3,,-24.84,0.0522,0.9478,Likely R,,
2026-09-06,MN-SD-32,MN,Senate,SD-32,1,,Chris Ford,Michael Kreun,,Michael Kreun,R,True,False,-3.2,-3.22,-0.52,2.6,-7.43,-1.44,0.0,5.3,,-4.1,0.3944,0.6056,Lean R,,
2026-09-06,MN-SD-33,MN,Senate,SD-33,1,,Nat Smith,Karin Housley,,Karin Housley,R,True,False,0.5,0.25,2.41,2.6,-7.43,-9.13,0.0,5.3,,-8.85,0.2814,0.7186,Lean R,,
2026-09-06,MN-SD-34,MN,Senate,SD-34,1,,John Hoffman,Karen Attia,,John Hoffman,D,True,False,12.4,12.19,12.47,2.6,7.43,0.31,5.0,5.3,,30.51,0.977,0.023,Safe D,,
2026-09-06,MN-SD-35,MN,Senate,SD-35,1,,Angela Nelson,Jim Abeler,,Jim Abeler,R,True,False,3.0,2.77,4.53,2.6,-7.43,-5.66,0.0,5.3,,-3.26,0.4156,0.5844,Toss-up,,
2026-09-06,MN-SD-36,MN,Senate,SD-36,1,,Heather Gustafson,Heidi Heino,,Heather Gustafson,D,True,False,9.0,8.93,9.73,2.6,7.43,-1.35,0.0,5.3,,21.11,0.9163,0.0837,Likely D,,
2026-09-06,MN-SD-37,MN,Senate,SD-37,1,,Kristy Janigo,Brady Hoag,,Warren Limmer,R,False,True,8.2,7.21,8.28,2.6,0.0,0.0,0.0,5.3,,13.58,0.8127,0.1873,Likely D,,
2026-09-06,MN-SD-38,MN,Senate,SD-38,1,,Susan Pha,Brad Olson,,Susan Pha,D,True,False,39.0,40.92,36.71,2.6,7.43,-3.83,0.0,5.3,,45.62,0.9986,0.0014,Safe D,,
2026-09-06,MN-SD-39,MN,Senate,SD-39,1,,Mary K Kunesh,Pam Wolf,Ngone Saliou Niang,Mary Kunesh-Podein,D,False,True,34.3,35.65,32.26,2.6,0.0,-0.96,0.0,5.3,,36.6,0.9917,0.0083,Safe D,,
2026-09-06,MN-SD-4,MN,Senate,SD-4,1,,Rob Kupec,Austin Peterson,,Rob Kupec,D,True,False,-6.6,-6.25,-3.08,2.6,7.43,3.98,0.0,5.3,,13.63,0.8137,0.1863,Likely D,,
2026-09-06,MN-SD-40,MN,Senate,SD-40,1,,John Marty,Rachel Japuntich,,John Marty,D,True,False,32.8,33.37,30.34,2.6,7.43,-3.03,0.0,5.3,,40.04,0.9956,0.0044,Safe D,,
2026-09-06,MN-SD-41,MN,Senate,SD-41,1,,Judy Seeberger,Tom Dippel,,Judy Seeberger,D,True,False,1.5,1.75,3.67,2.6,7.43,-1.17,0.0,5.3,,15.23,0.8403,0.1597,Likely D,,
2026-09-06,MN-SD-42,MN,Senate,SD-42,1,,Bonnie Westlin,Kevin Peterson,,Bonnie Westlin,D,True,False,26.8,26.58,24.61,2.6,7.43,-4.4,0.0,5.3,,32.94,0.9844,0.0156,Safe D,,
2026-09-06,MN-SD-43,MN,Senate,SD-43,1,,Mike Freiberg,,,Ann Rest,D,False,True,45.0,45.26,40.37,2.6,0.0,-0.46,0.0,5.3,D,45.21,0.98,0.02,Safe D,,
2026-09-06,MN-SD-44,MN,Senate,SD-44,1,,Sam Rosemark,James Tacheny,,Tou Xiong,D,False,True,20.5,21.24,20.11,2.6,0.0,0.0,0.0,5.3,,25.41,0.9517,0.0483,Safe D,,
2026-09-06,MN-SD-45,MN,Senate,SD-45,1,,Ann Johnson Stewart,Shannon Bruce,,Ann Johnson Stewart,D,True,False,16.1,16.0,15.69,2.6,7.43,-4.14,0.0,5.3,,24.28,0.9438,0.0562,Likely D,,
2026-09-06,MN-SD-46,MN,Senate,SD-46,1,,Ron Latz,Kayla Wright,,Ron Latz,D,True,False,48.6,49.68,44.1,2.6,7.43,0.0,5.0,5.3,,61.83,1.0,0.0,Safe D,,
2026-09-06,MN-SD-47,MN,Senate,SD-47,1,,Amanda Hemmingsen-Jaeger,Brian Stalboerger,,Amanda Hemmingsen-Jaeger,D,True,False,21.8,21.96,20.72,2.6,7.43,-1.55,0.0,5.3,,31.9,0.9815,0.0185,Safe D,,
2026-09-06,MN-SD-48,MN,Senate,SD-48,1,,Dan Kessler,Julia Coleman,,Julia Coleman,R,True,False,0.2,-0.21,2.02,2.6,-7.43,-12.04,0.0,5.3,,-12.15,0.2134,0.7866,Likely R,,
2026-09-06,MN-SD-49,MN,Senate,SD-49,1,,Krish Subrahmanian,Dustin R. DuFault,Kris Babler,Steve Cwodzinski,D,False,True,29.0,28.9,26.57,2.6,0.0,0.0,0.0,5.3,,31.87,0.9814,0.0186,Safe D,,
2026-09-06,MN-SD-5,MN,Senate,SD-5,1,,Skylar Fynboh,Mike Wiener,,Paul Utke,R,False,True,-46.0,-45.88,-36.5,2.6,0.0,0.51,0.0,5.3,,-30.69,0.0224,0.9776,Safe R,,
2026-09-06,MN-SD-50,MN,Senate,SD-50,1,,Karla Hult,Owen Michaelson,,Alice Mann,D,False,True,35.5,35.68,32.29,2.6,0.0,-3.88,0.0,5.3,,33.72,0.9863,0.0137,Safe D,,
2026-09-06,MN-SD-51,MN,Senate,SD-51,1,,Simon Trautmann Cordova,Juline Birgersson,,Melissa Wiklund,D,False,True,39.1,40.39,36.26,2.6,0.0,0.0,0.0,5.3,,41.56,0.9967,0.0033,Safe D,,
2026-09-06,MN-SD-52,MN,Senate,SD-52,1,,Liz Reyer,Brady O'Neil,,Jim Carlson,D,False,True,28.4,28.43,26.17,2.6,0.0,-1.59,0.0,5.3,,29.88,0.9746,0.0254,Safe D,,
2026-09-06,MN-SD-53,MN,Senate,SD-53,1,,Paul Cumings,Todd Podgorski,,Matthew (Matt) M Klein,D,False,True,16.9,17.78,17.19,2.6,0.0,0.0,0.0,5.3,,22.49,0.9293,0.0707,Likely D,,
2026-09-06,MN-SD-54,MN,Senate,SD-54,1,,Rick Olson,Ben Bakeberg,,Eric Pratt,R,False,True,-4.3,-4.76,-1.82,2.6,0.0,-4.48,0.0,5.3,,-1.0,0.4739,0.5261,Toss-up,,
2026-09-06,MN-SD-55,MN,Senate,SD-55,1,,Lindsey Port,Van Holston,,Lindsey Port,D,True,False,15.4,15.84,15.55,2.6,7.43,-4.1,0.0,5.3,,24.18,0.9431,0.0569,Likely D,,
2026-09-06,MN-SD-56,MN,Senate,SD-56,1,,Erin Maye Quade,Raymond David Petersen,,Erin Maye Quade,D,True,False,18.2,18.87,18.11,2.6,7.43,0.0,5.0,5.3,,35.84,0.9905,0.0095,Safe D,,
2026-09-06,MN-SD-57,MN,Senate,SD-57,1,,Steven Schroer,Zach Duckworth,,Zach Duckworth,R,True,False,-6.6,-7.44,-4.08,2.6,-7.43,-3.01,0.0,5.3,,-9.22,0.2732,0.7268,Lean R,,
2026-09-06,MN-SD-58,MN,Senate,SD-58,1,,Mark Legvold,Bill Lieske,,Bill Lieske,R,True,False,-6.4,-5.72,-2.63,2.6,-7.43,-0.26,-5.0,5.3,,-10.02,0.2562,0.7438,Lean R,,
2026-09-06,MN-SD-59,MN,Senate,SD-59,1,,Bobby Joe Champion,,,Bobby Joe Champion,D,True,False,66.4,69.67,60.95,2.6,7.43,0.0,5.0,5.3,D,78.68,0.98,0.02,Safe D,,
2026-09-06,MN-SD-6,MN,Senate,SD-6,1,,Denise Slipy,Keri Heintzeman,,Keri Heintzeman,R,True,False,-26.9,-27.01,-20.59,2.6,-7.43,0.0,-5.0,5.3,,-27.72,0.0349,0.9651,Safe R,,
2026-09-06,MN-SD-60,MN,Senate,SD-60,1,,Doron Clark,Abigail Wolters,,Doron Clark,D,True,False,68.3,71.71,62.68,2.6,7.43,-0.13,5.0,5.3,,80.28,1.0,0.0,Safe D,,
2026-09-06,MN-SD-61,MN,Senate,SD-61,1,,Scott Dibble,,,Scott Dibble,D,True,False,77.2,78.71,68.58,2.6,7.43,-2.12,0.0,5.3,D,79.19,0.98,0.02,Safe D,,
2026-09-06,MN-SD-62,MN,Senate,SD-62,1,,Omar Fateh,,,Omar Fateh,D,True,False,75.9,81.04,70.54,2.6,7.43,-1.08,0.0,5.3,D,82.2,0.98,0.02,Safe D,,
2026-09-06,MN-SD-63,MN,Senate,SD-63,1,,Zaynab Mohamed,Diane Napper,,Zaynab Mohamed,D,True,False,76.8,78.06,68.03,2.6,7.43,-4.83,0.0,5.3,,75.94,1.0,0.0,Safe D,,
2026-09-06,MN-SD-64,MN,Senate,SD-64,1,,Erin Murphy,Robert Bushard,,Erin Murphy,D,True,False,67.4,68.76,60.19,2.6,7.43,-0.36,5.0,5.3,,77.56,1.0,0.0,Safe D,,
2026-09-06,MN-SD-65,MN,Senate,SD-65,1,,Robyn Gulley,Rocco (No Last Name),,Sandy Pappas,D,False,True,54.4,58.76,51.75,2.6,0.0,0.0,0.0,5.3,,57.05,0.9999,0.0001,Safe D,,
2026-09-06,MN-SD-66,MN,Senate,SD-66,1,,Clare Oumou Verbeten,Kathleen Bart,,Clare Oumou Verbeten,D,True,False,58.5,61.34,53.93,2.6,7.43,0.0,5.0,5.3,,71.66,1.0,0.0,Safe D,,
2026-09-06,MN-SD-67,MN,Senate,SD-67,1,,Foung Hawj,Toby Hesselgrave,,Foung Hawj,D,True,False,37.3,41.27,37.0,2.6,7.43,0.6,0.0,5.3,,50.33,0.9995,0.0005,Safe D,,
2026-09-06,MN-SD-7,MN,Senate,SD-7,1,,Kim McLaughlin,Rob Farnsworth,,Rob Farnsworth,R,True,False,-13.4,-12.12,-8.02,2.6,-7.43,0.0,-5.0,5.3,,-15.15,0.1609,0.8391,Likely R,,
2026-09-06,MN-SD-8,MN,Senate,SD-8,1,,Jen McEwen,Darrick Law,,Jen McEwen,D,True,False,39.0,39.96,35.9,2.6,7.43,9.05,0.0,5.3,,57.68,0.9999,0.0001,Safe D,,
2026-09-06,MN-SD-9,MN,Senate,SD-9,1,,Krystyne M. Knutson,Jordan Rasmusson,,Jordan Rasmusson,R,True,False,-34.9,-35.22,-27.51,2.6,-7.43,-0.08,-5.0,5.3,,-34.72,0.0116,0.9884,Safe R,,
2026-09-06,MO-HD-1,MO,House,HD-1,1,,,Jeff Farnan,,Jeff Farnan,R,True,False,-52.7,-52.66,-44.41,0.0,-7.43,0.5,0.0,5.3,R,-46.05,0.02,0.98,Safe R,,
2026-09-06,MO-HD-10,MO,House,HD-10,1,,LaTonya Williams,Paul Gatewood,,Bill Falkner,R,False,True,-17.4,-13.91,-11.73,0.0,0.0,0.0,0.0,5.3,,-6.43,0.337,0.663,Lean R,,
2026-09-06,MO-HD-100,MO,House,HD-100,1,,Mary Ann Perkins,Philip Oehlerking,Ken Newhouse,Philip Oehlerking,R,True,False,2.8,1.45,1.23,0.0,-7.43,-0.64,0.0,5.3,,-1.54,0.4598,0.5402,Toss-up,,
2026-09-06,MO-HD-101,MO,House,HD-101,1,,Paul Lentz,Ben Keathley,Jeff Coleman,Ben Keathley,R,True,False,3.5,2.12,1.79,0.0,-7.43,-3.37,0.0,5.3,,-3.71,0.4042,0.5958,Toss-up,,
2026-09-06,MO-HD-102,MO,House,HD-102,1,,David Rogers,Richard West,,Richard West,R,True,False,-22.8,-25.87,-21.82,0.0,-7.43,0.0,-5.0,5.3,,-28.95,0.0292,0.9708,Safe R,,
2026-09-06,MO-HD-103,MO,House,HD-103,1,,Don Crozier,Dave Hinman,,Dave Hinman,R,True,False,-17.5,-19.08,-16.09,0.0,-7.43,2.8,0.0,5.3,,-15.42,0.1566,0.8434,Likely R,,
2026-09-06,MO-HD-104,MO,House,HD-104,1,,Tara Murray,Terri Violet,,Terri Violet,R,True,False,-8.9,-6.3,-5.31,0.0,-7.43,-3.93,0.0,5.3,,-11.38,0.2284,0.7716,Likely R,,
2026-09-06,MO-HD-105,MO,House,HD-105,1,,Caterina Clayton,Colin Wellenkamp,,Colin Wellenkamp,R,True,False,-5.4,0.4,0.34,0.0,-7.43,-2.48,0.0,5.3,,-4.27,0.3899,0.6101,Lean R,,
2026-09-06,MO-HD-106,MO,House,HD-106,1,,Jewel Kelly, Jr.,Travis Wilson,,Travis Wilson,R,True,False,-7.8,-3.74,-3.16,0.0,-7.43,-1.97,0.0,5.3,,-7.26,0.3175,0.6825,Lean R,,
2026-09-06,MO-HD-107,MO,House,HD-107,1,,Gary Wester,Mark Matthiesen,,Mark Matthiesen,R,True,False,-18.3,-19.88,-16.76,0.0,-7.43,-0.79,0.0,5.3,,-19.69,0.099,0.901,Likely R,,
2026-09-06,MO-HD-108,MO,House,HD-108,1,,Stephen Scott,Mike Costlow,,Mike Costlow,R,True,False,-19.2,-23.63,-19.93,0.0,-7.43,-1.76,0.0,5.3,,-23.82,0.0596,0.9404,Likely R,,
2026-09-06,MO-HD-109,MO,House,HD-109,1,,Trent Leslie,John Simmons,,John Simmons,R,True,False,-43.6,-43.5,-36.69,0.0,-7.43,-0.65,0.0,5.3,,-39.47,0.0049,0.9951,Safe R,,
2026-09-06,MO-HD-11,MO,House,HD-11,1,,Luke Rae,Taylor Crouse,,Brenda Shields,R,False,True,-29.8,-29.48,-24.86,0.0,0.0,0.0,0.0,5.3,,-19.56,0.1004,0.8996,Likely R,,
2026-09-06,MO-HD-110,MO,House,HD-110,1,,Claire Heinrich,Niles Stephens,,,R,False,True,-17.7,-19.03,-16.05,0.0,0.0,0.0,0.0,5.3,,-10.75,0.241,0.759,Likely R,,
2026-09-06,MO-HD-111,MO,House,HD-111,1,,Stacey Hagen,Cecelie Williams,,Cecelie Williams,R,True,False,-39.6,-41.47,-34.98,0.0,-7.43,0.0,-5.0,5.3,,-42.11,0.0029,0.9971,Safe R,,
2026-09-06,MO-HD-112,MO,House,HD-112,1,,Dave Rekosh,Ed Callahan,,Renee Reuter,R,False,True,-35.0,-33.9,-28.59,0.0,0.0,-1.74,0.0,5.3,,-25.03,0.0508,0.9492,Likely R,,
2026-09-06,MO-HD-113,MO,House,HD-113,1,,Ashley Drury,Phil Amato,,Phil Amato,R,True,False,-33.0,-30.1,-25.39,0.0,-7.43,0.0,-5.0,5.3,,-32.52,0.0167,0.9833,Safe R,,
2026-09-06,MO-HD-114,MO,House,HD-114,1,,Jessie Shepherd,Ann Moloney,,,R,False,True,-37.1,-36.87,-31.1,0.0,0.0,-0.35,0.0,5.3,,-26.15,0.0436,0.9564,Safe R,,
2026-09-06,MO-HD-115,MO,House,HD-115,1,,David George,Bill Lucas,,Bill Lucas,R,True,False,-45.0,-48.45,-40.86,0.0,-7.43,1.19,0.0,5.3,,-41.81,0.0031,0.9969,Safe R,,
2026-09-06,MO-HD-116,MO,House,HD-116,1,,Whitney Wisker-Brooks,Jason Green,,Dale Wright,R,False,True,-54.3,-56.15,-47.35,0.0,0.0,0.0,0.0,5.3,,-42.05,0.003,0.997,Safe R,,
2026-09-06,MO-HD-117,MO,House,HD-117,1,,Eli Flowers,Becky Laubinger,,Becky Laubinger,R,True,False,-52.1,-50.44,-42.54,0.0,-7.43,-0.26,-5.0,5.3,,-49.93,0.0005,0.9995,Safe R,,
2026-09-06,MO-HD-118,MO,House,HD-118,1,,Sarah Rachel Puckett,Amy DeClue,,Mike McGirl,R,False,True,-57.4,-56.24,-47.43,0.0,0.0,0.0,0.0,5.3,,-42.13,0.0029,0.9971,Safe R,,
2026-09-06,MO-HD-119,MO,House,HD-119,1,,Amy Thompson,Brad Banderman,,Brad Banderman,R,True,False,-41.9,-41.37,-34.9,0.0,-7.43,-0.83,0.0,5.3,,-37.85,0.0067,0.9933,Safe R,,
2026-09-06,MO-HD-12,MO,House,HD-12,1,,Tracey Steele,Jerry Hickey,,Mike Jones,R,False,True,1.4,6.04,5.09,0.0,0.0,0.0,0.0,5.3,,10.39,0.7516,0.2484,Likely D,,
2026-09-06,MO-HD-120,MO,House,HD-120,1,,Ray Bruno,John Hewkin,,John Hewkin,R,True,False,-65.4,-65.45,-55.2,0.0,-7.43,1.95,0.0,5.3,,-55.38,0.0001,0.9999,Safe R,,
2026-09-06,MO-HD-121,MO,House,HD-121,1,,Miguel Arellanes,Keith Pritchard,,Bill Hardwick,R,False,True,-41.9,-34.99,-29.51,0.0,0.0,0.0,0.0,5.3,,-24.21,0.0567,0.9433,Likely R,,
2026-09-06,MO-HD-122,MO,House,HD-122,1,,Dan Victor,Tara Peters,,Tara Peters,R,True,False,-40.7,-39.88,-33.63,0.0,-7.43,-0.63,0.0,5.3,,-36.4,0.0087,0.9913,Safe R,,
2026-09-06,MO-HD-123,MO,House,HD-123,1,,Cody Hutcheson,Jeff Vernetti,,Jeff Vernetti,R,True,False,-53.6,-53.69,-45.28,0.0,-7.43,0.06,-5.0,5.3,,-52.35,0.0003,0.9997,Safe R,,
2026-09-06,MO-HD-124,MO,House,HD-124,1,,Tara Hallmark,Kevin Onstott,,Don Mayhew,R,False,True,-63.8,-64.11,-54.07,0.0,0.0,-0.63,0.0,5.3,,-49.4,0.0006,0.9994,Safe R,,
2026-09-06,MO-HD-125,MO,House,HD-125,1,,Lynda Jones,Dane Diehl,,Dane Diehl,R,True,False,-62.9,-63.15,-53.26,0.0,-7.43,-1.71,0.0,5.3,,-57.1,0.0001,0.9999,Safe R,,
2026-09-06,MO-HD-126,MO,House,HD-126,1,,Melissa Perry,Jim Kalberloh,,Jim Kalberloh,R,True,False,-55.7,-55.27,-46.62,0.0,-7.43,0.08,-5.0,5.3,,-53.67,0.0002,0.9998,Safe R,,
2026-09-06,MO-HD-127,MO,House,HD-127,1,,Marvin Manring,Brenden Kelley,Racheal Martin,Ann Kelley,R,False,True,-67.4,-69.61,-58.71,0.0,0.0,-0.97,0.0,5.3,,-54.37,0.0002,0.9998,Safe R,,
2026-09-06,MO-HD-128,MO,House,HD-128,1,,Michael L. Martin,Chris Warwick,Shane Sawyer,Chris Warwick,R,True,False,-61.2,-60.87,-51.34,0.0,-7.43,0.0,-5.0,5.3,,-58.47,0.0001,0.9999,Safe R,,
2026-09-06,MO-HD-129,MO,House,HD-129,1,,John Gray,William Worsham,,John Black,R,False,True,-62.2,-62.13,-52.4,0.0,0.0,0.0,0.0,5.3,,-47.1,0.001,0.999,Safe R,,
2026-09-06,MO-HD-13,MO,House,HD-13,1,,Jacoby Wynkoop,John Elliott,,Sean Pouche,R,False,True,-24.4,-31.75,-26.78,0.0,0.0,0.0,0.0,5.3,,-21.48,0.0801,0.9199,Likely R,,
2026-09-06,MO-HD-130,MO,House,HD-130,1,,Leslie Jones,Bishop Davidson,,Bishop Davidson,R,True,False,-30.5,-33.14,-27.95,0.0,-7.43,-5.45,0.0,5.3,,-35.53,0.0101,0.9899,Safe R,,
2026-09-06,MO-HD-131,MO,House,HD-131,1,,Ashley Cossins,Bill Owen,,Bill Owen,R,True,False,-42.8,-49.78,-41.99,0.0,-7.43,2.27,0.0,5.3,,-41.85,0.0031,0.9969,Safe R,,
2026-09-06,MO-HD-132,MO,House,HD-132,1,,Jeremy Dean,Russ Gosselin,,Jeremy Dean,D,True,False,-5.9,4.47,3.77,0.0,7.43,-0.22,5.0,5.3,,21.28,0.918,0.082,Likely D,,
2026-09-06,MO-HD-133,MO,House,HD-133,1,,Katelyn Zach,Gerald Angelo,,Melanie Stinnett,R,False,True,-8.6,-2.49,-2.1,0.0,0.0,0.0,0.0,5.3,,3.2,0.5828,0.4172,Toss-up,,
2026-09-06,MO-HD-134,MO,House,HD-134,1,,K. Grant,Alex Riley,,Alex Riley,R,True,False,-21.3,-22.56,-19.02,0.0,-7.43,2.18,0.0,5.3,,-18.97,0.1074,0.8926,Likely R,,
2026-09-06,MO-HD-135,MO,House,HD-135,1,,John Chiles,Michael Hasty,,Betsy Fogle,D,False,True,-3.8,3.67,3.1,0.0,0.0,2.34,0.0,5.3,,10.74,0.7587,0.2413,Likely D,,
2026-09-06,MO-HD-136,MO,House,HD-136,1,,Stephanie Hein,Jacey Buckles,,Stephanie Hein,D,True,False,-6.0,0.8,0.67,0.0,7.43,-0.46,0.0,5.3,,12.95,0.8014,0.1986,Likely D,,
2026-09-06,MO-HD-137,MO,House,HD-137,1,,Bryce Lockwood,Darin Chappell,,Darin Chappell,R,True,False,-29.8,-35.46,-29.91,0.0,-7.43,-3.55,0.0,5.3,,-35.59,0.01,0.99,Safe R,,
2026-09-06,MO-HD-138,MO,House,HD-138,1,,Chris Daugherty,Burt Whaley,,Burt Whaley,R,True,False,-62.0,-63.42,-53.49,0.0,-7.43,0.0,-5.0,5.3,,-60.62,0.0,1.0,Safe R,,
2026-09-06,MO-HD-139,MO,House,HD-139,1,,,Bob Titus,,Bob Titus,R,True,False,-49.6,-48.68,-41.06,0.0,-7.43,0.39,0.0,5.3,R,-42.8,0.02,0.98,Safe R,,
2026-09-06,MO-HD-14,MO,House,HD-14,1,,Ashley Aune,Frank Pendleton,,Ashley Aune,D,True,False,3.2,8.23,6.94,0.0,7.43,-1.14,0.0,5.3,,18.53,0.8872,0.1128,Likely D,,
2026-09-06,MO-HD-140,MO,House,HD-140,1,,Julia Curran,Jamie Ray Gragg,,Jamie Ray Gragg,R,True,False,-51.5,-51.47,-43.41,0.0,-7.43,-1.69,0.0,5.3,,-47.23,0.001,0.999,Safe R,,
2026-09-06,MO-HD-141,MO,House,HD-141,1,,Darrel (Mike) Swofford,Melissa Schmidt,,Melissa Schmidt,R,True,False,-72.2,-70.81,-59.72,0.0,-7.43,-1.98,0.0,5.3,,-63.84,0.0,1.0,Safe R,,
2026-09-06,MO-HD-142,MO,House,HD-142,1,,Josh Ray,Jeff Brown,,Jeff Knight,R,False,True,-63.6,-64.44,-54.35,0.0,0.0,0.0,0.0,5.3,,-49.05,0.0007,0.9993,Safe R,,
2026-09-06,MO-HD-143,MO,House,HD-143,1,,Marsha Snodgrass,Bennie Cook,,Bennie Cook,R,True,False,-67.9,-67.72,-57.11,0.0,-7.43,-0.64,0.0,5.3,,-59.88,0.0,1.0,Safe R,,
2026-09-06,MO-HD-144,MO,House,HD-144,1,,Andrew Eye,Chris Dinkins,,Tony Harbison,R,False,True,-66.8,-66.13,-55.77,0.0,0.0,0.64,0.0,5.3,,-49.83,0.0006,0.9994,Safe R,,
2026-09-06,MO-HD-145,MO,House,HD-145,1,,Carl Kinsky,Bryant Wolfin,,Bryant Wolfin,R,True,False,-54.2,-54.01,-45.55,0.0,-7.43,0.0,-5.0,5.3,,-52.68,0.0003,0.9997,Safe R,,
2026-09-06,MO-HD-146,MO,House,HD-146,1,,Mary Harriet Talbut,Lucas Green,,Barry Hovis,R,False,True,-56.5,-62.44,-52.66,0.0,0.0,0.0,0.0,5.3,,-47.36,0.001,0.999,Safe R,,
2026-09-06,MO-HD-147,MO,House,HD-147,1,,Tim Palmer,John Voss,Greg Tlapek,John Voss,R,True,False,-30.9,-17.79,-15.01,0.0,-7.43,-4.62,0.0,5.3,,-21.76,0.0774,0.9226,Likely R,,
2026-09-06,MO-HD-148,MO,House,HD-148,1,,Casey Carlisle,David Dolan,,David Dolan,R,True,False,-58.9,-58.58,-49.41,0.0,-7.43,0.0,-5.0,5.3,,-56.54,0.0001,0.9999,Safe R,,
2026-09-06,MO-HD-149,MO,House,HD-149,1,,John Armbruster,Scott Crumpecker,,,R,False,True,-49.3,-47.37,-39.95,0.0,0.0,0.0,0.0,5.3,,-34.65,0.0117,0.9883,Safe R,,
2026-09-06,MO-HD-15,MO,House,HD-15,1,,Ken Jamison,,,Ken Jamison,D,True,False,7.1,7.53,6.35,0.0,7.43,0.0,5.0,5.3,D,24.08,0.98,0.02,Safe D,,
2026-09-06,MO-HD-150,MO,House,HD-150,1,,,Cameron Parker,,Cameron Parker,R,True,False,-65.2,-65.25,-55.04,0.0,-7.43,0.0,-5.0,5.3,R,-62.17,0.02,0.98,Safe R,,
2026-09-06,MO-HD-151,MO,House,HD-151,1,,Pam Proffitt-Rowland,Steve Jordan,,Steve Jordan,R,True,False,-72.4,-72.8,-61.4,0.0,-7.43,0.83,0.0,5.3,,-62.7,0.0,1.0,Safe R,,
2026-09-06,MO-HD-152,MO,House,HD-152,1,,Corretta Bishop,Jeff Shawan,,Hardy Billington,R,False,True,-61.9,-61.31,-51.71,0.0,0.0,0.0,0.0,5.3,,-46.41,0.0012,0.9988,Safe R,,
2026-09-06,MO-HD-153,MO,House,HD-153,1,,Les Majors,Keith Elliott,,Keith Elliott,R,True,False,-72.2,-71.2,-60.05,0.0,-7.43,0.48,0.0,5.3,,-61.7,0.0,1.0,Safe R,,
2026-09-06,MO-HD-154,MO,House,HD-154,1,,JoJo Stewart,Lisa Durnell,,Lisa Durnell,R,True,False,-66.7,-66.42,-56.02,0.0,-7.43,-2.27,0.0,5.3,,-60.41,0.0,1.0,Safe R,,
2026-09-06,MO-HD-155,MO,House,HD-155,1,,Joshua Berzins,Matthew Overcast,,Matthew Overcast,R,True,False,-66.6,-66.57,-56.14,0.0,-7.43,0.12,-5.0,5.3,,-63.15,0.0,1.0,Safe R,,
2026-09-06,MO-HD-156,MO,House,HD-156,1,,Trent Davis,Brian Seitz,,Brian Seitz,R,True,False,-57.5,-57.52,-48.51,0.0,-7.43,0.74,0.0,5.3,,-49.91,0.0006,0.9994,Safe R,,
2026-09-06,MO-HD-157,MO,House,HD-157,1,,Bradley Bos,Mitch Boggs,,Mitch Boggs,R,True,False,-63.8,-64.03,-54.0,0.0,-7.43,0.0,-5.0,5.3,,-61.13,0.0,1.0,Safe R,,
2026-09-06,MO-HD-158,MO,House,HD-158,1,,Chris Foster,Scott Cupps,,Scott Cupps,R,True,False,-64.2,-64.17,-54.12,0.0,-7.43,-0.68,0.0,5.3,,-56.93,0.0001,0.9999,Safe R,,
2026-09-06,MO-HD-159,MO,House,HD-159,1,,,Joel Mace,,Dirk Deaton,R,False,True,-66.5,-66.61,-56.18,0.0,0.0,0.0,0.0,5.3,R,-50.88,0.02,0.98,Safe R,,
2026-09-06,MO-HD-16,MO,House,HD-16,1,,Dan Kinate,Chris Brown,,Chris Brown,R,True,False,0.1,-0.2,-0.17,0.0,-7.43,-4.39,0.0,5.3,,-6.69,0.3309,0.6691,Lean R,,
2026-09-06,MO-HD-160,MO,House,HD-160,1,,Angela Thomas,Cheryle Perkins,,,R,False,True,-55.2,-54.88,-46.29,0.0,0.0,-1.6,0.0,5.3,,-42.59,0.0027,0.9973,Safe R,,
2026-09-06,MO-HD-161,MO,House,HD-161,1,,Aaron Joseph Metzger,Thomas Ross,,Lane Roberts,R,False,True,-31.6,-23.5,-19.82,0.0,0.0,0.0,0.0,5.3,,-14.52,0.1711,0.8289,Likely R,,
2026-09-06,MO-HD-162,MO,House,HD-162,1,,,Roger Koch,,Bob Bromley,R,False,True,-49.2,-51.3,-43.26,0.0,0.0,0.0,0.0,5.3,R,-37.96,0.02,0.98,Safe R,,
2026-09-06,MO-HD-163,MO,House,HD-163,1,,Brenna Barksdale,Cathy Loy,,Cathy Loy,R,True,False,-49.7,-51.48,-43.42,0.0,-7.43,0.0,-5.0,5.3,,-50.55,0.0005,0.9995,Safe R,,
2026-09-06,MO-HD-17,MO,House,HD-17,1,,Susan Hoisington,Bill Allen,,Bill Allen,R,True,False,-0.4,0.04,0.03,0.0,-7.43,-0.45,0.0,5.3,,-2.55,0.4338,0.5662,Toss-up,,
2026-09-06,MO-HD-18,MO,House,HD-18,1,,Eric Woods,,,Eric Woods,D,True,False,21.0,20.57,17.35,0.0,7.43,0.0,5.0,5.3,D,35.08,0.98,0.02,Safe D,,
2026-09-06,MO-HD-19,MO,House,HD-19,1,,Wick Thomas,Karen Spalding,,Wick Thomas,D,True,False,45.7,48.71,41.08,0.0,7.43,3.09,0.0,5.3,,56.9,0.9999,0.0001,Safe D,,
2026-09-06,MO-HD-2,MO,House,HD-2,1,,Casey Scott,Phil Fox,Shelby Dreier,Mazzie Christensen,R,False,True,-64.7,-64.49,-54.4,0.0,0.0,0.0,0.0,5.3,,-49.1,0.0007,0.9993,Safe R,,
2026-09-06,MO-HD-20,MO,House,HD-20,1,,Jeff Spicer,Mike Steinmeyer,,Mike Steinmeyer,R,True,False,-12.0,-15.0,-12.65,0.0,-7.43,-1.71,0.0,5.3,,-16.49,0.1404,0.8596,Likely R,,
2026-09-06,MO-HD-21,MO,House,HD-21,1,,Will Jobe,Michael Young,,Will Jobe,D,True,False,-4.0,-3.17,-2.67,0.0,7.43,2.42,0.0,5.3,,12.48,0.7927,0.2073,Likely D,,
2026-09-06,MO-HD-22,MO,House,HD-22,1,,Yolanda Young,,,Yolanda Young,D,True,False,47.9,50.41,42.51,0.0,7.43,1.41,0.0,5.3,D,56.65,0.98,0.02,Safe D,,
2026-09-06,MO-HD-23,MO,House,HD-23,1,,Tony L. Van Trece,,,Michael Johnson,D,False,True,67.4,70.89,59.78,0.0,0.0,0.0,0.0,5.3,D,65.08,0.98,0.02,Safe D,,
2026-09-06,MO-HD-24,MO,House,HD-24,1,,Kevin Garner,,,Emily Weber,D,False,True,67.9,71.32,60.15,0.0,0.0,0.0,0.0,5.3,D,65.45,0.98,0.02,Safe D,,
2026-09-06,MO-HD-25,MO,House,HD-25,1,,Pattie Mansur,,,Pattie Mansur,D,True,False,56.0,56.78,47.89,0.0,7.43,-0.95,0.0,5.3,D,59.67,0.98,0.02,Safe D,,
2026-09-06,MO-HD-26,MO,House,HD-26,1,,Tiffany Price,,,Tiffany Price,D,True,False,63.3,65.76,55.46,0.0,7.43,1.58,0.0,5.3,D,69.77,0.98,0.02,Safe D,,
2026-09-06,MO-HD-27,MO,House,HD-27,1,,Melissa Douglas,,,Melissa Douglas,D,True,False,71.8,74.9,63.17,0.0,7.43,0.0,5.0,5.3,D,80.9,0.98,0.02,Safe D,,
2026-09-06,MO-HD-28,MO,House,HD-28,1,,Donna Barnes,Steven Hinton,,Donna Barnes,D,True,False,27.1,32.92,27.76,0.0,7.43,2.54,0.0,5.3,,43.04,0.9976,0.0024,Safe D,,
2026-09-06,MO-HD-29,MO,House,HD-29,1,,Tedi H. Rowland,Robert Bruette,,Aaron Crossley,D,False,True,1.5,0.67,0.57,0.0,0.0,4.01,0.0,5.3,,9.88,0.7409,0.2591,Lean D,,
2026-09-06,MO-HD-3,MO,House,HD-3,1,,Corey Luebbering,P. Jeremy Mosley,,Danny Busick,R,False,True,-47.8,-45.78,-38.61,0.0,0.0,0.0,0.0,5.3,,-33.31,0.0147,0.9853,Safe R,,
2026-09-06,MO-HD-30,MO,House,HD-30,1,,Kevin Grover,Jeff Martin,,Jon Patterson,R,False,True,0.3,-0.72,-0.6,0.0,0.0,-3.65,0.0,5.3,,1.05,0.5273,0.4727,Toss-up,,
2026-09-06,MO-HD-31,MO,House,HD-31,1,,Justin Geiser,Ron Fowler,,Ron Fowler,R,True,False,-7.1,-8.48,-7.15,0.0,-7.43,-1.38,0.0,5.3,,-10.66,0.2429,0.7571,Likely R,,
2026-09-06,MO-HD-32,MO,House,HD-32,1,,Jennifer Cassidy,Michael Todd,,Jeff Coleman,R,False,True,-31.7,-34.53,-29.12,0.0,0.0,0.21,0.0,5.3,,-23.61,0.0613,0.9387,Likely R,,
2026-09-06,MO-HD-33,MO,House,HD-33,1,,Troy Latterell,Carolyn Caton,,Carolyn Caton,R,True,False,-19.6,-20.81,-17.55,0.0,-7.43,0.0,-5.0,5.3,,-24.69,0.0532,0.9468,Likely R,,
2026-09-06,MO-HD-34,MO,House,HD-34,1,,Kemp Strickler,Sean Smith,,Kemp Strickler,D,True,False,1.2,1.88,1.59,0.0,7.43,-1.66,0.0,5.3,,12.66,0.7961,0.2039,Likely D,,
2026-09-06,MO-HD-35,MO,House,HD-35,1,,Michael Scott,Jacquie Aziere Stenger,,Keri Ingle,D,False,True,13.2,13.76,11.6,0.0,0.0,0.0,0.0,5.3,,16.9,0.8655,0.1345,Likely D,,
2026-09-06,MO-HD-36,MO,House,HD-36,1,,Anthony Ealy,Dave Thomas,,Anthony Ealy,D,True,False,19.0,23.9,20.16,0.0,7.43,-0.61,0.0,5.3,,32.28,0.9826,0.0174,Safe D,,
2026-09-06,MO-HD-37,MO,House,HD-37,1,,Karissa Marie Varga,,,Mark Sharp,D,False,True,39.1,40.64,34.27,0.0,0.0,0.0,0.0,5.3,D,39.57,0.98,0.02,Safe D,,
2026-09-06,MO-HD-38,MO,House,HD-38,1,,Marty Jacobs,Mary Hill,,Marty Jacobs,D,True,False,-4.5,-5.01,-4.22,0.0,7.43,0.0,5.0,5.3,,13.51,0.8115,0.1885,Likely D,,
2026-09-06,MO-HD-39,MO,House,HD-39,1,,Tanya Lakins,Mark Meirath,,Mark Meirath,R,True,False,-28.0,-28.36,-23.92,0.0,-7.43,0.0,-5.0,5.3,,-31.05,0.0212,0.9788,Safe R,,
2026-09-06,MO-HD-4,MO,House,HD-4,1,,Tristan Sutton,Keith Gudehus,,Greg Sharpe,R,False,True,-61.8,-62.12,-52.39,0.0,0.0,0.0,0.0,5.3,,-47.09,0.001,0.999,Safe R,,
2026-09-06,MO-HD-40,MO,House,HD-40,1,,Thomas D McBeth,Chad Perkins,Sheri Jay,Chad Perkins,R,True,False,-59.2,-58.6,-49.42,0.0,-7.43,0.0,-5.0,5.3,,-56.55,0.0001,0.9999,Safe R,,
2026-09-06,MO-HD-41,MO,House,HD-41,1,,Matthew Beger,Doyle Justus,Dalton Johnson,Doyle Justus,R,True,False,-53.6,-53.12,-44.8,0.0,-7.43,0.12,-5.0,5.3,,-51.81,0.0004,0.9996,Safe R,,
2026-09-06,MO-HD-42,MO,House,HD-42,1,,Amy Pritchard,Jeff Myers,,Jeff Myers,R,True,False,-50.6,-50.37,-42.48,0.0,-7.43,-0.4,0.0,5.3,,-45.01,0.0016,0.9984,Safe R,,
2026-09-06,MO-HD-43,MO,House,HD-43,1,,Rich Gold,Brendan Webber,,Kent Haden,R,False,True,-51.8,-51.94,-43.8,0.0,0.0,0.0,0.0,5.3,,-38.5,0.0059,0.9941,Safe R,,
2026-09-06,MO-HD-44,MO,House,HD-44,1,,Bekki Brewer,John Martin,,John Martin,R,True,False,-22.8,-23.71,-20.0,0.0,-7.43,-1.5,0.0,5.3,,-23.63,0.0611,0.9389,Likely R,,
2026-09-06,MO-HD-45,MO,House,HD-45,1,,Kathy Steinhoff,,,Kathy Steinhoff,D,True,False,45.2,45.95,38.75,0.0,7.43,0.0,5.0,5.3,D,56.49,0.98,0.02,Safe D,,
2026-09-06,MO-HD-46,MO,House,HD-46,1,,David Tyson Smith,,,David T. Smith,D,False,True,22.3,25.08,21.15,0.0,0.0,0.0,0.0,5.3,D,26.45,0.98,0.02,Safe D,,
2026-09-06,MO-HD-47,MO,House,HD-47,1,,Adrian Plank,,,Adrian Plank,D,True,False,8.6,7.51,6.33,0.0,7.43,-2.78,0.0,5.3,D,16.29,0.98,0.02,Safe D,,
2026-09-06,MO-HD-48,MO,House,HD-48,1,,Hope Tinker,Tim Taylor,,Tim Taylor,R,True,False,-49.2,-49.46,-41.71,0.0,-7.43,1.61,0.0,5.3,,-42.24,0.0029,0.9971,Safe R,,
2026-09-06,MO-HD-49,MO,House,HD-49,1,,Jessica O'Neal-Slisz,Jim Schulte,,Jim Schulte,R,True,False,-41.4,-41.37,-34.89,0.0,-7.43,-2.45,0.0,5.3,,-39.48,0.0049,0.9951,Safe R,,
2026-09-06,MO-HD-5,MO,House,HD-5,1,,John Tomko,Roth McElvain,,Louis Riggs,R,False,True,-54.8,-54.56,-46.02,0.0,0.0,0.0,0.0,5.3,,-40.72,0.0039,0.9961,Safe R,,
2026-09-06,MO-HD-50,MO,House,HD-50,1,,Gregg Bush,,,Gregg Bush,D,True,False,14.3,14.6,12.31,0.0,7.43,-0.64,0.0,5.3,D,24.4,0.98,0.02,Safe D,,
2026-09-06,MO-HD-51,MO,House,HD-51,1,,Ron Fauss,Stephanie Gooden,,Mark Nolte,R,False,True,-45.3,-44.86,-37.84,0.0,0.0,0.0,0.0,5.3,,-32.54,0.0167,0.9833,Safe R,,
2026-09-06,MO-HD-52,MO,House,HD-52,1,,Rene Vance,Israel Baeza,,Brad Pollitt,R,False,True,-46.8,-46.06,-38.85,0.0,0.0,-1.53,0.0,5.3,,-35.08,0.0109,0.9891,Safe R,,
2026-09-06,MO-HD-53,MO,House,HD-53,1,,Beth Grubb,Terry Thompson,,Terry Thompson,R,True,False,-47.0,-46.29,-39.04,0.0,-7.43,1.04,0.0,5.3,,-40.13,0.0043,0.9957,Safe R,,
2026-09-06,MO-HD-54,MO,House,HD-54,1,,Taigan Plummer,Brandon Phelps,,Brandon Phelps,R,True,False,-36.3,-35.48,-29.93,0.0,-7.43,-1.84,0.0,5.3,,-33.9,0.0133,0.9867,Safe R,,
2026-09-06,MO-HD-55,MO,House,HD-55,1,,Jon Pennell,Bill Irwin,,Bill Irwin,R,True,False,-36.9,-39.78,-33.55,0.0,-7.43,0.0,-5.0,5.3,,-40.69,0.0039,0.9961,Safe R,,
2026-09-06,MO-HD-56,MO,House,HD-56,1,,Staci Czar,Steve Baker,,Michael Davis,R,False,True,-19.6,-13.7,-11.55,0.0,0.0,0.0,0.0,5.3,,-6.25,0.3413,0.6587,Lean R,,
2026-09-06,MO-HD-57,MO,House,HD-57,1,,Michael Walbom,Matthew Sergent,,Rodger Reedy,R,False,True,-55.4,-56.84,-47.94,0.0,0.0,-2.11,0.0,5.3,,-44.76,0.0017,0.9983,Safe R,,
2026-09-06,MO-HD-58,MO,House,HD-58,1,,Roger Korenberg,Willard Haley,,Willard Haley,R,True,False,-61.0,-61.17,-51.59,0.0,-7.43,0.0,-5.0,5.3,,-58.72,0.0001,0.9999,Safe R,,
2026-09-06,MO-HD-59,MO,House,HD-59,1,,Becky Kroll,Carrie Tergin,,Rudy Veit,R,False,True,-45.7,-50.34,-42.46,0.0,0.0,0.0,0.0,5.3,,-37.16,0.0075,0.9925,Safe R,,
2026-09-06,MO-HD-6,MO,House,HD-6,1,,Robert Blake Johnson,Kelly Gatts,John Davison,Ed Lewis,R,False,True,-55.0,-55.0,-46.39,0.0,0.0,0.0,0.0,5.3,,-41.09,0.0036,0.9964,Safe R,,
2026-09-06,MO-HD-60,MO,House,HD-60,1,,Suzanne Luther,Shane Kampeter,,Dave Griffith,R,False,True,-20.1,-13.17,-11.11,0.0,0.0,0.0,0.0,5.3,,-5.81,0.3521,0.6479,Lean R,,
2026-09-06,MO-HD-61,MO,House,HD-61,1,,Stacy Bax,Bruce Sassmann,,Bruce Sassmann,R,True,False,-65.4,-65.36,-55.13,0.0,-7.43,-5.76,0.0,5.3,,-63.02,0.0,1.0,Safe R,,
2026-09-06,MO-HD-62,MO,House,HD-62,1,,Liz Davenport,Sherri Gallick,,Sherri Gallick,R,True,False,-43.9,-45.21,-38.13,0.0,-7.43,-0.72,0.0,5.3,,-40.99,0.0037,0.9963,Safe R,,
2026-09-06,MO-HD-63,MO,House,HD-63,1,,Donald Looney,Tony Lovasco,,Tricia Byrnes,R,False,True,-23.9,-28.95,-24.41,0.0,0.0,-2.84,0.0,5.3,,-21.95,0.0756,0.9244,Likely R,,
2026-09-06,MO-HD-64,MO,House,HD-64,1,,Amber Teson,Deanna Self,,Deanna Self,R,True,False,-28.9,-32.31,-27.25,0.0,-7.43,0.0,-5.0,5.3,,-34.38,0.0123,0.9877,Safe R,,
2026-09-06,MO-HD-65,MO,House,HD-65,1,,Dale Conoyer,Wendy Hausman,,Wendy Hausman,R,True,False,-18.4,-16.68,-14.07,0.0,-7.43,-1.85,0.0,5.3,,-18.05,0.1189,0.8811,Likely R,,
2026-09-06,MO-HD-66,MO,House,HD-66,1,,Marlene Terry,Laura Mitchell-Riley,,Marlene Terry,D,True,False,74.1,76.09,64.17,0.0,7.43,0.0,5.0,5.3,,81.9,1.0,0.0,Safe D,,
2026-09-06,MO-HD-67,MO,House,HD-67,1,,Tonya Rush,,,Tonya Rush,D,True,False,70.2,70.33,59.31,0.0,7.43,0.0,5.0,5.3,D,77.04,0.98,0.02,Safe D,,
2026-09-06,MO-HD-68,MO,House,HD-68,1,,Kem Smith,,,Kem Smith,D,True,False,49.0,48.89,41.24,0.0,7.43,0.0,5.0,5.3,D,58.97,0.98,0.02,Safe D,,
2026-09-06,MO-HD-69,MO,House,HD-69,1,,Chris Chapman,Scott Miller,,Scott Miller,R,True,False,-13.7,-14.04,-11.84,0.0,-7.43,-2.45,0.0,5.3,,-16.42,0.1414,0.8586,Likely R,,
2026-09-06,MO-HD-7,MO,House,HD-7,1,,Adrian Cooper,Jeremy Clevenger,,Peggy McGaugh,R,False,True,-59.2,-58.89,-49.67,0.0,0.0,0.0,0.0,5.3,,-44.37,0.0019,0.9981,Safe R,,
2026-09-06,MO-HD-70,MO,House,HD-70,1,,Stephanie Boykin,,,Stephanie Boykin,D,True,False,29.1,28.53,24.06,0.0,7.43,0.0,5.0,5.3,D,41.79,0.98,0.02,Safe D,,
2026-09-06,MO-HD-71,MO,House,HD-71,1,,Nicole Greer,,,LaDonna Appelbaum,D,False,True,30.1,29.52,24.9,0.0,0.0,0.0,0.0,5.3,D,30.2,0.98,0.02,Safe D,,
2026-09-06,MO-HD-72,MO,House,HD-72,1,,Patrick Wroblewski,Jeffrey Jacks,,Doug Clemens,D,False,True,26.8,27.05,22.82,0.0,0.0,0.0,0.0,5.3,,28.12,0.967,0.033,Safe D,,
2026-09-06,MO-HD-73,MO,House,HD-73,1,,Kennedy Moore,,Joy Denise Dabney,Raychel Proudie,D,False,True,61.4,63.17,53.28,0.0,0.0,0.0,0.0,5.3,D,58.58,0.98,0.02,Safe D,,
2026-09-06,MO-HD-74,MO,House,HD-74,1,,Marla Smith,John Howard,,Marla Smith,D,True,False,66.4,68.47,57.75,0.0,7.43,0.32,5.0,5.3,,75.8,1.0,0.0,Safe D,,
2026-09-06,MO-HD-75,MO,House,HD-75,1,,Chanel Mosley,Brandon Wilke,,Chanel Mosley,D,True,False,50.9,51.08,43.08,0.0,7.43,0.0,5.0,5.3,,60.81,1.0,0.0,Safe D,,
2026-09-06,MO-HD-76,MO,House,HD-76,1,,Marlon Anderson,,,Marlon Anderson,D,True,False,78.4,80.66,68.03,0.0,7.43,0.0,5.0,5.3,D,85.76,0.98,0.02,Safe D,,
2026-09-06,MO-HD-77,MO,House,HD-77,1,,Kimberly-Ann Collins,,Michael Corey,Kimberly-Ann Collins,D,True,False,78.6,79.76,67.27,0.0,7.43,0.0,5.0,5.3,D,85.0,0.98,0.02,Safe D,,
2026-09-06,MO-HD-78,MO,House,HD-78,1,,Marty Murray,,,Marty Murray,D,True,False,74.6,77.01,64.95,0.0,7.43,0.0,5.0,5.3,D,82.68,0.98,0.02,Safe D,,
2026-09-06,MO-HD-79,MO,House,HD-79,1,,Rachel D'Souza,Mike Hebron,,LaKeySha Bosley,D,False,True,79.2,81.52,68.76,0.0,0.0,0.0,0.0,5.3,,74.06,1.0,0.0,Safe D,,
2026-09-06,MO-HD-8,MO,House,HD-8,1,,Amy Minich,Josh Hurlbert,,Josh Hurlbert,R,True,False,-37.4,-36.29,-30.61,0.0,-7.43,-4.42,0.0,5.3,,-37.16,0.0075,0.9925,Safe R,,
2026-09-06,MO-HD-80,MO,House,HD-80,1,,Lilly Fuchs,Jennie Drag,,Lilly Fuchs,D,True,False,65.8,67.63,57.04,0.0,7.43,0.0,5.0,5.3,,74.77,1.0,0.0,Safe D,,
2026-09-06,MO-HD-81,MO,House,HD-81,1,,James P. Lappe,,,Steve Butz,D,False,True,44.1,43.67,36.83,0.0,0.0,0.0,0.0,5.3,D,42.13,0.98,0.02,Safe D,,
2026-09-06,MO-HD-82,MO,House,HD-82,1,,Nick Kimble,,,Nick Kimble,D,True,False,41.6,41.98,35.4,0.0,7.43,1.87,0.0,5.3,D,50.0,0.98,0.02,Safe D,,
2026-09-06,MO-HD-83,MO,House,HD-83,1,,Ray Reed,,Andrew Bolin,Ray Reed,D,True,False,38.4,38.46,32.44,0.0,7.43,0.0,5.0,5.3,D,50.17,0.98,0.02,Safe D,,
2026-09-06,MO-HD-84,MO,House,HD-84,1,,Del Taylor,Robert Vroman,,Del Taylor,D,True,False,73.1,76.24,64.3,0.0,7.43,0.38,0.0,5.3,,77.42,1.0,0.0,Safe D,,
2026-09-06,MO-HD-85,MO,House,HD-85,1,,Yolonda Fountain Henderson,Jerron J Sutton,,Yolonda Fountain Henderson,D,True,False,83.8,86.0,72.53,0.0,7.43,0.0,5.0,5.3,,90.27,1.0,0.0,Safe D,,
2026-09-06,MO-HD-86,MO,House,HD-86,1,,Jeff Hales,,,Jeff Hales,D,True,False,65.8,67.76,57.15,0.0,7.43,0.0,5.0,5.3,D,74.88,0.98,0.02,Safe D,,
2026-09-06,MO-HD-87,MO,House,HD-87,1,,Connie Steinmetz,Dan Hyatt,,Connie Steinmetz,D,True,False,24.5,23.83,20.1,0.0,7.43,-0.32,5.0,5.3,,37.51,0.9929,0.0071,Safe D,,
2026-09-06,MO-HD-88,MO,House,HD-88,1,,Jennifer Trickey,Holly Jones,,Holly Jones,R,True,False,-15.5,-16.89,-14.24,0.0,-7.43,-1.35,0.0,5.3,,-17.73,0.1232,0.8768,Likely R,,
2026-09-06,MO-HD-89,MO,House,HD-89,1,,Bryan Troop,George Hruza,,George Hruza,R,True,False,-2.4,-3.7,-3.12,0.0,-7.43,-3.03,0.0,5.3,,-8.28,0.2942,0.7058,Lean R,,
2026-09-06,MO-HD-9,MO,House,HD-9,1,,Gena Puckett,Dean VanSchoiack,,Dean VanSchoiack,R,True,False,-53.7,-53.23,-44.9,0.0,-7.43,3.3,0.0,5.3,,-43.73,0.0021,0.9979,Safe R,,
2026-09-06,MO-HD-90,MO,House,HD-90,1,,Mark Boyko,,,Mark Boyko,D,True,False,26.3,25.98,21.91,0.0,7.43,-1.89,0.0,5.3,D,32.75,0.98,0.02,Safe D,,
2026-09-06,MO-HD-91,MO,House,HD-91,1,,Jo Doll,,,Jo Doll,D,True,False,42.2,41.97,35.4,0.0,7.43,0.0,5.0,5.3,D,53.13,0.98,0.02,Safe D,,
2026-09-06,MO-HD-92,MO,House,HD-92,1,,Michael Burton,Kenneth Abram,,Michael Burton,D,True,False,6.0,5.06,4.27,0.0,7.43,1.07,0.0,5.3,,18.07,0.8813,0.1187,Likely D,,
2026-09-06,MO-HD-93,MO,House,HD-93,1,,Bridget Moore,,,Bridget Moore,D,True,False,5.6,5.78,4.88,0.0,7.43,0.0,5.0,5.3,D,22.61,0.98,0.02,Safe D,,
2026-09-06,MO-HD-94,MO,House,HD-94,1,,Cathy A Summers,Maryellen Murphy,,James Michael Murphy,R,False,True,-6.6,-7.06,-5.96,0.0,0.0,0.0,0.0,5.3,,-0.66,0.4829,0.5171,Toss-up,,
2026-09-06,MO-HD-95,MO,House,HD-95,1,,Meredith Sumenek,Bob Mahacek,,,R,False,True,-14.9,-15.9,-13.41,0.0,0.0,-1.17,0.0,5.3,,-9.28,0.272,0.728,Lean R,,
2026-09-06,MO-HD-96,MO,House,HD-96,1,,Matt Vitale,Brad Christ,Shane Ferguson,Brad Christ,R,True,False,5.1,3.53,2.98,0.0,-7.43,-4.57,0.0,5.3,,-3.72,0.4038,0.5962,Toss-up,,
2026-09-06,MO-HD-97,MO,House,HD-97,1,,Dan Schaefer,David Robertson,,David Casteel,R,False,True,-30.4,-27.55,-23.24,0.0,0.0,-0.71,0.0,5.3,,-18.64,0.1114,0.8886,Likely R,,
2026-09-06,MO-HD-98,MO,House,HD-98,1,,Jaclyn Zimmermann,Timothy Bosch,,Jaclyn Zimmermann,D,True,False,5.7,5.28,4.45,0.0,7.43,-0.43,0.0,5.3,,16.75,0.8634,0.1366,Likely D,,
2026-09-06,MO-HD-99,MO,House,HD-99,1,,Tori Schafer,,,Ian Mackey,D,False,True,38.0,38.41,32.4,0.0,0.0,0.0,0.0,5.3,D,37.7,0.98,0.02,Safe D,,
2026-09-06,MO-SD-10,MO,Senate,SD-10,1,,John Wells,Mike Deering,,,R,False,True,-47.2,-46.6,-39.3,0.0,0.0,0.0,0.0,5.3,,-34.0,0.0131,0.9869,Safe R,,
2026-09-06,MO-SD-12,MO,Senate,SD-12,1,,Judy McNeece,Rusty Black,,Rusty Black,R,True,False,-56.9,-56.68,-47.8,0.0,-7.43,-2.15,0.0,5.3,,-52.08,0.0003,0.9997,Safe R,,
2026-09-06,MO-SD-14,MO,Senate,SD-14,1,,Raychel Proudie,Vernon Norman,,Brian Williams,D,False,True,52.3,54.15,45.67,0.0,0.0,0.0,0.0,5.3,,50.97,0.9996,0.0004,Safe D,,
2026-09-06,MO-SD-16,MO,Senate,SD-16,1,,Virginia Staabs,Bill Hardwick,,Justin Brown,R,False,True,-58.4,-58.46,-49.31,0.0,0.0,-1.44,0.0,5.3,,-45.44,0.0015,0.9985,Safe R,,
2026-09-06,MO-SD-18,MO,Senate,SD-18,1,,Nick Miller,Greg Sharpe,,Cindy O'Laughlin,R,False,True,-53.8,-53.51,-45.13,0.0,0.0,-0.08,0.0,5.3,,-39.91,0.0045,0.9955,Safe R,,
2026-09-06,MO-SD-2,MO,Senate,SD-2,1,,Susan Shumway,Nick Schroer,,Nick Schroer,R,True,False,-23.1,-24.21,-20.42,0.0,-7.43,-3.07,0.0,5.3,,-25.62,0.0469,0.9531,Safe R,,
2026-09-06,MO-SD-20,MO,Senate,SD-20,1,,Sean Falconer,Lori Rook,,Curtis Trent,R,False,True,-46.6,-48.85,-41.2,0.0,0.0,0.0,0.0,5.3,,-35.9,0.0094,0.9906,Safe R,,
2026-09-06,MO-SD-22,MO,Senate,SD-22,1,,Jeff Abney,Jim Avery,,Mary Elizabeth Coleman,R,False,True,-27.9,-33.49,-28.24,0.0,0.0,0.0,0.0,5.3,,-22.94,0.0668,0.9332,Likely R,,
2026-09-06,MO-SD-24,MO,Senate,SD-24,1,,Tracy McCreery,LaVanna Wrobley,,Tracy McCreery,D,True,False,14.9,12.93,10.9,0.0,7.43,4.87,0.0,5.3,,28.5,0.9688,0.0312,Safe D,,
2026-09-06,MO-SD-26,MO,Senate,SD-26,1,,Victoria Wors,Ben Brown,,Ben Brown,R,True,False,-48.0,-48.45,-40.86,0.0,-7.43,-0.17,-5.0,5.3,,-48.17,0.0008,0.9992,Safe R,,
2026-09-06,MO-SD-28,MO,Senate,SD-28,1,,Mike McCaffree,Sam Alexander,,Sandy Crawford,R,False,True,-58.2,-58.13,-49.03,0.0,0.0,0.0,0.0,5.3,,-43.73,0.0021,0.9979,Safe R,,
2026-09-06,MO-SD-30,MO,Senate,SD-30,1,,Betsy Fogle,Melanie Stinnett,Cecil Ince,Lincoln Hough,R,False,True,-9.9,-3.47,-2.93,0.0,0.0,-1.77,0.0,5.3,,0.6,0.5157,0.4843,Toss-up,,
2026-09-06,MO-SD-32,MO,Senate,SD-32,1,,Imma J Curl,Jill Carter,,Jill Carter,R,True,False,-50.9,-51.67,-43.58,0.0,-7.43,0.0,-5.0,5.3,,-50.71,0.0005,0.9995,Safe R,,
2026-09-06,MO-SD-34,MO,Senate,SD-34,1,,Shereka Barnes,Mike Jones,,Tony Luetkemeyer,R,False,True,-11.4,-10.81,-9.12,0.0,0.0,-1.67,0.0,5.3,,-5.5,0.3597,0.6403,Lean R,,
2026-09-06,MO-SD-4,MO,Senate,SD-4,1,,Gina Mitten,,,Karla May,D,False,True,39.0,49.93,42.11,0.0,0.0,0.0,0.0,5.3,D,47.41,0.98,0.02,Safe D,,
2026-09-06,MO-SD-6,MO,Senate,SD-6,1,,J. Don Salcedo,Jake Vogel,,Mike Bernskoetter,R,False,True,-48.9,-49.27,-41.56,0.0,0.0,0.0,0.0,5.3,,-36.26,0.0089,0.9911,Safe R,,
2026-09-06,MO-SD-8,MO,Senate,SD-8,1,,Keri Ingle,Jon Patterson,,Mike Cierpiot,R,False,True,-4.1,-6.48,-5.47,0.0,0.0,-3.61,0.0,5.3,,-3.77,0.4025,0.5975,Toss-up,,
2026-09-06,MT-HD-1,MT,House,HD-1,1,,Dakota Adams,Michelle Bianco,,Neil Duram,R,False,True,-54.3,-54.63,-47.91,-2.18,0.0,-2.03,0.0,5.3,,-44.65,0.0018,0.9982,Safe R,,
2026-09-06,MT-HD-10,MT,House,HD-10,1,,Catherine C Allen,Terry Falk,,Terry Falk,R,True,False,-48.2,-44.16,-39.09,-2.18,-7.43,-2.21,0.0,5.3,,-43.43,0.0023,0.9977,Safe R,,
2026-09-06,MT-HD-100,MT,House,HD-100,1,,S.J. Howell,Michael Daniel Bowles,J.C. Windmueller,S.J. Howell,D,True,False,53.9,50.89,41.08,-2.18,7.43,-3.64,0.0,5.3,,50.18,0.9995,0.0005,Safe D,,
2026-09-06,MT-HD-11,MT,House,HD-11,1,,Maeve Kintzler,Ed Byrne,,Ed Byrne,R,True,False,-50.9,-50.74,-44.64,-2.18,-7.43,-0.62,0.0,5.3,,-47.39,0.001,0.999,Safe R,,
2026-09-06,MT-HD-12,MT,House,HD-12,1,,Cindy L Bruckner,Tracy Sharp,,Tracy Sharp,R,True,False,-35.3,-35.61,-31.87,-2.18,-7.43,-2.06,0.0,5.3,,-36.07,0.0092,0.9908,Safe R,,
2026-09-06,MT-HD-13,MT,House,HD-13,1,,Dalton Bradford,Finley Warden,,Linda Reksten,R,False,True,-22.3,-20.89,-19.46,-2.18,0.0,0.0,0.0,5.3,,-14.16,0.1773,0.8227,Likely R,,
2026-09-06,MT-HD-14,MT,House,HD-14,1,,Colleen Hinds,Paul Fielder,,Paul Fielder,R,True,False,-56.2,-57.93,-50.7,-2.18,-7.43,-14.47,0.0,5.3,,-67.3,0.0,1.0,Safe R,,
2026-09-06,MT-HD-15,MT,House,HD-15,1,,Thedis Crowe,Ralph Foster,,Thedis Crowe,D,True,False,6.8,9.46,6.14,-2.18,7.43,-3.03,0.0,5.3,,15.84,0.8498,0.1502,Likely D,,
2026-09-06,MT-HD-16,MT,House,HD-16,1,,Lona Running Wolf,,,Tyson Running Wolf,D,False,True,11.4,14.29,10.22,-2.18,0.0,0.0,0.0,5.3,D,15.52,0.98,0.02,Safe D,,
2026-09-06,MT-HD-17,MT,House,HD-17,1,,Chris Bechtold,Justin Cleveland,,Zack Wirth,R,False,True,-44.4,-44.88,-39.69,-2.18,0.0,0.0,0.0,5.3,,-34.39,0.0123,0.9877,Safe R,,
2026-09-06,MT-HD-18,MT,House,HD-18,1,,,Bruce Gillespie,,Llew Jones,R,False,True,-51.5,-52.82,-46.39,-2.18,0.0,0.0,0.0,5.3,R,-41.09,0.02,0.98,Safe R,,
2026-09-06,MT-HD-19,MT,House,HD-19,1,,Jane Weber,Hannah Trebas,,Jane Weber,D,True,False,-0.6,-11.29,-11.36,-2.18,7.43,15.29,0.0,5.3,,16.66,0.862,0.138,Likely D,,
2026-09-06,MT-HD-2,MT,House,HD-2,1,,Jane Maahs,Tom Millett,,Tom Millett,R,True,False,-55.6,-56.03,-49.1,-2.18,-7.43,-0.58,0.0,5.3,,-51.81,0.0004,0.9996,Safe R,,
2026-09-06,MT-HD-20,MT,House,HD-20,1,,Steve Keller,Melissa Nikolakakos,,Melissa Nikolakakos,R,True,False,-8.9,-9.37,-9.74,-2.18,-7.43,0.82,0.0,5.3,,-11.05,0.235,0.765,Likely R,,
2026-09-06,MT-HD-21,MT,House,HD-21,1,,Lela Graham,Trevor Funseth,,Ed Buttrey,R,False,True,-21.0,-18.14,-17.14,-2.18,0.0,-5.91,0.0,5.3,,-17.76,0.1228,0.8772,Likely R,,
2026-09-06,MT-HD-22,MT,House,HD-22,1,,Neal Miller,Jason Lorang,Dave Von Eschen,George Nikolakakos,R,False,True,-18.3,-11.51,-11.55,-2.18,0.0,0.0,0.0,5.3,,-6.25,0.3414,0.6586,Lean R,,
2026-09-06,MT-HD-23,MT,House,HD-23,1,,Rebecca Bogden-Richards,Eric Tilleman,,Eric Tilleman,R,True,False,-10.5,-9.02,-9.45,-2.18,-7.43,-2.26,0.0,5.3,,-13.84,0.1827,0.8173,Likely R,,
2026-09-06,MT-HD-24,MT,House,HD-24,1,,Pam Carroll,Steve Fitzpatrick,,Steve Fitzpatrick,R,True,False,-19.6,-19.02,-17.89,-2.18,-7.43,0.0,-5.0,5.3,,-25.02,0.0509,0.9491,Likely R,,
2026-09-06,MT-HD-25,MT,House,HD-25,1,,Jerry Ferderer,Steve Gist,,Steve Gist,R,True,False,-46.3,-45.36,-40.1,-2.18,-7.43,9.93,0.0,5.3,,-32.3,0.0173,0.9827,Safe R,,
2026-09-06,MT-HD-26,MT,House,HD-26,1,,Paul Jefferson,Russ Miner,,Russ Miner,R,True,False,-40.5,-34.14,-30.63,-2.18,-7.43,0.0,-5.0,5.3,,-37.76,0.0068,0.9932,Safe R,,
2026-09-06,MT-HD-27,MT,House,HD-27,1,,Paul Tuss,,Jordan Ophus,Paul Tuss,D,True,False,-20.1,-19.1,-17.95,-2.18,7.43,15.74,0.0,5.3,D,10.52,0.98,0.02,Safe D,,
2026-09-06,MT-HD-28,MT,House,HD-28,1,,,Chisholm B Christensen,,Eric Albus,R,False,True,-55.6,-54.07,-47.44,-2.18,0.0,0.0,0.0,5.3,R,-42.14,0.02,0.98,Safe R,,
2026-09-06,MT-HD-29,MT,House,HD-29,1,,Tess Fahlgren,Valerie Moore,,Valerie Moore,R,True,False,-51.5,-54.04,-47.42,-2.18,-7.43,0.0,-5.0,5.3,,-54.55,0.0002,0.9998,Safe R,,
2026-09-06,MT-HD-3,MT,House,HD-3,1,,Debo Powers,Derek Peachey,,Debo Powers,D,True,False,3.0,1.48,-0.59,-2.18,7.43,9.59,0.0,5.3,,21.73,0.9224,0.0776,Likely D,,
2026-09-06,MT-HD-30,MT,House,HD-30,1,,Jason Boeshore,Morgan Thiel,,Morgan Thiel,R,True,False,-66.4,-68.59,-59.69,-2.18,-7.43,0.0,-5.0,5.3,,-66.82,0.0,1.0,Safe R,,
2026-09-06,MT-HD-31,MT,House,HD-31,1,,Natalie Oneal,,,Frank Smith,D,False,True,3.6,2.61,0.36,-2.18,0.0,0.0,0.0,5.3,D,5.66,0.98,0.02,Safe D,,
2026-09-06,MT-HD-32,MT,House,HD-32,1,,Mike Fox,,,Mike Fox,D,True,False,5.6,11.0,7.44,-2.18,7.43,4.1,0.0,5.3,D,24.27,0.98,0.02,Safe D,,
2026-09-06,MT-HD-33,MT,House,HD-33,1,,Tristan Veverka,Brandon Ler,,Brandon Ler,R,True,False,-61.2,-62.72,-54.74,-2.18,-7.43,0.0,-5.0,5.3,,-61.87,0.0,1.0,Safe R,,
2026-09-06,MT-HD-34,MT,House,HD-34,1,,Jasmine Erickson,Jerry Schillinger,,Jerry Schillinger,R,True,False,-74.9,-75.93,-65.88,-2.18,-7.43,0.0,-5.0,5.3,,-73.01,0.0,1.0,Safe R,,
2026-09-06,MT-HD-35,MT,House,HD-35,1,,Natalie Parker,Gary Parry,,Gary Parry,R,True,False,-65.1,-66.12,-57.6,-2.18,-7.43,1.26,0.0,5.3,,-58.47,0.0001,0.9999,Safe R,,
2026-09-06,MT-HD-36,MT,House,HD-36,1,,Benjamin Keyes,Ty Linger,,Greg Kmetz,R,False,True,-44.5,-45.63,-40.33,-2.18,0.0,0.0,0.0,5.3,,-35.03,0.011,0.989,Safe R,,
2026-09-06,MT-HD-37,MT,House,HD-37,1,,Tracey Miller Karcher,Shane Klakken,,Shane Klakken,R,True,False,-51.6,-53.25,-46.75,-2.18,-7.43,1.0,0.0,5.3,,-47.88,0.0009,0.9991,Safe R,,
2026-09-06,MT-HD-38,MT,House,HD-38,1,,,Greg Oblander,,Greg Oblander,R,True,False,-67.2,-67.05,-58.39,-2.18,-7.43,0.0,-5.0,5.3,R,-65.53,0.02,0.98,Safe R,,
2026-09-06,MT-HD-39,MT,House,HD-39,1,,Melissa Smith,Kerri Seekins-Crowe,,Kerri Seekins-Crowe,R,True,False,-33.9,-32.92,-29.61,-2.18,-7.43,-2.21,0.0,5.3,,-33.95,0.0132,0.9868,Safe R,,
2026-09-06,MT-HD-4,MT,House,HD-4,1,,Paula Koch,Shaun Pandina,,Lyn Bennett,R,False,True,-6.9,-6.94,-7.69,-2.18,0.0,0.0,0.0,5.3,,-2.39,0.4378,0.5622,Toss-up,,
2026-09-06,MT-HD-40,MT,House,HD-40,1,,Gabriel Bradshaw,Mike Vinton,,Mike Vinton,R,True,False,-47.9,-47.88,-42.23,-2.18,-7.43,-0.51,0.0,5.3,,-44.87,0.0017,0.9983,Safe R,,
2026-09-06,MT-HD-41,MT,House,HD-41,1,,Jade Sooktis,,,Jade Sooktis,D,True,False,4.8,8.4,5.24,-2.18,7.43,7.75,0.0,5.3,D,25.72,0.98,0.02,Safe D,,
2026-09-06,MT-HD-42,MT,House,HD-42,1,,Chip Fitzpatrick,Jeremiah Jabs,,Chip Fitzpatrick,D,True,False,-7.7,-13.76,-13.45,-2.18,7.43,0.0,5.0,5.3,,4.29,0.6104,0.3896,Lean D,,
2026-09-06,MT-HD-43,MT,House,HD-43,1,,Rudolf Haden,Larry Brewster,,Larry Brewster,R,True,False,-23.6,-24.85,-22.8,-2.18,-7.43,-0.74,0.0,5.3,,-25.67,0.0466,0.9534,Safe R,,
2026-09-06,MT-HD-44,MT,House,HD-44,1,,Mike Eaton,Katie Zolnikov,,Katie Zolnikov,R,True,False,-36.2,-37.06,-33.09,-2.18,-7.43,0.0,-5.0,5.3,,-40.23,0.0043,0.9957,Safe R,,
2026-09-06,MT-HD-45,MT,House,HD-45,1,,Denise Baum,Bryce Walston,,Denise Baum,D,True,False,4.0,2.86,0.57,-2.18,7.43,2.54,0.0,5.3,,15.84,0.8499,0.1501,Likely D,,
2026-09-06,MT-HD-46,MT,House,HD-46,1,,Denise Joy,Kimberly Welzenbach,,Denise Joy,D,True,False,-1.8,1.14,-0.88,-2.18,7.43,0.0,5.0,5.3,,16.85,0.8647,0.1353,Likely D,,
2026-09-06,MT-HD-47,MT,House,HD-47,1,,James Reavis,John Maxwell,,James Reavis,D,True,False,6.3,4.88,2.27,-2.18,7.43,4.51,0.0,5.3,,19.51,0.899,0.101,Likely D,,
2026-09-06,MT-HD-48,MT,House,HD-48,1,,Tucker Colvin,Curtis Schomer,,Curtis Schomer,R,True,False,-14.3,-14.35,-13.94,-2.18,-7.43,0.01,-5.0,5.3,,-21.06,0.0842,0.9158,Likely R,,
2026-09-06,MT-HD-49,MT,House,HD-49,1,,Rebecca Noell,Charlie Loveridge,,Sherry Essmann,R,False,True,-18.2,-19.29,-18.11,-2.18,0.0,0.0,0.0,5.3,,-12.81,0.2012,0.7988,Likely R,,
2026-09-06,MT-HD-5,MT,House,HD-5,1,,Luca Welle,Braxton Mitchell,,Braxton Mitchell,R,True,False,-46.3,-46.58,-41.13,-2.18,-7.43,3.17,0.0,5.3,,-40.09,0.0044,0.9956,Safe R,,
2026-09-06,MT-HD-50,MT,House,HD-50,1,,Mark Peters,Stewart Harris,,Anthony Nicastro,R,False,True,-28.8,-27.43,-24.98,-2.18,0.0,0.0,0.0,5.3,,-19.68,0.0991,0.9009,Likely R,,
2026-09-06,MT-HD-51,MT,House,HD-51,1,,Precious Mckenzie,Jodee Etchart,,Jodee Etchart,R,True,False,-15.7,-16.81,-16.02,-2.18,-7.43,4.41,0.0,5.3,,-13.73,0.1846,0.8154,Likely R,,
2026-09-06,MT-HD-52,MT,House,HD-52,1,,Elizabeth Heald,Stacy Zinn,,Stacy Zinn,R,True,False,-25.3,-26.88,-24.51,-2.18,-7.43,0.0,-5.0,5.3,,-31.64,0.0193,0.9807,Safe R,,
2026-09-06,MT-HD-53,MT,House,HD-53,1,,Matthew J Hankins,Troy Charbonneau,,Nelly Nicol,R,False,True,-47.6,-41.43,-36.78,-2.18,0.0,0.0,0.0,5.3,,-31.48,0.0198,0.9802,Safe R,,
2026-09-06,MT-HD-54,MT,House,HD-54,1,,Janine Coole,Lee Deming,,Lee Deming,R,True,False,-41.8,-42.42,-37.62,-2.18,-7.43,0.0,-5.0,5.3,,-44.75,0.0017,0.9983,Safe R,,
2026-09-06,MT-HD-55,MT,House,HD-55,1,,Richard Gessling,Brad Barker,,Brad Barker,R,True,False,-32.4,-32.7,-29.42,-2.18,-7.43,-6.72,0.0,5.3,,-38.27,0.0062,0.9938,Safe R,,
2026-09-06,MT-HD-56,MT,House,HD-56,1,,,Fiona Nave,,Fiona Nave,R,True,False,-61.0,-61.72,-53.9,-2.18,-7.43,-16.63,0.0,5.3,R,-72.66,0.02,0.98,Safe R,,
2026-09-06,MT-HD-57,MT,House,HD-57,1,,Jordan Viegut,Bob Crank,,Scott Rosenzweig,D,False,True,0.8,0.63,-1.31,-2.18,0.0,0.0,0.0,5.3,,3.99,0.6029,0.3971,Lean D,,
2026-09-06,MT-HD-58,MT,House,HD-58,1,,Jamie Isaly,Joshua Congleton,,Jamie Isaly,D,True,False,3.8,3.22,0.88,-2.18,7.43,-4.27,0.0,5.3,,9.34,0.7293,0.2707,Lean D,,
2026-09-06,MT-HD-59,MT,House,HD-59,1,,Katie Fire Thunder,Marc Greendorfer,,Katie Fire Thunder,D,True,False,24.3,26.67,20.66,-2.18,7.43,5.96,0.0,5.3,,39.35,0.995,0.005,Safe D,,
2026-09-06,MT-HD-6,MT,House,HD-6,1,,Darren Fix,Jim Riley,,Amy Regier,R,False,True,-33.9,-35.96,-32.17,-2.18,0.0,0.0,0.0,5.3,,-26.87,0.0394,0.9606,Safe R,,
2026-09-06,MT-HD-60,MT,House,HD-60,1,,Alanah Griffith,Greg Leman,,Alanah Griffith,D,True,False,1.6,3.53,1.14,-2.18,7.43,-4.03,0.0,5.3,,9.83,0.7399,0.2601,Lean D,,
2026-09-06,MT-HD-61,MT,House,HD-61,1,,Rio Roland,Eric Jacobs,,Becky Edwards,D,False,True,40.0,43.6,34.93,-2.18,0.0,0.0,0.0,5.3,,40.23,0.9957,0.0043,Safe D,,
2026-09-06,MT-HD-62,MT,House,HD-62,1,,Josh Seckinger,Esther Fishbaugh,,Josh Seckinger,D,True,False,2.9,11.81,8.12,-2.18,7.43,-2.28,0.0,5.3,,18.57,0.8877,0.1123,Likely D,,
2026-09-06,MT-HD-63,MT,House,HD-63,1,,Peter Strand,Lawrence R Moore,,Peter Strand,D,True,False,7.9,15.13,10.92,-2.18,7.43,-2.4,0.0,5.3,,21.25,0.9177,0.0823,Likely D,,
2026-09-06,MT-HD-64,MT,House,HD-64,1,,Brady Bremer,Daniel Ricardo Martinez,,Kelly Kortum,D,False,True,9.2,11.09,7.52,-2.18,0.0,0.0,0.0,5.3,,12.82,0.799,0.201,Likely D,,
2026-09-06,MT-HD-65,MT,House,HD-65,1,,Brian Close,Joe Flynn,,Brian Close,D,True,False,11.3,18.72,13.95,-2.18,7.43,-2.28,0.0,5.3,,24.39,0.9447,0.0553,Likely D,,
2026-09-06,MT-HD-66,MT,House,HD-66,1,,Eric Matthews,Owen Lang,,Eric Matthews,D,True,False,14.7,-0.94,-2.63,-2.18,7.43,1.86,0.0,5.3,,11.96,0.7829,0.2171,Likely D,,
2026-09-06,MT-HD-67,MT,House,HD-67,1,,Logan Henke,Jedediah Hinkle,,Jedediah Hinkle,R,True,False,-26.2,-25.54,-23.38,-2.18,-7.43,0.61,0.0,5.3,,-24.9,0.0517,0.9483,Likely R,,
2026-09-06,MT-HD-68,MT,House,HD-68,1,,Jocelyn Kent,Randy Chamberlin,,Caleb Hinkle,R,False,True,-42.5,-34.12,-30.62,-2.18,0.0,-3.63,0.0,5.3,,-28.94,0.0292,0.9708,Safe R,,
2026-09-06,MT-HD-69,MT,House,HD-69,1,,,Trevor Walter,,Ken Walsh,R,False,True,-46.5,-45.99,-40.63,-2.18,0.0,0.0,0.0,5.3,R,-35.33,0.02,0.98,Safe R,,
2026-09-06,MT-HD-7,MT,House,HD-7,1,,Madison Evans,Courtenay Sprunger,,Courtenay Sprunger,R,True,False,-16.9,-17.65,-16.73,-2.18,-7.43,-3.78,0.0,5.3,,-22.64,0.0694,0.9306,Likely R,,
2026-09-06,MT-HD-70,MT,House,HD-70,1,,Kobi Craddock,Shannon Maness,,Shannon Maness,R,True,False,-41.4,-41.9,-37.18,-2.18,-7.43,0.0,-5.0,5.3,,-44.31,0.0019,0.9981,Safe R,,
2026-09-06,MT-HD-71,MT,House,HD-71,1,,Scott DeMarois,Suzzann Nordwick,,Scott DeMarois,D,True,False,-0.0,3.32,0.96,-2.18,7.43,31.09,0.0,5.3,,44.77,0.9983,0.0017,Safe D,,
2026-09-06,MT-HD-72,MT,House,HD-72,1,,Donavon Hawk,Michael Saul,,Donavon Hawk,D,True,False,12.7,14.66,10.52,-2.18,7.43,17.49,0.0,5.3,,40.74,0.9961,0.0039,Safe D,,
2026-09-06,MT-HD-73,MT,House,HD-73,1,,Jennifer Lynch,Gerry Kennedy,,Jennifer Lynch,D,True,False,6.9,10.34,6.88,-2.18,7.43,4.82,0.0,5.3,,24.44,0.945,0.055,Likely D,,
2026-09-06,MT-HD-74,MT,House,HD-74,1,,Marc Lee,Trenin Bayless,,Marc Lee,D,True,False,9.4,11.26,7.65,-2.18,7.43,9.8,0.0,5.3,,30.19,0.9758,0.0242,Safe D,,
2026-09-06,MT-HD-75,MT,House,HD-75,1,,Patrick Sullivan,Mark Reinschmidt,Greg DeVries,Mark Reinschmidt,R,True,False,-36.9,-36.03,-32.23,-2.18,-7.43,0.0,-5.0,5.3,,-39.36,0.005,0.995,Safe R,,
2026-09-06,MT-HD-76,MT,House,HD-76,1,,,Trish Schreiber,,John Fitzpatrick,R,False,True,-45.8,-45.43,-40.15,-2.18,0.0,0.0,0.0,5.3,R,-34.85,0.02,0.98,Safe R,,
2026-09-06,MT-HD-77,MT,House,HD-77,1,,Deborah Anne Hansen,Jane Gillette,,Jane Gillette,R,True,False,-56.2,-57.22,-50.1,-2.18,-7.43,-6.09,0.0,5.3,,-58.32,0.0001,0.9999,Safe R,,
2026-09-06,MT-HD-78,MT,House,HD-78,1,,Mark White,Randyn Gregg,,Randyn Gregg,R,True,False,-54.7,-55.75,-48.86,-2.18,-7.43,-0.64,0.0,5.3,,-51.63,0.0004,0.9996,Safe R,,
2026-09-06,MT-HD-79,MT,House,HD-79,1,,Luke Muszkiewicz,Chiko Olson,,Luke Muszkiewicz,D,True,False,4.9,7.67,4.63,-2.18,7.43,0.14,5.0,5.3,,22.49,0.9293,0.0707,Likely D,,
2026-09-06,MT-HD-8,MT,House,HD-8,1,,Calvin Lime,Lukas Schubert,,Lukas Schubert,R,True,False,-45.0,-46.41,-40.98,-2.18,-7.43,1.65,0.0,5.3,,-41.47,0.0033,0.9967,Safe R,,
2026-09-06,MT-HD-80,MT,House,HD-80,1,,Megan Lane,Katie Fruits,,Melissa Romano,D,False,True,-0.1,3.01,0.7,-2.18,0.0,0.0,0.0,5.3,,6.0,0.6525,0.3475,Lean D,,
2026-09-06,MT-HD-81,MT,House,HD-81,1,,Janet Ellis,John J Looney Sr,,Mary Caferro,D,False,True,6.7,2.89,0.6,-2.18,0.0,3.91,0.0,5.3,,9.81,0.7393,0.2607,Lean D,,
2026-09-06,MT-HD-82,MT,House,HD-82,1,,Pete Elverum,Clinton Mckay,,Pete Elverum,D,True,False,6.3,6.26,3.44,-2.18,7.43,1.5,0.0,5.3,,17.67,0.8761,0.1239,Likely D,,
2026-09-06,MT-HD-83,MT,House,HD-83,1,,Joe Cohenour,Aaron J Leas,,Jill Cohenour,D,False,True,8.8,8.84,5.61,-2.18,0.0,0.0,0.0,5.3,,10.91,0.7622,0.2378,Likely D,,
2026-09-06,MT-HD-84,MT,House,HD-84,1,,Tia Nelson,Roy Caldwell,,Julie Darling,R,False,True,-32.7,-33.51,-30.1,-2.18,0.0,0.0,0.0,5.3,,-24.8,0.0524,0.9476,Likely R,,
2026-09-06,MT-HD-85,MT,House,HD-85,1,,Laura Jackson,Kim Dailey,,Kathy Love,R,False,True,-51.3,-51.18,-45.0,-2.18,0.0,-0.77,0.0,5.3,,-40.47,0.0041,0.9959,Safe R,,
2026-09-06,MT-HD-86,MT,House,HD-86,1,,Archie Thomas,Wayne Rusk,,Dave Bedey,R,False,True,-25.1,-25.12,-23.03,-2.18,0.0,-2.37,0.0,5.3,,-20.1,0.0943,0.9057,Likely R,,
2026-09-06,MT-HD-87,MT,House,HD-87,1,,Bill Jones,Terry Nelson,,Terry Nelson,R,True,False,-47.6,-48.01,-42.33,-2.18,-7.43,0.0,-5.0,5.3,,-49.46,0.0006,0.9994,Safe R,,
2026-09-06,MT-HD-88,MT,House,HD-88,1,,Evan Schroedel,Greg Overstreet,,Greg Overstreet,R,True,False,-36.7,-36.26,-32.42,-2.18,-7.43,-2.44,0.0,5.3,,-37.0,0.0078,0.9922,Safe R,,
2026-09-06,MT-HD-89,MT,House,HD-89,1,,Mark Thane,Lyn Hellegaard,,Mark Thane,D,True,False,5.4,20.01,15.03,-2.18,7.43,-5.58,0.0,5.3,,22.18,0.9265,0.0735,Likely D,,
2026-09-06,MT-HD-9,MT,House,HD-9,1,,Kate Mclaughlin,Steve Kelly,,Steve Kelly,R,True,False,-44.8,-46.3,-40.89,-2.18,-7.43,0.0,-5.0,5.3,,-48.02,0.0008,0.9992,Safe R,,
2026-09-06,MT-HD-90,MT,House,HD-90,1,,,Jeff Stanek,,Curt Cochran,R,False,True,-42.2,-34.02,-30.53,-2.18,0.0,0.0,0.0,5.3,R,-25.23,0.02,0.98,Safe R,,
2026-09-06,MT-HD-91,MT,House,HD-91,1,,Shelly Fyant,Charles Headley,,Shelly Fyant,D,True,False,3.0,18.95,14.15,-2.18,7.43,-2.06,0.0,5.3,,24.82,0.9477,0.0523,Likely D,,
2026-09-06,MT-HD-92,MT,House,HD-92,1,,Monica Tranel,,,Connie Keogh,D,False,True,19.8,9.77,6.4,-2.18,0.0,0.0,0.0,5.3,D,11.7,0.98,0.02,Safe D,,
2026-09-06,MT-HD-93,MT,House,HD-93,1,,Ben Davis,Roy Handley,,Katie Sullivan,D,False,True,24.4,17.13,12.6,-2.18,0.0,2.91,0.0,5.3,,20.82,0.9133,0.0867,Likely D,,
2026-09-06,MT-HD-94,MT,House,HD-94,1,,Robin Kendall,Greg Woodward,,Marilyn Marler,D,False,True,19.9,31.6,24.81,-2.18,0.0,0.0,0.0,5.3,,30.11,0.9755,0.0245,Safe D,,
2026-09-06,MT-HD-95,MT,House,HD-95,1,,Zooey Zephyr,,,Zooey Zephyr,D,True,False,62.2,63.37,51.6,-2.18,7.43,2.16,0.0,5.3,D,66.49,0.98,0.02,Safe D,,
2026-09-06,MT-HD-96,MT,House,HD-96,1,,Bob Carter,,,Bob Carter,D,True,False,17.2,22.92,17.49,-2.18,7.43,1.54,0.0,5.3,D,31.77,0.98,0.02,Safe D,,
2026-09-06,MT-HD-97,MT,House,HD-97,1,,Melody Cunningham,Michael P Hagestad,,Melody Cunningham,D,True,False,20.5,22.41,17.06,-2.18,7.43,0.94,0.0,5.3,,30.73,0.9778,0.0222,Safe D,,
2026-09-06,MT-HD-98,MT,House,HD-98,1,,Jonathan Karlen,Bryan Muzzana,,Jonathan Karlen,D,True,False,14.0,12.5,8.7,-2.18,7.43,-2.61,0.0,5.3,,18.82,0.8908,0.1092,Likely D,,
2026-09-06,MT-HD-99,MT,House,HD-99,1,,Tom France,Ryan Darling,,Tom France,D,True,False,11.3,13.6,9.63,-2.18,7.43,-2.55,0.0,5.3,,19.81,0.9024,0.0976,Likely D,,
2026-09-06,MT-SD-1,MT,Senate,SD-1,1,,Jonathan Russell Jameson,Steve Gunderson,,Mike Cuffe,R,False,True,-54.9,-55.31,-48.49,-2.18,0.0,3.12,0.0,5.3,,-40.08,0.0044,0.9956,Safe R,,
2026-09-06,MT-SD-10,MT,Senate,SD-10,1,,Margaret Mitchell,Jessica Dyrdahl,,Jeremy Trebas,R,False,True,-5.6,-10.33,-10.56,-2.18,0.0,0.0,0.0,5.3,,-5.26,0.3655,0.6345,Lean R,,
2026-09-06,MT-SD-11,MT,Senate,SD-11,1,,Valynda Holland,Steven Galloway,,Daniel Emrich,R,False,True,-20.0,-14.83,-14.35,-2.18,0.0,4.24,0.0,5.3,,-4.81,0.3766,0.6234,Lean R,,
2026-09-06,MT-SD-12,MT,Senate,SD-12,1,,Mindy Leach,George Nikolakakos,,Wendy McKamey,R,False,True,-15.3,-13.41,-13.15,-2.18,0.0,0.99,0.0,5.3,,-6.86,0.3268,0.6732,Lean R,,
2026-09-06,MT-SD-14,MT,Senate,SD-14,1,,Blake Borst,Eric Albus,,Russel Tempel,R,False,True,-39.6,-41.18,-36.57,-2.18,0.0,-0.75,0.0,5.3,,-32.03,0.0181,0.9819,Safe R,,
2026-09-06,MT-SD-18,MT,Senate,SD-18,1,,Stan Taylor,Greg Kmetz,,Ken Bogner,R,False,True,-55.7,-56.93,-49.86,-2.18,0.0,9.08,0.0,5.3,,-35.48,0.0102,0.9898,Safe R,,
2026-09-06,MT-SD-19,MT,Senate,SD-19,1,,Deanna J Daigrepont,Chris Rindal,,Barry Usher,R,False,True,-59.6,-60.57,-52.92,-2.18,0.0,0.0,0.0,5.3,,-47.62,0.0009,0.9991,Safe R,,
2026-09-06,MT-SD-22,MT,Senate,SD-22,1,,,Daniel Zolnikov,,Daniel Zolnikov,R,True,False,-30.5,-31.17,-28.13,-2.18,-7.43,-0.69,0.0,5.3,R,-30.95,0.02,0.98,Safe R,,
2026-09-06,MT-SD-23,MT,Senate,SD-23,1,,Emma Kerr-Carpenter,Joanna Oblander,,Emma Kerr-Carpenter,D,True,False,1.1,1.98,-0.17,-2.18,7.43,2.03,0.0,5.3,,14.59,0.83,0.17,Likely D,,
2026-09-06,MT-SD-25,MT,Senate,SD-25,1,,Julie Hippler,Dennis Lenz,,Dennis Lenz,R,True,False,-24.1,-23.99,-22.07,-2.18,-7.43,0.0,-5.0,5.3,,-29.2,0.0281,0.9719,Safe R,,
2026-09-06,MT-SD-28,MT,Senate,SD-28,1,,Kelly Hale,Forrest Mandeville,,Forrest Mandeville,R,True,False,-46.5,-47.08,-41.55,-2.18,-7.43,0.0,-5.0,5.3,,-48.68,0.0007,0.9993,Safe R,,
2026-09-06,MT-SD-29,MT,Senate,SD-29,1,,Scott Rosenzweig,Jason Gunderson,,John Esp,R,False,True,2.2,1.85,-0.28,-2.18,0.0,1.37,0.0,5.3,,6.39,0.6619,0.3381,Lean D,,
2026-09-06,MT-SD-31,MT,Senate,SD-31,1,,Kathleen Williams,Richard Aungier,,Pat Flowers,D,False,True,17.9,26.14,20.2,-2.18,0.0,0.0,0.0,5.3,,25.5,0.9523,0.0477,Safe D,,
2026-09-06,MT-SD-32,MT,Senate,SD-32,1,,Kelly Kortum,Neal Ganser,,Denise Hayman,D,False,True,8.6,12.51,8.71,-2.18,0.0,3.57,0.0,5.3,,17.58,0.8748,0.1252,Likely D,,
2026-09-06,MT-SD-34,MT,Senate,SD-34,1,,Carl Anderson,Caleb Hinkle,,Shelley Vance,R,False,True,-34.2,-31.25,-28.19,-2.18,0.0,-1.47,0.0,5.3,,-24.37,0.0555,0.9445,Likely R,,
2026-09-06,MT-SD-4,MT,Senate,SD-4,1,,Kyle Waterman,Amy Regier,,John Fuller,R,False,True,-32.2,-32.6,-29.34,-2.18,0.0,-7.23,0.0,5.3,,-31.26,0.0205,0.9795,Safe R,,
2026-09-06,MT-SD-41,MT,Senate,SD-41,1,,Erin Farris-Olsen,,Dru Koester,Janet Ellis,D,False,True,6.5,4.24,1.73,-2.18,0.0,0.0,0.0,5.3,D,7.03,0.98,0.02,Safe D,,
2026-09-06,MT-SD-42,MT,Senate,SD-42,1,,Mary Ann Dunwell,Stephen LaPraim,,Mary Ann Dunwell,D,True,False,-13.1,-11.28,-11.35,-2.18,7.43,0.0,5.0,5.3,,6.38,0.6617,0.3383,Lean D,,
2026-09-06,MT-SD-43,MT,Senate,SD-43,1,,Stephen Leuchtman,David Bedey,,Jason Ellsworth,R,False,True,-38.9,-38.61,-34.41,-2.18,0.0,-4.16,0.0,5.3,,-33.27,0.0148,0.9852,Safe R,,
2026-09-06,MT-SD-48,MT,Senate,SD-48,1,,Andrea Olsen,,,Andrea Olsen,D,True,False,40.5,43.22,34.61,-2.18,7.43,4.67,0.0,5.3,D,52.01,0.98,0.02,Safe D,,
2026-09-06,MT-SD-49,MT,Senate,SD-49,1,,Willis Curdy,Brad Tschida,,Willis Curdy,D,True,False,17.1,17.93,13.28,-2.18,7.43,0.14,5.0,5.3,,31.16,0.9792,0.0208,Safe D,,
2026-09-06,MT-SD-50,MT,Senate,SD-50,1,,Shane Morigeau,,,Shane Morigeau,D,True,False,31.1,30.08,23.53,-2.18,7.43,-5.61,0.0,5.3,D,30.66,0.98,0.02,Safe D,,
2026-09-06,MT-SD-6,MT,Senate,SD-6,1,,Patrick Fitzpatrick,Mark Noland,,Mark Noland,R,True,False,-42.8,-43.83,-38.81,-2.18,-7.43,-1.39,0.0,5.3,,-42.33,0.0028,0.9972,Safe R,,
2026-09-06,MT-SD-8,MT,Senate,SD-8,1,,Tyson T Running Wolf,Christopher Paul Buckles,,Susan Webber,D,False,True,9.1,11.88,8.18,-2.18,0.0,5.57,0.0,5.3,,19.04,0.8935,0.1065,Likely D,,
2026-09-06,MT-SD-9,MT,Senate,SD-9,1,,Noy Holland,Llew Jones,,Butch Gillespie,R,False,True,-47.6,-48.46,-42.71,-2.18,0.0,2.9,0.0,5.3,,-34.51,0.012,0.988,Safe R,,
2026-09-06,NC-HD-1,NC,House,HD-1,1,,Miriam Rollin,Ed Goodwin,,Ed Goodwin,R,True,False,-29.4,-28.65,-22.28,2.23,-7.43,0.0,-5.0,5.3,,-29.41,0.0272,0.9728,Safe R,,
2026-09-06,NC-HD-10,NC,House,HD-10,1,,Zyaire Webb,John Bell,,John Bell,R,True,False,-16.4,-15.3,-11.03,2.23,-7.43,-5.47,0.0,5.3,,-18.62,0.1116,0.8884,Likely R,,
2026-09-06,NC-HD-100,NC,House,HD-100,1,,Julia Greenfield,,,Julia Greenfield,D,True,False,25.3,27.06,24.71,2.23,7.43,0.0,5.0,5.3,D,42.44,0.98,0.02,Safe D,,
2026-09-06,NC-HD-101,NC,House,HD-101,1,,Carolyn Logan,,,Carolyn Logan,D,True,False,37.5,37.89,33.83,2.23,7.43,3.49,0.0,5.3,D,50.05,0.98,0.02,Safe D,,
2026-09-06,NC-HD-102,NC,House,HD-102,1,,Becky Carney,,,Becky Carney,D,True,False,47.5,50.55,44.51,2.23,7.43,0.0,5.0,5.3,D,62.24,0.98,0.02,Safe D,,
2026-09-06,NC-HD-103,NC,House,HD-103,1,,Laura Budd,,,Laura Budd,D,True,False,15.3,14.53,14.14,2.23,7.43,-2.13,0.0,5.3,D,24.74,0.98,0.02,Safe D,,
2026-09-06,NC-HD-104,NC,House,HD-104,1,,Brandon Lofton,Trina V. Boyd,,Brandon Lofton,D,True,False,20.0,19.51,18.33,2.23,7.43,-4.5,0.0,5.3,,26.56,0.9588,0.0412,Safe D,,
2026-09-06,NC-HD-105,NC,House,HD-105,1,,Ken McCool,Tricia Cotham,,Tricia Cotham,R,True,False,2.7,-0.61,1.37,2.23,-7.43,0.0,-5.0,5.3,,-5.76,0.3531,0.6469,Lean R,,
2026-09-06,NC-HD-106,NC,House,HD-106,1,,Rodney Sadler,,,Carla Cunningham,I,False,True,50.2,51.35,45.19,2.23,0.0,0.0,0.0,5.3,D,50.49,0.98,0.02,Safe D,,
2026-09-06,NC-HD-107,NC,House,HD-107,1,,Aisha Dew,,,Aisha Dew,D,True,False,58.6,63.77,55.66,2.23,7.43,0.0,5.0,5.3,D,73.39,0.98,0.02,Safe D,,
2026-09-06,NC-HD-108,NC,House,HD-108,1,,Sydnie Hutchinson,John Torbett,,John Torbett,R,True,False,-29.9,-31.4,-24.61,2.23,-7.43,2.2,0.0,5.3,,-24.54,0.0543,0.9457,Likely R,,
2026-09-06,NC-HD-109,NC,House,HD-109,1,,Mark Carver,Donnie Loftis,,Donnie Loftis,R,True,False,-14.9,-16.28,-11.85,2.23,-7.43,-0.56,0.0,5.3,,-14.55,0.1707,0.8293,Likely R,,
2026-09-06,NC-HD-11,NC,House,HD-11,1,,Allison Dahle,,Matthew Kordon,Allison Dahle,D,True,False,31.8,32.79,29.54,2.23,7.43,1.24,0.0,5.3,D,43.51,0.98,0.02,Safe D,,
2026-09-06,NC-HD-110,NC,House,HD-110,1,,Mary Silver,Caroline Eason,,Kelly Hastings,R,False,True,-32.2,-31.77,-24.91,2.23,0.0,0.0,0.0,5.3,,-19.61,0.0998,0.9002,Likely R,,
2026-09-06,NC-HD-111,NC,House,HD-111,1,,Jerry Blake,Paul Scott,,Paul Scott,R,True,False,-47.7,-47.63,-38.29,2.23,-7.43,-0.03,-5.0,5.3,,-45.45,0.0015,0.9985,Safe R,,
2026-09-06,NC-HD-112,NC,House,HD-112,1,,Jordan Lopez,,,Jordan Lopez,D,True,False,51.4,55.36,48.57,2.23,7.43,0.0,5.0,5.3,D,66.3,0.98,0.02,Safe D,,
2026-09-06,NC-HD-113,NC,House,HD-113,1,,John Morgan,Jake Johnson,,Jake Johnson,R,True,False,-31.4,-32.0,-25.11,2.23,-7.43,2.49,0.0,5.3,,-24.75,0.0528,0.9472,Likely R,,
2026-09-06,NC-HD-114,NC,House,HD-114,1,,Eric Ager,,,Eric Ager,D,True,False,17.4,15.89,15.28,2.23,7.43,4.01,0.0,5.3,D,32.02,0.98,0.02,Safe D,,
2026-09-06,NC-HD-115,NC,House,HD-115,1,,Lindsey Prather,Anthony Penland,,Lindsey Prather,D,True,False,-2.9,-4.79,-2.16,2.23,7.43,4.39,0.0,5.3,,14.95,0.8359,0.1641,Likely D,,
2026-09-06,NC-HD-116,NC,House,HD-116,1,,Brian Turner,,,Brian Turner,D,True,False,60.7,61.28,53.57,2.23,7.43,-12.92,0.0,5.3,D,53.38,0.98,0.02,Safe D,,
2026-09-06,NC-HD-117,NC,House,HD-117,1,,Lynne Russo,Chelsea Walsh,,Jennifer Balkcom,R,False,True,-11.9,-13.78,-9.74,2.23,0.0,0.0,0.0,5.3,,-4.44,0.3857,0.6143,Lean R,,
2026-09-06,NC-HD-118,NC,House,HD-118,1,,Danny Davis,Jimmy Rogers,,Mark Pless,R,False,True,-24.6,-25.26,-19.42,2.23,0.0,0.0,0.0,5.3,,-14.12,0.1778,0.8222,Likely R,,
2026-09-06,NC-HD-119,NC,House,HD-119,1,,Mark R. Burrows,Anna Ferguson,,Anna Ferguson,R,True,False,-12.5,-13.09,-9.16,2.23,-7.43,0.65,0.0,5.3,,-10.64,0.2433,0.7567,Likely R,,
2026-09-06,NC-HD-12,NC,House,HD-12,1,,Don Hardy,Chris Humphrey,,Chris Humphrey,R,True,False,-11.6,-10.37,-6.87,2.23,-7.43,-1.69,0.0,5.3,,-10.69,0.2422,0.7578,Likely R,,
2026-09-06,NC-HD-120,NC,House,HD-120,1,,Caleb Brown,Karl Gillespie,,Karl Gillespie,R,True,False,-48.6,-49.06,-39.5,2.23,-7.43,0.12,-5.0,5.3,,-46.51,0.0012,0.9988,Safe R,,
2026-09-06,NC-HD-13,NC,House,HD-13,1,,Jason Moore,Celeste Cairns,,Celeste Cairns,R,True,False,-40.5,-41.36,-33.0,2.23,-7.43,0.41,0.0,5.3,,-34.73,0.0116,0.9884,Safe R,,
2026-09-06,NC-HD-14,NC,House,HD-14,1,,,Wyatt Gable,,Wyatt Gable,R,True,False,-31.4,-30.33,-23.7,2.23,-7.43,-0.3,-5.0,5.3,R,-31.13,0.02,0.98,Safe R,,
2026-09-06,NC-HD-15,NC,House,HD-15,1,,Christopher Schulte,Phil Shepard,,Phil Shepard,R,True,False,-33.4,-32.81,-25.79,2.23,-7.43,-2.31,0.0,5.3,,-30.23,0.024,0.976,Safe R,,
2026-09-06,NC-HD-16,NC,House,HD-16,1,,Jim Harris,Carson Smith,,Carson Smith,R,True,False,-39.2,-38.47,-30.57,2.23,-7.43,1.17,0.0,5.3,,-31.52,0.0196,0.9804,Safe R,,
2026-09-06,NC-HD-17,NC,House,HD-17,1,,Dennis Breen,Frank Iler,,Frank Iler,R,True,False,-23.1,-23.41,-17.87,2.23,-7.43,0.09,-5.0,5.3,,-24.91,0.0516,0.9484,Likely R,,
2026-09-06,NC-HD-18,NC,House,HD-18,1,,Deb Butler,Latisha Grady,,Deb Butler,D,True,False,14.7,22.65,20.99,2.23,7.43,-4.83,0.0,5.3,,28.88,0.9705,0.0295,Safe D,,
2026-09-06,NC-HD-19,NC,House,HD-19,1,,Scott Nasiff,Charlie Miller,,Charlie Miller,R,True,False,-19.7,-21.59,-16.33,2.23,-7.43,1.21,0.0,5.3,,-17.25,0.1296,0.8704,Likely R,,
2026-09-06,NC-HD-2,NC,House,HD-2,1,,Ray Jeffers,,,Ray Jeffers,D,True,False,14.8,10.48,10.72,2.23,7.43,0.51,0.0,5.3,D,23.96,0.98,0.02,Safe D,,
2026-09-06,NC-HD-20,NC,House,HD-20,1,,Tim Merrick,Dane Scalise,,Ted Davis,R,False,True,-4.7,-10.68,-7.13,2.23,0.0,0.0,0.0,5.3,,-1.83,0.4524,0.5476,Toss-up,,
2026-09-06,NC-HD-21,NC,House,HD-21,1,,Ya Liu,Bryson Johnson,,Ya Liu,D,True,False,24.4,26.45,24.19,2.23,7.43,1.35,0.0,5.3,,38.26,0.9938,0.0062,Safe D,,
2026-09-06,NC-HD-22,NC,House,HD-22,1,,,Wellie Jackson,,William Brisson,R,False,True,-26.2,-24.58,-18.85,2.23,0.0,0.0,0.0,5.3,R,-13.55,0.02,0.98,Safe R,,
2026-09-06,NC-HD-23,NC,House,HD-23,1,,Patricia Smith,Brent Roberson,,Shelly Willingham,D,False,True,12.6,14.43,14.05,2.23,0.0,0.14,0.0,5.3,,19.49,0.8988,0.1012,Likely D,,
2026-09-06,NC-HD-24,NC,House,HD-24,1,,Dante Pittman,Blake Boykin,,Dante Pittman,D,True,False,-1.7,-0.69,1.3,2.23,7.43,1.43,0.0,5.3,,15.46,0.844,0.156,Likely D,,
2026-09-06,NC-HD-25,NC,House,HD-25,1,,Lorenza M. Wilkins,Allen Chesser,Nick Taylor,Allen Chesser,R,True,False,-0.1,0.54,2.34,2.23,-7.43,-1.58,0.0,5.3,,-1.38,0.4641,0.5359,Toss-up,,
2026-09-06,NC-HD-26,NC,House,HD-26,1,,L'Bertrice Solomon,Donna White,,Donna White,R,True,False,-12.3,-13.18,-9.23,2.23,-7.43,0.0,-5.0,5.3,,-16.36,0.1423,0.8577,Likely R,,
2026-09-06,NC-HD-27,NC,House,HD-27,1,,Rodney Pierce,David Woodson,,Rodney Pierce,D,True,False,17.3,19.05,17.95,2.23,7.43,6.37,0.0,5.3,,37.04,0.9923,0.0077,Safe D,,
2026-09-06,NC-HD-28,NC,House,HD-28,1,,D. Matthew Bailey,Larry Strickland,,Larry Strickland,R,True,False,-32.0,-34.52,-27.24,2.23,-7.43,-1.0,0.0,5.3,,-30.37,0.0235,0.9765,Safe R,,
2026-09-06,NC-HD-29,NC,House,HD-29,1,,Vernetta Alston,,,Vernetta Alston,D,True,False,67.1,69.95,60.87,2.23,7.43,0.0,5.0,5.3,D,78.6,0.98,0.02,Safe D,,
2026-09-06,NC-HD-3,NC,House,HD-3,1,,Diannia Bright,Steve Tyson,Angela Humphries,Steve Tyson,R,True,False,-20.1,-20.44,-15.36,2.23,-7.43,-0.49,0.0,5.3,,-17.98,0.1198,0.8802,Likely R,,
2026-09-06,NC-HD-30,NC,House,HD-30,1,,Marcia Morey,,Ray Ubinger,Marcia Morey,D,True,False,67.5,72.77,63.25,2.23,7.43,-0.02,5.0,5.3,D,80.97,0.98,0.02,Safe D,,
2026-09-06,NC-HD-31,NC,House,HD-31,1,,Zack Hawkins,,,Zack Hawkins,D,True,False,61.4,61.93,54.11,2.23,7.43,0.0,5.0,5.3,D,71.84,0.98,0.02,Safe D,,
2026-09-06,NC-HD-32,NC,House,HD-32,1,,Bryan K. Cohn,Frank Sossamon,,Bryan Cohn,D,True,False,0.4,2.28,3.8,2.23,7.43,-0.41,0.0,5.3,,16.12,0.8541,0.1459,Likely D,,
2026-09-06,NC-HD-33,NC,House,HD-33,1,,Monika Johnson-Hostler,Matthew Orr,,Monika Johnson-Hostler,D,True,False,37.9,42.94,38.09,2.23,7.43,0.0,5.0,5.3,,55.83,0.9999,0.0001,Safe D,,
2026-09-06,NC-HD-34,NC,House,HD-34,1,,Tim Longest,,Ed George,Tim Longest,D,True,False,31.4,31.38,28.35,2.23,7.43,-2.77,0.0,5.3,D,38.31,0.98,0.02,Safe D,,
2026-09-06,NC-HD-35,NC,House,HD-35,1,,Evonne S. Hopkins,Mike Schietzelt,,Mike Schietzelt,R,True,False,11.8,-3.29,-0.89,2.23,-7.43,-0.86,0.0,5.3,,-3.89,0.3996,0.6004,Lean R,,
2026-09-06,NC-HD-36,NC,House,HD-36,1,,Julie von Haefen,Mary Insprucker,,Julie von Haefen,D,True,False,14.0,11.2,11.32,2.23,7.43,0.09,5.0,5.3,,29.14,0.9717,0.0283,Safe D,,
2026-09-06,NC-HD-37,NC,House,HD-37,1,,Winn Decker,Erin Paré,,Erin Paré,R,True,False,2.8,-4.41,-1.84,2.23,-7.43,0.0,-5.0,5.3,,-8.98,0.2786,0.7214,Lean R,,
2026-09-06,NC-HD-38,NC,House,HD-38,1,,Abraham P. Jones,,,Abraham P. Jones,D,True,False,55.9,64.47,56.26,2.23,7.43,0.0,5.0,5.3,D,73.99,0.98,0.02,Safe D,,
2026-09-06,NC-HD-39,NC,House,HD-39,1,,James Roberson,Jorge Cordova,Wayne Cockrell,James Roberson,D,True,False,23.1,25.21,23.14,2.23,7.43,-1.7,0.0,5.3,,34.17,0.9873,0.0127,Safe D,,
2026-09-06,NC-HD-4,NC,House,HD-4,1,,Vernon Moore,Jimmy Dixon,,Jimmy Dixon,R,True,False,-24.2,-22.41,-17.02,2.23,-7.43,-2.04,0.0,5.3,,-21.19,0.0829,0.9171,Likely R,,
2026-09-06,NC-HD-40,NC,House,HD-40,1,,Phil Rubin,,Lucas Jones,Phil Rubin,D,True,False,27.0,27.73,25.27,2.23,7.43,0.0,5.0,5.3,D,43.0,0.98,0.02,Safe D,,
2026-09-06,NC-HD-41,NC,House,HD-41,1,,Maria Cervania,Bruce Forster,,Maria Cervania,D,True,False,30.8,34.87,31.29,2.23,7.43,-3.24,0.0,5.3,,40.78,0.9962,0.0038,Safe D,,
2026-09-06,NC-HD-42,NC,House,HD-42,1,,Mike Colvin,,,Mike Colvin,D,True,False,46.4,48.93,43.15,2.23,7.43,0.79,0.0,5.3,D,56.67,0.98,0.02,Safe D,,
2026-09-06,NC-HD-43,NC,House,HD-43,1,,Janene Ackles,Diane Wheatley,,Diane Wheatley,R,True,False,-12.5,-12.48,-8.65,2.23,-7.43,1.84,0.0,5.3,,-8.93,0.2795,0.7205,Lean R,,
2026-09-06,NC-HD-44,NC,House,HD-44,1,,Charles Smith,,,Charles Smith,D,True,False,20.5,21.8,20.27,2.23,7.43,0.42,0.0,5.3,D,33.42,0.98,0.02,Safe D,,
2026-09-06,NC-HD-45,NC,House,HD-45,1,,Frances Jackson,,,Frances Jackson,D,True,False,15.0,15.72,15.14,2.23,7.43,0.0,5.0,5.3,D,32.87,0.98,0.02,Safe D,,
2026-09-06,NC-HD-46,NC,House,HD-46,1,,Brittany Newton,Brenden Jones,,Brenden Jones,R,True,False,-34.8,-32.91,-25.87,2.23,-7.43,2.8,0.0,5.3,,-25.21,0.0496,0.9504,Safe R,,
2026-09-06,NC-HD-47,NC,House,HD-47,1,,Eshonda Hooper,John Lowery,,John Lowery,R,True,False,-24.0,-20.12,-15.09,2.23,-7.43,-1.96,0.0,5.3,,-19.17,0.1049,0.8951,Likely R,,
2026-09-06,NC-HD-48,NC,House,HD-48,1,,Garland Pierce,Ralph Carter,,Garland Pierce,D,True,False,0.9,2.6,4.07,2.23,7.43,1.93,0.0,5.3,,18.73,0.8897,0.1103,Likely D,,
2026-09-06,NC-HD-49,NC,House,HD-49,1,,Cynthia Ball,Daran Thomas,,Cynthia Ball,D,True,False,39.6,42.06,37.35,2.23,7.43,-3.09,0.0,5.3,,46.99,0.9989,0.0011,Safe D,,
2026-09-06,NC-HD-5,NC,House,HD-5,1,,Sam Davis III,Bill Ward,,Bill Ward,R,True,False,-6.7,-4.55,-1.96,2.23,-7.43,6.97,0.0,5.3,,2.88,0.5746,0.4254,Toss-up,,
2026-09-06,NC-HD-50,NC,House,HD-50,1,,Renée Price,,,Renée Price,D,True,False,15.5,15.34,14.82,2.23,7.43,0.0,5.0,5.3,D,32.55,0.98,0.02,Safe D,,
2026-09-06,NC-HD-51,NC,House,HD-51,1,,,Charles Taylor,April Montgomery,John Sauls,R,False,True,-23.4,-24.7,-18.95,2.23,0.0,0.0,0.0,5.3,R,-13.65,0.02,0.98,Safe R,,
2026-09-06,NC-HD-52,NC,House,HD-52,1,,Joe Parfitt,Ben Moss,,Ben Moss,R,True,False,-21.8,-17.83,-13.16,2.23,-7.43,-8.83,0.0,5.3,,-24.13,0.0573,0.9427,Likely R,,
2026-09-06,NC-HD-53,NC,House,HD-53,1,,Kevin G. Thurman,Howard Penny,Christopher Sessions,Howard Penny,R,True,False,-26.8,-26.66,-20.61,2.23,-7.43,-1.54,0.0,5.3,,-24.28,0.0562,0.9438,Likely R,,
2026-09-06,NC-HD-54,NC,House,HD-54,1,,Robert Reives,,,Robert Reives,D,True,False,8.4,8.36,8.93,2.23,7.43,1.55,0.0,5.3,D,23.21,0.98,0.02,Safe D,,
2026-09-06,NC-HD-55,NC,House,HD-55,1,,John J. Kirkpatrick IV,Clancy Baucom,,Mark Brody,R,False,True,-25.8,-23.75,-18.15,2.23,0.0,0.0,0.0,5.3,,-12.85,0.2004,0.7996,Likely R,,
2026-09-06,NC-HD-56,NC,House,HD-56,1,,Allen Buansi,,Matthew Clements,Allen Buansi,D,True,False,69.7,73.33,63.73,2.23,7.43,-0.69,0.0,5.3,D,75.77,0.98,0.02,Safe D,,
2026-09-06,NC-HD-57,NC,House,HD-57,1,,Tracy Clark,,,Tracy Clark,D,True,False,24.3,35.9,32.15,2.23,7.43,0.36,5.0,5.3,D,50.24,0.98,0.02,Safe D,,
2026-09-06,NC-HD-58,NC,House,HD-58,1,,Amos Quick,,,Amos Quick,D,True,False,27.4,51.8,45.57,2.23,7.43,-3.25,0.0,5.3,D,55.05,0.98,0.02,Safe D,,
2026-09-06,NC-HD-59,NC,House,HD-59,1,,Elma Hairston,Alan Branson,,Alan Branson,R,True,False,15.2,-10.99,-7.39,2.23,-7.43,-0.2,-5.0,5.3,,-14.72,0.1678,0.8322,Likely R,,
2026-09-06,NC-HD-6,NC,House,HD-6,1,,Tony Spears,Joe Pike,,Joe Pike,R,True,False,-22.2,-21.83,-16.53,2.23,-7.43,0.64,0.0,5.3,,-18.02,0.1193,0.8807,Likely R,,
2026-09-06,NC-HD-60,NC,House,HD-60,1,,Amanda Cook,Joseph Perrotta,,Amanda Cook,D,True,False,22.4,25.72,23.57,2.23,7.43,0.76,0.0,5.3,,37.06,0.9923,0.0077,Safe D,,
2026-09-06,NC-HD-61,NC,House,HD-61,1,,Mary Harrison,,,Mary Harrison,D,True,False,27.8,56.92,49.88,2.23,7.43,0.0,5.0,5.3,D,67.62,0.98,0.02,Safe D,,
2026-09-06,NC-HD-62,NC,House,HD-62,1,,Shelly Headen,John M. Blust,,John M. Blust,R,True,False,17.7,-6.81,-3.87,2.23,-7.43,-0.33,-5.0,5.3,,-11.33,0.2294,0.7706,Likely R,,
2026-09-06,NC-HD-63,NC,House,HD-63,1,,Ian Baltutis,Ryan Moffitt,,Stephen Ross,R,False,True,-7.7,-7.59,-4.52,2.23,0.0,0.0,0.0,5.3,,0.78,0.5203,0.4797,Toss-up,,
2026-09-06,NC-HD-64,NC,House,HD-64,1,,LeVon Barnes,Dennis Riddell,,Dennis Riddell,R,True,False,-8.6,-9.38,-6.03,2.23,-7.43,-2.79,0.0,5.3,,-10.95,0.2369,0.7631,Likely R,,
2026-09-06,NC-HD-65,NC,House,HD-65,1,,Gavin McGaughey,Seth Woodall,,A. Reece Pyrtle, Jr.,R,False,True,-35.8,-34.92,-27.58,2.23,0.0,0.0,0.0,5.3,,-22.28,0.0726,0.9274,Likely R,,
2026-09-06,NC-HD-66,NC,House,HD-66,1,,Sarah Crawford,,,Sarah Crawford,D,True,False,21.9,27.44,25.02,2.23,7.43,4.62,0.0,5.3,D,42.38,0.98,0.02,Safe D,,
2026-09-06,NC-HD-67,NC,House,HD-67,1,,Jocelyn Torres,Cody Huneycutt,,Cody Huneycutt,R,True,False,-47.3,-47.11,-37.85,2.23,-7.43,-0.99,0.0,5.3,,-40.97,0.0037,0.9963,Safe R,,
2026-09-06,NC-HD-68,NC,House,HD-68,1,,Derek Warriner,David Willis,,David Willis,R,True,False,-20.7,-21.57,-16.31,2.23,-7.43,-1.34,0.0,5.3,,-19.78,0.0979,0.9021,Likely R,,
2026-09-06,NC-HD-69,NC,House,HD-69,1,,Heidi Sinsley,Dean Arp,,Dean Arp,R,True,False,-24.9,-26.09,-20.13,2.23,-7.43,-0.56,0.0,5.3,,-22.82,0.0678,0.9322,Likely R,,
2026-09-06,NC-HD-7,NC,House,HD-7,1,,Mark Speed,Cory Thornton,,Matthew Winslow,R,False,True,-12.5,-12.19,-8.4,2.23,0.0,-2.8,0.0,5.3,,-5.9,0.3498,0.6502,Lean R,,
2026-09-06,NC-HD-70,NC,House,HD-70,1,,Bill McCaskill,Brian Biggs,,Brian Biggs,R,True,False,-52.9,-53.39,-43.15,2.23,-7.43,-0.29,-5.0,5.3,,-50.57,0.0005,0.9995,Safe R,,
2026-09-06,NC-HD-71,NC,House,HD-71,1,,Kanika Brown,,Mathew Mena,Kanika Brown,D,True,False,38.3,39.03,34.79,2.23,7.43,0.0,5.0,5.3,D,52.52,0.98,0.02,Safe D,,
2026-09-06,NC-HD-72,NC,House,HD-72,1,,Amber Baker,,,Amber Baker,D,True,False,48.8,50.73,44.66,2.23,7.43,-2.87,0.0,5.3,D,54.53,0.98,0.02,Safe D,,
2026-09-06,NC-HD-73,NC,House,HD-73,1,,Thomas J. Monks,Jonathan Almond,,Jonathan Almond,R,True,False,-6.3,-7.73,-4.64,2.23,-7.43,0.07,-5.0,5.3,,-11.69,0.2222,0.7778,Likely R,,
2026-09-06,NC-HD-74,NC,House,HD-74,1,,Amy Taylor North,Jeff Zenger,,Jeff Zenger,R,True,False,-7.4,-8.74,-5.49,2.23,-7.43,4.11,0.0,5.3,,-3.51,0.4091,0.5909,Toss-up,,
2026-09-06,NC-HD-75,NC,House,HD-75,1,,Jen Wiles,Donny Lambeth,,Donny Lambeth,R,True,False,-11.9,-12.84,-8.95,2.23,-7.43,-1.12,0.0,5.3,,-12.2,0.2125,0.7875,Likely R,,
2026-09-06,NC-HD-76,NC,House,HD-76,1,,Scott Huffman,Greg Edds,,Harry Warren,R,False,True,-24.1,-24.11,-18.46,2.23,0.0,0.0,0.0,5.3,,-13.16,0.1948,0.8052,Likely R,,
2026-09-06,NC-HD-77,NC,House,HD-77,1,,Sabrina Harris,Julia Howard,,Julia Howard,R,True,False,-53.2,-53.58,-43.31,2.23,-7.43,0.0,-5.0,5.3,,-50.44,0.0005,0.9995,Safe R,,
2026-09-06,NC-HD-78,NC,House,HD-78,1,,Matt Holway,Neal Jackson,,Neal Jackson,R,True,False,-48.9,-49.75,-40.08,2.23,-7.43,-0.84,0.0,5.3,,-43.05,0.0024,0.9976,Safe R,,
2026-09-06,NC-HD-79,NC,House,HD-79,1,,,Darren Armstrong,,Keith Kidwell,R,False,True,-27.6,-26.4,-20.39,2.23,0.0,0.0,0.0,5.3,R,-15.09,0.02,0.98,Safe R,,
2026-09-06,NC-HD-8,NC,House,HD-8,1,,Gloristine Brown,Cathy Bynum,,Gloristine Brown,D,True,False,20.3,28.36,25.8,2.23,7.43,-4.34,0.0,5.3,,34.19,0.9873,0.0127,Safe D,,
2026-09-06,NC-HD-80,NC,House,HD-80,1,,JacQuez Johnson,Sam Watford,,Sam Watford,R,True,False,-50.1,-51.07,-41.2,2.23,-7.43,-0.19,-5.0,5.3,,-48.52,0.0008,0.9992,Safe R,,
2026-09-06,NC-HD-81,NC,House,HD-81,1,,Dylan Tucker,Larry Potts,,Larry Potts,R,True,False,-43.8,-44.4,-35.57,2.23,-7.43,-0.0,-5.0,5.3,,-42.7,0.0026,0.9974,Safe R,,
2026-09-06,NC-HD-82,NC,House,HD-82,1,,Chris Bishopp,Brian Echevarria,,Brian Echevarria,R,True,False,-9.6,-9.78,-6.37,2.23,-7.43,1.69,0.0,5.3,,-6.81,0.328,0.672,Lean R,,
2026-09-06,NC-HD-83,NC,House,HD-83,1,,Johnnie Jones,Grant Campbell,,Grant Campbell,R,True,False,-30.1,-32.3,-25.37,2.23,-7.43,-0.06,-5.0,5.3,,-32.56,0.0166,0.9834,Safe R,,
2026-09-06,NC-HD-84,NC,House,HD-84,1,,,Jeff McNeely,,Jeff McNeely,R,True,False,-35.8,-35.55,-28.1,2.23,-7.43,0.0,-5.0,5.3,R,-35.23,0.02,0.98,Safe R,,
2026-09-06,NC-HD-85,NC,House,HD-85,1,,Suzanne Gavenus,Dudley Greene,,Dudley Greene,R,True,False,-46.9,-47.34,-38.05,2.23,-7.43,-0.74,0.0,5.3,,-40.92,0.0037,0.9963,Safe R,,
2026-09-06,NC-HD-86,NC,House,HD-86,1,,Wesley Hendrix,Hugh Blackwell,,Hugh Blackwell,R,True,False,-41.1,-41.07,-32.76,2.23,-7.43,0.08,-5.0,5.3,,-39.81,0.0046,0.9954,Safe R,,
2026-09-06,NC-HD-87,NC,House,HD-87,1,,Iris Bender,Destin Hall,,Destin Hall,R,True,False,-49.0,-49.22,-39.64,2.23,-7.43,-0.71,0.0,5.3,,-42.47,0.0027,0.9973,Safe R,,
2026-09-06,NC-HD-88,NC,House,HD-88,1,,Mary Belk,Ray Craig,,Mary Belk,D,True,False,37.2,40.31,35.88,2.23,7.43,-4.26,0.0,5.3,,44.35,0.9981,0.0019,Safe D,,
2026-09-06,NC-HD-89,NC,House,HD-89,1,,Robert Thompson,Mitchell Setzer,,Mitchell Setzer,R,True,False,-49.1,-49.56,-39.92,2.23,-7.43,0.0,-5.0,5.3,,-47.05,0.001,0.999,Safe R,,
2026-09-06,NC-HD-9,NC,House,HD-9,1,,Claire Kempner,Tim Reeder,,Tim Reeder,R,True,False,-4.7,-9.57,-6.19,2.23,-7.43,-0.78,0.0,5.3,,-9.1,0.2758,0.7242,Lean R,,
2026-09-06,NC-HD-90,NC,House,HD-90,1,,Ken Badgett,Dan Kiger,,Dan Kiger,R,True,False,-55.8,-56.32,-45.62,2.23,-7.43,0.23,-5.0,5.3,,-52.51,0.0003,0.9997,Safe R,,
2026-09-06,NC-HD-91,NC,House,HD-91,1,,Lucille Puckett,Kyle Hall,,Kyle Hall,R,True,False,-34.4,-33.75,-26.58,2.23,-7.43,-4.18,0.0,5.3,,-32.9,0.0157,0.9843,Safe R,,
2026-09-06,NC-HD-92,NC,House,HD-92,1,,Terry L Brown,,,Terry L Brown,D,True,False,38.3,39.99,35.61,2.23,7.43,0.37,0.0,5.3,D,48.71,0.98,0.02,Safe D,,
2026-09-06,NC-HD-93,NC,House,HD-93,1,,Charlie Wallin,Ray Pickett,,Ray Pickett,R,True,False,-16.4,-16.13,-11.72,2.23,-7.43,2.01,0.0,5.3,,-11.85,0.2192,0.7808,Likely R,,
2026-09-06,NC-HD-94,NC,House,HD-94,1,,Andy Warren,Blair Eddins,,Blair Eddins,R,True,False,-58.3,-57.3,-46.45,2.23,-7.43,1.37,0.0,5.3,,-47.21,0.001,0.999,Safe R,,
2026-09-06,NC-HD-95,NC,House,HD-95,1,,Mike Robinson,Todd Carver,,Todd Carver,R,True,False,-27.2,-28.35,-22.03,2.23,-7.43,-0.65,0.0,5.3,,-24.81,0.0523,0.9477,Likely R,,
2026-09-06,NC-HD-96,NC,House,HD-96,1,,Park Inglefield,Jay Adams,,Jay Adams,R,True,False,-26.7,-26.91,-20.82,2.23,-7.43,0.27,-5.0,5.3,,-27.68,0.0352,0.9648,Safe R,,
2026-09-06,NC-HD-97,NC,House,HD-97,1,,Greg McBryde,Heather Rhyne,,Heather Rhyne,R,True,False,-45.6,-46.16,-37.06,2.23,-7.43,-0.86,0.0,5.3,,-40.05,0.0044,0.9956,Safe R,,
2026-09-06,NC-HD-98,NC,House,HD-98,1,,Beth Gardner Helfrich,John Rhodes,,Beth Gardner Helfrich,D,True,False,4.2,1.57,3.2,2.23,7.43,0.69,0.0,5.3,,16.63,0.8615,0.1385,Likely D,,
2026-09-06,NC-HD-99,NC,House,HD-99,1,,Veleria Levy,,,Nasif Majeed,I,False,True,62.5,66.67,58.11,2.23,0.0,0.0,0.0,5.3,D,63.41,0.98,0.02,Safe D,,
2026-09-06,NC-SD-1,NC,Senate,SD-1,1,,Melissa Zehner,Jerry R. Tillett,,Bobby Hanig,R,False,True,-14.8,-13.1,-9.17,2.23,0.0,0.0,0.0,5.3,,-3.87,0.4001,0.5999,Toss-up,,
2026-09-06,NC-SD-10,NC,Senate,SD-10,1,,Pat LeGrand,Benton Sawrey,Kevin Terrett,Benton Sawrey,R,True,False,-21.5,-22.84,-17.38,2.23,-7.43,-0.28,-5.0,5.3,,-24.79,0.0525,0.9475,Likely R,,
2026-09-06,NC-SD-11,NC,Senate,SD-11,1,,James Gailliard,Lisa Barnes,Gavin Bell,Lisa Barnes,R,True,False,-3.5,-2.5,-0.23,2.23,-7.43,-1.3,0.0,5.3,,-3.66,0.4053,0.5947,Toss-up,,
2026-09-06,NC-SD-12,NC,Senate,SD-12,1,,Tanya White Anderson,Jim Burgin,,Jim Burgin,R,True,False,-23.6,-23.13,-17.63,2.23,-7.43,0.29,-5.0,5.3,,-24.48,0.0547,0.9453,Likely R,,
2026-09-06,NC-SD-13,NC,Senate,SD-13,1,,Lisa Grafstein,Robert van Brederode,,Lisa Grafstein,D,True,False,10.3,3.62,4.93,2.23,7.43,3.75,0.0,5.3,,21.42,0.9193,0.0807,Likely D,,
2026-09-06,NC-SD-14,NC,Senate,SD-14,1,,Dan Blue,Angela McCarty,,Dan Blue,D,True,False,39.8,49.2,43.37,2.23,7.43,2.13,0.0,5.3,,58.23,0.9999,0.0001,Safe D,,
2026-09-06,NC-SD-15,NC,Senate,SD-15,1,,Jay Chaudhuri,David Bankert,,Jay Chaudhuri,D,True,False,33.8,37.65,33.63,2.23,7.43,1.56,0.0,5.3,,47.92,0.9991,0.0009,Safe D,,
2026-09-06,NC-SD-16,NC,Senate,SD-16,1,,Gale Adcock,Philip Hensley,Jonathan Miller,Gale Adcock,D,True,False,31.7,35.56,31.87,2.23,7.43,-1.81,0.0,5.3,,42.79,0.9974,0.0026,Safe D,,
2026-09-06,NC-SD-17,NC,Senate,SD-17,1,,Sydney Batch,Shirley Johnson,Patrick Bowersox,Sydney Batch,D,True,False,26.5,29.37,26.65,2.23,7.43,-3.73,0.0,5.3,,35.65,0.9901,0.0099,Safe D,,
2026-09-06,NC-SD-18,NC,Senate,SD-18,1,,Haseeb Fatmi,Chris Stock,Brad Hessel,Haseeb Fatmi,D,True,False,7.8,-1.0,1.03,2.23,7.43,0.0,5.0,5.3,,18.76,0.8901,0.1099,Likely D,,
2026-09-06,NC-SD-19,NC,Senate,SD-19,1,,Val Applewhite,Venus de la Cruz,,Val Applewhite,D,True,False,28.3,29.68,26.91,2.23,7.43,-4.93,0.0,5.3,,34.71,0.9884,0.0116,Safe D,,
2026-09-06,NC-SD-2,NC,Senate,SD-2,1,,Roy Surrett,Norman Sanderson,,Norman Sanderson,R,True,False,-16.6,-15.34,-11.06,2.23,-7.43,-2.92,0.0,5.3,,-16.12,0.146,0.854,Likely R,,
2026-09-06,NC-SD-20,NC,Senate,SD-20,1,,Natalie Murdock,,,Natalie Murdock,D,True,False,44.1,45.07,39.89,2.23,7.43,2.25,0.0,5.3,D,54.88,0.98,0.02,Safe D,,
2026-09-06,NC-SD-21,NC,Senate,SD-21,1,,Paul Taylor,Tom McInnis,,Tom McInnis,R,True,False,-22.6,-22.44,-17.05,2.23,-7.43,-1.06,0.0,5.3,,-20.24,0.0928,0.9072,Likely R,,
2026-09-06,NC-SD-22,NC,Senate,SD-22,1,,Sophia Chitlik,Lakeshia Alston,,Sophia Chitlik,D,True,False,58.7,60.02,52.5,2.23,7.43,0.0,5.0,5.3,,70.23,1.0,0.0,Safe D,,
2026-09-06,NC-SD-23,NC,Senate,SD-23,1,,Jonah Garson,Laura Pichardo,,Jonah Garson,D,True,False,29.9,30.96,27.99,2.23,7.43,0.66,0.0,5.3,,41.38,0.9966,0.0034,Safe D,,
2026-09-06,NC-SD-24,NC,Senate,SD-24,1,,Catina Hamm,Danny Britt,,Danny Britt,R,True,False,-14.9,-12.43,-8.6,2.23,-7.43,-6.3,0.0,5.3,,-17.04,0.1326,0.8674,Likely R,,
2026-09-06,NC-SD-25,NC,Senate,SD-25,1,,Southey Blanton,Amy Galey,,Amy Galey,R,True,False,-19.4,-19.85,-14.86,2.23,-7.43,-0.55,0.0,5.3,,-17.55,0.1256,0.8744,Likely R,,
2026-09-06,NC-SD-26,NC,Senate,SD-26,1,,Steve Luking,Sam Page,,Phil Berger,R,False,True,-3.9,-22.45,-17.06,2.23,0.0,3.29,0.0,5.3,,-8.46,0.29,0.71,Lean R,,
2026-09-06,NC-SD-27,NC,Senate,SD-27,1,,Michael Garrett,,,Michael Garrett,D,True,False,21.4,20.63,19.28,2.23,7.43,-3.6,0.0,5.3,D,28.4,0.98,0.02,Safe D,,
2026-09-06,NC-SD-28,NC,Senate,SD-28,1,,Gladys Robinson,,,Gladys Robinson,D,True,False,28.0,53.59,47.08,2.23,7.43,-2.05,0.0,5.3,D,57.76,0.98,0.02,Safe D,,
2026-09-06,NC-SD-29,NC,Senate,SD-29,1,,Judy Little,Dave Craven,,Dave Craven,R,True,False,-37.9,-36.63,-29.02,2.23,-7.43,0.2,-5.0,5.3,,-35.94,0.0094,0.9906,Safe R,,
2026-09-06,NC-SD-3,NC,Senate,SD-3,1,,Charles Dudley,Bob Brinson,,Bob Brinson,R,True,False,-19.6,-18.89,-14.06,2.23,-7.43,-0.37,-5.0,5.3,,-21.55,0.0794,0.9206,Likely R,,
2026-09-06,NC-SD-30,NC,Senate,SD-30,1,,Pamela D. McAfee,Steve Jarvis,,Steve Jarvis,R,True,False,-46.7,-47.5,-38.18,2.23,-7.43,-2.57,0.0,5.3,,-42.88,0.0025,0.9975,Safe R,,
2026-09-06,NC-SD-31,NC,Senate,SD-31,1,,Andy Bowline,Dana Jones,,Dana Jones,R,True,False,-22.9,-23.77,-18.17,2.23,-7.43,0.0,-5.0,5.3,,-25.3,0.049,0.951,Safe R,,
2026-09-06,NC-SD-32,NC,Senate,SD-32,1,,Paul Lowe,Peter Antinozzi,Keenen Altic,Paul Lowe,D,True,False,39.9,40.97,36.43,2.23,7.43,-6.16,0.0,5.3,,43.01,0.9975,0.0025,Safe D,,
2026-09-06,NC-SD-33,NC,Senate,SD-33,1,,Gary Weart,Carl Ford,,Carl Ford,R,True,False,-40.7,-41.03,-32.73,2.23,-7.43,-0.21,-5.0,5.3,,-40.06,0.0044,0.9956,Safe R,,
2026-09-06,NC-SD-34,NC,Senate,SD-34,1,,April Cook,Kevin Crutchfield,,Chris Measmer,R,False,True,-7.6,-9.28,-5.94,2.23,0.0,0.0,0.0,5.3,,-0.64,0.4832,0.5168,Toss-up,,
2026-09-06,NC-SD-35,NC,Senate,SD-35,1,,Christine Winward,Todd Johnson,,Todd Johnson,R,True,False,-24.7,-25.04,-19.24,2.23,-7.43,-0.43,0.0,5.3,,-21.8,0.077,0.923,Likely R,,
2026-09-06,NC-SD-36,NC,Senate,SD-36,1,,Trevor Hardwick,Eddie Settle,,Eddie Settle,R,True,False,-58.0,-57.82,-46.89,2.23,-7.43,1.11,0.0,5.3,,-47.91,0.0009,0.9991,Safe R,,
2026-09-06,NC-SD-37,NC,Senate,SD-37,1,,Raygan Angel,Vickie Sawyer,,Vickie Sawyer,R,True,False,-26.2,-27.11,-20.99,2.23,-7.43,-5.94,0.0,5.3,,-29.06,0.0287,0.9713,Safe R,,
2026-09-06,NC-SD-38,NC,Senate,SD-38,1,,Mujtaba Mohammed,,,Mujtaba Mohammed,D,True,False,36.3,36.82,32.94,2.23,7.43,7.27,0.0,5.3,D,52.94,0.98,0.02,Safe D,,
2026-09-06,NC-SD-39,NC,Senate,SD-39,1,,DeAndrea Salvador,,,DeAndrea Salvador,D,True,False,32.7,34.5,30.98,2.23,7.43,-3.99,0.0,5.3,D,39.72,0.98,0.02,Safe D,,
2026-09-06,NC-SD-4,NC,Senate,SD-4,1,,Jess Rivera,Eldon Sharpe Newton III,,Eldon Sharpe Newton III,R,True,False,-10.0,-8.82,-5.56,2.23,-7.43,0.0,-5.0,5.3,,-12.69,0.2032,0.7968,Likely R,,
2026-09-06,NC-SD-40,NC,Senate,SD-40,1,,Joyce Waddell,Bobbie Shields,,Joyce Waddell,D,True,False,48.1,51.48,45.29,2.23,7.43,-10.45,0.0,5.3,,47.57,0.9991,0.0009,Safe D,,
2026-09-06,NC-SD-41,NC,Senate,SD-41,1,,Caleb Theodros,Kevin Gray,,Caleb Theodros,D,True,False,50.6,54.21,47.6,2.23,7.43,0.0,5.0,5.3,,65.33,1.0,0.0,Safe D,,
2026-09-06,NC-SD-42,NC,Senate,SD-42,1,,Woodson Bradley,Stacie McGinn,,Woodson Bradley,D,True,False,8.3,5.94,6.89,2.23,7.43,-2.35,0.0,5.3,,17.27,0.8706,0.1294,Likely D,,
2026-09-06,NC-SD-43,NC,Senate,SD-43,1,,Steve Rutherford,Brad Overcash,,Brad Overcash,R,True,False,-22.1,-23.32,-17.79,2.23,-7.43,0.55,0.0,5.3,,-19.37,0.1026,0.8974,Likely R,,
2026-09-06,NC-SD-44,NC,Senate,SD-44,1,,Rod Powell,Ted Alexander,,Ted Alexander,R,True,False,-42.0,-41.96,-33.51,2.23,-7.43,-1.11,0.0,5.3,,-36.75,0.0081,0.9919,Safe R,,
2026-09-06,NC-SD-45,NC,Senate,SD-45,1,,Greg Cranford,Mark Hollo,,Mark Hollo,R,True,False,-42.1,-42.23,-33.74,2.23,-7.43,0.16,-5.0,5.3,,-40.72,0.0039,0.9961,Safe R,,
2026-09-06,NC-SD-46,NC,Senate,SD-46,1,,Kyle Whisnant,Warren Daniel,,Warren Daniel,R,True,False,-31.8,-32.33,-25.39,2.23,-7.43,0.81,0.0,5.3,,-26.71,0.0403,0.9597,Safe R,,
2026-09-06,NC-SD-47,NC,Senate,SD-47,1,,Frank Patton Hughes III,Ralph Hise,,Ralph Hise,R,True,False,-28.7,-29.0,-22.58,2.23,-7.43,-0.81,0.0,5.3,,-25.52,0.0476,0.9524,Safe R,,
2026-09-06,NC-SD-48,NC,Senate,SD-48,1,,Doyle Brown Jr.,Tim Moffitt,,Tim Moffitt,R,True,False,-25.4,-26.68,-20.62,2.23,-7.43,-0.89,0.0,5.3,,-23.65,0.061,0.939,Likely R,,
2026-09-06,NC-SD-49,NC,Senate,SD-49,1,,Julie Mayfield,C.J. Domingo,,Julie Mayfield,D,True,False,36.1,35.43,31.76,2.23,7.43,-1.66,0.0,5.3,,42.83,0.9975,0.0025,Safe D,,
2026-09-06,NC-SD-5,NC,Senate,SD-5,1,,Kandie Smith,Henry Hostetler,,Kandie Smith,D,True,False,9.6,10.88,11.05,2.23,7.43,-2.46,0.0,5.3,,21.32,0.9184,0.0816,Likely D,,
2026-09-06,NC-SD-50,NC,Senate,SD-50,1,,Tom Downing,Kevin Corbin,,Kevin Corbin,R,True,False,-29.2,-29.74,-23.21,2.23,-7.43,-0.67,0.0,5.3,,-26.0,0.0445,0.9555,Safe R,,
2026-09-06,NC-SD-6,NC,Senate,SD-6,1,,Andi Morrow,Michael Lazzara,,Michael Lazzara,R,True,False,-35.8,-35.17,-27.78,2.23,-7.43,-1.49,0.0,5.3,,-31.4,0.02,0.98,Safe R,,
2026-09-06,NC-SD-7,NC,Senate,SD-7,1,,Jessica Bichler,Michael Lee,,Michael Lee,R,True,False,-3.4,-5.93,-3.13,2.23,-7.43,3.07,0.0,5.3,,-2.19,0.4432,0.5568,Toss-up,,
2026-09-06,NC-SD-8,NC,Senate,SD-8,1,,Richard Combes,Bill Rabon,Tim White,Bill Rabon,R,True,False,-20.7,-18.23,-13.5,2.23,-7.43,-0.33,-5.0,5.3,,-20.95,0.0853,0.9147,Likely R,,
2026-09-06,NC-SD-9,NC,Senate,SD-9,1,,,Brent Jackson,,Brent Jackson,R,True,False,-29.0,-27.4,-21.23,2.23,-7.43,-0.29,-5.0,5.3,R,-28.65,0.02,0.98,Safe R,,
2026-09-06,ND-HD-1,ND,House,HD-1,2,,Alex Johnson,David Richter,,Patrick Hatlestad,R,True,True,-61.7,-63.78,-53.79,0.0,-7.43,0.0,-5.0,5.3,,-60.92,0.0,1.0,Safe R,,
2026-09-06,ND-HD-11,ND,House,HD-11,2,,Anastassiya Andrianova,Doug Sharbono,,Gretchen Dobervich,D,False,True,11.6,11.56,9.75,0.0,0.0,0.0,0.0,5.3,,15.05,0.8375,0.1625,Likely D,,
2026-09-06,ND-HD-13,ND,House,HD-13,2,,Brenda Jo Gillund,Austen Schauer,,Austen Schauer,R,True,False,-11.4,-11.39,-9.61,0.0,-7.43,0.0,-5.0,5.3,,-16.74,0.1368,0.8632,Likely R,,
2026-09-06,ND-HD-15,ND,House,HD-15,2,,Frances Drury,Kathy Frelich,,Kathy Frelich,R,True,False,-42.8,-42.69,-36.01,0.0,-7.43,-7.07,0.0,5.3,,-45.21,0.0016,0.9984,Safe R,,
2026-09-06,ND-HD-17,ND,House,HD-17,2,,Don Aandal,Mark Sanford,,Landon Bahl,R,True,False,-18.6,-18.1,-15.26,0.0,-7.43,0.0,-5.0,5.3,,-22.4,0.0715,0.9285,Likely R,,
2026-09-06,ND-HD-19,ND,House,HD-19,2,,Jolene L Hermanson,Dave Monson,,Karen Anderson,R,True,False,-48.2,-48.67,-41.05,0.0,-7.43,0.0,-5.0,5.3,,-48.18,0.0008,0.9992,Safe R,,
2026-09-06,ND-HD-21,ND,House,HD-21,2,,LaurieBeth Hager,,,Mary Schneider,D,True,False,11.9,13.77,11.62,0.0,7.43,0.0,5.0,5.3,D,29.35,0.98,0.02,Safe D,,
2026-09-06,ND-HD-23,ND,House,HD-23,2,,,Dennis Nehring,,Dennis Nehring,R,True,False,-69.0,-69.14,-58.31,0.0,-7.43,0.41,0.0,5.3,R,-60.04,0.02,0.98,Safe R,,
2026-09-06,ND-HD-25,ND,House,HD-25,2,,Alisa Mitskog,Kathy Skroch,,Alisa Mitskog,D,True,False,-37.6,-37.61,-31.72,0.0,7.43,8.59,0.0,5.3,,-10.4,0.2481,0.7519,Likely R,,
2026-09-06,ND-HD-27,ND,House,HD-27,2,,,Greg Stemen,,Greg Stemen,R,True,False,-21.1,-19.5,-16.44,0.0,-7.43,0.57,0.0,5.3,R,-18.0,0.02,0.98,Safe R,,
2026-09-06,ND-HD-29,ND,House,HD-29,2,,Dianne Norris,Craig Headland,,Craig Headland,R,True,False,-48.9,-49.26,-41.54,0.0,-7.43,-7.08,0.0,5.3,,-50.76,0.0005,0.9995,Safe R,,
2026-09-06,ND-HD-3,ND,House,HD-3,2,,Natalie Mclaughlin,Blaine DesLauriers,,Jeff Hoverson,R,False,True,-48.3,-49.59,-41.83,0.0,0.0,0.0,0.0,5.3,,-36.53,0.0085,0.9915,Safe R,,
2026-09-06,ND-HD-31,ND,House,HD-31,2,,Rissa M Williams,Dawson Holle,,Karen Rohr,R,True,False,-49.5,-48.01,-40.49,0.0,-7.43,-7.27,0.0,5.3,,-49.89,0.0006,0.9994,Safe R,,
2026-09-06,ND-HD-33,ND,House,HD-33,2,,Kimball Banks,Anna Novak,,Anna Novak,R,True,False,-66.4,-67.84,-57.22,0.0,-7.43,0.0,-5.0,5.3,,-64.35,0.0,1.0,Safe R,,
2026-09-06,ND-HD-35,ND,House,HD-35,2,,Lynne M Lafer-Halvorson,Bob Martinson,,Karen Karls,R,True,False,-24.0,-25.47,-21.48,0.0,-7.43,0.0,-5.0,5.3,,-28.61,0.0307,0.9693,Safe R,,
2026-09-06,ND-HD-37,ND,House,HD-37,2,,Shelley Lenz,Vicky Steiner,,Vicky Steiner,R,True,False,-57.6,-59.53,-50.2,0.0,-7.43,0.0,-5.0,5.3,,-57.33,0.0001,0.9999,Safe R,,
2026-09-06,ND-HD-39,ND,House,HD-39,2,,Sandy Baertsch,Keith Kempenich,,Mike Schatz,R,True,False,-72.9,-73.01,-61.58,0.0,-7.43,0.0,-5.0,5.3,,-68.71,0.0,1.0,Safe R,,
2026-09-06,ND-HD-41,ND,House,HD-41,2,,Chris Tiongson,Jennifer Benson,,Jorin Johnson,R,False,True,-8.3,-7.49,-6.32,0.0,0.0,0.0,0.0,5.3,,-1.02,0.4735,0.5265,Toss-up,,
2026-09-06,ND-HD-43,ND,House,HD-43,2,,Lukas Maughan,Jill T Chandler,,Eric Murphy,R,False,True,-6.2,-6.31,-5.32,0.0,0.0,0.0,0.0,5.3,,-0.02,0.4994,0.5006,Toss-up,,
2026-09-06,ND-HD-45,ND,House,HD-45,2,,Don Lippert,Carrie McLeod,,Carrie McLeod,R,True,False,-14.9,-13.13,-11.07,0.0,-7.43,0.0,-5.0,5.3,,-18.2,0.1169,0.8831,Likely R,,
2026-09-06,ND-HD-47,ND,House,HD-47,2,,Cole Montoya,Mike Motschenbacher,,Larry Klemin,R,True,False,-36.6,-38.41,-32.4,0.0,-7.43,0.0,-5.0,5.3,,-39.53,0.0049,0.9951,Safe R,,
2026-09-06,ND-HD-5,ND,House,HD-5,2,,Kyle Erickson,Scott Louser,,Scott Louser,R,True,False,-39.5,-40.26,-33.96,0.0,-7.43,0.0,-5.0,5.3,,-41.09,0.0036,0.9964,Safe R,,
2026-09-06,ND-HD-7,ND,House,HD-7,2,,Jason Thoms,Greg Vetter,,Jason Dockter,R,False,True,-49.4,-49.73,-41.94,0.0,0.0,0.0,0.0,5.3,,-36.64,0.0083,0.9917,Safe R,,
2026-09-06,ND-HD-9,ND,House,HD-9,2,,Collette Brown,,,Jayme Davis,D,True,False,17.2,18.27,15.41,0.0,7.43,1.09,0.0,5.3,D,29.24,0.98,0.02,Safe D,,
2026-09-06,ND-SD-1,ND,Senate,SD-1,1,,,Brad Bekkedahl,,Brad Bekkedahl,R,True,False,-64.4,-63.78,-53.79,0.0,-7.43,0.0,-5.0,5.3,R,-60.92,0.02,0.98,Safe R,,
2026-09-06,ND-SD-11,ND,Senate,SD-11,1,,Tim Mathern,Christine O'Riley,,Tim Mathern,D,True,False,11.6,11.56,9.75,0.0,7.43,0.0,5.0,5.3,,27.48,0.9639,0.0361,Safe D,,
2026-09-06,ND-SD-13,ND,Senate,SD-13,1,,Landis L Larson,Judy Lee,,Judy Lee,R,True,False,-11.4,-11.39,-9.61,0.0,-7.43,0.0,-5.0,5.3,,-16.74,0.1368,0.8632,Likely R,,
2026-09-06,ND-SD-15,ND,Senate,SD-15,1,,,Kristin Kenner,,Kent Weston,R,False,True,-42.8,-42.69,-36.01,0.0,0.0,0.0,0.0,5.3,R,-30.71,0.02,0.98,Safe R,,
2026-09-06,ND-SD-17,ND,Senate,SD-17,1,,Katie Benton,Jonathan Sickler,,Jonathan Sickler,R,True,False,-18.6,-18.1,-15.26,0.0,-7.43,0.0,-5.0,5.3,,-22.4,0.0715,0.9285,Likely R,,
2026-09-06,ND-SD-19,ND,Senate,SD-19,1,,Jefferey E Hermanson,Janne Myrdal,,Janne Myrdal,R,True,False,-48.2,-48.67,-41.05,0.0,-7.43,-10.51,0.0,5.3,,-53.69,0.0002,0.9998,Safe R,,
2026-09-06,ND-SD-21,ND,Senate,SD-21,1,,Mary Schneider,,,Kathy Hogan,D,False,True,11.9,13.77,11.62,0.0,0.0,0.0,0.0,5.3,D,16.92,0.98,0.02,Safe D,,
2026-09-06,ND-SD-23,ND,Senate,SD-23,1,,,Todd Beard,,Todd Beard,R,True,False,-71.6,-69.14,-58.31,0.0,-7.43,0.0,-5.0,5.3,R,-65.44,0.02,0.98,Safe R,,
2026-09-06,ND-SD-25,ND,Senate,SD-25,1,,Bob Heitkamp,Larry Luick,,Larry Luick,R,True,False,-37.6,-37.61,-31.72,0.0,-7.43,3.0,0.0,5.3,,-30.85,0.0218,0.9782,Safe R,,
2026-09-06,ND-SD-27,ND,Senate,SD-27,1,,,Kristin Roers,,Kristin Roers,R,True,False,-21.1,-19.5,-16.44,0.0,-7.43,-0.94,0.0,5.3,R,-19.51,0.02,0.98,Safe R,,
2026-09-06,ND-SD-29,ND,Senate,SD-29,1,,John Kelly,Terry Wanzek,,Terry Wanzek,R,True,False,-48.9,-49.26,-41.54,0.0,-7.43,0.72,0.0,5.3,,-42.96,0.0025,0.9975,Safe R,,
2026-09-06,ND-SD-3,ND,Senate,SD-3,1,,Michael Thiesen,Bob Paulson,,Bob Paulson,R,True,False,-48.3,-49.59,-41.83,0.0,-7.43,0.0,-5.0,5.3,,-48.96,0.0007,0.9993,Safe R,,
2026-09-06,ND-SD-31,ND,Senate,SD-31,1,,Kelly Spilman,Don Schaible,,Don Schaible,R,True,False,-49.5,-48.01,-40.49,0.0,-7.43,0.0,-5.0,5.3,,-47.63,0.0009,0.9991,Safe R,,
2026-09-06,ND-SD-33,ND,Senate,SD-33,1,,Signe Snortland,Keith Boehm,,Keith Boehm,R,True,False,-66.4,-67.84,-57.22,0.0,-7.43,0.0,-5.0,5.3,,-64.35,0.0,1.0,Safe R,,
2026-09-06,ND-SD-35,ND,Senate,SD-35,1,,Dale Pittman,Sean Cleary,,Sean Cleary,R,True,False,-24.0,-25.47,-21.48,0.0,-7.43,0.94,0.0,5.3,,-22.68,0.0691,0.9309,Likely R,,
2026-09-06,ND-SD-37,ND,Senate,SD-37,1,,,Dean Rummel,,Dean Rummel,R,True,False,-57.6,-59.53,-50.2,0.0,-7.43,0.0,-5.0,5.3,R,-57.33,0.02,0.98,Safe R,,
2026-09-06,ND-SD-39,ND,Senate,SD-39,1,,,Greg Kessel,,Greg Kessel,R,True,False,-72.9,-73.01,-61.58,0.0,-7.43,0.0,-5.0,5.3,R,-68.71,0.02,0.98,Safe R,,
2026-09-06,ND-SD-41,ND,Senate,SD-41,1,,Nyamal Dei,Kyle Davison,,Kyle Davison,R,True,False,-8.3,-7.49,-6.32,0.0,-7.43,0.0,-5.0,5.3,,-13.45,0.1896,0.8104,Likely R,,
2026-09-06,ND-SD-43,ND,Senate,SD-43,1,,Mary K Adams,Jeff Barta,,Jeff Barta,R,True,False,-6.2,-6.31,-5.32,0.0,-7.43,0.59,0.0,5.3,,-6.86,0.3268,0.6732,Lean R,,
2026-09-06,ND-SD-45,ND,Senate,SD-45,1,,Dan Mitchell,Ron Sorvaag,,Ron Sorvaag,R,True,False,-14.9,-13.13,-11.07,0.0,-7.43,0.0,-5.0,5.3,,-18.2,0.1169,0.8831,Likely R,,
2026-09-06,ND-SD-47,ND,Senate,SD-47,1,,Bill Patrie,Mike Dwyer,,Mike Dwyer,R,True,False,-36.6,-38.41,-32.4,0.0,-7.43,0.0,-5.0,5.3,,-39.53,0.0049,0.9951,Safe R,,
2026-09-06,ND-SD-5,ND,Senate,SD-5,1,,,Jay Fisher,,Randy Burckhard,R,False,True,-39.5,-40.26,-33.96,0.0,0.0,0.0,0.0,5.3,R,-28.66,0.02,0.98,Safe R,,
2026-09-06,ND-SD-7,ND,Senate,SD-7,1,,Kevin Horneman,Michelle Axtman,,Michelle Axtman,R,True,False,-49.4,-49.73,-41.94,0.0,-7.43,0.0,-5.0,5.3,,-49.07,0.0007,0.9993,Safe R,,
2026-09-06,ND-SD-9,ND,Senate,SD-9,1,,Jayme Davis,,,Richard Marcellais,D,False,True,17.2,18.27,15.41,0.0,0.0,-4.55,0.0,5.3,D,16.16,0.98,0.02,Safe D,,
2026-09-06,NE-LD-10,NE,Legislature,LD-10,1,,,,Cindy Johnson,Wendy DeBoer,D,False,True,8.1,8.23,9.93,3.55,0.0,0.0,0.0,5.3,,15.23,0.8404,0.1596,Likely D,,
2026-09-06,NE-LD-12,NE,Legislature,LD-12,1,,,,Christy Knorr,Merv Riepe,R,True,False,2.2,1.63,4.37,3.55,-7.43,0.0,-5.0,5.3,,-2.77,0.4282,0.5718,Toss-up,,
2026-09-06,NE-LD-14,NE,Legislature,LD-14,1,,,,Bill Bowes,John Arch,R,False,True,-8.8,-9.46,-4.99,3.55,0.0,0.0,0.0,5.3,,0.31,0.5081,0.4919,Toss-up,,
2026-09-06,NE-LD-16,NE,Legislature,LD-16,1,,,,Cindy Chatt,Ben Hansen,R,False,True,-47.7,-48.54,-37.94,3.55,0.0,0.0,0.0,5.3,,-32.64,0.0164,0.9836,Safe R,,
2026-09-06,NE-LD-18,NE,Legislature,LD-18,1,,,,Jess Goldoni,Christy Armendariz,R,False,True,-1.8,-3.72,-0.15,3.55,0.0,0.0,0.0,5.3,,5.15,0.6319,0.3681,Lean D,,
2026-09-06,NE-LD-2,NE,Legislature,LD-2,1,,,,Caitlin Knutson,Rob Clements,R,False,True,-24.9,-25.05,-18.14,3.55,0.0,0.0,0.0,5.3,,-12.84,0.2006,0.7994,Likely R,,
2026-09-06,NE-LD-20,NE,Legislature,LD-20,1,,,,Chris Anderson,John Fredrickson,D,True,False,10.7,9.41,10.92,3.55,7.43,0.0,5.0,5.3,,28.65,0.9695,0.0305,Safe D,,
2026-09-06,NE-LD-22,NE,Legislature,LD-22,1,,,,Dawson Brunswick,Mike Moser,R,False,True,-59.3,-59.34,-47.06,3.55,0.0,0.0,0.0,5.3,,-41.76,0.0032,0.9968,Safe R,,
2026-09-06,NE-LD-24,NE,Legislature,LD-24,1,,,,Dan Winter,Jana Hughes,R,True,False,-51.5,-52.09,-40.94,3.55,-7.43,0.0,-5.0,5.3,,-48.07,0.0008,0.9992,Safe R,,
2026-09-06,NE-LD-26,NE,Legislature,LD-26,1,,,,George Dungan,George Dungan,D,True,False,10.1,10.96,12.23,3.55,7.43,0.0,5.0,5.3,,29.96,0.975,0.025,Safe D,,
2026-09-06,NE-LD-28,NE,Legislature,LD-28,1,,,,Colby L. Woodson,Jane Raybould,D,False,True,33.0,33.86,31.55,3.55,0.0,0.0,0.0,5.3,,36.85,0.992,0.008,Safe D,,
2026-09-06,NE-LD-30,NE,Legislature,LD-30,1,,,,Cally Ideus,Myron Dorn,R,False,True,-20.9,-20.25,-14.09,3.55,0.0,0.0,0.0,5.3,,-8.79,0.2827,0.7173,Lean R,,
2026-09-06,NE-LD-32,NE,Legislature,LD-32,1,,,,Mark Schoenrock,Tom Brandt,R,False,True,-44.7,-43.88,-34.02,3.55,0.0,0.0,0.0,5.3,,-28.72,0.0302,0.9698,Safe R,,
2026-09-06,NE-LD-34,NE,Legislature,LD-34,1,,,,Ben Blodgett,Loren Lippincott,R,True,False,-53.5,-54.27,-42.78,3.55,-7.43,0.0,-5.0,5.3,,-49.91,0.0005,0.9995,Safe R,,
2026-09-06,NE-LD-36,NE,Legislature,LD-36,1,,,,Darin Tompkins,Rick Holdcroft,R,True,False,-23.3,-22.0,-15.56,3.55,-7.43,0.0,-5.0,5.3,,-22.69,0.0689,0.9311,Likely R,,
2026-09-06,NE-LD-38,NE,Legislature,LD-38,1,,,,Janell Anderson Ehrke,Dave Murman,R,False,True,-66.5,-67.1,-53.6,3.55,0.0,0.0,0.0,5.3,,-48.3,0.0008,0.9992,Safe R,,
2026-09-06,NE-LD-4,NE,Legislature,LD-4,1,,,,Brad von Gillern,Brad von Gillern,R,True,False,-6.0,-7.18,-3.06,3.55,-7.43,0.0,-5.0,5.3,,-10.19,0.2525,0.7475,Lean R,,
2026-09-06,NE-LD-40,NE,Legislature,LD-40,1,,,,Barry DeKay,Barry DeKay,R,True,False,-70.5,-70.77,-56.7,3.55,-7.43,0.0,-5.0,5.3,,-63.83,0.0,1.0,Safe R,,
2026-09-06,NE-LD-42,NE,Legislature,LD-42,1,,,,Mike Jacobson,Mike Jacobson,R,True,False,-57.5,-59.21,-46.95,3.55,-7.43,0.0,-5.0,5.3,,-54.08,0.0002,0.9998,Safe R,,
2026-09-06,NE-LD-44,NE,Legislature,LD-44,1,,,,Teresa Ibach,Teresa Ibach,R,True,False,-61.6,-61.43,-48.82,3.55,-7.43,0.0,-5.0,5.3,,-55.95,0.0001,0.9999,Safe R,,
2026-09-06,NE-LD-46,NE,Legislature,LD-46,1,,,,Danielle Conrad,Danielle Conrad,D,True,False,15.7,17.67,17.89,3.55,7.43,0.0,5.0,5.3,,35.63,0.9901,0.0099,Safe D,,
2026-09-06,NE-LD-48,NE,Legislature,LD-48,1,,,,Brian Hardin,Brian Hardin,R,True,False,-50.5,-50.55,-39.64,3.55,-7.43,0.0,-5.0,5.3,,-46.77,0.0011,0.9989,Safe R,,
2026-09-06,NE-LD-6,NE,Legislature,LD-6,1,,,,Nate Ostdiek,Machaela Cavanaugh,D,False,True,15.7,15.01,15.65,3.55,0.0,0.0,0.0,5.3,,20.95,0.9146,0.0854,Likely D,,
2026-09-06,NE-LD-8,NE,Legislature,LD-8,1,,,,Erin Feichtinger,Megan Hunt,NP,False,True,36.7,35.56,32.98,3.55,0.0,0.0,0.0,5.3,,38.28,0.9938,0.0062,Safe D,,
2026-09-06,NH-Belknap-1,NH,House,Belknap-1,1,,,,,Tom Ploszaj,R,False,False,-7.2,-7.23,-7.88,-2.11,0.0,0.0,0.0,5.3,,-2.58,0.433,0.567,Toss-up,,
2026-09-06,NH-Belknap-2,NH,House,Belknap-2,2,,,,,Matt Coker,R,False,False,-2.4,-2.82,-4.16,-2.11,0.0,0.0,0.0,5.3,,1.14,0.5298,0.4702,Toss-up,,
2026-09-06,NH-Belknap-3,NH,House,Belknap-3,1,,William Lawrence, Jr.,Steven Bunce,,Juliet Harvey-Bolia,R,False,True,-13.7,-12.81,-12.58,-2.11,0.0,0.0,0.0,5.3,,-7.28,0.317,0.683,Lean R,,
2026-09-06,NH-Belknap-4,NH,House,Belknap-4,1,,,Dana Silcock,,Travis Toner,R,False,True,-23.0,-22.58,-20.82,-2.11,0.0,0.0,0.0,5.3,R,-15.52,0.02,0.98,Safe R,,
2026-09-06,NH-Belknap-5,NH,House,Belknap-5,4,,,,,Mike Bordes,R,False,False,-9.1,-8.64,-9.07,-2.11,0.0,0.0,0.0,5.3,,-3.77,0.4028,0.5972,Toss-up,,
2026-09-06,NH-Belknap-6,NH,House,Belknap-6,4,,David Nagel,Glen Aldrich,,David Nagel,R,True,False,-9.7,-9.75,-10.0,-2.11,-7.43,-4.79,0.0,5.3,,-16.93,0.1342,0.8658,Likely R,,
2026-09-06,NH-Belknap-7,NH,House,Belknap-7,3,,Laura Dunham,,,Peter Varney,R,False,True,-24.2,-24.21,-22.19,-2.11,0.0,0.0,0.0,5.3,D,-16.89,0.98,0.02,Safe D,,
2026-09-06,NH-Belknap-8,NH,House,Belknap-8,2,,Don House,Lisa M. Freeman,,Douglas Trottier,R,True,False,-18.2,,-15.88,-2.11,-7.43,0.0,-5.0,5.3,,-23.01,0.0662,0.9338,Likely R,,
2026-09-06,NH-Carroll-1,NH,House,Carroll-1,3,,David Paige,Gregory T. Corrigan,,Stephen L. Woodcock,D,True,False,14.2,14.71,10.63,-2.11,7.43,14.32,0.0,5.3,,37.67,0.9931,0.0069,Safe D,,
2026-09-06,NH-Carroll-2,NH,House,Carroll-2,2,,Anita Burroughs,Jennifer LePla,,Anita Burroughs,D,True,False,24.2,24.26,18.68,-2.11,7.43,7.9,0.0,5.3,,39.31,0.9949,0.0051,Safe D,,
2026-09-06,NH-Carroll-3,NH,House,Carroll-3,2,,Bryan Randolph,Richard Brown,,Karel Crawford,R,False,True,-5.1,-4.96,-5.96,-2.11,0.0,0.0,0.0,5.3,,-0.66,0.4827,0.5173,Toss-up,,
2026-09-06,NH-Carroll-4,NH,House,Carroll-4,2,,,,,Lino Avellani,R,False,False,-20.8,-19.9,-18.57,-2.11,0.0,0.0,0.0,5.3,,-13.27,0.1928,0.8072,Likely R,,
2026-09-06,NH-Carroll-5,NH,House,Carroll-5,1,,,Jonathan H. Smith,,Jonathan H. Smith,R,True,False,-26.5,-25.5,-23.28,-2.11,-7.43,0.0,-5.0,5.3,R,-30.41,0.02,0.98,Safe R,,
2026-09-06,NH-Carroll-6,NH,House,Carroll-6,2,,Deirdre McEachern,,,John MacDonald,R,False,True,-2.4,-2.78,-4.12,-2.11,0.0,0.0,0.0,5.3,D,1.18,0.98,0.02,Safe D,,
2026-09-06,NH-Carroll-7,NH,House,Carroll-7,1,,,Dale Fincher,,Bobbi Boudman,D,False,True,-9.2,,-8.29,-2.11,0.0,0.0,0.0,5.3,R,-2.99,0.02,0.98,Safe R,,
2026-09-06,NH-Carroll-8,NH,House,Carroll-8,2,,Jim Pittman,Brian R. Taylor,,Richard Brown,R,True,False,-12.4,,-10.99,-2.11,-7.43,0.0,-5.0,5.3,,-18.12,0.118,0.882,Likely R,,
2026-09-06,NH-Cheshire-1,NH,House,Cheshire-1,1,,Dylan Germana,Timothy J. Donovan,,,D,False,True,30.7,35.43,28.1,-2.11,0.0,0.0,0.0,5.3,,33.4,0.9855,0.0145,Safe D,,
2026-09-06,NH-Cheshire-10,NH,House,Cheshire-10,2,,Alan Gross,Mike York,,Barry Faulkner,D,False,True,-4.5,-2.91,-4.23,-2.11,0.0,0.63,0.0,5.3,,1.7,0.5442,0.4558,Toss-up,,
2026-09-06,NH-Cheshire-11,NH,House,Cheshire-11,1,,,Denis Vincent Murphy II,,Denis Vincent Murphy II,R,True,False,-11.3,-8.36,-8.83,-2.11,-7.43,-0.06,-5.0,5.3,R,-16.02,0.02,0.98,Safe R,,
2026-09-06,NH-Cheshire-12,NH,House,Cheshire-12,1,,,Dick Thackston,,Rick Thackston,R,False,True,-14.1,-11.64,-11.6,-2.11,0.0,1.66,0.0,5.3,R,-4.64,0.02,0.98,Safe R,,
2026-09-06,NH-Cheshire-13,NH,House,Cheshire-13,1,,Tom Ahlborn-Hsu,,,Richard Ames,D,False,True,3.8,5.38,2.76,-2.11,0.0,0.0,0.0,5.3,D,8.06,0.98,0.02,Safe D,,
2026-09-06,NH-Cheshire-14,NH,House,Cheshire-14,1,,,,,John Hunt,R,False,False,-25.8,-24.26,-22.24,-2.11,0.0,0.0,0.0,5.3,,-16.94,0.134,0.866,Likely R,,
2026-09-06,NH-Cheshire-15,NH,House,Cheshire-15,2,,Nicholas Germana,Becky Shields,,Samantha Jacobs,D,True,False,25.0,,20.56,-2.11,7.43,0.0,5.0,5.3,,38.29,0.9939,0.0061,Safe D,,
2026-09-06,NH-Cheshire-16,NH,House,Cheshire-16,1,,Lucius Parshall,Alexander Nalevanko,,James Gruber,D,False,True,19.2,,15.66,-2.11,0.0,0.0,0.0,5.3,,20.96,0.9148,0.0852,Likely D,,
2026-09-06,NH-Cheshire-17,NH,House,Cheshire-17,1,,,Jennifer Rhodes,,Jennifer Rhodes,R,True,False,-8.5,,-7.7,-2.11,-7.43,0.0,-5.0,5.3,R,-14.83,0.02,0.98,Safe R,,
2026-09-06,NH-Cheshire-18,NH,House,Cheshire-18,2,,Allen Davis,Rita Mattson,,Rita Mattson,R,True,False,-9.8,,-8.79,-2.11,-7.43,0.0,-5.0,5.3,,-15.93,0.1488,0.8512,Likely R,,
2026-09-06,NH-Cheshire-2,NH,House,Cheshire-2,1,,Dru Fox,,,Dru Fox,D,True,False,34.2,34.65,27.45,-2.11,7.43,-0.88,0.0,5.3,D,39.3,0.98,0.02,Safe D,,
2026-09-06,NH-Cheshire-3,NH,House,Cheshire-3,1,,Philip Jones,,,Philip Jones,D,True,False,36.1,37.06,29.48,-2.11,7.43,0.0,5.0,5.3,D,47.21,0.98,0.02,Safe D,,
2026-09-06,NH-Cheshire-4,NH,House,Cheshire-4,1,,Jodi Newell,,,Jodi Newell,D,True,False,30.9,32.27,25.44,-2.11,7.43,0.17,5.0,5.3,D,43.34,0.98,0.02,Safe D,,
2026-09-06,NH-Cheshire-5,NH,House,Cheshire-5,1,,Lucy McVitty Weber,William Sommer,,Lucy McVitty Weber,D,True,False,18.1,19.4,14.58,-2.11,7.43,-2.89,0.0,5.3,,24.42,0.9449,0.0551,Likely D,,
2026-09-06,NH-Cheshire-6,NH,House,Cheshire-6,2,,Cathryn A. Harvey,,,Paul Berch,D,True,False,8.8,10.58,7.14,-2.11,7.43,-0.72,0.0,5.3,D,19.16,0.98,0.02,Safe D,,
2026-09-06,NH-Cheshire-7,NH,House,Cheshire-7,1,,Terri O'Rorke,Jonathan Liptak,,Terri O'Rorke,D,True,False,36.6,38.84,30.98,-2.11,7.43,0.0,5.0,5.3,,48.71,0.9993,0.0007,Safe D,,
2026-09-06,NH-Cheshire-8,NH,House,Cheshire-8,1,,Christine L. Parshall,,,Lucius Parshall,D,False,True,21.9,24.14,18.58,-2.11,0.0,0.0,0.0,5.3,D,23.88,0.98,0.02,Safe D,,
2026-09-06,NH-Cheshire-9,NH,House,Cheshire-9,1,,James Gruber,Rich Nalevanko,,Rich Nalevanko,R,True,False,2.4,3.54,1.21,-2.11,-7.43,-1.38,0.0,5.3,,-2.3,0.4403,0.5597,Toss-up,,
2026-09-06,NH-Coos-1,NH,House,Coos-1,2,,,Amy Norris,,Sean C. Durkin,R,False,True,-16.1,-14.47,-13.98,-2.11,0.0,0.0,0.0,5.3,R,-8.68,0.02,0.98,Safe R,,
2026-09-06,NH-Coos-2,NH,House,Coos-2,1,,,Arnold G. Davis,,Arnold G. Davis,R,True,False,-32.2,-30.76,-27.72,-2.11,-7.43,0.0,-5.0,5.3,R,-34.85,0.02,0.98,Safe R,,
2026-09-06,NH-Coos-3,NH,House,Coos-3,1,,,Mike Ouellet,,Mike Ouellet,R,True,False,-36.1,-34.29,-30.7,-2.11,-7.43,0.0,-5.0,5.3,R,-37.83,0.02,0.98,Safe R,,
2026-09-06,NH-Coos-4,NH,House,Coos-4,1,,,Seth King,,Seth King,R,True,False,-9.8,-9.43,-9.73,-2.11,-7.43,-0.47,0.0,5.3,R,-12.33,0.02,0.98,Safe R,,
2026-09-06,NH-Coos-5,NH,House,Coos-5,2,,,Peter Morency,,Marc Tremblay,R,True,False,-3.9,-1.1,-2.71,-2.11,-7.43,-1.79,0.0,5.3,R,-6.62,0.02,0.98,Safe R,,
2026-09-06,NH-Coos-6,NH,House,Coos-6,1,,Richard Umiker,Robert Gargano,,,R,False,True,7.4,8.86,5.69,-2.11,0.0,0.0,0.0,5.3,,10.99,0.7639,0.2361,Likely D,,
2026-09-06,NH-Grafton-1,NH,House,Grafton-1,3,,Linda Massimilla,Joseph Barton,,Darrell Louis,R,True,False,-6.2,-5.45,-6.38,-2.11,-7.43,-2.91,0.0,5.3,,-11.42,0.2277,0.7723,Likely R,,
2026-09-06,NH-Grafton-10,NH,House,Grafton-10,1,,,Steven Pihl Coffill,,John Sellers,R,False,True,-5.6,-7.26,-7.9,-2.11,0.0,0.0,0.0,5.3,R,-2.6,0.02,0.98,Safe R,,
2026-09-06,NH-Grafton-11,NH,House,Grafton-11,1,,Roger B. Larochelle, Jr.,Jake Abuhav,,Lex Berezhny,R,False,True,-17.0,-16.76,-15.91,-2.11,0.0,0.0,0.0,5.3,,-10.61,0.2439,0.7561,Likely R,,
2026-09-06,NH-Grafton-12,NH,House,Grafton-12,4,,,,,Russell Muirhead,D,False,False,71.0,72.52,59.39,-2.11,0.0,0.0,0.0,5.3,,64.69,1.0,0.0,Safe D,,
2026-09-06,NH-Grafton-13,NH,House,Grafton-13,1,,Laurel Stavis,,,Laurel Stavis,D,True,False,51.5,52.06,42.13,-2.11,7.43,0.0,5.0,5.3,D,59.86,0.98,0.02,Safe D,,
2026-09-06,NH-Grafton-14,NH,House,Grafton-14,1,,Kathryn Brennan,,,George Sykes,D,False,True,49.9,50.18,40.54,-2.11,0.0,0.0,0.0,5.3,D,45.84,0.98,0.02,Safe D,,
2026-09-06,NH-Grafton-15,NH,House,Grafton-15,1,,Zoe Hill,,,Thomas Cormen,D,False,True,49.1,49.36,39.85,-2.11,0.0,0.0,0.0,5.3,D,45.15,0.98,0.02,Safe D,,
2026-09-06,NH-Grafton-16,NH,House,Grafton-16,1,,David Fracht,,,David Fracht,D,True,False,24.3,25.69,19.89,-2.11,7.43,0.0,5.0,5.3,D,37.62,0.98,0.02,Safe D,,
2026-09-06,NH-Grafton-17,NH,House,Grafton-17,1,,Thomas Cormen,,,Susan Almy,D,False,True,49.5,,41.22,-2.11,0.0,0.0,0.0,5.3,D,46.52,0.98,0.02,Safe D,,
2026-09-06,NH-Grafton-18,NH,House,Grafton-18,1,,,Donald McFarlane,,Donald McFarlane,R,True,False,1.6,,0.82,-2.11,-7.43,0.0,-5.0,5.3,R,-6.31,0.02,0.98,Safe R,,
2026-09-06,NH-Grafton-2,NH,House,Grafton-2,1,,Jared Sullivan,,,Jared Sullivan,D,True,False,26.7,27.24,21.2,-2.11,7.43,0.76,0.0,5.3,D,34.69,0.98,0.02,Safe D,,
2026-09-06,NH-Grafton-3,NH,House,Grafton-3,1,,Jerry M. Stringham,Paul Schirduan,,Jerry M. Stringham,D,True,False,10.7,11.86,8.22,-2.11,7.43,4.37,0.0,5.3,,25.32,0.9511,0.0489,Safe D,,
2026-09-06,NH-Grafton-4,NH,House,Grafton-4,1,,,,,Heather P. Baldwin,D,False,False,10.6,11.66,8.05,-2.11,0.0,0.0,0.0,5.3,,13.35,0.8087,0.1913,Likely D,,
2026-09-06,NH-Grafton-5,NH,House,Grafton-5,2,,,Marie Louise Bjelobrk,,Rick Ladd,R,True,False,-19.6,-17.81,-16.8,-2.11,-7.43,0.0,-5.0,5.3,R,-23.93,0.02,0.98,Safe R,,
2026-09-06,NH-Grafton-6,NH,House,Grafton-6,1,,,Linda Franz,,Linda Franz,R,True,False,-4.6,-2.81,-4.15,-2.11,-7.43,-1.78,0.0,5.3,R,-8.05,0.02,0.98,Safe R,,
2026-09-06,NH-Grafton-7,NH,House,Grafton-7,1,,Janet Marie Lucas,Jon Gablinske,,Janet Marie Lucas,D,True,False,2.5,3.47,1.15,-2.11,7.43,-0.85,0.0,5.3,,13.03,0.8029,0.1971,Likely D,,
2026-09-06,NH-Grafton-8,NH,House,Grafton-8,3,,Peter Lovett,,,Sallie Fellows,D,True,False,15.6,17.55,13.02,-2.11,7.43,14.79,0.0,5.3,D,40.55,0.98,0.02,Safe D,,
2026-09-06,NH-Grafton-9,NH,House,Grafton-9,1,,Ella V. Barrett,Bradley Macrae,,Thomas Oppel,D,False,True,6.4,6.6,3.79,-2.11,0.0,0.0,0.0,5.3,,9.09,0.7238,0.2762,Lean D,,
2026-09-06,NH-Hillsborough-1,NH,House,Hillsborough-1,4,,,Jeffrey Tenczar,,Jeffrey Tenczar,R,True,False,-25.2,-24.4,-22.36,-2.11,-7.43,-1.55,0.0,5.3,R,-26.04,0.02,0.98,Safe R,,
2026-09-06,NH-Hillsborough-10,NH,House,Hillsborough-10,3,,Linda Harriott-Gathright,Bill Ohm,,Linda Harriott-Gathright,D,True,False,11.9,14.0,10.03,-2.11,7.43,-3.66,0.0,5.3,,19.1,0.8941,0.1059,Likely D,,
2026-09-06,NH-Hillsborough-11,NH,House,Hillsborough-11,3,,Manoj Chourasia,,,Laura Telerski,D,True,False,19.7,21.09,16.01,-2.11,7.43,-1.79,0.0,5.3,D,26.95,0.98,0.02,Safe D,,
2026-09-06,NH-Hillsborough-12,NH,House,Hillsborough-12,8,,,Adam Presa,,Maureen Mooney,R,True,False,2.3,2.5,0.33,-2.11,-7.43,-2.35,0.0,5.3,R,-4.15,0.02,0.98,Safe R,,
2026-09-06,NH-Hillsborough-13,NH,House,Hillsborough-13,6,,Luan Baci,Andrew Prout,,Cathy Kenny,R,True,False,-10.9,-10.56,-10.68,-2.11,-7.43,-8.22,0.0,5.3,,-21.03,0.0845,0.9155,Likely R,,
2026-09-06,NH-Hillsborough-14,NH,House,Hillsborough-14,2,,Paula Paciulan,Ray Peeples,,Richard W. Lascelles,R,True,False,-10.6,-10.24,-10.41,-2.11,-7.43,0.0,-5.0,5.3,,-17.54,0.1256,0.8744,Likely R,,
2026-09-06,NH-Hillsborough-15,NH,House,Hillsborough-15,2,,,Mark McLean,,Mark McLean,R,True,False,-3.7,-2.85,-4.18,-2.11,-7.43,7.1,0.0,5.3,R,0.79,0.02,0.98,Safe R,,
2026-09-06,NH-Hillsborough-16,NH,House,Hillsborough-16,2,,,,,Larry Gagne,R,False,False,-0.5,0.01,-1.77,-2.11,0.0,0.0,0.0,5.3,,3.53,0.5912,0.4088,Toss-up,,
2026-09-06,NH-Hillsborough-17,NH,House,Hillsborough-17,2,,Rob Fox,,,Linda DiSilvestro,D,False,True,15.1,15.77,11.53,-2.11,0.0,0.0,0.0,5.3,D,16.83,0.98,0.02,Safe D,,
2026-09-06,NH-Hillsborough-18,NH,House,Hillsborough-18,2,,Jessica Grill,Steven Kesselring,,Jessica Grill,D,True,False,9.7,10.47,7.05,-2.11,7.43,-3.98,0.0,5.3,,15.8,0.8493,0.1507,Likely D,,
2026-09-06,NH-Hillsborough-19,NH,House,Hillsborough-19,2,,Chrissy Simonds,Mickey Mullin,,Matt Drew,R,False,True,2.8,4.55,2.06,-2.11,0.0,0.0,0.0,5.3,,7.36,0.6849,0.3151,Lean D,,
2026-09-06,NH-Hillsborough-2,NH,House,Hillsborough-2,7,,Catherine Rombeau,John Schneller,,Linda Gould,R,True,False,3.3,2.67,0.47,-2.11,-7.43,-5.55,0.0,5.3,,-7.21,0.3186,0.6814,Lean R,,
2026-09-06,NH-Hillsborough-20,NH,House,Hillsborough-20,2,,,Pierre Dupont,,Alissandra Murray,D,True,False,0.6,2.73,0.52,-2.11,7.43,-0.0,5.0,5.3,R,18.25,0.02,0.98,Safe R,,
2026-09-06,NH-Hillsborough-21,NH,House,Hillsborough-21,2,,Christine Seibert,,,Christine Seibert,D,True,False,20.2,20.31,15.36,-2.11,7.43,7.56,0.0,5.3,D,35.65,0.98,0.02,Safe D,,
2026-09-06,NH-Hillsborough-22,NH,House,Hillsborough-22,2,,Greg Erskine,Max Abramson,,Patricia Cornell,D,False,True,5.3,8.42,5.32,-2.11,0.0,0.0,0.0,5.3,,10.62,0.7563,0.2437,Likely D,,
2026-09-06,NH-Hillsborough-23,NH,House,Hillsborough-23,2,,Jean Jeudy,,,Mary Ngwanda Georges,D,True,False,22.0,24.44,18.83,-2.11,7.43,7.79,0.0,5.3,D,39.35,0.98,0.02,Safe D,,
2026-09-06,NH-Hillsborough-24,NH,House,Hillsborough-24,2,,Anthony Carideo,Paul LaFerriere,,Christopher Herbert,D,False,True,8.8,11.14,7.62,-2.11,0.0,0.0,0.0,5.3,,12.92,0.8008,0.1992,Likely D,,
2026-09-06,NH-Hillsborough-25,NH,House,Hillsborough-25,2,,Kathy Staub,Kathleen Paquette,,Kathleen Paquette,R,True,False,6.7,9.96,6.62,-2.11,-7.43,16.18,0.0,5.3,,20.67,0.9117,0.0883,Likely D,,
2026-09-06,NH-Hillsborough-26,NH,House,Hillsborough-26,2,,Patrick N. Long,Henry Emele,,Brian D. Cole,R,True,False,5.9,8.04,5.01,-2.11,-7.43,7.89,0.0,5.3,,10.76,0.7593,0.2407,Likely D,,
2026-09-06,NH-Hillsborough-27,NH,House,Hillsborough-27,1,,,,,Mary Murphy,R,False,False,-11.7,-10.54,-10.67,-2.11,0.0,0.0,0.0,5.3,,-5.37,0.3627,0.6373,Lean R,,
2026-09-06,NH-Hillsborough-28,NH,House,Hillsborough-28,2,,Benson H. Goodwin,Keith Erf,,Keith Erf,R,True,False,-21.9,-21.62,-20.01,-2.11,-7.43,-1.13,0.0,5.3,,-23.27,0.0641,0.9359,Likely R,,
2026-09-06,NH-Hillsborough-29,NH,House,Hillsborough-29,4,,Christopher Calhoun,Henry R. Giasson III,,Joe Alexander Jr.,R,True,False,-2.9,-2.87,-4.2,-2.11,-7.43,-0.71,0.0,5.3,,-7.04,0.3227,0.6773,Lean R,,
2026-09-06,NH-Hillsborough-3,NH,House,Hillsborough-3,3,,Fred Davis,John Menyhard,,Paige Beauchemin,D,True,False,15.4,18.88,14.15,-2.11,7.43,8.33,0.0,5.3,,35.21,0.9893,0.0107,Safe D,,
2026-09-06,NH-Hillsborough-30,NH,House,Hillsborough-30,3,,Janet McEwen,Austin Cottle,,Jim Creighton,R,False,True,-11.8,-10.81,-10.9,-2.11,0.0,0.0,0.0,5.3,,-5.6,0.3572,0.6428,Lean R,,
2026-09-06,NH-Hillsborough-31,NH,House,Hillsborough-31,1,,Molly C. Howard,,,Molly C. Howard,D,True,False,17.6,18.75,14.03,-2.11,7.43,-3.9,0.0,5.3,D,22.87,0.98,0.02,Safe D,,
2026-09-06,NH-Hillsborough-32,NH,House,Hillsborough-32,3,,Richard Swanson,Diane Kelley,,Diane Kelley,R,True,False,-20.3,-18.85,-17.68,-2.11,-7.43,-0.85,0.0,5.3,,-20.66,0.0883,0.9117,Likely R,,
2026-09-06,NH-Hillsborough-33,NH,House,Hillsborough-33,2,,Jonah Wheeler,Kimberly Joy Thomas,,Peter Leishman,D,True,False,36.6,37.67,29.99,-2.11,7.43,0.0,5.0,5.3,,47.73,0.9991,0.0009,Safe D,,
2026-09-06,NH-Hillsborough-34,NH,House,Hillsborough-34,3,,Daniel LeClerc,Russ Hodgkins,,Stephanie Grund,D,True,False,16.3,16.58,12.21,-2.11,7.43,-5.37,0.0,5.3,,19.56,0.8996,0.1004,Likely D,,
2026-09-06,NH-Hillsborough-35,NH,House,Hillsborough-35,2,,,Liz Barbour,,Liz Barbour,R,True,False,12.1,12.16,8.48,-2.11,-7.43,-4.54,0.0,5.3,R,1.81,0.02,0.98,Safe R,,
2026-09-06,NH-Hillsborough-36,NH,House,Hillsborough-36,2,,Michael Pellerito,Diane Pauer,,Diane Pauer,R,True,False,-3.6,-2.92,-4.24,-2.11,-7.43,-1.87,0.0,5.3,,-8.25,0.2948,0.7052,Lean R,,
2026-09-06,NH-Hillsborough-37,NH,House,Hillsborough-37,1,,Megan A. Murray,Michael E. Thornton,,Megan A. Murray,D,True,False,10.6,,8.41,-2.11,7.43,0.0,5.0,5.3,,26.14,0.9563,0.0437,Safe D,,
2026-09-06,NH-Hillsborough-38,NH,House,Hillsborough-38,2,,,Ralph Boehm,,Kimberly Rice,R,True,False,-10.9,,-9.72,-2.11,-7.43,0.0,-5.0,5.3,R,-16.85,0.02,0.98,Safe R,,
2026-09-06,NH-Hillsborough-39,NH,House,Hillsborough-39,2,,Thomas Katsiantonis,Jonathan Morton,,Mark Warden,R,True,False,-1.3,,-1.63,-2.11,-7.43,7.1,0.0,5.3,,3.35,0.5866,0.4134,Toss-up,,
2026-09-06,NH-Hillsborough-4,NH,House,Hillsborough-4,3,,Linda Ryan,Shawn Martin,,Sue Newman,D,True,False,15.0,16.12,11.81,-2.11,7.43,13.57,0.0,5.3,,38.12,0.9937,0.0063,Safe D,,
2026-09-06,NH-Hillsborough-40,NH,House,Hillsborough-40,4,,Erin Kerwin,Carlos González,,Erin Kerwin,D,True,False,12.4,,9.93,-2.11,7.43,0.0,5.0,5.3,,27.66,0.9648,0.0352,Safe D,,
2026-09-06,NH-Hillsborough-41,NH,House,Hillsborough-41,3,,,Ryan Hebert,,Lily M. Foss,D,False,True,9.9,,7.82,-2.11,0.0,0.0,0.0,5.3,R,13.12,0.02,0.98,Safe R,,
2026-09-06,NH-Hillsborough-42,NH,House,Hillsborough-42,3,,Lee Nyquist,Gerald Griffin,,Keith Ammon,R,True,False,0.4,0.25,-1.56,-2.11,-7.43,-2.03,0.0,5.3,,-5.72,0.3542,0.6458,Lean R,,
2026-09-06,NH-Hillsborough-43,NH,House,Hillsborough-43,4,,Paul Dargie,Gary Daniels,,Peter Petrigno,D,True,False,5.4,5.3,2.69,-2.11,7.43,-4.7,0.0,5.3,,10.72,0.7584,0.2416,Likely D,,
2026-09-06,NH-Hillsborough-44,NH,House,Hillsborough-44,2,,Chris Conroy,Lisa Mazur,,Lisa Mazur,R,True,False,-9.7,,-8.71,-2.11,-7.43,0.0,-5.0,5.3,,-15.84,0.1501,0.8499,Likely R,,
2026-09-06,NH-Hillsborough-45,NH,House,Hillsborough-45,1,,Jerry Roche,Jack Flanagan,,Jack Flanagan,R,True,False,4.4,,3.18,-2.11,-7.43,0.0,-5.0,5.3,,-3.95,0.3981,0.6019,Lean R,,
2026-09-06,NH-Hillsborough-5,NH,House,Hillsborough-5,3,,Dale Swanson,,,Heather Raymond,D,True,False,11.6,12.97,9.16,-2.11,7.43,-1.85,0.0,5.3,D,20.03,0.98,0.02,Safe D,,
2026-09-06,NH-Hillsborough-6,NH,House,Hillsborough-6,3,,Lee Ann Kluger,,,Lee Ann Kluger,D,True,False,15.4,16.72,12.33,-2.11,7.43,-0.89,0.0,5.3,D,24.17,0.98,0.02,Safe D,,
2026-09-06,NH-Hillsborough-7,NH,House,Hillsborough-7,3,,Louis Juris,Avalon Lewis,,Alicia Gregg,D,True,False,9.0,11.34,7.79,-2.11,7.43,13.6,0.0,5.3,,34.12,0.9872,0.0128,Safe D,,
2026-09-06,NH-Hillsborough-8,NH,House,Hillsborough-8,3,,Christal Lloyd,Travis Tripodi,,Kevin Scully,R,True,False,10.2,12.8,9.02,-2.11,-7.43,13.61,0.0,5.3,,20.5,0.9099,0.0901,Likely D,,
2026-09-06,NH-Hillsborough-9,NH,House,Hillsborough-9,3,,Sanjeev K. Manohar,Joseph Cole,,William Dolan,D,True,False,8.5,9.57,6.3,-2.11,7.43,0.0,5.0,5.3,,24.03,0.9419,0.0581,Likely D,,
2026-09-06,NH-Merrimack-1,NH,House,Merrimack-1,1,,,,,Rick Devoid,R,False,False,-12.8,-11.11,-11.15,-2.11,0.0,0.0,0.0,5.3,,-5.85,0.3511,0.6489,Lean R,,
2026-09-06,NH-Merrimack-10,NH,House,Merrimack-10,4,,,Stephen Boyd,,Thomas Walsh,R,True,False,-6.4,-6.5,-7.26,-2.11,-7.43,-2.92,0.0,5.3,R,-12.31,0.02,0.98,Safe R,,
2026-09-06,NH-Merrimack-11,NH,House,Merrimack-11,1,,,,,Matthew Pitaro,R,False,False,-12.0,-11.45,-11.43,-2.11,0.0,0.0,0.0,5.3,,-6.13,0.3442,0.6558,Lean R,,
2026-09-06,NH-Merrimack-12,NH,House,Merrimack-12,2,,Gabe Holdren,Peter L. Mehegan,,Peter L. Mehegan,R,True,False,-1.0,-0.21,-1.96,-2.11,-7.43,-1.76,0.0,5.3,,-5.85,0.351,0.649,Lean R,,
2026-09-06,NH-Merrimack-13,NH,House,Merrimack-13,2,,,Clayton Wood,,Clayton Wood,R,True,False,-22.3,-20.92,-19.42,-2.11,-7.43,-0.04,-5.0,5.3,R,-26.6,0.02,0.98,Safe R,,
2026-09-06,NH-Merrimack-14,NH,House,Merrimack-14,1,,,,,Dan McGuire,R,False,False,-23.4,-22.58,-20.83,-2.11,0.0,0.0,0.0,5.3,,-15.53,0.155,0.845,Likely R,,
2026-09-06,NH-Merrimack-15,NH,House,Merrimack-15,1,,Tracy Anne Bricchi,,,Tracy Anne Bricchi,D,True,False,17.0,18.13,13.51,-2.11,7.43,0.0,5.0,5.3,D,31.24,0.98,0.02,Safe D,,
2026-09-06,NH-Merrimack-16,NH,House,Merrimack-16,1,,Connie Lane,Laurence Weissbrot,,Connie Lane,D,True,False,16.2,18.23,13.6,-2.11,7.43,0.67,0.0,5.3,,27.0,0.9613,0.0387,Safe D,,
2026-09-06,NH-Merrimack-17,NH,House,Merrimack-17,1,,Beth Richards,,,Beth Richards,D,True,False,20.9,22.73,17.39,-2.11,7.43,0.64,0.0,5.3,D,30.77,0.98,0.02,Safe D,,
2026-09-06,NH-Merrimack-18,NH,House,Merrimack-18,1,,Lisa D. Beaudoin,Elijah J. Wilson,,Jim MacKay,D,False,True,32.0,35.03,27.77,-2.11,0.0,0.0,0.0,5.3,,33.07,0.9847,0.0153,Safe D,,
2026-09-06,NH-Merrimack-19,NH,House,Merrimack-19,1,,Mary Jane Wallner,,,Mary Jane Wallner,D,True,False,46.0,40.12,32.06,-2.11,7.43,0.0,5.0,5.3,D,49.79,0.98,0.02,Safe D,,
2026-09-06,NH-Merrimack-2,NH,House,Merrimack-2,1,,Joyce May Fulweiler,Gregory Hill,,Gregory Hill,R,True,False,-18.4,-17.42,-16.47,-2.11,-7.43,0.0,-5.0,5.3,,-23.6,0.0614,0.9386,Likely R,,
2026-09-06,NH-Merrimack-20,NH,House,Merrimack-20,1,,Nathan Giffard,Jonathan Clark,,Eric Gallager,D,False,True,26.2,27.92,21.77,-2.11,0.0,0.0,0.0,5.3,,27.07,0.9616,0.0384,Safe D,,
2026-09-06,NH-Merrimack-21,NH,House,Merrimack-21,1,,Timothy Soucy,,,Timothy Soucy,D,True,False,34.9,36.63,29.12,-2.11,7.43,-0.36,5.0,5.3,D,46.49,0.98,0.02,Safe D,,
2026-09-06,NH-Merrimack-22,NH,House,Merrimack-22,1,,Alison Murphy,,,James Leon Roesener,D,False,True,18.3,18.75,14.04,-2.11,0.0,0.0,0.0,5.3,D,19.34,0.98,0.02,Safe D,,
2026-09-06,NH-Merrimack-23,NH,House,Merrimack-23,1,,Kristopher Levesque,Andrew Georgevits,,Merryl Gibbs,D,False,True,28.2,28.94,22.63,-2.11,0.0,-8.13,0.0,5.3,,19.79,0.9022,0.0978,Likely D,,
2026-09-06,NH-Merrimack-24,NH,House,Merrimack-24,1,,Matthew S. Hicks,,,Matthew S. Hicks,D,True,False,24.3,24.39,18.8,-2.11,7.43,-1.15,0.0,5.3,D,30.38,0.98,0.02,Safe D,,
2026-09-06,NH-Merrimack-25,NH,House,Merrimack-25,1,,Erica Russell,James Thibault,,James Thibault,R,True,False,-17.2,,-15.04,-2.11,-7.43,0.0,-5.0,5.3,,-22.17,0.0736,0.9264,Likely R,,
2026-09-06,NH-Merrimack-26,NH,House,Merrimack-26,1,,,Alvin B. See,,Alvin B. See,R,True,False,-14.1,,-12.42,-2.11,-7.43,0.0,-5.0,5.3,R,-19.55,0.02,0.98,Safe R,,
2026-09-06,NH-Merrimack-27,NH,House,Merrimack-27,2,,,Ray Plante,,Carol McGuire,R,True,False,-10.4,,-9.3,-2.11,-7.43,0.0,-5.0,5.3,R,-16.43,0.02,0.98,Safe R,,
2026-09-06,NH-Merrimack-28,NH,House,Merrimack-28,1,,Lisa Brown,,,Jim Snodgrass,D,False,True,20.9,,17.1,-2.11,0.0,-1.55,0.0,5.3,D,20.85,0.98,0.02,Safe D,,
2026-09-06,NH-Merrimack-29,NH,House,Merrimack-29,1,,Kris Schultz,,,Kris Schultz,D,True,False,27.8,,22.92,-2.11,7.43,0.0,5.0,5.3,D,40.65,0.98,0.02,Safe D,,
2026-09-06,NH-Merrimack-3,NH,House,Merrimack-3,2,,Scott Burns,Ernesto Leonardo Gonzalez,,Bryan Morse,R,True,False,-16.1,-15.28,-14.67,-2.11,-7.43,1.78,0.0,5.3,,-15.02,0.163,0.837,Likely R,,
2026-09-06,NH-Merrimack-30,NH,House,Merrimack-30,1,,Jason Quinno,Robert Washburn,,Gary L. Woods,D,False,True,31.8,,26.29,-2.11,0.0,0.0,0.0,5.3,,31.59,0.9806,0.0194,Safe D,,
2026-09-06,NH-Merrimack-4,NH,House,Merrimack-4,2,,Cody York,Michael Moffett,,Michael Moffett,R,True,False,-12.0,-11.23,-11.25,-2.11,-7.43,0.91,0.0,5.3,,-12.47,0.2074,0.7926,Likely R,,
2026-09-06,NH-Merrimack-5,NH,House,Merrimack-5,2,,Lorna Carlisle,Deborah Aylward,,Louise Andrus,R,True,False,-14.8,-13.58,-13.23,-2.11,-7.43,1.04,0.0,5.3,,-14.32,0.1744,0.8256,Likely R,,
2026-09-06,NH-Merrimack-6,NH,House,Merrimack-6,1,,Thomas Schamberg,,,Thomas Schamberg,D,True,False,14.1,14.62,10.56,-2.11,7.43,0.0,5.0,5.3,D,28.29,0.98,0.02,Safe D,,
2026-09-06,NH-Merrimack-7,NH,House,Merrimack-7,2,,Gregory Sargent,,,Karen Ebel,D,True,False,24.4,24.26,18.68,-2.11,7.43,-1.63,0.0,5.3,D,29.79,0.98,0.02,Safe D,,
2026-09-06,NH-Merrimack-8,NH,House,Merrimack-8,3,,Eileen Kelly,Bruce Gezelman,,Eileen Kelly,D,True,False,7.1,8.62,5.49,-2.11,7.43,-1.3,0.0,5.3,,16.92,0.8658,0.1342,Likely D,,
2026-09-06,NH-Merrimack-9,NH,House,Merrimack-9,4,,David Luneau,,,Muriel Hall,D,True,False,20.8,21.46,16.32,-2.11,7.43,-1.68,0.0,5.3,D,27.37,0.98,0.02,Safe D,,
2026-09-06,NH-Rockingham-1,NH,House,Rockingham-1,3,,Donna Danis,James Guzofski,,Scott Bryer,R,True,False,-4.2,-3.71,-4.91,-2.11,-7.43,-0.57,0.0,5.3,,-7.62,0.3092,0.6908,Lean R,,
2026-09-06,NH-Rockingham-10,NH,House,Rockingham-10,3,,Ellen Read,,,Michael Cahill,D,True,False,29.3,29.71,23.28,-2.11,7.43,11.86,0.0,5.3,D,47.87,0.98,0.02,Safe D,,
2026-09-06,NH-Rockingham-11,NH,House,Rockingham-11,4,,Julie Gilman,,,Julie Gilman,D,True,False,33.0,33.15,26.18,-2.11,7.43,3.77,0.0,5.3,D,42.68,0.98,0.02,Safe D,,
2026-09-06,NH-Rockingham-12,NH,House,Rockingham-12,2,,Allison Knab,,,Allison Knab,D,True,False,20.3,20.36,15.39,-2.11,7.43,-1.84,0.0,5.3,D,26.28,0.98,0.02,Safe D,,
2026-09-06,NH-Rockingham-13,NH,House,Rockingham-13,10,,David Provencher,David E. Milz,,David Love,R,True,False,-11.9,-11.13,-11.16,-2.11,-7.43,-11.19,0.0,5.3,,-24.48,0.0547,0.9453,Likely R,,
2026-09-06,NH-Rockingham-14,NH,House,Rockingham-14,2,,,,,Ken Weyler,R,False,False,-15.1,-14.75,-14.22,-2.11,0.0,0.0,0.0,5.3,,-8.92,0.2799,0.7201,Lean R,,
2026-09-06,NH-Rockingham-15,NH,House,Rockingham-15,2,,Laurie A. Warnock,Joe Guthrie,,Joe Guthrie,R,True,False,-18.8,-18.28,-17.2,-2.11,-7.43,-1.79,0.0,5.3,,-21.12,0.0837,0.9163,Likely R,,
2026-09-06,NH-Rockingham-16,NH,House,Rockingham-16,7,,Michela Hites,David Lundgren,,Kristine Perez,R,True,False,-5.0,-4.42,-5.51,-2.11,-7.43,-9.83,0.0,5.3,,-17.47,0.1267,0.8733,Likely R,,
2026-09-06,NH-Rockingham-17,NH,House,Rockingham-17,4,,Darryn E. Remillard,Daniel Popovici-Muller,,Charles McMahon,R,True,False,-11.8,-11.08,-11.12,-2.11,-7.43,-4.45,0.0,5.3,,-17.7,0.1235,0.8765,Likely R,,
2026-09-06,NH-Rockingham-18,NH,House,Rockingham-18,2,,,Debra DeSimone,,Debra DeSimone,R,True,False,-15.7,-15.22,-14.62,-2.11,-7.43,-10.83,0.0,5.3,R,-27.57,0.02,0.98,Safe R,,
2026-09-06,NH-Rockingham-19,NH,House,Rockingham-19,1,,,Susan Porcelli,,Susan Porcelli,R,True,False,-2.0,-1.55,-3.08,-2.11,-7.43,-4.6,0.0,5.3,R,-9.81,0.02,0.98,Safe R,,
2026-09-06,NH-Rockingham-2,NH,House,Rockingham-2,3,,Judith Lindsey,James Spillane,,Jason Osborne,R,True,False,-19.0,-19.04,-17.84,-2.11,-7.43,-2.73,0.0,5.3,,-22.7,0.0688,0.9312,Likely R,,
2026-09-06,NH-Rockingham-20,NH,House,Rockingham-20,3,,,Charles R. Melvin Sr.,,Robert Harb,R,True,False,-18.1,-17.04,-16.15,-2.11,-7.43,0.23,-5.0,5.3,R,-23.05,0.02,0.98,Safe R,,
2026-09-06,NH-Rockingham-21,NH,House,Rockingham-21,1,,,,,Jennifer Mandelbaum,D,False,False,35.0,35.45,28.12,-2.11,0.0,0.0,0.0,5.3,,33.42,0.9856,0.0144,Safe D,,
2026-09-06,NH-Rockingham-22,NH,House,Rockingham-22,1,,Rebecca Audet,,,Kate Murray,D,False,True,48.3,49.26,39.77,-2.11,0.0,0.0,0.0,5.3,D,45.07,0.98,0.02,Safe D,,
2026-09-06,NH-Rockingham-23,NH,House,Rockingham-23,1,,,,,Jim Maggiore,D,False,False,14.9,14.4,10.37,-2.11,0.0,0.0,0.0,5.3,,15.67,0.8473,0.1527,Likely D,,
2026-09-06,NH-Rockingham-24,NH,House,Rockingham-24,2,,Dennis Malloy,,,Dennis Malloy,D,True,False,18.3,19.31,14.51,-2.11,7.43,-3.1,0.0,5.3,D,24.14,0.98,0.02,Safe D,,
2026-09-06,NH-Rockingham-25,NH,House,Rockingham-25,9,,Claudia DeFuria,Dennis Mannion,,Joe Sweeney,R,True,False,-18.8,-17.95,-16.92,-2.11,-7.43,-5.93,0.0,5.3,,-24.98,0.0512,0.9488,Likely R,,
2026-09-06,NH-Rockingham-26,NH,House,Rockingham-26,1,,Buzz Scherr,,,Buzz Scherr,D,True,False,32.0,33.75,26.69,-2.11,7.43,0.0,5.0,5.3,D,44.42,0.98,0.02,Safe D,,
2026-09-06,NH-Rockingham-27,NH,House,Rockingham-27,1,,Gerald W.R. Ward,,,Gerald W.R. Ward,D,True,False,25.3,27.46,21.38,-2.11,7.43,0.0,5.0,5.3,D,39.11,0.98,0.02,Safe D,,
2026-09-06,NH-Rockingham-28,NH,House,Rockingham-28,1,,,,,Carrie Sorensen,D,False,False,53.0,54.68,44.34,-2.11,0.0,0.0,0.0,5.3,,49.64,0.9994,0.0006,Safe D,,
2026-09-06,NH-Rockingham-29,NH,House,Rockingham-29,4,,Molly McCoy,Nicholas Bridle,,Chris Muns,D,True,False,6.5,6.64,3.82,-2.11,7.43,-0.82,0.0,5.3,,15.74,0.8483,0.1517,Likely D,,
2026-09-06,NH-Rockingham-3,NH,House,Rockingham-3,1,,Charles R. Heuer,,,Mary Ford,R,False,True,-18.6,-18.13,-17.07,-2.11,0.0,0.0,0.0,5.3,D,-11.77,0.98,0.02,Safe D,,
2026-09-06,NH-Rockingham-30,NH,House,Rockingham-30,2,,,Aboul B. Khan,,Aboul Khan,R,False,True,-22.5,-21.19,-19.65,-2.11,0.0,-1.3,0.0,5.3,R,-15.64,0.02,0.98,Safe R,,
2026-09-06,NH-Rockingham-31,NH,House,Rockingham-31,2,,Peter Boudreau,Jess Edwards,,Jess Edwards,R,True,False,-19.1,,-16.64,-2.11,-7.43,0.0,-5.0,5.3,,-23.77,0.06,0.94,Likely R,,
2026-09-06,NH-Rockingham-32,NH,House,Rockingham-32,1,,,Melissa A. Litchfield,,Melissa A. Litchfield,R,True,False,-14.3,,-12.59,-2.11,-7.43,0.0,-5.0,5.3,R,-19.72,0.02,0.98,Safe R,,
2026-09-06,NH-Rockingham-33,NH,House,Rockingham-33,1,,,,,Alexis Simpson,D,False,False,29.2,,24.1,-2.11,0.0,0.0,0.0,5.3,,29.4,0.9727,0.0273,Safe D,,
2026-09-06,NH-Rockingham-34,NH,House,Rockingham-34,1,,,Mark A. Pearson,,Mark A. Pearson,R,True,False,-17.2,,-15.04,-2.11,-7.43,0.0,-5.0,5.3,R,-22.17,0.02,0.98,Safe R,,
2026-09-06,NH-Rockingham-35,NH,House,Rockingham-35,1,,,Julius F. Soti,,Julius F. Soti,R,True,False,-7.7,,-7.02,-2.11,-7.43,0.0,-5.0,5.3,R,-14.15,0.02,0.98,Safe R,,
2026-09-06,NH-Rockingham-36,NH,House,Rockingham-36,1,,,,,JD Bernardy,R,False,False,-13.7,,-12.08,-2.11,0.0,0.0,0.0,5.3,,-6.78,0.3286,0.6714,Lean R,,
2026-09-06,NH-Rockingham-37,NH,House,Rockingham-37,1,,Kate Cook,,,James D. Meuse,D,False,True,42.1,,34.98,-2.11,0.0,0.0,0.0,5.3,D,40.28,0.98,0.02,Safe D,,
2026-09-06,NH-Rockingham-38,NH,House,Rockingham-38,1,,Peggy Balboni,,,Peggy Balboni,D,True,False,17.4,,14.15,-2.11,7.43,0.0,5.0,5.3,D,31.88,0.98,0.02,Safe D,,
2026-09-06,NH-Rockingham-4,NH,House,Rockingham-4,3,,,Brian Nadeau,,Mike Drago,R,True,False,-23.3,-22.66,-20.89,-2.11,-7.43,-1.92,0.0,5.3,R,-24.95,0.02,0.98,Safe R,,
2026-09-06,NH-Rockingham-5,NH,House,Rockingham-5,2,,Mark Vallone,Trevor Morse,,Mark Vallone,D,True,False,-11.6,-10.65,-10.76,-2.11,7.43,0.98,0.0,5.3,,2.94,0.5763,0.4237,Toss-up,,
2026-09-06,NH-Rockingham-6,NH,House,Rockingham-6,1,,,Allen Cook,,Eric S. Turer,D,False,True,2.5,2.52,0.35,-2.11,0.0,-0.46,0.0,5.3,R,5.19,0.02,0.98,Safe R,,
2026-09-06,NH-Rockingham-7,NH,House,Rockingham-7,1,,JJ DeFeo,Laurence Miner,,Laurence Miner,R,True,False,-19.6,-19.52,-18.24,-2.11,-7.43,0.0,-5.0,5.3,,-25.37,0.0485,0.9515,Safe R,,
2026-09-06,NH-Rockingham-8,NH,House,Rockingham-8,1,,,Sayra DeVito,,Sayra DeVito,R,True,False,-26.2,-25.67,-23.43,-2.11,-7.43,0.0,-5.0,5.3,R,-30.56,0.02,0.98,Safe R,,
2026-09-06,NH-Rockingham-9,NH,House,Rockingham-9,2,,,Don Selby,,Donald Selby,R,False,True,-24.8,-23.56,-21.65,-2.11,0.0,0.0,0.0,5.3,R,-16.35,0.02,0.98,Safe R,,
2026-09-06,NH-Strafford-1,NH,House,Strafford-1,2,,,Andy Dow,,Susan DeLemus,R,False,True,-22.6,-21.88,-20.23,-2.11,0.0,0.0,0.0,5.3,R,-14.93,0.02,0.98,Safe R,,
2026-09-06,NH-Strafford-10,NH,House,Strafford-10,4,,Loren Selig,,,Marjorie Smith,D,True,False,44.9,47.33,38.14,-2.11,7.43,12.44,0.0,5.3,D,63.31,0.98,0.02,Safe D,,
2026-09-06,NH-Strafford-11,NH,House,Strafford-11,3,,Erik Johnson,Monique Meadows,,Janet Wall,D,True,False,29.0,29.37,22.99,-2.11,7.43,-0.41,0.0,5.3,,35.31,0.9895,0.0105,Safe D,,
2026-09-06,NH-Strafford-12,NH,House,Strafford-12,4,,Myles England,,,Billie Butler,D,True,False,11.7,11.9,8.26,-2.11,7.43,-0.09,5.0,5.3,D,25.9,0.98,0.02,Safe D,,
2026-09-06,NH-Strafford-13,NH,House,Strafford-13,1,,Peter Bixby,Daniel Furman,,Peter Bixby,D,True,False,18.4,20.4,15.43,-2.11,7.43,-9.24,0.0,5.3,,18.93,0.8921,0.1079,Likely D,,
2026-09-06,NH-Strafford-14,NH,House,Strafford-14,1,,,,,Peter Schmidt,D,False,False,45.9,46.65,37.56,-2.11,0.0,0.0,0.0,5.3,,42.86,0.9975,0.0025,Safe D,,
2026-09-06,NH-Strafford-15,NH,House,Strafford-15,1,,Samuel Chouinard,,,Alice Wade,D,False,True,40.9,41.63,33.33,-2.11,0.0,0.0,0.0,5.3,D,38.63,0.98,0.02,Safe D,,
2026-09-06,NH-Strafford-16,NH,House,Strafford-16,1,,Gary R. Gilmore,,,Gary R. Gilmore,D,True,False,24.2,26.17,20.29,-2.11,7.43,-3.26,0.0,5.3,D,29.76,0.98,0.02,Safe D,,
2026-09-06,NH-Strafford-17,NH,House,Strafford-17,1,,Jessica F. LaMontagne,,,Jessica F. LaMontagne,D,True,False,27.6,27.06,21.04,-2.11,7.43,0.1,5.0,5.3,D,38.88,0.98,0.02,Safe D,,
2026-09-06,NH-Strafford-18,NH,House,Strafford-18,1,,Thom Flynn,Michael Harrington,,Michael Harrington,R,True,False,-5.6,,-5.25,-2.11,-7.43,0.0,-5.0,5.3,,-12.38,0.209,0.791,Likely R,,
2026-09-06,NH-Strafford-19,NH,House,Strafford-19,3,,Jonathan J. King,Samuel Farrington,,David Walker,R,False,True,-2.5,,-2.64,-2.11,0.0,-2.45,0.0,5.3,,0.21,0.5054,0.4946,Toss-up,,
2026-09-06,NH-Strafford-2,NH,House,Strafford-2,3,,Larry Brown,Glenn Bailey,,Glenn Bailey,R,True,False,-15.8,-14.84,-14.29,-2.11,-7.43,-0.69,0.0,5.3,,-17.12,0.1315,0.8685,Likely R,,
2026-09-06,NH-Strafford-20,NH,House,Strafford-20,1,,Allan Howland,John Colford,,Allan Howland,D,True,False,29.4,,24.27,-2.11,7.43,0.0,5.0,5.3,,42.0,0.997,0.003,Safe D,,
2026-09-06,NH-Strafford-21,NH,House,Strafford-21,3,,Geoff Smith,,,Luz Bay,D,True,False,31.7,,26.21,-2.11,7.43,0.0,5.0,5.3,D,43.94,0.98,0.02,Safe D,,
2026-09-06,NH-Strafford-3,NH,House,Strafford-3,1,,,,,Susan DeRoy,R,False,False,-25.9,-25.59,-23.36,-2.11,0.0,0.0,0.0,5.3,,-18.06,0.1188,0.8812,Likely R,,
2026-09-06,NH-Strafford-4,NH,House,Strafford-4,3,,Ginna Schonwald,JoAnne Hack,,Len Turcotte,R,False,True,1.2,1.45,-0.56,-2.11,0.0,0.0,0.0,5.3,,4.74,0.6218,0.3782,Lean D,,
2026-09-06,NH-Strafford-5,NH,House,Strafford-5,1,,,,,Thomas L. Kaczynski, Jr.,R,False,False,0.5,-0.86,-2.5,-2.11,0.0,0.0,0.0,5.3,,2.8,0.5726,0.4274,Toss-up,,
2026-09-06,NH-Strafford-6,NH,House,Strafford-6,1,,Daniel Fitzpatrick,Denise DeDe-Poulin,,Denise DeDe-Poulin,R,True,False,-2.0,-2.96,-4.27,-2.11,-7.43,-0.79,0.0,5.3,,-7.19,0.3191,0.6809,Lean R,,
2026-09-06,NH-Strafford-7,NH,House,Strafford-7,1,,,,,Aidan K. Ankarberg,I,False,False,-9.2,-8.64,-9.07,-2.11,0.0,0.0,0.0,5.3,,-3.77,0.4027,0.5973,Toss-up,,
2026-09-06,NH-Strafford-8,NH,House,Strafford-8,1,,Ty Wyman,David Walker,,Samuel Farrington,R,False,True,-3.1,-1.84,-3.33,-2.11,0.0,0.0,0.0,5.3,,1.97,0.5512,0.4488,Toss-up,,
2026-09-06,NH-Strafford-9,NH,House,Strafford-9,1,,,Robert Qua,,Amy Malone,D,False,True,2.3,2.38,0.23,-2.11,0.0,0.0,0.0,5.3,R,5.53,0.02,0.98,Safe R,,
2026-09-06,NH-Sullivan-1,NH,House,Sullivan-1,1,,Brian M. Sullivan,,,Brian M. Sullivan,D,True,False,36.4,36.57,29.06,-2.11,7.43,-1.65,0.0,5.3,D,40.14,0.98,0.02,Safe D,,
2026-09-06,NH-Sullivan-2,NH,House,Sullivan-2,1,,Jenny Ramsey,,,William Palmer,D,False,True,29.3,30.08,23.59,-2.11,0.0,0.0,0.0,5.3,D,28.89,0.98,0.02,Safe D,,
2026-09-06,NH-Sullivan-3,NH,House,Sullivan-3,3,,Timothy Fitzpatrick,Skip Rollins,,Skip Rollins,R,True,False,-17.4,-16.22,-15.46,-2.11,-7.43,-16.11,0.0,5.3,,-33.71,0.0138,0.9862,Safe R,,
2026-09-06,NH-Sullivan-4,NH,House,Sullivan-4,1,,Christopher J. Salmon,Ron Rule,,Judy Aron,R,False,True,-15.3,-15.01,-14.44,-2.11,0.0,0.0,0.0,5.3,,-9.14,0.275,0.725,Lean R,,
2026-09-06,NH-Sullivan-5,NH,House,Sullivan-5,1,,Judith M. Thackaberry,George C. Grant,,George C. Grant,R,True,False,4.7,4.42,1.95,-2.11,-7.43,-1.88,0.0,5.3,,-2.06,0.4464,0.5536,Toss-up,,
2026-09-06,NH-Sullivan-6,NH,House,Sullivan-6,3,,John R. Cloutier,,,Dale Girard,D,True,False,-6.1,-4.93,-5.94,-2.11,7.43,4.86,0.0,5.3,D,11.66,0.98,0.02,Safe D,,
2026-09-06,NH-Sullivan-7,NH,House,Sullivan-7,1,,Lawrence A. Schissel,M. Drye,,M. Drye,R,True,False,-5.5,,-5.17,-2.11,-7.43,0.0,-5.0,5.3,,-12.3,0.2106,0.7894,Likely R,,
2026-09-06,NH-Sullivan-8,NH,House,Sullivan-8,2,,Samuel Deering,,,Hope Damon,D,False,True,-5.5,,-5.17,-2.11,0.0,0.0,0.0,5.3,D,0.13,0.98,0.02,Safe D,,
2026-09-06,NH-SD-1,NH,Senate,SD-1,1,,Cathleen A. Fountain,David Rochefort,,David Rochefort,R,True,False,-8.9,-7.48,-8.09,-2.11,-7.43,-10.59,0.0,5.3,,-20.81,0.0868,0.9132,Likely R,,
2026-09-06,NH-SD-10,NH,Senate,SD-10,1,,Donovan Fenton,,,Donovan Fenton,D,True,False,24.5,26.02,20.17,-2.11,7.43,0.7,0.0,5.3,D,33.6,0.98,0.02,Safe D,,
2026-09-06,NH-SD-11,NH,Senate,SD-11,1,,Shannon Chandley,Tim McGough,,Tim McGough,R,True,False,6.1,6.33,3.56,-2.11,-7.43,-6.12,0.0,5.3,,-4.69,0.3796,0.6204,Lean R,,
2026-09-06,NH-SD-12,NH,Senate,SD-12,1,,Carryl L. Roy,Kevin Avard,,Kevin Avard,R,True,False,0.7,2.16,0.04,-2.11,-7.43,-2.64,0.0,5.3,,-4.73,0.3786,0.6214,Lean R,,
2026-09-06,NH-SD-13,NH,Senate,SD-13,1,,Laura Telerski,Daniel Paul,,Lucinda Rosenwald,D,False,True,13.6,15.65,11.42,-2.11,0.0,-1.79,0.0,5.3,,14.93,0.8356,0.1644,Likely D,,
2026-09-06,NH-SD-14,NH,Senate,SD-14,1,,Timothy T. Wyatt,Sharon Carson,,Sharon Carson,R,True,False,-8.9,-8.45,-8.91,-2.11,-7.43,-11.43,0.0,5.3,,-22.47,0.0709,0.9291,Likely R,,
2026-09-06,NH-SD-15,NH,Senate,SD-15,1,,Tara Reardon,Dennis Blankenbeker,,Tara Reardon,D,True,False,25.3,26.27,20.38,-2.11,7.43,-2.24,0.0,5.3,,30.87,0.9782,0.0218,Safe D,,
2026-09-06,NH-SD-16,NH,Senate,SD-16,1,,Dave DePuy,Keith Murphy,,Keith Murphy,R,True,False,-5.3,-5.15,-6.12,-2.11,-7.43,-1.41,0.0,5.3,,-9.66,0.2638,0.7362,Lean R,,
2026-09-06,NH-SD-17,NH,Senate,SD-17,1,,Robert Lawliss,Howard Pearl,,Howard Pearl,R,True,False,-13.1,-12.34,-12.18,-2.11,-7.43,-0.46,0.0,5.3,,-14.77,0.1671,0.8329,Likely R,,
2026-09-06,NH-SD-18,NH,Senate,SD-18,1,,Leonard Bell,Victoria Sullivan,,Victoria Sullivan,R,True,False,-1.4,-0.07,-1.84,-2.11,-7.43,-0.62,0.0,5.3,,-4.59,0.3821,0.6179,Lean R,,
2026-09-06,NH-SD-19,NH,Senate,SD-19,1,,Michelle Moge,Regina Birdsell,,Regina Birdsell,R,True,False,-13.1,-12.38,-12.22,-2.11,-7.43,-5.56,0.0,5.3,,-19.92,0.0964,0.9036,Likely R,,
2026-09-06,NH-SD-2,NH,Senate,SD-2,1,,Kurt Webber,Timothy Lang, Sr.,,Timothy Lang, Sr.,R,True,False,-5.2,-4.92,-5.93,-2.11,-7.43,-5.48,0.0,5.3,,-13.54,0.188,0.812,Likely R,,
2026-09-06,NH-SD-20,NH,Senate,SD-20,1,,Pat T. Long,Patrick Binder,,Pat T. Long,D,True,False,10.6,12.21,8.52,-2.11,7.43,0.66,0.0,5.3,,21.9,0.924,0.076,Likely D,,
2026-09-06,NH-SD-21,NH,Senate,SD-21,1,,Rebecca Perkins Kwoka,,,Rebecca Perkins Kwoka,D,True,False,37.5,38.92,31.04,-2.11,7.43,-1.21,0.0,5.3,D,42.57,0.98,0.02,Safe D,,
2026-09-06,NH-SD-22,NH,Senate,SD-22,1,,Chris Tardif,Daryl Abbas,,Daryl Abbas,R,True,False,-19.9,-19.04,-17.84,-2.11,-7.43,-2.47,0.0,5.3,,-22.43,0.0712,0.9288,Likely R,,
2026-09-06,NH-SD-23,NH,Senate,SD-23,1,,,Bill Gannon,,Bill Gannon,R,True,False,-16.4,-15.71,-15.02,-2.11,-7.43,-0.64,0.0,5.3,R,-17.8,0.02,0.98,Safe R,,
2026-09-06,NH-SD-24,NH,Senate,SD-24,1,,Debra Altschiller,Louis Gargiulo,,Debra Altschiller,D,True,False,17.9,18.08,13.47,-2.11,7.43,-7.57,0.0,5.3,,18.64,0.8885,0.1115,Likely D,,
2026-09-06,NH-SD-3,NH,Senate,SD-3,1,,Bobbi Boudman,Mark McConkey,,Mark McConkey,R,True,False,-4.6,-4.05,-5.19,-2.11,-7.43,-3.29,0.0,5.3,,-10.62,0.2438,0.7562,Likely R,,
2026-09-06,NH-SD-4,NH,Senate,SD-4,1,,David Watters,Shawn Mickelonis,,David Watters,D,True,False,21.2,21.6,16.44,-2.11,7.43,-0.34,5.0,5.3,,33.83,0.9865,0.0135,Safe D,,
2026-09-06,NH-SD-5,NH,Senate,SD-5,1,,Sue Prentiss,Conrad Schoeffter,,Sue Prentiss,D,True,False,38.9,40.1,32.04,-2.11,7.43,0.0,5.0,5.3,,49.77,0.9994,0.0006,Safe D,,
2026-09-06,NH-SD-6,NH,Senate,SD-6,1,,Cecil Abels,James Gray,,James Gray,R,True,False,-11.2,-11.1,-11.14,-2.11,-7.43,-1.34,0.0,5.3,,-14.61,0.1696,0.8304,Likely R,,
2026-09-06,NH-SD-7,NH,Senate,SD-7,1,,Rebecca Harned,Dan Innis,,Dan Innis,R,True,False,-6.8,-5.97,-6.81,-2.11,-7.43,-1.75,0.0,5.3,,-10.69,0.2422,0.7578,Likely R,,
2026-09-06,NH-SD-8,NH,Senate,SD-8,1,,David Trumble,Jim Creighton,,Ruth Ward,R,False,True,-11.5,-10.86,-10.93,-2.11,0.0,-2.93,0.0,5.3,,-8.56,0.2878,0.7122,Lean R,,
2026-09-06,NH-SD-9,NH,Senate,SD-9,1,,Matthew McLaughlin,Denise Ricciardi,,Denise Ricciardi,R,True,False,-0.9,-0.39,-2.11,-2.11,-7.43,-2.03,0.0,5.3,,-6.26,0.3411,0.6589,Lean R,,
2026-09-06,NM-HD-1,NM,House,HD-1,1,,,Rod Montoya,,Rod Montoya,R,True,False,-49.6,-51.62,-40.68,3.39,-7.43,0.0,-5.0,5.3,R,-47.81,0.02,0.98,Safe R,,
2026-09-06,NM-HD-10,NM,House,HD-10,1,,Andrés Romero,Christopher P Crane,,Andrés Romero,D,True,False,13.0,16.66,16.91,3.39,7.43,0.0,5.0,5.3,,34.64,0.9883,0.0117,Safe D,,
2026-09-06,NM-HD-11,NM,House,HD-11,1,,Javier Martínez,,,Javier Martínez,D,True,False,48.6,51.58,46.36,3.39,7.43,0.0,5.0,5.3,D,64.09,0.98,0.02,Safe D,,
2026-09-06,NM-HD-12,NM,House,HD-12,1,,Art De La Cruz,Steven E Tafoya,,Art De La Cruz,D,True,False,17.8,23.04,22.3,3.39,7.43,0.0,5.0,5.3,,40.03,0.9956,0.0044,Safe D,,
2026-09-06,NM-HD-13,NM,House,HD-13,1,,Pat Roybal Caballero,,,Pat Roybal Caballero,D,True,False,12.7,18.3,18.3,3.39,7.43,0.0,5.0,5.3,D,36.03,0.98,0.02,Safe D,,
2026-09-06,NM-HD-14,NM,House,HD-14,1,,Miguel García,Richard Victor Zubia,,Miguel García,D,True,False,34.5,39.51,36.18,3.39,7.43,0.0,5.0,5.3,,53.91,0.9998,0.0002,Safe D,,
2026-09-06,NM-HD-15,NM,House,HD-15,1,,Day Hochman-Vigil,,,Day Hochman-Vigil,D,True,False,27.5,29.01,27.33,3.39,7.43,0.0,5.0,5.3,D,45.06,0.98,0.02,Safe D,,
2026-09-06,NM-HD-16,NM,House,HD-16,1,,Yanira Gurrola,,,Yanira Gurrola,D,True,False,19.6,21.9,21.33,3.39,7.43,0.0,5.0,5.3,D,39.06,0.98,0.02,Safe D,,
2026-09-06,NM-HD-17,NM,House,HD-17,1,,Cynthia Borrego,Brenda Diane Boatman,,Cynthia Borrego,D,True,False,11.1,11.28,12.38,3.39,7.43,-2.3,0.0,5.3,,22.81,0.9321,0.0679,Likely D,,
2026-09-06,NM-HD-18,NM,House,HD-18,1,,Marianna Anaya,,,Marianna Anaya,D,True,False,65.2,68.02,60.23,3.39,7.43,0.0,5.0,5.3,D,77.96,0.98,0.02,Safe D,,
2026-09-06,NM-HD-19,NM,House,HD-19,1,,Janelle Anyanonu,,,Janelle Anyanonu,D,True,False,43.3,45.74,41.44,3.39,7.43,-1.38,0.0,5.3,D,52.79,0.98,0.02,Safe D,,
2026-09-06,NM-HD-2,NM,House,HD-2,1,,,Mark Duncan,,Mark Duncan,R,True,False,-38.5,-39.13,-30.14,3.39,-7.43,-2.34,0.0,5.3,R,-34.62,0.02,0.98,Safe R,,
2026-09-06,NM-HD-20,NM,House,HD-20,1,,Meredith Dixon,,,Meredith Dixon,D,True,False,16.1,15.51,15.94,3.39,7.43,-2.42,0.0,5.3,D,26.25,0.98,0.02,Safe D,,
2026-09-06,NM-HD-21,NM,House,HD-21,1,,Debra Marie Sarinana,Robert Mason,,Debbie Sariñana,D,False,True,18.7,19.28,19.13,3.39,0.0,0.0,0.0,5.3,,24.43,0.9449,0.0551,Likely D,,
2026-09-06,NM-HD-22,NM,House,HD-22,1,,William Scott,Stefani Lord,Zachary P Withers,Stefani Lord,R,True,False,-10.3,-10.51,-6.0,3.39,-7.43,-0.07,-5.0,5.3,,-13.2,0.194,0.806,Likely R,,
2026-09-06,NM-HD-23,NM,House,HD-23,1,,,Alan Martinez,,Alan Martinez,R,True,False,-2.8,-3.57,-0.15,3.39,-7.43,-1.3,0.0,5.3,R,-3.58,0.02,0.98,Safe R,,
2026-09-06,NM-HD-24,NM,House,HD-24,1,,Liz Thomson,,,Liz Thomson,D,True,False,22.1,21.71,21.17,3.39,7.43,0.0,5.0,5.3,D,38.9,0.98,0.02,Safe D,,
2026-09-06,NM-HD-25,NM,House,HD-25,1,,Cristina Parajón,Denis Litvinenko,,Cristina Parajón,D,True,False,38.5,39.61,36.27,3.39,7.43,-0.32,5.0,5.3,,53.68,0.9998,0.0002,Safe D,,
2026-09-06,NM-HD-26,NM,House,HD-26,1,,Eleanor Chávez,Corey Rubin Zimmerman,,Eleanor Chávez,D,True,False,14.1,17.97,18.02,3.39,7.43,0.0,5.0,5.3,,35.75,0.9903,0.0097,Safe D,,
2026-09-06,NM-HD-27,NM,House,HD-27,1,,Abby Christine Foster,Jahnelle Louise Garcia,,Marian Matthews,D,False,True,15.6,14.84,15.38,3.39,0.0,0.0,0.0,5.3,,20.68,0.9119,0.0881,Likely D,,
2026-09-06,NM-HD-28,NM,House,HD-28,1,,Pamelya Herndon,Brenda J Olson,,Pamelya Herndon,D,True,False,15.8,14.93,15.45,3.39,7.43,-3.71,0.0,5.3,,24.48,0.9453,0.0547,Likely D,,
2026-09-06,NM-HD-29,NM,House,HD-29,1,,Joy Garratt,Carolyn Stith,,Joy Garratt,D,True,False,11.7,12.5,13.4,3.39,7.43,-2.74,0.0,5.3,,23.4,0.937,0.063,Likely D,,
2026-09-06,NM-HD-3,NM,House,HD-3,1,,,William A Hall II,,Bill Hall,R,False,True,-52.1,-53.76,-42.48,3.39,0.0,0.0,0.0,5.3,R,-37.18,0.02,0.98,Safe R,,
2026-09-06,NM-HD-30,NM,House,HD-30,1,,Elizabeth Torres-Velasquez,Jerry L Trujillo,,Elizabeth Torres-Velasquez,D,True,False,15.7,15.51,15.94,3.39,7.43,0.0,5.0,5.3,,33.67,0.9862,0.0138,Safe D,,
2026-09-06,NM-HD-31,NM,House,HD-31,1,,Lisa K Curtis,Nicole Chavez,,Nicole Chavez,R,True,False,8.8,7.37,9.08,3.39,-7.43,-3.71,0.0,5.3,,3.24,0.584,0.416,Toss-up,,
2026-09-06,NM-HD-32,NM,House,HD-32,1,,Laura Mairel Parra,Jenifer Jones,,Jenifer Jones,R,True,False,-19.4,-16.35,-10.93,3.39,-7.43,5.09,0.0,5.3,,-7.97,0.3011,0.6989,Lean R,,
2026-09-06,NM-HD-33,NM,House,HD-33,1,,Micaela Cadena,Enrique Kiki Vigil,,Micaela Cadena,D,True,False,16.6,19.0,18.89,3.39,7.43,0.0,5.0,5.3,,36.62,0.9917,0.0083,Safe D,,
2026-09-06,NM-HD-34,NM,House,HD-34,1,,Ray Lara,,,Ray Lara,D,True,False,7.6,13.64,14.37,3.39,7.43,0.0,5.0,5.3,D,32.1,0.98,0.02,Safe D,,
2026-09-06,NM-HD-35,NM,House,HD-35,1,,Angelica Rubio,,,Angelica Rubio,D,True,False,16.1,18.55,18.51,3.39,7.43,-1.11,0.0,5.3,D,30.13,0.98,0.02,Safe D,,
2026-09-06,NM-HD-36,NM,House,HD-36,1,,Nathan Small,Julia E Ruiz,,Nathan Small,D,True,False,3.1,4.61,6.75,3.39,7.43,-0.86,0.0,5.3,,18.62,0.8883,0.1117,Likely D,,
2026-09-06,NM-HD-37,NM,House,HD-37,1,,Lori A Martinez,Isabella Solis,,Joanne Ferrary,D,False,True,13.7,14.84,15.38,3.39,0.0,-3.66,0.0,5.3,,17.03,0.8672,0.1328,Likely D,,
2026-09-06,NM-HD-38,NM,House,HD-38,1,,David L Mooney,Rebecca Dow,,Rebecca Dow,R,True,False,-4.2,-1.95,1.22,3.39,-7.43,-7.35,0.0,5.3,,-8.26,0.2945,0.7055,Lean R,,
2026-09-06,NM-HD-39,NM,House,HD-39,1,,Raul S Turrieta,Luis Terrazas,,Luis Terrazas,R,True,False,4.2,4.2,6.41,3.39,-7.43,-3.49,0.0,5.3,,0.78,0.5204,0.4796,Toss-up,,
2026-09-06,NM-HD-4,NM,House,HD-4,1,,,Heather Scott Ellison,,,,False,True,3.9,6.59,8.42,3.39,0.0,0.0,0.0,5.3,R,13.72,0.02,0.98,Safe R,,
2026-09-06,NM-HD-40,NM,House,HD-40,1,,Joseph Sanchez,Landon Mcguire Dooley,,Joseph Sanchez,D,True,False,10.9,14.79,15.34,3.39,7.43,10.69,0.0,5.3,,38.76,0.9944,0.0056,Safe D,,
2026-09-06,NM-HD-41,NM,House,HD-41,1,,Yolanda R Jaramillo,,,Susan Herrera,D,False,True,19.7,23.91,23.02,3.39,0.0,0.0,0.0,5.3,D,28.32,0.98,0.02,Safe D,,
2026-09-06,NM-HD-42,NM,House,HD-42,1,,Kristina Ortez,,,Kristina Ortez,D,True,False,46.6,49.98,45.02,3.39,7.43,-1.93,0.0,5.3,D,55.82,0.98,0.02,Safe D,,
2026-09-06,NM-HD-43,NM,House,HD-43,1,,Chris Chandler,,,Chris Chandler,D,True,False,28.4,29.44,27.69,3.39,7.43,0.0,5.0,5.3,D,45.42,0.98,0.02,Safe D,,
2026-09-06,NM-HD-44,NM,House,HD-44,1,,Kathleen Cates,Adam Stanley Prior,,Kathleen Cates,D,True,False,8.6,8.61,10.12,3.39,7.43,-2.46,0.0,5.3,,20.4,0.9089,0.0911,Likely D,,
2026-09-06,NM-HD-45,NM,House,HD-45,1,,Linda Serrato,,,Linda Serrato,D,True,False,49.2,52.2,46.89,3.39,7.43,0.0,5.0,5.3,D,64.62,0.98,0.02,Safe D,,
2026-09-06,NM-HD-46,NM,House,HD-46,1,,Andrea Romero,,,Andrea Romero,D,True,False,51.7,54.88,49.15,3.39,7.43,-1.47,0.0,5.3,D,60.41,0.98,0.02,Safe D,,
2026-09-06,NM-HD-47,NM,House,HD-47,1,,Reena Szczepanski,,,Reena Szczepanski,D,True,False,63.2,64.86,57.56,3.39,7.43,0.0,5.0,5.3,D,75.3,0.98,0.02,Safe D,,
2026-09-06,NM-HD-48,NM,House,HD-48,1,,Tara Luján,Victoria May Garcia,,Tara Luján,D,True,False,55.1,58.4,52.12,3.39,7.43,0.0,5.0,5.3,,69.85,1.0,0.0,Safe D,,
2026-09-06,NM-HD-49,NM,House,HD-49,1,,,Gail Armstrong,,Gail Armstrong,R,True,False,-23.0,-22.83,-16.39,3.39,-7.43,0.0,-5.0,5.3,R,-23.52,0.02,0.98,Safe R,,
2026-09-06,NM-HD-5,NM,House,HD-5,1,,Doreen Wonda Johnson,,,Doreen Wonda Johnson,D,True,False,30.3,34.68,32.11,3.39,7.43,0.0,5.0,5.3,D,49.84,0.98,0.02,Safe D,,
2026-09-06,NM-HD-50,NM,House,HD-50,1,,Sarah Boses,Kenneth Brennan,,Matthew McQueen,D,False,True,24.9,25.29,24.19,3.39,0.0,0.0,0.0,5.3,,29.49,0.9731,0.0269,Safe D,,
2026-09-06,NM-HD-51,NM,House,HD-51,1,,,John Block,Grace A Nagamine,John Block,R,True,False,-22.6,-23.82,-17.23,3.39,-7.43,-1.19,0.0,5.3,R,-20.55,0.02,0.98,Safe R,,
2026-09-06,NM-HD-52,NM,House,HD-52,1,,Doreen Gallegos,,,Doreen Gallegos,D,True,False,16.8,20.77,20.38,3.39,7.43,0.0,5.0,5.3,D,38.11,0.98,0.02,Safe D,,
2026-09-06,NM-HD-53,NM,House,HD-53,1,,Sarah Silva,Benjamin Luna,,Sarah Silva,D,True,False,1.5,3.95,6.2,3.39,7.43,0.0,5.0,5.3,,23.93,0.9412,0.0588,Likely D,,
2026-09-06,NM-HD-54,NM,House,HD-54,1,,,Jon Henry,,Jon Henry,R,True,False,-55.2,-55.88,-44.27,3.39,-7.43,0.0,-5.0,5.3,R,-51.4,0.02,0.98,Safe R,,
2026-09-06,NM-HD-55,NM,House,HD-55,1,,,Cathrynn Brown,,Cathrynn Brown,R,True,False,-56.0,-55.1,-43.61,3.39,-7.43,0.0,-5.0,5.3,R,-50.74,0.02,0.98,Safe R,,
2026-09-06,NM-HD-56,NM,House,HD-56,1,,,Harlan Vincent,,Harlan Vincent,R,True,False,-37.3,-37.65,-28.89,3.39,-7.43,0.0,-5.0,5.3,R,-36.02,0.02,0.98,Safe R,,
2026-09-06,NM-HD-57,NM,House,HD-57,1,,Chriselle Verene Martinez,Catherine Cullen,,Catherine Cullen,R,True,False,-0.6,-0.31,2.6,3.39,-7.43,0.0,-5.0,5.3,,-4.53,0.3836,0.6164,Lean R,,
2026-09-06,NM-HD-58,NM,House,HD-58,1,,,Angelita Mejia,,Angelita Mejia,R,True,False,-38.2,-35.99,-27.49,3.39,-7.43,0.0,-5.0,5.3,R,-34.62,0.02,0.98,Safe R,,
2026-09-06,NM-HD-59,NM,House,HD-59,1,,,Stephen Ryan Dodson,,Mark Murphy,R,False,True,-45.6,-45.79,-35.75,3.39,0.0,0.0,0.0,5.3,R,-30.45,0.02,0.98,Safe R,,
2026-09-06,NM-HD-6,NM,House,HD-6,1,,Martha Garcia,Paul Spencer,,Martha Garcia,D,True,False,14.3,18.31,18.3,3.39,7.43,1.14,0.0,5.3,,32.18,0.9823,0.0177,Safe D,,
2026-09-06,NM-HD-60,NM,House,HD-60,1,,Luke Jungmann,Josh Hernandez,,Josh Hernandez,R,True,False,-6.4,-6.01,-2.21,3.39,-7.43,0.0,-5.0,5.3,,-9.34,0.2707,0.7293,Lean R,,
2026-09-06,NM-HD-61,NM,House,HD-61,1,,,Randy Pettigrew,,Randy Pettigrew,R,True,False,-48.6,-46.34,-36.22,3.39,-7.43,0.0,-5.0,5.3,R,-43.35,0.02,0.98,Safe R,,
2026-09-06,NM-HD-62,NM,House,HD-62,1,,,Elaine Sena Cortez,,Elaine Sena Cortez,R,True,False,-65.1,-65.66,-52.52,3.39,-7.43,0.0,-5.0,5.3,R,-59.65,0.02,0.98,Safe R,,
2026-09-06,NM-HD-63,NM,House,HD-63,1,,,Seth H Martin,,Martin Zamora,R,False,True,-26.0,-23.79,-17.21,3.39,0.0,0.0,0.0,5.3,R,-11.91,0.02,0.98,Safe R,,
2026-09-06,NM-HD-64,NM,House,HD-64,1,,,Andi Reeb,,Andi Reeb,R,True,False,-51.3,-52.74,-41.62,3.39,-7.43,0.0,-5.0,5.3,R,-48.75,0.02,0.98,Safe R,,
2026-09-06,NM-HD-65,NM,House,HD-65,1,,Derrick Lente,,,Derrick Lente,D,True,False,36.6,39.7,36.35,3.39,7.43,1.91,0.0,5.3,D,50.99,0.98,0.02,Safe D,,
2026-09-06,NM-HD-66,NM,House,HD-66,1,,,Leanne Gandy,,Jimmy Mason,R,False,True,-54.5,-53.83,-42.54,3.39,0.0,0.0,0.0,5.3,R,-37.24,0.02,0.98,Safe R,,
2026-09-06,NM-HD-67,NM,House,HD-67,1,,Vincent M Soule,Jack Chatfield,,Jack Chatfield,R,True,False,-40.4,-41.06,-31.77,3.39,-7.43,0.0,-5.0,5.3,,-38.9,0.0055,0.9945,Safe R,,
2026-09-06,NM-HD-68,NM,House,HD-68,1,,Charlotte Little,David Adkins,,Charlotte Little,D,True,False,4.5,5.6,7.58,3.39,7.43,-2.69,0.0,5.3,,17.62,0.8754,0.1246,Likely D,,
2026-09-06,NM-HD-69,NM,House,HD-69,1,,Michelle Abeyta,,,Michelle Abeyta,D,True,False,16.1,20.71,20.33,3.39,7.43,0.0,5.0,5.3,D,38.06,0.98,0.02,Safe D,,
2026-09-06,NM-HD-7,NM,House,HD-7,1,,Rickie Allen Gonzales II,Tanya Moya,,Tanya Moya,R,True,False,-14.1,-11.8,-7.09,3.39,-7.43,0.0,-5.0,5.3,,-14.22,0.1762,0.8238,Likely R,,
2026-09-06,NM-HD-70,NM,House,HD-70,1,,Anita Gonzales,,,Anita Gonzales,D,True,False,16.5,20.54,20.18,3.39,7.43,0.0,5.0,5.3,D,37.92,0.98,0.02,Safe D,,
2026-09-06,NM-HD-8,NM,House,HD-8,1,,Katherine Joanna Gauer,Brian Baca,,Brian Baca,R,True,False,-19.1,-17.87,-12.21,3.39,-7.43,0.0,-5.0,5.3,,-19.34,0.103,0.897,Likely R,,
2026-09-06,NM-HD-9,NM,House,HD-9,1,,Patty Lundstrom,,,Patty Lundstrom,D,True,False,16.9,22.19,21.58,3.39,7.43,0.0,5.0,5.3,D,39.31,0.98,0.02,Safe D,,
2026-09-06,NV-AD-1,NV,Assembly,AD-1,1,,Alexis Esparza,,Tarik Alan Barnes,Daniele Monroe-Moreno,D,False,True,7.8,9.52,9.29,1.5,0.0,0.0,0.0,5.3,D,14.59,0.98,0.02,Safe D,,
2026-09-06,NV-AD-10,NV,Assembly,AD-10,1,,Venise Karris,,,Venise Karris,D,True,False,12.6,15.04,13.95,1.5,7.43,0.0,5.0,5.3,D,31.68,0.98,0.02,Safe D,,
2026-09-06,NV-AD-11,NV,Assembly,AD-11,1,,Cinthia Moore,,,Cinthia Moore,D,True,False,34.6,39.89,34.9,1.5,7.43,1.42,0.0,5.3,D,49.05,0.98,0.02,Safe D,,
2026-09-06,NV-AD-12,NV,Assembly,AD-12,1,,Max Carter,Nancy Roecker,,Max Carter,D,True,False,0.9,3.97,4.61,1.5,7.43,-1.23,0.0,5.3,,16.11,0.8539,0.1461,Likely D,,
2026-09-06,NV-AD-13,NV,Assembly,AD-13,1,,Daniel Andrews,Brian Hibbetts,Gage Beck,Brian Hibbetts,R,True,False,-8.5,-8.58,-5.97,1.5,-7.43,-1.27,0.0,5.3,,-9.37,0.2699,0.7301,Lean R,,
2026-09-06,NV-AD-14,NV,Assembly,AD-14,1,,Erica Mosca,,,Erica Mosca,D,True,False,21.3,25.57,22.83,1.5,7.43,1.85,0.0,5.3,D,37.42,0.98,0.02,Safe D,,
2026-09-06,NV-AD-15,NV,Assembly,AD-15,1,,Miguel Angel Davila Uzcategui,,,Howard Watts,D,False,True,18.8,22.13,19.93,1.5,0.0,0.0,0.0,5.3,D,25.23,0.98,0.02,Safe D,,
2026-09-06,NV-AD-16,NV,Assembly,AD-16,1,,Cecelia González,John Carlo,Jasmine Kurys,Cecelia González,D,True,False,3.7,7.48,7.57,1.5,7.43,0.0,5.0,5.3,,25.3,0.951,0.049,Safe D,,
2026-09-06,NV-AD-17,NV,Assembly,AD-17,1,,Linda Hunt,,,Linda Hunt,D,True,False,25.2,28.86,25.6,1.5,7.43,1.34,0.0,5.3,D,39.67,0.98,0.02,Safe D,,
2026-09-06,NV-AD-18,NV,Assembly,AD-18,1,,Venicia Considine,Crystal Newton,,Venicia Considine,D,True,False,14.9,17.13,15.71,1.5,7.43,0.18,5.0,5.3,,33.63,0.9861,0.0139,Safe D,,
2026-09-06,NV-AD-19,NV,Assembly,AD-19,1,,,Jason Patchett,Zackaraih Lysaght,Jason Patchett,R,True,False,-29.5,-27.66,-22.07,1.5,-7.43,0.0,-5.0,5.3,R,-29.2,0.02,0.98,Safe R,,
2026-09-06,NV-AD-2,NV,Assembly,AD-2,1,,Kamilah Bywaters,Drew Teitelbaum,,Heidi Kasama,R,False,True,-5.6,-4.07,-2.17,1.5,0.0,0.0,0.0,5.3,,3.13,0.5811,0.4189,Toss-up,,
2026-09-06,NV-AD-20,NV,Assembly,AD-20,1,,David Orentlicher,,Stan Vaughan,David Orentlicher,D,True,False,15.3,17.62,16.13,1.5,7.43,-0.1,5.0,5.3,D,33.75,0.98,0.02,Safe D,,
2026-09-06,NV-AD-21,NV,Assembly,AD-21,1,,Elaine Marzola,Patsy Ann Carvalho,Tighe Galvin,Elaine Marzola,D,True,False,1.6,2.73,3.57,1.5,7.43,-0.93,0.0,5.3,,15.37,0.8426,0.1574,Likely D,,
2026-09-06,NV-AD-22,NV,Assembly,AD-22,1,,Shenea Booth,Melissa Hardy,,Melissa Hardy,R,True,False,-11.1,-10.78,-7.83,1.5,-7.43,-1.45,0.0,5.3,,-11.41,0.2278,0.7722,Likely R,,
2026-09-06,NV-AD-23,NV,Assembly,AD-23,1,,Jan Allen Aspelund,Denise Daniels Fanning,,Danielle Gallant,R,False,True,-16.7,-17.18,-13.22,1.5,0.0,0.0,0.0,5.3,,-7.92,0.3022,0.6978,Lean R,,
2026-09-06,NV-AD-24,NV,Assembly,AD-24,1,,Erica Roth,,Andrew Schaefer,Erica Roth,D,True,False,27.4,29.59,26.23,1.5,7.43,0.45,0.0,5.3,D,39.41,0.98,0.02,Safe D,,
2026-09-06,NV-AD-25,NV,Assembly,AD-25,1,,Selena La Rue Hatch,Michael Ginsburg,,Selena La Rue Hatch,D,True,False,12.6,12.89,12.14,1.5,7.43,0.0,5.0,5.3,,29.87,0.9746,0.0254,Safe D,,
2026-09-06,NV-AD-26,NV,Assembly,AD-26,1,,Sam Baugh,Rich DeLong,,Rich DeLong,R,True,False,-6.7,-6.73,-4.41,1.5,-7.43,-4.35,0.0,5.3,,-10.89,0.2382,0.7618,Likely R,,
2026-09-06,NV-AD-27,NV,Assembly,AD-27,1,,Heather Goulding,Veronica Cortes,,Heather Goulding,D,True,False,11.9,13.16,12.36,1.5,7.43,0.01,5.0,5.3,,30.1,0.9755,0.0245,Safe D,,
2026-09-06,NV-AD-28,NV,Assembly,AD-28,1,,Reuben D'Silva,,,Reuben D'Silva,D,True,False,26.8,31.5,27.83,1.5,7.43,0.0,5.0,5.3,D,45.56,0.98,0.02,Safe D,,
2026-09-06,NV-AD-29,NV,Assembly,AD-29,1,,Alex Pereszlenyi,Joseph Thomas Ludwig,,Joe Dalia,D,False,True,3.3,4.83,5.33,1.5,0.0,0.0,0.0,5.3,,10.63,0.7566,0.2434,Likely D,,
2026-09-06,NV-AD-3,NV,Assembly,AD-3,1,,Selena Torres-Fossett,Joseph Philip Silvestri,,Selena Torres-Fossett,D,True,False,8.3,10.33,9.97,1.5,7.43,0.0,5.0,5.3,,27.7,0.965,0.035,Safe D,,
2026-09-06,NV-AD-30,NV,Assembly,AD-30,1,,Natha Anderson,Trista Gomez,,Natha Anderson,D,True,False,10.6,12.56,11.86,1.5,7.43,-1.29,0.0,5.3,,23.3,0.9362,0.0638,Likely D,,
2026-09-06,NV-AD-31,NV,Assembly,AD-31,1,,Neal Schwartz,Jill Dickman,,Jill Dickman,R,True,False,-15.8,-14.91,-11.31,1.5,-7.43,0.33,-5.0,5.3,,-18.11,0.1182,0.8818,Likely R,,
2026-09-06,NV-AD-32,NV,Assembly,AD-32,1,,,Alexis Hansen,,Alexis Hansen,R,True,False,-32.0,-32.31,-25.98,1.5,-7.43,-3.98,0.0,5.3,R,-32.09,0.02,0.98,Safe R,,
2026-09-06,NV-AD-33,NV,Assembly,AD-33,1,,,Bert Gurr,,Bert Gurr,R,True,False,-57.3,-57.93,-47.59,1.5,-7.43,-2.05,0.0,5.3,R,-51.78,0.02,0.98,Safe R,,
2026-09-06,NV-AD-34,NV,Assembly,AD-34,1,,Hanadi Nadeem,Brandon Davis,,Hanadi Nadeem,D,True,False,8.4,10.49,10.11,1.5,7.43,-1.28,0.0,5.3,,21.56,0.9207,0.0793,Likely D,,
2026-09-06,NV-AD-35,NV,Assembly,AD-35,1,,Joseph Spica,Rebecca Edgeworth,,Rebecca Edgeworth,R,True,False,-3.0,-0.68,0.69,1.5,-7.43,-2.11,0.0,5.3,,-3.56,0.4081,0.5919,Toss-up,,
2026-09-06,NV-AD-36,NV,Assembly,AD-36,1,,Jon Penn Junejo,Greg Hafen,,Greg Hafen,R,True,False,-23.7,-24.14,-19.1,1.5,-7.43,0.0,-5.0,5.3,,-26.23,0.0432,0.9568,Safe R,,
2026-09-06,NV-AD-37,NV,Assembly,AD-37,1,,Shea Backus,Jill Douglass,,Shea Backus,D,True,False,0.5,1.35,2.4,1.5,7.43,0.12,5.0,5.3,,20.26,0.9074,0.0926,Likely D,,
2026-09-06,NV-AD-38,NV,Assembly,AD-38,1,,,Gregory Koenig,,Gregory Koenig,R,True,False,-47.6,-48.39,-39.55,1.5,-7.43,0.0,-5.0,5.3,R,-46.68,0.02,0.98,Safe R,,
2026-09-06,NV-AD-39,NV,Assembly,AD-39,1,,Erich Obermayr,Blayne Osborn,,Blayne Osborn,R,True,False,-35.7,-35.57,-28.74,1.5,-7.43,-2.72,0.0,5.3,,-33.59,0.014,0.986,Safe R,,
2026-09-06,NV-AD-4,NV,Assembly,AD-4,1,,Eileen Eady,Lisa Cole,,Lisa Cole,R,True,False,-8.6,-7.4,-4.97,1.5,-7.43,-0.18,-5.0,5.3,,-12.28,0.211,0.789,Likely R,,
2026-09-06,NV-AD-40,NV,Assembly,AD-40,1,,Oscar Fuentes,Julie Ann Butler,,Philip O'Neill,R,False,True,-14.9,-14.88,-11.29,1.5,0.0,0.0,0.0,5.3,,-5.99,0.3477,0.6523,Lean R,,
2026-09-06,NV-AD-41,NV,Assembly,AD-41,1,,Carl Vincent Spotleson,Kelly Chapman,,Sandra Jauregui,D,False,True,-0.5,1.83,2.81,1.5,0.0,1.95,0.0,5.3,,10.06,0.7447,0.2553,Lean D,,
2026-09-06,NV-AD-42,NV,Assembly,AD-42,1,,Tracy Brown-May,Christopher Brandlin,,Tracy Brown-May,D,True,False,5.1,7.32,7.44,1.5,7.43,2.34,0.0,5.3,,22.52,0.9295,0.0705,Likely D,,
2026-09-06,NV-AD-5,NV,Assembly,AD-5,1,,Brittney Miller,Kelly Quinn,,Brittney Miller,D,True,False,2.1,4.67,5.2,1.5,7.43,-0.23,5.0,5.3,,22.71,0.9312,0.0688,Likely D,,
2026-09-06,NV-AD-6,NV,Assembly,AD-6,1,,Jovan Jackson,,Katie Duncan,Jovan Jackson,D,True,False,49.8,53.84,46.68,1.5,7.43,0.0,5.0,5.3,D,64.41,0.98,0.02,Safe D,,
2026-09-06,NV-AD-7,NV,Assembly,AD-7,1,,Cameron Miller,,Anthony Scott Willett,Tanya Flanagan,D,False,True,23.6,26.83,23.89,1.5,0.0,0.0,0.0,5.3,D,29.19,0.98,0.02,Safe D,,
2026-09-06,NV-AD-8,NV,Assembly,AD-8,1,,Duy Nguyen,Joseph Charafi,,Duy Nguyen,D,True,False,2.5,5.04,5.51,1.5,7.43,1.27,0.0,5.3,,19.52,0.8991,0.1009,Likely D,,
2026-09-06,NV-AD-9,NV,Assembly,AD-9,1,,Ryan Hampton,Erica Neely,,Steve Yeager,D,False,True,0.5,2.09,3.03,1.5,0.0,0.8,0.0,5.3,,9.13,0.7248,0.2752,Lean D,,
2026-09-06,NV-SD-10,NV,Senate,SD-10,1,,Fabian Doñate,,,Fabian Doñate,D,True,False,10.1,13.49,12.65,1.5,7.43,0.0,5.0,5.3,D,30.38,0.98,0.02,Safe D,,
2026-09-06,NV-SD-12,NV,Senate,SD-12,1,,Julie Pazina,Rafael Arroyo-Montalvo,,Julie Pazina,D,True,False,0.6,2.26,3.17,1.5,7.43,0.52,0.0,5.3,,16.43,0.8586,0.1414,Likely D,,
2026-09-06,NV-SD-13,NV,Senate,SD-13,1,,Skip Daly,Matthew Buehler,Charlene Young,Skip Daly,D,True,False,19.0,21.03,19.01,1.5,7.43,0.49,0.0,5.3,,32.23,0.9825,0.0175,Safe D,,
2026-09-06,NV-SD-14,NV,Senate,SD-14,1,,,Ira Hansen,,Ira Hansen,R,True,False,-23.1,-23.13,-18.25,1.5,-7.43,0.0,-5.0,5.3,R,-25.38,0.02,0.98,Safe R,,
2026-09-06,NV-SD-16,NV,Senate,SD-16,1,,Chrystal Roll,Lisa Krasner,,Lisa Krasner,R,True,False,-10.4,-10.55,-7.63,1.5,-7.43,-4.46,0.0,5.3,,-14.22,0.1762,0.8238,Likely R,,
2026-09-06,NV-SD-17,NV,Senate,SD-17,1,,Lynne Ballatore,Robin Titus,,Robin Titus,R,True,False,-40.4,-41.18,-33.47,1.5,-7.43,0.0,-5.0,5.3,,-40.6,0.004,0.996,Safe R,,
2026-09-06,NV-SD-2,NV,Senate,SD-2,1,,Edgar Flores,,,Edgar Flores,D,True,False,30.5,35.51,31.21,1.5,7.43,1.04,0.0,5.3,D,44.98,0.98,0.02,Safe D,,
2026-09-06,NV-SD-20,NV,Senate,SD-20,1,,Calvin Sandoval,Danielle Gallant,,Jeff Stone,R,False,True,-22.7,-22.11,-17.38,1.5,0.0,-1.04,0.0,5.3,,-13.12,0.1954,0.8046,Likely R,,
2026-09-06,NV-SD-21,NV,Senate,SD-21,1,,James Ohrenschall,Alejandro Rojas,,James Ohrenschall,D,True,False,8.9,12.52,11.82,1.5,7.43,-0.95,0.0,5.3,,23.6,0.9386,0.0614,Likely D,,
2026-09-06,NV-SD-8,NV,Senate,SD-8,1,,Marilyn Dondero Loop,George Eldridge Harris,Jamie S. Miller,Marilyn Dondero Loop,D,True,False,-2.2,-0.0,1.26,1.5,7.43,0.0,5.0,5.3,,19.0,0.8929,0.1071,Likely D,,
2026-09-06,NV-SD-9,NV,Senate,SD-9,1,,Melanie Scheible,Maria Thompson,,Melanie Scheible,D,True,False,2.6,4.5,5.06,1.5,7.43,0.2,5.0,5.3,,22.98,0.9336,0.0664,Likely D,,
2026-09-06,NY-AD-1,NY,Assembly,AD-1,1,,Tommy John Schiavoni,Stephen Kiely,,Tommy John Schiavoni,D,True,False,13.2,14.44,12.32,0.17,7.43,0.0,5.0,5.3,,30.05,0.9753,0.0247,Safe D,,
2026-09-06,NY-AD-10,NY,Assembly,AD-10,1,,Steve Stern,Tiffany LeGrow,,Steve Stern,D,True,False,4.7,7.43,6.41,0.17,7.43,0.09,5.0,5.3,,24.23,0.9435,0.0565,Likely D,,
2026-09-06,NY-AD-100,NY,Assembly,AD-100,1,,Paula Kay,,,Paula Kay,D,True,False,-0.8,1.18,1.13,0.17,7.43,0.0,5.0,5.3,D,18.87,0.98,0.02,Safe D,,
2026-09-06,NY-AD-101,NY,Assembly,AD-101,1,,,Brian Maher,,Brian Maher,R,True,False,-12.5,-11.65,-9.69,0.17,-7.43,-5.52,0.0,5.3,R,-17.34,0.02,0.98,Safe R,,
2026-09-06,NY-AD-102,NY,Assembly,AD-102,1,,Janet Tweed,Marcus Molinaro,,Chris Tague,R,False,True,-19.1,-18.93,-15.82,0.17,0.0,-1.7,0.0,5.3,,-12.22,0.2121,0.7879,Likely R,,
2026-09-06,NY-AD-103,NY,Assembly,AD-103,1,,Sarahana Shrestha,Santos Lopez,,Sarahana Shrestha,D,True,False,32.0,31.95,27.09,0.17,7.43,-3.99,0.0,5.3,,35.83,0.9904,0.0096,Safe D,,
2026-09-06,NY-AD-104,NY,Assembly,AD-104,1,,Jonathan Jacobson,,,Jonathan Jacobson,D,True,False,19.6,20.79,17.67,0.17,7.43,1.26,0.0,5.3,D,31.67,0.98,0.02,Safe D,,
2026-09-06,NY-AD-105,NY,Assembly,AD-105,1,,Brooklyn Talarico,Anil Beephan,,Anil Beephan,R,True,False,-12.2,-11.39,-9.47,0.17,-7.43,-4.15,0.0,5.3,,-15.75,0.1515,0.8485,Likely R,,
2026-09-06,NY-AD-106,NY,Assembly,AD-106,1,,Didi Barrett,Gregory Campus,,Didi Barrett,D,True,False,11.6,12.01,10.27,0.17,7.43,-0.07,5.0,5.3,,27.94,0.9661,0.0339,Safe D,,
2026-09-06,NY-AD-107,NY,Assembly,AD-107,1,,Chloe Pierce,Scott Bendett,,Scott Bendett,R,True,False,3.4,3.8,3.35,0.17,-7.43,15.77,0.0,5.3,,16.98,0.8666,0.1334,Likely D,,
2026-09-06,NY-AD-108,NY,Assembly,AD-108,1,,John McDonald,Joseph J. Adamo III,,John McDonald,D,True,False,14.0,15.07,12.85,0.17,7.43,7.74,0.0,5.3,,33.32,0.9853,0.0147,Safe D,,
2026-09-06,NY-AD-109,NY,Assembly,AD-109,1,,Gabriella Romero,,,Gabriella Romero,D,True,False,46.2,48.11,40.72,0.17,7.43,-2.35,0.0,5.3,D,51.1,0.98,0.02,Safe D,,
2026-09-06,NY-AD-11,NY,Assembly,AD-11,1,,Kwani O'Pharrow,Joseph Cardinale,,Kwani O'Pharrow,D,True,False,4.7,6.77,5.86,0.17,7.43,11.07,0.0,5.3,,29.66,0.9738,0.0262,Safe D,,
2026-09-06,NY-AD-110,NY,Assembly,AD-110,1,,Phil Steck,Frank A. Mauriello,,Phil Steck,D,True,False,17.1,18.51,15.75,0.17,7.43,0.0,5.0,5.3,,33.48,0.9857,0.0143,Safe D,,
2026-09-06,NY-AD-111,NY,Assembly,AD-111,1,,Angelo Santabarbara,Nicholas J. Sokaris,,Angelo Santabarbara,D,True,False,0.7,1.94,1.78,0.17,7.43,3.99,0.0,5.3,,18.5,0.8868,0.1132,Likely D,,
2026-09-06,NY-AD-112,NY,Assembly,AD-112,1,,Mario L. Fantini,Mary Beth Walsh,,Mary Beth Walsh,R,True,False,0.2,0.33,0.42,0.17,-7.43,-5.35,0.0,5.3,,-7.06,0.3221,0.6779,Lean R,,
2026-09-06,NY-AD-113,NY,Assembly,AD-113,1,,Carrie Woerner,Allen Caruso,Thomas J. Kenny,Carrie Woerner,D,True,False,5.6,6.58,5.69,0.17,7.43,-0.02,5.0,5.3,,23.41,0.9371,0.0629,Likely D,,
2026-09-06,NY-AD-114,NY,Assembly,AD-114,1,,John Gunther,Matt Simpson,,Matt Simpson,R,True,False,-17.3,-16.58,-13.85,0.17,-7.43,0.0,-5.0,5.3,,-20.98,0.0851,0.9149,Likely R,,
2026-09-06,NY-AD-115,NY,Assembly,AD-115,1,,Michael Cashman,,,Michael Cashman,D,True,False,-1.3,0.36,0.45,0.17,7.43,0.0,5.0,5.3,D,18.18,0.98,0.02,Safe D,,
2026-09-06,NY-AD-116,NY,Assembly,AD-116,1,,,Scott Gray,,Scott Gray,R,True,False,-15.0,-13.76,-11.47,0.17,-7.43,0.0,-5.0,5.3,R,-18.6,0.02,0.98,Safe R,,
2026-09-06,NY-AD-117,NY,Assembly,AD-117,1,,Dennis Gordon,Tammie Nabywaniec,,Ken Blankenbush,R,False,True,-38.2,-36.76,-30.86,0.17,0.0,0.0,0.0,5.3,,-25.56,0.0473,0.9527,Safe R,,
2026-09-06,NY-AD-118,NY,Assembly,AD-118,1,,Colleen Maxwell,Heather A. Scribner,,Robert Smullen,R,False,True,-36.8,-35.74,-30.0,0.17,0.0,0.0,0.0,5.3,,-24.7,0.0531,0.9469,Likely R,,
2026-09-06,NY-AD-119,NY,Assembly,AD-119,1,,John Lipe,Michael Gentile,,Marianne Buttenschon,D,False,True,-14.6,-13.09,-10.9,0.17,0.0,0.0,0.0,5.3,,-5.6,0.3571,0.6429,Lean R,,
2026-09-06,NY-AD-12,NY,Assembly,AD-12,1,,Craig Herskowitz,David Weber,,Keith Brown,R,False,True,-6.8,-4.6,-3.74,0.17,0.0,0.0,0.0,5.3,,1.56,0.5407,0.4593,Toss-up,,
2026-09-06,NY-AD-120,NY,Assembly,AD-120,1,,Timothy C. Allers,Jim Weatherup,,Will Barclay,R,False,True,-25.7,-24.74,-20.72,0.17,0.0,0.0,0.0,5.3,,-15.42,0.1566,0.8434,Likely R,,
2026-09-06,NY-AD-121,NY,Assembly,AD-121,1,,Vicki Davis,Joe Angelino,,Joe Angelino,R,True,False,-21.4,-20.85,-17.44,0.17,-7.43,-9.99,0.0,5.3,,-29.56,0.0266,0.9734,Safe R,,
2026-09-06,NY-AD-122,NY,Assembly,AD-122,1,,Ihor Semko,Brian Miller,,Brian Miller,R,True,False,-15.4,-14.73,-12.28,0.17,-7.43,-5.01,0.0,5.3,,-19.42,0.102,0.898,Likely R,,
2026-09-06,NY-AD-123,NY,Assembly,AD-123,1,,Dan Norton,Lynn Parker,,Donna Lupardo,D,False,True,14.4,14.87,12.68,0.17,0.0,0.0,0.0,5.3,,17.98,0.8802,0.1198,Likely D,,
2026-09-06,NY-AD-124,NY,Assembly,AD-124,1,,Andrew G. Fagan,Chris Friend,,Chris Friend,R,True,False,-19.0,-18.56,-15.52,0.17,-7.43,0.0,-5.0,5.3,,-22.65,0.0693,0.9307,Likely R,,
2026-09-06,NY-AD-125,NY,Assembly,AD-125,1,,Anna Kelles,,,Anna Kelles,D,True,False,39.7,40.33,34.15,0.17,7.43,-1.0,0.0,5.3,D,45.88,0.98,0.02,Safe D,,
2026-09-06,NY-AD-126,NY,Assembly,AD-126,1,,Ian Phillips,John Lemondes,,John Lemondes,R,True,False,0.0,0.23,0.34,0.17,-7.43,-7.56,0.0,5.3,,-9.35,0.2704,0.7296,Lean R,,
2026-09-06,NY-AD-127,NY,Assembly,AD-127,1,,Al Stirpe,Tim Kelly,,Al Stirpe,D,True,False,9.8,9.9,8.49,0.17,7.43,0.0,5.0,5.3,,26.22,0.9568,0.0432,Safe D,,
2026-09-06,NY-AD-128,NY,Assembly,AD-128,1,,Pamela Hunter,Patrick Becher,,Pamela Hunter,D,True,False,29.8,31.08,26.36,0.17,7.43,-2.86,0.0,5.3,,36.23,0.9911,0.0089,Safe D,,
2026-09-06,NY-AD-129,NY,Assembly,AD-129,1,,Maurice Mo Brown,Patrick Guy,,Bill Magnarelli,D,False,True,30.6,31.33,26.57,0.17,0.0,0.0,0.0,5.3,,31.87,0.9814,0.0186,Safe D,,
2026-09-06,NY-AD-13,NY,Assembly,AD-13,1,,Charles Lavine,Conner Dunleavy,,Charles Lavine,D,True,False,5.4,9.41,8.08,0.17,7.43,0.01,5.0,5.3,,25.82,0.9543,0.0457,Safe D,,
2026-09-06,NY-AD-130,NY,Assembly,AD-130,1,,Carl Fitzsimmons,George Dobbins,,Brian Manktelow,R,False,True,-12.9,-12.79,-10.64,0.17,0.0,0.0,0.0,5.3,,-5.34,0.3634,0.6366,Lean R,,
2026-09-06,NY-AD-131,NY,Assembly,AD-131,1,,Phillip Fleming,Mark Benjamin,,Jeff Gallahan,R,False,True,-10.1,-9.65,-8.0,0.17,0.0,0.0,0.0,5.3,,-2.7,0.43,0.57,Toss-up,,
2026-09-06,NY-AD-132,NY,Assembly,AD-132,1,,,Phil Palmesano,,Phil Palmesano,R,True,False,-23.3,-23.36,-19.56,0.17,-7.43,0.0,-5.0,5.3,R,-26.69,0.02,0.98,Safe R,,
2026-09-06,NY-AD-133,NY,Assembly,AD-133,1,,Gladys Flores,Andrea Bailey,,Andrea Bailey,R,True,False,-17.3,-17.43,-14.56,0.17,-7.43,-1.76,0.0,5.3,,-18.45,0.1138,0.8862,Likely R,,
2026-09-06,NY-AD-134,NY,Assembly,AD-134,1,,Kurt VanWuyckhuyse,Josh Jensen,,Josh Jensen,R,True,False,-9.4,-9.2,-7.62,0.17,-7.43,-4.54,0.0,5.3,,-14.29,0.175,0.825,Likely R,,
2026-09-06,NY-AD-135,NY,Assembly,AD-135,1,,Jen Lunsford,Kalinda Washington,,Jen Lunsford,D,True,False,22.2,21.7,18.44,0.17,7.43,-5.78,0.0,5.3,,25.39,0.9516,0.0484,Safe D,,
2026-09-06,NY-AD-136,NY,Assembly,AD-136,1,,Sarah Clark,Clianda Florence,,Sarah Clark,D,True,False,37.9,38.47,32.59,0.17,7.43,-3.14,0.0,5.3,,42.18,0.9971,0.0029,Safe D,,
2026-09-06,NY-AD-137,NY,Assembly,AD-137,1,,Demond Meeks,Dave Ferris,,Demond Meeks,D,True,False,44.8,46.83,39.64,0.17,7.43,-4.49,0.0,5.3,,47.88,0.9991,0.0009,Safe D,,
2026-09-06,NY-AD-138,NY,Assembly,AD-138,1,,Harry Bronson,Tracy DiFlorio,,Harry Bronson,D,True,False,29.0,29.85,25.32,0.17,7.43,-6.13,0.0,5.3,,31.91,0.9816,0.0184,Safe D,,
2026-09-06,NY-AD-139,NY,Assembly,AD-139,1,,Sarah R. Wolcott,Stephen M. Hawley,,Stephen Hawley,R,True,False,-31.6,-31.15,-26.13,0.17,-7.43,-7.78,0.0,5.3,,-36.04,0.0092,0.9908,Safe R,,
2026-09-06,NY-AD-14,NY,Assembly,AD-14,1,,John E. Brooks,Shannon Fredericks,,Dave McDonough,R,False,True,-20.6,-18.07,-15.1,0.17,0.0,-4.4,0.0,5.3,,-14.2,0.1766,0.8234,Likely R,,
2026-09-06,NY-AD-140,NY,Assembly,AD-140,1,,Bill Conrad,Mohammed H. Faisal,,Bill Conrad,D,True,False,14.7,15.01,12.8,0.17,7.43,0.0,5.0,5.3,,30.53,0.9771,0.0229,Safe D,,
2026-09-06,NY-AD-141,NY,Assembly,AD-141,1,,,,,Crystal Peoples-Stokes,D,False,True,71.6,74.69,63.14,0.17,0.0,0.0,0.0,5.3,,68.44,1.0,0.0,Safe D,,
2026-09-06,NY-AD-142,NY,Assembly,AD-142,1,,Pat Burke,Gary Dickson,,Pat Burke,D,True,False,0.1,0.96,0.95,0.17,7.43,0.0,5.0,5.3,,18.68,0.8891,0.1109,Likely D,,
2026-09-06,NY-AD-143,NY,Assembly,AD-143,1,,Ryan Taughrin,Pat Chludzinski,,Pat Chludzinski,R,True,False,0.9,2.15,1.95,0.17,-7.43,0.0,-5.0,5.3,,-5.18,0.3675,0.6325,Lean R,,
2026-09-06,NY-AD-144,NY,Assembly,AD-144,1,,Donna L. Dye Sholk,Paul Bologna,,Paul Bologna,R,True,False,-20.0,-19.85,-16.6,0.17,-7.43,1.0,0.0,5.3,,-17.73,0.1231,0.8769,Likely R,,
2026-09-06,NY-AD-145,NY,Assembly,AD-145,1,,Nathan D. McMurray,Becky Wydysh,,Angelo Morinello,R,False,True,-10.1,-9.08,-7.52,0.17,0.0,0.0,0.0,5.3,,-2.22,0.4424,0.5576,Toss-up,,
2026-09-06,NY-AD-146,NY,Assembly,AD-146,1,,Karen McMahon,George McNerney,,Karen McMahon,D,True,False,20.7,20.76,17.65,0.17,7.43,-3.06,0.0,5.3,,27.32,0.963,0.037,Safe D,,
2026-09-06,NY-AD-147,NY,Assembly,AD-147,1,,,Dave DiPietro,,Dave DiPietro,R,True,False,-28.5,-28.28,-23.71,0.17,-7.43,0.0,-5.0,5.3,R,-30.84,0.02,0.98,Safe R,,
2026-09-06,NY-AD-148,NY,Assembly,AD-148,1,,,Joe Sempolinski,,Joe Sempolinski,R,True,False,-37.8,-37.39,-31.4,0.17,-7.43,0.0,-5.0,5.3,R,-38.53,0.02,0.98,Safe R,,
2026-09-06,NY-AD-149,NY,Assembly,AD-149,1,,Adam Bojak,Daniel O'Connell,,Jon Rivera,D,False,True,19.5,20.77,17.66,0.17,0.0,0.0,0.0,5.3,,22.96,0.9333,0.0667,Likely D,,
2026-09-06,NY-AD-15,NY,Assembly,AD-15,1,,Dean Tarulli,Paolo Pironi,,Jake Blumencranz,R,False,True,-11.2,-7.84,-6.47,0.17,0.0,0.0,0.0,5.3,,-1.17,0.4694,0.5306,Toss-up,,
2026-09-06,NY-AD-150,NY,Assembly,AD-150,1,,Thomas A. Carle,Andrew Molitor,,Andrew Molitor,R,True,False,-21.4,-21.42,-17.92,0.17,-7.43,0.24,-5.0,5.3,,-24.81,0.0524,0.9476,Likely R,,
2026-09-06,NY-AD-16,NY,Assembly,AD-16,1,,Kim Keiserman,David Hassid,,Danny Norber,R,False,True,-2.1,2.66,2.39,0.17,0.0,-0.89,0.0,5.3,,6.8,0.6717,0.3283,Lean D,,
2026-09-06,NY-AD-17,NY,Assembly,AD-17,1,,Sunita Lofters,John Mikulin,,John Mikulin,R,True,False,-23.9,-21.7,-18.16,0.17,-7.43,-2.53,0.0,5.3,,-22.82,0.0678,0.9322,Likely R,,
2026-09-06,NY-AD-18,NY,Assembly,AD-18,1,,Noah Burroughs,Charlene Jackson,,Noah Burroughs,D,True,False,62.1,66.35,56.1,0.17,7.43,1.19,0.0,5.3,,70.03,1.0,0.0,Safe D,,
2026-09-06,NY-AD-19,NY,Assembly,AD-19,1,,Colleen Connaughton,Ed Ra,,Ed Ra,R,True,False,-17.5,-15.08,-12.58,0.17,-7.43,0.0,-5.0,5.3,,-19.71,0.0987,0.9013,Likely R,,
2026-09-06,NY-AD-2,NY,Assembly,AD-2,1,,Michael Szika,Jodi Giglio,,Jodi Giglio,R,True,False,-22.5,-21.05,-17.62,0.17,-7.43,-1.08,0.0,5.3,,-20.82,0.0866,0.9134,Likely R,,
2026-09-06,NY-AD-20,NY,Assembly,AD-20,1,,Meir Fischer,Eric Ari Brown,,Eric Ari Brown,R,True,False,-22.2,-17.75,-14.83,0.17,-7.43,0.22,-5.0,5.3,,-21.75,0.0775,0.9225,Likely R,,
2026-09-06,NY-AD-21,NY,Assembly,AD-21,1,,Judy Griffin,Irene Villacci,,Judy Griffin,D,True,False,9.8,11.77,10.07,0.17,7.43,-3.83,0.0,5.3,,18.97,0.8926,0.1074,Likely D,,
2026-09-06,NY-AD-22,NY,Assembly,AD-22,1,,Michaelle Solages,Robert Inzerillo,,Michaelle Solages,D,True,False,19.3,23.36,19.84,0.17,7.43,-1.3,0.0,5.3,,31.28,0.9796,0.0204,Safe D,,
2026-09-06,NY-AD-23,NY,Assembly,AD-23,1,,Pesach Osina,Tom Sullivan,,Stacey Pheffer Amato,D,False,True,-13.4,-8.22,-6.79,0.17,0.0,0.0,0.0,5.3,,-1.49,0.4612,0.5388,Toss-up,,
2026-09-06,NY-AD-24,NY,Assembly,AD-24,1,,David Weprin,Welson Chang,,David Weprin,D,True,False,18.7,27.61,23.43,0.17,7.43,2.61,0.0,5.3,,38.77,0.9944,0.0056,Safe D,,
2026-09-06,NY-AD-25,NY,Assembly,AD-25,1,,Nily Rozic,Ken Paek,,Nily Rozic,D,True,False,1.4,8.69,7.47,0.17,7.43,-0.6,0.0,5.3,,19.61,0.9001,0.0999,Likely D,,
2026-09-06,NY-AD-26,NY,Assembly,AD-26,1,,Ed Braunstein,Robert Speranza,,Ed Braunstein,D,True,False,5.2,9.81,8.41,0.17,7.43,-1.65,0.0,5.3,,19.5,0.8989,0.1011,Likely D,,
2026-09-06,NY-AD-27,NY,Assembly,AD-27,1,,Sam Berger,Alfredo Centola,,Sam Berger,D,True,False,-8.2,-1.22,-0.89,0.17,7.43,8.32,0.0,5.3,,20.16,0.9063,0.0937,Likely D,,
2026-09-06,NY-AD-28,NY,Assembly,AD-28,1,,Andrew Hevesi,David Kemp,,Andrew Hevesi,D,True,False,11.7,15.08,12.86,0.17,7.43,-0.3,5.0,5.3,,30.29,0.9762,0.0238,Safe D,,
2026-09-06,NY-AD-29,NY,Assembly,AD-29,1,,Alicia Hyndman,,,Alicia Hyndman,D,True,False,68.2,73.66,62.26,0.17,7.43,0.33,5.0,5.3,D,80.32,0.98,0.02,Safe D,,
2026-09-06,NY-AD-3,NY,Assembly,AD-3,1,,Joshua Slaughter,Joseph De Stefano,,Joe DeStefano,R,True,False,-14.9,-13.51,-11.26,0.17,-7.43,0.0,-5.0,5.3,,-18.39,0.1146,0.8854,Likely R,,
2026-09-06,NY-AD-30,NY,Assembly,AD-30,1,,Patrick Martinez,Brandon Castro,,Steven Raga,D,False,True,10.8,19.74,16.79,0.17,0.0,1.58,0.0,5.3,,23.66,0.9391,0.0609,Likely D,,
2026-09-06,NY-AD-31,NY,Assembly,AD-31,1,,Khaleel Anderson,,,Khaleel Anderson,D,True,False,57.2,62.94,53.22,0.17,7.43,0.82,0.0,5.3,D,66.77,0.98,0.02,Safe D,,
2026-09-06,NY-AD-32,NY,Assembly,AD-32,1,,Nathaniel Hezekiah III,,,Vivian Cook,D,False,True,65.6,71.62,60.55,0.17,0.0,0.0,0.0,5.3,D,65.85,0.98,0.02,Safe D,,
2026-09-06,NY-AD-33,NY,Assembly,AD-33,1,,Clyde Vanel,,,Clyde Vanel,D,True,False,54.6,60.58,51.23,0.17,7.43,0.0,5.0,5.3,D,68.97,0.98,0.02,Safe D,,
2026-09-06,NY-AD-34,NY,Assembly,AD-34,1,,Brian Romero,,,Jessica González-Rojas,D,False,True,21.9,30.08,25.51,0.17,0.0,0.0,0.0,5.3,D,30.81,0.98,0.02,Safe D,,
2026-09-06,NY-AD-35,NY,Assembly,AD-35,1,,Larinda Hooks,,,Larinda Hooks,D,True,False,14.2,23.78,20.2,0.17,7.43,0.0,5.0,5.3,D,37.93,0.98,0.02,Safe D,,
2026-09-06,NY-AD-36,NY,Assembly,AD-36,1,,Diana Moreno,Edward Lee,,Diana Moreno,D,True,False,49.7,55.15,46.65,0.17,7.43,0.0,5.0,5.3,,64.38,1.0,0.0,Safe D,,
2026-09-06,NY-AD-37,NY,Assembly,AD-37,1,,Samantha Kattan,,,Claire Valdez,D,False,True,33.6,38.69,32.78,0.17,0.0,0.0,0.0,5.3,D,38.08,0.98,0.02,Safe D,,
2026-09-06,NY-AD-38,NY,Assembly,AD-38,1,,David Orkin,Ruben Cruz,,Jenifer Rajkumar,D,False,True,13.6,21.61,18.37,0.17,0.0,1.78,0.0,5.3,,25.45,0.952,0.048,Safe D,,
2026-09-06,NY-AD-39,NY,Assembly,AD-39,1,,Catalina Cruz,Ramses Frias,,Catalina Cruz,D,True,False,13.3,21.23,18.05,0.17,7.43,0.0,5.0,5.3,,35.78,0.9904,0.0096,Safe D,,
2026-09-06,NY-AD-4,NY,Assembly,AD-4,1,,Rebecca Kassay,William Sussman,,Rebecca Kassay,D,True,False,0.1,1.68,1.56,0.17,7.43,0.0,5.0,5.3,,19.29,0.8964,0.1036,Likely D,,
2026-09-06,NY-AD-40,NY,Assembly,AD-40,1,,Ron Kim,,,Ron Kim,D,True,False,-2.1,5.47,4.75,0.17,7.43,4.5,0.0,5.3,D,21.98,0.98,0.02,Safe D,,
2026-09-06,NY-AD-41,NY,Assembly,AD-41,1,,Kalman Yeger,,,Kalman Yeger,D,True,False,-3.8,0.58,0.63,0.17,7.43,4.12,0.0,5.3,D,17.48,0.98,0.02,Safe D,,
2026-09-06,NY-AD-42,NY,Assembly,AD-42,1,,Rodneyse Bichotte,Herman Hall,,Rodneyse Bichotte Hermelyn,D,True,False,64.6,67.9,57.41,0.17,7.43,0.0,5.0,5.3,,75.14,1.0,0.0,Safe D,,
2026-09-06,NY-AD-43,NY,Assembly,AD-43,1,,Brian Cunningham,Anna Shpilkovskaya,,Brian Cunningham,D,True,False,67.1,71.48,60.43,0.17,7.43,0.0,5.0,5.3,,78.16,1.0,0.0,Safe D,,
2026-09-06,NY-AD-44,NY,Assembly,AD-44,1,,Robert Carroll,Glenn Nocera,,Robert Carroll,D,True,False,63.2,66.77,56.46,0.17,7.43,-2.01,0.0,5.3,,67.18,1.0,0.0,Safe D,,
2026-09-06,NY-AD-45,NY,Assembly,AD-45,1,,Joey Cohen-Saban,Michael Novakhov,,Michael Novakhov,R,True,False,-50.0,-45.1,-37.9,0.17,-7.43,31.96,0.0,5.3,,-8.07,0.2989,0.7011,Lean R,,
2026-09-06,NY-AD-46,NY,Assembly,AD-46,1,,Chris McCreight,Alec Brook-Krasny,,Alec Brook-Krasny,R,True,False,-9.4,-5.34,-4.36,0.17,-7.43,7.62,0.0,5.3,,1.13,0.5295,0.4705,Toss-up,,
2026-09-06,NY-AD-47,NY,Assembly,AD-47,1,,William Colton,John Ricottone,,William Colton,D,True,False,-23.6,-16.07,-13.41,0.17,7.43,9.04,0.0,5.3,,8.36,0.7076,0.2924,Lean D,,
2026-09-06,NY-AD-48,NY,Assembly,AD-48,1,,Simcha Eichenstein,,,Simcha Eichenstein,D,True,False,-70.7,-66.15,-55.65,0.17,7.43,0.0,5.0,5.3,D,-37.92,0.98,0.02,Safe D,,
2026-09-06,NY-AD-49,NY,Assembly,AD-49,1,,Joyce Xie,Lester Chang,,Lester Chang,R,True,False,-20.0,-11.99,-9.97,0.17,-7.43,-0.82,0.0,5.3,,-12.92,0.199,0.801,Likely R,,
2026-09-06,NY-AD-5,NY,Assembly,AD-5,1,,Victoria Russell,Doug Smith,,Doug Smith,R,True,False,-25.8,-23.91,-20.03,0.17,-7.43,0.0,-5.0,5.3,,-27.16,0.0379,0.9621,Safe R,,
2026-09-06,NY-AD-50,NY,Assembly,AD-50,1,,Emily Gallagher,,,Emily Gallagher,D,True,False,49.2,52.29,44.25,0.17,7.43,0.0,5.0,5.3,D,61.98,0.98,0.02,Safe D,,
2026-09-06,NY-AD-51,NY,Assembly,AD-51,1,,Marcela Mitaynes,Carla Danielson,,Marcela Mitaynes,D,True,False,45.5,51.84,43.86,0.17,7.43,-0.8,0.0,5.3,,55.79,0.9999,0.0001,Safe D,,
2026-09-06,NY-AD-52,NY,Assembly,AD-52,1,,Jo Anne Simon,Brett Wynkoop,,Jo Anne Simon,D,True,False,82.4,84.92,71.76,0.17,7.43,0.15,5.0,5.3,,89.65,1.0,0.0,Safe D,,
2026-09-06,NY-AD-53,NY,Assembly,AD-53,1,,Maritza Davila,,,Maritza Davila,D,True,False,60.7,66.67,56.37,0.17,7.43,0.0,5.0,5.3,D,74.1,0.98,0.02,Safe D,,
2026-09-06,NY-AD-54,NY,Assembly,AD-54,1,,Christian Celeste Tate,,,Erik Dilan,D,False,True,52.7,60.53,51.2,0.17,0.0,0.0,0.0,5.3,D,56.5,0.98,0.02,Safe D,,
2026-09-06,NY-AD-55,NY,Assembly,AD-55,1,,Latrice Walker,Yahemia Harris,,Latrice Walker,D,True,False,80.9,84.37,71.3,0.17,7.43,0.25,5.0,5.3,,89.28,1.0,0.0,Safe D,,
2026-09-06,NY-AD-56,NY,Assembly,AD-56,1,,Eon Tyrell Huntley,,,Stefani Zinerman,D,False,True,80.6,85.44,72.2,0.17,0.0,0.0,0.0,5.3,D,77.5,0.98,0.02,Safe D,,
2026-09-06,NY-AD-57,NY,Assembly,AD-57,1,,Phara Souffrant Forrest,Yolanda Allison,,Phara Souffrant Forrest,D,True,False,81.7,85.74,72.46,0.17,7.43,0.0,5.0,5.3,,90.19,1.0,0.0,Safe D,,
2026-09-06,NY-AD-58,NY,Assembly,AD-58,1,,Monique Chandler-Waterman,,,Monique Chandler-Waterman,D,True,False,85.3,87.44,73.89,0.17,7.43,0.0,5.0,5.3,D,91.62,0.98,0.02,Safe D,,
2026-09-06,NY-AD-59,NY,Assembly,AD-59,1,,Jaime Williams,,,Jaime Williams,D,True,False,35.8,39.81,33.72,0.17,7.43,5.01,0.0,5.3,D,51.46,0.98,0.02,Safe D,,
2026-09-06,NY-AD-6,NY,Assembly,AD-6,1,,Phil Ramos,Ryan Skelly,,Phil Ramos,D,True,False,16.9,22.85,19.42,0.17,7.43,4.42,0.0,5.3,,36.56,0.9916,0.0084,Safe D,,
2026-09-06,NY-AD-60,NY,Assembly,AD-60,1,,Nikki Lucas,Norman Ramsay,,Nikki Lucas,D,True,False,75.5,78.81,66.61,0.17,7.43,0.0,5.0,5.3,,84.34,1.0,0.0,Safe D,,
2026-09-06,NY-AD-61,NY,Assembly,AD-61,1,,Charles Fall,Casey OConnor-Manasia,,Charles Fall,D,True,False,27.9,32.1,27.21,0.17,7.43,-1.67,0.0,5.3,,38.27,0.9938,0.0062,Safe D,,
2026-09-06,NY-AD-62,NY,Assembly,AD-62,1,,,Michael Reilly,,Mike Reilly,R,True,False,-57.6,-55.36,-46.55,0.17,-7.43,1.22,0.0,5.3,R,-47.46,0.02,0.98,Safe R,,
2026-09-06,NY-AD-63,NY,Assembly,AD-63,1,,Matthew Mobilia,Sam Pirozzolo,,Sam Pirozzolo,R,True,False,-17.5,-13.28,-11.06,0.17,-7.43,5.14,0.0,5.3,,-8.05,0.2993,0.7007,Lean R,,
2026-09-06,NY-AD-64,NY,Assembly,AD-64,1,,Shpetim Qorraj,Michael Tannousis,,Mike Tannousis,R,True,False,-32.4,-29.7,-24.9,0.17,-7.43,0.97,0.0,5.3,,-26.07,0.0441,0.9559,Safe R,,
2026-09-06,NY-AD-65,NY,Assembly,AD-65,1,,Illapa Sairitupac,Helen Qiu,,Grace Lee,D,False,True,51.2,56.2,47.54,0.17,0.0,-2.17,0.0,5.3,,50.67,0.9995,0.0005,Safe D,,
2026-09-06,NY-AD-66,NY,Assembly,AD-66,1,,David Siffert,,,Deborah Glick,D,False,True,70.6,74.61,63.07,0.17,0.0,0.0,0.0,5.3,D,68.37,0.98,0.02,Safe D,,
2026-09-06,NY-AD-67,NY,Assembly,AD-67,1,,Linda Rosenthal,Mike Muñoz,,Linda Rosenthal,D,True,False,70.0,72.98,61.7,0.17,7.43,0.0,5.0,5.3,,79.43,1.0,0.0,Safe D,,
2026-09-06,NY-AD-68,NY,Assembly,AD-68,1,,Diana I. Ayala,Darwin Shaw,,Eddie Gibbs,D,False,True,64.3,69.2,58.51,0.17,0.0,0.0,0.0,5.3,,63.81,1.0,0.0,Safe D,,
2026-09-06,NY-AD-69,NY,Assembly,AD-69,1,,Eli Northrup,,,Micah Lasher,D,False,True,76.6,79.61,67.29,0.17,0.0,0.0,0.0,5.3,D,72.59,0.98,0.02,Safe D,,
2026-09-06,NY-AD-7,NY,Assembly,AD-7,1,,Patricia Kopp,Dawn Marie Kuhn,,Jarett Gandolfo,R,False,True,-18.9,-17.3,-14.45,0.17,0.0,0.0,0.0,5.3,,-9.15,0.2748,0.7252,Lean R,,
2026-09-06,NY-AD-70,NY,Assembly,AD-70,1,,Jordan Wright,,,Jordan Wright,D,True,False,77.5,81.8,69.13,0.17,7.43,0.0,5.0,5.3,D,86.86,0.98,0.02,Safe D,,
2026-09-06,NY-AD-71,NY,Assembly,AD-71,1,,Al Taylor,,,Al Taylor,D,True,False,67.9,72.51,61.3,0.17,7.43,2.31,0.0,5.3,D,76.34,0.98,0.02,Safe D,,
2026-09-06,NY-AD-72,NY,Assembly,AD-72,1,,Manny De Los Santos,,,Manny De Los Santos,D,True,False,42.7,51.36,43.45,0.17,7.43,0.0,5.0,5.3,D,61.19,0.98,0.02,Safe D,,
2026-09-06,NY-AD-73,NY,Assembly,AD-73,1,,Vanessa Aronson,,,Alex Bores,D,False,True,52.2,55.62,47.05,0.17,0.0,0.0,0.0,5.3,D,52.35,0.98,0.02,Safe D,,
2026-09-06,NY-AD-74,NY,Assembly,AD-74,1,,Keith Powers,Veronica Gonzalez,,Keith Powers,D,True,False,64.2,67.37,56.96,0.17,7.43,0.0,5.0,5.3,,74.69,1.0,0.0,Safe D,,
2026-09-06,NY-AD-75,NY,Assembly,AD-75,1,,Tony Simone,Christine Fontanelli,,Tony Simone,D,True,False,65.6,68.76,58.14,0.17,7.43,-1.72,0.0,5.3,,69.15,1.0,0.0,Safe D,,
2026-09-06,NY-AD-76,NY,Assembly,AD-76,1,,Rebecca Seawright,Louis Puliafito,,Rebecca Seawright,D,True,False,58.9,61.71,52.18,0.17,7.43,-1.49,0.0,5.3,,63.43,1.0,0.0,Safe D,,
2026-09-06,NY-AD-77,NY,Assembly,AD-77,1,,Landon Dais,,,Landon Dais,D,True,False,46.2,54.5,46.1,0.17,7.43,2.92,0.0,5.3,D,61.76,0.98,0.02,Safe D,,
2026-09-06,NY-AD-78,NY,Assembly,AD-78,1,,George Alvarez,,,George Alvarez,D,True,False,36.9,46.43,39.3,0.17,7.43,3.5,0.0,5.3,D,55.53,0.98,0.02,Safe D,,
2026-09-06,NY-AD-79,NY,Assembly,AD-79,1,,Chantel Jackson,Emmanuel Findlay,,Chantel Jackson,D,True,False,53.8,61.04,51.63,0.17,7.43,2.1,0.0,5.3,,66.46,1.0,0.0,Safe D,,
2026-09-06,NY-AD-8,NY,Assembly,AD-8,1,,Lynn Trupiano-O’Keefe,Mike Fitzpatrick,,Mike Fitzpatrick,R,True,False,-26.1,-24.08,-20.17,0.17,-7.43,0.0,-5.0,5.3,,-27.3,0.0371,0.9629,Safe R,,
2026-09-06,NY-AD-80,NY,Assembly,AD-80,1,,John Zaccaro,,,John Zaccaro,D,True,False,32.0,39.31,33.3,0.17,7.43,0.25,5.0,5.3,D,51.28,0.98,0.02,Safe D,,
2026-09-06,NY-AD-81,NY,Assembly,AD-81,1,,Jeffrey Dinowitz,,,Jeffrey Dinowitz,D,True,False,44.0,48.96,41.44,0.17,7.43,2.91,0.0,5.3,D,57.08,0.98,0.02,Safe D,,
2026-09-06,NY-AD-82,NY,Assembly,AD-82,1,,Michael Benedetto,Irene Guanill,,Michael Benedetto,D,True,False,30.1,33.95,28.77,0.17,7.43,1.22,0.0,5.3,,42.73,0.9974,0.0026,Safe D,,
2026-09-06,NY-AD-83,NY,Assembly,AD-83,1,,Carl Heastie,James Washington-Ward,,Carl Heastie,D,True,False,74.6,78.42,66.28,0.17,7.43,0.71,0.0,5.3,,79.72,1.0,0.0,Safe D,,
2026-09-06,NY-AD-84,NY,Assembly,AD-84,1,,Amanda Septimo,Tyreek Goodman,,Amanda Septimo,D,True,False,47.6,55.79,47.2,0.17,7.43,0.69,0.0,5.3,,60.62,1.0,0.0,Safe D,,
2026-09-06,NY-AD-85,NY,Assembly,AD-85,1,,Emérita Torres,,,Emérita Torres,D,True,False,51.2,58.29,49.3,0.17,7.43,0.0,5.0,5.3,D,67.03,0.98,0.02,Safe D,,
2026-09-06,NY-AD-86,NY,Assembly,AD-86,1,,Yudelka Tapia,Maria Diaz,,Yudelka Tapia,D,True,False,34.8,45.13,38.2,0.17,7.43,5.32,0.0,5.3,,56.25,0.9999,0.0001,Safe D,,
2026-09-06,NY-AD-87,NY,Assembly,AD-87,1,,Karines Reyes,,,Karines Reyes,D,True,False,47.1,55.47,46.92,0.17,7.43,1.17,0.0,5.3,D,60.83,0.98,0.02,Safe D,,
2026-09-06,NY-AD-88,NY,Assembly,AD-88,1,,Amy Paulin,Lenny Lolis,,Amy Paulin,D,True,False,26.9,29.48,25.01,0.17,7.43,-1.59,0.0,5.3,,36.15,0.991,0.009,Safe D,,
2026-09-06,NY-AD-89,NY,Assembly,AD-89,1,,J. Pretlow,Brandon Neider,,Gary Pretlow,D,True,False,50.2,54.56,46.15,0.17,7.43,0.0,5.0,5.3,,63.88,1.0,0.0,Safe D,,
2026-09-06,NY-AD-9,NY,Assembly,AD-9,1,,Christopher Walis,Michael Durso,,Michael Durso,R,True,False,-27.8,-25.53,-21.39,0.17,-7.43,-2.48,0.0,5.3,,-26.01,0.0445,0.9555,Safe R,,
2026-09-06,NY-AD-90,NY,Assembly,AD-90,1,,Frank Jereis,John Isaac,,Nader Sayegh,D,False,True,5.3,9.66,8.29,0.17,0.0,4.12,0.0,5.3,,17.71,0.8766,0.1234,Likely D,,
2026-09-06,NY-AD-91,NY,Assembly,AD-91,1,,Steve Otis,,,Steve Otis,D,True,False,31.8,34.28,29.06,0.17,7.43,0.0,5.0,5.3,D,46.79,0.98,0.02,Safe D,,
2026-09-06,NY-AD-92,NY,Assembly,AD-92,1,,MaryJane Shimsky,Bob Welch,,MaryJane Shimsky,D,True,False,33.5,35.32,29.93,0.17,7.43,-1.92,0.0,5.3,,40.74,0.9961,0.0039,Safe D,,
2026-09-06,NY-AD-93,NY,Assembly,AD-93,1,,Chris Burdick,Braille Diaz,,Chris Burdick,D,True,False,27.8,29.85,25.32,0.17,7.43,-2.14,0.0,5.3,,35.91,0.9906,0.0094,Safe D,,
2026-09-06,NY-AD-94,NY,Assembly,AD-94,1,,Daniel Guzman,Matt Slater,,Matt Slater,R,True,False,-14.9,-13.46,-11.21,0.17,-7.43,0.0,-5.0,5.3,,-18.34,0.1152,0.8848,Likely R,,
2026-09-06,NY-AD-95,NY,Assembly,AD-95,1,,Dana Levenberg,Laurie Ryan,,Dana Levenberg,D,True,False,26.3,27.97,23.73,0.17,7.43,-1.45,0.0,5.3,,35.01,0.989,0.011,Safe D,,
2026-09-06,NY-AD-96,NY,Assembly,AD-96,1,,Pat Carroll,Brett Yagel,,Pat Carroll,D,True,False,8.9,11.74,10.05,0.17,7.43,0.77,0.0,5.3,,23.54,0.9382,0.0618,Likely D,,
2026-09-06,NY-AD-97,NY,Assembly,AD-97,1,,Aron Wieder,Rob Bonomolo,,Aron Wieder,D,True,False,-27.7,-22.31,-18.68,0.17,7.43,13.09,0.0,5.3,,7.15,0.6798,0.3202,Lean D,,
2026-09-06,NY-AD-98,NY,Assembly,AD-98,1,,,Karl Brabenec,,Karl Brabenec,R,True,False,-22.9,-20.66,-17.29,0.17,-7.43,-2.5,0.0,5.3,R,-21.92,0.02,0.98,Safe R,,
2026-09-06,NY-AD-99,NY,Assembly,AD-99,1,,Chris Eachus,Richard A. Vargus,,Chris Eachus,D,True,False,-19.9,-17.22,-14.38,0.17,7.43,0.0,5.0,5.3,,3.35,0.5868,0.4132,Toss-up,,
2026-09-06,NY-SD-1,NY,Senate,SD-1,1,,E. Murray,Tony Palumbo,,Tony Palumbo,R,True,False,-1.5,-0.38,-0.18,0.17,-7.43,0.0,-5.0,5.3,,-7.31,0.3163,0.6837,Lean R,,
2026-09-06,NY-SD-10,NY,Senate,SD-10,1,,James Sanders Jr.,,,James Sanders Jr.,D,True,False,39.4,44.19,37.41,0.17,7.43,0.11,5.0,5.3,D,55.25,0.98,0.02,Safe D,,
2026-09-06,NY-SD-11,NY,Senate,SD-11,1,,Toby Stavisky,Pamela Michos,,Toby Stavisky,D,True,False,9.0,16.02,13.65,0.17,7.43,-2.82,0.0,5.3,,23.57,0.9383,0.0617,Likely D,,
2026-09-06,NY-SD-12,NY,Senate,SD-12,1,,Aber Kawas,Han Khon To,,Michael Gianaris,D,False,True,22.2,29.17,24.74,0.17,0.0,0.39,0.0,5.3,,30.43,0.9767,0.0233,Safe D,,
2026-09-06,NY-SD-13,NY,Senate,SD-13,1,,Jessica González-Rojas,John Healy,,Jessica Ramos,D,False,True,18.3,28.22,23.95,0.17,0.0,0.0,0.0,5.3,,29.25,0.9721,0.0279,Safe D,,
2026-09-06,NY-SD-14,NY,Senate,SD-14,1,,Leroy Comrie,,,Leroy Comrie,D,True,False,53.1,58.28,49.29,0.17,7.43,0.0,5.0,5.3,D,67.03,0.98,0.02,Safe D,,
2026-09-06,NY-SD-15,NY,Senate,SD-15,1,,Joe Addabbo,,,Joe Addabbo,D,True,False,3.1,10.57,9.05,0.17,7.43,0.0,5.0,5.3,D,26.78,0.98,0.02,Safe D,,
2026-09-06,NY-SD-16,NY,Senate,SD-16,1,,John Liu,,,John Liu,D,True,False,0.5,7.35,6.34,0.17,7.43,-0.57,0.0,5.3,D,18.5,0.98,0.02,Safe D,,
2026-09-06,NY-SD-17,NY,Senate,SD-17,1,,Larry He,Steve Chan,,Steve Chan,R,True,False,-14.6,-6.74,-5.54,0.17,-7.43,2.06,0.0,5.3,,-5.61,0.3569,0.6431,Lean R,,
2026-09-06,NY-SD-18,NY,Senate,SD-18,1,,Julia Salazar,,,Julia Salazar,D,True,False,48.2,53.71,45.44,0.17,7.43,0.0,5.0,5.3,D,63.18,0.98,0.02,Safe D,,
2026-09-06,NY-SD-19,NY,Senate,SD-19,1,,Roxanne Persaud,,,Roxanne Persaud,D,True,False,70.8,74.51,62.99,0.17,7.43,0.0,5.0,5.3,D,80.72,0.98,0.02,Safe D,,
2026-09-06,NY-SD-2,NY,Senate,SD-2,1,,Harjot Singh,Mario Mattera,,Mario Mattera,R,True,False,-10.8,-8.92,-7.38,0.17,-7.43,-4.4,0.0,5.3,,-13.91,0.1815,0.8185,Likely R,,
2026-09-06,NY-SD-20,NY,Senate,SD-20,1,,Zellnor Myrie,,,Zellnor Myrie,D,True,False,76.5,80.1,67.7,0.17,7.43,0.0,5.0,5.3,D,85.43,0.98,0.02,Safe D,,
2026-09-06,NY-SD-21,NY,Senate,SD-21,1,,Kevin Parker,Ronald Seifert,,Kevin Parker,D,True,False,51.5,56.04,47.41,0.17,7.43,0.0,5.0,5.3,,65.14,1.0,0.0,Safe D,,
2026-09-06,NY-SD-22,NY,Senate,SD-22,1,,Sam Sutton,,Nachman Carl Caller,Sam Sutton,D,True,False,-55.3,-50.84,-42.74,0.17,7.43,81.55,0.0,5.3,D,51.54,0.98,0.02,Safe D,,
2026-09-06,NY-SD-23,NY,Senate,SD-23,1,,Jessica Scarcella-Spanton,Ruslan Shamal,,Jessica Scarcella-Spanton,D,True,False,-3.6,0.91,0.91,0.17,7.43,5.28,0.0,5.3,,18.92,0.892,0.108,Likely D,,
2026-09-06,NY-SD-24,NY,Senate,SD-24,1,,Alexis Rodriguez,Andrew Lanza,,Andrew Lanza,R,True,False,-45.4,-42.49,-35.69,0.17,-7.43,0.0,-5.0,5.3,,-42.82,0.0026,0.9974,Safe R,,
2026-09-06,NY-SD-25,NY,Senate,SD-25,1,,Jabari Brisport,,,Jabari Brisport,D,True,False,80.2,84.52,71.43,0.17,7.43,0.0,5.0,5.3,D,89.16,0.98,0.02,Safe D,,
2026-09-06,NY-SD-26,NY,Senate,SD-26,1,,Andrew Gounardes,Tom Stanten,,Andrew Gounardes,D,True,False,54.6,57.79,48.88,0.17,7.43,7.87,0.0,5.3,,69.49,1.0,0.0,Safe D,,
2026-09-06,NY-SD-27,NY,Senate,SD-27,1,,Grace Lee,Jason Murillo,Yuh-Line Niou,Brian Kavanagh,D,False,True,60.6,65.34,55.25,0.17,0.0,-2.17,0.0,5.3,,58.38,0.9999,0.0001,Safe D,,
2026-09-06,NY-SD-28,NY,Senate,SD-28,1,,Liz Krueger,Alina Bonsell,,Liz Krueger,D,True,False,56.1,59.46,50.29,0.17,7.43,-2.99,0.0,5.3,,60.03,1.0,0.0,Safe D,,
2026-09-06,NY-SD-29,NY,Senate,SD-29,1,,Jose Serrano,,,Jose Serrano,D,True,False,56.2,62.41,52.78,0.17,7.43,0.31,5.0,5.3,D,70.82,0.98,0.02,Safe D,,
2026-09-06,NY-SD-3,NY,Senate,SD-3,1,,Antonio Vargas-Ayala,Dean Murray,,Dean Murray,R,True,False,-18.0,-16.24,-13.56,0.17,-7.43,-6.25,0.0,5.3,,-21.94,0.0757,0.9243,Likely R,,
2026-09-06,NY-SD-30,NY,Senate,SD-30,1,,Cordell Cleare,,,Cordell Cleare,D,True,False,75.3,79.54,67.22,0.17,7.43,0.0,5.0,5.3,D,84.96,0.98,0.02,Safe D,,
2026-09-06,NY-SD-31,NY,Senate,SD-31,1,,Robert Jackson,,,Robert Jackson,D,True,False,46.1,53.88,45.59,0.17,7.43,3.18,0.0,5.3,D,61.5,0.98,0.02,Safe D,,
2026-09-06,NY-SD-32,NY,Senate,SD-32,1,,Luis Sepúlveda,,,Luis Sepúlveda,D,True,False,47.7,56.06,47.42,0.17,7.43,0.0,5.0,5.3,D,65.15,0.98,0.02,Safe D,,
2026-09-06,NY-SD-33,NY,Senate,SD-33,1,,Gustavo Rivera,,,Gustavo Rivera,D,True,False,39.0,46.02,38.95,0.17,7.43,2.91,0.0,5.3,D,54.6,0.98,0.02,Safe D,,
2026-09-06,NY-SD-34,NY,Senate,SD-34,1,,Nathalia Fernandez,,Adrian Romero,Nathalia Fernández,D,True,False,31.0,36.93,31.29,0.17,7.43,-0.01,5.0,5.3,D,49.01,0.98,0.02,Safe D,,
2026-09-06,NY-SD-35,NY,Senate,SD-35,1,,Andrea Stewart-Cousins,Anthony Merante,,Andrea Stewart-Cousins,D,True,False,25.2,28.53,24.21,0.17,7.43,1.43,0.0,5.3,,38.36,0.9939,0.0061,Safe D,,
2026-09-06,NY-SD-36,NY,Senate,SD-36,1,,Jamaal Bailey,,Grace Marrero,Jamaal Bailey,D,True,False,65.7,69.75,58.97,0.17,7.43,0.0,5.0,5.3,D,76.7,0.98,0.02,Safe D,,
2026-09-06,NY-SD-37,NY,Senate,SD-37,1,,Shelley Mayer,Thomas Fix,,Shelley Mayer,D,True,False,22.8,25.53,21.67,0.17,7.43,-3.17,0.0,5.3,,31.24,0.9795,0.0205,Safe D,,
2026-09-06,NY-SD-38,NY,Senate,SD-38,1,,Joseph Rand,William Weber Jr.,,William Weber Jr.,R,True,False,-11.1,-7.03,-5.79,0.17,-7.43,1.01,0.0,5.3,,-6.92,0.3256,0.6744,Lean R,,
2026-09-06,NY-SD-39,NY,Senate,SD-39,1,,Lisa Kaul,Rob Rolison,Evan R. Menist,Rob Rolison,R,True,False,4.2,5.14,4.48,0.17,-7.43,-2.59,0.0,5.3,,-0.24,0.4937,0.5063,Toss-up,,
2026-09-06,NY-SD-4,NY,Senate,SD-4,1,,Monica Martinez,Brianne Wakefield,,Monica Martinez,D,True,False,6.5,10.76,9.21,0.17,7.43,-1.29,0.0,5.3,,20.65,0.9116,0.0884,Likely D,,
2026-09-06,NY-SD-40,NY,Senate,SD-40,1,,Pete Harckham,Sergio J. Esposito,,Pete Harckham,D,True,False,8.8,10.37,8.88,0.17,7.43,0.0,5.0,5.3,,26.62,0.9591,0.0409,Safe D,,
2026-09-06,NY-SD-41,NY,Senate,SD-41,1,,Michelle Hinchey,Patrick Sheehan,,Michelle Hinchey,D,True,False,11.9,11.9,10.18,0.17,7.43,-6.01,0.0,5.3,,16.9,0.8654,0.1346,Likely D,,
2026-09-06,NY-SD-42,NY,Senate,SD-42,1,,James Skoufis,Jennifer Figueroa,Joshua Blumenthal,James Skoufis,D,True,False,-11.6,-9.68,-8.02,0.17,7.43,3.04,0.0,5.3,,7.75,0.6938,0.3062,Lean D,,
2026-09-06,NY-SD-43,NY,Senate,SD-43,1,,Devin Lander,Jake Ashby,,Jake Ashby,R,True,False,3.1,4.25,3.72,0.17,-7.43,5.19,0.0,5.3,,6.78,0.6713,0.3287,Lean D,,
2026-09-06,NY-SD-44,NY,Senate,SD-44,1,,Sarah F. Rogerson,Jim Tedisco,,Jim Tedisco,R,True,False,7.6,8.34,7.17,0.17,-7.43,0.0,-5.0,5.3,,0.04,0.5011,0.4989,Toss-up,,
2026-09-06,NY-SD-45,NY,Senate,SD-45,1,,Melissa Seale,Dan Stec,,Dan Stec,R,True,False,-6.3,-5.04,-4.11,0.17,-7.43,0.0,-5.0,5.3,,-11.24,0.2311,0.7689,Likely R,,
2026-09-06,NY-SD-46,NY,Senate,SD-46,1,,Pat Fahy,Martha G. McHugh,,Pat Fahy,D,True,False,15.0,16.19,13.8,0.17,7.43,0.0,5.0,5.3,,31.53,0.9804,0.0196,Safe D,,
2026-09-06,NY-SD-47,NY,Senate,SD-47,1,,Erik Bottcher,Charlotte Friedman,Emily YueXin Miller,Erik Bottcher,D,True,False,71.2,74.2,62.72,0.17,7.43,0.0,5.0,5.3,,80.45,1.0,0.0,Safe D,,
2026-09-06,NY-SD-48,NY,Senate,SD-48,1,,Rachel May,Rich McCarron,,Rachel May,D,True,False,14.1,15.06,12.84,0.17,7.43,2.28,0.0,5.3,,27.85,0.9657,0.0343,Safe D,,
2026-09-06,NY-SD-49,NY,Senate,SD-49,1,,Cassie Robbins-Forbus,Mark Walczyk,,Mark Walczyk,R,True,False,-32.6,-31.51,-26.44,0.17,-7.43,-5.57,0.0,5.3,,-34.14,0.0128,0.9872,Safe R,,
2026-09-06,NY-SD-5,NY,Senate,SD-5,1,,Andrew Piddoubny,Steve Rhoads,,Steve Rhoads,R,True,False,-16.0,-13.25,-11.04,0.17,-7.43,0.0,-5.0,5.3,,-18.17,0.1174,0.8826,Likely R,,
2026-09-06,NY-SD-50,NY,Senate,SD-50,1,,Chris Ryan,James Corl,,Chris Ryan,D,True,False,4.3,4.71,4.12,0.17,7.43,0.0,5.0,5.3,,21.85,0.9235,0.0765,Likely D,,
2026-09-06,NY-SD-51,NY,Senate,SD-51,1,,Michele Frazier,Chris Tague,,Peter Oberacker,R,False,True,-14.6,-14.11,-11.76,0.17,0.0,0.52,0.0,5.3,,-5.94,0.3489,0.6511,Lean R,,
2026-09-06,NY-SD-52,NY,Senate,SD-52,1,,Lea Webb,Mike Bolles,,Lea Webb,D,True,False,19.1,19.57,16.65,0.17,7.43,-4.55,0.0,5.3,,24.82,0.9477,0.0523,Likely D,,
2026-09-06,NY-SD-53,NY,Senate,SD-53,1,,Mandi Drake,Joe Griffo,,Joe Griffo,R,True,False,-20.6,-19.75,-16.52,0.17,-7.43,0.0,-5.0,5.3,,-23.65,0.061,0.939,Likely R,,
2026-09-06,NY-SD-54,NY,Senate,SD-54,1,,Michael Mills,Pam Helming,,Pam Helming,R,True,False,-10.8,-10.76,-8.94,0.17,-7.43,0.0,-5.0,5.3,,-16.07,0.1467,0.8533,Likely R,,
2026-09-06,NY-SD-55,NY,Senate,SD-55,1,,Samra Brouk,Chris Brown,,Samra Brouk,D,True,False,28.4,28.63,24.28,0.17,7.43,-4.68,0.0,5.3,,32.34,0.9828,0.0172,Safe D,,
2026-09-06,NY-SD-56,NY,Senate,SD-56,1,,Jeremy Cooney,Orlando Rivera,,Jeremy Cooney,D,True,False,22.6,23.49,19.95,0.17,7.43,-7.78,0.0,5.3,,24.9,0.9483,0.0517,Likely D,,
2026-09-06,NY-SD-57,NY,Senate,SD-57,1,,Victoria A. Guite-Williams,George Borrello,,George Borrello,R,True,False,-32.0,-31.7,-26.59,0.17,-7.43,-5.03,0.0,5.3,,-33.75,0.0137,0.9863,Safe R,,
2026-09-06,NY-SD-58,NY,Senate,SD-58,1,,James J. Bobreski,Tom O'Mara,,Tom O'Mara,R,True,False,-23.2,-22.91,-19.18,0.17,-7.43,0.0,-5.0,5.3,,-26.31,0.0427,0.9573,Safe R,,
2026-09-06,NY-SD-59,NY,Senate,SD-59,1,,Kristen Gonzalez,,,Kristen Gonzalez,D,True,False,61.4,65.01,54.97,0.17,7.43,0.0,5.0,5.3,D,72.7,0.98,0.02,Safe D,,
2026-09-06,NY-SD-6,NY,Senate,SD-6,1,,Siela Bynoe,Matthew Capp,,Siela Bynoe,D,True,False,23.4,26.88,22.81,0.17,7.43,0.71,0.0,5.3,,36.25,0.9911,0.0089,Safe D,,
2026-09-06,NY-SD-60,NY,Senate,SD-60,1,,,Patrick Gallivan,,Patrick Gallivan,R,True,False,-13.5,-13.48,-11.23,0.17,-7.43,-38.65,0.0,5.3,R,-52.01,0.02,0.98,Safe R,,
2026-09-06,NY-SD-61,NY,Senate,SD-61,1,,Jon Rivera,,,Jeremy Zellner,D,False,True,21.9,22.31,18.96,0.17,0.0,0.0,0.0,5.3,D,24.26,0.98,0.02,Safe D,,
2026-09-06,NY-SD-62,NY,Senate,SD-62,1,,Thomas E. Arida,Rob Ortt,,Rob Ortt,R,True,False,-19.2,-18.61,-15.55,0.17,-7.43,0.0,-5.0,5.3,,-22.68,0.069,0.931,Likely R,,
2026-09-06,NY-SD-63,NY,Senate,SD-63,1,,April McCants-Baskin,Geoffrey Szymanski,,April Baskin,D,True,False,32.0,34.61,29.33,0.17,7.43,0.0,5.0,5.3,,47.07,0.999,0.001,Safe D,,
2026-09-06,NY-SD-7,NY,Senate,SD-7,1,,Rory I. Lancman,Jacob Blumencranz,,Jack Martins,R,False,True,-4.1,-0.13,0.03,0.17,0.0,0.0,0.0,5.3,,5.33,0.6362,0.3638,Lean D,,
2026-09-06,NY-SD-8,NY,Senate,SD-8,1,,Josh Taveras,Jarett Gandolfo,,Alexis Weik,R,False,True,-27.5,-25.8,-21.62,0.17,0.0,-4.18,0.0,5.3,,-20.5,0.0901,0.9099,Likely R,,
2026-09-06,NY-SD-9,NY,Senate,SD-9,1,,Lisa Vider,Patricia Canzoneri-Fitzpatrick,,Patricia Canzoneri-Fitzpatrick,R,True,False,-4.1,-0.46,-0.24,0.17,-7.43,-0.21,-5.0,5.3,,-7.59,0.3099,0.6901,Lean R,,
2026-09-06,OH-HD-1,OH,House,HD-1,1,,Dontavius Jarrells,Joel A. Greff,,Dontavius Jarrells,D,True,False,61.4,62.99,56.19,3.63,7.43,-0.97,0.0,5.3,,67.95,1.0,0.0,Safe D,,
2026-09-06,OH-HD-10,OH,House,HD-10,1,,Mark Sigrist,Denise D'Angelo,,Mark Sigrist,D,True,False,-1.7,-1.22,2.03,3.63,7.43,1.75,0.0,5.3,,16.51,0.8599,0.1401,Likely D,,
2026-09-06,OH-HD-11,OH,House,HD-11,1,,Crystal Lett,Shawn Kaeser,,Crystal Lett,D,True,False,14.7,14.48,15.27,3.63,7.43,-6.1,0.0,5.3,,21.9,0.924,0.076,Likely D,,
2026-09-06,OH-HD-12,OH,House,HD-12,1,,Lee Yarsky,Brian W Stewart,,Brian W Stewart,R,True,False,-44.4,-44.14,-34.17,3.63,-7.43,-0.16,-5.0,5.3,,-41.46,0.0034,0.9966,Safe R,,
2026-09-06,OH-HD-13,OH,House,HD-13,1,,Tristan Rader,Billy Fronimo,,Tristan Rader,D,True,False,48.8,50.04,45.27,3.63,7.43,1.53,0.0,5.3,,59.53,1.0,0.0,Safe D,,
2026-09-06,OH-HD-14,OH,House,HD-14,1,,Sean Brennan,David J. Morgan,,Sean Brennan,D,True,False,-1.5,-0.56,2.59,3.63,7.43,10.85,0.0,5.3,,26.17,0.9565,0.0435,Safe D,,
2026-09-06,OH-HD-15,OH,House,HD-15,1,,Chris Glassburn,Daniel Conway,Ryan McClain,Chris Glassburn,D,True,False,3.0,4.02,6.45,3.63,7.43,2.26,0.0,5.3,,21.44,0.9196,0.0804,Likely D,,
2026-09-06,OH-HD-16,OH,House,HD-16,1,,Scott DiMauro,Sophia Tjotjos,,Bride Sweeney,D,False,True,18.7,18.64,18.79,3.63,0.0,0.0,0.0,5.3,,24.09,0.9424,0.0576,Likely D,,
2026-09-06,OH-HD-17,OH,House,HD-17,1,,Megan Coy,Mike Dovilla,,Mike Dovilla,R,True,False,-6.4,-6.41,-2.34,3.63,-7.43,-1.0,0.0,5.3,,-5.48,0.3602,0.6398,Lean R,,
2026-09-06,OH-HD-18,OH,House,HD-18,1,,Davida Russell,Maureen Lynn,,Juanita Brent,D,False,True,77.2,78.56,69.32,3.63,0.0,0.0,0.0,5.3,,74.62,1.0,0.0,Safe D,,
2026-09-06,OH-HD-19,OH,House,HD-19,1,,Nicole Sigurdson,Ed Hargate,,Phil Robinson,D,False,True,12.1,11.92,13.11,3.63,0.0,0.0,0.0,5.3,,18.41,0.8857,0.1143,Likely D,,
2026-09-06,OH-HD-2,OH,House,HD-2,1,,Charity Martin King,,,Latyna Humphrey,D,False,True,49.9,52.25,47.13,3.63,0.0,0.0,0.0,5.3,D,52.43,0.98,0.02,Safe D,,
2026-09-06,OH-HD-20,OH,House,HD-20,1,,Eugene Miller,Donna Walker-Brown,,Terrence Upchurch,D,False,True,73.2,75.61,66.84,3.63,0.0,-0.93,0.0,5.3,,71.21,1.0,0.0,Safe D,,
2026-09-06,OH-HD-21,OH,House,HD-21,1,,Eric Synenberg,Tina Barhams,,Eric Synenberg,D,True,False,53.6,54.72,49.22,3.63,7.43,1.78,0.0,5.3,,63.73,1.0,0.0,Safe D,,
2026-09-06,OH-HD-22,OH,House,HD-22,1,,Darnell Brewer,,,Darnell Brewer,D,True,False,69.3,70.81,62.79,3.63,7.43,-0.51,0.0,5.3,D,75.0,0.98,0.02,Safe D,,
2026-09-06,OH-HD-23,OH,House,HD-23,1,,Dan Troy,Julie A. Belich,,Dan Troy,D,True,False,-0.7,-0.8,2.39,3.63,7.43,0.0,5.0,5.3,,20.12,0.9059,0.0941,Likely D,,
2026-09-06,OH-HD-24,OH,House,HD-24,1,,Dani Isaacsohn,,,Dani Isaacsohn,D,True,False,44.5,45.82,41.71,3.63,7.43,-1.29,0.0,5.3,D,53.15,0.98,0.02,Safe D,,
2026-09-06,OH-HD-25,OH,House,HD-25,1,,Cecil Thomas,,,Cecil Thomas,D,True,False,65.7,66.72,59.34,3.63,7.43,-2.1,0.0,5.3,D,69.97,0.98,0.02,Safe D,,
2026-09-06,OH-HD-26,OH,House,HD-26,1,,Ashley Bryant Bailey,Tom Brinkman, Jr.,,Ashley Bryant Bailey,D,True,False,41.2,41.85,38.36,3.63,7.43,-6.71,0.0,5.3,,44.38,0.9981,0.0019,Safe D,,
2026-09-06,OH-HD-27,OH,House,HD-27,1,,Rachel Baker,Elizabeth Maier,,Rachel Baker,D,True,False,12.3,11.92,13.12,3.63,7.43,-0.79,0.0,5.3,,25.06,0.9494,0.0506,Likely D,,
2026-09-06,OH-HD-28,OH,House,HD-28,1,,Karen Brownlee,Jill Cole,,Karen Brownlee,D,True,False,14.2,13.74,14.65,3.63,7.43,-0.89,0.0,5.3,,26.49,0.9584,0.0416,Safe D,,
2026-09-06,OH-HD-29,OH,House,HD-29,1,,Jonathan Bradner,Cindy Abrams,,Cindy Abrams,R,True,False,-10.8,-11.19,-6.38,3.63,-7.43,-0.25,-5.0,5.3,,-13.75,0.1842,0.8158,Likely R,,
2026-09-06,OH-HD-3,OH,House,HD-3,1,,Ismail Mohamed,Bernadine Kennedy Kent,Elegant Afriyie,Ismail Mohamed,D,True,False,59.2,61.53,54.96,3.63,7.43,-0.38,0.0,5.3,,67.31,1.0,0.0,Safe D,,
2026-09-06,OH-HD-30,OH,House,HD-30,1,,Caleb Price,Mike Odioso,,Mike Odioso,R,True,False,-34.0,-35.39,-26.79,3.63,-7.43,-1.28,0.0,5.3,,-30.2,0.0241,0.9759,Safe R,,
2026-09-06,OH-HD-31,OH,House,HD-31,1,,J. Noah Spinner,Mike Kahoe,Julie Miller,Bill Roemer,R,False,True,-0.9,-0.59,2.57,3.63,0.0,0.0,0.0,5.3,,7.87,0.6965,0.3035,Lean D,,
2026-09-06,OH-HD-32,OH,House,HD-32,1,,,Jack Daniels,,Jack Daniels,R,True,False,-14.2,-13.56,-8.38,3.63,-7.43,-0.02,-5.0,5.3,R,-15.53,0.02,0.98,Safe R,,
2026-09-06,OH-HD-33,OH,House,HD-33,1,,Veronica Sims,Napoleon Rodgers Jr.,,Veronica Sims,D,True,False,42.5,44.94,40.96,3.63,7.43,0.0,5.0,5.3,,58.69,0.9999,0.0001,Safe D,,
2026-09-06,OH-HD-34,OH,House,HD-34,1,,Derrick Hall,Craig Shubert,,Derrick Hall,D,True,False,7.8,8.05,9.85,3.63,7.43,-0.45,0.0,5.3,,22.14,0.9261,0.0739,Likely D,,
2026-09-06,OH-HD-35,OH,House,HD-35,1,,Samantha Salamon,Vik Sandhu,,Steve Demetriou,R,False,True,-1.4,-1.29,1.97,3.63,0.0,0.0,0.0,5.3,,7.27,0.6829,0.3171,Lean D,,
2026-09-06,OH-HD-36,OH,House,HD-36,1,,Rose Lounsbury,Andrea White,Chuck Horn,Andrea White,R,True,False,0.9,0.1,3.15,3.63,-7.43,-6.71,0.0,5.3,,-5.69,0.355,0.645,Lean R,,
2026-09-06,OH-HD-37,OH,House,HD-37,1,,Tom Herner,Tom Young,,Tom Young,R,True,False,-8.5,-8.71,-4.28,3.63,-7.43,0.0,-5.0,5.3,,-11.41,0.2278,0.7722,Likely R,,
2026-09-06,OH-HD-38,OH,House,HD-38,1,,Desireè Tims,,,Desireè Tims,D,True,False,49.3,51.69,46.66,3.63,7.43,0.0,5.0,5.3,D,64.39,0.98,0.02,Safe D,,
2026-09-06,OH-HD-39,OH,House,HD-39,1,,Daquan Neal,Mark Campbell,,Phil Plummer,R,False,True,-5.7,-5.8,-1.83,3.63,0.0,0.0,0.0,5.3,,3.47,0.5897,0.4103,Toss-up,,
2026-09-06,OH-HD-4,OH,House,HD-4,1,,Beryl Piccolantonio,,,Beryl Piccolantonio,D,True,False,18.3,17.73,18.02,3.63,7.43,0.0,5.0,5.3,D,35.75,0.98,0.02,Safe D,,
2026-09-06,OH-HD-40,OH,House,HD-40,1,,Timothy Hornbacker,Rodney Creech,Joshua Umbaugh,Rodney Creech,R,True,False,-51.3,-50.95,-39.91,3.63,-7.43,-3.01,0.0,5.3,,-45.04,0.0016,0.9984,Safe R,,
2026-09-06,OH-HD-41,OH,House,HD-41,1,,Erika White,Ian Chamberlin,,Erika White,D,True,False,17.9,18.82,18.93,3.63,7.43,-6.52,0.0,5.3,,25.15,0.95,0.05,Likely D,,
2026-09-06,OH-HD-42,OH,House,HD-42,1,,Elgin Rogers,,,Elgin Rogers,D,True,False,27.7,30.78,29.03,3.63,7.43,12.72,0.0,5.3,D,54.47,0.98,0.02,Safe D,,
2026-09-06,OH-HD-43,OH,House,HD-43,1,,Michele Grim,David Karmol,Zach Hall,Michele Grim,D,True,False,18.9,20.3,20.19,3.63,7.43,1.16,0.0,5.3,,34.08,0.9871,0.0129,Safe D,,
2026-09-06,OH-HD-44,OH,House,HD-44,1,,David J. Fournier,Edward L. Schimmel,,Josh Williams,R,False,True,-10.1,-9.63,-5.05,3.63,0.0,0.0,0.0,5.3,,0.25,0.5064,0.4936,Toss-up,,
2026-09-06,OH-HD-45,OH,House,HD-45,1,,Jayson Ameer Rasheed,Jennifer Gross,,Jennifer Gross,R,True,False,-19.3,-19.62,-13.48,3.63,-7.43,-4.4,0.0,5.3,,-20.01,0.0953,0.9047,Likely R,,
2026-09-06,OH-HD-46,OH,House,HD-46,1,,Benjamin McCall,Thomas Hall,,Thomas Hall,R,True,False,-29.5,-29.51,-21.82,3.63,-7.43,-6.88,0.0,5.3,,-30.84,0.0219,0.9781,Safe R,,
2026-09-06,OH-HD-47,OH,House,HD-47,1,,Jordan Haire,Diane Mullins,Jason Purviance,Diane Mullins,R,True,False,-24.3,-23.8,-17.01,3.63,-7.43,0.38,0.0,5.3,,-18.76,0.1099,0.8901,Likely R,,
2026-09-06,OH-HD-48,OH,House,HD-48,1,,Nick Morris,Christina Hagan,,Scott Oelslager,R,False,True,-25.8,-25.54,-18.48,3.63,0.0,0.0,0.0,5.3,,-13.18,0.1944,0.8056,Likely R,,
2026-09-06,OH-HD-49,OH,House,HD-49,1,,Krista Allison,James Louis Thomas,,James Louis Thomas,R,True,False,-2.6,-1.46,1.83,3.63,-7.43,-0.76,0.0,5.3,,-1.06,0.4724,0.5276,Toss-up,,
2026-09-06,OH-HD-5,OH,House,HD-5,1,,Meredith Lawson‐Rowe,Richard Cole,Eboney C. Eldridge,Meredith Lawson‐Rowe,D,True,False,16.5,16.98,17.39,3.63,7.43,0.0,5.0,5.3,,35.12,0.9892,0.0108,Safe D,,
2026-09-06,OH-HD-50,OH,House,HD-50,1,,Rylan Finzer,Matt Kishman,,Matt Kishman,R,True,False,-28.5,-27.57,-20.19,3.63,-7.43,0.0,-5.0,5.3,,-27.32,0.037,0.963,Safe R,,
2026-09-06,OH-HD-51,OH,House,HD-51,1,,Amanda Fontana,Jodi Salvo,,Jodi Salvo,R,True,False,-44.9,-44.04,-34.08,3.63,-7.43,-0.04,-5.0,5.3,,-41.25,0.0035,0.9965,Safe R,,
2026-09-06,OH-HD-52,OH,House,HD-52,1,,Mike Baker,Nathan Manning,,Gayle Manning,R,False,True,-4.1,-3.45,0.15,3.63,0.0,-2.27,0.0,5.3,,3.18,0.5823,0.4177,Toss-up,,
2026-09-06,OH-HD-53,OH,House,HD-53,1,,Matt Lundy,Bradley Lacko,,Joseph A. Miller III,D,False,True,2.7,4.22,6.62,3.63,0.0,8.56,0.0,5.3,,20.49,0.9098,0.0902,Likely D,,
2026-09-06,OH-HD-54,OH,House,HD-54,1,,Brenda Buchanan,Kellie Deeter,,Kellie Deeter,R,True,False,-29.4,-28.44,-20.93,3.63,-7.43,-1.17,0.0,5.3,,-24.22,0.0566,0.9434,Likely R,,
2026-09-06,OH-HD-55,OH,House,HD-55,1,,Paul Kurtz,Michelle Teska,Philip L. Pirdy,Michelle Teska,R,True,False,-43.1,-43.91,-33.97,3.63,-7.43,-0.66,0.0,5.3,,-36.76,0.0081,0.9919,Safe R,,
2026-09-06,OH-HD-56,OH,House,HD-56,1,,Laalitya Acharya,Adam Mathews,,Adam Mathews,R,True,False,-18.3,-19.16,-13.1,3.63,-7.43,-1.17,0.0,5.3,,-16.4,0.1418,0.8582,Likely R,,
2026-09-06,OH-HD-57,OH,House,HD-57,1,,Rich Walker,Jesse Styles,,Jamie Callender,R,False,True,-20.9,-20.76,-14.45,3.63,0.0,0.0,0.0,5.3,,-9.15,0.2748,0.7252,Lean R,,
2026-09-06,OH-HD-58,OH,House,HD-58,1,,John Boccieri,Heather Fronk,,Lauren McNally,D,False,True,4.7,7.64,9.51,3.63,0.0,0.0,0.0,5.3,,14.81,0.8335,0.1665,Likely D,,
2026-09-06,OH-HD-59,OH,House,HD-59,1,,Wayne Penny Jr.,Tex Fischer,,Tex Fischer,R,True,False,-24.2,-22.65,-16.04,3.63,-7.43,3.75,0.0,5.3,,-14.43,0.1727,0.8273,Likely R,,
2026-09-06,OH-HD-6,OH,House,HD-6,1,,Christine Cockley,Matthew Jackson,,Christine Cockley,D,True,False,11.5,12.59,13.68,3.63,7.43,3.3,0.0,5.3,,29.71,0.974,0.026,Safe D,,
2026-09-06,OH-HD-60,OH,House,HD-60,1,,Shelby Kimball,Brian Lorenz,,Brian Lorenz,R,True,False,-0.8,-1.48,1.82,3.63,-7.43,-2.88,0.0,5.3,,-3.19,0.4173,0.5827,Toss-up,,
2026-09-06,OH-HD-61,OH,House,HD-61,1,,Vince McGrail,Shawn Stevens,,Beth Lear,R,False,True,-19.5,-20.3,-14.05,3.63,0.0,0.0,0.0,5.3,,-8.75,0.2835,0.7165,Lean R,,
2026-09-06,OH-HD-62,OH,House,HD-62,1,,Ian Schwartz,Jean Schmidt,Ron Grethel,Jean Schmidt,R,True,False,-28.8,-29.88,-22.14,3.63,-7.43,-0.25,-5.0,5.3,,-29.52,0.0268,0.9732,Safe R,,
2026-09-06,OH-HD-63,OH,House,HD-63,1,,Debbie Davidson,Adam Bird,,Adam Bird,R,True,False,-50.4,-50.73,-39.72,3.63,-7.43,0.03,-5.0,5.3,,-46.83,0.0011,0.9989,Safe R,,
2026-09-06,OH-HD-64,OH,House,HD-64,1,,,Nick Santucci,,Nick Santucci,R,True,False,-12.9,-10.87,-6.1,3.63,-7.43,2.1,0.0,5.3,R,-6.14,0.02,0.98,Safe R,,
2026-09-06,OH-HD-65,OH,House,HD-65,1,,Lorna Westlake,David Thomas,,David Thomas,R,True,False,-28.5,-27.07,-19.77,3.63,-7.43,0.0,-5.0,5.3,,-26.9,0.0393,0.9607,Safe R,,
2026-09-06,OH-HD-66,OH,House,HD-66,1,,Chris Nardo,Sean Hutson,Justin Peroli,Sharon Ray,R,False,True,-23.6,-23.69,-16.92,3.63,0.0,0.0,0.0,5.3,,-11.62,0.2237,0.7763,Likely R,,
2026-09-06,OH-HD-67,OH,House,HD-67,1,,Heather Sample,Melanie Miller,,Melanie Miller,R,True,False,-36.4,-36.35,-27.59,3.63,-7.43,-1.75,0.0,5.3,,-31.47,0.0198,0.9802,Safe R,,
2026-09-06,OH-HD-68,OH,House,HD-68,1,,Mason Blankenship,Thad Claggett,,Thad Claggett,R,True,False,-19.8,-19.56,-13.43,3.63,-7.43,1.85,0.0,5.3,,-13.71,0.185,0.815,Likely R,,
2026-09-06,OH-HD-69,OH,House,HD-69,1,,Amy Rigsby,Kevin Miller,,Kevin Miller,R,True,False,-50.6,-50.33,-39.39,3.63,-7.43,0.65,0.0,5.3,,-40.87,0.0038,0.9962,Safe R,,
2026-09-06,OH-HD-7,OH,House,HD-7,1,,Ukeme Awakessien Jeter,William Mercier,Cameron Koffel,Allison Russo,D,False,True,42.1,42.65,39.04,3.63,0.0,0.0,0.0,5.3,,44.34,0.9981,0.0019,Safe D,,
2026-09-06,OH-HD-70,OH,House,HD-70,1,,Kim McCarthy,Brian Lampton,,Brian Lampton,R,True,False,-17.0,-17.81,-11.96,3.63,-7.43,-0.77,0.0,5.3,,-14.86,0.1657,0.8343,Likely R,,
2026-09-06,OH-HD-71,OH,House,HD-71,1,,Krista Magaw,Levi Dean,,Levi Dean,R,True,False,-40.0,-39.64,-30.37,3.63,-7.43,-0.66,0.0,5.3,,-33.16,0.0151,0.9849,Safe R,,
2026-09-06,OH-HD-72,OH,House,HD-72,1,,Jeff Clapper,Heidi Workman,Michael Fricke,Heidi Workman,R,True,False,-16.7,-15.47,-9.98,3.63,-7.43,-0.26,-5.0,5.3,,-17.37,0.128,0.872,Likely R,,
2026-09-06,OH-HD-73,OH,House,HD-73,1,,Whittney Wood,Jeff LaRe,,Jeff LaRe,R,True,False,-16.6,-16.99,-11.27,3.63,-7.43,2.7,0.0,5.3,,-10.7,0.242,0.758,Likely R,,
2026-09-06,OH-HD-74,OH,House,HD-74,1,,Darrell Jackson,Bernie Willis,,Bernie Willis,R,True,False,-26.6,-24.63,-17.71,3.63,-7.43,0.0,-5.0,5.3,,-24.84,0.0522,0.9478,Likely R,,
2026-09-06,OH-HD-75,OH,House,HD-75,1,,Jake Kielmeyer,Haraz Ghanbari,,Haraz Ghanbari,R,True,False,-10.6,-10.09,-5.45,3.63,-7.43,-11.85,0.0,5.3,,-19.43,0.1019,0.8981,Likely R,,
2026-09-06,OH-HD-76,OH,House,HD-76,1,,Colton Stidam,Marilyn John,,Marilyn John,R,True,False,-42.3,-41.81,-32.2,3.63,-7.43,-18.04,0.0,5.3,,-52.37,0.0003,0.9997,Safe R,,
2026-09-06,OH-HD-77,OH,House,HD-77,1,,Brooke Dillon,Meredith Craig,,Meredith Craig,R,True,False,-39.2,-38.86,-29.71,3.63,-7.43,0.22,-5.0,5.3,,-36.62,0.0083,0.9917,Safe R,,
2026-09-06,OH-HD-78,OH,House,HD-78,1,,Jeffrey R. Givan,Matt Huffman,,Matt Huffman,R,True,False,-47.2,-46.47,-36.13,3.63,-7.43,-1.64,0.0,5.3,,-39.9,0.0045,0.9955,Safe R,,
2026-09-06,OH-HD-79,OH,House,HD-79,1,,Bob Guy,Monica Blasdel,,Monica Blasdel,R,True,False,-49.4,-48.65,-37.96,3.63,-7.43,0.0,-5.0,5.3,,-45.1,0.0016,0.9984,Safe R,,
2026-09-06,OH-HD-8,OH,House,HD-8,1,,Anita Somani,Kelly Hunter-Kalagidis,,Anita Somani,D,True,False,32.3,32.49,30.47,3.63,7.43,-1.18,0.0,5.3,,42.01,0.997,0.003,Safe D,,
2026-09-06,OH-HD-80,OH,House,HD-80,1,,Katie Koehler Wagner,Johnathan Newman,,Johnathan Newman,R,True,False,-48.2,-48.5,-37.84,3.63,-7.43,-0.58,0.0,5.3,,-40.55,0.004,0.996,Safe R,,
2026-09-06,OH-HD-81,OH,House,HD-81,1,,David Swanson,Patti Rockey,,James Hoops,R,False,True,-46.0,-45.57,-35.37,3.63,0.0,0.0,0.0,5.3,,-30.07,0.0246,0.9754,Safe R,,
2026-09-06,OH-HD-82,OH,House,HD-82,1,,Maddux McCray,Roy Klopfenstein,Christopher Elder,Roy Klopfenstein,R,True,False,-55.8,-55.51,-43.75,3.63,-7.43,-0.84,0.0,5.3,,-46.73,0.0011,0.9989,Safe R,,
2026-09-06,OH-HD-83,OH,House,HD-83,1,,Sheila Coressel,Ty Mathews,,Ty Mathews,R,True,False,-45.2,-45.42,-35.24,3.63,-7.43,-3.68,0.0,5.3,,-41.05,0.0036,0.9964,Safe R,,
2026-09-06,OH-HD-84,OH,House,HD-84,1,,Arienne Childrey,Angie King,,Angie King,R,True,False,-64.5,-64.52,-51.35,3.63,-7.43,-2.97,0.0,5.3,,-56.45,0.0001,0.9999,Safe R,,
2026-09-06,OH-HD-85,OH,House,HD-85,1,,Victoria Maddox,Tim Barhorst,,Tim Barhorst,R,True,False,-57.3,-57.17,-45.16,3.63,-7.43,-1.01,0.0,5.3,,-48.3,0.0008,0.9992,Safe R,,
2026-09-06,OH-HD-86,OH,House,HD-86,1,,Kent Halloran,Benjamin Weber,,Tracy Richardson,R,False,True,-31.4,-31.94,-23.88,3.63,0.0,0.0,0.0,5.3,,-18.58,0.1122,0.8878,Likely R,,
2026-09-06,OH-HD-87,OH,House,HD-87,1,,Lora Covrett,Jeffrey McClain,,Riordan McClain,R,False,True,-54.0,-53.83,-42.33,3.63,0.0,0.0,0.0,5.3,,-37.03,0.0077,0.9923,Safe R,,
2026-09-06,OH-HD-88,OH,House,HD-88,1,,Aaron Jones,Gary Click,,Gary Click,R,True,False,-33.9,-33.11,-24.86,3.63,-7.43,1.02,0.0,5.3,,-25.97,0.0447,0.9553,Safe R,,
2026-09-06,OH-HD-89,OH,House,HD-89,1,,Easton Retzke,D.J. Swearingen,,D.J. Swearingen,R,True,False,-18.7,-17.99,-12.11,3.63,-7.43,-0.2,-5.0,5.3,,-19.44,0.1019,0.8981,Likely R,,
2026-09-06,OH-HD-9,OH,House,HD-9,1,,Munira Abdullahi,Bruce Euans,,Munira Abdullahi,D,True,False,35.2,36.95,34.23,3.63,7.43,0.0,5.0,5.3,,51.96,0.9997,0.0003,Safe D,,
2026-09-06,OH-HD-90,OH,House,HD-90,1,,Collin Docterman,Justin Pizzulli,,Justin Pizzulli,R,True,False,-54.0,-52.57,-41.27,3.63,-7.43,0.16,-5.0,5.3,,-48.25,0.0008,0.9992,Safe R,,
2026-09-06,OH-HD-91,OH,House,HD-91,1,,Amy Wright,Bob Peterson,,Bob Peterson,R,True,False,-57.8,-56.71,-44.76,3.63,-7.43,0.51,0.0,5.3,,-46.38,0.0012,0.9988,Safe R,,
2026-09-06,OH-HD-92,OH,House,HD-92,1,,Sarah Seniff,Mark Johnson,,Mark Johnson,R,True,False,-42.3,-41.09,-31.6,3.63,-7.43,1.23,0.0,5.3,,-32.5,0.0168,0.9832,Safe R,,
2026-09-06,OH-HD-93,OH,House,HD-93,1,,Jessica Harper,Jason Stephens,,Jason Stephens,R,True,False,-54.6,-53.74,-42.26,3.63,-7.43,0.0,-5.0,5.3,,-49.39,0.0006,0.9994,Safe R,,
2026-09-06,OH-HD-94,OH,House,HD-94,1,,Wenda Sheard,Kevin Ritter,,Kevin Ritter,R,True,False,-39.0,-38.42,-29.34,3.63,-7.43,0.31,-5.0,5.3,,-36.16,0.009,0.991,Safe R,,
2026-09-06,OH-HD-95,OH,House,HD-95,1,,Paul Cameron,Ty Moore,,Ty Moore,R,True,False,-33.8,-32.69,-24.51,3.63,-7.43,0.0,-5.0,5.3,,-31.64,0.0193,0.9807,Safe R,,
2026-09-06,OH-HD-96,OH,House,HD-96,1,,Charrie L. Foglio,Ron Ferguson,,Ron Ferguson,R,True,False,-45.7,-44.46,-34.43,3.63,-7.43,1.48,0.0,5.3,,-35.08,0.0109,0.9891,Safe R,,
2026-09-06,OH-HD-97,OH,House,HD-97,1,,,Adam Holmes,Tim Godwin,Adam Holmes,R,True,False,-44.7,-43.64,-33.74,3.63,-7.43,0.33,-5.0,5.3,R,-40.54,0.02,0.98,Safe R,,
2026-09-06,OH-HD-98,OH,House,HD-98,1,,Scott Grund,Mark Hiner,,Mark Hiner,R,True,False,-51.1,-50.74,-39.73,3.63,-7.43,0.05,-5.0,5.3,,-46.81,0.0011,0.9989,Safe R,,
2026-09-06,OH-HD-99,OH,House,HD-99,1,,Louis Murphy,Sarah Fowler Arthur,,Sarah Fowler Arthur,R,True,False,-26.3,-25.53,-18.47,3.63,-7.43,-2.06,0.0,5.3,,-22.65,0.0693,0.9307,Likely R,,
2026-09-06,OH-SD-1,OH,Senate,SD-1,1,,,Craig Riedel,,Rob McColley,R,False,True,-49.0,-48.85,-38.13,3.63,0.0,0.0,0.0,5.3,R,-32.83,0.02,0.98,Safe R,,
2026-09-06,OH-SD-11,OH,Senate,SD-11,1,,Paula Hicks-Hudson,James Nowak,Kenneth Sharp,Paula Hicks-Hudson,D,True,False,21.0,22.74,22.24,3.63,7.43,0.0,5.0,5.3,,39.97,0.9955,0.0045,Safe D,,
2026-09-06,OH-SD-13,OH,Senate,SD-13,1,,Joseph A. Miller III,Gayle Manning,,Nathan Manning,R,False,True,-10.8,-9.77,-5.18,3.63,0.0,1.58,0.0,5.3,,1.7,0.5443,0.4557,Toss-up,,
2026-09-06,OH-SD-15,OH,Senate,SD-15,1,,Latyna Humphrey,Joseph Healy,,Hearcel Craig,D,False,True,56.8,58.85,52.7,3.63,0.0,0.0,0.0,5.3,,58.0,0.9999,0.0001,Safe D,,
2026-09-06,OH-SD-17,OH,Senate,SD-17,1,,Brian Deer,Shane Wilkin,,Shane Wilkin,R,True,False,-51.6,-50.57,-39.59,3.63,-7.43,0.23,-5.0,5.3,,-46.49,0.0012,0.9988,Safe R,,
2026-09-06,OH-SD-19,OH,Senate,SD-19,1,,Janet Wagner,Ryan Rivers,,Andrew Brenner,R,False,True,-20.7,-21.32,-14.92,3.63,0.0,0.0,0.0,5.3,,-9.62,0.2647,0.7353,Lean R,,
2026-09-06,OH-SD-21,OH,Senate,SD-21,1,,Kent Smith,Mikhail Alterman,,Kent Smith,D,True,False,66.6,67.97,60.39,3.63,7.43,-1.34,0.0,5.3,,71.79,1.0,0.0,Safe D,,
2026-09-06,OH-SD-23,OH,Senate,SD-23,1,,Bride Sweeney,Robert Dintaman,,Nickie Antonio,D,False,True,41.2,42.67,39.05,3.63,0.0,1.53,0.0,5.3,,45.88,0.9987,0.0013,Safe D,,
2026-09-06,OH-SD-25,OH,Senate,SD-25,1,,Bill DeMora,Don Roberts,Raisheda D. Angus,Bill DeMora,D,True,False,31.3,32.42,30.4,3.63,7.43,4.73,0.0,5.3,,47.86,0.9991,0.0009,Safe D,,
2026-09-06,OH-SD-27,OH,Senate,SD-27,1,,Mike Roberto,Steve Demetriou,,Kristina Roegner,R,False,True,-5.8,-5.27,-1.38,3.63,0.0,-3.79,0.0,5.3,,0.13,0.5033,0.4967,Toss-up,,
2026-09-06,OH-SD-29,OH,Senate,SD-29,1,,Thomas West,Jane Timken,,Jane Timken,R,True,False,-20.1,-19.25,-13.17,3.63,-7.43,-0.4,0.0,5.3,,-15.7,0.1523,0.8477,Likely R,,
2026-09-06,OH-SD-3,OH,Senate,SD-3,1,,Stacie Baker,Michele Reynolds,,Michele Reynolds,R,True,False,-10.7,-10.11,-5.46,3.63,-7.43,1.71,0.0,5.3,,-5.89,0.3501,0.6499,Lean R,,
2026-09-06,OH-SD-31,OH,Senate,SD-31,1,,Laura Sirot,Al Landis,,Al Landis,R,True,False,-43.0,-42.18,-32.51,3.63,-7.43,0.0,-5.0,5.3,,-39.64,0.0048,0.9952,Safe R,,
2026-09-06,OH-SD-33,OH,Senate,SD-33,1,,Michael Kripchak,Al Cutrona,,Al Cutrona,R,True,False,-23.9,-21.96,-15.46,3.63,-7.43,-2.91,0.0,5.3,,-20.5,0.09,0.91,Likely R,,
2026-09-06,OH-SD-5,OH,Senate,SD-5,1,,Jeffrey Harris,Phil Plummer,,Steve Huffman,R,False,True,-36.3,-36.23,-27.5,3.63,0.0,0.59,0.0,5.3,,-21.61,0.0788,0.9212,Likely R,,
2026-09-06,OH-SD-7,OH,Senate,SD-7,1,,Cara Jacob,Zac Haines,,Steve Wilson,R,False,True,-16.9,-17.2,-11.44,3.63,0.0,0.0,0.0,5.3,,-6.14,0.3439,0.6561,Lean R,,
2026-09-06,OH-SD-9,OH,Senate,SD-9,1,,Catherine Ingram,Linda Matthews,,Catherine Ingram,D,True,False,49.1,50.2,45.4,3.63,7.43,-1.72,0.0,5.3,,56.42,0.9999,0.0001,Safe D,,
2026-09-06,OK-HD-1,OK,House,HD-1,1,,Kurt Reisdorf,Chris White,,Eddy Dempsey,R,False,True,-69.4,-69.28,-57.33,1.3,0.0,0.0,0.0,5.3,,-52.03,0.0003,0.9997,Safe R,,
2026-09-06,OK-HD-10,OK,House,HD-10,1,,Isaac D Mattox,Judd Strom,,Judd Strom,R,True,False,-58.2,-58.86,-48.55,1.3,-7.43,0.0,-5.0,5.3,,-55.68,0.0001,0.9999,Safe R,,
2026-09-06,OK-HD-100,OK,House,HD-100,1,,Chaunté Gilmore,Marilyn Stark,,Marilyn Stark,R,True,False,-0.6,-8.78,-6.31,1.3,-7.43,-2.95,0.0,5.3,,-11.39,0.2282,0.7718,Likely R,,
2026-09-06,OK-HD-101,OK,House,HD-101,1,,,Robert Manger,,Robert Manger,R,True,False,-26.1,-31.46,-25.44,1.3,-7.43,-2.5,0.0,5.3,R,-30.07,0.02,0.98,Safe R,,
2026-09-06,OK-HD-11,OK,House,HD-11,1,,,John Kane,,John Kane,R,True,False,-48.0,-45.5,-37.28,1.3,-7.43,0.0,-5.0,5.3,R,-44.41,0.02,0.98,Safe R,,
2026-09-06,OK-HD-12,OK,House,HD-12,1,,Tiffany Prater,Mark Chapman,,Mark Chapman,R,True,False,-56.0,-56.85,-46.85,1.3,-7.43,-0.78,0.0,5.3,,-49.76,0.0006,0.9994,Safe R,,
2026-09-06,OK-HD-13,OK,House,HD-13,1,,,Neil Hays,,Neil Hays,R,True,False,-35.7,-33.77,-27.38,1.3,-7.43,2.03,0.0,5.3,R,-27.49,0.02,0.98,Safe R,,
2026-09-06,OK-HD-14,OK,House,HD-14,1,,Jeremiah Gantz,Chris Sneed,,Chris Sneed,R,True,False,-39.2,-40.05,-32.68,1.3,-7.43,0.0,-5.0,5.3,,-39.81,0.0046,0.9954,Safe R,,
2026-09-06,OK-HD-15,OK,House,HD-15,1,,,Tim Turner,,Tim Turner,R,True,False,-61.9,-61.39,-50.68,1.3,-7.43,0.0,-5.0,5.3,R,-57.81,0.02,0.98,Safe R,,
2026-09-06,OK-HD-16,OK,House,HD-16,1,,Rosie Lynch,David Nelson,,Scott Fetgatter,R,False,True,-41.4,-39.33,-32.08,1.3,0.0,-1.44,0.0,5.3,,-28.22,0.0325,0.9675,Safe R,,
2026-09-06,OK-HD-17,OK,House,HD-17,1,,,Jim Grego,,Jim Grego,R,True,False,-59.7,-59.36,-48.97,1.3,-7.43,0.0,-5.0,5.3,R,-56.1,0.02,0.98,Safe R,,
2026-09-06,OK-HD-18,OK,House,HD-18,1,,,David Smith,,David Smith,R,True,False,-61.5,-61.49,-50.77,1.3,-7.43,0.0,-5.0,5.3,R,-57.9,0.02,0.98,Safe R,,
2026-09-06,OK-HD-19,OK,House,HD-19,1,,,Michael A. Brittingham,,Justin Humphrey,R,False,True,-69.1,-68.43,-56.61,1.3,0.0,0.0,0.0,5.3,R,-51.31,0.02,0.98,Safe R,,
2026-09-06,OK-HD-2,OK,House,HD-2,1,,,Jim Olsen,,Jim Olsen,R,True,False,-61.5,-61.2,-50.52,1.3,-7.43,0.0,-5.0,5.3,R,-57.65,0.02,0.98,Safe R,,
2026-09-06,OK-HD-20,OK,House,HD-20,1,,Chris May,Jonathan Wilk,,Jonathan Wilk,R,True,False,-52.8,-53.64,-44.14,1.3,-7.43,0.43,0.0,5.3,,-45.84,0.0014,0.9986,Safe R,,
2026-09-06,OK-HD-21,OK,House,HD-21,1,,Payton Guthrie,Cody Maynard,,Cody Maynard,R,True,False,-56.1,-56.63,-46.67,1.3,-7.43,0.0,-5.0,5.3,,-53.8,0.0002,0.9998,Safe R,,
2026-09-06,OK-HD-22,OK,House,HD-22,1,,,Ryan Eaves,,Ryan Eaves,R,True,False,-66.2,-66.36,-54.87,1.3,-7.43,0.0,-5.0,5.3,R,-62.0,0.02,0.98,Safe R,,
2026-09-06,OK-HD-23,OK,House,HD-23,1,,Catherine Peters,Derrick Hildebrant,,Derrick Hildebrant,R,True,False,-36.6,-48.13,-39.5,1.3,-7.43,0.0,-5.0,5.3,,-46.63,0.0011,0.9989,Safe R,,
2026-09-06,OK-HD-24,OK,House,HD-24,1,,,Chris Banning,Joshua Conant,Chris Banning,R,True,False,-48.5,-60.1,-49.6,1.3,-7.43,0.0,-5.0,5.3,R,-56.73,0.02,0.98,Safe R,,
2026-09-06,OK-HD-25,OK,House,HD-25,1,,,Ronny Johns,,Ronny Johns,R,True,False,-47.6,-47.97,-39.36,1.3,-7.43,0.0,-5.0,5.3,R,-46.49,0.02,0.98,Safe R,,
2026-09-06,OK-HD-26,OK,House,HD-26,1,,Chris Odneal,Leah Longest,,Dell Kerbs,R,False,True,-35.7,-36.62,-29.79,1.3,0.0,0.0,0.0,5.3,,-24.49,0.0546,0.9454,Likely R,,
2026-09-06,OK-HD-27,OK,House,HD-27,1,,Memory Taylor,Danny Sterling,,Danny Sterling,R,True,False,-49.8,-49.11,-40.32,1.3,-7.43,0.0,-5.0,5.3,,-47.45,0.001,0.999,Safe R,,
2026-09-06,OK-HD-28,OK,House,HD-28,1,,Blake Cummings,Danny Williams,,Danny Williams,R,True,False,-54.6,-54.76,-45.09,1.3,-7.43,2.02,0.0,5.3,,-45.19,0.0016,0.9984,Safe R,,
2026-09-06,OK-HD-29,OK,House,HD-29,1,,,Kyle Hilbert,,Kyle Hilbert,R,True,False,-58.0,-61.9,-51.11,1.3,-7.43,-2.32,0.0,5.3,R,-55.56,0.02,0.98,Safe R,,
2026-09-06,OK-HD-3,OK,House,HD-3,1,,Steve Glinski,Rick West,,Rick West,R,True,False,-63.3,-63.41,-52.39,1.3,-7.43,8.69,0.0,5.3,,-45.83,0.0014,0.9986,Safe R,,
2026-09-06,OK-HD-30,OK,House,HD-30,1,,Sonya Amling,Mark Lawson,,Mark Lawson,R,True,False,-45.8,-48.29,-39.63,1.3,-7.43,-3.54,0.0,5.3,,-45.31,0.0015,0.9985,Safe R,,
2026-09-06,OK-HD-31,OK,House,HD-31,1,,,Collin Duel,,Collin Duel,R,True,False,-45.6,-47.28,-38.78,1.3,-7.43,0.0,-5.0,5.3,R,-45.91,0.02,0.98,Safe R,,
2026-09-06,OK-HD-32,OK,House,HD-32,1,,,Jim Shaw,Andy Brown,Jim Shaw,R,True,False,-61.8,-62.65,-51.74,1.3,-7.43,0.0,-5.0,5.3,R,-58.87,0.02,0.98,Safe R,,
2026-09-06,OK-HD-33,OK,House,HD-33,1,,Max E. Burchett Jr,Molly Jenkins,,Molly Jenkins,R,True,False,-39.5,-39.48,-32.2,1.3,-7.43,0.0,-5.0,5.3,,-39.33,0.0051,0.9949,Safe R,,
2026-09-06,OK-HD-34,OK,House,HD-34,1,,Trish Ranson,Aaron Means,,Trish Ranson,D,True,False,2.6,2.33,3.06,1.3,7.43,4.63,0.0,5.3,,20.42,0.9091,0.0909,Likely D,,
2026-09-06,OK-HD-35,OK,House,HD-35,1,,,Dillon Travis,,Dillon Travis,R,True,False,-57.7,-58.33,-48.1,1.3,-7.43,0.0,-5.0,5.3,R,-55.23,0.02,0.98,Safe R,,
2026-09-06,OK-HD-36,OK,House,HD-36,1,,Leslie Hellebuyck,John George,,John George,R,True,False,-52.8,-57.55,-47.44,1.3,-7.43,0.0,-5.0,5.3,,-54.57,0.0002,0.9998,Safe R,,
2026-09-06,OK-HD-37,OK,House,HD-37,1,,,Spencer Grace,,Ken Luttrell,R,False,True,-44.7,-45.92,-37.63,1.3,0.0,0.0,0.0,5.3,R,-32.33,0.02,0.98,Safe R,,
2026-09-06,OK-HD-38,OK,House,HD-38,1,,Doyle Lewis,Madison Bolay,,John Pfeiffer,R,False,True,-65.2,-66.06,-54.62,1.3,0.0,-1.66,0.0,5.3,,-50.98,0.0004,0.9996,Safe R,,
2026-09-06,OK-HD-39,OK,House,HD-39,1,,,Erick Harris,,Erick Harris,R,True,False,-19.3,-32.59,-26.39,1.3,-7.43,0.0,-5.0,5.3,R,-33.52,0.02,0.98,Safe R,,
2026-09-06,OK-HD-4,OK,House,HD-4,1,,Christopher Wier,Bob Culver,,Bob Culver,R,True,False,-30.4,-29.7,-23.95,1.3,-7.43,-1.99,0.0,5.3,,-28.07,0.0332,0.9668,Safe R,,
2026-09-06,OK-HD-40,OK,House,HD-40,1,,,Kinsley Jordan,,Chad Caldwell,R,False,True,-43.4,-44.27,-36.24,1.3,0.0,0.0,0.0,5.3,R,-30.94,0.02,0.98,Safe R,,
2026-09-06,OK-HD-41,OK,House,HD-41,1,,Mike Bockus,Denise Hader,,Denise Hader,R,True,False,-35.5,-46.75,-38.33,1.3,-7.43,3.42,0.0,5.3,,-37.04,0.0077,0.9923,Safe R,,
2026-09-06,OK-HD-42,OK,House,HD-42,1,,,Cindy Roe,,Cindy Roe,R,True,False,-64.7,-65.04,-53.76,1.3,-7.43,0.0,-5.0,5.3,R,-60.89,0.02,0.98,Safe R,,
2026-09-06,OK-HD-43,OK,House,HD-43,1,,,Jay Steagall,,Jay Steagall,R,True,False,-34.9,-37.37,-30.42,1.3,-7.43,0.0,-5.0,5.3,R,-37.55,0.02,0.98,Safe R,,
2026-09-06,OK-HD-44,OK,House,HD-44,1,,Jared Deck,,,Jared Deck,D,True,False,31.0,32.75,28.72,1.3,7.43,3.39,0.0,5.3,D,44.84,0.98,0.02,Safe D,,
2026-09-06,OK-HD-45,OK,House,HD-45,1,,Annie Menz,Carolyn Womack-Bielich,,Annie Menz,D,True,False,5.8,6.0,6.15,1.3,7.43,-0.01,5.0,5.3,,23.88,0.9408,0.0592,Likely D,,
2026-09-06,OK-HD-46,OK,House,HD-46,1,,Jacob Rosecrants,,,Jacob Rosecrants,D,True,False,4.0,3.2,3.8,1.3,7.43,0.16,5.0,5.3,D,21.68,0.98,0.02,Safe D,,
2026-09-06,OK-HD-47,OK,House,HD-47,1,,Indigo Oliver,Toby Thompson,,Brian Hill,R,False,True,-43.6,-45.6,-37.36,1.3,0.0,0.0,0.0,5.3,,-32.06,0.018,0.982,Safe R,,
2026-09-06,OK-HD-48,OK,House,HD-48,1,,,Tammy Townley,,Tammy Townley,R,True,False,-48.5,-48.85,-40.1,1.3,-7.43,0.0,-5.0,5.3,R,-47.23,0.02,0.98,Safe R,,
2026-09-06,OK-HD-49,OK,House,HD-49,1,,Dusty Jones,Josh Cantrell,,Josh Cantrell,R,True,False,-67.6,-67.55,-55.88,1.3,-7.43,0.0,-5.0,5.3,,-63.01,0.0,1.0,Safe R,,
2026-09-06,OK-HD-5,OK,House,HD-5,1,,,Josh West,,Josh West,R,True,False,-58.9,-58.69,-48.4,1.3,-7.43,0.0,-5.0,5.3,R,-55.53,0.02,0.98,Safe R,,
2026-09-06,OK-HD-50,OK,House,HD-50,1,,,Stacy Adams,,Stacy Adams,R,True,False,-63.2,-64.27,-53.11,1.3,-7.43,0.0,-5.0,5.3,R,-60.24,0.02,0.98,Safe R,,
2026-09-06,OK-HD-51,OK,House,HD-51,1,,,Cole Stevens,,Brad Boles,R,False,True,-67.9,-68.57,-56.74,1.3,0.0,0.0,0.0,5.3,R,-51.44,0.02,0.98,Safe R,,
2026-09-06,OK-HD-52,OK,House,HD-52,1,,,Gerrid Kendrix,,Gerrid Kendrix,R,True,False,-59.6,-60.39,-49.83,1.3,-7.43,0.0,-5.0,5.3,R,-56.97,0.02,0.98,Safe R,,
2026-09-06,OK-HD-53,OK,House,HD-53,1,,Carroll Asséo,Jason Blair,,Jason Blair,R,True,False,-24.7,-26.36,-21.14,1.3,-7.43,0.0,-5.0,5.3,,-28.27,0.0323,0.9677,Safe R,,
2026-09-06,OK-HD-54,OK,House,HD-54,1,,Crystal Abram-Garcia,Heath Kufahl,,Kevin West,R,False,True,-23.8,-26.04,-20.87,1.3,0.0,0.0,0.0,5.3,,-15.57,0.1543,0.8457,Likely R,,
2026-09-06,OK-HD-55,OK,House,HD-55,1,,,Nick Archer,,Nick Archer,R,True,False,-65.2,-66.29,-54.81,1.3,-7.43,0.0,-5.0,5.3,R,-61.94,0.02,0.98,Safe R,,
2026-09-06,OK-HD-56,OK,House,HD-56,1,,Linda Pedro,Dick Lowe,,Dick Lowe,R,True,False,-57.3,-58.15,-47.95,1.3,-7.43,8.41,0.0,5.3,,-41.67,0.0032,0.9968,Safe R,,
2026-09-06,OK-HD-57,OK,House,HD-57,1,,,Anthony Moore,,Anthony Moore,R,True,False,-59.7,-60.84,-50.21,1.3,-7.43,7.08,0.0,5.3,R,-45.27,0.02,0.98,Safe R,,
2026-09-06,OK-HD-58,OK,House,HD-58,1,,Albert Borrie,Carl Newton,,Carl Newton,R,True,False,-71.3,-72.73,-60.24,1.3,-7.43,0.0,-5.0,5.3,,-67.37,0.0,1.0,Safe R,,
2026-09-06,OK-HD-59,OK,House,HD-59,1,,,Mike Dobrinski,,Mike Dobrinski,R,True,False,-69.4,-70.19,-58.1,1.3,-7.43,0.0,-5.0,5.3,R,-65.23,0.02,0.98,Safe R,,
2026-09-06,OK-HD-6,OK,House,HD-6,1,,,Rusty Cornwell,,Rusty Cornwell,R,True,False,-59.4,-60.31,-49.77,1.3,-7.43,0.0,-5.0,5.3,R,-56.9,0.02,0.98,Safe R,,
2026-09-06,OK-HD-60,OK,House,HD-60,1,,Sharon K Taylor,Mike Kelley,,Mike Kelley,R,True,False,-36.4,-38.87,-31.69,1.3,-7.43,0.0,-5.0,5.3,,-38.82,0.0056,0.9944,Safe R,,
2026-09-06,OK-HD-61,OK,House,HD-61,1,,,Kenton Patzkowsky,,Kenton Patzkowsky,R,True,False,-74.9,-75.95,-62.96,1.3,-7.43,0.0,-5.0,5.3,R,-70.09,0.02,0.98,Safe R,,
2026-09-06,OK-HD-62,OK,House,HD-62,1,,Blake Munoz,Daniel Pae,,Daniel Pae,R,True,False,-5.6,-6.15,-4.09,1.3,-7.43,-1.78,0.0,5.3,,-8.01,0.3002,0.6998,Lean R,,
2026-09-06,OK-HD-63,OK,House,HD-63,1,,Shykira Smith,Trey Caldwell,,Hurchel Caldwell,R,False,True,-53.6,-51.94,-42.71,1.3,0.0,-7.14,0.0,5.3,,-44.56,0.0018,0.9982,Safe R,,
2026-09-06,OK-HD-64,OK,House,HD-64,1,,Kathy Suttles,Louis Jackson,,Rande Worthen,R,False,True,-10.9,-10.98,-8.17,1.3,0.0,0.0,0.0,5.3,,-2.87,0.4257,0.5743,Toss-up,,
2026-09-06,OK-HD-65,OK,House,HD-65,1,,,Sam Mitchell,,Toni Hasenbeck,R,False,True,-47.1,-46.96,-38.51,1.3,0.0,0.0,0.0,5.3,R,-33.21,0.02,0.98,Safe R,,
2026-09-06,OK-HD-66,OK,House,HD-66,1,,Alex Barclay,Clay Staires,Kenny Blevins,Clay Staires,R,True,False,-47.2,-55.01,-45.3,1.3,-7.43,4.43,0.0,5.3,,-42.99,0.0025,0.9975,Safe R,,
2026-09-06,OK-HD-67,OK,House,HD-67,1,,,Rob Hall,,Rob Hall,R,True,False,-17.6,-31.95,-25.85,1.3,-7.43,0.0,-5.0,5.3,R,-32.98,0.02,0.98,Safe R,,
2026-09-06,OK-HD-68,OK,House,HD-68,1,,Michelle Lafleur,Mike Lay,,Mike Lay,R,True,False,-29.7,-30.67,-24.77,1.3,-7.43,0.0,-5.0,5.3,,-31.9,0.0185,0.9815,Safe R,,
2026-09-06,OK-HD-69,OK,House,HD-69,1,,Tyler Price,Sheila Dills,,Mark Tedford,R,False,True,-28.4,-42.56,-34.8,1.3,0.0,0.0,0.0,5.3,,-29.5,0.0269,0.9731,Safe R,,
2026-09-06,OK-HD-7,OK,House,HD-7,1,,,Steve Bashore,,Steve Bashore,R,True,False,-56.8,-56.47,-46.53,1.3,-7.43,0.28,-5.0,5.3,R,-53.38,0.02,0.98,Safe R,,
2026-09-06,OK-HD-70,OK,House,HD-70,1,,Suzanne Schreiber,,,Suzanne Schreiber,D,True,False,9.8,-3.58,-1.92,1.3,7.43,0.0,5.0,5.3,D,15.81,0.98,0.02,Safe D,,
2026-09-06,OK-HD-71,OK,House,HD-71,1,,Amanda Clinton,,,Amanda Clinton,D,True,False,19.4,8.91,8.61,1.3,7.43,0.0,5.0,5.3,D,26.34,0.98,0.02,Safe D,,
2026-09-06,OK-HD-72,OK,House,HD-72,1,,Michelle McCane,Adam Martin,,Michelle McCane,D,True,False,11.5,19.64,17.66,1.3,7.43,0.0,5.0,5.3,,35.4,0.9897,0.0103,Safe D,,
2026-09-06,OK-HD-73,OK,House,HD-73,1,,Ron Stewart,,,Ron Stewart,D,True,False,71.5,71.28,61.22,1.3,7.43,0.0,5.0,5.3,D,78.95,0.98,0.02,Safe D,,
2026-09-06,OK-HD-74,OK,House,HD-74,1,,,Kevin Norwood,Aaron Brent,Kevin Norwood,R,True,False,-41.4,-50.2,-41.24,1.3,-7.43,0.0,-5.0,5.3,R,-48.37,0.02,0.98,Safe R,,
2026-09-06,OK-HD-75,OK,House,HD-75,1,,Joe Watkins,T. Marti,,T. Marti,R,True,False,-18.2,-21.18,-16.76,1.3,-7.43,0.0,-5.0,5.3,,-23.9,0.0591,0.9409,Likely R,,
2026-09-06,OK-HD-76,OK,House,HD-76,1,,Michael Tinsley,Ross Ford,,Ross Ford,R,True,False,-26.1,-33.16,-26.87,1.3,-7.43,0.0,-5.0,5.3,,-34.0,0.0131,0.9869,Safe R,,
2026-09-06,OK-HD-77,OK,House,HD-77,1,,Kristina Gabriel,,,John Waldron,D,False,True,4.6,-0.04,1.06,1.3,0.0,0.0,0.0,5.3,D,6.36,0.98,0.02,Safe D,,
2026-09-06,OK-HD-78,OK,House,HD-78,1,,Meloyde Blancett,,Tony Oliva,Meloyde Blancett,D,True,False,21.6,8.76,8.49,1.3,7.43,1.44,0.0,5.3,D,22.66,0.98,0.02,Safe D,,
2026-09-06,OK-HD-79,OK,House,HD-79,1,,Melissa Provenzano,Paul Hassink,,Melissa Provenzano,D,True,False,4.0,-8.05,-5.69,1.3,7.43,1.8,0.0,5.3,,8.84,0.7183,0.2817,Lean D,,
2026-09-06,OK-HD-8,OK,House,HD-8,1,,,Tom Gann,,Tom Gann,R,True,False,-59.9,-60.4,-49.85,1.3,-7.43,0.0,-5.0,5.3,R,-56.98,0.02,0.98,Safe R,,
2026-09-06,OK-HD-80,OK,House,HD-80,1,,Jeremy Founds,Stan May,,Stan May,R,True,False,-33.2,-44.6,-36.52,1.3,-7.43,0.0,-5.0,5.3,,-43.65,0.0022,0.9978,Safe R,,
2026-09-06,OK-HD-81,OK,House,HD-81,1,,Megan Hornbeek Allen,Troy Talley,,Mike Osburn,R,False,True,-14.8,-25.56,-20.46,1.3,0.0,0.0,0.0,5.3,,-15.16,0.1607,0.8393,Likely R,,
2026-09-06,OK-HD-82,OK,House,HD-82,1,,Travis Headd,Nicole Miller,,Nicole Miller,R,True,False,-14.7,-26.67,-21.4,1.3,-7.43,0.0,-5.0,5.3,,-28.53,0.031,0.969,Safe R,,
2026-09-06,OK-HD-83,OK,House,HD-83,1,,Dalton Gau,Eric Roberts,,Eric Roberts,R,True,False,-1.8,-16.6,-12.91,1.3,-7.43,2.5,0.0,5.3,,-12.54,0.2061,0.7939,Likely R,,
2026-09-06,OK-HD-84,OK,House,HD-84,1,,Jeffrey Perez,Tammy West,,Tammy West,R,True,False,-9.8,-18.47,-14.49,1.3,-7.43,0.0,-5.0,5.3,,-21.62,0.0787,0.9213,Likely R,,
2026-09-06,OK-HD-85,OK,House,HD-85,1,,Chelsey Branham,Joe Fallin,,Cyndi Munson,D,False,True,10.9,0.11,1.19,1.3,0.0,2.5,0.0,5.3,,8.99,0.7217,0.2783,Lean D,,
2026-09-06,OK-HD-86,OK,House,HD-86,1,,Hannah Cole,David Hardin,,David Hardin,R,True,False,-59.8,-59.52,-49.11,1.3,-7.43,3.02,0.0,5.3,,-48.22,0.0008,0.9992,Safe R,,
2026-09-06,OK-HD-87,OK,House,HD-87,1,,Ellyn Hefner,Codey Bartle,,Ellyn Hefner,D,True,False,20.0,13.83,12.76,1.3,7.43,0.0,5.0,5.3,,30.49,0.9769,0.0231,Safe D,,
2026-09-06,OK-HD-88,OK,House,HD-88,1,,Ellen Pogemiller,,,Ellen Pogemiller,D,True,False,47.3,38.88,33.89,1.3,7.43,0.0,5.0,5.3,D,51.62,0.98,0.02,Safe D,,
2026-09-06,OK-HD-89,OK,House,HD-89,1,,Arturo Alonso,,,Arturo Alonso,D,True,False,19.5,24.27,21.57,1.3,7.43,0.0,5.0,5.3,D,39.3,0.98,0.02,Safe D,,
2026-09-06,OK-HD-9,OK,House,HD-9,1,,Andrea Biscardi,Scotty Stokes,,Mark Lepak,R,False,True,-46.7,-48.66,-39.94,1.3,0.0,0.0,0.0,5.3,,-34.64,0.0117,0.9883,Safe R,,
2026-09-06,OK-HD-90,OK,House,HD-90,1,,Kymberly Ward,Emily Gise,,Emily Gise,R,True,False,-22.1,-29.86,-24.09,1.3,-7.43,-0.26,-5.0,5.3,,-31.48,0.0198,0.9802,Safe R,,
2026-09-06,OK-HD-91,OK,House,HD-91,1,,Chris Fowler,Roberto Luis Seda,,Chris Kannady,R,False,True,-26.1,-28.52,-22.96,1.3,0.0,0.0,0.0,5.3,,-17.66,0.1241,0.8759,Likely R,,
2026-09-06,OK-HD-92,OK,House,HD-92,1,,Sam Wargin Grimaldo,,,Sam Wargin Grimaldo,D,True,False,17.7,18.97,17.09,1.3,7.43,0.0,5.0,5.3,D,34.82,0.98,0.02,Safe D,,
2026-09-06,OK-HD-93,OK,House,HD-93,1,,Mickey Dollens,,,Mickey Dollens,D,True,False,3.3,1.57,2.42,1.3,7.43,2.5,0.0,5.3,D,17.66,0.98,0.02,Safe D,,
2026-09-06,OK-HD-94,OK,House,HD-94,1,,Andy Fugate,,,Andy Fugate,D,True,False,7.7,1.6,2.45,1.3,7.43,4.21,0.0,5.3,D,19.39,0.98,0.02,Safe D,,
2026-09-06,OK-HD-95,OK,House,HD-95,1,,Tegan Malone,Max Wolfley,Ryan Gardner,Max Wolfley,R,True,False,-8.3,-35.03,-28.45,1.3,-7.43,16.72,0.0,5.3,,-13.86,0.1823,0.8177,Likely R,,
2026-09-06,OK-HD-96,OK,House,HD-96,1,,Ashtyn Smith,Preston Stinson,,Preston Stinson,R,True,False,-20.6,-29.78,-24.02,1.3,-7.43,0.0,-5.0,5.3,,-31.15,0.0208,0.9792,Safe R,,
2026-09-06,OK-HD-97,OK,House,HD-97,1,,Aletia Timmons,Austin T Jones,,Aletia Timmons,D,True,False,39.5,43.29,37.61,1.3,7.43,0.0,5.0,5.3,,55.34,0.9999,0.0001,Safe D,,
2026-09-06,OK-HD-98,OK,House,HD-98,1,,Cathy Smythe,Gabe Woolley,,Gabe Woolley,R,True,False,-34.7,-37.95,-30.91,1.3,-7.43,2.02,0.0,5.3,,-31.02,0.0212,0.9788,Safe R,,
2026-09-06,OK-HD-99,OK,House,HD-99,1,,Herschel L. Brown,Melvin Latham,,,D,False,True,57.5,59.18,51.01,1.3,0.0,0.0,0.0,5.3,,56.31,0.9999,0.0001,Safe D,,
2026-09-06,OK-SD-10,OK,Senate,SD-10,1,,Chayelynn Moore,Bill Coleman,,Bill Coleman,R,True,False,-53.4,-53.42,-43.96,1.3,-7.43,0.0,-5.0,5.3,,-51.09,0.0004,0.9996,Safe R,,
2026-09-06,OK-SD-12,OK,Senate,SD-12,1,,Erica Watkins,Todd Gollihare,,Todd Gollihare,R,True,False,-50.5,-53.4,-43.94,1.3,-7.43,0.0,-5.0,5.3,,-51.07,0.0004,0.9996,Safe R,,
2026-09-06,OK-SD-14,OK,Senate,SD-14,1,,,Jerry Alvord,,Jerry Alvord,R,True,False,-59.0,-59.06,-48.71,1.3,-7.43,0.0,-5.0,5.3,R,-55.85,0.02,0.98,Safe R,,
2026-09-06,OK-SD-16,OK,Senate,SD-16,1,,Mary Boren,,,Mary Boren,D,True,False,18.8,19.68,17.69,1.3,7.43,0.0,5.0,5.3,D,35.42,0.98,0.02,Safe D,,
2026-09-06,OK-SD-18,OK,Senate,SD-18,1,,Meredith McGinnis,Tyler Herring,,Jack Stewart,R,True,False,-30.4,-35.2,-28.59,1.3,-7.43,0.0,-5.0,5.3,,-35.72,0.0097,0.9903,Safe R,,
2026-09-06,OK-SD-2,OK,Senate,SD-2,1,,Randy Cowling,Ally Seifried,,Ally Seifried,R,True,False,-50.3,-52.36,-43.07,1.3,-7.43,1.32,0.0,5.3,,-43.87,0.0021,0.9979,Safe R,,
2026-09-06,OK-SD-20,OK,Senate,SD-20,1,,,Chuck Hall,,Chuck Hall,R,True,False,-50.0,-50.74,-41.7,1.3,-7.43,0.0,-5.0,5.3,R,-48.83,0.02,0.98,Safe R,,
2026-09-06,OK-SD-22,OK,Senate,SD-22,1,,Kenny Kemper,Kristen Thompson,,Kristen Thompson,R,True,False,-23.1,-38.72,-31.56,1.3,-7.43,2.38,0.0,5.3,,-31.31,0.0203,0.9797,Safe R,,
2026-09-06,OK-SD-24,OK,Senate,SD-24,1,,Jonathan Morales,Jon Painter,Melissa Elder,,R,False,True,-25.9,-27.88,-22.42,1.3,0.0,0.0,0.0,5.3,,-17.12,0.1315,0.8685,Likely R,,
2026-09-06,OK-SD-26,OK,Senate,SD-26,1,,,Jessica Winegeart,,Darcy Jech,R,False,True,-56.7,-57.43,-47.34,1.3,0.0,0.0,0.0,5.3,R,-42.04,0.02,0.98,Safe R,,
2026-09-06,OK-SD-28,OK,Senate,SD-28,1,,Kevin M. Connor,Grant Green,,Grant Green,R,True,False,-56.8,-58.35,-48.11,1.3,-7.43,1.42,0.0,5.3,,-48.83,0.0007,0.9993,Safe R,,
2026-09-06,OK-SD-30,OK,Senate,SD-30,1,,Julia Kirt,,,Julia Kirt,D,True,False,16.4,10.73,10.15,1.3,7.43,0.0,5.0,5.3,D,27.88,0.98,0.02,Safe D,,
2026-09-06,OK-SD-32,OK,Senate,SD-32,1,,Booker T. Newton,Curtis Erwin,Valentin Peña,Dusty Deevers,R,False,True,-22.3,-22.14,-17.57,1.3,0.0,0.0,0.0,5.3,,-12.27,0.2111,0.7889,Likely R,,
2026-09-06,OK-SD-34,OK,Senate,SD-34,1,,Amy Hossain,Aaron Forst,,Dana Prieto,R,True,False,-25.7,-27.12,-21.78,1.3,-7.43,0.0,-5.0,5.3,,-28.91,0.0294,0.9706,Safe R,,
2026-09-06,OK-SD-36,OK,Senate,SD-36,1,,Rick Larsen,John Haste,,John Haste,R,True,False,-30.9,-39.17,-31.94,1.3,-7.43,0.0,-5.0,5.3,,-39.07,0.0053,0.9947,Safe R,,
2026-09-06,OK-SD-38,OK,Senate,SD-38,1,,,Rick Vernon,,Brent Howard,R,False,True,-64.8,-65.41,-54.07,1.3,0.0,0.0,0.0,5.3,R,-48.77,0.02,0.98,Safe R,,
2026-09-06,OK-SD-4,OK,Senate,SD-4,1,,Ellen Cuff,Tom Woods,,Tom Woods,R,True,False,-60.5,-60.37,-49.82,1.3,-7.43,0.0,-5.0,5.3,,-56.95,0.0001,0.9999,Safe R,,
2026-09-06,OK-SD-40,OK,Senate,SD-40,1,,Carri Hicks,,,Carri Hicks,D,True,False,10.8,-0.36,0.79,1.3,7.43,0.0,5.0,5.3,D,18.52,0.98,0.02,Safe D,,
2026-09-06,OK-SD-42,OK,Senate,SD-42,1,,Chris Jones,Brenda Stanley,,Brenda Stanley,R,True,False,-21.8,-26.93,-21.62,1.3,-7.43,0.0,-5.0,5.3,,-28.75,0.0301,0.9699,Safe R,,
2026-09-06,OK-SD-44,OK,Senate,SD-44,1,,Michael Brooks,,,Michael Brooks,D,True,False,5.0,-23.17,-18.44,1.3,7.43,0.0,5.0,5.3,D,-0.71,0.98,0.02,Safe D,,
2026-09-06,OK-SD-46,OK,Senate,SD-46,1,,Mark Mann,,,Mark Mann,D,True,False,22.3,16.76,15.23,1.3,7.43,0.0,5.0,5.3,D,32.96,0.98,0.02,Safe D,,
2026-09-06,OK-SD-48,OK,Senate,SD-48,1,,Nikki Nice,,,Nikki Nice,D,True,False,50.5,54.64,47.18,1.3,7.43,0.0,5.0,5.3,D,64.91,0.98,0.02,Safe D,,
2026-09-06,OK-SD-6,OK,Senate,SD-6,1,,Patrick Southerland,David Bullard,,David Bullard,R,True,False,-63.2,-63.25,-52.25,1.3,-7.43,0.0,-5.0,5.3,,-59.38,0.0001,0.9999,Safe R,,
2026-09-06,OK-SD-8,OK,Senate,SD-8,1,,Nathan Brewer,Bryan Logan,,Bryan Logan,R,True,False,-50.9,-50.06,-41.13,1.3,-7.43,0.0,-5.0,5.3,,-48.26,0.0008,0.9992,Safe R,,
2026-09-06,OR-HD-1,OR,House,HD-1,1,,Bret Cecil,Court Boice,,Court Boice,R,True,False,-30.0,-30.94,-26.47,-0.44,-7.43,1.23,0.0,5.3,,-27.38,0.0367,0.9633,Safe R,,
2026-09-06,OR-HD-10,OR,House,HD-10,1,,David Gomberg,Aric Wood,,David Gomberg,D,True,False,13.3,13.42,10.95,-0.44,7.43,-1.93,0.0,5.3,,21.75,0.9226,0.0774,Likely D,,
2026-09-06,OR-HD-11,OR,House,HD-11,1,,Ivan Maluski,Ken Jackola,,Jami Cate,R,False,True,-38.8,-39.66,-33.82,-0.44,0.0,0.0,0.0,5.3,,-28.52,0.0311,0.9689,Safe R,,
2026-09-06,OR-HD-12,OR,House,HD-12,1,,Amber Smith,Darin Harbick,Charlie Conrad,Darin Harbick,R,True,False,-6.9,-6.49,-5.85,-0.44,-7.43,-3.13,0.0,5.3,,-11.1,0.2339,0.7661,Likely R,,
2026-09-06,OR-HD-13,OR,House,HD-13,1,,Nancy Nathanson,Jonathan Abrahamsen,,Nancy Nathanson,D,True,False,34.6,35.03,29.17,-0.44,7.43,-0.36,5.0,5.3,,46.54,0.9988,0.0012,Safe D,,
2026-09-06,OR-HD-14,OR,House,HD-14,1,,Julie Fahey,Kevin Burton,,Julie Fahey,D,True,False,24.4,25.66,21.27,-0.44,7.43,-3.11,0.0,5.3,,30.89,0.9783,0.0217,Safe D,,
2026-09-06,OR-HD-15,OR,House,HD-15,1,,Joanna Robinson,Shelly Davis,,Shelly Davis,R,True,False,-3.5,-4.33,-4.02,-0.44,-7.43,-5.34,0.0,5.3,,-11.49,0.2262,0.7738,Likely R,,
2026-09-06,OR-HD-16,OR,House,HD-16,1,,Sarah McDonald,,,Sarah McDonald,D,True,False,54.3,55.91,46.78,-0.44,7.43,0.0,5.0,5.3,D,64.51,0.98,0.02,Safe D,,
2026-09-06,OR-HD-17,OR,House,HD-17,1,,David Nelson,Dan Farrington,,Ed Diehl,R,False,True,-24.9,-24.93,-21.4,-0.44,0.0,-2.06,0.0,5.3,,-18.16,0.1175,0.8825,Likely R,,
2026-09-06,OR-HD-18,OR,House,HD-18,1,,Verne Gaither,Amanda Staehely,,Rick Lewis,R,False,True,-30.2,-29.24,-25.03,-0.44,0.0,0.0,0.0,5.3,,-19.73,0.0985,0.9015,Likely R,,
2026-09-06,OR-HD-19,OR,House,HD-19,1,,Tom Andersen,Anna Munson,,Tom Andersen,D,True,False,15.6,16.07,13.18,-0.44,7.43,-2.64,0.0,5.3,,23.28,0.936,0.064,Likely D,,
2026-09-06,OR-HD-2,OR,House,HD-2,1,,Brandon Polanco,Virgle Osborne,,Virgle Osborne,R,True,False,-34.7,-35.87,-30.62,-0.44,-7.43,-3.01,0.0,5.3,,-35.76,0.0097,0.9903,Safe R,,
2026-09-06,OR-HD-20,OR,House,HD-20,1,,Paul Evans,Andrew Fudge,,Paul Evans,D,True,False,15.3,15.8,12.95,-0.44,7.43,-5.07,0.0,5.3,,20.62,0.9112,0.0888,Likely D,,
2026-09-06,OR-HD-21,OR,House,HD-21,1,,Michael Welsh,Kevin Mannix,,Kevin Mannix,R,True,False,5.2,5.67,4.41,-0.44,-7.43,-4.46,0.0,5.3,,-2.18,0.4434,0.5566,Toss-up,,
2026-09-06,OR-HD-22,OR,House,HD-22,1,,Lesly Muñoz,Noemi Legaspi,,Lesly Muñoz,D,True,False,4.9,6.26,4.91,-0.44,7.43,0.0,5.0,5.3,,22.64,0.9306,0.0694,Likely D,,
2026-09-06,OR-HD-23,OR,House,HD-23,1,,Kriss Wright,Anna Scharf,,Anna Scharf,R,True,False,-13.3,-12.86,-11.22,-0.44,-7.43,-9.29,0.0,5.3,,-22.64,0.0694,0.9306,Likely R,,
2026-09-06,OR-HD-24,OR,House,HD-24,1,,Andrew Brunello,Lucetta Elmer,,Lucetta Elmer,R,True,False,-7.8,-7.74,-6.9,-0.44,-7.43,-2.64,0.0,5.3,,-11.67,0.2226,0.7774,Likely R,,
2026-09-06,OR-HD-25,OR,House,HD-25,1,,Ben Bowman,Bob Niemeyer,,Ben Bowman,D,True,False,37.3,38.6,32.18,-0.44,7.43,-3.89,0.0,5.3,,41.02,0.9963,0.0037,Safe D,,
2026-09-06,OR-HD-26,OR,House,HD-26,1,,Sue Rieke Smith,Stephanie Carkin,,Sue Rieke Smith,D,True,False,21.2,21.1,17.42,-0.44,7.43,0.0,5.0,5.3,,35.15,0.9892,0.0108,Safe D,,
2026-09-06,OR-HD-27,OR,House,HD-27,1,,Tammy Carpenter,George Norman DVM,,Ken Helm,D,False,True,50.1,51.64,43.18,-0.44,0.0,0.0,0.0,5.3,,48.48,0.9992,0.0008,Safe D,,
2026-09-06,OR-HD-28,OR,House,HD-28,1,,Dacia Grayber,Randall Fryer,,Dacia Grayber,D,True,False,72.0,73.91,61.97,-0.44,7.43,-2.35,0.0,5.3,,72.35,1.0,0.0,Safe D,,
2026-09-06,OR-HD-29,OR,House,HD-29,1,,Susan McLain,David Salisbury,,Susan McLain,D,True,False,16.1,16.98,13.95,-0.44,7.43,-2.76,0.0,5.3,,23.92,0.9411,0.0589,Likely D,,
2026-09-06,OR-HD-3,OR,House,HD-3,1,,Susan Fischer-Maki,Dwayne Yunker,Cobey Giesler,Dwayne Yunker,R,True,False,-25.6,-26.18,-22.45,-0.44,-7.43,-3.66,0.0,5.3,,-28.24,0.0324,0.9676,Safe R,,
2026-09-06,OR-HD-30,OR,House,HD-30,1,,Nathan Sosa,Charles Ross,,Nathan Sosa,D,True,False,34.7,36.15,30.11,-0.44,7.43,-4.29,0.0,5.3,,38.55,0.9942,0.0058,Safe D,,
2026-09-06,OR-HD-31,OR,House,HD-31,1,,Tom Forest,Darcey Edwards,,Darcey Edwards,R,True,False,-11.8,-11.2,-9.82,-0.44,-7.43,-3.91,0.0,5.3,,-15.87,0.1497,0.8503,Likely R,,
2026-09-06,OR-HD-32,OR,House,HD-32,1,,Cyrus Javadi,Max Sherman,,Cyrus Javadi,D,True,False,5.2,5.21,4.02,-0.44,7.43,-5.97,0.0,5.3,,10.78,0.7596,0.2404,Likely D,,
2026-09-06,OR-HD-33,OR,House,HD-33,1,,Shannon Isadore,Ciatta Thompson,,Shannon Isadore,D,True,False,75.8,78.79,66.08,-0.44,7.43,0.0,5.0,5.3,,83.81,1.0,0.0,Safe D,,
2026-09-06,OR-HD-34,OR,House,HD-34,1,,Mari Watanabe,Shaunie Cousins,,Mari Watanabe,D,True,False,46.0,47.75,39.9,-0.44,7.43,0.0,5.0,5.3,,57.63,0.9999,0.0001,Safe D,,
2026-09-06,OR-HD-35,OR,House,HD-35,1,,Farrah Chaichi,Daniel Martin,,Farrah Chaichi,D,True,False,37.5,39.54,32.98,-0.44,7.43,-9.71,0.0,5.3,,36.0,0.9907,0.0093,Safe D,,
2026-09-06,OR-HD-36,OR,House,HD-36,1,,Hai Pham,Michael Orth,,Hai Pham,D,True,False,29.5,30.49,25.34,-0.44,7.43,-2.45,0.0,5.3,,35.62,0.9901,0.0099,Safe D,,
2026-09-06,OR-HD-37,OR,House,HD-37,1,,Jules Walters,Chad Parker,,Jules Walters,D,True,False,30.0,30.76,25.57,-0.44,7.43,-5.7,0.0,5.3,,32.61,0.9835,0.0165,Safe D,,
2026-09-06,OR-HD-38,OR,House,HD-38,1,,Daniel Nguyen,,,Daniel Nguyen,D,True,False,57.5,58.98,49.37,-0.44,7.43,-7.63,0.0,5.3,D,54.47,0.98,0.02,Safe D,,
2026-09-06,OR-HD-39,OR,House,HD-39,1,,April Dobson,,,April Dobson,D,True,False,15.4,16.08,13.19,-0.44,7.43,0.0,5.0,5.3,D,30.92,0.98,0.02,Safe D,,
2026-09-06,OR-HD-4,OR,House,HD-4,1,,,Alek Skarlatos,,Alek Skarlatos,R,True,False,-36.5,-37.05,-31.62,-0.44,-7.43,0.0,-5.0,5.3,R,-38.75,0.02,0.98,Safe R,,
2026-09-06,OR-HD-40,OR,House,HD-40,1,,Michael Sugar,Adam Baker,,Annessa Hartman,D,False,True,12.2,12.8,10.42,-0.44,0.0,-4.54,0.0,5.3,,11.18,0.7677,0.2323,Likely D,,
2026-09-06,OR-HD-41,OR,House,HD-41,1,,Mark Gamba,Robert Clark,,Mark Gamba,D,True,False,60.3,61.34,51.36,-0.44,7.43,-0.71,0.0,5.3,,63.38,1.0,0.0,Safe D,,
2026-09-06,OR-HD-42,OR,House,HD-42,1,,Rob Nosse,,,Rob Nosse,D,True,False,84.3,88.72,74.45,-0.44,7.43,-1.15,0.0,5.3,D,86.04,0.98,0.02,Safe D,,
2026-09-06,OR-HD-43,OR,House,HD-43,1,,Tawna Sanchez,Tim LeMaster,,Tawna Sanchez,D,True,False,85.8,89.61,75.21,-0.44,7.43,-2.83,0.0,5.3,,85.11,1.0,0.0,Safe D,,
2026-09-06,OR-HD-44,OR,House,HD-44,1,,Travis Nelson,Margo Logan,,Travis Nelson,D,True,False,75.4,79.4,66.59,-0.44,7.43,-0.82,0.0,5.3,,78.5,1.0,0.0,Safe D,,
2026-09-06,OR-HD-45,OR,House,HD-45,1,,Thuy Tran,Jason Boyce,,Thuy Tran,D,True,False,71.1,72.7,60.94,-0.44,7.43,-0.59,0.0,5.3,,73.09,1.0,0.0,Safe D,,
2026-09-06,OR-HD-46,OR,House,HD-46,1,,Willy Chotzen,Leonard Morley,,Willy Chotzen,D,True,False,64.1,66.89,56.04,-0.44,7.43,0.0,5.0,5.3,,73.77,1.0,0.0,Safe D,,
2026-09-06,OR-HD-47,OR,House,HD-47,1,,Andrea Valderrama,,,Andrea Valderrama,D,True,False,38.7,39.92,33.29,-0.44,7.43,-0.13,5.0,5.3,D,50.9,0.98,0.02,Safe D,,
2026-09-06,OR-HD-48,OR,House,HD-48,1,,Lamar Wise,Andrew Morrison,,Lamar Wise,D,True,False,10.0,11.45,9.28,-0.44,7.43,0.0,5.0,5.3,,27.01,0.9613,0.0387,Safe D,,
2026-09-06,OR-HD-49,OR,House,HD-49,1,,Zach Hudson,Ann Walker,,Zach Hudson,D,True,False,15.3,16.53,13.57,-0.44,7.43,-3.38,0.0,5.3,,22.92,0.933,0.067,Likely D,,
2026-09-06,OR-HD-5,OR,House,HD-5,1,,Pam Marsh,Alexander Krigsvold,,Pam Marsh,D,True,False,27.9,29.18,24.24,-0.44,7.43,-0.27,5.0,5.3,,41.7,0.9968,0.0032,Safe D,,
2026-09-06,OR-HD-50,OR,House,HD-50,1,,Ricki Ruiz,Brian Gray,,Ricki Ruiz,D,True,False,11.2,12.12,9.85,-0.44,7.43,-3.39,0.0,5.3,,19.18,0.8951,0.1049,Likely D,,
2026-09-06,OR-HD-51,OR,House,HD-51,1,,Darla Mead,Matt Bunch,,Matt Bunch,R,True,False,-18.8,-18.23,-15.75,-0.44,-7.43,0.0,-5.0,5.3,,-22.88,0.0673,0.9327,Likely R,,
2026-09-06,OR-HD-52,OR,House,HD-52,1,,Henry Sanders,Scott Hege,,Jeff Helfrich,R,False,True,6.6,7.45,5.91,-0.44,0.0,0.0,0.0,5.3,,11.21,0.7683,0.2317,Likely D,,
2026-09-06,OR-HD-53,OR,House,HD-53,1,,Em Levy,matthew summers,,Em Levy,D,True,False,12.8,12.07,9.81,-0.44,7.43,0.0,5.0,5.3,,27.54,0.9641,0.0359,Safe D,,
2026-09-06,OR-HD-54,OR,House,HD-54,1,,Jason Kropf,,,Jason Kropf,D,True,False,32.8,33.41,27.8,-0.44,7.43,-2.99,0.0,5.3,D,37.54,0.98,0.02,Safe D,,
2026-09-06,OR-HD-55,OR,House,HD-55,1,,Colby Simmons,Werner Reschke,,Werner Reschke,R,True,False,-33.1,-32.4,-27.7,-0.44,-7.43,7.27,0.0,5.3,,-22.56,0.07,0.93,Likely R,,
2026-09-06,OR-HD-56,OR,House,HD-56,1,,,Emily McIntire,,Emily McIntire,R,True,False,-37.2,-37.68,-32.15,-0.44,-7.43,-3.66,0.0,5.3,R,-37.94,0.02,0.98,Safe R,,
2026-09-06,OR-HD-57,OR,House,HD-57,1,,,Greg A. Smith,,Greg A. Smith,R,True,False,-37.9,-38.1,-32.51,-0.44,-7.43,-7.96,0.0,5.3,R,-42.6,0.02,0.98,Safe R,,
2026-09-06,OR-HD-58,OR,House,HD-58,1,,Brian Campbell,Bobby Levy,,Bobby Levy,R,True,False,-37.5,-38.46,-32.81,-0.44,-7.43,-3.78,0.0,5.3,,-38.72,0.0057,0.9943,Safe R,,
2026-09-06,OR-HD-59,OR,House,HD-59,1,,Larry Jones,Vikki Breese-Iverson,,Vikki Breese-Iverson,R,True,False,-35.6,-35.65,-30.44,-0.44,-7.43,-2.71,0.0,5.3,,-35.28,0.0105,0.9895,Safe R,,
2026-09-06,OR-HD-6,OR,House,HD-6,1,,John Holm,Kim Wallan,,Kim Wallan,R,True,False,-7.5,-7.67,-6.85,-0.44,-7.43,-3.21,0.0,5.3,,-12.19,0.2127,0.7873,Likely R,,
2026-09-06,OR-HD-60,OR,House,HD-60,1,,Beth Spell,Mark Owens,,Mark Owens,R,True,False,-51.8,-53.31,-45.34,-0.44,-7.43,-3.94,0.0,5.3,,-51.41,0.0004,0.9996,Safe R,,
2026-09-06,OR-HD-7,OR,House,HD-7,1,,Kori Rodley,Adam Wilson,,John Lively,D,False,True,11.9,12.56,10.22,-0.44,0.0,0.0,0.0,5.3,,15.52,0.8449,0.1551,Likely D,,
2026-09-06,OR-HD-8,OR,House,HD-8,1,,Lisa Fragala,Bill Vivian,,Lisa Fragala,D,True,False,66.2,69.01,57.83,-0.44,7.43,0.0,5.0,5.3,,75.56,1.0,0.0,Safe D,,
2026-09-06,OR-HD-9,OR,House,HD-9,1,,John Scheirman,Claire Lynn,,Boomer Wright,R,False,True,-13.4,-9.05,-8.01,-0.44,0.0,0.0,0.0,5.3,,-2.71,0.4297,0.5703,Toss-up,,
2026-09-06,OR-SD-10,OR,Senate,SD-10,1,,Deb Patterson,Angela Plowhead,,Deb Patterson,D,True,False,15.5,15.93,13.06,-0.44,7.43,-5.09,0.0,5.3,,20.71,0.9122,0.0878,Likely D,,
2026-09-06,OR-SD-11,OR,Senate,SD-11,1,,Virginia Stapleton,Tracy Cramer,,Kim Thatcher,R,False,True,5.0,5.92,4.62,-0.44,0.0,-4.02,0.0,5.3,,5.9,0.6502,0.3498,Lean D,,
2026-09-06,OR-SD-13,OR,Senate,SD-13,1,,Courtney Neron Misslin,Glenn Lancaster,,Courtney Neron Misslin,D,True,False,29.1,29.73,24.7,-0.44,7.43,0.0,5.0,5.3,,42.43,0.9972,0.0028,Safe D,,
2026-09-06,OR-SD-15,OR,Senate,SD-15,1,,Myrna Munoz,Harold Hutchison,,Janeen Sollman,D,True,False,25.5,26.61,22.07,-0.44,7.43,0.0,5.0,5.3,,39.8,0.9954,0.0046,Safe D,,
2026-09-06,OR-SD-16,OR,Senate,SD-16,1,,Rachel Armitage,Courtney Bangs,,Suzanne Weber,R,False,True,-3.5,-3.27,-3.13,-0.44,0.0,0.0,0.0,5.3,,2.17,0.5564,0.4436,Toss-up,,
2026-09-06,OR-SD-17,OR,Senate,SD-17,1,,Lisa Reynolds,John Chee,,Lisa Reynolds,D,True,False,61.6,63.67,53.33,-0.44,7.43,2.48,0.0,5.3,,68.54,1.0,0.0,Safe D,,
2026-09-06,OR-SD-19,OR,Senate,SD-19,1,,Rob Wagner,Mary Dirksen,,Rob Wagner,D,True,False,44.2,45.5,38.0,-0.44,7.43,-4.31,0.0,5.3,,46.42,0.9988,0.0012,Safe D,,
2026-09-06,OR-SD-20,OR,Senate,SD-20,1,,Mark Meek,Michele Stroh,,Mark Meek,D,True,False,13.7,14.37,11.74,-0.44,7.43,-3.24,0.0,5.3,,21.24,0.9176,0.0824,Likely D,,
2026-09-06,OR-SD-24,OR,Senate,SD-24,1,,Kayse Jama,,,Kayse Jama,D,True,False,23.7,24.76,20.51,-0.44,7.43,-2.39,0.0,5.3,D,30.86,0.98,0.02,Safe D,,
2026-09-06,OR-SD-26,OR,Senate,SD-26,1,,Nicole Bassett,Jeff Helfrich,,Christine Drazan,R,False,True,-6.8,-6.05,-5.48,-0.44,0.0,-4.95,0.0,5.3,,-5.13,0.3687,0.6313,Lean R,,
2026-09-06,OR-SD-3,OR,Senate,SD-3,1,,Denise Krause,Brad Hicks,,Jeff Golden,D,False,True,12.1,13.03,10.61,-0.44,0.0,0.0,0.0,5.3,,15.91,0.851,0.149,Likely D,,
2026-09-06,OR-SD-4,OR,Senate,SD-4,1,,Floyd Prozanski,,,Floyd Prozanski,D,True,False,38.9,41.07,34.27,-0.44,7.43,0.0,5.0,5.3,D,52.0,0.98,0.02,Safe D,,
2026-09-06,OR-SD-6,OR,Senate,SD-6,1,,Sierrah Williams,Jack Tibbetts,,Cedric Hayden,R,False,True,-22.2,-22.34,-19.22,-0.44,0.0,0.0,0.0,5.3,,-13.92,0.1814,0.8186,Likely R,,
2026-09-06,OR-SD-7,OR,Senate,SD-7,1,,James Manning,Jack Huff,,James Manning,D,True,False,29.9,30.71,25.53,-0.44,7.43,-0.34,5.0,5.3,,42.92,0.9975,0.0025,Safe D,,
2026-09-06,OR-SD-8,OR,Senate,SD-8,1,,Sara Gelser Blouin,Valerie Draper Woldeit,,Sara Gelser Blouin,D,True,False,23.2,24.0,19.87,-0.44,7.43,0.0,5.0,5.3,,37.6,0.993,0.007,Safe D,,
2026-09-06,PA-HD-1,PA,House,HD-1,1,,Pat Harkins,,,Pat Harkins,D,True,False,24.2,25.46,24.64,3.75,7.43,0.0,5.0,5.3,D,42.37,0.98,0.02,Safe D,,
2026-09-06,PA-HD-10,PA,House,HD-10,1,,Amen Brown,,,Amen Brown,D,True,False,82.4,85.06,74.9,3.75,7.43,-0.83,0.0,5.3,D,86.8,0.98,0.02,Safe D,,
2026-09-06,PA-HD-100,PA,House,HD-100,1,,,Dave Nissley,Dale Allen Hamby,Bryan Cutler,R,False,True,-50.8,-50.77,-39.66,3.75,0.0,0.0,0.0,5.3,R,-34.36,0.02,0.98,Safe R,,
2026-09-06,PA-HD-101,PA,House,HD-101,1,,,John Schlegel,,John Schlegel,R,True,False,-22.9,-22.65,-15.94,3.75,-7.43,-0.75,0.0,5.3,R,-18.82,0.02,0.98,Safe R,,
2026-09-06,PA-HD-102,PA,House,HD-102,1,,Matthew D. Duvall,Russ Diamond,,Russ Diamond,R,True,False,-41.6,-42.4,-32.6,3.75,-7.43,0.65,0.0,5.3,,-34.09,0.0129,0.9871,Safe R,,
2026-09-06,PA-HD-103,PA,House,HD-103,1,,Nate Davidson,Cynthia P. Ward,,Nate Davidson,D,True,False,24.4,25.14,24.37,3.75,7.43,-1.2,0.0,5.3,,35.9,0.9905,0.0095,Safe D,,
2026-09-06,PA-HD-104,PA,House,HD-104,1,,Dave Madsen,,,Dave Madsen,D,True,False,28.1,29.64,28.16,3.75,7.43,0.0,5.0,5.3,D,45.89,0.98,0.02,Safe D,,
2026-09-06,PA-HD-105,PA,House,HD-105,1,,Justin Fleming,,,Justin Fleming,D,True,False,23.0,23.71,23.16,3.75,7.43,0.9,0.0,5.3,D,36.79,0.98,0.02,Safe D,,
2026-09-06,PA-HD-106,PA,House,HD-106,1,,Anju Singh,Tom Mehaffie,,Tom Mehaffie,R,True,False,-9.8,-10.19,-5.43,3.75,-7.43,-6.01,0.0,5.3,,-13.58,0.1873,0.8127,Likely R,,
2026-09-06,PA-HD-107,PA,House,HD-107,1,,Ryan T Coleman,Joanne Stehr,,Joanne Stehr,R,True,False,-48.6,-48.8,-37.99,3.75,-7.43,-1.05,0.0,5.3,,-41.17,0.0035,0.9965,Safe R,,
2026-09-06,PA-HD-108,PA,House,HD-108,1,,Amber L. Neidig,Michael Stender,,Michael Stender,R,True,False,-32.6,-33.13,-24.78,3.75,-7.43,0.0,-5.0,5.3,,-31.91,0.0185,0.9815,Safe R,,
2026-09-06,PA-HD-109,PA,House,HD-109,1,,Justin Hummel,Robert Leadbeter,,Robert Leadbeter,R,True,False,-31.0,-31.3,-23.24,3.75,-7.43,-1.17,0.0,5.3,,-26.54,0.0413,0.9587,Safe R,,
2026-09-06,PA-HD-11,PA,House,HD-11,1,,,Marci Mustello,,Marci Mustello,R,True,False,-37.9,-38.07,-28.95,3.75,-7.43,-2.38,0.0,5.3,R,-33.46,0.02,0.98,Safe R,,
2026-09-06,PA-HD-110,PA,House,HD-110,1,,Pamela J Hemann,Tina Pickett,,Tina Pickett,R,True,False,-40.2,-40.16,-30.71,3.75,-7.43,0.0,-5.0,5.3,,-37.84,0.0067,0.9933,Safe R,,
2026-09-06,PA-HD-111,PA,House,HD-111,1,,Kyle T Devlin,Jonathan Fritz,,Jonathan Fritz,R,True,False,-42.1,-41.68,-31.99,3.75,-7.43,0.0,-5.0,5.3,,-39.13,0.0053,0.9947,Safe R,,
2026-09-06,PA-HD-112,PA,House,HD-112,1,,Kyle Mullins,Joseph J Sabia Jr,,Kyle Mullins,D,True,False,1.1,2.35,5.15,3.75,7.43,8.38,0.0,5.3,,26.26,0.957,0.043,Safe D,,
2026-09-06,PA-HD-113,PA,House,HD-113,1,,Kyle Donahue,Lucas O'Brien,,Kyle Donahue,D,True,False,6.4,8.16,10.05,3.75,7.43,3.23,0.0,5.3,,26.01,0.9555,0.0445,Safe D,,
2026-09-06,PA-HD-114,PA,House,HD-114,1,,Bridget Malloy Kosierowski,Logan Robert Lombardo,,Bridget Malloy Kosierowski,D,True,False,6.6,7.53,9.51,3.75,7.43,0.0,5.0,5.3,,27.24,0.9626,0.0374,Safe D,,
2026-09-06,PA-HD-115,PA,House,HD-115,1,,Maureen Madden,Richard W. Szabo,,Maureen Madden,D,True,False,7.2,9.05,10.8,3.75,7.43,0.97,0.0,5.3,,24.49,0.9454,0.0546,Likely D,,
2026-09-06,PA-HD-116,PA,House,HD-116,1,,,Dane Watro,,Dane Watro,R,True,False,-34.7,-32.93,-24.61,3.75,-7.43,-1.98,0.0,5.3,R,-28.72,0.02,0.98,Safe R,,
2026-09-06,PA-HD-117,PA,House,HD-117,1,,Jeremy Benscoter,Jamie Walsh,,Jamie Walsh,R,True,False,-41.6,-41.52,-31.86,3.75,-7.43,0.0,-5.0,5.3,,-38.99,0.0054,0.9946,Safe R,,
2026-09-06,PA-HD-118,PA,House,HD-118,1,,Jim Haddock,John Lombardo,,Jim Haddock,D,True,False,-7.5,-6.52,-2.33,3.75,7.43,0.0,5.0,5.3,,15.4,0.843,0.157,Likely D,,
2026-09-06,PA-HD-119,PA,House,HD-119,1,,Lauren Elizabeth Mccurdy,Alec Ryncavage,,Alec Ryncavage,R,True,False,-17.1,-16.45,-10.71,3.75,-7.43,1.56,0.0,5.3,,-11.28,0.2304,0.7696,Likely R,,
2026-09-06,PA-HD-12,PA,House,HD-12,1,,Brandon Michael Dukes,Scott Timko,,Brandon Dukes,D,True,False,-18.4,-19.48,-13.26,3.75,7.43,0.0,5.0,5.3,,4.47,0.6149,0.3851,Lean D,,
2026-09-06,PA-HD-120,PA,House,HD-120,1,,Fern Leard,Brenda Pugh,,Brenda Pugh,R,True,False,-11.7,-11.32,-6.38,3.75,-7.43,-6.08,0.0,5.3,,-14.6,0.1699,0.8301,Likely R,,
2026-09-06,PA-HD-121,PA,House,HD-121,1,,Jessica Mcclay,Michael D. Harostock III,,Eddie Pashinski,D,False,True,-1.7,0.27,3.39,3.75,0.0,0.0,0.0,5.3,,8.69,0.7151,0.2849,Lean D,,
2026-09-06,PA-HD-122,PA,House,HD-122,1,,Christian Michael Bartulovich,Doyle Heffley,,Doyle Heffley,R,True,False,-34.8,-34.47,-25.91,3.75,-7.43,-2.9,0.0,5.3,,-30.94,0.0215,0.9785,Safe R,,
2026-09-06,PA-HD-123,PA,House,HD-123,1,,John A Deatrich Jr,Tim Twardzik,,Tim Twardzik,R,True,False,-33.8,-33.72,-25.28,3.75,-7.43,0.0,-5.0,5.3,,-32.41,0.017,0.983,Safe R,,
2026-09-06,PA-HD-124,PA,House,HD-124,1,,Tina Burns,Jamie Barton,,Jamie Barton,R,True,False,-38.6,-38.68,-29.46,3.75,-7.43,-0.79,0.0,5.3,,-32.38,0.0171,0.9829,Safe R,,
2026-09-06,PA-HD-125,PA,House,HD-125,1,,Kathryn L Waters,Joe Kerwin,,Joe Kerwin,R,True,False,-25.2,-26.35,-19.06,3.75,-7.43,0.0,-5.0,5.3,,-26.19,0.0434,0.9566,Safe R,,
2026-09-06,PA-HD-126,PA,House,HD-126,1,,Jacklyn Rusnock,Miguel Vasquez,,Jacklyn Rusnock,D,True,False,4.5,6.4,8.56,3.75,7.43,2.69,0.0,5.3,,23.98,0.9415,0.0585,Likely D,,
2026-09-06,PA-HD-127,PA,House,HD-127,1,,Manny Guzman,,,Manny Guzman,D,True,False,20.8,24.53,23.85,3.75,7.43,0.0,5.0,5.3,D,41.58,0.98,0.02,Safe D,,
2026-09-06,PA-HD-128,PA,House,HD-128,1,,Andrew Wagner,Mark Gillen,,Mark Gillen,R,True,False,-17.2,-17.3,-11.43,3.75,-7.43,0.0,-5.0,5.3,,-18.56,0.1124,0.8876,Likely R,,
2026-09-06,PA-HD-129,PA,House,HD-129,1,,Johanny Cepeda-Freytiz,,,Johanny Cepeda-Freytiz,D,True,False,12.9,14.59,15.47,3.75,7.43,-0.09,5.0,5.3,D,33.11,0.98,0.02,Safe D,,
2026-09-06,PA-HD-13,PA,House,HD-13,1,,Madelyn G Alvarino,John Lawrence,,John Lawrence,R,True,False,-4.7,-4.42,-0.57,3.75,-7.43,-5.14,0.0,5.3,,-7.84,0.304,0.696,Lean R,,
2026-09-06,PA-HD-130,PA,House,HD-130,1,,Erik Bonnett,Melissa G. Brewer,,David Maloney,R,False,True,-27.5,-27.51,-20.04,3.75,0.0,0.0,0.0,5.3,,-14.74,0.1675,0.8325,Likely R,,
2026-09-06,PA-HD-131,PA,House,HD-131,1,,Meriam Sabih,Milou Mackenzie,,Milou Mackenzie,R,True,False,-10.2,-10.19,-5.43,3.75,-7.43,-1.48,0.0,5.3,,-9.04,0.2773,0.7227,Lean R,,
2026-09-06,PA-HD-132,PA,House,HD-132,1,,Mike Schlossberg,Caren Lowrey,,Mike Schlossberg,D,True,False,11.9,12.67,13.85,3.75,7.43,0.0,5.0,5.3,,31.58,0.9805,0.0195,Safe D,,
2026-09-06,PA-HD-133,PA,House,HD-133,1,,Jeanne McNeill,,,Jeanne McNeill,D,True,False,7.5,8.93,10.7,3.75,7.43,2.91,0.0,5.3,D,26.33,0.98,0.02,Safe D,,
2026-09-06,PA-HD-134,PA,House,HD-134,1,,Pete Schweyer,Miriam Alicia Maldonado,,Pete Schweyer,D,True,False,12.9,15.51,16.24,3.75,7.43,0.0,5.0,5.3,,33.97,0.9868,0.0132,Safe D,,
2026-09-06,PA-HD-135,PA,House,HD-135,1,,Steve Samuelson,Joseph F Poplawski,,Steve Samuelson,D,True,False,25.8,26.97,25.91,3.75,7.43,0.0,5.0,5.3,,43.64,0.9978,0.0022,Safe D,,
2026-09-06,PA-HD-136,PA,House,HD-136,1,,Robert Freeman Sr.,Pilar M Campisi,,Robert Freeman Sr.,D,True,False,11.4,12.31,13.54,3.75,7.43,0.0,5.0,5.3,,31.27,0.9796,0.0204,Safe D,,
2026-09-06,PA-HD-137,PA,House,HD-137,1,,Jeffrey M Warren,Joe Emrick,,Joe Emrick,R,True,False,-0.9,-1.0,2.32,3.75,-7.43,0.0,-5.0,5.3,,-4.81,0.3765,0.6235,Lean R,,
2026-09-06,PA-HD-138,PA,House,HD-138,1,,Jared Bitting,Ann Flood,,Ann Flood,R,True,False,-22.1,-21.92,-15.33,3.75,-7.43,-0.01,-5.0,5.3,,-22.47,0.0709,0.9291,Likely R,,
2026-09-06,PA-HD-139,PA,House,HD-139,1,,Dominique Azzollini,Jeff Olsommer,,Jeff Olsommer,R,True,False,-31.8,-31.45,-23.36,3.75,-7.43,0.0,-5.0,5.3,,-30.49,0.0231,0.9769,Safe R,,
2026-09-06,PA-HD-14,PA,House,HD-14,1,,Bradley Jacob Young,Roman Kozak,,Roman Kozak,R,True,False,-27.2,-26.72,-19.37,3.75,-7.43,-1.23,0.0,5.3,,-22.74,0.0685,0.9315,Likely R,,
2026-09-06,PA-HD-140,PA,House,HD-140,1,,Jim Prokopiak,Michael J. Gettis,,Jim Prokopiak,D,True,False,3.4,5.39,7.71,3.75,7.43,0.0,5.0,5.3,,25.44,0.9519,0.0481,Safe D,,
2026-09-06,PA-HD-141,PA,House,HD-141,1,,Tina Davis,Kenneth James Velez,,Tina Davis,D,True,False,3.3,5.73,8.0,3.75,7.43,7.1,0.0,5.3,,27.83,0.9656,0.0344,Safe D,,
2026-09-06,PA-HD-142,PA,House,HD-142,1,,Kristin Egan,Joseph M. Hogan,,Joseph M. Hogan,R,True,False,-3.4,-1.96,1.51,3.75,-7.43,-0.54,0.0,5.3,,-1.16,0.4698,0.5302,Toss-up,,
2026-09-06,PA-HD-143,PA,House,HD-143,1,,Timothy J Hayes,Shelby Labs,Christopher D. Gambino,Shelby Labs,R,True,False,-5.5,-5.31,-1.31,3.75,-7.43,-0.45,0.0,5.3,,-3.89,0.3996,0.6004,Lean R,,
2026-09-06,PA-HD-144,PA,House,HD-144,1,,Brian Munroe,Michael J. Murphy,,Brian Munroe,D,True,False,-0.3,0.35,3.46,3.75,7.43,0.02,5.0,5.3,,21.21,0.9173,0.0827,Likely D,,
2026-09-06,PA-HD-145,PA,House,HD-145,1,,,Craig Staats,Rebecca Catherine Prendergast,Craig Staats,R,True,False,-15.5,-15.33,-9.77,3.75,-7.43,-0.77,0.0,5.3,R,-12.67,0.02,0.98,Safe R,,
2026-09-06,PA-HD-146,PA,House,HD-146,1,,Joe Ciresi,,,Joe Ciresi,D,True,False,10.0,10.34,11.88,3.75,7.43,0.0,5.0,5.3,D,29.62,0.98,0.02,Safe D,,
2026-09-06,PA-HD-147,PA,House,HD-147,1,,Margaret Burke,Donna Scheuren,,Donna Scheuren,R,True,False,-9.7,-9.61,-4.95,3.75,-7.43,-0.34,-5.0,5.3,,-12.42,0.2084,0.7916,Likely R,,
2026-09-06,PA-HD-148,PA,House,HD-148,1,,Megan Griffin-Shelley,,,Mary Jo Daley,D,False,True,46.6,48.17,43.79,3.75,0.0,0.0,0.0,5.3,D,49.09,0.98,0.02,Safe D,,
2026-09-06,PA-HD-149,PA,House,HD-149,1,,Tim Briggs,,,Tim Briggs,D,True,False,37.8,39.17,36.2,3.75,7.43,0.0,5.0,5.3,D,53.93,0.98,0.02,Safe D,,
2026-09-06,PA-HD-15,PA,House,HD-15,1,,Sydney Louise Speicher,Josh Kail,,Josh Kail,R,True,False,-34.8,-34.27,-25.74,3.75,-7.43,0.0,-5.0,5.3,,-32.87,0.0158,0.9842,Safe R,,
2026-09-06,PA-HD-150,PA,House,HD-150,1,,Joe Webster,,,Joe Webster,D,True,False,15.9,16.25,16.87,3.75,7.43,0.0,5.0,5.3,D,34.6,0.98,0.02,Safe D,,
2026-09-06,PA-HD-151,PA,House,HD-151,1,,Missy Cerrato,,,Missy Cerrato,D,True,False,21.4,22.3,21.97,3.75,7.43,0.0,5.0,5.3,D,39.7,0.98,0.02,Safe D,,
2026-09-06,PA-HD-152,PA,House,HD-152,1,,Nancy Guenst,,,Nancy Guenst,D,True,False,17.1,18.31,18.61,3.75,7.43,-1.52,0.0,5.3,D,29.82,0.98,0.02,Safe D,,
2026-09-06,PA-HD-153,PA,House,HD-153,1,,Ben Sanchez,Cory L Toner,,Ben Sanchez,D,True,False,31.3,32.39,30.48,3.75,7.43,0.68,0.0,5.3,,43.89,0.9979,0.0021,Safe D,,
2026-09-06,PA-HD-154,PA,House,HD-154,1,,Napoleon Nelson,,Stephanie Lynn Berardi,Napoleon Nelson,D,True,False,59.4,60.51,54.2,3.75,7.43,-1.15,0.0,5.3,D,65.78,0.98,0.02,Safe D,,
2026-09-06,PA-HD-155,PA,House,HD-155,1,,Danielle Otten,,,Danielle Otten,D,True,False,15.8,15.99,16.65,3.75,7.43,-2.31,0.0,5.3,D,27.07,0.98,0.02,Safe D,,
2026-09-06,PA-HD-156,PA,House,HD-156,1,,Chris Pielli,Kris R. Vollrath,,Chris Pielli,D,True,False,18.8,19.77,19.84,3.75,7.43,-0.51,0.0,5.3,,32.07,0.982,0.018,Safe D,,
2026-09-06,PA-HD-157,PA,House,HD-157,1,,Melissa Shusterman,Justin J. Pak,,Melissa Shusterman,D,True,False,24.9,25.2,24.42,3.75,7.43,-1.75,0.0,5.3,,35.4,0.9897,0.0103,Safe D,,
2026-09-06,PA-HD-158,PA,House,HD-158,1,,Christina Sappey,,,Christina Sappey,D,True,False,17.6,17.9,18.26,3.75,7.43,-4.14,0.0,5.3,D,26.85,0.98,0.02,Safe D,,
2026-09-06,PA-HD-159,PA,House,HD-159,1,,Carol Kazeem,Michael George Bannon Jr.,,Carol Kazeem,D,True,False,36.7,38.42,35.57,3.75,7.43,-2.63,0.0,5.3,,45.67,0.9986,0.0014,Safe D,,
2026-09-06,PA-HD-16,PA,House,HD-16,1,,Rob Matzie,John C. Costanza,,Rob Matzie,D,True,False,-7.5,-6.48,-2.3,3.75,7.43,0.0,5.0,5.3,,15.43,0.8436,0.1564,Likely D,,
2026-09-06,PA-HD-160,PA,House,HD-160,1,,Elizabeth Moro,Craig Williams,,Craig Williams,R,True,False,5.4,5.34,7.67,3.75,-7.43,0.0,-5.0,5.3,,0.54,0.514,0.486,Toss-up,,
2026-09-06,PA-HD-161,PA,House,HD-161,1,,Leanne Krueger,John A. Mancinelli Jr.,,Leanne Krueger,D,True,False,12.8,13.56,14.6,3.75,7.43,1.31,0.0,5.3,,28.64,0.9695,0.0305,Safe D,,
2026-09-06,PA-HD-162,PA,House,HD-162,1,,Dave Delloso,Michael E. Murphy,,Dave Delloso,D,True,False,10.9,11.88,13.18,3.75,7.43,0.0,5.0,5.3,,30.91,0.9784,0.0216,Safe D,,
2026-09-06,PA-HD-163,PA,House,HD-163,1,,Heather Boyd,,,Heather Boyd,D,True,False,27.6,26.81,25.77,3.75,7.43,-0.44,0.0,5.3,D,38.06,0.98,0.02,Safe D,,
2026-09-06,PA-HD-164,PA,House,HD-164,1,,Gina Curry,,,Gina Curry,D,True,False,55.4,58.27,52.31,3.75,7.43,0.0,5.0,5.3,D,70.04,0.98,0.02,Safe D,,
2026-09-06,PA-HD-165,PA,House,HD-165,1,,Jenn O'Mara,Deirdre D. Mccleary,,Jenn O'Mara,D,True,False,17.2,17.91,18.27,3.75,7.43,0.0,5.0,5.3,,36.0,0.9907,0.0093,Safe D,,
2026-09-06,PA-HD-166,PA,House,HD-166,1,,Judith Trombetta,Joseph William Walker,,Greg Vitali,D,False,True,23.9,24.77,24.05,3.75,0.0,0.0,0.0,5.3,,29.35,0.9725,0.0275,Safe D,,
2026-09-06,PA-HD-167,PA,House,HD-167,1,,Kristine Howard,Joseph M. Lewis,,Kristine Howard,D,True,False,21.3,21.65,21.42,3.75,7.43,-3.07,0.0,5.3,,31.09,0.979,0.021,Safe D,,
2026-09-06,PA-HD-168,PA,House,HD-168,1,,Lisa Borowski,Kathryn Buckley,,Lisa Borowski,D,True,False,20.2,20.82,20.72,3.75,7.43,-5.07,0.0,5.3,,28.38,0.9683,0.0317,Safe D,,
2026-09-06,PA-HD-169,PA,House,HD-169,1,,Austin L Graham,Kate Klunk,,Kate Klunk,R,True,False,-32.3,-33.18,-24.82,3.75,-7.43,-2.9,0.0,5.3,,-29.85,0.0255,0.9745,Safe R,,
2026-09-06,PA-HD-17,PA,House,HD-17,1,,,Tim Bonner,,Tim Bonner,R,True,False,-47.1,-48.07,-37.38,3.75,-7.43,0.0,-5.0,5.3,R,-44.51,0.02,0.98,Safe R,,
2026-09-06,PA-HD-170,PA,House,HD-170,1,,Robert N Gurtcheff II,Martina White,,Martina White,R,True,False,-14.6,-12.72,-7.57,3.75,-7.43,-4.57,0.0,5.3,,-14.27,0.1754,0.8246,Likely R,,
2026-09-06,PA-HD-171,PA,House,HD-171,1,,John R Zangari,Kerry Benninghoff,,Kerry Benninghoff,R,True,False,-37.9,-38.28,-29.12,3.75,-7.43,2.1,0.0,5.3,,-29.15,0.0283,0.9717,Safe R,,
2026-09-06,PA-HD-172,PA,House,HD-172,1,,Sean Dougherty,,,Sean Dougherty,D,True,False,-0.8,1.7,4.6,3.75,7.43,0.0,5.0,5.3,D,22.33,0.98,0.02,Safe D,,
2026-09-06,PA-HD-173,PA,House,HD-173,1,,Pat Gallagher,William J Griffin Jr,,Pat Gallagher,D,True,False,5.1,6.98,9.05,3.75,7.43,0.0,5.0,5.3,,26.78,0.9601,0.0399,Safe D,,
2026-09-06,PA-HD-174,PA,House,HD-174,1,,Ed Neilson,,,Ed Neilson,D,True,False,3.1,5.76,8.02,3.75,7.43,0.0,5.0,5.3,D,25.75,0.98,0.02,Safe D,,
2026-09-06,PA-HD-175,PA,House,HD-175,1,,Mary Isaacson,,,Mary Isaacson,D,True,False,67.3,68.62,61.04,3.75,7.43,0.0,5.0,5.3,D,78.77,0.98,0.02,Safe D,,
2026-09-06,PA-HD-176,PA,House,HD-176,1,,Thomas Kucer,Jack Rader,,Jack Rader,R,True,False,-18.2,-17.14,-11.3,3.75,-7.43,-0.66,0.0,5.3,,-14.09,0.1784,0.8216,Likely R,,
2026-09-06,PA-HD-177,PA,House,HD-177,1,,Joe Hohenstein,Robyn L Bird,,Joe Hohenstein,D,True,False,23.6,25.68,24.82,3.75,7.43,0.0,5.0,5.3,,42.56,0.9973,0.0027,Safe D,,
2026-09-06,PA-HD-178,PA,House,HD-178,1,,Monica J Weninger,Kristin Marcell,,Kristin Marcell,R,True,False,-12.8,-11.93,-6.9,3.75,-7.43,-1.72,0.0,5.3,,-10.75,0.241,0.759,Likely R,,
2026-09-06,PA-HD-179,PA,House,HD-179,1,,Jason Dawkins,,,Jason Dawkins,D,True,False,59.5,63.75,56.93,3.75,7.43,0.0,5.0,5.3,D,74.66,0.98,0.02,Safe D,,
2026-09-06,PA-HD-18,PA,House,HD-18,1,,Bryan F Allen Jr,K.C. Tomlinson,,K.C. Tomlinson,R,True,False,-3.3,-0.77,2.51,3.75,-7.43,0.0,-5.0,5.3,,-4.62,0.3813,0.6187,Lean R,,
2026-09-06,PA-HD-180,PA,House,HD-180,1,,José Giral,,,José Giral,D,True,False,46.7,52.43,47.39,3.75,7.43,0.0,5.0,5.3,D,65.12,0.98,0.02,Safe D,,
2026-09-06,PA-HD-181,PA,House,HD-181,1,,Malcolm Kenyatta,,,Malcolm Kenyatta,D,True,False,79.6,82.0,72.32,3.75,7.43,0.0,5.0,5.3,D,90.05,0.98,0.02,Safe D,,
2026-09-06,PA-HD-182,PA,House,HD-182,1,,Ben Waxman,,,Ben Waxman,D,True,False,74.7,76.02,67.28,3.75,7.43,0.0,5.0,5.3,D,85.01,0.98,0.02,Safe D,,
2026-09-06,PA-HD-183,PA,House,HD-183,1,,Deirdre J Kamber,Zach Mako,,Zach Mako,R,True,False,-21.7,-21.86,-15.27,3.75,-7.43,0.0,-5.0,5.3,,-22.4,0.0715,0.9285,Likely R,,
2026-09-06,PA-HD-184,PA,House,HD-184,1,,Elizabeth Fiedler,,,Elizabeth Fiedler,D,True,False,33.1,34.52,32.28,3.75,7.43,3.61,0.0,5.3,D,48.62,0.98,0.02,Safe D,,
2026-09-06,PA-HD-185,PA,House,HD-185,1,,Regina Young,,,Regina Young,D,True,False,34.4,37.0,34.37,3.75,7.43,0.0,5.0,5.3,D,52.1,0.98,0.02,Safe D,,
2026-09-06,PA-HD-186,PA,House,HD-186,1,,Jordan Harris,,,Jordan Harris,D,True,False,76.2,78.73,69.56,3.75,7.43,0.0,5.0,5.3,D,87.29,0.98,0.02,Safe D,,
2026-09-06,PA-HD-187,PA,House,HD-187,1,,Rachel Marie Guynn-Cuevas,Gary Day,,Gary Day,R,True,False,-9.4,-9.57,-4.91,3.75,-7.43,-3.01,0.0,5.3,,-10.06,0.2554,0.7446,Lean R,,
2026-09-06,PA-HD-188,PA,House,HD-188,1,,Rick Krajewski,,,Rick Krajewski,D,True,False,83.5,86.9,76.45,3.75,7.43,0.0,5.0,5.3,D,94.18,0.98,0.02,Safe D,,
2026-09-06,PA-HD-189,PA,House,HD-189,1,,Tarah Probst,Danica L. Hartenfels,,Tarah Probst,D,True,False,8.0,9.65,11.3,3.75,7.43,0.79,0.0,5.3,,24.83,0.9478,0.0522,Likely D,,
2026-09-06,PA-HD-19,PA,House,HD-19,1,,Aerion Abney,,,Aerion Abney,D,True,False,62.4,63.77,56.95,3.75,7.43,0.0,5.0,5.3,D,74.68,0.98,0.02,Safe D,,
2026-09-06,PA-HD-190,PA,House,HD-190,1,,Roni Green,,,Roni Green,D,True,False,87.9,89.93,79.01,3.75,7.43,0.0,5.0,5.3,D,96.74,0.98,0.02,Safe D,,
2026-09-06,PA-HD-191,PA,House,HD-191,1,,Joanna McClinton,,,Joanna McClinton,D,True,False,85.8,88.05,77.42,3.75,7.43,0.0,5.0,5.3,D,95.15,0.98,0.02,Safe D,,
2026-09-06,PA-HD-192,PA,House,HD-192,1,,Morgan Cephas,Tiffany Brown,,Morgan Cephas,D,True,False,85.4,87.78,77.19,3.75,7.43,0.0,5.0,5.3,,94.92,1.0,0.0,Safe D,,
2026-09-06,PA-HD-193,PA,House,HD-193,1,,Todd Andrew Crawley,Catherine Wallen,,Catherine Wallen,R,True,False,-37.8,-38.3,-29.14,3.75,-7.43,0.0,-5.0,5.3,,-36.27,0.0088,0.9912,Safe R,,
2026-09-06,PA-HD-194,PA,House,HD-194,1,,Tarik Khan,,,Tarik Khan,D,True,False,55.5,55.79,50.21,3.75,7.43,0.0,5.0,5.3,D,67.94,0.98,0.02,Safe D,,
2026-09-06,PA-HD-195,PA,House,HD-195,1,,Sierra Denise Mcneil,,,Keith Harris,D,False,True,83.9,85.7,75.44,3.75,0.0,0.0,0.0,5.3,D,80.74,0.98,0.02,Safe D,,
2026-09-06,PA-HD-196,PA,House,HD-196,1,,Ronald G Ruman,George Margetas,,George Margetas,R,True,False,-33.5,-34.23,-25.7,3.75,-7.43,0.0,-5.0,5.3,,-32.84,0.0159,0.9841,Safe R,,
2026-09-06,PA-HD-197,PA,House,HD-197,1,,Danilo Burgos,,,Danilo Burgos,D,True,False,65.5,70.0,62.2,3.75,7.43,0.0,5.0,5.3,D,79.93,0.98,0.02,Safe D,,
2026-09-06,PA-HD-198,PA,House,HD-198,1,,Darisha Parker,,,Darisha Parker,D,True,False,84.8,87.36,76.84,3.75,7.43,0.0,5.0,5.3,D,94.57,0.98,0.02,Safe D,,
2026-09-06,PA-HD-199,PA,House,HD-199,1,,Tawanda Lynne Hunter Stallworth,Barb Gleim,,Barb Gleim,R,True,False,-15.4,-16.41,-10.68,3.75,-7.43,0.0,-5.0,5.3,,-17.81,0.1221,0.8779,Likely R,,
2026-09-06,PA-HD-2,PA,House,HD-2,1,,Bob Merski,,,Bob Merski,D,True,False,6.5,7.2,9.23,3.75,7.43,0.0,5.0,5.3,D,26.97,0.98,0.02,Safe D,,
2026-09-06,PA-HD-20,PA,House,HD-20,1,,Emily Kinkead,Joseph Blaise Aguglia II,,Emily Kinkead,D,True,False,17.7,17.1,17.58,3.75,7.43,0.05,5.0,5.3,,35.37,0.9896,0.0104,Safe D,,
2026-09-06,PA-HD-200,PA,House,HD-200,1,,Christopher K. Johnson,,,Chris Rabb,D,False,True,89.5,91.45,80.29,3.75,0.0,0.0,0.0,5.3,D,85.59,0.98,0.02,Safe D,,
2026-09-06,PA-HD-201,PA,House,HD-201,1,,Andre Carroll,,,Andre Carroll,D,True,False,88.9,91.09,79.99,3.75,7.43,0.0,5.0,5.3,D,97.72,0.98,0.02,Safe D,,
2026-09-06,PA-HD-202,PA,House,HD-202,1,,Jared Solomon,,,Jared Solomon,D,True,False,29.2,32.88,30.89,3.75,7.43,0.0,5.0,5.3,D,48.62,0.98,0.02,Safe D,,
2026-09-06,PA-HD-203,PA,House,HD-203,1,,Anthony Bellmon,,,Anthony Bellmon,D,True,False,54.6,58.43,52.44,3.75,7.43,0.0,5.0,5.3,D,70.17,0.98,0.02,Safe D,,
2026-09-06,PA-HD-21,PA,House,HD-21,1,,Lindsay Powell,,,Lindsay Powell,D,True,False,23.3,23.22,22.74,3.75,7.43,0.0,5.0,5.3,D,40.48,0.98,0.02,Safe D,,
2026-09-06,PA-HD-22,PA,House,HD-22,1,,Cecilia Gerlach,Roby Smith,,Ana Tiburcio,D,False,True,17.5,22.82,22.41,3.75,0.0,0.0,0.0,5.3,,27.71,0.965,0.035,Safe D,,
2026-09-06,PA-HD-23,PA,House,HD-23,1,,Dan Frankel,,,Dan Frankel,D,True,False,63.9,65.19,58.14,3.75,7.43,0.0,5.0,5.3,D,75.87,0.98,0.02,Safe D,,
2026-09-06,PA-HD-24,PA,House,HD-24,1,,La'Tasha Mayes,,,La'Tasha Mayes,D,True,False,77.5,79.07,69.85,3.75,7.43,0.0,5.0,5.3,D,87.58,0.98,0.02,Safe D,,
2026-09-06,PA-HD-25,PA,House,HD-25,1,,Brandon Markosek,Amy Noone,,Brandon Markosek,D,True,False,10.1,9.57,11.24,3.75,7.43,2.89,0.0,5.3,,26.86,0.9605,0.0395,Safe D,,
2026-09-06,PA-HD-26,PA,House,HD-26,1,,Paul Friel,Samantha Lynn Horosky,,Paul Friel,D,True,False,11.1,11.15,12.56,3.75,7.43,-3.35,0.0,5.3,,21.94,0.9243,0.0757,Likely D,,
2026-09-06,PA-HD-27,PA,House,HD-27,1,,Daniel Deasy, Jr.,,,Daniel Deasy, Jr.,D,True,False,20.8,21.11,20.97,3.75,7.43,5.09,0.0,5.3,D,38.79,0.98,0.02,Safe D,,
2026-09-06,PA-HD-28,PA,House,HD-28,1,,Jeremy Ferderber,Jeremy Shaffer,,Jeremy Shaffer,R,True,False,-7.5,-8.31,-3.85,3.75,-7.43,-2.44,0.0,5.3,,-8.42,0.291,0.709,Lean R,,
2026-09-06,PA-HD-29,PA,House,HD-29,1,,Tim Brennan,Sean Patrick Duffy,,Tim Brennan,D,True,False,15.0,15.17,15.95,3.75,7.43,0.0,5.0,5.3,,33.69,0.9862,0.0138,Safe D,,
2026-09-06,PA-HD-3,PA,House,HD-3,1,,Ryan Bizzarro,Donna Rae Reese,,Ryan Bizzarro,D,True,False,2.0,1.66,4.56,3.75,7.43,6.66,0.0,5.3,,23.95,0.9413,0.0587,Likely D,,
2026-09-06,PA-HD-30,PA,House,HD-30,1,,Arvind Venkat,Libby Blackburn,,Arvind Venkat,D,True,False,7.7,6.68,8.8,3.75,7.43,0.66,0.0,5.3,,22.19,0.9266,0.0734,Likely D,,
2026-09-06,PA-HD-31,PA,House,HD-31,1,,Perry Warren,,,Perry Warren,D,True,False,15.2,15.76,16.45,3.75,7.43,0.6,0.0,5.3,D,29.78,0.98,0.02,Safe D,,
2026-09-06,PA-HD-32,PA,House,HD-32,1,,Joe McAndrew,Gary Eliot Motor,,Joe McAndrew,D,True,False,27.3,27.09,26.01,3.75,7.43,0.0,5.0,5.3,,43.74,0.9979,0.0021,Safe D,,
2026-09-06,PA-HD-33,PA,House,HD-33,1,,Mandy Steele,Michael F. Hammill,,Mandy Steele,D,True,False,4.3,4.17,6.68,3.75,7.43,1.82,0.0,5.3,,21.23,0.9175,0.0825,Likely D,,
2026-09-06,PA-HD-34,PA,House,HD-34,1,,Abigail Salisbury,,,Abigail Salisbury,D,True,False,62.4,62.98,56.28,3.75,7.43,0.0,5.0,5.3,D,74.01,0.98,0.02,Safe D,,
2026-09-06,PA-HD-35,PA,House,HD-35,1,,Dan Goughnour,James N. Edwards,,Dan Goughnour,D,True,False,15.8,16.37,16.97,3.75,7.43,0.0,5.0,5.3,,34.7,0.9884,0.0116,Safe D,,
2026-09-06,PA-HD-36,PA,House,HD-36,1,,Jessica Benham,Timothy Matthew Mccune,,Jessica Benham,D,True,False,28.5,28.38,27.1,3.75,7.43,-1.0,0.0,5.3,,38.83,0.9944,0.0056,Safe D,,
2026-09-06,PA-HD-37,PA,House,HD-37,1,,Chad William Gleissl,Mindy Fee,,Mindy Fee,R,True,False,-25.4,-26.94,-19.56,3.75,-7.43,0.0,-5.0,5.3,,-26.69,0.0405,0.9595,Safe R,,
2026-09-06,PA-HD-38,PA,House,HD-38,1,,John Inglis,Stone Sobieralski,,John Inglis,D,True,False,3.3,3.23,5.89,3.75,7.43,5.73,0.0,5.3,,24.35,0.9444,0.0556,Likely D,,
2026-09-06,PA-HD-39,PA,House,HD-39,1,,Dylan Anthony Altemara,Andrew Kuzma,,Andrew Kuzma,R,True,False,-19.1,-18.94,-12.81,3.75,-7.43,-0.4,0.0,5.3,,-15.34,0.1579,0.8421,Likely R,,
2026-09-06,PA-HD-4,PA,House,HD-4,1,,Kathryn A Divittorio,Jake Banta,,Jake Banta,R,True,False,-26.0,-25.78,-18.58,3.75,-7.43,-3.45,0.0,5.3,,-24.16,0.0571,0.9429,Likely R,,
2026-09-06,PA-HD-40,PA,House,HD-40,1,,Jonathan C Lloyd,Natalie Stuck,,Natalie Mihalek,R,True,False,-5.9,-6.86,-2.62,3.75,-7.43,-5.51,0.0,5.3,,-10.27,0.251,0.749,Lean R,,
2026-09-06,PA-HD-41,PA,House,HD-41,1,,Brad Chambers,Brett Miller,,Brett Miller,R,True,False,-4.9,-5.17,-1.2,3.75,-7.43,-2.7,0.0,5.3,,-6.03,0.3467,0.6533,Lean R,,
2026-09-06,PA-HD-42,PA,House,HD-42,1,,Jennifer Mazzocco,,,Jennifer Mazzocco,D,True,False,29.6,29.17,27.77,3.75,7.43,0.0,5.0,5.3,D,45.5,0.98,0.02,Safe D,,
2026-09-06,PA-HD-43,PA,House,HD-43,1,,Bryan K Peirson,Keith Greiner,,Keith Greiner,R,True,False,-33.1,-34.0,-25.52,3.75,-7.43,0.0,-5.0,5.3,,-32.65,0.0164,0.9836,Safe R,,
2026-09-06,PA-HD-44,PA,House,HD-44,1,,Hadley Haas,Valerie Gaydos,,Valerie Gaydos,R,True,False,-3.9,-4.07,-0.27,3.75,-7.43,-2.72,0.0,5.3,,-5.12,0.3688,0.6312,Lean R,,
2026-09-06,PA-HD-45,PA,House,HD-45,1,,Brittany Marie Bloam,James Julius,,Anita Kulik,D,False,True,3.9,4.21,6.71,3.75,0.0,0.0,0.0,5.3,,12.01,0.7839,0.2161,Likely D,,
2026-09-06,PA-HD-46,PA,House,HD-46,1,,Michael Crossey,Jason Ortitay,,Jason Ortitay,R,True,False,-14.7,-14.7,-9.24,3.75,-7.43,-3.33,0.0,5.3,,-14.7,0.1683,0.8317,Likely R,,
2026-09-06,PA-HD-47,PA,House,HD-47,1,,Edward Ritter,Joe D'Orsie,,Joe D'Orsie,R,True,False,-20.2,-20.74,-14.33,3.75,-7.43,0.0,-5.0,5.3,,-21.46,0.0803,0.9197,Likely R,,
2026-09-06,PA-HD-48,PA,House,HD-48,1,,Rebecca Mactaggart,Tim O'Neal,,Tim O'Neal,R,True,False,-24.7,-23.97,-17.05,3.75,-7.43,0.0,-5.0,5.3,,-24.19,0.0569,0.9431,Likely R,,
2026-09-06,PA-HD-49,PA,House,HD-49,1,,Izzy Smith-Wade-El,Vanessa Acosta,,Izzy Smith-Wade-El,D,True,False,30.0,32.18,30.31,3.75,7.43,0.0,5.0,5.3,,48.04,0.9992,0.0008,Safe D,,
2026-09-06,PA-HD-5,PA,House,HD-5,1,,Andres Ruben Flammer Santiago,Eric Weaknecht,,Eric Weaknecht,R,True,False,-27.3,-27.64,-20.15,3.75,-7.43,-2.28,0.0,5.3,,-24.56,0.0541,0.9459,Likely R,,
2026-09-06,PA-HD-50,PA,House,HD-50,1,,Lois Bower-Bjornson,Benjamin D Humble,,Bud Cook,R,False,True,-36.8,-35.9,-27.12,3.75,0.0,0.0,0.0,5.3,,-21.82,0.0768,0.9232,Likely R,,
2026-09-06,PA-HD-51,PA,House,HD-51,1,,,Charity Krupa,,Charity Krupa,R,True,False,-33.3,-32.17,-23.97,3.75,-7.43,2.82,0.0,5.3,R,-23.28,0.02,0.98,Safe R,,
2026-09-06,PA-HD-52,PA,House,HD-52,1,,,Ryan Warner,,Ryan Warner,R,True,False,-42.5,-41.12,-31.51,3.75,-7.43,-1.16,0.0,5.3,R,-34.81,0.02,0.98,Safe R,,
2026-09-06,PA-HD-53,PA,House,HD-53,1,,Steve Malagari,,,Steve Malagari,D,True,False,10.8,11.86,13.17,3.75,7.43,0.0,5.0,5.3,D,30.9,0.98,0.02,Safe D,,
2026-09-06,PA-HD-54,PA,House,HD-54,1,,Greg Scott,,,Greg Scott,D,True,False,35.8,38.07,35.27,3.75,7.43,0.0,5.0,5.3,D,53.0,0.98,0.02,Safe D,,
2026-09-06,PA-HD-55,PA,House,HD-55,1,,Davon Magwood,Jill Cooper,,Jill Cooper,R,True,False,-22.6,-22.94,-16.18,3.75,-7.43,-4.95,0.0,5.3,,-23.26,0.0641,0.9359,Likely R,,
2026-09-06,PA-HD-56,PA,House,HD-56,1,,,Brian Rasel,,Brian Rasel,R,True,False,-27.7,-28.39,-20.78,3.75,-7.43,0.0,-5.0,5.3,R,-27.92,0.02,0.98,Safe R,,
2026-09-06,PA-HD-57,PA,House,HD-57,1,,Robert B Francis,Eric Nelson,,Eric Nelson,R,True,False,-22.5,-23.27,-16.46,3.75,-7.43,0.0,-5.0,5.3,,-23.59,0.0614,0.9386,Likely R,,
2026-09-06,PA-HD-58,PA,House,HD-58,1,,Cherri Rogers,Eric Davanzo,,Eric Davanzo,R,True,False,-34.0,-33.42,-25.02,3.75,-7.43,1.56,0.0,5.3,,-25.59,0.0471,0.9529,Safe R,,
2026-09-06,PA-HD-59,PA,House,HD-59,1,,Jordan R Omlor,Leslie Rossi,,Leslie Rossi,R,True,False,-36.1,-36.53,-27.65,3.75,-7.43,-0.17,-5.0,5.3,,-34.95,0.0111,0.9889,Safe R,,
2026-09-06,PA-HD-6,PA,House,HD-6,1,,Michael Walker,Brad Roae,,Brad Roae,R,True,False,-34.7,-34.49,-25.93,3.75,-7.43,0.0,-5.0,5.3,,-33.06,0.0153,0.9847,Safe R,,
2026-09-06,PA-HD-60,PA,House,HD-60,1,,Dustyn A Dorn,Abby Major,,Abby Major,R,True,False,-38.9,-38.92,-29.66,3.75,-7.43,0.0,-5.0,5.3,,-36.79,0.0081,0.9919,Safe R,,
2026-09-06,PA-HD-61,PA,House,HD-61,1,,Liz Hanbidge,,,Liz Hanbidge,D,True,False,22.1,22.29,21.96,3.75,7.43,0.0,5.0,5.3,D,39.69,0.98,0.02,Safe D,,
2026-09-06,PA-HD-62,PA,House,HD-62,1,,Trajan William Jones,James Struzzi II,,James Struzzi II,R,True,False,-32.9,-32.52,-24.27,3.75,-7.43,-2.13,0.0,5.3,,-28.53,0.0311,0.9689,Safe R,,
2026-09-06,PA-HD-63,PA,House,HD-63,1,,Andrew L Harbaugh,Josh Bashline,,Josh Bashline,R,True,False,-56.9,-56.75,-44.7,3.75,-7.43,0.0,-5.0,5.3,,-51.83,0.0004,0.9996,Safe R,,
2026-09-06,PA-HD-64,PA,House,HD-64,1,,Amanda Shaffer,R. Lee James,,R. Lee James,R,True,False,-43.0,-43.03,-33.13,3.75,-7.43,0.0,-5.0,5.3,,-40.26,0.0042,0.9958,Safe R,,
2026-09-06,PA-HD-65,PA,House,HD-65,1,,Destiny Kay Patricia Howard,Kathy Rapp,,Kathy Rapp,R,True,False,-41.9,-42.07,-32.32,3.75,-7.43,-0.36,-5.0,5.3,,-39.81,0.0046,0.9954,Safe R,,
2026-09-06,PA-HD-66,PA,House,HD-66,1,,Lisa M Gourley,Brian Smith,,Brian Smith,R,True,False,-59.8,-60.21,-47.62,3.75,-7.43,0.0,-5.0,5.3,,-54.75,0.0002,0.9998,Safe R,,
2026-09-06,PA-HD-67,PA,House,HD-67,1,,Zachary R Ware,Marty Causer,,Marty Causer,R,True,False,-51.8,-52.03,-40.72,3.75,-7.43,0.0,-5.0,5.3,,-47.85,0.0009,0.9991,Safe R,,
2026-09-06,PA-HD-68,PA,House,HD-68,1,,Quentin Joseph Gee,Clint Owlett,,Clint Owlett,R,True,False,-53.3,-53.54,-42.0,3.75,-7.43,0.0,-5.0,5.3,,-49.13,0.0007,0.9993,Safe R,,
2026-09-06,PA-HD-69,PA,House,HD-69,1,,,Carl Metzgar,,Carl Metzgar,R,True,False,-59.1,-59.28,-46.84,3.75,-7.43,0.0,-5.0,5.3,R,-53.97,0.02,0.98,Safe R,,
2026-09-06,PA-HD-7,PA,House,HD-7,1,,Christopher Anthony-Michael Ford,Parke Wentling,,Parke Wentling,R,True,False,-17.6,-16.07,-10.39,3.75,-7.43,4.48,0.0,5.3,,-8.04,0.2994,0.7006,Lean R,,
2026-09-06,PA-HD-70,PA,House,HD-70,1,,Matt Bradford,,,Matt Bradford,D,True,False,14.3,14.72,15.58,3.75,7.43,0.0,5.0,5.3,D,33.31,0.98,0.02,Safe D,,
2026-09-06,PA-HD-71,PA,House,HD-71,1,,,Jim Rigby,,Jim Rigby,R,True,False,-45.0,-44.75,-34.58,3.75,-7.43,0.0,-5.0,5.3,R,-41.71,0.02,0.98,Safe R,,
2026-09-06,PA-HD-72,PA,House,HD-72,1,,Frank Burns,Philip D Rice,,Frank Burns,D,True,False,-31.3,-30.88,-22.88,3.75,7.43,12.55,0.0,5.3,,2.4,0.5623,0.4377,Toss-up,,
2026-09-06,PA-HD-73,PA,House,HD-73,1,,,Dallas Kephart,,Dallas Kephart,R,True,False,-52.7,-52.26,-40.92,3.75,-7.43,0.0,-5.0,5.3,R,-48.05,0.02,0.98,Safe R,,
2026-09-06,PA-HD-74,PA,House,HD-74,1,,Dan Williams,Lorenzo Kelley,,Dan Williams,D,True,False,8.9,10.0,11.6,3.75,7.43,1.57,0.0,5.3,,25.9,0.9548,0.0452,Safe D,,
2026-09-06,PA-HD-75,PA,House,HD-75,1,,Kimberly Kohlhepp,Mike Armanini,,Mike Armanini,R,True,False,-48.4,-48.31,-37.58,3.75,-7.43,0.0,-5.0,5.3,,-44.71,0.0017,0.9983,Safe R,,
2026-09-06,PA-HD-76,PA,House,HD-76,1,,Sara Elizabeth Eggler,Stephanie Borowicz,,Stephanie Borowicz,R,True,False,-36.5,-36.08,-27.27,3.75,-7.43,1.23,0.0,5.3,,-28.17,0.0327,0.9673,Safe R,,
2026-09-06,PA-HD-77,PA,House,HD-77,1,,Scott Conklin,Michelle Marie Schellberg,,Scott Conklin,D,True,False,16.1,16.75,17.29,3.75,7.43,3.2,0.0,5.3,,33.22,0.9851,0.0149,Safe D,,
2026-09-06,PA-HD-78,PA,House,HD-78,1,,,Jesse Topper,,Jesse Topper,R,True,False,-69.5,-69.55,-55.5,3.75,-7.43,0.0,-5.0,5.3,R,-62.63,0.02,0.98,Safe R,,
2026-09-06,PA-HD-79,PA,House,HD-79,1,,Caleb McCoy,Andrea Verobish,,Andrea Verobish,R,True,False,-32.6,-33.08,-24.73,3.75,-7.43,0.0,-5.0,5.3,,-31.86,0.0186,0.9814,Safe R,,
2026-09-06,PA-HD-8,PA,House,HD-8,1,,Richard E Telesz,Aaron Bernstine,,Aaron Bernstine,R,True,False,-42.0,-42.18,-32.41,3.75,-7.43,-38.88,0.0,5.3,,-73.42,0.0,1.0,Safe R,,
2026-09-06,PA-HD-80,PA,House,HD-80,1,,Sarah Holland,Scott Barger,,Scott Barger,R,True,False,-53.1,-53.66,-42.09,3.75,-7.43,0.0,-5.0,5.3,,-49.23,0.0006,0.9994,Safe R,,
2026-09-06,PA-HD-81,PA,House,HD-81,1,,Caleb Joshua Donahue,Rich Irvin,,Rich Irvin,R,True,False,-54.5,-54.25,-42.59,3.75,-7.43,0.0,-5.0,5.3,,-49.73,0.0006,0.9994,Safe R,,
2026-09-06,PA-HD-82,PA,House,HD-82,1,,Paul Takac,Kirsten Lee Mcternan,,Paul Takac,D,True,False,4.3,5.83,8.08,3.75,7.43,1.11,0.0,5.3,,21.92,0.9241,0.0759,Likely D,,
2026-09-06,PA-HD-83,PA,House,HD-83,1,,,Jamie Flick,,Jamie Flick,R,True,False,-26.9,-27.37,-19.92,3.75,-7.43,0.0,-5.0,5.3,R,-27.05,0.02,0.98,Safe R,,
2026-09-06,PA-HD-84,PA,House,HD-84,1,,,Joe Hamm,,Joe Hamm,R,True,False,-54.1,-54.72,-42.99,3.75,-7.43,0.0,-5.0,5.3,R,-50.12,0.02,0.98,Safe R,,
2026-09-06,PA-HD-85,PA,House,HD-85,1,,,David Rowe,,David Rowe,R,True,False,-41.6,-42.14,-32.38,3.75,-7.43,2.21,0.0,5.3,R,-32.3,0.02,0.98,Safe R,,
2026-09-06,PA-HD-86,PA,House,HD-86,1,,Wendy Morgan,Perry Stambaugh,,Perry Stambaugh,R,True,False,-51.8,-52.58,-41.18,3.75,-7.43,0.0,-5.0,5.3,,-48.31,0.0008,0.9992,Safe R,,
2026-09-06,PA-HD-87,PA,House,HD-87,1,,Jessica Lynne St Clair,Thomas Kutz,,Thomas Kutz,R,True,False,-11.3,-12.5,-7.38,3.75,-7.43,-2.53,0.0,5.3,,-12.04,0.2156,0.7844,Likely R,,
2026-09-06,PA-HD-88,PA,House,HD-88,1,,Sara Agerton,Jeffrey H Clark,,Sheryl Delozier,R,False,True,-0.9,-1.7,1.73,3.75,0.0,-3.27,0.0,5.3,,3.77,0.5973,0.4027,Toss-up,,
2026-09-06,PA-HD-89,PA,House,HD-89,1,,Shannon Michael Jackson,Rob Kauffman,,Rob Kauffman,R,True,False,-31.7,-32.53,-24.27,3.75,-7.43,0.0,-5.0,5.3,,-31.41,0.02,0.98,Safe R,,
2026-09-06,PA-HD-9,PA,House,HD-9,1,,Shay Micco,Marla Brown,,Marla Brown,R,True,False,-29.8,-28.7,-21.04,3.75,-7.43,8.09,0.0,5.3,,-15.08,0.162,0.838,Likely R,,
2026-09-06,PA-HD-90,PA,House,HD-90,1,,,Chad Reichard,,Chad Reichard,R,True,False,-48.9,-49.63,-38.7,3.75,-7.43,0.0,-5.0,5.3,R,-45.83,0.02,0.98,Safe R,,
2026-09-06,PA-HD-91,PA,House,HD-91,1,,Kathleen Adams Pratt,Dan Moul,,Dan Moul,R,True,False,-29.3,-29.71,-21.9,3.75,-7.43,0.0,-5.0,5.3,,-29.03,0.0288,0.9712,Safe R,,
2026-09-06,PA-HD-92,PA,House,HD-92,1,,Krista Jean Anderson,Marc Anderson,,Marc Anderson,R,True,False,-34.2,-35.01,-26.36,3.75,-7.43,-2.49,0.0,5.3,,-30.98,0.0214,0.9786,Safe R,,
2026-09-06,PA-HD-93,PA,House,HD-93,1,,Melissa Ann Barnes,Mike Jones,,Mike Jones,R,True,False,-26.1,-27.02,-19.63,3.75,-7.43,0.0,-5.0,5.3,,-26.76,0.0401,0.9599,Safe R,,
2026-09-06,PA-HD-94,PA,House,HD-94,1,,Konnor John-Richard Grimek,Wendy Fink,,Wendy Fink,R,True,False,-34.4,-34.75,-26.15,3.75,-7.43,0.0,-5.0,5.3,,-33.28,0.0148,0.9852,Safe R,,
2026-09-06,PA-HD-95,PA,House,HD-95,1,,Carol Hill-Evans,Jasmine Rivera,,Carol Hill-Evans,D,True,False,23.8,25.37,24.56,3.75,7.43,-4.09,0.0,5.3,,33.19,0.985,0.015,Safe D,,
2026-09-06,PA-HD-96,PA,House,HD-96,1,,Nikki Rivera,Babita L Rusyn,,Nikki Rivera,D,True,False,21.2,21.59,21.37,3.75,7.43,0.0,5.0,5.3,,39.1,0.9947,0.0053,Safe D,,
2026-09-06,PA-HD-97,PA,House,HD-97,1,,Jessica Lee Branas,Steve Mentzer,,Steve Mentzer,R,True,False,-15.5,-16.53,-10.78,3.75,-7.43,0.0,-5.0,5.3,,-17.91,0.1207,0.8793,Likely R,,
2026-09-06,PA-HD-98,PA,House,HD-98,1,,Hugh Stockton Hyder-Darlington,Nicole Lin Woods,Joshua L. Deering,Tom Jones,R,False,True,-24.2,-25.33,-18.2,3.75,0.0,0.0,0.0,5.3,,-12.9,0.1994,0.8006,Likely R,,
2026-09-06,PA-HD-99,PA,House,HD-99,1,,Ethan Gabrick,Dave Zimmerman,,Dave Zimmerman,R,True,False,-42.5,-42.73,-32.88,3.75,-7.43,0.0,-5.0,5.3,,-40.01,0.0044,0.9956,Safe R,,
2026-09-06,PA-SD-10,PA,Senate,SD-10,1,,Steve Santarsiero,Gregory J Bankos Jr,,Steve Santarsiero,D,True,False,10.1,11.17,12.59,3.75,7.43,0.0,5.0,5.3,,30.32,0.9763,0.0237,Safe D,,
2026-09-06,PA-SD-12,PA,Senate,SD-12,1,,Maria Collett,Robert F Costello III,,Maria Collett,D,True,False,15.9,16.8,17.33,3.75,7.43,0.72,0.0,5.3,,30.78,0.9779,0.0221,Safe D,,
2026-09-06,PA-SD-14,PA,Senate,SD-14,1,,Nick Miller,Omy Maldonado,,Nick Miller,D,True,False,0.8,2.64,5.39,3.75,7.43,0.0,5.0,5.3,,23.12,0.9347,0.0653,Likely D,,
2026-09-06,PA-SD-16,PA,Senate,SD-16,1,,Mark Pinsley,Jarrett Coleman,,Jarrett Coleman,R,True,False,-8.9,-8.93,-4.37,3.75,-7.43,-0.27,-5.0,5.3,,-11.77,0.2207,0.7793,Likely R,,
2026-09-06,PA-SD-18,PA,Senate,SD-18,1,,Lisa Boscola,Scott Janney,,Lisa Boscola,D,True,False,5.0,5.57,7.86,3.75,7.43,4.26,0.0,5.3,,24.86,0.948,0.052,Likely D,,
2026-09-06,PA-SD-2,PA,Senate,SD-2,1,,Tina Tartaglione,,,Tina Tartaglione,D,True,False,38.9,43.2,39.6,3.75,7.43,0.0,5.0,5.3,D,57.33,0.98,0.02,Safe D,,
2026-09-06,PA-SD-20,PA,Senate,SD-20,1,,Jackie Baker,Lisa Baker,,Lisa Baker,R,True,False,-27.1,-26.65,-19.31,3.75,-7.43,0.0,-5.0,5.3,,-26.44,0.0419,0.9581,Safe R,,
2026-09-06,PA-SD-22,PA,Senate,SD-22,1,,Marty Flynn,Sharon Soltis,,Marty Flynn,D,True,False,3.9,5.35,7.67,3.75,7.43,0.0,5.0,5.3,,25.4,0.9517,0.0483,Safe D,,
2026-09-06,PA-SD-24,PA,Senate,SD-24,1,,Christopher David Thomas,Tracy Pennycuick,Michael Anthony Schonewolf Jr.,Tracy Pennycuick,R,True,False,-2.2,-2.01,1.47,3.75,-7.43,-1.51,0.0,5.3,,-2.17,0.4437,0.5563,Toss-up,,
2026-09-06,PA-SD-26,PA,Senate,SD-26,1,,Tim Kearney,Gail R. Scott,,Tim Kearney,D,True,False,19.4,20.28,20.27,3.75,7.43,0.0,5.0,5.3,,38.0,0.9935,0.0065,Safe D,,
2026-09-06,PA-SD-28,PA,Senate,SD-28,1,,Thomas S Johnson,Kristin Phillips-Hill,,Kristin Phillips-Hill,R,True,False,-28.9,-29.64,-21.83,3.75,-7.43,0.0,-5.0,5.3,,-28.96,0.0291,0.9709,Safe R,,
2026-09-06,PA-SD-30,PA,Senate,SD-30,1,,Sean Steeg,Judy Ward,,Judy Ward,R,True,False,-50.8,-51.16,-39.98,3.75,-7.43,-1.58,0.0,5.3,,-43.7,0.0021,0.9979,Safe R,,
2026-09-06,PA-SD-32,PA,Senate,SD-32,1,,Jacob H Cecil,Pat Stefano,,Pat Stefano,R,True,False,-50.1,-49.53,-38.61,3.75,-7.43,0.0,-5.0,5.3,,-45.74,0.0014,0.9986,Safe R,,
2026-09-06,PA-SD-34,PA,Senate,SD-34,1,,Nathan Wood,Greg Rothman,,Greg Rothman,R,True,False,-22.3,-23.16,-16.37,3.75,-7.43,0.0,-5.0,5.3,,-23.5,0.0622,0.9378,Likely R,,
2026-09-06,PA-SD-36,PA,Senate,SD-36,1,,James E. Malone, Jr.,Thomas Matthew Jones,,James E. Malone, Jr.,D,True,False,-15.3,-16.21,-10.51,3.75,7.43,0.0,5.0,5.3,,7.22,0.6817,0.3183,Lean D,,
2026-09-06,PA-SD-38,PA,Senate,SD-38,1,,Lindsey Williams,Thomas West,,Lindsey Williams,D,True,False,10.3,10.09,11.67,3.75,7.43,0.56,0.0,5.3,,24.96,0.9487,0.0513,Likely D,,
2026-09-06,PA-SD-4,PA,Senate,SD-4,1,,Art Haywood,Todd Johnson,,Art Haywood,D,True,False,67.4,69.15,61.49,3.75,7.43,0.35,5.0,5.3,,79.56,1.0,0.0,Safe D,,
2026-09-06,PA-SD-40,PA,Senate,SD-40,1,,Brian A Wrightson,Rosemary Brown,,Rosemary Brown,R,True,False,-6.5,-5.25,-1.26,3.75,-7.43,-7.58,0.0,5.3,,-10.97,0.2365,0.7635,Likely R,,
2026-09-06,PA-SD-42,PA,Senate,SD-42,1,,Wayne Fontana,,,Wayne Fontana,D,True,False,33.6,33.9,31.75,3.75,7.43,0.0,5.0,5.3,D,49.48,0.98,0.02,Safe D,,
2026-09-06,PA-SD-44,PA,Senate,SD-44,1,,Katie Muth,Melissa Dicranian,,Katie Muth,D,True,False,10.5,10.64,12.14,3.75,7.43,-1.54,0.0,5.3,,23.32,0.9364,0.0636,Likely D,,
2026-09-06,PA-SD-46,PA,Senate,SD-46,1,,,Camera Bartolotta,Jodi Marie Borello,Camera Bartolotta,R,True,False,-28.4,-28.03,-20.47,3.75,-7.43,0.0,-5.0,5.3,R,-27.6,0.02,0.98,Safe R,,
2026-09-06,PA-SD-48,PA,Senate,SD-48,1,,Wayne R. Moyer Jr.,Chris Gebhard,,Chris Gebhard,R,True,False,-33.9,-34.25,-25.72,3.75,-7.43,0.0,-5.0,5.3,,-32.86,0.0158,0.9842,Safe R,,
2026-09-06,PA-SD-50,PA,Senate,SD-50,1,,Sue Ann Mulvey,Michele Brooks,,Michele Brooks,R,True,False,-33.7,-32.96,-24.63,3.75,-7.43,-3.97,0.0,5.3,,-30.73,0.0222,0.9778,Safe R,,
2026-09-06,PA-SD-6,PA,Senate,SD-6,1,,Eileen T Hartnett Albillar,Frank Farry,,Frank Farry,R,True,False,-5.5,-4.15,-0.34,3.75,-7.43,-5.46,0.0,5.3,,-7.93,0.302,0.698,Lean R,,
2026-09-06,PA-SD-8,PA,Senate,SD-8,1,,Tony Williams,,,Tony Williams,D,True,False,66.6,68.86,61.24,3.75,7.43,0.0,5.0,5.3,D,78.97,0.98,0.02,Safe D,,
2026-09-06,RI-HD-1,RI,House,HD-1,1,,,,,Edith Ajello,D,False,False,78.8,80.73,70.89,3.32,0.0,0.0,0.0,5.3,,76.19,1.0,0.0,Safe D,,
2026-09-06,RI-HD-10,RI,House,HD-10,1,,,,,Scott Slater,D,False,False,37.8,44.9,40.67,3.32,0.0,0.0,0.0,5.3,,45.97,0.9987,0.0013,Safe D,,
2026-09-06,RI-HD-11,RI,House,HD-11,1,,,,,Grace Diaz,D,False,False,40.7,49.4,44.47,3.32,0.0,0.0,0.0,5.3,,49.77,0.9994,0.0006,Safe D,,
2026-09-06,RI-HD-12,RI,House,HD-12,1,,,,,Jose Batista,D,False,False,37.2,46.88,42.34,3.32,0.0,0.0,0.0,5.3,,47.64,0.9991,0.0009,Safe D,,
2026-09-06,RI-HD-13,RI,House,HD-13,1,,,,,Ramon Perez,D,False,False,9.1,17.49,17.55,3.32,0.0,0.0,0.0,5.3,,22.85,0.9325,0.0675,Likely D,,
2026-09-06,RI-HD-14,RI,House,HD-14,1,,,,,Charlene Lima,D,False,False,9.2,13.51,14.19,3.32,0.0,0.0,0.0,5.3,,19.49,0.8988,0.1012,Likely D,,
2026-09-06,RI-HD-15,RI,House,HD-15,1,,,,,Chris Paplauskas,R,False,False,-9.4,-9.14,-4.91,3.32,0.0,0.0,0.0,5.3,,0.39,0.5102,0.4898,Toss-up,,
2026-09-06,RI-HD-16,RI,House,HD-16,1,,,,,Brandon Potter,D,False,False,14.0,16.79,16.96,3.32,0.0,0.0,0.0,5.3,,22.26,0.9272,0.0728,Likely D,,
2026-09-06,RI-HD-17,RI,House,HD-17,1,,,,,Jackie Baginski,D,False,False,-4.7,-2.25,0.9,3.32,0.0,0.0,0.0,5.3,,6.2,0.6574,0.3426,Lean D,,
2026-09-06,RI-HD-18,RI,House,HD-18,1,,,,,Arthur Handy,D,False,False,31.6,34.31,31.74,3.32,0.0,0.0,0.0,5.3,,37.04,0.9923,0.0077,Safe D,,
2026-09-06,RI-HD-19,RI,House,HD-19,1,,,,,Joseph McNamara,D,False,False,29.9,31.86,29.67,3.32,0.0,0.0,0.0,5.3,,34.97,0.9889,0.0111,Safe D,,
2026-09-06,RI-HD-2,RI,House,HD-2,1,,,,,Chris Blazejewski,D,False,False,70.4,73.97,65.18,3.32,0.0,0.0,0.0,5.3,,70.48,1.0,0.0,Safe D,,
2026-09-06,RI-HD-20,RI,House,HD-20,1,,,,,David Bennett,D,False,False,5.9,7.91,9.47,3.32,0.0,0.0,0.0,5.3,,14.77,0.833,0.167,Likely D,,
2026-09-06,RI-HD-21,RI,House,HD-21,1,,,,,Marie Hopkins,R,False,False,4.0,5.57,7.5,3.32,0.0,0.0,0.0,5.3,,12.8,0.7987,0.2013,Likely D,,
2026-09-06,RI-HD-22,RI,House,HD-22,1,,,,,Joseph Solomon,D,False,False,0.9,1.94,4.43,3.32,0.0,0.0,0.0,5.3,,9.73,0.7378,0.2622,Lean D,,
2026-09-06,RI-HD-23,RI,House,HD-23,1,,,,,Joe Shekarchi,D,False,False,1.5,3.14,5.44,3.32,0.0,0.0,0.0,5.3,,10.74,0.7589,0.2411,Likely D,,
2026-09-06,RI-HD-24,RI,House,HD-24,1,,,,,Evan Shanley,D,False,False,15.3,15.65,16.0,3.32,0.0,0.0,0.0,5.3,,21.3,0.9182,0.0818,Likely D,,
2026-09-06,RI-HD-25,RI,House,HD-25,1,,,,,Tom Noret,D,False,False,-6.5,-4.45,-0.96,3.32,0.0,0.0,0.0,5.3,,4.34,0.6118,0.3882,Lean D,,
2026-09-06,RI-HD-26,RI,House,HD-26,1,,,,,Earl Read,D,False,False,-4.5,-3.28,0.04,3.32,0.0,0.0,0.0,5.3,,5.34,0.6365,0.3635,Lean D,,
2026-09-06,RI-HD-27,RI,House,HD-27,1,,,,,Pat Serpa,D,False,False,-3.6,-1.94,1.16,3.32,0.0,0.0,0.0,5.3,,6.46,0.6636,0.3364,Lean D,,
2026-09-06,RI-HD-28,RI,House,HD-28,1,,,,,George Nardone,R,False,False,-12.8,-12.21,-7.5,3.32,0.0,0.0,0.0,5.3,,-2.2,0.4429,0.5571,Toss-up,,
2026-09-06,RI-HD-29,RI,House,HD-29,1,,,,,Sherry Roberts,R,False,False,-15.9,-14.16,-9.14,3.32,0.0,0.0,0.0,5.3,,-3.84,0.4008,0.5992,Toss-up,,
2026-09-06,RI-HD-3,RI,House,HD-3,1,,,,,Nathan Biah,D,False,False,38.7,46.0,41.6,3.32,0.0,0.0,0.0,5.3,,46.9,0.9989,0.0011,Safe D,,
2026-09-06,RI-HD-30,RI,House,HD-30,1,,,,,Justine Caldwell,D,False,False,18.6,18.62,18.51,3.32,0.0,0.0,0.0,5.3,,23.81,0.9403,0.0597,Likely D,,
2026-09-06,RI-HD-31,RI,House,HD-31,1,,,,,Julie Casimiro,D,False,False,12.1,12.91,13.69,3.32,0.0,0.0,0.0,5.3,,18.99,0.8928,0.1072,Likely D,,
2026-09-06,RI-HD-32,RI,House,HD-32,1,,,,,Robert Craven,D,False,False,26.0,26.35,25.03,3.32,0.0,0.0,0.0,5.3,,30.33,0.9763,0.0237,Safe D,,
2026-09-06,RI-HD-33,RI,House,HD-33,1,,,,,Carol McEntee,D,False,False,22.3,24.88,23.79,3.32,0.0,0.0,0.0,5.3,,29.09,0.9714,0.0286,Safe D,,
2026-09-06,RI-HD-34,RI,House,HD-34,1,,,,,Teresa Tanzi,D,False,False,27.0,27.63,26.1,3.32,0.0,0.0,0.0,5.3,,31.4,0.98,0.02,Safe D,,
2026-09-06,RI-HD-35,RI,House,HD-35,1,,,,,Kathleen Fogarty,D,False,False,27.1,30.88,28.84,3.32,0.0,0.0,0.0,5.3,,34.14,0.9872,0.0128,Safe D,,
2026-09-06,RI-HD-36,RI,House,HD-36,1,,,,,Tina Spears,D,False,False,18.0,19.09,18.9,3.32,0.0,0.0,0.0,5.3,,24.2,0.9433,0.0567,Likely D,,
2026-09-06,RI-HD-37,RI,House,HD-37,1,,,,,Samuel Azzinaro,D,False,False,12.4,13.22,13.95,3.32,0.0,0.0,0.0,5.3,,19.25,0.8959,0.1041,Likely D,,
2026-09-06,RI-HD-38,RI,House,HD-38,1,,,,,Brian Kennedy,D,False,False,-4.7,-3.58,-0.22,3.32,0.0,0.0,0.0,5.3,,5.08,0.6301,0.3699,Lean D,,
2026-09-06,RI-HD-39,RI,House,HD-39,1,,,,,Megan Cotter,D,False,False,-4.4,-4.02,-0.59,3.32,0.0,0.0,0.0,5.3,,4.71,0.621,0.379,Lean D,,
2026-09-06,RI-HD-4,RI,House,HD-4,1,,,,,Rebecca Kislak,D,False,False,75.9,78.58,69.07,3.32,0.0,0.0,0.0,5.3,,74.37,1.0,0.0,Safe D,,
2026-09-06,RI-HD-40,RI,House,HD-40,1,,,,,Mike Chippendale,R,False,False,-21.6,-19.59,-13.72,3.32,0.0,0.0,0.0,5.3,,-8.42,0.2909,0.7091,Lean R,,
2026-09-06,RI-HD-41,RI,House,HD-41,1,,,,,Bob Quattrocchi,R,False,False,-22.1,-21.08,-14.98,3.32,0.0,0.0,0.0,5.3,,-9.68,0.2634,0.7366,Lean R,,
2026-09-06,RI-HD-42,RI,House,HD-42,1,,,,,Dick Fascia,R,False,False,-16.6,-15.03,-9.88,3.32,0.0,0.0,0.0,5.3,,-4.58,0.3823,0.6177,Lean R,,
2026-09-06,RI-HD-43,RI,House,HD-43,1,,,,,Deborah Fellela,D,False,False,-19.0,-16.58,-11.18,3.32,0.0,0.0,0.0,5.3,,-5.88,0.3502,0.6498,Lean R,,
2026-09-06,RI-HD-44,RI,House,HD-44,1,,,,,Greg Costantino,D,False,False,-12.6,-11.49,-6.89,3.32,0.0,0.0,0.0,5.3,,-1.59,0.4585,0.5415,Toss-up,,
2026-09-06,RI-HD-45,RI,House,HD-45,1,,,,,Mia Ackerman,D,False,False,4.3,6.37,8.17,3.32,0.0,0.0,0.0,5.3,,13.47,0.8108,0.1892,Likely D,,
2026-09-06,RI-HD-46,RI,House,HD-46,1,,,,,Mary Ann Shallcross-Smith,D,False,False,8.7,9.0,10.39,3.32,0.0,0.0,0.0,5.3,,15.69,0.8476,0.1524,Likely D,,
2026-09-06,RI-HD-47,RI,House,HD-47,1,,,,,David Place,R,False,False,-24.8,-23.86,-17.33,3.32,0.0,0.0,0.0,5.3,,-12.03,0.2158,0.7842,Likely R,,
2026-09-06,RI-HD-48,RI,House,HD-48,1,,,,,Brian Newberry,R,False,False,-10.5,-9.44,-5.17,3.32,0.0,0.0,0.0,5.3,,0.13,0.5035,0.4965,Toss-up,,
2026-09-06,RI-HD-49,RI,House,HD-49,1,,,,,Jon Brien,R,False,False,4.3,7.88,9.45,3.32,0.0,0.0,0.0,5.3,,14.75,0.8326,0.1674,Likely D,,
2026-09-06,RI-HD-5,RI,House,HD-5,1,,,,,Anthony DeSimone,D,False,False,37.2,42.37,38.54,3.32,0.0,0.0,0.0,5.3,,43.84,0.9979,0.0021,Safe D,,
2026-09-06,RI-HD-50,RI,House,HD-50,1,,,,,Stephen Casey,D,False,False,-3.4,-1.86,1.23,3.32,0.0,0.0,0.0,5.3,,6.53,0.6654,0.3346,Lean D,,
2026-09-06,RI-HD-51,RI,House,HD-51,1,,,,,Bob Phillips,D,False,False,-4.2,-1.98,1.13,3.32,0.0,0.0,0.0,5.3,,6.43,0.663,0.337,Lean D,,
2026-09-06,RI-HD-52,RI,House,HD-52,1,,,,,Alex Marszalkowski,D,False,False,8.1,8.42,9.9,3.32,0.0,0.0,0.0,5.3,,15.2,0.8399,0.1601,Likely D,,
2026-09-06,RI-HD-53,RI,House,HD-53,1,,,,,Paul Santucci,R,False,False,-8.4,-6.56,-2.74,3.32,0.0,0.0,0.0,5.3,,2.56,0.5666,0.4334,Toss-up,,
2026-09-06,RI-HD-54,RI,House,HD-54,1,,,,,Bill O'Brien,D,False,False,7.6,9.18,10.54,3.32,0.0,0.0,0.0,5.3,,15.84,0.8499,0.1501,Likely D,,
2026-09-06,RI-HD-55,RI,House,HD-55,1,,,,,Arthur Corvese,D,False,False,4.4,6.24,8.06,3.32,0.0,0.0,0.0,5.3,,13.36,0.8089,0.1911,Likely D,,
2026-09-06,RI-HD-56,RI,House,HD-56,1,,,,,Joshua Giraldo,D,False,False,34.3,40.04,36.57,3.32,0.0,0.0,0.0,5.3,,41.87,0.9969,0.0031,Safe D,,
2026-09-06,RI-HD-57,RI,House,HD-57,1,,,,,Brandon Voas,D,False,False,10.8,14.45,14.98,3.32,0.0,0.0,0.0,5.3,,20.28,0.9076,0.0924,Likely D,,
2026-09-06,RI-HD-58,RI,House,HD-58,1,,,,,Cherie Cruz,D,False,False,36.5,43.38,39.39,3.32,0.0,0.0,0.0,5.3,,44.69,0.9983,0.0017,Safe D,,
2026-09-06,RI-HD-59,RI,House,HD-59,1,,,,,Jennifer Stewart,D,False,False,57.6,60.62,53.93,3.32,0.0,0.0,0.0,5.3,,59.23,0.9999,0.0001,Safe D,,
2026-09-06,RI-HD-6,RI,House,HD-6,1,,,,,Raymond Hull,D,False,False,29.4,32.99,30.63,3.32,0.0,0.0,0.0,5.3,,35.93,0.9906,0.0094,Safe D,,
2026-09-06,RI-HD-60,RI,House,HD-60,1,,,,,Karen Alzate,D,False,False,30.4,35.3,32.57,3.32,0.0,0.0,0.0,5.3,,37.87,0.9934,0.0066,Safe D,,
2026-09-06,RI-HD-61,RI,House,HD-61,1,,,,,Leo Felix,D,False,False,19.0,22.12,21.46,3.32,0.0,0.0,0.0,5.3,,26.76,0.9599,0.0401,Safe D,,
2026-09-06,RI-HD-62,RI,House,HD-62,1,,,,,Mary Messier,D,False,False,21.6,25.96,24.7,3.32,0.0,0.0,0.0,5.3,,30.0,0.9751,0.0249,Safe D,,
2026-09-06,RI-HD-63,RI,House,HD-63,1,,,,,Katie Kazarian,D,False,False,27.1,29.35,27.56,3.32,0.0,0.0,0.0,5.3,,32.86,0.9842,0.0158,Safe D,,
2026-09-06,RI-HD-64,RI,House,HD-64,1,,,,,Jenni Furtado,D,False,False,20.7,24.93,23.83,3.32,0.0,0.0,0.0,5.3,,29.13,0.9716,0.0284,Safe D,,
2026-09-06,RI-HD-65,RI,House,HD-65,1,,,,,Matthew Dawson,D,False,False,22.9,24.48,23.45,3.32,0.0,0.0,0.0,5.3,,28.75,0.9699,0.0301,Safe D,,
2026-09-06,RI-HD-66,RI,House,HD-66,1,,,,,Jennifer Boylan,D,False,False,30.5,32.43,30.15,3.32,0.0,0.0,0.0,5.3,,35.45,0.9898,0.0102,Safe D,,
2026-09-06,RI-HD-67,RI,House,HD-67,1,,Nicole Jellinek,,,Jason Knight,D,False,False,31.1,32.62,30.31,3.32,0.0,0.0,0.0,5.3,D,35.61,0.98,0.02,Safe D,,
2026-09-06,RI-HD-68,RI,House,HD-68,1,,,,,June Speakman,D,False,False,20.4,21.38,20.83,3.32,0.0,0.0,0.0,5.3,,26.13,0.9563,0.0437,Safe D,,
2026-09-06,RI-HD-69,RI,House,HD-69,1,,,,,Susan Donovan,D,False,False,14.8,16.15,16.42,3.32,0.0,0.0,0.0,5.3,,21.72,0.9222,0.0778,Likely D,,
2026-09-06,RI-HD-7,RI,House,HD-7,1,,,,,David Morales,D,False,False,39.5,44.18,40.06,3.32,0.0,0.0,0.0,5.3,,45.36,0.9985,0.0015,Safe D,,
2026-09-06,RI-HD-70,RI,House,HD-70,1,,,,,Jay Edwards,D,False,False,3.6,6.73,8.48,3.32,0.0,0.0,0.0,5.3,,13.78,0.8162,0.1838,Likely D,,
2026-09-06,RI-HD-71,RI,House,HD-71,1,,,,,Michelle McGaw,D,False,False,21.1,20.29,19.91,3.32,0.0,0.0,0.0,5.3,,25.21,0.9504,0.0496,Safe D,,
2026-09-06,RI-HD-72,RI,House,HD-72,1,,,,,Terri Cortvriend,D,False,False,23.0,23.89,22.95,3.32,0.0,0.0,0.0,5.3,,28.25,0.9677,0.0323,Safe D,,
2026-09-06,RI-HD-73,RI,House,HD-73,1,,,,,Marvin Abney,D,False,False,40.4,43.71,39.67,3.32,0.0,0.0,0.0,5.3,,44.97,0.9984,0.0016,Safe D,,
2026-09-06,RI-HD-74,RI,House,HD-74,1,,,,,Alex Finkelman,D,False,False,31.6,32.78,30.45,3.32,0.0,0.0,0.0,5.3,,35.75,0.9903,0.0097,Safe D,,
2026-09-06,RI-HD-75,RI,House,HD-75,1,,,,,Lauren Carson,D,False,False,41.4,43.15,39.19,3.32,0.0,0.0,0.0,5.3,,44.49,0.9982,0.0018,Safe D,,
2026-09-06,RI-HD-8,RI,House,HD-8,1,,,,,John Lombardi,D,False,False,56.5,61.93,55.03,3.32,0.0,0.0,0.0,5.3,,60.33,1.0,0.0,Safe D,,
2026-09-06,RI-HD-9,RI,House,HD-9,1,,,,,Enrique Sanchez,D,False,False,49.7,58.07,51.78,3.32,0.0,0.0,0.0,5.3,,57.08,0.9999,0.0001,Safe D,,
2026-09-06,RI-SD-1,RI,Senate,SD-1,1,,,,,Jake Bissaillon,D,False,False,40.5,47.04,42.48,3.32,0.0,0.0,0.0,5.3,,47.78,0.9991,0.0009,Safe D,,
2026-09-06,RI-SD-10,RI,Senate,SD-10,1,,,,,Walter Felag,D,False,False,9.5,10.9,11.99,3.32,0.0,0.0,0.0,5.3,,17.29,0.8709,0.1291,Likely D,,
2026-09-06,RI-SD-11,RI,Senate,SD-11,1,,,,,Linda Ujifusa,D,False,False,22.3,23.08,22.26,3.32,0.0,0.0,0.0,5.3,,27.56,0.9643,0.0357,Safe D,,
2026-09-06,RI-SD-12,RI,Senate,SD-12,1,,,,,Lou DiPalma,D,False,False,21.3,23.48,22.61,3.32,0.0,0.0,0.0,5.3,,27.91,0.966,0.034,Safe D,,
2026-09-06,RI-SD-13,RI,Senate,SD-13,1,,,,,Dawn Euer,D,False,False,41.2,42.89,38.97,3.32,0.0,0.0,0.0,5.3,,44.27,0.9981,0.0019,Safe D,,
2026-09-06,RI-SD-14,RI,Senate,SD-14,1,,,,,Val Lawson,D,False,False,21.6,25.18,24.03,3.32,0.0,0.0,0.0,5.3,,29.33,0.9725,0.0275,Safe D,,
2026-09-06,RI-SD-15,RI,Senate,SD-15,1,,,,,Meghan Kallman,D,False,False,53.6,56.92,50.81,3.32,0.0,0.0,0.0,5.3,,56.11,0.9999,0.0001,Safe D,,
2026-09-06,RI-SD-16,RI,Senate,SD-16,1,,,,,Jonathon Acosta,D,False,False,34.7,40.85,37.25,3.32,0.0,0.0,0.0,5.3,,42.55,0.9973,0.0027,Safe D,,
2026-09-06,RI-SD-17,RI,Senate,SD-17,1,,,,,Thomas Paolino,R,False,False,0.0,0.74,3.43,3.32,0.0,0.0,0.0,5.3,,8.73,0.7159,0.2841,Lean D,,
2026-09-06,RI-SD-18,RI,Senate,SD-18,1,,,,,Bob Britto,D,False,False,23.2,25.44,24.25,3.32,0.0,0.0,0.0,5.3,,29.55,0.9734,0.0266,Safe D,,
2026-09-06,RI-SD-19,RI,Senate,SD-19,1,,,,,Ryan Pearson,D,False,False,8.5,10.19,11.39,3.32,0.0,0.0,0.0,5.3,,16.69,0.8625,0.1375,Likely D,,
2026-09-06,RI-SD-2,RI,Senate,SD-2,1,,,,,Ana Quezada,D,False,False,35.9,45.17,40.9,3.32,0.0,0.0,0.0,5.3,,46.2,0.9987,0.0013,Safe D,,
2026-09-06,RI-SD-20,RI,Senate,SD-20,1,,,,,Brian Thompson,D,False,False,-2.3,0.33,3.08,3.32,0.0,0.0,0.0,5.3,,8.38,0.7081,0.2919,Lean D,,
2026-09-06,RI-SD-21,RI,Senate,SD-21,1,,,,,Gordon Rogers,R,False,False,-19.4,-18.1,-12.47,3.32,0.0,0.0,0.0,5.3,,-7.17,0.3197,0.6803,Lean R,,
2026-09-06,RI-SD-22,RI,Senate,SD-22,1,,,,,David Tikoian,D,False,False,-5.6,-4.02,-0.59,3.32,0.0,0.0,0.0,5.3,,4.71,0.621,0.379,Lean D,,
2026-09-06,RI-SD-23,RI,Senate,SD-23,1,,,,,Jessica de la Cruz,R,False,False,-21.5,-19.54,-13.68,3.32,0.0,0.0,0.0,5.3,,-8.38,0.2918,0.7082,Lean R,,
2026-09-06,RI-SD-24,RI,Senate,SD-24,1,,,,,Melissa Murray,D,False,False,3.2,4.76,6.81,3.32,0.0,0.0,0.0,5.3,,12.11,0.7858,0.2142,Likely D,,
2026-09-06,RI-SD-25,RI,Senate,SD-25,1,,,,,Andrew Dimitri,D,False,False,-19.2,-17.07,-11.6,3.32,0.0,0.0,0.0,5.3,,-6.3,0.3403,0.6597,Lean R,,
2026-09-06,RI-SD-26,RI,Senate,SD-26,1,,,,,Todd Patalano,D,False,False,-8.8,-6.94,-3.05,3.32,0.0,0.0,0.0,5.3,,2.25,0.5585,0.4415,Toss-up,,
2026-09-06,RI-SD-27,RI,Senate,SD-27,1,,,,,Hanna Gallo,D,False,False,1.6,2.9,5.25,3.32,0.0,0.0,0.0,5.3,,10.55,0.7549,0.2451,Likely D,,
2026-09-06,RI-SD-28,RI,Senate,SD-28,1,,,,,Lammis Vargas,D,False,False,34.7,38.22,35.03,3.32,0.0,0.0,0.0,5.3,,40.33,0.9958,0.0042,Safe D,,
2026-09-06,RI-SD-29,RI,Senate,SD-29,1,,,,,Peter Appollonio Jr.,D,False,False,1.3,3.34,5.62,3.32,0.0,0.0,0.0,5.3,,10.92,0.7624,0.2376,Likely D,,
2026-09-06,RI-SD-3,RI,Senate,SD-3,1,,,,,Sam Zurier,D,False,False,76.5,79.67,69.99,3.32,0.0,0.0,0.0,5.3,,75.29,1.0,0.0,Safe D,,
2026-09-06,RI-SD-30,RI,Senate,SD-30,1,,,,,Mark McKenney,D,False,False,8.5,8.91,10.32,3.32,0.0,0.0,0.0,5.3,,15.62,0.8465,0.1535,Likely D,,
2026-09-06,RI-SD-31,RI,Senate,SD-31,1,,,,,Matt LaMountain,D,False,False,13.3,15.24,15.66,3.32,0.0,0.0,0.0,5.3,,20.96,0.9147,0.0853,Likely D,,
2026-09-06,RI-SD-32,RI,Senate,SD-32,1,,,,,Pam Lauria,D,False,False,33.4,34.46,31.86,3.32,0.0,0.0,0.0,5.3,,37.16,0.9925,0.0075,Safe D,,
2026-09-06,RI-SD-33,RI,Senate,SD-33,1,,,,,Leonidas Raptakis,D,False,False,-11.8,-11.11,-6.57,3.32,0.0,0.0,0.0,5.3,,-1.27,0.4669,0.5331,Toss-up,,
2026-09-06,RI-SD-34,RI,Senate,SD-34,1,,Samantha Wilcox,,,Elaine Morgan,R,False,False,-4.6,-3.75,-0.37,3.32,0.0,0.0,0.0,5.3,D,4.93,0.98,0.02,Safe D,,
2026-09-06,RI-SD-35,RI,Senate,SD-35,1,,,,,Bridget Valverde,D,False,False,20.0,20.83,20.36,3.32,0.0,0.0,0.0,5.3,,25.66,0.9534,0.0466,Safe D,,
2026-09-06,RI-SD-36,RI,Senate,SD-36,1,,Mark Mesrobian,,,Alana DiMario,D,False,False,20.6,21.33,20.79,3.32,0.0,0.0,0.0,5.3,D,26.09,0.98,0.02,Safe D,,
2026-09-06,RI-SD-37,RI,Senate,SD-37,1,,,,,Sue Sosnowski,D,False,False,32.1,34.92,32.25,3.32,0.0,0.0,0.0,5.3,,37.55,0.993,0.007,Safe D,,
2026-09-06,RI-SD-38,RI,Senate,SD-38,1,,,,,Victoria Gu,D,False,False,10.9,11.28,12.31,3.32,0.0,0.0,0.0,5.3,,17.61,0.8753,0.1247,Likely D,,
2026-09-06,RI-SD-4,RI,Senate,SD-4,1,,,,,Stefano Famiglietti,D,False,False,10.7,12.47,13.32,3.32,0.0,0.0,0.0,5.3,,18.62,0.8883,0.1117,Likely D,,
2026-09-06,RI-SD-5,RI,Senate,SD-5,1,,,,,Sam Bell,D,False,False,50.5,55.16,49.32,3.32,0.0,0.0,0.0,5.3,,54.62,0.9998,0.0002,Safe D,,
2026-09-06,RI-SD-6,RI,Senate,SD-6,1,,,,,Tiara Mack,D,False,False,52.2,57.89,51.63,3.32,0.0,0.0,0.0,5.3,,56.93,0.9999,0.0001,Safe D,,
2026-09-06,RI-SD-7,RI,Senate,SD-7,1,,,,,Frank Ciccone,D,False,False,18.0,27.49,25.98,3.32,0.0,0.0,0.0,5.3,,31.28,0.9796,0.0204,Safe D,,
2026-09-06,RI-SD-8,RI,Senate,SD-8,1,,,,,Lori Urso,D,False,False,25.7,29.02,27.28,3.32,0.0,0.0,0.0,5.3,,32.58,0.9834,0.0166,Safe D,,
2026-09-06,RI-SD-9,RI,Senate,SD-9,1,,,,,John Burke,D,False,False,-2.0,-0.34,2.51,3.32,0.0,0.0,0.0,5.3,,7.81,0.6952,0.3048,Lean D,,
2026-09-06,SC-HD-1,SC,House,HD-1,1,,Jasmine Williams,Bill Whitmire,,Bill Whitmire,R,True,False,-59.1,-59.44,-46.55,4.25,-7.43,0.0,-5.0,5.3,,-53.68,0.0002,0.9998,Safe R,,
2026-09-06,SC-HD-10,SC,House,HD-10,1,,Thomas Stewart,Thomas Beach,,Thomas Beach,R,True,False,-47.4,-47.75,-36.69,4.25,-7.43,0.0,-5.0,5.3,,-43.82,0.0021,0.9979,Safe R,,
2026-09-06,SC-HD-100,SC,House,HD-100,1,,Crystal Y Campbell,Sylleste Davis,,Sylleste Davis,R,True,False,-22.6,-22.07,-15.03,4.25,-7.43,0.0,-5.0,5.3,,-22.16,0.0737,0.9263,Likely R,,
2026-09-06,SC-HD-101,SC,House,HD-101,1,,Roger Kirby,Arnie Borowsky,,Roger Kirby,D,True,False,15.9,19.44,19.98,4.25,7.43,0.0,5.0,5.3,,37.71,0.9932,0.0068,Safe D,,
2026-09-06,SC-HD-102,SC,House,HD-102,1,,Montez Aiken,Harriet Holman,,Harriet Holman,R,True,False,-5.7,-1.99,1.91,4.25,-7.43,0.42,0.0,5.3,,0.2,0.5053,0.4947,Toss-up,,
2026-09-06,SC-HD-103,SC,House,HD-103,1,,Carl Anderson,,,Carl Anderson,D,True,False,3.8,3.02,6.13,4.25,7.43,0.0,5.0,5.3,D,23.86,0.98,0.02,Safe D,,
2026-09-06,SC-HD-104,SC,House,HD-104,1,,George M Blumenthal,William Bailey,,William Bailey,R,True,False,-39.4,-38.95,-29.26,4.25,-7.43,0.0,-5.0,5.3,,-36.39,0.0087,0.9913,Safe R,,
2026-09-06,SC-HD-105,SC,House,HD-105,1,,David Wilson,Kevin Hardee,,Kevin Hardee,R,True,False,-43.9,-41.46,-31.38,4.25,-7.43,0.0,-5.0,5.3,,-38.51,0.0059,0.9941,Safe R,,
2026-09-06,SC-HD-106,SC,House,HD-106,1,,Marisa McCann,Val Guest,,Val Guest,R,True,False,-40.7,-40.49,-30.56,4.25,-7.43,-2.4,0.0,5.3,,-35.09,0.0109,0.9891,Safe R,,
2026-09-06,SC-HD-107,SC,House,HD-107,1,,Christine Giguere,Case Brittain,,Case Brittain,R,True,False,-28.1,-26.84,-19.05,4.25,-7.43,-4.09,0.0,5.3,,-25.27,0.0492,0.9508,Safe R,,
2026-09-06,SC-HD-108,SC,House,HD-108,1,,Kathy Redwine,Lee Hewitt,,Lee Hewitt,R,True,False,-30.8,-28.18,-20.18,4.25,-7.43,0.0,-5.0,5.3,,-27.31,0.0371,0.9629,Safe R,,
2026-09-06,SC-HD-109,SC,House,HD-109,1,,Tiffany Spann-Wilder,,,Tiffany Spann-Wilder,D,True,False,28.6,29.38,28.36,4.25,7.43,0.0,5.0,5.3,D,46.09,0.98,0.02,Safe D,,
2026-09-06,SC-HD-11,SC,House,HD-11,1,,Jessica Beasley,Craig Gagnon,E T Stone,Craig Gagnon,R,True,False,-48.9,-47.47,-36.45,4.25,-7.43,0.0,-5.0,5.3,,-43.58,0.0022,0.9978,Safe R,,
2026-09-06,SC-HD-110,SC,House,HD-110,1,,KJ Atwood,Tom Hartnett,,Tom Hartnett,R,True,False,-2.5,-2.22,1.72,4.25,-7.43,-2.51,0.0,5.3,,-2.92,0.4242,0.5758,Toss-up,,
2026-09-06,SC-HD-111,SC,House,HD-111,1,,Wendell Gilliard,,,Wendell Gilliard,D,True,False,48.6,53.96,49.1,4.25,7.43,-2.18,0.0,5.3,D,59.65,0.98,0.02,Safe D,,
2026-09-06,SC-HD-112,SC,House,HD-112,1,,Jenna Arsenault,Joe Bustos,,Joe Bustos,R,True,False,-12.4,-11.57,-6.18,4.25,-7.43,-2.53,0.0,5.3,,-10.83,0.2393,0.7607,Likely R,,
2026-09-06,SC-HD-113,SC,House,HD-113,1,,Courtney Waters,,,Courtney Waters,D,True,False,39.3,40.58,37.81,4.25,7.43,0.0,5.0,5.3,D,55.54,0.98,0.02,Safe D,,
2026-09-06,SC-HD-114,SC,House,HD-114,1,,Kelly Hough,Gary Brewer,,Gary Brewer,R,True,False,-15.7,-15.43,-9.43,4.25,-7.43,-1.47,0.0,5.3,,-13.03,0.1971,0.8029,Likely R,,
2026-09-06,SC-HD-115,SC,House,HD-115,1,,Nick Uricchio,Johnnie Garmon,,Spencer Wetmore,D,False,True,3.6,5.26,8.02,4.25,0.0,0.0,0.0,5.3,,13.32,0.8082,0.1918,Likely D,,
2026-09-06,SC-HD-116,SC,House,HD-116,1,,Clay Middleton,James Teeple,,James Teeple,R,True,False,-0.6,0.98,4.41,4.25,-7.43,-0.66,0.0,5.3,,1.62,0.5423,0.4577,Toss-up,,
2026-09-06,SC-HD-117,SC,House,HD-117,1,,Ashley Painter,Jordan Pace,,Jordan Pace,R,True,False,-19.9,-18.89,-12.35,4.25,-7.43,2.31,0.0,5.3,,-12.17,0.2131,0.7869,Likely R,,
2026-09-06,SC-HD-118,SC,House,HD-118,1,,Bernie Scolaro,Bill Herbkersman,,Bill Herbkersman,R,True,False,-20.2,-19.9,-13.2,4.25,-7.43,-3.4,0.0,5.3,,-18.73,0.1103,0.8897,Likely R,,
2026-09-06,SC-HD-119,SC,House,HD-119,1,,Leon Stavrinakis,Lee Edwards,,Leon Stavrinakis,D,True,False,8.2,7.94,10.28,4.25,7.43,1.22,0.0,5.3,,24.23,0.9434,0.0566,Likely D,,
2026-09-06,SC-HD-12,SC,House,HD-12,1,,Jumelle Brooks,Daniel Gibson,,Daniel Gibson,R,True,False,-3.8,-1.11,2.65,4.25,-7.43,-1.12,0.0,5.3,,-0.6,0.4843,0.5157,Toss-up,,
2026-09-06,SC-HD-120,SC,House,HD-120,1,,Debbie Subera-Wiggin,Weston Newton,,Weston Newton,R,True,False,-23.1,-22.38,-15.29,4.25,-7.43,-3.86,0.0,5.3,,-21.28,0.082,0.918,Likely R,,
2026-09-06,SC-HD-121,SC,House,HD-121,1,,Shannon N DeLoach,Shelley Yuhas,,Michael Rivers,D,False,True,16.2,18.5,19.18,4.25,0.0,0.0,0.0,5.3,,24.48,0.9453,0.0547,Likely D,,
2026-09-06,SC-HD-122,SC,House,HD-122,1,,Korey Williams,Bill Hager,,Bill Hager,R,True,False,-4.3,-0.93,2.8,4.25,-7.43,-1.73,0.0,5.3,,-1.06,0.4724,0.5276,Toss-up,,
2026-09-06,SC-HD-123,SC,House,HD-123,1,,Ann C Shippy,Jeff Bradley,,Jeff Bradley,R,True,False,-12.3,-12.34,-6.82,4.25,-7.43,-2.75,0.0,5.3,,-11.7,0.2221,0.7779,Likely R,,
2026-09-06,SC-HD-124,SC,House,HD-124,1,,Shauna Bishop,Shannon Erickson,,Shannon Erickson,R,True,False,-16.4,-16.21,-10.08,4.25,-7.43,-4.12,0.0,5.3,,-16.33,0.1428,0.8572,Likely R,,
2026-09-06,SC-HD-13,SC,House,HD-13,1,,C Rauch Wise,John McCravy,,John McCravy,R,True,False,-46.4,-46.9,-35.97,4.25,-7.43,0.17,-5.0,5.3,,-42.93,0.0025,0.9975,Safe R,,
2026-09-06,SC-HD-14,SC,House,HD-14,1,,Michanna Tate,Rick Shealy,Henry D Jones,Luke Rankin,R,False,True,-40.0,-36.11,-26.87,4.25,0.0,0.0,0.0,5.3,,-21.57,0.0792,0.9208,Likely R,,
2026-09-06,SC-HD-15,SC,House,HD-15,1,,J.A. Moore,Heather Hickman,Melissa Couture,J.A. Moore,D,True,False,14.6,14.04,15.43,4.25,7.43,0.0,5.0,5.3,,33.16,0.9849,0.0151,Safe D,,
2026-09-06,SC-HD-16,SC,House,HD-16,1,,Lynn Ramirez,Mark Willis,,Mark Willis,R,True,False,-33.2,-32.05,-23.45,4.25,-7.43,0.0,-5.0,5.3,,-30.58,0.0228,0.9772,Safe R,,
2026-09-06,SC-HD-17,SC,House,HD-17,1,,Rich Nicoloff,Mike Burns,,Mike Burns,R,True,False,-53.6,-54.65,-42.51,4.25,-7.43,0.0,-5.0,5.3,,-49.64,0.0006,0.9994,Safe R,,
2026-09-06,SC-HD-18,SC,House,HD-18,1,,Virginia B Maclure,Alan Morgan,,Alan Morgan,R,True,False,-46.2,-46.26,-35.43,4.25,-7.43,-3.22,0.0,5.3,,-40.78,0.0038,0.9962,Safe R,,
2026-09-06,SC-HD-19,SC,House,HD-19,1,,Rachel Smith,Patrick Haddon,,Patrick Haddon,R,True,False,-18.6,-18.81,-12.28,4.25,-7.43,-2.31,0.0,5.3,,-16.72,0.1371,0.8629,Likely R,,
2026-09-06,SC-HD-2,SC,House,HD-2,1,,Candace Schutt,Adam Duncan,Christopher Damian Des Marais,Adam Duncan,R,True,False,-44.2,-43.16,-32.82,4.25,-7.43,0.0,-5.0,5.3,,-39.95,0.0045,0.9955,Safe R,,
2026-09-06,SC-HD-20,SC,House,HD-20,1,,Polly Elbertse,Stephen Frank,,Stephen Frank,R,True,False,-33.1,-33.48,-24.65,4.25,-7.43,-1.28,0.0,5.3,,-28.06,0.0332,0.9668,Safe R,,
2026-09-06,SC-HD-21,SC,House,HD-21,1,,Dexter Reaves,Dianne Mitchell,,Dianne Mitchell,R,True,False,-28.9,-29.16,-21.01,4.25,-7.43,0.0,-5.0,5.3,,-28.14,0.0329,0.9671,Safe R,,
2026-09-06,SC-HD-22,SC,House,HD-22,1,,Josh Kendrick,Paul Wickensimer,,Paul Wickensimer,R,True,False,-12.8,-15.01,-9.07,4.25,-7.43,-2.19,0.0,5.3,,-13.39,0.1906,0.8094,Likely R,,
2026-09-06,SC-HD-23,SC,House,HD-23,1,,Chandra Dillard,,,Chandra Dillard,D,True,False,22.2,22.77,22.79,4.25,7.43,0.0,5.0,5.3,D,40.52,0.98,0.02,Safe D,,
2026-09-06,SC-HD-24,SC,House,HD-24,1,,Caroline Avinger,Bruce Bannister,,Bruce Bannister,R,True,False,-8.5,-9.45,-4.39,4.25,-7.43,-3.1,0.0,5.3,,-9.62,0.2646,0.7354,Lean R,,
2026-09-06,SC-HD-25,SC,House,HD-25,1,,Wendell Jones,,,Wendell Jones,D,True,False,17.0,22.31,22.4,4.25,7.43,1.35,0.0,5.3,D,36.48,0.98,0.02,Safe D,,
2026-09-06,SC-HD-26,SC,House,HD-26,1,,Jenny Desch,David Martin,Kiral Mace,David Martin,R,True,False,-17.8,-18.35,-11.89,4.25,-7.43,-2.74,0.0,5.3,,-16.77,0.1364,0.8636,Likely R,,
2026-09-06,SC-HD-27,SC,House,HD-27,1,,John MacCarthy,David Vaughan,,David Vaughan,R,True,False,-15.8,-16.07,-9.97,4.25,-7.43,-1.93,0.0,5.3,,-14.03,0.1795,0.8205,Likely R,,
2026-09-06,SC-HD-28,SC,House,HD-28,1,,Alan G Buckalew,Chris Huff,,Chris Huff,R,True,False,-26.0,-25.14,-17.62,4.25,-7.43,-1.67,0.0,5.3,,-21.43,0.0806,0.9194,Likely R,,
2026-09-06,SC-HD-29,SC,House,HD-29,1,,Marina Franco,Dennis Moss,,Dennis Moss,R,True,False,-50.7,-46.55,-35.68,4.25,-7.43,0.0,-5.0,5.3,,-42.81,0.0026,0.9974,Safe R,,
2026-09-06,SC-HD-3,SC,House,HD-3,1,,Claiborne Linvill,Phillip Bowers,,Phillip Bowers,R,True,False,-27.1,-26.5,-18.77,4.25,-7.43,-0.42,0.0,5.3,,-21.31,0.0817,0.9183,Likely R,,
2026-09-06,SC-HD-30,SC,House,HD-30,1,,Stephanie Holstein,Brian Lawson,,Brian Lawson,R,True,False,-55.6,-54.54,-42.41,4.25,-7.43,0.1,-5.0,5.3,,-49.44,0.0006,0.9994,Safe R,,
2026-09-06,SC-HD-31,SC,House,HD-31,1,,Rosalyn Henderson-Myers,,James A Jones Sr,Rosalyn Henderson Myers,D,False,True,34.6,37.74,35.41,4.25,0.0,0.0,0.0,5.3,D,40.71,0.98,0.02,Safe D,,
2026-09-06,SC-HD-32,SC,House,HD-32,1,,Irene Benson,Scott Montgomery,,Scott Montgomery,R,True,False,-24.5,-23.22,-16.0,4.25,-7.43,0.0,-5.0,5.3,,-23.13,0.0652,0.9348,Likely R,,
2026-09-06,SC-HD-33,SC,House,HD-33,1,,Clemson Turregano,Travis Moore,,Travis Moore,R,True,False,-37.5,-37.01,-27.63,4.25,-7.43,-3.53,0.0,5.3,,-33.29,0.0147,0.9853,Safe R,,
2026-09-06,SC-HD-34,SC,House,HD-34,1,,Saville Williams,Sarita Edgerton,,Sarita Edgerton,R,True,False,-25.2,-24.61,-17.17,4.25,-7.43,0.0,-5.0,5.3,,-24.31,0.056,0.944,Likely R,,
2026-09-06,SC-HD-35,SC,House,HD-35,1,,Tatiana Skipper,Bill Chumley,,Bill Chumley,R,True,False,-35.6,-35.98,-26.76,4.25,-7.43,0.0,-5.0,5.3,,-33.89,0.0133,0.9867,Safe R,,
2026-09-06,SC-HD-36,SC,House,HD-36,1,,Virginia McLean,Rob Harris,,Rob Harris,R,True,False,-37.1,-36.39,-27.11,4.25,-7.43,0.0,-5.0,5.3,,-34.24,0.0126,0.9874,Safe R,,
2026-09-06,SC-HD-37,SC,House,HD-37,1,,Seth Sauer-Hart,Steven Long,,Steven Long,R,True,False,-35.8,-35.35,-26.23,4.25,-7.43,0.0,-5.0,5.3,,-33.36,0.0146,0.9854,Safe R,,
2026-09-06,SC-HD-38,SC,House,HD-38,1,,Tammy Hahn,Josiah Magnuson,,Josiah Magnuson,R,True,False,-62.8,-62.45,-49.09,4.25,-7.43,0.85,0.0,5.3,,-50.37,0.0005,0.9995,Safe R,,
2026-09-06,SC-HD-39,SC,House,HD-39,1,,Sherman Lott,Cal Forrest,,Cal Forrest,R,True,False,-53.3,-51.86,-40.15,4.25,-7.43,0.0,-5.0,5.3,,-47.28,0.001,0.999,Safe R,,
2026-09-06,SC-HD-4,SC,House,HD-4,1,,Derrick Kruse,Clay Counts,,Davey Hiott,R,False,True,-69.0,-69.81,-55.29,4.25,0.0,0.0,0.0,5.3,,-49.99,0.0005,0.9995,Safe R,,
2026-09-06,SC-HD-40,SC,House,HD-40,1,,Engle Thompson,Joe White,,Joe White,R,True,False,-37.0,-34.64,-25.63,4.25,-7.43,0.0,-5.0,5.3,,-32.77,0.0161,0.9839,Safe R,,
2026-09-06,SC-HD-41,SC,House,HD-41,1,,Annie McDaniel,Tibi Czentye,,Annie McDaniel,D,True,False,14.2,16.14,17.19,4.25,7.43,0.59,0.0,5.3,,30.51,0.977,0.023,Safe D,,
2026-09-06,SC-HD-42,SC,House,HD-42,1,,,Doug Gilliam,,Doug Gilliam,R,True,False,-31.3,-30.16,-21.85,4.25,-7.43,-0.24,-5.0,5.3,R,-29.22,0.02,0.98,Safe R,,
2026-09-06,SC-HD-43,SC,House,HD-43,1,,Alex Clark,Randy Ligon,,Randy Ligon,R,True,False,-33.7,-28.73,-20.64,4.25,-7.43,-3.99,0.0,5.3,,-26.77,0.04,0.96,Safe R,,
2026-09-06,SC-HD-44,SC,House,HD-44,1,,Katie Crosby,Mike Neese,,Mike Neese,R,True,False,-16.9,-17.3,-11.01,4.25,-7.43,-5.36,0.0,5.3,,-18.5,0.1132,0.8868,Likely R,,
2026-09-06,SC-HD-45,SC,House,HD-45,1,,Nicole Ventour,Brandon Newton,,Brandon Newton,R,True,False,-23.6,-22.23,-15.16,4.25,-7.43,-4.61,0.0,5.3,,-21.91,0.076,0.924,Likely R,,
2026-09-06,SC-HD-46,SC,House,HD-46,1,,Omar L McCrorey,Heath Sessions,,Heath Sessions,R,True,False,-9.6,-9.6,-4.51,4.25,-7.43,-2.94,0.0,5.3,,-9.58,0.2654,0.7346,Lean R,,
2026-09-06,SC-HD-47,SC,House,HD-47,1,,Justin A. Bennett,Tommy Pope,,Tommy Pope,R,True,False,-43.4,-44.21,-33.7,4.25,-7.43,0.0,-5.0,5.3,,-40.83,0.0038,0.9962,Safe R,,
2026-09-06,SC-HD-48,SC,House,HD-48,1,,Rustin Terry,Brandon Guffey,,Brandon Guffey,R,True,False,-23.9,-23.84,-16.52,4.25,-7.43,-4.41,0.0,5.3,,-23.06,0.0658,0.9342,Likely R,,
2026-09-06,SC-HD-49,SC,House,HD-49,1,,John King,,,John King,D,True,False,24.3,27.02,26.38,4.25,7.43,-1.2,0.0,5.3,D,37.91,0.98,0.02,Safe D,,
2026-09-06,SC-HD-5,SC,House,HD-5,1,,David F Jones,Neal Collins,,Neal Collins,R,True,False,-48.4,-49.06,-37.79,4.25,-7.43,0.0,-5.0,5.3,,-44.93,0.0017,0.9983,Safe R,,
2026-09-06,SC-HD-50,SC,House,HD-50,1,,Keishan Scott,William Oden,,Keishan Scott,D,True,False,5.2,8.36,10.63,4.25,7.43,0.0,5.0,5.3,,28.36,0.9682,0.0318,Safe D,,
2026-09-06,SC-HD-51,SC,House,HD-51,1,,David Weeks,,,David Weeks,D,True,False,26.6,28.88,27.94,4.25,7.43,0.0,5.0,5.3,D,45.67,0.98,0.02,Safe D,,
2026-09-06,SC-HD-52,SC,House,HD-52,1,,Malcolm Taylor,,,Jermaine Johnson,D,False,True,19.1,20.2,20.62,4.25,0.0,0.0,0.0,5.3,D,25.92,0.98,0.02,Safe D,,
2026-09-06,SC-HD-53,SC,House,HD-53,1,,Bruce Wallace,Richie Yow,,Richie Yow,R,True,False,-43.3,-41.8,-31.67,4.25,-7.43,-1.55,0.0,5.3,,-35.35,0.0104,0.9896,Safe R,,
2026-09-06,SC-HD-54,SC,House,HD-54,1,,Jason Luck,,,Jason Luck,D,True,False,0.9,4.15,7.08,4.25,7.43,0.0,5.0,5.3,D,24.81,0.98,0.02,Safe D,,
2026-09-06,SC-HD-55,SC,House,HD-55,1,,Jackie Hayes,,,Jackie Hayes,D,True,False,-1.3,-0.82,2.89,4.25,7.43,-0.32,5.0,5.3,D,20.3,0.98,0.02,Safe D,,
2026-09-06,SC-HD-56,SC,House,HD-56,1,,Jacqualyn Meadow,Tim McGinnis,,Tim McGinnis,R,True,False,-36.8,-36.77,-27.43,4.25,-7.43,-0.05,-5.0,5.3,,-34.61,0.0118,0.9882,Safe R,,
2026-09-06,SC-HD-57,SC,House,HD-57,1,,Cynthia Ford,Lucas Atkinson,,Lucas Atkinson,R,True,False,-9.3,-8.97,-3.98,4.25,-7.43,9.98,0.0,5.3,,3.87,0.6,0.4,Toss-up,,
2026-09-06,SC-HD-58,SC,House,HD-58,1,,Sha Ron E Jones,Jeffrey Edwin Johnson,,Jeffrey Edwin Johnson,R,True,False,-42.6,-42.03,-31.86,4.25,-7.43,0.0,-5.0,5.3,,-38.99,0.0054,0.9946,Safe R,,
2026-09-06,SC-HD-59,SC,House,HD-59,1,,Terry Alexander,,,Terry Alexander,D,True,False,13.0,14.91,16.16,4.25,7.43,0.0,5.0,5.3,D,33.89,0.98,0.02,Safe D,,
2026-09-06,SC-HD-6,SC,House,HD-6,1,,Jennifer Bachner,April Cromer,,April Cromer,R,True,False,-47.5,-47.49,-36.47,4.25,-7.43,0.58,0.0,5.3,,-38.02,0.0065,0.9935,Safe R,,
2026-09-06,SC-HD-60,SC,House,HD-60,1,,Adrian Peguese Carter,Phillip Lowe,,Phillip Lowe,R,True,False,-29.1,-27.72,-19.8,4.25,-7.43,0.48,0.0,5.3,,-21.44,0.0804,0.9196,Likely R,,
2026-09-06,SC-HD-61,SC,House,HD-61,1,,Carol Goodman,Carla Schuessler,David Herndon,Carla Schuessler,R,True,False,-32.4,-31.44,-22.93,4.25,-7.43,-3.29,0.0,5.3,,-28.35,0.0319,0.9681,Safe R,,
2026-09-06,SC-HD-62,SC,House,HD-62,1,,Robert Williams,,,Robert Williams,D,True,False,3.6,7.07,9.55,4.25,7.43,0.0,5.0,5.3,D,27.28,0.98,0.02,Safe D,,
2026-09-06,SC-HD-63,SC,House,HD-63,1,,Kory Haskins,Jay Jordan,,Jay Jordan,R,True,False,-21.0,-20.88,-14.03,4.25,-7.43,-8.78,0.0,5.3,,-24.94,0.0515,0.9485,Likely R,,
2026-09-06,SC-HD-64,SC,House,HD-64,1,,Michele Demery,Fawn Pedalino,,Fawn Pedalino,R,True,False,-7.3,-4.19,0.05,4.25,-7.43,-1.85,0.0,5.3,,-3.93,0.3986,0.6014,Lean R,,
2026-09-06,SC-HD-65,SC,House,HD-65,1,,Tanisha Baskin,Cody Mitchell,,Cody Mitchell,R,True,False,-44.9,-43.73,-33.3,4.25,-7.43,0.0,-5.0,5.3,,-40.43,0.0041,0.9959,Safe R,,
2026-09-06,SC-HD-66,SC,House,HD-66,1,,Heather Hart,Jackie Terribile,,Jackie Terribile,R,True,False,-13.1,-13.28,-7.61,4.25,-7.43,0.0,-5.0,5.3,,-14.74,0.1675,0.8325,Likely R,,
2026-09-06,SC-HD-67,SC,House,HD-67,1,,Lisa Davey,Murrell Smith,,Murrell Smith,R,True,False,-19.4,-19.24,-12.64,4.25,-7.43,0.0,-5.0,5.3,,-19.77,0.098,0.902,Likely R,,
2026-09-06,SC-HD-68,SC,House,HD-68,1,,Judy Davies,Heather Crawford,,Heather Crawford,R,True,False,-38.0,-37.86,-28.35,4.25,-7.43,0.0,-5.0,5.3,,-35.48,0.0102,0.9898,Safe R,,
2026-09-06,SC-HD-69,SC,House,HD-69,1,,Emery K Chaplin,Chris Wooten,Allen Broadus,Chris Wooten,R,True,False,-27.8,-27.1,-19.27,4.25,-7.43,0.0,-5.0,5.3,,-26.4,0.0421,0.9579,Safe R,,
2026-09-06,SC-HD-7,SC,House,HD-7,1,,Elizabeth W Cooley,Lee Gilreath,,Lee Gilreath,R,True,False,-52.2,-50.26,-38.81,4.25,-7.43,0.0,-5.0,5.3,,-45.94,0.0013,0.9987,Safe R,,
2026-09-06,SC-HD-70,SC,House,HD-70,1,,Robert Reese,,,Robert Reese,D,True,False,11.1,14.21,15.57,4.25,7.43,0.0,5.0,5.3,D,33.3,0.98,0.02,Safe D,,
2026-09-06,SC-HD-71,SC,House,HD-71,1,,Julie Zimmerman,Nathan Ballentine,,Nathan Ballentine,R,True,False,-21.9,-20.28,-13.52,4.25,-7.43,0.0,-5.0,5.3,,-20.65,0.0885,0.9115,Likely R,,
2026-09-06,SC-HD-72,SC,House,HD-72,1,,Seth Rose,Dixie Kvatek,,Seth Rose,D,True,False,41.6,44.42,41.05,4.25,7.43,0.0,5.0,5.3,,58.78,0.9999,0.0001,Safe D,,
2026-09-06,SC-HD-73,SC,House,HD-73,1,,Chris Hart,Allen Robertson,,Chris Hart,D,True,False,48.8,53.33,48.56,4.25,7.43,0.0,5.0,5.3,,66.29,1.0,0.0,Safe D,,
2026-09-06,SC-HD-74,SC,House,HD-74,1,,James Rutherford,Collin Shelton,,James Rutherford,D,True,False,60.8,64.31,57.83,4.25,7.43,0.0,5.0,5.3,,75.56,1.0,0.0,Safe D,,
2026-09-06,SC-HD-75,SC,House,HD-75,1,,Heather Bauer,Tracy Robins,Joshua Parks,Heather Bauer,D,True,False,7.8,7.44,9.86,4.25,7.43,-1.78,0.0,5.3,,20.81,0.9132,0.0868,Likely D,,
2026-09-06,SC-HD-76,SC,House,HD-76,1,,Leon Howard,,,Leon Howard,D,True,False,60.2,61.53,55.48,4.25,7.43,0.0,5.0,5.3,D,73.21,0.98,0.02,Safe D,,
2026-09-06,SC-HD-77,SC,House,HD-77,1,,Kambrell Garvin,,,Kambrell Garvin,D,True,False,44.7,44.83,41.4,4.25,7.43,-2.24,0.0,5.3,D,51.89,0.98,0.02,Safe D,,
2026-09-06,SC-HD-78,SC,House,HD-78,1,,Beth Bernstein,Sonia Pollard,Angelo Joyner SR,Beth Bernstein,D,True,False,23.9,22.23,22.33,4.25,7.43,4.15,0.0,5.3,,39.21,0.9948,0.0052,Safe D,,
2026-09-06,SC-HD-79,SC,House,HD-79,1,,Hamilton Grant,,,Hamilton Grant,D,True,False,49.9,50.91,46.52,4.25,7.43,0.22,5.0,5.3,D,64.46,0.98,0.02,Safe D,,
2026-09-06,SC-HD-8,SC,House,HD-8,1,,Demetrius Carson,Don Chapman,,Don Chapman,R,True,False,-41.4,-40.24,-30.35,4.25,-7.43,-3.89,0.0,5.3,,-36.37,0.0087,0.9913,Safe R,,
2026-09-06,SC-HD-80,SC,House,HD-80,1,,Benjamin E Brown,Kathy Landing,,Kathy Landing,R,True,False,-18.6,-18.32,-11.87,4.25,-7.43,-3.37,0.0,5.3,,-17.37,0.128,0.872,Likely R,,
2026-09-06,SC-HD-81,SC,House,HD-81,1,,Pete Swales,Charlie Hartz,,Charlie Hartz,R,True,False,-26.1,-26.89,-19.09,4.25,-7.43,0.0,-5.0,5.3,,-26.22,0.0432,0.9568,Safe R,,
2026-09-06,SC-HD-82,SC,House,HD-82,1,,William Clyburn, Sr.,Suzanne Spurgeon,,William Clyburn, Sr.,D,True,False,-2.1,2.03,5.3,4.25,7.43,0.0,5.0,5.3,,23.03,0.934,0.066,Likely D,,
2026-09-06,SC-HD-83,SC,House,HD-83,1,,Jason Payne,Bill Hixon,,Bill Hixon,R,True,False,-37.2,-38.29,-28.71,4.25,-7.43,0.0,-5.0,5.3,,-35.84,0.0095,0.9905,Safe R,,
2026-09-06,SC-HD-84,SC,House,HD-84,1,,Darnell Holston,Melissa Oremus,,Melissa Oremus,R,True,False,-31.4,-30.89,-22.47,4.25,-7.43,0.0,-5.0,5.3,,-29.6,0.0265,0.9735,Safe R,,
2026-09-06,SC-HD-85,SC,House,HD-85,1,,Steven J Asbill Jr,Jay Kilmartin,,Jay Kilmartin,R,True,False,-21.9,-24.13,-16.77,4.25,-7.43,0.0,-5.0,5.3,,-23.9,0.059,0.941,Likely R,,
2026-09-06,SC-HD-86,SC,House,HD-86,1,,Malcolm Green,Tommy Paradise,,Bill Taylor,R,False,True,-34.9,-33.59,-24.75,4.25,0.0,0.0,0.0,5.3,,-19.45,0.1017,0.8983,Likely R,,
2026-09-06,SC-HD-87,SC,House,HD-87,1,,Reid Beaman,Paula Calhoon,,Paula Calhoon,R,True,False,-45.5,-46.3,-35.46,4.25,-7.43,0.0,-5.0,5.3,,-42.59,0.0027,0.9973,Safe R,,
2026-09-06,SC-HD-88,SC,House,HD-88,1,,Jeremy Jones,John Lastinger,,John Lastinger,R,True,False,-35.3,-36.12,-26.88,4.25,-7.43,0.0,-5.0,5.3,,-34.01,0.0131,0.9869,Safe R,,
2026-09-06,SC-HD-89,SC,House,HD-89,1,,Joe Madge,Micah Caskey,,Micah Caskey,R,True,False,-11.9,-12.16,-6.67,4.25,-7.43,-2.05,0.0,5.3,,-10.86,0.2389,0.7611,Likely R,,
2026-09-06,SC-HD-9,SC,House,HD-9,1,,Johnny Estrich,Blake Sanders,,Blake Sanders,R,True,False,-42.0,-40.73,-30.77,4.25,-7.43,0.0,-5.0,5.3,,-37.9,0.0066,0.9934,Safe R,,
2026-09-06,SC-HD-90,SC,House,HD-90,1,,Justin Bamberg,,,Justin Bamberg,D,True,False,12.4,13.61,15.06,4.25,7.43,-1.85,0.0,5.3,D,25.95,0.98,0.02,Safe D,,
2026-09-06,SC-HD-91,SC,House,HD-91,1,,Lonnie Hosey,Daniel Alexander,,Lonnie Hosey,D,True,False,-1.4,2.01,5.28,4.25,7.43,0.47,0.0,5.3,,18.48,0.8866,0.1134,Likely D,,
2026-09-06,SC-HD-92,SC,House,HD-92,1,,Byron Walters,Brandon Cox,,Brandon Cox,R,True,False,-12.1,-14.7,-8.82,4.25,-7.43,0.0,-5.0,5.3,,-15.95,0.1485,0.8515,Likely R,,
2026-09-06,SC-HD-93,SC,House,HD-93,1,,Jerry Govan,Alex Morris,,Jerry Govan,D,True,False,3.0,7.12,9.59,4.25,7.43,0.24,5.0,5.3,,27.56,0.9643,0.0357,Safe D,,
2026-09-06,SC-HD-94,SC,House,HD-94,1,,Sally Hebert,Gil Gatch,,Gil Gatch,R,True,False,-16.8,-18.1,-11.68,4.25,-7.43,-2.55,0.0,5.3,,-16.37,0.1422,0.8578,Likely R,,
2026-09-06,SC-HD-95,SC,House,HD-95,1,,Gilda Cobb-Hunter,,,Gilda Cobb-Hunter,D,True,False,30.5,34.13,32.37,4.25,7.43,0.0,5.0,5.3,D,50.1,0.98,0.02,Safe D,,
2026-09-06,SC-HD-96,SC,House,HD-96,1,,Vivian Elston,Hunter Hackett,,Ryan McCabe,R,False,True,-41.0,-41.43,-31.35,4.25,0.0,0.0,0.0,5.3,,-26.05,0.0442,0.9558,Safe R,,
2026-09-06,SC-HD-97,SC,House,HD-97,1,,Cathy A Jaggars,Robby Robbins,,Robby Robbins,R,True,False,-30.3,-28.0,-20.03,4.25,-7.43,-3.73,0.0,5.3,,-25.89,0.0452,0.9548,Safe R,,
2026-09-06,SC-HD-98,SC,House,HD-98,1,,Sonja Ogletree Satani,Greg Ford,,Greg Ford,R,True,False,-7.0,-7.94,-3.12,4.25,-7.43,-2.41,0.0,5.3,,-7.66,0.3082,0.6918,Lean R,,
2026-09-06,SC-HD-99,SC,House,HD-99,1,,Samuel Price,Jarrod Brooks,,Mark Smith,R,False,True,-23.1,-22.53,-15.42,4.25,0.0,0.0,0.0,5.3,,-10.12,0.254,0.746,Lean R,,
2026-09-06,SD-HD-10A,SD,House,HD-10,1,A,Adam Bair,John Pohlman,,,D,False,True,7.6,8.47,9.49,2.79,0.0,0.0,0.0,5.3,,14.79,0.8333,0.1667,Likely D,,
2026-09-06,SD-HD-10B,SD,House,HD-10,1,B,Kathleen Brudvig,Kimberly Petterson,,,R,False,True,7.6,8.47,9.49,2.79,0.0,0.0,0.0,5.3,,14.79,0.8333,0.1667,Likely D,,
2026-09-06,SD-HD-11A,SD,House,HD-11,1,A,Sonja Mentzer,Brian Mulder,Tracey Quint,Brian Mulder,R,True,False,-9.6,-9.88,-5.98,2.79,-7.43,-4.0,0.0,5.3,,-12.1,0.2143,0.7857,Likely R,,
2026-09-06,SD-HD-11B,SD,House,HD-11,1,B,,Keri K. Weems,,Keri K. Weems,R,True,False,-9.6,-9.88,-5.98,2.79,-7.43,-2.35,0.0,5.3,R,-10.46,0.02,0.98,Safe R,,
2026-09-06,SD-HD-12A,SD,House,HD-12,1,A,Stephanie Arne,Kerry Loudenslager,,,R,False,True,-5.2,-5.27,-2.09,2.79,0.0,0.0,0.0,5.3,,3.21,0.5831,0.4169,Toss-up,,
2026-09-06,SD-HD-12B,SD,House,HD-12,1,B,,Amber Arlint,,Amber Arlint,R,True,False,-5.2,-5.27,-2.09,2.79,-7.43,-4.17,0.0,5.3,R,-8.39,0.02,0.98,Safe R,,
2026-09-06,SD-HD-13A,SD,House,HD-13,1,A,Ali Rae Horsted,Jack R Kolbeck,,,R,False,True,-10.3,-10.75,-6.71,2.79,0.0,-3.7,0.0,5.3,,-5.12,0.3689,0.6311,Lean R,,
2026-09-06,SD-HD-13B,SD,House,HD-13,1,B,,John Hughes,,John Hughes,R,True,False,-10.3,-10.75,-6.71,2.79,-7.43,0.0,-5.0,5.3,R,-13.85,0.02,0.98,Safe R,,
2026-09-06,SD-HD-14A,SD,House,HD-14,1,A,Erinn Williams,Tyler Tordsen,,,R,False,True,-3.4,-3.57,-0.66,2.79,0.0,-3.8,0.0,5.3,,0.84,0.5219,0.4781,Toss-up,,
2026-09-06,SD-HD-14B,SD,House,HD-14,1,B,,Taylor Rae Rehfeldt,,Taylor Rae Rehfeldt,R,True,False,-3.4,-3.57,-0.66,2.79,-7.43,-6.58,0.0,5.3,R,-9.37,0.02,0.98,Safe R,,
2026-09-06,SD-HD-15A,SD,House,HD-15,1,A,Kadyn Wittman,Andre Zachariahs,,Kadyn Wittman,D,True,False,2.5,3.29,5.13,2.79,7.43,0.36,5.0,5.3,,23.22,0.9355,0.0645,Likely D,,
2026-09-06,SD-HD-15B,SD,House,HD-15,1,B,June CopperStad,Joni Tschetter,,,D,False,True,2.5,3.29,5.13,2.79,0.0,0.91,0.0,5.3,,11.34,0.7708,0.2292,Likely D,,
2026-09-06,SD-HD-16A,SD,House,HD-16,1,A,Tim Rhead,John Shubeck,,,R,False,True,-44.8,-44.78,-35.41,2.79,0.0,0.0,0.0,5.3,,-30.11,0.0245,0.9755,Safe R,,
2026-09-06,SD-HD-16B,SD,House,HD-16,1,B,,Lisa Bogue,,,R,False,True,-44.8,-44.78,-35.41,2.79,0.0,0.0,0.0,5.3,R,-30.11,0.02,0.98,Safe R,,
2026-09-06,SD-HD-17A,SD,House,HD-17,1,A,Austin Brunick,Chris Kassin,,Chris Kassin,R,True,False,-18.6,-18.02,-12.85,2.79,-7.43,-9.85,0.0,5.3,,-24.83,0.0522,0.9478,Likely R,,
2026-09-06,SD-HD-17B,SD,House,HD-17,1,B,Leslie Gerrish,Troy Redler,,,R,False,True,-18.6,-18.02,-12.85,2.79,0.0,0.0,0.0,5.3,,-7.55,0.3108,0.6892,Lean R,,
2026-09-06,SD-HD-18A,SD,House,HD-18,1,A,Jarod Holcomb,Mike Stevens,,Mike Stevens,R,True,False,-25.9,-33.06,-25.53,2.79,-7.43,2.96,0.0,5.3,,-24.7,0.0531,0.9469,Likely R,,
2026-09-06,SD-HD-18B,SD,House,HD-18,1,B,Karen Springer,John R. Marquardt,,,R,False,True,-25.9,-33.06,-25.53,2.79,0.0,0.0,0.0,5.3,,-20.23,0.0929,0.9071,Likely R,,
2026-09-06,SD-HD-19A,SD,House,HD-19,1,A,Heidi Hora,Drew Peterson,,Drew Peterson,R,True,False,-54.1,-54.36,-43.49,2.79,-7.43,0.0,-5.0,5.3,,-50.63,0.0005,0.9995,Safe R,,
2026-09-06,SD-HD-19B,SD,House,HD-19,1,B,,Jessica Bahmuller,,Jessica Bahmuller,R,True,False,-54.1,-54.36,-43.49,2.79,-7.43,0.0,-5.0,5.3,R,-50.63,0.02,0.98,Safe R,,
2026-09-06,SD-HD-1A,SD,House,HD-1,1,A,Courtney Gale Enfield,Daniel Kjos,,,R,False,True,-26.9,-22.39,-16.53,2.79,0.0,0.0,0.0,5.3,,-11.23,0.2313,0.7687,Likely R,,
2026-09-06,SD-HD-1B,SD,House,HD-1,1,B,,Nick Fosness,,,R,False,True,-26.9,-22.39,-16.53,2.79,0.0,0.0,0.0,5.3,R,-11.23,0.02,0.98,Safe R,,
2026-09-06,SD-HD-20A,SD,House,HD-20,1,A,,Jeff Bathke,,Jeff Bathke,R,True,False,-40.1,-40.49,-31.8,2.79,-7.43,0.0,-5.0,5.3,R,-38.93,0.02,0.98,Safe R,,
2026-09-06,SD-HD-20B,SD,House,HD-20,1,B,,Terry Sabers,,,R,False,True,-40.1,-40.49,-31.8,2.79,0.0,0.0,0.0,5.3,R,-26.5,0.02,0.98,Safe R,,
2026-09-06,SD-HD-21A,SD,House,HD-21,1,A,,Marty Overweg,,Marty Overweg,R,True,False,-56.5,-54.73,-43.81,2.79,-7.43,0.0,-5.0,5.3,R,-50.94,0.02,0.98,Safe R,,
2026-09-06,SD-HD-21B,SD,House,HD-21,1,B,,Jim Halverson,,Jim Halverson,R,True,False,-56.5,-54.73,-43.81,2.79,-7.43,0.0,-5.0,5.3,R,-50.94,0.02,0.98,Safe R,,
2026-09-06,SD-HD-22A,SD,House,HD-22,1,A,Cully Williams,Kevin Van Diepen,,Kevin Van Diepen,R,True,False,-39.9,-40.04,-31.42,2.79,-7.43,0.0,-5.0,5.3,,-38.55,0.0059,0.9941,Safe R,,
2026-09-06,SD-HD-22B,SD,House,HD-22,1,B,,Lana Greenfield,,Lana Greenfield,R,True,False,-39.9,-40.04,-31.42,2.79,-7.43,0.0,-5.0,5.3,R,-38.55,0.02,0.98,Safe R,,
2026-09-06,SD-HD-23A,SD,House,HD-23,1,A,,Spencer Gosch,Garett Heinz,Spencer Gosch,R,True,False,-59.7,-61.71,-49.69,2.79,-7.43,0.0,-5.0,5.3,R,-56.82,0.02,0.98,Safe R,,
2026-09-06,SD-HD-23B,SD,House,HD-23,1,B,,Dick Werner,,,R,False,True,-59.7,-61.71,-49.69,2.79,0.0,0.0,0.0,5.3,R,-44.39,0.02,0.98,Safe R,,
2026-09-06,SD-HD-24A,SD,House,HD-24,1,A,,Mike Weisgram,,Mike Weisgram,R,True,False,-40.2,-46.25,-36.65,2.79,-7.43,-10.28,0.0,5.3,R,-49.07,0.02,0.98,Safe R,,
2026-09-06,SD-HD-24B,SD,House,HD-24,1,B,,Laurie Gill,,,R,False,True,-40.2,-46.25,-36.65,2.79,0.0,0.0,0.0,5.3,R,-31.35,0.02,0.98,Safe R,,
2026-09-06,SD-HD-25A,SD,House,HD-25,1,A,,Carrie Sanderson,,,R,False,True,-39.5,-38.45,-30.08,2.79,0.0,0.0,0.0,5.3,R,-24.78,0.02,0.98,Safe R,,
2026-09-06,SD-HD-25B,SD,House,HD-25,1,B,,Nick Buchholz,,,R,False,True,-39.5,-38.45,-30.08,2.79,0.0,0.0,0.0,5.3,R,-24.78,0.02,0.98,Safe R,,
2026-09-06,SD-HD-26A,SD,House,HD-26,1,,Eric E. Emery,Ron Frederick,,Eric E. Emery,D,True,False,-12.6,28.21,26.14,2.79,7.43,-3.8,0.0,5.3,,35.07,0.9891,0.0109,Safe D,,
2026-09-06,SD-HD-26B,SD,House,HD-26,1,,Lewis J. GrassRope,Angi Hanzlik,,,R,False,True,-12.6,-37.32,-29.12,2.79,0.0,0.0,0.0,5.3,,-23.82,0.0597,0.9403,Likely R,,
2026-09-06,SD-HD-27A,SD,House,HD-27,1,A,,Liz May,Elizabeth Lone Eagle,Liz May,R,True,False,-0.2,0.91,3.12,2.79,-7.43,9.81,0.0,5.3,R,10.8,0.02,0.98,Safe R,,
2026-09-06,SD-HD-27B,SD,House,HD-27,1,B,,,Evangeline Poor Bear / Jay Yohner / Joe Flood,,D,False,True,-0.2,0.91,3.12,2.79,0.0,0.0,0.0,5.3,,8.42,0.7091,0.2909,Lean D,,
2026-09-06,SD-HD-28A,SD,House,HD-28,1,,Chastity "Chas" Jewett,Jana Hunt,,Jana Hunt,R,True,False,-42.7,-8.91,-5.16,2.79,-7.43,-1.89,0.0,5.3,,-9.18,0.2741,0.7259,Lean R,,
2026-09-06,SD-HD-28B,SD,House,HD-28,1,,,Travis Ismay,,Travis Ismay,R,True,False,-42.7,-65.74,-53.09,2.79,-7.43,0.0,-5.0,5.3,R,-60.22,0.02,0.98,Safe R,,
2026-09-06,SD-HD-29A,SD,House,HD-29,1,A,,Gary Deering,,,R,False,True,-51.8,-53.16,-42.48,2.79,0.0,0.0,0.0,5.3,R,-37.18,0.02,0.98,Safe R,,
2026-09-06,SD-HD-29B,SD,House,HD-29,1,B,,Gary L Cammack,,,R,False,True,-51.8,-53.16,-42.48,2.79,0.0,0.0,0.0,5.3,R,-37.18,0.02,0.98,Safe R,,
2026-09-06,SD-HD-2A,SD,House,HD-2,1,A,Blake Rife,Adam Long,,,R,False,True,-29.3,-28.73,-21.88,2.79,0.0,0.0,0.0,5.3,,-16.58,0.1392,0.8608,Likely R,,
2026-09-06,SD-HD-2B,SD,House,HD-2,1,B,,Manuel Luschas,,,R,False,True,-29.3,-28.73,-21.88,2.79,0.0,0.0,0.0,5.3,R,-16.58,0.02,0.98,Safe R,,
2026-09-06,SD-HD-30A,SD,House,HD-30,1,A,Bret Swanson,Tim R Goodwin,,Tim R Goodwin,R,True,False,-46.0,-46.36,-36.75,2.79,-7.43,-12.7,0.0,5.3,,-51.58,0.0004,0.9996,Safe R,,
2026-09-06,SD-HD-30B,SD,House,HD-30,1,B,,Trish Ladner,,Trish Ladner,R,True,False,-46.0,-46.36,-36.75,2.79,-7.43,-6.99,0.0,5.3,R,-45.87,0.02,0.98,Safe R,,
2026-09-06,SD-HD-31A,SD,House,HD-31,1,A,Morgan Plucker,Mary J. Fitzgerald,,Mary J. Fitzgerald,R,True,False,-31.4,-36.84,-28.72,2.79,-7.43,-8.4,0.0,5.3,,-39.26,0.0051,0.9949,Safe R,,
2026-09-06,SD-HD-31B,SD,House,HD-31,1,B,,Scott Odenbach,,Scott Odenbach,R,True,False,-31.4,-36.84,-28.72,2.79,-7.43,-8.4,0.0,5.3,R,-39.26,0.02,0.98,Safe R,,
2026-09-06,SD-HD-32A,SD,House,HD-32,1,A,Nicole Uhre-Balk,Zachary Martin,Samuel Hare Sr,Nicole Uhre-Balk,D,True,False,-1.8,-3.47,-0.57,2.79,7.43,-10.41,0.0,5.3,,1.75,0.5455,0.4545,Toss-up,,
2026-09-06,SD-HD-32B,SD,House,HD-32,1,B,,Steve Duffy,,Steve Duffy,R,True,False,-1.8,-3.47,-0.57,2.79,-7.43,-4.99,0.0,5.3,R,-7.7,0.02,0.98,Safe R,,
2026-09-06,SD-HD-33A,SD,House,HD-33,1,A,Kari Hall,Curt Massie,,Curt Massie,R,True,False,-34.7,-35.49,-27.58,2.79,-7.43,-7.16,0.0,5.3,,-36.87,0.008,0.992,Safe R,,
2026-09-06,SD-HD-33B,SD,House,HD-33,1,B,,Phil Jensen,,Phil Jensen,R,True,False,-34.7,-35.49,-27.58,2.79,-7.43,-6.05,0.0,5.3,R,-35.76,0.02,0.98,Safe R,,
2026-09-06,SD-HD-34A,SD,House,HD-34,1,A,Victor Diego Dominquez,Becky J Drury,,,R,False,True,-16.1,-17.43,-12.35,2.79,0.0,-2.81,0.0,5.3,,-9.86,0.2596,0.7404,Lean R,,
2026-09-06,SD-HD-34B,SD,House,HD-34,1,B,,Mike Derby,,Mike Derby,R,True,False,-16.1,-17.43,-12.35,2.79,-7.43,0.0,-5.0,5.3,R,-19.48,0.02,0.98,Safe R,,
2026-09-06,SD-HD-35A,SD,House,HD-35,1,A,Ken Jeakins,Dale Bartscher,,,R,False,True,-33.7,-34.28,-26.56,2.79,0.0,0.0,0.0,5.3,,-21.26,0.0822,0.9178,Likely R,,
2026-09-06,SD-HD-35B,SD,House,HD-35,1,B,,Jason Fleming,,,R,False,True,-33.7,-34.28,-26.56,2.79,0.0,0.0,0.0,5.3,R,-21.26,0.02,0.98,Safe R,,
2026-09-06,SD-HD-3A,SD,House,HD-3,1,A,Erin Ronayne Rudner,Spencer Sommers,,,R,False,True,-24.0,-29.39,-22.44,2.79,0.0,0.0,0.0,5.3,,-17.14,0.1312,0.8688,Likely R,,
2026-09-06,SD-HD-3B,SD,House,HD-3,1,B,,Timothy Hanigan,,,R,False,True,-24.0,-29.39,-22.44,2.79,0.0,0.0,0.0,5.3,R,-17.14,0.02,0.98,Safe R,,
2026-09-06,SD-HD-4A,SD,House,HD-4,1,A,Emelia Enquist,Fred Deutsch,Samuel Froehlke,,R,False,True,-52.6,-52.17,-41.65,2.79,0.0,-4.97,0.0,5.3,,-41.32,0.0034,0.9966,Safe R,,
2026-09-06,SD-HD-4B,SD,House,HD-4,1,B,,Ryan Kohl,,,R,False,True,-52.6,-52.17,-41.65,2.79,0.0,0.0,0.0,5.3,R,-36.35,0.02,0.98,Safe R,,
2026-09-06,SD-HD-5A,SD,House,HD-5,1,A,,Matt Roby,Neal Tapio,Matt Roby,R,True,False,-38.0,-38.55,-30.16,2.79,-7.43,-5.87,0.0,5.3,R,-38.16,0.02,0.98,Safe R,,
2026-09-06,SD-HD-5B,SD,House,HD-5,1,B,,Byron I. Callies,,,R,False,True,-38.0,-38.55,-30.16,2.79,0.0,-6.99,0.0,5.3,R,-31.85,0.02,0.98,Safe R,,
2026-09-06,SD-HD-6A,SD,House,HD-6,1,A,Austin Wolf,Elliott Neff,,,R,False,True,-32.6,-32.0,-24.63,2.79,0.0,0.0,0.0,5.3,,-19.33,0.1031,0.8969,Likely R,,
2026-09-06,SD-HD-6B,SD,House,HD-6,1,B,Garret M Campbell,Jerry Jongeling,,,R,False,True,-32.6,-32.0,-24.63,2.79,0.0,-10.06,0.0,5.3,,-29.39,0.0273,0.9727,Safe R,,
2026-09-06,SD-HD-7A,SD,House,HD-7,1,A,Blake Stevens,Mellissa Heermann,,Mellissa Heermann,R,True,False,-11.2,-11.81,-7.61,2.79,-7.43,0.0,-5.0,5.3,,-14.74,0.1676,0.8324,Likely R,,
2026-09-06,SD-HD-7B,SD,House,HD-7,1,B,,Roger DeGroot,,Roger DeGroot,R,True,False,-11.2,-11.81,-7.61,2.79,-7.43,0.0,-5.0,5.3,R,-14.74,0.02,0.98,Safe R,,
2026-09-06,SD-HD-8A,SD,House,HD-8,1,A,,Jon Nelson,,,R,False,True,-36.3,-35.65,-27.72,2.79,0.0,0.0,0.0,5.3,R,-22.42,0.02,0.98,Safe R,,
2026-09-06,SD-HD-8B,SD,House,HD-8,1,B,,Todd Wilkinson,,,R,False,True,-36.3,-35.65,-27.72,2.79,0.0,0.0,0.0,5.3,R,-22.42,0.02,0.98,Safe R,,
2026-09-06,SD-HD-9A,SD,House,HD-9,1,A,Amanda Potter,Megan Tschetter,,,R,False,True,-23.9,-23.79,-17.71,2.79,0.0,0.0,0.0,5.3,,-12.41,0.2085,0.7915,Likely R,,
2026-09-06,SD-HD-9B,SD,House,HD-9,1,B,,Tesa Schwans,,Tesa Schwans,R,True,False,-23.9,-23.79,-17.71,2.79,-7.43,-10.82,0.0,5.3,R,-30.66,0.02,0.98,Safe R,,
2026-09-06,SD-SD-1,SD,Senate,SD-1,1,,,Michael H. Rohl,,Michael H. Rohl,R,True,False,-27.1,-22.39,-16.53,2.79,-7.43,3.13,0.0,5.3,R,-15.54,0.02,0.98,Safe R,,
2026-09-06,SD-SD-10,SD,Senate,SD-10,1,,Liz Larson,Michael Dupic,,Liz Larson,D,True,False,7.9,8.47,9.49,2.79,7.43,0.0,5.0,5.3,,27.22,0.9625,0.0375,Safe D,,
2026-09-06,SD-SD-11,SD,Senate,SD-11,1,,Aaron Matson,Chris Karr,,Chris Karr,R,True,False,-9.6,-9.88,-5.98,2.79,-7.43,-4.62,0.0,5.3,,-12.72,0.2027,0.7973,Likely R,,
2026-09-06,SD-SD-12,SD,Senate,SD-12,1,,Joe Zweifel,Kari Shanard-Koenders,,,R,False,True,-5.2,-5.27,-2.09,2.79,0.0,0.0,0.0,5.3,,3.21,0.5831,0.4169,Toss-up,,
2026-09-06,SD-SD-13,SD,Senate,SD-13,1,,,Sue Peterson,,Sue Peterson,R,True,False,-10.3,-10.75,-6.71,2.79,-7.43,-2.43,0.0,5.3,R,-11.27,0.02,0.98,Safe R,,
2026-09-06,SD-SD-14,SD,Senate,SD-14,1,,,Larry P. Zikmund,,Larry P. Zikmund,R,True,False,-3.4,-3.57,-0.66,2.79,-7.43,-1.99,0.0,5.3,R,-4.78,0.02,0.98,Safe R,,
2026-09-06,SD-SD-15,SD,Senate,SD-15,1,,Erik Muckey,Brenda Lawrence,,Erik Muckey,D,True,False,2.5,3.29,5.13,2.79,7.43,1.33,0.0,5.3,,19.19,0.8953,0.1047,Likely D,,
2026-09-06,SD-SD-16,SD,Senate,SD-16,1,,,Kevin D. Jensen,,Kevin D. Jensen,R,True,False,-44.8,-44.78,-35.41,2.79,-7.43,-6.03,0.0,5.3,R,-43.57,0.02,0.98,Safe R,,
2026-09-06,SD-SD-17,SD,Senate,SD-17,1,,,Sydney Davis,,Sydney Davis,R,True,False,-18.6,-18.02,-12.85,2.79,-7.43,-1.87,0.0,5.3,R,-16.85,0.02,0.98,Safe R,,
2026-09-06,SD-SD-18,SD,Senate,SD-18,1,,Kay Swihart,Lauren Nelson,,Lauren Nelson,R,True,False,-25.9,-33.06,-25.53,2.79,-7.43,7.58,0.0,5.3,,-20.09,0.0945,0.9055,Likely R,,
2026-09-06,SD-SD-19,SD,Senate,SD-19,1,,Russell E. Graeff,Kyle Schoenfish,,Kyle Schoenfish,R,True,False,-54.1,-54.36,-43.49,2.79,-7.43,-6.45,0.0,5.3,,-52.07,0.0003,0.9997,Safe R,,
2026-09-06,SD-SD-2,SD,Senate,SD-2,1,,,John Sjaarda,,John Sjaarda,R,True,False,-29.3,-28.73,-21.88,2.79,-7.43,-10.93,0.0,5.3,R,-34.94,0.02,0.98,Safe R,,
2026-09-06,SD-SD-20,SD,Senate,SD-20,1,,,Paul Miskimins,,Paul Miskimins,R,True,False,-40.1,-40.49,-31.8,2.79,-7.43,0.0,-5.0,5.3,R,-38.93,0.02,0.98,Safe R,,
2026-09-06,SD-SD-21,SD,Senate,SD-21,1,,Dan Andersson,Mykala Voita,,Mykala Voita,R,True,False,-56.5,-54.73,-43.81,2.79,-7.43,-0.16,-5.0,5.3,,-51.1,0.0004,0.9996,Safe R,,
2026-09-06,SD-SD-22,SD,Senate,SD-22,1,,,Brandon R. Wipf,,,R,False,True,-40.0,-40.04,-31.42,2.79,0.0,0.0,0.0,5.3,R,-26.12,0.02,0.98,Safe R,,
2026-09-06,SD-SD-23,SD,Senate,SD-23,1,,,Mark Lapka,,Mark Lapka,R,True,False,-58.6,-61.71,-49.69,2.79,-7.43,0.0,-5.0,5.3,R,-56.82,0.02,0.98,Safe R,,
2026-09-06,SD-SD-24,SD,Senate,SD-24,1,,,Jim Mehlhaff,,Jim Mehlhaff,R,True,False,-40.2,-46.25,-36.65,2.79,-7.43,0.0,-5.0,5.3,R,-43.79,0.02,0.98,Safe R,,
2026-09-06,SD-SD-25,SD,Senate,SD-25,1,,,Tom Pischke,Bryan J. Breitling,Tom Pischke,R,True,False,-39.2,-38.45,-30.08,2.79,-7.43,-0.3,-5.0,5.3,R,-37.51,0.02,0.98,Safe R,,
2026-09-06,SD-SD-26,SD,Senate,SD-26,1,,Shawn Bordeaux,Rebecca Reimer,,Rebecca Reimer,R,True,False,-12.7,-11.58,-7.42,2.79,-7.43,3.82,0.0,5.3,,-5.72,0.3541,0.6459,Lean R,,
2026-09-06,SD-SD-27,SD,Senate,SD-27,1,,Celestine Stadnick,Anthony Kathol,Peri Pourier,,R,False,True,-0.2,0.91,3.12,2.79,0.0,1.54,0.0,5.3,,9.96,0.7426,0.2574,Lean D,,
2026-09-06,SD-SD-28,SD,Senate,SD-28,1,,,Sam Marty,,Sam Marty,R,True,False,-42.7,-42.59,-33.57,2.79,-7.43,0.52,0.0,5.3,R,-35.18,0.02,0.98,Safe R,,
2026-09-06,SD-SD-29,SD,Senate,SD-29,1,,,William J. Meirose,,,R,False,True,-51.8,-53.16,-42.48,2.79,0.0,0.0,0.0,5.3,R,-37.18,0.02,0.98,Safe R,,
2026-09-06,SD-SD-3,SD,Senate,SD-3,1,,,Katherine "Katie" Washnok,,,R,False,True,-24.0,-29.39,-22.44,2.79,0.0,0.0,0.0,5.3,R,-17.14,0.02,0.98,Safe R,,
2026-09-06,SD-SD-30,SD,Senate,SD-30,1,,,Amber Hulse,,Amber Hulse,R,True,False,-46.0,-46.36,-36.75,2.79,-7.43,-1.17,0.0,5.3,R,-40.05,0.02,0.98,Safe R,,
2026-09-06,SD-SD-31,SD,Senate,SD-31,1,,,Randy Deibert,,Randy Deibert,R,True,False,-31.4,-36.84,-28.72,2.79,-7.43,0.0,-5.0,5.3,R,-35.85,0.02,0.98,Safe R,,
2026-09-06,SD-SD-32,SD,Senate,SD-32,1,,Jeff Shelton,Helene Duhamel,,Helene Duhamel,R,True,False,-1.8,-3.47,-0.57,2.79,-7.43,-5.37,0.0,5.3,,-8.07,0.2987,0.7013,Lean R,,
2026-09-06,SD-SD-33,SD,Senate,SD-33,1,,Christopher Baumgartner,David Johnson,,,R,False,True,-34.7,-35.49,-27.58,2.79,0.0,-2.04,0.0,5.3,,-24.32,0.0559,0.9441,Likely R,,
2026-09-06,SD-SD-34,SD,Senate,SD-34,1,,Michael Calabrese,Taffy Howard,,Taffy Howard,R,True,False,-16.1,-17.43,-12.35,2.79,-7.43,-10.16,0.0,5.3,,-24.64,0.0536,0.9464,Likely R,,
2026-09-06,SD-SD-35,SD,Senate,SD-35,1,,,Greg Blanc,,Greg Blanc,R,True,False,-33.7,-34.28,-26.56,2.79,-7.43,0.0,-5.0,5.3,R,-33.69,0.02,0.98,Safe R,,
2026-09-06,SD-SD-4,SD,Senate,SD-4,1,,,Stephanie Sauder,,Stephanie Sauder,R,True,False,-52.4,-52.17,-41.65,2.79,-7.43,0.0,-5.0,5.3,R,-48.78,0.02,0.98,Safe R,,
2026-09-06,SD-SD-5,SD,Senate,SD-5,1,,,Glen A. Vilhauer,,Glen A. Vilhauer,R,True,False,-38.0,-38.55,-30.16,2.79,-7.43,-1.57,0.0,5.3,R,-33.86,0.02,0.98,Safe R,,
2026-09-06,SD-SD-6,SD,Senate,SD-6,1,,,Ernie Otten,,Ernie Otten,R,True,False,-32.6,-32.0,-24.63,2.79,-7.43,-8.79,0.0,5.3,R,-35.56,0.02,0.98,Safe R,,
2026-09-06,SD-SD-7,SD,Senate,SD-7,1,,,Tim Reed,,Tim Reed,R,True,False,-11.4,-11.81,-7.61,2.79,-7.43,-7.28,0.0,5.3,R,-17.02,0.02,0.98,Safe R,,
2026-09-06,SD-SD-8,SD,Senate,SD-8,1,,,Casey Crabtree,Clint Hoyer,Casey Crabtree,R,True,False,-35.6,-35.65,-27.72,2.79,-7.43,0.0,-5.0,5.3,R,-34.85,0.02,0.98,Safe R,,
2026-09-06,SD-SD-9,SD,Senate,SD-9,1,,,Joy Hohn,,Joy Hohn,R,True,False,-23.9,-23.79,-17.71,2.79,-7.43,0.0,-5.0,5.3,R,-24.84,0.02,0.98,Safe R,,
2026-09-06,TN-HD-1,TN,House,HD-1,1,,,Jessica Means,,John Crawford,R,False,True,-55.0,-55.31,-44.1,3.02,0.0,0.0,0.0,5.3,R,-38.8,0.02,0.98,Safe R,,
2026-09-06,TN-HD-10,TN,House,HD-10,1,,,Rick Eldridge,,Rick Eldridge,R,True,False,-61.9,-61.29,-49.14,3.02,-7.43,0.0,-5.0,5.3,R,-56.27,0.02,0.98,Safe R,,
2026-09-06,TN-HD-11,TN,House,HD-11,1,,Sheila McMahan,Kenny Cody,Larry Jeremiah Brown,Jeremy Faison,R,False,True,-67.8,-67.42,-54.32,3.02,0.0,0.0,0.0,5.3,,-49.02,0.0007,0.9993,Safe R,,
2026-09-06,TN-HD-12,TN,House,HD-12,1,,,Fred Atchley,,Fred Atchley,R,True,False,-59.9,-60.05,-48.1,3.02,-7.43,-1.64,0.0,5.3,R,-51.87,0.02,0.98,Safe R,,
2026-09-06,TN-HD-13,TN,House,HD-13,1,,Brett Windrow,Robert Stevens,,Robert Stevens,R,True,False,-18.5,-18.79,-13.3,3.02,-7.43,-0.96,0.0,5.3,,-16.4,0.1418,0.8582,Likely R,,
2026-09-06,TN-HD-14,TN,House,HD-14,1,,Lindsay Young Honaker,Jason Zachary,,Jason Zachary,R,True,False,-24.5,-24.45,-18.07,3.02,-7.43,-1.66,0.0,5.3,,-21.87,0.0763,0.9237,Likely R,,
2026-09-06,TN-HD-15,TN,House,HD-15,1,,Sam McKenzie,,,Sam McKenzie,D,True,False,32.9,36.82,33.6,3.02,7.43,-0.08,5.0,5.3,D,51.26,0.98,0.02,Safe D,,
2026-09-06,TN-HD-16,TN,House,HD-16,1,,Eliza Boles,Michele Carringer,,Michele Carringer,R,True,False,-36.0,-36.57,-28.29,3.02,-7.43,-1.01,0.0,5.3,,-31.43,0.0199,0.9801,Safe R,,
2026-09-06,TN-HD-17,TN,House,HD-17,1,,,Andrew Farmer,,Andrew Farmer,R,True,False,-63.5,-63.27,-50.81,3.02,-7.43,0.0,-5.0,5.3,R,-57.94,0.02,0.98,Safe R,,
2026-09-06,TN-HD-18,TN,House,HD-18,1,,Bryan Goldberg,Elaine Davis,,Elaine Davis,R,True,False,-9.3,-8.65,-4.74,3.02,-7.43,2.97,0.0,5.3,,-3.9,0.3993,0.6007,Lean R,,
2026-09-06,TN-HD-19,TN,House,HD-19,1,,Jenny Fowler,Dave Wright,,Dave Wright,R,True,False,-50.9,-49.36,-39.08,3.02,-7.43,-0.9,0.0,5.3,,-42.11,0.0029,0.9971,Safe R,,
2026-09-06,TN-HD-2,TN,House,HD-2,1,,,Gary Stidham,,Bud Hulsey,R,False,True,-52.2,-51.91,-41.23,3.02,0.0,0.0,0.0,5.3,R,-35.93,0.02,0.98,Safe R,,
2026-09-06,TN-HD-20,TN,House,HD-20,1,,Karen Gertz,Tommy Stinnett,Jeff "Cog" Coggin,Tommy Stinnett,R,True,False,-44.2,-44.25,-34.78,3.02,-7.43,-1.99,0.0,5.3,,-38.89,0.0055,0.9945,Safe R,,
2026-09-06,TN-HD-21,TN,House,HD-21,1,,,Lowell Russell,,Lowell Russell,R,True,False,-57.5,-57.18,-45.68,3.02,-7.43,-0.68,0.0,5.3,R,-48.49,0.02,0.98,Safe R,,
2026-09-06,TN-HD-22,TN,House,HD-22,1,,,Dan Howell,,Dan Howell,R,True,False,-68.6,-68.22,-54.99,3.02,-7.43,0.44,0.0,5.3,R,-56.69,0.02,0.98,Safe R,,
2026-09-06,TN-HD-23,TN,House,HD-23,1,,,Mark Cochran,Jason Hitt,Mark Cochran,R,True,False,-66.6,-65.92,-53.05,3.02,-7.43,-0.19,-5.0,5.3,R,-60.37,0.02,0.98,Safe R,,
2026-09-06,TN-HD-24,TN,House,HD-24,1,,Daniel F. Jones,Kevin Raper,,Kevin Raper,R,True,False,-51.8,-51.87,-41.2,3.02,-7.43,-2.51,0.0,5.3,,-45.84,0.0014,0.9986,Safe R,,
2026-09-06,TN-HD-25,TN,House,HD-25,1,,Monica Mowdy,Cameron Sexton,,Cameron Sexton,R,True,False,-58.7,-58.81,-47.05,3.02,-7.43,-1.53,0.0,5.3,,-50.71,0.0005,0.9995,Safe R,,
2026-09-06,TN-HD-26,TN,House,HD-26,1,,Nathan B. Denton,Greg Martin,,Greg Martin,R,True,False,-23.4,-25.26,-18.76,3.02,-7.43,-0.04,-5.0,5.3,,-25.93,0.045,0.955,Safe R,,
2026-09-06,TN-HD-27,TN,House,HD-27,1,,Paige Quirin,Michele Reneau,,Michele Reneau,R,True,False,-19.5,-20.81,-15.01,3.02,-7.43,-0.15,-5.0,5.3,,-22.29,0.0725,0.9275,Likely R,,
2026-09-06,TN-HD-28,TN,House,HD-28,1,,Yusuf Hakeem,,Demetrus Coonrod,Yusuf Hakeem,D,True,False,49.1,50.74,45.35,3.02,7.43,0.0,5.0,5.3,D,63.08,0.98,0.02,Safe D,,
2026-09-06,TN-HD-29,TN,House,HD-29,1,,Ryan Scofield,Greg Vital,,Greg Vital,R,True,False,-34.6,-35.06,-27.02,3.02,-7.43,-3.84,0.0,5.3,,-32.99,0.0155,0.9845,Safe R,,
2026-09-06,TN-HD-3,TN,House,HD-3,1,,Lori Love,Timothy Hill,,Timothy Hill,R,True,False,-65.2,-65.12,-52.38,3.02,-7.43,-0.31,-5.0,5.3,,-59.82,0.0,1.0,Safe R,,
2026-09-06,TN-HD-30,TN,House,HD-30,1,,Art Rymer,Esther Helton-Haynes,,Esther Helton,R,True,False,-15.4,-14.71,-9.86,3.02,-7.43,-1.98,0.0,5.3,,-13.98,0.1804,0.8196,Likely R,,
2026-09-06,TN-HD-31,TN,House,HD-31,1,,Michael Woodlee,Andy (Andrew) J. Swafford,Keith Nolan,Ron Travis,R,False,True,-67.5,-66.8,-53.79,3.02,0.0,0.0,0.0,5.3,,-48.49,0.0008,0.9992,Safe R,,
2026-09-06,TN-HD-32,TN,House,HD-32,1,,Ali Simpson,Jack L. Stockton,,Monty Fritts,R,False,True,-53.2,-53.22,-42.34,3.02,0.0,0.0,0.0,5.3,,-37.04,0.0077,0.9923,Safe R,,
2026-09-06,TN-HD-33,TN,House,HD-33,1,,Anne Backus,Rick Scarbrough,,Rick Scarbrough,R,True,False,-31.8,-30.88,-23.49,3.02,-7.43,-3.19,0.0,5.3,,-28.82,0.0297,0.9703,Safe R,,
2026-09-06,TN-HD-34,TN,House,HD-34,1,,Owen T Farnsworth,Tim Rudd,,Tim Rudd,R,True,False,-22.4,-19.85,-14.19,3.02,-7.43,-1.25,0.0,5.3,,-17.57,0.1252,0.8748,Likely R,,
2026-09-06,TN-HD-35,TN,House,HD-35,1,,Phil Barnes,William Slater,,William Slater,R,True,False,-42.4,-42.68,-33.45,3.02,-7.43,1.73,0.0,5.3,,-33.85,0.0134,0.9866,Safe R,,
2026-09-06,TN-HD-36,TN,House,HD-36,1,,,Noah Smith,,Dennis Powers,R,False,True,-70.4,-69.7,-56.24,3.02,0.0,0.0,0.0,5.3,R,-50.94,0.02,0.98,Safe R,,
2026-09-06,TN-HD-37,TN,House,HD-37,1,,Mary A Young,Charlie Baum,,Charlie Baum,R,True,False,-23.0,-23.25,-17.06,3.02,-7.43,-0.75,0.0,5.3,,-19.94,0.0961,0.9039,Likely R,,
2026-09-06,TN-HD-38,TN,House,HD-38,1,,Seth McMillan,Kelly Keisling,,Kelly Keisling,R,True,False,-74.1,-73.3,-59.27,3.02,-7.43,-0.31,-5.0,5.3,,-66.71,0.0,1.0,Safe R,,
2026-09-06,TN-HD-39,TN,House,HD-39,1,,,Iris Rudder,,Iris Rudder,R,True,False,-54.2,-52.95,-42.11,3.02,-7.43,1.04,0.0,5.3,R,-43.2,0.02,0.98,Safe R,,
2026-09-06,TN-HD-4,TN,House,HD-4,1,,,Renea Jones,,Renea Jones,R,True,False,-61.5,-61.88,-49.64,3.02,-7.43,0.0,-5.0,5.3,R,-56.77,0.02,0.98,Safe R,,
2026-09-06,TN-HD-40,TN,House,HD-40,1,,Daniel Hawthorne,Michael Hale,,Michael Hale,R,True,False,-63.8,-62.26,-49.96,3.02,-7.43,-2.71,0.0,5.3,,-54.8,0.0002,0.9998,Safe R,,
2026-09-06,TN-HD-41,TN,House,HD-41,1,,R. Jason Goodman,Ed Butler,,Ed Butler,R,True,False,-68.4,-67.27,-54.19,3.02,-7.43,2.09,0.0,5.3,,-54.23,0.0002,0.9998,Safe R,,
2026-09-06,TN-HD-42,TN,House,HD-42,1,,Trenton Tyler Strode,Ryan Williams,,Ryan Williams,R,True,False,-46.1,-45.68,-35.97,3.02,-7.43,0.51,0.0,5.3,,-37.6,0.007,0.993,Safe R,,
2026-09-06,TN-HD-43,TN,House,HD-43,1,,Samantha Petit,Paul Sherrell,,Paul Sherrell,R,True,False,-60.6,-59.45,-47.59,3.02,-7.43,2.04,0.0,5.3,,-47.68,0.0009,0.9991,Safe R,,
2026-09-06,TN-HD-44,TN,House,HD-44,1,,Latoya Holcomb,William Lamberth,,William Lamberth,R,True,False,-50.1,-48.79,-38.6,3.02,-7.43,-1.55,0.0,5.3,,-42.28,0.0028,0.9972,Safe R,,
2026-09-06,TN-HD-45,TN,House,HD-45,1,,Mandy Cook,Brian Stewart,,Johnny Garrett,R,False,True,-34.4,-35.97,-27.79,3.02,0.0,0.0,0.0,5.3,,-22.49,0.0707,0.9293,Likely R,,
2026-09-06,TN-HD-46,TN,House,HD-46,1,,Dominic Howard,Clark Boyd,,Clark Boyd,R,True,False,-47.0,-46.7,-36.84,3.02,-7.43,-0.05,-5.0,5.3,,-44.02,0.002,0.998,Safe R,,
2026-09-06,TN-HD-47,TN,House,HD-47,1,,Mike Stein,Rush Bricken,,Rush Bricken,R,True,False,-58.0,-57.22,-45.71,3.02,-7.43,0.0,-5.0,5.3,,-52.84,0.0003,0.9997,Safe R,,
2026-09-06,TN-HD-48,TN,House,HD-48,1,,Matt Ferry,Bryan Terry,,Bryan Terry,R,True,False,-26.2,-25.99,-19.37,3.02,-7.43,-3.6,0.0,5.3,,-25.11,0.0503,0.9497,Likely R,,
2026-09-06,TN-HD-49,TN,House,HD-49,1,,Constance G Casha,Mike Sparks,,Mike Sparks,R,True,False,-18.1,-16.98,-11.77,3.02,-7.43,0.96,0.0,5.3,,-12.94,0.1987,0.8013,Likely R,,
2026-09-06,TN-HD-5,TN,House,HD-5,1,,Catherine Bacon,David Hawk,,David Hawk,R,True,False,-65.7,-65.31,-52.53,3.02,-7.43,0.0,-5.0,5.3,,-59.66,0.0,1.0,Safe R,,
2026-09-06,TN-HD-50,TN,House,HD-50,1,,Bo Mitchell,,,Bo Mitchell,D,True,False,4.3,6.61,8.13,3.02,7.43,-0.53,0.0,5.3,D,20.33,0.98,0.02,Safe D,,
2026-09-06,TN-HD-51,TN,House,HD-51,1,,Aftyn Behn,,,Aftyn Behn,D,True,False,37.5,41.55,37.59,3.02,7.43,0.0,5.0,5.3,D,55.32,0.98,0.02,Safe D,,
2026-09-06,TN-HD-52,TN,House,HD-52,1,,Justin Jones,Michele Vetter,Martez Coleman,Justin Jones,D,True,False,36.6,38.49,35.01,3.02,7.43,-0.49,0.0,5.3,,47.26,0.999,0.001,Safe D,,
2026-09-06,TN-HD-53,TN,House,HD-53,1,,Jason Powell,,,Jason Powell,D,True,False,23.2,25.41,23.98,3.02,7.43,0.84,0.0,5.3,D,37.55,0.98,0.02,Safe D,,
2026-09-06,TN-HD-54,TN,House,HD-54,1,,Vincent Dixie,,,Vincent Dixie,D,True,False,61.5,61.62,54.52,3.02,7.43,0.0,5.0,5.3,D,72.25,0.98,0.02,Safe D,,
2026-09-06,TN-HD-55,TN,House,HD-55,1,,John Clemmons,Jayla Thomas,,John Clemmons,D,True,False,42.8,44.73,40.27,3.02,7.43,0.0,5.0,5.3,,58.0,0.9999,0.0001,Safe D,,
2026-09-06,TN-HD-56,TN,House,HD-56,1,,Robert Freeman Sr.,,,Robert Freeman Sr.,D,True,False,29.3,30.94,28.65,3.02,7.43,0.0,5.0,5.3,D,46.38,0.98,0.02,Safe D,,
2026-09-06,TN-HD-57,TN,House,HD-57,1,,Matt Burchfield,Susan Lynn,,Susan Lynn,R,True,False,-32.8,-33.72,-25.89,3.02,-7.43,0.21,-5.0,5.3,,-32.81,0.016,0.984,Safe R,,
2026-09-06,TN-HD-58,TN,House,HD-58,1,,Harold Love,,,Harold Love,D,True,False,54.5,57.99,51.46,3.02,7.43,0.0,5.0,5.3,D,69.19,0.98,0.02,Safe D,,
2026-09-06,TN-HD-59,TN,House,HD-59,1,,Mark Proctor,Bill Hancock,,Caleb Hemmer,D,False,True,2.5,3.96,5.89,3.02,0.0,0.0,0.0,5.3,,11.19,0.7679,0.2321,Likely D,,
2026-09-06,TN-HD-6,TN,House,HD-6,1,,Brad Batt,Tim Hicks,Rodger Broadwater,Tim Hicks,R,True,False,-41.1,-42.08,-32.94,3.02,-7.43,-3.39,0.0,5.3,,-38.46,0.006,0.994,Safe R,,
2026-09-06,TN-HD-60,TN,House,HD-60,1,,Shaundelle Brooks,Eva Angelina Romero,,Shaundelle Brooks,D,True,False,10.5,8.99,10.13,3.02,7.43,-0.94,0.0,5.3,,21.92,0.9241,0.0759,Likely D,,
2026-09-06,TN-HD-61,TN,House,HD-61,1,,Becca Ripley,Gino Bulso,,Gino Bulso,R,True,False,-25.7,-25.12,-18.63,3.02,-7.43,-1.39,0.0,5.3,,-22.15,0.0737,0.9263,Likely R,,
2026-09-06,TN-HD-62,TN,House,HD-62,1,,Brieanna L Akers,Pat Marsh,,Pat Marsh,R,True,False,-59.0,-58.21,-46.55,3.02,-7.43,0.0,-5.0,5.3,,-53.68,0.0002,0.9998,Safe R,,
2026-09-06,TN-HD-63,TN,House,HD-63,1,,Laura Andreson,Jake McCalmon,,Jake McCalmon,R,True,False,-34.2,-32.63,-24.97,3.02,-7.43,-2.82,0.0,5.3,,-29.92,0.0252,0.9748,Safe R,,
2026-09-06,TN-HD-64,TN,House,HD-64,1,,Craig D'Apolito,Scott Cepicky,,Scott Cepicky,R,True,False,-41.4,-40.49,-31.6,3.02,-7.43,-0.67,0.0,5.3,,-34.41,0.0122,0.9878,Safe R,,
2026-09-06,TN-HD-65,TN,House,HD-65,1,,Julian Herbert Pierre-Griffin,Lee Reeves,,Lee Reeves,R,True,False,-34.3,-35.09,-27.04,3.02,-7.43,-1.09,0.0,5.3,,-30.26,0.0239,0.9761,Safe R,,
2026-09-06,TN-HD-66,TN,House,HD-66,1,,Tamara Bavendam,Sabi Kumar,,Sabi Kumar,R,True,False,-50.9,-50.4,-39.96,3.02,-7.43,0.0,-5.0,5.3,,-47.09,0.001,0.999,Safe R,,
2026-09-06,TN-HD-67,TN,House,HD-67,1,,Ronnie Glynn,Chris Lanier,,Ronnie Glynn,D,True,False,-1.7,-0.17,2.41,3.02,7.43,-1.6,0.0,5.3,,13.54,0.8121,0.1879,Likely D,,
2026-09-06,TN-HD-68,TN,House,HD-68,1,,Garfield Scott,Aron Maberry,,Aron Maberry,R,True,False,-32.7,-33.09,-25.36,3.02,-7.43,-2.3,0.0,5.3,,-29.79,0.0257,0.9743,Safe R,,
2026-09-06,TN-HD-69,TN,House,HD-69,1,,Rachael Murray,Jody Barrett,,Jody Barrett,R,True,False,-59.0,-57.76,-46.17,3.02,-7.43,-0.8,0.0,5.3,,-49.1,0.0007,0.9993,Safe R,,
2026-09-06,TN-HD-7,TN,House,HD-7,1,,Sarah Jayne Della Vecchia,Becky Jo Alexander,,Becky Jo Alexander,R,True,False,-37.6,-36.68,-28.39,3.02,-7.43,0.0,-5.0,5.3,,-35.52,0.0101,0.9899,Safe R,,
2026-09-06,TN-HD-70,TN,House,HD-70,1,,Rayanne Moos,Clay Doggett,,Clay Doggett,R,True,False,-64.1,-63.2,-50.75,3.02,-7.43,-0.02,-5.0,5.3,,-57.9,0.0001,0.9999,Safe R,,
2026-09-06,TN-HD-71,TN,House,HD-71,1,,Matt Day,Kip Capley,,Kip Capley,R,True,False,-62.4,-58.44,-46.74,3.02,-7.43,-1.38,0.0,5.3,,-50.25,0.0005,0.9995,Safe R,,
2026-09-06,TN-HD-72,TN,House,HD-72,1,,,Kirk Haston,,Kirk Haston,R,True,False,-70.2,-69.3,-55.9,3.02,-7.43,0.0,-5.0,5.3,R,-63.03,0.02,0.98,Safe R,,
2026-09-06,TN-HD-73,TN,House,HD-73,1,,,Chris Todd,,Chris Todd,R,True,False,-32.2,-28.99,-21.91,3.02,-7.43,-4.2,0.0,5.3,R,-28.24,0.02,0.98,Safe R,,
2026-09-06,TN-HD-74,TN,House,HD-74,1,,,Jay Reedy,,Jay Reedy,R,True,False,-59.1,-57.83,-46.23,3.02,-7.43,0.0,-5.0,5.3,R,-53.36,0.02,0.98,Safe R,,
2026-09-06,TN-HD-75,TN,House,HD-75,1,,Allie Phillips,Michael Lankford,,Michael Lankford,R,True,False,-12.6,-11.26,-6.95,3.02,-7.43,1.13,0.0,5.3,,-7.95,0.3016,0.6984,Lean R,,
2026-09-06,TN-HD-76,TN,House,HD-76,1,,,Tandy Darby,,Tandy Darby,R,True,False,-58.0,-57.1,-45.61,3.02,-7.43,0.0,-5.0,5.3,R,-52.74,0.02,0.98,Safe R,,
2026-09-06,TN-HD-77,TN,House,HD-77,1,,,Rusty Grills,Erin Jerrod Reid,Rusty Grills,R,True,False,-62.2,-60.99,-48.89,3.02,-7.43,0.0,-5.0,5.3,R,-56.02,0.02,0.98,Safe R,,
2026-09-06,TN-HD-78,TN,House,HD-78,1,,Hillary Capes-Gwinn,Perry Keenan,,Mary Littleton,R,False,True,-47.2,-47.26,-37.31,3.02,0.0,0.0,0.0,5.3,,-32.01,0.0182,0.9818,Safe R,,
2026-09-06,TN-HD-79,TN,House,HD-79,1,,,Brock Martin,Kirk D Carter,Brock Martin,R,True,False,-56.2,-56.25,-44.89,3.02,-7.43,-2.86,0.0,5.3,R,-49.88,0.02,0.98,Safe R,,
2026-09-06,TN-HD-8,TN,House,HD-8,1,,Hilary Trudell,Jordan Henderson,,Jerome Moon,R,False,True,-51.1,-51.25,-40.68,3.02,0.0,0.0,0.0,5.3,,-35.38,0.0104,0.9896,Safe R,,
2026-09-06,TN-HD-80,TN,House,HD-80,1,,Andrea Bond-Johnson,Julian McTizic,,Johnny Shaw,D,False,True,7.7,6.76,8.25,3.02,0.0,0.0,0.0,5.3,,13.55,0.8123,0.1877,Likely D,,
2026-09-06,TN-HD-81,TN,House,HD-81,1,,,Brett A. Giannini,,Debra Moody,R,False,True,-50.5,-45.02,-35.42,3.02,0.0,0.0,0.0,5.3,R,-30.12,0.02,0.98,Safe R,,
2026-09-06,TN-HD-82,TN,House,HD-82,1,,,Chris Hurt,,Chris Hurt,R,True,False,-52.5,-49.95,-39.58,3.02,-7.43,10.25,0.0,5.3,R,-31.45,0.02,0.98,Safe R,,
2026-09-06,TN-HD-83,TN,House,HD-83,1,,Margaret Price,Mark White,,Mark White,R,True,False,-7.8,-7.81,-4.03,3.02,-7.43,-1.41,0.0,5.3,,-7.57,0.3102,0.6898,Lean R,,
2026-09-06,TN-HD-84,TN,House,HD-84,1,,Joe Towns,,,Joe Towns,D,True,False,75.8,78.22,68.52,3.02,7.43,0.0,5.0,5.3,D,86.25,0.98,0.02,Safe D,,
2026-09-06,TN-HD-85,TN,House,HD-85,1,,Jesse Chism,,,Jesse Chism,D,True,False,73.7,77.97,68.31,3.02,7.43,0.0,5.0,5.3,D,86.04,0.98,0.02,Safe D,,
2026-09-06,TN-HD-86,TN,House,HD-86,1,,Justin Pearson,,,Justin Pearson,D,True,False,45.6,48.1,43.12,3.02,7.43,0.0,5.0,5.3,D,60.85,0.98,0.02,Safe D,,
2026-09-06,TN-HD-87,TN,House,HD-87,1,,Karen Camper,Reggie William Hall,,Karen Camper,D,True,False,68.3,71.18,62.58,3.02,7.43,0.0,5.0,5.3,,80.32,1.0,0.0,Safe D,,
2026-09-06,TN-HD-88,TN,House,HD-88,1,,Larry Miller,,,Larry Miller,D,True,False,42.3,42.68,38.55,3.02,7.43,0.04,5.0,5.3,D,56.31,0.98,0.02,Safe D,,
2026-09-06,TN-HD-89,TN,House,HD-89,1,,Randy Debord,Justin Lafferty,,Justin Lafferty,R,True,False,-28.4,-28.92,-21.84,3.02,-7.43,-0.75,0.0,5.3,,-24.72,0.053,0.947,Likely R,,
2026-09-06,TN-HD-9,TN,House,HD-9,1,,,Gary Hicks,,Gary Hicks,R,True,False,-71.3,-70.55,-56.95,3.02,-7.43,0.0,-5.0,5.3,R,-64.08,0.02,0.98,Safe R,,
2026-09-06,TN-HD-90,TN,House,HD-90,1,,Gloria Johnson,,,Gloria Johnson,D,True,False,13.7,13.21,13.69,3.02,7.43,3.57,0.0,5.3,D,29.99,0.98,0.02,Safe D,,
2026-09-06,TN-HD-91,TN,House,HD-91,1,,Torrey Harris,,,Torrey Harris,D,True,False,72.1,74.15,65.09,3.02,7.43,0.0,5.0,5.3,D,82.82,0.98,0.02,Safe D,,
2026-09-06,TN-HD-92,TN,House,HD-92,1,,Teri Mai,Todd Warner,,Todd Warner,R,True,False,-46.9,-46.73,-36.87,3.02,-7.43,-0.44,0.0,5.3,,-39.43,0.005,0.995,Safe R,,
2026-09-06,TN-HD-93,TN,House,HD-93,1,,,,,T.J. Hardaway,D,True,False,56.2,56.08,49.85,3.02,7.43,0.0,5.0,5.3,,67.58,1.0,0.0,Safe D,,
2026-09-06,TN-HD-94,TN,House,HD-94,1,,Francine Johnson,Ron Gant,,Ron Gant,R,True,False,-50.8,-49.64,-39.31,3.02,-7.43,-1.21,0.0,5.3,,-42.66,0.0026,0.9974,Safe R,,
2026-09-06,TN-HD-95,TN,House,HD-95,1,,,Kevin Vaughan,,Kevin Vaughan,R,True,False,-34.7,-30.58,-23.24,3.02,-7.43,-5.4,0.0,5.3,R,-30.77,0.02,0.98,Safe R,,
2026-09-06,TN-HD-96,TN,House,HD-96,1,,Telisa Franklin,,,Gabby Salinas,D,False,True,47.4,48.5,43.46,3.02,0.0,0.0,0.0,5.3,D,48.76,0.98,0.02,Safe D,,
2026-09-06,TN-HD-97,TN,House,HD-97,1,,Jesse Huseth,John Gillespie,,John Gillespie,R,True,False,6.4,7.09,8.53,3.02,-7.43,-8.43,0.0,5.3,,-2.03,0.4473,0.5527,Toss-up,,
2026-09-06,TN-HD-98,TN,House,HD-98,1,,Antonio Parkinson,,,Antonio Parkinson,D,True,False,42.5,39.21,35.62,3.02,7.43,2.53,0.0,5.3,D,50.88,0.98,0.02,Safe D,,
2026-09-06,TN-HD-99,TN,House,HD-99,1,,,Tom Leatherwood,William Mouzon,Tom Leatherwood,R,True,False,-29.6,-30.94,-23.54,3.02,-7.43,0.0,-5.0,5.3,R,-30.67,0.02,0.98,Safe R,,
2026-09-06,TN-SD-1,TN,Senate,SD-1,1,,,Adam Lowe,,Adam Lowe,R,True,False,-61.8,-61.56,-49.37,3.02,-7.43,-2.29,0.0,5.3,R,-53.79,0.02,0.98,Safe R,,
2026-09-06,TN-SD-11,TN,Senate,SD-11,1,,Tim Roberts,Bo Watson,,Bo Watson,R,True,False,-17.6,-19.1,-13.56,3.02,-7.43,0.0,-5.0,5.3,,-20.69,0.088,0.912,Likely R,,
2026-09-06,TN-SD-13,TN,Senate,SD-13,1,,Angela Evans Wynn,Dawn White,,Dawn White,R,True,False,-26.2,-24.72,-18.3,3.02,-7.43,-2.69,0.0,5.3,,-23.13,0.0652,0.9348,Likely R,,
2026-09-06,TN-SD-15,TN,Senate,SD-15,1,,,Paul Bailey,,Paul Bailey,R,True,False,-56.9,-56.41,-45.02,3.02,-7.43,0.0,-5.0,5.3,R,-52.16,0.02,0.98,Safe R,,
2026-09-06,TN-SD-17,TN,Senate,SD-17,1,,Lindsey Patrick-Wright,Mark Pody,,Mark Pody,R,True,False,-26.3,-24.33,-17.97,3.02,-7.43,0.0,-5.0,5.3,,-25.1,0.0503,0.9497,Likely R,,
2026-09-06,TN-SD-19,TN,Senate,SD-19,1,,Charlane Oliver,,,Charlane Oliver,D,True,False,55.2,57.05,50.66,3.02,7.43,3.48,0.0,5.3,D,66.87,0.98,0.02,Safe D,,
2026-09-06,TN-SD-21,TN,Senate,SD-21,1,,Jeff Yarbro,,,Jeff Yarbro,D,True,False,24.2,27.7,25.91,3.02,7.43,0.0,5.0,5.3,D,43.64,0.98,0.02,Safe D,,
2026-09-06,TN-SD-23,TN,Senate,SD-23,1,,,Kerry Roberts,David Lee Marcum,Kerry Roberts,R,True,False,-51.1,-50.13,-39.73,3.02,-7.43,0.0,-5.0,5.3,R,-46.86,0.02,0.98,Safe R,,
2026-09-06,TN-SD-25,TN,Senate,SD-25,1,,,Eddie Lee Jackson,,Eddie Lee Jackson,R,True,False,-42.2,-41.0,-32.03,3.02,-7.43,0.0,-5.0,5.3,R,-39.16,0.02,0.98,Safe R,,
2026-09-06,TN-SD-27,TN,Senate,SD-27,1,,David A Hardy,Jack Johnson,,Jack Johnson,R,True,False,-32.1,-31.46,-23.98,3.02,-7.43,0.0,-5.0,5.3,,-31.11,0.0209,0.9791,Safe R,,
2026-09-06,TN-SD-29,TN,Senate,SD-29,1,,Raumesh Akbari,,,Raumesh Akbari,D,True,False,62.8,65.56,57.84,3.02,7.43,0.0,5.0,5.3,D,75.57,0.98,0.02,Safe D,,
2026-09-06,TN-SD-3,TN,Senate,SD-3,1,,,Rusty Crowe,,Rusty Crowe,R,True,False,-48.3,-48.54,-38.39,3.02,-7.43,-1.12,0.0,5.3,R,-41.65,0.02,0.98,Safe R,,
2026-09-06,TN-SD-31,TN,Senate,SD-31,1,,David Weatherspoon,Brent Taylor,,Brent Taylor,R,True,False,-17.2,-15.97,-10.92,3.02,-7.43,-6.64,0.0,5.3,,-19.7,0.0989,0.9011,Likely R,,
2026-09-06,TN-SD-33,TN,Senate,SD-33,1,,London Lamar,,,London Lamar,D,True,False,65.3,68.56,60.37,3.02,7.43,-2.09,0.0,5.3,D,71.02,0.98,0.02,Safe D,,
2026-09-06,TN-SD-5,TN,Senate,SD-5,1,,David R. Miller,Jimmy Matlock,,Randy McNally,R,False,True,-36.3,-36.45,-28.19,3.02,0.0,0.0,0.0,5.3,,-22.89,0.0672,0.9328,Likely R,,
2026-09-06,TN-SD-7,TN,Senate,SD-7,1,,Bryan Langan,Richard Briggs,,Richard Briggs,R,True,False,-18.7,-17.98,-12.61,3.02,-7.43,-6.54,0.0,5.3,,-21.28,0.082,0.918,Likely R,,
2026-09-06,TN-SD-9,TN,Senate,SD-9,1,,,Steve Southerland,,Steve Southerland,R,True,False,-63.2,-62.84,-50.45,3.02,-7.43,-1.79,0.0,5.3,R,-54.37,0.02,0.98,Safe R,,
2026-09-06,TX-HD-1,TX,House,HD-1,1,,Sean Huffman,Chris Spencer,,Gary VanDeaver,R,False,True,-55.7,-54.67,-42.84,3.88,0.0,0.0,0.0,5.3,,-37.54,0.0071,0.9929,Safe R,,
2026-09-06,TX-HD-10,TX,House,HD-10,1,,Michael Myers,Brian Harrison,,Brian Harrison,R,True,False,-31.0,-32.91,-24.48,3.88,-7.43,0.0,-5.0,5.3,,-31.61,0.0194,0.9806,Safe R,,
2026-09-06,TX-HD-100,TX,House,HD-100,1,,Venton Jones,Jordan Hoffnagle,,Venton Jones,D,True,False,54.5,60.15,54.01,3.88,7.43,0.0,5.0,5.3,,71.74,1.0,0.0,Safe D,,
2026-09-06,TX-HD-101,TX,House,HD-101,1,,Junior Ezeonu,,,Chris Turner,D,False,True,26.6,29.08,27.8,3.88,0.0,0.0,0.0,5.3,D,33.1,0.98,0.02,Safe D,,
2026-09-06,TX-HD-102,TX,House,HD-102,1,,Ana-Maria Ramos,Bonnie Abadie,,Ana-Maria Ramos,D,True,False,19.6,22.98,22.66,3.88,7.43,0.0,5.0,5.3,,40.39,0.9959,0.0041,Safe D,,
2026-09-06,TX-HD-103,TX,House,HD-103,1,,Rafael Anchía,Melanie Medley-Thomas,,Rafael Anchía,D,True,False,34.3,37.27,34.71,3.88,7.43,0.0,5.0,5.3,,52.44,0.9997,0.0003,Safe D,,
2026-09-06,TX-HD-104,TX,House,HD-104,1,,Jessica González,,,Jessica González,D,True,False,25.1,29.15,27.86,3.88,7.43,0.0,5.0,5.3,D,45.59,0.98,0.02,Safe D,,
2026-09-06,TX-HD-105,TX,House,HD-105,1,,Terry Meza,,,Terry Meza,D,True,False,6.5,10.07,11.77,3.88,7.43,0.0,5.0,5.3,D,29.5,0.98,0.02,Safe D,,
2026-09-06,TX-HD-106,TX,House,HD-106,1,,Joe Mayes,Jared Patterson,,Jared Patterson,R,True,False,-16.9,-16.92,-11.0,3.88,-7.43,-1.32,0.0,5.3,,-14.45,0.1724,0.8276,Likely R,,
2026-09-06,TX-HD-107,TX,House,HD-107,1,,Linda Garcia,,,Linda Garcia,D,True,False,18.4,21.02,21.0,3.88,7.43,0.0,5.0,5.3,D,38.73,0.98,0.02,Safe D,,
2026-09-06,TX-HD-108,TX,House,HD-108,1,,Allison Mitchell,Morgan Meyer,,Morgan Meyer,R,True,False,-5.7,-5.08,-1.01,3.88,-7.43,-1.4,0.0,5.3,,-4.54,0.3832,0.6168,Lean R,,
2026-09-06,TX-HD-109,TX,House,HD-109,1,,Aicha Davis,Will Campbell,,Aicha Davis,D,True,False,51.8,54.48,49.22,3.88,7.43,0.0,5.0,5.3,,66.95,1.0,0.0,Safe D,,
2026-09-06,TX-HD-11,TX,House,HD-11,1,,Roxanne Lathan,Joanne Shofner,,Joanne Shofner,R,True,False,-56.3,-55.32,-43.38,3.88,-7.43,0.0,-5.0,5.3,,-50.51,0.0005,0.9995,Safe R,,
2026-09-06,TX-HD-110,TX,House,HD-110,1,,Toni Rose,,,Toni Rose,D,True,False,55.8,60.81,54.56,3.88,7.43,0.0,5.0,5.3,D,72.29,0.98,0.02,Safe D,,
2026-09-06,TX-HD-111,TX,House,HD-111,1,,Yvonne Davis,,,Yvonne Davis,D,True,False,50.7,53.56,48.45,3.88,7.43,0.14,5.0,5.3,D,66.32,0.98,0.02,Safe D,,
2026-09-06,TX-HD-112,TX,House,HD-112,1,,Zach Herbert,Angie Button,,Angie Button,R,True,False,-3.4,-3.55,0.28,3.88,-7.43,0.0,-5.0,5.3,,-6.85,0.3272,0.6728,Lean R,,
2026-09-06,TX-HD-113,TX,House,HD-113,1,,Rhetta Bowers,Stephen Stanley,,Rhetta Bowers,D,True,False,12.2,13.91,15.01,3.88,7.43,0.0,5.0,5.3,,32.74,0.9839,0.0161,Safe D,,
2026-09-06,TX-HD-114,TX,House,HD-114,1,,John Bryant,Tim McDonough,,John Bryant,D,True,False,27.8,30.61,29.1,3.88,7.43,-0.24,5.0,5.3,,46.58,0.9988,0.0012,Safe D,,
2026-09-06,TX-HD-115,TX,House,HD-115,1,,Cassandra Garcia Hernandez,Danny Rosellini,Kane Kelly,Cassandra Garcia Hernandez,D,True,False,11.8,13.25,14.45,3.88,7.43,0.0,5.0,5.3,,32.18,0.9823,0.0177,Safe D,,
2026-09-06,TX-HD-116,TX,House,HD-116,1,,Trey Martinez Fischer,Rhett Rosenquest Smith,,Trey Martinez Fischer,D,True,False,27.4,30.25,28.79,3.88,7.43,0.0,5.0,5.3,,46.52,0.9988,0.0012,Safe D,,
2026-09-06,TX-HD-117,TX,House,HD-117,1,,Philip Cortez,Ben Mostyn,,Philip Cortez,D,True,False,11.9,15.72,16.54,3.88,7.43,-1.42,0.0,5.3,,27.85,0.9657,0.0343,Safe D,,
2026-09-06,TX-HD-118,TX,House,HD-118,1,,Kristian Carranza,Jorge Borrego,,John Lujan,R,False,True,-4.5,-2.86,0.86,3.88,0.0,0.0,0.0,5.3,,6.16,0.6565,0.3435,Lean D,,
2026-09-06,TX-HD-119,TX,House,HD-119,1,,Liz Campos,Melva Perez,,Liz Campos,D,True,False,19.6,22.79,22.5,3.88,7.43,0.0,5.0,5.3,,40.23,0.9957,0.0043,Safe D,,
2026-09-06,TX-HD-12,TX,House,HD-12,1,,Andie Ho,Trey Wharton,,Trey Wharton,R,True,False,-49.4,-47.97,-37.18,3.88,-7.43,0.0,-5.0,5.3,,-44.31,0.0019,0.9981,Safe R,,
2026-09-06,TX-HD-120,TX,House,HD-120,1,,Barbara Gervin-Hawkins,,,Barbara Gervin-Hawkins,D,True,False,25.7,28.61,27.41,3.88,7.43,0.0,5.0,5.3,D,45.14,0.98,0.02,Safe D,,
2026-09-06,TX-HD-121,TX,House,HD-121,1,,Zack Dunn,Marc LaHood,,Marc LaHood,R,True,False,-4.8,-4.92,-0.87,3.88,-7.43,0.0,-5.0,5.3,,-8.0,0.3003,0.6997,Lean R,,
2026-09-06,TX-HD-122,TX,House,HD-122,1,,Shelly Nickels,Mark Dorazio,,Mark Dorazio,R,True,False,-11.3,-11.67,-6.57,3.88,-7.43,-1.77,0.0,5.3,,-10.47,0.2468,0.7532,Likely R,,
2026-09-06,TX-HD-123,TX,House,HD-123,1,,Diego Bernal,,,Diego Bernal,D,True,False,26.6,28.66,27.45,3.88,7.43,0.0,5.0,5.3,D,45.18,0.98,0.02,Safe D,,
2026-09-06,TX-HD-124,TX,House,HD-124,1,,Josey Garcia,Sylvia Soto,L.D. Howard,Josey Garcia,D,True,False,22.1,26.15,25.33,3.88,7.43,1.88,0.0,5.3,,39.94,0.9955,0.0045,Safe D,,
2026-09-06,TX-HD-125,TX,House,HD-125,1,,Adrian Reyna,Ricardo Martinez,,Ray Lopez,D,False,True,14.9,17.36,17.92,3.88,0.0,0.0,0.0,5.3,,23.22,0.9355,0.0645,Likely D,,
2026-09-06,TX-HD-126,TX,House,HD-126,1,,Stefanie Bord,Stan Stanart,Lisa Emerson,Sam Harless,R,False,True,-18.1,-18.85,-12.62,3.88,0.0,0.0,0.0,5.3,,-7.32,0.316,0.684,Lean R,,
2026-09-06,TX-HD-127,TX,House,HD-127,1,,Michelle Williams,Charles Cunningham,,Charles Cunningham,R,True,False,-15.0,-15.96,-10.19,3.88,-7.43,0.0,-5.0,5.3,,-17.32,0.1287,0.8713,Likely R,,
2026-09-06,TX-HD-128,TX,House,HD-128,1,,Desiree Klaus,Tom Butler,,Briscoe Cain,R,False,True,-38.2,-38.32,-29.04,3.88,0.0,0.0,0.0,5.3,,-23.74,0.0602,0.9398,Likely R,,
2026-09-06,TX-HD-129,TX,House,HD-129,1,,Albert Wittliff,Scott Bowen,,Dennis Paul,R,False,True,-17.7,-17.0,-11.06,3.88,0.0,0.0,0.0,5.3,,-5.76,0.3533,0.6467,Lean R,,
2026-09-06,TX-HD-13,TX,House,HD-13,1,,Albert Hunter,Angelia Orr,,Angelia Orr,R,True,False,-51.1,-49.44,-38.42,3.88,-7.43,-2.89,0.0,5.3,,-43.44,0.0023,0.9977,Safe R,,
2026-09-06,TX-HD-130,TX,House,HD-130,1,,Brett Robinson,Tom Oliverson,,Tom Oliverson,R,True,False,-33.9,-34.55,-25.87,3.88,-7.43,-2.06,0.0,5.3,,-30.06,0.0247,0.9753,Safe R,,
2026-09-06,TX-HD-131,TX,House,HD-131,1,,Staci Childs,Scott Whitmarsh,,Alma Allen,D,False,True,48.0,52.49,47.54,3.88,0.0,0.0,0.0,5.3,,52.84,0.9997,0.0003,Safe D,,
2026-09-06,TX-HD-132,TX,House,HD-132,1,,Sara McGee,Mike Schofield,,Mike Schofield,R,True,False,-13.9,-14.61,-9.05,3.88,-7.43,1.09,0.0,5.3,,-10.09,0.2548,0.7452,Lean R,,
2026-09-06,TX-HD-133,TX,House,HD-133,1,,Josh Wallenstein,Mano DeAyala,,Mano DeAyala,R,True,False,-7.0,-6.48,-2.19,3.88,-7.43,-7.59,0.0,5.3,,-11.91,0.2181,0.7819,Likely R,,
2026-09-06,TX-HD-134,TX,House,HD-134,1,,Ann Johnson,Mike Michna,,Ann Johnson,D,True,False,25.3,25.84,25.07,3.88,7.43,-4.86,0.0,5.3,,32.94,0.9844,0.0156,Safe D,,
2026-09-06,TX-HD-135,TX,House,HD-135,1,,Odus Evbagharu,Liz Ramos,,Jon Rosenthal,D,False,True,7.8,11.57,13.04,3.88,0.0,0.0,0.0,5.3,,18.34,0.8847,0.1153,Likely D,,
2026-09-06,TX-HD-136,TX,House,HD-136,1,,John Bucy,Theodore Schramm,,John Bucy,D,True,False,23.8,23.97,23.49,3.88,7.43,-3.42,0.0,5.3,,32.8,0.984,0.016,Safe D,,
2026-09-06,TX-HD-137,TX,House,HD-137,1,,Gene Wu,Helen Zhou,,Gene Wu,D,True,False,17.9,22.18,21.98,3.88,7.43,0.0,5.0,5.3,,39.71,0.9953,0.0047,Safe D,,
2026-09-06,TX-HD-138,TX,House,HD-138,1,,Tyler Smith,Lacey Hull,,Lacey Hull,R,True,False,-8.5,-8.25,-3.69,3.88,-7.43,-0.4,0.0,5.3,,-6.22,0.3421,0.6579,Lean R,,
2026-09-06,TX-HD-139,TX,House,HD-139,1,,Charlene Ward Johnson,Kyle Harding,,Charlene Ward Johnson,D,True,False,38.1,41.98,38.68,3.88,7.43,0.0,5.0,5.3,,56.41,0.9999,0.0001,Safe D,,
2026-09-06,TX-HD-14,TX,House,HD-14,1,,Janet Dudding,Paul Dyson,Jeff Miller,Paul Dyson,R,True,False,-20.8,-19.06,-12.8,3.88,-7.43,-1.83,0.0,5.3,,-16.76,0.1365,0.8635,Likely R,,
2026-09-06,TX-HD-140,TX,House,HD-140,1,,Armando Walle,Laura Garcia DeLeon,,Armando Walle,D,True,False,17.0,23.92,23.45,3.88,7.43,0.0,5.0,5.3,,41.18,0.9965,0.0035,Safe D,,
2026-09-06,TX-HD-141,TX,House,HD-141,1,,Senfronia Thompson,Julie Hunt,,Senfronia Thompson,D,True,False,50.5,55.28,49.9,3.88,7.43,0.0,5.0,5.3,,67.63,1.0,0.0,Safe D,,
2026-09-06,TX-HD-142,TX,House,HD-142,1,,Harold Dutton,Heidi Hall,,Harold Dutton,D,True,False,37.7,41.65,38.41,3.88,7.43,0.11,5.0,5.3,,56.25,0.9999,0.0001,Safe D,,
2026-09-06,TX-HD-143,TX,House,HD-143,1,,Ana Hernandez,Frank Salazar,,Ana Hernandez,D,True,False,13.7,18.72,19.06,3.88,7.43,0.0,5.0,5.3,,36.79,0.9919,0.0081,Safe D,,
2026-09-06,TX-HD-144,TX,House,HD-144,1,,Mary Ann Perez,David Flores,,Mary Ann Perez,D,True,False,-2.9,2.0,4.97,3.88,7.43,0.0,5.0,5.3,,22.7,0.9311,0.0689,Likely D,,
2026-09-06,TX-HD-145,TX,House,HD-145,1,,Christina Morales,Inocensia Moreno,,Christina Morales,D,True,False,32.7,36.34,33.92,3.88,7.43,-1.7,0.0,5.3,,44.95,0.9984,0.0016,Safe D,,
2026-09-06,TX-HD-146,TX,House,HD-146,1,,Lauren Simmons,Alexandria Butler,,Lauren Simmons,D,True,False,53.7,56.59,51.0,3.88,7.43,0.0,5.0,5.3,,68.74,1.0,0.0,Safe D,,
2026-09-06,TX-HD-147,TX,House,HD-147,1,,Jo Jones,Theodis Daniel,,Jo Jones,D,True,False,51.3,54.06,48.87,3.88,7.43,0.0,5.0,5.3,,66.6,1.0,0.0,Safe D,,
2026-09-06,TX-HD-148,TX,House,HD-148,1,,Penny Morales Shaw,Amanda LaBrie,,Penny Morales Shaw,D,True,False,8.7,11.12,12.65,3.88,7.43,0.0,5.0,5.3,,30.38,0.9765,0.0235,Safe D,,
2026-09-06,TX-HD-149,TX,House,HD-149,1,,Darlene Breaux,Dave Bennett,,Hubert Vo,D,False,True,10.7,14.87,15.82,3.88,0.0,0.0,0.0,5.3,,21.12,0.9163,0.0837,Likely D,,
2026-09-06,TX-HD-15,TX,House,HD-15,1,,Moniqua' Scott,Brad Bailey,Jessi Cowart,Steve Toth,R,False,True,-27.0,-27.71,-20.1,3.88,0.0,0.0,0.0,5.3,,-14.8,0.1666,0.8334,Likely R,,
2026-09-06,TX-HD-150,TX,House,HD-150,1,,A'Yonna Kellum,Valoree Swanson,,Valoree Swanson,R,True,False,-16.3,-16.77,-10.86,3.88,-7.43,-1.54,0.0,5.3,,-14.53,0.171,0.829,Likely R,,
2026-09-06,TX-HD-16,TX,House,HD-16,1,,Bobbie Clayton,Will Metcalf,,Will Metcalf,R,True,False,-56.4,-56.63,-44.49,3.88,-7.43,0.0,-5.0,5.3,,-51.62,0.0004,0.9996,Safe R,,
2026-09-06,TX-HD-17,TX,House,HD-17,1,,Mary Klenz,Stan Gerdes,,Stan Gerdes,R,True,False,-31.8,-31.24,-23.07,3.88,-7.43,-1.08,0.0,5.3,,-26.28,0.0429,0.9571,Safe R,,
2026-09-06,TX-HD-18,TX,House,HD-18,1,,Valorie Barton,Janis Holt,,Janis Holt,R,True,False,-65.2,-65.52,-51.98,3.88,-7.43,0.0,-5.0,5.3,,-59.12,0.0001,0.9999,Safe R,,
2026-09-06,TX-HD-19,TX,House,HD-19,1,,Kelly Hall,Ellen Troxclair,,Ellen Troxclair,R,True,False,-42.2,-42.61,-32.66,3.88,-7.43,-1.64,0.0,5.3,,-36.43,0.0086,0.9914,Safe R,,
2026-09-06,TX-HD-2,TX,House,HD-2,1,,Fatima Muse,Brent Money,,Brent Money,R,True,False,-63.0,-62.93,-49.8,3.88,-7.43,0.0,-5.0,5.3,,-56.93,0.0001,0.9999,Safe R,,
2026-09-06,TX-HD-20,TX,House,HD-20,1,,Matthias-Jonah Early,Terry Wilson,,Terry Wilson,R,True,False,-14.6,-15.72,-9.98,3.88,-7.43,-5.54,0.0,5.3,,-17.65,0.1243,0.8757,Likely R,,
2026-09-06,TX-HD-21,TX,House,HD-21,1,,Jacky Hernandez,Ray Callas,,Dade Phelan,R,False,True,-58.2,-57.9,-45.56,3.88,0.0,0.0,0.0,5.3,,-40.26,0.0042,0.9958,Safe R,,
2026-09-06,TX-HD-22,TX,House,HD-22,1,,Christian Manuel,,,Christian Manuel,D,True,False,11.9,14.63,15.62,3.88,7.43,0.0,5.0,5.3,D,33.35,0.98,0.02,Safe D,,
2026-09-06,TX-HD-23,TX,House,HD-23,1,,Cheryl Clark,Terri Leo-Wilson,,Terri Leo-Wilson,R,True,False,-29.4,-27.75,-20.13,3.88,-7.43,0.0,-5.0,5.3,,-27.26,0.0373,0.9627,Safe R,,
2026-09-06,TX-HD-24,TX,House,HD-24,1,,Frank Carr,Greg Bonnen,,Greg Bonnen,R,True,False,-35.2,-34.96,-26.21,3.88,-7.43,-2.22,0.0,5.3,,-30.55,0.0229,0.9771,Safe R,,
2026-09-06,TX-HD-25,TX,House,HD-25,1,,Mike Meadors,Cody Vasut,,Cody Vasut,R,True,False,-19.4,-19.26,-12.97,3.88,-7.43,-9.45,0.0,5.3,,-24.55,0.0542,0.9458,Likely R,,
2026-09-06,TX-HD-26,TX,House,HD-26,1,,Elizabeth Markowitz,Matt Morgan,,Matt Morgan,R,True,False,-15.4,-14.64,-9.07,3.88,-7.43,0.0,-5.0,5.3,,-16.2,0.1447,0.8553,Likely R,,
2026-09-06,TX-HD-27,TX,House,HD-27,1,,Ron Reynolds,Max Alalibo,,Ron Reynolds,D,True,False,35.1,38.14,35.44,3.88,7.43,1.66,0.0,5.3,,49.83,0.9994,0.0006,Safe D,,
2026-09-06,TX-HD-28,TX,House,HD-28,1,,Sandy Ibanez,Gary Gates,,Gary Gates,R,True,False,-16.8,-15.1,-9.46,3.88,-7.43,-1.58,0.0,5.3,,-13.17,0.1945,0.8055,Likely R,,
2026-09-06,TX-HD-29,TX,House,HD-29,1,,Karen Reeder,Jeff Barry,,Jeff Barry,R,True,False,-19.9,-20.51,-14.02,3.88,-7.43,0.0,-5.0,5.3,,-21.15,0.0833,0.9167,Likely R,,
2026-09-06,TX-HD-3,TX,House,HD-3,1,,Nicole King,Kristen Plaisance,,Cecil Bell,R,False,True,-52.3,-53.43,-41.79,3.88,0.0,0.0,0.0,5.3,,-36.49,0.0085,0.9915,Safe R,,
2026-09-06,TX-HD-30,TX,House,HD-30,1,,Crystal Sedillo,A.J. Louderback,,A.J. Louderback,R,True,False,-54.1,-53.26,-41.65,3.88,-7.43,0.08,-5.0,5.3,,-48.7,0.0007,0.9993,Safe R,,
2026-09-06,TX-HD-31,TX,House,HD-31,1,,JJ Dominguez,Ryan Guillen,,Ryan Guillen,R,True,False,-36.9,-32.3,-23.97,3.88,-7.43,-3.17,0.0,5.3,,-29.27,0.0278,0.9722,Safe R,,
2026-09-06,TX-HD-32,TX,House,HD-32,1,,Gabriel Marroquin,Todd Hunter,,Todd Hunter,R,True,False,-25.2,-24.33,-17.25,3.88,-7.43,-0.92,0.0,5.3,,-20.3,0.0922,0.9078,Likely R,,
2026-09-06,TX-HD-33,TX,House,HD-33,1,,Orlando Lopez,Katrina Pierson,,Katrina Pierson,R,True,False,-25.9,-25.81,-18.49,3.88,-7.43,0.0,-5.0,5.3,,-25.62,0.0469,0.9531,Safe R,,
2026-09-06,TX-HD-34,TX,House,HD-34,1,,Stephanie Saenz,Denise Villalobos,,Denise Villalobos,R,True,False,-1.4,2.19,5.12,3.88,-7.43,0.0,-5.0,5.3,,-2.01,0.4477,0.5523,Toss-up,,
2026-09-06,TX-HD-35,TX,House,HD-35,1,,Oscar Longoria,Oscar Rosa,,Oscar Longoria,D,True,False,-6.9,0.75,3.91,3.88,7.43,17.04,0.0,5.3,,33.69,0.9862,0.0138,Safe D,,
2026-09-06,TX-HD-36,TX,House,HD-36,1,,Sergio Muñoz,,,Sergio Muñoz,D,True,False,-5.7,2.6,5.47,3.88,7.43,0.0,5.0,5.3,D,23.2,0.98,0.02,Safe D,,
2026-09-06,TX-HD-37,TX,House,HD-37,1,,Oziel Ochoa Jr.,Janie Lopez,,Janie Lopez,R,True,False,-10.9,-6.49,-2.2,3.88,-7.43,0.19,-5.0,5.3,,-9.14,0.275,0.725,Lean R,,
2026-09-06,TX-HD-38,TX,House,HD-38,1,,Erin Gámez,Laura Cisneros,,Erin Gámez,D,True,False,0.7,9.45,11.24,3.88,7.43,0.0,5.0,5.3,,28.97,0.9709,0.0291,Safe D,,
2026-09-06,TX-HD-39,TX,House,HD-39,1,,Armando Martinez,,,Armando Martinez,D,True,False,-2.4,5.16,7.63,3.88,7.43,0.0,5.0,5.3,D,25.36,0.98,0.02,Safe D,,
2026-09-06,TX-HD-4,TX,House,HD-4,1,,Mark Moseley,Keith Bell,,Keith Bell,R,True,False,-35.0,-37.2,-28.1,3.88,-7.43,0.0,-5.0,5.3,,-35.23,0.0106,0.9894,Safe R,,
2026-09-06,TX-HD-40,TX,House,HD-40,1,,Terry Canales,Celeste Cabrera-Huff,,Terry Canales,D,True,False,-0.0,7.38,9.5,3.88,7.43,0.0,5.0,5.3,,27.23,0.9625,0.0375,Safe D,,
2026-09-06,TX-HD-41,TX,House,HD-41,1,,Julio Salinas,Gary Groves,,Bobby Guerra,D,False,True,-1.6,3.04,5.84,3.88,0.0,0.0,0.0,5.3,,11.14,0.7668,0.2332,Likely D,,
2026-09-06,TX-HD-42,TX,House,HD-42,1,,Richard Raymond,Teresa Johnson-Hernandez,,Richard Raymond,D,True,False,-0.5,7.47,9.58,3.88,7.43,0.0,5.0,5.3,,27.31,0.9629,0.0371,Safe D,,
2026-09-06,TX-HD-43,TX,House,HD-43,1,,Jeffrey Jackson,J.M. Lozano,,J.M. Lozano,R,True,False,-31.3,-28.53,-20.78,3.88,-7.43,-0.81,0.0,5.3,,-23.73,0.0604,0.9396,Likely R,,
2026-09-06,TX-HD-44,TX,House,HD-44,1,,Eric Norman,Alan Schoolcraft,,Alan Schoolcraft,R,True,False,-31.5,-31.06,-22.92,3.88,-7.43,0.0,-5.0,5.3,,-30.05,0.0247,0.9753,Safe R,,
2026-09-06,TX-HD-45,TX,House,HD-45,1,,Erin Zwiener,Tennyson Moreno,,Erin Zwiener,D,True,False,12.8,13.57,14.72,3.88,7.43,-3.31,0.0,5.3,,24.14,0.9428,0.0572,Likely D,,
2026-09-06,TX-HD-46,TX,House,HD-46,1,,Sheryl Cole,,,Sheryl Cole,D,True,False,44.0,46.95,42.87,3.88,7.43,1.09,0.0,5.3,D,56.7,0.98,0.02,Safe D,,
2026-09-06,TX-HD-47,TX,House,HD-47,1,,Pooja Sethi,Jennifer Mushtaler,,Vikki Goodwin,D,False,True,22.3,22.98,22.65,3.88,0.0,0.0,0.0,5.3,,27.95,0.9662,0.0338,Safe D,,
2026-09-06,TX-HD-48,TX,House,HD-48,1,,Donna Howard,Anthony Gupta,,Donna Howard,D,True,False,40.4,41.76,38.49,3.88,7.43,-1.12,0.0,5.3,,50.1,0.9995,0.0005,Safe D,,
2026-09-06,TX-HD-49,TX,House,HD-49,1,,Montserrat Garibay,,Arshia Papari,Gina Hinojosa,D,False,True,60.3,63.32,56.68,3.88,0.0,0.0,0.0,5.3,D,61.98,0.98,0.02,Safe D,,
2026-09-06,TX-HD-5,TX,House,HD-5,1,,Hector Garza,Cole Hefner,,Cole Hefner,R,True,False,-64.7,-64.05,-50.74,3.88,-7.43,0.26,-5.0,5.3,,-57.61,0.0001,0.9999,Safe R,,
2026-09-06,TX-HD-50,TX,House,HD-50,1,,Samantha Lopez-Resendez,Howard Olsen IV,,James Talarico,D,False,True,47.6,50.14,45.56,3.88,0.0,0.0,0.0,5.3,,50.86,0.9996,0.0004,Safe D,,
2026-09-06,TX-HD-51,TX,House,HD-51,1,,Maria Luisa Flores,Jessica Martinez,,Maria Luisa Flores,D,True,False,53.0,57.98,52.18,3.88,7.43,0.0,5.0,5.3,,69.91,1.0,0.0,Safe D,,
2026-09-06,TX-HD-52,TX,House,HD-52,1,,Chris Jimenez,Caroline Harris Davila,,Caroline Harris Davila,R,True,False,-8.2,-7.41,-2.97,3.88,-7.43,0.0,-5.0,5.3,,-10.1,0.2544,0.7456,Lean R,,
2026-09-06,TX-HD-53,TX,House,HD-53,1,,Kathryn Hartmann,Wes Virdell,,Wes Virdell,R,True,False,-55.8,-55.63,-43.64,3.88,-7.43,0.0,-5.0,5.3,,-50.77,0.0004,0.9996,Safe R,,
2026-09-06,TX-HD-54,TX,House,HD-54,1,,Dawn Richardson,Brad Buckley,,Brad Buckley,R,True,False,-16.8,-15.18,-9.53,3.88,-7.43,-1.89,0.0,5.3,,-13.55,0.1878,0.8122,Likely R,,
2026-09-06,TX-HD-55,TX,House,HD-55,1,,Amelia Rabroker,Hillary Hickland,,Hillary Hickland,R,True,False,-15.6,-14.59,-9.03,3.88,-7.43,0.0,-5.0,5.3,,-16.16,0.1453,0.8547,Likely R,,
2026-09-06,TX-HD-56,TX,House,HD-56,1,,Ashley Thornton,Pat Curry,,Pat Curry,R,True,False,-36.0,-35.36,-26.55,3.88,-7.43,0.0,-5.0,5.3,,-33.68,0.0138,0.9862,Safe R,,
2026-09-06,TX-HD-57,TX,House,HD-57,1,,Ray Stith,Richard Hayes,Darren Hamilton,Richard Hayes,R,True,False,-17.3,-18.4,-12.25,3.88,-7.43,0.0,-5.0,5.3,,-19.38,0.1025,0.8975,Likely R,,
2026-09-06,TX-HD-58,TX,House,HD-58,1,,Chris Oldham,Helen Kerwin,,Helen Kerwin,R,True,False,-52.5,-53.77,-42.07,3.88,-7.43,0.0,-5.0,5.3,,-49.2,0.0006,0.9994,Safe R,,
2026-09-06,TX-HD-59,TX,House,HD-59,1,,Andrew Turner,Shelby Slawson,,Shelby Slawson,R,True,False,-59.4,-59.16,-46.62,3.88,-7.43,0.0,-5.0,5.3,,-53.75,0.0002,0.9998,Safe R,,
2026-09-06,TX-HD-6,TX,House,HD-6,1,,Lorenzo Johnson,Daniel Alders,,Daniel Alders,R,True,False,-41.5,-40.95,-31.26,3.88,-7.43,0.0,-5.0,5.3,,-38.39,0.006,0.994,Safe R,,
2026-09-06,TX-HD-60,TX,House,HD-60,1,,Krissy Guess,Mike Olcott,,Mike Olcott,R,True,False,-66.9,-67.17,-53.37,3.88,-7.43,0.0,-5.0,5.3,,-60.51,0.0,1.0,Safe R,,
2026-09-06,TX-HD-61,TX,House,HD-61,1,,Brittany Black,Keresa Richardson,Anissa Chilmeran,Keresa Richardson,R,True,False,-14.7,-14.29,-8.77,3.88,-7.43,0.0,-5.0,5.3,,-15.9,0.1492,0.8508,Likely R,,
2026-09-06,TX-HD-62,TX,House,HD-62,1,,Catherine Thorne,Shelley Luther,,Shelley Luther,R,True,False,-57.9,-57.53,-45.25,3.88,-7.43,0.0,-5.0,5.3,,-52.38,0.0003,0.9997,Safe R,,
2026-09-06,TX-HD-63,TX,House,HD-63,1,,H. Denise Wooten,Ben Bumgarner,,Ben Bumgarner,R,True,False,-10.5,-10.09,-5.23,3.88,-7.43,-3.07,0.0,5.3,,-10.44,0.2475,0.7525,Likely R,,
2026-09-06,TX-HD-64,TX,House,HD-64,1,,Julie Evans,Andy Hopper,,Andy Hopper,R,True,False,-25.9,-26.27,-18.88,3.88,-7.43,0.0,-5.0,5.3,,-26.01,0.0445,0.9555,Safe R,,
2026-09-06,TX-HD-65,TX,House,HD-65,1,,Detrick Deburr,Mitch Little,,Mitch Little,R,True,False,-16.6,-14.75,-9.16,3.88,-7.43,0.0,-5.0,5.3,,-16.3,0.1433,0.8567,Likely R,,
2026-09-06,TX-HD-66,TX,House,HD-66,1,,Sandeep Srivastava,Matt Shaheen,,Matt Shaheen,R,True,False,-14.6,-14.01,-8.54,3.88,-7.43,0.07,-5.0,5.3,,-15.6,0.1538,0.8462,Likely R,,
2026-09-06,TX-HD-67,TX,House,HD-67,1,,Jordan Wheatley,Jeff Leach,,Jeff Leach,R,True,False,-14.5,-14.2,-8.7,3.88,-7.43,0.3,-5.0,5.3,,-15.53,0.155,0.845,Likely R,,
2026-09-06,TX-HD-68,TX,House,HD-68,1,,Jasmine Henderson,David Spiller,,David Spiller,R,True,False,-72.5,-72.65,-57.99,3.88,-7.43,0.0,-5.0,5.3,,-65.13,0.0,1.0,Safe R,,
2026-09-06,TX-HD-69,TX,House,HD-69,1,,Leilani Barnett,James Frank,,James Frank,R,True,False,-54.9,-54.97,-43.08,3.88,-7.43,-1.51,0.0,5.3,,-46.72,0.0011,0.9989,Safe R,,
2026-09-06,TX-HD-7,TX,House,HD-7,1,,Fantasha Allen,Jay Dean,,Jay Dean,R,True,False,-45.9,-44.95,-34.64,3.88,-7.43,0.0,-5.0,5.3,,-41.77,0.0032,0.9968,Safe R,,
2026-09-06,TX-HD-70,TX,House,HD-70,1,,Mihaela Plesa,George Flint,,Mihaela Plesa,D,True,False,5.7,6.37,8.65,3.88,7.43,-2.54,0.0,5.3,,18.84,0.891,0.109,Likely D,,
2026-09-06,TX-HD-71,TX,House,HD-71,1,,Diana Luna,Jay Hardaway,,Stan Lambert,R,False,True,-55.2,-55.03,-43.14,3.88,0.0,0.0,0.0,5.3,,-37.84,0.0067,0.9933,Safe R,,
2026-09-06,TX-HD-72,TX,House,HD-72,1,,Shiloh Salazar,Drew Darby,,Drew Darby,R,True,False,-56.2,-56.05,-44.0,3.88,-7.43,0.0,-5.0,5.3,,-51.13,0.0004,0.9996,Safe R,,
2026-09-06,TX-HD-73,TX,House,HD-73,1,,Merrie Fox,Carrie Isaac,,Carrie Isaac,R,True,False,-39.7,-39.95,-30.42,3.88,-7.43,-3.73,0.0,5.3,,-36.29,0.0088,0.9912,Safe R,,
2026-09-06,TX-HD-74,TX,House,HD-74,1,,Eddie Morales,Robert Garza,,Eddie Morales,D,True,False,-14.7,-8.16,-3.61,3.88,7.43,4.43,0.0,5.3,,13.55,0.8123,0.1877,Likely D,,
2026-09-06,TX-HD-75,TX,House,HD-75,1,,Mary González,,,Mary González,D,True,False,4.7,14.16,15.22,3.88,7.43,0.0,5.0,5.3,D,32.95,0.98,0.02,Safe D,,
2026-09-06,TX-HD-76,TX,House,HD-76,1,,Suleman Lalani,Linda Howell,,Suleman Lalani,D,True,False,8.3,12.26,13.62,3.88,7.43,-0.29,5.0,5.3,,31.06,0.9789,0.0211,Safe D,,
2026-09-06,TX-HD-77,TX,House,HD-77,1,,Vince Perez,Humberto Perez,,Vince Perez,D,True,False,31.2,37.69,35.06,3.88,7.43,0.0,5.0,5.3,,52.79,0.9997,0.0003,Safe D,,
2026-09-06,TX-HD-78,TX,House,HD-78,1,,Joe Moody,,,Joe Moody,D,True,False,9.1,13.21,14.42,3.88,7.43,0.0,5.0,5.3,D,32.15,0.98,0.02,Safe D,,
2026-09-06,TX-HD-79,TX,House,HD-79,1,,Claudia Ordaz,Jesse Romero,,Claudia Ordaz,D,True,False,19.1,24.38,23.84,3.88,7.43,0.0,5.0,5.3,,41.57,0.9967,0.0033,Safe D,,
2026-09-06,TX-HD-8,TX,House,HD-8,1,,Jeff Chavez,Cody Harris,,Cody Harris,R,True,False,-61.1,-60.12,-47.43,3.88,-7.43,0.0,-5.0,5.3,,-54.56,0.0002,0.9998,Safe R,,
2026-09-06,TX-HD-80,TX,House,HD-80,1,,Cecilia Castellano,Don McLaughlin,,Don McLaughlin,R,True,False,-23.3,-16.99,-11.05,3.88,-7.43,0.0,-5.0,5.3,,-18.18,0.1172,0.8828,Likely R,,
2026-09-06,TX-HD-81,TX,House,HD-81,1,,Ceasar Sanchez,Brooks Landgraf,,Brooks Landgraf,R,True,False,-54.6,-53.16,-41.56,3.88,-7.43,0.0,-5.0,5.3,,-48.69,0.0007,0.9993,Safe R,,
2026-09-06,TX-HD-82,TX,House,HD-82,1,,Cathy Broadrick,Tom Craddick,,Tom Craddick,R,True,False,-60.9,-60.45,-47.71,3.88,-7.43,0.0,-5.0,5.3,,-54.84,0.0002,0.9998,Safe R,,
2026-09-06,TX-HD-83,TX,House,HD-83,1,,Malik Williams,Dustin Burrows,,Dustin Burrows,R,True,False,-56.4,-56.32,-44.23,3.88,-7.43,-2.02,0.0,5.3,,-48.38,0.0008,0.9992,Safe R,,
2026-09-06,TX-HD-84,TX,House,HD-84,1,,Margaret Durham,Carl Tepper,,Carl Tepper,R,True,False,-27.2,-25.29,-18.06,3.88,-7.43,0.0,-5.0,5.3,,-25.19,0.0498,0.9502,Safe R,,
2026-09-06,TX-HD-85,TX,House,HD-85,1,,Lawrence Brandyburg,Dennis Geesaman,,Stan Kitzman,R,False,True,-41.7,-41.42,-31.65,3.88,0.0,0.0,0.0,5.3,,-26.35,0.0424,0.9576,Safe R,,
2026-09-06,TX-HD-86,TX,House,HD-86,1,,Cullin Knutson,Holly Jeffreys,,John Smithee,R,False,True,-61.8,-62.17,-49.16,3.88,0.0,0.0,0.0,5.3,,-43.86,0.0021,0.9979,Safe R,,
2026-09-06,TX-HD-87,TX,House,HD-87,1,,Diana Loya,Caroline Fairly,,Caroline Fairly,R,True,False,-58.3,-57.93,-45.58,3.88,-7.43,0.0,-5.0,5.3,,-52.71,0.0003,0.9997,Safe R,,
2026-09-06,TX-HD-88,TX,House,HD-88,1,,Heather Wallace,Ken King,,Ken King,R,True,False,-70.5,-69.89,-55.67,3.88,-7.43,0.0,-5.0,5.3,,-62.8,0.0,1.0,Safe R,,
2026-09-06,TX-HD-89,TX,House,HD-89,1,,Angie Carraway,Candy Noble,,Candy Noble,R,True,False,-17.2,-17.05,-11.11,3.88,-7.43,-3.58,0.0,5.3,,-16.81,0.1358,0.8642,Likely R,,
2026-09-06,TX-HD-9,TX,House,HD-9,1,,Shelley Tatum,Rocky Thigpen,,Trent Ashby,R,False,True,-58.0,-56.98,-44.78,3.88,0.0,0.0,0.0,5.3,,-39.48,0.0049,0.9951,Safe R,,
2026-09-06,TX-HD-90,TX,House,HD-90,1,,Ramon Romero,,,Ramon Romero,D,True,False,26.9,30.78,29.24,3.88,7.43,1.89,0.0,5.3,D,43.86,0.98,0.02,Safe D,,
2026-09-06,TX-HD-91,TX,House,HD-91,1,,Yisak Worku,David Lowe,,David Lowe,R,True,False,-21.8,-22.4,-15.62,3.88,-7.43,0.0,-5.0,5.3,,-22.75,0.0684,0.9316,Likely R,,
2026-09-06,TX-HD-92,TX,House,HD-92,1,,Salman Bhojani,JP Woodruff,,Salman Bhojani,D,True,False,15.2,17.27,17.84,3.88,7.43,-1.32,0.0,5.3,,29.25,0.9721,0.0279,Safe D,,
2026-09-06,TX-HD-93,TX,House,HD-93,1,,Ericka Lomick,Alan Blaylock,,,R,False,True,-19.2,-19.09,-12.83,3.88,0.0,0.0,0.0,5.3,,-7.53,0.3113,0.6887,Lean R,,
2026-09-06,TX-HD-94,TX,House,HD-94,1,,Katie O'Brien Duzan,Cheryl Bean,,Tony Tinderholt,R,False,True,-9.6,-10.38,-5.47,3.88,0.0,0.0,0.0,5.3,,-0.17,0.4954,0.5046,Toss-up,,
2026-09-06,TX-HD-95,TX,House,HD-95,1,,Nicole Collier,,,Nicole Collier,D,True,False,41.3,44.91,41.16,3.88,7.43,0.01,5.0,5.3,D,58.89,0.98,0.02,Safe D,,
2026-09-06,TX-HD-96,TX,House,HD-96,1,,Ebony Turner,Ellen Fleischmann,,David Cook,R,False,True,-10.6,-11.37,-6.31,3.88,0.0,0.0,0.0,5.3,,-1.01,0.4737,0.5263,Toss-up,,
2026-09-06,TX-HD-97,TX,House,HD-97,1,,Beth Llewellyn McLaughlin,John McQueeney,,John McQueeney,R,True,False,-10.5,-11.06,-6.05,3.88,-7.43,0.0,-5.0,5.3,,-13.18,0.1943,0.8057,Likely R,,
2026-09-06,TX-HD-98,TX,House,HD-98,1,,Cate Brennan,Armin Mizani,,Giovanni Capriglione,R,False,True,-26.1,-26.43,-19.01,3.88,0.0,0.0,0.0,5.3,,-13.71,0.185,0.815,Likely R,,
2026-09-06,TX-HD-99,TX,House,HD-99,1,,Michelle Winder,Charlie Geren,,Charlie Geren,R,True,False,-20.6,-20.54,-14.05,3.88,-7.43,-0.7,0.0,5.3,,-16.88,0.1349,0.8651,Likely R,,
2026-09-06,TX-SD-1,TX,Senate,SD-1,1,,Laticia Ambroz,Bryan Hughes,,Bryan Hughes,R,True,False,-54.1,-53.31,-41.69,3.88,-7.43,-0.58,0.0,5.3,,-44.4,0.0018,0.9982,Safe R,,
2026-09-06,TX-SD-11,TX,Senate,SD-11,1,,Shannon Dicely,Dennis Paul,,Mayes Middleton,R,False,True,-20.4,-20.14,-13.71,3.88,0.0,-1.38,0.0,5.3,,-9.79,0.261,0.739,Lean R,,
2026-09-06,TX-SD-13,TX,Senate,SD-13,1,,Borris Miles,,,Borris Miles,D,True,False,47.6,51.51,46.72,3.88,7.43,1.33,0.0,5.3,D,60.79,0.98,0.02,Safe D,,
2026-09-06,TX-SD-18,TX,Senate,SD-18,1,,Erica Gillum,Lois W. Kolkhorst,,Lois W. Kolkhorst,R,True,False,-27.3,-25.94,-18.6,3.88,-7.43,-3.43,0.0,5.3,,-24.16,0.0571,0.9429,Likely R,,
2026-09-06,TX-SD-19,TX,Senate,SD-19,1,,Roland Gutierrez,Marcus Cardenas,,Roland Gutierrez,D,True,False,1.4,4.78,7.31,3.88,7.43,0.0,5.0,5.3,,25.04,0.9492,0.0508,Likely D,,
2026-09-06,TX-SD-2,TX,Senate,SD-2,1,,Keenen Colbert,Bob Hall,,Bob Hall,R,True,False,-20.3,-19.94,-13.54,3.88,-7.43,-2.2,0.0,5.3,,-17.87,0.1212,0.8788,Likely R,,
2026-09-06,TX-SD-21,TX,Senate,SD-21,1,,Judith Zaffirini,,,Judith Zaffirini,D,True,False,3.2,7.56,9.65,3.88,7.43,2.91,0.0,5.3,D,25.29,0.98,0.02,Safe D,,
2026-09-06,TX-SD-22,TX,Senate,SD-22,1,,Amy Martinez-Salas,David Cook,,,R,False,True,-28.0,-27.19,-19.66,3.88,0.0,1.68,0.0,5.3,,-12.67,0.2036,0.7964,Likely R,,
2026-09-06,TX-SD-24,TX,Senate,SD-24,1,,Joe P. Herrera,Pete Flores,,Pete Flores,R,True,False,-25.1,-24.48,-17.37,3.88,-7.43,-1.57,0.0,5.3,,-21.07,0.0842,0.9158,Likely R,,
2026-09-06,TX-SD-26,TX,Senate,SD-26,1,,José Menéndez,,Julián Villarreal,José Menéndez,D,True,False,22.5,25.16,24.5,3.88,7.43,0.0,5.0,5.3,D,42.23,0.98,0.02,Safe D,,
2026-09-06,TX-SD-28,TX,Senate,SD-28,1,,Riley Rodriquez,Charles Perry,,Charles Perry,R,True,False,-51.6,-51.23,-39.93,3.88,-7.43,0.0,-5.0,5.3,,-47.06,0.001,0.999,Safe R,,
2026-09-06,TX-SD-3,TX,Senate,SD-3,1,,Bobby Tillman,Trent Ashby,,Robert Nichols,R,False,True,-52.6,-51.42,-40.09,3.88,0.0,-9.96,0.0,5.3,,-44.75,0.0017,0.9983,Safe R,,
2026-09-06,TX-SD-31,TX,Senate,SD-31,1,,John Betancourt,Kevin Sparks,,Kevin Sparks,R,True,False,-61.5,-61.08,-48.24,3.88,-7.43,0.0,-5.0,5.3,,-55.37,0.0001,0.9999,Safe R,,
2026-09-06,TX-SD-4,TX,Senate,SD-4,1,,Ron Angeletti,Brett Ligon,,Brett Ligon,R,True,False,-34.2,-34.15,-25.53,3.88,-7.43,0.0,-5.0,5.3,,-32.66,0.0164,0.9836,Safe R,,
2026-09-06,TX-SD-5,TX,Senate,SD-5,1,,Paul Thomasson,Charles Schwertner,,Charles Schwertner,R,True,False,-23.2,-22.91,-16.05,3.88,-7.43,0.0,-5.0,5.3,,-23.18,0.0648,0.9352,Likely R,,
2026-09-06,TX-SD-9,TX,Senate,SD-9,1,,Taylor Rehmet,Leigh Wambsganss,,Taylor Rehmet,D,True,False,-17.4,-17.2,-11.23,3.88,7.43,0.0,5.0,5.3,,6.5,0.6646,0.3354,Lean D,,
2026-09-06,UT-HD-1,UT,House,HD-1,1,,Chris Reid,Tom Peterson,Jason O'Dell,Tom Peterson,R,True,False,-63.4,-66.2,-55.84,0.0,-7.43,0.0,-5.0,5.3,,-62.97,0.0,1.0,Safe R,,
2026-09-06,UT-HD-10,UT,House,HD-10,1,,Rosemary Lesser,Jim Alvey,,Jill Koford,R,False,True,-2.9,-2.65,-2.23,0.0,0.0,0.83,0.0,5.3,,3.9,0.6006,0.3994,Lean D,,
2026-09-06,UT-HD-11,UT,House,HD-11,1,,Dave Calder,Katy Hall,,Katy Hall,R,True,False,-20.0,-21.15,-17.83,0.0,-7.43,0.0,-5.0,5.3,,-24.97,0.0513,0.9487,Likely R,,
2026-09-06,UT-HD-12,UT,House,HD-12,1,,Anna Graff,Mike Schultz,,Mike Schultz,R,True,False,-42.6,-43.56,-36.74,0.0,-7.43,-0.12,-5.0,5.3,,-43.99,0.002,0.998,Safe R,,
2026-09-06,UT-HD-13,UT,House,HD-13,1,,Jeffrey Anderson,Erik Craythorne,Tony De Mille,Karen Peterson,R,False,True,-32.0,-34.37,-28.99,0.0,0.0,0.0,0.0,5.3,,-23.69,0.0607,0.9393,Likely R,,
2026-09-06,UT-HD-14,UT,House,HD-14,1,,Brandon Young,John Taylor,,Karianne Lisonbee,R,False,True,-32.1,-34.26,-28.89,0.0,0.0,0.0,0.0,5.3,,-23.59,0.0614,0.9386,Likely R,,
2026-09-06,UT-HD-15,UT,House,HD-15,1,,Anne Berbert,Ariel Defay,,Ariel Defay,R,True,False,-36.7,-39.55,-33.36,0.0,-7.43,0.0,-5.0,5.3,,-40.49,0.0041,0.9959,Safe R,,
2026-09-06,UT-HD-16,UT,House,HD-16,1,,Abigail Treasure,Bob Stevenson,,Trevor Lee,R,False,True,-22.6,-24.37,-20.56,0.0,0.0,0.0,0.0,5.3,,-15.26,0.1592,0.8408,Likely R,,
2026-09-06,UT-HD-17,UT,House,HD-17,1,,Eric Last,Lili Bitner,,Stewart Barlow,R,False,True,-25.4,-28.15,-23.74,0.0,0.0,-4.81,0.0,5.3,,-23.25,0.0642,0.9358,Likely R,,
2026-09-06,UT-HD-18,UT,House,HD-18,1,,Scott Troxel,Paul Cutler,,Paul Cutler,R,True,False,-23.2,-26.03,-21.95,0.0,-7.43,-7.0,0.0,5.3,,-31.08,0.021,0.979,Safe R,,
2026-09-06,UT-HD-19,UT,House,HD-19,1,,,Ray Ward,,Ray Ward,R,True,False,-14.4,-16.37,-13.81,0.0,-7.43,0.0,-5.0,5.3,R,-20.94,0.02,0.98,Safe R,,
2026-09-06,UT-HD-2,UT,House,HD-2,1,,Barbara Haggerty,Mike Petersen,,Mike Petersen,R,True,False,-37.1,-39.94,-33.69,0.0,-7.43,-7.7,0.0,5.3,,-43.51,0.0022,0.9978,Safe R,,
2026-09-06,UT-HD-20,UT,House,HD-20,1,,Phil Graves,Melissa Ballard,,Melissa Ballard,R,True,False,-7.3,-8.88,-7.49,0.0,-7.43,-8.06,0.0,5.3,,-17.68,0.1238,0.8762,Likely R,,
2026-09-06,UT-HD-21,UT,House,HD-21,1,,Stephen Otterstrom,,,Sandra Hollins,D,False,True,40.3,43.72,36.87,0.0,0.0,0.0,0.0,5.3,D,42.17,0.98,0.02,Safe D,,
2026-09-06,UT-HD-22,UT,House,HD-22,1,,Jen Dailey-Provost,Char Varga,,Jen Dailey-Provost,D,True,False,58.4,61.55,51.91,0.0,7.43,0.0,5.0,5.3,,69.64,1.0,0.0,Safe D,,
2026-09-06,UT-HD-23,UT,House,HD-23,1,,Hoang Nguyen,Franklin Robinson,Cabot Nelson,Hoang Nguyen,D,True,False,57.9,59.16,49.89,0.0,7.43,-4.66,0.0,5.3,,57.97,0.9999,0.0001,Safe D,,
2026-09-06,UT-HD-24,UT,House,HD-24,1,,Grant Miller,Braeden Oswald,,Grant Miller,D,True,False,63.7,66.95,56.47,0.0,7.43,0.0,5.0,5.3,,74.2,1.0,0.0,Safe D,,
2026-09-06,UT-HD-25,UT,House,HD-25,1,,Angela Romero,Richard Nowak,,Angela Romero,D,True,False,20.8,24.22,20.43,0.0,7.43,4.1,0.0,5.3,,37.25,0.9926,0.0074,Safe D,,
2026-09-06,UT-HD-26,UT,House,HD-26,1,,Michael Finch,Matt MacPherson,Travis Alico,Matt MacPherson,R,True,False,-1.3,0.37,0.31,0.0,-7.43,-1.65,0.0,5.3,,-3.47,0.4103,0.5897,Toss-up,,
2026-09-06,UT-HD-27,UT,House,HD-27,1,,Liz Oates,Anthony Loubet,Jeffrey Marshall,Anthony Loubet,R,True,False,-6.7,-5.61,-4.73,0.0,-7.43,-10.17,0.0,5.3,,-17.04,0.1326,0.8674,Likely R,,
2026-09-06,UT-HD-28,UT,House,HD-28,1,,Anita Dalrymple,Nicholeen Peck,Wales Nematollahi,Nicholeen Peck,R,True,False,-32.9,-33.4,-28.17,0.0,-7.43,-1.86,0.0,5.3,,-32.17,0.0177,0.9823,Safe R,,
2026-09-06,UT-HD-29,UT,House,HD-29,1,,Sara Snow,Sheldon Birch,Jonathan Garrard,Bridger Bolinder,R,False,True,-57.7,-59.45,-50.14,0.0,0.0,0.0,0.0,5.3,,-44.84,0.0017,0.9983,Safe R,,
2026-09-06,UT-HD-3,UT,House,HD-3,1,,,Jason Thompson,Patrick Belmont,Jason Thompson,R,True,False,-10.3,-11.03,-9.31,0.0,-7.43,0.0,-5.0,5.3,R,-16.44,0.02,0.98,Safe R,,
2026-09-06,UT-HD-30,UT,House,HD-30,1,,Jake Fitisemanu,Dave Parke,,Jake Fitisemanu,D,True,False,3.0,4.34,3.66,0.0,7.43,0.7,0.0,5.3,,17.1,0.8682,0.1318,Likely D,,
2026-09-06,UT-HD-31,UT,House,HD-31,1,,Verona Mauga,Melody Jones,,Verona Mauga,D,True,False,14.2,15.35,12.95,0.0,7.43,0.66,0.0,5.3,,26.34,0.9575,0.0425,Safe D,,
2026-09-06,UT-HD-32,UT,House,HD-32,1,,Sahara Hayes,Aileen Hampton,,Sahara Hayes,D,True,False,49.0,50.63,42.7,0.0,7.43,-1.38,0.0,5.3,,54.05,0.9998,0.0002,Safe D,,
2026-09-06,UT-HD-33,UT,House,HD-33,1,,Doug Owens,Anna Reeves,,Doug Owens,D,True,False,34.4,34.8,29.35,0.0,7.43,3.8,0.0,5.3,,45.88,0.9987,0.0013,Safe D,,
2026-09-06,UT-HD-34,UT,House,HD-34,1,,Julie Jackson,,,Carol Spackman Moss,D,False,True,27.4,27.57,23.25,0.0,0.0,0.0,0.0,5.3,D,28.55,0.98,0.02,Safe D,,
2026-09-06,UT-HD-35,UT,House,HD-35,1,,Rosalba Dominguez,Monique Ketcham,,Rosalba Dominguez,D,True,False,18.6,18.8,15.86,0.0,7.43,-5.38,0.0,5.3,,23.21,0.9355,0.0645,Likely D,,
2026-09-06,UT-HD-36,UT,House,HD-36,1,,Blake Townsend,Jim Dunnigan,,Jim Dunnigan,R,True,False,-3.8,-4.11,-3.46,0.0,-7.43,0.28,-5.0,5.3,,-10.32,0.25,0.75,Likely R,,
2026-09-06,UT-HD-37,UT,House,HD-37,1,,Ashlee Matthews,Casey Saxton,,Ashlee Matthews,D,True,False,2.5,4.18,3.53,0.0,7.43,3.97,0.0,5.3,,20.23,0.907,0.093,Likely D,,
2026-09-06,UT-HD-38,UT,House,HD-38,1,,,Chris McConnehey,Sergio Sotelo,Cheryl Acton,R,False,True,-10.8,-10.71,-9.04,0.0,0.0,0.0,0.0,5.3,R,-3.74,0.02,0.98,Safe R,,
2026-09-06,UT-HD-39,UT,House,HD-39,1,,Drew Howells,Ken Ivory,,Ken Ivory,R,True,False,-4.9,-5.43,-4.58,0.0,-7.43,-1.67,0.0,5.3,,-8.38,0.292,0.708,Lean R,,
2026-09-06,UT-HD-4,UT,House,HD-4,1,,Zane Woolstenhulme,Tiara Auxier,,Tiara Auxier,R,True,False,-15.6,-15.4,-12.99,0.0,-7.43,0.0,-5.0,5.3,,-20.12,0.0941,0.9059,Likely R,,
2026-09-06,UT-HD-40,UT,House,HD-40,1,,Andrew Stoddard,,,Andrew Stoddard,D,True,False,17.7,17.71,14.93,0.0,7.43,3.42,0.0,5.3,D,31.08,0.98,0.02,Safe D,,
2026-09-06,UT-HD-41,UT,House,HD-41,1,,John Arthur,Darren Croft,,John Arthur,D,True,False,24.1,24.02,20.26,0.0,7.43,0.0,5.0,5.3,,37.99,0.9935,0.0065,Safe D,,
2026-09-06,UT-HD-42,UT,House,HD-42,1,,Iva Williams,Clint Okerlund,,Clint Okerlund,R,True,False,2.5,1.68,1.42,0.0,-7.43,-4.32,0.0,5.3,,-5.04,0.3709,0.6291,Lean R,,
2026-09-06,UT-HD-43,UT,House,HD-43,1,,Ofa Matagi,Steve Eliason,,Steve Eliason,R,True,False,5.6,5.41,4.57,0.0,-7.43,-6.78,0.0,5.3,,-4.34,0.3882,0.6118,Lean R,,
2026-09-06,UT-HD-44,UT,House,HD-44,1,,Jess Birtcher,Jordan Teuscher,,Jordan Teuscher,R,True,False,-12.2,-14.55,-12.27,0.0,-7.43,-6.8,0.0,5.3,,-21.21,0.0828,0.9172,Likely R,,
2026-09-06,UT-HD-45,UT,House,HD-45,1,,Rod Moser,Tracy Miller,,Tracy Miller,R,True,False,-16.5,-17.47,-14.73,0.0,-7.43,-6.53,0.0,5.3,,-23.39,0.0631,0.9369,Likely R,,
2026-09-06,UT-HD-46,UT,House,HD-46,1,,Braxten Rutherford,Cal Roberts,,Cal Roberts,R,True,False,-20.1,-21.57,-18.19,0.0,-7.43,0.0,-5.0,5.3,,-25.32,0.0489,0.9511,Safe R,,
2026-09-06,UT-HD-47,UT,House,HD-47,1,,,Mark Strong,,Mark Strong,R,True,False,-31.0,-32.44,-27.36,0.0,-7.43,-25.06,0.0,5.3,R,-54.55,0.02,0.98,Safe R,,
2026-09-06,UT-HD-48,UT,House,HD-48,1,,Benyde Walker,Jake Hunsaker,,Doug Fiefia,R,False,True,-19.8,-22.44,-18.93,0.0,0.0,0.0,0.0,5.3,,-13.63,0.1865,0.8135,Likely R,,
2026-09-06,UT-HD-49,UT,House,HD-49,1,,Lillian Bowles,Candice Pierucci,,Candice Pierucci,R,True,False,-34.5,-35.28,-29.75,0.0,-7.43,-0.87,0.0,5.3,,-32.75,0.0161,0.9839,Safe R,,
2026-09-06,UT-HD-5,UT,House,HD-5,1,,Kendra Penry,Casey Snider,,Casey Snider,R,True,False,-47.7,-50.57,-42.65,0.0,-7.43,-2.58,0.0,5.3,,-47.36,0.001,0.999,Safe R,,
2026-09-06,UT-HD-50,UT,House,HD-50,1,,Kristin Meyer,Stephanie Gricius,,Stephanie Gricius,R,True,False,-49.5,-52.62,-44.38,0.0,-7.43,0.0,-5.0,5.3,,-51.51,0.0004,0.9996,Safe R,,
2026-09-06,UT-HD-51,UT,House,HD-51,1,,Brett Nielsen,Leah Hansen,,Leah Hansen,R,True,False,-40.1,-43.61,-36.78,0.0,-7.43,0.0,-5.0,5.3,,-43.91,0.002,0.998,Safe R,,
2026-09-06,UT-HD-52,UT,House,HD-52,1,,Nicole Melling,Cory Maloy,,Cory Maloy,R,True,False,-37.2,-40.45,-34.12,0.0,-7.43,-2.53,0.0,5.3,,-38.78,0.0056,0.9944,Safe R,,
2026-09-06,UT-HD-53,UT,House,HD-53,1,,Kevin Slater,Kay Christofferson,John Boyd Jr.,Kay Christofferson,R,True,False,-39.3,-42.84,-36.13,0.0,-7.43,-10.15,0.0,5.3,,-48.41,0.0008,0.9992,Safe R,,
2026-09-06,UT-HD-54,UT,House,HD-54,1,,Kristina Robinson,Kristen Chevrier,,Kristen Chevrier,R,True,False,-47.6,-50.7,-42.76,0.0,-7.43,0.0,-5.0,5.3,,-49.89,0.0006,0.9994,Safe R,,
2026-09-06,UT-HD-55,UT,House,HD-55,1,,Travis Hysell,Jon Hawkins,,Jon Hawkins,R,True,False,-41.9,-44.86,-37.84,0.0,-7.43,0.0,-5.0,5.3,,-44.97,0.0016,0.9984,Safe R,,
2026-09-06,UT-HD-56,UT,House,HD-56,1,,Natassja Grossman,Val Peterson,,Val Peterson,R,True,False,-27.7,-31.09,-26.23,0.0,-7.43,0.0,-5.0,5.3,,-33.36,0.0146,0.9854,Safe R,,
2026-09-06,UT-HD-57,UT,House,HD-57,1,,,Nelson Abbott,,Nelson Abbott,R,True,False,-30.9,-33.34,-28.12,0.0,-7.43,-4.12,0.0,5.3,R,-34.38,0.02,0.98,Safe R,,
2026-09-06,UT-HD-58,UT,House,HD-58,1,,Karli Black,Dave Shallenberger,,Dave Shallenberger,R,True,False,-31.2,-34.7,-29.27,0.0,-7.43,0.0,-5.0,5.3,,-36.4,0.0087,0.9913,Safe R,,
2026-09-06,UT-HD-59,UT,House,HD-59,1,,Celeste Johnson,Luke Searle,,Mike Kohler,R,False,True,-10.8,-9.86,-8.31,0.0,0.0,0.0,0.0,5.3,,-3.01,0.4219,0.5781,Toss-up,,
2026-09-06,UT-HD-6,UT,House,HD-6,1,,,Robert Bishop,James Rich,Robert Bishop,R,True,False,-51.3,-54.17,-45.69,0.0,-7.43,0.0,-5.0,5.3,R,-52.82,0.02,0.98,Safe R,,
2026-09-06,UT-HD-60,UT,House,HD-60,1,,,Grant Pace,,Grant Pace,R,True,False,-13.0,-13.95,-11.76,0.0,-7.43,0.0,-5.0,5.3,R,-18.89,0.02,0.98,Safe R,,
2026-09-06,UT-HD-61,UT,House,HD-61,1,,Alan Jimenez,Lisa Shepherd,Jennifer Doud,Lisa Shepherd,R,True,False,-25.8,-27.7,-23.36,0.0,-7.43,0.0,-5.0,5.3,,-30.49,0.0231,0.9769,Safe R,,
2026-09-06,UT-HD-62,UT,House,HD-62,1,,David Chappell,Norm Thurston,,Norm Thurston,R,True,False,-18.0,-19.43,-16.39,0.0,-7.43,-2.61,0.0,5.3,,-21.13,0.0835,0.9165,Likely R,,
2026-09-06,UT-HD-63,UT,House,HD-63,1,,Mark Youngquist,Stephen Whyte,Julie Smith,Stephen Whyte,R,True,False,-46.8,-49.52,-41.76,0.0,-7.43,-9.14,0.0,5.3,,-53.03,0.0003,0.9997,Safe R,,
2026-09-06,UT-HD-64,UT,House,HD-64,1,,,Jackie Larson,Alan Wessman,Jackie Larson,R,True,False,-53.5,-56.37,-47.54,0.0,-7.43,0.0,-5.0,5.3,R,-54.67,0.02,0.98,Safe R,,
2026-09-06,UT-HD-65,UT,House,HD-65,1,,,Doug Welton,,Doug Welton,R,True,False,-59.5,-62.31,-52.55,0.0,-7.43,0.0,-5.0,5.3,R,-59.68,0.02,0.98,Safe R,,
2026-09-06,UT-HD-66,UT,House,HD-66,1,,Breanne Mashek,Troy Shelley,Russell Hatch,Troy Shelley,R,True,False,-70.6,-72.33,-61.01,0.0,-7.43,0.0,-5.0,5.3,,-68.14,0.0,1.0,Safe R,,
2026-09-06,UT-HD-67,UT,House,HD-67,1,,Carl Adam Ingwell,JR Bird,,Christine Watkins,R,False,True,-59.4,-60.98,-51.43,0.0,0.0,0.0,0.0,5.3,,-46.13,0.0013,0.9987,Safe R,,
2026-09-06,UT-HD-68,UT,House,HD-68,1,,,Scott Chew,Sonya Ray,Scott Chew,R,True,False,-74.5,-76.44,-64.47,0.0,-7.43,0.0,-5.0,5.3,R,-71.6,0.02,0.98,Safe R,,
2026-09-06,UT-HD-69,UT,House,HD-69,1,,Tracie Yellowman Tso,Logan Monson,,Logan Monson,R,True,False,-28.2,-28.21,-23.79,0.0,-7.43,0.0,-5.0,5.3,,-30.92,0.0216,0.9784,Safe R,,
2026-09-06,UT-HD-7,UT,House,HD-7,1,,Bianca Mittendorf,Ryan Wilcox,,Ryan Wilcox,R,True,False,-24.5,-25.41,-21.43,0.0,-7.43,-1.82,0.0,5.3,,-25.39,0.0485,0.9515,Safe R,,
2026-09-06,UT-HD-70,UT,House,HD-70,1,,Stacey Pendergraft,Carl Albrecht,Zeno Parry,Carl Albrecht,R,True,False,-74.0,-75.45,-63.64,0.0,-7.43,3.97,0.0,5.3,,-61.79,0.0,1.0,Safe R,,
2026-09-06,UT-HD-71,UT,House,HD-71,1,,Thomas Loveheart,Rex Shipp,,Rex Shipp,R,True,False,-52.3,-54.49,-45.96,0.0,-7.43,-1.13,0.0,5.3,,-49.21,0.0006,0.9994,Safe R,,
2026-09-06,UT-HD-72,UT,House,HD-72,1,,Eva M. Weldon,Joseph Elison,April Pinkston,Joseph Elison,R,True,False,-58.9,-59.63,-50.29,0.0,-7.43,-1.77,0.0,5.3,,-54.19,0.0002,0.9998,Safe R,,
2026-09-06,UT-HD-73,UT,House,HD-73,1,,Glenn Webb,Colin Jack,,Colin Jack,R,True,False,-56.1,-58.1,-49.01,0.0,-7.43,0.0,-5.0,5.3,,-56.14,0.0001,0.9999,Safe R,,
2026-09-06,UT-HD-74,UT,House,HD-74,1,,Jeffrey Lipe,Neil Walter,,Neil Walter,R,True,False,-42.7,-43.97,-37.09,0.0,-7.43,0.0,-5.0,5.3,,-44.22,0.0019,0.9981,Safe R,,
2026-09-06,UT-HD-75,UT,House,HD-75,1,,,Walt Brooks,,Walt Brooks,R,True,False,-50.9,-52.87,-44.59,0.0,-7.43,-0.93,0.0,5.3,R,-47.65,0.02,0.98,Safe R,,
2026-09-06,UT-HD-8,UT,House,HD-8,1,,Kim James,Jason Kyle,Libby Shelton,Jason Kyle,R,True,False,-12.7,-12.66,-10.68,0.0,-7.43,-3.39,0.0,5.3,,-16.21,0.1446,0.8554,Likely R,,
2026-09-06,UT-HD-9,UT,House,HD-9,1,,Angela Choberka,Jake Sawyer,,Jake Sawyer,R,True,False,-20.8,-21.55,-18.17,0.0,-7.43,-0.34,-5.0,5.3,,-25.64,0.0468,0.9532,Safe R,,
2026-09-06,UT-SD-1,UT,Senate,SD-1,1,,Claudia Bigler,Scott Sandall,Julie Quinlan,Scott Sandall,R,True,False,-54.7,-57.5,-48.49,0.0,-7.43,-0.61,0.0,5.3,,-51.24,0.0004,0.9996,Safe R,,
2026-09-06,UT-SD-11,UT,Senate,SD-11,1,,Mackenzie Miller,Brooks Benson,Emily Buss,Emily Buss,FWD,True,False,-34.1,-34.82,-29.37,0.0,0.0,0.0,0.0,5.3,,-24.07,0.0577,0.9423,Likely R,,
2026-09-06,UT-SD-12,UT,Senate,SD-12,1,,Karen Kwan,Deidre Tyler,,Karen Kwan,D,True,False,6.4,7.71,6.5,0.0,7.43,0.41,0.0,5.3,,19.64,0.9005,0.0995,Likely D,,
2026-09-06,UT-SD-13,UT,Senate,SD-13,1,,Silvia Catten,Ryan L. Mahoney,Colin Smith,Nate Blouin,D,False,True,38.7,40.45,34.11,0.0,0.0,0.0,0.0,5.3,,39.41,0.995,0.005,Safe D,,
2026-09-06,UT-SD-14,UT,Senate,SD-14,1,,Stephanie Pitcher,,,Stephanie Pitcher,D,True,False,32.3,31.92,26.92,0.0,7.43,2.94,0.0,5.3,D,42.6,0.98,0.02,Safe D,,
2026-09-06,UT-SD-18,UT,Senate,SD-18,1,,A. Dane Anderson,Doug Fiefia,,Dan McCay,R,False,True,-30.9,-32.55,-27.45,0.0,0.0,-2.82,0.0,5.3,,-24.97,0.0512,0.9488,Likely R,,
2026-09-06,UT-SD-19,UT,Senate,SD-19,1,,Shana Anderson,Kirk Cullimore,,Kirk Cullimore,R,True,False,-9.6,-10.01,-8.44,0.0,-7.43,-5.21,0.0,5.3,,-15.79,0.1509,0.8491,Likely R,,
2026-09-06,UT-SD-20,UT,Senate,SD-20,1,,,Ron Winterton,Annette McRae,Ron Winterton,R,True,False,-35.5,-35.83,-30.22,0.0,-7.43,0.0,-5.0,5.3,R,-37.35,0.02,0.98,Safe R,,
2026-09-06,UT-SD-21,UT,Senate,SD-21,1,,Kandee Myers,Brady Brammer,Wayne Woodfield,Brady Brammer,R,True,False,-42.9,-46.42,-39.15,0.0,-7.43,-6.33,0.0,5.3,,-47.61,0.0009,0.9991,Safe R,,
2026-09-06,UT-SD-23,UT,Senate,SD-23,1,,Tucker Smith,Keith Grover,,Keith Grover,R,True,False,-30.8,-33.24,-28.03,0.0,-7.43,0.0,-5.0,5.3,,-35.16,0.0107,0.9893,Safe R,,
2026-09-06,UT-SD-28,UT,Senate,SD-28,1,,Richard S. Robillard,Evan Vickers,,Evan Vickers,R,True,False,-58.4,-60.26,-50.83,0.0,-7.43,0.0,-5.0,5.3,,-57.96,0.0001,0.9999,Safe R,,
2026-09-06,UT-SD-5,UT,Senate,SD-5,1,,CJ Hernandez,Jill Koford,,Ann Millner,R,False,True,-9.0,-12.06,-10.17,0.0,0.0,1.38,0.0,5.3,,-3.49,0.4098,0.5902,Toss-up,,
2026-09-06,UT-SD-6,UT,Senate,SD-6,1,,Jared Neal,Tami Tran,Josh Smith,Jerry Stevenson,R,False,True,-33.6,-36.31,-30.62,0.0,0.0,0.0,0.0,5.3,,-25.32,0.0489,0.9511,Safe R,,
2026-09-06,UT-SD-7,UT,Senate,SD-7,1,,Garret Rushforth,Stephanie Hollist,Jeffrey Ostler,Stuart Adams,R,False,True,-24.1,-27.73,-23.39,0.0,0.0,0.0,0.0,5.3,,-18.09,0.1184,0.8816,Likely R,,
2026-09-06,UT-SD-9,UT,Senate,SD-9,1,,Jen Plumb,Thaddeus A. Evans,Lowry Snow,Jen Plumb,D,True,False,56.8,59.76,50.4,0.0,7.43,0.0,5.0,5.3,,68.13,1.0,0.0,Safe D,,
2026-09-06,VT-Addison-1,VT,House,Addison-1,2,,Robin Scheu,,,Amy Sheldon,D,True,False,57.3,61.42,48.64,-3.75,7.43,0.0,5.0,5.3,D,66.37,0.98,0.02,Safe D,,
2026-09-06,VT-Addison-2,VT,House,Addison-2,1,,Tanya Byker,Annie Wilson,,Peter Conlon,D,False,True,35.7,37.56,28.52,-3.75,0.0,0.0,0.0,5.3,,33.82,0.9865,0.0135,Safe D,,
2026-09-06,VT-Addison-3,VT,House,Addison-3,2,,Ariel Bolles,Rob North,,Rob North,D,True,False,29.6,30.97,22.96,-3.75,7.43,-11.7,0.0,5.3,,23.98,0.9416,0.0584,Likely D,,
2026-09-06,VT-Addison-4,VT,House,Addison-4,2,,Karen Lueders,Chanin Hill,,Herb Olson,D,True,False,33.7,36.08,27.27,-3.75,7.43,-7.0,0.0,5.3,,33.0,0.9845,0.0155,Safe D,,
2026-09-06,VT-Addison-5,VT,House,Addison-5,1,,Jubilee McGill,Del Thompson,,Jubilee McGill,D,True,False,34.6,33.13,24.78,-3.75,7.43,-15.2,0.0,5.3,,22.31,0.9277,0.0723,Likely D,,
2026-09-06,VT-Addison-Rutland,VT,House,Addison-Rutland,1,,Jonathan Hescock,Jim Casey,,Jim Casey,R,True,False,13.4,14.33,8.93,-3.75,-7.43,0.0,-5.0,5.3,,1.8,0.5468,0.4532,Toss-up,,
2026-09-06,VT-Bennington-1,VT,House,Bennington-1,1,,Jonathan Cooper,Charles Edward Jewett,,Jonathan Cooper,D,True,False,-7.9,-5.88,-8.12,-3.75,7.43,3.4,0.0,5.3,,8.01,0.6998,0.3002,Lean D,,
2026-09-06,VT-Bennington-2,VT,House,Bennington-2,2,,Timothy Corcoran,Anthony A Cook,,Will Greer,D,True,False,26.1,27.87,20.34,-3.75,7.43,16.65,0.0,5.3,,49.73,0.9994,0.0006,Safe D,,
2026-09-06,VT-Bennington-3,VT,House,Bennington-3,1,,David Durfee,Victor K Harwood Jr,,David Durfee,D,True,False,19.7,21.59,15.04,-3.75,7.43,-5.97,0.0,5.3,,21.8,0.923,0.077,Likely D,,
2026-09-06,VT-Bennington-4,VT,House,Bennington-4,2,,Rob Hunter,Alford "Al" Clayton,Michael Fernandez,Kathleen James,D,True,False,33.4,35.46,26.74,-3.75,7.43,0.0,5.0,5.3,,44.47,0.9982,0.0018,Safe D,,
2026-09-06,VT-Bennington-5,VT,House,Bennington-5,2,,Michael Nigro,Mary Morrissey,,Michael Nigro,D,True,False,13.7,17.5,11.6,-3.75,7.43,8.25,0.0,5.3,,32.58,0.9834,0.0166,Safe D,,
2026-09-06,VT-Bennington-Rutland,VT,House,Bennington-Rutland,1,,Mike Rice,Sandy Pinsonault,,Sandy Pinsonault,R,True,False,26.1,7.8,3.41,-3.75,-7.43,-6.46,0.0,5.3,,-5.18,0.3675,0.6325,Lean R,,
2026-09-06,VT-Caledonia-1,VT,House,Caledonia-1,1,,David Tucker,Debra "Debbie" Powers,,Debo Powers,R,False,True,6.6,7.48,3.15,-3.75,0.0,0.0,0.0,5.3,,8.45,0.7096,0.2904,Lean D,,
2026-09-06,VT-Caledonia-2,VT,House,Caledonia-2,1,,Audrey Grant,Mike Southworth,,Mike Southworth,R,True,False,20.1,21.62,15.07,-3.75,-7.43,0.0,-5.0,5.3,,7.94,0.6983,0.3017,Lean D,,
2026-09-06,VT-Caledonia-3,VT,House,Caledonia-3,2,,Dennis LaBounty,Beth Quimby,Bill Coleman,Beth Quimby,R,True,False,-2.3,-1.42,-4.36,-3.75,-7.43,-17.49,0.0,5.3,,-23.98,0.0585,0.9415,Likely R,,
2026-09-06,VT-Caledonia-Essex,VT,House,Caledonia-Essex,2,,Amanda Cochrane,Debbie Dolgin,Brandolyn Bradley,Debbie Dolgin,D,True,False,15.8,-1.54,-4.46,-3.75,7.43,0.0,5.0,5.3,,13.27,0.8072,0.1928,Likely D,,
2026-09-06,VT-Caledonia-Washington,VT,House,Caledonia-Washington,1,,Eric Bach,Greg Burtt,,Greg Burtt,R,True,False,24.4,25.85,18.64,-3.75,-7.43,-13.72,0.0,5.3,,2.8,0.5725,0.4275,Toss-up,,
2026-09-06,VT-Chittenden-1,VT,House,Chittenden-1,1,,Jana Brown,,,Jana Brown,D,True,False,57.5,59.39,46.93,-3.75,7.43,0.0,5.0,5.3,D,64.66,0.98,0.02,Safe D,,
2026-09-06,VT-Chittenden-10,VT,House,Chittenden-10,1,,Kate Nugent,,,Kate Nugent,D,True,False,51.8,54.71,42.98,-3.75,7.43,0.0,5.0,5.3,D,60.71,0.98,0.02,Safe D,,
2026-09-06,VT-Chittenden-11,VT,House,Chittenden-11,1,,Brian Minier,,,Brian Minier,D,True,False,66.9,67.28,53.58,-3.75,7.43,0.0,5.0,5.3,D,71.31,0.98,0.02,Safe D,,
2026-09-06,VT-Chittenden-12,VT,House,Chittenden-12,1,,Martin LaLonde,,,Martin LaLonde,D,True,False,68.1,69.72,55.64,-3.75,7.43,0.0,5.0,5.3,D,73.37,0.98,0.02,Safe D,,
2026-09-06,VT-Chittenden-13,VT,House,Chittenden-13,2,,Bram Kleppner,,,Bram Kleppner,D,True,False,79.9,83.54,67.29,-3.75,7.43,0.0,5.0,5.3,D,85.02,0.98,0.02,Safe D,,
2026-09-06,VT-Chittenden-14,VT,House,Chittenden-14,2,,Adam Franz,Aaliyah Davila,,Mary-Katherine Stone,D,False,True,81.3,85.61,69.04,-3.75,0.0,0.0,0.0,5.3,,74.34,1.0,0.0,Safe D,,
2026-09-06,VT-Chittenden-15,VT,House,Chittenden-15,2,,Brian Cina,,Troy Headrick,Troy Headrick,D,True,False,82.6,87.1,70.3,-3.75,7.43,0.0,5.0,5.3,D,88.03,0.98,0.02,Safe D,,
2026-09-06,VT-Chittenden-16,VT,House,Chittenden-16,2,,Jeffrey Peterson,,Christopher Haessly,Kate Logan,D,False,True,76.1,81.27,65.38,-3.75,0.0,0.0,0.0,5.3,D,70.68,0.98,0.02,Safe D,,
2026-09-06,VT-Chittenden-17,VT,House,Chittenden-17,1,,Abbey Duke,,,Abbey Duke,D,True,False,71.3,71.86,57.44,-3.75,7.43,0.0,5.0,5.3,D,75.17,0.98,0.02,Safe D,,
2026-09-06,VT-Chittenden-18,VT,House,Chittenden-18,2,,Carol Ode,,Dave Hartnett,Carol Ode,D,True,False,58.2,64.04,50.85,-3.75,7.43,0.0,5.0,5.3,D,68.58,0.98,0.02,Safe D,,
2026-09-06,VT-Chittenden-19,VT,House,Chittenden-19,2,,Sarita Austin,Alex R. Thibault,,Wendy Critchlow,D,True,False,37.5,38.91,29.66,-3.75,7.43,-2.12,0.0,5.3,,40.27,0.9958,0.0042,Safe D,,
2026-09-06,VT-Chittenden-2,VT,House,Chittenden-2,2,,Angela Arsenault,,,Erin Brady,D,True,False,49.2,49.85,38.88,-3.75,7.43,0.0,5.0,5.3,D,56.61,0.98,0.02,Safe D,,
2026-09-06,VT-Chittenden-20,VT,House,Chittenden-20,2,,Doug Bishop,Bill Bezio,,Gayle Pezzo,D,True,False,36.1,37.79,28.71,-3.75,7.43,-7.68,0.0,5.3,,33.75,0.9864,0.0136,Safe D,,
2026-09-06,VT-Chittenden-21,VT,House,Chittenden-21,2,,Daisy Berbeco,,,Chloe Tomlinson,D,True,True,63.2,66.39,52.83,-3.75,7.43,0.0,5.0,5.3,D,70.56,0.98,0.02,Safe D,,
2026-09-06,VT-Chittenden-22,VT,House,Chittenden-22,2,,Karen Dolan,Brent Boerger,,Lori Houghton,D,True,False,47.1,48.65,37.87,-3.75,7.43,0.0,5.0,5.3,,55.6,0.9999,0.0001,Safe D,,
2026-09-06,VT-Chittenden-23,VT,House,Chittenden-23,2,,Golrang Garofano,Lynn Smith,,Golrang Garofano,D,True,False,44.3,45.2,34.96,-3.75,7.43,-0.41,0.0,5.3,,47.28,0.999,0.001,Safe D,,
2026-09-06,VT-Chittenden-24,VT,House,Chittenden-24,1,,Alyssa Black,Stephanie Mack,,Alyssa Black,D,True,False,40.2,43.28,33.34,-3.75,7.43,-9.85,0.0,5.3,,36.22,0.9911,0.0089,Safe D,,
2026-09-06,VT-Chittenden-25,VT,House,Chittenden-25,1,,Julia Andrews,Brenda Steady,,Brenda Steady,R,True,False,21.1,24.79,17.74,-3.75,-7.43,-10.87,0.0,5.3,,4.74,0.6217,0.3783,Lean D,,
2026-09-06,VT-Chittenden-3,VT,House,Chittenden-3,2,,Edye Graning,,,Trevor Squirrell,D,True,False,48.9,49.92,38.94,-3.75,7.43,0.0,5.0,5.3,D,56.67,0.98,0.02,Safe D,,
2026-09-06,VT-Chittenden-4,VT,House,Chittenden-4,1,,Kelsey Pasteris,,John Kingston,Phil Pouech,D,False,True,50.4,51.72,40.46,-3.75,0.0,0.0,0.0,5.3,D,45.76,0.98,0.02,Safe D,,
2026-09-06,VT-Chittenden-5,VT,House,Chittenden-5,1,,Chea Evans,,,Chea Evans,D,True,False,60.7,62.05,49.17,-3.75,7.43,0.0,5.0,5.3,D,66.9,0.98,0.02,Safe D,,
2026-09-06,VT-Chittenden-6,VT,House,Chittenden-6,1,,Kate Lalley,Debbie Mayfield,,Kate Lalley,D,True,False,68.0,65.15,51.79,-3.75,7.43,-8.05,0.0,5.3,,56.47,0.9999,0.0001,Safe D,,
2026-09-06,VT-Chittenden-7,VT,House,Chittenden-7,1,,Shawn Sweeney,,,Shawn Sweeney,D,True,False,55.1,57.89,45.67,-3.75,7.43,0.0,5.0,5.3,D,63.4,0.98,0.02,Safe D,,
2026-09-06,VT-Chittenden-8,VT,House,Chittenden-8,1,,Bridget Burkhardt,Mitchel Cypes,,Bridget Burkhardt,D,True,False,57.2,57.05,44.95,-3.75,7.43,0.0,5.0,5.3,,62.68,1.0,0.0,Safe D,,
2026-09-06,VT-Chittenden-9,VT,House,Chittenden-9,1,,Emilie Krasnow,,,Emilie Krasnow,D,True,False,62.6,62.56,49.6,-3.75,7.43,0.0,5.0,5.3,D,67.33,0.98,0.02,Safe D,,
2026-09-06,VT-Chittenden-Franklin,VT,House,Chittenden-Franklin,2,,Henry Bonges III,Anthony Micklus,,Kumulia Long,R,True,False,11.1,9.13,4.54,-3.75,-7.43,-11.6,0.0,5.3,,-9.19,0.2739,0.7261,Lean R,,
2026-09-06,VT-Essex-Caledonia,VT,House,Essex-Caledonia,1,,,John Kascenska,,John Kascenska,R,True,False,-0.7,-1.54,-4.46,-3.75,-7.43,-1.86,0.0,5.3,R,-8.45,0.02,0.98,Safe R,,
2026-09-06,VT-Essex-Orleans,VT,House,Essex-Orleans,1,,,David M Jacobs,Gott Johan Joseph Lally,Larry Labor,R,False,True,-16.6,-16.03,-16.68,-3.75,0.0,0.0,0.0,5.3,R,-11.38,0.02,0.98,Safe R,,
2026-09-06,VT-Franklin-1,VT,House,Franklin-1,2,,Caroline Bright,Bob Stebbins,,Carolyn Branagan,R,False,True,7.9,8.46,3.97,-3.75,0.0,0.0,0.0,5.3,,9.27,0.7279,0.2721,Lean D,,
2026-09-06,VT-Franklin-2,VT,House,Franklin-2,1,,Pam McCarthy,Eileen Dickinson,,Eileen Dickinson,R,True,False,7.0,12.29,7.2,-3.75,-7.43,0.0,-5.0,5.3,,0.07,0.5019,0.4981,Toss-up,,
2026-09-06,VT-Franklin-3,VT,House,Franklin-3,1,,Suzanne Kenyon,Joe Luneau,,Joe Luneau,R,True,False,29.3,30.8,22.81,-3.75,-7.43,-13.8,0.0,5.3,,6.88,0.6735,0.3265,Lean D,,
2026-09-06,VT-Franklin-4,VT,House,Franklin-4,2,,Carmela Ann Mayette,Matt Walker,,Matt Walker,D,True,False,-9.4,-7.85,-9.78,-3.75,7.43,0.0,5.0,5.3,,7.95,0.6984,0.3016,Lean D,,
2026-09-06,VT-Franklin-5,VT,House,Franklin-5,2,,,Lisa Hango,,Wayne Laroche,R,True,False,-20.5,-19.31,-19.45,-3.75,-7.43,0.0,-5.0,5.3,R,-26.58,0.02,0.98,Safe R,,
2026-09-06,VT-Franklin-6,VT,House,Franklin-6,1,,,James Gregoire,,James Gregoire,R,True,False,12.4,14.4,8.98,-3.75,-7.43,0.0,-5.0,5.3,R,1.85,0.02,0.98,Safe R,,
2026-09-06,VT-Franklin-7,VT,House,Franklin-7,1,,,Allen Demar,,Allen Demar,R,True,False,0.7,3.37,-0.32,-3.75,-7.43,0.0,-5.0,5.3,R,-7.45,0.02,0.98,Safe R,,
2026-09-06,VT-Franklin-8,VT,House,Franklin-8,1,,Zach Scheffler,Jack Brigham,,Jack Brigham,R,True,False,21.5,25.11,18.01,-3.75,-7.43,-18.13,0.0,5.3,,-2.25,0.4415,0.5585,Toss-up,,
2026-09-06,VT-Grand Isle-Chittenden,VT,House,Grand Isle-Chittenden,2,,Dave Skinner,Mike Morgan,,Mike Morgan,R,True,False,19.1,16.98,11.16,-3.75,-7.43,0.0,-5.0,5.3,,4.03,0.6038,0.3962,Lean D,,
2026-09-06,VT-Lamoille-1,VT,House,Lamoille-1,1,,,,Jed Lipsky,Jed Lipsky,R,True,False,58.7,61.31,48.54,-3.75,-7.43,0.0,-5.0,5.3,,41.41,0.9966,0.0034,Safe D,,
2026-09-06,VT-Lamoille-2,VT,House,Lamoille-2,2,,Dan Noyes,Richard Bailey,,Dan Noyes,R,True,False,22.1,24.49,17.49,-3.75,-7.43,-7.87,0.0,5.3,,7.49,0.6879,0.3121,Lean D,,
2026-09-06,VT-Lamoille-3,VT,House,Lamoille-3,1,,Deb Nevil,Rebecca Pitre,Adam Howard,Lucy Boyden,D,False,True,31.4,33.73,25.29,-3.75,0.0,0.0,0.0,5.3,,30.59,0.9773,0.0227,Safe D,,
2026-09-06,VT-Lamoille-Washington,VT,House,Lamoille-Washington,2,,Dave Yacovone,Jason Thompson,,Dave Yacovone,D,True,False,43.4,44.69,34.53,-3.75,7.43,0.0,5.0,5.3,,52.26,0.9997,0.0003,Safe D,,
2026-09-06,VT-Orange-1,VT,House,Orange-1,1,,Gregory Wilson,Mike Tagliavia,,Mike Tagliavia,R,True,False,1.4,2.81,-0.79,-3.75,-7.43,0.0,-5.0,5.3,,-7.92,0.3022,0.6978,Lean R,,
2026-09-06,VT-Orange-2,VT,House,Orange-2,1,,Lance Mills,Nicholas Dilorenzo,,Monique Priestley,D,False,True,24.2,26.3,19.02,-3.75,0.0,0.0,0.0,5.3,,24.32,0.9441,0.0559,Likely D,,
2026-09-06,VT-Orange-3,VT,House,Orange-3,1,,,Fran Covey,,Josh Dobrovich,R,False,True,-3.6,-2.17,-4.99,-3.75,0.0,0.0,0.0,5.3,R,0.31,0.02,0.98,Safe R,,
2026-09-06,VT-Orange-Caledonia,VT,House,Orange-Caledonia,1,,Aiden Boyd Otterman,Tom Otterman,Susan Culp,Joseph Parsons,R,False,True,-0.8,0.22,-2.98,-3.75,0.0,0.0,0.0,5.3,,2.32,0.5603,0.4397,Toss-up,,
2026-09-06,VT-Orange-Washington-Addison,VT,House,Orange-Washington-Addison,2,,Larry Satcowitz,Stephen W. Webster,,Larry Satcowitz,D,True,False,29.0,30.39,22.47,-3.75,7.43,-4.15,0.0,5.3,,31.05,0.9789,0.0211,Safe D,,
2026-09-06,VT-Orleans-1,VT,House,Orleans-1,1,,,Richard Nelson,,Richard Nelson,R,True,False,-10.8,-9.46,-11.14,-3.75,-7.43,0.0,-5.0,5.3,R,-18.28,0.02,0.98,Safe R,,
2026-09-06,VT-Orleans-2,VT,House,Orleans-2,1,,Xavier Stevens,Woody Page,,Woody Page,R,True,False,11.6,12.52,7.4,-3.75,-7.43,0.0,-5.0,5.3,,0.27,0.507,0.493,Toss-up,,
2026-09-06,VT-Orleans-3,VT,House,Orleans-3,1,,,Ken Wells,,Ken Wells,R,True,False,1.2,2.12,-1.37,-3.75,-7.43,0.0,-5.0,5.3,R,-8.5,0.02,0.98,Safe R,,
2026-09-06,VT-Orleans-4,VT,House,Orleans-4,1,,Leanne Harple,,,Leanne Harple,D,True,False,28.7,31.16,23.11,-3.75,7.43,-8.73,0.0,5.3,D,27.11,0.98,0.02,Safe D,,
2026-09-06,VT-Orleans-Lamoille,VT,House,Orleans-Lamoille,2,,,Mark Higley,,Michael Marcotte,R,True,False,-15.3,-13.92,-14.9,-3.75,-7.43,0.0,-5.0,5.3,R,-22.03,0.02,0.98,Safe R,,
2026-09-06,VT-Rutland-1,VT,House,Rutland-1,1,,,Patricia A. McCoy,,Pattie McCoy,R,False,True,-3.0,-2.02,-4.87,-3.75,0.0,0.0,0.0,5.3,R,0.43,0.02,0.98,Safe R,,
2026-09-06,VT-Rutland-10,VT,House,Rutland-10,1,,,Bill Canfield,,Bill Canfield,R,True,False,-11.5,-9.66,-11.31,-3.75,-7.43,0.0,-5.0,5.3,R,-18.44,0.02,0.98,Safe R,,
2026-09-06,VT-Rutland-11,VT,House,Rutland-11,1,,,Valorie Taylor,,Valorie Taylor,R,True,False,20.1,20.84,14.41,-3.75,-7.43,0.0,-5.0,5.3,R,7.28,0.02,0.98,Safe R,,
2026-09-06,VT-Rutland-2,VT,House,Rutland-2,2,,Marsha Cassel,Dave Bosch,,Tom Burditt,R,True,False,-1.7,-0.9,-3.92,-3.75,-7.43,0.0,-5.0,5.3,,-11.05,0.2349,0.7651,Likely R,,
2026-09-06,VT-Rutland-3,VT,House,Rutland-3,1,,,Chris Brown,,Zachary Harvey,R,False,True,-3.3,-2.36,-5.15,-3.75,0.0,0.0,0.0,5.3,R,0.15,0.02,0.98,Safe R,,
2026-09-06,VT-Rutland-4,VT,House,Rutland-4,1,,,Christopher Howland,,Christopher Howland,R,True,False,17.7,17.85,11.89,-3.75,-7.43,-10.75,0.0,5.3,R,-0.99,0.02,0.98,Safe R,,
2026-09-06,VT-Rutland-5,VT,House,Rutland-5,1,,,Eric Maguire,,Eric Maguire,R,True,False,19.1,18.43,12.38,-3.75,-7.43,0.0,-5.0,5.3,R,5.25,0.02,0.98,Safe R,,
2026-09-06,VT-Rutland-6,VT,House,Rutland-6,1,,,,Chris Siliski,Mary Howard,D,False,True,7.5,12.47,7.36,-3.75,0.0,0.0,0.0,5.3,,12.66,0.7961,0.2039,Likely D,,
2026-09-06,VT-Rutland-7,VT,House,Rutland-7,1,,,Chris Keyser,,Chris Keyser,R,True,False,12.4,15.03,9.52,-3.75,-7.43,-10.96,0.0,5.3,R,-3.58,0.02,0.98,Safe R,,
2026-09-06,VT-Rutland-8,VT,House,Rutland-8,1,,Genevieve K. Duchesneau,Alicia Malay,,Alicia Malay,R,True,False,2.5,4.01,0.22,-3.75,-7.43,0.0,-5.0,5.3,,-6.91,0.3257,0.6743,Lean R,,
2026-09-06,VT-Rutland-9,VT,House,Rutland-9,1,,Jeff Haylon,Aida Nielsen,,Todd Nielsen,R,False,True,7.9,9.93,5.21,-3.75,0.0,0.0,0.0,5.3,,10.51,0.754,0.246,Likely D,,
2026-09-06,VT-Rutland-Bennington,VT,House,Rutland-Bennington,1,,Jessica Van Oort,Chris Pritchard,,Chris Pritchard,R,True,False,6.9,7.8,3.41,-3.75,-7.43,-6.46,0.0,5.3,,-5.18,0.3675,0.6325,Lean R,,
2026-09-06,VT-Rutland-Windsor,VT,House,Rutland-Windsor,1,,Phoebe Tucker,Kevin Winter,,Kevin Winter,R,True,False,10.4,11.98,6.94,-3.75,-7.43,-9.54,0.0,5.3,,-4.73,0.3786,0.6214,Lean R,,
2026-09-06,VT-Washington-1,VT,House,Washington-1,2,,,Kenneth Goslant,,Kenneth Goslant,R,True,False,21.8,23.95,17.04,-3.75,-7.43,-8.27,0.0,5.3,R,6.64,0.02,0.98,Safe R,,
2026-09-06,VT-Washington-2,VT,House,Washington-2,2,,Candice White,,,Candice White,D,True,False,60.9,62.71,49.73,-3.75,7.43,0.0,5.0,5.3,D,67.46,0.98,0.02,Safe D,,
2026-09-06,VT-Washington-3,VT,House,Washington-3,2,,Edward Waszazak,Michael Boutin,,Michael Boutin,R,True,False,25.9,27.22,19.79,-3.75,-7.43,-3.8,0.0,5.3,,13.86,0.8177,0.1823,Likely D,,
2026-09-06,VT-Washington-4,VT,House,Washington-4,2,,Kate McCann,,,Kate McCann,D,True,False,76.4,79.96,64.28,-3.75,7.43,0.0,5.0,5.3,D,82.01,0.98,0.02,Safe D,,
2026-09-06,VT-Washington-5,VT,House,Washington-5,1,,Ela Chapin,,,Ela Chapin,D,True,False,51.9,54.43,42.74,-3.75,7.43,0.0,5.0,5.3,D,60.47,0.98,0.02,Safe D,,
2026-09-06,VT-Washington-6,VT,House,Washington-6,1,,Marc Mihaly,,,Marc Mihaly,D,True,False,41.5,44.86,34.68,-3.75,7.43,0.0,5.0,5.3,D,52.41,0.98,0.02,Safe D,,
2026-09-06,VT-Washington-Chittenden,VT,House,Washington-Chittenden,2,,Theresa Wood,,,Theresa Wood,D,True,False,55.0,57.26,45.13,-3.75,7.43,-4.73,0.0,5.3,D,53.14,0.98,0.02,Safe D,,
2026-09-06,VT-Washington-Orange,VT,House,Washington-Orange,2,,Emily Wheeler-Reynolds,David Soucy,,Gina Galfetti,R,True,False,7.6,7.71,3.34,-3.75,-7.43,0.0,-5.0,5.3,,-3.8,0.402,0.598,Toss-up,,
2026-09-06,VT-Windham-1,VT,House,Windham-1,1,,Zon Eastes,Nancy Gassett,,Zon Eastes,D,True,False,24.3,26.4,19.1,-3.75,7.43,-7.15,0.0,5.3,,24.68,0.9467,0.0533,Likely D,,
2026-09-06,VT-Windham-2,VT,House,Windham-2,1,,,,Laura Sibilia,Laura Sibilia,D,True,False,29.8,31.76,23.62,-3.75,7.43,0.0,5.0,5.3,,41.36,0.9966,0.0034,Safe D,,
2026-09-06,VT-Windham-3,VT,House,Windham-3,2,,Michelle Bos-Lun,Nicole Amanda Cota,,Leslie Goldman,D,True,False,38.0,41.05,31.45,-3.75,7.43,2.46,0.0,5.3,,46.65,0.9989,0.0011,Safe D,,
2026-09-06,VT-Windham-4,VT,House,Windham-4,1,,Mike Mrowicki,Lynne Wilkins,Ian Diamondstone,Mike Mrowicki,D,True,False,57.2,60.96,48.25,-3.75,7.43,0.0,5.0,5.3,,65.98,1.0,0.0,Safe D,,
2026-09-06,VT-Windham-5,VT,House,Windham-5,1,,Emily Long,,,Emily Long,D,True,False,50.7,53.71,42.13,-3.75,7.43,0.0,5.0,5.3,D,59.86,0.98,0.02,Safe D,,
2026-09-06,VT-Windham-6,VT,House,Windham-6,1,,Emily Carris Duncan,,,Emily Carris-Duncan,D,False,True,19.4,20.75,14.34,-3.75,0.0,-3.28,0.0,5.3,D,16.36,0.98,0.02,Safe D,,
2026-09-06,VT-Windham-7,VT,House,Windham-7,1,,Emilie Kornheiser,Aaron Smith,,Emilie Kornheiser,D,True,False,50.1,54.65,42.93,-3.75,7.43,-6.04,0.0,5.3,,49.62,0.9994,0.0006,Safe D,,
2026-09-06,VT-Windham-8,VT,House,Windham-8,1,,Daniel Quipp,Bill Harvey,,Mollie Burke,D,False,True,63.8,67.69,53.93,-3.75,0.0,0.0,0.0,5.3,,59.23,0.9999,0.0001,Safe D,,
2026-09-06,VT-Windham-9,VT,House,Windham-9,1,,Ian Goodnow,,,Ian Goodnow,D,True,False,69.7,72.45,57.94,-3.75,7.43,0.0,5.0,5.3,D,75.67,0.98,0.02,Safe D,,
2026-09-06,VT-Windham-Windsor-Bennington,VT,House,Windham-Windsor-Bennington,1,,Chris Morrow,E. Stuart Coleman,,Chris Morrow,D,True,False,32.0,34.01,25.52,-3.75,7.43,-2.35,0.0,5.3,,35.9,0.9906,0.0094,Safe D,,
2026-09-06,VT-Windsor-1,VT,House,Windsor-1,2,,Dylan Morse,,Rich Thomas,Elizabeth Burrows,D,False,True,37.3,39.46,30.12,-3.75,0.0,0.0,0.0,5.3,D,35.42,0.98,0.02,Safe D,,
2026-09-06,VT-Windsor-2,VT,House,Windsor-2,1,,Mark Yuengling,V.L. Coffin,,V.L. Coffin,R,True,False,9.6,11.19,6.28,-3.75,-7.43,-5.56,0.0,5.3,,-1.41,0.4632,0.5368,Toss-up,,
2026-09-06,VT-Windsor-3,VT,House,Windsor-3,2,,Alice Emmons,Judith Stern,,Kristi Morris,D,True,False,13.6,14.84,9.35,-3.75,7.43,-8.31,0.0,5.3,,13.77,0.816,0.184,Likely D,,
2026-09-06,VT-Windsor-4,VT,House,Windsor-4,1,,Michael Hoyt,,Justin Schoville,Michael Hoyt,D,True,False,41.4,42.73,32.88,-3.75,7.43,0.0,5.0,5.3,D,50.61,0.98,0.02,Safe D,,
2026-09-06,VT-Windsor-5,VT,House,Windsor-5,1,,Charlie Kimbell,,,Charlie Kimbell,D,True,False,51.1,53.17,41.68,-3.75,7.43,-0.53,0.0,5.3,D,53.89,0.98,0.02,Safe D,,
2026-09-06,VT-Windsor-6,VT,House,Windsor-6,2,,Alanna Ojibway,,,Esme Cole,D,False,True,43.4,45.87,35.53,-3.75,0.0,0.0,0.0,5.3,D,40.83,0.98,0.02,Safe D,,
2026-09-06,VT-Windsor-Addison,VT,House,Windsor-Addison,1,,Kirk White,Michael J White,,Kirk White,D,True,False,37.0,38.21,29.07,-3.75,7.43,0.0,5.0,5.3,,46.8,0.9989,0.0011,Safe D,,
2026-09-06,VT-Windsor-Orange-1,VT,House,Windsor-Orange-1,1,,John O'Brien,Bruce Post,,John O'Brien,D,True,False,27.2,28.3,20.71,-3.75,7.43,-18.37,0.0,5.3,,15.07,0.8378,0.1622,Likely D,,
2026-09-06,VT-Windsor-Orange-2,VT,House,Windsor-Orange-2,2,,Dee Gish,,,Jim Masland,D,False,True,62.4,65.08,51.73,-3.75,0.0,0.0,0.0,5.3,D,57.03,0.98,0.02,Safe D,,
2026-09-06,VT-Windsor-Windham,VT,House,Windsor-Windham,1,,William "Will" Hoser,Tom Charlton,,Tom Charlton,R,True,False,21.6,23.68,16.81,-3.75,-7.43,0.0,-5.0,5.3,,9.68,0.7366,0.2634,Lean D,,
2026-09-06,VT-Addison,VT,Senate,Addison,2,,Ruth Hardy,Steven Heffernan,,Steven Heffernan,R,True,False,36.6,,28.95,-3.75,-7.43,0.0,-5.0,5.3,,21.82,0.9232,0.0768,Likely D,,
2026-09-06,VT-Bennington,VT,Senate,Bennington,2,,Rob Plunkett,Josh R Williams,Rachel Shaw,Rob Plunkett,D,True,False,23.3,,17.74,-3.75,7.43,0.0,5.0,5.3,,35.47,0.9898,0.0102,Safe D,,
2026-09-06,VT-Caledonia,VT,Senate,Caledonia,1,,David M Roth,Scott Beck,,Scott Beck,R,True,False,16.0,,11.58,-3.75,-7.43,0.0,-5.0,5.3,,4.45,0.6144,0.3856,Lean D,,
2026-09-06,VT-Chittenden-Central,VT,Senate,Chittenden-Central,3,,Martine Gulick,Louis "Louie" Manno,,Martine Gulick,D,True,False,61.6,,50.04,-3.75,7.43,0.0,5.0,5.3,,67.77,1.0,0.0,Safe D,,
2026-09-06,VT-Chittenden-North,VT,Senate,Chittenden-North,1,,Irene Wrenner,Ashley Bartley,,Chris Mattos,R,False,True,19.3,,14.36,-3.75,0.0,0.0,0.0,5.3,,19.66,0.9008,0.0992,Likely D,,
2026-09-06,VT-Chittenden-Southeast,VT,Senate,Chittenden-Southeast,3,,Kesha Ram Hinsdale,Bruce Roy,,Virginia Lyons,D,True,False,58.7,,47.59,-3.75,7.43,0.0,5.0,5.3,,65.32,1.0,0.0,Safe D,,
2026-09-06,VT-Essex,VT,Senate,Essex,1,,,Russ Ingalls,,Russ Ingalls,R,True,False,-6.3,,-7.23,-3.75,-7.43,0.0,-5.0,5.3,R,-14.36,0.02,0.98,Safe R,,
2026-09-06,VT-Franklin,VT,Senate,Franklin,2,,A. Gregory Rainville,Bob Norris,,Bob Norris,R,True,False,0.2,,-1.75,-3.75,-7.43,0.0,-5.0,5.3,,-8.88,0.2808,0.7192,Lean R,,
2026-09-06,VT-Grand Isle,VT,Senate,Grand Isle,1,,Kim Gleason,Patrick Brennan,,Patrick Brennan,R,True,False,33.4,,26.26,-3.75,-7.43,0.0,-5.0,5.3,,19.12,0.8945,0.1055,Likely D,,
2026-09-06,VT-Lamoille,VT,Senate,Lamoille,1,,,Richard Westman,,Richard Westman,R,True,False,28.9,,22.46,-3.75,-7.43,0.0,-5.0,5.3,R,15.33,0.02,0.98,Safe R,,
2026-09-06,VT-Orange,VT,Senate,Orange,1,,Monique Priestley,John Benson,,John Benson,R,True,False,17.7,,13.01,-3.75,-7.43,-6.31,0.0,5.3,,4.57,0.6175,0.3825,Lean D,,
2026-09-06,VT-Orleans,VT,Senate,Orleans,1,,,John Morley, III,,John Morley, III,R,True,False,2.0,,-0.23,-3.75,-7.43,0.0,-5.0,5.3,R,-7.36,0.02,0.98,Safe R,,
2026-09-06,VT-Rutland,VT,Senate,Rutland,3,,,Brian Collamore,David S. Wolk,David Weeks,R,True,False,5.0,,2.3,-3.75,-7.43,0.0,-5.0,5.3,R,-4.83,0.02,0.98,Safe R,,
2026-09-06,VT-Washington,VT,Senate,Washington,3,,Andrew Perchlik,Christopher A. Neddo,,Andrew Perchlik,D,True,False,42.9,,34.27,-3.75,7.43,0.0,5.0,5.3,,52.0,0.9997,0.0003,Safe D,,
2026-09-06,VT-Windham,VT,Senate,Windham,2,,Nader Hashim,Dale Gassett,,Nader Hashim,D,True,False,43.5,,34.77,-3.75,7.43,0.0,5.0,5.3,,52.5,0.9997,0.0003,Safe D,,
2026-09-06,VT-Windsor,VT,Senate,Windsor,3,,Joe Major,Andrea Murray,Joe Izzo,Rebecca White,D,True,False,35.9,,28.36,-3.75,7.43,0.0,5.0,5.3,,46.09,0.9987,0.0013,Safe D,,
2026-09-06,WA-HD-10A,WA,House,HD-10,1,A,Clyde Shavers,Robert (Chili) Hicks,,Clyde Shavers,D,True,False,8.6,8.1,6.83,0.0,7.43,-1.77,0.0,5.3,,17.79,0.8776,0.1224,Likely D,,
2026-09-06,WA-HD-10B,WA,House,HD-10,1,B,Dave Paul,Tim Hazelo,,Dave Paul,D,True,False,8.6,8.1,6.83,0.0,7.43,-2.3,0.0,5.3,,17.26,0.8704,0.1296,Likely D,,
2026-09-06,WA-HD-11A,WA,House,HD-11,1,A,David Hackney,,,David Hackney,D,True,False,36.9,39.5,33.32,0.0,7.43,4.19,0.0,5.3,D,50.24,0.98,0.02,Safe D,,
2026-09-06,WA-HD-11B,WA,House,HD-11,1,B,Steve Bergquist,,,Steve Bergquist,D,True,False,36.9,39.5,33.32,0.0,7.43,4.19,0.0,5.3,D,50.24,0.98,0.02,Safe D,,
2026-09-06,WA-HD-12A,WA,House,HD-12,1,A,Stacy Willoughby,Brian Burnett,,Brian Burnett,R,True,False,2.0,1.87,1.58,0.0,-7.43,-18.77,0.0,5.3,,-19.33,0.1032,0.8968,Likely R,,
2026-09-06,WA-HD-12B,WA,House,HD-12,1,B,Maggie Adams,Mike Steele,,Mike Steele,R,True,False,2.0,1.87,1.58,0.0,-7.43,-19.3,0.0,5.3,,-19.85,0.0972,0.9028,Likely R,,
2026-09-06,WA-HD-13A,WA,House,HD-13,1,A,Juan "Jerry" Garcia,Tom Dent,,Tom Dent,R,True,False,-28.0,-28.36,-23.92,0.0,-7.43,-16.02,0.0,5.3,,-42.08,0.003,0.997,Safe R,,
2026-09-06,WA-HD-13B,WA,House,HD-13,1,B,,Deanna Martinez,,Alex Ybarra,R,False,True,-28.0,-28.36,-23.92,0.0,0.0,0.0,0.0,5.3,R,-18.62,0.02,0.98,Safe R,,
2026-09-06,WA-HD-14A,WA,House,HD-14,1,A,Chelsea Dimas,Gloria Mendoza,,Gloria Mendoza,R,True,False,1.1,4.12,3.47,0.0,-7.43,-3.97,0.0,5.3,,-2.63,0.4318,0.5682,Toss-up,,
2026-09-06,WA-HD-14B,WA,House,HD-14,1,B,Ezequiel Morfin,Deb Manjarrez,,Deb Manjarrez,R,True,False,1.1,4.12,3.47,0.0,-7.43,-1.98,0.0,5.3,,-0.64,0.4833,0.5167,Toss-up,,
2026-09-06,WA-HD-15A,WA,House,HD-15,1,A,Jack McEntire,Chris Corry,,Chris Corry,R,True,False,-23.5,-23.79,-20.07,0.0,-7.43,-11.46,0.0,5.3,,-33.66,0.0139,0.9861,Safe R,,
2026-09-06,WA-HD-15B,WA,House,HD-15,1,B,,Reedy Berg,Liz Hallock,Jeremie Dufault,R,False,True,-23.5,-23.79,-20.07,0.0,0.0,0.0,0.0,5.3,R,-14.77,0.02,0.98,Safe R,,
2026-09-06,WA-HD-16A,WA,House,HD-16,1,A,Kyle Palmer,Mark Klicker,,Mark Klicker,R,True,False,-15.5,-16.22,-13.68,0.0,-7.43,-6.22,0.0,5.3,,-22.03,0.0749,0.9251,Likely R,,
2026-09-06,WA-HD-16B,WA,House,HD-16,1,B,Derek Sarley,Skyler Rude,,Skyler Rude,R,True,False,-15.5,-16.22,-13.68,0.0,-7.43,-6.22,0.0,5.3,,-22.03,0.0749,0.9251,Likely R,,
2026-09-06,WA-HD-17A,WA,House,HD-17,1,A,Ben Christly,Kevin Waters,,Kevin Waters,R,True,False,8.4,8.17,6.89,0.0,-7.43,-11.16,0.0,5.3,,-6.4,0.3378,0.6622,Lean R,,
2026-09-06,WA-HD-17B,WA,House,HD-17,1,B,Diana H. Perez,David Stuebe,,David Stuebe,R,True,False,8.4,8.17,6.89,0.0,-7.43,-17.67,0.0,5.3,,-12.91,0.1993,0.8007,Likely R,,
2026-09-06,WA-HD-18A,WA,House,HD-18,1,A,Randi L. Knott,Stephanie McClintock,,Stephanie McClintock,R,True,False,2.4,1.46,1.23,0.0,-7.43,-2.6,0.0,5.3,,-3.5,0.4094,0.5906,Toss-up,,
2026-09-06,WA-HD-18B,WA,House,HD-18,1,B,Deken Letinich,John Ley,,John Ley,R,True,False,2.4,1.46,1.23,0.0,-7.43,-6.53,0.0,5.3,,-7.43,0.3136,0.6864,Lean R,,
2026-09-06,WA-HD-19A,WA,House,HD-19,1,A,Kevin Moynihan,Jim Walsh,,Jim Walsh,R,True,False,-15.2,-15.43,-13.02,0.0,-7.43,-0.95,0.0,5.3,,-16.1,0.1462,0.8538,Likely R,,
2026-09-06,WA-HD-19B,WA,House,HD-19,1,B,Terry Carlson,Joel McEntire,,Joel McEntire,R,True,False,-15.2,-15.43,-13.02,0.0,-7.43,-3.58,0.0,5.3,,-18.73,0.1103,0.8897,Likely R,,
2026-09-06,WA-HD-1A,WA,House,HD-1,1,A,Davina Duerr,Maggie Wang,,Davina Duerr,D,True,False,44.4,45.99,38.79,0.0,7.43,-0.38,0.0,5.3,,51.13,0.9996,0.0004,Safe D,,
2026-09-06,WA-HD-1B,WA,House,HD-1,1,B,Shelley Kloba,Cliff Moon,,Shelley Kloba,D,True,False,44.4,45.99,38.79,0.0,7.43,-0.38,0.0,5.3,,51.13,0.9996,0.0004,Safe D,,
2026-09-06,WA-HD-20A,WA,House,HD-20,1,A,Andy Zahn,Peter Abbarno,,Peter Abbarno,R,True,False,-27.0,-27.78,-23.43,0.0,-7.43,-5.96,0.0,5.3,,-31.52,0.0197,0.9803,Safe R,,
2026-09-06,WA-HD-20B,WA,House,HD-20,1,B,Evan Jones,Ed Orcutt,,Ed Orcutt,R,True,False,-27.0,-27.78,-23.43,0.0,-7.43,0.0,-5.0,5.3,,-30.56,0.0228,0.9772,Safe R,,
2026-09-06,WA-HD-21A,WA,House,HD-21,1,A,Strom Peterson,,,Strom Peterson,D,True,False,36.5,38.03,32.08,0.0,7.43,-0.27,5.0,5.3,D,49.53,0.98,0.02,Safe D,,
2026-09-06,WA-HD-21B,WA,House,HD-21,1,B,Lillian Ortiz-Self,,Bruce Guthrie,Lillian Ortiz-Self,D,True,False,36.5,38.03,32.08,0.0,7.43,5.14,0.0,5.3,D,49.95,0.98,0.02,Safe D,,
2026-09-06,WA-HD-22A,WA,House,HD-22,1,A,Beth Doglio,Don Hewett,,Beth Doglio,D,True,False,38.2,39.04,32.92,0.0,7.43,-1.68,0.0,5.3,,43.98,0.998,0.002,Safe D,,
2026-09-06,WA-HD-22B,WA,House,HD-22,1,B,Lisa Parshley,,,Lisa Parshley,D,True,False,38.2,39.04,32.92,0.0,7.43,0.0,5.0,5.3,D,50.66,0.98,0.02,Safe D,,
2026-09-06,WA-HD-23A,WA,House,HD-23,1,A,Tarra Simmons,,,Tarra Simmons,D,True,False,32.5,32.79,27.66,0.0,7.43,-2.16,0.0,5.3,D,38.23,0.98,0.02,Safe D,,
2026-09-06,WA-HD-23B,WA,House,HD-23,1,B,Greg Nance,Lance Byrd,,Greg Nance,D,True,False,32.5,32.79,27.66,0.0,7.43,-2.72,0.0,5.3,,37.67,0.9931,0.0069,Safe D,,
2026-09-06,WA-HD-24A,WA,House,HD-24,1,A,Adam Bernbaum,Eric W. Pratt,,Adam Bernbaum,D,True,False,13.9,13.46,11.35,0.0,7.43,-1.36,0.0,5.3,,22.73,0.9314,0.0686,Likely D,,
2026-09-06,WA-HD-24B,WA,House,HD-24,1,B,Kaylee Kuehn,,Marcia Kelbon,Steve Tharinger,D,False,True,13.9,13.46,11.35,0.0,0.0,0.0,0.0,5.3,D,16.65,0.98,0.02,Safe D,,
2026-09-06,WA-HD-25A,WA,House,HD-25,1,A,David Berg,Michael Keaton,,Michael Keaton,R,True,False,1.2,1.21,1.02,0.0,-7.43,-4.82,0.0,5.3,,-5.93,0.3491,0.6509,Lean R,,
2026-09-06,WA-HD-25B,WA,House,HD-25,1,B,Jenn Marie Strickling,Cyndy Jacobsen,,Cyndy Jacobsen,R,True,False,1.2,1.21,1.02,0.0,-7.43,-3.68,0.0,5.3,,-4.79,0.3771,0.6229,Lean R,,
2026-09-06,WA-HD-26A,WA,House,HD-26,1,A,Adison Richards,David Olson,,Adison Richards,D,True,False,9.4,8.31,7.01,0.0,7.43,-4.82,0.0,5.3,,14.92,0.8353,0.1647,Likely D,,
2026-09-06,WA-HD-26B,WA,House,HD-26,1,B,Renee Hernandez Greenfield,Katy Cornell,,Michelle Caldier,R,False,True,9.4,8.31,7.01,0.0,0.0,0.0,0.0,5.3,,12.31,0.7895,0.2105,Likely D,,
2026-09-06,WA-HD-27A,WA,House,HD-27,1,A,Laurie Jinkins,Carole Braaten,,Laurie Jinkins,D,True,False,43.8,45.35,38.25,0.0,7.43,3.48,0.0,5.3,,54.46,0.9998,0.0002,Safe D,,
2026-09-06,WA-HD-27B,WA,House,HD-27,1,B,Jake Fey,,,Jake Fey,D,True,False,43.8,45.35,38.25,0.0,7.43,3.48,0.0,5.3,D,54.46,0.98,0.02,Safe D,,
2026-09-06,WA-HD-28A,WA,House,HD-28,1,A,Mari Leavitt,Kathy Richardson,,Mari Leavitt,D,True,False,20.8,21.26,17.93,0.0,7.43,-3.08,0.0,5.3,,27.59,0.9644,0.0356,Safe D,,
2026-09-06,WA-HD-28B,WA,House,HD-28,1,B,Dan Bronoske,,,Dan Bronoske,D,True,False,20.8,21.26,17.93,0.0,7.43,-3.08,0.0,5.3,D,27.59,0.98,0.02,Safe D,,
2026-09-06,WA-HD-29A,WA,House,HD-29,1,A,Krista Perez,,,Melanie Morgan,D,True,False,20.6,22.35,18.85,0.0,7.43,0.0,5.0,5.3,D,36.58,0.98,0.02,Safe D,,
2026-09-06,WA-HD-29B,WA,House,HD-29,1,B,Joe Bushnell,,,Sharlett Mena,D,False,True,20.6,22.35,18.85,0.0,0.0,0.0,0.0,5.3,D,24.15,0.98,0.02,Safe D,,
2026-09-06,WA-HD-2A,WA,House,HD-2,1,A,William Dehnel,Andrew Barkis,,Andrew Barkis,R,True,False,-14.8,-15.7,-13.24,0.0,-7.43,-16.87,0.0,5.3,,-32.25,0.0175,0.9825,Safe R,,
2026-09-06,WA-HD-2B,WA,House,HD-2,1,B,Angela Taylor,Matt Marshall,,Matt Marshall,R,True,False,-14.8,-15.7,-13.24,0.0,-7.43,0.0,-5.0,5.3,,-20.37,0.0914,0.9086,Likely R,,
2026-09-06,WA-HD-30A,WA,House,HD-30,1,A,Jamila Taylor,Tiffany Bowyer,,Jamila Taylor,D,True,False,19.9,21.51,18.15,0.0,7.43,-3.08,0.0,5.3,,27.8,0.9655,0.0345,Safe D,,
2026-09-06,WA-HD-30B,WA,House,HD-30,1,B,Kristine Reeves,,Paul McDaniel,Kristine Reeves,D,True,False,19.9,21.51,18.15,0.0,7.43,-3.17,0.0,5.3,D,27.7,0.98,0.02,Safe D,,
2026-09-06,WA-HD-31A,WA,House,HD-31,1,A,Stephen Szczurko-Walton,Drew Stokesbary,,Drew Stokesbary,R,True,False,-7.1,-6.97,-5.88,0.0,-7.43,-5.85,0.0,5.3,,-13.86,0.1824,0.8176,Likely R,,
2026-09-06,WA-HD-31B,WA,House,HD-31,1,B,John Bielka,Josh Penner,,Josh Penner,R,True,False,-7.1,-6.97,-5.88,0.0,-7.43,0.0,-5.0,5.3,,-13.01,0.1975,0.8025,Likely R,,
2026-09-06,WA-HD-32A,WA,House,HD-32,1,A,Keith Scully,,,Cindy Ryu,D,False,True,53.0,55.44,46.76,0.0,0.0,0.0,0.0,5.3,D,52.06,0.98,0.02,Safe D,,
2026-09-06,WA-HD-32B,WA,House,HD-32,1,B,Lauren Davis,,,Lauren Davis,D,True,False,53.0,55.44,46.76,0.0,7.43,1.23,0.0,5.3,D,60.72,0.98,0.02,Safe D,,
2026-09-06,WA-HD-33A,WA,House,HD-33,1,A,Edwin Obras,Chris Martinez,,Edwin Obras,D,True,False,36.2,38.73,32.66,0.0,7.43,0.0,5.0,5.3,,50.39,0.9995,0.0005,Safe D,,
2026-09-06,WA-HD-33B,WA,House,HD-33,1,B,Mia Gregerson,Yuri Marinchik,,Mia Gregerson,D,True,False,36.2,38.73,32.66,0.0,7.43,0.0,5.0,5.3,,50.39,0.9995,0.0005,Safe D,,
2026-09-06,WA-HD-34A,WA,House,HD-34,1,A,Brianna Thomas,,,Brianna Thomas,D,True,False,69.6,72.14,60.84,0.0,7.43,0.0,5.0,5.3,D,78.57,0.98,0.02,Safe D,,
2026-09-06,WA-HD-34B,WA,House,HD-34,1,B,Joe Fitzgibbon,,,Joe Fitzgibbon,D,True,False,69.6,72.14,60.84,0.0,7.43,0.97,0.0,5.3,D,74.54,0.98,0.02,Safe D,,
2026-09-06,WA-HD-35A,WA,House,HD-35,1,A,Jim Pierson,Dan Griffey,,Dan Griffey,R,True,False,0.7,0.4,0.34,0.0,-7.43,-19.2,0.0,5.3,,-20.99,0.0849,0.9151,Likely R,,
2026-09-06,WA-HD-35B,WA,House,HD-35,1,B,Maria Littlesun,Travis Couture,,Travis Couture,R,True,False,0.7,0.4,0.34,0.0,-7.43,-11.31,0.0,5.3,,-13.1,0.1959,0.8041,Likely R,,
2026-09-06,WA-HD-36A,WA,House,HD-36,1,A,Julia Reed,,,Julia Reed,D,True,False,80.9,83.62,70.53,0.0,7.43,0.0,5.0,5.3,D,88.26,0.98,0.02,Safe D,,
2026-09-06,WA-HD-36B,WA,House,HD-36,1,B,Liz Berry,,,Liz Berry,D,True,False,80.9,83.62,70.53,0.0,7.43,1.27,0.0,5.3,D,84.52,0.98,0.02,Safe D,,
2026-09-06,WA-HD-37A,WA,House,HD-37,1,A,Kelabe Tewolde,,,Sharon Tomiko Santos,D,True,False,73.3,77.93,65.73,0.0,7.43,0.0,5.0,5.3,D,83.46,0.98,0.02,Safe D,,
2026-09-06,WA-HD-37B,WA,House,HD-37,1,B,Jaelynn Scott,,Evon McCorkle,Chipalo Street,D,False,True,73.3,77.93,65.73,0.0,0.0,0.0,0.0,5.3,D,71.03,0.98,0.02,Safe D,,
2026-09-06,WA-HD-38A,WA,House,HD-38,1,A,Julio Cortes,,Thomas (Jeff) Kelly,Julio Cortes,D,True,False,19.2,20.27,17.09,0.0,7.43,5.31,0.0,5.3,D,35.14,0.98,0.02,Safe D,,
2026-09-06,WA-HD-38B,WA,House,HD-38,1,B,Mary Fosse,,,Mary Fosse,D,True,False,19.2,20.27,17.09,0.0,7.43,5.31,0.0,5.3,D,35.14,0.98,0.02,Safe D,,
2026-09-06,WA-HD-39A,WA,House,HD-39,1,A,Kathryn Lewandowsky,Sam Low,,Sam Low,R,True,False,-7.6,-7.59,-6.4,0.0,-7.43,-18.24,0.0,5.3,,-26.78,0.04,0.96,Safe R,,
2026-09-06,WA-HD-39B,WA,House,HD-39,1,B,Ida Keeley,Steve Ewing,,Carolyn Eslick,R,False,True,-7.6,-7.59,-6.4,0.0,0.0,0.0,0.0,5.3,,-1.1,0.4712,0.5288,Toss-up,,
2026-09-06,WA-HD-3A,WA,House,HD-3,1,A,Natasha Hill,Tony Kiepe,,Natasha Hill,D,True,False,23.8,24.5,20.66,0.0,7.43,19.64,0.0,5.3,,53.03,0.9997,0.0003,Safe D,,
2026-09-06,WA-HD-3B,WA,House,HD-3,1,B,Luc Jasmin III,Natalie Poulson,,Timm Ormsby,D,False,True,23.8,24.5,20.66,0.0,0.0,-0.49,0.0,5.3,,25.47,0.9521,0.0479,Safe D,,
2026-09-06,WA-HD-40A,WA,House,HD-40,1,A,Debra Lekanoff,Cindy Carter,,Debra Lekanoff,D,True,False,40.6,41.54,35.03,0.0,7.43,8.8,0.0,5.3,,56.56,0.9999,0.0001,Safe D,,
2026-09-06,WA-HD-40B,WA,House,HD-40,1,B,Alex Ramel,,Joseph Segault,Alex Ramel,D,True,False,40.6,41.54,35.03,0.0,7.43,8.8,0.0,5.3,D,56.56,0.98,0.02,Safe D,,
2026-09-06,WA-HD-41A,WA,House,HD-41,1,A,Janice Zahn,Elle Nguyen,,Janice Zahn,D,True,False,44.5,46.8,39.47,0.0,7.43,0.0,5.0,5.3,,57.2,0.9999,0.0001,Safe D,,
2026-09-06,WA-HD-41B,WA,House,HD-41,1,B,My-Linh Thai,,Michael Rosen,My-Linh Thai,D,True,False,44.5,46.8,39.47,0.0,7.43,-4.13,0.0,5.3,D,48.07,0.98,0.02,Safe D,,
2026-09-06,WA-HD-42A,WA,House,HD-42,1,A,Alicia Rule,Misty Flowers,,Alicia Rule,D,True,False,9.8,9.66,8.14,0.0,7.43,-2.5,0.0,5.3,,18.37,0.8852,0.1148,Likely D,,
2026-09-06,WA-HD-42B,WA,House,HD-42,1,B,Joe Timmons,Justin Pike,,Joe Timmons,D,True,False,9.8,9.66,8.14,0.0,7.43,-1.93,0.0,5.3,,18.94,0.8923,0.1077,Likely D,,
2026-09-06,WA-HD-43A,WA,House,HD-43,1,A,Nicole Macri,,,Nicole Macri,D,True,False,81.3,85.49,72.1,0.0,7.43,-3.37,0.0,5.3,D,81.47,0.98,0.02,Safe D,,
2026-09-06,WA-HD-43B,WA,House,HD-43,1,B,Shaun Scott,,,Shaun Scott,D,True,False,81.3,85.49,72.1,0.0,7.43,0.0,5.0,5.3,D,89.83,0.98,0.02,Safe D,,
2026-09-06,WA-HD-44A,WA,House,HD-44,1,A,Brandy Donaghy,Chris Elder,,Brandy Donaghy,D,True,False,20.7,21.48,18.11,0.0,7.43,2.56,0.0,5.3,,33.4,0.9855,0.0145,Safe D,,
2026-09-06,WA-HD-44B,WA,House,HD-44,1,B,April Berg,Tonya Stadlman,,April Berg,D,True,False,20.7,21.48,18.11,0.0,7.43,-0.2,5.0,5.3,,35.65,0.9901,0.0099,Safe D,,
2026-09-06,WA-HD-45A,WA,House,HD-45,1,A,Roger Goodman,JoAnn Tolentino,,Roger Goodman,D,True,False,44.0,45.75,38.59,0.0,7.43,-1.95,0.0,5.3,,49.37,0.9994,0.0006,Safe D,,
2026-09-06,WA-HD-45B,WA,House,HD-45,1,B,Vanessa Kritzer,John Gibbons,,Larry Springer,D,False,True,44.0,45.75,38.59,0.0,0.0,-1.39,0.0,5.3,,42.49,0.9973,0.0027,Safe D,,
2026-09-06,WA-HD-46A,WA,House,HD-46,1,A,Gerry Pollet,,,Gerry Pollet,D,True,False,78.3,81.81,69.0,0.0,7.43,-3.96,0.0,5.3,D,77.77,0.98,0.02,Safe D,,
2026-09-06,WA-HD-46B,WA,House,HD-46,1,B,Darya Farivar,,Rodney 'Star' Thornley,Darya Farivar,D,True,False,78.3,81.81,69.0,0.0,7.43,-2.66,0.0,5.3,D,79.07,0.98,0.02,Safe D,,
2026-09-06,WA-HD-47A,WA,House,HD-47,1,A,Debra Entenman,,Cobi Clark,Debra Entenman,D,True,False,15.1,16.81,14.18,0.0,7.43,5.37,0.0,5.3,D,32.29,0.98,0.02,Safe D,,
2026-09-06,WA-HD-47B,WA,House,HD-47,1,B,Chris Stearns,Ted Cooke,,Chris Stearns,D,True,False,15.1,16.81,14.18,0.0,7.43,4.23,0.0,5.3,,31.14,0.9792,0.0208,Safe D,,
2026-09-06,WA-HD-48A,WA,House,HD-48,1,A,Osman Salahuddin,Jeffery Poppe,,Osman Salahuddin,D,True,False,44.9,47.54,40.09,0.0,7.43,0.0,5.0,5.3,,57.82,0.9999,0.0001,Safe D,,
2026-09-06,WA-HD-48B,WA,House,HD-48,1,B,Amy Walen,,,Amy Walen,D,True,False,44.9,47.54,40.09,0.0,7.43,1.73,0.0,5.3,D,54.55,0.98,0.02,Safe D,,
2026-09-06,WA-HD-49A,WA,House,HD-49,1,A,Kim D. Harless,Sarah Mittelman,,Sharon Wylie,D,False,True,24.4,24.53,20.69,0.0,0.0,0.0,0.0,5.3,,25.99,0.9554,0.0446,Safe D,,
2026-09-06,WA-HD-49B,WA,House,HD-49,1,B,Monica Stonier,Derek Thompson,,Monica Stonier,D,True,False,24.4,24.53,20.69,0.0,7.43,0.0,5.0,5.3,,38.42,0.994,0.006,Safe D,,
2026-09-06,WA-HD-4A,WA,House,HD-4,1,A,,Hillary Q. Pham,,Suzanne Schmidt,R,False,True,-18.8,-19.52,-16.47,0.0,0.0,0.0,0.0,5.3,R,-11.17,0.02,0.98,Safe R,,
2026-09-06,WA-HD-4B,WA,House,HD-4,1,B,Rob Tupper,Rob Chase,,Rob Chase,R,True,False,-18.8,-19.52,-16.47,0.0,-7.43,-8.81,0.0,5.3,,-27.41,0.0365,0.9635,Safe R,,
2026-09-06,WA-HD-5A,WA,House,HD-5,1,A,Zach Hall,Michelle Bennett,,Zach Hall,D,True,False,18.9,19.27,16.25,0.0,7.43,0.0,5.0,5.3,,33.98,0.9869,0.0131,Safe D,,
2026-09-06,WA-HD-5B,WA,House,HD-5,1,B,Lisa Callan,Patrick Peacock,,Lisa Callan,D,True,False,18.9,19.27,16.25,0.0,7.43,-1.66,0.0,5.3,,27.32,0.963,0.037,Safe D,,
2026-09-06,WA-HD-6A,WA,House,HD-6,1,A,Michaela Kelso,Alan Nolan,,Mike Volz,R,False,True,-11.0,-11.64,-9.82,0.0,0.0,-10.09,0.0,5.3,,-14.61,0.1697,0.8303,Likely R,,
2026-09-06,WA-HD-6B,WA,House,HD-6,1,B,Julia Payne,Jonathan Bingle,,Jenny Graham,R,False,True,-11.0,-11.64,-9.82,0.0,0.0,0.0,0.0,5.3,,-4.52,0.3838,0.6162,Lean R,,
2026-09-06,WA-HD-7A,WA,House,HD-7,1,A,,Andrew Engell,,Andrew Engell,R,True,False,-31.9,-32.54,-27.44,0.0,-7.43,-13.88,0.0,5.3,R,-43.46,0.02,0.98,Safe R,,
2026-09-06,WA-HD-7B,WA,House,HD-7,1,B,,Hunter Abell,,Hunter Abell,R,True,False,-31.9,-32.54,-27.44,0.0,-7.43,-13.88,0.0,5.3,R,-43.46,0.02,0.98,Safe R,,
2026-09-06,WA-HD-8A,WA,House,HD-8,1,A,,Stephanie Barnard,,Stephanie Barnard,R,True,False,-23.7,-24.45,-20.62,0.0,-7.43,-14.74,0.0,5.3,R,-37.49,0.02,0.98,Safe R,,
2026-09-06,WA-HD-8B,WA,House,HD-8,1,B,,April Connors,,April Connors,R,True,False,-23.7,-24.45,-20.62,0.0,-7.43,-14.74,0.0,5.3,R,-37.49,0.02,0.98,Safe R,,
2026-09-06,WA-HD-9A,WA,House,HD-9,1,A,,Mary Dye,,Mary Dye,R,True,False,-16.1,-16.5,-13.92,0.0,-7.43,-3.71,0.0,5.3,R,-19.76,0.02,0.98,Safe R,,
2026-09-06,WA-HD-9B,WA,House,HD-9,1,B,Karina Wallace,Joe Schmick,,Joe Schmick,R,True,False,-16.1,-16.5,-13.92,0.0,-7.43,-3.71,0.0,5.3,,-19.76,0.0982,0.9018,Likely R,,
2026-09-06,WA-SD-13,WA,Senate,SD-13,1,,,Alex Ybarra,,Judy Warnick,R,False,True,-28.0,-28.36,-23.92,0.0,0.0,-16.02,0.0,5.3,R,-34.65,0.02,0.98,Safe R,,
2026-09-06,WA-SD-15,WA,Senate,SD-15,1,,,Jeremie Dufault,,Nikki Torres,R,False,True,-23.5,-23.79,-20.07,0.0,0.0,1.28,0.0,5.3,R,-13.49,0.02,0.98,Safe R,,
2026-09-06,WA-SD-21,WA,Senate,SD-21,1,,Marko Liias,Riaz Khan,,Marko Liias,D,True,False,36.5,38.03,32.08,0.0,7.43,1.27,0.0,5.3,,46.08,0.9987,0.0013,Safe D,,
2026-09-06,WA-SD-26,WA,Senate,SD-26,1,,Deb Krishnadasan,Gary Parker,,Deb Krishnadasan,D,True,False,9.4,8.31,7.01,0.0,7.43,0.0,5.0,5.3,,24.74,0.9471,0.0529,Likely D,,
2026-09-06,WA-SD-29,WA,Senate,SD-29,1,,Sharlett Mena,,,Steve Conway,D,False,True,20.6,22.35,18.85,0.0,0.0,-2.5,0.0,5.3,D,21.65,0.98,0.02,Safe D,,
2026-09-06,WA-SD-30,WA,Senate,SD-30,1,,Claire Wilson,Michael Rutland,,Claire Wilson,D,True,False,19.9,21.51,18.15,0.0,7.43,-4.04,0.0,5.3,,26.84,0.9604,0.0396,Safe D,,
2026-09-06,WA-SD-31,WA,Senate,SD-31,1,,Tamara Stramel,Phil Fortunato,,Phil Fortunato,R,True,False,-7.1,-6.97,-5.88,0.0,-7.43,0.0,-5.0,5.3,,-13.01,0.1975,0.8025,Likely R,,
2026-09-06,WA-SD-32,WA,Senate,SD-32,1,,Cindy Ryu,,,Jesse Salomon,D,True,False,53.0,55.44,46.76,0.0,7.43,1.23,0.0,5.3,D,60.72,0.98,0.02,Safe D,,
2026-09-06,WA-SD-33,WA,Senate,SD-33,1,,Tina Orwall,,,Tina Orwall,D,True,False,36.2,38.73,32.66,0.0,7.43,5.82,0.0,5.3,D,51.22,0.98,0.02,Safe D,,
2026-09-06,WA-SD-34,WA,Senate,SD-34,1,,Emily Alvarado,,,Emily Alvarado,D,True,False,69.6,72.14,60.84,0.0,7.43,1.52,0.0,5.3,D,75.1,0.98,0.02,Safe D,,
2026-09-06,WA-SD-35,WA,Senate,SD-35,1,,Carolina Mejia,Drew C. MacEwen,,Drew C. MacEwen,R,True,False,0.7,0.4,0.34,0.0,-7.43,-4.87,0.0,5.3,,-6.65,0.3317,0.6683,Lean R,,
2026-09-06,WA-SD-36,WA,Senate,SD-36,1,,Noel Frame,Jillian England,,Noel Frame,D,True,False,80.9,83.62,70.53,0.0,7.43,0.0,5.0,5.3,,88.26,1.0,0.0,Safe D,,
2026-09-06,WA-SD-37,WA,Senate,SD-37,1,,Chipalo Street,,,Rebecca Saldaña,D,False,True,73.3,77.93,65.73,0.0,0.0,5.69,0.0,5.3,D,76.72,0.98,0.02,Safe D,,
2026-09-06,WA-SD-38,WA,Senate,SD-38,1,,June Robinson,Brad Bender,,June Robinson,D,True,False,19.2,20.27,17.09,0.0,7.43,-1.85,0.0,5.3,,27.97,0.9663,0.0337,Safe D,,
2026-09-06,WA-SD-42,WA,Senate,SD-42,1,,Eamonn Collins,Erika Creydt,,Sharon Shewmake,D,False,True,9.8,9.66,8.14,0.0,0.0,0.0,0.0,5.3,,13.44,0.8103,0.1897,Likely D,,
2026-09-06,WA-SD-43,WA,Senate,SD-43,1,,Jamie Pedersen,,,Jamie Pedersen,D,True,False,81.3,85.49,72.1,0.0,7.43,0.0,5.0,5.3,D,89.83,0.98,0.02,Safe D,,
2026-09-06,WA-SD-44,WA,Senate,SD-44,1,,John Lovick,Sherri Larkin,,John Lovick,D,True,False,20.7,21.48,18.11,0.0,7.43,0.0,5.0,5.3,,35.85,0.9905,0.0095,Safe D,,
2026-09-06,WA-SD-45,WA,Senate,SD-45,1,,Manka Dhingra,,,Manka Dhingra,D,True,False,44.0,45.75,38.59,0.0,7.43,-6.75,0.0,5.3,D,44.57,0.98,0.02,Safe D,,
2026-09-06,WA-SD-46,WA,Senate,SD-46,1,,Javier Valdez,Sandra Stephens,,Javier Valdez,D,True,False,78.3,81.81,69.0,0.0,7.43,-5.25,0.0,5.3,,76.48,1.0,0.0,Safe D,,
2026-09-06,WA-SD-47,WA,Senate,SD-47,1,,Claudia Kauffman,Kristina Soltys,,Claudia Kauffman,D,True,False,15.1,16.81,14.18,0.0,7.43,-4.38,0.0,5.3,,22.53,0.9297,0.0703,Likely D,,
2026-09-06,WA-SD-48,WA,Senate,SD-48,1,,Vandana Slatter,,,Vandana Slatter,D,True,False,44.9,47.54,40.09,0.0,7.43,1.73,0.0,5.3,D,54.55,0.98,0.02,Safe D,,
2026-09-06,WA-SD-6,WA,Senate,SD-6,1,,,Jeff Holy,,Jeff Holy,R,True,False,-11.0,-11.64,-9.82,0.0,-7.43,0.0,-5.0,5.3,R,-16.95,0.02,0.98,Safe R,,
2026-09-06,WA-SD-7,WA,Senate,SD-7,1,,,Shelly Short,Ronald L McCoy,Shelly Short,R,True,False,-31.9,-32.54,-27.44,0.0,-7.43,0.0,-5.0,5.3,R,-34.57,0.02,0.98,Safe R,,
2026-09-06,WA-SD-8,WA,Senate,SD-8,1,,,Nikki Torres,,Matt Boehnke,R,False,True,-23.7,-24.45,-20.62,0.0,0.0,-5.02,0.0,5.3,R,-20.34,0.02,0.98,Safe R,,
2026-09-06,WI-AD-1,WI,Assembly,AD-1,1,,Renee Paplham,Joel Kitchens,,Joel Kitchens,R,True,False,-14.8,-14.8,-11.72,0.9,-7.43,-6.16,0.0,5.3,,-20.02,0.0953,0.9047,Likely R,,
2026-09-06,WI-AD-10,WI,Assembly,AD-10,1,,Darrin Madison,,Robert Longwell-Grice,Darrin Madison,D,True,False,69.3,71.17,60.79,0.9,7.43,0.0,5.0,5.3,D,78.52,0.98,0.02,Safe D,,
2026-09-06,WI-AD-11,WI,Assembly,AD-11,1,,Sequanna Taylor,Shandowlyon Reaves,,Sequanna Taylor,D,True,False,75.2,77.06,65.75,0.9,7.43,0.0,5.0,5.3,,83.48,1.0,0.0,Safe D,,
2026-09-06,WI-AD-12,WI,Assembly,AD-12,1,,Russell Goodwin,,,Russell Goodwin,D,True,False,59.6,60.17,51.51,0.9,7.43,0.0,5.0,5.3,D,69.24,0.98,0.02,Safe D,,
2026-09-06,WI-AD-13,WI,Assembly,AD-13,1,,Amy Zimmerman,Mike Morgan,,Robyn Vining,D,False,True,20.5,18.96,16.75,0.9,0.0,0.0,0.0,5.3,,22.05,0.9253,0.0747,Likely D,,
2026-09-06,WI-AD-14,WI,Assembly,AD-14,1,,Angelito Tenorio,AmyRose Murphy,,Angelito Tenorio,D,True,False,10.1,9.83,9.05,0.9,7.43,-0.33,5.0,5.3,,26.45,0.9581,0.0419,Safe D,,
2026-09-06,WI-AD-15,WI,Assembly,AD-15,1,,Stephen Tryon,Adam Neylon,,Adam Neylon,R,True,False,-12.4,-13.62,-10.73,0.9,-7.43,2.71,0.0,5.3,,-10.15,0.2535,0.7465,Lean R,,
2026-09-06,WI-AD-16,WI,Assembly,AD-16,1,,Kalan Haywood,Alciro Deacon,,Kalan Haywood,D,True,False,71.5,75.16,64.15,0.9,7.43,2.3,0.0,5.3,,79.18,1.0,0.0,Safe D,,
2026-09-06,WI-AD-17,WI,Assembly,AD-17,1,,Supreme Moore Omokunde,Charlene Abughrin,,Supreme Moore Omokunde,D,True,False,67.5,69.08,59.02,0.9,7.43,0.0,5.0,5.3,,76.75,1.0,0.0,Safe D,,
2026-09-06,WI-AD-18,WI,Assembly,AD-18,1,,Margaret Arney,Joel Richmond,,Margaret Arney,D,True,False,66.3,68.19,58.27,0.9,7.43,-0.59,0.0,5.3,,70.41,1.0,0.0,Safe D,,
2026-09-06,WI-AD-19,WI,Assembly,AD-19,1,,Ryan Clancy,Yasmine B. Outlaw,,Ryan Clancy,D,True,False,59.8,61.28,52.45,0.9,7.43,0.0,5.0,5.3,,70.18,1.0,0.0,Safe D,,
2026-09-06,WI-AD-2,WI,Assembly,AD-2,1,,Alicia Saunders,Shae Sortwell,,Shae Sortwell,R,True,False,-23.5,-23.61,-19.15,0.9,-7.43,-0.57,0.0,5.3,,-21.85,0.0765,0.9235,Likely R,,
2026-09-06,WI-AD-20,WI,Assembly,AD-20,1,,Christine Sinicki,Kyle Cleary,,Christine Sinicki,D,True,False,18.9,18.95,16.74,0.9,7.43,2.12,0.0,5.3,,31.6,0.9806,0.0194,Safe D,,
2026-09-06,WI-AD-21,WI,Assembly,AD-21,1,,Daniel J. Bukiewicz,Dylan Pfaffenbach,,Jessie Rodriguez,R,False,True,4.0,4.13,4.25,0.9,0.0,0.0,0.0,5.3,,9.55,0.7338,0.2662,Lean D,,
2026-09-06,WI-AD-22,WI,Assembly,AD-22,1,,Dana Glasstein,Paul Melotik,,Paul Melotik,R,True,False,-9.8,-10.74,-8.3,0.9,-7.43,-4.69,0.0,5.3,,-15.12,0.1614,0.8386,Likely R,,
2026-09-06,WI-AD-23,WI,Assembly,AD-23,1,,Deb Andraca,Aleaner Pabonnie,,Deb Andraca,D,True,False,28.5,28.3,24.63,0.9,7.43,-4.43,0.0,5.3,,32.94,0.9844,0.0156,Safe D,,
2026-09-06,WI-AD-24,WI,Assembly,AD-24,1,,Matt Brown,Dan Knodl,,Dan Knodl,R,True,False,-9.9,-11.85,-9.24,0.9,-7.43,-7.2,0.0,5.3,,-18.57,0.1123,0.8877,Likely R,,
2026-09-06,WI-AD-25,WI,Assembly,AD-25,1,,Christopher Able,Paul Tittl,,Paul Tittl,R,True,False,-15.4,-15.52,-12.32,0.9,-7.43,-3.52,0.0,5.3,,-17.98,0.1198,0.8802,Likely R,,
2026-09-06,WI-AD-26,WI,Assembly,AD-26,1,,Joe Sheehan,John Belanger,,Joe Sheehan,D,True,False,2.7,3.1,3.38,0.9,7.43,0.1,5.0,5.3,,21.2,0.9172,0.0828,Likely D,,
2026-09-06,WI-AD-27,WI,Assembly,AD-27,1,,,Lindee Brill,,Lindee Brill,R,True,False,-30.0,-30.16,-24.68,0.9,-7.43,0.0,-5.0,5.3,R,-31.81,0.02,0.98,Safe R,,
2026-09-06,WI-AD-28,WI,Assembly,AD-28,1,,Robin Lillesve,Rob Kreibich,,Rob Kreibich,R,True,False,-30.4,-30.25,-24.75,0.9,-7.43,-0.72,0.0,5.3,,-27.6,0.0355,0.9645,Safe R,,
2026-09-06,WI-AD-29,WI,Assembly,AD-29,1,,Chris Danou,Treig Pronschinske,,Treig Pronschinske,R,True,False,-27.8,-26.99,-22.0,0.9,-7.43,-3.99,0.0,5.3,,-28.12,0.033,0.967,Safe R,,
2026-09-06,WI-AD-3,WI,Assembly,AD-3,1,,,Ron Tusler,,Ron Tusler,R,True,False,-22.9,-23.16,-18.77,0.9,-7.43,0.22,-5.0,5.3,R,-25.68,0.02,0.98,Safe R,,
2026-09-06,WI-AD-30,WI,Assembly,AD-30,1,,Kevin Knoke,Shannon Zimmerman,,Shannon Zimmerman,R,True,False,-4.4,-3.96,-2.58,0.9,-7.43,-2.85,0.0,5.3,,-7.56,0.3105,0.6895,Lean R,,
2026-09-06,WI-AD-31,WI,Assembly,AD-31,1,,John Perryman,Tyler August,,Tyler August,R,True,False,-22.6,-22.2,-17.96,0.9,-7.43,0.96,0.0,5.3,,-19.13,0.1055,0.8945,Likely R,,
2026-09-06,WI-AD-32,WI,Assembly,AD-32,1,,Greg Miller,Amanda Nedweski,,Amanda Nedweski,R,True,False,-31.3,-30.89,-25.29,0.9,-7.43,-6.44,0.0,5.3,,-33.86,0.0134,0.9866,Safe R,,
2026-09-06,WI-AD-33,WI,Assembly,AD-33,1,,Maria Elena Bisabarros,Steve Wicklund,,Robin Vos,R,False,True,-29.5,-29.62,-24.22,0.9,0.0,0.0,0.0,5.3,,-18.92,0.108,0.892,Likely R,,
2026-09-06,WI-AD-34,WI,Assembly,AD-34,1,,Merlin Van Buren,Rob Swearingen,,Rob Swearingen,R,True,False,-19.7,-19.59,-15.76,0.9,-7.43,-2.05,0.0,5.3,,-19.94,0.0961,0.9039,Likely R,,
2026-09-06,WI-AD-35,WI,Assembly,AD-35,1,,Elizabeth McCrank,Calvin Callahan,,Calvin Callahan,R,True,False,-30.4,-30.12,-24.64,0.9,-7.43,-2.64,0.0,5.3,,-29.41,0.0272,0.9728,Safe R,,
2026-09-06,WI-AD-36,WI,Assembly,AD-36,1,,,Jeff Mursau,Shena Chapman,Jeff Mursau,R,True,False,-38.2,-37.59,-30.94,0.9,-7.43,0.0,-5.0,5.3,R,-38.08,0.02,0.98,Safe R,,
2026-09-06,WI-AD-37,WI,Assembly,AD-37,1,,LaToya Bates,Mark Born,,Mark Born,R,True,False,-28.4,-28.02,-22.87,0.9,-7.43,-5.93,0.0,5.3,,-30.93,0.0215,0.9785,Safe R,,
2026-09-06,WI-AD-38,WI,Assembly,AD-38,1,,Terri Wenkman,Will Penterman,,Will Penterman,R,True,False,-30.5,-30.48,-24.94,0.9,-7.43,0.0,-5.0,5.3,,-32.07,0.018,0.982,Safe R,,
2026-09-06,WI-AD-39,WI,Assembly,AD-39,1,,Michael Skivington,Alex Dallman,,Alex Dallman,R,True,False,-33.3,-33.25,-27.28,0.9,-7.43,-3.4,0.0,5.3,,-32.82,0.0159,0.9841,Safe R,,
2026-09-06,WI-AD-4,WI,Assembly,AD-4,1,,Alexia Unertl,David Steffen,,David Steffen,R,True,False,-29.0,-29.13,-23.8,0.9,-7.43,5.14,0.0,5.3,,-20.79,0.0869,0.9131,Likely R,,
2026-09-06,WI-AD-40,WI,Assembly,AD-40,1,,Karen DeSanto,Julie Helmer,,Karen DeSanto,D,True,False,4.8,5.64,5.52,0.9,7.43,1.25,0.0,5.3,,19.5,0.8989,0.1011,Likely D,,
2026-09-06,WI-AD-41,WI,Assembly,AD-41,1,,Zach Commons,Tony Kurtz,,Tony Kurtz,R,True,False,-17.4,-16.57,-13.21,0.9,-7.43,-11.46,0.0,5.3,,-26.8,0.0398,0.9602,Safe R,,
2026-09-06,WI-AD-42,WI,Assembly,AD-42,1,,Maureen McCarville,Keith F. Miller,,Maureen McCarville,D,True,False,14.9,15.44,13.78,0.9,7.43,2.02,0.0,5.3,,28.53,0.969,0.031,Safe D,,
2026-09-06,WI-AD-43,WI,Assembly,AD-43,1,,Brienne Brown,Paul McGraw,,Brienne Brown,D,True,False,5.2,6.39,6.15,0.9,7.43,0.03,5.0,5.3,,23.9,0.941,0.059,Likely D,,
2026-09-06,WI-AD-44,WI,Assembly,AD-44,1,,Ann Roe,Ron Woodman,,Ann Roe,D,True,False,10.8,12.03,10.91,0.9,7.43,0.78,0.0,5.3,,24.42,0.9448,0.0552,Likely D,,
2026-09-06,WI-AD-45,WI,Assembly,AD-45,1,,Clint Anderson,Jocelyn Jordan,,Clint Anderson,D,True,False,7.3,8.71,8.11,0.9,7.43,0.0,5.0,5.3,,25.84,0.9545,0.0455,Safe D,,
2026-09-06,WI-AD-46,WI,Assembly,AD-46,1,,Joan Fitzgerald,John Donahue,,Joan Fitzgerald,D,True,False,8.1,8.51,7.94,0.9,7.43,-1.18,0.0,5.3,,19.49,0.8988,0.1012,Likely D,,
2026-09-06,WI-AD-47,WI,Assembly,AD-47,1,,Randy Udell,Sandy Bakk,,Randy Udell,D,True,False,43.3,43.98,37.85,0.9,7.43,0.0,5.0,5.3,,55.58,0.9999,0.0001,Safe D,,
2026-09-06,WI-AD-48,WI,Assembly,AD-48,1,,Andrew Hysell,Mark Kjorlie,,Andrew Hysell,D,True,False,37.0,37.17,32.11,0.9,7.43,-0.82,0.0,5.3,,44.02,0.998,0.002,Safe D,,
2026-09-06,WI-AD-49,WI,Assembly,AD-49,1,,John Rindy,Travis Tranel,,Travis Tranel,R,True,False,-17.1,-15.65,-12.43,0.9,-7.43,-2.56,0.0,5.3,,-17.13,0.1314,0.8686,Likely R,,
2026-09-06,WI-AD-5,WI,Assembly,AD-5,1,,Justin Schumacher,Joy Goeben,David Schupbach,Joy Goeben,R,True,False,-21.2,-21.28,-17.18,0.9,-7.43,-0.06,-5.0,5.3,,-24.37,0.0555,0.9445,Likely R,,
2026-09-06,WI-AD-50,WI,Assembly,AD-50,1,,Bill Oemichen,Jon Aleckson,,Jenna Jacobson,D,False,True,14.3,15.04,13.45,0.9,0.0,0.0,0.0,5.3,,18.75,0.8899,0.1101,Likely D,,
2026-09-06,WI-AD-51,WI,Assembly,AD-51,1,,Ben Gruber,Todd Novak,Nathan Tataje,Todd Novak,R,True,False,3.5,5.06,5.03,0.9,-7.43,-3.88,0.0,5.3,,-0.98,0.4744,0.5256,Toss-up,,
2026-09-06,WI-AD-52,WI,Assembly,AD-52,1,,Lee Snodgrass,Reive Pullen,,Lee Snodgrass,D,True,False,14.6,14.11,12.66,0.9,7.43,11.73,0.0,5.3,,37.12,0.9924,0.0076,Safe D,,
2026-09-06,WI-AD-53,WI,Assembly,AD-53,1,,Becky Nichols,David Daniels,Rachael Dowling,Dean Kaufert,R,False,True,4.4,4.21,4.31,0.9,0.0,0.0,0.0,5.3,,9.61,0.7352,0.2648,Lean D,,
2026-09-06,WI-AD-54,WI,Assembly,AD-54,1,,Lori Palmeri,Tim Paterson,,Lori Palmeri,D,True,False,6.9,7.32,6.94,0.9,7.43,-1.47,0.0,5.3,,18.2,0.883,0.117,Likely D,,
2026-09-06,WI-AD-55,WI,Assembly,AD-55,1,,Alex Corrigan,Nate Gustafson,,Nate Gustafson,R,True,False,-16.6,-16.99,-13.57,0.9,-7.43,1.14,0.0,5.3,,-14.57,0.1704,0.8296,Likely R,,
2026-09-06,WI-AD-56,WI,Assembly,AD-56,1,,Grace Abitz,Anthony Phillips,,Dave Murphy,R,False,True,-27.2,-27.47,-22.41,0.9,0.0,0.0,0.0,5.3,,-17.11,0.1316,0.8684,Likely R,,
2026-09-06,WI-AD-57,WI,Assembly,AD-57,1,,Joey Marschall,Kevin Krentz,,Kevin Petersen,R,False,True,-34.3,-34.17,-28.05,0.9,0.0,0.0,0.0,5.3,,-22.75,0.0684,0.9316,Likely R,,
2026-09-06,WI-AD-58,WI,Assembly,AD-58,1,,Dennis Degenhardt,Bernie Newman,,Rick Gundrum,R,False,True,-36.5,-37.59,-30.94,0.9,0.0,0.0,0.0,5.3,,-25.64,0.0468,0.9532,Safe R,,
2026-09-06,WI-AD-59,WI,Assembly,AD-59,1,,Jack Holzman,Bradley Petersen,,Rob Brooks,R,False,True,-47.8,-48.4,-40.06,0.9,0.0,-1.39,0.0,5.3,,-36.15,0.009,0.991,Safe R,,
2026-09-06,WI-AD-6,WI,Assembly,AD-6,1,,Shirley Hinze,Elijah Behnke,,Elijah Behnke,R,True,False,-32.2,-32.33,-26.5,0.9,-7.43,-7.85,0.0,5.3,,-36.48,0.0085,0.9915,Safe R,,
2026-09-06,WI-AD-60,WI,Assembly,AD-60,1,,,Marty Ryan,Tiffany Brault,Jerry O'Connor,R,False,True,-14.3,-14.16,-11.18,0.9,0.0,0.0,0.0,5.3,R,-5.88,0.02,0.98,Safe R,,
2026-09-06,WI-AD-61,WI,Assembly,AD-61,1,,Ben Brist,Bob Donovan,,Bob Donovan,R,True,False,2.2,1.81,2.28,0.9,-7.43,5.71,0.0,5.3,,5.86,0.6492,0.3508,Lean D,,
2026-09-06,WI-AD-62,WI,Assembly,AD-62,1,,Angelina Cruz,Mike Bellagio,,Angelina Cruz,D,True,False,22.1,23.25,20.37,0.9,7.43,0.0,5.0,5.3,,38.1,0.9936,0.0064,Safe D,,
2026-09-06,WI-AD-63,WI,Assembly,AD-63,1,,Eddie Phanichkul,Bob Wittke,,Bob Wittke,R,True,False,-14.2,-14.43,-11.41,0.9,-7.43,0.0,-5.0,5.3,,-18.54,0.1127,0.8873,Likely R,,
2026-09-06,WI-AD-64,WI,Assembly,AD-64,1,,Tip McGuire,Ed Hibsch,,Tip McGuire,D,True,False,6.3,7.84,7.38,0.9,7.43,2.33,0.0,5.3,,22.43,0.9288,0.0712,Likely D,,
2026-09-06,WI-AD-65,WI,Assembly,AD-65,1,,Ben DeSmidt,Valerie Kretchmer,,Ben DeSmidt,D,True,False,7.0,8.07,7.57,0.9,7.43,-0.11,5.0,5.3,,25.19,0.9502,0.0498,Safe D,,
2026-09-06,WI-AD-66,WI,Assembly,AD-66,1,,Greta Neubauer,Gina Cefalu Paulick,,Greta Neubauer,D,True,False,9.4,10.3,9.45,0.9,7.43,4.57,0.0,5.3,,26.75,0.9599,0.0401,Safe D,,
2026-09-06,WI-AD-67,WI,Assembly,AD-67,1,,Indiana Thompson,David Armstrong,,Dave Armstrong,R,True,False,-29.5,-29.37,-24.01,0.9,-7.43,-0.46,0.0,5.3,,-26.6,0.041,0.959,Safe R,,
2026-09-06,WI-AD-68,WI,Assembly,AD-68,1,,Elisha King,Rob Summerfield,,Rob Summerfield,R,True,False,-37.6,-37.15,-30.57,0.9,-7.43,-0.68,0.0,5.3,,-33.38,0.0145,0.9855,Safe R,,
2026-09-06,WI-AD-69,WI,Assembly,AD-69,1,,Roger Halls,Karen Hurd,Joshua Kelley,Karen Hurd,R,True,False,-41.3,-41.27,-34.05,0.9,-7.43,-0.84,0.0,5.3,,-37.01,0.0077,0.9923,Safe R,,
2026-09-06,WI-AD-7,WI,Assembly,AD-7,1,,Karen Kirsch,Lee Whiting,,Karen Kirsch,D,True,False,14.6,15.3,13.67,0.9,7.43,2.02,0.0,5.3,,28.42,0.9684,0.0316,Safe D,,
2026-09-06,WI-AD-70,WI,Assembly,AD-70,1,,Stephanie Stuve Bodeen,Nancy VanderMeer,,Nancy VanderMeer,R,True,False,-25.8,-25.08,-20.39,0.9,-7.43,-2.92,0.0,5.3,,-25.44,0.0481,0.9519,Safe R,,
2026-09-06,WI-AD-71,WI,Assembly,AD-71,1,,Vinnie Miresse,Jeff Disher,,Vinnie Miresse,D,True,False,6.7,7.27,6.9,0.9,7.43,-0.15,5.0,5.3,,24.47,0.9452,0.0548,Likely D,,
2026-09-06,WI-AD-72,WI,Assembly,AD-72,1,,Christine Maltese,Scott Krug,,Scott Krug,R,True,False,-22.8,-22.81,-18.47,0.9,-7.43,-0.04,-5.0,5.3,,-25.64,0.0468,0.9532,Safe R,,
2026-09-06,WI-AD-73,WI,Assembly,AD-73,1,,Angela Stroud,Frank Kostka,,Angela Stroud,D,True,False,15.5,16.51,14.69,0.9,7.43,0.97,0.0,5.3,,28.39,0.9683,0.0317,Safe D,,
2026-09-06,WI-AD-74,WI,Assembly,AD-74,1,,Paul Johnson,Chanz Green,,Chanz Green,R,True,False,-21.9,-20.98,-16.94,0.9,-7.43,2.56,0.0,5.3,,-16.51,0.1401,0.8599,Likely R,,
2026-09-06,WI-AD-75,WI,Assembly,AD-75,1,,Keith Mogel,Duke Tucker,,Duke Tucker,R,True,False,-31.1,-30.69,-25.12,0.9,-7.43,-0.84,0.0,5.3,,-28.09,0.0331,0.9669,Safe R,,
2026-09-06,WI-AD-76,WI,Assembly,AD-76,1,,Dina Nina Martinez-Rutherford,Nina Chat,,Francesca Hong,D,False,True,79.0,80.96,69.04,0.9,0.0,0.0,0.0,5.3,,74.34,1.0,0.0,Safe D,,
2026-09-06,WI-AD-77,WI,Assembly,AD-77,1,,Renuka Mayadev,Jane McCormick,,Renuka Mayadev,D,True,False,64.9,67.92,58.04,0.9,7.43,0.0,5.0,5.3,,75.77,1.0,0.0,Safe D,,
2026-09-06,WI-AD-78,WI,Assembly,AD-78,1,,Shelia Stubbs,Henry Johnson,,Shelia Stubbs,D,True,False,61.7,62.64,53.59,0.9,7.43,0.0,5.0,5.3,,71.32,1.0,0.0,Safe D,,
2026-09-06,WI-AD-79,WI,Assembly,AD-79,1,,Lisa Subeck,John Fons,,Lisa Subeck,D,True,False,71.8,72.93,62.27,0.9,7.43,-0.13,5.0,5.3,,79.87,1.0,0.0,Safe D,,
2026-09-06,WI-AD-8,WI,Assembly,AD-8,1,,Ismael Luna,Angel Sanchez,,Sylvia Ortiz-Velez,D,False,True,46.3,50.92,43.71,0.9,0.0,1.49,0.0,5.3,,50.5,0.9995,0.0005,Safe D,,
2026-09-06,WI-AD-80,WI,Assembly,AD-80,1,,Mike Bare,Simran Arora,,Mike Bare,D,True,False,48.3,48.84,41.95,0.9,7.43,-2.42,0.0,5.3,,52.26,0.9997,0.0003,Safe D,,
2026-09-06,WI-AD-81,WI,Assembly,AD-81,1,,Alex Joers,Mark S. Maier,,Alex Joers,D,True,False,38.9,39.34,33.94,0.9,7.43,-8.61,0.0,5.3,,38.06,0.9936,0.0064,Safe D,,
2026-09-06,WI-AD-82,WI,Assembly,AD-82,1,,Rico Camacho,Bryson Reyes,,Scott Allen,R,False,True,-8.1,-8.39,-6.32,0.9,0.0,0.0,0.0,5.3,,-1.02,0.4734,0.5266,Toss-up,,
2026-09-06,WI-AD-83,WI,Assembly,AD-83,1,,,Dave Maxey,,Dave Maxey,R,True,False,-17.4,-18.06,-14.47,0.9,-7.43,-1.71,0.0,5.3,R,-18.31,0.02,0.98,Safe R,,
2026-09-06,WI-AD-84,WI,Assembly,AD-84,1,,,Chuck Wichgers,,Chuck Wichgers,R,True,False,-38.1,-38.8,-31.97,0.9,-7.43,-4.06,0.0,5.3,R,-38.15,0.02,0.98,Safe R,,
2026-09-06,WI-AD-85,WI,Assembly,AD-85,1,,John Kroll,Pat Snyder,,Pat Snyder,R,True,False,-0.6,-0.72,0.15,0.9,-7.43,0.0,-5.0,5.3,,-6.98,0.3241,0.6759,Lean R,,
2026-09-06,WI-AD-86,WI,Assembly,AD-86,1,,Andy Wuethrich,John Spiros,,John Spiros,R,True,False,-27.8,-27.72,-22.62,0.9,-7.43,-1.14,0.0,5.3,,-25.89,0.0452,0.9548,Safe R,,
2026-09-06,WI-AD-87,WI,Assembly,AD-87,1,,Bob Look,Brent Jacobson,,Brent Jacobson,R,True,False,-26.1,-25.7,-20.91,0.9,-7.43,-4.54,0.0,5.3,,-27.58,0.0357,0.9643,Safe R,,
2026-09-06,WI-AD-88,WI,Assembly,AD-88,1,,Brandy Tollefson,Ben Franklin,,Ben Franklin,R,True,False,0.3,-0.18,0.61,0.9,-7.43,0.0,-5.0,5.3,,-6.52,0.335,0.665,Lean R,,
2026-09-06,WI-AD-89,WI,Assembly,AD-89,1,,Ryan Spaude,Bobby R. Lindsey,,Ryan Spaude,D,True,False,2.0,1.54,2.06,0.9,7.43,0.29,5.0,5.3,,20.08,0.9055,0.0945,Likely D,,
2026-09-06,WI-AD-9,WI,Assembly,AD-9,1,,Priscilla Prado,Samuel Guerreo,,Priscilla Prado,D,True,False,33.7,36.98,31.95,0.9,7.43,2.58,0.0,5.3,,47.26,0.999,0.001,Safe D,,
2026-09-06,WI-AD-90,WI,Assembly,AD-90,1,,Amaad Rivera-Wagner,Jessica Henderson,,Amaad Rivera-Wagner,D,True,False,10.0,10.51,9.63,0.9,7.43,-3.59,0.0,5.3,,18.77,0.8901,0.1099,Likely D,,
2026-09-06,WI-AD-91,WI,Assembly,AD-91,1,,Jodi Emerson,Bruce Stabenow,,Jodi Emerson,D,True,False,4.5,4.9,4.9,0.9,7.43,4.26,0.0,5.3,,21.89,0.9239,0.0761,Likely D,,
2026-09-06,WI-AD-92,WI,Assembly,AD-92,1,,Jeremiah Fredrickson,Clint Moses,,Clint Moses,R,True,False,-7.0,-6.31,-4.56,0.9,-7.43,1.47,0.0,5.3,,-5.23,0.3663,0.6337,Lean R,,
2026-09-06,WI-AD-93,WI,Assembly,AD-93,1,,Christian Phelps,Michael Ayala,,Christian Phelps,D,True,False,8.3,8.52,7.95,0.9,7.43,-1.01,0.0,5.3,,19.67,0.9008,0.0992,Likely D,,
2026-09-06,WI-AD-94,WI,Assembly,AD-94,1,,Steve Doyle,Keith Purnell,,Steve Doyle,D,True,False,-2.1,-1.68,-0.66,0.9,7.43,0.95,0.0,5.3,,13.02,0.8027,0.1973,Likely D,,
2026-09-06,WI-AD-95,WI,Assembly,AD-95,1,,Jill Billings,Cedric Schnitzler,Paul Michael Weber,Jill Billings,D,True,False,2.2,3.93,4.07,0.9,7.43,6.51,0.0,5.3,,23.31,0.9363,0.0637,Likely D,,
2026-09-06,WI-AD-96,WI,Assembly,AD-96,1,,Tara Johnson,Jim Green,,Tara Johnson,D,True,False,8.3,9.1,8.44,0.9,7.43,-2.34,0.0,5.3,,18.83,0.891,0.109,Likely D,,
2026-09-06,WI-AD-97,WI,Assembly,AD-97,1,,,Cindi Duchow,,Cindi Duchow,R,True,False,-33.7,-34.42,-28.27,0.9,-7.43,-2.28,0.0,5.3,R,-32.68,0.02,0.98,Safe R,,
2026-09-06,WI-AD-98,WI,Assembly,AD-98,1,,Matt Philibert,Jim Piwowarczyk,,Jim Piwowarczyk,R,True,False,-35.2,-36.34,-29.89,0.9,-7.43,-2.58,0.0,5.3,,-34.6,0.0118,0.9882,Safe R,,
2026-09-06,WI-AD-99,WI,Assembly,AD-99,1,,,Barbara Dittrich,,Barbara Dittrich,R,True,False,-31.9,-32.94,-27.02,0.9,-7.43,4.31,0.0,5.3,R,-24.83,0.02,0.98,Safe R,,
2026-09-06,WI-SD-1,WI,Senate,SD-1,1,,,Nic Cravillion,Mark Becker,André Jacque,R,False,True,-20.3,-20.41,-16.45,0.9,0.0,0.0,0.0,5.3,R,-11.15,0.02,0.98,Safe R,,
2026-09-06,WI-SD-11,WI,Senate,SD-11,1,,Adam Duda,Ellen Schutt,,Steve Nass,R,False,True,-27.9,-27.72,-22.62,0.9,0.0,1.02,0.0,5.3,,-16.3,0.1432,0.8568,Likely R,,
2026-09-06,WI-SD-13,WI,Senate,SD-13,1,,Sasha Ripley,John Jagler,,John Jagler,R,True,False,-30.8,-30.66,-25.1,0.9,-7.43,4.02,0.0,5.3,,-23.2,0.0646,0.9354,Likely R,,
2026-09-06,WI-SD-15,WI,Senate,SD-15,1,,Mark Spreitzer,Scott Fleming,Christopher Dean,Mark Spreitzer,D,True,False,7.7,9.0,8.35,0.9,7.43,2.15,0.0,5.3,,23.23,0.9356,0.0644,Likely D,,
2026-09-06,WI-SD-17,WI,Senate,SD-17,1,,Jenna Jacobson,Howard Marklein,,Howard Marklein,R,True,False,1.0,2.29,2.69,0.9,-7.43,-5.79,0.0,5.3,,-5.23,0.3661,0.6339,Lean R,,
2026-09-06,WI-SD-19,WI,Senate,SD-19,1,,Emily Tseffos,Rachael Cabral-Guevara,,Rachael Cabral-Guevara,R,True,False,-25.8,-26.0,-21.17,0.9,-7.43,-0.86,0.0,5.3,,-24.16,0.0571,0.9429,Likely R,,
2026-09-06,WI-SD-21,WI,Senate,SD-21,1,,Trevor Jung,Jim Croft,,Van Wanggaard,R,False,True,1.2,1.43,1.97,0.9,0.0,0.0,0.0,5.3,,7.27,0.6827,0.3173,Lean D,,
2026-09-06,WI-SD-23,WI,Senate,SD-23,1,,Jeff Foster,Romaine Quinn,,Jesse James,R,False,True,-35.8,-35.61,-29.28,0.9,0.0,-3.06,0.0,5.3,,-27.03,0.0385,0.9615,Safe R,,
2026-09-06,WI-SD-25,WI,Senate,SD-25,1,,Charly Ray,Erik Severson,,Romaine Quinn,R,False,True,-13.6,-12.73,-9.97,0.9,0.0,0.0,0.0,5.3,,-4.67,0.38,0.62,Lean R,,
2026-09-06,WI-SD-27,WI,Senate,SD-27,1,,Dianne Hesselbein,,,Dianne Hesselbein,D,True,False,52.4,53.3,45.71,0.9,7.43,-9.91,0.0,5.3,D,48.53,0.98,0.02,Safe D,,
2026-09-06,WI-SD-29,WI,Senate,SD-29,1,,Gillian Battino,Cory Tomczyk,,Cory Tomczyk,R,True,False,-19.3,-19.14,-15.38,0.9,-7.43,-2.28,0.0,5.3,,-19.8,0.0977,0.9023,Likely R,,
2026-09-06,WI-SD-3,WI,Senate,SD-3,1,,Tim Carpenter,,,Tim Carpenter,D,True,False,27.5,29.97,26.04,0.9,7.43,0.0,5.0,5.3,D,43.77,0.98,0.02,Safe D,,
2026-09-06,WI-SD-31,WI,Senate,SD-31,1,,Jeff Smith,Michele Magadance Skinner,,Jeff Smith,D,True,False,2.2,2.6,2.96,0.9,7.43,-1.18,0.0,5.3,,14.5,0.8285,0.1715,Likely D,,
2026-09-06,WI-SD-33,WI,Senate,SD-33,1,,Mike Van Someren,Chris Kapenga,,Chris Kapenga,R,True,False,-33.6,-34.56,-28.39,0.9,-7.43,0.0,-5.0,5.3,,-35.52,0.0101,0.9899,Safe R,,
2026-09-06,WI-SD-5,WI,Senate,SD-5,1,,Robyn Vining,Mike Roberts,,Rob Hutton,R,False,True,5.9,4.83,4.83,0.9,0.0,0.75,0.0,5.3,,10.89,0.7618,0.2382,Likely D,,
2026-09-06,WI-SD-7,WI,Senate,SD-7,1,,Chris Larson,Mike Moeller,,Chris Larson,D,True,False,28.3,28.82,25.07,0.9,7.43,3.56,0.0,5.3,,41.36,0.9966,0.0034,Safe D,,
2026-09-06,WI-SD-9,WI,Senate,SD-9,1,,,Amy Binsfeld,Christian Ellis,Devin LeMahieu,R,False,True,-15.7,-15.65,-12.44,0.9,0.0,0.1,0.0,5.3,R,-7.04,0.02,0.98,Safe R,,
2026-09-06,WV-HD-1,WV,House of Delegates,HD-1,1,,Quincy Wilson,Pat McGeehan,,Pat McGeehan,R,True,False,-53.8,-53.11,-44.71,0.1,-7.43,3.33,0.0,5.3,,-43.52,0.0022,0.9978,Safe R,,
2026-09-06,WV-HD-10,WV,House of Delegates,HD-10,1,,Christopher Jones,Justin Beanard,,Bill Anderson,R,False,True,-47.9,-48.48,-40.8,0.1,0.0,0.0,0.0,5.3,,-35.5,0.0101,0.9899,Safe R,,
2026-09-06,WV-HD-100,WV,House of Delegates,HD-100,1,,Jenny Thacker,Bill Ridenour,,Bill Ridenour,R,True,False,-9.8,-12.11,-10.13,0.1,-7.43,0.0,-5.0,5.3,,-17.27,0.1294,0.8706,Likely R,,
2026-09-06,WV-HD-11,WV,House of Delegates,HD-11,1,,Daniel Miller,Jeffrey Sandy,,Bob Fehrenbacher,R,False,True,-29.9,-31.44,-26.43,0.1,0.0,0.0,0.0,5.3,,-21.13,0.0835,0.9165,Likely R,,
2026-09-06,WV-HD-12,WV,House of Delegates,HD-12,1,,Dennis Rempel,Charles Hartzog,Stephen Smith,Vernon Criss,R,False,True,-27.0,-27.82,-23.38,0.1,0.0,0.0,0.0,5.3,,-18.08,0.1185,0.8815,Likely R,,
2026-09-06,WV-HD-13,WV,House of Delegates,HD-13,1,,Marley Umensetter,Melissa McCrady,James Hendershot,Scot Heckert,R,False,True,-49.4,-49.88,-41.99,0.1,0.0,0.0,0.0,5.3,,-36.69,0.0082,0.9918,Safe R,,
2026-09-06,WV-HD-14,WV,House of Delegates,HD-14,1,,Crystal Butcher,Dave Foggin,,Dave Foggin,R,True,False,-58.9,-59.57,-50.16,0.1,-7.43,2.64,0.0,5.3,,-49.65,0.0006,0.9994,Safe R,,
2026-09-06,WV-HD-15,WV,House of Delegates,HD-15,1,,,Erica Moore,Tye Ward,Erica Moore,R,True,False,-57.2,-57.27,-48.22,0.1,-7.43,-2.4,0.0,5.3,R,-52.75,0.02,0.98,Safe R,,
2026-09-06,WV-HD-16,WV,House of Delegates,HD-16,1,,Jason Barr,Joe Parsons,,Joe Parsons,R,True,False,-61.0,-60.47,-50.92,0.1,-7.43,0.0,-5.0,5.3,,-58.05,0.0001,0.9999,Safe R,,
2026-09-06,WV-HD-17,WV,House of Delegates,HD-17,1,,Kathryn Weiland,Jonathan Pinson,,Jonathan Pinson,R,True,False,-53.0,-53.15,-44.75,0.1,-7.43,8.33,0.0,5.3,,-38.55,0.0059,0.9941,Safe R,,
2026-09-06,WV-HD-18,WV,House of Delegates,HD-18,1,,Jonathan Hersman,Jim Butler,,Jim Butler,R,True,False,-56.6,-56.44,-47.52,0.1,-7.43,5.99,0.0,5.3,,-43.66,0.0022,0.9978,Safe R,,
2026-09-06,WV-HD-19,WV,House of Delegates,HD-19,1,,Nolan Rose,Kathie Hess Crouse,,Kathie Hess Crouse,R,True,False,-51.9,-51.77,-43.58,0.1,-7.43,0.0,-5.0,5.3,,-50.71,0.0005,0.9995,Safe R,,
2026-09-06,WV-HD-2,WV,House of Delegates,HD-2,1,,Daniel Day,Tony Viola,,Mark Zatezalo,R,False,True,-38.6,-39.3,-33.07,0.1,0.0,0.0,0.0,5.3,,-27.77,0.0347,0.9653,Safe R,,
2026-09-06,WV-HD-20,WV,House of Delegates,HD-20,1,,Tonya Shuler,Sarah Drennan,,Sarah Drennan,R,True,False,-42.4,-42.86,-36.07,0.1,-7.43,-0.43,0.0,5.3,,-38.63,0.0058,0.9942,Safe R,,
2026-09-06,WV-HD-21,WV,House of Delegates,HD-21,1,,Michael Mosteller II,C. D. Caldwell,,Jarred Cannon,R,False,True,-44.7,-44.94,-37.82,0.1,0.0,2.51,0.0,5.3,,-30.01,0.0248,0.9752,Safe R,,
2026-09-06,WV-HD-22,WV,House of Delegates,HD-22,1,,,Aaron Holley,,Aaron Holley,R,True,False,-51.2,-51.8,-43.6,0.1,-7.43,0.0,-5.0,5.3,R,-50.73,0.02,0.98,Safe R,,
2026-09-06,WV-HD-23,WV,House of Delegates,HD-23,1,,Amanda Beach-Burge,Evan Worrell,,Evan Worrell,R,True,False,-43.3,-43.53,-36.63,0.1,-7.43,1.51,0.0,5.3,,-37.25,0.0074,0.9926,Safe R,,
2026-09-06,WV-HD-24,WV,House of Delegates,HD-24,1,,Steve Williams,Patrick Lucas,,Patrick Lucas,R,True,False,-12.6,-12.63,-10.57,0.1,-7.43,1.36,0.0,5.3,,-11.34,0.2291,0.7709,Likely R,,
2026-09-06,WV-HD-25,WV,House of Delegates,HD-25,1,,Sean Hornbuckle,,,Sean Hornbuckle,D,True,False,30.9,30.01,25.39,0.1,7.43,12.56,0.0,5.3,D,50.69,0.98,0.02,Safe D,,
2026-09-06,WV-HD-26,WV,House of Delegates,HD-26,1,,,Matthew Rohrbach,,Matthew Rohrbach,R,True,False,-14.7,-13.77,-11.53,0.1,-7.43,12.8,0.0,5.3,R,-0.86,0.02,0.98,Safe R,,
2026-09-06,WV-HD-27,WV,House of Delegates,HD-27,1,,Ric Griffith,Tyler Bowen,,Michael Amos,R,False,True,-31.9,-31.72,-26.67,0.1,0.0,10.85,0.0,5.3,,-10.52,0.2457,0.7543,Likely R,,
2026-09-06,WV-HD-28,WV,House of Delegates,HD-28,1,,Brooke Smith,Ryan Browning,,Ryan Browning,R,True,False,-55.3,-55.31,-46.56,0.1,-7.43,0.0,-5.0,5.3,,-53.69,0.0002,0.9998,Safe R,,
2026-09-06,WV-HD-29,WV,House of Delegates,HD-29,1,,Wendy Coleman,Henry Dillon,,Henry Dillon,R,True,False,-73.0,-72.93,-61.43,0.1,-7.43,0.0,-5.0,5.3,,-68.56,0.0,1.0,Safe R,,
2026-09-06,WV-HD-3,WV,House of Delegates,HD-3,1,,Mike Robinson,Jimmy Willis,David Cantrell,Jimmy Willis,R,True,False,-43.6,-42.99,-36.17,0.1,-7.43,7.38,0.0,5.3,,-30.92,0.0216,0.9784,Safe R,,
2026-09-06,WV-HD-30,WV,House of Delegates,HD-30,1,,Ryan Elkins,Jeff Eldridge,,Jeff Eldridge,R,True,False,-61.6,-60.77,-51.17,0.1,-7.43,6.38,0.0,5.3,,-46.93,0.0011,0.9989,Safe R,,
2026-09-06,WV-HD-31,WV,House of Delegates,HD-31,1,,George Barker,Margitta Mazzocchi,,Margitta Mazzocchi,R,True,False,-69.1,-66.35,-55.88,0.1,-7.43,4.84,0.0,5.3,,-53.17,0.0003,0.9997,Safe R,,
2026-09-06,WV-HD-32,WV,House of Delegates,HD-32,1,,Jennifer Allyn Bias Bryant,Josh Holstein,,Josh Holstein,R,True,False,-56.2,-57.59,-48.49,0.1,-7.43,11.18,0.0,5.3,,-39.45,0.0049,0.9951,Safe R,,
2026-09-06,WV-HD-33,WV,House of Delegates,HD-33,1,,Michael Browning,Chris Tipton,Leroy DeHart,Jordan Bridges,R,False,True,-64.4,-64.66,-54.45,0.1,0.0,0.0,0.0,5.3,,-49.15,0.0007,0.9993,Safe R,,
2026-09-06,WV-HD-34,WV,House of Delegates,HD-34,1,,Tara Sexton,Barry Marcum,,Mark Dean,R,False,True,-72.0,-72.12,-60.74,0.1,0.0,0.0,0.0,5.3,,-55.44,0.0001,0.9999,Safe R,,
2026-09-06,WV-HD-35,WV,House of Delegates,HD-35,1,,Rachael Hawkins-Church,John Morgan,,Adam Vance,R,False,True,-72.9,-73.0,-61.49,0.1,0.0,0.0,0.0,5.3,,-56.19,0.0001,0.9999,Safe R,,
2026-09-06,WV-HD-36,WV,House of Delegates,HD-36,1,,Katelynn Jordan,David Green,,David Green,R,True,False,-60.1,-59.27,-49.91,0.1,-7.43,4.24,0.0,5.3,,-47.8,0.0009,0.9991,Safe R,,
2026-09-06,WV-HD-37,WV,House of Delegates,HD-37,1,,Treyvon Simmons,Marty Gearheart,,Marty Gearheart,R,True,False,-45.9,-48.35,-40.7,0.1,-7.43,-1.62,0.0,5.3,,-44.45,0.0018,0.9982,Safe R,,
2026-09-06,WV-HD-38,WV,House of Delegates,HD-38,1,,Randa Faulkner,Joe Ellington,,Joe Ellington,R,True,False,-56.4,-57.53,-48.44,0.1,-7.43,-0.2,-5.0,5.3,,-55.77,0.0001,0.9999,Safe R,,
2026-09-06,WV-HD-39,WV,House of Delegates,HD-39,1,,Brianna Pearcy,Samuel Lusk,Ronnie Oakley,Doug Smith,R,False,True,-65.4,-64.61,-54.41,0.1,0.0,0.0,0.0,5.3,,-49.11,0.0007,0.9993,Safe R,,
2026-09-06,WV-HD-4,WV,House of Delegates,HD-4,1,,Joe Jividen,Derek Ennis,,Shane Stack,R,False,True,-33.2,-32.42,-27.26,0.1,0.0,0.0,0.0,5.3,,-21.96,0.0755,0.9245,Likely R,,
2026-09-06,WV-HD-40,WV,House of Delegates,HD-40,1,,Jennifer Gilkerson,Roy Gale Cooper,,Roy Gale Cooper,R,True,False,-56.5,-56.58,-47.64,0.1,-7.43,0.0,-5.0,5.3,,-54.77,0.0002,0.9998,Safe R,,
2026-09-06,WV-HD-41,WV,House of Delegates,HD-41,1,,Curtis Shaver,Jordan Maynor,,Jordan Maynor,R,True,False,-65.0,-63.48,-53.46,0.1,-7.43,0.0,-5.0,5.3,,-60.59,0.0,1.0,Safe R,,
2026-09-06,WV-HD-42,WV,House of Delegates,HD-42,1,,Courtney Vandall,John Jordan,,John Jordan,R,True,False,-67.0,-63.14,-53.17,0.1,-7.43,0.0,-5.0,5.3,,-60.3,0.0,1.0,Safe R,,
2026-09-06,WV-HD-43,WV,House of Delegates,HD-43,1,,,Chris Toney,,Chris Toney,R,True,False,-68.6,-69.84,-58.82,0.1,-7.43,0.0,-5.0,5.3,R,-65.95,0.02,0.98,Safe R,,
2026-09-06,WV-HD-44,WV,House of Delegates,HD-44,1,,Christina Baisden,Carl Roop,,Carl Roop,R,True,False,-18.1,-21.94,-18.42,0.1,-7.43,0.0,-5.0,5.3,,-25.55,0.0474,0.9526,Safe R,,
2026-09-06,WV-HD-45,WV,House of Delegates,HD-45,1,,Joseph Golden,Eric Brooks,,Eric Brooks,R,True,False,-52.2,-49.49,-41.66,0.1,-7.43,6.33,0.0,5.3,,-37.45,0.0072,0.9928,Safe R,,
2026-09-06,WV-HD-46,WV,House of Delegates,HD-46,1,,Sarah Umberger,Jeff Campbell,,Jeff Campbell,R,True,False,-39.5,-37.85,-31.84,0.1,-7.43,-1.62,0.0,5.3,,-35.59,0.01,0.99,Safe R,,
2026-09-06,WV-HD-47,WV,House of Delegates,HD-47,1,,Sarah Morris,Denny Canterbury Jr.,,Denny Canterbury Jr.,R,True,False,-45.3,-46.15,-38.84,0.1,-7.43,0.0,-5.0,5.3,,-45.97,0.0013,0.9987,Safe R,,
2026-09-06,WV-HD-48,WV,House of Delegates,HD-48,1,,Jourdan Deitz,Mackenzie Holdren,,Greg Watt,R,False,True,-61.8,-61.31,-51.63,0.1,0.0,0.0,0.0,5.3,,-46.33,0.0012,0.9988,Safe R,,
2026-09-06,WV-HD-49,WV,House of Delegates,HD-49,1,,Byron Tucker Jr.,Newt McCutcheon,,Stan Adkins,R,False,True,-61.8,-61.63,-51.9,0.1,0.0,0.0,0.0,5.3,,-46.6,0.0012,0.9988,Safe R,,
2026-09-06,WV-HD-5,WV,House of Delegates,HD-5,1,,Karen Shuler Stakem,Beth Hinebaugh,,Shawn Fluharty,D,False,True,-12.6,-13.06,-10.93,0.1,0.0,0.0,0.0,5.3,,-5.63,0.3564,0.6436,Lean R,,
2026-09-06,WV-HD-50,WV,House of Delegates,HD-50,1,,Matthew Anderson,,Tom Louisos,,,False,True,-39.3,-38.94,-32.76,0.1,0.0,0.0,0.0,5.3,D,-27.46,0.98,0.02,Safe D,,
2026-09-06,WV-HD-51,WV,House of Delegates,HD-51,1,,Colby Lopez,Cy Persinger,,Marshall Clay,R,False,True,-45.2,-44.91,-37.8,0.1,0.0,0.0,0.0,5.3,,-32.5,0.0168,0.9832,Safe R,,
2026-09-06,WV-HD-52,WV,House of Delegates,HD-52,1,,Joyce Brown,Tresa Howell,Michael Sigmon,Tresa Howell,R,True,False,-25.4,-24.57,-20.64,0.1,-7.43,1.75,0.0,5.3,,-21.02,0.0846,0.9154,Likely R,,
2026-09-06,WV-HD-53,WV,House of Delegates,HD-53,1,,Keena Mullins,Tristan Leavitt,,Tristan Leavitt,R,True,False,-27.1,-25.28,-21.24,0.1,-7.43,2.03,0.0,5.3,,-21.33,0.0815,0.9185,Likely R,,
2026-09-06,WV-HD-54,WV,House of Delegates,HD-54,1,,Mike Pushkin,,Tara Martinez,Mike Pushkin,D,True,False,39.1,38.99,32.97,0.1,7.43,3.19,0.0,5.3,D,48.89,0.98,0.02,Safe D,,
2026-09-06,WV-HD-55,WV,House of Delegates,HD-55,1,,Anthony Dasaro,J.B. Akers,,J.B. Akers,R,True,False,-11.7,-11.83,-9.9,0.1,-7.43,0.0,-5.0,5.3,,-17.03,0.1327,0.8673,Likely R,,
2026-09-06,WV-HD-56,WV,House of Delegates,HD-56,1,,Kayla Young,,,Kayla Young,D,True,False,-10.4,-11.57,-9.68,0.1,7.43,12.04,0.0,5.3,D,15.09,0.98,0.02,Safe D,,
2026-09-06,WV-HD-57,WV,House of Delegates,HD-57,1,,Hollis Lewis,,,Hollis Lewis,D,True,False,4.8,4.04,3.49,0.1,7.43,2.03,0.0,5.3,D,18.24,0.98,0.02,Safe D,,
2026-09-06,WV-HD-58,WV,House of Delegates,HD-58,1,,Marisa Jackson,Walter Hall,,Walter Hall,R,True,False,-15.3,-15.79,-13.24,0.1,-7.43,-3.57,0.0,5.3,,-18.94,0.1078,0.8922,Likely R,,
2026-09-06,WV-HD-59,WV,House of Delegates,HD-59,1,,Howard Claytor III,Andy Shamblin,,Andy Shamblin,R,True,False,-26.1,-26.7,-22.44,0.1,-7.43,0.28,-5.0,5.3,,-29.28,0.0278,0.9722,Safe R,,
2026-09-06,WV-HD-6,WV,House of Delegates,HD-6,1,,Cody Cumpston,Don Dewitt,,Jeff Stephens,R,False,True,-41.4,-42.34,-35.63,0.1,0.0,10.75,0.0,5.3,,-19.58,0.1002,0.8998,Likely R,,
2026-09-06,WV-HD-60,WV,House of Delegates,HD-60,1,,Lynette Shaw,Dana Ferrell,,Dana Ferrell,R,True,False,-44.8,-42.04,-35.37,0.1,-7.43,5.14,0.0,5.3,,-32.37,0.0172,0.9828,Safe R,,
2026-09-06,WV-HD-61,WV,House of Delegates,HD-61,1,,Sue Crawford,Dean Jeffries,,Dean Jeffries,R,True,False,-52.6,-53.61,-45.13,0.1,-7.43,0.0,-5.0,5.3,,-52.26,0.0003,0.9997,Safe R,,
2026-09-06,WV-HD-62,WV,House of Delegates,HD-62,1,,Samantha Tanner-Lester,Roger Hanshaw,,Roger Hanshaw,R,True,False,-63.4,-63.09,-53.13,0.1,-7.43,9.3,0.0,5.3,,-45.96,0.0013,0.9987,Safe R,,
2026-09-06,WV-HD-63,WV,House of Delegates,HD-63,1,,Kevin Westley Carpenter,Lori Dittman,,Lori Dittman,R,True,False,-51.7,-51.42,-43.29,0.1,-7.43,0.0,-5.0,5.3,,-50.42,0.0005,0.9995,Safe R,,
2026-09-06,WV-HD-64,WV,House of Delegates,HD-64,1,,,Adam Burkhammer,Nate Stansberry,Adam Burkhammer,R,True,False,-60.0,-60.13,-50.63,0.1,-7.43,0.91,0.0,5.3,R,-51.85,0.02,0.98,Safe R,,
2026-09-06,WV-HD-65,WV,House of Delegates,HD-65,1,,Mira Tanner-Hughes,Carl Martin,,Carl Martin,R,True,False,-53.3,-54.01,-45.47,0.1,-7.43,0.0,-5.0,5.3,,-52.6,0.0003,0.9997,Safe R,,
2026-09-06,WV-HD-66,WV,House of Delegates,HD-66,1,,Danielle Dougherty,Jonathan Kyle,,Jonathan Kyle,R,True,False,-51.5,-51.76,-43.58,0.1,-7.43,4.1,0.0,5.3,,-41.61,0.0033,0.9967,Safe R,,
2026-09-06,WV-HD-67,WV,House of Delegates,HD-67,1,,Mandy Smith Weirich,Les Mallow,,Elías Coop-González,R,False,True,-45.7,-46.04,-38.75,0.1,0.0,0.84,0.0,5.3,,-32.61,0.0165,0.9835,Safe R,,
2026-09-06,WV-HD-68,WV,House of Delegates,HD-68,1,,,Chris Phillips,,Chris Phillips,R,True,False,-61.8,-61.66,-51.93,0.1,-7.43,5.28,0.0,5.3,R,-48.77,0.02,0.98,Safe R,,
2026-09-06,WV-HD-69,WV,House of Delegates,HD-69,1,,Jocelyn Blackwell,Danny Hamrick,,Keith Marple,R,False,True,-54.6,-52.6,-44.28,0.1,0.0,0.0,0.0,5.3,,-38.98,0.0054,0.9946,Safe R,,
2026-09-06,WV-HD-7,WV,House of Delegates,HD-7,1,,Sarah Reggi,Chuck Sheedy,,Chuck Sheedy,R,True,False,-58.5,-57.63,-48.52,0.1,-7.43,0.0,-5.0,5.3,,-55.65,0.0001,0.9999,Safe R,,
2026-09-06,WV-HD-70,WV,House of Delegates,HD-70,1,,Shannon Welsh,Paul Howe,,Mickey Petitto,R,False,True,-20.4,-20.41,-17.13,0.1,0.0,2.96,0.0,5.3,,-8.88,0.2807,0.7193,Lean R,,
2026-09-06,WV-HD-71,WV,House of Delegates,HD-71,1,,Robert Garcia,Tim McNeely,,Laura Kimble,R,False,True,-32.9,-34.12,-28.69,0.1,0.0,0.0,0.0,5.3,,-23.39,0.063,0.937,Likely R,,
2026-09-06,WV-HD-72,WV,House of Delegates,HD-72,1,,,Clay Riley,,Clay Riley,R,True,False,-58.1,-54.28,-45.7,0.1,-7.43,8.76,0.0,5.3,R,-39.07,0.02,0.98,Safe R,,
2026-09-06,WV-HD-73,WV,House of Delegates,HD-73,1,,Kathleen Ford,Frank Sturm,,Bryan Smith,R,False,True,-51.5,-51.97,-43.75,0.1,0.0,0.0,0.0,5.3,,-38.45,0.006,0.994,Safe R,,
2026-09-06,WV-HD-74,WV,House of Delegates,HD-74,1,,Frankie Delapas,Guy Ward,,Guy Ward,R,True,False,-41.1,-42.07,-35.4,0.1,-7.43,12.05,0.0,5.3,,-25.48,0.0479,0.9521,Safe R,,
2026-09-06,WV-HD-75,WV,House of Delegates,HD-75,1,,Linda Longstreth,Phil Mallow,,Phil Mallow,R,True,False,-30.2,-29.57,-24.86,0.1,-7.43,9.3,0.0,5.3,,-17.68,0.1237,0.8763,Likely R,,
2026-09-06,WV-HD-76,WV,House of Delegates,HD-76,1,,Richard James Garcia,Jon Dodds,,Richard James Garcia,D,True,False,-18.9,-19.45,-16.32,0.1,7.43,8.96,0.0,5.3,,5.37,0.6373,0.3627,Lean D,,
2026-09-06,WV-HD-77,WV,House of Delegates,HD-77,1,,Patricia Bunner,Joe Statler,,Joe Statler,R,True,False,-39.0,-37.96,-31.93,0.1,-7.43,9.96,0.0,5.3,,-24.11,0.0575,0.9425,Likely R,,
2026-09-06,WV-HD-78,WV,House of Delegates,HD-78,1,,Michael Wendell,Geno Chiarelli,,Geno Chiarelli,R,True,False,-17.4,-16.12,-13.52,0.1,-7.43,1.62,0.0,5.3,,-14.03,0.1795,0.8205,Likely R,,
2026-09-06,WV-HD-79,WV,House of Delegates,HD-79,1,,Evan Hansen,,Paige Rearing,Evan Hansen,D,True,False,34.6,36.57,30.93,0.1,7.43,12.25,0.0,5.3,D,55.91,0.98,0.02,Safe D,,
2026-09-06,WV-HD-8,WV,House of Delegates,HD-8,1,,,Steven Smith,,Bill Bell,R,False,True,-67.3,-67.61,-56.94,0.1,0.0,0.0,0.0,5.3,R,-51.64,0.02,0.98,Safe R,,
2026-09-06,WV-HD-80,WV,House of Delegates,HD-80,1,,Olivia Miller,,,John Williams,D,False,True,10.5,11.42,9.72,0.1,0.0,0.0,0.0,5.3,D,15.02,0.98,0.02,Safe D,,
2026-09-06,WV-HD-81,WV,House of Delegates,HD-81,1,,Anitra Hamilton,,,Anitra Hamilton,D,True,False,21.9,21.86,18.52,0.1,7.43,0.0,5.0,5.3,D,36.25,0.98,0.02,Safe D,,
2026-09-06,WV-HD-82,WV,House of Delegates,HD-82,1,,Eddie Wagoner,Dave McCormick,,Dave McCormick,R,True,False,-5.8,-6.34,-5.27,0.1,-7.43,0.0,-5.0,5.3,,-12.4,0.2088,0.7912,Likely R,,
2026-09-06,WV-HD-83,WV,House of Delegates,HD-83,1,,,George Street,,George Street,R,True,False,-55.3,-56.08,-47.22,0.1,-7.43,4.74,0.0,5.3,R,-44.61,0.02,0.98,Safe R,,
2026-09-06,WV-HD-84,WV,House of Delegates,HD-84,1,,Colin Savage,Buck Jennings,,Buck Jennings,R,True,False,-58.5,-59.04,-49.72,0.1,-7.43,-0.36,-5.0,5.3,,-57.21,0.0001,0.9999,Safe R,,
2026-09-06,WV-HD-85,WV,House of Delegates,HD-85,1,,Deborah Stiles,Alex Bosley,,John Paul Hott,R,False,True,-67.1,-67.79,-57.09,0.1,0.0,0.0,0.0,5.3,,-51.79,0.0004,0.9996,Safe R,,
2026-09-06,WV-HD-86,WV,House of Delegates,HD-86,1,,Betsy Orndoff-Sayers,Steven Schetrom,,Bryan Ward,R,False,True,-57.4,-57.37,-48.31,0.1,0.0,0.0,0.0,5.3,,-43.01,0.0025,0.9975,Safe R,,
2026-09-06,WV-HD-87,WV,House of Delegates,HD-87,1,,Rebecca Holler,Gary Howell,,Gary Howell,R,True,False,-56.9,-58.53,-49.28,0.1,-7.43,6.46,0.0,5.3,,-44.95,0.0016,0.9984,Safe R,,
2026-09-06,WV-HD-88,WV,House of Delegates,HD-88,1,,Dorothy Kengla,Rick Hillenbrand,,Rick Hillenbrand,R,True,False,-66.0,-63.54,-53.51,0.1,-7.43,3.57,0.0,5.3,,-52.08,0.0003,0.9997,Safe R,,
2026-09-06,WV-HD-89,WV,House of Delegates,HD-89,1,,Joanne Hepworth,David Cannon,Walter Long,David Cannon,R,True,False,-59.2,-60.18,-50.67,0.1,-7.43,0.0,-5.0,5.3,,-57.8,0.0001,0.9999,Safe R,,
2026-09-06,WV-HD-9,WV,House of Delegates,HD-9,1,,,Kerry Murphy,,Betsy Kelly,R,False,True,-67.0,-67.86,-57.15,0.1,0.0,0.0,0.0,5.3,R,-51.85,0.02,0.98,Safe R,,
2026-09-06,WV-HD-90,WV,House of Delegates,HD-90,1,,Ashley Braner,George Miller,Joshua Nuckolls,George Miller,R,True,False,-54.4,-54.45,-45.84,0.1,-7.43,-13.96,0.0,5.3,,-61.93,0.0,1.0,Safe R,,
2026-09-06,WV-HD-91,WV,House of Delegates,HD-91,1,,David Michaels,Chris Clagett,,Ian Masters,R,False,True,-47.7,-48.47,-40.79,0.1,0.0,0.0,0.0,5.3,,-35.49,0.0101,0.9899,Safe R,,
2026-09-06,WV-HD-92,WV,House of Delegates,HD-92,1,,Brad Noll,Mike Hite,,Mike Hite,R,True,False,-38.3,-37.44,-31.49,0.1,-7.43,-0.31,-5.0,5.3,,-38.93,0.0054,0.9946,Safe R,,
2026-09-06,WV-HD-93,WV,House of Delegates,HD-93,1,,,Mike Hornby,Tara McCoy,Mike Hornby,R,True,False,-19.5,-19.07,-16.0,0.1,-7.43,0.0,-5.0,5.3,R,-23.13,0.02,0.98,Safe R,,
2026-09-06,WV-HD-94,WV,House of Delegates,HD-94,1,,Elizabeth Sanchez,Donald Bennett,,Donald Bennett,R,True,False,-34.1,-34.39,-28.92,0.1,-7.43,0.0,-5.0,5.3,,-36.05,0.0092,0.9908,Safe R,,
2026-09-06,WV-HD-95,WV,House of Delegates,HD-95,1,,Kara Waldeck,Charles Horst Sr.,Daniel Walls,Charles Horst Sr.,R,True,False,-35.7,-35.07,-29.5,0.1,-7.43,0.0,-5.0,5.3,,-36.63,0.0083,0.9917,Safe R,,
2026-09-06,WV-HD-96,WV,House of Delegates,HD-96,1,,Lisa Cathro,Katie Rose,Becky Durnmire,Lisa White,R,False,True,-38.5,-38.88,-32.71,0.1,0.0,0.0,0.0,5.3,,-27.41,0.0365,0.9635,Safe R,,
2026-09-06,WV-HD-97,WV,House of Delegates,HD-97,1,,Lucia Valentine,Chris Anders,,Chris Anders,R,True,False,-16.6,-12.88,-10.78,0.1,-7.43,3.98,0.0,5.3,,-8.93,0.2796,0.7204,Lean R,,
2026-09-06,WV-HD-98,WV,House of Delegates,HD-98,1,,Marta Beck,Joe Funkhouser,,Joe Funkhouser,R,True,False,-30.1,-29.55,-24.84,0.1,-7.43,-0.57,0.0,5.3,,-27.54,0.0359,0.9641,Safe R,,
2026-09-06,WV-HD-99,WV,House of Delegates,HD-99,1,,Regina Dyer,Wayne Clark,,Wayne Clark,R,True,False,-13.8,-13.42,-11.23,0.1,-7.43,6.04,0.0,5.3,,-7.32,0.3161,0.6839,Lean R,,
2026-09-06,WV-SD-1,WV,Senate,SD-1,1,,Shawn Fluharty,Laura Chapman,,Laura Chapman,R,True,False,-39.2,-39.64,-33.35,0.1,-7.43,8.72,0.0,5.3,,-26.75,0.0401,0.9599,Safe R,,
2026-09-06,WV-SD-10,WV,Senate,SD-10,1,,Kent Gilkerson,Vince Deeds,,Vince Deeds,R,True,False,-50.0,-49.9,-42.01,0.1,-7.43,10.16,0.0,5.3,,-33.97,0.0132,0.9868,Safe R,,
2026-09-06,WV-SD-11,WV,Senate,SD-11,1,,Kevin Leon Carpenter,Bill Hamilton,,Bill Hamilton,R,True,False,-54.1,-54.13,-45.57,0.1,-7.43,0.0,-5.0,5.3,,-52.7,0.0003,0.9997,Safe R,,
2026-09-06,WV-SD-12,WV,Senate,SD-12,1,,Lynette Murray,Ben Queen,,Ben Queen,R,True,False,-47.1,-47.24,-39.76,0.1,-7.43,14.11,0.0,5.3,,-27.79,0.0346,0.9654,Safe R,,
2026-09-06,WV-SD-13,WV,Senate,SD-13,1,,John Williams,Mike Oliverio,Taylor Richmond,Mike Oliverio,R,True,False,-5.6,-5.73,-4.75,0.1,-7.43,8.59,0.0,5.3,,1.7,0.5444,0.4556,Toss-up,,
2026-09-06,WV-SD-14,WV,Senate,SD-14,1,,Jason Armentrout,Jay Taylor,,Jay Taylor,R,True,False,-59.5,-60.15,-50.65,0.1,-7.43,2.32,0.0,5.3,,-50.46,0.0005,0.9995,Safe R,,
2026-09-06,WV-SD-15,WV,Senate,SD-15,1,,Elizabeth Ferris,Darren Thorne,,Darren Thorne,R,True,False,-46.0,-45.79,-38.54,0.1,-7.43,1.49,0.0,5.3,,-39.17,0.0052,0.9948,Safe R,,
2026-09-06,WV-SD-16,WV,Senate,SD-16,1,,,Jason Barrett,Travis L. Bost,Jason Barrett,R,True,False,-23.7,-23.31,-19.58,0.1,-7.43,0.09,-5.0,5.3,R,-26.62,0.02,0.98,Safe R,,
2026-09-06,WV-SD-17,WV,Senate,SD-17,1,,Wes Holden,Tom Takubo,,Tom Takubo,R,True,False,-21.3,-21.45,-18.01,0.1,-7.43,1.15,0.0,5.3,,-18.99,0.1072,0.8928,Likely R,,
2026-09-06,WV-SD-2,WV,Senate,SD-2,1,,Christopher Claypole,Toby Heaney,,Charles Clements,R,False,True,-41.6,-41.93,-35.28,0.1,0.0,0.0,0.0,5.3,,-29.98,0.025,0.975,Safe R,,
2026-09-06,WV-SD-3,WV,Senate,SD-3,1,,Caci Petrehn,Mike Azinger,Ronnie Green,Mike Azinger,R,True,False,-48.0,-48.82,-41.1,0.1,-7.43,5.93,0.0,5.3,,-37.3,0.0074,0.9926,Safe R,,
2026-09-06,WV-SD-4,WV,Senate,SD-4,1,,Zachary Abbott,Eric Tarr,Stephanie E Butcher,Eric Tarr,R,True,False,-49.8,-50.03,-42.11,0.1,-7.43,0.0,-5.0,5.3,,-49.24,0.0006,0.9994,Safe R,,
2026-09-06,WV-SD-5,WV,Senate,SD-5,1,,Duron Jackson,Chris Miller,Glendon Watts,Mike Woelfel,D,False,True,-24.7,-24.66,-20.71,0.1,0.0,0.0,0.0,5.3,,-15.41,0.1567,0.8433,Likely R,,
2026-09-06,WV-SD-6,WV,Senate,SD-6,1,,Wyatt Lilly,Mark Maynard,,Mark Maynard,R,True,False,-62.3,-62.36,-52.51,0.1,-7.43,5.31,0.0,5.3,,-49.34,0.0006,0.9994,Safe R,,
2026-09-06,WV-SD-7,WV,Senate,SD-7,1,,Cindy Brake,Zack Maynard,Shawn M. Legg,Zack Maynard,R,True,False,-56.3,-55.93,-47.09,0.1,-7.43,6.05,0.0,5.3,,-43.17,0.0024,0.9976,Safe R,,
2026-09-06,WV-SD-8,WV,Senate,SD-8,1,,Kim Hundley,Lance V. Wheeler,Chase Linko-Looper,Kevan Bartlett,R,False,True,-27.4,-27.09,-22.76,0.1,0.0,0.0,0.0,5.3,,-17.46,0.1268,0.8732,Likely R,,
2026-09-06,WV-SD-9,WV,Senate,SD-9,1,,Christy Cardwell,Rollan Roberts,,Rollan Roberts,R,True,False,-55.7,-55.94,-47.1,0.1,-7.43,2.16,0.0,5.3,,-47.07,0.001,0.999,Safe R,,
2026-09-06,WY-HD-1,WY,House,HD-1,1,,,Troy Claycomb,,Chip Neiman,R,False,True,-78.4,-80.56,-66.57,1.63,0.0,0.0,0.0,5.3,R,-61.27,0.02,0.98,Safe R,,
2026-09-06,WY-HD-10,WY,House,HD-10,1,,,Justin Fornstrom,Tony Perry,Justin Fornstrom,R,True,False,-65.0,-64.09,-52.67,1.63,-7.43,0.0,-5.0,5.3,R,-59.8,0.02,0.98,Safe R,,
2026-09-06,WY-HD-11,WY,House,HD-11,1,,Britney Tennant,Dan McIntosh,Donald Van Meter,Jacob Wasserburger,R,False,True,-8.2,-8.08,-5.44,1.63,0.0,0.0,0.0,5.3,,-0.14,0.4964,0.5036,Toss-up,,
2026-09-06,WY-HD-12,WY,House,HD-12,1,,,Clarence Styvar,,Clarence Styvar,R,True,False,-39.5,-42.2,-34.21,1.63,-7.43,5.06,0.0,5.3,R,-31.28,0.02,0.98,Safe R,,
2026-09-06,WY-HD-13,WY,House,HD-13,1,,Ken Chestek,Shane Swett,,Ken Chestek,D,True,False,5.6,6.07,6.49,1.63,7.43,2.74,0.0,5.3,,21.96,0.9245,0.0755,Likely D,,
2026-09-06,WY-HD-14,WY,House,HD-14,1,,Trey Sherwood,Emily Study,,Trey Sherwood,D,True,False,-2.1,-2.54,-0.76,1.63,7.43,1.56,0.0,5.3,,13.53,0.8118,0.1882,Likely D,,
2026-09-06,WY-HD-15,WY,House,HD-15,1,,,Pam Thayer,Cheryl Hulme,Pam Thayer,R,True,False,-51.7,-50.7,-41.38,1.63,-7.43,0.0,-5.0,5.3,R,-48.51,0.02,0.98,Safe R,,
2026-09-06,WY-HD-16,WY,House,HD-16,1,,Mike Yin,,,Mike Yin,D,True,False,46.7,48.0,41.86,1.63,7.43,-1.11,0.0,5.3,D,53.47,0.98,0.02,Safe D,,
2026-09-06,WY-HD-17,WY,House,HD-17,1,,Rah Reinholz,Elizabeth Bingham,,J.T. Larson,R,False,True,-46.5,-47.34,-38.55,1.63,0.0,0.0,0.0,5.3,,-33.25,0.0148,0.9852,Safe R,,
2026-09-06,WY-HD-18,WY,House,HD-18,1,,,Kenneth D Roberts,,Scott Heiner,R,False,True,-69.5,-67.95,-55.93,1.63,0.0,0.0,0.0,5.3,R,-50.63,0.02,0.98,Safe R,,
2026-09-06,WY-HD-19,WY,House,HD-19,1,,,Chad Stephens,,Joe Webb,R,False,True,-71.0,-73.16,-60.33,1.63,0.0,0.0,0.0,5.3,R,-55.03,0.02,0.98,Safe R,,
2026-09-06,WY-HD-2,WY,House,HD-2,1,,,J.D. Williams,,J.D. Williams,R,True,False,-74.2,-74.36,-61.34,1.63,-7.43,0.0,-5.0,5.3,R,-68.47,0.02,0.98,Safe R,,
2026-09-06,WY-HD-20,WY,House,HD-20,1,,,Albert Sommers,,Mike Schmid,R,False,True,-62.1,-63.96,-52.56,1.63,0.0,0.0,0.0,5.3,R,-47.26,0.02,0.98,Safe R,,
2026-09-06,WY-HD-21,WY,House,HD-21,1,,,McKay Erickson,,McKay Erickson,R,True,False,-78.0,-80.29,-66.34,1.63,-7.43,0.0,-5.0,5.3,R,-73.47,0.02,0.98,Safe R,,
2026-09-06,WY-HD-22,WY,House,HD-22,1,,,Andrew Byron,,Andrew Byron,R,True,False,-10.9,-11.31,-8.16,1.63,-7.43,0.0,-5.0,5.3,R,-15.29,0.02,0.98,Safe R,,
2026-09-06,WY-HD-23,WY,House,HD-23,1,,Liz Storer,Shannon A. Brennan,,Liz Storer,D,True,False,28.6,26.8,23.98,1.63,7.43,-8.66,0.0,5.3,,28.05,0.9667,0.0333,Safe D,,
2026-09-06,WY-HD-24,WY,House,HD-24,1,,,Quin Blair,,Nina Webber,R,False,True,-50.4,-52.35,-42.77,1.63,0.0,0.0,0.0,5.3,R,-37.47,0.02,0.98,Safe R,,
2026-09-06,WY-HD-25,WY,House,HD-25,1,,,John Wetzel,,Paul Hoeft,R,False,True,-59.3,-57.75,-47.33,1.63,0.0,0.0,0.0,5.3,R,-42.03,0.02,0.98,Safe R,,
2026-09-06,WY-HD-26,WY,House,HD-26,1,,Ralph Nieder-Westermann,Dalton Banks,,Dalton Banks,R,True,False,-70.8,-73.0,-60.19,1.63,-7.43,0.0,-5.0,5.3,,-67.33,0.0,1.0,Safe R,,
2026-09-06,WY-HD-27,WY,House,HD-27,1,,Theresa Livingston,Martha Lawley,,Martha Lawley,R,True,False,-65.3,-66.79,-54.96,1.63,-7.43,-2.16,0.0,5.3,,-59.25,0.0001,0.9999,Safe R,,
2026-09-06,WY-HD-28,WY,House,HD-28,1,,Larry Alwin,Allen Hogg,,John Winter,R,False,True,-66.6,-66.77,-54.94,1.63,0.0,0.35,0.0,5.3,,-49.29,0.0006,0.9994,Safe R,,
2026-09-06,WY-HD-29,WY,House,HD-29,1,,,Myca Sturtevant,,Ken Pendergraft,R,False,True,-40.7,-42.31,-34.31,1.63,0.0,0.0,0.0,5.3,R,-29.01,0.02,0.98,Safe R,,
2026-09-06,WY-HD-3,WY,House,HD-3,1,,,Earl Collier,,Abby Angelos,R,False,True,-83.9,-84.23,-69.67,1.63,0.0,0.0,0.0,5.3,R,-64.37,0.02,0.98,Safe R,,
2026-09-06,WY-HD-30,WY,House,HD-30,1,,,Ryan Koltiska,,Tom Kelly,R,False,True,-54.2,-55.28,-45.25,1.63,0.0,0.0,0.0,5.3,R,-39.95,0.02,0.98,Safe R,,
2026-09-06,WY-HD-31,WY,House,HD-31,1,,,Douglas Moore,,John Bear,R,False,True,-75.6,-77.45,-63.95,1.63,0.0,0.0,0.0,5.3,R,-58.65,0.02,0.98,Safe R,,
2026-09-06,WY-HD-32,WY,House,HD-32,1,,,Ken Clouston,,Ken Clouston,R,True,False,-69.7,-72.32,-59.62,1.63,-7.43,0.0,-5.0,5.3,R,-66.75,0.02,0.98,Safe R,,
2026-09-06,WY-HD-33,WY,House,HD-33,1,,Ivan Posey,Justin Morgan,,Ivan Posey,D,True,False,-1.9,-0.89,0.62,1.63,7.43,6.86,0.0,5.3,,20.21,0.9069,0.0931,Likely D,,
2026-09-06,WY-HD-34,WY,House,HD-34,1,,,Pepper Ottman,,Pepper Ottman,R,True,False,-66.5,-63.45,-52.14,1.63,-7.43,0.0,-5.0,5.3,R,-59.27,0.02,0.98,Safe R,,
2026-09-06,WY-HD-35,WY,House,HD-35,1,,,Christopher Dresang,,Tony Locke,R,False,True,-47.8,-47.8,-38.94,1.63,0.0,0.0,0.0,5.3,R,-33.64,0.02,0.98,Safe R,,
2026-09-06,WY-HD-36,WY,House,HD-36,1,,Stewart McAdoo,Art Washut,,Art Washut,R,True,False,-39.1,-42.63,-34.58,1.63,-7.43,0.0,-5.0,5.3,,-41.71,0.0032,0.9968,Safe R,,
2026-09-06,WY-HD-37,WY,House,HD-37,1,,Betsy Erickson,Brian Costello,,Steve Harshman,R,False,True,-48.8,-50.38,-41.12,1.63,0.0,0.0,0.0,5.3,,-35.82,0.0096,0.9904,Safe R,,
2026-09-06,WY-HD-38,WY,House,HD-38,1,,Catherine McQueen,Robert Hendry,,Jayme Lien,R,False,True,-60.5,-62.32,-51.18,1.63,0.0,0.0,0.0,5.3,,-45.88,0.0013,0.9987,Safe R,,
2026-09-06,WY-HD-39,WY,House,HD-39,1,,,Cody Wylie,,Cody Wylie,R,True,False,-49.7,-51.9,-42.4,1.63,-7.43,0.0,-5.0,5.3,R,-49.53,0.02,0.98,Safe R,,
2026-09-06,WY-HD-4,WY,House,HD-4,1,,,Jeremy Haroldson,,Jeremy Haroldson,R,True,False,-65.1,-65.82,-54.13,1.63,-7.43,5.12,0.0,5.3,R,-51.14,0.02,0.98,Safe R,,
2026-09-06,WY-HD-40,WY,House,HD-40,1,,,Marilyn Connolly,,Marilyn Connolly,R,True,False,-62.5,-63.55,-52.22,1.63,-7.43,0.0,-5.0,5.3,R,-59.35,0.02,0.98,Safe R,,
2026-09-06,WY-HD-41,WY,House,HD-41,1,,Stacy Becker,Erin Edwards,,Gary Brown,R,False,True,-11.4,-10.42,-7.41,1.63,0.0,0.0,0.0,5.3,,-2.11,0.4451,0.5549,Toss-up,,
2026-09-06,WY-HD-42,WY,House,HD-42,1,,Jim VanDyke,Rob Geringer,,Rob Geringer,R,True,False,-42.7,-42.41,-34.39,1.63,-7.43,-5.63,0.0,5.3,,-42.16,0.0029,0.9971,Safe R,,
2026-09-06,WY-HD-43,WY,House,HD-43,1,,,Jessica Crowder,,Ann Lucas,R,False,True,-38.2,-36.54,-29.44,1.63,0.0,0.0,0.0,5.3,R,-24.14,0.02,0.98,Safe R,,
2026-09-06,WY-HD-44,WY,House,HD-44,1,,,Lee Filer,,Lee Filer,R,True,False,-25.4,-23.94,-18.82,1.63,-7.43,5.06,0.0,5.3,R,-15.89,0.02,0.98,Safe R,,
2026-09-06,WY-HD-45,WY,House,HD-45,1,,Karlee Provenza,Ross Davenport,,Karlee Provenza,D,True,False,25.3,24.47,22.01,1.63,7.43,-4.19,0.0,5.3,,30.55,0.9771,0.0229,Safe D,,
2026-09-06,WY-HD-46,WY,House,HD-46,1,,Gary Wilken,Cam Wright,,Ocean Andrew,R,False,True,-33.9,-25.81,-20.39,1.63,0.0,0.0,0.0,5.3,,-15.09,0.1618,0.8382,Likely R,,
2026-09-06,WY-HD-47,WY,House,HD-47,1,,,Eamon O'Toole,,Bob Davis,R,False,True,-64.7,-65.64,-53.99,1.63,0.0,0.0,0.0,5.3,R,-48.69,0.02,0.98,Safe R,,
2026-09-06,WY-HD-48,WY,House,HD-48,1,,Susan E. Schmid,James Wamsley,,Darin McCann,R,False,True,-53.7,-51.66,-42.2,1.63,0.0,0.0,0.0,5.3,,-36.9,0.0079,0.9921,Safe R,,
2026-09-06,WY-HD-49,WY,House,HD-49,1,,,David Walton,,Bob Wharff,R,False,True,-53.1,-54.3,-44.42,1.63,0.0,0.0,0.0,5.3,R,-39.12,0.02,0.98,Safe R,,
2026-09-06,WY-HD-5,WY,House,HD-5,1,,,Joe Speckner,,Scott Smith,R,False,True,-58.0,-59.63,-48.92,1.63,0.0,0.0,0.0,5.3,R,-43.62,0.02,0.98,Safe R,,
2026-09-06,WY-HD-50,WY,House,HD-50,1,,,David Hill,,Rachel Rodriguez-Williams,R,False,True,-63.1,-63.8,-52.43,1.63,0.0,0.0,0.0,5.3,R,-47.13,0.02,0.98,Safe R,,
2026-09-06,WY-HD-51,WY,House,HD-51,1,,,Laurie Bratten,,Laurie Bratten,R,True,False,-50.8,-51.89,-42.39,1.63,-7.43,0.0,-5.0,5.3,R,-49.52,0.02,0.98,Safe R,,
2026-09-06,WY-HD-52,WY,House,HD-52,1,,,Ronda Boller,,Reuben Tarver,R,False,True,-81.8,-84.16,-69.6,1.63,0.0,0.0,0.0,5.3,R,-64.3,0.02,0.98,Safe R,,
2026-09-06,WY-HD-53,WY,House,HD-53,1,,,Chris Knapp,,Chris Knapp,R,True,False,-68.5,-71.14,-58.62,1.63,-7.43,0.0,-5.0,5.3,R,-65.75,0.02,0.98,Safe R,,
2026-09-06,WY-HD-54,WY,House,HD-54,1,,,Lloyd Larsen,,Lloyd Larsen,R,True,False,-16.2,-16.8,-12.79,1.63,-7.43,-0.35,-5.0,5.3,R,-20.27,0.02,0.98,Safe R,,
2026-09-06,WY-HD-55,WY,House,HD-55,1,,,Carl Manning,,Joel Guggenmos,R,False,True,-50.7,-53.82,-44.02,1.63,0.0,0.0,0.0,5.3,R,-38.72,0.02,0.98,Safe R,,
2026-09-06,WY-HD-56,WY,House,HD-56,1,,,Elissa Campbell,,Elissa Campbell,R,True,False,-26.6,-28.02,-22.25,1.63,-7.43,0.0,-5.0,5.3,R,-29.38,0.02,0.98,Safe R,,
2026-09-06,WY-HD-57,WY,House,HD-57,1,,Luc Colgrove,Julie Jarvis,,Julie Jarvis,R,True,False,-41.7,-43.31,-35.15,1.63,-7.43,0.0,-5.0,5.3,,-42.28,0.0028,0.9972,Safe R,,
2026-09-06,WY-HD-58,WY,House,HD-58,1,,Keenan Morgan,Bill Allemand,,Bill Allemand,R,True,False,-65.1,-65.9,-54.21,1.63,-7.43,0.0,-5.0,5.3,,-61.34,0.0,1.0,Safe R,,
2026-09-06,WY-HD-59,WY,House,HD-59,1,,Laurie Longtine,J.R. Riggins,,J.R. Riggins,R,True,False,-44.6,-47.47,-38.66,1.63,-7.43,0.0,-5.0,5.3,,-45.79,0.0014,0.9986,Safe R,,
2026-09-06,WY-HD-6,WY,House,HD-6,1,,,Tomi Strock,,Tomi Strock,R,True,False,-73.7,-75.32,-62.15,1.63,-7.43,5.93,0.0,5.3,R,-58.36,0.02,0.98,Safe R,,
2026-09-06,WY-HD-60,WY,House,HD-60,1,,,Tony Niemiec,,Marlene Brady,R,False,True,-51.0,-52.79,-43.15,1.63,0.0,0.0,0.0,5.3,R,-37.85,0.02,0.98,Safe R,,
2026-09-06,WY-HD-61,WY,House,HD-61,1,,,Andrew Server,,Daniel Singh,R,False,True,-27.5,-27.1,-21.48,1.63,0.0,0.0,0.0,5.3,R,-16.18,0.02,0.98,Safe R,,
2026-09-06,WY-HD-62,WY,House,HD-62,1,,,Kevin Campbell,,Kevin Campbell,R,True,False,-67.5,-69.16,-56.95,1.63,-7.43,0.0,-5.0,5.3,R,-64.08,0.02,0.98,Safe R,,
2026-09-06,WY-HD-7,WY,House,HD-7,1,,Gavin Lobmeyer,Bob Nicholas,,Bob Nicholas,R,True,False,-17.8,-19.03,-14.68,1.63,-7.43,1.96,0.0,5.3,,-14.85,0.1658,0.8342,Likely R,,
2026-09-06,WY-HD-8,WY,House,HD-8,1,,Brenda Lyttle,Luke Reiner,,Steve Johnson,R,False,True,-37.4,-37.55,-30.3,1.63,0.0,0.0,0.0,5.3,,-25.0,0.0511,0.9489,Likely R,,
2026-09-06,WY-HD-9,WY,House,HD-9,1,,Stephen D. Latham,Boyd O. Wiggam,,Landon Brown,R,False,True,-24.4,-24.85,-19.58,1.63,0.0,-7.72,0.0,5.3,,-22.0,0.0752,0.9248,Likely R,,
2026-09-06,WY-SD-1,WY,Senate,SD-1,1,,,Ogden Driskill,,Ogden Driskill,R,True,False,-79.8,-81.91,-67.71,1.63,-7.43,0.0,-5.0,5.3,R,-74.84,0.02,0.98,Safe R,,
2026-09-06,WY-SD-11,WY,Senate,SD-11,1,,James Wilson,Bob Davis,,Larry Hicks,R,False,True,-59.1,-59.82,-49.08,1.63,0.0,-2.57,0.0,5.3,,-46.35,0.0012,0.9988,Safe R,,
2026-09-06,WY-SD-13,WY,Senate,SD-13,1,,,Stacy Jones,,Stacy Jones,R,True,False,-50.3,-52.39,-42.81,1.63,-7.43,-0.48,0.0,5.3,R,-45.42,0.02,0.98,Safe R,,
2026-09-06,WY-SD-15,WY,Senate,SD-15,1,,,Wendy Schuler,,Wendy Schuler,R,True,False,-62.1,-64.12,-52.7,1.63,-7.43,0.0,-5.0,5.3,R,-59.83,0.02,0.98,Safe R,,
2026-09-06,WY-SD-17,WY,Senate,SD-17,1,,Mike Gierau,,,Mike Gierau,D,True,False,36.1,35.14,31.01,1.63,7.43,-1.58,0.0,5.3,D,42.16,0.98,0.02,Safe D,,
2026-09-06,WY-SD-19,WY,Senate,SD-19,1,,,R.J. Kost,,Dan Laursen,R,False,True,-65.1,-66.47,-54.68,1.63,0.0,0.0,0.0,5.3,R,-49.38,0.02,0.98,Safe R,,
2026-09-06,WY-SD-21,WY,Senate,SD-21,1,,,Melissa Butcher,,Bo Biteman,R,False,True,-47.2,-48.5,-39.53,1.63,0.0,0.0,0.0,5.3,R,-34.23,0.02,0.98,Safe R,,
2026-09-06,WY-SD-23,WY,Senate,SD-23,1,,,Abby Angelos,,Eric Barlow,R,False,True,-80.2,-81.63,-67.47,1.63,0.0,0.0,0.0,5.3,R,-62.17,0.02,0.98,Safe R,,
2026-09-06,WY-SD-25,WY,Senate,SD-25,1,,,Cale Case,,Cale Case,R,True,False,-10.6,-10.96,-7.86,1.63,-7.43,0.0,-5.0,5.3,R,-14.99,0.02,0.98,Safe R,,
2026-09-06,WY-SD-27,WY,Senate,SD-27,1,,,Kevin Helling,,Bill Landen,R,False,True,-44.0,-45.52,-37.01,1.63,0.0,0.0,0.0,5.3,R,-31.71,0.02,0.98,Safe R,,
2026-09-06,WY-SD-29,WY,Senate,SD-29,1,,,Lisa Engebretsen,,Robert Ide,R,False,True,-47.0,-49.18,-40.1,1.63,0.0,0.0,0.0,5.3,R,-34.8,0.02,0.98,Safe R,,
2026-09-06,WY-SD-3,WY,Senate,SD-3,1,,,Cheri Steinmetz,,Cheri Steinmetz,R,True,False,-65.9,-67.08,-55.2,1.63,-7.43,0.0,-5.0,5.3,R,-62.33,0.02,0.98,Safe R,,
2026-09-06,WY-SD-31,WY,Senate,SD-31,1,,Shifa Hamid,Evie Brennan,,Evie Brennan,R,True,False,-33.8,-33.5,-26.88,1.63,-7.43,0.0,-5.0,5.3,,-34.01,0.0131,0.9869,Safe R,,
2026-09-06,WY-SD-5,WY,Senate,SD-5,1,,Ted Hanlon,Lauren Schoenfeld,,Lynn Hutchings,R,False,True,-41.5,-42.38,-34.37,1.63,0.0,-0.66,0.0,5.3,,-29.73,0.026,0.974,Safe R,,
2026-09-06,WY-SD-7,WY,Senate,SD-7,1,,Jim Lee,Mark Rinne,,Stephan Pappas,R,False,True,-18.1,-17.79,-13.62,1.63,0.0,0.0,0.0,5.3,,-8.32,0.2931,0.7069,Lean R,,
2026-09-06,WY-SD-9,WY,Senate,SD-9,1,,Chris Rothfuss,,,Chris Rothfuss,D,True,False,15.7,16.44,15.24,1.63,7.43,2.96,0.0,5.3,D,30.94,0.98,0.02,Safe D,,
2026-09-06,WY-WY Senate 6,WY,Senate,WY Senate 6,1,,,Taft Love,,Taft Love,R,True,False,-65.1,-64.87,-53.33,1.63,-7.43,0.0,-5.0,5.3,R,-60.46,0.02,0.98,Safe R,,